carr_idx,carretera,clave,ruta,anio,lugar,source_file,page,state_file,KM,TE,SC,TDPA,M,A,B,C2,C3,T3S2,T3S3,T3S2R4,OTROS,A_TOT,B_TOT,C_TOT,K,D,LATITUD,LONGITUD,comp_sum,has_tdpa,qa_flag
1,México - Cuernavaca (Libre),00040,MEX-095,2025,México,09_DV2026_Ciudad_de_Mexico.pdf,5,09_DV2026_Ciudad_de_Mexico,0.0,,,,,,,,,,,,,,,,,,,,,False,
1,México - Cuernavaca (Libre),00040,MEX-095,2025,T. Der. San Miguel Xicalco,09_DV2026_Ciudad_de_Mexico.pdf,5,09_DV2026_Ciudad_de_Mexico,25.5,1.0,0.0,27508.0,6.0,82.4,0.8,7.5,1.9,1.0,0.4,0.0,0.0,88.4,0.8,10.8,0.059,0.529,19.235982,-99.158246,100.0,True,
1,México - Cuernavaca (Libre),00040,MEX-095,2025,T. Der. San Miguel Xicalco,09_DV2026_Ciudad_de_Mexico.pdf,5,09_DV2026_Ciudad_de_Mexico,25.5,3.0,0.0,25301.0,6.6,85.9,0.9,2.9,2.1,1.1,0.5,0.0,0.0,92.5,0.9,6.6,0.064,0.549,19.233338,-99.156286,100.0,True,
1,México - Cuernavaca (Libre),00040,MEX-095,2025,T. Izq. San Miguel Topilejo,09_DV2026_Ciudad_de_Mexico.pdf,5,09_DV2026_Ciudad_de_Mexico,28.78,1.0,1.0,12543.0,6.8,79.3,1.1,9.5,2.0,1.3,0.0,0.0,0.0,86.1,1.1,12.8,0.074,0.634,19.213849,-99.151677,100.0,True,
1,México - Cuernavaca (Libre),00040,MEX-095,2025,T. Izq. San Miguel Topilejo,09_DV2026_Ciudad_de_Mexico.pdf,5,09_DV2026_Ciudad_de_Mexico,28.78,1.0,2.0,13534.0,6.8,79.5,1.1,9.3,2.0,1.3,0.0,0.0,0.0,86.3,1.1,12.6,0.094,0.634,19.213828,-99.151658,100.0,True,
1,México - Cuernavaca (Libre),00040,MEX-095,2025,T. Izq. San Miguel Topilejo,09_DV2026_Ciudad_de_Mexico.pdf,5,09_DV2026_Ciudad_de_Mexico,28.78,3.0,0.0,8604.0,6.8,81.1,1.2,7.4,1.7,1.3,0.5,0.0,0.0,87.9,1.2,10.9,0.088,0.711,19.19271,-99.165775,100.0,True,
1,México - Cuernavaca (Libre),00040,MEX-095,2025,Parres El Guarda,09_DV2026_Ciudad_de_Mexico.pdf,5,09_DV2026_Ciudad_de_Mexico,39.5,1.0,0.0,7764.0,5.8,84.5,0.9,6.7,1.4,0.7,0.0,0.0,0.0,90.3,0.9,8.8,0.087,0.7,19.139606,-99.170137,100.0,True,
1,México - Cuernavaca (Libre),00040,MEX-095,2025,Parres El Guarda,09_DV2026_Ciudad_de_Mexico.pdf,5,09_DV2026_Ciudad_de_Mexico,39.5,3.0,0.0,7322.0,5.5,85.1,0.9,6.5,1.3,0.7,0.0,0.0,0.0,90.6,0.9,8.5,0.085,0.701,19.129416,-99.180412,100.0,True,
1,México - Cuernavaca (Libre),00040,MEX-095,2025,Lim. Edos. Term. CDMX Ppia. Mor.,09_DV2026_Ciudad_de_Mexico.pdf,5,09_DV2026_Ciudad_de_Mexico,45.44,,,,,,,,,,,,,,,,,,,,,False,
1,México - Cuernavaca (Libre),00040,MEX-095,2025,T. Der. Zempoala,09_DV2026_Ciudad_de_Mexico.pdf,5,09_DV2026_Ciudad_de_Mexico,51.4,1.0,0.0,9262.0,5.2,87.9,2.5,2.8,1.1,0.5,0.0,0.0,0.0,93.1,2.5,4.4,0.112,0.784,19.05723,-99.242294,100.0,True,
1,México - Cuernavaca (Libre),00040,MEX-095,2025,T. Der. Zempoala,09_DV2026_Ciudad_de_Mexico.pdf,5,09_DV2026_Ciudad_de_Mexico,51.4,3.0,0.0,6244.0,5.9,88.5,0.8,3.0,1.3,0.5,0.0,0.0,0.0,94.4,0.8,4.8,0.085,0.566,19.04462,-99.235633,100.0,True,
1,México - Cuernavaca (Libre),00040,MEX-095,2025,T. Izq. Coajomulco,09_DV2026_Ciudad_de_Mexico.pdf,5,09_DV2026_Ciudad_de_Mexico,57.12,3.0,0.0,5532.0,5.5,83.7,2.2,6.6,1.0,1.0,0.0,0.0,0.0,89.2,2.2,8.6,0.091,0.644,19.02712,-99.207129,100.0,True,
1,México - Cuernavaca (Libre),00040,MEX-095,2025,T. Der. Huitzilac,09_DV2026_Ciudad_de_Mexico.pdf,5,09_DV2026_Ciudad_de_Mexico,64.2,1.0,0.0,9006.0,6.0,86.3,2.3,3.4,1.2,0.7,0.1,0.0,0.0,92.3,2.3,5.4,0.079,0.551,19.002782,-99.257415,100.0,True,
1,México - Cuernavaca (Libre),00040,MEX-095,2025,T. Der. Huitzilac,09_DV2026_Ciudad_de_Mexico.pdf,5,09_DV2026_Ciudad_de_Mexico,64.2,3.0,0.0,15720.0,6.0,83.1,2.2,5.2,1.4,1.0,0.6,0.4,0.1,89.1,2.2,8.7,0.078,0.591,18.995701,-99.260689,100.0,True,
1,México - Cuernavaca (Libre),00040,MEX-095,2025,T. Izq. Tepoztlán,09_DV2026_Ciudad_de_Mexico.pdf,5,09_DV2026_Ciudad_de_Mexico,71.36,1.0,0.0,26022.0,6.3,83.0,2.5,5.4,1.2,0.8,0.4,0.2,0.2,89.3,2.5,8.2,0.073,0.534,18.970873,-99.249703,100.0,True,
1,México - Cuernavaca (Libre),00040,MEX-095,2025,T. Izq. Tepoztlán,09_DV2026_Ciudad_de_Mexico.pdf,5,09_DV2026_Ciudad_de_Mexico,71.36,3.0,1.0,14069.0,6.7,87.9,1.1,3.7,0.2,0.3,0.1,0.0,0.0,94.6,1.1,4.3,0.078,0.502,18.959689,-99.246076,100.0,True,
1,México - Cuernavaca (Libre),00040,MEX-095,2025,T. Izq. Tepoztlán,09_DV2026_Ciudad_de_Mexico.pdf,5,09_DV2026_Ciudad_de_Mexico,71.36,3.0,2.0,13873.0,7.1,88.0,0.9,3.5,0.2,0.2,0.1,0.0,0.0,95.1,0.9,4.0,0.078,0.502,18.95967,-99.246037,100.0,True,
1,México - Cuernavaca (Libre),00040,MEX-095,2025,Cuernavaca,09_DV2026_Ciudad_de_Mexico.pdf,5,09_DV2026_Ciudad_de_Mexico,75.42,,,,,,,,,,,,,,,,,,,,,False,
2,México - Pachuca (Libre),00431,MEX-085,2025,México,09_DV2026_Ciudad_de_Mexico.pdf,5,09_DV2026_Ciudad_de_Mexico,0.0,,,,,,,,,,,,,,,,,,,,,False,
2,México - Pachuca (Libre),00431,MEX-085,2025,Lim. Edos. Term. CDMX Ppia. Méx.,09_DV2026_Ciudad_de_Mexico.pdf,5,09_DV2026_Ciudad_de_Mexico,9.89,,,,,,,,,,,,,,,,,,,,,False,
2,México - Pachuca (Libre),00431,MEX-085,2025,T. Der. Pirámides,09_DV2026_Ciudad_de_Mexico.pdf,5,09_DV2026_Ciudad_de_Mexico,26.93,1.0,1.0,15084.0,5.2,84.5,0.6,4.5,0.5,2.3,1.6,0.5,0.3,89.7,0.6,9.7,0.076,0.51,19.618919,-99.008068,100.0,True,
2,México - Pachuca (Libre),00431,MEX-085,2025,T. Der. Pirámides,09_DV2026_Ciudad_de_Mexico.pdf,5,09_DV2026_Ciudad_de_Mexico,26.93,1.0,2.0,15689.0,4.9,85.1,0.5,4.7,0.4,2.2,1.5,0.4,0.3,90.0,0.5,9.5,0.061,0.51,19.619029,-99.008127,100.0,True,
2,México - Pachuca (Libre),00431,MEX-085,2025,Venta de Carpio,09_DV2026_Ciudad_de_Mexico.pdf,5,09_DV2026_Ciudad_de_Mexico,27.0,3.0,1.0,27637.0,4.2,87.4,0.4,4.4,0.9,1.3,1.1,0.1,0.2,91.6,0.4,8.0,0.062,0.508,19.625721,-99.003003,100.0,True,
2,México - Pachuca (Libre),00431,MEX-085,2025,Venta de Carpio,09_DV2026_Ciudad_de_Mexico.pdf,5,09_DV2026_Ciudad_de_Mexico,27.0,3.0,2.0,26768.0,4.1,87.4,0.6,4.6,0.8,1.2,1.0,0.1,0.2,91.5,0.6,7.9,0.057,0.508,19.625765,-99.003195,100.0,True,
2,México - Pachuca (Libre),00431,MEX-085,2025,T. Der. Aut. México - Pachuca (Cuota),09_DV2026_Ciudad_de_Mexico.pdf,5,09_DV2026_Ciudad_de_Mexico,37.52,1.0,1.0,28930.0,5.3,88.9,0.5,3.2,0.9,0.6,0.3,0.2,0.1,94.2,0.5,5.3,0.076,0.503,19.704466,-98.978286,100.0,True,
2,México - Pachuca (Libre),00431,MEX-085,2025,T. Der. Aut. México - Pachuca (Cuota),09_DV2026_Ciudad_de_Mexico.pdf,5,09_DV2026_Ciudad_de_Mexico,37.52,1.0,2.0,29292.0,5.2,89.6,0.4,3.0,0.7,0.5,0.3,0.2,0.1,94.8,0.4,4.8,0.076,0.503,19.703815,-98.978702,100.0,True,
2,México - Pachuca (Libre),00431,MEX-085,2025,Acceso al AIFA por San Jerónimo,09_DV2026_Ciudad_de_Mexico.pdf,5,09_DV2026_Ciudad_de_Mexico,42.0,1.0,1.0,19369.0,6.3,86.5,1.4,4.8,0.4,0.4,0.1,0.1,0.0,92.8,1.4,5.8,0.074,0.51,19.739442,-98.972054,100.0,True,
2,México - Pachuca (Libre),00431,MEX-085,2025,Acceso al AIFA por San Jerónimo,09_DV2026_Ciudad_de_Mexico.pdf,5,09_DV2026_Ciudad_de_Mexico,42.0,1.0,2.0,20173.0,6.4,86.3,1.3,4.7,0.5,0.5,0.1,0.2,0.0,92.7,1.3,6.0,0.086,0.51,19.739445,-98.97214,100.0,True,
2,México - Pachuca (Libre),00431,MEX-085,2025,Acceso al AIFA por San Jerónimo,09_DV2026_Ciudad_de_Mexico.pdf,5,09_DV2026_Ciudad_de_Mexico,42.0,3.0,1.0,20539.0,6.7,86.5,0.6,4.3,0.7,0.9,0.1,0.2,0.0,93.2,0.6,6.2,0.101,0.508,19.748938,-98.972534,100.0,True,
2,México - Pachuca (Libre),00431,MEX-085,2025,Acceso al AIFA por San Jerónimo,09_DV2026_Ciudad_de_Mexico.pdf,5,09_DV2026_Ciudad_de_Mexico,42.0,3.0,2.0,21229.0,6.8,86.4,0.7,4.2,0.9,0.8,0.1,0.1,0.0,93.2,0.7,6.1,0.092,0.508,19.750841,-98.972903,100.0,True,
2,México - Pachuca (Libre),00431,MEX-085,2025,T. C. Via Perimentral AIFA,09_DV2026_Ciudad_de_Mexico.pdf,6,09_DV2026_Ciudad_de_Mexico,42.7,3.0,1.0,20451.0,6.7,86.8,0.5,4.2,0.9,0.7,0.1,0.1,0.0,93.5,0.5,6.0,0.075,0.514,19.756378,-98.973389,100.0,True,
2,México - Pachuca (Libre),00431,MEX-085,2025,T. C. Via Perimentral AIFA,09_DV2026_Ciudad_de_Mexico.pdf,6,09_DV2026_Ciudad_de_Mexico,42.7,3.0,2.0,21591.0,6.8,86.7,0.4,4.3,0.8,0.8,0.1,0.1,0.0,93.5,0.4,6.1,0.078,0.514,19.756429,-98.973484,100.0,True,
2,México - Pachuca (Libre),00431,MEX-085,2025,T. Izq. Zumpango,09_DV2026_Ciudad_de_Mexico.pdf,6,09_DV2026_Ciudad_de_Mexico,44.68,1.0,1.0,18157.0,4.7,86.6,1.9,4.1,0.9,0.8,0.3,0.3,0.4,91.3,1.9,6.8,0.068,0.519,19.760489,-98.973576,100.0,True,
2,México - Pachuca (Libre),00431,MEX-085,2025,T. Izq. Zumpango,09_DV2026_Ciudad_de_Mexico.pdf,6,09_DV2026_Ciudad_de_Mexico,44.68,1.0,2.0,19552.0,4.8,86.7,2.0,4.0,0.8,0.7,0.3,0.4,0.3,91.5,2.0,6.5,0.075,0.519,19.759582,-98.973704,100.0,True,
2,México - Pachuca (Libre),00431,MEX-085,2025,T. Izq. Zumpango,09_DV2026_Ciudad_de_Mexico.pdf,6,09_DV2026_Ciudad_de_Mexico,44.68,3.0,1.0,13184.0,8.6,79.8,1.1,5.8,1.7,1.6,0.3,0.8,0.3,88.4,1.1,10.5,0.07,0.503,19.772735,-98.973077,100.0,True,
2,México - Pachuca (Libre),00431,MEX-085,2025,T. Izq. Zumpango,09_DV2026_Ciudad_de_Mexico.pdf,6,09_DV2026_Ciudad_de_Mexico,44.68,3.0,2.0,13051.0,8.7,80.0,1.2,5.7,1.6,1.6,0.3,0.7,0.2,88.7,1.2,10.1,0.072,0.503,19.772742,-98.973137,100.0,True,
2,México - Pachuca (Libre),00431,MEX-085,2025,Lim. Edos. Term. Méx. Ppia. Hgo.,09_DV2026_Ciudad_de_Mexico.pdf,6,09_DV2026_Ciudad_de_Mexico,49.3,,,,,,,,,,,,,,,,,,,,,False,
2,México - Pachuca (Libre),00431,MEX-085,2025,Tizayuca,09_DV2026_Ciudad_de_Mexico.pdf,6,09_DV2026_Ciudad_de_Mexico,52.5,1.0,1.0,11609.0,10.0,79.5,1.2,5.9,1.6,1.1,0.3,0.3,0.1,89.5,1.2,9.3,0.079,0.537,19.817704,-98.975943,100.0,True,
2,México - Pachuca (Libre),00431,MEX-085,2025,Tizayuca,09_DV2026_Ciudad_de_Mexico.pdf,6,09_DV2026_Ciudad_de_Mexico,52.5,1.0,2.0,13462.0,9.9,79.3,1.5,6.3,1.2,1.1,0.3,0.2,0.2,89.2,1.5,9.3,0.079,0.537,19.818073,-98.976125,100.0,True,
2,México - Pachuca (Libre),00431,MEX-085,2025,Tizayuca,09_DV2026_Ciudad_de_Mexico.pdf,6,09_DV2026_Ciudad_de_Mexico,52.5,3.0,1.0,19439.0,3.6,88.0,1.2,4.7,0.9,0.7,0.4,0.3,0.2,91.6,1.2,7.2,0.082,0.509,19.858304,-98.9682,100.0,True,
2,México - Pachuca (Libre),00431,MEX-085,2025,Tizayuca,09_DV2026_Ciudad_de_Mexico.pdf,6,09_DV2026_Ciudad_de_Mexico,52.5,3.0,2.0,20152.0,3.7,88.0,1.1,4.6,1.0,0.6,0.3,0.4,0.3,91.7,1.1,7.2,0.071,0.509,19.858044,-98.968585,100.0,True,
2,México - Pachuca (Libre),00431,MEX-085,2025,T. C. México - Tizayuca (Cuota),09_DV2026_Ciudad_de_Mexico.pdf,6,09_DV2026_Ciudad_de_Mexico,61.0,1.0,1.0,7610.0,8.3,80.0,2.6,6.2,1.3,0.8,0.4,0.3,0.1,88.3,2.6,9.1,0.076,0.501,19.878595,-98.947875,100.0,True,
2,México - Pachuca (Libre),00431,MEX-085,2025,T. C. México - Tizayuca (Cuota),09_DV2026_Ciudad_de_Mexico.pdf,6,09_DV2026_Ciudad_de_Mexico,61.0,1.0,2.0,7633.0,8.5,79.2,2.5,6.2,1.6,0.7,0.5,0.5,0.3,87.7,2.5,9.8,0.08,0.501,19.88399,-98.942441,100.0,True,
2,México - Pachuca (Libre),00431,MEX-085,2025,T. C. México - Tizayuca (Cuota),09_DV2026_Ciudad_de_Mexico.pdf,6,09_DV2026_Ciudad_de_Mexico,61.0,3.0,1.0,25496.0,0.8,86.6,2.6,5.7,1.7,1.6,0.5,0.3,0.2,87.4,2.6,10.0,0.085,0.513,19.898281,-98.928396,100.0,True,
2,México - Pachuca (Libre),00431,MEX-085,2025,T. C. México - Tizayuca (Cuota),09_DV2026_Ciudad_de_Mexico.pdf,6,09_DV2026_Ciudad_de_Mexico,61.0,3.0,2.0,28552.0,0.6,86.7,2.9,5.6,1.6,1.4,0.6,0.4,0.2,87.3,2.9,9.8,0.087,0.513,19.90097,-98.926127,100.0,True,
2,México - Pachuca (Libre),00431,MEX-085,2025,X. C. Arco Norte de La Ciudad de México,09_DV2026_Ciudad_de_Mexico.pdf,6,09_DV2026_Ciudad_de_Mexico,64.2,1.0,1.0,32497.0,0.6,87.1,3.0,5.1,1.3,1.9,0.5,0.4,0.1,87.7,3.0,9.3,0.086,0.501,19.923095,-98.900657,100.0,True,
2,México - Pachuca (Libre),00431,MEX-085,2025,X. C. Arco Norte de La Ciudad de México,09_DV2026_Ciudad_de_Mexico.pdf,6,09_DV2026_Ciudad_de_Mexico,64.2,1.0,2.0,32320.0,0.5,87.8,2.9,5.0,1.2,1.8,0.4,0.3,0.1,88.3,2.9,8.8,0.105,0.501,19.923286,-98.900832,100.0,True,
2,México - Pachuca (Libre),00431,MEX-085,2025,X. C. Arco Norte de La Ciudad de México,09_DV2026_Ciudad_de_Mexico.pdf,6,09_DV2026_Ciudad_de_Mexico,64.2,3.0,1.0,37035.0,1.2,84.5,3.9,6.0,1.1,2.0,0.7,0.4,0.2,85.7,3.9,10.4,0.074,0.515,19.930857,-98.890884,100.0,True,
2,México - Pachuca (Libre),00431,MEX-085,2025,X. C. Arco Norte de La Ciudad de México,09_DV2026_Ciudad_de_Mexico.pdf,6,09_DV2026_Ciudad_de_Mexico,64.2,3.0,2.0,34670.0,1.3,84.9,3.8,6.1,1.0,1.9,0.6,0.3,0.1,86.2,3.8,10.0,0.098,0.515,19.929262,-98.893523,100.0,True,
2,México - Pachuca (Libre),00431,MEX-085,2025,Ent. Colonia,09_DV2026_Ciudad_de_Mexico.pdf,6,09_DV2026_Ciudad_de_Mexico,83.97,1.0,1.0,65850.0,0.9,89.9,2.7,3.9,0.4,0.8,0.4,0.8,0.2,90.8,2.7,6.5,0.098,0.512,20.04375,-98.79284,100.0,True,
2,México - Pachuca (Libre),00431,MEX-085,2025,Ent. Colonia,09_DV2026_Ciudad_de_Mexico.pdf,6,09_DV2026_Ciudad_de_Mexico,83.97,1.0,2.0,62098.0,0.8,89.9,2.8,3.7,0.6,0.7,0.5,0.8,0.2,90.7,2.8,6.5,0.075,0.512,20.044143,-98.792993,100.0,True,
2,México - Pachuca (Libre),00431,MEX-085,2025,X. C. Libramiento de Pachuca,09_DV2026_Ciudad_de_Mexico.pdf,6,09_DV2026_Ciudad_de_Mexico,86.5,1.0,1.0,54809.0,4.0,88.5,3.4,1.6,0.8,0.5,0.7,0.3,0.2,92.5,3.4,4.1,0.071,0.505,20.097799,-98.765979,100.0,True,
2,México - Pachuca (Libre),00431,MEX-085,2025,X. C. Libramiento de Pachuca,09_DV2026_Ciudad_de_Mexico.pdf,6,09_DV2026_Ciudad_de_Mexico,86.5,1.0,2.0,53456.0,3.9,88.7,3.3,1.7,0.7,0.5,0.6,0.4,0.2,92.6,3.3,4.1,0.078,0.505,20.098034,-98.766129,100.0,True,
2,México - Pachuca (Libre),00431,MEX-085,2025,Pachuca,09_DV2026_Ciudad_de_Mexico.pdf,6,09_DV2026_Ciudad_de_Mexico,94.0,,,,,,,,,,,,,,,,,,,,,False,
3,México - Puebla (Libre),00449,MEX-150,2025,México,09_DV2026_Ciudad_de_Mexico.pdf,6,09_DV2026_Ciudad_de_Mexico,0.0,,,,,,,,,,,,,,,,,,,,,False,
3,México - Puebla (Libre),00449,MEX-150,2025,Lim. Edos. Term. CDMX Ppia. Méx.,09_DV2026_Ciudad_de_Mexico.pdf,6,09_DV2026_Ciudad_de_Mexico,18.66,,,,,,,,,,,,,,,,,,,,,False,
3,México - Puebla (Libre),00449,MEX-150,2025,T. Der. Chalco,09_DV2026_Ciudad_de_Mexico.pdf,6,09_DV2026_Ciudad_de_Mexico,28.85,1.0,1.0,34946.0,4.5,88.6,0.5,3.7,0.9,0.6,0.4,0.6,0.2,93.1,0.5,6.4,0.068,0.512,19.310942,-98.904528,100.0,True,
3,México - Puebla (Libre),00449,MEX-150,2025,T. Der. Chalco,09_DV2026_Ciudad_de_Mexico.pdf,6,09_DV2026_Ciudad_de_Mexico,28.85,1.0,2.0,33203.0,5.0,88.2,0.6,3.5,1.0,0.6,0.5,0.5,0.1,93.2,0.6,6.2,0.067,0.512,19.31119,-98.904073,100.0,True,
3,México - Puebla (Libre),00449,MEX-150,2025,T. Der. Chalco (Lateral),09_DV2026_Ciudad_de_Mexico.pdf,6,09_DV2026_Ciudad_de_Mexico,28.85,3.0,1.0,8789.0,6.1,86.6,0.3,5.4,0.4,0.3,0.3,0.4,0.2,92.7,0.3,7.0,0.067,0.501,19.312587,-98.894262,100.0,True,
3,México - Puebla (Libre),00449,MEX-150,2025,T. Der. Chalco (Central),09_DV2026_Ciudad_de_Mexico.pdf,6,09_DV2026_Ciudad_de_Mexico,28.85,3.0,1.0,27096.0,4.0,89.5,0.5,3.6,0.7,0.5,0.4,0.5,0.3,93.5,0.5,6.0,0.073,0.505,19.312663,-98.894279,100.0,True,
3,México - Puebla (Libre),00449,MEX-150,2025,T. Der. Chalco (Lateral),09_DV2026_Ciudad_de_Mexico.pdf,7,09_DV2026_Ciudad_de_Mexico,28.85,3.0,2.0,8766.0,6.2,86.1,0.2,6.1,0.4,0.3,0.3,0.3,0.1,92.3,0.2,7.5,0.07,0.501,19.312831,-98.894324,100.0,True,
3,México - Puebla (Libre),00449,MEX-150,2025,T. Der. Chalco (Central),09_DV2026_Ciudad_de_Mexico.pdf,7,09_DV2026_Ciudad_de_Mexico,28.85,3.0,2.0,26374.0,3.8,89.3,0.6,3.8,0.6,0.4,0.7,0.6,0.2,93.1,0.6,6.3,0.085,0.505,19.312722,-98.8943,100.0,True,
3,México - Puebla (Libre),00449,MEX-150,2025,Ixtapaluca,09_DV2026_Ciudad_de_Mexico.pdf,7,09_DV2026_Ciudad_de_Mexico,31.06,3.0,1.0,22658.0,6.1,87.7,0.2,4.7,0.4,0.3,0.2,0.1,0.3,93.8,0.2,6.0,0.068,0.514,19.315811,-98.874649,100.0,True,
3,México - Puebla (Libre),00449,MEX-150,2025,Ixtapaluca,09_DV2026_Ciudad_de_Mexico.pdf,7,09_DV2026_Ciudad_de_Mexico,31.06,3.0,2.0,23930.0,5.8,87.9,0.2,4.6,0.6,0.4,0.1,0.1,0.3,93.7,0.2,6.1,0.072,0.514,19.3159,-98.874822,100.0,True,
3,México - Puebla (Libre),00449,MEX-150,2025,T. Der. C. México - Puebla (Cuota) (Río Frío),09_DV2026_Ciudad_de_Mexico.pdf,7,09_DV2026_Ciudad_de_Mexico,62.06,1.0,0.0,2967.0,4.2,68.9,2.8,10.7,6.0,5.5,1.4,0.5,0.0,73.1,2.8,24.1,0.078,0.535,19.349755,-98.670747,100.0,True,
3,México - Puebla (Libre),00449,MEX-150,2025,T. Der. C. México - Puebla (Cuota) (Río Frío),09_DV2026_Ciudad_de_Mexico.pdf,7,09_DV2026_Ciudad_de_Mexico,62.06,3.0,0.0,1279.0,3.3,77.0,2.2,8.1,3.5,4.7,0.6,0.6,0.0,80.3,2.2,17.5,0.103,0.518,19.352828,-98.662805,100.0,True,
3,México - Puebla (Libre),00449,MEX-150,2025,Lim. Edos. Term. Méx. Ppia. Pue.,09_DV2026_Ciudad_de_Mexico.pdf,7,09_DV2026_Ciudad_de_Mexico,62.98,,,,,,,,,,,,,,,,,,,,,False,
3,México - Puebla (Libre),00449,MEX-150,2025,San Martín Texmelucan,09_DV2026_Ciudad_de_Mexico.pdf,7,09_DV2026_Ciudad_de_Mexico,70.0,1.0,0.0,13470.0,13.7,76.2,1.2,6.3,1.0,0.5,0.3,0.5,0.3,89.9,1.2,8.9,0.077,0.52,19.301515,-98.452735,100.0,True,
3,México - Puebla (Libre),00449,MEX-150,2025,X. C. México - Puebla (Cuota),09_DV2026_Ciudad_de_Mexico.pdf,7,09_DV2026_Ciudad_de_Mexico,74.1,3.0,1.0,10536.0,8.3,79.3,1.4,6.0,1.0,2.3,0.6,0.9,0.2,87.6,1.4,11.0,0.096,0.566,19.2548,-98.428548,100.0,True,
3,México - Puebla (Libre),00449,MEX-150,2025,X. C. México - Puebla (Cuota),09_DV2026_Ciudad_de_Mexico.pdf,7,09_DV2026_Ciudad_de_Mexico,74.1,3.0,2.0,10149.0,8.2,80.0,1.2,6.2,1.2,2.0,0.5,0.6,0.1,88.2,1.2,10.6,0.084,0.566,19.25481,-98.428445,100.0,True,
3,México - Puebla (Libre),00449,MEX-150,2025,Huejotzingo,09_DV2026_Ciudad_de_Mexico.pdf,7,09_DV2026_Ciudad_de_Mexico,88.0,1.0,1.0,7287.0,8.1,79.9,3.5,6.5,1.0,0.8,0.1,0.1,0.0,88.0,3.5,8.5,0.079,0.508,19.177302,-98.415426,100.0,True,
3,México - Puebla (Libre),00449,MEX-150,2025,Huejotzingo,09_DV2026_Ciudad_de_Mexico.pdf,7,09_DV2026_Ciudad_de_Mexico,88.0,1.0,2.0,7040.0,8.0,80.2,3.3,6.6,0.9,0.8,0.1,0.1,0.0,88.2,3.3,8.5,0.082,0.508,19.177322,-98.415309,100.0,True,
3,México - Puebla (Libre),00449,MEX-150,2025,Huejotzingo,09_DV2026_Ciudad_de_Mexico.pdf,7,09_DV2026_Ciudad_de_Mexico,88.0,3.0,1.0,6138.0,5.4,84.0,1.2,6.1,1.3,1.4,0.3,0.2,0.1,89.4,1.2,9.4,0.091,0.527,19.145773,-98.387745,100.0,True,
3,México - Puebla (Libre),00449,MEX-150,2025,Huejotzingo,09_DV2026_Ciudad_de_Mexico.pdf,7,09_DV2026_Ciudad_de_Mexico,88.0,3.0,2.0,6401.0,5.3,84.1,1.3,5.9,1.4,1.4,0.5,0.1,0.0,89.4,1.3,9.3,0.102,0.527,19.145852,-98.387719,100.0,True,
3,México - Puebla (Libre),00449,MEX-150,2025,T. Izq. Aeropuerto,09_DV2026_Ciudad_de_Mexico.pdf,7,09_DV2026_Ciudad_de_Mexico,92.8,1.0,1.0,7110.0,6.1,82.3,2.5,4.9,2.0,1.7,0.2,0.3,0.0,88.4,2.5,9.1,0.084,0.527,19.136222,-98.377229,100.0,True,
3,México - Puebla (Libre),00449,MEX-150,2025,T. Izq. Aeropuerto,09_DV2026_Ciudad_de_Mexico.pdf,7,09_DV2026_Ciudad_de_Mexico,92.8,1.0,2.0,6992.0,6.3,82.7,2.2,5.1,1.7,1.6,0.3,0.1,0.0,89.0,2.2,8.8,0.085,0.527,19.136298,-98.377137,100.0,True,
3,México - Puebla (Libre),00449,MEX-150,2025,T. Der. Cholula,09_DV2026_Ciudad_de_Mexico.pdf,7,09_DV2026_Ciudad_de_Mexico,101.0,1.0,1.0,14524.0,6.2,86.8,1.5,2.8,1.4,0.9,0.2,0.1,0.1,93.0,1.5,5.5,0.096,0.592,19.076646,-98.322462,100.0,True,
3,México - Puebla (Libre),00449,MEX-150,2025,T. Der. Cholula,09_DV2026_Ciudad_de_Mexico.pdf,7,09_DV2026_Ciudad_de_Mexico,101.0,1.0,2.0,13923.0,6.2,86.6,1.5,3.1,1.2,0.9,0.3,0.1,0.1,92.8,1.5,5.7,0.086,0.592,19.076709,-98.32241,100.0,True,
3,México - Puebla (Libre),00449,MEX-150,2025,T. Der. Cholula,09_DV2026_Ciudad_de_Mexico.pdf,7,09_DV2026_Ciudad_de_Mexico,101.0,3.0,1.0,19042.0,5.7,88.5,0.7,2.5,1.3,0.9,0.3,0.1,0.0,94.2,0.7,5.1,0.079,0.544,19.070229,-98.312715,100.0,True,
3,México - Puebla (Libre),00449,MEX-150,2025,T. Der. Cholula,09_DV2026_Ciudad_de_Mexico.pdf,7,09_DV2026_Ciudad_de_Mexico,101.0,3.0,2.0,20038.0,5.5,88.9,0.4,2.5,1.4,1.0,0.2,0.1,0.0,94.4,0.4,5.2,0.071,0.544,19.070411,-98.312795,100.0,True,
3,México - Puebla (Libre),00449,MEX-150,2025,Puebla,09_DV2026_Ciudad_de_Mexico.pdf,7,09_DV2026_Ciudad_de_Mexico,131.0,,,,,,,,,,,,,,,,,,,,,False,
4,México - Toluca,00447,MEX-015,2025,México,09_DV2026_Ciudad_de_Mexico.pdf,7,09_DV2026_Ciudad_de_Mexico,0.0,,,,,,,,,,,,,,,,,,,,,False,
4,México - Toluca,00447,MEX-015,2025,Ent. Constituyentes y Reforma,09_DV2026_Ciudad_de_Mexico.pdf,7,09_DV2026_Ciudad_de_Mexico,12.84,3.0,1.0,43084.0,4.0,86.6,1.7,3.1,0.6,2.8,0.7,0.4,0.1,90.6,1.7,7.7,0.067,0.5,19.386143,-99.247512,100.0,True,
4,México - Toluca,00447,MEX-015,2025,Ent. Constituyentes y Reforma,09_DV2026_Ciudad_de_Mexico.pdf,7,09_DV2026_Ciudad_de_Mexico,12.84,3.0,2.0,43154.0,3.8,87.8,1.5,2.8,0.6,2.4,0.6,0.4,0.1,91.6,1.5,6.9,0.077,0.5,19.385306,-99.248302,100.0,True,
4,México - Toluca,00447,MEX-015,2025,T. Der. Cuajimalpa (1º Acceso),09_DV2026_Ciudad_de_Mexico.pdf,7,09_DV2026_Ciudad_de_Mexico,20.56,1.0,1.0,42479.0,3.2,88.5,1.8,2.7,0.7,2.0,0.7,0.3,0.1,91.7,1.8,6.5,0.056,0.509,19.364482,-99.277585,100.0,True,
4,México - Toluca,00447,MEX-015,2025,T. Der. Cuajimalpa (1º Acceso),09_DV2026_Ciudad_de_Mexico.pdf,7,09_DV2026_Ciudad_de_Mexico,20.56,1.0,2.0,44293.0,3.2,88.7,1.5,2.7,0.7,1.9,0.8,0.4,0.1,91.9,1.5,6.6,0.067,0.509,19.364354,-99.277752,100.0,True,
4,México - Toluca,00447,MEX-015,2025,T. Izq. Desierto de Los Leones,09_DV2026_Ciudad_de_Mexico.pdf,7,09_DV2026_Ciudad_de_Mexico,23.96,1.0,1.0,34627.0,3.5,85.8,2.8,4.7,0.8,0.9,0.6,0.7,0.2,89.3,2.8,7.9,0.093,0.51,19.338661,-99.311266,100.0,True,
4,México - Toluca,00447,MEX-015,2025,T. Izq. Desierto de Los Leones,09_DV2026_Ciudad_de_Mexico.pdf,7,09_DV2026_Ciudad_de_Mexico,23.96,1.0,2.0,36212.0,3.0,86.9,2.3,4.4,0.8,1.1,0.6,0.7,0.2,89.9,2.3,7.8,0.077,0.51,19.339063,-99.31111,100.0,True,
4,México - Toluca,00447,MEX-015,2025,Lim. Edos. Term. CDMX Ppia. Méx.,09_DV2026_Ciudad_de_Mexico.pdf,7,09_DV2026_Ciudad_de_Mexico,33.44,,,,,,,,,,,,,,,,,,,,,False,
4,México - Toluca,00447,MEX-015,2025,T. Der. Huixquilucan,09_DV2026_Ciudad_de_Mexico.pdf,7,09_DV2026_Ciudad_de_Mexico,33.98,1.0,1.0,23715.0,1.9,84.6,1.5,8.3,1.2,1.7,0.3,0.4,0.1,86.5,1.5,12.0,0.087,0.505,19.29585,-99.359938,100.0,True,
4,México - Toluca,00447,MEX-015,2025,T. Der. Huixquilucan,09_DV2026_Ciudad_de_Mexico.pdf,8,09_DV2026_Ciudad_de_Mexico,33.98,1.0,2.0,23252.0,1.7,84.9,1.6,8.3,1.3,1.4,0.3,0.4,0.1,86.6,1.6,11.8,0.106,0.505,19.29574,-99.357652,100.0,True,
4,México - Toluca,00447,MEX-015,2025,T. C. Constituyentes - La Marquesa (Cuota),09_DV2026_Ciudad_de_Mexico.pdf,8,09_DV2026_Ciudad_de_Mexico,35.28,,,,,,,,,,,,,,,,,,,,,False,
4,México - Toluca,00447,MEX-015,2025,T. C. La Marquesa - Lerma (Cuota),09_DV2026_Ciudad_de_Mexico.pdf,8,09_DV2026_Ciudad_de_Mexico,36.98,,,,,,,,,,,,,,,,,,,,,False,
4,México - Toluca,00447,MEX-015,2025,X. C. Amomolulco - Stgo. Tianguistenco,09_DV2026_Ciudad_de_Mexico.pdf,8,09_DV2026_Ciudad_de_Mexico,47.26,1.0,1.0,50179.0,1.4,89.8,2.5,2.3,0.9,2.0,0.3,0.6,0.2,91.2,2.5,6.3,0.084,0.505,19.28261,-99.477276,100.0,True,
4,México - Toluca,00447,MEX-015,2025,X. C. Amomolulco - Stgo. Tianguistenco,09_DV2026_Ciudad_de_Mexico.pdf,8,09_DV2026_Ciudad_de_Mexico,47.26,1.0,2.0,49042.0,1.3,89.7,2.5,2.2,1.0,2.1,0.3,0.7,0.2,91.0,2.5,6.5,0.089,0.505,19.281785,-99.484646,100.0,True,
4,México - Toluca,00447,MEX-015,2025,T. Der. Lerma - Izq. San Pedro Tultepec,09_DV2026_Ciudad_de_Mexico.pdf,8,09_DV2026_Ciudad_de_Mexico,51.71,1.0,1.0,91187.0,2.3,84.9,2.2,5.7,1.4,1.5,0.4,1.3,0.3,87.2,2.2,10.6,0.069,0.511,19.283948,-99.503563,100.0,True,
4,México - Toluca,00447,MEX-015,2025,T. Der. Lerma - Izq. San Pedro Tultepec,09_DV2026_Ciudad_de_Mexico.pdf,8,09_DV2026_Ciudad_de_Mexico,51.71,1.0,2.0,86386.0,2.5,84.5,2.0,6.3,1.3,1.5,0.2,1.4,0.3,87.0,2.0,11.0,0.077,0.511,19.280353,-99.502566,100.0,True,
4,México - Toluca,00447,MEX-015,2025,T. Izq. San Mateo Atenco (Alta),09_DV2026_Ciudad_de_Mexico.pdf,8,09_DV2026_Ciudad_de_Mexico,52.0,3.0,1.0,73797.0,7.8,90.2,0.1,1.9,0.0,0.0,0.0,0.0,0.0,98.0,0.1,1.9,0.071,0.516,19.285904,-99.53582,100.0,True,
4,México - Toluca,00447,MEX-015,2025,T. Izq. San Mateo Atenco (Baja),09_DV2026_Ciudad_de_Mexico.pdf,8,09_DV2026_Ciudad_de_Mexico,52.0,3.0,1.0,18243.0,11.7,61.5,3.9,12.7,2.9,5.3,0.4,1.3,0.3,73.2,3.9,22.9,0.073,0.514,19.286322,-99.535223,100.0,True,
4,México - Toluca,00447,MEX-015,2025,T. Izq. San Mateo Atenco (Baja),09_DV2026_Ciudad_de_Mexico.pdf,8,09_DV2026_Ciudad_de_Mexico,52.0,3.0,2.0,17255.0,11.9,59.8,4.0,13.1,3.5,5.4,0.4,1.4,0.5,71.7,4.0,24.3,0.065,0.514,19.285176,-99.532603,100.0,True,
4,México - Toluca,00447,MEX-015,2025,T. Izq. San Mateo Atenco (Alta),09_DV2026_Ciudad_de_Mexico.pdf,8,09_DV2026_Ciudad_de_Mexico,52.0,3.0,2.0,79626.0,7.4,90.4,0.1,2.1,0.0,0.0,0.0,0.0,0.0,97.8,0.1,2.1,0.074,0.516,19.285554,-99.535876,100.0,True,
4,México - Toluca,00447,MEX-015,2025,X. C. Libramiento de Toluca (Baja),09_DV2026_Ciudad_de_Mexico.pdf,8,09_DV2026_Ciudad_de_Mexico,62.2,1.0,1.0,21343.0,7.4,73.1,3.6,8.4,2.3,2.6,0.6,1.5,0.5,80.5,3.6,15.9,0.075,0.518,19.288545,-99.624709,100.0,True,
4,México - Toluca,00447,MEX-015,2025,X. C. Libramiento de Toluca (Alta),09_DV2026_Ciudad_de_Mexico.pdf,8,09_DV2026_Ciudad_de_Mexico,62.2,1.0,1.0,77552.0,4.2,95.8,0.0,0.0,0.0,0.0,0.0,0.0,0.0,100.0,0.0,0.0,0.077,0.508,19.288076,-99.620006,100.0,True,
4,México - Toluca,00447,MEX-015,2025,X. C. Libramiento de Toluca (Alta),09_DV2026_Ciudad_de_Mexico.pdf,8,09_DV2026_Ciudad_de_Mexico,62.2,1.0,2.0,80679.0,4.2,95.8,0.0,0.0,0.0,0.0,0.0,0.0,0.0,100.0,0.0,0.0,0.076,0.508,19.287783,-99.621976,100.0,True,
4,México - Toluca,00447,MEX-015,2025,X. C. Libramiento de Toluca (Baja),09_DV2026_Ciudad_de_Mexico.pdf,8,09_DV2026_Ciudad_de_Mexico,62.2,1.0,2.0,19851.0,7.3,72.7,3.8,8.6,2.5,2.6,0.6,1.4,0.5,80.0,3.8,16.2,0.096,0.518,19.287546,-99.623125,100.0,True,
4,México - Toluca,00447,MEX-015,2025,Toluca,09_DV2026_Ciudad_de_Mexico.pdf,8,09_DV2026_Ciudad_de_Mexico,66.0,,,,,,,,,,,,,,,,,,,,,False,
5,San Gregorio - Oaxtepec,00901,MEX-113,2025,San Gregorio,09_DV2026_Ciudad_de_Mexico.pdf,8,09_DV2026_Ciudad_de_Mexico,0.0,3.0,0.0,23748.0,6.5,86.4,1.2,4.8,0.4,0.3,0.1,0.2,0.1,92.9,1.2,5.9,0.067,0.506,19.240525,-99.054879,100.0,True,
5,San Gregorio - Oaxtepec,00901,MEX-113,2025,X. C. Milpa Alta - San Lorenzo Tlacoyucan,09_DV2026_Ciudad_de_Mexico.pdf,8,09_DV2026_Ciudad_de_Mexico,9.0,3.0,0.0,7744.0,3.9,87.2,1.2,5.1,0.7,0.6,0.8,0.3,0.2,91.1,1.2,7.7,0.089,0.517,19.180655,-99.029538,100.0,True,
5,San Gregorio - Oaxtepec,00901,MEX-113,2025,Lim. Edos. Term. CDMX Ppia. Méx.,09_DV2026_Ciudad_de_Mexico.pdf,8,09_DV2026_Ciudad_de_Mexico,18.8,,,,,,,,,,,,,,,,,,,,,False,
5,San Gregorio - Oaxtepec,00901,MEX-113,2025,Lim. Edos. Term. Méx. Ppia. Mor.,09_DV2026_Ciudad_de_Mexico.pdf,8,09_DV2026_Ciudad_de_Mexico,28.5,,,,,,,,,,,,,,,,,,,,,False,
5,San Gregorio - Oaxtepec,00901,MEX-113,2025,T. Der. San Felipe Neri,09_DV2026_Ciudad_de_Mexico.pdf,8,09_DV2026_Ciudad_de_Mexico,33.8,1.0,0.0,4266.0,6.4,86.3,1.9,3.9,0.8,0.4,0.1,0.2,0.0,92.7,1.9,5.4,0.124,0.641,19.04604,-98.936047,100.0,True,
5,San Gregorio - Oaxtepec,00901,MEX-113,2025,T. Der. Tlalnepantla,09_DV2026_Ciudad_de_Mexico.pdf,8,09_DV2026_Ciudad_de_Mexico,40.5,3.0,0.0,5687.0,7.4,82.4,0.8,7.5,0.6,0.6,0.4,0.2,0.1,89.8,0.8,9.4,0.098,0.546,19.004074,-98.990106,100.0,True,
5,San Gregorio - Oaxtepec,00901,MEX-113,2025,Tlayacapan,09_DV2026_Ciudad_de_Mexico.pdf,8,09_DV2026_Ciudad_de_Mexico,48.5,3.0,0.0,13218.0,10.7,83.1,0.4,4.1,0.5,0.4,0.3,0.4,0.1,93.8,0.4,5.8,0.086,0.507,18.938501,-98.973238,100.0,True,
5,San Gregorio - Oaxtepec,00901,MEX-113,2025,T. Der. Yautepec,09_DV2026_Ciudad_de_Mexico.pdf,8,09_DV2026_Ciudad_de_Mexico,53.0,1.0,0.0,13993.0,10.8,83.4,0.3,3.9,0.3,0.5,0.4,0.3,0.1,94.2,0.3,5.5,0.083,0.504,18.925582,-98.967998,100.0,True,
5,San Gregorio - Oaxtepec,00901,MEX-113,2025,T. Der. Yautepec,09_DV2026_Ciudad_de_Mexico.pdf,8,09_DV2026_Ciudad_de_Mexico,53.0,3.0,1.0,8943.0,12.8,79.7,0.5,5.3,0.5,0.4,0.2,0.4,0.2,92.5,0.5,7.0,0.091,0.509,18.916023,-98.970106,100.0,True,
5,San Gregorio - Oaxtepec,00901,MEX-113,2025,T. Der. Yautepec,09_DV2026_Ciudad_de_Mexico.pdf,8,09_DV2026_Ciudad_de_Mexico,53.0,3.0,2.0,8342.0,12.6,80.1,0.3,5.1,0.4,0.6,0.2,0.4,0.3,92.7,0.3,7.0,0.082,0.509,18.916007,-98.970059,100.0,True,
5,San Gregorio - Oaxtepec,00901,MEX-113,2025,Oaxtepec,09_DV2026_Ciudad_de_Mexico.pdf,8,09_DV2026_Ciudad_de_Mexico,56.0,,,,,,,,,,,,,,,,,,,,,False,
6,México - Cuernavaca (Cuota),00041,MEX-095D,2025,México,09_DV2026_Ciudad_de_Mexico.pdf,9,09_DV2026_Ciudad_de_Mexico,0.0,,,,,,,,,,,,,,,,,,,,,False,
6,México - Cuernavaca (Cuota),00041,MEX-095D,2025,T. C. México - Cuernavaca (Libre),09_DV2026_Ciudad_de_Mexico.pdf,9,09_DV2026_Ciudad_de_Mexico,18.65,3.0,1.0,35973.0,4.1,85.0,2.2,4.9,0.9,1.7,0.4,0.6,0.2,89.1,2.2,8.7,0.067,0.55,19.264272,-99.165803,100.0,True,
6,México - Cuernavaca (Cuota),00041,MEX-095D,2025,T. C. México - Cuernavaca (Libre),09_DV2026_Ciudad_de_Mexico.pdf,9,09_DV2026_Ciudad_de_Mexico,18.65,3.0,2.0,33882.0,4.1,85.0,2.2,4.9,0.9,1.7,0.4,0.6,0.2,89.1,2.2,8.7,0.072,0.55,19.267648,-99.164434,100.0,True,
6,México - Cuernavaca (Cuota),00041,MEX-095D,2025,Plaza de Cobro Tlalpan,09_DV2026_Ciudad_de_Mexico.pdf,9,09_DV2026_Ciudad_de_Mexico,23.36,2.0,1.0,14818.0,2.8,82.5,3.5,3.9,2.3,3.1,0.6,0.9,0.4,85.3,3.5,11.2,0.145,0.5,19.242519,-99.148716,100.0,True,
6,México - Cuernavaca (Cuota),00041,MEX-095D,2025,Plaza de Cobro Tlalpan,09_DV2026_Ciudad_de_Mexico.pdf,9,09_DV2026_Ciudad_de_Mexico,23.36,2.0,2.0,14818.0,2.8,82.5,3.5,3.9,2.3,3.1,0.6,0.9,0.4,85.3,3.5,11.2,0.145,0.5,19.242519,-99.148716,100.0,True,
6,México - Cuernavaca (Cuota),00041,MEX-095D,2025,Lim. Edos. Term. CDMX Ppia. Mor.,09_DV2026_Ciudad_de_Mexico.pdf,9,09_DV2026_Ciudad_de_Mexico,47.09,,,,,,,,,,,,,,,,,,,,,False,
6,México - Cuernavaca (Cuota),00041,MEX-095D,2025,Tres Marías,09_DV2026_Ciudad_de_Mexico.pdf,9,09_DV2026_Ciudad_de_Mexico,53.0,1.0,1.0,23728.0,2.2,84.1,4.4,4.1,1.0,2.3,0.7,0.9,0.3,86.3,4.4,9.3,0.108,0.73,19.077388,-99.233551,100.0,True,
6,México - Cuernavaca (Cuota),00041,MEX-095D,2025,Tres Marías,09_DV2026_Ciudad_de_Mexico.pdf,9,09_DV2026_Ciudad_de_Mexico,53.0,1.0,2.0,21393.0,2.2,84.2,4.4,4.1,0.9,2.3,0.7,0.9,0.3,86.4,4.4,9.2,0.141,0.73,19.079128,-99.232769,100.0,True,
6,México - Cuernavaca (Cuota),00041,MEX-095D,2025,Tres Marías,09_DV2026_Ciudad_de_Mexico.pdf,9,09_DV2026_Ciudad_de_Mexico,53.0,3.0,1.0,20933.0,1.2,84.2,4.4,4.6,1.4,2.8,0.5,0.6,0.3,85.4,4.4,10.2,0.095,0.72,19.043397,-99.233567,100.0,True,
6,México - Cuernavaca (Cuota),00041,MEX-095D,2025,Tres Marías,09_DV2026_Ciudad_de_Mexico.pdf,9,09_DV2026_Ciudad_de_Mexico,53.0,3.0,2.0,23102.0,1.2,84.2,4.4,4.6,1.4,2.8,0.5,0.6,0.3,85.4,4.4,10.2,0.116,0.72,19.043723,-99.23371,100.0,True,
6,México - Cuernavaca (Cuota),00041,MEX-095D,2025,T. Izq. Cuautla,09_DV2026_Ciudad_de_Mexico.pdf,9,09_DV2026_Ciudad_de_Mexico,70.5,1.0,1.0,21184.0,2.1,85.9,4.1,3.6,1.0,2.0,0.7,0.4,0.2,88.0,4.1,7.9,0.12,0.648,19.018202,-99.145016,100.0,True,
6,México - Cuernavaca (Cuota),00041,MEX-095D,2025,T. Izq. Cuautla,09_DV2026_Ciudad_de_Mexico.pdf,9,09_DV2026_Ciudad_de_Mexico,70.5,1.0,2.0,23326.0,2.3,85.4,4.2,3.4,0.9,2.4,0.5,0.7,0.2,87.7,4.2,8.1,0.136,0.648,19.014475,-99.153851,100.0,True,
6,México - Cuernavaca (Cuota),00041,MEX-095D,2025,T. Der. A Glorieta La Paloma,09_DV2026_Ciudad_de_Mexico.pdf,9,09_DV2026_Ciudad_de_Mexico,79.26,1.0,1.0,19836.0,2.3,88.0,1.7,2.8,1.5,2.1,0.4,0.8,0.4,90.3,1.7,8.0,0.075,0.695,18.982301,-99.219506,100.0,True,
6,México - Cuernavaca (Cuota),00041,MEX-095D,2025,T. Der. A Glorieta La Paloma,09_DV2026_Ciudad_de_Mexico.pdf,9,09_DV2026_Ciudad_de_Mexico,79.26,1.0,2.0,22561.0,2.5,87.9,2.0,3.0,1.3,1.9,0.3,0.8,0.3,90.4,2.0,7.6,0.109,0.695,18.982186,-99.219494,100.0,True,
6,México - Cuernavaca (Cuota),00041,MEX-095D,2025,Libramiento de Cuernavaca,09_DV2026_Ciudad_de_Mexico.pdf,9,09_DV2026_Ciudad_de_Mexico,80.5,1.0,1.0,25703.0,3.2,85.8,2.2,4.2,1.2,2.0,0.3,0.9,0.2,89.0,2.2,8.8,0.082,0.547,18.967226,-99.236638,100.0,True,
6,México - Cuernavaca (Cuota),00041,MEX-095D,2025,Libramiento de Cuernavaca,09_DV2026_Ciudad_de_Mexico.pdf,9,09_DV2026_Ciudad_de_Mexico,80.5,1.0,2.0,27927.0,3.0,85.7,1.9,4.5,1.4,2.1,0.3,0.9,0.2,88.7,1.9,9.4,0.089,0.547,18.967374,-99.236603,100.0,True,
7,México - Pachuca (Cuota),00432,MEX-085D,2025,T. C. México - Pachuca (Libre),09_DV2026_Ciudad_de_Mexico.pdf,9,09_DV2026_Ciudad_de_Mexico,0.0,,,,,,,,,,,,,,,,,,,,,False,
7,México - Pachuca (Cuota),00432,MEX-085D,2025,Lim. Edos. Term. CDMX Ppia. Méx.,09_DV2026_Ciudad_de_Mexico.pdf,9,09_DV2026_Ciudad_de_Mexico,9.86,,,,,,,,,,,,,,,,,,,,,False,
7,México - Pachuca (Cuota),00432,MEX-085D,2025,Plaza de Cobro Ojo de Agua,09_DV2026_Ciudad_de_Mexico.pdf,9,09_DV2026_Ciudad_de_Mexico,25.0,2.0,1.0,35982.0,3.4,85.9,4.8,2.3,1.5,1.5,0.2,0.3,0.1,89.3,4.8,5.9,0.081,0.5,19.618737,-99.029315,100.0,True,
7,México - Pachuca (Cuota),00432,MEX-085D,2025,Plaza de Cobro Ojo de Agua,09_DV2026_Ciudad_de_Mexico.pdf,9,09_DV2026_Ciudad_de_Mexico,25.0,2.0,2.0,35982.0,3.4,85.9,4.8,2.3,1.5,1.5,0.2,0.3,0.1,89.3,4.8,5.9,0.081,0.5,19.618737,-99.029315,100.0,True,
7,México - Pachuca (Cuota),00432,MEX-085D,2025,Plaza de Cobro Ojo de Agua,09_DV2026_Ciudad_de_Mexico.pdf,9,09_DV2026_Ciudad_de_Mexico,25.0,3.0,1.0,40359.0,3.2,85.6,2.1,5.4,1.1,1.6,0.3,0.5,0.2,88.8,2.1,9.1,0.077,0.505,19.635307,-99.020636,100.0,True,
7,México - Pachuca (Cuota),00432,MEX-085D,2025,Plaza de Cobro Ojo de Agua,09_DV2026_Ciudad_de_Mexico.pdf,9,09_DV2026_Ciudad_de_Mexico,25.0,3.0,2.0,39575.0,3.0,86.2,1.9,5.3,1.0,1.4,0.3,0.7,0.2,89.2,1.9,8.9,0.073,0.505,19.633746,-99.021753,100.0,True,
7,México - Pachuca (Cuota),00432,MEX-085D,2025,X. C. México - Pachuca (Libre) Ent. Ojo de Agua,09_DV2026_Ciudad_de_Mexico.pdf,9,09_DV2026_Ciudad_de_Mexico,30.62,3.0,1.0,34665.0,3.6,85.1,2.3,4.6,1.4,1.6,0.3,0.8,0.3,88.7,2.3,9.0,0.07,0.5,19.671289,-98.995122,100.0,True,
7,México - Pachuca (Cuota),00432,MEX-085D,2025,X. C. México - Pachuca (Libre) Ent. Ojo de Agua,09_DV2026_Ciudad_de_Mexico.pdf,9,09_DV2026_Ciudad_de_Mexico,30.62,3.0,2.0,34633.0,3.8,84.6,2.5,4.8,1.3,1.7,0.4,0.6,0.3,88.4,2.5,9.1,0.086,0.5,19.675433,-98.991007,100.0,True,
7,México - Pachuca (Cuota),00432,MEX-085D,2025,T. Izq. Tecámac,09_DV2026_Ciudad_de_Mexico.pdf,9,09_DV2026_Ciudad_de_Mexico,35.62,3.0,1.0,33809.0,1.6,87.4,2.7,3.1,2.0,2.2,0.5,0.4,0.1,89.0,2.7,8.3,0.066,0.52,19.703357,-98.969497,100.0,True,
7,México - Pachuca (Cuota),00432,MEX-085D,2025,T. Izq. Tecámac,09_DV2026_Ciudad_de_Mexico.pdf,9,09_DV2026_Ciudad_de_Mexico,35.62,3.0,2.0,36898.0,1.8,87.8,2.5,3.0,2.2,1.9,0.4,0.3,0.1,89.6,2.5,7.9,0.087,0.52,19.705457,-98.968424,100.0,True,
7,México - Pachuca (Cuota),00432,MEX-085D,2025,T. Izq. AIFA,09_DV2026_Ciudad_de_Mexico.pdf,9,09_DV2026_Ciudad_de_Mexico,40.5,3.0,1.0,36641.0,2.7,88.6,1.8,2.8,1.6,1.8,0.4,0.2,0.1,91.3,1.8,6.9,0.077,0.508,19.744422,-98.945996,100.0,True,
7,México - Pachuca (Cuota),00432,MEX-085D,2025,T. Izq. AIFA,09_DV2026_Ciudad_de_Mexico.pdf,9,09_DV2026_Ciudad_de_Mexico,40.5,3.0,2.0,35422.0,2.6,88.9,1.7,2.7,1.5,1.9,0.3,0.3,0.1,91.5,1.7,6.8,0.087,0.508,19.743813,-98.946111,100.0,True,
7,México - Pachuca (Cuota),00432,MEX-085D,2025,Lim. Edos. Term. Méx. Ppia. Hgo.,09_DV2026_Ciudad_de_Mexico.pdf,9,09_DV2026_Ciudad_de_Mexico,49.6,,,,,,,,,,,,,,,,,,,,,False,
7,México - Pachuca (Cuota),00432,MEX-085D,2025,X. C. Otumba - Tizayuca,09_DV2026_Ciudad_de_Mexico.pdf,9,09_DV2026_Ciudad_de_Mexico,53.45,1.0,1.0,38678.0,2.0,88.7,2.1,2.5,1.3,2.2,0.5,0.4,0.3,90.7,2.1,7.2,0.086,0.515,19.826751,-98.949363,100.0,True,
7,México - Pachuca (Cuota),00432,MEX-085D,2025,X. C. Otumba - Tizayuca,09_DV2026_Ciudad_de_Mexico.pdf,10,09_DV2026_Ciudad_de_Mexico,53.45,1.0,2.0,36126.0,1.9,89.5,2.0,2.4,1.2,2.1,0.4,0.3,0.2,91.4,2.0,6.6,0.125,0.515,19.827443,-98.949661,100.0,True,
7,México - Pachuca (Cuota),00432,MEX-085D,2025,T. C. México - Pachuca (Libre),09_DV2026_Ciudad_de_Mexico.pdf,10,09_DV2026_Ciudad_de_Mexico,60.5,1.0,1.0,23993.0,2.5,88.7,2.4,2.1,1.2,2.0,0.5,0.4,0.2,91.2,2.4,6.4,0.082,0.507,19.883677,-98.937499,100.0,True,
7,México - Pachuca (Cuota),00432,MEX-085D,2025,T. C. México - Pachuca (Libre),09_DV2026_Ciudad_de_Mexico.pdf,10,09_DV2026_Ciudad_de_Mexico,60.5,1.0,2.0,24701.0,2.7,89.1,2.3,2.0,1.1,1.9,0.4,0.3,0.2,91.8,2.3,5.9,0.097,0.507,19.881569,-98.937781,100.0,True,
8,México - Puebla (Cuota),00450,MEX-150D,2025,México,09_DV2026_Ciudad_de_Mexico.pdf,10,09_DV2026_Ciudad_de_Mexico,0.0,,,,,,,,,,,,,,,,,,,,,False,
8,México - Puebla (Cuota),00450,MEX-150D,2025,Ent Concordía (T. Izq. Los Reyes) Central,09_DV2026_Ciudad_de_Mexico.pdf,10,09_DV2026_Ciudad_de_Mexico,17.0,3.0,1.0,80901.0,3.4,86.3,2.1,3.2,1.4,1.7,0.8,0.6,0.5,89.7,2.1,8.2,0.063,0.582,19.351809,-98.987693,100.0,True,
8,México - Puebla (Cuota),00450,MEX-150D,2025,Ent Concordía (T. Izq. Los Reyes) Lateral,09_DV2026_Ciudad_de_Mexico.pdf,10,09_DV2026_Ciudad_de_Mexico,17.0,3.0,1.0,28927.0,4.8,82.5,1.8,7.9,0.7,1.4,0.6,0.2,0.1,87.3,1.8,10.9,0.073,0.582,19.35114,-98.987199,100.0,True,
8,México - Puebla (Cuota),00450,MEX-150D,2025,Ent Concordía (T. Izq. Los Reyes) Central,09_DV2026_Ciudad_de_Mexico.pdf,10,09_DV2026_Ciudad_de_Mexico,17.0,3.0,2.0,113679.0,3.5,86.7,1.8,3.2,1.2,1.7,0.7,0.7,0.5,90.2,1.8,8.0,0.066,0.582,19.354153,-98.990021,100.0,True,
8,México - Puebla (Cuota),00450,MEX-150D,2025,Lim. Edos. Term. CDMX Ppia. Méx.,09_DV2026_Ciudad_de_Mexico.pdf,10,09_DV2026_Ciudad_de_Mexico,17.51,,,,,,,,,,,,,,,,,,,,,False,
8,México - Puebla (Cuota),00450,MEX-150D,2025,Av. Las Torres (Eje 6) Central,09_DV2026_Ciudad_de_Mexico.pdf,10,09_DV2026_Ciudad_de_Mexico,19.27,1.0,1.0,77487.0,4.2,85.9,2.2,4.1,1.1,1.7,0.5,0.1,0.2,90.1,2.2,7.7,0.067,0.587,19.348086,-98.983801,100.0,True,
8,México - Puebla (Cuota),00450,MEX-150D,2025,Av. Las Torres (Eje 6) Lateral,09_DV2026_Ciudad_de_Mexico.pdf,10,09_DV2026_Ciudad_de_Mexico,19.27,1.0,1.0,29591.0,4.6,77.7,1.9,12.3,1.1,1.4,0.6,0.3,0.1,82.3,1.9,15.8,0.071,0.587,19.348301,-98.984205,100.0,True,
8,México - Puebla (Cuota),00450,MEX-150D,2025,Av. Las Torres (Eje 6) Central,09_DV2026_Ciudad_de_Mexico.pdf,10,09_DV2026_Ciudad_de_Mexico,19.27,1.0,2.0,112260.0,4.2,86.0,1.6,4.4,1.0,1.9,0.4,0.2,0.3,90.2,1.6,8.2,0.059,0.587,19.350607,-98.986307,100.0,True,
8,México - Puebla (Cuota),00450,MEX-150D,2025,Av. Las Torres (Eje 6) Lateral,09_DV2026_Ciudad_de_Mexico.pdf,10,09_DV2026_Ciudad_de_Mexico,19.27,3.0,1.0,38249.0,5.4,77.4,2.3,10.7,1.2,1.6,0.5,0.7,0.2,82.8,2.3,14.9,0.067,0.583,19.339765,-98.976568,100.0,True,
8,México - Puebla (Cuota),00450,MEX-150D,2025,Av. Las Torres (Eje 6) Central,09_DV2026_Ciudad_de_Mexico.pdf,10,09_DV2026_Ciudad_de_Mexico,19.27,3.0,1.0,74471.0,3.5,86.1,1.8,3.9,1.4,1.3,0.9,0.6,0.5,89.6,1.8,8.6,0.066,0.583,19.339804,-98.97646,100.0,True,
8,México - Puebla (Cuota),00450,MEX-150D,2025,Av. Las Torres (Eje 6) Central,09_DV2026_Ciudad_de_Mexico.pdf,10,09_DV2026_Ciudad_de_Mexico,19.27,3.0,2.0,114208.0,3.1,86.8,1.8,4.0,1.4,1.4,0.8,0.3,0.4,89.9,1.8,8.3,0.064,0.583,19.342215,-98.977844,100.0,True,
8,México - Puebla (Cuota),00450,MEX-150D,2025,Eje 10 Sur (Central),09_DV2026_Ciudad_de_Mexico.pdf,10,09_DV2026_Ciudad_de_Mexico,22.8,1.0,1.0,95507.0,2.4,90.9,1.1,3.0,0.9,0.8,0.5,0.1,0.3,93.3,1.1,5.6,0.06,0.585,19.329495,-98.965429,100.0,True,
8,México - Puebla (Cuota),00450,MEX-150D,2025,Eje 10 Sur (Lateral),09_DV2026_Ciudad_de_Mexico.pdf,10,09_DV2026_Ciudad_de_Mexico,22.8,1.0,1.0,38043.0,5.0,81.2,1.7,9.7,0.8,1.0,0.2,0.3,0.1,86.2,1.7,12.1,0.081,0.585,19.32942,-98.965491,100.0,True,
8,México - Puebla (Cuota),00450,MEX-150D,2025,Eje 10 Sur (Central),09_DV2026_Ciudad_de_Mexico.pdf,10,09_DV2026_Ciudad_de_Mexico,22.8,1.0,2.0,116808.0,2.4,90.9,1.1,3.0,0.9,0.8,0.5,0.1,0.3,93.3,1.1,5.6,0.074,0.585,19.33173,-98.967965,100.0,True,
8,México - Puebla (Cuota),00450,MEX-150D,2025,Eje 10 Sur (Central),09_DV2026_Ciudad_de_Mexico.pdf,10,09_DV2026_Ciudad_de_Mexico,22.8,3.0,1.0,49990.0,2.8,84.9,2.6,5.6,1.2,2.0,0.4,0.2,0.3,87.7,2.6,9.7,0.063,0.516,19.315253,-98.948699,100.0,True,
8,México - Puebla (Cuota),00450,MEX-150D,2025,Eje 10 Sur (Lateral),09_DV2026_Ciudad_de_Mexico.pdf,10,09_DV2026_Ciudad_de_Mexico,22.8,3.0,1.0,47059.0,5.0,81.1,2.0,9.7,0.7,0.8,0.4,0.2,0.1,86.1,2.0,11.9,0.065,0.509,19.315183,-98.948783,100.0,True,
8,México - Puebla (Cuota),00450,MEX-150D,2025,Eje 10 Sur (Lateral),09_DV2026_Ciudad_de_Mexico.pdf,10,09_DV2026_Ciudad_de_Mexico,22.8,3.0,2.0,48924.0,4.8,81.6,1.8,9.9,0.6,0.7,0.3,0.2,0.1,86.4,1.8,11.8,0.064,0.509,19.315506,-98.948416,100.0,True,
8,México - Puebla (Cuota),00450,MEX-150D,2025,Eje 10 Sur (Central),09_DV2026_Ciudad_de_Mexico.pdf,10,09_DV2026_Ciudad_de_Mexico,22.8,3.0,2.0,53771.0,2.9,84.4,2.3,5.8,1.4,2.1,0.6,0.2,0.3,87.3,2.3,10.4,0.071,0.516,19.315429,-98.948475,100.0,True,
8,México - Puebla (Cuota),00450,MEX-150D,2025,X. C. Santa Bárbara - Izúcar de Matamoros (Lateral),09_DV2026_Ciudad_de_Mexico.pdf,10,09_DV2026_Ciudad_de_Mexico,32.14,1.0,1.0,16254.0,3.2,87.2,1.2,5.1,1.0,1.3,0.5,0.3,0.2,90.4,1.2,8.4,0.072,0.503,19.292121,-98.892023,100.0,True,
8,México - Puebla (Cuota),00450,MEX-150D,2025,X. C. Santa Bárbara - Izúcar de Matamoros (Central),09_DV2026_Ciudad_de_Mexico.pdf,10,09_DV2026_Ciudad_de_Mexico,32.14,1.0,1.0,38517.0,3.2,86.5,3.5,3.1,1.5,1.2,0.5,0.3,0.2,89.7,3.5,6.8,0.059,0.507,19.292268,-98.892016,100.0,True,
8,México - Puebla (Cuota),00450,MEX-150D,2025,X. C. Santa Bárbara - Izúcar de Matamoros (Central),09_DV2026_Ciudad_de_Mexico.pdf,10,09_DV2026_Ciudad_de_Mexico,32.14,1.0,2.0,39723.0,3.4,86.6,3.0,2.9,1.7,1.5,0.4,0.2,0.3,90.0,3.0,7.0,0.066,0.507,19.292434,-98.891957,100.0,True,
8,México - Puebla (Cuota),00450,MEX-150D,2025,X. C. Santa Bárbara - Izúcar de Matamoros (Lateral),09_DV2026_Ciudad_de_Mexico.pdf,10,09_DV2026_Ciudad_de_Mexico,32.14,1.0,2.0,16477.0,4.9,86.0,1.3,4.8,1.0,1.1,0.5,0.2,0.2,90.9,1.3,7.8,0.077,0.503,19.292575,-98.891976,100.0,True,
8,México - Puebla (Cuota),00450,MEX-150D,2025,X. C. Santa Bárbara - Izúcar de Matamoros (Central),09_DV2026_Ciudad_de_Mexico.pdf,10,09_DV2026_Ciudad_de_Mexico,32.14,3.0,1.0,13531.0,0.9,76.4,5.4,9.3,1.7,4.0,1.5,0.5,0.3,77.3,5.4,17.3,0.073,0.505,19.294764,-98.876243,100.0,True,
8,México - Puebla (Cuota),00450,MEX-150D,2025,X. C. Santa Bárbara - Izúcar de Matamoros (Lateral),09_DV2026_Ciudad_de_Mexico.pdf,10,09_DV2026_Ciudad_de_Mexico,32.14,3.0,1.0,1441.0,3.2,70.4,4.6,6.2,2.2,6.8,2.3,4.1,0.2,73.6,4.6,21.8,0.074,0.523,19.294616,-98.876201,100.0,True,
8,México - Puebla (Cuota),00450,MEX-150D,2025,X. C. Santa Bárbara - Izúcar de Matamoros (Central),09_DV2026_Ciudad_de_Mexico.pdf,10,09_DV2026_Ciudad_de_Mexico,32.14,3.0,2.0,13238.0,1.3,73.1,5.7,10.4,2.2,4.7,1.8,0.5,0.3,74.4,5.7,19.9,0.096,0.505,19.295001,-98.875802,100.0,True,
8,México - Puebla (Cuota),00450,MEX-150D,2025,X. C. Santa Bárbara - Izúcar de Matamoros (Lateral),09_DV2026_Ciudad_de_Mexico.pdf,10,09_DV2026_Ciudad_de_Mexico,32.14,3.0,2.0,1581.0,3.2,69.9,5.8,4.9,2.5,6.5,2.2,4.7,0.3,73.1,5.8,21.1,0.086,0.523,19.295136,-98.875843,100.0,True,
8,México - Puebla (Cuota),00450,MEX-150D,2025,Plaza de Cobro San Marcos,09_DV2026_Ciudad_de_Mexico.pdf,10,09_DV2026_Ciudad_de_Mexico,33.3,2.0,1.0,16859.0,0.7,75.4,4.6,4.8,3.5,7.4,0.6,2.5,0.5,76.1,4.6,19.3,0.068,0.5,19.296272,-98.870712,100.0,True,
8,México - Puebla (Cuota),00450,MEX-150D,2025,Plaza de Cobro San Marcos,09_DV2026_Ciudad_de_Mexico.pdf,11,09_DV2026_Ciudad_de_Mexico,33.3,2.0,2.0,16859.0,0.7,75.4,4.6,4.8,3.5,7.4,0.6,2.5,0.5,76.1,4.6,19.3,0.068,0.5,19.296272,-98.870712,100.0,True,
8,México - Puebla (Cuota),00450,MEX-150D,2025,T. Izq. Río Frío,09_DV2026_Ciudad_de_Mexico.pdf,11,09_DV2026_Ciudad_de_Mexico,63.79,3.0,1.0,20863.0,0.9,79.5,4.7,6.0,1.8,4.4,0.7,1.7,0.3,80.4,4.7,14.9,0.079,0.505,19.350607,-98.658686,100.0,True,
8,México - Puebla (Cuota),00450,MEX-150D,2025,T. Izq. Río Frío,09_DV2026_Ciudad_de_Mexico.pdf,11,09_DV2026_Ciudad_de_Mexico,63.79,3.0,2.0,21324.0,1.1,78.4,5.2,6.0,2.0,4.5,0.8,1.7,0.3,79.5,5.2,15.3,0.075,0.505,19.351601,-98.660177,100.0,True,
8,México - Puebla (Cuota),00450,MEX-150D,2025,Lim. Edos. Term. Méx. Ppia. Pue.,09_DV2026_Ciudad_de_Mexico.pdf,11,09_DV2026_Ciudad_de_Mexico,65.46,,,,,,,,,,,,,,,,,,,,,False,
8,México - Puebla (Cuota),00450,MEX-150D,2025,T. Der. A San Rafael Ixtapalucan,09_DV2026_Ciudad_de_Mexico.pdf,11,09_DV2026_Ciudad_de_Mexico,76.8,3.0,1.0,24189.0,2.5,74.5,7.3,4.9,2.1,5.7,0.7,1.8,0.5,77.0,7.3,15.7,0.067,0.612,19.330436,-98.541976,100.0,True,
8,México - Puebla (Cuota),00450,MEX-150D,2025,T. Der. A San Rafael Ixtapalucan,09_DV2026_Ciudad_de_Mexico.pdf,11,09_DV2026_Ciudad_de_Mexico,76.8,3.0,2.0,25478.0,2.7,73.7,7.3,5.0,2.4,5.4,0.8,2.0,0.7,76.4,7.3,16.3,0.084,0.612,19.324664,-98.525181,100.0,True,
8,México - Puebla (Cuota),00450,MEX-150D,2025,T. Izq. Tlaxcala,09_DV2026_Ciudad_de_Mexico.pdf,11,09_DV2026_Ciudad_de_Mexico,90.61,1.0,1.0,22801.0,2.6,74.9,6.4,4.7,2.3,5.8,0.8,2.0,0.5,77.5,6.4,16.1,0.07,0.639,19.274057,-98.436337,100.0,True,
8,México - Puebla (Cuota),00450,MEX-150D,2025,T. Izq. Tlaxcala,09_DV2026_Ciudad_de_Mexico.pdf,11,09_DV2026_Ciudad_de_Mexico,90.61,1.0,2.0,23871.0,2.4,74.7,6.8,4.7,2.2,5.9,0.9,1.9,0.5,77.1,6.8,16.1,0.084,0.639,19.274141,-98.436221,100.0,True,
8,México - Puebla (Cuota),00450,MEX-150D,2025,T. Izq. Tlaxcala,09_DV2026_Ciudad_de_Mexico.pdf,11,09_DV2026_Ciudad_de_Mexico,90.61,3.0,1.0,25663.0,1.5,74.7,5.2,7.5,1.8,6.0,1.0,2.1,0.2,76.2,5.2,18.6,0.063,0.563,19.261672,-98.417277,100.0,True,
8,México - Puebla (Cuota),00450,MEX-150D,2025,T. Izq. Tlaxcala,09_DV2026_Ciudad_de_Mexico.pdf,11,09_DV2026_Ciudad_de_Mexico,90.61,3.0,2.0,27995.0,1.1,72.7,5.4,7.6,2.0,6.4,1.5,3.1,0.2,73.8,5.4,20.8,0.066,0.563,19.26188,-98.417331,100.0,True,
8,México - Puebla (Cuota),00450,MEX-150D,2025,Plaza de Cobro San Martín Texmelucan,09_DV2026_Ciudad_de_Mexico.pdf,11,09_DV2026_Ciudad_de_Mexico,91.17,2.0,1.0,25585.0,0.9,70.3,4.2,4.7,4.2,10.2,1.1,3.6,0.8,71.2,4.2,24.6,0.068,0.5,19.24119,-98.385786,100.0,True,
8,México - Puebla (Cuota),00450,MEX-150D,2025,Plaza de Cobro San Martín Texmelucan,09_DV2026_Ciudad_de_Mexico.pdf,11,09_DV2026_Ciudad_de_Mexico,91.17,2.0,2.0,25585.0,0.9,70.3,4.2,4.7,4.2,10.2,1.1,3.6,0.8,71.2,4.2,24.6,0.068,0.5,19.24119,-98.385786,100.0,True,
8,México - Puebla (Cuota),00450,MEX-150D,2025,Lim. Edos. Term. Pue. Ppia. Tlax.,09_DV2026_Ciudad_de_Mexico.pdf,11,09_DV2026_Ciudad_de_Mexico,99.11,,,,,,,,,,,,,,,,,,,,,False,
8,México - Puebla (Cuota),00450,MEX-150D,2025,T. Der. Aeropuerto Internacional De Puebla,09_DV2026_Ciudad_de_Mexico.pdf,11,09_DV2026_Ciudad_de_Mexico,101.1,3.0,1.0,35664.0,1.8,79.7,4.0,4.2,2.0,5.1,1.0,1.4,0.8,81.5,4.0,14.5,0.077,0.574,19.210744,-98.351394,100.0,True,
8,México - Puebla (Cuota),00450,MEX-150D,2025,T. Der. Aeropuerto Internacional De Puebla,09_DV2026_Ciudad_de_Mexico.pdf,11,09_DV2026_Ciudad_de_Mexico,101.1,3.0,2.0,36291.0,1.5,77.7,4.5,5.1,2.2,5.4,1.2,1.5,0.9,79.2,4.5,16.3,0.075,0.574,19.2093,-98.349408,100.0,True,
8,México - Puebla (Cuota),00450,MEX-150D,2025,X. C. Xoxtla - Huactzinco,09_DV2026_Ciudad_de_Mexico.pdf,11,09_DV2026_Ciudad_de_Mexico,107.98,1.0,1.0,39135.0,1.2,78.4,3.5,6.0,1.9,5.5,1.5,1.3,0.7,79.6,3.5,16.9,0.08,0.55,19.182855,-98.31746,100.0,True,
8,México - Puebla (Cuota),00450,MEX-150D,2025,X. C. Xoxtla - Huactzinco,09_DV2026_Ciudad_de_Mexico.pdf,11,09_DV2026_Ciudad_de_Mexico,107.98,1.0,2.0,39880.0,1.3,77.7,3.6,6.0,2.2,5.7,1.5,1.3,0.7,79.0,3.6,17.4,0.066,0.55,19.179867,-98.313618,100.0,True,
8,México - Puebla (Cuota),00450,MEX-150D,2025,X. C. Xoxtla - Huactzinco,09_DV2026_Ciudad_de_Mexico.pdf,11,09_DV2026_Ciudad_de_Mexico,107.98,3.0,1.0,42335.0,4.5,77.4,2.8,6.5,1.4,4.3,0.9,1.8,0.4,81.9,2.8,15.3,0.062,0.507,19.16361,-98.296951,100.0,True,
8,México - Puebla (Cuota),00450,MEX-150D,2025,X. C. Xoxtla - Huactzinco,09_DV2026_Ciudad_de_Mexico.pdf,11,09_DV2026_Ciudad_de_Mexico,107.98,3.0,2.0,41659.0,4.6,75.1,3.0,7.6,1.5,4.8,1.1,1.9,0.4,79.7,3.0,17.3,0.067,0.507,19.166001,-98.29846,100.0,True,
8,México - Puebla (Cuota),00450,MEX-150D,2025,Lim. Edos. Term. Tlax. Ppia. Pue.,09_DV2026_Ciudad_de_Mexico.pdf,11,09_DV2026_Ciudad_de_Mexico,108.0,,,,,,,,,,,,,,,,,,,,,False,
8,México - Puebla (Cuota),00450,MEX-150D,2025,Anillo Periferico Poniente de Puebla (Central),09_DV2026_Ciudad_de_Mexico.pdf,11,09_DV2026_Ciudad_de_Mexico,114.0,3.0,1.0,31692.0,2.3,79.3,3.5,5.1,2.3,4.0,0.7,2.4,0.4,81.6,3.5,14.9,0.073,0.52,19.12699,-98.263724,100.0,True,
8,México - Puebla (Cuota),00450,MEX-150D,2025,Anillo Periferico Poniente de Puebla (Lateral),09_DV2026_Ciudad_de_Mexico.pdf,11,09_DV2026_Ciudad_de_Mexico,114.0,3.0,1.0,33693.0,2.5,81.5,2.6,5.2,1.9,3.8,1.2,0.9,0.4,84.0,2.6,13.4,0.073,0.52,19.1283,-98.265094,100.0,True,
8,México - Puebla (Cuota),00450,MEX-150D,2025,Anillo Periferico Poniente de Puebla (Central),09_DV2026_Ciudad_de_Mexico.pdf,11,09_DV2026_Ciudad_de_Mexico,114.0,3.0,2.0,30294.0,2.1,79.4,3.4,5.2,2.4,4.0,0.7,2.4,0.4,81.5,3.4,15.1,0.075,0.52,19.127049,-98.263659,100.0,True,
8,México - Puebla (Cuota),00450,MEX-150D,2025,Anillo Periferico Poniente de Puebla (Lateral),09_DV2026_Ciudad_de_Mexico.pdf,11,09_DV2026_Ciudad_de_Mexico,114.0,3.0,2.0,31515.0,2.4,81.9,2.4,5.1,1.8,4.0,1.2,0.9,0.3,84.3,2.4,13.3,0.078,0.52,19.12737,-98.263821,100.0,True,
8,México - Puebla (Cuota),00450,MEX-150D,2025,Boulevar Hermanos Serdán,09_DV2026_Ciudad_de_Mexico.pdf,11,09_DV2026_Ciudad_de_Mexico,120.46,3.0,1.0,61356.0,1.6,84.4,2.6,5.0,1.8,2.5,1.0,0.8,0.3,86.0,2.6,11.4,0.054,0.556,19.089363,-98.216917,100.0,True,
8,México - Puebla (Cuota),00450,MEX-150D,2025,Boulevar Hermanos Serdán,09_DV2026_Ciudad_de_Mexico.pdf,11,09_DV2026_Ciudad_de_Mexico,120.46,3.0,2.0,60678.0,1.7,83.3,2.8,5.1,1.8,2.8,1.2,0.8,0.5,85.0,2.8,12.2,0.068,0.556,19.089505,-98.216872,100.0,True,
8,México - Puebla (Cuota),00450,MEX-150D,2025,X. C. Puebla - Tlaxcala (Central),09_DV2026_Ciudad_de_Mexico.pdf,11,09_DV2026_Ciudad_de_Mexico,123.0,3.0,1.0,51489.0,2.2,83.6,2.5,5.0,1.9,2.9,0.7,0.9,0.3,85.8,2.5,11.7,0.058,0.531,19.086076,-98.200215,100.0,True,
8,México - Puebla (Cuota),00450,MEX-150D,2025,X. C. Puebla - Tlaxcala (Lateral),09_DV2026_Ciudad_de_Mexico.pdf,11,09_DV2026_Ciudad_de_Mexico,123.0,3.0,1.0,31449.0,2.3,88.3,1.7,5.3,0.9,0.7,0.3,0.3,0.2,90.6,1.7,7.7,0.072,0.531,19.085935,-98.200094,100.0,True,
8,México - Puebla (Cuota),00450,MEX-150D,2025,X. C. Puebla - Tlaxcala (Central),09_DV2026_Ciudad_de_Mexico.pdf,11,09_DV2026_Ciudad_de_Mexico,123.0,3.0,2.0,40515.0,2.0,82.6,2.5,5.0,2.0,3.8,0.9,0.9,0.3,84.6,2.5,12.9,0.079,0.531,19.085988,-98.199425,100.0,True,
8,México - Puebla (Cuota),00450,MEX-150D,2025,X. C. Puebla - Tlaxcala (Lateral),09_DV2026_Ciudad_de_Mexico.pdf,11,09_DV2026_Ciudad_de_Mexico,123.0,3.0,2.0,29913.0,2.3,88.0,1.7,5.5,1.0,0.7,0.3,0.3,0.2,90.3,1.7,8.0,0.083,0.531,19.086099,-98.199241,100.0,True,
8,México - Puebla (Cuota),00450,MEX-150D,2025,T. C. Puebla - Belem,09_DV2026_Ciudad_de_Mexico.pdf,11,09_DV2026_Ciudad_de_Mexico,124.9,,,,,,,,,,,,,,,,,,,,,False,
9,México - Toluca (Cuota),00446,MEX-015D,2025,T. C. México - Toluca (Libre) (Puente Conafrut),09_DV2026_Ciudad_de_Mexico.pdf,12,09_DV2026_Ciudad_de_Mexico,14.0,3.0,1.0,29000.0,0.6,88.6,3.0,3.8,0.8,1.5,1.0,0.5,0.2,89.2,3.0,7.8,0.087,0.517,19.379946,-99.252085,100.0,True,
9,México - Toluca (Cuota),00446,MEX-015D,2025,T. C. México - Toluca (Libre) (Puente Conafrut),09_DV2026_Ciudad_de_Mexico.pdf,12,09_DV2026_Ciudad_de_Mexico,14.0,3.0,2.0,25451.0,0.6,88.5,2.7,3.7,0.8,1.8,1.2,0.5,0.2,89.1,2.7,8.2,0.098,0.517,19.381176,-99.250106,100.0,True,
9,México - Toluca (Cuota),00446,MEX-015D,2025,Plaza de Cobro Santa Fe,09_DV2026_Ciudad_de_Mexico.pdf,12,09_DV2026_Ciudad_de_Mexico,18.44,1.0,1.0,26060.0,0.9,87.6,3.4,4.2,0.7,1.5,1.0,0.5,0.2,88.5,3.4,8.1,0.093,0.505,19.368914,-99.266436,100.0,True,
9,México - Toluca (Cuota),00446,MEX-015D,2025,Plaza de Cobro Santa Fe,09_DV2026_Ciudad_de_Mexico.pdf,12,09_DV2026_Ciudad_de_Mexico,18.44,1.0,2.0,26626.0,0.8,87.8,3.2,4.2,0.6,1.6,1.1,0.5,0.2,88.6,3.2,8.2,0.1,0.505,19.370685,-99.265516,100.0,True,
9,México - Toluca (Cuota),00446,MEX-015D,2025,Plaza de Cobro Santa Fe,09_DV2026_Ciudad_de_Mexico.pdf,12,09_DV2026_Ciudad_de_Mexico,18.44,3.0,1.0,20965.0,0.8,88.0,2.8,4.8,0.7,1.2,1.0,0.4,0.3,88.8,2.8,8.4,0.091,0.516,19.356083,-99.277891,100.0,True,
9,México - Toluca (Cuota),00446,MEX-015D,2025,Plaza de Cobro Santa Fe,09_DV2026_Ciudad_de_Mexico.pdf,12,09_DV2026_Ciudad_de_Mexico,18.44,3.0,2.0,19701.0,0.7,88.0,3.0,4.4,0.8,1.3,1.0,0.5,0.3,88.7,3.0,8.3,0.102,0.516,19.355995,-99.277751,100.0,True,
9,México - Toluca (Cuota),00446,MEX-015D,2025,Plaza de Cobro La Venta,09_DV2026_Ciudad_de_Mexico.pdf,12,09_DV2026_Ciudad_de_Mexico,24.24,1.0,1.0,31979.0,2.2,84.1,2.8,6.4,0.9,2.1,0.7,0.5,0.3,86.3,2.8,10.9,0.092,0.507,19.334749,-99.306499,100.0,True,
9,México - Toluca (Cuota),00446,MEX-015D,2025,Plaza de Cobro La Venta,09_DV2026_Ciudad_de_Mexico.pdf,12,09_DV2026_Ciudad_de_Mexico,24.24,1.0,2.0,33001.0,1.9,84.3,3.3,6.2,0.9,1.9,0.8,0.4,0.3,86.2,3.3,10.5,0.089,0.507,19.334582,-99.306266,100.0,True,
9,México - Toluca (Cuota),00446,MEX-015D,2025,Plaza de Cobro La Venta,09_DV2026_Ciudad_de_Mexico.pdf,12,09_DV2026_Ciudad_de_Mexico,24.24,2.0,1.0,24628.0,0.9,90.2,3.9,2.2,0.9,1.2,0.2,0.4,0.1,91.1,3.9,5.0,0.089,0.5,19.332816,-99.314301,100.0,True,
9,México - Toluca (Cuota),00446,MEX-015D,2025,Plaza de Cobro La Venta,09_DV2026_Ciudad_de_Mexico.pdf,12,09_DV2026_Ciudad_de_Mexico,24.24,2.0,2.0,24628.0,0.9,90.2,3.9,2.2,0.9,1.2,0.2,0.4,0.1,91.1,3.9,5.0,0.089,0.5,19.332816,-99.314301,100.0,True,
9,México - Toluca (Cuota),00446,MEX-015D,2025,Plaza de Cobro La Venta,09_DV2026_Ciudad_de_Mexico.pdf,12,09_DV2026_Ciudad_de_Mexico,24.24,3.0,1.0,34446.0,1.9,83.8,3.0,6.0,1.3,2.4,0.6,0.7,0.3,85.7,3.0,11.3,0.105,0.521,19.318787,-99.321964,100.0,True,
9,México - Toluca (Cuota),00446,MEX-015D,2025,Plaza de Cobro La Venta,09_DV2026_Ciudad_de_Mexico.pdf,12,09_DV2026_Ciudad_de_Mexico,24.24,3.0,2.0,31428.0,2.2,83.4,3.2,5.8,1.2,2.6,0.7,0.6,0.3,85.6,3.2,11.2,0.08,0.521,19.325375,-99.317863,100.0,True,
9,México - Toluca (Cuota),00446,MEX-015D,2025,Lim. Edos. Term. CDMX Ppia. Méx.,09_DV2026_Ciudad_de_Mexico.pdf,12,09_DV2026_Ciudad_de_Mexico,32.0,,,,,,,,,,,,,,,,,,,,,False,
9,México - Toluca (Cuota),00446,MEX-015D,2025,T. C. México - Toluca (Libre) (La Marquesa),09_DV2026_Ciudad_de_Mexico.pdf,12,09_DV2026_Ciudad_de_Mexico,32.65,1.0,1.0,30523.0,2.6,84.0,3.9,2.9,1.1,3.5,0.4,1.4,0.2,86.6,3.9,9.5,0.085,0.506,19.300488,-99.365282,100.0,True,
9,México - Toluca (Cuota),00446,MEX-015D,2025,T. C. México - Toluca (Libre) (La Marquesa),09_DV2026_Ciudad_de_Mexico.pdf,12,09_DV2026_Ciudad_de_Mexico,32.65,1.0,2.0,29754.0,2.6,82.8,4.5,3.1,1.0,3.7,0.4,1.5,0.4,85.4,4.5,10.1,0.116,0.506,19.299187,-99.36275,100.0,True,
10,México - Querétaro (Cuota),00411,MEX-057-MEX-057D,2025,México,09_DV2026_Ciudad_de_Mexico.pdf,12,09_DV2026_Ciudad_de_Mexico,0.0,,,,,,,,,,,,,,,,,,,,,False,
10,México - Querétaro (Cuota),00411,MEX-057-MEX-057D,2025,Lim. Edos. Term. CDMX Ppia. Méx.,09_DV2026_Ciudad_de_Mexico.pdf,12,09_DV2026_Ciudad_de_Mexico,11.3,,,,,,,,,,,,,,,,,,,,,False,
10,México - Querétaro (Cuota),00411,MEX-057-MEX-057D,2025,Lechería,09_DV2026_Ciudad_de_Mexico.pdf,12,09_DV2026_Ciudad_de_Mexico,29.41,,,,,,,,,,,,,,,,,,,,,False,
10,México - Querétaro (Cuota),00411,MEX-057-MEX-057D,2025,Plaza de Cobro Tepotzotlán,09_DV2026_Ciudad_de_Mexico.pdf,12,09_DV2026_Ciudad_de_Mexico,43.01,2.0,1.0,33105.0,0.6,74.5,3.6,4.2,3.1,10.9,0.6,2.0,0.5,75.1,3.6,21.3,0.077,0.5,19.715361,-99.207448,100.0,True,
10,México - Querétaro (Cuota),00411,MEX-057-MEX-057D,2025,Plaza de Cobro Tepotzotlán,09_DV2026_Ciudad_de_Mexico.pdf,12,09_DV2026_Ciudad_de_Mexico,43.01,2.0,2.0,33105.0,0.6,74.5,3.6,4.2,3.1,10.9,0.6,2.0,0.5,75.1,3.6,21.3,0.077,0.5,19.715361,-99.207448,100.0,True,
10,México - Querétaro (Cuota),00411,MEX-057-MEX-057D,2025,Ent. Jorobas,09_DV2026_Ciudad_de_Mexico.pdf,12,09_DV2026_Ciudad_de_Mexico,56.18,1.0,1.0,35058.0,1.4,67.5,4.6,7.8,3.3,11.1,1.4,2.1,0.8,68.9,4.6,26.5,0.071,0.515,19.811452,-99.238518,100.0,True,
10,México - Querétaro (Cuota),00411,MEX-057-MEX-057D,2025,Ent. Jorobas,09_DV2026_Ciudad_de_Mexico.pdf,12,09_DV2026_Ciudad_de_Mexico,56.18,1.0,2.0,32877.0,1.3,67.7,4.8,7.7,3.0,10.9,1.5,2.3,0.8,69.0,4.8,26.2,0.061,0.515,19.801501,-99.234163,100.0,True,
10,México - Querétaro (Cuota),00411,MEX-057-MEX-057D,2025,Ent. Jorobas,09_DV2026_Ciudad_de_Mexico.pdf,12,09_DV2026_Ciudad_de_Mexico,56.18,3.0,1.0,47374.0,3.1,58.7,4.9,8.0,3.4,15.3,2.2,3.4,1.0,61.8,4.9,33.3,0.073,0.502,19.830902,-99.261767,100.0,True,
10,México - Querétaro (Cuota),00411,MEX-057-MEX-057D,2025,Ent. Jorobas,09_DV2026_Ciudad_de_Mexico.pdf,12,09_DV2026_Ciudad_de_Mexico,56.18,3.0,2.0,46832.0,3.2,58.8,5.2,8.0,3.3,15.0,2.0,3.5,1.0,62.0,5.2,32.8,0.065,0.502,19.832742,-99.266979,100.0,True,
10,México - Querétaro (Cuota),00411,MEX-057-MEX-057D,2025,Lim. Edos. Term. Méx. Ppia. Hgo.,09_DV2026_Ciudad_de_Mexico.pdf,12,09_DV2026_Ciudad_de_Mexico,59.85,,,,,,,,,,,,,,,,,,,,,False,
10,México - Querétaro (Cuota),00411,MEX-057-MEX-057D,2025,T. Der. Tepeji del Río,09_DV2026_Ciudad_de_Mexico.pdf,12,09_DV2026_Ciudad_de_Mexico,69.36,1.0,1.0,38226.0,4.3,69.3,4.4,7.2,2.7,7.7,1.1,2.5,0.8,73.6,4.4,22.0,0.076,0.504,19.862948,-99.313324,100.0,True,
10,México - Querétaro (Cuota),00411,MEX-057-MEX-057D,2025,T. Der. Tepeji del Río,09_DV2026_Ciudad_de_Mexico.pdf,12,09_DV2026_Ciudad_de_Mexico,69.36,1.0,2.0,37604.0,4.0,69.1,4.3,7.4,2.9,7.5,1.2,2.7,0.9,73.1,4.3,22.6,0.072,0.504,19.87109,-99.338581,100.0,True,
10,México - Querétaro (Cuota),00411,MEX-057-MEX-057D,2025,T. Der. Tepeji del Río,09_DV2026_Ciudad_de_Mexico.pdf,12,09_DV2026_Ciudad_de_Mexico,69.36,3.0,1.0,34824.0,4.9,68.8,4.4,6.8,2.8,8.0,1.2,2.4,0.7,73.7,4.4,21.9,0.081,0.507,19.920808,-99.370317,100.0,True,
10,México - Querétaro (Cuota),00411,MEX-057-MEX-057D,2025,T. Der. Tepeji del Río,09_DV2026_Ciudad_de_Mexico.pdf,12,09_DV2026_Ciudad_de_Mexico,69.36,3.0,2.0,35899.0,5.2,68.8,4.6,6.6,3.0,7.8,1.0,2.2,0.8,74.0,4.6,21.4,0.095,0.507,19.920713,-99.370409,100.0,True,
10,México - Querétaro (Cuota),00411,MEX-057-MEX-057D,2025,T. Izq. Jilotepec,09_DV2026_Ciudad_de_Mexico.pdf,12,09_DV2026_Ciudad_de_Mexico,83.75,1.0,1.0,34363.0,5.4,68.7,3.2,7.4,2.8,7.9,1.4,2.7,0.5,74.1,3.2,22.7,0.078,0.518,19.972297,-99.434174,100.0,True,
10,México - Querétaro (Cuota),00411,MEX-057-MEX-057D,2025,T. Izq. Jilotepec,09_DV2026_Ciudad_de_Mexico.pdf,13,09_DV2026_Ciudad_de_Mexico,83.75,1.0,2.0,31829.0,5.3,68.7,3.3,7.5,2.7,7.8,1.5,2.6,0.6,74.0,3.3,22.7,0.064,0.518,19.977553,-99.437938,100.0,True,
10,México - Querétaro (Cuota),00411,MEX-057-MEX-057D,2025,T. Izq. Jilotepec,09_DV2026_Ciudad_de_Mexico.pdf,13,09_DV2026_Ciudad_de_Mexico,83.75,3.0,1.0,39638.0,4.8,66.7,5.2,7.5,3.0,7.9,1.7,2.7,0.5,71.5,5.2,23.3,0.08,0.522,19.989624,-99.458452,100.0,True,
10,México - Querétaro (Cuota),00411,MEX-057-MEX-057D,2025,T. Izq. Jilotepec,09_DV2026_Ciudad_de_Mexico.pdf,13,09_DV2026_Ciudad_de_Mexico,83.75,3.0,2.0,35936.0,4.9,66.3,5.3,7.4,3.1,8.0,1.6,2.8,0.6,71.2,5.3,23.5,0.066,0.522,19.989961,-99.460589,100.0,True,
10,México - Querétaro (Cuota),00411,MEX-057-MEX-057D,2025,Lim. Edos. Term. Hgo. Ppia. Méx.,09_DV2026_Ciudad_de_Mexico.pdf,13,09_DV2026_Ciudad_de_Mexico,86.0,,,,,,,,,,,,,,,,,,,,,False,
10,México - Querétaro (Cuota),00411,MEX-057-MEX-057D,2025,X. C. Libramiento Norte de La Ciudad de México (Cuota),09_DV2026_Ciudad_de_Mexico.pdf,13,09_DV2026_Ciudad_de_Mexico,89.44,3.0,1.0,36629.0,5.3,66.0,5.3,7.0,3.0,7.3,2.3,3.0,0.8,71.3,5.3,23.4,0.087,0.516,20.005679,-99.501744,100.0,True,
10,México - Querétaro (Cuota),00411,MEX-057-MEX-057D,2025,X. C. Libramiento Norte de La Ciudad de México (Cuota),09_DV2026_Ciudad_de_Mexico.pdf,13,09_DV2026_Ciudad_de_Mexico,89.44,3.0,2.0,39260.0,5.2,66.6,5.2,6.9,2.9,7.2,2.2,2.9,0.9,71.8,5.2,23.0,0.059,0.516,20.003037,-99.497872,100.0,True,
10,México - Querétaro (Cuota),00411,MEX-057-MEX-057D,2025,T. Der. Palos Altos,09_DV2026_Ciudad_de_Mexico.pdf,13,09_DV2026_Ciudad_de_Mexico,97.8,1.0,1.0,34755.0,4.6,68.2,4.2,7.0,2.7,8.2,1.7,2.6,0.8,72.8,4.2,23.0,0.059,0.515,20.024352,-99.532214,100.0,True,
10,México - Querétaro (Cuota),00411,MEX-057-MEX-057D,2025,T. Der. Palos Altos,09_DV2026_Ciudad_de_Mexico.pdf,13,09_DV2026_Ciudad_de_Mexico,97.8,1.0,2.0,37193.0,4.5,68.6,4.1,6.9,2.6,8.1,1.8,2.7,0.7,73.1,4.1,22.8,0.07,0.515,20.034691,-99.55788,100.0,True,
10,México - Querétaro (Cuota),00411,MEX-057-MEX-057D,2025,X. C. Jilotepec - Maravillas,09_DV2026_Ciudad_de_Mexico.pdf,13,09_DV2026_Ciudad_de_Mexico,107.0,1.0,1.0,30424.0,5.3,64.6,4.0,4.4,3.8,11.3,1.7,4.3,0.6,69.9,4.0,26.1,0.076,0.505,20.080814,-99.619565,100.0,True,
10,México - Querétaro (Cuota),00411,MEX-057-MEX-057D,2025,X. C. Jilotepec - Maravillas,09_DV2026_Ciudad_de_Mexico.pdf,13,09_DV2026_Ciudad_de_Mexico,107.0,1.0,2.0,31092.0,5.2,64.6,4.1,4.3,3.9,11.2,1.6,4.4,0.7,69.8,4.1,26.1,0.09,0.505,20.076023,-99.614275,100.0,True,
10,México - Querétaro (Cuota),00411,MEX-057-MEX-057D,2025,X. C. Jilotepec - Maravillas,09_DV2026_Ciudad_de_Mexico.pdf,13,09_DV2026_Ciudad_de_Mexico,107.0,3.0,1.0,35296.0,4.5,57.3,9.1,5.7,2.5,14.2,1.9,3.9,0.9,61.8,9.1,29.1,0.062,0.513,20.082412,-99.635857,100.0,True,
10,México - Querétaro (Cuota),00411,MEX-057-MEX-057D,2025,X. C. Jilotepec - Maravillas,09_DV2026_Ciudad_de_Mexico.pdf,13,09_DV2026_Ciudad_de_Mexico,107.0,3.0,2.0,33383.0,4.6,57.3,9.0,5.8,2.6,14.3,1.8,3.8,0.8,61.9,9.0,29.1,0.081,0.513,20.082545,-99.633639,100.0,True,
10,México - Querétaro (Cuota),00411,MEX-057-MEX-057D,2025,T. Izq. Aculco,09_DV2026_Ciudad_de_Mexico.pdf,13,09_DV2026_Ciudad_de_Mexico,114.8,1.0,1.0,35622.0,5.2,58.3,7.0,5.0,3.0,14.8,1.8,4.1,0.8,63.5,7.0,29.5,0.071,0.513,20.097492,-99.692855,100.0,True,
10,México - Querétaro (Cuota),00411,MEX-057-MEX-057D,2025,T. Izq. Aculco,09_DV2026_Ciudad_de_Mexico.pdf,13,09_DV2026_Ciudad_de_Mexico,114.8,1.0,2.0,37653.0,5.1,58.2,6.9,5.1,3.1,14.8,1.9,4.2,0.7,63.3,6.9,29.8,0.07,0.513,20.091274,-99.686658,100.0,True,
10,México - Querétaro (Cuota),00411,MEX-057-MEX-057D,2025,T. Izq. Aculco,09_DV2026_Ciudad_de_Mexico.pdf,13,09_DV2026_Ciudad_de_Mexico,114.8,3.0,1.0,33068.0,4.7,58.6,7.5,6.5,2.6,12.8,1.9,4.6,0.8,63.3,7.5,29.2,0.078,0.51,20.109956,-99.707256,100.0,True,
10,México - Querétaro (Cuota),00411,MEX-057-MEX-057D,2025,T. Izq. Aculco,09_DV2026_Ciudad_de_Mexico.pdf,13,09_DV2026_Ciudad_de_Mexico,114.8,3.0,2.0,34652.0,4.6,59.4,7.4,6.4,2.5,12.7,1.8,4.5,0.7,64.0,7.4,28.6,0.078,0.51,20.108553,-99.704275,100.0,True,
10,México - Querétaro (Cuota),00411,MEX-057-MEX-057D,2025,T. Izq. Encinillas,09_DV2026_Ciudad_de_Mexico.pdf,13,09_DV2026_Ciudad_de_Mexico,121.7,1.0,1.0,33572.0,5.0,59.6,7.1,5.0,2.5,14.1,2.2,3.7,0.8,64.6,7.1,28.3,0.067,0.516,20.13426,-99.728711,100.0,True,
10,México - Querétaro (Cuota),00411,MEX-057-MEX-057D,2025,T. Izq. Encinillas,09_DV2026_Ciudad_de_Mexico.pdf,13,09_DV2026_Ciudad_de_Mexico,121.7,1.0,2.0,35987.0,4.9,59.4,7.2,5.1,2.4,14.2,2.3,3.6,0.9,64.3,7.2,28.5,0.074,0.516,20.145772,-99.734718,100.0,True,
10,México - Querétaro (Cuota),00411,MEX-057-MEX-057D,2025,Polotitlán,09_DV2026_Ciudad_de_Mexico.pdf,13,09_DV2026_Ciudad_de_Mexico,133.0,1.0,1.0,37344.0,5.4,60.4,7.5,3.9,3.1,12.9,2.4,3.5,0.9,65.8,7.5,26.7,0.064,0.514,20.218615,-99.80169,100.0,True,
10,México - Querétaro (Cuota),00411,MEX-057-MEX-057D,2025,Polotitlán,09_DV2026_Ciudad_de_Mexico.pdf,13,09_DV2026_Ciudad_de_Mexico,133.0,1.0,2.0,35140.0,5.3,61.0,7.4,3.8,3.0,12.8,2.3,3.6,0.8,66.3,7.4,26.3,0.066,0.514,20.220127,-99.803885,100.0,True,
10,México - Querétaro (Cuota),00411,MEX-057-MEX-057D,2025,Lim. Edos. Term. Méx. Ppia. Qro.,09_DV2026_Ciudad_de_Mexico.pdf,13,09_DV2026_Ciudad_de_Mexico,145.5,,,,,,,,,,,,,,,,,,,,,False,
10,México - Querétaro (Cuota),00411,MEX-057-MEX-057D,2025,Plaza de Cobro Palmillas,09_DV2026_Ciudad_de_Mexico.pdf,13,09_DV2026_Ciudad_de_Mexico,147.92,2.0,1.0,20593.0,0.5,62.6,3.1,5.7,4.2,17.8,1.5,3.6,1.0,63.1,3.1,33.8,0.077,0.5,20.296112,-99.929069,100.0,True,
10,México - Querétaro (Cuota),00411,MEX-057-MEX-057D,2025,Plaza de Cobro Palmillas,09_DV2026_Ciudad_de_Mexico.pdf,13,09_DV2026_Ciudad_de_Mexico,147.92,2.0,2.0,20593.0,0.5,62.6,3.1,5.7,4.2,17.8,1.5,3.6,1.0,63.1,3.1,33.8,0.077,0.5,20.296112,-99.929069,100.0,True,
10,México - Querétaro (Cuota),00411,MEX-057-MEX-057D,2025,T. Izq. Toluca,09_DV2026_Ciudad_de_Mexico.pdf,13,09_DV2026_Ciudad_de_Mexico,148.5,1.0,1.0,31729.0,4.7,61.7,5.1,4.1,3.1,14.5,1.9,4.1,0.8,66.4,5.1,28.5,0.063,0.501,20.287531,-99.913603,100.0,True,
10,México - Querétaro (Cuota),00411,MEX-057-MEX-057D,2025,T. Izq. Toluca,09_DV2026_Ciudad_de_Mexico.pdf,13,09_DV2026_Ciudad_de_Mexico,148.5,1.0,2.0,31643.0,4.6,61.9,5.0,4.0,3.0,14.6,2.0,4.0,0.9,66.5,5.0,28.5,0.062,0.501,20.284618,-99.90928,100.0,True,
10,México - Querétaro (Cuota),00411,MEX-057-MEX-057D,2025,T. Izq. Toluca,09_DV2026_Ciudad_de_Mexico.pdf,13,09_DV2026_Ciudad_de_Mexico,148.5,3.0,1.0,36767.0,1.6,63.9,6.1,6.7,4.0,12.1,2.1,2.6,0.9,65.5,6.1,28.4,0.052,0.507,20.312937,-99.931635,100.0,True,
10,México - Querétaro (Cuota),00411,MEX-057-MEX-057D,2025,T. Izq. Toluca,09_DV2026_Ciudad_de_Mexico.pdf,13,09_DV2026_Ciudad_de_Mexico,148.5,3.0,2.0,37954.0,1.7,64.5,6.0,6.6,3.9,12.0,2.0,2.5,0.8,66.2,6.0,27.8,0.058,0.507,20.320155,-99.934129,100.0,True,
10,México - Querétaro (Cuota),00411,MEX-057-MEX-057D,2025,T. Der. Portezuelo,09_DV2026_Ciudad_de_Mexico.pdf,13,09_DV2026_Ciudad_de_Mexico,151.53,3.0,1.0,41721.0,5.4,60.4,6.8,5.9,2.7,13.4,1.7,3.1,0.6,65.8,6.8,27.4,0.069,0.515,20.336805,-99.941322,100.0,True,
10,México - Querétaro (Cuota),00411,MEX-057-MEX-057D,2025,T. Der. Portezuelo,09_DV2026_Ciudad_de_Mexico.pdf,13,09_DV2026_Ciudad_de_Mexico,151.53,3.0,2.0,44638.0,5.3,60.8,6.9,5.8,2.6,13.3,1.6,3.0,0.7,66.1,6.9,27.0,0.078,0.515,20.336182,-99.941335,100.0,True,
10,México - Querétaro (Cuota),00411,MEX-057-MEX-057D,2025,T. Der. Poniente San Juan del Río,09_DV2026_Ciudad_de_Mexico.pdf,13,09_DV2026_Ciudad_de_Mexico,164.1,3.0,1.0,48201.0,7.4,65.5,5.4,5.3,2.5,8.4,1.3,3.4,0.8,72.9,5.4,21.7,0.067,0.516,20.373858,-99.994415,100.0,True,
10,México - Querétaro (Cuota),00411,MEX-057-MEX-057D,2025,T. Der. Poniente San Juan del Río,09_DV2026_Ciudad_de_Mexico.pdf,13,09_DV2026_Ciudad_de_Mexico,164.1,3.0,2.0,51687.0,6.7,63.9,5.9,5.3,2.8,9.5,1.5,3.5,0.9,70.6,5.9,23.5,0.074,0.516,20.371958,-99.990429,100.0,True,
10,México - Querétaro (Cuota),00411,MEX-057-MEX-057D,2025,La Estancia,09_DV2026_Ciudad_de_Mexico.pdf,13,09_DV2026_Ciudad_de_Mexico,169.4,1.0,1.0,54514.0,5.3,67.7,5.5,4.7,2.9,9.0,1.5,2.5,0.9,73.0,5.5,21.5,0.064,0.519,20.423616,-100.052184,100.0,True,
10,México - Querétaro (Cuota),00411,MEX-057-MEX-057D,2025,La Estancia,09_DV2026_Ciudad_de_Mexico.pdf,13,09_DV2026_Ciudad_de_Mexico,169.4,1.0,2.0,59573.0,5.0,66.6,6.0,5.3,2.3,9.4,1.5,2.9,1.0,71.6,6.0,22.4,0.064,0.519,20.424627,-100.053668,100.0,True,
10,México - Querétaro (Cuota),00411,MEX-057-MEX-057D,2025,T. Izq. Acámbaro,09_DV2026_Ciudad_de_Mexico.pdf,13,09_DV2026_Ciudad_de_Mexico,170.45,3.0,1.0,46171.0,5.1,66.9,5.6,5.4,2.0,10.2,1.3,2.7,0.8,72.0,5.6,22.4,0.068,0.521,20.447708,-100.079273,100.0,True,
10,México - Querétaro (Cuota),00411,MEX-057-MEX-057D,2025,T. Izq. Acámbaro,09_DV2026_Ciudad_de_Mexico.pdf,13,09_DV2026_Ciudad_de_Mexico,170.45,3.0,2.0,50750.0,5.0,64.9,5.7,5.3,2.4,11.9,1.3,2.7,0.8,69.9,5.7,24.4,0.08,0.521,20.44987,-100.082324,100.0,True,
10,México - Querétaro (Cuota),00411,MEX-057-MEX-057D,2025,T. Izq. El Sauz,09_DV2026_Ciudad_de_Mexico.pdf,14,09_DV2026_Ciudad_de_Mexico,176.5,3.0,1.0,44655.0,6.0,65.2,4.3,6.1,2.9,10.1,1.7,2.9,0.8,71.2,4.3,24.5,0.074,0.522,20.477787,-100.110907,100.0,True,
10,México - Querétaro (Cuota),00411,MEX-057-MEX-057D,2025,T. Izq. El Sauz,09_DV2026_Ciudad_de_Mexico.pdf,14,09_DV2026_Ciudad_de_Mexico,176.5,3.0,2.0,49266.0,6.0,66.9,3.5,6.2,2.7,9.7,1.6,2.5,0.9,72.9,3.5,23.6,0.071,0.522,20.497764,-100.133968,100.0,True,
10,México - Querétaro (Cuota),00411,MEX-057-MEX-057D,2025,T. Der. San Ildefonso,09_DV2026_Ciudad_de_Mexico.pdf,14,09_DV2026_Ciudad_de_Mexico,185.3,1.0,1.0,47364.0,4.2,72.0,4.2,6.9,1.1,7.5,1.8,1.5,0.8,76.2,4.2,19.6,0.068,0.536,20.520999,-100.168478,100.0,True,
10,México - Querétaro (Cuota),00411,MEX-057-MEX-057D,2025,T. Der. San Ildefonso,09_DV2026_Ciudad_de_Mexico.pdf,14,09_DV2026_Ciudad_de_Mexico,185.3,1.0,2.0,55634.0,3.8,73.2,4.2,6.4,1.3,7.3,1.7,1.3,0.8,77.0,4.2,18.8,0.072,0.536,20.517352,-100.163871,100.0,True,
10,México - Querétaro (Cuota),00411,MEX-057-MEX-057D,2025,T. Der. Libramiento Nororiente de Querétaro (Cuota),09_DV2026_Ciudad_de_Mexico.pdf,14,09_DV2026_Ciudad_de_Mexico,192.5,1.0,1.0,52291.0,3.5,74.7,4.2,6.1,1.5,6.5,1.3,1.7,0.5,78.2,4.2,17.6,0.071,0.528,20.552636,-100.215635,100.0,True,
10,México - Querétaro (Cuota),00411,MEX-057-MEX-057D,2025,T. Der. Libramiento Nororiente de Querétaro (Cuota),09_DV2026_Ciudad_de_Mexico.pdf,14,09_DV2026_Ciudad_de_Mexico,192.5,1.0,2.0,59322.0,3.1,72.9,4.6,7.0,1.7,6.8,1.4,1.9,0.6,76.0,4.6,19.4,0.068,0.528,20.55167,-100.21462,100.0,True,
10,México - Querétaro (Cuota),00411,MEX-057-MEX-057D,2025,T. Der. Libramiento Nororiente de Querétaro (Cuota),09_DV2026_Ciudad_de_Mexico.pdf,14,09_DV2026_Ciudad_de_Mexico,192.5,3.0,1.0,59721.0,1.9,77.6,2.8,7.9,1.8,4.8,1.7,0.8,0.7,79.5,2.8,17.7,0.069,0.513,20.562649,-100.237209,100.0,True,
10,México - Querétaro (Cuota),00411,MEX-057-MEX-057D,2025,T. Der. Libramiento Nororiente de Querétaro (Cuota),09_DV2026_Ciudad_de_Mexico.pdf,14,09_DV2026_Ciudad_de_Mexico,192.5,3.0,2.0,63486.0,1.7,75.5,3.0,9.0,1.9,5.3,1.9,0.9,0.8,77.2,3.0,19.8,0.068,0.513,20.56169,-100.234789,100.0,True,
10,México - Querétaro (Cuota),00411,MEX-057-MEX-057D,2025,T. Der. Libramiento de Querétaro (Blv. Bernardo Quintana),09_DV2026_Ciudad_de_Mexico.pdf,14,09_DV2026_Ciudad_de_Mexico,207.0,1.0,1.0,78772.0,2.2,83.8,1.4,2.8,2.3,4.1,0.6,2.0,0.8,86.0,1.4,12.6,0.071,0.51,20.573484,-100.324051,100.0,True,
10,México - Querétaro (Cuota),00411,MEX-057-MEX-057D,2025,T. Der. Libramiento de Querétaro (Blv. Bernardo Quintana),09_DV2026_Ciudad_de_Mexico.pdf,14,09_DV2026_Ciudad_de_Mexico,207.0,1.0,2.0,82461.0,1.9,82.6,1.5,3.3,2.6,4.5,0.7,2.0,0.9,84.5,1.5,14.0,0.092,0.51,20.574475,-100.33094,100.0,True,
10,México - Querétaro (Cuota),00411,MEX-057-MEX-057D,2025,T. Der. Libramiento de Querétaro (Blv. Bernardo Quintana),09_DV2026_Ciudad_de_Mexico.pdf,14,09_DV2026_Ciudad_de_Mexico,207.0,3.0,1.0,39181.0,2.1,91.2,0.6,4.0,0.3,0.7,0.6,0.3,0.2,93.3,0.6,6.1,0.076,0.505,20.579404,-100.37549,100.0,True,
10,México - Querétaro (Cuota),00411,MEX-057-MEX-057D,2025,T. Der. Libramiento de Querétaro (Blv. Bernardo Quintana),09_DV2026_Ciudad_de_Mexico.pdf,14,09_DV2026_Ciudad_de_Mexico,207.0,3.0,1.0,73667.0,1.8,82.8,1.8,4.4,1.6,4.5,1.5,0.8,0.8,84.6,1.8,13.6,0.067,0.518,20.578195,-100.380764,100.0,True,
10,México - Querétaro (Cuota),00411,MEX-057-MEX-057D,2025,T. Der. Libramiento de Querétaro (Blv. Bernardo Quintana),09_DV2026_Ciudad_de_Mexico.pdf,14,09_DV2026_Ciudad_de_Mexico,207.0,3.0,2.0,80072.0,1.5,81.3,1.9,5.0,1.7,5.2,1.6,0.9,0.9,82.8,1.9,15.3,0.064,0.518,20.578513,-100.378541,100.0,True,
10,México - Querétaro (Cuota),00411,MEX-057-MEX-057D,2025,T. Der. Libramiento de Querétaro (Blv. Bernardo Quintana),09_DV2026_Ciudad_de_Mexico.pdf,14,09_DV2026_Ciudad_de_Mexico,207.0,3.0,2.0,40092.0,2.2,91.0,0.6,4.1,0.3,0.7,0.6,0.3,0.2,93.2,0.6,6.2,0.075,0.505,20.578375,-100.378506,100.0,True,
10,México - Querétaro (Cuota),00411,MEX-057-MEX-057D,2025,Querétaro,09_DV2026_Ciudad_de_Mexico.pdf,14,09_DV2026_Ciudad_de_Mexico,211.6,,,,,,,,,,,,,,,,,,,,,False,
11,Chalco - Mixquic,00171,EM-CDMX,2025,Chalco,09_DV2026_Ciudad_de_Mexico.pdf,14,09_DV2026_Ciudad_de_Mexico,0.0,3.0,1.0,16338.0,5.4,89.9,0.4,2.5,0.9,0.4,0.2,0.2,0.1,95.3,0.4,4.3,0.069,0.523,19.240458,-98.909086,100.0,True,
11,Chalco - Mixquic,00171,EM-CDMX,2025,Chalco,09_DV2026_Ciudad_de_Mexico.pdf,14,09_DV2026_Ciudad_de_Mexico,0.0,3.0,2.0,17933.0,5.8,89.2,0.4,2.6,0.9,0.4,0.2,0.3,0.2,95.0,0.4,4.6,0.07,0.523,19.240218,-98.909151,100.0,True,
11,Chalco - Mixquic,00171,EM-CDMX,2025,Lim. Edos. Term. Méx. Ppia. CDMX,09_DV2026_Ciudad_de_Mexico.pdf,14,09_DV2026_Ciudad_de_Mexico,8.0,,,,,,,,,,,,,,,,,,,,,False,
11,Chalco - Mixquic,00171,EM-CDMX,2025,Mixquic,09_DV2026_Ciudad_de_Mexico.pdf,14,09_DV2026_Ciudad_de_Mexico,10.0,1.0,0.0,7625.0,8.0,86.7,0.6,2.8,0.7,0.6,0.3,0.2,0.1,94.7,0.6,4.7,0.066,0.522,19.224835,-98.945981,100.0,True,
12,Chalco - Tláhuac,00170,EM-CDMX,2025,Chalco,09_DV2026_Ciudad_de_Mexico.pdf,14,09_DV2026_Ciudad_de_Mexico,0.0,3.0,1.0,9627.0,3.2,88.5,1.2,4.7,0.6,1.1,0.2,0.2,0.3,91.7,1.2,7.1,0.08,0.505,19.248091,-98.92653,100.0,True,
12,Chalco - Tláhuac,00170,EM-CDMX,2025,Chalco,09_DV2026_Ciudad_de_Mexico.pdf,14,09_DV2026_Ciudad_de_Mexico,0.0,3.0,2.0,9437.0,3.5,87.6,1.4,5.0,0.6,1.2,0.2,0.2,0.3,91.1,1.4,7.5,0.068,0.505,19.248006,-98.926627,100.0,True,
12,Chalco - Tláhuac,00170,EM-CDMX,2025,Lim. Edos. Term. Méx. Ppia. CDMX,09_DV2026_Ciudad_de_Mexico.pdf,14,09_DV2026_Ciudad_de_Mexico,7.5,,,,,,,,,,,,,,,,,,,,,False,
12,Chalco - Tláhuac,00170,EM-CDMX,2025,Tláhuac,09_DV2026_Ciudad_de_Mexico.pdf,14,09_DV2026_Ciudad_de_Mexico,12.0,1.0,1.0,11276.0,9.4,78.2,1.2,7.6,1.1,1.1,0.7,0.3,0.4,87.6,1.2,11.2,0.086,0.503,19.264413,-98.993079,100.0,True,
12,Chalco - Tláhuac,00170,EM-CDMX,2025,Tláhuac,09_DV2026_Ciudad_de_Mexico.pdf,14,09_DV2026_Ciudad_de_Mexico,12.0,1.0,2.0,11392.0,9.1,77.7,1.4,8.0,1.2,1.2,0.7,0.3,0.4,86.8,1.4,11.8,0.087,0.503,19.26436,-98.993099,100.0,True,
13,T. C. (México - Mixquic) - San Pablo Atlazalpan,00044,EM-106-CDMX,2025,T. C. México - Mixquic,09_DV2026_Ciudad_de_Mexico.pdf,15,09_DV2026_Ciudad_de_Mexico,0.0,3.0,0.0,8694.0,11.5,79.9,0.9,4.8,1.2,0.9,0.4,0.1,0.3,91.4,0.9,7.7,0.07,0.532,19.210776,-98.968923,100.0,True,
13,T. C. (México - Mixquic) - San Pablo Atlazalpan,00044,EM-106-CDMX,2025,Lim. Edos. Term. CDMX Ppia. Méx.,09_DV2026_Ciudad_de_Mexico.pdf,15,09_DV2026_Ciudad_de_Mexico,2.0,,,,,,,,,,,,,,,,,,,,,False,
13,T. C. (México - Mixquic) - San Pablo Atlazalpan,00044,EM-106-CDMX,2025,San Pablo Atlazalpan,09_DV2026_Ciudad_de_Mexico.pdf,15,09_DV2026_Ciudad_de_Mexico,7.0,,,,,,,,,,,,,,,,,,,,,False,
14,Xalatlaco - El Ajusco,00017,EM-CDMX,2025,T. C. Ent. Cruz de La Misión - San Nicolás Coatepec,09_DV2026_Ciudad_de_Mexico.pdf,15,09_DV2026_Ciudad_de_Mexico,0.0,3.0,0.0,1942.0,6.7,83.6,0.5,6.1,1.5,0.7,0.6,0.2,0.1,90.3,0.5,9.2,0.069,0.51,19.162954,-99.406236,100.0,True,
14,Xalatlaco - El Ajusco,00017,EM-CDMX,2025,Lim. Edos. Term. Méx. Ppia. CDMX,09_DV2026_Ciudad_de_Mexico.pdf,15,09_DV2026_Ciudad_de_Mexico,17.7,,,,,,,,,,,,,,,,,,,,,False,
14,Xalatlaco - El Ajusco,00017,EM-CDMX,2025,T. C. Circuito del Ajusco,09_DV2026_Ciudad_de_Mexico.pdf,15,09_DV2026_Ciudad_de_Mexico,27.6,1.0,0.0,890.0,7.3,81.7,0.7,7.6,1.6,0.7,0.2,0.2,0.0,89.0,0.7,10.3,0.101,0.535,19.20123,-99.280481,100.0,True,
15,La Venta - Chamapa (Cuota),15014,EM-D,2025,T. C. México - Toluca,09_DV2026_Ciudad_de_Mexico.pdf,15,09_DV2026_Ciudad_de_Mexico,0.0,,,,,,,,,,,,,,,,,,,,,False,
15,La Venta - Chamapa (Cuota),15014,EM-D,2025,Plaza de Cobro La Venta,09_DV2026_Ciudad_de_Mexico.pdf,15,09_DV2026_Ciudad_de_Mexico,0.1,2.0,1.0,9843.0,1.2,84.0,0.6,4.7,2.4,5.3,0.3,1.1,0.4,85.2,0.6,14.2,0.09,0.5,19.348946,-99.306623,100.0,True,
15,La Venta - Chamapa (Cuota),15014,EM-D,2025,Plaza de Cobro La Venta,09_DV2026_Ciudad_de_Mexico.pdf,15,09_DV2026_Ciudad_de_Mexico,0.1,2.0,2.0,9843.0,1.2,84.0,0.6,4.7,2.4,5.3,0.3,1.1,0.4,85.2,0.6,14.2,0.09,0.5,19.348946,-99.306623,100.0,True,
15,La Venta - Chamapa (Cuota),15014,EM-D,2025,Plaza de Cobro La Venta,09_DV2026_Ciudad_de_Mexico.pdf,15,09_DV2026_Ciudad_de_Mexico,0.1,3.0,1.0,10850.0,5.7,76.0,1.7,8.0,2.1,3.4,1.2,1.5,0.4,81.7,1.7,16.6,0.113,0.503,19.356361,-99.304091,100.0,True,
15,La Venta - Chamapa (Cuota),15014,EM-D,2025,Plaza de Cobro La Venta,09_DV2026_Ciudad_de_Mexico.pdf,15,09_DV2026_Ciudad_de_Mexico,0.1,3.0,2.0,10701.0,5.6,76.3,1.5,7.9,1.9,3.8,1.2,1.4,0.4,81.9,1.5,16.6,0.116,0.503,19.355124,-99.304704,100.0,True,
15,La Venta - Chamapa (Cuota),15014,EM-D,2025,Lim. Edos. Term. CDMX Tab. Ppia. Méx.,09_DV2026_Ciudad_de_Mexico.pdf,15,09_DV2026_Ciudad_de_Mexico,2.7,,,,,,,,,,,,,,,,,,,,,False,
15,La Venta - Chamapa (Cuota),15014,EM-D,2025,T. Der. Interlomas,09_DV2026_Ciudad_de_Mexico.pdf,15,09_DV2026_Ciudad_de_Mexico,5.6,3.0,1.0,16414.0,2.5,85.6,1.5,3.2,2.3,3.5,0.4,0.8,0.2,88.1,1.5,10.4,0.124,0.514,19.399406,-99.296789,100.0,True,
15,La Venta - Chamapa (Cuota),15014,EM-D,2025,T. Der. Interlomas,09_DV2026_Ciudad_de_Mexico.pdf,15,09_DV2026_Ciudad_de_Mexico,5.6,3.0,2.0,17385.0,2.6,85.3,1.7,3.3,1.9,3.7,0.5,0.8,0.2,87.9,1.7,10.4,0.155,0.514,19.399422,-99.296916,100.0,True,
15,La Venta - Chamapa (Cuota),15014,EM-D,2025,X. C. Naucalpan - Toluca,09_DV2026_Ciudad_de_Mexico.pdf,15,09_DV2026_Ciudad_de_Mexico,11.1,1.0,1.0,20029.0,4.2,84.1,1.2,5.3,1.0,2.9,0.5,0.7,0.1,88.3,1.2,10.5,0.12,0.508,19.423436,-99.296902,100.0,True,
15,La Venta - Chamapa (Cuota),15014,EM-D,2025,X. C. Naucalpan - Toluca,09_DV2026_Ciudad_de_Mexico.pdf,15,09_DV2026_Ciudad_de_Mexico,11.1,1.0,2.0,19431.0,4.0,85.4,1.1,4.8,0.9,2.5,0.5,0.7,0.1,89.4,1.1,9.5,0.168,0.508,19.429012,-99.295658,100.0,True,
1,Acapulco - Zihuatanejo,12072,MEX-200,2025,Acapulco,12_DV2026_Guerrero.pdf,5,12_DV2026_Guerrero,0.0,,,,,,,,,,,,,,,,,,,,,False,
1,Acapulco - Zihuatanejo,12072,MEX-200,2025,T. Izq. Pie de La Cuesta,12_DV2026_Guerrero.pdf,5,12_DV2026_Guerrero,10.37,1.0,0.0,21645.0,16.0,80.1,0.6,1.7,0.8,0.3,0.2,0.2,0.1,96.1,0.6,3.3,0.07,0.501,16.894115,-99.957975,100.0,True,
1,Acapulco - Zihuatanejo,12072,MEX-200,2025,T. Izq. Pie de La Cuesta,12_DV2026_Guerrero.pdf,5,12_DV2026_Guerrero,10.37,3.0,0.0,22534.0,14.0,79.8,0.7,1.7,0.7,0.8,0.6,1.3,0.4,93.8,0.7,5.5,0.074,0.503,16.901309,-99.962032,100.0,True,
1,Acapulco - Zihuatanejo,12072,MEX-200,2025,T. Der. Libramiento de Acapulco,12_DV2026_Guerrero.pdf,5,12_DV2026_Guerrero,21.37,3.0,0.0,9371.0,4.5,86.2,1.9,4.0,1.2,1.0,0.6,0.4,0.2,90.7,1.9,7.4,0.078,0.528,16.961403,-99.979619,100.0,True,
1,Acapulco - Zihuatanejo,12072,MEX-200,2025,Coyuca de Benítez,12_DV2026_Guerrero.pdf,5,12_DV2026_Guerrero,33.6,3.0,0.0,10033.0,9.7,82.0,1.6,2.3,1.7,1.5,0.8,0.3,0.1,91.7,1.6,6.7,0.076,0.504,17.010145,-100.098407,100.0,True,
1,Acapulco - Zihuatanejo,12072,MEX-200,2025,Pénjamo,12_DV2026_Guerrero.pdf,5,12_DV2026_Guerrero,36.6,3.0,0.0,5980.0,5.3,83.5,2.6,4.3,1.3,1.4,1.1,0.3,0.2,88.8,2.6,8.6,0.073,0.509,17.011969,-100.117378,100.0,True,
1,Acapulco - Zihuatanejo,12072,MEX-200,2025,Col La Laja,12_DV2026_Guerrero.pdf,5,12_DV2026_Guerrero,72.6,1.0,0.0,6549.0,5.8,81.9,2.2,6.2,1.5,1.3,0.9,0.2,0.0,87.7,2.2,10.1,0.075,0.523,17.132971,-100.384021,100.0,True,
1,Acapulco - Zihuatanejo,12072,MEX-200,2025,T. Der. Atoyac de Alvárez,12_DV2026_Guerrero.pdf,5,12_DV2026_Guerrero,77.85,3.0,0.0,10099.0,10.5,82.1,1.7,2.8,1.2,0.7,0.7,0.2,0.1,92.6,1.7,5.7,0.09,0.515,17.153586,-100.445212,100.0,True,
1,Acapulco - Zihuatanejo,12072,MEX-200,2025,San Jerónimo de Juárez,12_DV2026_Guerrero.pdf,5,12_DV2026_Guerrero,82.4,3.0,0.0,5704.0,16.4,72.2,1.6,6.5,1.6,0.9,0.5,0.3,0.0,88.6,1.6,9.8,0.072,0.542,17.147681,-100.478602,100.0,True,
1,Acapulco - Zihuatanejo,12072,MEX-200,2025,T. C. Libramiento de Técpan (Cuota),12_DV2026_Guerrero.pdf,5,12_DV2026_Guerrero,102.0,1.0,0.0,7518.0,9.8,78.8,2.0,6.4,1.1,1.1,0.6,0.2,0.0,88.6,2.0,9.4,0.074,0.536,17.190331,-100.615533,100.0,True,
1,Acapulco - Zihuatanejo,12072,MEX-200,2025,Técpan de Galeana,12_DV2026_Guerrero.pdf,5,12_DV2026_Guerrero,103.6,1.0,0.0,6179.0,7.5,81.7,1.5,7.3,0.9,0.5,0.3,0.2,0.1,89.2,1.5,9.3,0.073,0.535,17.201032,-100.626673,100.0,True,
1,Acapulco - Zihuatanejo,12072,MEX-200,2025,Técpan de Galeana,12_DV2026_Guerrero.pdf,5,12_DV2026_Guerrero,103.6,3.0,0.0,14932.0,8.1,86.4,0.6,3.7,0.5,0.3,0.2,0.2,0.0,94.5,0.6,4.9,0.069,0.515,17.233824,-100.632938,100.0,True,
1,Acapulco - Zihuatanejo,12072,MEX-200,2025,T. C. Libramiento de Técpan (Cuota),12_DV2026_Guerrero.pdf,5,12_DV2026_Guerrero,110.2,3.0,0.0,8597.0,8.4,79.9,2.2,6.6,1.0,1.0,0.7,0.1,0.1,88.3,2.2,9.5,0.061,0.534,17.205316,-100.660183,100.0,True,
1,Acapulco - Zihuatanejo,12072,MEX-200,2025,T. Ixq. Nuxco,12_DV2026_Guerrero.pdf,5,12_DV2026_Guerrero,119.0,1.0,0.0,3795.0,5.3,80.4,2.8,7.2,1.5,1.7,1.0,0.1,0.0,85.7,2.8,11.5,0.09,0.512,17.21772,-100.760514,100.0,True,
1,Acapulco - Zihuatanejo,12072,MEX-200,2025,San Luis San Pedro,12_DV2026_Guerrero.pdf,5,12_DV2026_Guerrero,131.5,1.0,0.0,6988.0,10.4,77.9,2.6,5.1,1.4,1.4,0.9,0.3,0.0,88.3,2.6,9.1,0.064,0.531,17.246392,-100.844959,100.0,True,
1,Acapulco - Zihuatanejo,12072,MEX-200,2025,Buenavista de Juárez,12_DV2026_Guerrero.pdf,5,12_DV2026_Guerrero,138.45,3.0,0.0,5397.0,7.3,79.1,2.3,7.0,1.6,1.5,0.9,0.3,0.0,86.4,2.3,11.3,0.07,0.502,17.272514,-100.947576,100.0,True,
1,Acapulco - Zihuatanejo,12072,MEX-200,2025,Papanoa,12_DV2026_Guerrero.pdf,5,12_DV2026_Guerrero,162.25,1.0,0.0,3800.0,10.0,73.4,4.0,6.8,2.1,1.9,1.3,0.3,0.2,83.4,4.0,12.6,0.078,0.506,17.315187,-101.047821,100.0,True,
1,Acapulco - Zihuatanejo,12072,MEX-200,2025,Petatán,12_DV2026_Guerrero.pdf,5,12_DV2026_Guerrero,206.3,1.0,0.0,5222.0,9.1,79.0,2.0,5.7,1.5,1.5,0.9,0.2,0.1,88.1,2.0,9.9,0.08,0.503,17.526919,-101.260842,100.0,True,
1,Acapulco - Zihuatanejo,12072,MEX-200,2025,Petatán,12_DV2026_Guerrero.pdf,5,12_DV2026_Guerrero,206.3,3.0,0.0,6858.0,5.2,83.7,2.0,5.6,1.3,1.0,0.7,0.4,0.1,88.9,2.0,9.1,0.081,0.505,17.552629,-101.301933,100.0,True,
1,Acapulco - Zihuatanejo,12072,MEX-200,2025,San Jerónimo,12_DV2026_Guerrero.pdf,5,12_DV2026_Guerrero,216.0,3.0,0.0,6889.0,6.0,81.2,1.8,6.5,1.6,1.5,1.0,0.3,0.1,87.2,1.8,11.0,0.067,0.52,17.572052,-101.353813,100.0,True,
1,Acapulco - Zihuatanejo,12072,MEX-200,2025,T. Izq al Aeropuerto de Zihuatanejo,12_DV2026_Guerrero.pdf,5,12_DV2026_Guerrero,226.0,1.0,0.0,10161.0,5.2,72.9,2.2,13.7,1.5,2.3,1.2,0.4,0.6,78.1,2.2,19.7,0.074,0.511,17.619472,-101.451803,100.0,True,
1,Acapulco - Zihuatanejo,12072,MEX-200,2025,T. Izq. Aeropuerto,12_DV2026_Guerrero.pdf,5,12_DV2026_Guerrero,234.75,1.0,0.0,19745.0,6.6,85.8,1.2,4.2,0.8,0.6,0.6,0.1,0.1,92.4,1.2,6.4,0.062,0.506,17.638462,-101.487902,100.0,True,
1,Acapulco - Zihuatanejo,12072,MEX-200,2025,Zihuatanejo,12_DV2026_Guerrero.pdf,5,12_DV2026_Guerrero,242.9,1.0,1.0,11793.0,7.5,86.8,0.9,2.1,1.1,0.5,0.3,0.5,0.3,94.3,0.9,4.8,0.09,0.506,17.646778,-101.515234,100.0,True,
1,Acapulco - Zihuatanejo,12072,MEX-200,2025,Zihuatanejo,12_DV2026_Guerrero.pdf,5,12_DV2026_Guerrero,242.9,1.0,2.0,11523.0,7.1,86.4,1.0,2.9,1.0,0.4,0.4,0.5,0.3,93.5,1.0,5.5,0.083,0.506,17.646656,-101.515273,100.0,True,
2,Cd. Altamirano - T. C. (Zihuatanejo - La Mira),12422,MEX-134,2025,Cd. Altamirano,12_DV2026_Guerrero.pdf,5,12_DV2026_Guerrero,0.0,3.0,1.0,9280.0,19.9,76.1,0.6,1.3,1.0,0.5,0.3,0.2,0.1,96.0,0.6,3.4,0.09,0.514,18.332623,-100.689637,100.0,True,
2,Cd. Altamirano - T. C. (Zihuatanejo - La Mira),12422,MEX-134,2025,Cd. Altamirano,12_DV2026_Guerrero.pdf,5,12_DV2026_Guerrero,0.0,3.0,2.0,8774.0,19.8,76.1,0.6,1.3,1.0,0.6,0.3,0.2,0.1,95.9,0.6,3.5,0.075,0.514,18.332556,-100.689564,100.0,True,
2,Cd. Altamirano - T. C. (Zihuatanejo - La Mira),12422,MEX-134,2025,T. Der. Zirándaro,12_DV2026_Guerrero.pdf,5,12_DV2026_Guerrero,15.0,3.0,0.0,2051.0,4.8,88.1,0.5,4.6,0.5,1.0,0.2,0.1,0.2,92.9,0.5,6.6,0.079,0.507,18.318786,-100.785019,100.0,True,
2,Cd. Altamirano - T. C. (Zihuatanejo - La Mira),12422,MEX-134,2025,T. C. Zihuatanejo - La Mira,12_DV2026_Guerrero.pdf,5,12_DV2026_Guerrero,187.36,1.0,0.0,983.0,13.3,77.7,0.7,3.6,3.8,0.4,0.4,0.1,0.0,91.0,0.7,8.3,0.091,0.535,17.734124,-101.600993,100.0,True,
3,Chilpancingo - Acapulco,12045,MEX-095,2025,Chilpancingo,12_DV2026_Guerrero.pdf,6,12_DV2026_Guerrero,0.0,,,,,,,,,,,,,,,,,,,,,False,
3,Chilpancingo - Acapulco,12045,MEX-095,2025,T. C. Cuernavaca - Acapulco (Cuota) Lateral,12_DV2026_Guerrero.pdf,6,12_DV2026_Guerrero,7.0,1.0,1.0,16506.0,6.5,88.9,0.7,1.9,0.5,0.4,0.6,0.3,0.2,95.4,0.7,3.9,0.067,0.527,17.523305,-99.486798,100.0,True,
3,Chilpancingo - Acapulco,12045,MEX-095,2025,T. C. Cuernavaca - Acapulco (Cuota) Central,12_DV2026_Guerrero.pdf,6,12_DV2026_Guerrero,7.0,1.0,1.0,17086.0,8.9,79.7,3.6,3.3,1.3,1.6,0.7,0.8,0.1,88.6,3.6,7.8,0.084,0.52,17.523296,-99.48671,100.0,True,
3,Chilpancingo - Acapulco,12045,MEX-095,2025,T. C. Cuernavaca - Acapulco (Cuota) Central,12_DV2026_Guerrero.pdf,6,12_DV2026_Guerrero,7.0,1.0,2.0,21590.0,7.3,80.9,4.5,3.2,1.1,1.8,0.4,0.7,0.1,88.2,4.5,7.3,0.068,0.52,17.523226,-99.486551,100.0,True,
3,Chilpancingo - Acapulco,12045,MEX-095,2025,T. C. Cuernavaca - Acapulco (Cuota) Lateral,12_DV2026_Guerrero.pdf,6,12_DV2026_Guerrero,7.0,1.0,2.0,14811.0,6.5,88.4,0.9,2.0,0.6,0.4,0.7,0.3,0.2,94.9,0.9,4.2,0.074,0.527,17.523263,-99.486452,100.0,True,
3,Chilpancingo - Acapulco,12045,MEX-095,2025,T. C. Cuernavaca - Acapulco (Cuota),12_DV2026_Guerrero.pdf,6,12_DV2026_Guerrero,7.0,3.0,1.0,15773.0,2.5,91.5,0.6,2.9,0.7,0.9,0.6,0.3,0.0,94.0,0.6,5.4,0.094,0.51,17.511438,-99.478478,100.0,True,
3,Chilpancingo - Acapulco,12045,MEX-095,2025,T. C. Cuernavaca - Acapulco (Cuota),12_DV2026_Guerrero.pdf,6,12_DV2026_Guerrero,7.0,3.0,2.0,16428.0,2.3,92.2,0.5,2.8,0.7,0.8,0.5,0.2,0.0,94.5,0.5,5.0,0.09,0.51,17.511289,-99.47817,100.0,True,
3,Chilpancingo - Acapulco,12045,MEX-095,2025,Petaquillas,12_DV2026_Guerrero.pdf,6,12_DV2026_Guerrero,11.0,1.0,1.0,10258.0,6.4,88.6,0.9,3.0,0.5,0.3,0.2,0.1,0.0,95.0,0.9,4.1,0.094,0.51,17.495983,-99.466374,100.0,True,
3,Chilpancingo - Acapulco,12045,MEX-095,2025,Petaquillas,12_DV2026_Guerrero.pdf,6,12_DV2026_Guerrero,11.0,1.0,2.0,9871.0,6.3,88.7,0.9,2.9,0.6,0.3,0.2,0.1,0.0,95.0,0.9,4.1,0.097,0.51,17.496177,-99.466382,100.0,True,
3,Chilpancingo - Acapulco,12045,MEX-095,2025,Petaquillas,12_DV2026_Guerrero.pdf,6,12_DV2026_Guerrero,11.0,3.0,0.0,8439.0,5.0,89.3,0.5,3.3,0.8,0.6,0.5,0.0,0.0,94.3,0.5,5.2,0.074,0.501,17.477341,-99.459012,100.0,True,
3,Chilpancingo - Acapulco,12045,MEX-095,2025,El Ocotito,12_DV2026_Guerrero.pdf,6,12_DV2026_Guerrero,50.5,1.0,0.0,6665.0,14.8,78.9,0.9,2.3,1.1,1.1,0.7,0.1,0.1,93.7,0.9,5.4,0.071,0.52,17.254402,-99.505604,100.0,True,
3,Chilpancingo - Acapulco,12045,MEX-095,2025,El Ocotito,12_DV2026_Guerrero.pdf,6,12_DV2026_Guerrero,50.5,3.0,0.0,5596.0,7.6,85.1,1.1,3.2,1.3,0.8,0.6,0.3,0.0,92.7,1.1,6.2,0.068,0.504,17.231466,-99.520864,100.0,True,
3,Chilpancingo - Acapulco,12045,MEX-095,2025,T. Izq. Tierra Colorada Inicia,12_DV2026_Guerrero.pdf,6,12_DV2026_Guerrero,60.9,1.0,0.0,5888.0,9.7,86.6,0.7,1.4,0.7,0.5,0.4,0.0,0.0,96.3,0.7,3.0,0.091,0.503,17.175949,-99.51967,100.0,True,
3,Chilpancingo - Acapulco,12045,MEX-095,2025,T. Izq. Tierra Colorada Termina,12_DV2026_Guerrero.pdf,6,12_DV2026_Guerrero,64.0,3.0,0.0,4761.0,7.1,84.5,1.8,3.6,1.2,0.8,0.7,0.3,0.0,91.6,1.8,6.6,0.081,0.507,17.171714,-99.543747,100.0,True,
3,Chilpancingo - Acapulco,12045,MEX-095,2025,X. C. Cuernavaca - Acapulco (Cuota),12_DV2026_Guerrero.pdf,6,12_DV2026_Guerrero,65.3,3.0,0.0,2425.0,5.6,85.0,1.0,5.9,1.2,0.7,0.5,0.1,0.0,90.6,1.0,8.4,0.08,0.507,17.17768,-99.562597,100.0,True,
3,Chilpancingo - Acapulco,12045,MEX-095,2025,T. Der. Pablo Galeana,12_DV2026_Guerrero.pdf,6,12_DV2026_Guerrero,86.6,3.0,0.0,2319.0,9.3,84.5,0.8,2.3,1.5,0.4,1.1,0.1,0.0,93.8,0.8,5.4,0.077,0.519,17.118699,-99.697695,100.0,True,
3,Chilpancingo - Acapulco,12045,MEX-095,2025,T. Der. Libramiento Norte de Acapulco,12_DV2026_Guerrero.pdf,6,12_DV2026_Guerrero,112.8,1.0,0.0,12035.0,5.3,89.3,0.4,2.9,0.5,0.3,0.9,0.3,0.1,94.6,0.4,5.0,0.06,0.502,16.984362,-99.810398,100.0,True,
3,Chilpancingo - Acapulco,12045,MEX-095,2025,T. Der. Libramiento Norte de Acapulco,12_DV2026_Guerrero.pdf,6,12_DV2026_Guerrero,112.8,3.0,0.0,12288.0,6.4,84.4,0.6,4.3,1.3,1.2,1.1,0.4,0.3,90.8,0.6,8.6,0.06,0.506,16.965766,-99.810686,100.0,True,
3,Chilpancingo - Acapulco,12045,MEX-095,2025,T. C. Cuernavaca - Acapulco (Cuota),12_DV2026_Guerrero.pdf,6,12_DV2026_Guerrero,120.6,,,,,,,,,,,,,,,,,,,,,False,
3,Chilpancingo - Acapulco,12045,MEX-095,2025,Acapulco,12_DV2026_Guerrero.pdf,6,12_DV2026_Guerrero,132.67,,,,,,,,,,,,,,,,,,,,,False,
4,Chilpancingo - Chichihualco,12426,MEX-095,2025,T. C. Cuernavaca - Chilpancingo,12_DV2026_Guerrero.pdf,6,12_DV2026_Guerrero,0.0,3.0,0.0,4624.0,7.9,71.6,0.6,16.2,2.3,0.7,0.4,0.2,0.1,79.5,0.6,19.9,0.079,0.504,17.590843,-99.518436,100.0,True,
4,Chilpancingo - Chichihualco,12426,MEX-095,2025,T. Der. El Palmar,12_DV2026_Guerrero.pdf,6,12_DV2026_Guerrero,15.1,1.0,0.0,1300.0,7.3,76.5,0.7,14.8,0.4,0.3,0.0,0.0,0.0,83.8,0.7,15.5,0.081,0.525,17.644113,-99.603078,100.0,True,
4,Chilpancingo - Chichihualco,12426,MEX-095,2025,Chichihualco,12_DV2026_Guerrero.pdf,6,12_DV2026_Guerrero,26.3,1.0,0.0,1876.0,10.2,73.7,0.4,14.2,0.9,0.5,0.1,0.0,0.0,83.9,0.4,15.7,0.095,0.502,17.646584,-99.667411,100.0,True,
5,Chilpancingo - Jilotepec,12002,MEX-093,2025,Chilpancingo,12_DV2026_Guerrero.pdf,6,12_DV2026_Guerrero,0.0,3.0,0.0,6619.0,9.2,88.7,0.3,1.0,0.2,0.3,0.3,0.0,0.0,97.9,0.3,1.8,0.088,0.513,17.543351,-99.478532,100.0,True,
5,Chilpancingo - Jilotepec,12002,MEX-093,2025,T. Der. Tixtla de Guerrero,12_DV2026_Guerrero.pdf,6,12_DV2026_Guerrero,16.3,3.0,0.0,8971.0,14.6,82.8,0.4,1.7,0.3,0.1,0.1,0.0,0.0,97.4,0.4,2.2,0.066,0.506,17.578641,-99.392868,100.0,True,
5,Chilpancingo - Jilotepec,12002,MEX-093,2025,T. Izq. Almolonga,12_DV2026_Guerrero.pdf,7,12_DV2026_Guerrero,28.2,3.0,0.0,3975.0,5.2,80.3,1.9,9.9,1.1,0.9,0.5,0.2,0.0,85.5,1.9,12.6,0.081,0.503,17.603812,-99.309422,100.0,True,
5,Chilpancingo - Jilotepec,12002,MEX-093,2025,Chilapa de Alvárez,12_DV2026_Guerrero.pdf,7,12_DV2026_Guerrero,53.62,3.0,0.0,4910.0,26.1,70.2,1.5,0.7,0.7,0.6,0.1,0.1,0.0,96.3,1.5,2.2,0.064,0.513,17.597056,-99.146441,100.0,True,
5,Chilpancingo - Jilotepec,12002,MEX-093,2025,Tlapa de Comonfort,12_DV2026_Guerrero.pdf,7,12_DV2026_Guerrero,178.5,1.0,0.0,5144.0,5.8,75.0,1.1,17.2,0.1,0.5,0.3,0.0,0.0,80.8,1.1,18.1,0.077,0.53,17.541745,-98.629701,100.0,True,
5,Chilpancingo - Jilotepec,12002,MEX-093,2025,Huamuxtitlán,12_DV2026_Guerrero.pdf,7,12_DV2026_Guerrero,200.63,1.0,0.0,5942.0,10.5,80.4,1.4,5.6,1.3,0.5,0.3,0.0,0.0,90.9,1.4,7.7,0.076,0.511,17.79066,-98.563326,100.0,True,
5,Chilpancingo - Jilotepec,12002,MEX-093,2025,Xochihuehuetlán,12_DV2026_Guerrero.pdf,7,12_DV2026_Guerrero,216.8,1.0,0.0,2404.0,10.5,78.6,2.1,7.6,0.7,0.3,0.2,0.0,0.0,89.1,2.1,8.8,0.085,0.504,17.897521,-98.500809,100.0,True,
5,Chilpancingo - Jilotepec,12002,MEX-093,2025,Jilotepec,12_DV2026_Guerrero.pdf,7,12_DV2026_Guerrero,235.0,1.0,0.0,2133.0,4.4,76.4,3.2,11.2,1.4,2.3,0.6,0.5,0.0,80.8,3.2,16.0,0.081,0.514,17.954528,-98.483275,100.0,True,
6,Cuernavaca - Chilpancingo,00042,MEX-095,2025,Cuernavaca,12_DV2026_Guerrero.pdf,7,12_DV2026_Guerrero,0.0,,,,,,,,,,,,,,,,,,,,,False,
6,Cuernavaca - Chilpancingo,00042,MEX-095,2025,T. Izq. Chipitlán,12_DV2026_Guerrero.pdf,7,12_DV2026_Guerrero,4.85,1.0,1.0,20818.0,3.7,80.2,3.9,5.4,0.7,2.7,2.1,0.4,0.9,83.9,3.9,12.2,0.061,0.594,18.893729,-99.228488,100.0,True,
6,Cuernavaca - Chilpancingo,00042,MEX-095,2025,T. Izq. Chipitlán,12_DV2026_Guerrero.pdf,7,12_DV2026_Guerrero,4.85,1.0,2.0,21187.0,3.6,80.1,4.1,5.6,0.8,2.6,1.8,0.5,0.9,83.7,4.1,12.2,0.076,0.594,18.893755,-99.228421,100.0,True,
6,Cuernavaca - Chilpancingo,00042,MEX-095,2025,T. Izq. Chipitlán,12_DV2026_Guerrero.pdf,7,12_DV2026_Guerrero,4.85,3.0,1.0,12580.0,15.1,71.2,2.6,6.7,1.7,0.9,0.4,0.8,0.6,86.3,2.6,11.1,0.093,0.641,18.880716,-99.229849,100.0,True,
6,Cuernavaca - Chilpancingo,00042,MEX-095,2025,T. Izq. Chipitlán,12_DV2026_Guerrero.pdf,7,12_DV2026_Guerrero,4.85,3.0,2.0,13420.0,15.3,71.4,2.4,6.6,1.5,1.0,0.5,0.9,0.4,86.7,2.4,10.9,0.083,0.641,18.880717,-99.229805,100.0,True,
6,Cuernavaca - Chilpancingo,00042,MEX-095,2025,Temixco,12_DV2026_Guerrero.pdf,7,12_DV2026_Guerrero,9.8,1.0,1.0,11531.0,4.1,84.7,0.5,8.8,0.8,0.4,0.3,0.2,0.2,88.8,0.5,10.7,0.086,0.678,18.866029,-99.226355,100.0,True,
6,Cuernavaca - Chilpancingo,00042,MEX-095,2025,Temixco,12_DV2026_Guerrero.pdf,7,12_DV2026_Guerrero,9.8,1.0,2.0,13753.0,3.7,85.4,0.4,8.9,0.7,0.3,0.2,0.2,0.2,89.1,0.4,10.5,0.091,0.678,18.865341,-99.225652,100.0,True,
6,Cuernavaca - Chilpancingo,00042,MEX-095,2025,Temixco,12_DV2026_Guerrero.pdf,7,12_DV2026_Guerrero,9.8,3.0,1.0,20813.0,4.2,83.9,1.2,5.9,1.2,0.8,0.5,1.5,0.8,88.1,1.2,10.7,0.065,0.511,18.843786,-99.224148,100.0,True,
6,Cuernavaca - Chilpancingo,00042,MEX-095,2025,Temixco,12_DV2026_Guerrero.pdf,7,12_DV2026_Guerrero,9.8,3.0,2.0,22955.0,4.1,83.9,1.5,5.7,1.4,0.6,0.5,1.4,0.9,88.0,1.5,10.5,0.061,0.511,18.843756,-99.224025,100.0,True,
6,Cuernavaca - Chilpancingo,00042,MEX-095,2025,Acatlipa,12_DV2026_Guerrero.pdf,7,12_DV2026_Guerrero,12.43,1.0,1.0,19887.0,4.3,86.0,2.2,4.9,1.2,0.5,0.4,0.3,0.2,90.3,2.2,7.5,0.066,0.533,18.82871,-99.228112,100.0,True,
6,Cuernavaca - Chilpancingo,00042,MEX-095,2025,Acatlipa,12_DV2026_Guerrero.pdf,7,12_DV2026_Guerrero,12.43,1.0,2.0,20001.0,4.1,86.5,2.4,4.8,1.0,0.4,0.5,0.2,0.1,90.6,2.4,7.0,0.075,0.533,18.828684,-99.228025,100.0,True,
6,Cuernavaca - Chilpancingo,00042,MEX-095,2025,Acatlipa,12_DV2026_Guerrero.pdf,7,12_DV2026_Guerrero,12.43,3.0,1.0,13816.0,6.6,82.5,2.7,5.1,1.0,0.6,0.5,0.4,0.6,89.1,2.7,8.2,0.066,0.504,18.824028,-99.230593,100.0,True,
6,Cuernavaca - Chilpancingo,00042,MEX-095,2025,Acatlipa,12_DV2026_Guerrero.pdf,7,12_DV2026_Guerrero,12.43,3.0,2.0,15405.0,6.8,82.4,2.9,4.9,1.2,0.7,0.4,0.3,0.4,89.2,2.9,7.9,0.06,0.504,18.823994,-99.230497,100.0,True,
6,Cuernavaca - Chilpancingo,00042,MEX-095,2025,T. Izq. Emiliano Zapata,12_DV2026_Guerrero.pdf,7,12_DV2026_Guerrero,13.5,1.0,1.0,13975.0,7.0,79.2,4.7,6.3,0.8,0.7,0.3,0.5,0.5,86.2,4.7,9.1,0.069,0.521,18.838111,-99.225397,100.0,True,
6,Cuernavaca - Chilpancingo,00042,MEX-095,2025,T. Izq. Emiliano Zapata,12_DV2026_Guerrero.pdf,7,12_DV2026_Guerrero,13.5,1.0,2.0,15091.0,7.2,79.4,4.6,6.1,0.9,0.7,0.4,0.3,0.4,86.6,4.6,8.8,0.068,0.521,18.838088,-99.225238,100.0,True,
6,Cuernavaca - Chilpancingo,00042,MEX-095,2025,T. Izq. Emiliano Zapata,12_DV2026_Guerrero.pdf,7,12_DV2026_Guerrero,13.5,3.0,1.0,15136.0,4.0,86.3,3.0,4.8,0.7,0.4,0.5,0.2,0.1,90.3,3.0,6.7,0.093,0.559,18.830439,-99.227194,100.0,True,
6,Cuernavaca - Chilpancingo,00042,MEX-095,2025,T. Izq. Emiliano Zapata,12_DV2026_Guerrero.pdf,7,12_DV2026_Guerrero,13.5,3.0,2.0,15302.0,4.2,86.2,2.9,4.9,0.7,0.4,0.4,0.2,0.1,90.4,2.9,6.7,0.091,0.559,18.830114,-99.227266,100.0,True,
6,Cuernavaca - Chilpancingo,00042,MEX-095,2025,T. Izq. Xochitepec,12_DV2026_Guerrero.pdf,7,12_DV2026_Guerrero,16.05,1.0,1.0,6421.0,4.2,84.0,1.2,7.7,0.8,0.8,0.4,0.5,0.4,88.2,1.2,10.6,0.095,0.558,18.800813,-99.237302,100.0,True,
6,Cuernavaca - Chilpancingo,00042,MEX-095,2025,T. Izq. Xochitepec,12_DV2026_Guerrero.pdf,7,12_DV2026_Guerrero,16.05,1.0,2.0,6218.0,4.3,84.4,1.1,7.6,0.7,0.5,0.5,0.5,0.4,88.7,1.1,10.2,0.098,0.558,18.80191,-99.237403,100.0,True,
6,Cuernavaca - Chilpancingo,00042,MEX-095,2025,T. Izq. Xochitepec,12_DV2026_Guerrero.pdf,7,12_DV2026_Guerrero,16.05,3.0,1.0,5885.0,6.3,81.9,1.0,8.2,0.8,0.4,0.5,0.4,0.5,88.2,1.0,10.8,0.078,0.51,18.797498,-99.240397,100.0,True,
6,Cuernavaca - Chilpancingo,00042,MEX-095,2025,T. Izq. Xochitepec,12_DV2026_Guerrero.pdf,7,12_DV2026_Guerrero,16.05,3.0,2.0,6091.0,6.3,82.1,0.9,8.2,0.8,0.5,0.4,0.4,0.4,88.4,0.9,10.7,0.079,0.51,18.79743,-99.240357,100.0,True,
6,Cuernavaca - Chilpancingo,00042,MEX-095,2025,X. C. Alpuyeca - Jojutla,12_DV2026_Guerrero.pdf,7,12_DV2026_Guerrero,24.15,1.0,1.0,12538.0,13.7,81.1,0.4,3.6,0.6,0.3,0.2,0.1,0.0,94.8,0.4,4.8,0.08,0.533,18.739399,-99.255312,100.0,True,
6,Cuernavaca - Chilpancingo,00042,MEX-095,2025,X. C. Alpuyeca - Jojutla,12_DV2026_Guerrero.pdf,7,12_DV2026_Guerrero,24.15,1.0,2.0,12527.0,13.3,81.0,0.6,3.5,0.8,0.4,0.1,0.3,0.0,94.3,0.6,5.1,0.08,0.533,18.739374,-99.255227,100.0,True,
6,Cuernavaca - Chilpancingo,00042,MEX-095,2025,X. C. Alpuyeca - Jojutla,12_DV2026_Guerrero.pdf,7,12_DV2026_Guerrero,24.15,3.0,0.0,11221.0,3.9,88.1,0.6,5.0,1.3,0.5,0.4,0.2,0.0,92.0,0.6,7.4,0.085,0.542,18.729445,-99.265028,100.0,True,
6,Cuernavaca - Chilpancingo,00042,MEX-095,2025,T. Der. Coatetelco,12_DV2026_Guerrero.pdf,8,12_DV2026_Guerrero,28.0,3.0,0.0,6951.0,4.1,83.2,2.2,6.2,2.1,1.3,0.4,0.3,0.2,87.3,2.2,10.5,0.074,0.529,18.711755,-99.272983,100.0,True,
6,Cuernavaca - Chilpancingo,00042,MEX-095,2025,T. Der. Michapa,12_DV2026_Guerrero.pdf,8,12_DV2026_Guerrero,44.36,1.0,0.0,7648.0,8.0,84.0,1.4,3.3,1.1,0.8,0.7,0.5,0.2,92.0,1.4,6.6,0.074,0.539,18.611797,-99.352105,100.0,True,
6,Cuernavaca - Chilpancingo,00042,MEX-095,2025,T. Izq. Cuernavaca - Iguala (Cuota),12_DV2026_Guerrero.pdf,8,12_DV2026_Guerrero,46.93,1.0,0.0,6941.0,11.8,78.9,1.4,4.8,1.0,0.6,0.6,0.5,0.4,90.7,1.4,7.9,0.07,0.519,18.604619,-99.377481,100.0,True,
6,Cuernavaca - Chilpancingo,00042,MEX-095,2025,T. Izq. Cuernavaca - Iguala (Cuota),12_DV2026_Guerrero.pdf,8,12_DV2026_Guerrero,46.93,3.0,0.0,5060.0,10.7,82.9,1.3,2.5,1.1,0.5,0.5,0.4,0.1,93.6,1.3,5.1,0.078,0.51,18.603076,-99.381118,100.0,True,
6,Cuernavaca - Chilpancingo,00042,MEX-095,2025,Huajintla,12_DV2026_Guerrero.pdf,8,12_DV2026_Guerrero,52.0,3.0,0.0,4137.0,9.3,83.1,1.1,2.5,1.3,1.3,0.9,0.4,0.1,92.4,1.1,6.5,0.077,0.521,18.612856,-99.430526,100.0,True,
6,Cuernavaca - Chilpancingo,00042,MEX-095,2025,Lim. Edos. Term. Mor. Ppia. Gro.,12_DV2026_Guerrero.pdf,8,12_DV2026_Guerrero,57.1,,,,,,,,,,,,,,,,,,,,,False,
6,Cuernavaca - Chilpancingo,00042,MEX-095,2025,T. Der. Ixtapan de La Sal (Axixintla),12_DV2026_Guerrero.pdf,8,12_DV2026_Guerrero,63.47,1.0,0.0,1490.0,13.3,79.3,0.7,2.8,2.8,0.6,0.3,0.2,0.0,92.6,0.7,6.7,0.093,0.507,18.611062,-99.506119,100.0,True,
6,Cuernavaca - Chilpancingo,00042,MEX-095,2025,Taxco,12_DV2026_Guerrero.pdf,8,12_DV2026_Guerrero,89.9,3.0,0.0,5037.0,11.0,84.0,1.5,2.1,0.4,0.2,0.7,0.0,0.1,95.0,1.5,3.5,0.077,0.503,18.537395,-99.609342,100.0,True,
6,Cuernavaca - Chilpancingo,00042,MEX-095,2025,Iguala,12_DV2026_Guerrero.pdf,8,12_DV2026_Guerrero,119.63,1.0,0.0,10273.0,13.5,81.3,0.6,3.4,0.5,0.3,0.2,0.2,0.0,94.8,0.6,4.6,0.072,0.535,18.377115,-99.529203,100.0,True,
6,Cuernavaca - Chilpancingo,00042,MEX-095,2025,T. Izq. Puente de Ixtla,12_DV2026_Guerrero.pdf,8,12_DV2026_Guerrero,123.98,3.0,0.0,17022.0,7.1,86.4,1.4,2.3,1.1,0.9,0.5,0.2,0.1,93.5,1.4,5.1,0.07,0.502,18.317369,-99.500143,100.0,True,
6,Cuernavaca - Chilpancingo,00042,MEX-095,2025,T. Izq. Sabana Grande,12_DV2026_Guerrero.pdf,8,12_DV2026_Guerrero,144.95,1.0,0.0,6426.0,4.0,85.2,1.7,2.6,2.5,2.3,1.2,0.5,0.0,89.2,1.7,9.1,0.075,0.52,18.174088,-99.551721,100.0,True,
6,Cuernavaca - Chilpancingo,00042,MEX-095,2025,T. Der. Tecuescontitlán,12_DV2026_Guerrero.pdf,8,12_DV2026_Guerrero,146.78,1.0,0.0,7427.0,5.8,82.3,2.9,3.3,2.4,1.5,1.2,0.5,0.1,88.1,2.9,9.0,0.072,0.516,18.156576,-99.552703,100.0,True,
6,Cuernavaca - Chilpancingo,00042,MEX-095,2025,T. Der. Mezcala,12_DV2026_Guerrero.pdf,8,12_DV2026_Guerrero,173.14,1.0,0.0,6515.0,6.3,81.7,1.9,2.6,4.2,1.8,1.1,0.3,0.1,88.0,1.9,10.1,0.077,0.505,17.934671,-99.589585,100.0,True,
6,Cuernavaca - Chilpancingo,00042,MEX-095,2025,T. Der. Filo de Caballo,12_DV2026_Guerrero.pdf,8,12_DV2026_Guerrero,189.89,3.0,0.0,5058.0,2.2,81.8,3.2,7.7,2.1,1.7,1.0,0.2,0.1,84.0,3.2,12.8,0.083,0.504,17.794776,-99.566957,100.0,True,
6,Cuernavaca - Chilpancingo,00042,MEX-095,2025,T. C. Cuernavaca - Acapulco (Cuota),12_DV2026_Guerrero.pdf,8,12_DV2026_Guerrero,219.89,,,,,,,,,,,,,,,,,,,,,False,
6,Cuernavaca - Chilpancingo,00042,MEX-095,2025,Chilpancingo,12_DV2026_Guerrero.pdf,8,12_DV2026_Guerrero,223.7,1.0,1.0,29100.0,10.6,82.4,1.7,2.3,1.1,1.0,0.4,0.3,0.2,93.0,1.7,5.3,0.082,0.501,17.584319,-99.515821,100.0,True,
6,Cuernavaca - Chilpancingo,00042,MEX-095,2025,Chilpancingo,12_DV2026_Guerrero.pdf,8,12_DV2026_Guerrero,223.7,1.0,2.0,29228.0,10.5,82.9,1.5,2.2,0.9,1.1,0.5,0.2,0.2,93.4,1.5,5.1,0.086,0.501,17.58434,-99.515739,100.0,True,
7,Ent. Alpuyeca - Grutas de Cacahuamilpa,00421,MEX-166,2025,T. C. Cuernavaca - Chilpancingo,12_DV2026_Guerrero.pdf,8,12_DV2026_Guerrero,0.0,3.0,0.0,8348.0,7.6,84.3,1.0,5.1,1.1,0.3,0.1,0.3,0.2,91.9,1.0,7.1,0.076,0.505,18.752285,-99.25653,100.0,True,
7,Ent. Alpuyeca - Grutas de Cacahuamilpa,00421,MEX-166,2025,T. Der. Zona Arq. de Xochicalco,12_DV2026_Guerrero.pdf,8,12_DV2026_Guerrero,8.4,3.0,1.0,3216.0,6.1,88.9,1.0,2.5,0.9,0.4,0.2,0.0,0.0,95.0,1.0,4.0,0.076,0.517,18.777713,-99.304484,100.0,True,
7,Ent. Alpuyeca - Grutas de Cacahuamilpa,00421,MEX-166,2025,T. Der. Zona Arq. de Xochicalco,12_DV2026_Guerrero.pdf,8,12_DV2026_Guerrero,8.4,3.0,2.0,3228.0,5.8,88.0,1.1,2.8,1.2,0.7,0.4,0.0,0.0,93.8,1.1,5.1,0.082,0.517,18.777642,-99.304503,100.0,True,
7,Ent. Alpuyeca - Grutas de Cacahuamilpa,00421,MEX-166,2025,Miacatlán,12_DV2026_Guerrero.pdf,8,12_DV2026_Guerrero,14.95,3.0,1.0,5611.0,5.3,91.4,0.6,1.0,0.6,0.3,0.2,0.5,0.1,96.7,0.6,2.7,0.081,0.504,18.750207,-99.365741,100.0,True,
7,Ent. Alpuyeca - Grutas de Cacahuamilpa,00421,MEX-166,2025,Miacatlán,12_DV2026_Guerrero.pdf,8,12_DV2026_Guerrero,14.95,3.0,2.0,5532.0,5.0,91.2,0.4,1.1,0.9,0.5,0.3,0.5,0.1,96.2,0.4,3.4,0.093,0.504,18.750178,-99.365662,100.0,True,
7,Ent. Alpuyeca - Grutas de Cacahuamilpa,00421,MEX-166,2025,Mazatepec,12_DV2026_Guerrero.pdf,8,12_DV2026_Guerrero,18.28,3.0,0.0,9061.0,5.3,91.1,0.8,1.9,0.6,0.2,0.1,0.0,0.0,96.4,0.8,2.8,0.084,0.545,18.720718,-99.36495,100.0,True,
7,Ent. Alpuyeca - Grutas de Cacahuamilpa,00421,MEX-166,2025,Tetecala,12_DV2026_Guerrero.pdf,8,12_DV2026_Guerrero,25.05,3.0,0.0,6209.0,6.4,90.0,0.8,1.0,0.7,0.5,0.2,0.3,0.1,96.4,0.8,2.8,0.081,0.536,18.729338,-99.406297,100.0,True,
7,Ent. Alpuyeca - Grutas de Cacahuamilpa,00421,MEX-166,2025,Coatlán del Río,12_DV2026_Guerrero.pdf,8,12_DV2026_Guerrero,29.8,3.0,0.0,3631.0,9.6,87.9,0.3,1.4,0.4,0.1,0.2,0.1,0.0,97.5,0.3,2.2,0.092,0.502,18.748892,-99.442974,100.0,True,
7,Ent. Alpuyeca - Grutas de Cacahuamilpa,00421,MEX-166,2025,Michapa,12_DV2026_Guerrero.pdf,8,12_DV2026_Guerrero,41.26,1.0,0.0,2490.0,11.5,80.1,1.5,3.8,0.8,1.2,1.0,0.1,0.0,91.6,1.5,6.9,0.077,0.529,18.707939,-99.47411,100.0,True,
7,Ent. Alpuyeca - Grutas de Cacahuamilpa,00421,MEX-166,2025,Lim. Edos. Term. Mor. Ppia. Gro.,12_DV2026_Guerrero.pdf,8,12_DV2026_Guerrero,42.4,,,,,,,,,,,,,,,,,,,,,False,
7,Ent. Alpuyeca - Grutas de Cacahuamilpa,00421,MEX-166,2025,T. C. Toluca - Axixintla,12_DV2026_Guerrero.pdf,8,12_DV2026_Guerrero,48.65,,,,,,,,,,,,,,,,,,,,,False,
8,Iguala - Cd. Altamirano,12195,MEX-051,2025,Iguala,12_DV2026_Guerrero.pdf,9,12_DV2026_Guerrero,0.0,,,,,,,,,,,,,,,,,,,,,False,
8,Iguala - Cd. Altamirano,12195,MEX-051,2025,T. Izq. Cocula,12_DV2026_Guerrero.pdf,9,12_DV2026_Guerrero,9.4,1.0,0.0,8351.0,9.6,85.2,1.2,1.5,0.8,0.9,0.5,0.1,0.2,94.8,1.2,4.0,0.072,0.502,18.326922,-99.596977,100.0,True,
8,Iguala - Cd. Altamirano,12195,MEX-051,2025,T. Izq. Cocula,12_DV2026_Guerrero.pdf,9,12_DV2026_Guerrero,9.4,3.0,0.0,3696.0,15.4,70.3,2.5,7.4,1.7,1.7,0.8,0.1,0.1,85.7,2.5,11.8,0.082,0.501,18.322277,-99.608494,100.0,True,
8,Iguala - Cd. Altamirano,12195,MEX-051,2025,T. Izq. Teloloapan,12_DV2026_Guerrero.pdf,9,12_DV2026_Guerrero,63.99,1.0,0.0,4463.0,6.9,85.9,0.9,2.6,1.4,1.2,0.8,0.2,0.1,92.8,0.9,6.3,0.097,0.511,18.347777,-99.838282,100.0,True,
8,Iguala - Cd. Altamirano,12195,MEX-051,2025,T. Izq. Almoloya,12_DV2026_Guerrero.pdf,9,12_DV2026_Guerrero,116.6,1.0,0.0,1182.0,8.8,77.7,2.2,5.5,2.6,2.2,0.9,0.1,0.0,86.5,2.2,11.3,0.113,0.515,18.37551,-100.172757,100.0,True,
8,Iguala - Cd. Altamirano,12195,MEX-051,2025,T. Izq. Arcelia,12_DV2026_Guerrero.pdf,9,12_DV2026_Guerrero,131.98,3.0,0.0,6174.0,26.7,68.9,1.0,1.4,0.8,0.8,0.3,0.1,0.0,95.6,1.0,3.4,0.072,0.519,18.318908,-100.298588,100.0,True,
8,Iguala - Cd. Altamirano,12195,MEX-051,2025,Cd. Altamirano,12_DV2026_Guerrero.pdf,9,12_DV2026_Guerrero,184.55,1.0,1.0,9742.0,23.3,73.2,1.2,0.9,0.5,0.4,0.2,0.3,0.0,96.5,1.2,2.3,0.101,0.508,18.347044,-100.657535,100.0,True,
8,Iguala - Cd. Altamirano,12195,MEX-051,2025,Cd. Altamirano,12_DV2026_Guerrero.pdf,9,12_DV2026_Guerrero,184.55,1.0,2.0,10047.0,23.7,72.7,1.0,1.2,0.4,0.4,0.3,0.3,0.0,96.4,1.0,2.6,0.084,0.508,18.346875,-100.657482,100.0,True,
9,La Sabana - Puerto Marqués,12291,MEX-200,2025,T. C. Las Cruces - Pinotepa Nacional,12_DV2026_Guerrero.pdf,9,12_DV2026_Guerrero,0.0,3.0,1.0,16574.0,9.5,82.5,1.0,3.2,1.3,1.1,0.7,0.3,0.4,92.0,1.0,7.0,0.076,0.511,16.848137,-99.811461,100.0,True,
9,La Sabana - Puerto Marqués,12291,MEX-200,2025,T. C. Las Cruces - Pinotepa Nacional,12_DV2026_Guerrero.pdf,9,12_DV2026_Guerrero,0.0,3.0,2.0,15889.0,9.8,83.0,0.9,3.4,1.1,0.9,0.5,0.1,0.3,92.8,0.9,6.3,0.081,0.511,16.848092,-99.811354,100.0,True,
9,La Sabana - Puerto Marqués,12291,MEX-200,2025,X. C. Acapulco - Aeropuerto Acapulco,12_DV2026_Guerrero.pdf,9,12_DV2026_Guerrero,7.2,1.0,1.0,18434.0,5.7,90.5,0.6,1.6,0.9,0.4,0.1,0.2,0.0,96.2,0.6,3.2,0.092,0.519,16.808043,-99.821704,100.0,True,
9,La Sabana - Puerto Marqués,12291,MEX-200,2025,X. C. Acapulco - Aeropuerto Acapulco,12_DV2026_Guerrero.pdf,9,12_DV2026_Guerrero,7.2,1.0,2.0,19884.0,5.5,90.3,0.4,1.9,1.2,0.3,0.2,0.1,0.1,95.8,0.4,3.8,0.104,0.519,16.808097,-99.82151,100.0,True,
9,La Sabana - Puerto Marqués,12291,MEX-200,2025,Puerto Marqués,12_DV2026_Guerrero.pdf,9,12_DV2026_Guerrero,8.7,,,,,,,,,,,,,,,,,,,,,False,
10,Las Cruces - Pinotepa Nacional,00073,MEX-200,2025,T. C. Chilpancingo - Acapulco,12_DV2026_Guerrero.pdf,9,12_DV2026_Guerrero,0.0,3.0,1.0,19470.0,8.3,84.1,0.7,2.2,1.7,1.5,0.4,0.6,0.5,92.4,0.7,6.9,0.078,0.512,16.8857,-99.833913,100.0,True,
10,Las Cruces - Pinotepa Nacional,00073,MEX-200,2025,T. C. Chilpancingo - Acapulco,12_DV2026_Guerrero.pdf,9,12_DV2026_Guerrero,0.0,3.0,2.0,18555.0,8.0,83.7,0.9,2.4,1.5,1.7,0.5,0.8,0.5,91.7,0.9,7.4,0.071,0.512,16.885788,-99.833703,100.0,True,
10,Las Cruces - Pinotepa Nacional,00073,MEX-200,2025,T. Der. Puerto Marqués,12_DV2026_Guerrero.pdf,9,12_DV2026_Guerrero,4.62,1.0,1.0,23472.0,8.3,84.5,1.2,2.5,1.5,0.8,0.4,0.6,0.2,92.8,1.2,6.0,0.079,0.513,16.867303,-99.810976,100.0,True,
10,Las Cruces - Pinotepa Nacional,00073,MEX-200,2025,T. Der. Puerto Marqués,12_DV2026_Guerrero.pdf,9,12_DV2026_Guerrero,4.62,1.0,2.0,22242.0,8.5,85.1,0.8,2.3,1.3,0.9,0.4,0.5,0.2,93.6,0.8,5.6,0.071,0.513,16.867495,-99.810888,100.0,True,
10,Las Cruces - Pinotepa Nacional,00073,MEX-200,2025,T. Der. Puerto Marqués,12_DV2026_Guerrero.pdf,9,12_DV2026_Guerrero,4.62,3.0,0.0,12834.0,6.7,84.8,0.6,2.5,2.8,1.0,0.6,0.5,0.5,91.5,0.6,7.9,0.084,0.519,16.851997,-99.794136,100.0,True,
10,Las Cruces - Pinotepa Nacional,00073,MEX-200,2025,X. C. Puerto Marqués - La Venta (Cuota),12_DV2026_Guerrero.pdf,9,12_DV2026_Guerrero,11.7,1.0,1.0,4858.0,6.8,83.7,1.1,3.4,1.6,1.4,1.0,0.7,0.3,90.5,1.1,8.4,0.084,0.515,16.831144,-99.770687,100.0,True,
10,Las Cruces - Pinotepa Nacional,00073,MEX-200,2025,X. C. Puerto Marqués - La Venta (Cuota),12_DV2026_Guerrero.pdf,9,12_DV2026_Guerrero,11.7,1.0,2.0,4578.0,7.0,84.0,1.3,3.6,1.4,1.2,0.8,0.5,0.2,91.0,1.3,7.7,0.081,0.515,16.831237,-99.77068,100.0,True,
10,Las Cruces - Pinotepa Nacional,00073,MEX-200,2025,X. C. Puerto Marqués - La Venta (Cuota),12_DV2026_Guerrero.pdf,9,12_DV2026_Guerrero,11.7,3.0,1.0,5553.0,8.7,83.7,1.2,2.5,1.7,1.1,0.9,0.2,0.0,92.4,1.2,6.4,0.089,0.502,16.830086,-99.749961,100.0,True,
10,Las Cruces - Pinotepa Nacional,00073,MEX-200,2025,X. C. Puerto Marqués - La Venta (Cuota),12_DV2026_Guerrero.pdf,9,12_DV2026_Guerrero,11.7,3.0,2.0,5509.0,8.6,83.2,1.3,2.6,1.7,1.0,1.3,0.3,0.0,91.8,1.3,6.9,0.097,0.502,16.830171,-99.750013,100.0,True,
10,Las Cruces - Pinotepa Nacional,00073,MEX-200,2025,T. Der El Arenal,12_DV2026_Guerrero.pdf,9,12_DV2026_Guerrero,17.0,1.0,1.0,4830.0,5.3,86.5,1.4,2.3,1.7,1.4,0.9,0.2,0.3,91.8,1.4,6.8,0.096,0.519,16.824326,-99.715697,100.0,True,
10,Las Cruces - Pinotepa Nacional,00073,MEX-200,2025,T. Der El Arenal,12_DV2026_Guerrero.pdf,9,12_DV2026_Guerrero,17.0,1.0,2.0,4476.0,5.3,86.7,1.6,2.1,1.8,1.3,1.0,0.2,0.0,92.0,1.6,6.4,0.091,0.519,16.824411,-99.715706,100.0,True,
10,Las Cruces - Pinotepa Nacional,00073,MEX-200,2025,Sn Pedro Cacahuatepec,12_DV2026_Guerrero.pdf,9,12_DV2026_Guerrero,21.6,1.0,0.0,7603.0,8.5,82.6,1.9,2.1,1.9,1.7,1.0,0.2,0.1,91.1,1.9,7.0,0.081,0.52,16.815815,-99.672394,100.0,True,
10,Las Cruces - Pinotepa Nacional,00073,MEX-200,2025,T. Der. a Barra Vieja,12_DV2026_Guerrero.pdf,10,12_DV2026_Guerrero,35.0,1.0,0.0,4429.0,5.3,85.1,2.0,2.1,1.6,2.2,1.6,0.1,0.0,90.4,2.0,7.6,0.077,0.532,16.756194,-99.580244,100.0,True,
10,Las Cruces - Pinotepa Nacional,00073,MEX-200,2025,San Marcos,12_DV2026_Guerrero.pdf,10,12_DV2026_Guerrero,58.9,1.0,0.0,6544.0,5.5,85.0,2.4,2.3,1.5,1.8,1.1,0.3,0.1,90.5,2.4,7.1,0.079,0.514,16.779844,-99.410219,100.0,True,
10,Las Cruces - Pinotepa Nacional,00073,MEX-200,2025,San Marcos,12_DV2026_Guerrero.pdf,10,12_DV2026_Guerrero,58.9,3.0,0.0,5534.0,6.6,82.7,3.2,2.0,1.9,2.0,1.3,0.2,0.1,89.3,3.2,7.5,0.082,0.505,16.792581,-99.368993,100.0,True,
10,Las Cruces - Pinotepa Nacional,00073,MEX-200,2025,Nexpa,12_DV2026_Guerrero.pdf,10,12_DV2026_Guerrero,84.96,3.0,0.0,4807.0,5.6,83.1,2.1,3.1,2.1,2.2,1.4,0.2,0.2,88.7,2.1,9.2,0.082,0.509,16.779813,-99.199564,100.0,True,
10,Las Cruces - Pinotepa Nacional,00073,MEX-200,2025,Cruz Grande,12_DV2026_Guerrero.pdf,10,12_DV2026_Guerrero,97.0,3.0,0.0,7423.0,4.0,87.6,1.7,2.5,1.6,1.4,0.9,0.3,0.0,91.6,1.7,6.7,0.081,0.516,16.712929,-99.116928,100.0,True,
10,Las Cruces - Pinotepa Nacional,00073,MEX-200,2025,T. Izq. Copala (1º Acceso),12_DV2026_Guerrero.pdf,10,12_DV2026_Guerrero,117.5,1.0,0.0,6341.0,4.9,86.1,1.8,2.8,1.8,1.5,0.8,0.2,0.1,91.0,1.8,7.2,0.062,0.514,16.607025,-98.98532,100.0,True,
10,Las Cruces - Pinotepa Nacional,00073,MEX-200,2025,T. Izq. Copala (1º Acceso),12_DV2026_Guerrero.pdf,10,12_DV2026_Guerrero,117.5,3.0,0.0,6952.0,3.5,83.4,1.7,6.5,1.8,1.8,1.1,0.2,0.0,86.9,1.7,11.4,0.062,0.517,16.601062,-98.956173,100.0,True,
10,Las Cruces - Pinotepa Nacional,00073,MEX-200,2025,T. Der. Playa Ventura,12_DV2026_Guerrero.pdf,10,12_DV2026_Guerrero,124.0,1.0,0.0,4767.0,3.0,84.6,3.4,2.4,2.4,2.5,1.5,0.2,0.0,87.6,3.4,9.0,0.085,0.503,16.594353,-98.927733,100.0,True,
10,Las Cruces - Pinotepa Nacional,00073,MEX-200,2025,T. Der. Playa Ventura,12_DV2026_Guerrero.pdf,10,12_DV2026_Guerrero,124.0,3.0,0.0,4484.0,2.8,85.3,3.5,2.5,2.2,2.4,1.2,0.1,0.0,88.1,3.5,8.4,0.086,0.507,16.592316,-98.919279,100.0,True,
10,Las Cruces - Pinotepa Nacional,00073,MEX-200,2025,Marquelia,12_DV2026_Guerrero.pdf,10,12_DV2026_Guerrero,136.8,1.0,0.0,6420.0,9.0,81.3,2.6,2.3,1.8,1.7,0.9,0.4,0.0,90.3,2.6,7.1,0.081,0.51,16.581869,-98.830724,100.0,True,
10,Las Cruces - Pinotepa Nacional,00073,MEX-200,2025,Marquelia,12_DV2026_Guerrero.pdf,10,12_DV2026_Guerrero,136.8,3.0,0.0,6015.0,5.3,84.8,2.7,2.4,1.7,1.8,1.0,0.2,0.1,90.1,2.7,7.2,0.086,0.507,16.58184,-98.800772,100.0,True,
10,Las Cruces - Pinotepa Nacional,00073,MEX-200,2025,Juchitán,12_DV2026_Guerrero.pdf,10,12_DV2026_Guerrero,158.0,3.0,0.0,3792.0,4.2,84.8,3.3,2.3,2.2,2.0,1.1,0.1,0.0,89.0,3.3,7.7,0.082,0.505,16.633578,-98.622839,100.0,True,
10,Las Cruces - Pinotepa Nacional,00073,MEX-200,2025,T. Izq. Ometepec,12_DV2026_Guerrero.pdf,10,12_DV2026_Guerrero,175.88,1.0,0.0,4382.0,6.9,81.4,2.3,3.5,2.4,2.1,1.1,0.3,0.0,88.3,2.3,9.4,0.089,0.504,16.654655,-98.504309,100.0,True,
10,Las Cruces - Pinotepa Nacional,00073,MEX-200,2025,T. Izq. Ometepec,12_DV2026_Guerrero.pdf,10,12_DV2026_Guerrero,175.88,3.0,0.0,4397.0,6.6,81.4,2.4,5.1,2.1,1.2,1.0,0.2,0.0,88.0,2.4,9.6,0.077,0.504,16.650541,-98.496768,100.0,True,
10,Las Cruces - Pinotepa Nacional,00073,MEX-200,2025,Cuajinicuilapa,12_DV2026_Guerrero.pdf,10,12_DV2026_Guerrero,200.6,1.0,0.0,5128.0,4.4,85.3,2.4,2.9,1.8,1.9,1.1,0.2,0.0,89.7,2.4,7.9,0.077,0.505,16.477352,-98.435653,100.0,True,
10,Las Cruces - Pinotepa Nacional,00073,MEX-200,2025,Cuajinicuilapa,12_DV2026_Guerrero.pdf,10,12_DV2026_Guerrero,200.6,3.0,0.0,3296.0,4.6,84.1,2.5,3.2,2.3,1.9,1.3,0.1,0.0,88.7,2.5,8.8,0.084,0.511,16.465795,-98.401124,100.0,True,
10,Las Cruces - Pinotepa Nacional,00073,MEX-200,2025,Lim. Edos. Term. Gro. Ppia. Oax.,12_DV2026_Guerrero.pdf,10,12_DV2026_Guerrero,207.8,,,,,,,,,,,,,,,,,,,,,False,
10,Las Cruces - Pinotepa Nacional,00073,MEX-200,2025,T. Izq. San Pedro Orizaba,12_DV2026_Guerrero.pdf,10,12_DV2026_Guerrero,215.0,3.0,0.0,2176.0,6.6,78.7,3.9,3.1,2.2,3.4,2.0,0.1,0.0,85.3,3.9,10.8,0.071,0.513,16.443173,-98.343737,100.0,True,
10,Las Cruces - Pinotepa Nacional,00073,MEX-200,2025,T. Izq. Tlaxiaco,12_DV2026_Guerrero.pdf,10,12_DV2026_Guerrero,245.47,1.0,0.0,3439.0,14.3,71.3,2.2,5.1,2.0,3.0,1.5,0.4,0.2,85.6,2.2,12.2,0.113,0.635,16.379235,-98.094036,100.0,True,
10,Las Cruces - Pinotepa Nacional,00073,MEX-200,2025,T. Izq. Tlaxiaco,12_DV2026_Guerrero.pdf,10,12_DV2026_Guerrero,245.47,3.0,0.0,7072.0,6.0,85.6,1.6,3.0,1.1,1.7,0.7,0.2,0.1,91.6,1.6,6.8,0.091,0.55,16.376597,-98.092033,100.0,True,
10,Las Cruces - Pinotepa Nacional,00073,MEX-200,2025,Pinotepa Nacional,12_DV2026_Guerrero.pdf,10,12_DV2026_Guerrero,252.5,,,,,,,,,,,,,,,,,,,,,False,
11,Libramiento Norte de Acapulco,12421,MEX-095,2025,T. C. Chilpancingo - Acapulco,12_DV2026_Guerrero.pdf,10,12_DV2026_Guerrero,0.0,3.0,0.0,3644.0,4.8,71.5,2.2,15.4,2.9,1.8,1.0,0.3,0.1,76.3,2.2,21.5,0.078,0.501,16.982245,-99.82048,100.0,True,
11,Libramiento Norte de Acapulco,12421,MEX-095,2025,T. Der. Pelillo,12_DV2026_Guerrero.pdf,10,12_DV2026_Guerrero,6.4,3.0,0.0,4114.0,4.3,75.3,2.5,11.9,3.3,1.6,0.9,0.2,0.0,79.6,2.5,17.9,0.076,0.504,16.979353,-99.867224,100.0,True,
11,Libramiento Norte de Acapulco,12421,MEX-095,2025,T. C. Acapulco - Zihuatanejo,12_DV2026_Guerrero.pdf,10,12_DV2026_Guerrero,21.1,1.0,0.0,6134.0,7.7,79.3,2.2,4.6,2.9,1.6,1.0,0.5,0.2,87.0,2.2,10.8,0.071,0.511,16.963589,-99.974882,100.0,True,
12,Milpillas - T. C. (Acapulco - Zihuatanejo),12012,MEX-196,2025,T. C. Cuernavaca - Chilpancingo,12_DV2026_Guerrero.pdf,10,12_DV2026_Guerrero,0.0,3.0,0.0,1336.0,3.4,82.0,0.6,9.0,2.7,1.6,0.7,0.0,0.0,85.4,0.6,14.0,0.095,0.512,17.798426,-99.564957,100.0,True,
12,Milpillas - T. C. (Acapulco - Zihuatanejo),12012,MEX-196,2025,Los Morros,12_DV2026_Guerrero.pdf,11,12_DV2026_Guerrero,45.07,1.0,0.0,882.0,3.5,77.3,1.0,13.7,2.1,1.5,0.6,0.2,0.1,80.8,1.0,18.2,0.084,0.52,17.702765,-99.799001,100.0,True,
12,Milpillas - T. C. (Acapulco - Zihuatanejo),12012,MEX-196,2025,Atoyac de Alvárez,12_DV2026_Guerrero.pdf,11,12_DV2026_Guerrero,233.5,1.0,0.0,1969.0,28.8,65.5,0.5,3.6,0.8,0.4,0.2,0.2,0.0,94.3,0.5,5.2,0.089,0.502,17.217456,-100.425411,100.0,True,
12,Milpillas - T. C. (Acapulco - Zihuatanejo),12012,MEX-196,2025,T. C. Acapulco - Zihuatanejo,12_DV2026_Guerrero.pdf,11,12_DV2026_Guerrero,237.0,1.0,1.0,5696.0,16.3,79.1,0.4,3.1,0.7,0.2,0.1,0.1,0.0,95.4,0.4,4.2,0.097,0.506,17.165496,-100.433656,100.0,True,
12,Milpillas - T. C. (Acapulco - Zihuatanejo),12012,MEX-196,2025,T. C. Acapulco - Zihuatanejo,12_DV2026_Guerrero.pdf,11,12_DV2026_Guerrero,237.0,1.0,2.0,5571.0,16.5,79.4,0.3,2.8,0.5,0.3,0.1,0.1,0.0,95.9,0.3,3.8,0.079,0.506,17.165527,-100.433586,100.0,True,
13,Ramal a Aeropuerto Zihuatanejo,12423,MEX-200,2025,T. C. Acapulco - Zihuatanejo,12_DV2026_Guerrero.pdf,11,12_DV2026_Guerrero,0.0,3.0,0.0,5459.0,11.1,82.4,0.7,5.0,0.5,0.3,0.0,0.0,0.0,93.5,0.7,5.8,0.073,0.519,17.618106,-101.462729,100.0,True,
13,Ramal a Aeropuerto Zihuatanejo,12423,MEX-200,2025,Aeropuerto,12_DV2026_Guerrero.pdf,11,12_DV2026_Guerrero,2.0,,,,,,,,,,,,,,,,,,,,,False,
14,Ramal a La Unión,,MEX-200,2025,T. C. Zihuatanejo - La Mira,12_DV2026_Guerrero.pdf,11,12_DV2026_Guerrero,0.0,3.0,0.0,2006.0,10.0,76.9,2.7,6.2,2.0,0.8,0.6,0.5,0.3,86.9,2.7,10.4,0.087,0.531,17.945885,-101.822028,100.0,True,
14,Ramal a La Unión,,MEX-200,2025,La Unión,12_DV2026_Guerrero.pdf,11,12_DV2026_Guerrero,6.1,,,,,,,,,,,,,,,,,,,,,False,
15,San Juan de Los Llanos - Ometepec,12011,MEX-200,2025,T. C. Las Cruces - Pinotepa Nacional,12_DV2026_Guerrero.pdf,11,12_DV2026_Guerrero,0.0,3.0,0.0,7150.0,9.7,83.9,1.1,2.2,1.3,0.8,0.3,0.6,0.1,93.6,1.1,5.3,0.06,0.504,16.661639,-98.497427,100.0,True,
15,San Juan de Los Llanos - Ometepec,12011,MEX-200,2025,Ometepec,12_DV2026_Guerrero.pdf,11,12_DV2026_Guerrero,15.94,1.0,1.0,5416.0,8.0,86.4,0.6,2.4,1.2,1.1,0.0,0.3,0.0,94.4,0.6,5.0,0.063,0.518,16.687603,-98.437319,100.0,True,
15,San Juan de Los Llanos - Ometepec,12011,MEX-200,2025,Ometepec,12_DV2026_Guerrero.pdf,11,12_DV2026_Guerrero,15.94,1.0,2.0,5825.0,7.7,86.9,0.7,2.5,1.1,0.7,0.1,0.3,0.0,94.6,0.7,4.7,0.078,0.518,16.687667,-98.437362,100.0,True,
16,Tierra Colorada - Cruz Grande,12420,MEX-198,2025,Tierra Colorada,12_DV2026_Guerrero.pdf,11,12_DV2026_Guerrero,0.0,3.0,0.0,2889.0,10.4,83.0,1.2,2.6,1.6,0.7,0.5,0.0,0.0,93.4,1.2,5.4,0.073,0.502,17.142184,-99.529366,100.0,True,
16,Tierra Colorada - Cruz Grande,12420,MEX-198,2025,Tecoanapa,12_DV2026_Guerrero.pdf,11,12_DV2026_Guerrero,61.0,1.0,0.0,4059.0,10.9,83.6,1.1,1.8,1.5,0.6,0.2,0.2,0.1,94.5,1.1,4.4,0.076,0.506,16.985866,-99.265643,100.0,True,
16,Tierra Colorada - Cruz Grande,12420,MEX-198,2025,Ayutla de Los Libres,12_DV2026_Guerrero.pdf,11,12_DV2026_Guerrero,82.0,1.0,0.0,5818.0,15.4,80.8,0.6,1.5,1.1,0.5,0.1,0.0,0.0,96.2,0.6,3.2,0.079,0.501,16.97847,-99.112701,100.0,True,
16,Tierra Colorada - Cruz Grande,12420,MEX-198,2025,Ayutla de Los Libres,12_DV2026_Guerrero.pdf,11,12_DV2026_Guerrero,82.0,3.0,0.0,4073.0,10.8,84.1,0.9,2.6,1.2,0.3,0.1,0.0,0.0,94.9,0.9,4.2,0.083,0.501,16.948663,-99.103824,100.0,True,
16,Tierra Colorada - Cruz Grande,12420,MEX-198,2025,Cruz Grande,12_DV2026_Guerrero.pdf,12,12_DV2026_Guerrero,113.8,1.0,0.0,2591.0,8.8,86.3,1.1,2.2,1.2,0.3,0.1,0.0,0.0,95.1,1.1,3.8,0.074,0.503,16.745849,-99.131915,100.0,True,
16,Tierra Colorada - Cruz Grande,12420,MEX-198,2025,T. C. Las Cruces - Pinotepa Nacional,12_DV2026_Guerrero.pdf,12,12_DV2026_Guerrero,114.8,,,,,,,,,,,,,,,,,,,,,False,
17,Toluca - Cd. Altamirano,00020,MEX-134,2025,T. C. Toluca - Axixintla,12_DV2026_Guerrero.pdf,12,12_DV2026_Guerrero,0.0,,,,,,,,,,,,,,,,,,,,,False,
17,Toluca - Cd. Altamirano,00020,MEX-134,2025,T. Izq. Capultitlán,12_DV2026_Guerrero.pdf,12,12_DV2026_Guerrero,1.78,3.0,1.0,19152.0,4.3,89.8,0.7,3.3,0.7,0.6,0.3,0.2,0.1,94.1,0.7,5.2,0.093,0.506,19.256623,-99.667187,100.0,True,
17,Toluca - Cd. Altamirano,00020,MEX-134,2025,T. Izq. Capultitlán,12_DV2026_Guerrero.pdf,12,12_DV2026_Guerrero,1.78,3.0,2.0,19654.0,4.6,89.9,0.8,2.8,0.7,0.6,0.3,0.2,0.1,94.5,0.8,4.7,0.088,0.506,19.256402,-99.667109,100.0,True,
17,Toluca - Cd. Altamirano,00020,MEX-134,2025,T. Der. Zinacatepec,12_DV2026_Guerrero.pdf,12,12_DV2026_Guerrero,10.21,3.0,1.0,13102.0,2.5,90.9,0.9,3.6,0.8,0.7,0.3,0.2,0.1,93.4,0.9,5.7,0.088,0.501,19.250603,-99.758694,100.0,True,
17,Toluca - Cd. Altamirano,00020,MEX-134,2025,T. Der. Zinacatepec,12_DV2026_Guerrero.pdf,12,12_DV2026_Guerrero,10.21,3.0,2.0,13179.0,2.6,90.5,0.9,3.6,1.1,0.7,0.4,0.1,0.1,93.1,0.9,6.0,0.083,0.501,19.25052,-99.758652,100.0,True,
17,Toluca - Cd. Altamirano,00020,MEX-134,2025,T. Izq. Sultepec,12_DV2026_Guerrero.pdf,12,12_DV2026_Guerrero,18.72,3.0,0.0,5675.0,1.4,86.1,2.1,5.1,1.6,2.0,1.1,0.4,0.2,87.5,2.1,10.4,0.091,0.501,19.202389,-99.827983,100.0,True,
17,Toluca - Cd. Altamirano,00020,MEX-134,2025,T. Der. Valle de Bravo,12_DV2026_Guerrero.pdf,12,12_DV2026_Guerrero,52.0,3.0,0.0,5698.0,3.6,85.0,2.3,3.7,1.8,1.8,1.2,0.5,0.1,88.6,2.3,9.1,0.089,0.502,19.140003,-99.92503,100.0,True,
17,Toluca - Cd. Altamirano,00020,MEX-134,2025,Temascaltepec,12_DV2026_Guerrero.pdf,12,12_DV2026_Guerrero,68.76,1.0,0.0,4749.0,3.2,86.9,2.4,2.8,1.3,1.7,1.2,0.4,0.1,90.1,2.4,7.5,0.082,0.522,19.048164,-100.043823,100.0,True,
17,Toluca - Cd. Altamirano,00020,MEX-134,2025,Temascaltepec,12_DV2026_Guerrero.pdf,12,12_DV2026_Guerrero,68.76,3.0,0.0,4536.0,2.8,85.1,2.3,5.4,1.7,1.4,1.1,0.2,0.0,87.9,2.3,9.8,0.091,0.507,19.041287,-100.045139,100.0,True,
17,Toluca - Cd. Altamirano,00020,MEX-134,2025,T. Izq. San Diego Cuentla,12_DV2026_Guerrero.pdf,12,12_DV2026_Guerrero,84.34,3.0,0.0,6699.0,6.5,82.8,2.0,5.1,1.1,1.4,0.6,0.4,0.1,89.3,2.0,8.7,0.079,0.516,18.969938,-100.073738,100.0,True,
17,Toluca - Cd. Altamirano,00020,MEX-134,2025,Tejupilco de Hidalgo,12_DV2026_Guerrero.pdf,12,12_DV2026_Guerrero,100.76,1.0,0.0,8213.0,3.1,85.9,1.6,5.5,1.9,1.2,0.6,0.1,0.1,89.0,1.6,9.4,0.079,0.513,18.923406,-100.147331,100.0,True,
17,Toluca - Cd. Altamirano,00020,MEX-134,2025,Tejupilco de Hidalgo,12_DV2026_Guerrero.pdf,12,12_DV2026_Guerrero,100.76,3.0,0.0,5151.0,4.3,84.1,1.9,6.2,1.4,1.2,0.5,0.2,0.2,88.4,1.9,9.7,0.093,0.506,18.900596,-100.168467,100.0,True,
17,Toluca - Cd. Altamirano,00020,MEX-134,2025,Cuadrilla de López,12_DV2026_Guerrero.pdf,12,12_DV2026_Guerrero,113.2,3.0,0.0,3314.0,5.8,81.5,2.7,4.5,1.6,2.3,1.2,0.3,0.1,87.3,2.7,10.0,0.084,0.511,18.868471,-100.228267,100.0,True,
17,Toluca - Cd. Altamirano,00020,MEX-134,2025,T. Izq. Bejucos,12_DV2026_Guerrero.pdf,12,12_DV2026_Guerrero,147.57,1.0,0.0,2177.0,10.9,75.3,3.1,4.9,1.9,2.2,1.5,0.2,0.0,86.2,3.1,10.7,0.073,0.506,18.784781,-100.421083,100.0,True,
17,Toluca - Cd. Altamirano,00020,MEX-134,2025,Lim. Edos. Term. Méx. Ppia. Gro.,12_DV2026_Guerrero.pdf,12,12_DV2026_Guerrero,148.0,,,,,,,,,,,,,,,,,,,,,False,
17,Toluca - Cd. Altamirano,00020,MEX-134,2025,Cutzamala,12_DV2026_Guerrero.pdf,12,12_DV2026_Guerrero,196.0,1.0,0.0,3758.0,10.8,77.0,2.5,6.0,1.1,1.7,0.6,0.2,0.1,87.8,2.5,9.7,0.076,0.512,18.476954,-100.582799,100.0,True,
17,Toluca - Cd. Altamirano,00020,MEX-134,2025,Lim. Edos. Term. Gro. Ppia. Mich.,12_DV2026_Guerrero.pdf,12,12_DV2026_Guerrero,201.0,,,,,,,,,,,,,,,,,,,,,False,
17,Toluca - Cd. Altamirano,00020,MEX-134,2025,Lim. Edos. Term. Mich. Ppia. Gro.,12_DV2026_Guerrero.pdf,12,12_DV2026_Guerrero,210.3,,,,,,,,,,,,,,,,,,,,,False,
17,Toluca - Cd. Altamirano,00020,MEX-134,2025,Cd. Altamirano,12_DV2026_Guerrero.pdf,12,12_DV2026_Guerrero,216.0,1.0,0.0,5910.0,12.9,78.1,1.2,4.0,1.2,1.4,0.6,0.4,0.2,91.0,1.2,7.8,0.086,0.517,18.382329,-100.651233,100.0,True,
18,Zihuatanejo - La Mira,00121,MEX-200,2025,Zihuatanejo,12_DV2026_Guerrero.pdf,12,12_DV2026_Guerrero,0.0,3.0,1.0,17485.0,8.2,84.6,0.8,5.1,0.6,0.3,0.2,0.2,0.0,92.8,0.8,6.4,0.083,0.503,17.659197,-101.560974,100.0,True,
18,Zihuatanejo - La Mira,00121,MEX-200,2025,Zihuatanejo,12_DV2026_Guerrero.pdf,12,12_DV2026_Guerrero,0.0,3.0,2.0,17665.0,8.3,84.3,0.9,5.2,0.5,0.3,0.2,0.3,0.0,92.6,0.9,6.5,0.077,0.503,17.659095,-101.560931,100.0,True,
18,Zihuatanejo - La Mira,00121,MEX-200,2025,T. Izq. Ixtapa (1er Acceso),12_DV2026_Guerrero.pdf,12,12_DV2026_Guerrero,2.25,3.0,0.0,25029.0,8.2,85.2,1.1,2.7,0.9,0.8,0.6,0.4,0.1,93.4,1.1,5.5,0.079,0.506,17.660795,-101.574467,100.0,True,
18,Zihuatanejo - La Mira,00121,MEX-200,2025,T. Izq 2do Acceso a Ixtapa Zihutanejo,12_DV2026_Guerrero.pdf,12,12_DV2026_Guerrero,4.7,3.0,0.0,6202.0,2.5,71.7,1.8,19.4,1.2,1.4,1.3,0.4,0.3,74.2,1.8,24.0,0.094,0.533,17.674924,-101.573704,100.0,True,
18,Zihuatanejo - La Mira,00121,MEX-200,2025,T. Izq. Ixtapa (2do Acceso),12_DV2026_Guerrero.pdf,13,12_DV2026_Guerrero,8.0,3.0,0.0,8754.0,9.1,85.0,0.6,2.3,0.9,0.8,0.6,0.6,0.1,94.1,0.6,5.3,0.091,0.512,17.678542,-101.602156,100.0,True,
18,Zihuatanejo - La Mira,00121,MEX-200,2025,T. Der. Cd. Altamirano,12_DV2026_Guerrero.pdf,13,12_DV2026_Guerrero,16.3,1.0,0.0,3254.0,17.2,77.1,0.9,2.2,2.0,0.4,0.1,0.1,0.0,94.3,0.9,4.8,0.085,0.514,17.726359,-101.602774,100.0,True,
18,Zihuatanejo - La Mira,00121,MEX-200,2025,T. Der. Cd. Altamirano,12_DV2026_Guerrero.pdf,13,12_DV2026_Guerrero,16.3,3.0,0.0,3415.0,19.2,74.3,0.7,2.3,1.9,0.7,0.5,0.3,0.1,93.5,0.7,5.8,0.079,0.521,17.731959,-101.612711,100.0,True,
18,Zihuatanejo - La Mira,00121,MEX-200,2025,T. Izq. Pantla (1er Acceso),12_DV2026_Guerrero.pdf,13,12_DV2026_Guerrero,19.0,1.0,0.0,7770.0,2.6,88.1,2.7,3.0,1.6,1.1,0.6,0.3,0.0,90.7,2.7,6.6,0.103,0.509,17.735516,-101.613844,100.0,True,
18,Zihuatanejo - La Mira,00121,MEX-200,2025,T. Izq. Pantla (2do Acceso),12_DV2026_Guerrero.pdf,13,12_DV2026_Guerrero,22.5,1.0,0.0,5962.0,3.3,85.2,3.2,3.5,1.7,1.6,0.8,0.5,0.2,88.5,3.2,8.3,0.099,0.506,17.754088,-101.643802,100.0,True,
18,Zihuatanejo - La Mira,00121,MEX-200,2025,T. Der. Buenavista,12_DV2026_Guerrero.pdf,13,12_DV2026_Guerrero,27.3,3.0,0.0,6577.0,4.9,81.8,3.4,4.4,1.4,1.8,1.3,0.6,0.4,86.7,3.4,9.9,0.117,0.508,17.783524,-101.680488,100.0,True,
18,Zihuatanejo - La Mira,00121,MEX-200,2025,T. Der 1er Acceso a Lagunillas,12_DV2026_Guerrero.pdf,13,12_DV2026_Guerrero,28.0,3.0,0.0,5540.0,3.9,81.0,4.3,5.2,1.4,2.6,1.0,0.5,0.1,84.9,4.3,10.8,0.078,0.545,17.812903,-101.705293,100.0,True,
18,Zihuatanejo - La Mira,00121,MEX-200,2025,T. Izq. Lagunillas,12_DV2026_Guerrero.pdf,13,12_DV2026_Guerrero,35.2,3.0,0.0,4796.0,5.7,80.6,4.5,3.8,1.7,2.2,1.1,0.2,0.2,86.3,4.5,9.2,0.1,0.525,17.838021,-101.715993,100.0,True,
18,Zihuatanejo - La Mira,00121,MEX-200,2025,T. Der. La Unión,12_DV2026_Guerrero.pdf,13,12_DV2026_Guerrero,52.0,1.0,0.0,4782.0,4.8,81.3,3.5,4.5,2.3,2.0,1.1,0.4,0.1,86.1,3.5,10.4,0.098,0.525,17.92993,-101.823398,100.0,True,
18,Zihuatanejo - La Mira,00121,MEX-200,2025,T. Der. La Unión,12_DV2026_Guerrero.pdf,13,12_DV2026_Guerrero,52.0,3.0,0.0,4692.0,3.6,82.3,3.6,4.1,2.0,1.9,1.7,0.6,0.2,85.9,3.6,10.5,0.085,0.531,17.941687,-101.835609,100.0,True,
18,Zihuatanejo - La Mira,00121,MEX-200,2025,Joluta,12_DV2026_Guerrero.pdf,13,12_DV2026_Guerrero,60.7,3.0,0.0,3706.0,4.7,78.9,4.4,4.8,3.1,2.0,1.5,0.4,0.2,83.6,4.4,12.0,0.092,0.504,17.981158,-101.931079,100.0,True,
18,Zihuatanejo - La Mira,00121,MEX-200,2025,X. C. Nueva Italia - Lázaro Cárdenas (Cuota) Este,12_DV2026_Guerrero.pdf,13,12_DV2026_Guerrero,69.0,3.0,0.0,1473.0,7.3,72.5,3.1,8.2,5.6,2.0,1.2,0.1,0.0,79.8,3.1,17.1,0.133,0.504,18.006254,-101.970141,100.0,True,
18,Zihuatanejo - La Mira,00121,MEX-200,2025,X. C. Nueva Italia - Lázaro Cárdenas (Cuota) Oeste,12_DV2026_Guerrero.pdf,13,12_DV2026_Guerrero,95.8,1.0,0.0,9190.0,6.0,80.4,1.4,1.9,1.7,3.0,0.6,4.2,0.8,86.4,1.4,12.2,0.092,0.504,17.993602,-102.163252,100.0,True,
18,Zihuatanejo - La Mira,00121,MEX-200,2025,Zacatula,12_DV2026_Guerrero.pdf,13,12_DV2026_Guerrero,97.0,1.0,0.0,3761.0,13.6,77.3,0.8,2.0,2.9,1.4,0.8,1.1,0.1,90.9,0.8,8.3,0.084,0.502,18.003835,-102.174464,100.0,True,
18,Zihuatanejo - La Mira,00121,MEX-200,2025,Lim. Edos. Term. Gro. Ppia. Mich.,12_DV2026_Guerrero.pdf,13,12_DV2026_Guerrero,102.3,,,,,,,,,,,,,,,,,,,,,False,
18,Zihuatanejo - La Mira,00121,MEX-200,2025,La Villita,12_DV2026_Guerrero.pdf,13,12_DV2026_Guerrero,103.8,3.0,0.0,2107.0,13.5,79.4,0.3,2.1,2.7,1.0,0.5,0.4,0.1,92.9,0.3,6.8,0.085,0.505,18.046169,-102.184193,100.0,True,
18,Zihuatanejo - La Mira,00121,MEX-200,2025,Guacamayas,12_DV2026_Guerrero.pdf,13,12_DV2026_Guerrero,107.0,1.0,0.0,3875.0,14.4,79.8,0.6,2.5,1.6,0.5,0.3,0.2,0.1,94.2,0.6,5.2,0.077,0.526,18.030163,-102.200182,100.0,True,
18,Zihuatanejo - La Mira,00121,MEX-200,2025,T. Izq. Lazáro Cárdenas,12_DV2026_Guerrero.pdf,13,12_DV2026_Guerrero,110.85,1.0,1.0,18378.0,13.5,82.2,0.7,1.3,1.5,0.4,0.1,0.2,0.1,95.7,0.7,3.6,0.069,0.505,18.003562,-102.220485,100.0,True,
18,Zihuatanejo - La Mira,00121,MEX-200,2025,T. Izq. Lazáro Cárdenas,12_DV2026_Guerrero.pdf,13,12_DV2026_Guerrero,110.85,1.0,2.0,18759.0,13.2,82.7,0.5,1.5,1.2,0.4,0.1,0.2,0.2,95.9,0.5,3.6,0.072,0.505,18.003414,-102.220358,100.0,True,
18,Zihuatanejo - La Mira,00121,MEX-200,2025,Buenos Aires,12_DV2026_Guerrero.pdf,13,12_DV2026_Guerrero,117.0,1.0,0.0,15778.0,6.8,86.1,1.4,2.1,1.7,0.9,0.2,0.5,0.3,92.9,1.4,5.7,0.074,0.501,18.010357,-102.265354,100.0,True,
18,Zihuatanejo - La Mira,00121,MEX-200,2025,La Mira,12_DV2026_Guerrero.pdf,13,12_DV2026_Guerrero,123.6,1.0,0.0,12868.0,7.2,84.6,1.4,2.8,2.0,0.5,0.3,0.8,0.4,91.8,1.4,6.8,0.076,0.522,18.031483,-102.320628,100.0,True,
19,Cuernavaca - Acapulco (Cuota),00045,MEX-095D,2025,Cuernavaca,12_DV2026_Guerrero.pdf,13,12_DV2026_Guerrero,94.96,3.0,1.0,46546.0,6.1,87.7,1.6,1.8,0.9,0.8,0.4,0.5,0.2,93.8,1.6,4.6,0.081,0.53,18.874187,-99.226574,100.0,True,
19,Cuernavaca - Acapulco (Cuota),00045,MEX-095D,2025,Cuernavaca,12_DV2026_Guerrero.pdf,13,12_DV2026_Guerrero,94.96,3.0,2.0,44947.0,6.2,87.7,1.5,1.7,0.9,0.9,0.3,0.6,0.2,93.9,1.5,4.6,0.076,0.53,18.875318,-99.227101,100.0,True,
19,Cuernavaca - Acapulco (Cuota),00045,MEX-095D,2025,T. Izq. Burgos,12_DV2026_Guerrero.pdf,13,12_DV2026_Guerrero,98.31,1.0,1.0,51524.0,4.4,86.8,2.2,2.7,1.8,1.2,0.4,0.4,0.1,91.2,2.2,6.6,0.07,0.58,18.862087,-99.221059,100.0,True,
19,Cuernavaca - Acapulco (Cuota),00045,MEX-095D,2025,T. Izq. Burgos,12_DV2026_Guerrero.pdf,13,12_DV2026_Guerrero,98.31,1.0,2.0,52548.0,4.5,87.3,2.1,2.6,1.6,1.1,0.4,0.3,0.1,91.8,2.1,6.1,0.079,0.58,18.862813,-99.221023,100.0,True,
19,Cuernavaca - Acapulco (Cuota),00045,MEX-095D,2025,T. Izq. Burgos,12_DV2026_Guerrero.pdf,13,12_DV2026_Guerrero,98.31,3.0,1.0,47018.0,6.8,84.4,2.6,4.3,0.7,0.6,0.2,0.2,0.2,91.2,2.6,6.2,0.072,0.519,18.856239,-99.220765,100.0,True,
19,Cuernavaca - Acapulco (Cuota),00045,MEX-095D,2025,T. Izq. Burgos,12_DV2026_Guerrero.pdf,13,12_DV2026_Guerrero,98.31,3.0,2.0,46169.0,6.7,84.3,2.7,4.4,0.7,0.7,0.2,0.2,0.1,91.0,2.7,6.3,0.069,0.519,18.854312,-99.22056,100.0,True,
19,Cuernavaca - Acapulco (Cuota),00045,MEX-095D,2025,T. Der. Acatlipa,12_DV2026_Guerrero.pdf,13,12_DV2026_Guerrero,99.66,1.0,1.0,38201.0,7.0,85.1,1.7,3.8,0.9,0.7,0.3,0.3,0.2,92.1,1.7,6.2,0.082,0.506,18.851904,-99.220463,100.0,True,
19,Cuernavaca - Acapulco (Cuota),00045,MEX-095D,2025,T. Der. Acatlipa,12_DV2026_Guerrero.pdf,13,12_DV2026_Guerrero,99.66,1.0,2.0,39849.0,7.1,84.6,1.9,3.8,1.0,0.8,0.2,0.4,0.2,91.7,1.9,6.4,0.072,0.506,18.851705,-99.220329,100.0,True,
19,Cuernavaca - Acapulco (Cuota),00045,MEX-095D,2025,T. Der. Acatlipa,12_DV2026_Guerrero.pdf,13,12_DV2026_Guerrero,99.66,3.0,1.0,32551.0,6.2,85.7,2.2,2.8,0.8,1.2,0.4,0.5,0.2,91.9,2.2,5.9,0.087,0.571,18.843259,-99.217967,100.0,True,
19,Cuernavaca - Acapulco (Cuota),00045,MEX-095D,2025,T. Der. Acatlipa,12_DV2026_Guerrero.pdf,14,12_DV2026_Guerrero,99.66,3.0,2.0,30700.0,6.3,85.2,2.4,3.0,0.9,1.1,0.5,0.5,0.1,91.5,2.4,6.1,0.089,0.571,18.84322,-99.21781,100.0,True,
19,Cuernavaca - Acapulco (Cuota),00045,MEX-095D,2025,T. Izq. Miguel Hidalgo,12_DV2026_Guerrero.pdf,14,12_DV2026_Guerrero,100.81,3.0,1.0,27673.0,6.0,84.4,2.8,2.6,1.2,1.7,0.6,0.5,0.2,90.4,2.8,6.8,0.079,0.563,18.830812,-99.217852,100.0,True,
19,Cuernavaca - Acapulco (Cuota),00045,MEX-095D,2025,T. Izq. Miguel Hidalgo,12_DV2026_Guerrero.pdf,14,12_DV2026_Guerrero,100.81,3.0,2.0,27303.0,6.2,84.6,3.0,2.5,1.1,1.5,0.5,0.4,0.2,90.8,3.0,6.2,0.084,0.563,18.83041,-99.217827,100.0,True,
19,Cuernavaca - Acapulco (Cuota),00045,MEX-095D,2025,T. Der. Aeropuerto Cuernavaca,12_DV2026_Guerrero.pdf,14,12_DV2026_Guerrero,104.79,1.0,1.0,28973.0,6.8,82.4,3.0,4.2,0.9,1.5,0.6,0.4,0.2,89.2,3.0,7.8,0.071,0.512,18.815113,-99.219302,100.0,True,
19,Cuernavaca - Acapulco (Cuota),00045,MEX-095D,2025,T. Der. Aeropuerto Cuernavaca,12_DV2026_Guerrero.pdf,14,12_DV2026_Guerrero,104.79,1.0,2.0,30870.0,6.7,82.9,3.2,4.1,0.8,1.3,0.5,0.4,0.1,89.6,3.2,7.2,0.085,0.512,18.811727,-99.219513,100.0,True,
19,Cuernavaca - Acapulco (Cuota),00045,MEX-095D,2025,T. Der. Aeropuerto Cuernavaca,12_DV2026_Guerrero.pdf,14,12_DV2026_Guerrero,104.79,3.0,1.0,18634.0,3.0,88.2,2.7,2.5,1.3,1.3,0.2,0.6,0.2,91.2,2.7,6.1,0.084,0.544,18.784346,-99.222112,100.0,True,
19,Cuernavaca - Acapulco (Cuota),00045,MEX-095D,2025,T. Der. Aeropuerto Cuernavaca,12_DV2026_Guerrero.pdf,14,12_DV2026_Guerrero,104.79,3.0,2.0,18537.0,2.8,88.5,2.8,2.9,1.0,1.4,0.2,0.3,0.1,91.3,2.8,5.9,0.084,0.544,18.789296,-99.221574,100.0,True,
19,Cuernavaca - Acapulco (Cuota),00045,MEX-095D,2025,T. Izq. Club de Golf Santa Fe,12_DV2026_Guerrero.pdf,14,12_DV2026_Guerrero,112.44,1.0,1.0,17769.0,4.7,84.0,3.9,3.4,1.5,1.3,0.7,0.3,0.2,88.7,3.9,7.4,0.07,0.647,18.746684,-99.246272,100.0,True,
19,Cuernavaca - Acapulco (Cuota),00045,MEX-095D,2025,T. Izq. Club de Golf Santa Fe,12_DV2026_Guerrero.pdf,14,12_DV2026_Guerrero,112.44,1.0,2.0,17968.0,4.9,82.8,3.8,3.2,1.9,1.9,0.6,0.6,0.3,87.7,3.8,8.5,0.094,0.647,18.748251,-99.245372,100.0,True,
19,Cuernavaca - Acapulco (Cuota),00045,MEX-095D,2025,Plaza de Cobro Alpuyeca,12_DV2026_Guerrero.pdf,14,12_DV2026_Guerrero,114.76,1.0,1.0,12305.0,1.9,81.7,4.4,7.3,1.2,1.9,0.8,0.6,0.2,83.6,4.4,12.0,0.087,0.768,18.724504,-99.258557,100.0,True,
19,Cuernavaca - Acapulco (Cuota),00045,MEX-095D,2025,Plaza de Cobro Alpuyeca,12_DV2026_Guerrero.pdf,14,12_DV2026_Guerrero,114.76,1.0,2.0,11571.0,1.8,82.4,4.2,7.0,1.2,1.9,0.7,0.6,0.2,84.2,4.2,11.6,0.122,0.768,18.724357,-99.258547,100.0,True,
19,Cuernavaca - Acapulco (Cuota),00045,MEX-095D,2025,Plaza de Cobro Alpuyeca,12_DV2026_Guerrero.pdf,14,12_DV2026_Guerrero,114.76,3.0,1.0,9247.0,2.0,79.3,4.7,7.3,2.5,2.1,0.9,0.8,0.4,81.3,4.7,14.0,0.079,0.768,18.692222,-99.282215,100.0,True,
19,Cuernavaca - Acapulco (Cuota),00045,MEX-095D,2025,Plaza de Cobro Alpuyeca,12_DV2026_Guerrero.pdf,14,12_DV2026_Guerrero,114.76,3.0,2.0,10549.0,1.7,79.2,4.5,7.9,2.1,2.6,0.8,0.9,0.3,80.9,4.5,14.6,0.099,0.768,18.693707,-99.281076,100.0,True,
19,Cuernavaca - Acapulco (Cuota),00045,MEX-095D,2025,Plaza de Cobro Ing. Francisco Velasco Durán,12_DV2026_Guerrero.pdf,14,12_DV2026_Guerrero,118.06,2.0,1.0,8239.0,1.8,83.0,4.7,3.6,2.8,2.2,0.7,0.8,0.4,84.8,4.7,10.5,0.111,0.5,18.698498,-99.278028,100.0,True,
19,Cuernavaca - Acapulco (Cuota),00045,MEX-095D,2025,Plaza de Cobro Ing. Francisco Velasco Durán,12_DV2026_Guerrero.pdf,14,12_DV2026_Guerrero,118.06,2.0,2.0,8239.0,1.8,83.0,4.7,3.6,2.8,2.2,0.7,0.8,0.4,84.8,4.7,10.5,0.111,0.5,18.698498,-99.278028,100.0,True,
19,Cuernavaca - Acapulco (Cuota),00045,MEX-095D,2025,T. C. Puente de Ixtla - Iguala (Cuota),12_DV2026_Guerrero.pdf,14,12_DV2026_Guerrero,123.54,3.0,1.0,6633.0,2.8,83.1,3.4,4.4,1.3,2.5,1.0,1.0,0.5,85.9,3.4,10.7,0.072,0.506,18.647498,-99.295459,100.0,True,
19,Cuernavaca - Acapulco (Cuota),00045,MEX-095D,2025,T. C. Puente de Ixtla - Iguala (Cuota),12_DV2026_Guerrero.pdf,14,12_DV2026_Guerrero,123.54,3.0,2.0,7014.0,2.7,83.2,3.2,4.6,1.3,2.6,0.9,1.2,0.3,85.9,3.2,10.9,0.078,0.506,18.647499,-99.29534,100.0,True,
19,Cuernavaca - Acapulco (Cuota),00045,MEX-095D,2025,T. C. Xoxocotla - Tilzapotla,12_DV2026_Guerrero.pdf,14,12_DV2026_Guerrero,132.46,3.0,1.0,5790.0,2.8,80.7,4.7,5.3,1.6,2.5,0.7,1.4,0.3,83.5,4.7,11.8,0.075,0.626,18.586823,-99.256853,100.0,True,
19,Cuernavaca - Acapulco (Cuota),00045,MEX-095D,2025,T. C. Xoxocotla - Tilzapotla,12_DV2026_Guerrero.pdf,14,12_DV2026_Guerrero,132.46,3.0,2.0,5886.0,2.6,80.6,4.6,5.4,1.8,2.8,0.8,1.1,0.3,83.2,4.6,12.2,0.1,0.626,18.586915,-99.256787,100.0,True,
19,Cuernavaca - Acapulco (Cuota),00045,MEX-095D,2025,T. C. Autopista Siglo XXI (Jaltetelco - Xicatlacotla),12_DV2026_Guerrero.pdf,14,12_DV2026_Guerrero,135.96,3.0,1.0,5337.0,3.6,80.5,4.1,5.8,1.6,2.4,0.9,0.8,0.3,84.1,4.1,11.8,0.073,0.624,18.56791,-99.224232,100.0,True,
19,Cuernavaca - Acapulco (Cuota),00045,MEX-095D,2025,T. C. Autopista Siglo XXI (Jaltetelco - Xicatlacotla),12_DV2026_Guerrero.pdf,14,12_DV2026_Guerrero,135.96,3.0,2.0,5568.0,3.5,80.1,4.4,5.6,1.6,2.6,0.8,1.1,0.3,83.6,4.4,12.0,0.084,0.624,18.567975,-99.224187,100.0,True,
19,Cuernavaca - Acapulco (Cuota),00045,MEX-095D,2025,Lim. Edos. Term. Mor. Ppia. Gro.,12_DV2026_Guerrero.pdf,14,12_DV2026_Guerrero,148.26,,,,,,,,,,,,,,,,,,,,,False,
19,Cuernavaca - Acapulco (Cuota),00045,MEX-095D,2025,Plaza de Cobro Paso Morelos,12_DV2026_Guerrero.pdf,14,12_DV2026_Guerrero,177.9,2.0,1.0,4596.0,1.3,80.4,6.1,3.1,2.7,3.5,0.7,1.6,0.6,81.7,6.1,12.2,0.111,0.5,18.231462,-99.215446,100.0,True,
19,Cuernavaca - Acapulco (Cuota),00045,MEX-095D,2025,Plaza de Cobro Paso Morelos,12_DV2026_Guerrero.pdf,14,12_DV2026_Guerrero,177.9,2.0,2.0,4596.0,1.3,80.4,6.1,3.1,2.7,3.5,0.7,1.6,0.6,81.7,6.1,12.2,0.111,0.5,18.231462,-99.215446,100.0,True,
19,Cuernavaca - Acapulco (Cuota),00045,MEX-095D,2025,Plaza de Cobro Paso Morelos,12_DV2026_Guerrero.pdf,14,12_DV2026_Guerrero,177.9,1.0,1.0,4787.0,1.8,78.5,5.6,4.6,1.8,4.4,1.1,1.7,0.5,80.3,5.6,14.1,0.085,0.517,18.23825,-99.213922,100.0,True,
19,Cuernavaca - Acapulco (Cuota),00045,MEX-095D,2025,Plaza de Cobro Paso Morelos,12_DV2026_Guerrero.pdf,14,12_DV2026_Guerrero,177.9,1.0,2.0,4473.0,1.9,78.7,5.6,4.4,2.0,4.3,1.0,1.7,0.4,80.6,5.6,13.8,0.143,0.517,18.238218,-99.213834,100.0,True,
19,Cuernavaca - Acapulco (Cuota),00045,MEX-095D,2025,T. C. Cuernavaca - Chilpancingo,12_DV2026_Guerrero.pdf,14,12_DV2026_Guerrero,267.0,1.0,1.0,4042.0,1.8,76.7,8.5,4.0,1.8,4.4,1.3,1.2,0.3,78.5,8.5,13.0,0.082,0.528,17.606731,-99.518131,100.0,True,
19,Cuernavaca - Acapulco (Cuota),00045,MEX-095D,2025,T. C. Cuernavaca - Chilpancingo,12_DV2026_Guerrero.pdf,14,12_DV2026_Guerrero,267.0,1.0,2.0,4521.0,1.5,77.5,8.4,4.1,1.6,4.5,1.0,1.2,0.2,79.0,8.4,12.6,0.093,0.528,17.606711,-99.518044,100.0,True,
19,Cuernavaca - Acapulco (Cuota),00045,MEX-095D,2025,Plaza de Cobro Palo Blanco,12_DV2026_Guerrero.pdf,14,12_DV2026_Guerrero,288.85,1.0,1.0,5772.0,1.4,80.9,5.0,5.1,1.4,3.2,1.3,1.2,0.5,82.3,5.0,12.7,0.109,0.505,17.429093,-99.473224,100.0,True,
19,Cuernavaca - Acapulco (Cuota),00045,MEX-095D,2025,Plaza de Cobro Palo Blanco,12_DV2026_Guerrero.pdf,14,12_DV2026_Guerrero,288.85,1.0,2.0,5883.0,1.2,81.0,5.1,5.1,1.2,3.0,1.5,1.3,0.6,82.2,5.1,12.7,0.164,0.505,17.429152,-99.473165,100.0,True,
19,Cuernavaca - Acapulco (Cuota),00045,MEX-095D,2025,Plaza de Cobro Palo Blanco,12_DV2026_Guerrero.pdf,14,12_DV2026_Guerrero,288.85,2.0,1.0,5686.0,1.8,80.6,6.0,3.0,3.2,3.1,0.8,1.0,0.5,82.4,6.0,11.6,0.097,0.5,17.423983,-99.466911,100.0,True,
19,Cuernavaca - Acapulco (Cuota),00045,MEX-095D,2025,Plaza de Cobro Palo Blanco,12_DV2026_Guerrero.pdf,14,12_DV2026_Guerrero,288.85,2.0,2.0,5686.0,1.8,80.6,6.0,3.0,3.2,3.1,0.8,1.0,0.5,82.4,6.0,11.6,0.097,0.5,17.423983,-99.466911,100.0,True,
19,Cuernavaca - Acapulco (Cuota),00045,MEX-095D,2025,X. C. Chilpancingo - Acapulco (Tierra Colorada),12_DV2026_Guerrero.pdf,14,12_DV2026_Guerrero,321.0,1.0,1.0,5915.0,1.7,78.3,8.5,3.5,2.0,3.2,1.1,1.5,0.2,80.0,8.5,11.5,0.123,0.515,17.18061,-99.552148,100.0,True,
19,Cuernavaca - Acapulco (Cuota),00045,MEX-095D,2025,X. C. Chilpancingo - Acapulco (Tierra Colorada),12_DV2026_Guerrero.pdf,14,12_DV2026_Guerrero,321.0,1.0,2.0,6291.0,1.3,79.1,8.3,3.6,2.0,3.0,1.1,1.4,0.2,80.4,8.3,11.3,0.123,0.515,17.180595,-99.552072,100.0,True,
19,Cuernavaca - Acapulco (Cuota),00045,MEX-095D,2025,Plaza de Cobro La Venta,12_DV2026_Guerrero.pdf,14,12_DV2026_Guerrero,364.85,1.0,1.0,7131.0,6.8,73.7,5.3,5.3,2.3,3.0,1.5,1.6,0.5,80.5,5.3,14.2,0.079,0.536,16.929068,-99.799983,100.0,True,
19,Cuernavaca - Acapulco (Cuota),00045,MEX-095D,2025,Plaza de Cobro La Venta,12_DV2026_Guerrero.pdf,15,12_DV2026_Guerrero,364.85,1.0,2.0,8242.0,6.5,73.2,5.6,5.1,2.0,3.2,1.9,1.9,0.6,79.7,5.6,14.7,0.079,0.536,16.928996,-99.799959,100.0,True,
19,Cuernavaca - Acapulco (Cuota),00045,MEX-095D,2025,Plaza de Cobro La Venta,12_DV2026_Guerrero.pdf,15,12_DV2026_Guerrero,364.85,2.0,1.0,5772.0,1.5,80.9,5.1,3.4,3.6,3.0,0.9,1.1,0.5,82.4,5.1,12.5,0.097,0.5,16.928232,-99.801857,100.0,True,
19,Cuernavaca - Acapulco (Cuota),00045,MEX-095D,2025,Plaza de Cobro La Venta,12_DV2026_Guerrero.pdf,15,12_DV2026_Guerrero,364.85,2.0,2.0,5772.0,1.5,80.9,5.1,3.4,3.6,3.0,0.9,1.1,0.5,82.4,5.1,12.5,0.097,0.5,16.928232,-99.801857,100.0,True,
19,Cuernavaca - Acapulco (Cuota),00045,MEX-095D,2025,T. C. Chilpancingo - Acapulco (Ent. La Venta),12_DV2026_Guerrero.pdf,15,12_DV2026_Guerrero,366.3,1.0,1.0,6882.0,1.4,81.0,6.0,4.4,1.7,3.2,0.8,1.1,0.4,82.4,6.0,11.6,0.082,0.502,16.923169,-99.811386,100.0,True,
19,Cuernavaca - Acapulco (Cuota),00045,MEX-095D,2025,T. C. Chilpancingo - Acapulco (Ent. La Venta),12_DV2026_Guerrero.pdf,15,12_DV2026_Guerrero,366.3,1.0,2.0,6839.0,1.6,80.6,6.3,4.0,1.5,3.4,1.0,1.2,0.4,82.2,6.3,11.5,0.081,0.502,16.923173,-99.811246,100.0,True,
20,Libramiento de Técpan (Cuota),00073,MEX-200D,2025,T. C. Acapulco - Zihuatanejo (Oriente),12_DV2026_Guerrero.pdf,15,12_DV2026_Guerrero,0.0,3.0,0.0,2811.0,11.7,74.8,3.0,4.0,2.1,2.5,1.8,0.1,0.0,86.5,3.0,10.5,0.081,0.519,17.2032,-100.645258,100.0,True,
20,Libramiento de Técpan (Cuota),00073,MEX-200D,2025,Plaza de Cobro Técpan,12_DV2026_Guerrero.pdf,15,12_DV2026_Guerrero,2.6,2.0,0.0,2077.0,3.7,82.1,0.6,4.1,4.6,2.1,1.7,0.1,1.0,85.8,0.6,13.6,0.102,0.5,17.197071,-100.626751,100.0,True,
20,Libramiento de Técpan (Cuota),00073,MEX-200D,2025,T. C. Acapulco - Zihuatanejo (Poniente),12_DV2026_Guerrero.pdf,15,12_DV2026_Guerrero,4.4,,,,,,,,,,,,,,,,,,,,,False,
21,Libramiento Poniente de Acapulco (Cuota),,MEX-200D,2025,Ent. La Venta,12_DV2026_Guerrero.pdf,15,12_DV2026_Guerrero,0.0,3.0,1.0,2500.0,3.5,79.9,4.1,4.5,1.7,2.8,1.6,1.5,0.4,83.4,4.1,12.5,0.088,0.511,16.933614,-99.814476,100.0,True,
21,Libramiento Poniente de Acapulco (Cuota),,MEX-200D,2025,Ent. La Venta,12_DV2026_Guerrero.pdf,15,12_DV2026_Guerrero,0.0,3.0,2.0,2614.0,3.3,81.8,3.8,4.3,1.4,2.5,1.3,1.3,0.3,85.1,3.8,11.1,0.095,0.511,16.933552,-99.814549,100.0,True,
21,Libramiento Poniente de Acapulco (Cuota),,MEX-200D,2025,Ent. Coyuca de Bénitez III,12_DV2026_Guerrero.pdf,15,12_DV2026_Guerrero,39.71,1.0,1.0,2353.0,3.4,81.3,3.6,4.3,1.6,2.7,1.5,1.3,0.3,84.7,3.6,11.7,0.09,0.511,16.961621,-99.955805,100.0,True,
21,Libramiento Poniente de Acapulco (Cuota),,MEX-200D,2025,Ent. Coyuca de Bénitez III,12_DV2026_Guerrero.pdf,15,12_DV2026_Guerrero,39.71,1.0,2.0,2459.0,3.3,80.2,3.9,4.7,1.7,2.9,1.6,1.4,0.3,83.5,3.9,12.6,0.097,0.511,16.961526,-99.955851,100.0,True,
22,Nueva Italia - Lázaro Cárdenas (Cuota),00032,MEX-037D,2025,T. Der. Apatzingán,12_DV2026_Guerrero.pdf,15,12_DV2026_Guerrero,153.9,3.0,0.0,7550.0,6.1,67.8,4.7,6.6,1.6,4.7,2.0,5.6,0.9,73.9,4.7,21.4,0.072,0.504,18.981474,-102.088395,100.0,True,
22,Nueva Italia - Lázaro Cárdenas (Cuota),00032,MEX-037D,2025,Plaza de Cobro Las Cañas,12_DV2026_Guerrero.pdf,15,12_DV2026_Guerrero,211.4,2.0,0.0,5380.0,0.6,57.1,3.4,2.4,3.1,11.0,4.5,12.7,5.2,57.7,3.4,38.9,0.078,0.5,18.554183,-101.970404,100.0,True,
22,Nueva Italia - Lázaro Cárdenas (Cuota),00032,MEX-037D,2025,Lim. Edos. Term. Mich. Ppia. Gro.,12_DV2026_Guerrero.pdf,15,12_DV2026_Guerrero,252.25,,,,,,,,,,,,,,,,,,,,,False,
22,Nueva Italia - Lázaro Cárdenas (Cuota),00032,MEX-037D,2025,Plaza de Cobro Feliciano,12_DV2026_Guerrero.pdf,15,12_DV2026_Guerrero,282.0,2.0,0.0,5762.0,0.6,58.9,3.2,2.5,3.2,10.4,4.2,12.1,4.9,59.5,3.2,37.3,0.078,0.5,18.00409,-101.961847,100.0,True,
22,Nueva Italia - Lázaro Cárdenas (Cuota),00032,MEX-037D,2025,X. C. Zihuatanejo - La Mira Este,12_DV2026_Guerrero.pdf,15,12_DV2026_Guerrero,282.37,1.0,0.0,6803.0,5.9,60.0,9.4,7.1,2.4,5.6,2.0,6.8,0.8,65.9,9.4,24.7,0.081,0.515,18.013492,-101.95868,100.0,True,
22,Nueva Italia - Lázaro Cárdenas (Cuota),00032,MEX-037D,2025,X. C. Zihuatanejo - La Mira Este,12_DV2026_Guerrero.pdf,15,12_DV2026_Guerrero,282.37,3.0,0.0,5900.0,6.6,62.9,5.5,7.2,3.2,4.4,3.5,5.8,0.9,69.5,5.5,25.0,0.07,0.504,17.999687,-101.965403,100.0,True,
22,Nueva Italia - Lázaro Cárdenas (Cuota),00032,MEX-037D,2025,X. C. Zihuatanejo - La Mira Oeste,12_DV2026_Guerrero.pdf,15,12_DV2026_Guerrero,306.47,3.0,1.0,8736.0,5.1,79.6,1.8,3.8,2.6,2.8,1.8,1.7,0.8,84.7,1.8,13.5,0.078,0.515,17.995832,-102.171998,100.0,True,
22,Nueva Italia - Lázaro Cárdenas (Cuota),00032,MEX-037D,2025,X. C. Zihuatanejo - La Mira Oeste,12_DV2026_Guerrero.pdf,15,12_DV2026_Guerrero,306.47,3.0,2.0,9290.0,5.2,79.5,1.8,3.7,2.7,2.7,1.9,1.8,0.7,84.7,1.8,13.5,0.082,0.515,17.995734,-102.171894,100.0,True,
22,Nueva Italia - Lázaro Cárdenas (Cuota),00032,MEX-037D,2025,Lim. Edos. Term. Gro. Ppia. Mich.,12_DV2026_Guerrero.pdf,16,12_DV2026_Guerrero,307.0,,,,,,,,,,,,,,,,,,,,,False,
22,Nueva Italia - Lázaro Cárdenas (Cuota),00032,MEX-037D,2025,T. Der.Acceso 8 Puerto Lázaro Cárdenas,12_DV2026_Guerrero.pdf,16,12_DV2026_Guerrero,309.6,3.0,1.0,10447.0,5.8,79.9,2.0,2.3,2.2,2.8,2.6,1.5,0.9,85.7,2.0,12.3,0.095,0.522,17.97658,-102.188006,100.0,True,
22,Nueva Italia - Lázaro Cárdenas (Cuota),00032,MEX-037D,2025,T. Der.Acceso 8 Puerto Lázaro Cárdenas,12_DV2026_Guerrero.pdf,16,12_DV2026_Guerrero,309.6,3.0,2.0,9577.0,5.9,79.7,1.9,2.4,2.1,2.9,2.7,1.5,0.9,85.6,1.9,12.5,0.088,0.522,17.97652,-102.18779,100.0,True,
22,Nueva Italia - Lázaro Cárdenas (Cuota),00032,MEX-037D,2025,Lázaro Cárdenas,12_DV2026_Guerrero.pdf,16,12_DV2026_Guerrero,311.3,,,,,,,,,,,,,,,,,,,,,False,
23,Puente de Ixtla - Iguala (Cuota),00043,MEX-091D,2025,T. C. Cuernavaca - Acapulco (Cuota),12_DV2026_Guerrero.pdf,16,12_DV2026_Guerrero,0.0,,,,,,,,,,,,,,,,,,,,,False,
23,Puente de Ixtla - Iguala (Cuota),00043,MEX-091D,2025,T. Izq. Puente de Ixtla,12_DV2026_Guerrero.pdf,16,12_DV2026_Guerrero,3.44,3.0,0.0,8998.0,4.9,80.5,3.4,5.2,2.2,2.0,0.9,0.7,0.2,85.4,3.4,11.2,0.077,0.514,18.628147,-99.327826,100.0,True,
23,Puente de Ixtla - Iguala (Cuota),00043,MEX-091D,2025,T. Der. Amacuzac,12_DV2026_Guerrero.pdf,16,12_DV2026_Guerrero,11.0,3.0,0.0,8293.0,3.1,80.9,4.8,3.5,2.7,2.0,1.4,1.0,0.6,84.0,4.8,11.2,0.081,0.551,18.59155,-99.376417,100.0,True,
23,Puente de Ixtla - Iguala (Cuota),00043,MEX-091D,2025,Lim. Edos. Term. Mor. Ppia. Gro.,12_DV2026_Guerrero.pdf,16,12_DV2026_Guerrero,18.2,,,,,,,,,,,,,,,,,,,,,False,
23,Puente de Ixtla - Iguala (Cuota),00043,MEX-091D,2025,T. Izq. Buenavista,12_DV2026_Guerrero.pdf,16,12_DV2026_Guerrero,35.68,3.0,0.0,4935.0,6.0,73.7,4.9,8.8,2.2,2.4,1.2,0.5,0.3,79.7,4.9,15.4,0.082,0.511,18.457648,-99.434537,100.0,True,
23,Puente de Ixtla - Iguala (Cuota),00043,MEX-091D,2025,Plaza de Cobro Iguala,12_DV2026_Guerrero.pdf,16,12_DV2026_Guerrero,59.14,2.0,0.0,4322.0,0.9,76.0,4.3,4.8,6.2,2.9,2.5,1.2,1.2,76.9,4.3,18.8,0.076,0.5,18.336191,-99.508296,100.0,True,
23,Puente de Ixtla - Iguala (Cuota),00043,MEX-091D,2025,T. Der. Iguala,12_DV2026_Guerrero.pdf,16,12_DV2026_Guerrero,61.67,1.0,0.0,4726.0,1.9,76.6,7.8,3.2,3.4,3.3,2.4,1.2,0.2,78.5,7.8,13.7,0.08,0.506,18.348163,-99.513528,100.0,True,
23,Puente de Ixtla - Iguala (Cuota),00043,MEX-091D,2025,T. C. Cuernavaca - Chilpancingo,12_DV2026_Guerrero.pdf,16,12_DV2026_Guerrero,64.67,,,,,,,,,,,,,,,,,,,,,False,
24,Rancho Viejo - Taxco (Cuota),12010,MEX-092D,2025,X. C. Cuernavaca - Chilpancingo,12_DV2026_Guerrero.pdf,16,12_DV2026_Guerrero,0.0,,,,,,,,,,,,,,,,,,,,,False,
24,Rancho Viejo - Taxco (Cuota),12010,MEX-092D,2025,Plaza de Cobro Taxco,12_DV2026_Guerrero.pdf,16,12_DV2026_Guerrero,0.62,2.0,0.0,3402.0,11.8,82.8,2.6,2.1,0.4,0.1,0.1,0.0,0.1,94.6,2.6,2.8,0.111,0.5,18.588609,-99.559993,100.0,True,
24,Rancho Viejo - Taxco (Cuota),12010,MEX-092D,2025,T. C. Cuernavaca - Chilpancingo,12_DV2026_Guerrero.pdf,16,12_DV2026_Guerrero,8.1,1.0,0.0,4021.0,7.8,85.5,2.2,3.4,0.4,0.4,0.2,0.1,0.0,93.3,2.2,4.5,0.116,0.504,18.569906,-99.590404,100.0,True,
25,Zacapalco - Rancho Viejo (Cuota),12010,MEX-092D,2025,T. C. Puente de Ixtla - Iguala (Cuota),12_DV2026_Guerrero.pdf,16,12_DV2026_Guerrero,0.0,,,,,,,,,,,,,,,,,,,,,False,
25,Zacapalco - Rancho Viejo (Cuota),12010,MEX-092D,2025,Plaza de Cobro Zacapalco,12_DV2026_Guerrero.pdf,16,12_DV2026_Guerrero,0.5,2.0,0.0,1986.0,5.5,86.5,3.7,2.7,0.9,0.2,0.2,0.0,0.3,92.0,3.7,4.3,0.131,0.5,18.537999,-99.447424,100.0,True,
25,Zacapalco - Rancho Viejo (Cuota),12010,MEX-092D,2025,X. C. Cuernavaca - Chilpancingo,12_DV2026_Guerrero.pdf,16,12_DV2026_Guerrero,17.2,1.0,0.0,2162.0,4.5,84.0,3.6,6.4,0.5,0.7,0.2,0.1,0.0,88.5,3.6,7.9,0.123,0.502,18.584976,-99.546799,100.0,True,
26,Acapulco - Aeropuerto Acapulco,12292,GRO,2025,Acapulco,12_DV2026_Guerrero.pdf,17,12_DV2026_Guerrero,0.0,,,,,,,,,,,,,,,,,,,,,False,
26,Acapulco - Aeropuerto Acapulco,12292,GRO,2025,Puerto Marqués,12_DV2026_Guerrero.pdf,17,12_DV2026_Guerrero,8.7,1.0,1.0,20626.0,4.2,91.6,0.4,2.7,0.7,0.2,0.0,0.1,0.1,95.8,0.4,3.8,0.082,0.507,16.807006,-99.833321,100.0,True,
26,Acapulco - Aeropuerto Acapulco,12292,GRO,2025,Puerto Marqués,12_DV2026_Guerrero.pdf,17,12_DV2026_Guerrero,8.7,1.0,2.0,20053.0,4.1,91.8,0.3,2.9,0.5,0.2,0.0,0.1,0.1,95.9,0.3,3.8,0.087,0.507,16.807462,-99.833853,100.0,True,
26,Acapulco - Aeropuerto Acapulco,12292,GRO,2025,Puerto Marqués,12_DV2026_Guerrero.pdf,17,12_DV2026_Guerrero,8.7,3.0,1.0,29900.0,5.4,91.3,0.5,1.5,0.7,0.4,0.1,0.1,0.0,96.7,0.5,2.8,0.065,0.508,16.800434,-99.819413,100.0,True,
26,Acapulco - Aeropuerto Acapulco,12292,GRO,2025,Puerto Marqués,12_DV2026_Guerrero.pdf,17,12_DV2026_Guerrero,8.7,3.0,2.0,30892.0,5.3,90.7,0.6,1.8,0.7,0.6,0.1,0.1,0.1,96.0,0.6,3.4,0.058,0.508,16.800549,-99.819354,100.0,True,
26,Acapulco - Aeropuerto Acapulco,12292,GRO,2025,T. Der. Los Amates,12_DV2026_Guerrero.pdf,17,12_DV2026_Guerrero,14.9,3.0,1.0,4316.0,2.4,93.4,0.4,3.6,0.1,0.1,0.0,0.0,0.0,95.8,0.4,3.8,0.085,0.509,16.767612,-99.767091,100.0,True,
26,Acapulco - Aeropuerto Acapulco,12292,GRO,2025,T. Der. Los Amates,12_DV2026_Guerrero.pdf,17,12_DV2026_Guerrero,14.9,3.0,2.0,4471.0,2.6,93.1,0.4,3.5,0.3,0.1,0.0,0.0,0.0,95.7,0.4,3.9,0.086,0.509,16.767708,-99.767033,100.0,True,
26,Acapulco - Aeropuerto Acapulco,12292,GRO,2025,Aeropuerto,12_DV2026_Guerrero.pdf,17,12_DV2026_Guerrero,16.2,,,,,,,,,,,,,,,,,,,,,False,
27,Ent. Potrero - Lomas de Chapultepec,12293,GRO,2025,T. C. Acapulco - Aeropuerto Acapulco,12_DV2026_Guerrero.pdf,17,12_DV2026_Guerrero,0.0,3.0,1.0,7269.0,6.3,87.8,0.7,3.3,1.3,0.4,0.2,0.0,0.0,94.1,0.7,5.2,0.115,0.515,16.766847,-99.77645,100.0,True,
27,Ent. Potrero - Lomas de Chapultepec,12293,GRO,2025,T. C. Acapulco - Aeropuerto Acapulco,12_DV2026_Guerrero.pdf,17,12_DV2026_Guerrero,0.0,3.0,2.0,6839.0,6.1,88.6,0.5,3.1,1.2,0.4,0.1,0.0,0.0,94.7,0.5,4.8,0.12,0.515,16.766811,-99.776347,100.0,True,
27,Ent. Potrero - Lomas de Chapultepec,12293,GRO,2025,T. C. Las Cruces - Pinotepa Nacional,12_DV2026_Guerrero.pdf,17,12_DV2026_Guerrero,29.0,,,,,,,,,,,,,,,,,,,,,False,
28,Las Petaquillas - Quechultenango,,GRO,2025,Las Petaquillas,12_DV2026_Guerrero.pdf,17,12_DV2026_Guerrero,0.0,3.0,0.0,4225.0,10.0,84.1,0.6,3.9,0.6,0.3,0.3,0.2,0.0,94.1,0.6,5.3,0.078,0.501,17.482796,-99.426669,100.0,True,
28,Las Petaquillas - Quechultenango,,GRO,2025,Quechultenango,12_DV2026_Guerrero.pdf,17,12_DV2026_Guerrero,26.6,,,,,,,,,,,,,,,,,,,,,False,
29,Pie de La Cuesta - Barra de Coyuca,12427,GRO,2025,T. C. Acapulco - Zihuatanejo,12_DV2026_Guerrero.pdf,17,12_DV2026_Guerrero,0.0,3.0,0.0,6160.0,15.6,79.0,0.7,2.6,0.9,0.5,0.3,0.4,0.0,94.6,0.7,4.7,0.071,0.528,16.903713,-99.975875,100.0,True,
29,Pie de La Cuesta - Barra de Coyuca,12427,GRO,2025,Barra de Coyuca,12_DV2026_Guerrero.pdf,17,12_DV2026_Guerrero,16.5,1.0,1.0,835.0,18.2,77.1,0.2,3.7,0.4,0.3,0.0,0.1,0.0,95.3,0.2,4.5,0.087,0.51,16.944856,-100.088018,100.0,True,
29,Pie de La Cuesta - Barra de Coyuca,12427,GRO,2025,Barra de Coyuca,12_DV2026_Guerrero.pdf,17,12_DV2026_Guerrero,16.5,1.0,2.0,867.0,17.8,77.5,0.4,4.0,0.2,0.1,0.0,0.0,0.0,95.3,0.4,4.3,0.079,0.51,16.944785,-100.088037,100.0,True,
30,Ramal a Cocula,12082,GRO,2025,T. C. Iguala - Ciudad Altamirano,12_DV2026_Guerrero.pdf,18,12_DV2026_Guerrero,0.0,3.0,0.0,4295.0,15.7,77.4,0.6,5.3,0.4,0.2,0.1,0.1,0.2,93.1,0.6,6.3,0.074,0.51,18.317454,-99.605349,100.0,True,
30,Ramal a Cocula,12082,GRO,2025,Cocula,12_DV2026_Guerrero.pdf,18,12_DV2026_Guerrero,13.0,,,,,,,,,,,,,,,,,,,,,False,
31,T. C. (Iguala - Chilpancingo) - Atenango del Río,12001,GRO-001,2025,T. C. Cuernavaca - Chilpancingo,12_DV2026_Guerrero.pdf,18,12_DV2026_Guerrero,0.0,3.0,0.0,7142.0,9.5,86.7,0.5,1.8,0.6,0.5,0.1,0.2,0.1,96.2,0.5,3.3,0.079,0.528,18.289363,-99.503081,100.0,True,
31,T. C. (Iguala - Chilpancingo) - Atenango del Río,12001,GRO-001,2025,T. Der. Pololcingo,12_DV2026_Guerrero.pdf,18,12_DV2026_Guerrero,11.2,1.0,0.0,4034.0,10.6,83.3,1.0,3.5,1.1,0.2,0.1,0.1,0.1,93.9,1.0,5.1,0.079,0.509,18.304643,-99.425619,100.0,True,
31,T. C. (Iguala - Chilpancingo) - Atenango del Río,12001,GRO-001,2025,T. Der. Pololcingo,12_DV2026_Guerrero.pdf,18,12_DV2026_Guerrero,11.2,3.0,0.0,3831.0,9.1,86.0,1.0,3.0,0.4,0.1,0.2,0.1,0.1,95.1,1.0,3.9,0.079,0.5,18.306581,-99.420596,100.0,True,
31,T. C. (Iguala - Chilpancingo) - Atenango del Río,12001,GRO-001,2025,Huitzuco,12_DV2026_Guerrero.pdf,18,12_DV2026_Guerrero,22.0,3.0,0.0,1939.0,9.1,84.5,1.3,3.7,0.7,0.3,0.2,0.1,0.1,93.6,1.3,5.1,0.091,0.503,18.295558,-99.315409,100.0,True,
31,T. C. (Iguala - Chilpancingo) - Atenango del Río,12001,GRO-001,2025,Atenango del Río,12_DV2026_Guerrero.pdf,18,12_DV2026_Guerrero,62.0,1.0,0.0,1392.0,10.2,81.1,1.9,5.4,0.8,0.3,0.1,0.1,0.1,91.3,1.9,6.8,0.079,0.507,18.121602,-99.119545,100.0,True,
32,Taxco - Ixcateopan,12083,GRO,2025,Taxco,12_DV2026_Guerrero.pdf,18,12_DV2026_Guerrero,0.0,3.0,0.0,3138.0,14.0,81.6,0.1,1.3,0.5,2.0,0.3,0.2,0.0,95.6,0.1,4.3,0.079,0.51,18.552265,-99.618553,100.0,True,
32,Taxco - Ixcateopan,12083,GRO,2025,Ixcateopan,12_DV2026_Guerrero.pdf,18,12_DV2026_Guerrero,36.0,1.0,0.0,395.0,15.2,80.2,0.1,2.8,1.3,0.1,0.1,0.2,0.0,95.4,0.1,4.5,0.099,0.51,18.504755,-99.783426,100.0,True,
33,Teloloapan - Apaxtla de Castrejón,12081,GRO,2025,T. C. Iguala - Ciudad Altamirano,12_DV2026_Guerrero.pdf,18,12_DV2026_Guerrero,0.0,3.0,0.0,8077.0,20.6,75.2,1.1,1.3,0.6,0.3,0.4,0.3,0.2,95.8,1.1,3.1,0.077,0.511,18.355395,-99.855599,100.0,True,
33,Teloloapan - Apaxtla de Castrejón,12081,GRO,2025,Apaxtla de Castrejón,12_DV2026_Guerrero.pdf,18,12_DV2026_Guerrero,34.0,,,,,,,,,,,,,,,,,,,,,False,
34,Tlapa de Comonfort - Marquelia,,GRO,2025,Tlapa de Comonfort,12_DV2026_Guerrero.pdf,18,12_DV2026_Guerrero,0.0,3.0,0.0,3690.0,5.8,87.2,0.3,5.5,0.5,0.3,0.2,0.1,0.1,93.0,0.3,6.7,0.069,0.507,17.526221,-98.601338,100.0,True,
34,Tlapa de Comonfort - Marquelia,,GRO,2025,Marquelia,12_DV2026_Guerrero.pdf,18,12_DV2026_Guerrero,163.0,1.0,0.0,3584.0,22.0,74.6,0.6,2.0,0.6,0.1,0.1,0.0,0.0,96.6,0.6,2.8,0.083,0.509,16.589564,-98.817107,100.0,True,
35,Puerto Marqués - La Venta (Cuota),00043,GRO-D,2025,Puerto Marqués,12_DV2026_Guerrero.pdf,19,12_DV2026_Guerrero,0.0,,,,,,,,,,,,,,,,,,,,,False,
35,Puerto Marqués - La Venta (Cuota),00043,GRO-D,2025,X. C. Las Cruces - Pinotepa Nacional,12_DV2026_Guerrero.pdf,19,12_DV2026_Guerrero,6.33,1.0,1.0,4216.0,7.1,86.0,1.1,2.2,1.4,1.1,0.6,0.4,0.1,93.1,1.1,5.8,0.136,0.509,16.821197,-99.766531,100.0,True,
35,Puerto Marqués - La Venta (Cuota),00043,GRO-D,2025,X. C. Las Cruces - Pinotepa Nacional,12_DV2026_Guerrero.pdf,19,12_DV2026_Guerrero,6.33,1.0,2.0,4074.0,6.7,86.5,0.9,2.3,1.4,1.0,0.8,0.2,0.2,93.2,0.9,5.9,0.145,0.509,16.821394,-99.766726,100.0,True,
35,Puerto Marqués - La Venta (Cuota),00043,GRO-D,2025,X. C. Las Cruces - Pinotepa Nacional,12_DV2026_Guerrero.pdf,19,12_DV2026_Guerrero,6.33,3.0,1.0,3208.0,2.4,85.9,2.5,2.7,1.7,2.6,1.1,0.8,0.3,88.3,2.5,9.2,0.11,0.526,16.836431,-99.758263,100.0,True,
35,Puerto Marqués - La Venta (Cuota),00043,GRO-D,2025,X. C. Las Cruces - Pinotepa Nacional,12_DV2026_Guerrero.pdf,19,12_DV2026_Guerrero,6.33,3.0,2.0,2887.0,2.4,85.9,2.4,2.6,1.6,3.0,1.1,0.6,0.4,88.3,2.4,9.3,0.098,0.526,16.836278,-99.75857,100.0,True,
35,Puerto Marqués - La Venta (Cuota),00043,GRO-D,2025,La Venta,12_DV2026_Guerrero.pdf,19,12_DV2026_Guerrero,20.8,,,,,,,,,,,,,,,,,,,,,False,
36,Toluca - Axixintla,00122,EM-MEX-055,2025,Toluca,12_DV2026_Guerrero.pdf,19,12_DV2026_Guerrero,0.0,,,,,,,,,,,,,,,,,,,,,False,
36,Toluca - Axixintla,00122,EM-MEX-055,2025,T. Izq. Metepec,12_DV2026_Guerrero.pdf,19,12_DV2026_Guerrero,4.74,1.0,1.0,51746.0,1.1,90.5,0.7,3.5,0.9,1.6,1.2,0.4,0.1,91.6,0.7,7.7,0.075,0.51,19.243673,-99.603615,100.0,True,
36,Toluca - Axixintla,00122,EM-MEX-055,2025,T. Izq. Metepec,12_DV2026_Guerrero.pdf,19,12_DV2026_Guerrero,4.74,1.0,2.0,54176.0,1.3,89.9,0.7,3.2,1.1,1.7,1.4,0.6,0.1,91.2,0.7,8.1,0.095,0.51,19.243799,-99.603524,100.0,True,
36,Toluca - Axixintla,00122,EM-MEX-055,2025,Mexicalcingo,12_DV2026_Guerrero.pdf,19,12_DV2026_Guerrero,8.8,1.0,1.0,60416.0,0.9,94.3,0.6,2.4,0.8,0.5,0.2,0.2,0.1,95.2,0.6,4.2,0.075,0.503,19.223276,-99.59345,100.0,True,
36,Toluca - Axixintla,00122,EM-MEX-055,2025,Mexicalcingo,12_DV2026_Guerrero.pdf,19,12_DV2026_Guerrero,8.8,1.0,2.0,61325.0,0.9,94.4,0.6,2.3,0.8,0.5,0.2,0.2,0.1,95.3,0.6,4.1,0.074,0.503,19.223306,-99.593302,100.0,True,
36,Toluca - Axixintla,00122,EM-MEX-055,2025,Mexicalcingo,12_DV2026_Guerrero.pdf,19,12_DV2026_Guerrero,8.8,3.0,1.0,43649.0,2.3,89.2,0.7,4.2,1.0,1.2,0.8,0.5,0.1,91.5,0.7,7.8,0.085,0.507,19.199575,-99.584771,100.0,True,
36,Toluca - Axixintla,00122,EM-MEX-055,2025,Mexicalcingo,12_DV2026_Guerrero.pdf,19,12_DV2026_Guerrero,8.8,3.0,2.0,48819.0,2.3,89.4,0.7,3.6,1.1,1.3,0.8,0.6,0.2,91.7,0.7,7.6,0.088,0.507,19.199803,-99.584616,100.0,True,
36,Toluca - Axixintla,00122,EM-MEX-055,2025,T. Der. Calimaya,12_DV2026_Guerrero.pdf,19,12_DV2026_Guerrero,12.7,3.0,1.0,31932.0,1.4,88.4,0.8,5.8,1.8,1.0,0.4,0.3,0.1,89.8,0.8,9.4,0.081,0.509,19.180863,-99.577788,100.0,True,
36,Toluca - Axixintla,00122,EM-MEX-055,2025,T. Der. Calimaya,12_DV2026_Guerrero.pdf,19,12_DV2026_Guerrero,12.7,3.0,2.0,33224.0,1.6,88.0,0.9,5.6,1.9,1.2,0.4,0.3,0.1,89.6,0.9,9.5,0.094,0.509,19.180896,-99.577648,100.0,True,
36,Toluca - Axixintla,00122,EM-MEX-055,2025,Santa María Rayón,12_DV2026_Guerrero.pdf,19,12_DV2026_Guerrero,17.6,3.0,1.0,23798.0,1.2,92.5,0.8,3.2,1.2,0.7,0.3,0.1,0.0,93.7,0.8,5.5,0.084,0.517,19.146064,-99.586567,100.0,True,
36,Toluca - Axixintla,00122,EM-MEX-055,2025,Santa María Rayón,12_DV2026_Guerrero.pdf,19,12_DV2026_Guerrero,17.6,3.0,2.0,27046.0,1.2,91.8,1.0,3.5,1.3,0.8,0.3,0.1,0.0,93.0,1.0,6.0,0.092,0.517,19.146062,-99.586373,100.0,True,
36,Toluca - Axixintla,00122,EM-MEX-055,2025,Tenango de Arista,12_DV2026_Guerrero.pdf,19,12_DV2026_Guerrero,23.0,1.0,1.0,16636.0,4.1,89.3,0.8,3.5,1.1,0.5,0.2,0.3,0.2,93.4,0.8,5.8,0.098,0.502,19.116954,-99.590287,100.0,True,
36,Toluca - Axixintla,00122,EM-MEX-055,2025,Tenango de Arista,12_DV2026_Guerrero.pdf,19,12_DV2026_Guerrero,23.0,1.0,2.0,16531.0,4.2,89.3,0.7,3.8,1.0,0.4,0.1,0.3,0.2,93.5,0.7,5.8,0.077,0.502,19.116755,-99.589979,100.0,True,
36,Toluca - Axixintla,00122,EM-MEX-055,2025,San Bartolomé Atlatlahuaca,12_DV2026_Guerrero.pdf,19,12_DV2026_Guerrero,28.12,1.0,0.0,20681.0,3.8,85.9,1.1,4.6,0.5,3.3,0.3,0.3,0.2,89.7,1.1,9.2,0.082,0.51,19.07762,-99.598832,100.0,True,
36,Toluca - Axixintla,00122,EM-MEX-055,2025,San Bartolomé Atlatlahuaca,12_DV2026_Guerrero.pdf,19,12_DV2026_Guerrero,28.12,3.0,0.0,12785.0,3.3,91.4,1.4,2.2,0.5,0.6,0.3,0.2,0.1,94.7,1.4,3.9,0.093,0.509,19.057234,-99.602006,100.0,True,
36,Toluca - Axixintla,00122,EM-MEX-055,2025,T. Izq. Joquicingo de León Guzmán,12_DV2026_Guerrero.pdf,19,12_DV2026_Guerrero,35.7,1.0,0.0,18343.0,3.0,90.8,1.4,2.7,0.4,0.7,0.5,0.2,0.3,93.8,1.4,4.8,0.066,0.523,19.029238,-99.564576,100.0,True,
36,Toluca - Axixintla,00122,EM-MEX-055,2025,T. Izq. Joquicingo de León Guzmán,12_DV2026_Guerrero.pdf,19,12_DV2026_Guerrero,35.7,3.0,0.0,13476.0,3.9,88.5,1.2,4.6,0.6,0.5,0.4,0.2,0.1,92.4,1.2,6.4,0.084,0.52,19.018406,-99.561331,100.0,True,
36,Toluca - Axixintla,00122,EM-MEX-055,2025,Tenancingo,12_DV2026_Guerrero.pdf,19,12_DV2026_Guerrero,44.8,3.0,0.0,17972.0,7.9,87.1,0.4,3.6,0.2,0.1,0.4,0.2,0.1,95.0,0.4,4.6,0.09,0.515,18.965657,-99.604887,100.0,True,
36,Toluca - Axixintla,00122,EM-MEX-055,2025,T. Izq. Villa Guerrero,12_DV2026_Guerrero.pdf,19,12_DV2026_Guerrero,56.84,3.0,0.0,10192.0,9.7,86.2,0.4,1.3,1.0,0.5,0.1,0.7,0.1,95.9,0.4,3.7,0.085,0.538,18.965371,-99.644742,100.0,True,
36,Toluca - Axixintla,00122,EM-MEX-055,2025,Ixtapan de La Sal,12_DV2026_Guerrero.pdf,19,12_DV2026_Guerrero,80.0,1.0,1.0,3060.0,1.4,95.1,0.5,2.4,0.2,0.1,0.1,0.1,0.1,96.5,0.5,3.0,0.113,0.515,18.853854,-99.672437,100.0,True,
36,Toluca - Axixintla,00122,EM-MEX-055,2025,Ixtapan de La Sal,12_DV2026_Guerrero.pdf,19,12_DV2026_Guerrero,80.0,1.0,2.0,2884.0,1.6,95.3,0.6,1.9,0.2,0.1,0.1,0.1,0.1,96.9,0.6,2.5,0.117,0.515,18.853889,-99.672393,100.0,True,
36,Toluca - Axixintla,00122,EM-MEX-055,2025,Ixtapan de La Sal,12_DV2026_Guerrero.pdf,19,12_DV2026_Guerrero,80.0,3.0,1.0,9015.0,8.7,85.4,1.6,2.9,0.4,0.6,0.2,0.1,0.1,94.1,1.6,4.3,0.087,0.517,18.82532,-99.668441,100.0,True,
36,Toluca - Axixintla,00122,EM-MEX-055,2025,Ixtapan de La Sal,12_DV2026_Guerrero.pdf,19,12_DV2026_Guerrero,80.0,3.0,2.0,9639.0,8.5,86.6,1.2,2.7,0.3,0.4,0.1,0.1,0.1,95.1,1.2,3.7,0.085,0.517,18.825325,-99.66833,100.0,True,
36,Toluca - Axixintla,00122,EM-MEX-055,2025,Tonatico,12_DV2026_Guerrero.pdf,19,12_DV2026_Guerrero,86.2,3.0,0.0,5221.0,9.4,85.2,1.6,2.2,0.7,0.5,0.1,0.3,0.0,94.6,1.6,3.8,0.099,0.502,18.801138,-99.658546,100.0,True,
36,Toluca - Axixintla,00122,EM-MEX-055,2025,Lim. Edos. Term. Méx. Ppia. Gro.,12_DV2026_Guerrero.pdf,20,12_DV2026_Guerrero,98.5,,,,,,,,,,,,,,,,,,,,,False,
36,Toluca - Axixintla,00122,EM-MEX-055,2025,Cacahuamilpa,12_DV2026_Guerrero.pdf,20,12_DV2026_Guerrero,120.3,1.0,0.0,2502.0,5.9,81.2,1.5,7.9,1.2,0.6,0.6,0.5,0.6,87.1,1.5,11.4,0.139,0.516,18.685112,-99.514845,100.0,True,
36,Toluca - Axixintla,00122,EM-MEX-055,2025,T. C. Cuernavaca - Chilpancingo,12_DV2026_Guerrero.pdf,20,12_DV2026_Guerrero,125.3,1.0,0.0,1560.0,7.9,78.4,3.1,6.7,1.8,0.4,0.5,0.4,0.8,86.3,3.1,10.6,0.11,0.506,18.621644,-99.508336,100.0,True,
1,Ent. Jorobas - Tula,00159,MEX-087,2025,T. C. México - Querétaro (Cuota),15_DV2026_Mexico.pdf,5,15_DV2026_Mexico,0.0,3.0,1.0,17866.0,3.6,81.6,2.3,4.9,1.9,3.2,1.4,0.9,0.2,85.2,2.3,12.5,0.091,0.506,19.834494,-99.243494,100.0,True,
1,Ent. Jorobas - Tula,00159,MEX-087,2025,T. C. México - Querétaro (Cuota),15_DV2026_Mexico.pdf,5,15_DV2026_Mexico,0.0,3.0,2.0,18319.0,3.4,81.6,2.1,5.1,2.3,3.0,1.3,1.0,0.2,85.0,2.1,12.9,0.07,0.506,19.834552,-99.243596,100.0,True,
1,Ent. Jorobas - Tula,00159,MEX-087,2025,Lim. Edos. Term. Méx. Ppia. Hgo.,15_DV2026_Mexico.pdf,5,15_DV2026_Mexico,5.9,,,,,,,,,,,,,,,,,,,,,False,
1,Ent. Jorobas - Tula,00159,MEX-087,2025,T. Der. Atotonilco,15_DV2026_Mexico.pdf,5,15_DV2026_Mexico,21.5,1.0,1.0,10139.0,2.2,81.2,2.1,5.6,2.4,4.0,1.5,0.8,0.2,83.4,2.1,14.5,0.09,0.519,20.015736,-99.247438,100.0,True,
1,Ent. Jorobas - Tula,00159,MEX-087,2025,T. Der. Atotonilco,15_DV2026_Mexico.pdf,5,15_DV2026_Mexico,21.5,1.0,2.0,9404.0,2.0,80.2,2.3,5.8,2.6,4.2,1.8,0.9,0.2,82.2,2.3,15.5,0.084,0.519,20.015058,-99.24747,100.0,True,
1,Ent. Jorobas - Tula,00159,MEX-087,2025,Tula de Allende,15_DV2026_Mexico.pdf,5,15_DV2026_Mexico,37.7,1.0,1.0,18034.0,3.9,82.2,2.1,5.9,1.5,1.9,1.3,0.8,0.4,86.1,2.1,11.8,0.102,0.502,20.061381,-99.280083,100.0,True,
1,Ent. Jorobas - Tula,00159,MEX-087,2025,Tula de Allende,15_DV2026_Mexico.pdf,5,15_DV2026_Mexico,37.7,1.0,2.0,18164.0,4.2,82.1,2.0,5.7,1.4,2.0,1.4,0.8,0.4,86.3,2.0,11.7,0.086,0.502,20.061276,-99.280075,100.0,True,
2,Libramiento de Amecameca,,MEX-115,2025,T. C. Sta. Barbara - Izucar de Matamoros (Norte),15_DV2026_Mexico.pdf,5,15_DV2026_Mexico,25.0,3.0,1.0,13277.0,2.6,81.3,1.3,9.0,1.4,2.4,0.8,0.8,0.4,83.9,1.3,14.8,0.096,0.506,19.143679,-98.776014,100.0,True,
2,Libramiento de Amecameca,,MEX-115,2025,T. C. Sta. Barbara - Izucar de Matamoros (Norte),15_DV2026_Mexico.pdf,5,15_DV2026_Mexico,25.0,3.0,2.0,12987.0,3.2,80.6,1.0,8.6,1.7,2.7,0.9,0.9,0.4,83.8,1.0,15.2,0.088,0.506,19.143662,-98.775918,100.0,True,
2,Libramiento de Amecameca,,MEX-115,2025,T. C. Sta. Barbara - Izucar de Matamoros (Sur),15_DV2026_Mexico.pdf,5,15_DV2026_Mexico,30.46,1.0,0.0,21488.0,5.0,83.0,0.9,7.7,1.4,0.9,0.5,0.3,0.3,88.0,0.9,11.1,0.077,0.515,19.11324,-98.780347,100.0,True,
3,Libramiento de Tlalmanalco de Velázquez,,MEX-115,2025,T. C. Sta. Bárbara - Izúcar de Matamoros (Norte),15_DV2026_Mexico.pdf,5,15_DV2026_Mexico,0.0,3.0,1.0,14890.0,3.7,85.0,1.2,5.5,1.5,1.9,0.5,0.6,0.1,88.7,1.2,10.1,0.104,0.511,19.204507,-98.81719,100.0,True,
3,Libramiento de Tlalmanalco de Velázquez,,MEX-115,2025,T. C. Sta. Bárbara - Izúcar de Matamoros (Norte),15_DV2026_Mexico.pdf,5,15_DV2026_Mexico,0.0,3.0,2.0,15576.0,3.4,85.4,1.2,5.5,1.4,2.0,0.5,0.5,0.1,88.8,1.2,10.0,0.128,0.511,19.204831,-98.821477,100.0,True,
3,Libramiento de Tlalmanalco de Velázquez,,MEX-115,2025,T. C. Sta. Bárbara - Izúcar de Matamoros (Sur),15_DV2026_Mexico.pdf,5,15_DV2026_Mexico,4.4,1.0,1.0,17286.0,4.7,83.4,1.8,6.3,1.2,1.6,0.4,0.5,0.1,88.1,1.8,10.1,0.095,0.511,19.189493,-98.801138,100.0,True,
3,Libramiento de Tlalmanalco de Velázquez,,MEX-115,2025,T. C. Sta. Bárbara - Izúcar de Matamoros (Sur),15_DV2026_Mexico.pdf,5,15_DV2026_Mexico,4.4,1.0,2.0,16544.0,5.0,82.4,2.1,6.4,1.1,1.8,0.5,0.6,0.1,87.4,2.1,10.5,0.122,0.511,19.189937,-98.801792,100.0,True,
4,Libramiento San Martín de Las Pirámides,,MEX-132,2025,T. C. Ecatepec - Pirámides (Cuota),15_DV2026_Mexico.pdf,5,15_DV2026_Mexico,18.2,3.0,1.0,15679.0,2.2,80.2,3.8,4.2,1.7,5.0,1.0,1.6,0.3,82.4,3.8,13.8,0.09,0.537,19.656471,-98.873505,100.0,True,
4,Libramiento San Martín de Las Pirámides,,MEX-132,2025,T. C. Ecatepec - Pirámides (Cuota),15_DV2026_Mexico.pdf,5,15_DV2026_Mexico,18.2,3.0,2.0,18153.0,2.0,80.7,3.7,4.0,1.5,5.1,1.1,1.5,0.4,82.7,3.7,13.6,0.118,0.537,19.657811,-98.864001,100.0,True,
4,Libramiento San Martín de Las Pirámides,,MEX-132,2025,X. C. Ent. Tolman - Cd. Sahagún,15_DV2026_Mexico.pdf,5,15_DV2026_Mexico,30.3,1.0,1.0,18031.0,1.7,80.6,3.5,4.2,1.9,5.0,1.4,1.5,0.2,82.3,3.5,14.2,0.076,0.513,19.710182,-98.800936,100.0,True,
4,Libramiento San Martín de Las Pirámides,,MEX-132,2025,X. C. Ent. Tolman - Cd. Sahagún,15_DV2026_Mexico.pdf,5,15_DV2026_Mexico,30.3,1.0,2.0,17145.0,1.9,79.5,3.9,4.0,2.3,5.1,1.4,1.6,0.3,81.4,3.9,14.7,0.092,0.513,19.710273,-98.801014,100.0,True,
4,Libramiento San Martín de Las Pirámides,,MEX-132,2025,X. C. Ent. Tolman - Cd. Sahagún,15_DV2026_Mexico.pdf,5,15_DV2026_Mexico,30.3,3.0,1.0,13823.0,2.2,78.2,3.6,3.9,2.0,6.4,1.3,1.9,0.5,80.4,3.6,16.0,0.099,0.505,19.71974,-98.788811,100.0,True,
4,Libramiento San Martín de Las Pirámides,,MEX-132,2025,X. C. Ent. Tolman - Cd. Sahagún,15_DV2026_Mexico.pdf,5,15_DV2026_Mexico,30.3,3.0,2.0,14102.0,2.0,78.1,3.8,3.5,2.3,6.2,1.5,2.0,0.6,80.1,3.8,16.1,0.133,0.505,19.719781,-98.788952,100.0,True,
4,Libramiento San Martín de Las Pirámides,,MEX-132,2025,T. C. Venta de Carpio - T. C. (Pachuca - Túxpam),15_DV2026_Mexico.pdf,6,15_DV2026_Mexico,32.0,,,,,,,,,,,,,,,,,,,,,False,
5,Libramiento Sur de Acambay,,MEX-055,2025,T. C. Toluca - Palmillas Sur,15_DV2026_Mexico.pdf,6,15_DV2026_Mexico,0.0,3.0,0.0,7441.0,4.5,55.5,6.0,5.7,3.9,18.8,2.4,2.6,0.6,60.0,6.0,34.0,0.073,0.503,19.937382,-99.844299,100.0,True,
5,Libramiento Sur de Acambay,,MEX-055,2025,T. C. Toluca - Palmillas Norte,15_DV2026_Mexico.pdf,6,15_DV2026_Mexico,12.0,,,,,,,,,,,,,,,,,,,,,False,
6,Los Reyes - Zacatepec,00052,MEX-136,2025,T. C. México - Puebla (Libre),15_DV2026_Mexico.pdf,6,15_DV2026_Mexico,0.0,,,,,,,,,,,,,,,,,,,,,False,
6,Los Reyes - Zacatepec,00052,MEX-136,2025,T. Izq. La Magdalena,15_DV2026_Mexico.pdf,6,15_DV2026_Mexico,3.35,3.0,1.0,51091.0,7.2,79.9,1.0,7.8,1.3,1.1,1.2,0.2,0.3,87.1,1.0,11.9,0.051,0.507,19.379969,-98.941146,100.0,True,
6,Los Reyes - Zacatepec,00052,MEX-136,2025,T. Izq. La Magdalena,15_DV2026_Mexico.pdf,6,15_DV2026_Mexico,3.35,3.0,2.0,52725.0,6.9,80.4,0.9,7.6,1.3,1.4,1.0,0.2,0.3,87.3,0.9,11.8,0.051,0.507,19.380234,-98.941193,100.0,True,
6,Los Reyes - Zacatepec,00052,MEX-136,2025,T. Izq. Chimalhuacán,15_DV2026_Mexico.pdf,6,15_DV2026_Mexico,8.45,1.0,1.0,44493.0,8.4,81.3,0.5,4.5,1.3,1.5,1.9,0.2,0.4,89.7,0.5,9.8,0.062,0.505,19.413141,-98.92006,100.0,True,
6,Los Reyes - Zacatepec,00052,MEX-136,2025,T. Izq. Chimalhuacán,15_DV2026_Mexico.pdf,6,15_DV2026_Mexico,8.45,1.0,2.0,45372.0,8.3,81.8,0.6,4.6,1.1,1.4,1.6,0.2,0.4,90.1,0.6,9.3,0.067,0.505,19.413197,-98.920263,100.0,True,
6,Los Reyes - Zacatepec,00052,MEX-136,2025,T. C. San Bernardino - Tepexpan,15_DV2026_Mexico.pdf,6,15_DV2026_Mexico,17.0,1.0,1.0,40215.0,8.6,82.2,1.0,3.6,1.4,1.6,0.9,0.4,0.3,90.8,1.0,8.2,0.075,0.505,19.469924,-98.893466,100.0,True,
6,Los Reyes - Zacatepec,00052,MEX-136,2025,T. C. San Bernardino - Tepexpan,15_DV2026_Mexico.pdf,6,15_DV2026_Mexico,17.0,1.0,2.0,41167.0,8.5,82.8,0.8,3.4,1.3,1.7,1.0,0.3,0.2,91.3,0.8,7.9,0.085,0.505,19.469973,-98.893606,100.0,True,
6,Los Reyes - Zacatepec,00052,MEX-136,2025,T. C. San Bernardino - Tepexpan,15_DV2026_Mexico.pdf,6,15_DV2026_Mexico,17.0,3.0,1.0,15579.0,4.0,87.6,0.5,6.7,0.6,0.3,0.3,0.0,0.0,91.6,0.5,7.9,0.072,0.509,19.483845,-98.886447,100.0,True,
6,Los Reyes - Zacatepec,00052,MEX-136,2025,T. C. San Bernardino - Tepexpan,15_DV2026_Mexico.pdf,6,15_DV2026_Mexico,17.0,3.0,2.0,15041.0,4.3,87.1,0.4,7.0,0.7,0.3,0.2,0.0,0.0,91.4,0.4,8.2,0.069,0.509,19.48395,-98.886577,100.0,True,
6,Los Reyes - Zacatepec,00052,MEX-136,2025,Texcoco,15_DV2026_Mexico.pdf,6,15_DV2026_Mexico,23.02,3.0,1.0,20104.0,2.9,78.6,1.9,9.7,2.3,3.2,0.7,0.5,0.2,81.5,1.9,16.6,0.073,0.508,19.527108,-98.858077,100.0,True,
6,Los Reyes - Zacatepec,00052,MEX-136,2025,Texcoco,15_DV2026_Mexico.pdf,6,15_DV2026_Mexico,23.02,3.0,2.0,20730.0,3.0,78.0,2.1,9.5,2.5,3.3,0.8,0.6,0.2,81.0,2.1,16.9,0.069,0.508,19.527193,-98.85813,100.0,True,
6,Los Reyes - Zacatepec,00052,MEX-136,2025,T. Izq. Tepetlaoxtoc,15_DV2026_Mexico.pdf,6,15_DV2026_Mexico,30.03,1.0,1.0,19025.0,2.6,77.6,2.3,8.0,2.4,4.4,2.0,0.5,0.2,80.2,2.3,17.5,0.077,0.517,19.545811,-98.826122,100.0,True,
6,Los Reyes - Zacatepec,00052,MEX-136,2025,T. Izq. Tepetlaoxtoc,15_DV2026_Mexico.pdf,6,15_DV2026_Mexico,30.03,1.0,2.0,17768.0,2.5,77.1,2.5,8.2,2.5,4.5,1.9,0.6,0.2,79.6,2.5,17.9,0.082,0.517,19.545898,-98.826167,100.0,True,
6,Los Reyes - Zacatepec,00052,MEX-136,2025,T. Der. San Jerónimo Amanalco,15_DV2026_Mexico.pdf,6,15_DV2026_Mexico,31.42,3.0,1.0,9292.0,4.0,75.4,3.5,4.4,2.4,7.6,1.6,0.9,0.2,79.4,3.5,17.1,0.074,0.504,19.550506,-98.793808,100.0,True,
6,Los Reyes - Zacatepec,00052,MEX-136,2025,T. Der. San Jerónimo Amanalco,15_DV2026_Mexico.pdf,6,15_DV2026_Mexico,31.42,3.0,2.0,9156.0,3.9,75.6,3.4,4.3,2.5,7.5,1.5,0.9,0.4,79.5,3.4,17.1,0.077,0.504,19.551446,-98.795675,100.0,True,
6,Los Reyes - Zacatepec,00052,MEX-136,2025,T. Der. Totolapan,15_DV2026_Mexico.pdf,6,15_DV2026_Mexico,42.0,3.0,1.0,7719.0,3.5,74.8,2.7,5.0,2.6,7.8,2.3,1.0,0.3,78.3,2.7,19.0,0.096,0.514,19.558124,-98.7266,100.0,True,
6,Los Reyes - Zacatepec,00052,MEX-136,2025,T. Der. Totolapan,15_DV2026_Mexico.pdf,6,15_DV2026_Mexico,42.0,3.0,2.0,8165.0,3.7,74.3,2.8,4.8,2.7,7.7,2.5,1.2,0.3,78.0,2.8,19.2,0.104,0.514,19.558254,-98.726555,100.0,True,
6,Los Reyes - Zacatepec,00052,MEX-136,2025,Lim. Edos. Term. Méx. Ppia. Tlax.,15_DV2026_Mexico.pdf,6,15_DV2026_Mexico,43.15,,,,,,,,,,,,,,,,,,,,,False,
6,Los Reyes - Zacatepec,00052,MEX-136,2025,T. C. Calpulalpan - El Ocote,15_DV2026_Mexico.pdf,6,15_DV2026_Mexico,58.15,,,,,,,,,,,,,,,,,,,,,False,
6,Los Reyes - Zacatepec,00052,MEX-136,2025,Calpulalpan,15_DV2026_Mexico.pdf,6,15_DV2026_Mexico,59.58,1.0,1.0,10999.0,3.6,80.6,3.6,2.9,1.8,5.4,1.1,0.8,0.2,84.2,3.6,12.2,0.078,0.662,19.593036,-98.583858,100.0,True,
6,Los Reyes - Zacatepec,00052,MEX-136,2025,Calpulalpan,15_DV2026_Mexico.pdf,6,15_DV2026_Mexico,59.58,1.0,2.0,9843.0,3.9,80.9,3.4,2.9,1.8,5.2,0.9,0.8,0.2,84.8,3.4,11.8,0.104,0.662,19.593137,-98.584207,100.0,True,
6,Los Reyes - Zacatepec,00052,MEX-136,2025,Calpulalpan,15_DV2026_Mexico.pdf,6,15_DV2026_Mexico,59.58,3.0,0.0,23095.0,1.7,75.8,5.0,6.3,2.5,6.2,1.2,1.0,0.3,77.5,5.0,17.5,0.069,0.619,19.577128,-98.519158,100.0,True,
6,Los Reyes - Zacatepec,00052,MEX-136,2025,T. Der. Nanacamilpa,15_DV2026_Mexico.pdf,7,15_DV2026_Mexico,71.76,3.0,0.0,19197.0,1.7,77.5,4.5,4.3,2.3,6.6,1.3,1.5,0.3,79.2,4.5,16.3,0.062,0.6,19.523813,-98.478544,100.0,True,
6,Los Reyes - Zacatepec,00052,MEX-136,2025,X. C. Arco Norte de La Ciudad de México,15_DV2026_Mexico.pdf,7,15_DV2026_Mexico,73.8,3.0,1.0,11004.0,2.0,73.7,3.8,3.6,2.0,9.1,2.8,2.5,0.5,75.7,3.8,20.5,0.09,0.679,19.513526,-98.453998,100.0,True,
6,Los Reyes - Zacatepec,00052,MEX-136,2025,X. C. Arco Norte de La Ciudad de México,15_DV2026_Mexico.pdf,7,15_DV2026_Mexico,73.8,3.0,2.0,11422.0,2.0,74.2,4.0,3.4,1.9,8.9,2.7,2.3,0.6,76.2,4.0,19.8,0.107,0.679,19.51361,-98.45399,100.0,True,
6,Los Reyes - Zacatepec,00052,MEX-136,2025,T. Libramiento Hueyotlipan Oeste,15_DV2026_Mexico.pdf,7,15_DV2026_Mexico,86.84,,,,,,,,,,,,,,,,,,,,,False,
6,Los Reyes - Zacatepec,00052,MEX-136,2025,Hueyotlipan,15_DV2026_Mexico.pdf,7,15_DV2026_Mexico,88.21,1.0,1.0,11530.0,2.1,75.7,3.7,2.8,1.9,9.2,1.7,2.2,0.7,77.8,3.7,18.5,0.078,0.582,19.480868,-98.36684,100.0,True,
6,Los Reyes - Zacatepec,00052,MEX-136,2025,Hueyotlipan,15_DV2026_Mexico.pdf,7,15_DV2026_Mexico,88.21,1.0,2.0,11061.0,2.3,74.8,4.0,3.0,2.1,9.1,2.0,2.1,0.6,77.1,4.0,18.9,0.086,0.582,19.47999,-98.365392,100.0,True,
6,Los Reyes - Zacatepec,00052,MEX-136,2025,Hueyotlipan,15_DV2026_Mexico.pdf,7,15_DV2026_Mexico,88.21,3.0,1.0,12086.0,2.0,74.8,3.7,6.1,1.5,7.4,1.9,2.0,0.6,76.8,3.7,19.5,0.086,0.591,19.468244,-98.327939,100.0,True,
6,Los Reyes - Zacatepec,00052,MEX-136,2025,Hueyotlipan,15_DV2026_Mexico.pdf,7,15_DV2026_Mexico,88.21,3.0,2.0,11414.0,2.0,74.4,3.8,6.0,1.6,7.6,1.8,2.2,0.6,76.4,3.8,19.8,0.087,0.591,19.469532,-98.324685,100.0,True,
6,Los Reyes - Zacatepec,00052,MEX-136,2025,T. Libramiento HueyotlipanEste,15_DV2026_Mexico.pdf,7,15_DV2026_Mexico,89.51,,,,,,,,,,,,,,,,,,,,,False,
6,Los Reyes - Zacatepec,00052,MEX-136,2025,T. C. Libramiento de Santiago Tlalpan,15_DV2026_Mexico.pdf,7,15_DV2026_Mexico,93.4,3.0,1.0,15661.0,2.0,70.8,5.0,3.4,2.7,10.0,2.7,2.7,0.7,72.8,5.0,22.2,0.067,0.708,19.483783,-98.295364,100.0,True,
6,Los Reyes - Zacatepec,00052,MEX-136,2025,T. C. Libramiento de Santiago Tlalpan,15_DV2026_Mexico.pdf,7,15_DV2026_Mexico,93.4,3.0,2.0,16589.0,2.0,71.5,5.2,3.6,2.4,9.8,2.5,2.4,0.6,73.5,5.2,21.3,0.079,0.708,19.483854,-98.295261,100.0,True,
6,Los Reyes - Zacatepec,00052,MEX-136,2025,Ent. Xipetzinco,15_DV2026_Mexico.pdf,7,15_DV2026_Mexico,94.9,3.0,1.0,11280.0,2.0,72.3,4.3,6.0,2.2,8.7,2.0,2.1,0.4,74.3,4.3,21.4,0.067,0.593,19.484527,-98.280605,100.0,True,
6,Los Reyes - Zacatepec,00052,MEX-136,2025,Ent. Xipetzinco,15_DV2026_Mexico.pdf,7,15_DV2026_Mexico,94.9,3.0,2.0,12061.0,1.7,72.9,4.0,5.8,2.5,8.4,1.9,2.3,0.5,74.6,4.0,21.4,0.092,0.593,19.484516,-98.281059,100.0,True,
6,Los Reyes - Zacatepec,00052,MEX-136,2025,Xaltocan,15_DV2026_Mexico.pdf,7,15_DV2026_Mexico,108.1,1.0,1.0,12990.0,1.6,74.3,2.7,6.2,2.5,7.9,2.2,1.9,0.7,75.9,2.7,21.4,0.069,0.634,19.42388,-98.215916,100.0,True,
6,Los Reyes - Zacatepec,00052,MEX-136,2025,Xaltocan,15_DV2026_Mexico.pdf,7,15_DV2026_Mexico,108.1,1.0,2.0,12912.0,1.5,75.7,2.6,6.1,2.2,7.8,2.0,1.6,0.5,77.2,2.6,20.2,0.107,0.634,19.423756,-98.215503,100.0,True,
6,Los Reyes - Zacatepec,00052,MEX-136,2025,T. C. Libramiento de Apizaco Oeste,15_DV2026_Mexico.pdf,7,15_DV2026_Mexico,111.3,1.0,1.0,16886.0,2.0,81.2,4.4,1.9,3.0,3.8,1.7,1.6,0.4,83.2,4.4,12.4,0.074,0.527,19.397253,-98.182162,100.0,True,
6,Los Reyes - Zacatepec,00052,MEX-136,2025,T. C. Libramiento de Apizaco Oeste,15_DV2026_Mexico.pdf,7,15_DV2026_Mexico,111.3,1.0,2.0,17509.0,2.4,80.5,4.7,2.0,2.9,3.6,1.7,1.8,0.4,82.9,4.7,12.4,0.076,0.527,19.397291,-98.182083,100.0,True,
6,Los Reyes - Zacatepec,00052,MEX-136,2025,Apizaco,15_DV2026_Mexico.pdf,7,15_DV2026_Mexico,117.74,1.0,1.0,24911.0,3.7,86.6,1.4,4.7,0.7,1.3,0.9,0.3,0.4,90.3,1.4,8.3,0.076,0.537,19.405503,-98.170906,100.0,True,
6,Los Reyes - Zacatepec,00052,MEX-136,2025,Apizaco,15_DV2026_Mexico.pdf,7,15_DV2026_Mexico,117.74,1.0,2.0,25863.0,3.7,86.6,1.6,4.8,0.6,1.2,0.8,0.3,0.4,90.3,1.6,8.1,0.078,0.537,19.40437,-98.171592,100.0,True,
6,Los Reyes - Zacatepec,00052,MEX-136,2025,Apizaco,15_DV2026_Mexico.pdf,7,15_DV2026_Mexico,117.74,3.0,0.0,20171.0,2.1,88.4,1.2,6.5,0.5,0.6,0.3,0.2,0.2,90.5,1.2,8.3,0.081,0.566,19.412572,-98.133025,100.0,True,
6,Los Reyes - Zacatepec,00052,MEX-136,2025,T. Der. Cuaxomulco,15_DV2026_Mexico.pdf,7,15_DV2026_Mexico,119.85,3.0,1.0,17115.0,4.5,89.4,0.9,3.6,0.7,0.4,0.2,0.2,0.1,93.9,0.9,5.2,0.069,0.527,19.413212,-98.115245,100.0,True,
6,Los Reyes - Zacatepec,00052,MEX-136,2025,T. Der. Cuaxomulco,15_DV2026_Mexico.pdf,7,15_DV2026_Mexico,119.85,3.0,2.0,17681.0,4.3,89.2,1.0,3.8,0.8,0.4,0.2,0.2,0.1,93.5,1.0,5.5,0.071,0.527,19.413271,-98.115224,100.0,True,
6,Los Reyes - Zacatepec,00052,MEX-136,2025,T. Libramiento de Apizaco Este,15_DV2026_Mexico.pdf,7,15_DV2026_Mexico,122.7,3.0,1.0,20106.0,2.4,82.3,2.8,3.5,1.8,3.9,1.3,1.6,0.4,84.7,2.8,12.5,0.08,0.553,19.405225,-98.089322,100.0,True,
6,Los Reyes - Zacatepec,00052,MEX-136,2025,T. Libramiento de Apizaco Este,15_DV2026_Mexico.pdf,7,15_DV2026_Mexico,122.7,3.0,2.0,19401.0,2.6,82.3,2.6,3.6,1.6,3.8,1.4,1.7,0.4,84.9,2.6,12.5,0.068,0.553,19.405309,-98.089303,100.0,True,
6,Los Reyes - Zacatepec,00052,MEX-136,2025,T. Izq. Xalostoc,15_DV2026_Mexico.pdf,7,15_DV2026_Mexico,126.67,3.0,1.0,14568.0,3.3,75.5,3.5,6.4,2.0,5.3,1.8,1.8,0.4,78.8,3.5,17.7,0.086,0.504,19.38963,-98.052602,100.0,True,
6,Los Reyes - Zacatepec,00052,MEX-136,2025,T. Izq. Xalostoc,15_DV2026_Mexico.pdf,7,15_DV2026_Mexico,126.67,3.0,2.0,14956.0,3.5,74.9,3.2,6.0,2.2,5.6,2.0,2.1,0.5,78.4,3.2,18.4,0.081,0.504,19.389678,-98.052523,100.0,True,
6,Los Reyes - Zacatepec,00052,MEX-136,2025,T. Izq. Libramiento de Huamantla,15_DV2026_Mexico.pdf,7,15_DV2026_Mexico,141.7,1.0,1.0,14335.0,2.2,77.4,3.9,5.0,2.1,5.9,1.4,1.7,0.4,79.6,3.9,16.5,0.089,0.59,19.325212,-97.953253,100.0,True,
6,Los Reyes - Zacatepec,00052,MEX-136,2025,T. Izq. Libramiento de Huamantla,15_DV2026_Mexico.pdf,7,15_DV2026_Mexico,141.7,1.0,2.0,14476.0,2.1,76.7,4.3,5.2,2.2,6.0,1.4,1.7,0.4,78.8,4.3,16.9,0.096,0.59,19.325282,-97.953202,100.0,True,
6,Los Reyes - Zacatepec,00052,MEX-136,2025,Huamantla,15_DV2026_Mexico.pdf,7,15_DV2026_Mexico,143.02,3.0,1.0,12959.0,4.6,74.0,4.4,4.6,2.2,6.1,2.0,1.6,0.5,78.6,4.4,17.0,0.078,0.503,19.315277,-97.884844,100.0,True,
6,Los Reyes - Zacatepec,00052,MEX-136,2025,Huamantla,15_DV2026_Mexico.pdf,7,15_DV2026_Mexico,143.02,3.0,2.0,11146.0,4.5,74.0,4.3,4.6,1.9,6.4,2.2,1.7,0.4,78.5,4.3,17.2,0.08,0.503,19.315361,-97.884828,100.0,True,
6,Los Reyes - Zacatepec,00052,MEX-136,2025,T. Libramiento de Huamantla Este,15_DV2026_Mexico.pdf,7,15_DV2026_Mexico,144.42,,,,,,,,,,,,,,,,,,,,,False,
6,Los Reyes - Zacatepec,00052,MEX-136,2025,X. C. Amozoc - Perote (Cuota),15_DV2026_Mexico.pdf,7,15_DV2026_Mexico,156.76,1.0,1.0,11000.0,2.3,72.3,4.5,6.0,2.2,6.3,4.2,1.8,0.4,74.6,4.5,20.9,0.081,0.536,19.308194,-97.809207,100.0,True,
6,Los Reyes - Zacatepec,00052,MEX-136,2025,X. C. Amozoc - Perote (Cuota),15_DV2026_Mexico.pdf,7,15_DV2026_Mexico,156.76,1.0,2.0,10859.0,2.4,72.6,4.2,5.9,2.0,6.5,4.2,1.8,0.4,75.0,4.2,20.8,0.074,0.536,19.308275,-97.809189,100.0,True,
6,Los Reyes - Zacatepec,00052,MEX-136,2025,X. C. Amozoc - Perote (Cuota),15_DV2026_Mexico.pdf,7,15_DV2026_Mexico,156.76,3.0,0.0,20625.0,3.9,71.1,4.5,5.0,3.8,6.4,2.0,2.6,0.7,75.0,4.5,20.5,0.059,0.516,19.305359,-97.791682,100.0,True,
6,Los Reyes - Zacatepec,00052,MEX-136,2025,T. Der. Cuapiaxtla,15_DV2026_Mexico.pdf,7,15_DV2026_Mexico,159.4,1.0,0.0,12954.0,2.8,71.1,4.1,7.8,3.4,5.9,3.5,1.1,0.3,73.9,4.1,22.0,0.075,0.555,19.303677,-97.781271,100.0,True,
6,Los Reyes - Zacatepec,00052,MEX-136,2025,X. C. Amozoc - Teziutlán,15_DV2026_Mexico.pdf,8,15_DV2026_Mexico,173.47,1.0,0.0,8036.0,2.6,70.5,3.8,4.7,3.8,7.7,4.7,1.7,0.5,73.1,3.8,23.1,0.081,0.565,19.3278,-97.67282,100.0,True,
6,Los Reyes - Zacatepec,00052,MEX-136,2025,X. C. Amozoc - Teziutlán,15_DV2026_Mexico.pdf,8,15_DV2026_Mexico,173.47,3.0,0.0,5449.0,4.4,57.6,3.2,3.7,7.7,11.2,9.1,2.4,0.7,62.0,3.2,34.8,0.075,0.71,19.313459,-97.627823,100.0,True,
6,Los Reyes - Zacatepec,00052,MEX-136,2025,Lim. Edos. Term. Tlax. Ppia. Pue.,15_DV2026_Mexico.pdf,8,15_DV2026_Mexico,177.57,,,,,,,,,,,,,,,,,,,,,False,
6,Los Reyes - Zacatepec,00052,MEX-136,2025,Zacatepec,15_DV2026_Mexico.pdf,8,15_DV2026_Mexico,187.67,1.0,0.0,5763.0,3.6,59.4,4.2,4.8,5.1,12.5,7.5,2.4,0.5,63.0,4.2,32.8,0.086,0.533,19.271408,-97.543684,100.0,True,
7,México - Pachuca (Libre),00431,MEX-085,2025,México,15_DV2026_Mexico.pdf,8,15_DV2026_Mexico,0.0,,,,,,,,,,,,,,,,,,,,,False,
7,México - Pachuca (Libre),00431,MEX-085,2025,Lim. Edos. Term. CDMX Ppia. Méx.,15_DV2026_Mexico.pdf,8,15_DV2026_Mexico,9.89,,,,,,,,,,,,,,,,,,,,,False,
7,México - Pachuca (Libre),00431,MEX-085,2025,T. Der. Pirámides,15_DV2026_Mexico.pdf,8,15_DV2026_Mexico,26.93,1.0,1.0,15084.0,5.2,84.5,0.6,4.5,0.5,2.3,1.6,0.5,0.3,89.7,0.6,9.7,0.076,0.51,19.618919,-99.008068,100.0,True,
7,México - Pachuca (Libre),00431,MEX-085,2025,T. Der. Pirámides,15_DV2026_Mexico.pdf,8,15_DV2026_Mexico,26.93,1.0,2.0,15689.0,4.9,85.1,0.5,4.7,0.4,2.2,1.5,0.4,0.3,90.0,0.5,9.5,0.061,0.51,19.619029,-99.008127,100.0,True,
7,México - Pachuca (Libre),00431,MEX-085,2025,Venta de Carpio,15_DV2026_Mexico.pdf,8,15_DV2026_Mexico,27.0,3.0,1.0,27637.0,4.2,87.4,0.4,4.4,0.9,1.3,1.1,0.1,0.2,91.6,0.4,8.0,0.062,0.508,19.625721,-99.003003,100.0,True,
7,México - Pachuca (Libre),00431,MEX-085,2025,Venta de Carpio,15_DV2026_Mexico.pdf,8,15_DV2026_Mexico,27.0,3.0,2.0,26768.0,4.1,87.4,0.6,4.6,0.8,1.2,1.0,0.1,0.2,91.5,0.6,7.9,0.057,0.508,19.625765,-99.003195,100.0,True,
7,México - Pachuca (Libre),00431,MEX-085,2025,T. Der. Aut. México - Pachuca (Cuota),15_DV2026_Mexico.pdf,8,15_DV2026_Mexico,37.52,1.0,1.0,28930.0,5.3,88.9,0.5,3.2,0.9,0.6,0.3,0.2,0.1,94.2,0.5,5.3,0.076,0.503,19.704466,-98.978286,100.0,True,
7,México - Pachuca (Libre),00431,MEX-085,2025,T. Der. Aut. México - Pachuca (Cuota),15_DV2026_Mexico.pdf,8,15_DV2026_Mexico,37.52,1.0,2.0,29292.0,5.2,89.6,0.4,3.0,0.7,0.5,0.3,0.2,0.1,94.8,0.4,4.8,0.076,0.503,19.703815,-98.978702,100.0,True,
7,México - Pachuca (Libre),00431,MEX-085,2025,Acceso al AIFA por San Jerónimo,15_DV2026_Mexico.pdf,8,15_DV2026_Mexico,42.0,1.0,1.0,19369.0,6.3,86.5,1.4,4.8,0.4,0.4,0.1,0.1,0.0,92.8,1.4,5.8,0.074,0.51,19.739442,-98.972054,100.0,True,
7,México - Pachuca (Libre),00431,MEX-085,2025,Acceso al AIFA por San Jerónimo,15_DV2026_Mexico.pdf,8,15_DV2026_Mexico,42.0,1.0,2.0,20173.0,6.4,86.3,1.3,4.7,0.5,0.5,0.1,0.2,0.0,92.7,1.3,6.0,0.086,0.51,19.739445,-98.97214,100.0,True,
7,México - Pachuca (Libre),00431,MEX-085,2025,Acceso al AIFA por San Jerónimo,15_DV2026_Mexico.pdf,8,15_DV2026_Mexico,42.0,3.0,1.0,20539.0,6.7,86.5,0.6,4.3,0.7,0.9,0.1,0.2,0.0,93.2,0.6,6.2,0.101,0.508,19.748938,-98.972534,100.0,True,
7,México - Pachuca (Libre),00431,MEX-085,2025,Acceso al AIFA por San Jerónimo,15_DV2026_Mexico.pdf,8,15_DV2026_Mexico,42.0,3.0,2.0,21229.0,6.8,86.4,0.7,4.2,0.9,0.8,0.1,0.1,0.0,93.2,0.7,6.1,0.092,0.508,19.750841,-98.972903,100.0,True,
7,México - Pachuca (Libre),00431,MEX-085,2025,T. C. Via Perimentral AIFA,15_DV2026_Mexico.pdf,8,15_DV2026_Mexico,42.7,3.0,1.0,20451.0,6.7,86.8,0.5,4.2,0.9,0.7,0.1,0.1,0.0,93.5,0.5,6.0,0.075,0.514,19.756378,-98.973389,100.0,True,
7,México - Pachuca (Libre),00431,MEX-085,2025,T. C. Via Perimentral AIFA,15_DV2026_Mexico.pdf,8,15_DV2026_Mexico,42.7,3.0,2.0,21591.0,6.8,86.7,0.4,4.3,0.8,0.8,0.1,0.1,0.0,93.5,0.4,6.1,0.078,0.514,19.756429,-98.973484,100.0,True,
7,México - Pachuca (Libre),00431,MEX-085,2025,T. Izq. Zumpango,15_DV2026_Mexico.pdf,8,15_DV2026_Mexico,44.68,1.0,1.0,18157.0,4.7,86.6,1.9,4.1,0.9,0.8,0.3,0.3,0.4,91.3,1.9,6.8,0.068,0.519,19.760489,-98.973576,100.0,True,
7,México - Pachuca (Libre),00431,MEX-085,2025,T. Izq. Zumpango,15_DV2026_Mexico.pdf,8,15_DV2026_Mexico,44.68,1.0,2.0,19552.0,4.8,86.7,2.0,4.0,0.8,0.7,0.3,0.4,0.3,91.5,2.0,6.5,0.075,0.519,19.759582,-98.973704,100.0,True,
7,México - Pachuca (Libre),00431,MEX-085,2025,T. Izq. Zumpango,15_DV2026_Mexico.pdf,8,15_DV2026_Mexico,44.68,3.0,1.0,13184.0,8.6,79.8,1.1,5.8,1.7,1.6,0.3,0.8,0.3,88.4,1.1,10.5,0.07,0.503,19.772735,-98.973077,100.0,True,
7,México - Pachuca (Libre),00431,MEX-085,2025,T. Izq. Zumpango,15_DV2026_Mexico.pdf,8,15_DV2026_Mexico,44.68,3.0,2.0,13051.0,8.7,80.0,1.2,5.7,1.6,1.6,0.3,0.7,0.2,88.7,1.2,10.1,0.072,0.503,19.772742,-98.973137,100.0,True,
7,México - Pachuca (Libre),00431,MEX-085,2025,Lim. Edos. Term. Méx. Ppia. Hgo.,15_DV2026_Mexico.pdf,8,15_DV2026_Mexico,49.3,,,,,,,,,,,,,,,,,,,,,False,
7,México - Pachuca (Libre),00431,MEX-085,2025,Tizayuca,15_DV2026_Mexico.pdf,8,15_DV2026_Mexico,52.5,1.0,1.0,11609.0,10.0,79.5,1.2,5.9,1.6,1.1,0.3,0.3,0.1,89.5,1.2,9.3,0.079,0.537,19.817704,-98.975943,100.0,True,
7,México - Pachuca (Libre),00431,MEX-085,2025,Tizayuca,15_DV2026_Mexico.pdf,8,15_DV2026_Mexico,52.5,1.0,2.0,13462.0,9.9,79.3,1.5,6.3,1.2,1.1,0.3,0.2,0.2,89.2,1.5,9.3,0.079,0.537,19.818073,-98.976125,100.0,True,
7,México - Pachuca (Libre),00431,MEX-085,2025,Tizayuca,15_DV2026_Mexico.pdf,8,15_DV2026_Mexico,52.5,3.0,1.0,19439.0,3.6,88.0,1.2,4.7,0.9,0.7,0.4,0.3,0.2,91.6,1.2,7.2,0.082,0.509,19.858304,-98.9682,100.0,True,
7,México - Pachuca (Libre),00431,MEX-085,2025,Tizayuca,15_DV2026_Mexico.pdf,8,15_DV2026_Mexico,52.5,3.0,2.0,20152.0,3.7,88.0,1.1,4.6,1.0,0.6,0.3,0.4,0.3,91.7,1.1,7.2,0.071,0.509,19.858044,-98.968585,100.0,True,
7,México - Pachuca (Libre),00431,MEX-085,2025,T. C. México - Tizayuca (Cuota),15_DV2026_Mexico.pdf,8,15_DV2026_Mexico,61.0,1.0,1.0,7610.0,8.3,80.0,2.6,6.2,1.3,0.8,0.4,0.3,0.1,88.3,2.6,9.1,0.076,0.501,19.878595,-98.947875,100.0,True,
7,México - Pachuca (Libre),00431,MEX-085,2025,T. C. México - Tizayuca (Cuota),15_DV2026_Mexico.pdf,8,15_DV2026_Mexico,61.0,1.0,2.0,7633.0,8.5,79.2,2.5,6.2,1.6,0.7,0.5,0.5,0.3,87.7,2.5,9.8,0.08,0.501,19.88399,-98.942441,100.0,True,
7,México - Pachuca (Libre),00431,MEX-085,2025,T. C. México - Tizayuca (Cuota),15_DV2026_Mexico.pdf,8,15_DV2026_Mexico,61.0,3.0,1.0,25496.0,0.8,86.6,2.6,5.7,1.7,1.6,0.5,0.3,0.2,87.4,2.6,10.0,0.085,0.513,19.898281,-98.928396,100.0,True,
7,México - Pachuca (Libre),00431,MEX-085,2025,T. C. México - Tizayuca (Cuota),15_DV2026_Mexico.pdf,9,15_DV2026_Mexico,61.0,3.0,2.0,28552.0,0.6,86.7,2.9,5.6,1.6,1.4,0.6,0.4,0.2,87.3,2.9,9.8,0.087,0.513,19.90097,-98.926127,100.0,True,
7,México - Pachuca (Libre),00431,MEX-085,2025,X. C. Arco Norte de La Ciudad de México,15_DV2026_Mexico.pdf,9,15_DV2026_Mexico,64.2,1.0,1.0,32497.0,0.6,87.1,3.0,5.1,1.3,1.9,0.5,0.4,0.1,87.7,3.0,9.3,0.086,0.501,19.923095,-98.900657,100.0,True,
7,México - Pachuca (Libre),00431,MEX-085,2025,X. C. Arco Norte de La Ciudad de México,15_DV2026_Mexico.pdf,9,15_DV2026_Mexico,64.2,1.0,2.0,32320.0,0.5,87.8,2.9,5.0,1.2,1.8,0.4,0.3,0.1,88.3,2.9,8.8,0.105,0.501,19.923286,-98.900832,100.0,True,
7,México - Pachuca (Libre),00431,MEX-085,2025,X. C. Arco Norte de La Ciudad de México,15_DV2026_Mexico.pdf,9,15_DV2026_Mexico,64.2,3.0,1.0,37035.0,1.2,84.5,3.9,6.0,1.1,2.0,0.7,0.4,0.2,85.7,3.9,10.4,0.074,0.515,19.930857,-98.890884,100.0,True,
7,México - Pachuca (Libre),00431,MEX-085,2025,X. C. Arco Norte de La Ciudad de México,15_DV2026_Mexico.pdf,9,15_DV2026_Mexico,64.2,3.0,2.0,34670.0,1.3,84.9,3.8,6.1,1.0,1.9,0.6,0.3,0.1,86.2,3.8,10.0,0.098,0.515,19.929262,-98.893523,100.0,True,
7,México - Pachuca (Libre),00431,MEX-085,2025,Ent. Colonia,15_DV2026_Mexico.pdf,9,15_DV2026_Mexico,83.97,1.0,1.0,65850.0,0.9,89.9,2.7,3.9,0.4,0.8,0.4,0.8,0.2,90.8,2.7,6.5,0.098,0.512,20.04375,-98.79284,100.0,True,
7,México - Pachuca (Libre),00431,MEX-085,2025,Ent. Colonia,15_DV2026_Mexico.pdf,9,15_DV2026_Mexico,83.97,1.0,2.0,62098.0,0.8,89.9,2.8,3.7,0.6,0.7,0.5,0.8,0.2,90.7,2.8,6.5,0.075,0.512,20.044143,-98.792993,100.0,True,
7,México - Pachuca (Libre),00431,MEX-085,2025,X. C. Libramiento de Pachuca,15_DV2026_Mexico.pdf,9,15_DV2026_Mexico,86.5,1.0,1.0,54809.0,4.0,88.5,3.4,1.6,0.8,0.5,0.7,0.3,0.2,92.5,3.4,4.1,0.071,0.505,20.097799,-98.765979,100.0,True,
7,México - Pachuca (Libre),00431,MEX-085,2025,X. C. Libramiento de Pachuca,15_DV2026_Mexico.pdf,9,15_DV2026_Mexico,86.5,1.0,2.0,53456.0,3.9,88.7,3.3,1.7,0.7,0.5,0.6,0.4,0.2,92.6,3.3,4.1,0.078,0.505,20.098034,-98.766129,100.0,True,
7,México - Pachuca (Libre),00431,MEX-085,2025,Pachuca,15_DV2026_Mexico.pdf,9,15_DV2026_Mexico,94.0,,,,,,,,,,,,,,,,,,,,,False,
8,México - Puebla (Libre),00449,MEX-150,2025,México,15_DV2026_Mexico.pdf,9,15_DV2026_Mexico,0.0,,,,,,,,,,,,,,,,,,,,,False,
8,México - Puebla (Libre),00449,MEX-150,2025,Lim. Edos. Term. CDMX Ppia. Méx.,15_DV2026_Mexico.pdf,9,15_DV2026_Mexico,18.66,,,,,,,,,,,,,,,,,,,,,False,
8,México - Puebla (Libre),00449,MEX-150,2025,T. Der. Chalco,15_DV2026_Mexico.pdf,9,15_DV2026_Mexico,28.85,1.0,1.0,34946.0,4.5,88.6,0.5,3.7,0.9,0.6,0.4,0.6,0.2,93.1,0.5,6.4,0.068,0.512,19.310942,-98.904528,100.0,True,
8,México - Puebla (Libre),00449,MEX-150,2025,T. Der. Chalco,15_DV2026_Mexico.pdf,9,15_DV2026_Mexico,28.85,1.0,2.0,33203.0,5.0,88.2,0.6,3.5,1.0,0.6,0.5,0.5,0.1,93.2,0.6,6.2,0.067,0.512,19.31119,-98.904073,100.0,True,
8,México - Puebla (Libre),00449,MEX-150,2025,T. Der. Chalco (Central),15_DV2026_Mexico.pdf,9,15_DV2026_Mexico,28.85,3.0,1.0,27096.0,4.0,89.5,0.5,3.6,0.7,0.5,0.4,0.5,0.3,93.5,0.5,6.0,0.073,0.505,19.312663,-98.894279,100.0,True,
8,México - Puebla (Libre),00449,MEX-150,2025,T. Der. Chalco (Lateral),15_DV2026_Mexico.pdf,9,15_DV2026_Mexico,28.85,3.0,1.0,8789.0,6.1,86.6,0.3,5.4,0.4,0.3,0.3,0.4,0.2,92.7,0.3,7.0,0.067,0.501,19.312587,-98.894262,100.0,True,
8,México - Puebla (Libre),00449,MEX-150,2025,T. Der. Chalco (Central),15_DV2026_Mexico.pdf,9,15_DV2026_Mexico,28.85,3.0,2.0,26374.0,3.8,89.3,0.6,3.8,0.6,0.4,0.7,0.6,0.2,93.1,0.6,6.3,0.085,0.505,19.312722,-98.8943,100.0,True,
8,México - Puebla (Libre),00449,MEX-150,2025,T. Der. Chalco (Lateral),15_DV2026_Mexico.pdf,9,15_DV2026_Mexico,28.85,3.0,2.0,8766.0,6.2,86.1,0.2,6.1,0.4,0.3,0.3,0.3,0.1,92.3,0.2,7.5,0.07,0.501,19.312831,-98.894324,100.0,True,
8,México - Puebla (Libre),00449,MEX-150,2025,Ixtapaluca,15_DV2026_Mexico.pdf,9,15_DV2026_Mexico,31.06,3.0,1.0,22658.0,6.1,87.7,0.2,4.7,0.4,0.3,0.2,0.1,0.3,93.8,0.2,6.0,0.068,0.514,19.315811,-98.874649,100.0,True,
8,México - Puebla (Libre),00449,MEX-150,2025,Ixtapaluca,15_DV2026_Mexico.pdf,9,15_DV2026_Mexico,31.06,3.0,2.0,23930.0,5.8,87.9,0.2,4.6,0.6,0.4,0.1,0.1,0.3,93.7,0.2,6.1,0.072,0.514,19.3159,-98.874822,100.0,True,
8,México - Puebla (Libre),00449,MEX-150,2025,T. Der. C. México - Puebla (Cuota) (Río Frío),15_DV2026_Mexico.pdf,9,15_DV2026_Mexico,62.06,1.0,0.0,2967.0,4.2,68.9,2.8,10.7,6.0,5.5,1.4,0.5,0.0,73.1,2.8,24.1,0.078,0.535,19.349755,-98.670747,100.0,True,
8,México - Puebla (Libre),00449,MEX-150,2025,T. Der. C. México - Puebla (Cuota) (Río Frío),15_DV2026_Mexico.pdf,9,15_DV2026_Mexico,62.06,3.0,0.0,1279.0,3.3,77.0,2.2,8.1,3.5,4.7,0.6,0.6,0.0,80.3,2.2,17.5,0.103,0.518,19.352828,-98.662805,100.0,True,
8,México - Puebla (Libre),00449,MEX-150,2025,Lim. Edos. Term. Méx. Ppia. Pue.,15_DV2026_Mexico.pdf,9,15_DV2026_Mexico,62.98,,,,,,,,,,,,,,,,,,,,,False,
8,México - Puebla (Libre),00449,MEX-150,2025,San Martín Texmelucan,15_DV2026_Mexico.pdf,9,15_DV2026_Mexico,70.0,1.0,0.0,13470.0,13.7,76.2,1.2,6.3,1.0,0.5,0.3,0.5,0.3,89.9,1.2,8.9,0.077,0.52,19.301515,-98.452735,100.0,True,
8,México - Puebla (Libre),00449,MEX-150,2025,X. C. México - Puebla (Cuota),15_DV2026_Mexico.pdf,9,15_DV2026_Mexico,74.1,3.0,1.0,10536.0,8.3,79.3,1.4,6.0,1.0,2.3,0.6,0.9,0.2,87.6,1.4,11.0,0.096,0.566,19.2548,-98.428548,100.0,True,
8,México - Puebla (Libre),00449,MEX-150,2025,X. C. México - Puebla (Cuota),15_DV2026_Mexico.pdf,9,15_DV2026_Mexico,74.1,3.0,2.0,10149.0,8.2,80.0,1.2,6.2,1.2,2.0,0.5,0.6,0.1,88.2,1.2,10.6,0.084,0.566,19.25481,-98.428445,100.0,True,
8,México - Puebla (Libre),00449,MEX-150,2025,Huejotzingo,15_DV2026_Mexico.pdf,9,15_DV2026_Mexico,88.0,1.0,1.0,7287.0,8.1,79.9,3.5,6.5,1.0,0.8,0.1,0.1,0.0,88.0,3.5,8.5,0.079,0.508,19.177302,-98.415426,100.0,True,
8,México - Puebla (Libre),00449,MEX-150,2025,Huejotzingo,15_DV2026_Mexico.pdf,9,15_DV2026_Mexico,88.0,1.0,2.0,7040.0,8.0,80.2,3.3,6.6,0.9,0.8,0.1,0.1,0.0,88.2,3.3,8.5,0.082,0.508,19.177322,-98.415309,100.0,True,
8,México - Puebla (Libre),00449,MEX-150,2025,Huejotzingo,15_DV2026_Mexico.pdf,9,15_DV2026_Mexico,88.0,3.0,1.0,6138.0,5.4,84.0,1.2,6.1,1.3,1.4,0.3,0.2,0.1,89.4,1.2,9.4,0.091,0.527,19.145773,-98.387745,100.0,True,
8,México - Puebla (Libre),00449,MEX-150,2025,Huejotzingo,15_DV2026_Mexico.pdf,9,15_DV2026_Mexico,88.0,3.0,2.0,6401.0,5.3,84.1,1.3,5.9,1.4,1.4,0.5,0.1,0.0,89.4,1.3,9.3,0.102,0.527,19.145852,-98.387719,100.0,True,
8,México - Puebla (Libre),00449,MEX-150,2025,T. Izq. Aeropuerto,15_DV2026_Mexico.pdf,10,15_DV2026_Mexico,92.8,1.0,1.0,7110.0,6.1,82.3,2.5,4.9,2.0,1.7,0.2,0.3,0.0,88.4,2.5,9.1,0.084,0.527,19.136222,-98.377229,100.0,True,
8,México - Puebla (Libre),00449,MEX-150,2025,T. Izq. Aeropuerto,15_DV2026_Mexico.pdf,10,15_DV2026_Mexico,92.8,1.0,2.0,6992.0,6.3,82.7,2.2,5.1,1.7,1.6,0.3,0.1,0.0,89.0,2.2,8.8,0.085,0.527,19.136298,-98.377137,100.0,True,
8,México - Puebla (Libre),00449,MEX-150,2025,T. Der. Cholula,15_DV2026_Mexico.pdf,10,15_DV2026_Mexico,101.0,1.0,1.0,14524.0,6.2,86.8,1.5,2.8,1.4,0.9,0.2,0.1,0.1,93.0,1.5,5.5,0.096,0.592,19.076646,-98.322462,100.0,True,
8,México - Puebla (Libre),00449,MEX-150,2025,T. Der. Cholula,15_DV2026_Mexico.pdf,10,15_DV2026_Mexico,101.0,1.0,2.0,13923.0,6.2,86.6,1.5,3.1,1.2,0.9,0.3,0.1,0.1,92.8,1.5,5.7,0.086,0.592,19.076709,-98.32241,100.0,True,
8,México - Puebla (Libre),00449,MEX-150,2025,T. Der. Cholula,15_DV2026_Mexico.pdf,10,15_DV2026_Mexico,101.0,3.0,1.0,19042.0,5.7,88.5,0.7,2.5,1.3,0.9,0.3,0.1,0.0,94.2,0.7,5.1,0.079,0.544,19.070229,-98.312715,100.0,True,
8,México - Puebla (Libre),00449,MEX-150,2025,T. Der. Cholula,15_DV2026_Mexico.pdf,10,15_DV2026_Mexico,101.0,3.0,2.0,20038.0,5.5,88.9,0.4,2.5,1.4,1.0,0.2,0.1,0.0,94.4,0.4,5.2,0.071,0.544,19.070411,-98.312795,100.0,True,
8,México - Puebla (Libre),00449,MEX-150,2025,Puebla,15_DV2026_Mexico.pdf,10,15_DV2026_Mexico,131.0,,,,,,,,,,,,,,,,,,,,,False,
9,México - Toluca,00447,MEX-015,2025,México,15_DV2026_Mexico.pdf,10,15_DV2026_Mexico,0.0,,,,,,,,,,,,,,,,,,,,,False,
9,México - Toluca,00447,MEX-015,2025,Ent. Constituyentes y Reforma,15_DV2026_Mexico.pdf,10,15_DV2026_Mexico,12.84,3.0,1.0,43084.0,4.0,86.6,1.7,3.1,0.6,2.8,0.7,0.4,0.1,90.6,1.7,7.7,0.067,0.5,19.386143,-99.247512,100.0,True,
9,México - Toluca,00447,MEX-015,2025,Ent. Constituyentes y Reforma,15_DV2026_Mexico.pdf,10,15_DV2026_Mexico,12.84,3.0,2.0,43154.0,3.8,87.8,1.5,2.8,0.6,2.4,0.6,0.4,0.1,91.6,1.5,6.9,0.077,0.5,19.385306,-99.248302,100.0,True,
9,México - Toluca,00447,MEX-015,2025,T. Der. Cuajimalpa (1º Acceso),15_DV2026_Mexico.pdf,10,15_DV2026_Mexico,20.56,1.0,1.0,42479.0,3.2,88.5,1.8,2.7,0.7,2.0,0.7,0.3,0.1,91.7,1.8,6.5,0.056,0.509,19.364482,-99.277585,100.0,True,
9,México - Toluca,00447,MEX-015,2025,T. Der. Cuajimalpa (1º Acceso),15_DV2026_Mexico.pdf,10,15_DV2026_Mexico,20.56,1.0,2.0,44293.0,3.2,88.7,1.5,2.7,0.7,1.9,0.8,0.4,0.1,91.9,1.5,6.6,0.067,0.509,19.364354,-99.277752,100.0,True,
9,México - Toluca,00447,MEX-015,2025,T. Izq. Desierto de Los Leones,15_DV2026_Mexico.pdf,10,15_DV2026_Mexico,23.96,1.0,1.0,34627.0,3.5,85.8,2.8,4.7,0.8,0.9,0.6,0.7,0.2,89.3,2.8,7.9,0.093,0.51,19.338661,-99.311266,100.0,True,
9,México - Toluca,00447,MEX-015,2025,T. Izq. Desierto de Los Leones,15_DV2026_Mexico.pdf,10,15_DV2026_Mexico,23.96,1.0,2.0,36212.0,3.0,86.9,2.3,4.4,0.8,1.1,0.6,0.7,0.2,89.9,2.3,7.8,0.077,0.51,19.339063,-99.31111,100.0,True,
9,México - Toluca,00447,MEX-015,2025,Lim. Edos. Term. CDMX Ppia. Méx.,15_DV2026_Mexico.pdf,10,15_DV2026_Mexico,33.44,,,,,,,,,,,,,,,,,,,,,False,
9,México - Toluca,00447,MEX-015,2025,T. Der. Huixquilucan,15_DV2026_Mexico.pdf,10,15_DV2026_Mexico,33.98,1.0,1.0,23715.0,1.9,84.6,1.5,8.3,1.2,1.7,0.3,0.4,0.1,86.5,1.5,12.0,0.087,0.505,19.29585,-99.359938,100.0,True,
9,México - Toluca,00447,MEX-015,2025,T. Der. Huixquilucan,15_DV2026_Mexico.pdf,10,15_DV2026_Mexico,33.98,1.0,2.0,23252.0,1.7,84.9,1.6,8.3,1.3,1.4,0.3,0.4,0.1,86.6,1.6,11.8,0.106,0.505,19.29574,-99.357652,100.0,True,
9,México - Toluca,00447,MEX-015,2025,T. C. Constituyentes - La Marquesa (Cuota),15_DV2026_Mexico.pdf,10,15_DV2026_Mexico,35.28,,,,,,,,,,,,,,,,,,,,,False,
9,México - Toluca,00447,MEX-015,2025,T. C. La Marquesa - Lerma (Cuota),15_DV2026_Mexico.pdf,10,15_DV2026_Mexico,36.98,,,,,,,,,,,,,,,,,,,,,False,
9,México - Toluca,00447,MEX-015,2025,X. C. Amomolulco - Stgo. Tianguistenco,15_DV2026_Mexico.pdf,10,15_DV2026_Mexico,47.26,1.0,1.0,50179.0,1.4,89.8,2.5,2.3,0.9,2.0,0.3,0.6,0.2,91.2,2.5,6.3,0.084,0.505,19.28261,-99.477276,100.0,True,
9,México - Toluca,00447,MEX-015,2025,X. C. Amomolulco - Stgo. Tianguistenco,15_DV2026_Mexico.pdf,10,15_DV2026_Mexico,47.26,1.0,2.0,49042.0,1.3,89.7,2.5,2.2,1.0,2.1,0.3,0.7,0.2,91.0,2.5,6.5,0.089,0.505,19.281785,-99.484646,100.0,True,
9,México - Toluca,00447,MEX-015,2025,T. Der. Lerma - Izq. San Pedro Tultepec,15_DV2026_Mexico.pdf,10,15_DV2026_Mexico,51.71,1.0,1.0,91187.0,2.3,84.9,2.2,5.7,1.4,1.5,0.4,1.3,0.3,87.2,2.2,10.6,0.069,0.511,19.283948,-99.503563,100.0,True,
9,México - Toluca,00447,MEX-015,2025,T. Der. Lerma - Izq. San Pedro Tultepec,15_DV2026_Mexico.pdf,10,15_DV2026_Mexico,51.71,1.0,2.0,86386.0,2.5,84.5,2.0,6.3,1.3,1.5,0.2,1.4,0.3,87.0,2.0,11.0,0.077,0.511,19.280353,-99.502566,100.0,True,
9,México - Toluca,00447,MEX-015,2025,T. Izq. San Mateo Atenco (Alta),15_DV2026_Mexico.pdf,10,15_DV2026_Mexico,52.0,3.0,1.0,73797.0,7.8,90.2,0.1,1.9,0.0,0.0,0.0,0.0,0.0,98.0,0.1,1.9,0.071,0.516,19.285904,-99.53582,100.0,True,
9,México - Toluca,00447,MEX-015,2025,T. Izq. San Mateo Atenco (Baja),15_DV2026_Mexico.pdf,10,15_DV2026_Mexico,52.0,3.0,1.0,18243.0,11.7,61.5,3.9,12.7,2.9,5.3,0.4,1.3,0.3,73.2,3.9,22.9,0.073,0.514,19.286322,-99.535223,100.0,True,
9,México - Toluca,00447,MEX-015,2025,T. Izq. San Mateo Atenco (Alta),15_DV2026_Mexico.pdf,10,15_DV2026_Mexico,52.0,3.0,2.0,79626.0,7.4,90.4,0.1,2.1,0.0,0.0,0.0,0.0,0.0,97.8,0.1,2.1,0.074,0.516,19.285554,-99.535876,100.0,True,
9,México - Toluca,00447,MEX-015,2025,T. Izq. San Mateo Atenco (Baja),15_DV2026_Mexico.pdf,10,15_DV2026_Mexico,52.0,3.0,2.0,17255.0,11.9,59.8,4.0,13.1,3.5,5.4,0.4,1.4,0.5,71.7,4.0,24.3,0.065,0.514,19.285176,-99.532603,100.0,True,
9,México - Toluca,00447,MEX-015,2025,X. C. Libramiento de Toluca (Baja),15_DV2026_Mexico.pdf,10,15_DV2026_Mexico,62.2,1.0,1.0,21343.0,7.4,73.1,3.6,8.4,2.3,2.6,0.6,1.5,0.5,80.5,3.6,15.9,0.075,0.518,19.288545,-99.624709,100.0,True,
9,México - Toluca,00447,MEX-015,2025,X. C. Libramiento de Toluca (Alta),15_DV2026_Mexico.pdf,10,15_DV2026_Mexico,62.2,1.0,1.0,77552.0,4.2,95.8,0.0,0.0,0.0,0.0,0.0,0.0,0.0,100.0,0.0,0.0,0.077,0.508,19.288076,-99.620006,100.0,True,
9,México - Toluca,00447,MEX-015,2025,X. C. Libramiento de Toluca (Baja),15_DV2026_Mexico.pdf,10,15_DV2026_Mexico,62.2,1.0,2.0,19851.0,7.3,72.7,3.8,8.6,2.5,2.6,0.6,1.4,0.5,80.0,3.8,16.2,0.096,0.518,19.287546,-99.623125,100.0,True,
9,México - Toluca,00447,MEX-015,2025,X. C. Libramiento de Toluca (Alta),15_DV2026_Mexico.pdf,11,15_DV2026_Mexico,62.2,1.0,2.0,80679.0,4.2,95.8,0.0,0.0,0.0,0.0,0.0,0.0,0.0,100.0,0.0,0.0,0.076,0.508,19.287783,-99.621976,100.0,True,
9,México - Toluca,00447,MEX-015,2025,Toluca,15_DV2026_Mexico.pdf,11,15_DV2026_Mexico,66.0,,,,,,,,,,,,,,,,,,,,,False,
10,Naucalpan - Toluca,15056,MEX-134,2025,T. C. México - Querétaro (Cuota) (Paso Inferior),15_DV2026_Mexico.pdf,11,15_DV2026_Mexico,0.0,,,,,,,,,,,,,,,,,,,,,False,
10,Naucalpan - Toluca,15056,MEX-134,2025,T. Der. Loma Linda,15_DV2026_Mexico.pdf,11,15_DV2026_Mexico,3.13,3.0,1.0,50390.0,5.2,87.6,1.7,2.3,1.2,1.0,0.1,0.7,0.2,92.8,1.7,5.5,0.071,0.523,19.457233,-99.26104,100.0,True,
10,Naucalpan - Toluca,15056,MEX-134,2025,T. Der. Loma Linda,15_DV2026_Mexico.pdf,11,15_DV2026_Mexico,3.13,3.0,2.0,55945.0,5.7,87.9,1.5,2.1,1.1,0.9,0.2,0.5,0.1,93.6,1.5,4.9,0.067,0.523,19.457161,-99.260758,100.0,True,
10,Naucalpan - Toluca,15056,MEX-134,2025,T. Izq. Chichicaspa,15_DV2026_Mexico.pdf,11,15_DV2026_Mexico,12.72,3.0,0.0,17140.0,3.6,81.0,2.1,4.2,1.8,5.5,0.9,0.3,0.6,84.6,2.1,13.3,0.061,0.519,19.438153,-99.329793,100.0,True,
10,Naucalpan - Toluca,15056,MEX-134,2025,T. Der. Xolotepec,15_DV2026_Mexico.pdf,11,15_DV2026_Mexico,39.46,3.0,0.0,14103.0,4.8,78.4,4.2,3.6,2.4,5.2,0.7,0.4,0.3,83.2,4.2,12.6,0.069,0.516,19.416017,-99.487517,100.0,True,
10,Naucalpan - Toluca,15056,MEX-134,2025,X. C. Lib. Nororiente de Toluca (Cuota) Central,15_DV2026_Mexico.pdf,11,15_DV2026_Mexico,51.0,1.0,1.0,22602.0,4.4,85.3,1.2,4.4,1.6,1.9,0.3,0.7,0.2,89.7,1.2,9.1,0.104,0.503,19.379988,-99.552584,100.0,True,
10,Naucalpan - Toluca,15056,MEX-134,2025,X. C. Lib. Nororiente de Toluca (Cuota) Lateral,15_DV2026_Mexico.pdf,11,15_DV2026_Mexico,51.0,1.0,1.0,17402.0,4.1,83.7,1.2,4.5,2.1,3.0,0.4,0.7,0.3,87.8,1.2,11.0,0.122,0.51,19.380133,-99.552594,100.0,True,
10,Naucalpan - Toluca,15056,MEX-134,2025,X. C. Lib. Nororiente de Toluca (Cuota) Lateral,15_DV2026_Mexico.pdf,11,15_DV2026_Mexico,51.0,1.0,2.0,18132.0,4.2,83.8,1.2,4.5,1.9,2.9,0.4,0.8,0.3,88.0,1.2,10.8,0.098,0.51,19.382253,-99.549339,100.0,True,
10,Naucalpan - Toluca,15056,MEX-134,2025,X. C. Lib. Nororiente de Toluca (Cuota) Central,15_DV2026_Mexico.pdf,11,15_DV2026_Mexico,51.0,1.0,2.0,22840.0,4.3,84.8,1.2,4.5,1.9,2.1,0.3,0.6,0.3,89.1,1.2,9.7,0.088,0.503,19.382325,-99.549414,100.0,True,
10,Naucalpan - Toluca,15056,MEX-134,2025,X. C. Lib. Nororiente de Toluca (Cuota) Central,15_DV2026_Mexico.pdf,11,15_DV2026_Mexico,51.0,3.0,1.0,17778.0,1.7,87.4,1.5,2.8,2.1,3.2,0.8,0.3,0.2,89.1,1.5,9.4,0.077,0.532,19.377319,-99.555894,100.0,True,
10,Naucalpan - Toluca,15056,MEX-134,2025,X. C. Lib. Nororiente de Toluca (Cuota) Lateral,15_DV2026_Mexico.pdf,11,15_DV2026_Mexico,51.0,3.0,1.0,10234.0,2.6,83.4,3.0,4.5,2.2,2.9,0.7,0.5,0.2,86.0,3.0,11.0,0.076,0.539,19.377405,-99.555981,100.0,True,
10,Naucalpan - Toluca,15056,MEX-134,2025,X. C. Lib. Nororiente de Toluca (Cuota) Central,15_DV2026_Mexico.pdf,11,15_DV2026_Mexico,51.0,3.0,2.0,15663.0,1.8,87.2,1.6,2.6,2.2,3.1,0.9,0.4,0.2,89.0,1.6,9.4,0.083,0.532,19.377218,-99.555796,100.0,True,
10,Naucalpan - Toluca,15056,MEX-134,2025,X. C. Lib. Nororiente de Toluca (Cuota) Lateral,15_DV2026_Mexico.pdf,11,15_DV2026_Mexico,51.0,3.0,2.0,11968.0,2.6,83.4,2.9,4.7,2.1,3.0,0.6,0.4,0.3,86.0,2.9,11.1,0.108,0.539,19.377089,-99.555692,100.0,True,
10,Naucalpan - Toluca,15056,MEX-134,2025,T. Izq. El Cerrillo,15_DV2026_Mexico.pdf,11,15_DV2026_Mexico,53.18,3.0,1.0,32722.0,3.0,82.9,1.6,8.4,1.1,1.8,0.6,0.4,0.2,85.9,1.6,12.5,0.089,0.503,19.363965,-99.572501,100.0,True,
10,Naucalpan - Toluca,15056,MEX-134,2025,T. Izq. El Cerrillo,15_DV2026_Mexico.pdf,11,15_DV2026_Mexico,53.18,3.0,2.0,33114.0,3.1,82.6,1.5,8.5,1.2,1.9,0.5,0.5,0.2,85.7,1.5,12.8,0.071,0.503,19.363872,-99.572406,100.0,True,
10,Naucalpan - Toluca,15056,MEX-134,2025,T. C. Toluca - Palmillas,15_DV2026_Mexico.pdf,11,15_DV2026_Mexico,63.3,1.0,1.0,32414.0,2.6,85.7,3.3,4.4,2.1,1.1,0.5,0.2,0.1,88.3,3.3,8.4,0.076,0.514,19.317033,-99.630698,100.0,True,
10,Naucalpan - Toluca,15056,MEX-134,2025,T. C. Toluca - Palmillas,15_DV2026_Mexico.pdf,11,15_DV2026_Mexico,63.3,1.0,2.0,30419.0,2.5,85.8,3.2,4.5,2.2,1.0,0.4,0.3,0.1,88.3,3.2,8.5,0.062,0.514,19.316788,-99.630676,100.0,True,
11,Paso por Santo Tomás,,MEX-136,2025,T. C. Los Reyes - Zacatepec Oeste,15_DV2026_Mexico.pdf,11,15_DV2026_Mexico,32.0,,,,,,,,,,,,,,,,,,,,,False,
11,Paso por Santo Tomás,,MEX-136,2025,T. C. Los Reyes - Zacatepec,15_DV2026_Mexico.pdf,11,15_DV2026_Mexico,35.1,3.0,0.0,2411.0,2.8,86.0,0.2,8.2,1.3,0.5,0.3,0.6,0.1,88.8,0.2,11.0,0.095,0.506,19.548886,-98.772063,100.0,True,
11,Paso por Santo Tomás,,MEX-136,2025,T. C. Los Reyes - Zacatepec Este,15_DV2026_Mexico.pdf,11,15_DV2026_Mexico,40.4,1.0,0.0,910.0,4.7,86.5,0.5,1.7,3.3,1.9,0.7,0.6,0.1,91.2,0.5,8.3,0.098,0.519,19.552312,-98.739867,100.0,True,
12,Ramal a Base Militar Santa Lucía,,MEX-085,2025,T. C. México - Pachuca (Cuota),15_DV2026_Mexico.pdf,12,15_DV2026_Mexico,0.0,3.0,1.0,13997.0,5.8,84.6,1.6,5.5,0.7,0.9,0.3,0.4,0.2,90.4,1.6,8.0,0.091,0.502,19.743819,-98.962338,100.0,True,
12,Ramal a Base Militar Santa Lucía,,MEX-085,2025,T. C. México - Pachuca (Cuota),15_DV2026_Mexico.pdf,12,15_DV2026_Mexico,0.0,3.0,2.0,14112.0,5.9,84.5,1.7,5.6,0.7,0.8,0.2,0.4,0.2,90.4,1.7,7.9,0.088,0.502,19.743788,-98.962475,100.0,True,
12,Ramal a Base Militar Santa Lucía,,MEX-085,2025,Base Militar Santa Lucía,15_DV2026_Mexico.pdf,12,15_DV2026_Mexico,3.6,,,,,,,,,,,,,,,,,,,,,False,
13,Ramal al Aeropuerto Internacional Felipe Angeles,,MEX-085,2025,T. C. México - Pachuca (Libre),15_DV2026_Mexico.pdf,12,15_DV2026_Mexico,0.0,,,,,,,,,,,,,,,,,,,,,False,
13,Ramal al Aeropuerto Internacional Felipe Angeles,,MEX-085,2025,AIFA,15_DV2026_Mexico.pdf,12,15_DV2026_Mexico,14.3,1.0,1.0,11488.0,3.4,93.0,0.2,3.0,0.2,0.2,0.0,0.0,0.0,96.4,0.2,3.4,0.087,0.509,19.714477,-99.038218,100.0,True,
13,Ramal al Aeropuerto Internacional Felipe Angeles,,MEX-085,2025,AIFA,15_DV2026_Mexico.pdf,12,15_DV2026_Mexico,14.3,1.0,2.0,11921.0,3.5,92.7,0.2,3.2,0.2,0.2,0.0,0.0,0.0,96.2,0.2,3.6,0.09,0.509,19.712788,-99.038283,100.0,True,
14,San Bernardino - Tepexpan,15053,MEX-142,2025,T. C. Los Reyes - Zacatepec,15_DV2026_Mexico.pdf,12,15_DV2026_Mexico,0.0,3.0,1.0,28148.0,6.3,83.4,0.9,5.5,1.3,1.4,0.9,0.1,0.2,89.7,0.9,9.4,0.085,0.523,19.481442,-98.894711,100.0,True,
14,San Bernardino - Tepexpan,15053,MEX-142,2025,T. C. Los Reyes - Zacatepec,15_DV2026_Mexico.pdf,12,15_DV2026_Mexico,0.0,3.0,2.0,31080.0,6.4,83.0,1.0,5.5,1.4,1.6,0.8,0.1,0.2,89.4,1.0,9.6,0.08,0.523,19.481389,-98.894796,100.0,True,
14,San Bernardino - Tepexpan,15053,MEX-142,2025,T. Der. Texcoco,15_DV2026_Mexico.pdf,12,15_DV2026_Mexico,2.08,1.0,1.0,37509.0,3.9,87.2,0.9,2.5,1.6,1.9,1.3,0.4,0.3,91.1,0.9,8.0,0.079,0.5,19.500745,-98.895082,100.0,True,
14,San Bernardino - Tepexpan,15053,MEX-142,2025,T. Der. Texcoco,15_DV2026_Mexico.pdf,12,15_DV2026_Mexico,2.08,1.0,2.0,37456.0,4.0,86.9,1.0,2.6,1.5,2.0,1.2,0.5,0.3,90.9,1.0,8.1,0.072,0.5,19.50082,-98.89519,100.0,True,
14,San Bernardino - Tepexpan,15053,MEX-142,2025,T. Der. Texcoco,15_DV2026_Mexico.pdf,12,15_DV2026_Mexico,2.08,3.0,1.0,40444.0,5.5,83.6,1.0,4.6,1.6,2.2,0.9,0.2,0.4,89.1,1.0,9.9,0.073,0.502,19.513621,-98.894341,100.0,True,
14,San Bernardino - Tepexpan,15053,MEX-142,2025,T. Der. Texcoco,15_DV2026_Mexico.pdf,12,15_DV2026_Mexico,2.08,3.0,2.0,40877.0,5.6,83.8,0.9,4.7,1.4,1.8,1.1,0.3,0.4,89.4,0.9,9.7,0.071,0.502,19.513696,-98.894494,100.0,True,
14,San Bernardino - Tepexpan,15053,MEX-142,2025,X. C. Chiconcuac - San Francisco Acuexcomac,15_DV2026_Mexico.pdf,12,15_DV2026_Mexico,10.8,1.0,1.0,37147.0,6.4,82.2,1.8,3.5,1.7,2.6,0.6,0.9,0.3,88.6,1.8,9.6,0.075,0.509,19.55685,-98.911693,100.0,True,
14,San Bernardino - Tepexpan,15053,MEX-142,2025,X. C. Chiconcuac - San Francisco Acuexcomac,15_DV2026_Mexico.pdf,12,15_DV2026_Mexico,10.8,1.0,2.0,38766.0,6.6,81.8,1.6,3.7,2.0,2.8,0.7,0.6,0.2,88.4,1.6,10.0,0.071,0.509,19.556883,-98.91197,100.0,True,
14,San Bernardino - Tepexpan,15053,MEX-142,2025,T. Izq. Ent. Morelos - Piramides (Cuota),15_DV2026_Mexico.pdf,12,15_DV2026_Mexico,22.38,1.0,1.0,33628.0,3.6,82.7,1.4,5.1,1.7,3.6,0.9,0.8,0.2,86.3,1.4,12.3,0.068,0.508,19.602602,-98.941936,100.0,True,
14,San Bernardino - Tepexpan,15053,MEX-142,2025,T. Izq. Ent. Morelos - Piramides (Cuota),15_DV2026_Mexico.pdf,12,15_DV2026_Mexico,22.38,1.0,2.0,32472.0,3.7,82.2,1.3,5.2,2.0,3.7,1.0,0.7,0.2,85.9,1.3,12.8,0.074,0.508,19.602774,-98.942596,100.0,True,
14,San Bernardino - Tepexpan,15053,MEX-142,2025,T. C. Venta de Carpio - T. C. (Pachuca - Tulancingo),15_DV2026_Mexico.pdf,12,15_DV2026_Mexico,23.12,1.0,1.0,38228.0,4.2,81.3,1.2,3.9,2.2,4.8,1.3,0.7,0.4,85.5,1.2,13.3,0.066,0.513,19.608224,-98.948929,100.0,True,
14,San Bernardino - Tepexpan,15053,MEX-142,2025,T. C. Venta de Carpio - T. C. (Pachuca - Tulancingo),15_DV2026_Mexico.pdf,12,15_DV2026_Mexico,23.12,1.0,2.0,40525.0,4.1,81.4,1.3,4.0,2.3,5.0,0.9,0.8,0.2,85.5,1.3,13.2,0.067,0.513,19.608145,-98.949025,100.0,True,
15,San Gregorio - Oaxtepec,00901,MEX-113,2025,San Gregorio,15_DV2026_Mexico.pdf,12,15_DV2026_Mexico,0.0,3.0,0.0,23748.0,6.5,86.4,1.2,4.8,0.4,0.3,0.1,0.2,0.1,92.9,1.2,5.9,0.067,0.506,19.240525,-99.054879,100.0,True,
15,San Gregorio - Oaxtepec,00901,MEX-113,2025,X. C. Milpa Alta - San Lorenzo Tlacoyucan,15_DV2026_Mexico.pdf,12,15_DV2026_Mexico,9.0,3.0,0.0,7744.0,3.9,87.2,1.2,5.1,0.7,0.6,0.8,0.3,0.2,91.1,1.2,7.7,0.089,0.517,19.180655,-99.029538,100.0,True,
15,San Gregorio - Oaxtepec,00901,MEX-113,2025,Lim. Edos. Term. CDMX Ppia. Méx.,15_DV2026_Mexico.pdf,13,15_DV2026_Mexico,18.8,,,,,,,,,,,,,,,,,,,,,False,
15,San Gregorio - Oaxtepec,00901,MEX-113,2025,Lim. Edos. Term. Méx. Ppia. Mor.,15_DV2026_Mexico.pdf,13,15_DV2026_Mexico,28.5,,,,,,,,,,,,,,,,,,,,,False,
15,San Gregorio - Oaxtepec,00901,MEX-113,2025,T. Der. San Felipe Neri,15_DV2026_Mexico.pdf,13,15_DV2026_Mexico,33.8,1.0,0.0,4266.0,6.4,86.3,1.9,3.9,0.8,0.4,0.1,0.2,0.0,92.7,1.9,5.4,0.124,0.641,19.04604,-98.936047,100.0,True,
15,San Gregorio - Oaxtepec,00901,MEX-113,2025,T. Der. Tlalnepantla,15_DV2026_Mexico.pdf,13,15_DV2026_Mexico,40.5,3.0,0.0,5687.0,7.4,82.4,0.8,7.5,0.6,0.6,0.4,0.2,0.1,89.8,0.8,9.4,0.098,0.546,19.004074,-98.990106,100.0,True,
15,San Gregorio - Oaxtepec,00901,MEX-113,2025,Tlayacapan,15_DV2026_Mexico.pdf,13,15_DV2026_Mexico,48.5,3.0,0.0,13218.0,10.7,83.1,0.4,4.1,0.5,0.4,0.3,0.4,0.1,93.8,0.4,5.8,0.086,0.507,18.938501,-98.973238,100.0,True,
15,San Gregorio - Oaxtepec,00901,MEX-113,2025,T. Der. Yautepec,15_DV2026_Mexico.pdf,13,15_DV2026_Mexico,53.0,1.0,0.0,13993.0,10.8,83.4,0.3,3.9,0.3,0.5,0.4,0.3,0.1,94.2,0.3,5.5,0.083,0.504,18.925582,-98.967998,100.0,True,
15,San Gregorio - Oaxtepec,00901,MEX-113,2025,T. Der. Yautepec,15_DV2026_Mexico.pdf,13,15_DV2026_Mexico,53.0,3.0,1.0,8943.0,12.8,79.7,0.5,5.3,0.5,0.4,0.2,0.4,0.2,92.5,0.5,7.0,0.091,0.509,18.916023,-98.970106,100.0,True,
15,San Gregorio - Oaxtepec,00901,MEX-113,2025,T. Der. Yautepec,15_DV2026_Mexico.pdf,13,15_DV2026_Mexico,53.0,3.0,2.0,8342.0,12.6,80.1,0.3,5.1,0.4,0.6,0.2,0.4,0.3,92.7,0.3,7.0,0.082,0.509,18.916007,-98.970059,100.0,True,
15,San Gregorio - Oaxtepec,00901,MEX-113,2025,Oaxtepec,15_DV2026_Mexico.pdf,13,15_DV2026_Mexico,56.0,,,,,,,,,,,,,,,,,,,,,False,
16,Santa Bárbara - Izúcar de Matamoros,00451,MEX-115-160,2025,T. C. México - Puebla (Libre),15_DV2026_Mexico.pdf,13,15_DV2026_Mexico,0.0,3.0,1.0,21317.0,4.2,89.5,0.7,3.5,0.8,0.5,0.3,0.4,0.1,93.7,0.7,5.6,0.072,0.509,19.310918,-98.896618,100.0,True,
16,Santa Bárbara - Izúcar de Matamoros,00451,MEX-115-160,2025,T. C. México - Puebla (Libre),15_DV2026_Mexico.pdf,13,15_DV2026_Mexico,0.0,3.0,2.0,20522.0,4.5,88.5,0.9,4.0,0.7,0.7,0.2,0.3,0.2,93.0,0.9,6.1,0.073,0.509,19.311025,-98.896583,100.0,True,
16,Santa Bárbara - Izúcar de Matamoros,00451,MEX-115-160,2025,X. C. México - Puebla (Cuota),15_DV2026_Mexico.pdf,13,15_DV2026_Mexico,3.61,1.0,1.0,30144.0,4.0,90.9,0.5,2.8,0.6,0.5,0.2,0.2,0.3,94.9,0.5,4.6,0.075,0.505,19.30229,-98.885591,100.0,True,
16,Santa Bárbara - Izúcar de Matamoros,00451,MEX-115-160,2025,X. C. México - Puebla (Cuota),15_DV2026_Mexico.pdf,13,15_DV2026_Mexico,3.61,1.0,2.0,29531.0,3.8,89.9,0.8,3.1,0.8,0.8,0.3,0.3,0.2,93.7,0.8,5.5,0.07,0.505,19.302346,-98.885482,100.0,True,
16,Santa Bárbara - Izúcar de Matamoros,00451,MEX-115-160,2025,X. C. México - Puebla (Cuota),15_DV2026_Mexico.pdf,13,15_DV2026_Mexico,3.61,3.0,1.0,48060.0,3.5,79.8,1.1,8.5,1.3,2.6,2.3,0.5,0.4,83.3,1.1,15.6,0.064,0.508,19.285817,-98.880351,100.0,True,
16,Santa Bárbara - Izúcar de Matamoros,00451,MEX-115-160,2025,X. C. México - Puebla (Cuota),15_DV2026_Mexico.pdf,13,15_DV2026_Mexico,3.61,3.0,2.0,49831.0,3.7,80.4,1.3,8.4,1.0,2.3,1.9,0.4,0.6,84.1,1.3,14.6,0.07,0.508,19.285791,-98.880229,100.0,True,
16,Santa Bárbara - Izúcar de Matamoros,00451,MEX-115-160,2025,Chalco (Lateral),15_DV2026_Mexico.pdf,13,15_DV2026_Mexico,8.0,3.0,1.0,14932.0,3.6,84.1,1.1,7.1,1.4,1.9,0.4,0.3,0.1,87.7,1.1,11.2,0.09,0.508,19.246022,-98.867155,100.0,True,
16,Santa Bárbara - Izúcar de Matamoros,00451,MEX-115-160,2025,Chalco (Central),15_DV2026_Mexico.pdf,13,15_DV2026_Mexico,8.0,3.0,1.0,23946.0,3.5,87.6,0.7,4.2,1.3,1.4,0.7,0.5,0.1,91.1,0.7,8.2,0.082,0.508,19.246106,-98.867122,100.0,True,
16,Santa Bárbara - Izúcar de Matamoros,00451,MEX-115-160,2025,Chalco (Central),15_DV2026_Mexico.pdf,13,15_DV2026_Mexico,8.0,3.0,2.0,23192.0,3.3,87.7,1.0,4.2,1.2,1.4,0.6,0.4,0.2,91.0,1.0,8.0,0.095,0.508,19.24617,-98.867098,100.0,True,
16,Santa Bárbara - Izúcar de Matamoros,00451,MEX-115-160,2025,Chalco (Lateral),15_DV2026_Mexico.pdf,13,15_DV2026_Mexico,8.0,3.0,2.0,15411.0,3.4,84.1,1.2,7.0,1.4,1.9,0.4,0.5,0.1,87.5,1.2,11.3,0.075,0.508,19.246244,-98.86705,100.0,True,
16,Santa Bárbara - Izúcar de Matamoros,00451,MEX-115-160,2025,T. Der. Juchitepec,15_DV2026_Mexico.pdf,13,15_DV2026_Mexico,12.46,3.0,1.0,25427.0,3.0,85.6,1.2,6.7,0.9,1.3,0.4,0.7,0.2,88.6,1.2,10.2,0.087,0.502,19.231517,-98.844291,100.0,True,
16,Santa Bárbara - Izúcar de Matamoros,00451,MEX-115-160,2025,T. Der. Juchitepec,15_DV2026_Mexico.pdf,13,15_DV2026_Mexico,12.46,3.0,2.0,25671.0,3.7,84.6,1.2,6.7,1.1,1.4,0.4,0.7,0.2,88.3,1.2,10.5,0.094,0.502,19.232252,-98.845073,100.0,True,
16,Santa Bárbara - Izúcar de Matamoros,00451,MEX-115-160,2025,T. Der. Libramiento de Tlalmanalco de Velázquez,15_DV2026_Mexico.pdf,13,15_DV2026_Mexico,15.0,1.0,1.0,20993.0,3.7,86.3,1.4,4.5,1.2,1.6,0.5,0.6,0.2,90.0,1.4,8.6,0.067,0.515,19.216456,-98.830103,100.0,True,
16,Santa Bárbara - Izúcar de Matamoros,00451,MEX-115-160,2025,T. Der. Libramiento de Tlalmanalco de Velázquez,15_DV2026_Mexico.pdf,13,15_DV2026_Mexico,15.0,1.0,2.0,22297.0,4.3,84.9,1.9,5.4,0.9,1.5,0.3,0.6,0.2,89.2,1.9,8.9,0.098,0.515,19.219123,-98.830363,100.0,True,
16,Santa Bárbara - Izúcar de Matamoros,00451,MEX-115-160,2025,Tlalmanalco,15_DV2026_Mexico.pdf,13,15_DV2026_Mexico,20.51,1.0,0.0,15617.0,7.1,89.5,0.3,2.4,0.3,0.2,0.1,0.1,0.0,96.6,0.3,3.1,0.071,0.545,19.206351,-98.820116,100.0,True,
16,Santa Bárbara - Izúcar de Matamoros,00451,MEX-115-160,2025,Tlalmanalco,15_DV2026_Mexico.pdf,13,15_DV2026_Mexico,20.51,3.0,0.0,9377.0,3.8,89.7,0.5,5.0,0.7,0.2,0.1,0.0,0.0,93.5,0.5,6.0,0.083,0.529,19.198681,-98.79954,100.0,True,
16,Santa Bárbara - Izúcar de Matamoros,00451,MEX-115-160,2025,Amecameca de Juárez,15_DV2026_Mexico.pdf,13,15_DV2026_Mexico,28.0,1.0,1.0,7792.0,7.7,82.2,0.5,6.4,0.7,1.3,0.6,0.4,0.2,89.9,0.5,9.6,0.08,0.525,19.139046,-98.772642,100.0,True,
16,Santa Bárbara - Izúcar de Matamoros,00451,MEX-115-160,2025,Amecameca de Juárez,15_DV2026_Mexico.pdf,13,15_DV2026_Mexico,28.0,1.0,2.0,8600.0,7.6,82.3,0.4,6.6,0.7,1.3,0.6,0.3,0.2,89.9,0.4,9.7,0.087,0.525,19.139072,-98.77256,100.0,True,
16,Santa Bárbara - Izúcar de Matamoros,00451,MEX-115-160,2025,Amecameca de Juárez,15_DV2026_Mexico.pdf,13,15_DV2026_Mexico,28.0,3.0,1.0,10325.0,6.2,84.5,0.6,6.7,1.0,0.5,0.2,0.1,0.2,90.7,0.6,8.7,0.076,0.506,19.102616,-98.780569,100.0,True,
16,Santa Bárbara - Izúcar de Matamoros,00451,MEX-115-160,2025,Amecameca de Juárez,15_DV2026_Mexico.pdf,13,15_DV2026_Mexico,28.0,3.0,2.0,10100.0,5.8,83.1,0.9,7.3,1.2,0.8,0.3,0.2,0.4,88.9,0.9,10.2,0.076,0.506,19.102586,-98.780513,100.0,True,
16,Santa Bárbara - Izúcar de Matamoros,00451,MEX-115-160,2025,T. Izq a Tlamacas,15_DV2026_Mexico.pdf,13,15_DV2026_Mexico,32.21,,,,,,,,,,,,,,,,,,,,,False,
16,Santa Bárbara - Izúcar de Matamoros,00451,MEX-115-160,2025,T. Izq. Ozumba (Iº Acceso),15_DV2026_Mexico.pdf,14,15_DV2026_Mexico,38.81,1.0,0.0,23080.0,3.6,83.8,0.8,9.9,0.7,0.5,0.2,0.3,0.2,87.4,0.8,11.8,0.069,0.502,19.058461,-98.786831,100.0,True,
16,Santa Bárbara - Izúcar de Matamoros,00451,MEX-115-160,2025,T. Izq. Ozumba (Iº Acceso),15_DV2026_Mexico.pdf,14,15_DV2026_Mexico,38.81,3.0,0.0,21359.0,3.6,79.5,1.2,12.9,1.4,0.7,0.2,0.4,0.1,83.1,1.2,15.7,0.089,0.504,19.048759,-98.792609,100.0,True,
16,Santa Bárbara - Izúcar de Matamoros,00451,MEX-115-160,2025,Tepetlixpa,15_DV2026_Mexico.pdf,14,15_DV2026_Mexico,42.29,3.0,0.0,10319.0,3.6,85.0,2.2,7.2,0.8,0.5,0.2,0.3,0.2,88.6,2.2,9.2,0.074,0.519,19.020302,-98.824517,100.0,True,
16,Santa Bárbara - Izúcar de Matamoros,00451,MEX-115-160,2025,Lim. Edos. Term. Méx. Ppia. Mor.,15_DV2026_Mexico.pdf,14,15_DV2026_Mexico,51.7,,,,,,,,,,,,,,,,,,,,,False,
16,Santa Bárbara - Izúcar de Matamoros,00451,MEX-115-160,2025,T. Der. Atlatlahucan,15_DV2026_Mexico.pdf,14,15_DV2026_Mexico,58.95,1.0,1.0,10509.0,6.2,83.1,1.3,3.5,2.0,1.6,0.6,1.3,0.4,89.3,1.3,9.4,0.098,0.735,18.929568,-98.88707,100.0,True,
16,Santa Bárbara - Izúcar de Matamoros,00451,MEX-115-160,2025,T. Der. Atlatlahucan,15_DV2026_Mexico.pdf,14,15_DV2026_Mexico,58.95,1.0,2.0,9587.0,6.4,82.6,1.5,4.0,1.8,1.5,0.7,1.1,0.4,89.0,1.5,9.5,0.14,0.735,18.930045,-98.886636,100.0,True,
16,Santa Bárbara - Izúcar de Matamoros,00451,MEX-115-160,2025,T. Izq. Tetela del Volcán,15_DV2026_Mexico.pdf,14,15_DV2026_Mexico,62.99,1.0,1.0,16575.0,7.4,82.5,1.6,3.6,1.5,1.8,0.5,0.8,0.3,89.9,1.6,8.5,0.075,0.509,18.90721,-98.902089,100.0,True,
16,Santa Bárbara - Izúcar de Matamoros,00451,MEX-115-160,2025,T. Izq. Tetela del Volcán,15_DV2026_Mexico.pdf,14,15_DV2026_Mexico,62.99,1.0,2.0,16049.0,7.6,82.6,1.3,3.7,1.4,2.0,0.4,0.9,0.1,90.2,1.3,8.5,0.082,0.509,18.907159,-98.902006,100.0,True,
16,Santa Bárbara - Izúcar de Matamoros,00451,MEX-115-160,2025,T. Izq. Tetela del Volcán,15_DV2026_Mexico.pdf,14,15_DV2026_Mexico,62.99,3.0,1.0,16427.0,5.8,84.5,1.3,2.6,2.2,1.6,0.3,1.5,0.2,90.3,1.3,8.4,0.09,0.515,18.895156,-98.910185,100.0,True,
16,Santa Bárbara - Izúcar de Matamoros,00451,MEX-115-160,2025,T. Izq. Tetela del Volcán,15_DV2026_Mexico.pdf,14,15_DV2026_Mexico,62.99,3.0,2.0,17628.0,5.4,84.6,1.4,2.8,2.0,1.8,0.5,1.1,0.4,90.0,1.4,8.6,0.093,0.515,18.895682,-98.909714,100.0,True,
16,Santa Bárbara - Izúcar de Matamoros,00451,MEX-115-160,2025,T. Izq. Libramiento de Cuautla (1º Acceso),15_DV2026_Mexico.pdf,14,15_DV2026_Mexico,67.0,1.0,1.0,16419.0,5.0,81.6,1.3,6.2,1.4,1.8,2.0,0.5,0.2,86.6,1.3,12.1,0.07,0.533,18.877992,-98.921686,100.0,True,
16,Santa Bárbara - Izúcar de Matamoros,00451,MEX-115-160,2025,T. Izq. Libramiento de Cuautla (1º Acceso),15_DV2026_Mexico.pdf,14,15_DV2026_Mexico,67.0,1.0,2.0,16973.0,5.2,81.6,1.1,6.5,1.3,1.6,1.8,0.7,0.2,86.8,1.1,12.1,0.066,0.533,18.87794,-98.921612,100.0,True,
16,Santa Bárbara - Izúcar de Matamoros,00451,MEX-115-160,2025,T. Der. La Pera,15_DV2026_Mexico.pdf,14,15_DV2026_Mexico,68.9,1.0,1.0,26200.0,8.3,85.0,0.8,3.1,1.0,0.9,0.2,0.6,0.1,93.3,0.8,5.9,0.075,0.5,18.856685,-98.935475,100.0,True,
16,Santa Bárbara - Izúcar de Matamoros,00451,MEX-115-160,2025,T. Der. La Pera,15_DV2026_Mexico.pdf,14,15_DV2026_Mexico,68.9,1.0,2.0,24353.0,8.0,84.9,1.0,3.3,0.9,1.0,0.3,0.4,0.2,92.9,1.0,6.1,0.077,0.5,18.856657,-98.935388,100.0,True,
16,Santa Bárbara - Izúcar de Matamoros,00451,MEX-115-160,2025,T. Izq. Libramiento de Cuautla (2º Acceso),15_DV2026_Mexico.pdf,14,15_DV2026_Mexico,77.05,3.0,1.0,19574.0,7.3,83.6,1.4,3.0,2.0,1.4,0.5,0.7,0.1,90.9,1.4,7.7,0.088,0.542,18.79009,-98.90836,100.0,True,
16,Santa Bárbara - Izúcar de Matamoros,00451,MEX-115-160,2025,T. Izq. Libramiento de Cuautla (2º Acceso),15_DV2026_Mexico.pdf,14,15_DV2026_Mexico,77.05,3.0,2.0,21496.0,7.4,83.6,1.5,3.2,1.9,1.3,0.4,0.6,0.1,91.0,1.5,7.5,0.077,0.542,18.790394,-98.908573,100.0,True,
16,Santa Bárbara - Izúcar de Matamoros,00451,MEX-115-160,2025,T. Der. Tlayecac,15_DV2026_Mexico.pdf,14,15_DV2026_Mexico,85.06,1.0,1.0,13434.0,6.6,84.4,1.8,3.3,1.6,1.1,0.4,0.6,0.2,91.0,1.8,7.2,0.08,0.505,18.770315,-98.893131,100.0,True,
16,Santa Bárbara - Izúcar de Matamoros,00451,MEX-115-160,2025,T. Der. Tlayecac,15_DV2026_Mexico.pdf,14,15_DV2026_Mexico,85.06,1.0,2.0,13510.0,6.8,83.7,1.6,3.6,1.7,1.0,0.5,0.8,0.3,90.5,1.6,7.9,0.078,0.505,18.770805,-98.893605,100.0,True,
16,Santa Bárbara - Izúcar de Matamoros,00451,MEX-115-160,2025,T. Der. Tlayecac,15_DV2026_Mexico.pdf,14,15_DV2026_Mexico,85.06,3.0,1.0,13829.0,5.1,86.7,1.8,3.7,0.6,1.1,0.4,0.4,0.2,91.8,1.8,6.4,0.08,0.501,18.761609,-98.883801,100.0,True,
16,Santa Bárbara - Izúcar de Matamoros,00451,MEX-115-160,2025,T. Der. Tlayecac,15_DV2026_Mexico.pdf,14,15_DV2026_Mexico,85.06,3.0,2.0,13684.0,5.2,86.2,1.9,3.9,0.5,1.2,0.4,0.6,0.1,91.4,1.9,6.7,0.077,0.501,18.761685,-98.883757,100.0,True,
16,Santa Bárbara - Izúcar de Matamoros,00451,MEX-115-160,2025,T. Izq. Amayuca,15_DV2026_Mexico.pdf,14,15_DV2026_Mexico,91.36,1.0,1.0,10500.0,5.5,83.8,2.3,4.0,1.6,1.4,0.7,0.5,0.2,89.3,2.3,8.4,0.092,0.504,18.73368,-98.817406,100.0,True,
16,Santa Bárbara - Izúcar de Matamoros,00451,MEX-115-160,2025,T. Izq. Amayuca,15_DV2026_Mexico.pdf,14,15_DV2026_Mexico,91.36,1.0,2.0,10626.0,5.3,84.7,2.1,3.8,1.4,1.2,0.6,0.7,0.2,90.0,2.1,7.9,0.09,0.504,18.733756,-98.817362,100.0,True,
16,Santa Bárbara - Izúcar de Matamoros,00451,MEX-115-160,2025,T. Izq. Amayuca,15_DV2026_Mexico.pdf,14,15_DV2026_Mexico,91.36,3.0,1.0,6963.0,3.9,82.5,2.9,3.3,2.2,2.6,1.2,1.1,0.3,86.4,2.9,10.7,0.074,0.501,18.714965,-98.788484,100.0,True,
16,Santa Bárbara - Izúcar de Matamoros,00451,MEX-115-160,2025,T. Izq. Amayuca,15_DV2026_Mexico.pdf,14,15_DV2026_Mexico,91.36,3.0,2.0,7828.0,3.7,83.8,2.7,3.1,2.0,2.4,1.1,1.0,0.2,87.5,2.7,9.8,0.069,0.501,18.715038,-98.788454,100.0,True,
16,Santa Bárbara - Izúcar de Matamoros,00451,MEX-115-160,2025,T. C. Atlixco - Jantetelco (Cuota),15_DV2026_Mexico.pdf,14,15_DV2026_Mexico,94.7,3.0,1.0,3320.0,3.2,80.4,3.3,4.9,2.3,3.2,1.5,1.0,0.2,83.6,3.3,13.1,0.076,0.51,18.699135,-98.763587,100.0,True,
16,Santa Bárbara - Izúcar de Matamoros,00451,MEX-115-160,2025,T. C. Atlixco - Jantetelco (Cuota),15_DV2026_Mexico.pdf,14,15_DV2026_Mexico,94.7,3.0,2.0,3246.0,3.6,79.3,3.2,5.4,2.5,3.0,1.6,1.2,0.2,82.9,3.2,13.9,0.089,0.51,18.699208,-98.763532,100.0,True,
16,Santa Bárbara - Izúcar de Matamoros,00451,MEX-115-160,2025,T. Der. Tenango,15_DV2026_Mexico.pdf,14,15_DV2026_Mexico,102.96,1.0,1.0,3212.0,4.5,77.8,3.0,5.4,2.9,2.8,2.1,1.3,0.2,82.3,3.0,14.7,0.077,0.506,18.678561,-98.740799,100.0,True,
16,Santa Bárbara - Izúcar de Matamoros,00451,MEX-115-160,2025,T. Der. Tenango,15_DV2026_Mexico.pdf,14,15_DV2026_Mexico,102.96,1.0,2.0,3180.0,4.3,77.2,3.2,5.4,3.1,2.8,2.1,1.5,0.4,81.5,3.2,15.3,0.092,0.506,18.678347,-98.740633,100.0,True,
16,Santa Bárbara - Izúcar de Matamoros,00451,MEX-115-160,2025,T. Der. Tenango,15_DV2026_Mexico.pdf,14,15_DV2026_Mexico,102.96,3.0,0.0,5416.0,4.1,78.8,3.9,4.2,2.2,3.1,1.9,1.4,0.4,82.9,3.9,13.2,0.078,0.663,18.664315,-98.725536,100.0,True,
16,Santa Bárbara - Izúcar de Matamoros,00451,MEX-115-160,2025,Lim. Edos. Term. Mor. Ppia. Pue.,15_DV2026_Mexico.pdf,14,15_DV2026_Mexico,103.23,,,,,,,,,,,,,,,,,,,,,False,
16,Santa Bárbara - Izúcar de Matamoros,00451,MEX-115-160,2025,X. C. Amayuca - Izúcar de Matamoros,15_DV2026_Mexico.pdf,14,15_DV2026_Mexico,134.99,1.0,1.0,7032.0,19.0,71.7,1.9,2.6,1.5,1.4,0.9,0.7,0.3,90.7,1.9,7.4,0.08,0.555,18.605405,-98.485507,100.0,True,
16,Santa Bárbara - Izúcar de Matamoros,00451,MEX-115-160,2025,X. C. Amayuca - Izúcar de Matamoros,15_DV2026_Mexico.pdf,14,15_DV2026_Mexico,134.99,1.0,2.0,7182.0,18.6,72.2,1.7,2.5,1.6,1.6,0.9,0.7,0.2,90.8,1.7,7.5,0.093,0.555,18.605461,-98.485448,100.0,True,
16,Santa Bárbara - Izúcar de Matamoros,00451,MEX-115-160,2025,X. C. Amayuca - Izúcar de Matamoros,15_DV2026_Mexico.pdf,14,15_DV2026_Mexico,134.99,3.0,1.0,10410.0,20.0,72.6,1.5,2.3,1.8,0.7,0.5,0.4,0.2,92.6,1.5,5.9,0.078,0.528,18.594813,-98.47629,100.0,True,
16,Santa Bárbara - Izúcar de Matamoros,00451,MEX-115-160,2025,X. C. Amayuca - Izúcar de Matamoros,15_DV2026_Mexico.pdf,14,15_DV2026_Mexico,134.99,3.0,2.0,10690.0,19.8,72.5,1.6,2.6,1.6,0.8,0.5,0.4,0.2,92.3,1.6,6.1,0.071,0.528,18.594876,-98.476247,100.0,True,
16,Santa Bárbara - Izúcar de Matamoros,00451,MEX-115-160,2025,T. C. Puebla - Huajuapan de León,15_DV2026_Mexico.pdf,14,15_DV2026_Mexico,138.14,,,,,,,,,,,,,,,,,,,,,False,
17,T. C. (San Gregorio - Oaxtepec) - Juchitepec,15575,MEX-113,2025,T. C. San Gregorio - Oaxtepec,15_DV2026_Mexico.pdf,15,15_DV2026_Mexico,0.0,3.0,0.0,2878.0,5.5,89.5,0.9,2.4,1.0,0.4,0.2,0.1,0.0,95.0,0.9,4.1,0.104,0.506,19.114787,-98.927954,100.0,True,
17,T. C. (San Gregorio - Oaxtepec) - Juchitepec,15575,MEX-113,2025,Juchitepec,15_DV2026_Mexico.pdf,15,15_DV2026_Mexico,6.46,,,,,,,,,,,,,,,,,,,,,False,
18,T. C. (Santa Bárbara - Huajuapan) - Tlamacas,15073,MEX-115,2025,T. C. Santa Bárbara - Izúcar de Matamoros,15_DV2026_Mexico.pdf,15,15_DV2026_Mexico,0.0,3.0,0.0,5655.0,11.3,77.7,0.7,8.0,0.7,0.9,0.3,0.1,0.3,89.0,0.7,10.3,0.084,0.534,19.109456,-98.7744,100.0,True,
18,T. C. (Santa Bárbara - Huajuapan) - Tlamacas,15073,MEX-115,2025,San Pedro Nexapa,15_DV2026_Mexico.pdf,15,15_DV2026_Mexico,6.0,1.0,0.0,3280.0,11.0,77.6,0.4,9.5,0.7,0.4,0.2,0.1,0.1,88.6,0.4,11.0,0.112,0.508,19.085996,-98.74201,100.0,True,
18,T. C. (Santa Bárbara - Huajuapan) - Tlamacas,15073,MEX-115,2025,San Pedro Nexapa,15_DV2026_Mexico.pdf,15,15_DV2026_Mexico,6.0,3.0,0.0,1288.0,12.2,84.1,0.5,2.5,0.5,0.1,0.1,0.0,0.0,96.3,0.5,3.2,0.199,0.527,19.08277,-98.729687,100.0,True,
18,T. C. (Santa Bárbara - Huajuapan) - Tlamacas,15073,MEX-115,2025,Tlamacas,15_DV2026_Mexico.pdf,15,15_DV2026_Mexico,22.3,,,,,,,,,,,,,,,,,,,,,False,
19,Toluca - Cd. Altamirano,00020,MEX-134,2025,T. C. Toluca - Axixintla,15_DV2026_Mexico.pdf,15,15_DV2026_Mexico,0.0,,,,,,,,,,,,,,,,,,,,,False,
19,Toluca - Cd. Altamirano,00020,MEX-134,2025,T. Izq. Capultitlán,15_DV2026_Mexico.pdf,15,15_DV2026_Mexico,1.78,3.0,1.0,19152.0,4.3,89.8,0.7,3.3,0.7,0.6,0.3,0.2,0.1,94.1,0.7,5.2,0.093,0.506,19.256623,-99.667187,100.0,True,
19,Toluca - Cd. Altamirano,00020,MEX-134,2025,T. Izq. Capultitlán,15_DV2026_Mexico.pdf,15,15_DV2026_Mexico,1.78,3.0,2.0,19654.0,4.6,89.9,0.8,2.8,0.7,0.6,0.3,0.2,0.1,94.5,0.8,4.7,0.088,0.506,19.256402,-99.667109,100.0,True,
19,Toluca - Cd. Altamirano,00020,MEX-134,2025,T. Der. Zinacatepec,15_DV2026_Mexico.pdf,15,15_DV2026_Mexico,10.21,3.0,1.0,13102.0,2.5,90.9,0.9,3.6,0.8,0.7,0.3,0.2,0.1,93.4,0.9,5.7,0.088,0.501,19.250603,-99.758694,100.0,True,
19,Toluca - Cd. Altamirano,00020,MEX-134,2025,T. Der. Zinacatepec,15_DV2026_Mexico.pdf,15,15_DV2026_Mexico,10.21,3.0,2.0,13179.0,2.6,90.5,0.9,3.6,1.1,0.7,0.4,0.1,0.1,93.1,0.9,6.0,0.083,0.501,19.25052,-99.758652,100.0,True,
19,Toluca - Cd. Altamirano,00020,MEX-134,2025,T. Izq. Sultepec,15_DV2026_Mexico.pdf,15,15_DV2026_Mexico,18.72,3.0,0.0,5675.0,1.4,86.1,2.1,5.1,1.6,2.0,1.1,0.4,0.2,87.5,2.1,10.4,0.091,0.501,19.202389,-99.827983,100.0,True,
19,Toluca - Cd. Altamirano,00020,MEX-134,2025,T. Der. Valle de Bravo,15_DV2026_Mexico.pdf,15,15_DV2026_Mexico,52.0,3.0,0.0,5698.0,3.6,85.0,2.3,3.7,1.8,1.8,1.2,0.5,0.1,88.6,2.3,9.1,0.089,0.502,19.140003,-99.92503,100.0,True,
19,Toluca - Cd. Altamirano,00020,MEX-134,2025,Temascaltepec,15_DV2026_Mexico.pdf,15,15_DV2026_Mexico,68.76,1.0,0.0,4749.0,3.2,86.9,2.4,2.8,1.3,1.7,1.2,0.4,0.1,90.1,2.4,7.5,0.082,0.522,19.048164,-100.043823,100.0,True,
19,Toluca - Cd. Altamirano,00020,MEX-134,2025,Temascaltepec,15_DV2026_Mexico.pdf,15,15_DV2026_Mexico,68.76,3.0,0.0,4536.0,2.8,85.1,2.3,5.4,1.7,1.4,1.1,0.2,0.0,87.9,2.3,9.8,0.091,0.507,19.041287,-100.045139,100.0,True,
19,Toluca - Cd. Altamirano,00020,MEX-134,2025,T. Izq. San Diego Cuentla,15_DV2026_Mexico.pdf,15,15_DV2026_Mexico,84.34,3.0,0.0,6699.0,6.5,82.8,2.0,5.1,1.1,1.4,0.6,0.4,0.1,89.3,2.0,8.7,0.079,0.516,18.969938,-100.073738,100.0,True,
19,Toluca - Cd. Altamirano,00020,MEX-134,2025,Tejupilco de Hidalgo,15_DV2026_Mexico.pdf,15,15_DV2026_Mexico,100.76,1.0,0.0,8213.0,3.1,85.9,1.6,5.5,1.9,1.2,0.6,0.1,0.1,89.0,1.6,9.4,0.079,0.513,18.923406,-100.147331,100.0,True,
19,Toluca - Cd. Altamirano,00020,MEX-134,2025,Tejupilco de Hidalgo,15_DV2026_Mexico.pdf,15,15_DV2026_Mexico,100.76,3.0,0.0,5151.0,4.3,84.1,1.9,6.2,1.4,1.2,0.5,0.2,0.2,88.4,1.9,9.7,0.093,0.506,18.900596,-100.168467,100.0,True,
19,Toluca - Cd. Altamirano,00020,MEX-134,2025,Cuadrilla de López,15_DV2026_Mexico.pdf,15,15_DV2026_Mexico,113.2,3.0,0.0,3314.0,5.8,81.5,2.7,4.5,1.6,2.3,1.2,0.3,0.1,87.3,2.7,10.0,0.084,0.511,18.868471,-100.228267,100.0,True,
19,Toluca - Cd. Altamirano,00020,MEX-134,2025,T. Izq. Bejucos,15_DV2026_Mexico.pdf,15,15_DV2026_Mexico,147.57,1.0,0.0,2177.0,10.9,75.3,3.1,4.9,1.9,2.2,1.5,0.2,0.0,86.2,3.1,10.7,0.073,0.506,18.784781,-100.421083,100.0,True,
19,Toluca - Cd. Altamirano,00020,MEX-134,2025,Lim. Edos. Term. Méx. Ppia. Gro.,15_DV2026_Mexico.pdf,15,15_DV2026_Mexico,148.0,,,,,,,,,,,,,,,,,,,,,False,
19,Toluca - Cd. Altamirano,00020,MEX-134,2025,Cutzamala,15_DV2026_Mexico.pdf,15,15_DV2026_Mexico,196.0,1.0,0.0,3758.0,10.8,77.0,2.5,6.0,1.1,1.7,0.6,0.2,0.1,87.8,2.5,9.7,0.076,0.512,18.476954,-100.582799,100.0,True,
19,Toluca - Cd. Altamirano,00020,MEX-134,2025,Lim. Edos. Term. Gro. Ppia. Mich.,15_DV2026_Mexico.pdf,15,15_DV2026_Mexico,201.0,,,,,,,,,,,,,,,,,,,,,False,
19,Toluca - Cd. Altamirano,00020,MEX-134,2025,Lim. Edos. Term. Mich. Ppia. Gro.,15_DV2026_Mexico.pdf,15,15_DV2026_Mexico,210.3,,,,,,,,,,,,,,,,,,,,,False,
19,Toluca - Cd. Altamirano,00020,MEX-134,2025,Cd. Altamirano,15_DV2026_Mexico.pdf,15,15_DV2026_Mexico,216.0,1.0,0.0,5910.0,12.9,78.1,1.2,4.0,1.2,1.4,0.6,0.4,0.2,91.0,1.2,7.8,0.086,0.517,18.382329,-100.651233,100.0,True,
20,Toluca - Morelia,00448,MEX-015,2025,Toluca,15_DV2026_Mexico.pdf,16,15_DV2026_Mexico,0.0,,,,,,,,,,,,,,,,,,,,,False,
20,Toluca - Morelia,00448,MEX-015,2025,X. C. Libramiento de Toluca,15_DV2026_Mexico.pdf,16,15_DV2026_Mexico,1.0,3.0,1.0,47693.0,3.0,90.6,0.8,4.2,0.6,0.4,0.1,0.1,0.2,93.6,0.8,5.6,0.071,0.504,19.288053,-99.685049,100.0,True,
20,Toluca - Morelia,00448,MEX-015,2025,X. C. Libramiento de Toluca,15_DV2026_Mexico.pdf,16,15_DV2026_Mexico,1.0,3.0,2.0,46771.0,3.0,90.6,0.8,4.2,0.6,0.4,0.1,0.1,0.2,93.6,0.8,5.6,0.085,0.504,19.287853,-99.684902,100.0,True,
20,Toluca - Morelia,00448,MEX-015,2025,T. Der. Almoloya de Juárez,15_DV2026_Mexico.pdf,16,15_DV2026_Mexico,4.7,3.0,1.0,25240.0,3.3,89.5,0.5,5.0,0.9,0.4,0.1,0.2,0.1,92.8,0.5,6.7,0.067,0.504,19.293757,-99.723764,100.0,True,
20,Toluca - Morelia,00448,MEX-015,2025,T. Der. Almoloya de Juárez,15_DV2026_Mexico.pdf,16,15_DV2026_Mexico,4.7,3.0,2.0,25652.0,3.3,89.5,0.5,5.0,0.9,0.4,0.1,0.2,0.1,92.8,0.5,6.7,0.079,0.504,19.29362,-99.723968,100.0,True,
20,Toluca - Morelia,00448,MEX-015,2025,T. Izq. Valle de Bravo,15_DV2026_Mexico.pdf,16,15_DV2026_Mexico,7.5,3.0,1.0,13221.0,1.1,93.9,0.9,1.7,1.5,0.3,0.3,0.1,0.2,95.0,0.9,4.1,0.106,0.518,19.309695,-99.756024,100.0,True,
20,Toluca - Morelia,00448,MEX-015,2025,T. Izq. Valle de Bravo,15_DV2026_Mexico.pdf,16,15_DV2026_Mexico,7.5,3.0,2.0,12282.0,1.1,93.8,0.9,1.6,1.6,0.5,0.2,0.1,0.2,94.9,0.9,4.2,0.108,0.518,19.310356,-99.756744,100.0,True,
20,Toluca - Morelia,00448,MEX-015,2025,T. Der. Almoloya de Juárez,15_DV2026_Mexico.pdf,16,15_DV2026_Mexico,13.95,1.0,0.0,27397.0,1.1,94.6,0.9,1.6,0.8,0.4,0.2,0.2,0.2,95.7,0.9,3.4,0.086,0.518,19.334049,-99.788005,100.0,True,
20,Toluca - Morelia,00448,MEX-015,2025,T. Der. Almoloya de Juárez,15_DV2026_Mexico.pdf,16,15_DV2026_Mexico,13.95,3.0,0.0,25922.0,2.0,93.7,0.9,1.6,0.8,0.4,0.2,0.2,0.2,95.7,0.9,3.4,0.087,0.518,19.334162,-99.78923,100.0,True,
20,Toluca - Morelia,00448,MEX-015,2025,X. C. Toluca - Zitácuaro (Cuota),15_DV2026_Mexico.pdf,16,15_DV2026_Mexico,20.3,1.0,0.0,28379.0,2.7,92.4,0.8,1.5,0.9,0.7,0.5,0.3,0.2,95.1,0.8,4.1,0.09,0.505,19.362802,-99.805811,100.0,True,
20,Toluca - Morelia,00448,MEX-015,2025,X. C. Toluca - Zitácuaro (Cuota),15_DV2026_Mexico.pdf,16,15_DV2026_Mexico,20.3,3.0,0.0,21235.0,1.3,93.6,0.8,1.8,0.7,0.8,0.5,0.3,0.2,94.9,0.8,4.3,0.08,0.507,19.386939,-99.807987,100.0,True,
20,Toluca - Morelia,00448,MEX-015,2025,T. Der. Villa Victoria,15_DV2026_Mexico.pdf,16,15_DV2026_Mexico,46.39,1.0,0.0,20043.0,1.1,94.1,1.6,1.6,0.8,0.5,0.2,0.1,0.0,95.2,1.6,3.2,0.09,0.534,19.417784,-99.990357,100.0,True,
20,Toluca - Morelia,00448,MEX-015,2025,T. Der. Villa Victoria,15_DV2026_Mexico.pdf,16,15_DV2026_Mexico,46.39,3.0,0.0,14053.0,2.3,91.4,1.1,2.1,1.3,0.7,0.5,0.3,0.3,93.7,1.1,5.2,0.091,0.51,19.415915,-100.011511,100.0,True,
20,Toluca - Morelia,00448,MEX-015,2025,T. Izq. Valle de Bravo,15_DV2026_Mexico.pdf,16,15_DV2026_Mexico,54.4,1.0,0.0,10267.0,1.3,94.2,0.7,1.6,1.1,0.5,0.2,0.3,0.1,95.5,0.7,3.8,0.085,0.538,19.39817,-100.062413,100.0,True,
20,Toluca - Morelia,00448,MEX-015,2025,T. Izq. Valle de Bravo,15_DV2026_Mexico.pdf,16,15_DV2026_Mexico,54.4,3.0,0.0,7852.0,2.5,90.8,1.2,1.8,1.5,1.0,0.7,0.4,0.1,93.3,1.2,5.5,0.087,0.543,19.39721,-100.074143,100.0,True,
20,Toluca - Morelia,00448,MEX-015,2025,T. Izq. Villa de Allende,15_DV2026_Mexico.pdf,16,15_DV2026_Mexico,64.08,1.0,0.0,6317.0,3.2,80.7,1.2,10.1,1.3,1.9,0.8,0.7,0.1,83.9,1.2,14.9,0.082,0.508,19.41177,-100.127209,100.0,True,
20,Toluca - Morelia,00448,MEX-015,2025,T. Izq. Villa de Allende,15_DV2026_Mexico.pdf,16,15_DV2026_Mexico,64.08,3.0,0.0,5601.0,2.1,83.5,1.5,9.8,1.2,1.0,0.6,0.2,0.1,85.6,1.5,12.9,0.079,0.501,19.411257,-100.142574,100.0,True,
20,Toluca - Morelia,00448,MEX-015,2025,Lim. Edos. Term. Méx. Ppia. Mich.,15_DV2026_Mexico.pdf,16,15_DV2026_Mexico,70.2,,,,,,,,,,,,,,,,,,,,,False,
20,Toluca - Morelia,00448,MEX-015,2025,T. Der. Toluca (Cuota),15_DV2026_Mexico.pdf,16,15_DV2026_Mexico,86.19,1.0,0.0,3626.0,5.8,80.1,1.6,8.3,1.2,1.7,0.7,0.2,0.4,85.9,1.6,12.5,0.085,0.512,19.449251,-100.282823,100.0,True,
20,Toluca - Morelia,00448,MEX-015,2025,T. Der. Libramiento de Heróica Zitácuaro,15_DV2026_Mexico.pdf,16,15_DV2026_Mexico,92.8,1.0,1.0,6185.0,8.4,79.7,1.7,5.8,2.2,0.9,0.3,0.8,0.2,88.1,1.7,10.2,0.082,0.512,19.451557,-100.288189,100.0,True,
20,Toluca - Morelia,00448,MEX-015,2025,T. Der. Libramiento de Heróica Zitácuaro,15_DV2026_Mexico.pdf,16,15_DV2026_Mexico,92.8,1.0,2.0,5906.0,7.5,81.2,2.2,4.7,2.3,1.0,0.5,0.5,0.1,88.7,2.2,9.1,0.1,0.512,19.451512,-100.288536,100.0,True,
20,Toluca - Morelia,00448,MEX-015,2025,T. Der. Libramiento de Heróica Zitácuaro,15_DV2026_Mexico.pdf,16,15_DV2026_Mexico,92.8,3.0,0.0,21438.0,4.3,84.6,1.9,5.6,1.5,0.9,0.4,0.5,0.3,88.9,1.9,9.2,0.083,0.511,19.460243,-100.344672,100.0,True,
20,Toluca - Morelia,00448,MEX-015,2025,T. Der. Angangueo,15_DV2026_Mexico.pdf,16,15_DV2026_Mexico,106.33,1.0,0.0,18512.0,5.7,85.0,1.7,5.1,1.4,0.5,0.3,0.2,0.1,90.7,1.7,7.6,0.079,0.507,19.489709,-100.370826,100.0,True,
20,Toluca - Morelia,00448,MEX-015,2025,T. Der. Angangueo,15_DV2026_Mexico.pdf,16,15_DV2026_Mexico,106.33,3.0,0.0,13919.0,5.0,80.9,1.8,5.4,3.3,1.7,1.0,0.6,0.3,85.9,1.8,12.3,0.101,0.523,19.489071,-100.378045,100.0,True,
20,Toluca - Morelia,00448,MEX-015,2025,T. Der. Zirahuato,15_DV2026_Mexico.pdf,16,15_DV2026_Mexico,108.0,3.0,0.0,10659.0,5.2,84.9,1.6,4.5,1.5,1.1,0.6,0.3,0.3,90.1,1.6,8.3,0.078,0.513,19.484849,-100.394292,100.0,True,
20,Toluca - Morelia,00448,MEX-015,2025,T. Izq. Jungapeo,15_DV2026_Mexico.pdf,16,15_DV2026_Mexico,114.3,1.0,0.0,8495.0,4.7,82.5,1.9,4.5,3.4,1.5,1.1,0.4,0.0,87.2,1.9,10.9,0.079,0.512,19.480057,-100.43578,100.0,True,
20,Toluca - Morelia,00448,MEX-015,2025,T. Izq. Jungapeo,15_DV2026_Mexico.pdf,16,15_DV2026_Mexico,114.3,3.0,0.0,7483.0,5.2,85.2,2.0,3.4,1.8,1.3,0.6,0.4,0.1,90.4,2.0,7.6,0.076,0.51,19.48736,-100.447283,100.0,True,
20,Toluca - Morelia,00448,MEX-015,2025,Tuxpan,15_DV2026_Mexico.pdf,16,15_DV2026_Mexico,125.0,1.0,1.0,5732.0,3.1,85.7,2.5,4.6,1.2,1.8,0.6,0.4,0.1,88.8,2.5,8.7,0.079,0.501,19.552437,-100.471166,100.0,True,
20,Toluca - Morelia,00448,MEX-015,2025,Tuxpan,15_DV2026_Mexico.pdf,16,15_DV2026_Mexico,125.0,1.0,2.0,5717.0,3.5,85.6,2.5,4.9,1.3,1.5,0.4,0.2,0.1,89.1,2.5,8.4,0.088,0.501,19.552465,-100.471226,100.0,True,
20,Toluca - Morelia,00448,MEX-015,2025,Tuxpan,15_DV2026_Mexico.pdf,16,15_DV2026_Mexico,125.0,3.0,1.0,5441.0,3.6,85.4,1.7,5.3,2.0,1.0,0.5,0.4,0.1,89.0,1.7,9.3,0.084,0.504,19.578016,-100.466615,100.0,True,
20,Toluca - Morelia,00448,MEX-015,2025,Tuxpan,15_DV2026_Mexico.pdf,16,15_DV2026_Mexico,125.0,3.0,2.0,5522.0,3.4,85.3,1.8,5.4,2.1,0.9,0.6,0.4,0.1,88.7,1.8,9.5,0.084,0.504,19.578102,-100.466704,100.0,True,
20,Toluca - Morelia,00448,MEX-015,2025,Cd. Hidalgo,15_DV2026_Mexico.pdf,16,15_DV2026_Mexico,144.61,1.0,0.0,9353.0,3.7,84.3,1.8,5.9,1.4,1.2,1.0,0.6,0.1,88.0,1.8,10.2,0.085,0.508,19.673125,-100.519745,100.0,True,
20,Toluca - Morelia,00448,MEX-015,2025,Cd. Hidalgo,15_DV2026_Mexico.pdf,16,15_DV2026_Mexico,144.61,3.0,0.0,14023.0,3.6,85.4,1.4,6.1,1.4,1.2,0.5,0.3,0.1,89.0,1.4,9.6,0.086,0.501,19.698784,-100.598867,100.0,True,
20,Toluca - Morelia,00448,MEX-015,2025,T. Der. Huajúmbaro,15_DV2026_Mexico.pdf,16,15_DV2026_Mexico,168.0,1.0,0.0,4122.0,1.3,84.8,1.4,6.5,1.8,2.0,1.5,0.6,0.1,86.1,1.4,12.5,0.1,0.532,19.671253,-100.737939,100.0,True,
20,Toluca - Morelia,00448,MEX-015,2025,T. Der. Huajúmbaro,15_DV2026_Mexico.pdf,16,15_DV2026_Mexico,168.0,3.0,0.0,723.0,8.4,85.2,0.2,4.1,1.4,0.3,0.4,0.0,0.0,93.6,0.2,6.2,0.119,0.501,19.669808,-100.741278,100.0,True,
20,Toluca - Morelia,00448,MEX-015,2025,T. Izq. Tzitzio,15_DV2026_Mexico.pdf,17,15_DV2026_Mexico,188.3,1.0,0.0,548.0,7.7,78.6,0.3,10.1,1.4,0.9,0.7,0.2,0.1,86.3,0.3,13.4,0.166,0.519,19.650476,-100.944632,100.0,True,
20,Toluca - Morelia,00448,MEX-015,2025,T. Der. de Los Triguillos,15_DV2026_Mexico.pdf,17,15_DV2026_Mexico,225.0,1.0,0.0,3964.0,4.3,84.2,0.3,8.9,0.6,1.3,0.2,0.1,0.1,88.5,0.3,11.2,0.13,0.505,19.685399,-101.034,100.0,True,
20,Toluca - Morelia,00448,MEX-015,2025,Periférico de Morelia,15_DV2026_Mexico.pdf,17,15_DV2026_Mexico,238.6,1.0,1.0,18169.0,4.7,91.8,0.6,1.3,0.6,0.5,0.2,0.2,0.1,96.5,0.6,2.9,0.094,0.524,19.692751,-101.144677,100.0,True,
20,Toluca - Morelia,00448,MEX-015,2025,Periférico de Morelia,15_DV2026_Mexico.pdf,17,15_DV2026_Mexico,238.6,1.0,2.0,16526.0,4.5,91.8,0.7,1.1,0.6,0.5,0.3,0.3,0.2,96.3,0.7,3.0,0.096,0.524,19.69243,-101.144378,100.0,True,
20,Toluca - Morelia,00448,MEX-015,2025,Morelia,15_DV2026_Mexico.pdf,17,15_DV2026_Mexico,240.1,,,,,,,,,,,,,,,,,,,,,False,
21,Venta de Carpio - T. C. (Pachuca - Túxpam),00455,MEX-132,2025,T. C. México - Pachuca (Libre),15_DV2026_Mexico.pdf,17,15_DV2026_Mexico,0.0,,,,,,,,,,,,,,,,,,,,,False,
21,Venta de Carpio - T. C. (Pachuca - Túxpam),00455,MEX-132,2025,T. Der. Texcoco,15_DV2026_Mexico.pdf,17,15_DV2026_Mexico,6.42,3.0,1.0,12044.0,4.9,88.2,0.6,2.7,1.5,1.4,0.3,0.3,0.1,93.1,0.6,6.3,0.073,0.515,19.610865,-98.947186,100.0,True,
21,Venta de Carpio - T. C. (Pachuca - Túxpam),00455,MEX-132,2025,T. Der. Texcoco,15_DV2026_Mexico.pdf,17,15_DV2026_Mexico,6.42,3.0,2.0,12763.0,5.0,88.0,0.7,2.5,1.5,1.6,0.3,0.3,0.1,93.0,0.7,6.3,0.069,0.515,19.61096,-98.947148,100.0,True,
21,Venta de Carpio - T. C. (Pachuca - Túxpam),00455,MEX-132,2025,Tepexpan,15_DV2026_Mexico.pdf,17,15_DV2026_Mexico,7.57,3.0,1.0,11644.0,5.6,86.4,0.6,4.1,1.2,1.4,0.3,0.2,0.2,92.0,0.6,7.4,0.078,0.521,19.620547,-98.934842,100.0,True,
21,Venta de Carpio - T. C. (Pachuca - Túxpam),00455,MEX-132,2025,Tepexpan,15_DV2026_Mexico.pdf,17,15_DV2026_Mexico,7.57,3.0,2.0,10716.0,5.4,86.7,0.5,4.2,1.4,1.1,0.3,0.3,0.1,92.1,0.5,7.4,0.081,0.521,19.620582,-98.934916,100.0,True,
21,Venta de Carpio - T. C. (Pachuca - Túxpam),00455,MEX-132,2025,Acolman,15_DV2026_Mexico.pdf,17,15_DV2026_Mexico,12.42,1.0,0.0,18724.0,7.3,85.1,0.8,2.2,0.9,1.4,0.7,1.1,0.5,92.4,0.8,6.8,0.079,0.507,19.632774,-98.917807,100.0,True,
21,Venta de Carpio - T. C. (Pachuca - Túxpam),00455,MEX-132,2025,Teotihuacán,15_DV2026_Mexico.pdf,17,15_DV2026_Mexico,20.7,3.0,0.0,26073.0,8.2,84.0,0.6,4.6,0.7,0.8,0.2,0.5,0.4,92.2,0.6,7.2,0.072,0.531,19.681618,-98.86323,100.0,True,
21,Venta de Carpio - T. C. (Pachuca - Túxpam),00455,MEX-132,2025,T. Der. Otumba,15_DV2026_Mexico.pdf,17,15_DV2026_Mexico,31.79,1.0,0.0,16948.0,4.7,87.6,0.8,3.1,1.2,0.7,0.7,0.5,0.7,92.3,0.8,6.9,0.071,0.514,19.717634,-98.803096,100.0,True,
21,Venta de Carpio - T. C. (Pachuca - Túxpam),00455,MEX-132,2025,T. Der. Otumba,15_DV2026_Mexico.pdf,17,15_DV2026_Mexico,31.79,3.0,0.0,6028.0,6.7,82.9,1.6,3.7,2.1,1.1,0.7,0.7,0.5,89.6,1.6,8.8,0.074,0.527,19.722639,-98.788347,100.0,True,
21,Venta de Carpio - T. C. (Pachuca - Túxpam),00455,MEX-132,2025,Ent. Santiago Tolman,15_DV2026_Mexico.pdf,17,15_DV2026_Mexico,34.09,,,,,,,,,,,,,,,,,,,,,False,
21,Venta de Carpio - T. C. (Pachuca - Túxpam),00455,MEX-132,2025,X. C. Tizayuca - Otumba,15_DV2026_Mexico.pdf,17,15_DV2026_Mexico,37.85,1.0,1.0,12534.0,3.4,77.4,3.5,5.0,1.9,4.7,1.7,1.9,0.5,80.8,3.5,15.7,0.093,0.504,19.744546,-98.763499,100.0,True,
21,Venta de Carpio - T. C. (Pachuca - Túxpam),00455,MEX-132,2025,X. C. Tizayuca - Otumba,15_DV2026_Mexico.pdf,17,15_DV2026_Mexico,37.85,1.0,2.0,12338.0,3.3,77.9,3.4,5.1,1.8,4.5,1.8,1.7,0.5,81.2,3.4,15.4,0.075,0.504,19.744711,-98.763508,100.0,True,
21,Venta de Carpio - T. C. (Pachuca - Túxpam),00455,MEX-132,2025,X. C. Tizayuca - Otumba,15_DV2026_Mexico.pdf,17,15_DV2026_Mexico,37.85,3.0,1.0,16286.0,2.7,80.7,2.9,3.5,2.1,4.6,1.3,1.7,0.5,83.4,2.9,13.7,0.084,0.51,19.759167,-98.750773,100.0,True,
21,Venta de Carpio - T. C. (Pachuca - Túxpam),00455,MEX-132,2025,X. C. Tizayuca - Otumba,15_DV2026_Mexico.pdf,17,15_DV2026_Mexico,37.85,3.0,2.0,16938.0,2.9,80.7,2.7,3.7,2.0,4.4,1.4,1.8,0.4,83.6,2.7,13.7,0.124,0.51,19.759226,-98.750886,100.0,True,
21,Venta de Carpio - T. C. (Pachuca - Túxpam),00455,MEX-132,2025,X. C. Arco Norte de La Ciudad de México,15_DV2026_Mexico.pdf,17,15_DV2026_Mexico,48.0,1.0,1.0,15077.0,1.3,76.7,4.2,6.7,2.0,5.7,1.1,1.8,0.5,78.0,4.2,17.8,0.094,0.517,19.827746,-98.705586,100.0,True,
21,Venta de Carpio - T. C. (Pachuca - Túxpam),00455,MEX-132,2025,X. C. Arco Norte de La Ciudad de México,15_DV2026_Mexico.pdf,17,15_DV2026_Mexico,48.0,1.0,2.0,14073.0,1.5,76.1,4.4,6.8,2.1,5.8,1.2,1.7,0.4,77.6,4.4,18.0,0.132,0.517,19.82788,-98.705633,100.0,True,
21,Venta de Carpio - T. C. (Pachuca - Túxpam),00455,MEX-132,2025,X. C. Arco Norte de La Ciudad de México,15_DV2026_Mexico.pdf,17,15_DV2026_Mexico,48.0,3.0,1.0,11878.0,1.7,84.2,2.3,4.3,1.3,3.2,1.5,1.3,0.2,85.9,2.3,11.8,0.101,0.506,19.839863,-98.693018,100.0,True,
21,Venta de Carpio - T. C. (Pachuca - Túxpam),00455,MEX-132,2025,X. C. Arco Norte de La Ciudad de México,15_DV2026_Mexico.pdf,17,15_DV2026_Mexico,48.0,3.0,2.0,12178.0,1.5,84.6,2.2,4.2,1.1,3.1,1.7,1.2,0.4,86.1,2.2,11.7,0.111,0.506,19.838347,-98.69492,100.0,True,
21,Venta de Carpio - T. C. (Pachuca - Túxpam),00455,MEX-132,2025,Lim. Edos. Term. Méx. Ppia. Hgo.,15_DV2026_Mexico.pdf,17,15_DV2026_Mexico,51.0,,,,,,,,,,,,,,,,,,,,,False,
21,Venta de Carpio - T. C. (Pachuca - Túxpam),00455,MEX-132,2025,X. C. Pachuca - Cd. Sahagún,15_DV2026_Mexico.pdf,17,15_DV2026_Mexico,54.0,3.0,1.0,12366.0,1.6,74.7,4.3,9.0,2.9,3.9,2.1,1.3,0.2,76.3,4.3,19.4,0.091,0.502,19.882134,-98.658005,100.0,True,
21,Venta de Carpio - T. C. (Pachuca - Túxpam),00455,MEX-132,2025,X. C. Pachuca - Cd. Sahagún,15_DV2026_Mexico.pdf,17,15_DV2026_Mexico,54.0,3.0,2.0,12456.0,1.5,74.6,4.5,9.1,2.8,3.7,2.2,1.2,0.4,76.1,4.5,19.4,0.096,0.502,19.882231,-98.658075,100.0,True,
21,Venta de Carpio - T. C. (Pachuca - Túxpam),00455,MEX-132,2025,X. C. Calpulalpan - El Ocote,15_DV2026_Mexico.pdf,17,15_DV2026_Mexico,64.17,1.0,1.0,10168.0,1.6,78.0,2.3,7.6,3.4,3.8,1.8,1.1,0.4,79.6,2.3,18.1,0.087,0.508,19.918215,-98.585487,100.0,True,
21,Venta de Carpio - T. C. (Pachuca - Túxpam),00455,MEX-132,2025,X. C. Calpulalpan - El Ocote,15_DV2026_Mexico.pdf,17,15_DV2026_Mexico,64.17,1.0,2.0,9838.0,1.4,78.3,2.1,7.7,3.3,3.9,1.7,1.1,0.5,79.7,2.1,18.2,0.084,0.508,19.91399,-98.589884,100.0,True,
21,Venta de Carpio - T. C. (Pachuca - Túxpam),00455,MEX-132,2025,X. C. Calpulalpan - El Ocote,15_DV2026_Mexico.pdf,17,15_DV2026_Mexico,64.17,3.0,1.0,9068.0,2.4,77.6,2.4,8.1,3.1,2.8,1.8,1.2,0.6,80.0,2.4,17.6,0.081,0.521,19.927027,-98.573927,100.0,True,
21,Venta de Carpio - T. C. (Pachuca - Túxpam),00455,MEX-132,2025,X. C. Calpulalpan - El Ocote,15_DV2026_Mexico.pdf,17,15_DV2026_Mexico,64.17,3.0,2.0,9848.0,2.5,77.8,2.2,8.2,3.1,2.9,1.7,1.1,0.5,80.3,2.2,17.5,0.092,0.521,19.927138,-98.573996,100.0,True,
21,Venta de Carpio - T. C. (Pachuca - Túxpam),00455,MEX-132,2025,T. C. Pachuca - Túxpam,15_DV2026_Mexico.pdf,18,15_DV2026_Mexico,84.08,1.0,1.0,15257.0,2.5,80.3,3.1,4.7,2.6,3.5,1.5,1.1,0.7,82.8,3.1,14.1,0.076,0.519,20.048948,-98.46358,100.0,True,
21,Venta de Carpio - T. C. (Pachuca - Túxpam),00455,MEX-132,2025,T. C. Pachuca - Túxpam,15_DV2026_Mexico.pdf,18,15_DV2026_Mexico,84.08,1.0,2.0,16472.0,2.7,80.1,3.3,4.9,2.4,3.3,1.6,1.0,0.7,82.8,3.3,13.9,0.072,0.519,20.048508,-98.464289,100.0,True,
22,Via Perimetral AIFA,,MEX-085,2025,T. C. Ramal al AIFA (Cuota),15_DV2026_Mexico.pdf,18,15_DV2026_Mexico,0.0,3.0,1.0,11488.0,4.2,89.9,1.2,2.3,1.3,1.0,0.0,0.1,0.0,94.1,1.2,4.7,0.078,0.502,19.735637,-99.053047,100.0,True,
22,Via Perimetral AIFA,,MEX-085,2025,T. C. Ramal al AIFA (Cuota),15_DV2026_Mexico.pdf,18,15_DV2026_Mexico,0.0,3.0,2.0,11374.0,4.0,90.9,1.0,1.9,1.2,0.9,0.0,0.1,0.0,94.9,1.0,4.1,0.096,0.502,19.735703,-99.053107,100.0,True,
22,Via Perimetral AIFA,,MEX-085,2025,Entrada Terminal de Carga,15_DV2026_Mexico.pdf,18,15_DV2026_Mexico,9.0,1.0,1.0,10763.0,3.1,92.2,1.1,2.2,0.5,0.8,0.0,0.1,0.0,95.3,1.1,3.6,0.084,0.501,19.765277,-98.998697,100.0,True,
22,Via Perimetral AIFA,,MEX-085,2025,Entrada Terminal de Carga,15_DV2026_Mexico.pdf,18,15_DV2026_Mexico,9.0,1.0,2.0,10720.0,3.3,91.5,1.3,2.3,0.6,0.9,0.0,0.1,0.0,94.8,1.3,3.9,0.094,0.501,19.765353,-98.998667,100.0,True,
22,Via Perimetral AIFA,,MEX-085,2025,Entrada Terminal de Carga,15_DV2026_Mexico.pdf,18,15_DV2026_Mexico,9.0,3.0,1.0,9742.0,2.9,92.1,0.8,2.5,0.6,0.7,0.3,0.1,0.0,95.0,0.8,4.2,0.099,0.538,19.760099,-98.983353,100.0,True,
22,Via Perimetral AIFA,,MEX-085,2025,Entrada Terminal de Carga,15_DV2026_Mexico.pdf,18,15_DV2026_Mexico,9.0,3.0,2.0,11351.0,3.2,92.2,0.5,2.7,0.4,0.6,0.3,0.1,0.0,95.4,0.5,4.1,0.112,0.538,19.760351,-98.983266,100.0,True,
22,Via Perimetral AIFA,,MEX-085,2025,T. C. México - Pachuca (Libre),15_DV2026_Mexico.pdf,18,15_DV2026_Mexico,11.5,,,,,,,,,,,,,,,,,,,,,False,
23,Atlacomulco - Maravatío (Cuota),00018,MEX-015D,2025,T. C. Toluca - Palmillas,15_DV2026_Mexico.pdf,18,15_DV2026_Mexico,99.5,3.0,1.0,10054.0,3.9,65.2,8.6,5.2,1.8,9.8,1.2,3.5,0.8,69.1,8.6,22.3,0.073,0.514,19.828413,-99.886619,100.0,True,
23,Atlacomulco - Maravatío (Cuota),00018,MEX-015D,2025,T. C. Toluca - Palmillas,15_DV2026_Mexico.pdf,18,15_DV2026_Mexico,99.5,3.0,2.0,9511.0,4.0,65.0,8.7,5.2,1.9,9.7,1.0,3.6,0.9,69.0,8.7,22.3,0.094,0.514,19.828227,-99.886427,100.0,True,
23,Atlacomulco - Maravatío (Cuota),00018,MEX-015D,2025,Plaza de Cobro San Juanico,15_DV2026_Mexico.pdf,18,15_DV2026_Mexico,107.5,2.0,1.0,8485.0,0.5,62.8,3.8,5.1,4.3,13.6,1.9,5.5,2.5,63.3,3.8,32.9,0.076,0.5,19.837801,-99.945463,100.0,True,
23,Atlacomulco - Maravatío (Cuota),00018,MEX-015D,2025,Plaza de Cobro San Juanico,15_DV2026_Mexico.pdf,18,15_DV2026_Mexico,107.5,2.0,2.0,8485.0,0.5,62.8,3.8,5.1,4.3,13.6,1.9,5.5,2.5,63.3,3.8,32.9,0.076,0.5,19.837801,-99.945463,100.0,True,
23,Atlacomulco - Maravatío (Cuota),00018,MEX-015D,2025,Lim. Edos. Term. Méx. Ppia. Mich.,15_DV2026_Mexico.pdf,18,15_DV2026_Mexico,120.7,,,,,,,,,,,,,,,,,,,,,False,
23,Atlacomulco - Maravatío (Cuota),00018,MEX-015D,2025,T. Der. Tepetongo,15_DV2026_Mexico.pdf,18,15_DV2026_Mexico,129.0,1.0,1.0,9458.0,2.1,66.6,5.3,8.4,2.6,8.8,3.1,2.5,0.6,68.7,5.3,26.0,0.079,0.525,19.872783,-100.121431,100.0,True,
23,Atlacomulco - Maravatío (Cuota),00018,MEX-015D,2025,T. Der. Tepetongo,15_DV2026_Mexico.pdf,18,15_DV2026_Mexico,129.0,1.0,2.0,10448.0,2.0,66.8,5.2,8.4,2.5,8.9,3.0,2.6,0.6,68.8,5.2,26.0,0.108,0.525,19.872709,-100.121652,100.0,True,
23,Atlacomulco - Maravatío (Cuota),00018,MEX-015D,2025,T. Izq. Tlalpujahua,15_DV2026_Mexico.pdf,18,15_DV2026_Mexico,132.9,1.0,1.0,9950.0,1.3,67.1,6.0,7.5,2.4,10.0,1.2,3.6,0.9,68.4,6.0,25.6,0.069,0.515,19.879068,-100.169229,100.0,True,
23,Atlacomulco - Maravatío (Cuota),00018,MEX-015D,2025,T. Izq. Tlalpujahua,15_DV2026_Mexico.pdf,18,15_DV2026_Mexico,132.9,1.0,2.0,10572.0,1.1,67.7,6.2,7.1,2.5,9.9,1.1,3.5,0.9,68.8,6.2,25.0,0.083,0.515,19.878861,-100.169279,100.0,True,
23,Atlacomulco - Maravatío (Cuota),00018,MEX-015D,2025,Plaza de Cobro Contepec,15_DV2026_Mexico.pdf,18,15_DV2026_Mexico,134.15,2.0,1.0,7488.0,0.5,58.3,4.1,5.5,4.8,15.5,2.2,6.2,2.9,58.8,4.1,37.1,0.076,0.5,19.875682,-100.188079,100.0,True,
23,Atlacomulco - Maravatío (Cuota),00018,MEX-015D,2025,Plaza de Cobro Contepec,15_DV2026_Mexico.pdf,18,15_DV2026_Mexico,134.15,2.0,2.0,7488.0,0.5,58.3,4.1,5.5,4.8,15.5,2.2,6.2,2.9,58.8,4.1,37.1,0.076,0.5,19.875682,-100.188079,100.0,True,
23,Atlacomulco - Maravatío (Cuota),00018,MEX-015D,2025,T. Izq. Maravatío,15_DV2026_Mexico.pdf,18,15_DV2026_Mexico,156.77,1.0,1.0,8847.0,1.1,66.2,5.5,6.7,3.1,10.2,2.7,3.6,0.9,67.3,5.5,27.2,0.075,0.509,19.896129,-100.379565,100.0,True,
23,Atlacomulco - Maravatío (Cuota),00018,MEX-015D,2025,T. Izq. Maravatío,15_DV2026_Mexico.pdf,18,15_DV2026_Mexico,156.77,1.0,2.0,8532.0,1.0,63.6,6.0,7.3,3.5,10.5,3.2,3.9,1.0,64.6,6.0,29.4,0.085,0.509,19.895965,-100.379635,100.0,True,
23,Atlacomulco - Maravatío (Cuota),00018,MEX-015D,2025,X. C. Maravatío - Acámbaro,15_DV2026_Mexico.pdf,18,15_DV2026_Mexico,163.7,1.0,1.0,7919.0,3.4,68.3,7.1,4.2,2.9,8.3,1.1,3.8,0.9,71.7,7.1,21.2,0.072,0.519,19.909852,-100.445779,100.0,True,
23,Atlacomulco - Maravatío (Cuota),00018,MEX-015D,2025,X. C. Maravatío - Acámbaro,15_DV2026_Mexico.pdf,18,15_DV2026_Mexico,163.7,1.0,2.0,8540.0,3.3,67.9,7.1,4.7,2.6,8.7,1.2,3.6,0.9,71.2,7.1,21.7,0.083,0.519,19.909717,-100.445531,100.0,True,
24,Chamapa - Lechería (Cuota),15003,MEX-057D,2025,X. C. Naucalpan - Toluca,15_DV2026_Mexico.pdf,19,15_DV2026_Mexico,11.1,3.0,1.0,18706.0,4.1,78.7,2.5,4.8,2.2,5.8,0.5,1.1,0.3,82.8,2.5,14.7,0.085,0.521,19.448824,-99.30189,100.0,True,
24,Chamapa - Lechería (Cuota),15003,MEX-057D,2025,X. C. Naucalpan - Toluca,15_DV2026_Mexico.pdf,19,15_DV2026_Mexico,11.1,3.0,2.0,18685.0,3.9,78.8,2.5,5.2,2.0,5.9,0.6,0.9,0.2,82.7,2.5,14.8,0.115,0.521,19.451651,-99.304288,100.0,True,
24,Chamapa - Lechería (Cuota),15003,MEX-057D,2025,X. C. Tlalnepantla - San Gabriel,15_DV2026_Mexico.pdf,19,15_DV2026_Mexico,28.7,1.0,1.0,37774.0,2.5,87.2,1.3,2.7,1.6,3.4,0.4,0.6,0.3,89.7,1.3,9.0,0.093,0.506,19.56813,-99.270873,100.0,True,
24,Chamapa - Lechería (Cuota),15003,MEX-057D,2025,X. C. Tlalnepantla - San Gabriel,15_DV2026_Mexico.pdf,19,15_DV2026_Mexico,28.7,1.0,2.0,36807.0,2.6,87.3,1.2,2.6,1.5,3.3,0.5,0.6,0.4,89.9,1.2,8.9,0.094,0.506,19.57482,-99.269784,100.0,True,
24,Chamapa - Lechería (Cuota),15003,MEX-057D,2025,X. C. Tlalnepantla - San Gabriel,15_DV2026_Mexico.pdf,19,15_DV2026_Mexico,28.7,3.0,1.0,28757.0,4.1,79.3,2.8,3.2,2.5,6.6,0.5,0.6,0.4,83.4,2.8,13.8,0.08,0.52,19.590373,-99.260311,100.0,True,
24,Chamapa - Lechería (Cuota),15003,MEX-057D,2025,X. C. Tlalnepantla - San Gabriel,15_DV2026_Mexico.pdf,19,15_DV2026_Mexico,28.7,3.0,2.0,26335.0,3.9,79.2,2.9,3.4,2.4,6.8,0.5,0.6,0.3,83.1,2.9,14.0,0.079,0.52,19.588891,-99.263159,100.0,True,
24,Chamapa - Lechería (Cuota),15003,MEX-057D,2025,T. C. México - Querétaro,15_DV2026_Mexico.pdf,19,15_DV2026_Mexico,38.21,1.0,1.0,17951.0,6.6,79.4,1.3,5.7,2.1,4.0,0.3,0.4,0.2,86.0,1.3,12.7,0.088,0.508,19.60778,-99.21314,100.0,True,
24,Chamapa - Lechería (Cuota),15003,MEX-057D,2025,T. C. México - Querétaro,15_DV2026_Mexico.pdf,19,15_DV2026_Mexico,38.21,1.0,2.0,18544.0,6.8,80.1,1.1,5.5,1.8,3.8,0.4,0.3,0.2,86.9,1.1,12.0,0.075,0.508,19.608926,-99.216488,100.0,True,
25,Ecatepec - Pirámides (Cuota),15061,MEX-132D,2025,T. C. México - Pachuca (Cuota),15_DV2026_Mexico.pdf,19,15_DV2026_Mexico,0.0,3.0,1.0,10548.0,1.4,76.3,5.0,6.2,1.6,5.5,1.2,2.0,0.8,77.7,5.0,17.3,0.112,0.514,19.610979,-99.028774,100.0,True,
25,Ecatepec - Pirámides (Cuota),15061,MEX-132D,2025,T. C. México - Pachuca (Cuota),15_DV2026_Mexico.pdf,19,15_DV2026_Mexico,0.0,3.0,2.0,11160.0,1.3,77.3,4.8,6.0,1.5,5.4,1.0,1.9,0.8,78.6,4.8,16.6,0.131,0.514,19.611131,-99.028818,100.0,True,
25,Ecatepec - Pirámides (Cuota),15061,MEX-132D,2025,Plaza de Cobro Ecatepec,15_DV2026_Mexico.pdf,19,15_DV2026_Mexico,1.19,2.0,1.0,11391.0,1.1,76.5,5.8,3.8,2.4,6.2,1.1,2.4,0.7,77.6,5.8,16.6,0.081,0.5,19.611647,-99.025666,100.0,True,
25,Ecatepec - Pirámides (Cuota),15061,MEX-132D,2025,Plaza de Cobro Ecatepec,15_DV2026_Mexico.pdf,19,15_DV2026_Mexico,1.19,2.0,2.0,11391.0,1.1,76.5,5.8,3.8,2.4,6.2,1.1,2.4,0.7,77.6,5.8,16.6,0.081,0.5,19.611647,-99.025666,100.0,True,
25,Ecatepec - Pirámides (Cuota),15061,MEX-132D,2025,T. Der. Texcoco,15_DV2026_Mexico.pdf,19,15_DV2026_Mexico,9.73,3.0,1.0,16997.0,3.6,78.9,3.4,4.7,1.3,5.0,1.2,1.5,0.4,82.5,3.4,14.1,0.086,0.519,19.621289,-98.941325,100.0,True,
25,Ecatepec - Pirámides (Cuota),15061,MEX-132D,2025,T. Der. Texcoco,15_DV2026_Mexico.pdf,19,15_DV2026_Mexico,9.73,3.0,2.0,15722.0,3.6,78.3,3.5,4.9,1.5,5.0,1.2,1.6,0.4,81.9,3.5,14.6,0.119,0.519,19.620422,-98.943476,100.0,True,
25,Ecatepec - Pirámides (Cuota),15061,MEX-132D,2025,T. Izq. Acolman,15_DV2026_Mexico.pdf,19,15_DV2026_Mexico,13.6,1.0,1.0,14468.0,4.5,77.1,3.5,4.7,1.4,5.7,1.0,1.7,0.4,81.6,3.5,14.9,0.102,0.512,19.6286,-98.917718,100.0,True,
25,Ecatepec - Pirámides (Cuota),15061,MEX-132D,2025,T. Izq. Acolman,15_DV2026_Mexico.pdf,19,15_DV2026_Mexico,13.6,1.0,2.0,13809.0,4.3,77.4,3.6,4.5,1.3,5.5,1.2,1.7,0.5,81.7,3.6,14.7,0.125,0.512,19.628638,-98.922173,100.0,True,
25,Ecatepec - Pirámides (Cuota),15061,MEX-132D,2025,T. Izq. Acolman,15_DV2026_Mexico.pdf,19,15_DV2026_Mexico,13.6,3.0,1.0,24216.0,4.1,80.5,3.4,4.5,1.6,3.7,0.7,1.2,0.3,84.6,3.4,12.0,0.093,0.519,19.633124,-98.907623,100.0,True,
25,Ecatepec - Pirámides (Cuota),15061,MEX-132D,2025,T. Izq. Acolman,15_DV2026_Mexico.pdf,19,15_DV2026_Mexico,13.6,3.0,2.0,22478.0,3.8,81.4,3.4,4.2,1.4,3.3,1.0,1.2,0.3,85.2,3.4,11.4,0.077,0.519,19.63611,-98.904042,100.0,True,
25,Ecatepec - Pirámides (Cuota),15061,MEX-132D,2025,T. C. Libramiento San Martín de Las Pirámides,15_DV2026_Mexico.pdf,19,15_DV2026_Mexico,18.12,,,,,,,,,,,,,,,,,,,,,False,
25,Ecatepec - Pirámides (Cuota),15061,MEX-132D,2025,X. C. Venta de Carpio - T. C. (Pachuca - Tulancingo),15_DV2026_Mexico.pdf,19,15_DV2026_Mexico,21.7,1.0,1.0,7749.0,4.5,89.1,0.9,3.6,1.0,0.6,0.2,0.1,0.0,93.6,0.9,5.5,0.114,0.509,19.666925,-98.869513,100.0,True,
25,Ecatepec - Pirámides (Cuota),15061,MEX-132D,2025,X. C. Venta de Carpio - T. C. (Pachuca - Tulancingo),15_DV2026_Mexico.pdf,19,15_DV2026_Mexico,21.7,1.0,2.0,7482.0,4.3,89.4,1.0,3.4,0.9,0.6,0.3,0.1,0.0,93.7,1.0,5.3,0.104,0.509,19.667347,-98.869485,100.0,True,
25,Ecatepec - Pirámides (Cuota),15061,MEX-132D,2025,Pirámides,15_DV2026_Mexico.pdf,19,15_DV2026_Mexico,22.2,,,,,,,,,,,,,,,,,,,,,False,
26,La Marquesa - Lerma (Cuota),,MEX-015D,2025,T. C. México - Toluca,15_DV2026_Mexico.pdf,19,15_DV2026_Mexico,35.2,3.0,1.0,10851.0,1.1,82.3,2.2,7.2,2.0,4.0,0.4,0.7,0.1,83.4,2.2,14.4,0.079,0.505,19.30053,-99.381016,100.0,True,
26,La Marquesa - Lerma (Cuota),,MEX-015D,2025,T. C. México - Toluca,15_DV2026_Mexico.pdf,19,15_DV2026_Mexico,35.2,3.0,2.0,10624.0,1.0,81.6,1.9,7.1,2.5,4.5,0.4,0.8,0.2,82.6,1.9,15.5,0.098,0.505,19.300424,-99.381024,100.0,True,
26,La Marquesa - Lerma (Cuota),,MEX-015D,2025,Plaza de Cobro La Marquesa T2,15_DV2026_Mexico.pdf,19,15_DV2026_Mexico,41.16,2.0,1.0,9765.0,0.6,93.6,0.6,1.8,0.8,1.8,0.1,0.6,0.1,94.2,0.6,5.2,0.09,0.5,19.290514,-99.434406,100.0,True,
26,La Marquesa - Lerma (Cuota),,MEX-015D,2025,Plaza de Cobro La Marquesa T2,15_DV2026_Mexico.pdf,20,15_DV2026_Mexico,41.16,2.0,2.0,9765.0,0.6,93.6,0.6,1.8,0.8,1.8,0.1,0.6,0.1,94.2,0.6,5.2,0.09,0.5,19.290514,-99.434406,100.0,True,
26,La Marquesa - Lerma (Cuota),,MEX-015D,2025,Lerma,15_DV2026_Mexico.pdf,20,15_DV2026_Mexico,46.0,,,,,,,,,,,,,,,,,,,,,False,
27,Libramiento Amecameca - Nepantla (Cuota),,MEX-115D,2025,T. C. Santa Bárbara - Izúcar de Matamoros (Norte),15_DV2026_Mexico.pdf,20,15_DV2026_Mexico,28.6,3.0,1.0,5464.0,4.8,76.8,3.9,4.2,2.2,5.4,1.1,1.1,0.5,81.6,3.9,14.5,0.077,0.509,19.104993,-98.789275,100.0,True,
27,Libramiento Amecameca - Nepantla (Cuota),,MEX-115D,2025,T. C. Santa Bárbara - Izúcar de Matamoros (Norte),15_DV2026_Mexico.pdf,20,15_DV2026_Mexico,28.6,3.0,2.0,5268.0,4.8,77.8,3.8,3.8,1.7,4.7,1.4,1.3,0.7,82.6,3.8,13.6,0.144,0.509,19.104941,-98.789174,100.0,True,
27,Libramiento Amecameca - Nepantla (Cuota),,MEX-115D,2025,Plaza de Cobro Tepetlixpa,15_DV2026_Mexico.pdf,20,15_DV2026_Mexico,38.6,2.0,1.0,5126.0,2.1,81.2,0.9,3.8,3.5,4.8,1.2,1.7,0.8,83.3,0.9,15.8,0.101,0.5,19.046112,-98.828394,100.0,True,
27,Libramiento Amecameca - Nepantla (Cuota),,MEX-115D,2025,Plaza de Cobro Tepetlixpa,15_DV2026_Mexico.pdf,20,15_DV2026_Mexico,38.6,2.0,2.0,5126.0,2.1,81.2,0.9,3.8,3.5,4.8,1.2,1.7,0.8,83.3,0.9,15.8,0.101,0.5,19.046112,-98.828394,100.0,True,
27,Libramiento Amecameca - Nepantla (Cuota),,MEX-115D,2025,Lim. Edos. Term. Méx. Ppia. Mor.,15_DV2026_Mexico.pdf,20,15_DV2026_Mexico,48.1,,,,,,,,,,,,,,,,,,,,,False,
27,Libramiento Amecameca - Nepantla (Cuota),,MEX-115D,2025,T. C. Santa Bárbara - Izúcar de Matamoros (Sur),15_DV2026_Mexico.pdf,20,15_DV2026_Mexico,51.8,1.0,1.0,4767.0,3.6,78.3,3.0,5.2,1.7,4.8,1.4,1.5,0.5,81.9,3.0,15.1,0.113,0.745,18.974682,-98.875937,100.0,True,
27,Libramiento Amecameca - Nepantla (Cuota),,MEX-115D,2025,T. C. Santa Bárbara - Izúcar de Matamoros (Sur),15_DV2026_Mexico.pdf,20,15_DV2026_Mexico,51.8,1.0,2.0,4917.0,3.4,78.8,2.7,5.5,1.8,4.5,1.3,1.6,0.4,82.2,2.7,15.1,0.15,0.745,18.97456,-98.875918,100.0,True,
28,Libramiento Norte de la Ciudad de México (Cuota),0902,MEX-055D,2025,T. C. Toluca - Palmillas,15_DV2026_Mexico.pdf,20,15_DV2026_Mexico,0.0,,,,,,,,,,,,,,,,,,,,,False,
28,Libramiento Norte de la Ciudad de México (Cuota),0902,MEX-055D,2025,X. C. Toluca - Palmillas,15_DV2026_Mexico.pdf,20,15_DV2026_Mexico,12.9,1.0,1.0,6522.0,3.6,57.9,7.6,4.5,2.6,15.8,1.8,5.4,0.8,61.5,7.6,30.9,0.079,0.51,19.916093,-99.850993,100.0,True,
28,Libramiento Norte de la Ciudad de México (Cuota),0902,MEX-055D,2025,X. C. Toluca - Palmillas,15_DV2026_Mexico.pdf,20,15_DV2026_Mexico,12.9,1.0,2.0,6786.0,3.3,57.6,7.7,4.4,2.6,15.9,2.0,5.6,0.9,60.9,7.7,31.4,0.084,0.51,19.916387,-99.851101,100.0,True,
28,Libramiento Norte de la Ciudad de México (Cuota),0902,MEX-055D,2025,X. C. Toluca - Palmillas,15_DV2026_Mexico.pdf,20,15_DV2026_Mexico,12.9,3.0,1.0,6774.0,5.8,56.2,7.8,4.9,3.0,14.5,1.7,5.2,0.9,62.0,7.8,30.2,0.084,0.509,19.922884,-99.836748,100.0,True,
28,Libramiento Norte de la Ciudad de México (Cuota),0902,MEX-055D,2025,X. C. Toluca - Palmillas,15_DV2026_Mexico.pdf,20,15_DV2026_Mexico,12.9,3.0,2.0,6544.0,5.8,56.1,7.7,4.7,3.0,14.8,1.6,5.3,1.0,61.9,7.7,30.4,0.076,0.509,19.923129,-99.836797,100.0,True,
28,Libramiento Norte de la Ciudad de México (Cuota),0902,MEX-055D,2025,C. P. Jilotepec,15_DV2026_Mexico.pdf,20,15_DV2026_Mexico,48.7,1.0,1.0,6921.0,3.8,59.0,8.7,5.1,2.9,13.3,1.5,4.8,0.9,62.8,8.7,28.5,0.065,0.527,19.969025,-99.538005,100.0,True,
28,Libramiento Norte de la Ciudad de México (Cuota),0902,MEX-055D,2025,C. P. Jilotepec,15_DV2026_Mexico.pdf,20,15_DV2026_Mexico,48.7,1.0,2.0,6220.0,3.8,58.4,8.8,5.1,2.8,14.2,1.2,4.8,0.9,62.2,8.8,29.0,0.067,0.527,19.969163,-99.538155,100.0,True,
28,Libramiento Norte de la Ciudad de México (Cuota),0902,MEX-055D,2025,C. P. Jilotepec,15_DV2026_Mexico.pdf,20,15_DV2026_Mexico,48.7,3.0,1.0,8509.0,3.8,57.8,7.2,5.8,2.8,15.2,2.0,4.6,0.8,61.6,7.2,31.2,0.069,0.504,19.980003,-99.516548,100.0,True,
28,Libramiento Norte de la Ciudad de México (Cuota),0902,MEX-055D,2025,C. P. Jilotepec,15_DV2026_Mexico.pdf,20,15_DV2026_Mexico,48.7,3.0,2.0,8643.0,3.2,55.0,7.6,6.5,3.3,16.1,2.3,5.2,0.8,58.2,7.6,34.2,0.064,0.504,19.980412,-99.515964,100.0,True,
28,Libramiento Norte de la Ciudad de México (Cuota),0902,MEX-055D,2025,X. C. México - Querétaro,15_DV2026_Mexico.pdf,20,15_DV2026_Mexico,54.0,3.0,1.0,9266.0,4.5,50.6,7.8,5.1,3.2,17.2,4.0,6.7,0.9,55.1,7.8,37.1,0.082,0.515,20.003079,-99.483508,100.0,True,
28,Libramiento Norte de la Ciudad de México (Cuota),0902,MEX-055D,2025,X. C. México - Querétaro,15_DV2026_Mexico.pdf,20,15_DV2026_Mexico,54.0,3.0,2.0,9856.0,4.3,53.1,7.8,5.2,3.0,15.3,3.4,7.0,0.9,57.4,7.8,34.8,0.071,0.515,20.003089,-99.483658,100.0,True,
28,Libramiento Norte de la Ciudad de México (Cuota),0902,MEX-055D,2025,Plaza de Cobro Querétaro,15_DV2026_Mexico.pdf,20,15_DV2026_Mexico,55.0,3.0,1.0,9570.0,0.5,52.5,2.2,4.5,5.5,19.6,4.3,8.0,2.9,53.0,2.2,44.8,0.067,0.5,19.998714,-99.487788,100.0,True,
28,Libramiento Norte de la Ciudad de México (Cuota),0902,MEX-055D,2025,Plaza de Cobro Querétaro,15_DV2026_Mexico.pdf,20,15_DV2026_Mexico,55.0,3.0,2.0,9790.0,0.5,53.3,2.2,4.5,5.4,19.3,4.2,7.8,2.8,53.8,2.2,44.0,0.067,0.5,19.998714,-99.487788,100.0,True,
28,Libramiento Norte de la Ciudad de México (Cuota),0902,MEX-055D,2025,Lim. Edos. Term. Méx. Ppia. Hgo.,15_DV2026_Mexico.pdf,20,15_DV2026_Mexico,60.72,,,,,,,,,,,,,,,,,,,,,False,
28,Libramiento Norte de la Ciudad de México (Cuota),0902,MEX-055D,2025,X. C. Ent. Tepeji del Río - Tlahuelilpan,15_DV2026_Mexico.pdf,20,15_DV2026_Mexico,79.0,1.0,1.0,10614.0,5.8,50.2,7.9,5.9,4.7,15.2,3.1,6.2,1.0,56.0,7.9,36.1,0.081,0.524,20.097437,-99.290401,100.0,True,
28,Libramiento Norte de la Ciudad de México (Cuota),0902,MEX-055D,2025,X. C. Ent. Tepeji del Río - Tlahuelilpan,15_DV2026_Mexico.pdf,20,15_DV2026_Mexico,79.0,1.0,2.0,11684.0,5.4,51.1,7.7,5.7,4.8,15.0,3.3,6.1,0.9,56.5,7.7,35.8,0.063,0.524,20.097511,-99.290419,100.0,True,
28,Libramiento Norte de la Ciudad de México (Cuota),0902,MEX-055D,2025,X. C. Ent. Tepeji del Río - Tlahuelilpan,15_DV2026_Mexico.pdf,21,15_DV2026_Mexico,79.0,3.0,1.0,12490.0,6.6,57.4,5.6,5.1,3.1,12.5,3.4,5.4,0.9,64.0,5.6,30.4,0.074,0.503,20.094023,-99.271049,100.0,True,
28,Libramiento Norte de la Ciudad de México (Cuota),0902,MEX-055D,2025,X. C. Ent. Tepeji del Río - Tlahuelilpan,15_DV2026_Mexico.pdf,21,15_DV2026_Mexico,79.0,3.0,2.0,12338.0,6.3,57.9,5.8,5.3,3.0,12.7,3.0,5.2,0.8,64.2,5.8,30.0,0.084,0.503,20.094088,-99.270856,100.0,True,
28,Libramiento Norte de la Ciudad de México (Cuota),0902,MEX-055D,2025,X. C. Los Reyes - El Tephé,15_DV2026_Mexico.pdf,21,15_DV2026_Mexico,86.4,1.0,1.0,13321.0,2.8,55.3,6.0,5.4,3.1,16.4,3.7,6.4,0.9,58.1,6.0,35.9,0.066,0.502,20.070242,-99.228235,100.0,True,
28,Libramiento Norte de la Ciudad de México (Cuota),0902,MEX-055D,2025,X. C. Los Reyes - El Tephé,15_DV2026_Mexico.pdf,21,15_DV2026_Mexico,86.4,1.0,2.0,13222.0,3.1,55.4,5.8,5.2,3.3,16.0,3.7,6.7,0.8,58.5,5.8,35.7,0.065,0.502,20.070098,-99.227673,100.0,True,
28,Libramiento Norte de la Ciudad de México (Cuota),0902,MEX-055D,2025,X. C. Los Reyes - El Tephé,15_DV2026_Mexico.pdf,21,15_DV2026_Mexico,86.4,3.0,1.0,13063.0,3.1,57.9,4.7,7.2,2.7,13.9,3.4,6.3,0.8,61.0,4.7,34.3,0.071,0.521,20.064819,-99.21386,100.0,True,
28,Libramiento Norte de la Ciudad de México (Cuota),0902,MEX-055D,2025,X. C. Los Reyes - El Tephé,15_DV2026_Mexico.pdf,21,15_DV2026_Mexico,86.4,3.0,2.0,12001.0,3.2,57.7,5.0,6.9,3.0,14.0,3.2,6.2,0.8,60.9,5.0,34.1,0.063,0.521,20.064964,-99.21381,100.0,True,
28,Libramiento Norte de la Ciudad de México (Cuota),0902,MEX-055D,2025,Lim. Edos. Term. Hgo. Ppia. Méx.,15_DV2026_Mexico.pdf,21,15_DV2026_Mexico,95.75,,,,,,,,,,,,,,,,,,,,,False,
28,Libramiento Norte de la Ciudad de México (Cuota),0902,MEX-055D,2025,X. C. (Los Reyes - El Tephé) - Tianguistongo,15_DV2026_Mexico.pdf,21,15_DV2026_Mexico,108.6,1.0,1.0,12950.0,6.3,55.1,5.7,4.8,3.1,14.6,2.7,6.8,0.9,61.4,5.7,32.9,0.085,0.501,19.958449,-99.067686,100.0,True,
28,Libramiento Norte de la Ciudad de México (Cuota),0902,MEX-055D,2025,X. C. (Los Reyes - El Tephé) - Tianguistongo,15_DV2026_Mexico.pdf,21,15_DV2026_Mexico,108.6,1.0,2.0,13012.0,6.0,55.1,5.9,4.6,2.9,14.4,3.1,7.1,0.9,61.1,5.9,33.0,0.09,0.501,19.958597,-99.067668,100.0,True,
28,Libramiento Norte de la Ciudad de México (Cuota),0902,MEX-055D,2025,X. C. (Los Reyes - El Tephé) - Tianguistongo,15_DV2026_Mexico.pdf,21,15_DV2026_Mexico,108.6,3.0,1.0,12215.0,3.6,56.2,5.8,6.4,3.0,16.4,2.8,5.0,0.8,59.8,5.8,34.4,0.065,0.51,19.955409,-99.043234,100.0,True,
28,Libramiento Norte de la Ciudad de México (Cuota),0902,MEX-055D,2025,X. C. (Los Reyes - El Tephé) - Tianguistongo,15_DV2026_Mexico.pdf,21,15_DV2026_Mexico,108.6,3.0,2.0,11750.0,3.5,56.5,5.6,6.2,3.2,16.0,2.7,5.3,1.0,60.0,5.6,34.4,0.072,0.51,19.955283,-99.050324,100.0,True,
28,Libramiento Norte de la Ciudad de México (Cuota),0902,MEX-055D,2025,Lim. Edos. Term. Méx. Ppia. Hgo.,15_DV2026_Mexico.pdf,21,15_DV2026_Mexico,115.89,,,,,,,,,,,,,,,,,,,,,False,
28,Libramiento Norte de la Ciudad de México (Cuota),0902,MEX-055D,2025,X. C. México - Pachuca,15_DV2026_Mexico.pdf,21,15_DV2026_Mexico,127.3,1.0,1.0,13378.0,2.9,57.5,5.6,5.4,3.3,15.6,3.1,5.8,0.8,60.4,5.6,34.0,0.079,0.511,19.932291,-98.902521,100.0,True,
28,Libramiento Norte de la Ciudad de México (Cuota),0902,MEX-055D,2025,X. C. México - Pachuca,15_DV2026_Mexico.pdf,21,15_DV2026_Mexico,127.3,1.0,2.0,12786.0,3.0,54.6,5.9,5.7,3.6,16.9,3.5,6.0,0.8,57.6,5.9,36.5,0.069,0.511,19.932467,-98.902628,100.0,True,
28,Libramiento Norte de la Ciudad de México (Cuota),0902,MEX-055D,2025,X. C. México - Pachuca,15_DV2026_Mexico.pdf,21,15_DV2026_Mexico,127.3,3.0,1.0,9308.0,3.7,48.8,5.9,4.4,4.2,19.9,4.5,7.7,0.9,52.5,5.9,41.6,0.078,0.51,19.92671,-98.878888,100.0,True,
28,Libramiento Norte de la Ciudad de México (Cuota),0902,MEX-055D,2025,X. C. México - Pachuca,15_DV2026_Mexico.pdf,21,15_DV2026_Mexico,127.3,3.0,2.0,9694.0,3.4,51.1,6.0,4.1,3.7,19.3,4.1,7.4,0.9,54.5,6.0,39.5,0.076,0.51,19.926858,-98.878818,100.0,True,
28,Libramiento Norte de la Ciudad de México (Cuota),0902,MEX-055D,2025,Lim. Edos. Term. Hgo. Ppia. Méx.,15_DV2026_Mexico.pdf,21,15_DV2026_Mexico,143.98,,,,,,,,,,,,,,,,,,,,,False,
28,Libramiento Norte de la Ciudad de México (Cuota),0902,MEX-055D,2025,X. C. Venta de Carpio - T. C. (Pachuca - Tulancingo),15_DV2026_Mexico.pdf,21,15_DV2026_Mexico,151.11,1.0,1.0,10127.0,4.4,55.5,4.0,4.6,4.0,16.6,3.5,6.5,0.9,59.9,4.0,36.1,0.077,0.512,19.840129,-98.708297,100.0,True,
28,Libramiento Norte de la Ciudad de México (Cuota),0902,MEX-055D,2025,X. C. Venta de Carpio - T. C. (Pachuca - Tulancingo),15_DV2026_Mexico.pdf,21,15_DV2026_Mexico,151.11,1.0,2.0,9658.0,4.5,55.0,3.7,4.2,4.8,16.3,3.7,6.9,0.9,59.5,3.7,36.8,0.072,0.512,19.839982,-98.707895,100.0,True,
28,Libramiento Norte de la Ciudad de México (Cuota),0902,MEX-055D,2025,X. C. Venta de Carpio - T. C. (Pachuca - Tulancingo),15_DV2026_Mexico.pdf,21,15_DV2026_Mexico,151.11,3.0,1.0,9360.0,5.5,51.6,6.0,5.0,3.7,17.5,3.6,6.2,0.9,57.1,6.0,36.9,0.077,0.506,19.827054,-98.691982,100.0,True,
28,Libramiento Norte de la Ciudad de México (Cuota),0902,MEX-055D,2025,X. C. Venta de Carpio - T. C. (Pachuca - Tulancingo),15_DV2026_Mexico.pdf,21,15_DV2026_Mexico,151.11,3.0,2.0,9150.0,5.2,50.1,6.4,5.1,4.0,17.8,4.0,6.5,0.9,55.3,6.4,38.3,0.077,0.506,19.829124,-98.694347,100.0,True,
28,Libramiento Norte de la Ciudad de México (Cuota),0902,MEX-055D,2025,X. C. Ent. Tolman - Cd. Sahagún,15_DV2026_Mexico.pdf,21,15_DV2026_Mexico,162.55,1.0,1.0,9221.0,3.8,49.7,7.9,5.7,3.1,19.0,3.8,6.2,0.8,53.5,7.9,38.6,0.083,0.51,19.760143,-98.631574,100.0,True,
28,Libramiento Norte de la Ciudad de México (Cuota),0902,MEX-055D,2025,X. C. Ent. Tolman - Cd. Sahagún,15_DV2026_Mexico.pdf,21,15_DV2026_Mexico,162.55,1.0,2.0,9593.0,3.7,50.0,8.4,5.4,3.0,18.6,3.7,6.4,0.8,53.7,8.4,37.9,0.085,0.51,19.760215,-98.631435,100.0,True,
28,Libramiento Norte de la Ciudad de México (Cuota),0902,MEX-055D,2025,X. C. Ent. Tolman - Cd. Sahagún,15_DV2026_Mexico.pdf,21,15_DV2026_Mexico,162.55,3.0,1.0,10614.0,2.4,49.4,7.2,7.6,3.1,18.3,4.3,6.9,0.8,51.8,7.2,41.0,0.069,0.502,19.743409,-98.62263,100.0,True,
28,Libramiento Norte de la Ciudad de México (Cuota),0902,MEX-055D,2025,X. C. Ent. Tolman - Cd. Sahagún,15_DV2026_Mexico.pdf,21,15_DV2026_Mexico,162.55,3.0,2.0,10696.0,2.0,48.9,7.4,7.7,3.4,18.4,3.8,7.6,0.8,50.9,7.4,41.7,0.087,0.502,19.743483,-98.622492,100.0,True,
28,Libramiento Norte de la Ciudad de México (Cuota),0902,MEX-055D,2025,Lim. Edos. Term. Méx. Ppia. Hgo.,15_DV2026_Mexico.pdf,21,15_DV2026_Mexico,166.53,,,,,,,,,,,,,,,,,,,,,False,
28,Libramiento Norte de la Ciudad de México (Cuota),0902,MEX-055D,2025,X. C. Calpulallpan - El Ocote,15_DV2026_Mexico.pdf,21,15_DV2026_Mexico,180.39,1.0,1.0,13451.0,8.2,44.9,7.0,5.4,3.6,20.1,4.3,5.6,0.9,53.1,7.0,39.9,0.075,0.534,19.642176,-98.565529,100.0,True,
28,Libramiento Norte de la Ciudad de México (Cuota),0902,MEX-055D,2025,X. C. Calpulallpan - El Ocote,15_DV2026_Mexico.pdf,21,15_DV2026_Mexico,180.39,1.0,2.0,11728.0,8.0,44.0,7.0,5.6,3.9,20.7,4.5,5.5,0.8,52.0,7.0,41.0,0.068,0.534,19.642385,-98.565486,100.0,True,
28,Libramiento Norte de la Ciudad de México (Cuota),0902,MEX-055D,2025,X. C. Calpulallpan - El Ocote,15_DV2026_Mexico.pdf,21,15_DV2026_Mexico,180.39,3.0,1.0,12619.0,4.6,51.5,6.7,5.9,2.6,17.0,4.1,6.6,1.0,56.1,6.7,37.2,0.085,0.508,19.605803,-98.536379,100.0,True,
28,Libramiento Norte de la Ciudad de México (Cuota),0902,MEX-055D,2025,X. C. Calpulallpan - El Ocote,15_DV2026_Mexico.pdf,21,15_DV2026_Mexico,180.39,3.0,2.0,13029.0,4.3,51.6,6.4,6.1,2.8,17.2,3.8,6.9,0.9,55.9,6.4,37.7,0.071,0.508,19.605789,-98.536163,100.0,True,
28,Libramiento Norte de la Ciudad de México (Cuota),0902,MEX-055D,2025,Lim. Edos. Term. Hgo. Ppia. Tlax.,15_DV2026_Mexico.pdf,21,15_DV2026_Mexico,180.98,,,,,,,,,,,,,,,,,,,,,False,
28,Libramiento Norte de la Ciudad de México (Cuota),0902,MEX-055D,2025,X. C. Los Reyes - Zacatepec,15_DV2026_Mexico.pdf,21,15_DV2026_Mexico,196.7,1.0,1.0,10452.0,6.0,50.6,5.7,4.4,2.9,18.7,4.1,6.8,0.8,56.6,5.7,37.7,0.067,0.502,19.520113,-98.472795,100.0,True,
28,Libramiento Norte de la Ciudad de México (Cuota),0902,MEX-055D,2025,X. C. Los Reyes - Zacatepec,15_DV2026_Mexico.pdf,21,15_DV2026_Mexico,196.7,1.0,2.0,11279.0,6.0,49.9,5.8,4.5,3.1,18.8,4.2,6.9,0.8,55.9,5.8,38.3,0.072,0.502,19.520162,-98.472717,100.0,True,
28,Libramiento Norte de la Ciudad de México (Cuota),0902,MEX-055D,2025,X. C. Los Reyes - Zacatepec,15_DV2026_Mexico.pdf,21,15_DV2026_Mexico,196.7,3.0,1.0,9323.0,3.2,57.7,4.6,4.2,3.2,17.6,3.0,5.6,0.9,60.9,4.6,34.5,0.067,0.501,19.508526,-98.467085,100.0,True,
28,Libramiento Norte de la Ciudad de México (Cuota),0902,MEX-055D,2025,X. C. Los Reyes - Zacatepec,15_DV2026_Mexico.pdf,21,15_DV2026_Mexico,196.7,3.0,2.0,8644.0,3.3,58.2,4.5,4.1,3.1,17.4,3.1,5.5,0.8,61.5,4.5,34.0,0.071,0.501,19.508556,-98.467002,100.0,True,
28,Libramiento Norte de la Ciudad de México (Cuota),0902,MEX-055D,2025,X. C. San Martín Texmelucan - Tlaxcala - El Molinito,15_DV2026_Mexico.pdf,22,15_DV2026_Mexico,220.95,1.0,1.0,9981.0,4.2,52.2,6.6,5.8,2.8,18.1,3.6,5.8,0.9,56.4,6.6,37.0,0.067,0.522,19.316659,-98.407113,100.0,True,
28,Libramiento Norte de la Ciudad de México (Cuota),0902,MEX-055D,2025,X. C. San Martín Texmelucan - Tlaxcala - El Molinito,15_DV2026_Mexico.pdf,22,15_DV2026_Mexico,220.95,1.0,2.0,8839.0,4.3,52.0,6.7,6.0,2.7,18.3,3.4,5.7,0.9,56.3,6.7,37.0,0.067,0.522,19.316638,-98.406979,100.0,True,
28,Libramiento Norte de la Ciudad de México (Cuota),0902,MEX-055D,2025,X. C. San Martín Texmelucan - Tlaxcala - El Molinito,15_DV2026_Mexico.pdf,22,15_DV2026_Mexico,220.95,3.0,1.0,11238.0,3.5,64.7,6.5,4.7,2.6,11.2,2.3,3.6,0.9,68.2,6.5,25.3,0.065,0.547,19.288087,-98.410751,100.0,True,
28,Libramiento Norte de la Ciudad de México (Cuota),0902,MEX-055D,2025,X. C. San Martín Texmelucan - Tlaxcala - El Molinito,15_DV2026_Mexico.pdf,22,15_DV2026_Mexico,220.95,3.0,2.0,10467.0,3.5,63.6,6.6,4.7,2.6,11.8,2.5,3.9,0.8,67.1,6.6,26.3,0.061,0.547,19.288032,-98.410642,100.0,True,
28,Libramiento Norte de la Ciudad de México (Cuota),0902,MEX-055D,2025,Plaza de Cobro San Martín Texmelucan,15_DV2026_Mexico.pdf,22,15_DV2026_Mexico,222.0,1.0,1.0,8015.0,0.4,50.9,2.1,5.4,5.7,22.3,3.5,7.6,2.1,51.3,2.1,46.6,0.067,0.5,19.301809,-98.409588,100.0,True,
28,Libramiento Norte de la Ciudad de México (Cuota),0902,MEX-055D,2025,Plaza de Cobro San Martín Texmelucan,15_DV2026_Mexico.pdf,22,15_DV2026_Mexico,222.0,1.0,2.0,8020.0,0.4,50.9,2.1,5.4,5.7,22.3,3.5,7.6,2.1,51.3,2.1,46.6,0.067,0.5,19.301809,-98.409588,100.0,True,
28,Libramiento Norte de la Ciudad de México (Cuota),0902,MEX-055D,2025,T. C. San Martín Texmelucan - Ocotoxco (Cuota),15_DV2026_Mexico.pdf,22,15_DV2026_Mexico,222.44,,,,,,,,,,,,,,,,,,,,,False,
28,Libramiento Norte de la Ciudad de México (Cuota),0902,MEX-055D,2025,T. C. México - Puebla (Cuota),15_DV2026_Mexico.pdf,22,15_DV2026_Mexico,226.73,1.0,1.0,10805.0,3.4,61.8,6.8,4.8,3.2,12.8,2.4,3.9,0.9,65.2,6.8,28.0,0.07,0.615,19.270097,-98.419965,100.0,True,
28,Libramiento Norte de la Ciudad de México (Cuota),0902,MEX-055D,2025,T. C. México - Puebla (Cuota),15_DV2026_Mexico.pdf,22,15_DV2026_Mexico,226.73,1.0,2.0,10075.0,3.4,61.8,6.9,4.9,3.0,12.5,2.6,4.0,0.9,65.2,6.9,27.9,0.089,0.615,19.270022,-98.41987,100.0,True,
29,México - Pachuca (Cuota),00432,MEX-085D,2025,T. C. México - Pachuca (Libre),15_DV2026_Mexico.pdf,22,15_DV2026_Mexico,0.0,,,,,,,,,,,,,,,,,,,,,False,
29,México - Pachuca (Cuota),00432,MEX-085D,2025,Lim. Edos. Term. CDMX Ppia. Méx.,15_DV2026_Mexico.pdf,22,15_DV2026_Mexico,9.86,,,,,,,,,,,,,,,,,,,,,False,
29,México - Pachuca (Cuota),00432,MEX-085D,2025,Plaza de Cobro Ojo de Agua,15_DV2026_Mexico.pdf,22,15_DV2026_Mexico,25.0,2.0,1.0,35982.0,3.4,85.9,4.8,2.3,1.5,1.5,0.2,0.3,0.1,89.3,4.8,5.9,0.081,0.5,19.618737,-99.029315,100.0,True,
29,México - Pachuca (Cuota),00432,MEX-085D,2025,Plaza de Cobro Ojo de Agua,15_DV2026_Mexico.pdf,22,15_DV2026_Mexico,25.0,2.0,2.0,35982.0,3.4,85.9,4.8,2.3,1.5,1.5,0.2,0.3,0.1,89.3,4.8,5.9,0.081,0.5,19.618737,-99.029315,100.0,True,
29,México - Pachuca (Cuota),00432,MEX-085D,2025,Plaza de Cobro Ojo de Agua,15_DV2026_Mexico.pdf,22,15_DV2026_Mexico,25.0,3.0,1.0,40359.0,3.2,85.6,2.1,5.4,1.1,1.6,0.3,0.5,0.2,88.8,2.1,9.1,0.077,0.505,19.635307,-99.020636,100.0,True,
29,México - Pachuca (Cuota),00432,MEX-085D,2025,Plaza de Cobro Ojo de Agua,15_DV2026_Mexico.pdf,22,15_DV2026_Mexico,25.0,3.0,2.0,39575.0,3.0,86.2,1.9,5.3,1.0,1.4,0.3,0.7,0.2,89.2,1.9,8.9,0.073,0.505,19.633746,-99.021753,100.0,True,
29,México - Pachuca (Cuota),00432,MEX-085D,2025,X. C. México - Pachuca (Libre) Ent. Ojo de Agua,15_DV2026_Mexico.pdf,22,15_DV2026_Mexico,30.62,3.0,1.0,34665.0,3.6,85.1,2.3,4.6,1.4,1.6,0.3,0.8,0.3,88.7,2.3,9.0,0.07,0.5,19.671289,-98.995122,100.0,True,
29,México - Pachuca (Cuota),00432,MEX-085D,2025,X. C. México - Pachuca (Libre) Ent. Ojo de Agua,15_DV2026_Mexico.pdf,22,15_DV2026_Mexico,30.62,3.0,2.0,34633.0,3.8,84.6,2.5,4.8,1.3,1.7,0.4,0.6,0.3,88.4,2.5,9.1,0.086,0.5,19.675433,-98.991007,100.0,True,
29,México - Pachuca (Cuota),00432,MEX-085D,2025,T. Izq. Tecámac,15_DV2026_Mexico.pdf,22,15_DV2026_Mexico,35.62,3.0,1.0,33809.0,1.6,87.4,2.7,3.1,2.0,2.2,0.5,0.4,0.1,89.0,2.7,8.3,0.066,0.52,19.703357,-98.969497,100.0,True,
29,México - Pachuca (Cuota),00432,MEX-085D,2025,T. Izq. Tecámac,15_DV2026_Mexico.pdf,22,15_DV2026_Mexico,35.62,3.0,2.0,36898.0,1.8,87.8,2.5,3.0,2.2,1.9,0.4,0.3,0.1,89.6,2.5,7.9,0.087,0.52,19.705457,-98.968424,100.0,True,
29,México - Pachuca (Cuota),00432,MEX-085D,2025,T. Izq. AIFA,15_DV2026_Mexico.pdf,22,15_DV2026_Mexico,40.5,3.0,1.0,36641.0,2.7,88.6,1.8,2.8,1.6,1.8,0.4,0.2,0.1,91.3,1.8,6.9,0.077,0.508,19.744422,-98.945996,100.0,True,
29,México - Pachuca (Cuota),00432,MEX-085D,2025,T. Izq. AIFA,15_DV2026_Mexico.pdf,22,15_DV2026_Mexico,40.5,3.0,2.0,35422.0,2.6,88.9,1.7,2.7,1.5,1.9,0.3,0.3,0.1,91.5,1.7,6.8,0.087,0.508,19.743813,-98.946111,100.0,True,
29,México - Pachuca (Cuota),00432,MEX-085D,2025,Lim. Edos. Term. Méx. Ppia. Hgo.,15_DV2026_Mexico.pdf,22,15_DV2026_Mexico,49.6,,,,,,,,,,,,,,,,,,,,,False,
29,México - Pachuca (Cuota),00432,MEX-085D,2025,X. C. Otumba - Tizayuca,15_DV2026_Mexico.pdf,22,15_DV2026_Mexico,53.45,1.0,1.0,38678.0,2.0,88.7,2.1,2.5,1.3,2.2,0.5,0.4,0.3,90.7,2.1,7.2,0.086,0.515,19.826751,-98.949363,100.0,True,
29,México - Pachuca (Cuota),00432,MEX-085D,2025,X. C. Otumba - Tizayuca,15_DV2026_Mexico.pdf,22,15_DV2026_Mexico,53.45,1.0,2.0,36126.0,1.9,89.5,2.0,2.4,1.2,2.1,0.4,0.3,0.2,91.4,2.0,6.6,0.125,0.515,19.827443,-98.949661,100.0,True,
29,México - Pachuca (Cuota),00432,MEX-085D,2025,T. C. México - Pachuca (Libre),15_DV2026_Mexico.pdf,22,15_DV2026_Mexico,60.5,1.0,1.0,23993.0,2.5,88.7,2.4,2.1,1.2,2.0,0.5,0.4,0.2,91.2,2.4,6.4,0.082,0.507,19.883677,-98.937499,100.0,True,
29,México - Pachuca (Cuota),00432,MEX-085D,2025,T. C. México - Pachuca (Libre),15_DV2026_Mexico.pdf,22,15_DV2026_Mexico,60.5,1.0,2.0,24701.0,2.7,89.1,2.3,2.0,1.1,1.9,0.4,0.3,0.2,91.8,2.3,5.9,0.097,0.507,19.881569,-98.937781,100.0,True,
30,México - Puebla (Cuota),00450,MEX-150D,2025,México,15_DV2026_Mexico.pdf,23,15_DV2026_Mexico,0.0,,,,,,,,,,,,,,,,,,,,,False,
30,México - Puebla (Cuota),00450,MEX-150D,2025,Ent Concordía (T. Izq. Los Reyes) Central,15_DV2026_Mexico.pdf,23,15_DV2026_Mexico,17.0,3.0,1.0,80901.0,3.4,86.3,2.1,3.2,1.4,1.7,0.8,0.6,0.5,89.7,2.1,8.2,0.063,0.582,19.351809,-98.987693,100.0,True,
30,México - Puebla (Cuota),00450,MEX-150D,2025,Ent Concordía (T. Izq. Los Reyes) Lateral,15_DV2026_Mexico.pdf,23,15_DV2026_Mexico,17.0,3.0,1.0,28927.0,4.8,82.5,1.8,7.9,0.7,1.4,0.6,0.2,0.1,87.3,1.8,10.9,0.073,0.582,19.35114,-98.987199,100.0,True,
30,México - Puebla (Cuota),00450,MEX-150D,2025,Ent Concordía (T. Izq. Los Reyes) Central,15_DV2026_Mexico.pdf,23,15_DV2026_Mexico,17.0,3.0,2.0,113679.0,3.5,86.7,1.8,3.2,1.2,1.7,0.7,0.7,0.5,90.2,1.8,8.0,0.066,0.582,19.354153,-98.990021,100.0,True,
30,México - Puebla (Cuota),00450,MEX-150D,2025,Lim. Edos. Term. CDMX Ppia. Méx.,15_DV2026_Mexico.pdf,23,15_DV2026_Mexico,17.51,,,,,,,,,,,,,,,,,,,,,False,
30,México - Puebla (Cuota),00450,MEX-150D,2025,Av. Las Torres (Eje 6) Lateral,15_DV2026_Mexico.pdf,23,15_DV2026_Mexico,19.27,1.0,1.0,29591.0,4.6,77.7,1.9,12.3,1.1,1.4,0.6,0.3,0.1,82.3,1.9,15.8,0.071,0.587,19.348301,-98.984205,100.0,True,
30,México - Puebla (Cuota),00450,MEX-150D,2025,Av. Las Torres (Eje 6) Central,15_DV2026_Mexico.pdf,23,15_DV2026_Mexico,19.27,1.0,1.0,77487.0,4.2,85.9,2.2,4.1,1.1,1.7,0.5,0.1,0.2,90.1,2.2,7.7,0.067,0.587,19.348086,-98.983801,100.0,True,
30,México - Puebla (Cuota),00450,MEX-150D,2025,Av. Las Torres (Eje 6) Central,15_DV2026_Mexico.pdf,23,15_DV2026_Mexico,19.27,1.0,2.0,112260.0,4.2,86.0,1.6,4.4,1.0,1.9,0.4,0.2,0.3,90.2,1.6,8.2,0.059,0.587,19.350607,-98.986307,100.0,True,
30,México - Puebla (Cuota),00450,MEX-150D,2025,Av. Las Torres (Eje 6) Lateral,15_DV2026_Mexico.pdf,23,15_DV2026_Mexico,19.27,3.0,1.0,38249.0,5.4,77.4,2.3,10.7,1.2,1.6,0.5,0.7,0.2,82.8,2.3,14.9,0.067,0.583,19.339765,-98.976568,100.0,True,
30,México - Puebla (Cuota),00450,MEX-150D,2025,Av. Las Torres (Eje 6) Central,15_DV2026_Mexico.pdf,23,15_DV2026_Mexico,19.27,3.0,1.0,74471.0,3.5,86.1,1.8,3.9,1.4,1.3,0.9,0.6,0.5,89.6,1.8,8.6,0.066,0.583,19.339804,-98.97646,100.0,True,
30,México - Puebla (Cuota),00450,MEX-150D,2025,Av. Las Torres (Eje 6) Central,15_DV2026_Mexico.pdf,23,15_DV2026_Mexico,19.27,3.0,2.0,114208.0,3.1,86.8,1.8,4.0,1.4,1.4,0.8,0.3,0.4,89.9,1.8,8.3,0.064,0.583,19.342215,-98.977844,100.0,True,
30,México - Puebla (Cuota),00450,MEX-150D,2025,Eje 10 Sur (Lateral),15_DV2026_Mexico.pdf,23,15_DV2026_Mexico,22.8,1.0,1.0,38043.0,5.0,81.2,1.7,9.7,0.8,1.0,0.2,0.3,0.1,86.2,1.7,12.1,0.081,0.585,19.32942,-98.965491,100.0,True,
30,México - Puebla (Cuota),00450,MEX-150D,2025,Eje 10 Sur (Central),15_DV2026_Mexico.pdf,23,15_DV2026_Mexico,22.8,1.0,1.0,95507.0,2.4,90.9,1.1,3.0,0.9,0.8,0.5,0.1,0.3,93.3,1.1,5.6,0.06,0.585,19.329495,-98.965429,100.0,True,
30,México - Puebla (Cuota),00450,MEX-150D,2025,Eje 10 Sur (Central),15_DV2026_Mexico.pdf,23,15_DV2026_Mexico,22.8,1.0,2.0,116808.0,2.4,90.9,1.1,3.0,0.9,0.8,0.5,0.1,0.3,93.3,1.1,5.6,0.074,0.585,19.33173,-98.967965,100.0,True,
30,México - Puebla (Cuota),00450,MEX-150D,2025,Eje 10 Sur (Central),15_DV2026_Mexico.pdf,23,15_DV2026_Mexico,22.8,3.0,1.0,49990.0,2.8,84.9,2.6,5.6,1.2,2.0,0.4,0.2,0.3,87.7,2.6,9.7,0.063,0.516,19.315253,-98.948699,100.0,True,
30,México - Puebla (Cuota),00450,MEX-150D,2025,Eje 10 Sur (Lateral),15_DV2026_Mexico.pdf,23,15_DV2026_Mexico,22.8,3.0,1.0,47059.0,5.0,81.1,2.0,9.7,0.7,0.8,0.4,0.2,0.1,86.1,2.0,11.9,0.065,0.509,19.315183,-98.948783,100.0,True,
30,México - Puebla (Cuota),00450,MEX-150D,2025,Eje 10 Sur (Central),15_DV2026_Mexico.pdf,23,15_DV2026_Mexico,22.8,3.0,2.0,53771.0,2.9,84.4,2.3,5.8,1.4,2.1,0.6,0.2,0.3,87.3,2.3,10.4,0.071,0.516,19.315429,-98.948475,100.0,True,
30,México - Puebla (Cuota),00450,MEX-150D,2025,Eje 10 Sur (Lateral),15_DV2026_Mexico.pdf,23,15_DV2026_Mexico,22.8,3.0,2.0,48924.0,4.8,81.6,1.8,9.9,0.6,0.7,0.3,0.2,0.1,86.4,1.8,11.8,0.064,0.509,19.315506,-98.948416,100.0,True,
30,México - Puebla (Cuota),00450,MEX-150D,2025,X. C. Santa Bárbara - Izúcar de Matamoros (Lateral),15_DV2026_Mexico.pdf,23,15_DV2026_Mexico,32.14,1.0,1.0,16254.0,3.2,87.2,1.2,5.1,1.0,1.3,0.5,0.3,0.2,90.4,1.2,8.4,0.072,0.503,19.292121,-98.892023,100.0,True,
30,México - Puebla (Cuota),00450,MEX-150D,2025,X. C. Santa Bárbara - Izúcar de Matamoros (Central),15_DV2026_Mexico.pdf,23,15_DV2026_Mexico,32.14,1.0,1.0,38517.0,3.2,86.5,3.5,3.1,1.5,1.2,0.5,0.3,0.2,89.7,3.5,6.8,0.059,0.507,19.292268,-98.892016,100.0,True,
30,México - Puebla (Cuota),00450,MEX-150D,2025,X. C. Santa Bárbara - Izúcar de Matamoros (Lateral),15_DV2026_Mexico.pdf,23,15_DV2026_Mexico,32.14,1.0,2.0,16477.0,4.9,86.0,1.3,4.8,1.0,1.1,0.5,0.2,0.2,90.9,1.3,7.8,0.077,0.503,19.292575,-98.891976,100.0,True,
30,México - Puebla (Cuota),00450,MEX-150D,2025,X. C. Santa Bárbara - Izúcar de Matamoros (Central),15_DV2026_Mexico.pdf,23,15_DV2026_Mexico,32.14,1.0,2.0,39723.0,3.4,86.6,3.0,2.9,1.7,1.5,0.4,0.2,0.3,90.0,3.0,7.0,0.066,0.507,19.292434,-98.891957,100.0,True,
30,México - Puebla (Cuota),00450,MEX-150D,2025,X. C. Santa Bárbara - Izúcar de Matamoros (Lateral),15_DV2026_Mexico.pdf,23,15_DV2026_Mexico,32.14,3.0,1.0,1441.0,3.2,70.4,4.6,6.2,2.2,6.8,2.3,4.1,0.2,73.6,4.6,21.8,0.074,0.523,19.294616,-98.876201,100.0,True,
30,México - Puebla (Cuota),00450,MEX-150D,2025,X. C. Santa Bárbara - Izúcar de Matamoros (Central),15_DV2026_Mexico.pdf,23,15_DV2026_Mexico,32.14,3.0,1.0,13531.0,0.9,76.4,5.4,9.3,1.7,4.0,1.5,0.5,0.3,77.3,5.4,17.3,0.073,0.505,19.294764,-98.876243,100.0,True,
30,México - Puebla (Cuota),00450,MEX-150D,2025,X. C. Santa Bárbara - Izúcar de Matamoros (Central),15_DV2026_Mexico.pdf,23,15_DV2026_Mexico,32.14,3.0,2.0,13238.0,1.3,73.1,5.7,10.4,2.2,4.7,1.8,0.5,0.3,74.4,5.7,19.9,0.096,0.505,19.295001,-98.875802,100.0,True,
30,México - Puebla (Cuota),00450,MEX-150D,2025,X. C. Santa Bárbara - Izúcar de Matamoros (Lateral),15_DV2026_Mexico.pdf,23,15_DV2026_Mexico,32.14,3.0,2.0,1581.0,3.2,69.9,5.8,4.9,2.5,6.5,2.2,4.7,0.3,73.1,5.8,21.1,0.086,0.523,19.295136,-98.875843,100.0,True,
30,México - Puebla (Cuota),00450,MEX-150D,2025,Plaza de Cobro San Marcos,15_DV2026_Mexico.pdf,23,15_DV2026_Mexico,33.3,2.0,1.0,16859.0,0.7,75.4,4.6,4.8,3.5,7.4,0.6,2.5,0.5,76.1,4.6,19.3,0.068,0.5,19.296272,-98.870712,100.0,True,
30,México - Puebla (Cuota),00450,MEX-150D,2025,Plaza de Cobro San Marcos,15_DV2026_Mexico.pdf,23,15_DV2026_Mexico,33.3,2.0,2.0,16859.0,0.7,75.4,4.6,4.8,3.5,7.4,0.6,2.5,0.5,76.1,4.6,19.3,0.068,0.5,19.296272,-98.870712,100.0,True,
30,México - Puebla (Cuota),00450,MEX-150D,2025,T. Izq. Río Frío,15_DV2026_Mexico.pdf,23,15_DV2026_Mexico,63.79,3.0,1.0,20863.0,0.9,79.5,4.7,6.0,1.8,4.4,0.7,1.7,0.3,80.4,4.7,14.9,0.079,0.505,19.350607,-98.658686,100.0,True,
30,México - Puebla (Cuota),00450,MEX-150D,2025,T. Izq. Río Frío,15_DV2026_Mexico.pdf,23,15_DV2026_Mexico,63.79,3.0,2.0,21324.0,1.1,78.4,5.2,6.0,2.0,4.5,0.8,1.7,0.3,79.5,5.2,15.3,0.075,0.505,19.351601,-98.660177,100.0,True,
30,México - Puebla (Cuota),00450,MEX-150D,2025,Lim. Edos. Term. Méx. Ppia. Pue.,15_DV2026_Mexico.pdf,23,15_DV2026_Mexico,65.46,,,,,,,,,,,,,,,,,,,,,False,
30,México - Puebla (Cuota),00450,MEX-150D,2025,T. Der. A San Rafael Ixtapalucan,15_DV2026_Mexico.pdf,23,15_DV2026_Mexico,76.8,3.0,1.0,24189.0,2.5,74.5,7.3,4.9,2.1,5.7,0.7,1.8,0.5,77.0,7.3,15.7,0.067,0.612,19.330436,-98.541976,100.0,True,
30,México - Puebla (Cuota),00450,MEX-150D,2025,T. Der. A San Rafael Ixtapalucan,15_DV2026_Mexico.pdf,23,15_DV2026_Mexico,76.8,3.0,2.0,25478.0,2.7,73.7,7.3,5.0,2.4,5.4,0.8,2.0,0.7,76.4,7.3,16.3,0.084,0.612,19.324664,-98.525181,100.0,True,
30,México - Puebla (Cuota),00450,MEX-150D,2025,T. Izq. Tlaxcala,15_DV2026_Mexico.pdf,23,15_DV2026_Mexico,90.61,1.0,1.0,22801.0,2.6,74.9,6.4,4.7,2.3,5.8,0.8,2.0,0.5,77.5,6.4,16.1,0.07,0.639,19.274057,-98.436337,100.0,True,
30,México - Puebla (Cuota),00450,MEX-150D,2025,T. Izq. Tlaxcala,15_DV2026_Mexico.pdf,23,15_DV2026_Mexico,90.61,1.0,2.0,23871.0,2.4,74.7,6.8,4.7,2.2,5.9,0.9,1.9,0.5,77.1,6.8,16.1,0.084,0.639,19.274141,-98.436221,100.0,True,
30,México - Puebla (Cuota),00450,MEX-150D,2025,T. Izq. Tlaxcala,15_DV2026_Mexico.pdf,24,15_DV2026_Mexico,90.61,3.0,1.0,25663.0,1.5,74.7,5.2,7.5,1.8,6.0,1.0,2.1,0.2,76.2,5.2,18.6,0.063,0.563,19.261672,-98.417277,100.0,True,
30,México - Puebla (Cuota),00450,MEX-150D,2025,T. Izq. Tlaxcala,15_DV2026_Mexico.pdf,24,15_DV2026_Mexico,90.61,3.0,2.0,27995.0,1.1,72.7,5.4,7.6,2.0,6.4,1.5,3.1,0.2,73.8,5.4,20.8,0.066,0.563,19.26188,-98.417331,100.0,True,
30,México - Puebla (Cuota),00450,MEX-150D,2025,Plaza de Cobro San Martín Texmelucan,15_DV2026_Mexico.pdf,24,15_DV2026_Mexico,91.17,2.0,1.0,25585.0,0.9,70.3,4.2,4.7,4.2,10.2,1.1,3.6,0.8,71.2,4.2,24.6,0.068,0.5,19.24119,-98.385786,100.0,True,
30,México - Puebla (Cuota),00450,MEX-150D,2025,Plaza de Cobro San Martín Texmelucan,15_DV2026_Mexico.pdf,24,15_DV2026_Mexico,91.17,2.0,2.0,25585.0,0.9,70.3,4.2,4.7,4.2,10.2,1.1,3.6,0.8,71.2,4.2,24.6,0.068,0.5,19.24119,-98.385786,100.0,True,
30,México - Puebla (Cuota),00450,MEX-150D,2025,Lim. Edos. Term. Pue. Ppia. Tlax.,15_DV2026_Mexico.pdf,24,15_DV2026_Mexico,99.11,,,,,,,,,,,,,,,,,,,,,False,
30,México - Puebla (Cuota),00450,MEX-150D,2025,T. Der. Aeropuerto Internacional De Puebla,15_DV2026_Mexico.pdf,24,15_DV2026_Mexico,101.1,3.0,1.0,35664.0,1.8,79.7,4.0,4.2,2.0,5.1,1.0,1.4,0.8,81.5,4.0,14.5,0.077,0.574,19.210744,-98.351394,100.0,True,
30,México - Puebla (Cuota),00450,MEX-150D,2025,T. Der. Aeropuerto Internacional De Puebla,15_DV2026_Mexico.pdf,24,15_DV2026_Mexico,101.1,3.0,2.0,36291.0,1.5,77.7,4.5,5.1,2.2,5.4,1.2,1.5,0.9,79.2,4.5,16.3,0.075,0.574,19.2093,-98.349408,100.0,True,
30,México - Puebla (Cuota),00450,MEX-150D,2025,X. C. Xoxtla - Huactzinco,15_DV2026_Mexico.pdf,24,15_DV2026_Mexico,107.98,1.0,1.0,39135.0,1.2,78.4,3.5,6.0,1.9,5.5,1.5,1.3,0.7,79.6,3.5,16.9,0.08,0.55,19.182855,-98.31746,100.0,True,
30,México - Puebla (Cuota),00450,MEX-150D,2025,X. C. Xoxtla - Huactzinco,15_DV2026_Mexico.pdf,24,15_DV2026_Mexico,107.98,1.0,2.0,39880.0,1.3,77.7,3.6,6.0,2.2,5.7,1.5,1.3,0.7,79.0,3.6,17.4,0.066,0.55,19.179867,-98.313618,100.0,True,
30,México - Puebla (Cuota),00450,MEX-150D,2025,X. C. Xoxtla - Huactzinco,15_DV2026_Mexico.pdf,24,15_DV2026_Mexico,107.98,3.0,1.0,42335.0,4.5,77.4,2.8,6.5,1.4,4.3,0.9,1.8,0.4,81.9,2.8,15.3,0.062,0.507,19.16361,-98.296951,100.0,True,
30,México - Puebla (Cuota),00450,MEX-150D,2025,X. C. Xoxtla - Huactzinco,15_DV2026_Mexico.pdf,24,15_DV2026_Mexico,107.98,3.0,2.0,41659.0,4.6,75.1,3.0,7.6,1.5,4.8,1.1,1.9,0.4,79.7,3.0,17.3,0.067,0.507,19.166001,-98.29846,100.0,True,
30,México - Puebla (Cuota),00450,MEX-150D,2025,Lim. Edos. Term. Tlax. Ppia. Pue.,15_DV2026_Mexico.pdf,24,15_DV2026_Mexico,108.0,,,,,,,,,,,,,,,,,,,,,False,
30,México - Puebla (Cuota),00450,MEX-150D,2025,Anillo Periferico Poniente de Puebla (Lateral),15_DV2026_Mexico.pdf,24,15_DV2026_Mexico,114.0,3.0,1.0,33693.0,2.5,81.5,2.6,5.2,1.9,3.8,1.2,0.9,0.4,84.0,2.6,13.4,0.073,0.52,19.1283,-98.265094,100.0,True,
30,México - Puebla (Cuota),00450,MEX-150D,2025,Anillo Periferico Poniente de Puebla (Central),15_DV2026_Mexico.pdf,24,15_DV2026_Mexico,114.0,3.0,1.0,31692.0,2.3,79.3,3.5,5.1,2.3,4.0,0.7,2.4,0.4,81.6,3.5,14.9,0.073,0.52,19.12699,-98.263724,100.0,True,
30,México - Puebla (Cuota),00450,MEX-150D,2025,Anillo Periferico Poniente de Puebla (Central),15_DV2026_Mexico.pdf,24,15_DV2026_Mexico,114.0,3.0,2.0,30294.0,2.1,79.4,3.4,5.2,2.4,4.0,0.7,2.4,0.4,81.5,3.4,15.1,0.075,0.52,19.127049,-98.263659,100.0,True,
30,México - Puebla (Cuota),00450,MEX-150D,2025,Anillo Periferico Poniente de Puebla (Lateral),15_DV2026_Mexico.pdf,24,15_DV2026_Mexico,114.0,3.0,2.0,31515.0,2.4,81.9,2.4,5.1,1.8,4.0,1.2,0.9,0.3,84.3,2.4,13.3,0.078,0.52,19.12737,-98.263821,100.0,True,
30,México - Puebla (Cuota),00450,MEX-150D,2025,Boulevar Hermanos Serdán,15_DV2026_Mexico.pdf,24,15_DV2026_Mexico,120.46,3.0,1.0,61356.0,1.6,84.4,2.6,5.0,1.8,2.5,1.0,0.8,0.3,86.0,2.6,11.4,0.054,0.556,19.089363,-98.216917,100.0,True,
30,México - Puebla (Cuota),00450,MEX-150D,2025,Boulevar Hermanos Serdán,15_DV2026_Mexico.pdf,24,15_DV2026_Mexico,120.46,3.0,2.0,60678.0,1.7,83.3,2.8,5.1,1.8,2.8,1.2,0.8,0.5,85.0,2.8,12.2,0.068,0.556,19.089505,-98.216872,100.0,True,
30,México - Puebla (Cuota),00450,MEX-150D,2025,X. C. Puebla - Tlaxcala (Central),15_DV2026_Mexico.pdf,24,15_DV2026_Mexico,123.0,3.0,1.0,51489.0,2.2,83.6,2.5,5.0,1.9,2.9,0.7,0.9,0.3,85.8,2.5,11.7,0.058,0.531,19.086076,-98.200215,100.0,True,
30,México - Puebla (Cuota),00450,MEX-150D,2025,X. C. Puebla - Tlaxcala (Lateral),15_DV2026_Mexico.pdf,24,15_DV2026_Mexico,123.0,3.0,1.0,31449.0,2.3,88.3,1.7,5.3,0.9,0.7,0.3,0.3,0.2,90.6,1.7,7.7,0.072,0.531,19.085935,-98.200094,100.0,True,
30,México - Puebla (Cuota),00450,MEX-150D,2025,X. C. Puebla - Tlaxcala (Lateral),15_DV2026_Mexico.pdf,24,15_DV2026_Mexico,123.0,3.0,2.0,29913.0,2.3,88.0,1.7,5.5,1.0,0.7,0.3,0.3,0.2,90.3,1.7,8.0,0.083,0.531,19.086099,-98.199241,100.0,True,
30,México - Puebla (Cuota),00450,MEX-150D,2025,X. C. Puebla - Tlaxcala (Central),15_DV2026_Mexico.pdf,24,15_DV2026_Mexico,123.0,3.0,2.0,40515.0,2.0,82.6,2.5,5.0,2.0,3.8,0.9,0.9,0.3,84.6,2.5,12.9,0.079,0.531,19.085988,-98.199425,100.0,True,
30,México - Puebla (Cuota),00450,MEX-150D,2025,T. C. Puebla - Belem,15_DV2026_Mexico.pdf,24,15_DV2026_Mexico,124.9,,,,,,,,,,,,,,,,,,,,,False,
31,México - Toluca (Cuota),00446,MEX-015D,2025,T. C. México - Toluca (Libre) (Puente Conafrut),15_DV2026_Mexico.pdf,24,15_DV2026_Mexico,14.0,3.0,1.0,29000.0,0.6,88.6,3.0,3.8,0.8,1.5,1.0,0.5,0.2,89.2,3.0,7.8,0.087,0.517,19.379946,-99.252085,100.0,True,
31,México - Toluca (Cuota),00446,MEX-015D,2025,T. C. México - Toluca (Libre) (Puente Conafrut),15_DV2026_Mexico.pdf,24,15_DV2026_Mexico,14.0,3.0,2.0,25451.0,0.6,88.5,2.7,3.7,0.8,1.8,1.2,0.5,0.2,89.1,2.7,8.2,0.098,0.517,19.381176,-99.250106,100.0,True,
31,México - Toluca (Cuota),00446,MEX-015D,2025,Plaza de Cobro Santa Fe,15_DV2026_Mexico.pdf,24,15_DV2026_Mexico,18.44,1.0,1.0,26060.0,0.9,87.6,3.4,4.2,0.7,1.5,1.0,0.5,0.2,88.5,3.4,8.1,0.093,0.505,19.368914,-99.266436,100.0,True,
31,México - Toluca (Cuota),00446,MEX-015D,2025,Plaza de Cobro Santa Fe,15_DV2026_Mexico.pdf,24,15_DV2026_Mexico,18.44,1.0,2.0,26626.0,0.8,87.8,3.2,4.2,0.6,1.6,1.1,0.5,0.2,88.6,3.2,8.2,0.1,0.505,19.370685,-99.265516,100.0,True,
31,México - Toluca (Cuota),00446,MEX-015D,2025,Plaza de Cobro Santa Fe,15_DV2026_Mexico.pdf,24,15_DV2026_Mexico,18.44,3.0,1.0,20965.0,0.8,88.0,2.8,4.8,0.7,1.2,1.0,0.4,0.3,88.8,2.8,8.4,0.091,0.516,19.356083,-99.277891,100.0,True,
31,México - Toluca (Cuota),00446,MEX-015D,2025,Plaza de Cobro Santa Fe,15_DV2026_Mexico.pdf,24,15_DV2026_Mexico,18.44,3.0,2.0,19701.0,0.7,88.0,3.0,4.4,0.8,1.3,1.0,0.5,0.3,88.7,3.0,8.3,0.102,0.516,19.355995,-99.277751,100.0,True,
31,México - Toluca (Cuota),00446,MEX-015D,2025,Plaza de Cobro La Venta,15_DV2026_Mexico.pdf,24,15_DV2026_Mexico,24.24,1.0,1.0,31979.0,2.2,84.1,2.8,6.4,0.9,2.1,0.7,0.5,0.3,86.3,2.8,10.9,0.092,0.507,19.334749,-99.306499,100.0,True,
31,México - Toluca (Cuota),00446,MEX-015D,2025,Plaza de Cobro La Venta,15_DV2026_Mexico.pdf,25,15_DV2026_Mexico,24.24,1.0,2.0,33001.0,1.9,84.3,3.3,6.2,0.9,1.9,0.8,0.4,0.3,86.2,3.3,10.5,0.089,0.507,19.334582,-99.306266,100.0,True,
31,México - Toluca (Cuota),00446,MEX-015D,2025,Plaza de Cobro La Venta,15_DV2026_Mexico.pdf,25,15_DV2026_Mexico,24.24,2.0,1.0,24628.0,0.9,90.2,3.9,2.2,0.9,1.2,0.2,0.4,0.1,91.1,3.9,5.0,0.089,0.5,19.332816,-99.314301,100.0,True,
31,México - Toluca (Cuota),00446,MEX-015D,2025,Plaza de Cobro La Venta,15_DV2026_Mexico.pdf,25,15_DV2026_Mexico,24.24,2.0,2.0,24628.0,0.9,90.2,3.9,2.2,0.9,1.2,0.2,0.4,0.1,91.1,3.9,5.0,0.089,0.5,19.332816,-99.314301,100.0,True,
31,México - Toluca (Cuota),00446,MEX-015D,2025,Plaza de Cobro La Venta,15_DV2026_Mexico.pdf,25,15_DV2026_Mexico,24.24,3.0,1.0,34446.0,1.9,83.8,3.0,6.0,1.3,2.4,0.6,0.7,0.3,85.7,3.0,11.3,0.105,0.521,19.318787,-99.321964,100.0,True,
31,México - Toluca (Cuota),00446,MEX-015D,2025,Plaza de Cobro La Venta,15_DV2026_Mexico.pdf,25,15_DV2026_Mexico,24.24,3.0,2.0,31428.0,2.2,83.4,3.2,5.8,1.2,2.6,0.7,0.6,0.3,85.6,3.2,11.2,0.08,0.521,19.325375,-99.317863,100.0,True,
31,México - Toluca (Cuota),00446,MEX-015D,2025,Lim. Edos. Term. CDMX Ppia. Méx.,15_DV2026_Mexico.pdf,25,15_DV2026_Mexico,32.0,,,,,,,,,,,,,,,,,,,,,False,
31,México - Toluca (Cuota),00446,MEX-015D,2025,T. C. México - Toluca (Libre) (La Marquesa),15_DV2026_Mexico.pdf,25,15_DV2026_Mexico,32.65,1.0,1.0,30523.0,2.6,84.0,3.9,2.9,1.1,3.5,0.4,1.4,0.2,86.6,3.9,9.5,0.085,0.506,19.300488,-99.365282,100.0,True,
31,México - Toluca (Cuota),00446,MEX-015D,2025,T. C. México - Toluca (Libre) (La Marquesa),15_DV2026_Mexico.pdf,25,15_DV2026_Mexico,32.65,1.0,2.0,29754.0,2.6,82.8,4.5,3.1,1.0,3.7,0.4,1.5,0.4,85.4,4.5,10.1,0.116,0.506,19.299187,-99.36275,100.0,True,
32,Peñón - Texcoco (Cuota),15010,MEX-136D,2025,Peñón,15_DV2026_Mexico.pdf,25,15_DV2026_Mexico,0.0,,,,,,,,,,,,,,,,,,,,,False,
32,Peñón - Texcoco (Cuota),15010,MEX-136D,2025,Plaza de Cobro Peñón y Texcoco,15_DV2026_Mexico.pdf,25,15_DV2026_Mexico,0.5,2.0,1.0,22689.0,1.2,89.2,3.0,2.8,1.7,1.3,0.4,0.3,0.1,90.4,3.0,6.6,0.087,0.5,19.458466,-99.033653,100.0,True,
32,Peñón - Texcoco (Cuota),15010,MEX-136D,2025,Plaza de Cobro Peñón y Texcoco,15_DV2026_Mexico.pdf,25,15_DV2026_Mexico,0.5,2.0,2.0,22689.0,1.2,89.2,3.0,2.8,1.7,1.3,0.4,0.3,0.1,90.4,3.0,6.6,0.087,0.5,19.458466,-99.033653,100.0,True,
32,Peñón - Texcoco (Cuota),15010,MEX-136D,2025,T. C. San Bernardino - Tepexpan,15_DV2026_Mexico.pdf,25,15_DV2026_Mexico,16.5,1.0,1.0,18971.0,0.9,89.0,1.7,3.9,1.8,1.5,0.7,0.3,0.2,89.9,1.7,8.4,0.085,0.507,19.505326,-98.899471,100.0,True,
32,Peñón - Texcoco (Cuota),15010,MEX-136D,2025,T. C. San Bernardino - Tepexpan,15_DV2026_Mexico.pdf,25,15_DV2026_Mexico,16.5,1.0,2.0,18481.0,1.1,88.9,1.5,4.3,1.6,1.3,0.8,0.3,0.2,90.0,1.5,8.5,0.074,0.507,19.505705,-98.900875,100.0,True,
33,Ramal al AIFA (Cuota),,MEX-057D,2025,T. C. Circuito Exterior Mexiquense,15_DV2026_Mexico.pdf,25,15_DV2026_Mexico,0.0,3.0,1.0,18887.0,2.7,91.2,0.7,3.2,0.9,1.0,0.2,0.1,0.0,93.9,0.7,5.4,0.084,0.516,19.70717,-99.077009,100.0,True,
33,Ramal al AIFA (Cuota),,MEX-057D,2025,T. C. Circuito Exterior Mexiquense,15_DV2026_Mexico.pdf,25,15_DV2026_Mexico,0.0,3.0,2.0,17727.0,2.5,91.6,0.8,3.1,0.8,0.9,0.2,0.1,0.0,94.1,0.8,5.1,0.089,0.516,19.708156,-99.076351,100.0,True,
33,Ramal al AIFA (Cuota),,MEX-057D,2025,AIFA,15_DV2026_Mexico.pdf,25,15_DV2026_Mexico,6.16,,,,,,,,,,,,,,,,,,,,,False,
34,T. Aut. (Peñón-Texcoco) - Ent. Acolman,,MEX-136D,2025,T. Aut. Peñón - Texcoco (Cuota),15_DV2026_Mexico.pdf,25,15_DV2026_Mexico,0.0,,,,,,,,,,,,,,,,,,,,,False,
34,T. Aut. (Peñón-Texcoco) - Ent. Acolman,,MEX-136D,2025,Plaza de Cobro Tezoyuca,15_DV2026_Mexico.pdf,25,15_DV2026_Mexico,13.6,2.0,1.0,9114.0,2.3,88.0,0.4,3.3,2.4,1.9,0.7,0.6,0.4,90.3,0.4,9.3,0.09,0.5,19.600686,-98.925619,100.0,True,
34,T. Aut. (Peñón-Texcoco) - Ent. Acolman,,MEX-136D,2025,Plaza de Cobro Tezoyuca,15_DV2026_Mexico.pdf,25,15_DV2026_Mexico,13.6,2.0,2.0,9114.0,2.3,88.0,0.4,3.3,2.4,1.9,0.7,0.6,0.4,90.3,0.4,9.3,0.09,0.5,19.600686,-98.925619,100.0,True,
34,T. Aut. (Peñón-Texcoco) - Ent. Acolman,,MEX-136D,2025,Entronque Acolman,15_DV2026_Mexico.pdf,25,15_DV2026_Mexico,17.0,,,,,,,,,,,,,,,,,,,,,False,
35,México - Querétaro (Cuota),00411,MEX-057-MEX-057D,2025,México,15_DV2026_Mexico.pdf,26,15_DV2026_Mexico,0.0,,,,,,,,,,,,,,,,,,,,,False,
35,México - Querétaro (Cuota),00411,MEX-057-MEX-057D,2025,Lim. Edos. Term. CDMX Ppia. Méx.,15_DV2026_Mexico.pdf,26,15_DV2026_Mexico,11.3,,,,,,,,,,,,,,,,,,,,,False,
35,México - Querétaro (Cuota),00411,MEX-057-MEX-057D,2025,Lechería,15_DV2026_Mexico.pdf,26,15_DV2026_Mexico,29.41,,,,,,,,,,,,,,,,,,,,,False,
35,México - Querétaro (Cuota),00411,MEX-057-MEX-057D,2025,Plaza de Cobro Tepotzotlán,15_DV2026_Mexico.pdf,26,15_DV2026_Mexico,43.01,2.0,1.0,33105.0,0.6,74.5,3.6,4.2,3.1,10.9,0.6,2.0,0.5,75.1,3.6,21.3,0.077,0.5,19.715361,-99.207448,100.0,True,
35,México - Querétaro (Cuota),00411,MEX-057-MEX-057D,2025,Plaza de Cobro Tepotzotlán,15_DV2026_Mexico.pdf,26,15_DV2026_Mexico,43.01,2.0,2.0,33105.0,0.6,74.5,3.6,4.2,3.1,10.9,0.6,2.0,0.5,75.1,3.6,21.3,0.077,0.5,19.715361,-99.207448,100.0,True,
35,México - Querétaro (Cuota),00411,MEX-057-MEX-057D,2025,Ent. Jorobas,15_DV2026_Mexico.pdf,26,15_DV2026_Mexico,56.18,1.0,1.0,35058.0,1.4,67.5,4.6,7.8,3.3,11.1,1.4,2.1,0.8,68.9,4.6,26.5,0.071,0.515,19.811452,-99.238518,100.0,True,
35,México - Querétaro (Cuota),00411,MEX-057-MEX-057D,2025,Ent. Jorobas,15_DV2026_Mexico.pdf,26,15_DV2026_Mexico,56.18,1.0,2.0,32877.0,1.3,67.7,4.8,7.7,3.0,10.9,1.5,2.3,0.8,69.0,4.8,26.2,0.061,0.515,19.801501,-99.234163,100.0,True,
35,México - Querétaro (Cuota),00411,MEX-057-MEX-057D,2025,Ent. Jorobas,15_DV2026_Mexico.pdf,26,15_DV2026_Mexico,56.18,3.0,1.0,47374.0,3.1,58.7,4.9,8.0,3.4,15.3,2.2,3.4,1.0,61.8,4.9,33.3,0.073,0.502,19.830902,-99.261767,100.0,True,
35,México - Querétaro (Cuota),00411,MEX-057-MEX-057D,2025,Ent. Jorobas,15_DV2026_Mexico.pdf,26,15_DV2026_Mexico,56.18,3.0,2.0,46832.0,3.2,58.8,5.2,8.0,3.3,15.0,2.0,3.5,1.0,62.0,5.2,32.8,0.065,0.502,19.832742,-99.266979,100.0,True,
35,México - Querétaro (Cuota),00411,MEX-057-MEX-057D,2025,Lim. Edos. Term. Méx. Ppia. Hgo.,15_DV2026_Mexico.pdf,26,15_DV2026_Mexico,59.85,,,,,,,,,,,,,,,,,,,,,False,
35,México - Querétaro (Cuota),00411,MEX-057-MEX-057D,2025,T. Der. Tepeji del Río,15_DV2026_Mexico.pdf,26,15_DV2026_Mexico,69.36,1.0,1.0,38226.0,4.3,69.3,4.4,7.2,2.7,7.7,1.1,2.5,0.8,73.6,4.4,22.0,0.076,0.504,19.862948,-99.313324,100.0,True,
35,México - Querétaro (Cuota),00411,MEX-057-MEX-057D,2025,T. Der. Tepeji del Río,15_DV2026_Mexico.pdf,26,15_DV2026_Mexico,69.36,1.0,2.0,37604.0,4.0,69.1,4.3,7.4,2.9,7.5,1.2,2.7,0.9,73.1,4.3,22.6,0.072,0.504,19.87109,-99.338581,100.0,True,
35,México - Querétaro (Cuota),00411,MEX-057-MEX-057D,2025,T. Der. Tepeji del Río,15_DV2026_Mexico.pdf,26,15_DV2026_Mexico,69.36,3.0,1.0,34824.0,4.9,68.8,4.4,6.8,2.8,8.0,1.2,2.4,0.7,73.7,4.4,21.9,0.081,0.507,19.920808,-99.370317,100.0,True,
35,México - Querétaro (Cuota),00411,MEX-057-MEX-057D,2025,T. Der. Tepeji del Río,15_DV2026_Mexico.pdf,26,15_DV2026_Mexico,69.36,3.0,2.0,35899.0,5.2,68.8,4.6,6.6,3.0,7.8,1.0,2.2,0.8,74.0,4.6,21.4,0.095,0.507,19.920713,-99.370409,100.0,True,
35,México - Querétaro (Cuota),00411,MEX-057-MEX-057D,2025,T. Izq. Jilotepec,15_DV2026_Mexico.pdf,26,15_DV2026_Mexico,83.75,1.0,1.0,34363.0,5.4,68.7,3.2,7.4,2.8,7.9,1.4,2.7,0.5,74.1,3.2,22.7,0.078,0.518,19.972297,-99.434174,100.0,True,
35,México - Querétaro (Cuota),00411,MEX-057-MEX-057D,2025,T. Izq. Jilotepec,15_DV2026_Mexico.pdf,26,15_DV2026_Mexico,83.75,1.0,2.0,31829.0,5.3,68.7,3.3,7.5,2.7,7.8,1.5,2.6,0.6,74.0,3.3,22.7,0.064,0.518,19.977553,-99.437938,100.0,True,
35,México - Querétaro (Cuota),00411,MEX-057-MEX-057D,2025,T. Izq. Jilotepec,15_DV2026_Mexico.pdf,26,15_DV2026_Mexico,83.75,3.0,1.0,39638.0,4.8,66.7,5.2,7.5,3.0,7.9,1.7,2.7,0.5,71.5,5.2,23.3,0.08,0.522,19.989624,-99.458452,100.0,True,
35,México - Querétaro (Cuota),00411,MEX-057-MEX-057D,2025,T. Izq. Jilotepec,15_DV2026_Mexico.pdf,26,15_DV2026_Mexico,83.75,3.0,2.0,35936.0,4.9,66.3,5.3,7.4,3.1,8.0,1.6,2.8,0.6,71.2,5.3,23.5,0.066,0.522,19.989961,-99.460589,100.0,True,
35,México - Querétaro (Cuota),00411,MEX-057-MEX-057D,2025,Lim. Edos. Term. Hgo. Ppia. Méx.,15_DV2026_Mexico.pdf,26,15_DV2026_Mexico,86.0,,,,,,,,,,,,,,,,,,,,,False,
35,México - Querétaro (Cuota),00411,MEX-057-MEX-057D,2025,X. C. Libramiento Norte de La Ciudad de México (Cuota),15_DV2026_Mexico.pdf,26,15_DV2026_Mexico,89.44,3.0,1.0,36629.0,5.3,66.0,5.3,7.0,3.0,7.3,2.3,3.0,0.8,71.3,5.3,23.4,0.087,0.516,20.005679,-99.501744,100.0,True,
35,México - Querétaro (Cuota),00411,MEX-057-MEX-057D,2025,X. C. Libramiento Norte de La Ciudad de México (Cuota),15_DV2026_Mexico.pdf,26,15_DV2026_Mexico,89.44,3.0,2.0,39260.0,5.2,66.6,5.2,6.9,2.9,7.2,2.2,2.9,0.9,71.8,5.2,23.0,0.059,0.516,20.003037,-99.497872,100.0,True,
35,México - Querétaro (Cuota),00411,MEX-057-MEX-057D,2025,T. Der. Palos Altos,15_DV2026_Mexico.pdf,26,15_DV2026_Mexico,97.8,1.0,1.0,34755.0,4.6,68.2,4.2,7.0,2.7,8.2,1.7,2.6,0.8,72.8,4.2,23.0,0.059,0.515,20.024352,-99.532214,100.0,True,
35,México - Querétaro (Cuota),00411,MEX-057-MEX-057D,2025,T. Der. Palos Altos,15_DV2026_Mexico.pdf,26,15_DV2026_Mexico,97.8,1.0,2.0,37193.0,4.5,68.6,4.1,6.9,2.6,8.1,1.8,2.7,0.7,73.1,4.1,22.8,0.07,0.515,20.034691,-99.55788,100.0,True,
35,México - Querétaro (Cuota),00411,MEX-057-MEX-057D,2025,X. C. Jilotepec - Maravillas,15_DV2026_Mexico.pdf,26,15_DV2026_Mexico,107.0,1.0,1.0,30424.0,5.3,64.6,4.0,4.4,3.8,11.3,1.7,4.3,0.6,69.9,4.0,26.1,0.076,0.505,20.080814,-99.619565,100.0,True,
35,México - Querétaro (Cuota),00411,MEX-057-MEX-057D,2025,X. C. Jilotepec - Maravillas,15_DV2026_Mexico.pdf,26,15_DV2026_Mexico,107.0,1.0,2.0,31092.0,5.2,64.6,4.1,4.3,3.9,11.2,1.6,4.4,0.7,69.8,4.1,26.1,0.09,0.505,20.076023,-99.614275,100.0,True,
35,México - Querétaro (Cuota),00411,MEX-057-MEX-057D,2025,X. C. Jilotepec - Maravillas,15_DV2026_Mexico.pdf,26,15_DV2026_Mexico,107.0,3.0,1.0,35296.0,4.5,57.3,9.1,5.7,2.5,14.2,1.9,3.9,0.9,61.8,9.1,29.1,0.062,0.513,20.082412,-99.635857,100.0,True,
35,México - Querétaro (Cuota),00411,MEX-057-MEX-057D,2025,X. C. Jilotepec - Maravillas,15_DV2026_Mexico.pdf,26,15_DV2026_Mexico,107.0,3.0,2.0,33383.0,4.6,57.3,9.0,5.8,2.6,14.3,1.8,3.8,0.8,61.9,9.0,29.1,0.081,0.513,20.082545,-99.633639,100.0,True,
35,México - Querétaro (Cuota),00411,MEX-057-MEX-057D,2025,T. Izq. Aculco,15_DV2026_Mexico.pdf,26,15_DV2026_Mexico,114.8,1.0,1.0,35622.0,5.2,58.3,7.0,5.0,3.0,14.8,1.8,4.1,0.8,63.5,7.0,29.5,0.071,0.513,20.097492,-99.692855,100.0,True,
35,México - Querétaro (Cuota),00411,MEX-057-MEX-057D,2025,T. Izq. Aculco,15_DV2026_Mexico.pdf,26,15_DV2026_Mexico,114.8,1.0,2.0,37653.0,5.1,58.2,6.9,5.1,3.1,14.8,1.9,4.2,0.7,63.3,6.9,29.8,0.07,0.513,20.091274,-99.686658,100.0,True,
35,México - Querétaro (Cuota),00411,MEX-057-MEX-057D,2025,T. Izq. Aculco,15_DV2026_Mexico.pdf,26,15_DV2026_Mexico,114.8,3.0,1.0,33068.0,4.7,58.6,7.5,6.5,2.6,12.8,1.9,4.6,0.8,63.3,7.5,29.2,0.078,0.51,20.109956,-99.707256,100.0,True,
35,México - Querétaro (Cuota),00411,MEX-057-MEX-057D,2025,T. Izq. Aculco,15_DV2026_Mexico.pdf,26,15_DV2026_Mexico,114.8,3.0,2.0,34652.0,4.6,59.4,7.4,6.4,2.5,12.7,1.8,4.5,0.7,64.0,7.4,28.6,0.078,0.51,20.108553,-99.704275,100.0,True,
35,México - Querétaro (Cuota),00411,MEX-057-MEX-057D,2025,T. Izq. Encinillas,15_DV2026_Mexico.pdf,26,15_DV2026_Mexico,121.7,1.0,1.0,33572.0,5.0,59.6,7.1,5.0,2.5,14.1,2.2,3.7,0.8,64.6,7.1,28.3,0.067,0.516,20.13426,-99.728711,100.0,True,
35,México - Querétaro (Cuota),00411,MEX-057-MEX-057D,2025,T. Izq. Encinillas,15_DV2026_Mexico.pdf,26,15_DV2026_Mexico,121.7,1.0,2.0,35987.0,4.9,59.4,7.2,5.1,2.4,14.2,2.3,3.6,0.9,64.3,7.2,28.5,0.074,0.516,20.145772,-99.734718,100.0,True,
35,México - Querétaro (Cuota),00411,MEX-057-MEX-057D,2025,Polotitlán,15_DV2026_Mexico.pdf,26,15_DV2026_Mexico,133.0,1.0,1.0,37344.0,5.4,60.4,7.5,3.9,3.1,12.9,2.4,3.5,0.9,65.8,7.5,26.7,0.064,0.514,20.218615,-99.80169,100.0,True,
35,México - Querétaro (Cuota),00411,MEX-057-MEX-057D,2025,Polotitlán,15_DV2026_Mexico.pdf,26,15_DV2026_Mexico,133.0,1.0,2.0,35140.0,5.3,61.0,7.4,3.8,3.0,12.8,2.3,3.6,0.8,66.3,7.4,26.3,0.066,0.514,20.220127,-99.803885,100.0,True,
35,México - Querétaro (Cuota),00411,MEX-057-MEX-057D,2025,Lim. Edos. Term. Méx. Ppia. Qro.,15_DV2026_Mexico.pdf,27,15_DV2026_Mexico,145.5,,,,,,,,,,,,,,,,,,,,,False,
35,México - Querétaro (Cuota),00411,MEX-057-MEX-057D,2025,Plaza de Cobro Palmillas,15_DV2026_Mexico.pdf,27,15_DV2026_Mexico,147.92,2.0,1.0,20593.0,0.5,62.6,3.1,5.7,4.2,17.8,1.5,3.6,1.0,63.1,3.1,33.8,0.077,0.5,20.296112,-99.929069,100.0,True,
35,México - Querétaro (Cuota),00411,MEX-057-MEX-057D,2025,Plaza de Cobro Palmillas,15_DV2026_Mexico.pdf,27,15_DV2026_Mexico,147.92,2.0,2.0,20593.0,0.5,62.6,3.1,5.7,4.2,17.8,1.5,3.6,1.0,63.1,3.1,33.8,0.077,0.5,20.296112,-99.929069,100.0,True,
35,México - Querétaro (Cuota),00411,MEX-057-MEX-057D,2025,T. Izq. Toluca,15_DV2026_Mexico.pdf,27,15_DV2026_Mexico,148.5,1.0,1.0,31729.0,4.7,61.7,5.1,4.1,3.1,14.5,1.9,4.1,0.8,66.4,5.1,28.5,0.063,0.501,20.287531,-99.913603,100.0,True,
35,México - Querétaro (Cuota),00411,MEX-057-MEX-057D,2025,T. Izq. Toluca,15_DV2026_Mexico.pdf,27,15_DV2026_Mexico,148.5,1.0,2.0,31643.0,4.6,61.9,5.0,4.0,3.0,14.6,2.0,4.0,0.9,66.5,5.0,28.5,0.062,0.501,20.284618,-99.90928,100.0,True,
35,México - Querétaro (Cuota),00411,MEX-057-MEX-057D,2025,T. Izq. Toluca,15_DV2026_Mexico.pdf,27,15_DV2026_Mexico,148.5,3.0,1.0,36767.0,1.6,63.9,6.1,6.7,4.0,12.1,2.1,2.6,0.9,65.5,6.1,28.4,0.052,0.507,20.312937,-99.931635,100.0,True,
35,México - Querétaro (Cuota),00411,MEX-057-MEX-057D,2025,T. Izq. Toluca,15_DV2026_Mexico.pdf,27,15_DV2026_Mexico,148.5,3.0,2.0,37954.0,1.7,64.5,6.0,6.6,3.9,12.0,2.0,2.5,0.8,66.2,6.0,27.8,0.058,0.507,20.320155,-99.934129,100.0,True,
35,México - Querétaro (Cuota),00411,MEX-057-MEX-057D,2025,T. Der. Portezuelo,15_DV2026_Mexico.pdf,27,15_DV2026_Mexico,151.53,3.0,1.0,41721.0,5.4,60.4,6.8,5.9,2.7,13.4,1.7,3.1,0.6,65.8,6.8,27.4,0.069,0.515,20.336805,-99.941322,100.0,True,
35,México - Querétaro (Cuota),00411,MEX-057-MEX-057D,2025,T. Der. Portezuelo,15_DV2026_Mexico.pdf,27,15_DV2026_Mexico,151.53,3.0,2.0,44638.0,5.3,60.8,6.9,5.8,2.6,13.3,1.6,3.0,0.7,66.1,6.9,27.0,0.078,0.515,20.336182,-99.941335,100.0,True,
35,México - Querétaro (Cuota),00411,MEX-057-MEX-057D,2025,T. Der. Poniente San Juan del Río,15_DV2026_Mexico.pdf,27,15_DV2026_Mexico,164.1,3.0,1.0,48201.0,7.4,65.5,5.4,5.3,2.5,8.4,1.3,3.4,0.8,72.9,5.4,21.7,0.067,0.516,20.373858,-99.994415,100.0,True,
35,México - Querétaro (Cuota),00411,MEX-057-MEX-057D,2025,T. Der. Poniente San Juan del Río,15_DV2026_Mexico.pdf,27,15_DV2026_Mexico,164.1,3.0,2.0,51687.0,6.7,63.9,5.9,5.3,2.8,9.5,1.5,3.5,0.9,70.6,5.9,23.5,0.074,0.516,20.371958,-99.990429,100.0,True,
35,México - Querétaro (Cuota),00411,MEX-057-MEX-057D,2025,La Estancia,15_DV2026_Mexico.pdf,27,15_DV2026_Mexico,169.4,1.0,1.0,54514.0,5.3,67.7,5.5,4.7,2.9,9.0,1.5,2.5,0.9,73.0,5.5,21.5,0.064,0.519,20.423616,-100.052184,100.0,True,
35,México - Querétaro (Cuota),00411,MEX-057-MEX-057D,2025,La Estancia,15_DV2026_Mexico.pdf,27,15_DV2026_Mexico,169.4,1.0,2.0,59573.0,5.0,66.6,6.0,5.3,2.3,9.4,1.5,2.9,1.0,71.6,6.0,22.4,0.064,0.519,20.424627,-100.053668,100.0,True,
35,México - Querétaro (Cuota),00411,MEX-057-MEX-057D,2025,T. Izq. Acámbaro,15_DV2026_Mexico.pdf,27,15_DV2026_Mexico,170.45,3.0,1.0,46171.0,5.1,66.9,5.6,5.4,2.0,10.2,1.3,2.7,0.8,72.0,5.6,22.4,0.068,0.521,20.447708,-100.079273,100.0,True,
35,México - Querétaro (Cuota),00411,MEX-057-MEX-057D,2025,T. Izq. Acámbaro,15_DV2026_Mexico.pdf,27,15_DV2026_Mexico,170.45,3.0,2.0,50750.0,5.0,64.9,5.7,5.3,2.4,11.9,1.3,2.7,0.8,69.9,5.7,24.4,0.08,0.521,20.44987,-100.082324,100.0,True,
35,México - Querétaro (Cuota),00411,MEX-057-MEX-057D,2025,T. Izq. El Sauz,15_DV2026_Mexico.pdf,27,15_DV2026_Mexico,176.5,3.0,1.0,44655.0,6.0,65.2,4.3,6.1,2.9,10.1,1.7,2.9,0.8,71.2,4.3,24.5,0.074,0.522,20.477787,-100.110907,100.0,True,
35,México - Querétaro (Cuota),00411,MEX-057-MEX-057D,2025,T. Izq. El Sauz,15_DV2026_Mexico.pdf,27,15_DV2026_Mexico,176.5,3.0,2.0,49266.0,6.0,66.9,3.5,6.2,2.7,9.7,1.6,2.5,0.9,72.9,3.5,23.6,0.071,0.522,20.497764,-100.133968,100.0,True,
35,México - Querétaro (Cuota),00411,MEX-057-MEX-057D,2025,T. Der. San Ildefonso,15_DV2026_Mexico.pdf,27,15_DV2026_Mexico,185.3,1.0,1.0,47364.0,4.2,72.0,4.2,6.9,1.1,7.5,1.8,1.5,0.8,76.2,4.2,19.6,0.068,0.536,20.520999,-100.168478,100.0,True,
35,México - Querétaro (Cuota),00411,MEX-057-MEX-057D,2025,T. Der. San Ildefonso,15_DV2026_Mexico.pdf,27,15_DV2026_Mexico,185.3,1.0,2.0,55634.0,3.8,73.2,4.2,6.4,1.3,7.3,1.7,1.3,0.8,77.0,4.2,18.8,0.072,0.536,20.517352,-100.163871,100.0,True,
35,México - Querétaro (Cuota),00411,MEX-057-MEX-057D,2025,T. Der. Libramiento Nororiente de Querétaro (Cuota),15_DV2026_Mexico.pdf,27,15_DV2026_Mexico,192.5,1.0,1.0,52291.0,3.5,74.7,4.2,6.1,1.5,6.5,1.3,1.7,0.5,78.2,4.2,17.6,0.071,0.528,20.552636,-100.215635,100.0,True,
35,México - Querétaro (Cuota),00411,MEX-057-MEX-057D,2025,T. Der. Libramiento Nororiente de Querétaro (Cuota),15_DV2026_Mexico.pdf,27,15_DV2026_Mexico,192.5,1.0,2.0,59322.0,3.1,72.9,4.6,7.0,1.7,6.8,1.4,1.9,0.6,76.0,4.6,19.4,0.068,0.528,20.55167,-100.21462,100.0,True,
35,México - Querétaro (Cuota),00411,MEX-057-MEX-057D,2025,T. Der. Libramiento Nororiente de Querétaro (Cuota),15_DV2026_Mexico.pdf,27,15_DV2026_Mexico,192.5,3.0,1.0,59721.0,1.9,77.6,2.8,7.9,1.8,4.8,1.7,0.8,0.7,79.5,2.8,17.7,0.069,0.513,20.562649,-100.237209,100.0,True,
35,México - Querétaro (Cuota),00411,MEX-057-MEX-057D,2025,T. Der. Libramiento Nororiente de Querétaro (Cuota),15_DV2026_Mexico.pdf,27,15_DV2026_Mexico,192.5,3.0,2.0,63486.0,1.7,75.5,3.0,9.0,1.9,5.3,1.9,0.9,0.8,77.2,3.0,19.8,0.068,0.513,20.56169,-100.234789,100.0,True,
35,México - Querétaro (Cuota),00411,MEX-057-MEX-057D,2025,T. Der. Libramiento de Querétaro (Blv. Bernardo Quintana),15_DV2026_Mexico.pdf,27,15_DV2026_Mexico,207.0,1.0,1.0,78772.0,2.2,83.8,1.4,2.8,2.3,4.1,0.6,2.0,0.8,86.0,1.4,12.6,0.071,0.51,20.573484,-100.324051,100.0,True,
35,México - Querétaro (Cuota),00411,MEX-057-MEX-057D,2025,T. Der. Libramiento de Querétaro (Blv. Bernardo Quintana),15_DV2026_Mexico.pdf,27,15_DV2026_Mexico,207.0,1.0,2.0,82461.0,1.9,82.6,1.5,3.3,2.6,4.5,0.7,2.0,0.9,84.5,1.5,14.0,0.092,0.51,20.574475,-100.33094,100.0,True,
35,México - Querétaro (Cuota),00411,MEX-057-MEX-057D,2025,T. Der. Libramiento de Querétaro (Blv. Bernardo Quintana),15_DV2026_Mexico.pdf,27,15_DV2026_Mexico,207.0,3.0,1.0,39181.0,2.1,91.2,0.6,4.0,0.3,0.7,0.6,0.3,0.2,93.3,0.6,6.1,0.076,0.505,20.579404,-100.37549,100.0,True,
35,México - Querétaro (Cuota),00411,MEX-057-MEX-057D,2025,T. Der. Libramiento de Querétaro (Blv. Bernardo Quintana),15_DV2026_Mexico.pdf,27,15_DV2026_Mexico,207.0,3.0,1.0,73667.0,1.8,82.8,1.8,4.4,1.6,4.5,1.5,0.8,0.8,84.6,1.8,13.6,0.067,0.518,20.578195,-100.380764,100.0,True,
35,México - Querétaro (Cuota),00411,MEX-057-MEX-057D,2025,T. Der. Libramiento de Querétaro (Blv. Bernardo Quintana),15_DV2026_Mexico.pdf,27,15_DV2026_Mexico,207.0,3.0,2.0,40092.0,2.2,91.0,0.6,4.1,0.3,0.7,0.6,0.3,0.2,93.2,0.6,6.2,0.075,0.505,20.578375,-100.378506,100.0,True,
35,México - Querétaro (Cuota),00411,MEX-057-MEX-057D,2025,T. Der. Libramiento de Querétaro (Blv. Bernardo Quintana),15_DV2026_Mexico.pdf,27,15_DV2026_Mexico,207.0,3.0,2.0,80072.0,1.5,81.3,1.9,5.0,1.7,5.2,1.6,0.9,0.9,82.8,1.9,15.3,0.064,0.518,20.578513,-100.378541,100.0,True,
35,México - Querétaro (Cuota),00411,MEX-057-MEX-057D,2025,Querétaro,15_DV2026_Mexico.pdf,27,15_DV2026_Mexico,211.6,,,,,,,,,,,,,,,,,,,,,False,
36,Acambay - San José Ixtapa,15037,EM,2025,Acambay,15_DV2026_Mexico.pdf,28,15_DV2026_Mexico,0.0,,,,,,,,,,,,,,,,,,,,,False,
36,Acambay - San José Ixtapa,15037,EM,2025,Temascalcingo,15_DV2026_Mexico.pdf,28,15_DV2026_Mexico,20.0,1.0,0.0,8861.0,4.5,89.8,0.6,4.2,0.5,0.2,0.1,0.0,0.1,94.3,0.6,5.1,0.076,0.502,19.92775,-100.005245,100.0,True,
36,Acambay - San José Ixtapa,15037,EM,2025,San José Ixtapa,15_DV2026_Mexico.pdf,28,15_DV2026_Mexico,37.0,1.0,0.0,1045.0,1.1,90.3,0.3,7.7,0.6,0.0,0.0,0.0,0.0,91.4,0.3,8.3,0.114,0.501,19.985501,-100.074878,100.0,True,
37,Amomolulco - T. C. (Toluca - Palmillas),15022,EM-036,2025,T. C. México - Toluca,15_DV2026_Mexico.pdf,28,15_DV2026_Mexico,0.0,,,,,,,,,,,,,,,,,,,,,False,
37,Amomolulco - T. C. (Toluca - Palmillas),15022,EM-036,2025,Amomolulco,15_DV2026_Mexico.pdf,28,15_DV2026_Mexico,0.3,3.0,0.0,24705.0,4.1,90.7,0.6,2.5,0.5,0.4,0.7,0.3,0.2,94.8,0.6,4.6,0.072,0.516,19.297265,-99.484132,100.0,True,
37,Amomolulco - T. C. (Toluca - Palmillas),15022,EM-036,2025,San Mateo Atarasquillo,15_DV2026_Mexico.pdf,28,15_DV2026_Mexico,5.5,1.0,0.0,23583.0,2.4,90.8,1.2,4.2,0.6,0.3,0.3,0.1,0.1,93.2,1.2,5.6,0.066,0.511,19.312512,-99.46737,100.0,True,
37,Amomolulco - T. C. (Toluca - Palmillas),15022,EM-036,2025,San Mateo Atarasquillo,15_DV2026_Mexico.pdf,28,15_DV2026_Mexico,5.5,3.0,0.0,11668.0,4.6,89.5,0.4,3.3,0.6,0.6,0.6,0.3,0.1,94.1,0.4,5.5,0.073,0.51,19.333905,-99.477111,100.0,True,
37,Amomolulco - T. C. (Toluca - Palmillas),15022,EM-036,2025,San Nicolás Peralta,15_DV2026_Mexico.pdf,28,15_DV2026_Mexico,9.5,1.0,0.0,10782.0,4.1,89.0,0.4,4.5,0.5,0.6,0.5,0.3,0.1,93.1,0.4,6.5,0.081,0.507,19.356564,-99.48371,100.0,True,
37,Amomolulco - T. C. (Toluca - Palmillas),15022,EM-036,2025,Colonia Álvaro Obregón,15_DV2026_Mexico.pdf,28,15_DV2026_Mexico,15.5,1.0,0.0,10674.0,4.1,89.4,0.6,4.3,0.4,0.6,0.3,0.2,0.1,93.5,0.6,5.9,0.077,0.506,19.367617,-99.492711,100.0,True,
37,Amomolulco - T. C. (Toluca - Palmillas),15022,EM-036,2025,Colonia Álvaro Obregón,15_DV2026_Mexico.pdf,28,15_DV2026_Mexico,15.5,3.0,0.0,10467.0,4.5,87.6,0.8,4.3,1.4,0.4,0.4,0.3,0.3,92.1,0.8,7.1,0.081,0.507,19.385482,-99.49316,100.0,True,
37,Amomolulco - T. C. (Toluca - Palmillas),15022,EM-036,2025,X. C. Naucalpan - Toluca,15_DV2026_Mexico.pdf,28,15_DV2026_Mexico,19.1,1.0,0.0,17872.0,6.2,88.6,0.4,2.7,0.8,0.5,0.2,0.3,0.3,94.8,0.4,4.8,0.072,0.513,19.401302,-99.518669,100.0,True,
37,Amomolulco - T. C. (Toluca - Palmillas),15022,EM-036,2025,X. C. Naucalpan - Toluca,15_DV2026_Mexico.pdf,28,15_DV2026_Mexico,19.1,3.0,0.0,17987.0,7.7,85.8,1.2,2.0,1.7,0.8,0.2,0.5,0.1,93.5,1.2,5.3,0.077,0.519,19.410465,-99.524349,100.0,True,
37,Amomolulco - T. C. (Toluca - Palmillas),15022,EM-036,2025,Villa Cuauhtémoc,15_DV2026_Mexico.pdf,28,15_DV2026_Mexico,24.0,1.0,0.0,12136.0,7.8,85.1,1.0,4.7,0.6,0.5,0.1,0.2,0.0,92.9,1.0,6.1,0.065,0.506,19.421269,-99.548352,100.0,True,
37,Amomolulco - T. C. (Toluca - Palmillas),15022,EM-036,2025,Villa Cuauhtémoc,15_DV2026_Mexico.pdf,28,15_DV2026_Mexico,24.0,3.0,0.0,15185.0,4.8,87.4,0.7,5.6,0.8,0.4,0.1,0.2,0.0,92.2,0.7,7.1,0.07,0.525,19.421048,-99.578156,100.0,True,
37,Amomolulco - T. C. (Toluca - Palmillas),15022,EM-036,2025,X. C. Toluca - Temoaya,15_DV2026_Mexico.pdf,28,15_DV2026_Mexico,29.1,1.0,0.0,12677.0,6.5,83.8,0.8,5.9,1.5,0.6,0.4,0.3,0.2,90.3,0.8,8.9,0.065,0.503,19.437872,-99.601521,100.0,True,
37,Amomolulco - T. C. (Toluca - Palmillas),15022,EM-036,2025,X. C. Toluca - Temoaya,15_DV2026_Mexico.pdf,28,15_DV2026_Mexico,29.1,3.0,0.0,7963.0,1.0,92.7,0.7,2.5,1.3,0.8,0.2,0.7,0.1,93.7,0.7,5.6,0.075,0.516,19.442568,-99.607876,100.0,True,
37,Amomolulco - T. C. (Toluca - Palmillas),15022,EM-036,2025,T. Der. San Diego Alcalá,15_DV2026_Mexico.pdf,28,15_DV2026_Mexico,31.7,3.0,0.0,5837.0,3.7,92.9,0.6,1.3,0.8,0.4,0.2,0.1,0.0,96.6,0.6,2.8,0.076,0.505,19.458231,-99.624056,100.0,True,
37,Amomolulco - T. C. (Toluca - Palmillas),15022,EM-036,2025,Tlachaloya,15_DV2026_Mexico.pdf,28,15_DV2026_Mexico,36.1,1.0,0.0,4562.0,2.4,93.3,0.7,1.6,0.9,0.4,0.4,0.2,0.1,95.7,0.7,3.6,0.08,0.501,19.464605,-99.644184,100.0,True,
37,Amomolulco - T. C. (Toluca - Palmillas),15022,EM-036,2025,Tlachaloya,15_DV2026_Mexico.pdf,28,15_DV2026_Mexico,36.1,3.0,0.0,4560.0,2.2,94.1,0.6,1.1,1.0,0.4,0.4,0.1,0.1,96.3,0.6,3.1,0.078,0.513,19.474171,-99.666884,100.0,True,
37,Amomolulco - T. C. (Toluca - Palmillas),15022,EM-036,2025,Antonio Alzate,15_DV2026_Mexico.pdf,28,15_DV2026_Mexico,43.0,3.0,0.0,3142.0,1.2,88.4,0.5,6.8,1.9,1.1,0.1,0.0,0.0,89.6,0.5,9.9,0.082,0.526,19.466616,-99.704369,100.0,True,
37,Amomolulco - T. C. (Toluca - Palmillas),15022,EM-036,2025,T. C. Toluca - Palmillas,15_DV2026_Mexico.pdf,28,15_DV2026_Mexico,46.6,1.0,0.0,4374.0,1.0,91.8,0.7,3.2,1.9,1.1,0.2,0.1,0.0,92.8,0.7,6.5,0.088,0.53,19.442355,-99.724323,100.0,True,
38,Amomolulco - Texcalyacac,15059,EM,2025,T. C. México - Toluca,15_DV2026_Mexico.pdf,28,15_DV2026_Mexico,0.0,,,,,,,,,,,,,,,,,,,,,False,
38,Amomolulco - Texcalyacac,15059,EM,2025,X. C. Ocoyoacac - Santiago Tianguistenco,15_DV2026_Mexico.pdf,28,15_DV2026_Mexico,0.8,3.0,1.0,10848.0,1.0,86.2,1.3,7.0,1.6,1.6,0.4,0.6,0.3,87.2,1.3,11.5,0.082,0.519,19.27415,-99.482185,100.0,True,
38,Amomolulco - Texcalyacac,15059,EM,2025,X. C. Ocoyoacac - Santiago Tianguistenco,15_DV2026_Mexico.pdf,28,15_DV2026_Mexico,0.8,3.0,2.0,10066.0,1.0,85.8,1.2,7.3,1.6,1.8,0.5,0.5,0.3,86.8,1.2,12.0,0.075,0.519,19.274235,-99.482213,100.0,True,
38,Amomolulco - Texcalyacac,15059,EM,2025,Blvr. Carlos Hank González,15_DV2026_Mexico.pdf,28,15_DV2026_Mexico,12.3,1.0,1.0,4403.0,3.9,81.4,1.3,9.8,1.4,1.0,0.4,0.7,0.1,85.3,1.3,13.4,0.081,0.506,19.191684,-99.481063,100.0,True,
38,Amomolulco - Texcalyacac,15059,EM,2025,Blvr. Carlos Hank González,15_DV2026_Mexico.pdf,29,15_DV2026_Mexico,12.3,1.0,2.0,4505.0,3.8,81.4,1.3,9.7,1.5,1.2,0.4,0.6,0.1,85.2,1.3,13.5,0.107,0.506,19.191618,-99.481072,100.0,True,
38,Amomolulco - Texcalyacac,15059,EM,2025,X. C. Mexicalcingo - Xalatlaco,15_DV2026_Mexico.pdf,29,15_DV2026_Mexico,13.1,3.0,0.0,2512.0,2.2,91.2,1.4,2.0,0.8,1.3,1.0,0.1,0.0,93.4,1.4,5.2,0.082,0.502,19.180469,-99.490397,100.0,True,
38,Amomolulco - Texcalyacac,15059,EM,2025,Almoloya del Río,15_DV2026_Mexico.pdf,29,15_DV2026_Mexico,17.0,1.0,0.0,3251.0,2.6,90.0,1.4,2.2,1.2,1.2,1.0,0.2,0.2,92.6,1.4,6.0,0.075,0.534,19.169744,-99.493222,100.0,True,
38,Amomolulco - Texcalyacac,15059,EM,2025,Almoloya del Río,15_DV2026_Mexico.pdf,29,15_DV2026_Mexico,17.0,3.0,0.0,3169.0,8.4,86.9,0.6,2.2,0.4,0.2,0.6,0.1,0.6,95.3,0.6,4.1,0.086,0.513,19.146677,-99.487404,100.0,True,
38,Amomolulco - Texcalyacac,15059,EM,2025,X. C. La Marquesa - Tenango de Arista,15_DV2026_Mexico.pdf,29,15_DV2026_Mexico,22.0,3.0,0.0,2371.0,12.0,82.2,0.9,3.8,0.4,0.4,0.2,0.1,0.0,94.2,0.9,4.9,0.087,0.507,19.142182,-99.485653,100.0,True,
38,Amomolulco - Texcalyacac,15059,EM,2025,Texcalyacac,15_DV2026_Mexico.pdf,29,15_DV2026_Mexico,24.0,,,,,,,,,,,,,,,,,,,,,False,
39,Chalco - Mixquic,00171,EM-CDMX,2025,Chalco,15_DV2026_Mexico.pdf,29,15_DV2026_Mexico,0.0,3.0,1.0,16338.0,5.4,89.9,0.4,2.5,0.9,0.4,0.2,0.2,0.1,95.3,0.4,4.3,0.069,0.523,19.240458,-98.909086,100.0,True,
39,Chalco - Mixquic,00171,EM-CDMX,2025,Chalco,15_DV2026_Mexico.pdf,29,15_DV2026_Mexico,0.0,3.0,2.0,17933.0,5.8,89.2,0.4,2.6,0.9,0.4,0.2,0.3,0.2,95.0,0.4,4.6,0.07,0.523,19.240218,-98.909151,100.0,True,
39,Chalco - Mixquic,00171,EM-CDMX,2025,Lim. Edos. Term. Méx. Ppia. CDMX,15_DV2026_Mexico.pdf,29,15_DV2026_Mexico,8.0,,,,,,,,,,,,,,,,,,,,,False,
39,Chalco - Mixquic,00171,EM-CDMX,2025,Mixquic,15_DV2026_Mexico.pdf,29,15_DV2026_Mexico,10.0,1.0,0.0,7625.0,8.0,86.7,0.6,2.8,0.7,0.6,0.3,0.2,0.1,94.7,0.6,4.7,0.066,0.522,19.224835,-98.945981,100.0,True,
40,Chalco - San Mateo Tezoquiapan,15171,EM,2025,Chalco,15_DV2026_Mexico.pdf,29,15_DV2026_Mexico,0.0,3.0,1.0,16253.0,6.2,86.4,0.3,2.5,1.1,1.5,1.3,0.4,0.3,92.6,0.3,7.1,0.078,0.506,19.26178,-98.884474,100.0,True,
40,Chalco - San Mateo Tezoquiapan,15171,EM,2025,Chalco,15_DV2026_Mexico.pdf,29,15_DV2026_Mexico,0.0,3.0,2.0,16670.0,6.7,86.5,0.3,2.5,0.9,1.3,1.1,0.4,0.3,93.2,0.3,6.5,0.092,0.506,19.26191,-98.884436,100.0,True,
40,Chalco - San Mateo Tezoquiapan,15171,EM,2025,San Gregorio Cuautzingo,15_DV2026_Mexico.pdf,29,15_DV2026_Mexico,4.5,1.0,1.0,16789.0,6.9,87.0,0.8,2.9,0.5,1.0,0.6,0.2,0.1,93.9,0.8,5.3,0.079,0.507,19.263575,-98.864526,100.0,True,
40,Chalco - San Mateo Tezoquiapan,15171,EM,2025,San Gregorio Cuautzingo,15_DV2026_Mexico.pdf,29,15_DV2026_Mexico,4.5,1.0,2.0,16313.0,7.0,86.6,1.0,3.1,0.4,0.9,0.5,0.3,0.2,93.6,1.0,5.4,0.091,0.507,19.263646,-98.86453,100.0,True,
40,Chalco - San Mateo Tezoquiapan,15171,EM,2025,San Gregorio Cuautzingo,15_DV2026_Mexico.pdf,29,15_DV2026_Mexico,4.5,3.0,0.0,18493.0,6.7,88.9,0.4,2.2,0.4,0.4,0.3,0.5,0.2,95.6,0.4,4.0,0.072,0.502,19.269172,-98.847623,100.0,True,
40,Chalco - San Mateo Tezoquiapan,15171,EM,2025,Santa María Huexoculco,15_DV2026_Mexico.pdf,29,15_DV2026_Mexico,9.0,1.0,0.0,6277.0,22.2,74.5,0.4,2.2,0.4,0.2,0.1,0.0,0.0,96.7,0.4,2.9,0.097,0.504,19.267005,-98.827241,100.0,True,
40,Chalco - San Mateo Tezoquiapan,15171,EM,2025,Santa María Huexoculco,15_DV2026_Mexico.pdf,29,15_DV2026_Mexico,9.0,3.0,0.0,2201.0,17.3,75.9,0.6,5.4,0.8,0.0,0.0,0.0,0.0,93.2,0.6,6.2,0.088,0.507,19.247836,-98.82178,100.0,True,
40,Chalco - San Mateo Tezoquiapan,15171,EM,2025,San Mateo Tezoquiapan,15_DV2026_Mexico.pdf,29,15_DV2026_Mexico,14.0,1.0,0.0,2283.0,11.2,84.3,0.5,3.1,0.9,0.0,0.0,0.0,0.0,95.5,0.5,4.0,0.083,0.506,19.229704,-98.817058,100.0,True,
41,Chalco - Tláhuac,00170,EM-CDMX,2025,Chalco,15_DV2026_Mexico.pdf,29,15_DV2026_Mexico,0.0,3.0,1.0,9627.0,3.2,88.5,1.2,4.7,0.6,1.1,0.2,0.2,0.3,91.7,1.2,7.1,0.08,0.505,19.248091,-98.92653,100.0,True,
41,Chalco - Tláhuac,00170,EM-CDMX,2025,Chalco,15_DV2026_Mexico.pdf,29,15_DV2026_Mexico,0.0,3.0,2.0,9437.0,3.5,87.6,1.4,5.0,0.6,1.2,0.2,0.2,0.3,91.1,1.4,7.5,0.068,0.505,19.248006,-98.926627,100.0,True,
41,Chalco - Tláhuac,00170,EM-CDMX,2025,Lim. Edos. Term. Méx. Ppia. CDMX,15_DV2026_Mexico.pdf,30,15_DV2026_Mexico,7.5,,,,,,,,,,,,,,,,,,,,,False,
41,Chalco - Tláhuac,00170,EM-CDMX,2025,Tláhuac,15_DV2026_Mexico.pdf,30,15_DV2026_Mexico,12.0,1.0,1.0,11276.0,9.4,78.2,1.2,7.6,1.1,1.1,0.7,0.3,0.4,87.6,1.2,11.2,0.086,0.503,19.264413,-98.993079,100.0,True,
41,Chalco - Tláhuac,00170,EM-CDMX,2025,Tláhuac,15_DV2026_Mexico.pdf,30,15_DV2026_Mexico,12.0,1.0,2.0,11392.0,9.1,77.7,1.4,8.0,1.2,1.2,0.7,0.3,0.4,86.8,1.4,11.8,0.087,0.503,19.26436,-98.993099,100.0,True,
42,Cuadrilla de López - Zacazonapan,,EM-050,2025,Cuadrilla de López,15_DV2026_Mexico.pdf,30,15_DV2026_Mexico,0.0,3.0,0.0,2807.0,7.0,85.7,0.6,6.1,0.2,0.2,0.2,0.0,0.0,92.7,0.6,6.7,0.085,0.504,18.879625,-100.228128,100.0,True,
42,Cuadrilla de López - Zacazonapan,,EM-050,2025,Villa Luvianos,15_DV2026_Mexico.pdf,30,15_DV2026_Mexico,9.88,3.0,0.0,3367.0,6.4,87.6,0.2,5.1,0.4,0.1,0.1,0.1,0.0,94.0,0.2,5.8,0.109,0.502,18.938321,-100.29855,100.0,True,
42,Cuadrilla de López - Zacazonapan,,EM-050,2025,Zacazonapan,15_DV2026_Mexico.pdf,30,15_DV2026_Mexico,35.29,1.0,0.0,1599.0,21.1,72.0,0.2,5.2,0.2,1.0,0.2,0.0,0.1,93.1,0.2,6.7,0.093,0.505,19.067571,-100.26146,100.0,True,
43,Cuautitlán - Zumpango de Ocampo,15020,EM-035,2025,Cuautitlán,15_DV2026_Mexico.pdf,30,15_DV2026_Mexico,0.0,3.0,1.0,30160.0,8.4,84.0,0.8,1.8,0.8,1.1,0.9,1.8,0.4,92.4,0.8,6.8,0.062,0.508,19.674565,-99.159469,100.0,True,
43,Cuautitlán - Zumpango de Ocampo,15020,EM-035,2025,Cuautitlán,15_DV2026_Mexico.pdf,30,15_DV2026_Mexico,0.0,3.0,2.0,30676.0,8.3,83.0,1.3,2.1,0.9,1.1,1.0,1.8,0.5,91.3,1.3,7.4,0.08,0.508,19.674667,-99.159466,100.0,True,
43,Cuautitlán - Zumpango de Ocampo,15020,EM-035,2025,Melchor Ocampo,15_DV2026_Mexico.pdf,30,15_DV2026_Mexico,6.02,3.0,1.0,9404.0,13.4,76.3,2.6,4.9,1.4,1.1,0.2,0.1,0.0,89.7,2.6,7.7,0.071,0.523,19.722205,-99.138737,100.0,True,
43,Cuautitlán - Zumpango de Ocampo,15020,EM-035,2025,Melchor Ocampo,15_DV2026_Mexico.pdf,30,15_DV2026_Mexico,6.02,3.0,2.0,10312.0,12.5,76.8,2.8,5.0,1.5,1.1,0.2,0.1,0.0,89.3,2.8,7.9,0.075,0.523,19.722202,-99.138869,100.0,True,
43,Cuautitlán - Zumpango de Ocampo,15020,EM-035,2025,T. C. Los Reyes - El Tephé,15_DV2026_Mexico.pdf,30,15_DV2026_Mexico,19.15,1.0,0.0,14943.0,8.8,81.2,1.6,4.3,1.3,1.3,0.6,0.6,0.3,90.0,1.6,8.4,0.066,0.51,19.80678,-99.112049,100.0,True,
44,Dos Casas - Ixtapan del Oro,15033,EM-002,2025,T. C. Toluca - Morelia,15_DV2026_Mexico.pdf,30,15_DV2026_Mexico,0.0,3.0,0.0,4121.0,2.8,93.6,0.9,1.1,0.7,0.5,0.2,0.2,0.0,96.4,0.9,2.7,0.076,0.508,19.41067,-100.141644,100.0,True,
44,Dos Casas - Ixtapan del Oro,15033,EM-002,2025,Ixtapan del Oro,15_DV2026_Mexico.pdf,30,15_DV2026_Mexico,31.5,1.0,0.0,1202.0,7.8,88.0,2.1,1.4,0.5,0.1,0.0,0.1,0.0,95.8,2.1,2.1,0.099,0.516,19.266771,-100.264586,100.0,True,
45,Ent. Cruz de La Misión - San Nicolás Coatepec,15009,EM-005,2025,T. C. La Marquesa - Tenango de Arista,15_DV2026_Mexico.pdf,30,15_DV2026_Mexico,0.0,3.0,0.0,1271.0,7.4,90.4,0.1,0.9,0.9,0.1,0.1,0.1,0.0,97.8,0.1,2.1,0.125,0.54,19.233285,-99.392328,100.0,True,
45,Ent. Cruz de La Misión - San Nicolás Coatepec,15009,EM-005,2025,Xalatlaco,15_DV2026_Mexico.pdf,30,15_DV2026_Mexico,16.3,1.0,0.0,854.0,3.8,88.3,0.2,6.5,0.6,0.2,0.3,0.0,0.1,92.1,0.2,7.7,0.13,0.547,19.197385,-99.406431,100.0,True,
45,Ent. Cruz de La Misión - San Nicolás Coatepec,15009,EM-005,2025,San Nicolás Coatepec,15_DV2026_Mexico.pdf,31,15_DV2026_Mexico,18.5,,,,,,,,,,,,,,,,,,,,,False,
46,Ent. La Puerta - San Miguel Totolmaloya,15003,EM-010,2025,T. C. Toluca - Cd. Altamirano,15_DV2026_Mexico.pdf,31,15_DV2026_Mexico,0.0,3.0,0.0,4005.0,1.9,91.2,1.6,2.4,2.2,0.4,0.1,0.1,0.1,93.1,1.6,5.3,0.093,0.51,19.207256,-99.809258,100.0,True,
46,Ent. La Puerta - San Miguel Totolmaloya,15003,EM-010,2025,T. Izq. Nevado de Toluca,15_DV2026_Mexico.pdf,31,15_DV2026_Mexico,7.56,3.0,0.0,4589.0,2.7,86.1,1.1,6.4,3.2,0.2,0.1,0.1,0.1,88.8,1.1,10.1,0.089,0.517,19.153527,-99.804603,100.0,True,
46,Ent. La Puerta - San Miguel Totolmaloya,15003,EM-010,2025,T. Izq. Ixtapan de La Sal,15_DV2026_Mexico.pdf,31,15_DV2026_Mexico,31.8,3.0,0.0,3537.0,2.0,88.2,2.2,2.9,2.6,1.1,0.9,0.1,0.0,90.2,2.2,7.6,0.074,0.503,19.006579,-99.900636,100.0,True,
46,Ent. La Puerta - San Miguel Totolmaloya,15003,EM-010,2025,T. Izq. Zacualpan,15_DV2026_Mexico.pdf,31,15_DV2026_Mexico,47.29,3.0,0.0,3757.0,5.3,91.3,0.7,1.3,0.8,0.2,0.2,0.1,0.1,96.6,0.7,2.7,0.098,0.502,18.901741,-99.937402,100.0,True,
46,Ent. La Puerta - San Miguel Totolmaloya,15003,EM-010,2025,Sultepec de Pedro Ascencio,15_DV2026_Mexico.pdf,31,15_DV2026_Mexico,58.0,3.0,0.0,1529.0,9.0,83.0,0.3,6.4,0.3,0.4,0.2,0.3,0.1,92.0,0.3,7.7,0.09,0.524,18.853752,-99.964117,100.0,True,
46,Ent. La Puerta - San Miguel Totolmaloya,15003,EM-010,2025,San Miguel Totolmaloya,15_DV2026_Mexico.pdf,31,15_DV2026_Mexico,106.0,,,,,,,,,,,,,,,,,,,,,False,
47,Ent. Tolman - Cd. Sahagún,00119,EM-009-HGO,2025,T. C. Venta de Carpio - Tulancingo,15_DV2026_Mexico.pdf,31,15_DV2026_Mexico,0.0,3.0,0.0,18355.0,5.2,88.3,0.7,2.6,1.1,1.0,0.6,0.4,0.1,93.5,0.7,5.8,0.079,0.515,19.714536,-98.791151,100.0,True,
47,Ent. Tolman - Cd. Sahagún,00119,EM-009-HGO,2025,Otumba,15_DV2026_Mexico.pdf,31,15_DV2026_Mexico,5.0,3.0,0.0,5964.0,4.1,86.3,1.1,4.2,1.1,1.7,1.0,0.4,0.1,90.4,1.1,8.5,0.08,0.509,19.710485,-98.743202,100.0,True,
47,Ent. Tolman - Cd. Sahagún,00119,EM-009-HGO,2025,T. Der. Jaltepec,15_DV2026_Mexico.pdf,31,15_DV2026_Mexico,21.0,3.0,0.0,3375.0,3.3,77.0,3.2,12.2,1.4,1.4,1.0,0.3,0.2,80.3,3.2,16.5,0.069,0.52,19.749524,-98.653621,100.0,True,
47,Ent. Tolman - Cd. Sahagún,00119,EM-009-HGO,2025,Lim. Edos. Term. Méx. Ppia. Hgo.,15_DV2026_Mexico.pdf,31,15_DV2026_Mexico,25.0,,,,,,,,,,,,,,,,,,,,,False,
47,Ent. Tolman - Cd. Sahagún,00119,EM-009-HGO,2025,Cd. Sahagún,15_DV2026_Mexico.pdf,31,15_DV2026_Mexico,32.0,1.0,0.0,7802.0,7.8,76.1,1.5,8.1,2.0,1.8,1.6,0.5,0.6,83.9,1.5,14.6,0.077,0.539,19.752526,-98.60283,100.0,True,
48,Ixtlahuaca de Rayón - Naucalpan,15004,EM-003,2025,Ixtlahuaca de Rayón,15_DV2026_Mexico.pdf,31,15_DV2026_Mexico,0.0,3.0,1.0,13474.0,8.8,87.0,0.5,2.0,0.7,0.3,0.1,0.5,0.1,95.8,0.5,3.7,0.081,0.508,19.568516,-99.753607,100.0,True,
48,Ixtlahuaca de Rayón - Naucalpan,15004,EM-003,2025,Ixtlahuaca de Rayón,15_DV2026_Mexico.pdf,31,15_DV2026_Mexico,0.0,3.0,2.0,13046.0,9.3,86.1,0.3,2.2,0.6,0.4,0.1,0.8,0.2,95.4,0.3,4.3,0.091,0.508,19.568666,-99.753439,100.0,True,
48,Ixtlahuaca de Rayón - Naucalpan,15004,EM-003,2025,T. Izq. Atlacomulco (libre),15_DV2026_Mexico.pdf,31,15_DV2026_Mexico,2.65,3.0,1.0,9631.0,4.9,91.4,0.4,2.5,0.5,0.2,0.0,0.1,0.0,96.3,0.4,3.3,0.084,0.512,19.570034,-99.736139,100.0,True,
48,Ixtlahuaca de Rayón - Naucalpan,15004,EM-003,2025,T. Izq. Atlacomulco (libre),15_DV2026_Mexico.pdf,31,15_DV2026_Mexico,2.65,3.0,2.0,10090.0,4.9,90.9,0.4,3.0,0.5,0.2,0.0,0.1,0.0,95.8,0.4,3.8,0.106,0.512,19.570105,-99.736161,100.0,True,
48,Ixtlahuaca de Rayón - Naucalpan,15004,EM-003,2025,T. Izq. San Felipe Santiago,15_DV2026_Mexico.pdf,31,15_DV2026_Mexico,10.0,1.0,0.0,12026.0,0.6,95.1,0.6,2.7,0.7,0.1,0.1,0.1,0.0,95.7,0.6,3.7,0.095,0.518,19.582814,-99.682501,100.0,True,
48,Ixtlahuaca de Rayón - Naucalpan,15004,EM-003,2025,T. Izq. San Felipe Santiago,15_DV2026_Mexico.pdf,31,15_DV2026_Mexico,10.0,3.0,0.0,7386.0,2.2,91.7,0.1,5.4,0.3,0.2,0.1,0.0,0.0,93.9,0.1,6.0,0.094,0.504,19.58107,-99.664101,100.0,True,
48,Ixtlahuaca de Rayón - Naucalpan,15004,EM-003,2025,Jiquipilco,15_DV2026_Mexico.pdf,31,15_DV2026_Mexico,18.0,1.0,0.0,4609.0,2.9,87.9,0.2,8.5,0.2,0.2,0.1,0.0,0.0,90.8,0.2,9.0,0.08,0.51,19.563003,-99.608794,100.0,True,
48,Ixtlahuaca de Rayón - Naucalpan,15004,EM-003,2025,Jiquipilco,15_DV2026_Mexico.pdf,31,15_DV2026_Mexico,18.0,3.0,0.0,914.0,3.1,92.2,0.5,2.9,1.2,0.1,0.0,0.0,0.0,95.3,0.5,4.2,0.121,0.52,19.570493,-99.59109,100.0,True,
48,Ixtlahuaca de Rayón - Naucalpan,15004,EM-003,2025,T. Izq. Santa Ana Jilotzingo,15_DV2026_Mexico.pdf,32,15_DV2026_Mexico,56.6,1.0,0.0,1452.0,3.2,93.3,0.5,2.6,0.4,0.0,0.0,0.0,0.0,96.5,0.5,3.0,0.106,0.528,19.521617,-99.468944,100.0,True,
48,Ixtlahuaca de Rayón - Naucalpan,15004,EM-003,2025,T. Izq. Santa Ana Jilotzingo,15_DV2026_Mexico.pdf,32,15_DV2026_Mexico,56.6,3.0,0.0,4722.0,3.2,89.4,0.6,5.7,0.4,0.2,0.3,0.1,0.1,92.6,0.6,6.8,0.091,0.508,19.519168,-99.403537,100.0,True,
48,Ixtlahuaca de Rayón - Naucalpan,15004,EM-003,2025,X. C. La Venta - Lechería (Cuota),15_DV2026_Mexico.pdf,32,15_DV2026_Mexico,70.7,1.0,0.0,19640.0,4.4,85.8,0.7,4.7,2.8,1.3,0.2,0.1,0.0,90.2,0.7,9.1,0.072,0.541,19.486167,-99.316167,100.0,True,
48,Ixtlahuaca de Rayón - Naucalpan,15004,EM-003,2025,San Mateo Nopala,15_DV2026_Mexico.pdf,32,15_DV2026_Mexico,75.0,1.0,0.0,9034.0,4.9,87.7,0.7,4.1,1.6,0.6,0.2,0.1,0.1,92.6,0.7,6.7,0.073,0.523,19.491043,-99.298406,100.0,True,
48,Ixtlahuaca de Rayón - Naucalpan,15004,EM-003,2025,T. C. México - Querétaro (Cuota),15_DV2026_Mexico.pdf,32,15_DV2026_Mexico,80.0,,,,,,,,,,,,,,,,,,,,,False,
49,Ixtlahuaca de Rayón - San Felipe del Progreso,15005,EM,2025,Ixtlahuaca de Rayón,15_DV2026_Mexico.pdf,32,15_DV2026_Mexico,0.0,3.0,0.0,17900.0,3.2,89.0,0.3,6.5,0.5,0.3,0.2,0.0,0.0,92.2,0.3,7.5,0.079,0.503,19.574857,-99.782012,100.0,True,
49,Ixtlahuaca de Rayón - San Felipe del Progreso,15005,EM,2025,San Miguel,15_DV2026_Mexico.pdf,32,15_DV2026_Mexico,10.5,3.0,0.0,7085.0,3.3,88.9,0.6,6.0,0.7,0.3,0.1,0.1,0.0,92.2,0.6,7.2,0.078,0.516,19.578791,-99.86594,100.0,True,
49,Ixtlahuaca de Rayón - San Felipe del Progreso,15005,EM,2025,San Felipe del Progreso,15_DV2026_Mexico.pdf,32,15_DV2026_Mexico,32.0,1.0,0.0,11741.0,1.9,93.1,0.3,4.2,0.4,0.1,0.0,0.0,0.0,95.0,0.3,4.7,0.089,0.505,19.696119,-99.947261,100.0,True,
50,Jilotepec - Maravillas,00015,EM-HGO,2025,Jilotepec,15_DV2026_Mexico.pdf,32,15_DV2026_Mexico,0.0,3.0,0.0,10927.0,8.3,86.5,0.4,3.0,0.9,0.2,0.4,0.2,0.1,94.8,0.4,4.8,0.076,0.503,19.955859,-99.558989,100.0,True,
50,Jilotepec - Maravillas,00015,EM-HGO,2025,X. C. México - Querétaro (Cuota),15_DV2026_Mexico.pdf,32,15_DV2026_Mexico,21.3,1.0,0.0,3364.0,4.6,87.4,1.3,3.6,1.1,1.0,0.4,0.4,0.2,92.0,1.3,6.7,0.102,0.503,20.080173,-99.632195,100.0,True,
50,Jilotepec - Maravillas,00015,EM-HGO,2025,X. C. México - Querétaro (Cuota),15_DV2026_Mexico.pdf,32,15_DV2026_Mexico,21.3,3.0,0.0,4577.0,4.4,87.6,1.7,3.5,1.3,0.7,0.4,0.3,0.1,92.0,1.7,6.3,0.095,0.537,20.093847,-99.626594,100.0,True,
50,Jilotepec - Maravillas,00015,EM-HGO,2025,Acazuchitlán,15_DV2026_Mexico.pdf,32,15_DV2026_Mexico,29.0,1.0,0.0,2994.0,4.6,87.2,1.6,3.0,1.8,0.8,0.6,0.3,0.1,91.8,1.6,6.6,0.098,0.534,20.139,-99.602662,100.0,True,
50,Jilotepec - Maravillas,00015,EM-HGO,2025,Lim. Edos. Term. Méx. Ppia. Hgo.,15_DV2026_Mexico.pdf,32,15_DV2026_Mexico,29.3,,,,,,,,,,,,,,,,,,,,,False,
50,Jilotepec - Maravillas,00015,EM-HGO,2025,Maravillas,15_DV2026_Mexico.pdf,32,15_DV2026_Mexico,36.4,1.0,0.0,2107.0,3.1,89.4,2.1,3.1,1.2,0.8,0.1,0.2,0.0,92.5,2.1,5.4,0.155,0.562,20.198188,-99.584478,100.0,True,
50,Jilotepec - Maravillas,00015,EM-HGO,2025,T. C. El Saucillo - Amealco,15_DV2026_Mexico.pdf,32,15_DV2026_Mexico,40.0,1.0,0.0,3771.0,4.5,87.9,1.2,4.4,0.8,0.5,0.4,0.2,0.1,92.4,1.2,6.4,0.129,0.507,20.231581,-99.594541,100.0,True,
51,Jilotepec - San Agustín,15046,EM,2025,Jilotepec,15_DV2026_Mexico.pdf,32,15_DV2026_Mexico,0.0,3.0,1.0,11295.0,7.9,79.1,1.7,6.5,1.6,1.2,0.7,0.8,0.5,87.0,1.7,11.3,0.096,0.506,19.969776,-99.53135,100.0,True,
51,Jilotepec - San Agustín,15046,EM,2025,Jilotepec,15_DV2026_Mexico.pdf,32,15_DV2026_Mexico,0.0,3.0,2.0,11017.0,8.3,77.3,1.7,7.5,1.6,1.4,0.7,1.0,0.5,85.6,1.7,12.7,0.091,0.506,19.969738,-99.531461,100.0,True,
51,Jilotepec - San Agustín,15046,EM,2025,San Agustín Buenavista,15_DV2026_Mexico.pdf,32,15_DV2026_Mexico,10.0,1.0,0.0,2332.0,3.5,81.8,1.6,11.0,1.0,0.5,0.3,0.2,0.1,85.3,1.6,13.1,0.114,0.507,20.0318,-99.517139,100.0,True,
52,La Marquesa - Río Hondo,15007,EM-005,2025,T. C. México - Toluca,15_DV2026_Mexico.pdf,33,15_DV2026_Mexico,0.0,3.0,0.0,9894.0,4.0,93.4,0.5,1.0,0.5,0.5,0.1,0.0,0.0,97.4,0.5,2.1,0.081,0.503,19.307545,-99.369287,100.0,True,
52,La Marquesa - Río Hondo,15007,EM-005,2025,Huixquilucan,15_DV2026_Mexico.pdf,33,15_DV2026_Mexico,8.2,3.0,0.0,17511.0,9.5,83.3,0.5,5.3,0.6,0.4,0.2,0.2,0.0,92.8,0.5,6.7,0.075,0.524,19.369202,-99.341789,100.0,True,
52,La Marquesa - Río Hondo,15007,EM-005,2025,T. Der. San Bartolito,15_DV2026_Mexico.pdf,33,15_DV2026_Mexico,15.7,3.0,0.0,30309.0,11.8,79.3,1.7,3.9,1.5,0.8,0.2,0.5,0.3,91.1,1.7,7.2,0.069,0.501,19.408499,-99.306605,100.0,True,
52,La Marquesa - Río Hondo,15007,EM-005,2025,T. C. Naucalpan - Toluca,15_DV2026_Mexico.pdf,33,15_DV2026_Mexico,20.3,,,,,,,,,,,,,,,,,,,,,False,
53,La Marquesa - Tenango de Arista,15008,EM-006,2025,T. C. México - Toluca,15_DV2026_Mexico.pdf,33,15_DV2026_Mexico,0.0,3.0,0.0,11964.0,2.8,91.9,1.7,1.9,0.9,0.7,0.1,0.0,0.0,94.7,1.7,3.6,0.113,0.515,19.290491,-99.373064,100.0,True,
53,La Marquesa - Tenango de Arista,15008,EM-006,2025,T. Der. Atlapulco,15_DV2026_Mexico.pdf,33,15_DV2026_Mexico,5.0,3.0,0.0,10939.0,2.2,93.1,1.5,1.5,0.6,0.7,0.3,0.1,0.0,95.3,1.5,3.2,0.104,0.507,19.263254,-99.373313,100.0,True,
53,La Marquesa - Tenango de Arista,15008,EM-006,2025,X. C. Ent. Cruz de La Misión - San Nicolás Coatepec,15_DV2026_Mexico.pdf,33,15_DV2026_Mexico,11.8,3.0,0.0,8393.0,1.4,92.9,2.1,2.0,0.7,0.7,0.1,0.1,0.0,94.3,2.1,3.6,0.092,0.503,19.234171,-99.394186,100.0,True,
53,La Marquesa - Tenango de Arista,15008,EM-006,2025,X. C. Mexicalcingo - Xalatlaco,15_DV2026_Mexico.pdf,33,15_DV2026_Mexico,20.8,1.0,0.0,11091.0,4.6,90.0,1.6,2.5,0.7,0.4,0.1,0.1,0.0,94.6,1.6,3.8,0.113,0.513,19.181046,-99.441117,100.0,True,
53,La Marquesa - Tenango de Arista,15008,EM-006,2025,X. C. Santiago Tianguistenco - Chalma,15_DV2026_Mexico.pdf,33,15_DV2026_Mexico,23.8,3.0,0.0,18227.0,8.3,80.4,1.1,5.5,1.6,2.4,0.5,0.1,0.1,88.7,1.1,10.2,0.085,0.502,19.160526,-99.467002,100.0,True,
53,La Marquesa - Tenango de Arista,15008,EM-006,2025,Tenango de Arista,15_DV2026_Mexico.pdf,33,15_DV2026_Mexico,39.8,1.0,0.0,9757.0,3.7,86.2,1.0,7.0,0.7,0.4,0.5,0.4,0.1,89.9,1.0,9.1,0.073,0.503,19.110027,-99.571176,100.0,True,
54,Las Juntas - Ixtapan de La Sal,15023,EM-012,2025,T. C. La Puerta - San Miguel Totolmaloya,15_DV2026_Mexico.pdf,33,15_DV2026_Mexico,0.0,3.0,0.0,1545.0,2.3,89.1,0.8,6.4,0.3,0.9,0.0,0.1,0.1,91.4,0.8,7.8,0.104,0.533,19.010946,-99.900212,100.0,True,
54,Las Juntas - Ixtapan de La Sal,15023,EM-012,2025,Coatepec Harinas,15_DV2026_Mexico.pdf,33,15_DV2026_Mexico,35.16,1.0,0.0,5619.0,15.8,78.1,0.4,3.9,0.3,0.5,0.8,0.1,0.1,93.9,0.4,5.7,0.09,0.505,18.922876,-99.781247,100.0,True,
54,Las Juntas - Ixtapan de La Sal,15023,EM-012,2025,Coatepec Harinas,15_DV2026_Mexico.pdf,33,15_DV2026_Mexico,35.16,3.0,0.0,7269.0,15.6,81.0,0.5,1.1,0.5,0.4,0.3,0.5,0.1,96.6,0.5,2.9,0.075,0.502,18.909584,-99.765598,100.0,True,
54,Las Juntas - Ixtapan de La Sal,15023,EM-012,2025,Ixtapan de La Sal,15_DV2026_Mexico.pdf,33,15_DV2026_Mexico,56.06,1.0,1.0,6541.0,10.3,85.0,0.2,3.3,0.5,0.3,0.3,0.1,0.0,95.3,0.2,4.5,0.083,0.512,18.838271,-99.679976,100.0,True,
54,Las Juntas - Ixtapan de La Sal,15023,EM-012,2025,Ixtapan de La Sal,15_DV2026_Mexico.pdf,33,15_DV2026_Mexico,56.06,1.0,2.0,6854.0,10.4,85.1,0.2,3.2,0.5,0.3,0.2,0.1,0.0,95.5,0.2,4.3,0.083,0.512,18.838304,-99.680048,100.0,True,
55,Lechería - Apaxco,15018,EM-006,2025,T. C. San Pedro Barrientos - Ecatepec,15_DV2026_Mexico.pdf,33,15_DV2026_Mexico,0.0,3.0,1.0,33856.0,2.7,89.3,0.8,3.9,1.0,1.6,0.2,0.3,0.2,92.0,0.8,7.2,0.082,0.507,19.602515,-99.18684,100.0,True,
55,Lechería - Apaxco,15018,EM-006,2025,T. C. San Pedro Barrientos - Ecatepec,15_DV2026_Mexico.pdf,33,15_DV2026_Mexico,0.0,3.0,2.0,32871.0,2.7,89.3,0.8,3.9,1.0,1.6,0.2,0.3,0.2,92.0,0.8,7.2,0.099,0.507,19.602648,-99.18699,100.0,True,
55,Lechería - Apaxco,15018,EM-006,2025,Cuautitlán,15_DV2026_Mexico.pdf,33,15_DV2026_Mexico,8.6,3.0,1.0,6830.0,10.1,79.6,1.2,1.7,3.1,1.5,0.6,1.3,0.9,89.7,1.2,9.1,0.094,0.548,19.693988,-99.188478,100.0,True,
55,Lechería - Apaxco,15018,EM-006,2025,Cuautitlán,15_DV2026_Mexico.pdf,33,15_DV2026_Mexico,8.6,3.0,2.0,8272.0,10.5,79.9,1.1,1.5,3.1,1.3,0.6,1.3,0.7,90.4,1.1,8.5,0.067,0.548,19.693964,-99.188514,100.0,True,
55,Lechería - Apaxco,15018,EM-006,2025,T. Izq. Tepotzotlán,15_DV2026_Mexico.pdf,33,15_DV2026_Mexico,13.04,3.0,1.0,13981.0,8.7,80.7,1.2,3.0,2.9,2.3,0.4,0.5,0.3,89.4,1.2,9.4,0.079,0.515,19.718391,-99.192837,100.0,True,
55,Lechería - Apaxco,15018,EM-006,2025,T. Izq. Tepotzotlán,15_DV2026_Mexico.pdf,34,15_DV2026_Mexico,13.04,3.0,2.0,13169.0,7.2,80.7,1.3,3.5,3.4,2.7,0.4,0.5,0.3,87.9,1.3,10.8,0.082,0.515,19.718439,-99.192916,100.0,True,
55,Lechería - Apaxco,15018,EM-006,2025,Teoloyucan,15_DV2026_Mexico.pdf,34,15_DV2026_Mexico,21.0,3.0,0.0,7740.0,20.5,72.7,0.7,2.0,2.6,0.8,0.3,0.3,0.1,93.2,0.7,6.1,0.075,0.513,19.767344,-99.197716,100.0,True,
55,Lechería - Apaxco,15018,EM-006,2025,Huehuetoca,15_DV2026_Mexico.pdf,34,15_DV2026_Mexico,26.5,3.0,0.0,12226.0,17.2,75.4,1.4,2.1,1.5,0.9,0.5,0.7,0.3,92.6,1.4,6.0,0.057,0.508,19.844691,-99.208639,100.0,True,
55,Lechería - Apaxco,15018,EM-006,2025,Apaxco,15_DV2026_Mexico.pdf,34,15_DV2026_Mexico,45.7,1.0,0.0,12793.0,14.7,75.6,0.9,5.5,0.9,1.3,0.6,0.4,0.1,90.3,0.9,8.8,0.073,0.52,19.962857,-99.177372,100.0,True,
56,Los Reyes - El Tephé,00021,EM-HGO,2025,T. C. México - Pachuca (Libre),15_DV2026_Mexico.pdf,34,15_DV2026_Mexico,0.0,,,,,,,,,,,,,,,,,,,,,False,
56,Los Reyes - El Tephé,00021,EM-HGO,2025,Los Reyes,15_DV2026_Mexico.pdf,34,15_DV2026_Mexico,1.35,3.0,1.0,9614.0,6.6,85.5,0.4,5.8,0.5,0.6,0.3,0.3,0.0,92.1,0.4,7.5,0.082,0.504,19.769181,-98.995199,100.0,True,
56,Los Reyes - El Tephé,00021,EM-HGO,2025,Los Reyes,15_DV2026_Mexico.pdf,34,15_DV2026_Mexico,1.35,3.0,2.0,9477.0,5.7,87.0,0.4,5.6,0.4,0.4,0.2,0.3,0.0,92.7,0.4,6.9,0.076,0.504,19.769115,-98.995231,100.0,True,
56,Los Reyes - El Tephé,00021,EM-HGO,2025,Zumpango,15_DV2026_Mexico.pdf,34,15_DV2026_Mexico,15.35,1.0,1.0,13449.0,13.1,82.5,0.3,1.6,1.7,0.4,0.1,0.2,0.1,95.6,0.3,4.1,0.083,0.502,19.792391,-99.07394,100.0,True,
56,Los Reyes - El Tephé,00021,EM-HGO,2025,Zumpango,15_DV2026_Mexico.pdf,34,15_DV2026_Mexico,15.35,1.0,2.0,13539.0,13.6,81.7,0.3,1.7,1.9,0.4,0.1,0.2,0.1,95.3,0.3,4.4,0.082,0.502,19.792514,-99.075019,100.0,True,
56,Los Reyes - El Tephé,00021,EM-HGO,2025,Zumpango,15_DV2026_Mexico.pdf,34,15_DV2026_Mexico,15.35,3.0,0.0,19815.0,7.7,82.9,0.6,4.4,1.7,1.5,0.6,0.5,0.1,90.6,0.6,8.8,0.068,0.505,19.820641,-99.115169,100.0,True,
56,Los Reyes - El Tephé,00021,EM-HGO,2025,Tequixquiac,15_DV2026_Mexico.pdf,34,15_DV2026_Mexico,29.0,1.0,0.0,10714.0,12.1,78.0,1.4,4.0,1.7,1.4,0.6,0.6,0.2,90.1,1.4,8.5,0.072,0.504,19.882477,-99.137153,100.0,True,
56,Los Reyes - El Tephé,00021,EM-HGO,2025,Apaxco,15_DV2026_Mexico.pdf,34,15_DV2026_Mexico,39.0,3.0,1.0,5586.0,9.6,80.4,0.6,3.4,2.2,2.0,1.2,0.5,0.1,90.0,0.6,9.4,0.104,0.502,19.983208,-99.178941,100.0,True,
56,Los Reyes - El Tephé,00021,EM-HGO,2025,Apaxco,15_DV2026_Mexico.pdf,34,15_DV2026_Mexico,39.0,3.0,2.0,5539.0,9.3,80.4,0.5,3.2,2.4,1.8,1.9,0.4,0.1,89.7,0.5,9.8,0.087,0.502,19.983166,-99.179005,100.0,True,
56,Los Reyes - El Tephé,00021,EM-HGO,2025,Lim. Edos. Term. Méx. Ppia. Hgo.,15_DV2026_Mexico.pdf,34,15_DV2026_Mexico,40.0,,,,,,,,,,,,,,,,,,,,,False,
56,Los Reyes - El Tephé,00021,EM-HGO,2025,T. Izq. Atotonilco (1º Acceso),15_DV2026_Mexico.pdf,34,15_DV2026_Mexico,42.0,1.0,0.0,11150.0,11.5,75.0,0.5,3.2,3.3,2.1,3.1,1.0,0.3,86.5,0.5,13.0,0.073,0.503,19.990533,-99.18474,100.0,True,
56,Los Reyes - El Tephé,00021,EM-HGO,2025,X. C. Arco Norte de La Ciudad de México,15_DV2026_Mexico.pdf,34,15_DV2026_Mexico,50.0,3.0,1.0,7214.0,9.0,80.6,1.1,4.4,1.5,1.4,0.8,0.7,0.5,89.6,1.1,9.3,0.092,0.516,20.069601,-99.220605,100.0,True,
56,Los Reyes - El Tephé,00021,EM-HGO,2025,X. C. Arco Norte de La Ciudad de México,15_DV2026_Mexico.pdf,34,15_DV2026_Mexico,50.0,3.0,2.0,7699.0,9.2,80.6,1.0,4.6,1.3,1.2,0.8,0.8,0.5,89.8,1.0,9.2,0.074,0.516,20.069594,-99.220678,100.0,True,
56,Los Reyes - El Tephé,00021,EM-HGO,2025,Tlaxcoapan,15_DV2026_Mexico.pdf,34,15_DV2026_Mexico,52.0,3.0,1.0,4613.0,15.0,78.5,1.2,3.3,0.8,0.4,0.1,0.5,0.2,93.5,1.2,5.3,0.084,0.51,20.103311,-99.221591,100.0,True,
56,Los Reyes - El Tephé,00021,EM-HGO,2025,Tlaxcoapan,15_DV2026_Mexico.pdf,34,15_DV2026_Mexico,52.0,3.0,2.0,4441.0,15.6,78.3,1.1,3.0,0.6,0.3,0.1,0.8,0.2,93.9,1.1,5.0,0.08,0.51,20.10331,-99.221673,100.0,True,
56,Los Reyes - El Tephé,00021,EM-HGO,2025,Tlahuelilpan,15_DV2026_Mexico.pdf,34,15_DV2026_Mexico,60.0,3.0,1.0,10871.0,11.8,79.8,1.0,3.5,1.4,1.3,0.5,0.5,0.2,91.6,1.0,7.4,0.072,0.503,20.149975,-99.234172,100.0,True,
56,Los Reyes - El Tephé,00021,EM-HGO,2025,Tlahuelilpan,15_DV2026_Mexico.pdf,34,15_DV2026_Mexico,60.0,3.0,2.0,10753.0,11.7,81.0,1.3,3.5,0.9,0.7,0.5,0.3,0.1,92.7,1.3,6.0,0.09,0.503,20.149978,-99.234263,100.0,True,
56,Los Reyes - El Tephé,00021,EM-HGO,2025,Progreso,15_DV2026_Mexico.pdf,34,15_DV2026_Mexico,72.0,1.0,1.0,12858.0,14.1,80.4,0.8,2.1,1.5,0.5,0.3,0.2,0.1,94.5,0.8,4.7,0.07,0.514,20.236796,-99.195701,100.0,True,
56,Los Reyes - El Tephé,00021,EM-HGO,2025,Progreso,15_DV2026_Mexico.pdf,34,15_DV2026_Mexico,72.0,1.0,2.0,13603.0,14.1,79.6,0.9,2.7,1.7,0.5,0.2,0.2,0.1,93.7,0.9,5.4,0.07,0.514,20.236721,-99.195705,100.0,True,
56,Los Reyes - El Tephé,00021,EM-HGO,2025,El Tephé,15_DV2026_Mexico.pdf,34,15_DV2026_Mexico,97.0,1.0,0.0,9575.0,7.3,83.1,0.7,4.2,1.9,1.6,0.9,0.2,0.1,90.4,0.7,8.9,0.09,0.521,20.434858,-99.172151,100.0,True,
57,Mexicalcingo - Xalatlaco,15028,EM-044,2025,Mexicalcingo,15_DV2026_Mexico.pdf,34,15_DV2026_Mexico,0.0,3.0,1.0,7850.0,3.0,91.8,0.4,3.1,0.8,0.5,0.1,0.3,0.0,94.8,0.4,4.8,0.078,0.507,19.206821,-99.579078,100.0,True,
57,Mexicalcingo - Xalatlaco,15028,EM-044,2025,Mexicalcingo,15_DV2026_Mexico.pdf,35,15_DV2026_Mexico,0.0,3.0,2.0,7627.0,2.9,92.3,0.5,2.7,0.6,0.5,0.1,0.3,0.1,95.2,0.5,4.3,0.088,0.507,19.206885,-99.579022,100.0,True,
57,Mexicalcingo - Xalatlaco,15028,EM-044,2025,Santiago Tianguistenco,15_DV2026_Mexico.pdf,35,15_DV2026_Mexico,12.6,1.0,1.0,10477.0,2.6,89.9,0.8,5.5,0.4,0.6,0.2,0.0,0.0,92.5,0.8,6.7,0.081,0.521,19.182404,-99.483092,100.0,True,
57,Mexicalcingo - Xalatlaco,15028,EM-044,2025,Santiago Tianguistenco,15_DV2026_Mexico.pdf,35,15_DV2026_Mexico,12.6,1.0,2.0,11415.0,2.3,90.2,0.7,5.6,0.4,0.6,0.2,0.0,0.0,92.5,0.7,6.8,0.083,0.521,19.182477,-99.482977,100.0,True,
57,Mexicalcingo - Xalatlaco,15028,EM-044,2025,Xalatlaco,15_DV2026_Mexico.pdf,35,15_DV2026_Mexico,18.6,1.0,1.0,7568.0,7.3,90.0,0.3,1.3,0.7,0.4,0.0,0.0,0.0,97.3,0.3,2.4,0.095,0.503,19.178922,-99.440656,100.0,True,
57,Mexicalcingo - Xalatlaco,15028,EM-044,2025,Xalatlaco,15_DV2026_Mexico.pdf,35,15_DV2026_Mexico,18.6,1.0,2.0,7664.0,8.5,88.6,0.4,1.5,0.6,0.4,0.0,0.0,0.0,97.1,0.4,2.5,0.077,0.503,19.178994,-99.440649,100.0,True,
58,Nicolás Romero - T. C. (Ixtlahuaca de R. - Naucalpan),15026,EM-043,2025,Nicolás Romero,15_DV2026_Mexico.pdf,35,15_DV2026_Mexico,0.0,3.0,0.0,12461.0,12.1,80.6,0.7,3.7,0.9,0.7,0.5,0.7,0.1,92.7,0.7,6.6,0.064,0.516,19.609447,-99.32863,100.0,True,
58,Nicolás Romero - T. C. (Ixtlahuaca de R. - Naucalpan),15026,EM-043,2025,Tlazala de Fabela,15_DV2026_Mexico.pdf,35,15_DV2026_Mexico,15.5,1.0,0.0,4282.0,6.5,84.1,0.4,5.4,1.9,1.4,0.2,0.1,0.0,90.6,0.4,9.0,0.079,0.503,19.566014,-99.408573,100.0,True,
58,Nicolás Romero - T. C. (Ixtlahuaca de R. - Naucalpan),15026,EM-043,2025,T. C. Ixtlahuaca de Rayón - Naucalpan,15_DV2026_Mexico.pdf,35,15_DV2026_Mexico,28.4,1.0,0.0,1460.0,3.4,88.2,0.3,6.1,0.9,0.6,0.2,0.3,0.0,91.6,0.3,8.1,0.076,0.506,19.534118,-99.450657,100.0,True,
59,Ocoyoacac - Santiago Tianguistenco,15021,EM,2025,T. C. México - Toluca,15_DV2026_Mexico.pdf,35,15_DV2026_Mexico,0.0,3.0,1.0,5996.0,2.1,87.2,1.9,6.4,0.7,0.6,0.4,0.5,0.2,89.3,1.9,8.8,0.083,0.505,19.279644,-99.483945,100.0,True,
59,Ocoyoacac - Santiago Tianguistenco,15021,EM,2025,T. C. México - Toluca,15_DV2026_Mexico.pdf,35,15_DV2026_Mexico,0.0,3.0,2.0,5881.0,2.3,87.5,1.7,6.2,0.7,0.5,0.4,0.5,0.2,89.8,1.7,8.5,0.074,0.505,19.279762,-99.484343,100.0,True,
59,Ocoyoacac - Santiago Tianguistenco,15021,EM,2025,Ocoyoacac,15_DV2026_Mexico.pdf,35,15_DV2026_Mexico,4.0,3.0,1.0,4612.0,4.4,89.5,4.1,0.8,0.7,0.2,0.1,0.1,0.1,93.9,4.1,2.0,0.083,0.501,19.259645,-99.470077,100.0,True,
59,Ocoyoacac - Santiago Tianguistenco,15021,EM,2025,Ocoyoacac,15_DV2026_Mexico.pdf,35,15_DV2026_Mexico,4.0,3.0,2.0,4637.0,4.2,89.4,4.4,0.7,0.7,0.3,0.1,0.1,0.1,93.6,4.4,2.0,0.079,0.501,19.259616,-99.470004,100.0,True,
59,Ocoyoacac - Santiago Tianguistenco,15021,EM,2025,X. C. Amomolulco - Texcalyacac,15_DV2026_Mexico.pdf,35,15_DV2026_Mexico,6.8,3.0,1.0,7017.0,5.9,85.8,2.9,2.7,0.7,0.7,0.3,0.6,0.4,91.7,2.9,5.4,0.096,0.521,19.23792,-99.472369,100.0,True,
59,Ocoyoacac - Santiago Tianguistenco,15021,EM,2025,X. C. Amomolulco - Texcalyacac,15_DV2026_Mexico.pdf,35,15_DV2026_Mexico,6.8,3.0,2.0,7631.0,5.7,86.1,3.0,2.5,0.6,0.9,0.4,0.5,0.3,91.8,3.0,5.2,0.083,0.521,19.238121,-99.472318,100.0,True,
59,Ocoyoacac - Santiago Tianguistenco,15021,EM,2025,Capulhuac,15_DV2026_Mexico.pdf,35,15_DV2026_Mexico,12.0,1.0,1.0,5915.0,4.9,82.2,2.5,8.4,0.5,0.4,0.4,0.5,0.2,87.1,2.5,10.4,0.082,0.502,19.207413,-99.46407,100.0,True,
59,Ocoyoacac - Santiago Tianguistenco,15021,EM,2025,Capulhuac,15_DV2026_Mexico.pdf,35,15_DV2026_Mexico,12.0,1.0,2.0,5865.0,5.0,82.7,2.2,8.3,0.4,0.4,0.3,0.6,0.1,87.7,2.2,10.1,0.076,0.502,19.207439,-99.464008,100.0,True,
59,Ocoyoacac - Santiago Tianguistenco,15021,EM,2025,Santiago Tianguistenco,15_DV2026_Mexico.pdf,35,15_DV2026_Mexico,13.0,,,,,,,,,,,,,,,,,,,,,False,
60,Otumba - Tizayuca,00012,EM-HGO,2025,Otumba,15_DV2026_Mexico.pdf,35,15_DV2026_Mexico,0.0,3.0,0.0,4487.0,7.0,91.4,0.2,0.8,0.3,0.1,0.1,0.1,0.0,98.4,0.2,1.4,0.079,0.51,19.712366,-98.75799,100.0,True,
60,Otumba - Tizayuca,00012,EM-HGO,2025,X. C. Venta de Carpio - Tulancingo,15_DV2026_Mexico.pdf,35,15_DV2026_Mexico,6.0,3.0,1.0,2921.0,8.3,88.3,0.2,1.3,1.0,0.5,0.3,0.1,0.0,96.6,0.2,3.2,0.145,0.503,19.764859,-98.762193,100.0,True,
60,Otumba - Tizayuca,00012,EM-HGO,2025,X. C. Venta de Carpio - Tulancingo,15_DV2026_Mexico.pdf,35,15_DV2026_Mexico,6.0,3.0,2.0,2956.0,7.3,89.4,0.2,1.5,0.8,0.4,0.3,0.1,0.0,96.7,0.2,3.1,0.127,0.503,19.755588,-98.756799,100.0,True,
60,Otumba - Tizayuca,00012,EM-HGO,2025,Temascalapa,15_DV2026_Mexico.pdf,36,15_DV2026_Mexico,26.5,3.0,1.0,3569.0,13.2,81.5,0.4,2.6,1.2,0.7,0.2,0.2,0.0,94.7,0.4,4.9,0.09,0.517,19.830313,-98.914216,100.0,True,
60,Otumba - Tizayuca,00012,EM-HGO,2025,Temascalapa,15_DV2026_Mexico.pdf,36,15_DV2026_Mexico,26.5,3.0,2.0,3826.0,13.8,80.8,0.4,2.7,1.1,0.8,0.2,0.2,0.0,94.6,0.4,5.0,0.105,0.517,19.830208,-98.914221,100.0,True,
60,Otumba - Tizayuca,00012,EM-HGO,2025,Lim. Edos. Term. Méx. Ppia. Hgo.,15_DV2026_Mexico.pdf,36,15_DV2026_Mexico,29.0,,,,,,,,,,,,,,,,,,,,,False,
60,Otumba - Tizayuca,00012,EM-HGO,2025,Tizayuca,15_DV2026_Mexico.pdf,36,15_DV2026_Mexico,37.1,1.0,1.0,9081.0,9.8,83.8,0.5,2.7,0.9,0.9,0.2,0.9,0.3,93.6,0.5,5.9,0.073,0.531,19.839256,-98.967313,100.0,True,
60,Otumba - Tizayuca,00012,EM-HGO,2025,Tizayuca,15_DV2026_Mexico.pdf,36,15_DV2026_Mexico,37.1,1.0,2.0,8008.0,10.1,83.1,0.5,3.0,0.7,1.1,0.3,0.9,0.3,93.2,0.5,6.3,0.081,0.531,19.839161,-98.967331,100.0,True,
61,Polotitlán - Taxhie,,EM-623,2025,Polotitlán,15_DV2026_Mexico.pdf,36,15_DV2026_Mexico,0.0,3.0,1.0,3547.0,2.4,89.5,0.6,3.0,0.9,2.2,0.7,0.6,0.1,91.9,0.6,7.5,0.092,0.522,20.231338,-99.827361,100.0,True,
61,Polotitlán - Taxhie,,EM-623,2025,Polotitlán,15_DV2026_Mexico.pdf,36,15_DV2026_Mexico,0.0,3.0,2.0,3252.0,2.4,89.4,0.6,2.9,1.0,2.1,0.8,0.6,0.2,91.8,0.6,7.6,0.104,0.522,20.231251,-99.827359,100.0,True,
61,Polotitlán - Taxhie,,EM-623,2025,Taxhie,15_DV2026_Mexico.pdf,36,15_DV2026_Mexico,11.0,1.0,0.0,5023.0,2.9,87.8,1.2,3.1,1.2,2.2,0.7,0.7,0.2,90.7,1.2,8.1,0.086,0.504,20.229963,-99.893596,100.0,True,
62,Puente Grande - San José del Vidrio,15016,EM-021,2025,Santa Bárbara,15_DV2026_Mexico.pdf,36,15_DV2026_Mexico,0.0,,,,,,,,,,,,,,,,,,,,,False,
62,Puente Grande - San José del Vidrio,15016,EM-021,2025,Tepotzotlán,15_DV2026_Mexico.pdf,36,15_DV2026_Mexico,3.0,3.0,0.0,22840.0,5.1,83.1,0.8,5.1,1.2,1.8,1.6,1.1,0.2,88.2,0.8,11.0,0.072,0.503,19.701738,-99.244525,100.0,True,
62,Puente Grande - San José del Vidrio,15016,EM-021,2025,T. Der. Arcos del Sitio,15_DV2026_Mexico.pdf,36,15_DV2026_Mexico,14.0,3.0,0.0,7938.0,9.5,82.8,0.6,4.8,1.1,0.9,0.3,0.0,0.0,92.3,0.6,7.1,0.077,0.533,19.702137,-99.321062,100.0,True,
62,Puente Grande - San José del Vidrio,15016,EM-021,2025,T. C. Tlalnepantla - San Gabriel,15_DV2026_Mexico.pdf,36,15_DV2026_Mexico,33.0,1.0,0.0,7530.0,9.2,82.7,0.8,5.0,1.4,0.8,0.1,0.0,0.0,91.9,0.8,7.3,0.078,0.504,19.646005,-99.389359,100.0,True,
63,Ramal a C.I.C.I.T.E.C.,00143,EM,2025,T. C. (San Gregorio - Oaxtepec),15_DV2026_Mexico.pdf,36,15_DV2026_Mexico,0.0,3.0,0.0,610.0,5.0,87.5,2.1,4.0,0.8,0.3,0.1,0.2,0.0,92.5,2.1,5.4,0.474,0.517,19.094263,-98.931962,100.0,True,
63,Ramal a C.I.C.I.T.E.C.,00143,EM,2025,C.I.C.I.T.E.C.,15_DV2026_Mexico.pdf,36,15_DV2026_Mexico,4.2,,,,,,,,,,,,,,,,,,,,,False,
64,San Alejo - Los Sabinos,15038,EM-007,2025,T. C. Ixtapan de La Sal - Las Juntas,15_DV2026_Mexico.pdf,36,15_DV2026_Mexico,0.0,3.0,0.0,4633.0,9.5,80.8,0.9,6.7,0.8,0.6,0.4,0.2,0.1,90.3,0.9,8.8,0.096,0.516,18.83596,-99.729782,100.0,True,
64,San Alejo - Los Sabinos,15038,EM-007,2025,T. C. Vuelta del Agua - Zacualpan,15_DV2026_Mexico.pdf,37,15_DV2026_Mexico,15.0,1.0,0.0,3284.0,10.8,79.9,0.7,7.4,0.4,0.3,0.2,0.2,0.1,90.7,0.7,8.6,0.087,0.524,18.817699,-99.788192,100.0,True,
65,San Felipe del Progreso - Carmona,15036,EM-003,2025,San Felipe del Progreso,15_DV2026_Mexico.pdf,37,15_DV2026_Mexico,0.0,3.0,0.0,12101.0,2.2,92.8,0.3,3.4,0.5,0.4,0.4,0.0,0.0,95.0,0.3,4.7,0.09,0.51,19.704465,-99.965554,100.0,True,
65,San Felipe del Progreso - Carmona,15036,EM-003,2025,T. Izq. San Antonio Pueblo Nuevo,15_DV2026_Mexico.pdf,37,15_DV2026_Mexico,9.0,3.0,0.0,5629.0,3.2,91.3,0.4,3.2,1.2,0.3,0.1,0.3,0.0,94.5,0.4,5.1,0.089,0.505,19.683635,-100.023957,100.0,True,
65,San Felipe del Progreso - Carmona,15036,EM-003,2025,Carmona,15_DV2026_Mexico.pdf,37,15_DV2026_Mexico,16.8,,,,,,,,,,,,,,,,,,,,,False,
66,San Luis Mextepec - Valle de Bravo,15001,EM-001,2025,T. C. Toluca - Morelia,15_DV2026_Mexico.pdf,37,15_DV2026_Mexico,0.0,3.0,1.0,17541.0,2.4,90.4,0.8,4.8,0.6,0.3,0.3,0.2,0.2,92.8,0.8,6.4,0.091,0.517,19.297969,-99.754399,100.0,True,
66,San Luis Mextepec - Valle de Bravo,15001,EM-001,2025,T. C. Toluca - Morelia,15_DV2026_Mexico.pdf,37,15_DV2026_Mexico,0.0,3.0,2.0,18785.0,2.9,91.5,0.7,3.5,0.6,0.3,0.2,0.2,0.1,94.4,0.7,4.9,0.094,0.517,19.297901,-99.75433,100.0,True,
66,San Luis Mextepec - Valle de Bravo,15001,EM-001,2025,Agua Bendita,15_DV2026_Mexico.pdf,37,15_DV2026_Mexico,39.0,1.0,0.0,2039.0,2.6,93.1,0.3,3.2,0.6,0.1,0.1,0.0,0.0,95.7,0.3,4.0,0.096,0.508,19.282605,-99.937666,100.0,True,
66,San Luis Mextepec - Valle de Bravo,15001,EM-001,2025,Salitre,15_DV2026_Mexico.pdf,37,15_DV2026_Mexico,66.05,1.0,0.0,7578.0,9.0,87.4,0.7,1.9,0.5,0.3,0.1,0.1,0.0,96.4,0.7,2.9,0.085,0.503,19.228494,-100.124375,100.0,True,
66,San Luis Mextepec - Valle de Bravo,15001,EM-001,2025,Valle de Bravo,15_DV2026_Mexico.pdf,37,15_DV2026_Mexico,68.0,,,,,,,,,,,,,,,,,,,,,False,
67,San Martín de Las Pirámides - San Miguel Atlamajac,15012,EM,2025,San Martín de Las Pirámides,15_DV2026_Mexico.pdf,37,15_DV2026_Mexico,0.0,3.0,0.0,4274.0,10.8,84.2,0.8,2.3,0.9,0.2,0.4,0.2,0.2,95.0,0.8,4.2,0.081,0.507,19.711816,-98.848002,100.0,True,
67,San Martín de Las Pirámides - San Miguel Atlamajac,15012,EM,2025,San Luis Tecuautitlán,15_DV2026_Mexico.pdf,37,15_DV2026_Mexico,12.5,1.0,0.0,2882.0,9.6,82.5,0.7,4.0,1.0,1.6,0.4,0.2,0.0,92.1,0.7,7.2,0.08,0.508,19.761106,-98.877071,100.0,True,
67,San Martín de Las Pirámides - San Miguel Atlamajac,15012,EM,2025,San Miguel Atlamajac,15_DV2026_Mexico.pdf,37,15_DV2026_Mexico,18.0,1.0,0.0,4230.0,3.6,90.6,0.8,1.8,2.4,0.4,0.2,0.2,0.0,94.2,0.8,5.0,0.086,0.519,19.753527,-98.926851,100.0,True,
68,San Pedro Barrientos - Ecatepec,15015,EM,2025,Ent. San Pedro Barrientos,15_DV2026_Mexico.pdf,37,15_DV2026_Mexico,0.0,,,,,,,,,,,,,,,,,,,,,False,
68,San Pedro Barrientos - Ecatepec,15015,EM,2025,T. Izq. Lechería,15_DV2026_Mexico.pdf,37,15_DV2026_Mexico,2.29,1.0,1.0,39783.0,3.0,84.3,1.4,6.3,1.2,1.8,1.1,0.5,0.4,87.3,1.4,11.3,0.067,0.509,19.589597,-99.190547,100.0,True,
68,San Pedro Barrientos - Ecatepec,15015,EM,2025,T. Izq. Lechería,15_DV2026_Mexico.pdf,37,15_DV2026_Mexico,2.29,1.0,2.0,41395.0,3.2,84.3,1.5,6.0,1.3,1.9,1.0,0.3,0.5,87.5,1.5,11.0,0.08,0.509,19.588626,-99.192755,100.0,True,
68,San Pedro Barrientos - Ecatepec,15015,EM,2025,T. Izq. Lechería,15_DV2026_Mexico.pdf,38,15_DV2026_Mexico,2.29,3.0,1.0,46627.0,4.3,83.1,1.5,5.9,1.3,1.9,0.9,0.5,0.6,87.4,1.5,11.1,0.07,0.507,19.597255,-99.183328,100.0,True,
68,San Pedro Barrientos - Ecatepec,15015,EM,2025,T. Izq. Lechería,15_DV2026_Mexico.pdf,38,15_DV2026_Mexico,2.29,3.0,2.0,45211.0,4.2,83.0,1.4,6.1,1.2,2.1,1.0,0.4,0.6,87.2,1.4,11.4,0.096,0.507,19.597996,-99.183593,100.0,True,
68,San Pedro Barrientos - Ecatepec,15015,EM,2025,T. Izq. Tultepec,15_DV2026_Mexico.pdf,38,15_DV2026_Mexico,12.2,1.0,1.0,58642.0,5.2,82.7,1.2,5.2,1.6,2.3,0.7,0.5,0.6,87.9,1.2,10.9,0.072,0.514,19.633024,-99.11834,100.0,True,
68,San Pedro Barrientos - Ecatepec,15015,EM,2025,T. Izq. Tultepec,15_DV2026_Mexico.pdf,38,15_DV2026_Mexico,12.2,1.0,2.0,55064.0,4.9,83.4,1.4,5.0,1.5,2.2,0.6,0.4,0.6,88.3,1.4,10.3,0.076,0.514,19.633538,-99.117483,100.0,True,
68,San Pedro Barrientos - Ecatepec,15015,EM,2025,T. Izq. Tepexpan (Ent. Guadalupe Victoria),15_DV2026_Mexico.pdf,38,15_DV2026_Mexico,18.43,1.0,1.0,61710.0,3.4,86.5,1.4,2.6,1.6,2.7,1.0,0.5,0.3,89.9,1.4,8.7,0.065,0.503,19.616732,-99.064397,100.0,True,
68,San Pedro Barrientos - Ecatepec,15015,EM,2025,T. Izq. Tepexpan (Ent. Guadalupe Victoria),15_DV2026_Mexico.pdf,38,15_DV2026_Mexico,18.43,1.0,2.0,60960.0,3.2,86.6,1.5,2.7,1.4,2.6,1.1,0.6,0.3,89.8,1.5,8.7,0.064,0.503,19.615286,-99.062096,100.0,True,
68,San Pedro Barrientos - Ecatepec,15015,EM,2025,T. C. México - Pachuca (Libre),15_DV2026_Mexico.pdf,38,15_DV2026_Mexico,20.0,,,,,,,,,,,,,,,,,,,,,False,
69,Santa Elena - Coacalco,15057,EM,2025,T. C. Cuautitlán - Zumpango de Ocampo,15_DV2026_Mexico.pdf,38,15_DV2026_Mexico,0.0,3.0,1.0,8477.0,12.4,84.6,0.4,1.1,0.4,0.5,0.1,0.3,0.2,97.0,0.4,2.6,0.086,0.529,19.672049,-99.155807,100.0,True,
69,Santa Elena - Coacalco,15057,EM,2025,T. C. Cuautitlán - Zumpango de Ocampo,15_DV2026_Mexico.pdf,38,15_DV2026_Mexico,0.0,3.0,2.0,9524.0,12.3,84.7,0.5,1.1,0.4,0.4,0.1,0.3,0.2,97.0,0.5,2.5,0.091,0.529,19.672165,-99.155849,100.0,True,
69,Santa Elena - Coacalco,15057,EM,2025,T. C. Barrientos - Ecatepec,15_DV2026_Mexico.pdf,38,15_DV2026_Mexico,9.3,1.0,1.0,16319.0,6.8,87.3,0.9,1.6,1.0,1.1,0.8,0.3,0.2,94.1,0.9,5.0,0.077,0.518,19.641452,-99.114423,100.0,True,
69,Santa Elena - Coacalco,15057,EM,2025,T. C. Barrientos - Ecatepec,15_DV2026_Mexico.pdf,38,15_DV2026_Mexico,9.3,1.0,2.0,15158.0,7.1,87.0,0.8,1.7,1.1,1.0,0.8,0.3,0.2,94.1,0.8,5.1,0.078,0.518,19.639852,-99.113586,100.0,True,
70,Santa María Ajoloapan - Tianguistongo,15058,EM,2025,Santa María Ajoloapan,15_DV2026_Mexico.pdf,38,15_DV2026_Mexico,0.0,3.0,0.0,2951.0,2.4,85.6,1.6,6.8,1.4,1.2,0.3,0.5,0.2,88.0,1.6,10.4,0.134,0.501,19.985539,-99.042145,100.0,True,
70,Santa María Ajoloapan - Tianguistongo,15058,EM,2025,Tianguistongo,15_DV2026_Mexico.pdf,38,15_DV2026_Mexico,3.0,,,,,,,,,,,,,,,,,,,,,False,
71,Santiago Tianguistenco - Chalma,15013,EM-004,2025,Santiago Tianguistenco,15_DV2026_Mexico.pdf,38,15_DV2026_Mexico,0.0,,,,,,,,,,,,,,,,,,,,,False,
71,Santiago Tianguistenco - Chalma,15013,EM-004,2025,X. C. La Marquesa - Tenango de Arista,15_DV2026_Mexico.pdf,38,15_DV2026_Mexico,2.0,3.0,0.0,15313.0,1.6,91.1,1.5,2.2,0.6,1.9,0.2,0.7,0.2,92.7,1.5,5.8,0.076,0.515,19.158174,-99.463744,100.0,True,
71,Santiago Tianguistenco - Chalma,15013,EM-004,2025,San Nicolás Coatepec,15_DV2026_Mexico.pdf,38,15_DV2026_Mexico,8.8,1.0,0.0,10543.0,6.5,87.8,1.7,2.7,0.7,0.3,0.1,0.2,0.0,94.3,1.7,4.0,0.092,0.509,19.13759,-99.436005,100.0,True,
71,Santiago Tianguistenco - Chalma,15013,EM-004,2025,San Nicolás Coatepec,15_DV2026_Mexico.pdf,38,15_DV2026_Mexico,8.8,3.0,0.0,8993.0,6.9,81.9,2.5,6.8,0.7,0.6,0.1,0.5,0.0,88.8,2.5,8.7,0.083,0.505,19.128322,-99.426117,100.0,True,
71,Santiago Tianguistenco - Chalma,15013,EM-004,2025,T. Izq. Lagunas de Zempoala,15_DV2026_Mexico.pdf,38,15_DV2026_Mexico,19.8,3.0,0.0,4429.0,5.3,84.5,3.2,5.7,0.4,0.4,0.1,0.3,0.1,89.8,3.2,7.0,0.129,0.516,19.056105,-99.382653,100.0,True,
71,Santiago Tianguistenco - Chalma,15013,EM-004,2025,Ocuilan de Arteaga,15_DV2026_Mexico.pdf,38,15_DV2026_Mexico,34.0,3.0,0.0,4045.0,8.7,80.9,3.3,5.7,0.4,0.4,0.2,0.3,0.1,89.6,3.3,7.1,0.129,0.516,18.982785,-99.425462,100.0,True,
71,Santiago Tianguistenco - Chalma,15013,EM-004,2025,Chalma,15_DV2026_Mexico.pdf,38,15_DV2026_Mexico,42.5,,,,,,,,,,,,,,,,,,,,,False,
72,Santo Domingo - T. C. (México - Querétaro),00433,EM-011-HGO,2025,T. C. Toluca - Palmillas,15_DV2026_Mexico.pdf,39,15_DV2026_Mexico,0.0,3.0,0.0,11588.0,1.8,87.9,0.5,7.6,0.8,0.9,0.4,0.1,0.0,89.7,0.5,9.8,0.086,0.509,19.624155,-99.772101,100.0,True,
72,Santo Domingo - T. C. (México - Querétaro),00433,EM-011-HGO,2025,X. C. Los Reyes - Ixtlahuaca,15_DV2026_Mexico.pdf,39,15_DV2026_Mexico,6.11,3.0,0.0,10358.0,2.9,88.5,1.5,4.3,1.1,1.1,0.5,0.1,0.0,91.4,1.5,7.1,0.093,0.506,19.658952,-99.72372,100.0,True,
72,Santo Domingo - T. C. (México - Querétaro),00433,EM-011-HGO,2025,X. C. Villa del Carbón - Atlacomulco,15_DV2026_Mexico.pdf,39,15_DV2026_Mexico,23.94,3.0,1.0,3142.0,3.2,86.9,1.7,4.4,1.3,1.6,0.8,0.1,0.0,90.1,1.7,8.2,0.099,0.502,19.786247,-99.702088,100.0,True,
72,Santo Domingo - T. C. (México - Querétaro),00433,EM-011-HGO,2025,X. C. Villa del Carbón - Atlacomulco,15_DV2026_Mexico.pdf,39,15_DV2026_Mexico,23.94,3.0,2.0,3119.0,3.7,86.1,2.2,4.0,1.7,1.5,0.6,0.2,0.0,89.8,2.2,8.0,0.107,0.502,19.786245,-99.702186,100.0,True,
72,Santo Domingo - T. C. (México - Querétaro),00433,EM-011-HGO,2025,T. Der. Chapa de Mota,15_DV2026_Mexico.pdf,39,15_DV2026_Mexico,42.7,1.0,1.0,10077.0,5.5,86.7,1.3,3.8,1.0,0.9,0.3,0.4,0.1,92.2,1.3,6.5,0.096,0.541,19.926117,-99.582228,100.0,True,
72,Santo Domingo - T. C. (México - Querétaro),00433,EM-011-HGO,2025,T. Der. Chapa de Mota,15_DV2026_Mexico.pdf,39,15_DV2026_Mexico,42.7,1.0,2.0,8557.0,5.9,84.6,1.7,4.9,1.2,1.0,0.2,0.4,0.1,90.5,1.7,7.8,0.081,0.541,19.926189,-99.582287,100.0,True,
72,Santo Domingo - T. C. (México - Querétaro),00433,EM-011-HGO,2025,Lim. Edos. Term. Méx. Ppia. Hgo.,15_DV2026_Mexico.pdf,39,15_DV2026_Mexico,63.34,,,,,,,,,,,,,,,,,,,,,False,
72,Santo Domingo - T. C. (México - Querétaro),00433,EM-011-HGO,2025,T. C. México - Querétaro (Cuota),15_DV2026_Mexico.pdf,39,15_DV2026_Mexico,65.84,1.0,1.0,5385.0,2.4,89.0,1.5,3.9,1.3,0.9,0.3,0.4,0.3,91.4,1.5,7.1,0.105,0.514,19.971184,-99.451111,100.0,True,
72,Santo Domingo - T. C. (México - Querétaro),00433,EM-011-HGO,2025,T. C. México - Querétaro (Cuota),15_DV2026_Mexico.pdf,39,15_DV2026_Mexico,65.84,1.0,2.0,5088.0,2.5,87.9,1.7,4.1,1.3,1.3,0.4,0.4,0.4,90.4,1.7,7.9,0.107,0.514,19.971242,-99.451149,100.0,True,
73,T. C. (Atlacomulco - Morelia) - San Felipe del Progreso,15006,EM,2025,T. C. Atlacomulco - Morelia,15_DV2026_Mexico.pdf,39,15_DV2026_Mexico,0.0,3.0,1.0,12035.0,3.4,92.5,0.7,2.5,0.5,0.2,0.2,0.0,0.0,95.9,0.7,3.4,0.091,0.527,19.772843,-99.90439,100.0,True,
73,T. C. (Atlacomulco - Morelia) - San Felipe del Progreso,15006,EM,2025,T. C. Atlacomulco - Morelia,15_DV2026_Mexico.pdf,39,15_DV2026_Mexico,0.0,3.0,2.0,10804.0,3.1,93.0,0.8,2.4,0.4,0.2,0.1,0.0,0.0,96.1,0.8,3.1,0.102,0.527,19.772797,-99.904277,100.0,True,
73,T. C. (Atlacomulco - Morelia) - San Felipe del Progreso,15006,EM,2025,San Felipe del Progreso,15_DV2026_Mexico.pdf,39,15_DV2026_Mexico,10.5,1.0,1.0,9349.0,2.9,93.1,0.8,1.8,0.8,0.3,0.2,0.1,0.0,96.0,0.8,3.2,0.105,0.503,19.729215,-99.945123,100.0,True,
73,T. C. (Atlacomulco - Morelia) - San Felipe del Progreso,15006,EM,2025,San Felipe del Progreso,15_DV2026_Mexico.pdf,39,15_DV2026_Mexico,10.5,1.0,2.0,9472.0,3.0,92.8,0.8,2.0,0.8,0.3,0.2,0.1,0.0,95.8,0.8,3.4,0.112,0.503,19.728858,-99.944938,100.0,True,
74,T. C. (Atlacomulco - Morelia) - Temascalcingo,15019,EM-033,2025,T. C. Atlacomulco - Morelia,15_DV2026_Mexico.pdf,39,15_DV2026_Mexico,0.0,3.0,1.0,2794.0,1.5,91.8,0.5,3.8,1.2,0.7,0.5,0.0,0.0,93.3,0.5,6.2,0.077,0.526,19.815095,-100.02368,100.0,True,
74,T. C. (Atlacomulco - Morelia) - Temascalcingo,15019,EM-033,2025,T. C. Atlacomulco - Morelia,15_DV2026_Mexico.pdf,39,15_DV2026_Mexico,0.0,3.0,2.0,2864.0,1.5,92.1,0.5,3.7,1.1,0.7,0.4,0.0,0.0,93.6,0.5,5.9,0.091,0.526,19.815125,-100.023765,100.0,True,
74,T. C. (Atlacomulco - Morelia) - Temascalcingo,15019,EM-033,2025,Cuachotitlán,15_DV2026_Mexico.pdf,39,15_DV2026_Mexico,10.0,1.0,0.0,9603.0,1.6,84.2,1.0,8.4,0.9,2.7,0.5,0.3,0.4,85.8,1.0,13.2,0.082,0.554,19.860451,-100.043721,100.0,True,
74,T. C. (Atlacomulco - Morelia) - Temascalcingo,15019,EM-033,2025,Temascalcingo,15_DV2026_Mexico.pdf,39,15_DV2026_Mexico,15.0,1.0,0.0,6393.0,2.8,93.8,0.6,1.8,0.5,0.2,0.1,0.2,0.0,96.6,0.6,2.8,0.094,0.504,19.904084,-100.022419,100.0,True,
75,T. C. (Chalco - Mixquic) - Temamatla,15075,EM,2025,T. C. Chalco - Mixquic,15_DV2026_Mexico.pdf,39,15_DV2026_Mexico,0.0,3.0,0.0,14102.0,10.1,85.1,0.4,1.7,0.6,0.8,0.7,0.4,0.2,95.2,0.4,4.4,0.061,0.503,19.228038,-98.9138,100.0,True,
75,T. C. (Chalco - Mixquic) - Temamatla,15075,EM,2025,Los Reyes Acatlizhuayan,15_DV2026_Mexico.pdf,39,15_DV2026_Mexico,5.66,1.0,0.0,3511.0,13.2,81.8,0.4,2.9,1.3,0.2,0.1,0.1,0.0,95.0,0.4,4.6,0.093,0.516,19.215891,-98.887133,100.0,True,
75,T. C. (Chalco - Mixquic) - Temamatla,15075,EM,2025,Temamatla,15_DV2026_Mexico.pdf,39,15_DV2026_Mexico,6.6,1.0,0.0,6282.0,8.3,87.6,0.4,2.3,0.8,0.3,0.1,0.1,0.1,95.9,0.4,3.7,0.068,0.504,19.204731,-98.874025,100.0,True,
76,T. C. (Dos Casas - Ixtapan del Oro) - Donato Guerra,15034,EM-057,2025,T. C. Dos Casas - Ixtapan del Oro,15_DV2026_Mexico.pdf,40,15_DV2026_Mexico,0.0,3.0,0.0,2592.0,14.7,81.9,0.4,1.5,1.0,0.3,0.1,0.1,0.0,96.6,0.4,3.0,0.094,0.534,19.316561,-100.214857,100.0,True,
76,T. C. (Dos Casas - Ixtapan del Oro) - Donato Guerra,15034,EM-057,2025,Donato Guerra,15_DV2026_Mexico.pdf,40,15_DV2026_Mexico,9.0,1.0,0.0,3083.0,10.6,86.2,0.3,1.9,0.5,0.2,0.1,0.1,0.1,96.8,0.3,2.9,0.076,0.501,19.304497,-100.157171,100.0,True,
77,T. C. (El Monumento - Tingambato) - Donato Guerra,15035,EM,2025,T. C. El Monumento - Tingambato,15_DV2026_Mexico.pdf,40,15_DV2026_Mexico,0.0,3.0,0.0,3907.0,6.1,90.3,0.5,1.7,0.6,0.3,0.2,0.2,0.1,96.4,0.5,3.1,0.078,0.505,19.300527,-100.116742,100.0,True,
77,T. C. (El Monumento - Tingambato) - Donato Guerra,15035,EM,2025,Donato Guerra,15_DV2026_Mexico.pdf,40,15_DV2026_Mexico,7.3,1.0,0.0,4120.0,7.1,89.8,0.5,1.3,0.7,0.2,0.1,0.2,0.1,96.9,0.5,2.6,0.086,0.504,19.3005,-100.146671,100.0,True,
78,T. C. (Ixtlahuaca de Rayón - Naucalpan) - Mayorazgo,15067,EM-004,2025,T. C. Ixtlahuaca de Rayón - Naucalpan,15_DV2026_Mexico.pdf,40,15_DV2026_Mexico,0.0,3.0,0.0,757.0,1.6,88.2,0.6,7.3,1.3,0.7,0.3,0.0,0.0,89.8,0.6,9.6,0.114,0.527,19.521256,-99.467141,100.0,True,
78,T. C. (Ixtlahuaca de Rayón - Naucalpan) - Mayorazgo,15067,EM-004,2025,Santa Ana Jilotzingo,15_DV2026_Mexico.pdf,40,15_DV2026_Mexico,10.0,3.0,0.0,2977.0,2.7,87.2,0.3,8.8,0.4,0.3,0.2,0.0,0.1,89.9,0.3,9.8,0.086,0.514,19.440971,-99.497838,100.0,True,
78,T. C. (Ixtlahuaca de Rayón - Naucalpan) - Mayorazgo,15067,EM-004,2025,Mayorazgo,15_DV2026_Mexico.pdf,40,15_DV2026_Mexico,16.6,1.0,0.0,9619.0,2.7,84.7,0.8,6.2,2.8,1.0,0.6,0.7,0.5,87.4,0.8,11.8,0.08,0.508,19.416089,-99.504371,100.0,True,
78,T. C. (Ixtlahuaca de Rayón - Naucalpan) - Mayorazgo,15067,EM-004,2025,T. C. Naucalpan - Toluca,15_DV2026_Mexico.pdf,40,15_DV2026_Mexico,18.1,,,,,,,,,,,,,,,,,,,,,False,
79,T. C. (Ixtlahuaca de Rayón - Naucalpan) - Temoaya,15577,EM,2025,T. C. Ixtlahuaca de Rayón - Naucalpan,15_DV2026_Mexico.pdf,40,15_DV2026_Mexico,0.0,3.0,0.0,275.0,4.5,82.8,1.1,10.8,0.8,0.0,0.0,0.0,0.0,87.3,1.1,11.6,0.144,0.521,19.538414,-99.496821,100.0,True,
79,T. C. (Ixtlahuaca de Rayón - Naucalpan) - Temoaya,15577,EM,2025,San Pedro Arriba,15_DV2026_Mexico.pdf,40,15_DV2026_Mexico,15.0,1.0,0.0,2022.0,3.0,80.0,2.0,13.2,0.8,0.4,0.3,0.1,0.2,83.0,2.0,15.0,0.105,0.519,19.502953,-99.552756,100.0,True,
79,T. C. (Ixtlahuaca de Rayón - Naucalpan) - Temoaya,15577,EM,2025,San Pedro Arriba,15_DV2026_Mexico.pdf,40,15_DV2026_Mexico,15.0,3.0,0.0,5289.0,6.4,82.1,1.2,9.3,1.0,0.0,0.0,0.0,0.0,88.5,1.2,10.3,0.076,0.501,19.482641,-99.570699,100.0,True,
79,T. C. (Ixtlahuaca de Rayón - Naucalpan) - Temoaya,15577,EM,2025,Temoaya,15_DV2026_Mexico.pdf,40,15_DV2026_Mexico,20.0,1.0,0.0,5999.0,3.6,87.8,1.2,5.8,0.7,0.7,0.2,0.0,0.0,91.4,1.2,7.4,0.084,0.514,19.473073,-99.586281,100.0,True,
80,T. C. (Los Reyes - El Tephé) - Tianguistongo,15051,EM,2025,T. C. Los Reyes - El Tephé,15_DV2026_Mexico.pdf,40,15_DV2026_Mexico,0.0,3.0,0.0,9068.0,8.6,84.3,0.8,2.7,0.9,1.0,0.5,0.7,0.5,92.9,0.8,6.3,0.077,0.515,19.83889,-99.119855,100.0,True,
80,T. C. (Los Reyes - El Tephé) - Tianguistongo,15051,EM,2025,X. C. Arco Norte de La Ciudad de México,15_DV2026_Mexico.pdf,40,15_DV2026_Mexico,15.5,1.0,0.0,4235.0,6.5,81.0,0.8,7.3,1.8,1.1,1.0,0.3,0.2,87.5,0.8,11.7,0.104,0.5,19.951512,-99.054785,100.0,True,
80,T. C. (Los Reyes - El Tephé) - Tianguistongo,15051,EM,2025,X. C. Arco Norte de La Ciudad de México,15_DV2026_Mexico.pdf,40,15_DV2026_Mexico,15.5,3.0,0.0,4510.0,5.9,85.2,0.3,6.9,0.7,0.6,0.2,0.2,0.0,91.1,0.3,8.6,0.104,0.508,19.963285,-99.052734,100.0,True,
80,T. C. (Los Reyes - El Tephé) - Tianguistongo,15051,EM,2025,Tianguistongo,15_DV2026_Mexico.pdf,41,15_DV2026_Mexico,20.5,1.0,0.0,2779.0,5.1,86.4,1.5,6.2,0.4,0.3,0.0,0.1,0.0,91.5,1.5,7.0,0.095,0.512,19.997287,-99.040675,100.0,True,
81,T. C. (Los Reyes - El Tephé) - Tizayuca,00014,EM-HGO,2025,T. C. Los Reyes - El Tephé,15_DV2026_Mexico.pdf,41,15_DV2026_Mexico,0.0,3.0,0.0,7571.0,11.7,78.5,0.7,1.5,3.7,2.2,0.9,0.8,0.0,90.2,0.7,9.1,0.068,0.509,19.784008,-99.025884,100.0,True,
81,T. C. (Los Reyes - El Tephé) - Tizayuca,00014,EM-HGO,2025,Lim. Edos. Term. Méx. Ppia. Hgo.,15_DV2026_Mexico.pdf,41,15_DV2026_Mexico,6.5,,,,,,,,,,,,,,,,,,,,,False,
81,T. C. (Los Reyes - El Tephé) - Tizayuca,00014,EM-HGO,2025,Tizayuca,15_DV2026_Mexico.pdf,41,15_DV2026_Mexico,8.0,1.0,0.0,10642.0,9.9,77.4,0.6,3.8,0.7,5.7,1.5,0.4,0.0,87.3,0.6,12.1,0.089,0.502,19.82553,-98.990997,100.0,True,
82,T. C. (México - Mixquic) - San Pablo Atlazalpan,00044,EM-106-CDMX,2025,T. C. México - Mixquic,15_DV2026_Mexico.pdf,41,15_DV2026_Mexico,0.0,3.0,0.0,8694.0,11.5,79.9,0.9,4.8,1.2,0.9,0.4,0.1,0.3,91.4,0.9,7.7,0.07,0.532,19.210776,-98.968923,100.0,True,
82,T. C. (México - Mixquic) - San Pablo Atlazalpan,00044,EM-106-CDMX,2025,Lim. Edos. Term. CDMX Ppia. Méx.,15_DV2026_Mexico.pdf,41,15_DV2026_Mexico,2.0,,,,,,,,,,,,,,,,,,,,,False,
82,T. C. (México - Mixquic) - San Pablo Atlazalpan,00044,EM-106-CDMX,2025,San Pablo Atlazalpan,15_DV2026_Mexico.pdf,41,15_DV2026_Mexico,7.0,,,,,,,,,,,,,,,,,,,,,False,
83,T. C. (México - Puebla (Libre)) - San Vicente,15041,EM,2025,T. C. México - Puebla (Libre),15_DV2026_Mexico.pdf,41,15_DV2026_Mexico,0.0,3.0,1.0,21791.0,4.2,87.3,0.8,2.6,0.6,2.5,0.6,0.9,0.5,91.5,0.8,7.7,0.076,0.504,19.318051,-98.870544,100.0,True,
83,T. C. (México - Puebla (Libre)) - San Vicente,15041,EM,2025,T. C. México - Puebla (Libre),15_DV2026_Mexico.pdf,41,15_DV2026_Mexico,0.0,3.0,2.0,22101.0,3.8,88.9,0.6,2.2,0.4,2.3,0.7,0.5,0.6,92.7,0.6,6.7,0.068,0.504,19.318068,-98.870608,100.0,True,
83,T. C. (México - Puebla (Libre)) - San Vicente,15041,EM,2025,Chicoloapan de Juárez,15_DV2026_Mexico.pdf,41,15_DV2026_Mexico,14.2,1.0,0.0,17152.0,13.0,79.4,0.3,3.0,1.2,1.7,0.7,0.3,0.4,92.4,0.3,7.3,0.115,0.502,19.405574,-98.886797,100.0,True,
83,T. C. (México - Puebla (Libre)) - San Vicente,15041,EM,2025,Chicoloapan de Juárez,15_DV2026_Mexico.pdf,41,15_DV2026_Mexico,14.2,3.0,0.0,30186.0,11.5,84.3,0.2,1.7,0.4,0.9,0.7,0.2,0.1,95.8,0.2,4.0,0.06,0.505,19.416305,-98.914669,100.0,True,
83,T. C. (México - Puebla (Libre)) - San Vicente,15041,EM,2025,T. C. Los Reyes - Zacatepec,15_DV2026_Mexico.pdf,41,15_DV2026_Mexico,16.2,,,,,,,,,,,,,,,,,,,,,False,
84,T. C. (Santa Bárbara - Huajuapan) - Tepetlixpa,15570,EM,2025,T. C. Santa Bárbara - Izúcar de Matamoros,15_DV2026_Mexico.pdf,41,15_DV2026_Mexico,0.0,3.0,1.0,9211.0,7.4,83.3,0.8,5.6,1.0,0.7,0.4,0.5,0.3,90.7,0.8,8.5,0.078,0.527,19.237823,-98.8588,100.0,True,
84,T. C. (Santa Bárbara - Huajuapan) - Tepetlixpa,15570,EM,2025,T. C. Santa Bárbara - Izúcar de Matamoros,15_DV2026_Mexico.pdf,41,15_DV2026_Mexico,0.0,3.0,2.0,10245.0,7.2,83.1,1.1,5.4,1.3,0.7,0.5,0.4,0.3,90.3,1.1,8.6,0.074,0.527,19.237978,-98.858691,100.0,True,
84,T. C. (Santa Bárbara - Huajuapan) - Tepetlixpa,15570,EM,2025,Temamatla,15_DV2026_Mexico.pdf,41,15_DV2026_Mexico,4.43,1.0,0.0,14332.0,7.1,84.7,1.2,3.4,1.6,0.8,0.6,0.5,0.1,91.8,1.2,7.0,0.078,0.527,19.218067,-98.867706,100.0,True,
84,T. C. (Santa Bárbara - Huajuapan) - Tepetlixpa,15570,EM,2025,Temamatla,15_DV2026_Mexico.pdf,42,15_DV2026_Mexico,4.43,3.0,0.0,10946.0,9.6,81.8,0.8,4.8,1.4,1.0,0.3,0.2,0.1,91.4,0.8,7.8,0.072,0.515,19.196671,-98.872412,100.0,True,
84,T. C. (Santa Bárbara - Huajuapan) - Tepetlixpa,15570,EM,2025,Tenango del Aire,15_DV2026_Mexico.pdf,42,15_DV2026_Mexico,10.35,1.0,0.0,9100.0,11.1,82.5,0.9,2.8,1.2,0.7,0.3,0.3,0.2,93.6,0.9,5.5,0.078,0.502,19.16366,-98.864459,100.0,True,
84,T. C. (Santa Bárbara - Huajuapan) - Tepetlixpa,15570,EM,2025,Juchitepec,15_DV2026_Mexico.pdf,42,15_DV2026_Mexico,17.58,1.0,0.0,7352.0,11.2,80.8,1.2,3.5,1.3,0.9,0.5,0.1,0.5,92.0,1.2,6.8,0.078,0.504,19.116151,-98.880296,100.0,True,
84,T. C. (Santa Bárbara - Huajuapan) - Tepetlixpa,15570,EM,2025,Tepetlixpa,15_DV2026_Mexico.pdf,42,15_DV2026_Mexico,29.45,1.0,0.0,5491.0,7.0,78.3,0.5,12.4,1.1,0.3,0.2,0.1,0.1,85.3,0.5,14.2,0.081,0.542,19.036082,-98.810257,100.0,True,
85,T. C. (Toluca - Cd. Altamirano) - Valle de Bravo,15572,EM,2025,T. C. Toluca - Cd. Altamirano,15_DV2026_Mexico.pdf,42,15_DV2026_Mexico,0.0,3.0,0.0,1848.0,7.1,83.5,1.0,3.9,1.7,1.6,0.7,0.4,0.1,90.6,1.0,8.4,0.11,0.509,19.146813,-99.917317,100.0,True,
85,T. C. (Toluca - Cd. Altamirano) - Valle de Bravo,15572,EM,2025,El Fresno,15_DV2026_Mexico.pdf,42,15_DV2026_Mexico,17.0,1.0,0.0,6336.0,11.6,82.6,0.5,3.5,0.5,0.5,0.4,0.3,0.1,94.2,0.5,5.3,0.117,0.501,19.146962,-100.067264,100.0,True,
85,T. C. (Toluca - Cd. Altamirano) - Valle de Bravo,15572,EM,2025,Valle de Bravo,15_DV2026_Mexico.pdf,42,15_DV2026_Mexico,25.0,1.0,0.0,15353.0,7.8,83.4,1.2,4.3,0.7,1.3,0.6,0.5,0.2,91.2,1.2,7.6,0.103,0.528,19.171815,-100.112208,100.0,True,
86,T. C. (Toluca - Morelia) - Almoloya de Juárez,15029,EM-046,2025,T. C. Toluca - Morelia,15_DV2026_Mexico.pdf,42,15_DV2026_Mexico,0.0,3.0,1.0,21832.0,2.5,94.5,0.2,2.0,0.5,0.2,0.1,0.0,0.0,97.0,0.2,2.8,0.075,0.503,19.30481,-99.727895,100.0,True,
86,T. C. (Toluca - Morelia) - Almoloya de Juárez,15029,EM-046,2025,T. C. Toluca - Morelia,15_DV2026_Mexico.pdf,42,15_DV2026_Mexico,0.0,3.0,2.0,21539.0,2.9,94.2,0.2,2.1,0.4,0.2,0.0,0.0,0.0,97.1,0.2,2.7,0.094,0.503,19.304856,-99.728017,100.0,True,
86,T. C. (Toluca - Morelia) - Almoloya de Juárez,15029,EM-046,2025,Almoloya de Juárez,15_DV2026_Mexico.pdf,42,15_DV2026_Mexico,10.0,1.0,0.0,26022.0,2.2,91.8,0.5,4.6,0.5,0.2,0.1,0.1,0.0,94.0,0.5,5.5,0.07,0.502,19.365423,-99.753428,100.0,True,
87,T. C. (Toluca - Morelia) - San Nicolás Guadalupe,,EM-383,2025,T. C. (Toluca - Morelía),15_DV2026_Mexico.pdf,42,15_DV2026_Mexico,0.0,3.0,0.0,4998.0,3.2,94.4,0.3,1.1,0.4,0.3,0.2,0.1,0.0,97.6,0.3,2.1,0.1,0.506,19.427914,-99.890129,100.0,True,
87,T. C. (Toluca - Morelia) - San Nicolás Guadalupe,,EM-383,2025,Yebuciví,15_DV2026_Mexico.pdf,42,15_DV2026_Mexico,10.38,1.0,0.0,2647.0,4.9,92.5,0.3,1.1,0.5,0.3,0.3,0.1,0.0,97.4,0.3,2.3,0.104,0.504,19.497761,-99.900717,100.0,True,
87,T. C. (Toluca - Morelia) - San Nicolás Guadalupe,,EM-383,2025,Yebuciví,15_DV2026_Mexico.pdf,42,15_DV2026_Mexico,10.38,3.0,0.0,2829.0,6.7,91.0,0.2,0.8,0.7,0.3,0.1,0.2,0.0,97.7,0.2,2.1,0.121,0.503,19.508167,-99.910754,100.0,True,
87,T. C. (Toluca - Morelia) - San Nicolás Guadalupe,,EM-383,2025,T. Der. San Pedro el Alto,15_DV2026_Mexico.pdf,42,15_DV2026_Mexico,22.31,1.0,0.0,2024.0,4.5,93.5,0.2,0.7,0.4,0.2,0.5,0.0,0.0,98.0,0.2,1.8,0.114,0.511,19.585441,-99.96097,100.0,True,
87,T. C. (Toluca - Morelia) - San Nicolás Guadalupe,,EM-383,2025,T. Der. San Pedro el Alto,15_DV2026_Mexico.pdf,42,15_DV2026_Mexico,22.31,3.0,0.0,3653.0,3.8,92.2,0.3,2.7,0.6,0.1,0.2,0.1,0.0,96.0,0.3,3.7,0.114,0.509,19.589567,-99.967049,100.0,True,
87,T. C. (Toluca - Morelia) - San Nicolás Guadalupe,,EM-383,2025,San Nicolás Guadalupe,15_DV2026_Mexico.pdf,42,15_DV2026_Mexico,35.71,1.0,0.0,2126.0,2.6,92.6,0.2,3.6,0.9,0.1,0.0,0.0,0.0,95.2,0.2,4.6,0.111,0.502,19.629861,-100.039913,100.0,True,
88,T. C. (Toluca - Palmillas) - Agostadero,15049,EM,2025,T. C. Toluca - Palmillas,15_DV2026_Mexico.pdf,43,15_DV2026_Mexico,0.0,,,,,,,,,,,,,,,,,,,,,False,
88,T. C. (Toluca - Palmillas) - Agostadero,15049,EM,2025,El Agostadero,15_DV2026_Mexico.pdf,43,15_DV2026_Mexico,17.0,1.0,0.0,534.0,4.2,91.0,0.4,3.1,0.6,0.3,0.2,0.2,0.0,95.2,0.4,4.4,0.098,0.507,20.04136,-99.994627,100.0,True,
89,T. C. (Toluca - Palmillas) - Jiquipilco,15032,EM-053,2025,T. C. Toluca - Palmillas,15_DV2026_Mexico.pdf,43,15_DV2026_Mexico,0.0,,,,,,,,,,,,,,,,,,,,,False,
89,T. C. (Toluca - Palmillas) - Jiquipilco,15032,EM-053,2025,T. Izq. San Pablo Autopan,15_DV2026_Mexico.pdf,43,15_DV2026_Mexico,3.4,3.0,1.0,4756.0,10.0,82.9,0.2,6.3,0.3,0.2,0.1,0.0,0.0,92.9,0.2,6.9,0.075,0.512,19.368296,-99.627122,100.0,True,
89,T. C. (Toluca - Palmillas) - Jiquipilco,15032,EM-053,2025,T. Izq. San Pablo Autopan,15_DV2026_Mexico.pdf,43,15_DV2026_Mexico,3.4,3.0,2.0,4999.0,9.3,83.4,0.2,6.5,0.3,0.2,0.1,0.0,0.0,92.7,0.2,7.1,0.07,0.512,19.368305,-99.627203,100.0,True,
89,T. C. (Toluca - Palmillas) - Jiquipilco,15032,EM-053,2025,X. C. Lib. Nororiente de Toluca (Cuota),15_DV2026_Mexico.pdf,43,15_DV2026_Mexico,12.1,1.0,1.0,7246.0,6.7,85.8,0.6,5.7,0.6,0.3,0.1,0.1,0.1,92.5,0.6,6.9,0.072,0.505,19.408128,-99.619516,100.0,True,
89,T. C. (Toluca - Palmillas) - Jiquipilco,15032,EM-053,2025,X. C. Lib. Nororiente de Toluca (Cuota),15_DV2026_Mexico.pdf,43,15_DV2026_Mexico,12.1,1.0,2.0,7404.0,6.8,85.3,0.7,6.1,0.6,0.3,0.1,0.0,0.1,92.1,0.7,7.2,0.075,0.505,19.408141,-99.619585,100.0,True,
89,T. C. (Toluca - Palmillas) - Jiquipilco,15032,EM-053,2025,X. C. Lib. Nororiente de Toluca (Cuota),15_DV2026_Mexico.pdf,43,15_DV2026_Mexico,12.1,3.0,1.0,11354.0,4.0,89.1,0.7,4.5,0.8,0.4,0.1,0.3,0.1,93.1,0.7,6.2,0.085,0.514,19.414345,-99.617563,100.0,True,
89,T. C. (Toluca - Palmillas) - Jiquipilco,15032,EM-053,2025,X. C. Lib. Nororiente de Toluca (Cuota),15_DV2026_Mexico.pdf,43,15_DV2026_Mexico,12.1,3.0,2.0,12018.0,3.9,88.8,0.7,4.8,0.9,0.4,0.1,0.3,0.1,92.7,0.7,6.6,0.09,0.514,19.414097,-99.617675,100.0,True,
89,T. C. (Toluca - Palmillas) - Jiquipilco,15032,EM-053,2025,X. C. Amomolulco - Presa Alzate,15_DV2026_Mexico.pdf,43,15_DV2026_Mexico,16.1,1.0,1.0,8268.0,6.3,86.4,1.1,4.8,0.6,0.3,0.2,0.2,0.1,92.7,1.1,6.2,0.087,0.509,19.438311,-99.60683,100.0,True,
89,T. C. (Toluca - Palmillas) - Jiquipilco,15032,EM-053,2025,X. C. Amomolulco - Presa Alzate,15_DV2026_Mexico.pdf,43,15_DV2026_Mexico,16.1,1.0,2.0,7979.0,6.3,86.0,1.3,5.1,0.6,0.4,0.1,0.2,0.0,92.3,1.3,6.4,0.077,0.509,19.438362,-99.606908,100.0,True,
89,T. C. (Toluca - Palmillas) - Jiquipilco,15032,EM-053,2025,Temoaya,15_DV2026_Mexico.pdf,43,15_DV2026_Mexico,20.0,1.0,1.0,9699.0,3.9,89.6,0.5,4.5,0.5,0.4,0.3,0.2,0.1,93.5,0.5,6.0,0.076,0.504,19.446227,-99.603121,100.0,True,
89,T. C. (Toluca - Palmillas) - Jiquipilco,15032,EM-053,2025,Temoaya,15_DV2026_Mexico.pdf,43,15_DV2026_Mexico,20.0,1.0,2.0,9540.0,3.8,89.2,0.6,5.0,0.5,0.3,0.3,0.2,0.1,93.0,0.6,6.4,0.074,0.504,19.446265,-99.603183,100.0,True,
89,T. C. (Toluca - Palmillas) - Jiquipilco,15032,EM-053,2025,Jiquipilco,15_DV2026_Mexico.pdf,43,15_DV2026_Mexico,37.0,1.0,0.0,5015.0,5.8,88.3,0.8,4.7,0.4,0.0,0.0,0.0,0.0,94.1,0.8,5.1,0.083,0.5,19.545679,-99.60835,100.0,True,
90,T. C. (Toluca - Palmillas) - Jocotitlán,15052,EM,2025,T. C. Toluca - Palmillas,15_DV2026_Mexico.pdf,43,15_DV2026_Mexico,0.0,3.0,0.0,3343.0,3.3,91.6,0.7,3.1,0.6,0.5,0.2,0.0,0.0,94.9,0.7,4.4,0.086,0.538,19.54883,-99.747986,100.0,True,
90,T. C. (Toluca - Palmillas) - Jocotitlán,15052,EM,2025,X. C. Ixtlahuaca de Rayón - Santo Domingo,15_DV2026_Mexico.pdf,43,15_DV2026_Mexico,3.8,3.0,0.0,7197.0,6.3,83.4,0.7,4.7,2.8,1.0,0.6,0.4,0.1,89.7,0.7,9.6,0.086,0.515,19.570984,-99.742704,100.0,True,
90,T. C. (Toluca - Palmillas) - Jocotitlán,15052,EM,2025,T. C. Santo Domingo - T. C. (México - Querétaro (Cuota)),15_DV2026_Mexico.pdf,43,15_DV2026_Mexico,13.15,3.0,0.0,3026.0,4.4,88.6,0.8,5.3,0.4,0.3,0.1,0.0,0.1,93.0,0.8,6.2,0.087,0.502,19.657301,-99.72977,100.0,True,
90,T. C. (Toluca - Palmillas) - Jocotitlán,15052,EM,2025,Jocotitlán,15_DV2026_Mexico.pdf,43,15_DV2026_Mexico,24.65,,,,,,,,,,,,,,,,,,,,,False,
91,T. C. (V. Victoria - El Oro de Hidalgo) - Angangueo,00195,EM-003-MICH,2025,T. C. V. Victoria - El Oro de Hidalgo,15_DV2026_Mexico.pdf,43,15_DV2026_Mexico,0.0,3.0,1.0,5553.0,3.4,91.7,0.8,2.2,1.4,0.2,0.1,0.1,0.1,95.1,0.8,4.1,0.101,0.504,19.647935,-100.128281,100.0,True,
91,T. C. (V. Victoria - El Oro de Hidalgo) - Angangueo,00195,EM-003-MICH,2025,T. C. V. Victoria - El Oro de Hidalgo,15_DV2026_Mexico.pdf,43,15_DV2026_Mexico,0.0,3.0,2.0,5475.0,3.3,92.2,0.7,2.1,1.3,0.1,0.1,0.1,0.1,95.5,0.7,3.8,0.104,0.504,19.647844,-100.128301,100.0,True,
91,T. C. (V. Victoria - El Oro de Hidalgo) - Angangueo,00195,EM-003-MICH,2025,Lim. Edos. Term. Méx. Ppia. Mich.,15_DV2026_Mexico.pdf,44,15_DV2026_Mexico,17.7,,,,,,,,,,,,,,,,,,,,,False,
91,T. C. (V. Victoria - El Oro de Hidalgo) - Angangueo,00195,EM-003-MICH,2025,Angangueo,15_DV2026_Mexico.pdf,44,15_DV2026_Mexico,24.0,1.0,0.0,835.0,3.3,87.8,2.9,3.0,1.7,0.8,0.3,0.2,0.0,91.1,2.9,6.0,0.107,0.504,19.651698,-100.266101,100.0,True,
92,Tecámac - Ent. Atlatongo,15070,EM,2025,T. C. México - Pachuca (Libre),15_DV2026_Mexico.pdf,44,15_DV2026_Mexico,0.0,,,,,,,,,,,,,,,,,,,,,False,
92,Tecámac - Ent. Atlatongo,15070,EM,2025,T. C. México - Tizayuca (Cuota),15_DV2026_Mexico.pdf,44,15_DV2026_Mexico,1.1,3.0,0.0,14751.0,12.2,84.4,0.4,1.0,1.0,0.6,0.1,0.2,0.1,96.6,0.4,3.0,0.077,0.543,19.709867,-98.960981,100.0,True,
92,Tecámac - Ent. Atlatongo,15070,EM,2025,T. C. Venta de Carpio - T. C. (Pachuca - Tulancingo),15_DV2026_Mexico.pdf,44,15_DV2026_Mexico,8.3,1.0,0.0,8298.0,12.8,81.7,0.7,2.2,0.9,0.8,0.3,0.5,0.1,94.5,0.7,4.8,0.071,0.522,19.682891,-98.903212,100.0,True,
93,Tejupilco de Hidalgo - Tlatlaya,15060,EM-008,2025,Tejupilco de Hidalgo,15_DV2026_Mexico.pdf,44,15_DV2026_Mexico,0.0,3.0,0.0,7873.0,14.1,80.8,0.5,2.6,1.0,0.3,0.2,0.3,0.2,94.9,0.5,4.6,0.083,0.5,18.866514,-100.138039,100.0,True,
93,Tejupilco de Hidalgo - Tlatlaya,15060,EM-008,2025,Tlatlaya,15_DV2026_Mexico.pdf,44,15_DV2026_Mexico,50.0,,,,,,,,,,,,,,,,,,,,,False,
94,Temascaltepec de González - El Fresno,,EM-086,2025,Temascaltepec,15_DV2026_Mexico.pdf,44,15_DV2026_Mexico,0.0,3.0,0.0,3850.0,8.4,87.3,0.3,1.6,0.5,0.5,0.7,0.2,0.5,95.7,0.3,4.0,0.092,0.501,19.051049,-100.053443,100.0,True,
94,Temascaltepec de González - El Fresno,,EM-086,2025,T. Izq. Zacazonapan,15_DV2026_Mexico.pdf,44,15_DV2026_Mexico,5.1,1.0,0.0,3316.0,8.6,84.2,0.9,3.1,0.9,0.6,0.8,0.3,0.6,92.8,0.9,6.3,0.086,0.508,19.05862,-100.056919,100.0,True,
94,Temascaltepec de González - El Fresno,,EM-086,2025,T. Izq. Zacazonapan,15_DV2026_Mexico.pdf,44,15_DV2026_Mexico,5.1,3.0,0.0,2981.0,10.2,84.0,0.5,2.3,0.8,0.7,0.6,0.4,0.5,94.2,0.5,5.3,0.076,0.512,19.06105,-100.058741,100.0,True,
94,Temascaltepec de González - El Fresno,,EM-086,2025,El Fresno,15_DV2026_Mexico.pdf,44,15_DV2026_Mexico,18.35,1.0,0.0,8226.0,15.3,77.2,1.8,3.1,0.6,0.5,0.2,1.0,0.3,92.5,1.8,5.7,0.095,0.511,19.14488,-100.0677,100.0,True,
95,Temascaltepec de González - Zuluapan,,EM-071,2025,T. Temascaltepec de González,15_DV2026_Mexico.pdf,44,15_DV2026_Mexico,0.0,3.0,0.0,1953.0,4.3,85.6,0.4,5.2,2.0,1.9,0.4,0.2,0.0,89.9,0.4,9.7,0.086,0.513,19.059494,-100.058757,100.0,True,
95,Temascaltepec de González - Zuluapan,,EM-071,2025,Zacazonapan,15_DV2026_Mexico.pdf,44,15_DV2026_Mexico,33.0,1.0,0.0,1485.0,4.7,86.4,0.8,4.6,1.8,1.4,0.2,0.1,0.0,91.1,0.8,8.1,0.098,0.508,19.065495,-100.244303,100.0,True,
95,Temascaltepec de González - Zuluapan,,EM-071,2025,Zacazonapan,15_DV2026_Mexico.pdf,44,15_DV2026_Mexico,33.0,3.0,0.0,1004.0,14.8,80.2,0.4,4.2,0.3,0.0,0.1,0.0,0.0,95.0,0.4,4.6,0.088,0.501,19.081512,-100.261362,100.0,True,
95,Temascaltepec de González - Zuluapan,,EM-071,2025,Zuluapan,15_DV2026_Mexico.pdf,44,15_DV2026_Mexico,47.0,1.0,0.0,964.0,14.3,81.3,0.4,3.8,0.1,0.0,0.1,0.0,0.0,95.6,0.4,4.0,0.108,0.502,19.137912,-100.307979,100.0,True,
96,Tenancingo - Chalma,15024,EM,2025,T. C. Toluca - Axixintla,15_DV2026_Mexico.pdf,45,15_DV2026_Mexico,0.0,3.0,0.0,20866.0,8.4,87.9,0.2,2.2,0.4,0.2,0.3,0.2,0.2,96.3,0.2,3.5,0.073,0.508,18.958157,-99.569426,100.0,True,
96,Tenancingo - Chalma,15024,EM,2025,Malinalco,15_DV2026_Mexico.pdf,45,15_DV2026_Mexico,28.65,1.0,0.0,7647.0,10.7,84.4,0.5,3.4,0.4,0.2,0.3,0.1,0.0,95.1,0.5,4.4,0.112,0.529,18.961426,-99.490767,100.0,True,
96,Tenancingo - Chalma,15024,EM,2025,Chalma,15_DV2026_Mexico.pdf,45,15_DV2026_Mexico,36.86,1.0,0.0,5032.0,11.6,85.4,0.1,1.8,0.3,0.4,0.2,0.1,0.1,97.0,0.1,2.9,0.115,0.518,18.918666,-99.448755,100.0,True,
97,Tenancingo - San Simón El Alto,15042,EM,2025,Tenancingo,15_DV2026_Mexico.pdf,45,15_DV2026_Mexico,0.0,3.0,0.0,4076.0,11.3,84.7,0.1,2.6,0.2,0.1,0.6,0.3,0.1,96.0,0.1,3.9,0.111,0.506,18.944379,-99.578963,100.0,True,
97,Tenancingo - San Simón El Alto,15042,EM,2025,San Miguel Tecomatlán,15_DV2026_Mexico.pdf,45,15_DV2026_Mexico,8.8,1.0,0.0,4043.0,19.9,76.0,0.1,3.1,0.1,0.2,0.4,0.1,0.1,95.9,0.1,4.0,0.103,0.507,18.972586,-99.52983,100.0,True,
97,Tenancingo - San Simón El Alto,15042,EM,2025,San Simón El Alto,15_DV2026_Mexico.pdf,45,15_DV2026_Mexico,11.0,1.0,0.0,1069.0,13.9,82.6,0.2,3.2,0.1,0.0,0.0,0.0,0.0,96.5,0.2,3.3,0.111,0.504,18.996957,-99.512374,100.0,True,
98,Tenancingo de Degollado - San Andrés Nicolás Bravo,15043,EM,2025,Tenancingo de Degollado,15_DV2026_Mexico.pdf,45,15_DV2026_Mexico,0.0,3.0,1.0,6466.0,9.7,84.6,0.3,3.7,0.5,0.5,0.2,0.4,0.1,94.3,0.3,5.4,0.094,0.504,18.952873,-99.600827,100.0,True,
98,Tenancingo de Degollado - San Andrés Nicolás Bravo,15043,EM,2025,Tenancingo de Degollado,15_DV2026_Mexico.pdf,45,15_DV2026_Mexico,0.0,3.0,2.0,6575.0,9.4,84.9,0.3,3.7,0.5,0.5,0.2,0.4,0.1,94.3,0.3,5.4,0.086,0.504,18.95281,-99.600763,100.0,True,
98,Tenancingo de Degollado - San Andrés Nicolás Bravo,15043,EM,2025,Zumpahuacán,15_DV2026_Mexico.pdf,45,15_DV2026_Mexico,18.0,1.0,0.0,5555.0,6.6,87.4,0.3,3.2,0.7,0.8,0.7,0.1,0.2,94.0,0.3,5.7,0.074,0.504,18.840871,-99.594693,100.0,True,
98,Tenancingo de Degollado - San Andrés Nicolás Bravo,15043,EM,2025,San Gaspar,15_DV2026_Mexico.pdf,45,15_DV2026_Mexico,27.0,1.0,0.0,1390.0,6.2,84.0,1.2,2.9,1.5,2.9,1.0,0.2,0.1,90.2,1.2,8.6,0.119,0.508,18.783675,-99.546405,100.0,True,
98,Tenancingo de Degollado - San Andrés Nicolás Bravo,15043,EM,2025,San Andrés Nicolás Bravo,15_DV2026_Mexico.pdf,45,15_DV2026_Mexico,39.0,1.0,0.0,1234.0,5.8,81.4,1.2,4.7,1.0,4.4,1.1,0.2,0.2,87.2,1.2,11.6,0.072,0.505,18.763209,-99.478951,100.0,True,
99,Tenango del Aire - Amecameca,15074,EM,2025,Tenango del Aire,15_DV2026_Mexico.pdf,45,15_DV2026_Mexico,0.0,3.0,0.0,3690.0,9.8,82.4,0.4,6.0,0.6,0.3,0.2,0.2,0.1,92.2,0.4,7.4,0.087,0.513,19.144829,-98.848656,100.0,True,
99,Tenango del Aire - Amecameca,15074,EM,2025,Amecameca,15_DV2026_Mexico.pdf,45,15_DV2026_Mexico,10.0,1.0,0.0,12639.0,11.9,83.4,0.4,2.7,0.7,0.4,0.2,0.2,0.1,95.3,0.4,4.3,0.074,0.502,19.130789,-98.782131,100.0,True,
100,Teoloyucan - Jaltenco,15076,EM,2025,Teoloyucan,15_DV2026_Mexico.pdf,45,15_DV2026_Mexico,0.0,3.0,0.0,11492.0,9.8,77.5,0.8,4.4,2.3,3.5,0.4,0.9,0.4,87.3,0.8,11.9,0.082,0.511,19.750378,-99.142255,100.0,True,
100,Teoloyucan - Jaltenco,15076,EM,2025,Jaltenco,15_DV2026_Mexico.pdf,45,15_DV2026_Mexico,27.0,1.0,0.0,14146.0,9.8,83.3,0.4,1.7,1.2,1.7,1.1,0.4,0.4,93.1,0.4,6.5,0.088,0.508,19.750267,-99.107754,100.0,True,
101,Tepexpan - San Juan Teotihuacán,15055,EM,2025,Tepexpan,15_DV2026_Mexico.pdf,46,15_DV2026_Mexico,0.0,3.0,0.0,10201.0,22.9,69.3,0.8,3.2,0.9,1.1,0.6,0.8,0.4,92.2,0.8,7.0,0.069,0.501,19.614489,-98.922421,100.0,True,
101,Tepexpan - San Juan Teotihuacán,15055,EM,2025,Xometla,15_DV2026_Mexico.pdf,46,15_DV2026_Mexico,8.5,1.0,0.0,6100.0,22.8,72.0,0.4,4.2,0.3,0.2,0.1,0.0,0.0,94.8,0.4,4.8,0.086,0.514,19.626703,-98.890736,100.0,True,
101,Tepexpan - San Juan Teotihuacán,15055,EM,2025,San Juan Teotihuacán,15_DV2026_Mexico.pdf,46,15_DV2026_Mexico,14.4,1.0,0.0,8862.0,23.1,71.6,0.7,1.5,1.3,1.1,0.6,0.0,0.1,94.7,0.7,4.6,0.077,0.535,19.674852,-98.871401,100.0,True,
102,Texcaltitlán - Zacualpan,15031,EM-007,2025,T. C. La Puerta - San Miguel Totolmaloya,15_DV2026_Mexico.pdf,46,15_DV2026_Mexico,0.0,,,,,,,,,,,,,,,,,,,,,False,
102,Texcaltitlán - Zacualpan,15031,EM-007,2025,Almoloya de Alquisiras,15_DV2026_Mexico.pdf,46,15_DV2026_Mexico,8.0,1.0,0.0,5324.0,8.3,85.0,0.8,3.9,0.8,0.6,0.2,0.2,0.2,93.3,0.8,5.9,0.095,0.501,18.866785,-99.898189,100.0,True,
102,Texcaltitlán - Zacualpan,15031,EM-007,2025,Zacualpan,15_DV2026_Mexico.pdf,46,15_DV2026_Mexico,43.0,1.0,0.0,1754.0,7.8,84.6,0.5,5.9,0.3,0.2,0.5,0.1,0.1,92.4,0.5,7.1,0.114,0.506,18.735087,-99.767182,100.0,True,
103,Texcoco - San Miguel Tlaixpan,15040,EM,2025,Texcoco,15_DV2026_Mexico.pdf,46,15_DV2026_Mexico,0.0,3.0,1.0,11904.0,9.4,87.0,0.5,1.6,0.6,0.3,0.2,0.3,0.1,96.4,0.5,3.1,0.069,0.506,19.513968,-98.863252,100.0,True,
103,Texcoco - San Miguel Tlaixpan,15040,EM,2025,Texcoco,15_DV2026_Mexico.pdf,46,15_DV2026_Mexico,0.0,3.0,2.0,12170.0,9.3,86.5,0.6,1.4,0.8,0.3,0.4,0.5,0.2,95.8,0.6,3.6,0.07,0.506,19.513995,-98.863255,100.0,True,
103,Texcoco - San Miguel Tlaixpan,15040,EM,2025,San Miguel Tlaixpan,15_DV2026_Mexico.pdf,46,15_DV2026_Mexico,7.4,1.0,1.0,4456.0,6.7,91.1,0.2,1.2,0.5,0.2,0.0,0.1,0.0,97.8,0.2,2.0,0.083,0.51,19.511736,-98.82228,100.0,True,
103,Texcoco - San Miguel Tlaixpan,15040,EM,2025,San Miguel Tlaixpan,15_DV2026_Mexico.pdf,46,15_DV2026_Mexico,7.4,1.0,2.0,4274.0,6.7,90.8,0.4,1.5,0.3,0.2,0.0,0.1,0.0,97.5,0.4,2.1,0.087,0.51,19.511773,-98.822301,100.0,True,
104,Tlalnepantla - San Gabriel,15002,EM-005-004,2025,Tlalnepantla,15_DV2026_Mexico.pdf,46,15_DV2026_Mexico,0.0,,,,,,,,,,,,,,,,,,,,,False,
104,Tlalnepantla - San Gabriel,15002,EM-005-004,2025,X. C. México - Querétaro (Cuota),15_DV2026_Mexico.pdf,46,15_DV2026_Mexico,2.97,3.0,1.0,39415.0,3.1,89.7,0.7,4.0,1.0,0.8,0.4,0.1,0.2,92.8,0.7,6.5,0.066,0.508,19.539148,-99.223434,100.0,True,
104,Tlalnepantla - San Gabriel,15002,EM-005-004,2025,X. C. México - Querétaro (Cuota),15_DV2026_Mexico.pdf,46,15_DV2026_Mexico,2.97,3.0,2.0,37929.0,3.1,89.7,0.7,4.0,1.0,0.8,0.4,0.1,0.2,92.8,0.7,6.5,0.082,0.508,19.539088,-99.223266,100.0,True,
104,Tlalnepantla - San Gabriel,15002,EM-005-004,2025,La Colmena,15_DV2026_Mexico.pdf,46,15_DV2026_Mexico,12.9,3.0,1.0,25321.0,2.2,91.0,0.5,4.0,0.8,0.7,0.2,0.3,0.3,93.2,0.5,6.3,0.064,0.529,19.612438,-99.29948,100.0,True,
104,Tlalnepantla - San Gabriel,15002,EM-005-004,2025,La Colmena,15_DV2026_Mexico.pdf,46,15_DV2026_Mexico,12.9,3.0,2.0,22524.0,2.1,91.1,0.5,4.0,0.8,0.7,0.2,0.3,0.3,93.2,0.5,6.3,0.062,0.529,19.612159,-99.299374,100.0,True,
104,Tlalnepantla - San Gabriel,15002,EM-005-004,2025,T. Der. V. de la Hacienda,15_DV2026_Mexico.pdf,46,15_DV2026_Mexico,24.3,1.0,0.0,11395.0,6.4,81.9,1.8,7.3,1.2,0.7,0.2,0.4,0.1,88.3,1.8,9.9,0.07,0.51,19.640021,-99.363109,100.0,True,
104,Tlalnepantla - San Gabriel,15002,EM-005-004,2025,T. Der. V. de la Hacienda,15_DV2026_Mexico.pdf,46,15_DV2026_Mexico,24.3,3.0,0.0,15280.0,5.8,82.4,1.5,7.1,1.3,0.8,0.3,0.4,0.4,88.2,1.5,10.3,0.076,0.518,19.640706,-99.369501,100.0,True,
104,Tlalnepantla - San Gabriel,15002,EM-005-004,2025,T. Der. Tepotzotlán,15_DV2026_Mexico.pdf,46,15_DV2026_Mexico,26.98,1.0,0.0,16856.0,6.9,80.9,2.0,6.7,1.6,0.9,0.3,0.4,0.3,87.8,2.0,10.2,0.089,0.508,19.643705,-99.385571,100.0,True,
104,Tlalnepantla - San Gabriel,15002,EM-005-004,2025,T. Der. Tepotzotlán,15_DV2026_Mexico.pdf,46,15_DV2026_Mexico,26.98,3.0,0.0,12555.0,5.9,83.4,0.4,5.6,2.9,1.1,0.1,0.4,0.2,89.3,0.4,10.3,0.096,0.514,19.646635,-99.392572,100.0,True,
104,Tlalnepantla - San Gabriel,15002,EM-005-004,2025,Sta. María Magdalena Cahuacán,15_DV2026_Mexico.pdf,46,15_DV2026_Mexico,29.4,3.0,0.0,8987.0,9.5,83.3,1.0,4.3,1.1,0.7,0.0,0.1,0.0,92.8,1.0,6.2,0.108,0.515,19.640529,-99.41984,100.0,True,
104,Tlalnepantla - San Gabriel,15002,EM-005-004,2025,Villa del Carbón,15_DV2026_Mexico.pdf,47,15_DV2026_Mexico,48.4,1.0,0.0,7295.0,4.8,86.6,1.3,5.5,1.0,0.5,0.1,0.1,0.1,91.4,1.3,7.3,0.111,0.535,19.719064,-99.447875,100.0,True,
104,Tlalnepantla - San Gabriel,15002,EM-005-004,2025,Villa del Carbón,15_DV2026_Mexico.pdf,47,15_DV2026_Mexico,48.4,3.0,0.0,7424.0,5.2,86.5,0.8,5.7,1.0,0.5,0.1,0.1,0.1,91.7,0.8,7.5,0.117,0.511,19.730459,-99.481247,100.0,True,
104,Tlalnepantla - San Gabriel,15002,EM-005-004,2025,Chapa de Mota,15_DV2026_Mexico.pdf,47,15_DV2026_Mexico,67.6,1.0,0.0,1534.0,4.3,85.5,0.6,8.3,0.6,0.2,0.2,0.1,0.2,89.8,0.6,9.6,0.128,0.512,19.813196,-99.519031,100.0,True,
104,Tlalnepantla - San Gabriel,15002,EM-005-004,2025,T. C. San Francisco - Ent. Ojo de Agua,15_DV2026_Mexico.pdf,47,15_DV2026_Mexico,81.96,,,,,,,,,,,,,,,,,,,,,False,
105,Villa del Carbón - Atlacomulco,15011,EM-005,2025,T. C. Tlalnepantla - San Gabriel,15_DV2026_Mexico.pdf,47,15_DV2026_Mexico,0.0,3.0,0.0,3189.0,3.1,83.1,1.1,10.1,1.5,0.5,0.3,0.2,0.1,86.2,1.1,12.7,0.087,0.503,19.733561,-99.484735,100.0,True,
105,Villa del Carbón - Atlacomulco,15011,EM-005,2025,T. Der. San Bartolo Morelos,15_DV2026_Mexico.pdf,47,15_DV2026_Mexico,25.0,1.0,0.0,5082.0,19.2,71.1,0.5,2.5,4.2,1.1,0.3,0.9,0.2,90.3,0.5,9.2,0.09,0.543,19.766637,-99.674471,100.0,True,
105,Villa del Carbón - Atlacomulco,15011,EM-005,2025,X. C. Santo Domingo - T. C. (México - Querétaro (Cuota)),15_DV2026_Mexico.pdf,47,15_DV2026_Mexico,29.0,3.0,0.0,5505.0,3.1,86.4,1.8,6.6,1.1,0.5,0.2,0.1,0.2,89.5,1.8,8.7,0.102,0.524,19.785178,-99.704155,100.0,True,
105,Villa del Carbón - Atlacomulco,15011,EM-005,2025,Santiago Acutzilapan,15_DV2026_Mexico.pdf,47,15_DV2026_Mexico,36.0,1.0,0.0,5161.0,4.1,88.3,1.2,4.5,0.9,0.4,0.2,0.2,0.2,92.4,1.2,6.4,0.1,0.507,19.78931,-99.754328,100.0,True,
105,Villa del Carbón - Atlacomulco,15011,EM-005,2025,Santiago Acutzilapan,15_DV2026_Mexico.pdf,47,15_DV2026_Mexico,36.0,3.0,0.0,7772.0,4.3,88.8,1.2,3.8,0.9,0.4,0.2,0.2,0.2,93.1,1.2,5.7,0.08,0.508,19.789662,-99.779999,100.0,True,
105,Villa del Carbón - Atlacomulco,15011,EM-005,2025,Atlacomulco,15_DV2026_Mexico.pdf,47,15_DV2026_Mexico,50.0,1.0,0.0,12979.0,3.6,90.3,0.9,3.1,0.7,0.5,0.3,0.3,0.3,93.9,0.9,5.2,0.078,0.515,19.793634,-99.866449,100.0,True,
106,Villa Victoria - El Oro de Hidalgo,15025,EM-014-004,2025,Villa Victoria,15_DV2026_Mexico.pdf,47,15_DV2026_Mexico,0.0,3.0,0.0,7268.0,3.7,88.6,1.2,2.6,1.2,0.9,1.0,0.3,0.5,92.3,1.2,6.5,0.111,0.507,19.453011,-100.023862,100.0,True,
106,Villa Victoria - El Oro de Hidalgo,15025,EM-014-004,2025,T. Izq. Angangueo,15_DV2026_Mexico.pdf,47,15_DV2026_Mexico,34.0,1.0,0.0,8782.0,2.6,91.0,1.2,4.5,0.3,0.2,0.0,0.2,0.0,93.6,1.2,5.2,0.096,0.518,19.643916,-100.124631,100.0,True,
106,Villa Victoria - El Oro de Hidalgo,15025,EM-014-004,2025,T. C. Atlacomulco - Morelia,15_DV2026_Mexico.pdf,47,15_DV2026_Mexico,57.0,1.0,0.0,5617.0,2.5,92.5,0.5,3.5,0.7,0.3,0.0,0.0,0.0,95.0,0.5,4.5,0.101,0.504,19.794566,-100.133502,100.0,True,
107,Xalatlaco - El Ajusco,00017,EM-CDMX,2025,T. C. Ent. Cruz de La Misión - San Nicolás Coatepec,15_DV2026_Mexico.pdf,47,15_DV2026_Mexico,0.0,3.0,0.0,1942.0,6.7,83.6,0.5,6.1,1.5,0.7,0.6,0.2,0.1,90.3,0.5,9.2,0.069,0.51,19.162954,-99.406236,100.0,True,
107,Xalatlaco - El Ajusco,00017,EM-CDMX,2025,Lim. Edos. Term. Méx. Ppia. CDMX,15_DV2026_Mexico.pdf,47,15_DV2026_Mexico,17.7,,,,,,,,,,,,,,,,,,,,,False,
107,Xalatlaco - El Ajusco,00017,EM-CDMX,2025,T. C. Circuito del Ajusco,15_DV2026_Mexico.pdf,47,15_DV2026_Mexico,27.6,1.0,0.0,890.0,7.3,81.7,0.7,7.6,1.6,0.7,0.2,0.2,0.0,89.0,0.7,10.3,0.101,0.535,19.20123,-99.280481,100.0,True,
108,La Venta - Chamapa (Cuota),15014,EM-D,2025,T. C. México - Toluca,15_DV2026_Mexico.pdf,48,15_DV2026_Mexico,0.0,,,,,,,,,,,,,,,,,,,,,False,
108,La Venta - Chamapa (Cuota),15014,EM-D,2025,Plaza de Cobro La Venta,15_DV2026_Mexico.pdf,48,15_DV2026_Mexico,0.1,2.0,1.0,9843.0,1.2,84.0,0.6,4.7,2.4,5.3,0.3,1.1,0.4,85.2,0.6,14.2,0.09,0.5,19.348946,-99.306623,100.0,True,
108,La Venta - Chamapa (Cuota),15014,EM-D,2025,Plaza de Cobro La Venta,15_DV2026_Mexico.pdf,48,15_DV2026_Mexico,0.1,2.0,2.0,9843.0,1.2,84.0,0.6,4.7,2.4,5.3,0.3,1.1,0.4,85.2,0.6,14.2,0.09,0.5,19.348946,-99.306623,100.0,True,
108,La Venta - Chamapa (Cuota),15014,EM-D,2025,Plaza de Cobro La Venta,15_DV2026_Mexico.pdf,48,15_DV2026_Mexico,0.1,3.0,1.0,10850.0,5.7,76.0,1.7,8.0,2.1,3.4,1.2,1.5,0.4,81.7,1.7,16.6,0.113,0.503,19.356361,-99.304091,100.0,True,
108,La Venta - Chamapa (Cuota),15014,EM-D,2025,Plaza de Cobro La Venta,15_DV2026_Mexico.pdf,48,15_DV2026_Mexico,0.1,3.0,2.0,10701.0,5.6,76.3,1.5,7.9,1.9,3.8,1.2,1.4,0.4,81.9,1.5,16.6,0.116,0.503,19.355124,-99.304704,100.0,True,
108,La Venta - Chamapa (Cuota),15014,EM-D,2025,Lim. Edos. Term. CDMX Tab. Ppia. Méx.,15_DV2026_Mexico.pdf,48,15_DV2026_Mexico,2.7,,,,,,,,,,,,,,,,,,,,,False,
108,La Venta - Chamapa (Cuota),15014,EM-D,2025,T. Der. Interlomas,15_DV2026_Mexico.pdf,48,15_DV2026_Mexico,5.6,3.0,1.0,16414.0,2.5,85.6,1.5,3.2,2.3,3.5,0.4,0.8,0.2,88.1,1.5,10.4,0.124,0.514,19.399406,-99.296789,100.0,True,
108,La Venta - Chamapa (Cuota),15014,EM-D,2025,T. Der. Interlomas,15_DV2026_Mexico.pdf,48,15_DV2026_Mexico,5.6,3.0,2.0,17385.0,2.6,85.3,1.7,3.3,1.9,3.7,0.5,0.8,0.2,87.9,1.7,10.4,0.155,0.514,19.399422,-99.296916,100.0,True,
108,La Venta - Chamapa (Cuota),15014,EM-D,2025,X. C. Naucalpan - Toluca,15_DV2026_Mexico.pdf,48,15_DV2026_Mexico,11.1,1.0,1.0,20029.0,4.2,84.1,1.2,5.3,1.0,2.9,0.5,0.7,0.1,88.3,1.2,10.5,0.12,0.508,19.423436,-99.296902,100.0,True,
108,La Venta - Chamapa (Cuota),15014,EM-D,2025,X. C. Naucalpan - Toluca,15_DV2026_Mexico.pdf,48,15_DV2026_Mexico,11.1,1.0,2.0,19431.0,4.0,85.4,1.1,4.8,0.9,2.5,0.5,0.7,0.1,89.4,1.1,9.5,0.168,0.508,19.429012,-99.295658,100.0,True,
109,Lerma - Tenango (Cuota),,EM-D,2025,T. C. México - Toluca,15_DV2026_Mexico.pdf,48,15_DV2026_Mexico,0.0,3.0,0.0,16501.0,2.6,86.6,2.2,2.6,2.2,2.7,0.3,0.7,0.1,89.2,2.2,8.6,0.075,0.514,19.271758,-99.520568,100.0,True,
109,Lerma - Tenango (Cuota),,EM-D,2025,X. C. Mexicalcingo - Xalatlaco,15_DV2026_Mexico.pdf,48,15_DV2026_Mexico,11.0,3.0,0.0,6396.0,2.6,77.5,4.3,7.5,3.4,1.7,1.3,1.0,0.7,80.1,4.3,15.6,0.076,0.513,19.172672,-99.530576,100.0,True,
109,Lerma - Tenango (Cuota),,EM-D,2025,Toluca - Axixintla,15_DV2026_Mexico.pdf,48,15_DV2026_Mexico,19.4,,,,,,,,,,,,,,,,,,,,,False,
110,Libramiento Nororiente de Toluca (Cuota),,EM-D,2025,T. C. México - Toluca,15_DV2026_Mexico.pdf,48,15_DV2026_Mexico,0.0,3.0,1.0,11930.0,0.8,79.3,5.5,4.8,1.9,6.3,0.5,0.7,0.2,80.1,5.5,14.4,0.12,0.505,19.298077,-99.521104,100.0,True,
110,Libramiento Nororiente de Toluca (Cuota),,EM-D,2025,T. C. México - Toluca,15_DV2026_Mexico.pdf,48,15_DV2026_Mexico,0.0,3.0,2.0,11679.0,0.6,77.8,5.6,5.8,1.9,6.5,0.7,0.8,0.3,78.4,5.6,16.0,0.137,0.505,19.298072,-99.521267,100.0,True,
110,Libramiento Nororiente de Toluca (Cuota),,EM-D,2025,X. C. Naucalpan - Toluca,15_DV2026_Mexico.pdf,48,15_DV2026_Mexico,12.0,1.0,1.0,10654.0,2.2,80.7,3.9,4.5,2.2,5.2,0.5,0.6,0.2,82.9,3.9,13.2,0.084,0.51,19.371272,-99.544613,100.0,True,
110,Libramiento Nororiente de Toluca (Cuota),,EM-D,2025,X. C. Naucalpan - Toluca,15_DV2026_Mexico.pdf,48,15_DV2026_Mexico,12.0,1.0,2.0,10231.0,2.1,81.1,3.8,4.4,2.2,5.1,0.4,0.7,0.2,83.2,3.8,13.0,0.123,0.51,19.369265,-99.542554,100.0,True,
110,Libramiento Nororiente de Toluca (Cuota),,EM-D,2025,X. C. Naucalpan - Toluca,15_DV2026_Mexico.pdf,48,15_DV2026_Mexico,12.0,3.0,1.0,7996.0,1.8,73.7,7.2,6.7,1.5,6.6,0.9,1.3,0.3,75.5,7.2,17.3,0.092,0.532,19.384981,-99.560049,100.0,True,
110,Libramiento Nororiente de Toluca (Cuota),,EM-D,2025,X. C. Naucalpan - Toluca,15_DV2026_Mexico.pdf,48,15_DV2026_Mexico,12.0,3.0,2.0,9096.0,1.7,77.5,5.5,4.6,2.1,6.7,0.6,1.0,0.3,79.2,5.5,15.3,0.113,0.532,19.384933,-99.560127,100.0,True,
110,Libramiento Nororiente de Toluca (Cuota),,EM-D,2025,T. C. Toluca - Palmillas,15_DV2026_Mexico.pdf,48,15_DV2026_Mexico,29.5,1.0,1.0,15001.0,7.1,75.9,4.3,4.9,1.7,4.4,0.7,0.7,0.3,83.0,4.3,12.7,0.088,0.505,19.394262,-99.648793,100.0,True,
110,Libramiento Nororiente de Toluca (Cuota),,EM-D,2025,T. C. Toluca - Palmillas,15_DV2026_Mexico.pdf,48,15_DV2026_Mexico,29.5,1.0,2.0,15273.0,7.2,75.3,4.5,5.0,1.8,4.6,0.6,0.7,0.3,82.5,4.5,13.0,0.118,0.505,19.392483,-99.680403,100.0,True,
111,Ramal a Valle de Bravo (Cuota),,EM-D,2025,T. C. Toluca - Zitácuaro (Cuota),15_DV2026_Mexico.pdf,49,15_DV2026_Mexico,29.4,,,,,,,,,,,,,,,,,,,,,False,
111,Ramal a Valle de Bravo (Cuota),,EM-D,2025,P. C. Ramal a Valle de Bravo,15_DV2026_Mexico.pdf,49,15_DV2026_Mexico,30.0,3.0,0.0,5387.0,1.4,93.9,1.3,1.8,0.9,0.4,0.2,0.0,0.1,95.3,1.3,3.4,0.148,0.524,19.331881,-99.996848,100.0,True,
111,Ramal a Valle de Bravo (Cuota),,EM-D,2025,Valle de Bravo,15_DV2026_Mexico.pdf,49,15_DV2026_Mexico,54.7,,,,,,,,,,,,,,,,,,,,,False,
112,Ramal al Circuito Exterior Mexiquense (Cuota),,EM-D,2025,T. C. Chamapa - Lechería (Cuota),15_DV2026_Mexico.pdf,49,15_DV2026_Mexico,0.0,3.0,1.0,17585.0,2.2,80.5,1.7,5.4,2.8,5.4,0.6,1.2,0.2,82.7,1.7,15.6,0.095,0.522,19.633347,-99.209332,100.0,True,
112,Ramal al Circuito Exterior Mexiquense (Cuota),,EM-D,2025,T. C. Chamapa - Lechería (Cuota),15_DV2026_Mexico.pdf,49,15_DV2026_Mexico,0.0,3.0,2.0,16118.0,1.9,81.0,1.9,5.5,2.6,5.5,0.4,1.0,0.2,82.9,1.9,15.2,0.094,0.522,19.630052,-99.213928,100.0,True,
112,Ramal al Circuito Exterior Mexiquense (Cuota),,EM-D,2025,X. C. México - Querétaro,15_DV2026_Mexico.pdf,49,15_DV2026_Mexico,5.28,3.0,1.0,20982.0,3.4,77.9,2.1,4.4,2.9,6.5,1.1,1.4,0.3,81.3,2.1,16.6,0.085,0.52,19.637948,-99.179692,100.0,True,
112,Ramal al Circuito Exterior Mexiquense (Cuota),,EM-D,2025,X. C. México - Querétaro,15_DV2026_Mexico.pdf,49,15_DV2026_Mexico,5.28,3.0,2.0,19349.0,3.2,77.5,2.2,4.2,3.0,6.4,1.7,1.5,0.3,80.7,2.2,17.1,0.09,0.52,19.638336,-99.183774,100.0,True,
112,Ramal al Circuito Exterior Mexiquense (Cuota),,EM-D,2025,Plaza de Cobro T-5 Tultitlán,15_DV2026_Mexico.pdf,49,15_DV2026_Mexico,8.49,3.0,1.0,24813.0,4.7,75.4,2.5,4.4,2.8,7.0,1.5,1.2,0.5,80.1,2.5,17.4,0.084,0.512,19.653546,-99.147239,100.0,True,
112,Ramal al Circuito Exterior Mexiquense (Cuota),,EM-D,2025,Plaza de Cobro T-5 Tultitlán,15_DV2026_Mexico.pdf,49,15_DV2026_Mexico,8.49,3.0,2.0,26026.0,4.9,74.2,2.7,4.6,3.0,7.1,1.6,1.3,0.6,79.1,2.7,18.2,0.077,0.512,19.641711,-99.152204,100.0,True,
112,Ramal al Circuito Exterior Mexiquense (Cuota),,EM-D,2025,T.C. Circuito Exterior Mexiquense,15_DV2026_Mexico.pdf,49,15_DV2026_Mexico,20.0,1.0,1.0,12710.0,4.1,72.8,1.6,7.9,3.6,6.2,1.4,1.9,0.5,76.9,1.6,21.5,0.093,0.517,19.68475,-99.108394,100.0,True,
112,Ramal al Circuito Exterior Mexiquense (Cuota),,EM-D,2025,T.C. Circuito Exterior Mexiquense,15_DV2026_Mexico.pdf,49,15_DV2026_Mexico,20.0,1.0,2.0,11896.0,4.0,73.2,1.4,7.8,3.7,6.1,1.2,2.0,0.6,77.2,1.4,21.4,0.102,0.517,19.681242,-99.112833,100.0,True,
113,Toluca - Ixtapan de La Sal (Cuota),,EM-D,2025,T. C. Toluca - Axixintla,15_DV2026_Mexico.pdf,49,15_DV2026_Mexico,0.0,3.0,1.0,4929.0,2.0,90.0,2.3,3.4,1.1,0.9,0.2,0.1,0.0,92.0,2.3,5.7,0.11,0.515,19.109484,-99.644854,100.0,True,
113,Toluca - Ixtapan de La Sal (Cuota),,EM-D,2025,T. C. Toluca - Axixintla,15_DV2026_Mexico.pdf,49,15_DV2026_Mexico,0.0,3.0,2.0,5239.0,2.7,90.5,2.6,2.3,0.8,0.8,0.2,0.1,0.0,93.2,2.6,4.2,0.12,0.515,19.109461,-99.64468,100.0,True,
113,Toluca - Ixtapan de La Sal (Cuota),,EM-D,2025,Ixtapan de La Sal,15_DV2026_Mexico.pdf,49,15_DV2026_Mexico,45.0,1.0,1.0,4411.0,6.7,82.0,2.1,6.7,1.3,0.4,0.4,0.3,0.1,88.7,2.1,9.2,0.107,0.522,18.857704,-99.66416,100.0,True,
113,Toluca - Ixtapan de La Sal (Cuota),,EM-D,2025,Ixtapan de La Sal,15_DV2026_Mexico.pdf,49,15_DV2026_Mexico,45.0,1.0,2.0,4809.0,7.0,81.6,2.2,6.7,1.3,0.4,0.4,0.3,0.1,88.6,2.2,9.2,0.146,0.522,18.857973,-99.664132,100.0,True,
114,Toluca - Naucalpan (Cuota),,EM-D,2025,T. Av. Blvr Miguel Alemán,15_DV2026_Mexico.pdf,49,15_DV2026_Mexico,0.0,,,,,,,,,,,,,,,,,,,,,False,
114,Toluca - Naucalpan (Cuota),,EM-D,2025,X. C. Libramiento Nororiente de Toluca (Cuota),15_DV2026_Mexico.pdf,49,15_DV2026_Mexico,4.5,1.0,1.0,3974.0,3.1,86.0,1.6,2.6,1.3,3.5,0.2,1.4,0.3,89.1,1.6,9.3,0.111,0.528,19.321105,-99.525672,100.0,True,
114,Toluca - Naucalpan (Cuota),,EM-D,2025,X. C. Libramiento Nororiente de Toluca (Cuota),15_DV2026_Mexico.pdf,49,15_DV2026_Mexico,4.5,1.0,2.0,4454.0,2.4,86.2,1.6,2.7,1.4,3.3,0.3,1.7,0.4,88.6,1.6,9.8,0.134,0.528,19.320668,-99.526703,100.0,True,
114,Toluca - Naucalpan (Cuota),,EM-D,2025,X. C. Libramiento Nororiente de Toluca (Cuota),15_DV2026_Mexico.pdf,49,15_DV2026_Mexico,4.5,3.0,1.0,6476.0,3.0,84.5,1.1,2.8,1.8,4.6,0.4,1.4,0.4,87.5,1.1,11.4,0.091,0.519,19.340716,-99.503733,100.0,True,
114,Toluca - Naucalpan (Cuota),,EM-D,2025,X. C. Libramiento Nororiente de Toluca (Cuota),15_DV2026_Mexico.pdf,49,15_DV2026_Mexico,4.5,3.0,2.0,5996.0,2.5,84.9,1.4,2.9,1.5,4.2,0.5,1.7,0.4,87.4,1.4,11.2,0.125,0.519,19.339537,-99.505664,100.0,True,
114,Toluca - Naucalpan (Cuota),,EM-D,2025,X. C. Amomolulco - T. C. (Toluca - Palmillas),15_DV2026_Mexico.pdf,50,15_DV2026_Mexico,10.0,3.0,1.0,5673.0,2.1,83.4,2.3,3.0,1.6,5.1,0.4,1.7,0.4,85.5,2.3,12.2,0.089,0.513,19.355782,-99.477434,100.0,True,
114,Toluca - Naucalpan (Cuota),,EM-D,2025,X. C. Amomolulco - T. C. (Toluca - Palmillas),15_DV2026_Mexico.pdf,50,15_DV2026_Mexico,10.0,3.0,2.0,5393.0,1.6,83.5,2.1,3.4,1.4,5.3,0.4,1.8,0.5,85.1,2.1,12.8,0.132,0.513,19.356176,-99.476515,100.0,True,
114,Toluca - Naucalpan (Cuota),,EM-D,2025,Ent. Santa Cruz Ayotuzco,15_DV2026_Mexico.pdf,50,15_DV2026_Mexico,25.0,3.0,1.0,6587.0,1.9,83.6,3.3,3.7,1.4,4.0,0.3,1.4,0.4,85.5,3.3,11.2,0.091,0.519,19.406753,-99.371638,100.0,True,
114,Toluca - Naucalpan (Cuota),,EM-D,2025,Ent. Santa Cruz Ayotuzco,15_DV2026_Mexico.pdf,50,15_DV2026_Mexico,25.0,3.0,2.0,6106.0,2.0,83.7,3.3,3.6,1.4,4.0,0.3,1.4,0.3,85.7,3.3,11.0,0.093,0.519,19.408086,-99.371362,100.0,True,
114,Toluca - Naucalpan (Cuota),,EM-D,2025,Ent. Chamapa,15_DV2026_Mexico.pdf,50,15_DV2026_Mexico,38.5,,,,,,,,,,,,,,,,,,,,,False,
115,Toluca - Zitácuaro (Cuota),,EM-D,2025,T. C. Toluca - Palmillas,15_DV2026_Mexico.pdf,50,15_DV2026_Mexico,0.0,3.0,1.0,5367.0,1.3,86.4,3.1,4.4,1.3,2.5,0.7,0.3,0.0,87.7,3.1,9.2,0.142,0.514,19.385709,-99.756653,100.0,True,
115,Toluca - Zitácuaro (Cuota),,EM-D,2025,T. C. Toluca - Palmillas,15_DV2026_Mexico.pdf,50,15_DV2026_Mexico,0.0,3.0,2.0,5068.0,1.1,85.4,3.4,4.9,1.8,2.4,0.7,0.3,0.0,86.5,3.4,10.1,0.165,0.514,19.385676,-99.756655,100.0,True,
115,Toluca - Zitácuaro (Cuota),,EM-D,2025,T. C. Toluca - Morelia,15_DV2026_Mexico.pdf,50,15_DV2026_Mexico,10.4,3.0,1.0,3235.0,1.0,88.1,2.8,4.4,1.5,1.2,0.8,0.1,0.1,89.1,2.8,8.1,0.143,0.513,19.380262,-99.817226,100.0,True,
115,Toluca - Zitácuaro (Cuota),,EM-D,2025,T. C. Toluca - Morelia,15_DV2026_Mexico.pdf,50,15_DV2026_Mexico,10.4,3.0,2.0,3406.0,1.3,87.2,3.1,4.1,1.6,1.6,0.8,0.2,0.1,88.5,3.1,8.4,0.143,0.513,19.38023,-99.81721,100.0,True,
115,Toluca - Zitácuaro (Cuota),,EM-D,2025,T. C. El Monumento - Tingambato,15_DV2026_Mexico.pdf,50,15_DV2026_Mexico,39.6,1.0,1.0,1734.0,1.7,83.0,3.8,5.3,2.6,1.7,1.3,0.4,0.2,84.7,3.8,11.5,0.097,0.516,19.395334,-100.061579,100.0,True,
115,Toluca - Zitácuaro (Cuota),,EM-D,2025,T. C. El Monumento - Tingambato,15_DV2026_Mexico.pdf,50,15_DV2026_Mexico,39.6,1.0,2.0,1847.0,2.0,82.6,3.4,4.9,3.2,2.0,1.2,0.6,0.1,84.6,3.4,12.0,0.139,0.516,19.395266,-100.061594,100.0,True,
116,Viaducto Bicentenario,,EM-D,2025,X. Av. Río San Joaquín,15_DV2026_Mexico.pdf,50,15_DV2026_Mexico,0.4,3.0,1.0,38105.0,1.2,97.1,0.3,0.8,0.6,0.0,0.0,0.0,0.0,98.3,0.3,1.4,0.126,0.512,19.462369,-99.222818,100.0,True,
116,Viaducto Bicentenario,,EM-D,2025,X. Av. Río San Joaquín,15_DV2026_Mexico.pdf,50,15_DV2026_Mexico,0.4,3.0,2.0,36194.0,1.1,97.0,0.3,0.9,0.7,0.0,0.0,0.0,0.0,98.1,0.3,1.6,0.105,0.512,19.461291,-99.222551,100.0,True,
116,Viaducto Bicentenario,,EM-D,2025,X. Av. Via Gustavo Baz,15_DV2026_Mexico.pdf,50,15_DV2026_Mexico,3.3,3.0,1.0,27761.0,2.3,96.5,0.1,0.8,0.3,0.0,0.0,0.0,0.0,98.8,0.1,1.1,0.126,0.511,19.483872,-99.234048,100.0,True,
116,Viaducto Bicentenario,,EM-D,2025,X. Av. Via Gustavo Baz,15_DV2026_Mexico.pdf,50,15_DV2026_Mexico,3.3,3.0,2.0,29161.0,1.9,97.0,0.2,0.5,0.4,0.0,0.0,0.0,0.0,98.9,0.2,0.9,0.08,0.511,19.481524,-99.233087,100.0,True,
117,Atlacomulco - Morelia,00151,EM-005-MEX-126,2025,Atlacomulco,15_DV2026_Mexico.pdf,50,15_DV2026_Mexico,0.0,3.0,1.0,22527.0,1.5,91.2,0.5,3.6,0.6,1.3,0.8,0.2,0.3,92.7,0.5,6.8,0.078,0.521,19.790152,-99.892092,100.0,True,
117,Atlacomulco - Morelia,00151,EM-005-MEX-126,2025,Atlacomulco,15_DV2026_Mexico.pdf,50,15_DV2026_Mexico,0.0,3.0,2.0,20732.0,1.5,90.4,0.5,4.0,0.6,1.4,1.1,0.2,0.3,91.9,0.5,7.6,0.075,0.521,19.78936,-99.893028,100.0,True,
117,Atlacomulco - Morelia,00151,EM-005-MEX-126,2025,T. Izq. San Felipe del Progreso,15_DV2026_Mexico.pdf,50,15_DV2026_Mexico,3.6,3.0,0.0,27458.0,2.1,91.8,0.9,2.4,0.3,2.3,0.1,0.1,0.0,93.9,0.9,5.2,0.087,0.509,19.790024,-99.90858,100.0,True,
117,Atlacomulco - Morelia,00151,EM-005-MEX-126,2025,T. Der. San Francisco Tepeolulco,15_DV2026_Mexico.pdf,50,15_DV2026_Mexico,13.1,1.0,0.0,13922.0,2.3,90.7,0.8,2.7,0.7,2.2,0.3,0.3,0.0,93.0,0.8,6.2,0.077,0.51,19.804072,-99.98589,100.0,True,
117,Atlacomulco - Morelia,00151,EM-005-MEX-126,2025,T. Der. San Francisco Tepeolulco,15_DV2026_Mexico.pdf,50,15_DV2026_Mexico,13.1,3.0,0.0,13645.0,2.2,89.3,0.8,3.6,0.8,2.7,0.4,0.1,0.1,91.5,0.8,7.7,0.071,0.53,19.804554,-99.989208,100.0,True,
117,Atlacomulco - Morelia,00151,EM-005-MEX-126,2025,T. Der. Temascalcingo,15_DV2026_Mexico.pdf,51,15_DV2026_Mexico,16.4,1.0,0.0,11532.0,2.4,86.9,1.1,4.8,0.8,3.5,0.2,0.3,0.0,89.3,1.1,9.6,0.078,0.505,19.808584,-100.016707,100.0,True,
117,Atlacomulco - Morelia,00151,EM-005-MEX-126,2025,T. Der. Temascalcingo,15_DV2026_Mexico.pdf,51,15_DV2026_Mexico,16.4,3.0,0.0,8979.0,2.0,87.1,1.4,4.6,0.4,4.3,0.2,0.0,0.0,89.1,1.4,9.5,0.073,0.502,19.811441,-100.027506,100.0,True,
117,Atlacomulco - Morelia,00151,EM-005-MEX-126,2025,El Oro de Hidalgo,15_DV2026_Mexico.pdf,51,15_DV2026_Mexico,30.0,1.0,0.0,11395.0,3.4,85.3,1.1,4.5,0.5,4.4,0.2,0.2,0.4,88.7,1.1,10.2,0.065,0.505,19.808039,-100.119181,100.0,True,
117,Atlacomulco - Morelia,00151,EM-005-MEX-126,2025,Lim. Edos. Term. Méx. Ppia. Mich.,15_DV2026_Mexico.pdf,51,15_DV2026_Mexico,31.0,,,,,,,,,,,,,,,,,,,,,False,
117,Atlacomulco - Morelia,00151,EM-005-MEX-126,2025,Tlalpujahua,15_DV2026_Mexico.pdf,51,15_DV2026_Mexico,37.0,3.0,0.0,7363.0,4.4,84.2,0.9,4.3,0.8,4.3,0.2,0.4,0.5,88.6,0.9,10.5,0.074,0.501,19.793387,-100.186262,100.0,True,
117,Atlacomulco - Morelia,00151,EM-005-MEX-126,2025,Maravatío de Ocampo,15_DV2026_Mexico.pdf,51,15_DV2026_Mexico,79.0,1.0,0.0,7601.0,6.0,87.1,0.9,5.0,0.5,0.2,0.3,0.0,0.0,93.1,0.9,6.0,0.076,0.503,19.884396,-100.428793,100.0,True,
117,Atlacomulco - Morelia,00151,EM-005-MEX-126,2025,X. C. Ent. Huajúmbaro - San José,15_DV2026_Mexico.pdf,51,15_DV2026_Mexico,120.0,1.0,0.0,4235.0,3.1,84.3,1.5,8.2,1.4,0.9,0.4,0.2,0.0,87.4,1.5,11.1,0.093,0.516,19.822133,-100.822201,100.0,True,
117,Atlacomulco - Morelia,00151,EM-005-MEX-126,2025,Queréndaro,15_DV2026_Mexico.pdf,51,15_DV2026_Mexico,127.0,1.0,0.0,6912.0,2.8,86.7,2.7,4.3,1.7,0.9,0.4,0.5,0.0,89.5,2.7,7.8,0.086,0.506,19.806426,-100.874596,100.0,True,
117,Atlacomulco - Morelia,00151,EM-005-MEX-126,2025,Zona Industrial Libramiento de Morelia,15_DV2026_Mexico.pdf,51,15_DV2026_Mexico,167.7,1.0,1.0,26048.0,3.1,89.7,1.1,3.7,0.4,0.6,0.5,0.3,0.6,92.8,1.1,6.1,0.082,0.524,19.727114,-101.14004,100.0,True,
117,Atlacomulco - Morelia,00151,EM-005-MEX-126,2025,Zona Industrial Libramiento de Morelia,15_DV2026_Mexico.pdf,51,15_DV2026_Mexico,167.7,1.0,2.0,30526.0,3.1,89.7,1.1,3.7,0.4,0.6,0.5,0.3,0.6,92.8,1.1,6.1,0.084,0.524,19.727044,-101.139976,100.0,True,
117,Atlacomulco - Morelia,00151,EM-005-MEX-126,2025,Morelia,15_DV2026_Mexico.pdf,51,15_DV2026_Mexico,169.2,,,,,,,,,,,,,,,,,,,,,False,
118,Circuito Exterior Mexiquense (Cuota),,EM-D-MEX-057-D,2025,T. C. México - Querétaro,15_DV2026_Mexico.pdf,51,15_DV2026_Mexico,0.0,3.0,1.0,8732.0,3.9,63.4,6.2,5.4,4.9,11.0,2.4,2.1,0.7,67.3,6.2,26.5,0.065,0.511,19.822019,-99.236591,100.0,True,
118,Circuito Exterior Mexiquense (Cuota),,EM-D-MEX-057-D,2025,T. C. México - Querétaro,15_DV2026_Mexico.pdf,51,15_DV2026_Mexico,0.0,3.0,2.0,9118.0,4.0,63.9,5.9,5.5,4.7,10.9,2.6,1.9,0.6,67.9,5.9,26.2,0.076,0.511,19.822274,-99.23643,100.0,True,
118,Circuito Exterior Mexiquense (Cuota),,EM-D-MEX-057-D,2025,X. C. Cuautitlán - Zumpango,15_DV2026_Mexico.pdf,51,15_DV2026_Mexico,15.0,1.0,1.0,10756.0,3.2,66.6,4.1,4.8,5.2,10.8,3.0,1.8,0.5,69.8,4.1,26.1,0.081,0.509,19.756708,-99.136611,100.0,True,
118,Circuito Exterior Mexiquense (Cuota),,EM-D-MEX-057-D,2025,X. C. Cuautitlán - Zumpango,15_DV2026_Mexico.pdf,51,15_DV2026_Mexico,15.0,1.0,2.0,10380.0,3.0,66.6,4.2,4.9,5.3,10.8,2.9,1.8,0.5,69.6,4.2,26.2,0.079,0.509,19.761507,-99.143306,100.0,True,
118,Circuito Exterior Mexiquense (Cuota),,EM-D-MEX-057-D,2025,X. C. Cuautitlán - Zumpango,15_DV2026_Mexico.pdf,51,15_DV2026_Mexico,15.0,3.0,1.0,15605.0,2.0,65.1,5.1,7.6,5.2,9.9,2.5,2.1,0.5,67.1,5.1,27.8,0.083,0.512,19.732729,-99.099069,100.0,True,
118,Circuito Exterior Mexiquense (Cuota),,EM-D-MEX-057-D,2025,X. C. Cuautitlán - Zumpango,15_DV2026_Mexico.pdf,51,15_DV2026_Mexico,15.0,3.0,2.0,16388.0,2.2,65.1,5.2,7.5,4.9,10.0,2.4,2.3,0.4,67.3,5.2,27.5,0.065,0.512,19.730159,-99.097729,100.0,True,
118,Circuito Exterior Mexiquense (Cuota),,EM-D-MEX-057-D,2025,X. C. Tepexpan - Ecatepec,15_DV2026_Mexico.pdf,51,15_DV2026_Mexico,34.0,1.0,1.0,22337.0,2.8,67.6,4.2,7.4,3.2,9.2,1.8,3.1,0.7,70.4,4.2,25.4,0.076,0.519,19.641666,-99.05474,100.0,True,
118,Circuito Exterior Mexiquense (Cuota),,EM-D-MEX-057-D,2025,X. C. Tepexpan - Ecatepec,15_DV2026_Mexico.pdf,51,15_DV2026_Mexico,34.0,1.0,2.0,20665.0,3.0,66.8,4.2,7.1,3.3,10.0,1.7,3.1,0.8,69.8,4.2,26.0,0.065,0.519,19.67894,-99.072733,100.0,True,
118,Circuito Exterior Mexiquense (Cuota),,EM-D-MEX-057-D,2025,X. C. México - Pachuca (Cuota),15_DV2026_Mexico.pdf,51,15_DV2026_Mexico,35.2,3.0,1.0,29360.0,3.3,75.3,2.4,6.9,2.0,7.0,1.2,1.6,0.3,78.6,2.4,19.0,0.082,0.525,19.589944,-99.029823,100.0,True,
118,Circuito Exterior Mexiquense (Cuota),,EM-D-MEX-057-D,2025,X. C. México - Pachuca (Cuota),15_DV2026_Mexico.pdf,51,15_DV2026_Mexico,35.2,3.0,2.0,24844.0,3.2,74.5,2.6,7.0,2.2,7.2,1.3,1.7,0.3,77.7,2.6,19.7,0.071,0.525,19.593159,-99.031219,100.0,True,
118,Circuito Exterior Mexiquense (Cuota),,EM-D-MEX-057-D,2025,Plaza de Cobro Conmex,15_DV2026_Mexico.pdf,51,15_DV2026_Mexico,39.0,3.0,1.0,22900.0,3.2,72.0,2.5,7.6,2.9,8.4,1.1,2.0,0.3,75.2,2.5,22.3,0.069,0.512,19.558922,-99.013991,100.0,True,
118,Circuito Exterior Mexiquense (Cuota),,EM-D-MEX-057-D,2025,Plaza de Cobro Conmex,15_DV2026_Mexico.pdf,51,15_DV2026_Mexico,39.0,3.0,2.0,18750.0,3.3,71.0,2.6,7.6,3.3,8.6,0.9,2.2,0.5,74.3,2.6,23.1,0.081,0.512,19.562064,-99.013815,100.0,True,
118,Circuito Exterior Mexiquense (Cuota),,EM-D-MEX-057-D,2025,T. Der. Periférico de la Ciudad de México,15_DV2026_Mexico.pdf,51,15_DV2026_Mexico,49.0,1.0,1.0,21619.0,2.7,72.9,2.8,7.3,3.2,7.6,1.4,1.8,0.3,75.6,2.8,21.6,0.079,0.51,19.493244,-99.015084,100.0,True,
118,Circuito Exterior Mexiquense (Cuota),,EM-D-MEX-057-D,2025,T. Der. Periférico de la Ciudad de México,15_DV2026_Mexico.pdf,51,15_DV2026_Mexico,49.0,1.0,2.0,22508.0,2.7,72.9,2.8,7.3,3.2,7.6,1.4,1.8,0.3,75.6,2.8,21.6,0.094,0.51,19.531314,-99.014315,100.0,True,
118,Circuito Exterior Mexiquense (Cuota),,EM-D-MEX-057-D,2025,T. C. Autopista Peñón - Texcoco,15_DV2026_Mexico.pdf,51,15_DV2026_Mexico,51.3,1.0,1.0,13764.0,3.6,68.1,2.8,7.5,3.2,10.1,1.5,2.7,0.5,71.7,2.8,25.5,0.076,0.51,19.473887,-99.012465,100.0,True,
118,Circuito Exterior Mexiquense (Cuota),,EM-D-MEX-057-D,2025,T. C. Autopista Peñón - Texcoco,15_DV2026_Mexico.pdf,51,15_DV2026_Mexico,51.3,1.0,2.0,14342.0,3.6,68.1,3.1,7.4,3.1,10.2,1.3,2.6,0.6,71.7,3.1,25.2,0.07,0.51,19.479274,-99.014418,100.0,True,
119,El Monumento - Tingambato,15039,MEX-EM,2025,T. C. Toluca - Morelia,15_DV2026_Mexico.pdf,52,15_DV2026_Mexico,0.0,3.0,0.0,6461.0,2.0,92.1,0.7,3.3,1.1,0.5,0.2,0.1,0.0,94.1,0.7,5.2,0.091,0.532,19.397013,-100.066913,100.0,True,
119,El Monumento - Tingambato,15039,MEX-EM,2025,T. C. Toluca - Zitácuaro (Cuota),15_DV2026_Mexico.pdf,52,15_DV2026_Mexico,0.5,3.0,0.0,6364.0,2.1,89.8,1.5,5.1,0.8,0.4,0.1,0.1,0.1,91.9,1.5,6.6,0.088,0.506,19.390087,-100.074064,100.0,True,
119,El Monumento - Tingambato,15039,MEX-EM,2025,T. Der. Donato Guerra,15_DV2026_Mexico.pdf,52,15_DV2026_Mexico,16.94,3.0,0.0,4827.0,3.3,91.9,1.3,2.2,0.8,0.2,0.2,0.1,0.0,95.2,1.3,3.5,0.103,0.504,19.296571,-100.115573,100.0,True,
119,El Monumento - Tingambato,15039,MEX-EM,2025,T. Izq. Valle de Bravo,15_DV2026_Mexico.pdf,52,15_DV2026_Mexico,32.3,1.0,0.0,7366.0,6.1,89.2,1.1,2.5,0.5,0.3,0.1,0.2,0.0,95.3,1.1,3.6,0.099,0.506,19.233644,-100.132924,100.0,True,
119,El Monumento - Tingambato,15039,MEX-EM,2025,T. Der. Colorines,15_DV2026_Mexico.pdf,52,15_DV2026_Mexico,48.72,1.0,0.0,10135.0,3.7,95.0,0.2,0.6,0.1,0.2,0.1,0.1,0.0,98.7,0.2,1.1,0.095,0.513,19.187974,-100.211522,100.0,True,
119,El Monumento - Tingambato,15039,MEX-EM,2025,T. Der. Ixtapan del Oro,15_DV2026_Mexico.pdf,52,15_DV2026_Mexico,51.25,1.0,0.0,4434.0,7.8,89.4,0.3,2.2,0.3,0.0,0.0,0.0,0.0,97.2,0.3,2.5,0.089,0.502,19.180058,-100.236704,100.0,True,
119,El Monumento - Tingambato,15039,MEX-EM,2025,Tingambato,15_DV2026_Mexico.pdf,52,15_DV2026_Mexico,98.1,,,,,,,,,,,,,,,,,,,,,False,
120,Toluca - Axixintla,00122,EM-MEX-055,2025,Toluca,15_DV2026_Mexico.pdf,52,15_DV2026_Mexico,0.0,,,,,,,,,,,,,,,,,,,,,False,
120,Toluca - Axixintla,00122,EM-MEX-055,2025,T. Izq. Metepec,15_DV2026_Mexico.pdf,52,15_DV2026_Mexico,4.74,1.0,1.0,51746.0,1.1,90.5,0.7,3.5,0.9,1.6,1.2,0.4,0.1,91.6,0.7,7.7,0.075,0.51,19.243673,-99.603615,100.0,True,
120,Toluca - Axixintla,00122,EM-MEX-055,2025,T. Izq. Metepec,15_DV2026_Mexico.pdf,52,15_DV2026_Mexico,4.74,1.0,2.0,54176.0,1.3,89.9,0.7,3.2,1.1,1.7,1.4,0.6,0.1,91.2,0.7,8.1,0.095,0.51,19.243799,-99.603524,100.0,True,
120,Toluca - Axixintla,00122,EM-MEX-055,2025,Mexicalcingo,15_DV2026_Mexico.pdf,52,15_DV2026_Mexico,8.8,1.0,1.0,60416.0,0.9,94.3,0.6,2.4,0.8,0.5,0.2,0.2,0.1,95.2,0.6,4.2,0.075,0.503,19.223276,-99.59345,100.0,True,
120,Toluca - Axixintla,00122,EM-MEX-055,2025,Mexicalcingo,15_DV2026_Mexico.pdf,52,15_DV2026_Mexico,8.8,1.0,2.0,61325.0,0.9,94.4,0.6,2.3,0.8,0.5,0.2,0.2,0.1,95.3,0.6,4.1,0.074,0.503,19.223306,-99.593302,100.0,True,
120,Toluca - Axixintla,00122,EM-MEX-055,2025,Mexicalcingo,15_DV2026_Mexico.pdf,52,15_DV2026_Mexico,8.8,3.0,1.0,43649.0,2.3,89.2,0.7,4.2,1.0,1.2,0.8,0.5,0.1,91.5,0.7,7.8,0.085,0.507,19.199575,-99.584771,100.0,True,
120,Toluca - Axixintla,00122,EM-MEX-055,2025,Mexicalcingo,15_DV2026_Mexico.pdf,52,15_DV2026_Mexico,8.8,3.0,2.0,48819.0,2.3,89.4,0.7,3.6,1.1,1.3,0.8,0.6,0.2,91.7,0.7,7.6,0.088,0.507,19.199803,-99.584616,100.0,True,
120,Toluca - Axixintla,00122,EM-MEX-055,2025,T. Der. Calimaya,15_DV2026_Mexico.pdf,52,15_DV2026_Mexico,12.7,3.0,1.0,31932.0,1.4,88.4,0.8,5.8,1.8,1.0,0.4,0.3,0.1,89.8,0.8,9.4,0.081,0.509,19.180863,-99.577788,100.0,True,
120,Toluca - Axixintla,00122,EM-MEX-055,2025,T. Der. Calimaya,15_DV2026_Mexico.pdf,52,15_DV2026_Mexico,12.7,3.0,2.0,33224.0,1.6,88.0,0.9,5.6,1.9,1.2,0.4,0.3,0.1,89.6,0.9,9.5,0.094,0.509,19.180896,-99.577648,100.0,True,
120,Toluca - Axixintla,00122,EM-MEX-055,2025,Santa María Rayón,15_DV2026_Mexico.pdf,52,15_DV2026_Mexico,17.6,3.0,1.0,23798.0,1.2,92.5,0.8,3.2,1.2,0.7,0.3,0.1,0.0,93.7,0.8,5.5,0.084,0.517,19.146064,-99.586567,100.0,True,
120,Toluca - Axixintla,00122,EM-MEX-055,2025,Santa María Rayón,15_DV2026_Mexico.pdf,52,15_DV2026_Mexico,17.6,3.0,2.0,27046.0,1.2,91.8,1.0,3.5,1.3,0.8,0.3,0.1,0.0,93.0,1.0,6.0,0.092,0.517,19.146062,-99.586373,100.0,True,
120,Toluca - Axixintla,00122,EM-MEX-055,2025,Tenango de Arista,15_DV2026_Mexico.pdf,52,15_DV2026_Mexico,23.0,1.0,1.0,16636.0,4.1,89.3,0.8,3.5,1.1,0.5,0.2,0.3,0.2,93.4,0.8,5.8,0.098,0.502,19.116954,-99.590287,100.0,True,
120,Toluca - Axixintla,00122,EM-MEX-055,2025,Tenango de Arista,15_DV2026_Mexico.pdf,52,15_DV2026_Mexico,23.0,1.0,2.0,16531.0,4.2,89.3,0.7,3.8,1.0,0.4,0.1,0.3,0.2,93.5,0.7,5.8,0.077,0.502,19.116755,-99.589979,100.0,True,
120,Toluca - Axixintla,00122,EM-MEX-055,2025,San Bartolomé Atlatlahuaca,15_DV2026_Mexico.pdf,52,15_DV2026_Mexico,28.12,1.0,0.0,20681.0,3.8,85.9,1.1,4.6,0.5,3.3,0.3,0.3,0.2,89.7,1.1,9.2,0.082,0.51,19.07762,-99.598832,100.0,True,
120,Toluca - Axixintla,00122,EM-MEX-055,2025,San Bartolomé Atlatlahuaca,15_DV2026_Mexico.pdf,52,15_DV2026_Mexico,28.12,3.0,0.0,12785.0,3.3,91.4,1.4,2.2,0.5,0.6,0.3,0.2,0.1,94.7,1.4,3.9,0.093,0.509,19.057234,-99.602006,100.0,True,
120,Toluca - Axixintla,00122,EM-MEX-055,2025,T. Izq. Joquicingo de León Guzmán,15_DV2026_Mexico.pdf,52,15_DV2026_Mexico,35.7,1.0,0.0,18343.0,3.0,90.8,1.4,2.7,0.4,0.7,0.5,0.2,0.3,93.8,1.4,4.8,0.066,0.523,19.029238,-99.564576,100.0,True,
120,Toluca - Axixintla,00122,EM-MEX-055,2025,T. Izq. Joquicingo de León Guzmán,15_DV2026_Mexico.pdf,52,15_DV2026_Mexico,35.7,3.0,0.0,13476.0,3.9,88.5,1.2,4.6,0.6,0.5,0.4,0.2,0.1,92.4,1.2,6.4,0.084,0.52,19.018406,-99.561331,100.0,True,
120,Toluca - Axixintla,00122,EM-MEX-055,2025,Tenancingo,15_DV2026_Mexico.pdf,52,15_DV2026_Mexico,44.8,3.0,0.0,17972.0,7.9,87.1,0.4,3.6,0.2,0.1,0.4,0.2,0.1,95.0,0.4,4.6,0.09,0.515,18.965657,-99.604887,100.0,True,
120,Toluca - Axixintla,00122,EM-MEX-055,2025,T. Izq. Villa Guerrero,15_DV2026_Mexico.pdf,52,15_DV2026_Mexico,56.84,3.0,0.0,10192.0,9.7,86.2,0.4,1.3,1.0,0.5,0.1,0.7,0.1,95.9,0.4,3.7,0.085,0.538,18.965371,-99.644742,100.0,True,
120,Toluca - Axixintla,00122,EM-MEX-055,2025,Ixtapan de La Sal,15_DV2026_Mexico.pdf,52,15_DV2026_Mexico,80.0,1.0,1.0,3060.0,1.4,95.1,0.5,2.4,0.2,0.1,0.1,0.1,0.1,96.5,0.5,3.0,0.113,0.515,18.853854,-99.672437,100.0,True,
120,Toluca - Axixintla,00122,EM-MEX-055,2025,Ixtapan de La Sal,15_DV2026_Mexico.pdf,52,15_DV2026_Mexico,80.0,1.0,2.0,2884.0,1.6,95.3,0.6,1.9,0.2,0.1,0.1,0.1,0.1,96.9,0.6,2.5,0.117,0.515,18.853889,-99.672393,100.0,True,
120,Toluca - Axixintla,00122,EM-MEX-055,2025,Ixtapan de La Sal,15_DV2026_Mexico.pdf,52,15_DV2026_Mexico,80.0,3.0,1.0,9015.0,8.7,85.4,1.6,2.9,0.4,0.6,0.2,0.1,0.1,94.1,1.6,4.3,0.087,0.517,18.82532,-99.668441,100.0,True,
120,Toluca - Axixintla,00122,EM-MEX-055,2025,Ixtapan de La Sal,15_DV2026_Mexico.pdf,52,15_DV2026_Mexico,80.0,3.0,2.0,9639.0,8.5,86.6,1.2,2.7,0.3,0.4,0.1,0.1,0.1,95.1,1.2,3.7,0.085,0.517,18.825325,-99.66833,100.0,True,
120,Toluca - Axixintla,00122,EM-MEX-055,2025,Tonatico,15_DV2026_Mexico.pdf,53,15_DV2026_Mexico,86.2,3.0,0.0,5221.0,9.4,85.2,1.6,2.2,0.7,0.5,0.1,0.3,0.0,94.6,1.6,3.8,0.099,0.502,18.801138,-99.658546,100.0,True,
120,Toluca - Axixintla,00122,EM-MEX-055,2025,Lim. Edos. Term. Méx. Ppia. Gro.,15_DV2026_Mexico.pdf,53,15_DV2026_Mexico,98.5,,,,,,,,,,,,,,,,,,,,,False,
120,Toluca - Axixintla,00122,EM-MEX-055,2025,Cacahuamilpa,15_DV2026_Mexico.pdf,53,15_DV2026_Mexico,120.3,1.0,0.0,2502.0,5.9,81.2,1.5,7.9,1.2,0.6,0.6,0.5,0.6,87.1,1.5,11.4,0.139,0.516,18.685112,-99.514845,100.0,True,
120,Toluca - Axixintla,00122,EM-MEX-055,2025,T. C. Cuernavaca - Chilpancingo,15_DV2026_Mexico.pdf,53,15_DV2026_Mexico,125.3,1.0,0.0,1560.0,7.9,78.4,3.1,6.7,1.8,0.4,0.5,0.4,0.8,86.3,3.1,10.6,0.11,0.506,18.621644,-99.508336,100.0,True,
121,Toluca - Palmillas,00496,EM(D)-MEX-055,2025,Toluca,15_DV2026_Mexico.pdf,53,15_DV2026_Mexico,0.0,,,,,,,,,,,,,,,,,,,,,False,
121,Toluca - Palmillas,00496,EM(D)-MEX-055,2025,T. Izq. Calixtlahuaca de Rayón (Baja),15_DV2026_Mexico.pdf,53,15_DV2026_Mexico,7.21,3.0,1.0,11868.0,7.9,65.2,5.9,9.1,3.2,5.7,1.1,1.5,0.4,73.1,5.9,21.0,0.089,0.506,19.341034,-99.670325,100.0,True,
121,Toluca - Palmillas,00496,EM(D)-MEX-055,2025,T. Izq. Calixtlahuaca de Rayón (Alta),15_DV2026_Mexico.pdf,53,15_DV2026_Mexico,7.21,3.0,1.0,33508.0,2.7,90.5,0.9,3.4,0.7,0.9,0.4,0.3,0.2,93.2,0.9,5.9,0.087,0.505,19.340743,-99.671172,100.0,True,
121,Toluca - Palmillas,00496,EM(D)-MEX-055,2025,T. Izq. Calixtlahuaca de Rayón (Alta),15_DV2026_Mexico.pdf,53,15_DV2026_Mexico,7.21,3.0,2.0,32854.0,3.0,90.2,0.6,3.8,0.7,1.1,0.3,0.2,0.1,93.2,0.6,6.2,0.091,0.505,19.340049,-99.670951,100.0,True,
121,Toluca - Palmillas,00496,EM(D)-MEX-055,2025,T. Izq. Calixtlahuaca de Rayón (Baja),15_DV2026_Mexico.pdf,53,15_DV2026_Mexico,7.21,3.0,2.0,12169.0,8.1,65.3,6.0,9.2,3.4,5.8,1.1,0.9,0.2,73.4,6.0,20.6,0.09,0.506,19.339998,-99.671097,100.0,True,
121,Toluca - Palmillas,00496,EM(D)-MEX-055,2025,X. C. Lib. Nororiente de Toluca (Cuota),15_DV2026_Mexico.pdf,53,15_DV2026_Mexico,14.21,1.0,1.0,38054.0,3.8,82.1,2.9,4.3,1.5,3.2,0.6,1.3,0.3,85.9,2.9,11.2,0.081,0.509,19.382327,-99.70486,100.0,True,
121,Toluca - Palmillas,00496,EM(D)-MEX-055,2025,X. C. Lib. Nororiente de Toluca (Cuota),15_DV2026_Mexico.pdf,53,15_DV2026_Mexico,14.21,1.0,2.0,36647.0,3.9,81.7,3.2,4.3,1.7,2.9,0.6,1.2,0.5,85.6,3.2,11.2,0.083,0.509,19.379019,-99.702999,100.0,True,
121,Toluca - Palmillas,00496,EM(D)-MEX-055,2025,El Dorado,15_DV2026_Mexico.pdf,53,15_DV2026_Mexico,16.0,1.0,1.0,37142.0,2.3,79.1,3.5,5.6,2.0,5.7,0.8,0.8,0.2,81.4,3.5,15.1,0.073,0.508,19.401232,-99.71297,100.0,True,
121,Toluca - Palmillas,00496,EM(D)-MEX-055,2025,El Dorado,15_DV2026_Mexico.pdf,53,15_DV2026_Mexico,16.0,1.0,2.0,35825.0,1.8,79.0,3.3,6.0,2.2,5.8,0.8,0.9,0.2,80.8,3.3,15.9,0.073,0.508,19.401164,-99.713273,100.0,True,
121,Toluca - Palmillas,00496,EM(D)-MEX-055,2025,T. C. Amomolulco - T. C. (Toluca - Palmillas),15_DV2026_Mexico.pdf,53,15_DV2026_Mexico,19.76,1.0,1.0,16508.0,2.6,76.4,5.0,6.0,2.4,5.0,1.2,1.1,0.3,79.0,5.0,16.0,0.08,0.52,19.429205,-99.724661,100.0,True,
121,Toluca - Palmillas,00496,EM(D)-MEX-055,2025,T. C. Amomolulco - T. C. (Toluca - Palmillas),15_DV2026_Mexico.pdf,53,15_DV2026_Mexico,19.76,1.0,2.0,17859.0,2.4,77.5,4.0,6.0,2.1,5.4,1.1,1.2,0.3,79.9,4.0,16.1,0.082,0.52,19.428564,-99.724742,100.0,True,
121,Toluca - Palmillas,00496,EM(D)-MEX-055,2025,Ixtlahuaca de Rayón,15_DV2026_Mexico.pdf,53,15_DV2026_Mexico,31.2,1.0,1.0,28104.0,3.1,79.9,3.5,3.7,1.6,5.7,1.0,1.2,0.3,83.0,3.5,13.5,0.065,0.525,19.556728,-99.759254,100.0,True,
121,Toluca - Palmillas,00496,EM(D)-MEX-055,2025,Ixtlahuaca de Rayón,15_DV2026_Mexico.pdf,53,15_DV2026_Mexico,31.2,1.0,2.0,33074.0,2.8,80.6,3.1,3.9,1.8,5.3,0.9,1.3,0.3,83.4,3.1,13.5,0.08,0.525,19.556957,-99.759717,100.0,True,
121,Toluca - Palmillas,00496,EM(D)-MEX-055,2025,Ixtlahuaca de Rayón,15_DV2026_Mexico.pdf,53,15_DV2026_Mexico,31.2,3.0,1.0,24305.0,2.8,79.4,2.6,7.6,1.5,4.4,0.7,0.8,0.2,82.2,2.6,15.2,0.081,0.507,19.581848,-99.76387,100.0,True,
121,Toluca - Palmillas,00496,EM(D)-MEX-055,2025,Ixtlahuaca de Rayón,15_DV2026_Mexico.pdf,53,15_DV2026_Mexico,31.2,3.0,2.0,23665.0,3.0,78.5,2.4,7.4,1.8,4.8,0.9,1.0,0.2,81.5,2.4,16.1,0.09,0.507,19.584279,-99.769367,100.0,True,
121,Toluca - Palmillas,00496,EM(D)-MEX-055,2025,T. C. Ixtlahuaca de Rayón - Naucalpan,15_DV2026_Mexico.pdf,53,15_DV2026_Mexico,32.2,1.0,1.0,20624.0,2.4,80.1,2.7,5.7,2.3,4.7,0.9,1.0,0.2,82.5,2.7,14.8,0.079,0.526,19.567414,-99.760397,100.0,True,
121,Toluca - Palmillas,00496,EM(D)-MEX-055,2025,T. C. Ixtlahuaca de Rayón - Naucalpan,15_DV2026_Mexico.pdf,53,15_DV2026_Mexico,32.2,1.0,2.0,22914.0,2.5,79.9,2.9,5.5,1.8,5.0,1.0,1.1,0.3,82.4,2.9,14.7,0.092,0.526,19.562879,-99.761323,100.0,True,
121,Toluca - Palmillas,00496,EM(D)-MEX-055,2025,Pastejé,15_DV2026_Mexico.pdf,53,15_DV2026_Mexico,45.2,1.0,1.0,21941.0,1.8,77.0,3.4,6.9,2.0,6.5,0.9,1.2,0.3,78.8,3.4,17.8,0.084,0.506,19.631875,-99.780481,100.0,True,
121,Toluca - Palmillas,00496,EM(D)-MEX-055,2025,Pastejé,15_DV2026_Mexico.pdf,53,15_DV2026_Mexico,45.2,1.0,2.0,22496.0,1.5,77.6,3.3,6.9,1.8,6.3,1.4,0.9,0.3,79.1,3.3,17.6,0.092,0.506,19.632676,-99.781099,100.0,True,
121,Toluca - Palmillas,00496,EM(D)-MEX-055,2025,Pastejé,15_DV2026_Mexico.pdf,53,15_DV2026_Mexico,45.2,3.0,1.0,20915.0,1.6,77.4,3.6,7.0,1.7,6.3,1.4,0.8,0.2,79.0,3.6,17.4,0.087,0.508,19.657776,-99.793245,100.0,True,
121,Toluca - Palmillas,00496,EM(D)-MEX-055,2025,Pastejé,15_DV2026_Mexico.pdf,53,15_DV2026_Mexico,45.2,3.0,2.0,21605.0,1.8,76.4,3.4,7.2,2.1,6.6,1.0,1.2,0.3,78.2,3.4,18.4,0.098,0.508,19.656027,-99.792391,100.0,True,
121,Toluca - Palmillas,00496,EM(D)-MEX-055,2025,Atlacomulco,15_DV2026_Mexico.pdf,53,15_DV2026_Mexico,65.0,1.0,1.0,21347.0,2.8,78.3,3.0,5.7,1.8,6.1,1.0,1.0,0.3,81.1,3.0,15.9,0.076,0.516,19.779633,-99.863493,100.0,True,
121,Toluca - Palmillas,00496,EM(D)-MEX-055,2025,Atlacomulco,15_DV2026_Mexico.pdf,53,15_DV2026_Mexico,65.0,1.0,2.0,22767.0,2.2,77.4,3.0,5.8,2.1,6.8,1.1,1.2,0.4,79.6,3.0,17.4,0.077,0.516,19.781727,-99.864612,100.0,True,
121,Toluca - Palmillas,00496,EM(D)-MEX-055,2025,Atlacomulco,15_DV2026_Mexico.pdf,53,15_DV2026_Mexico,65.0,3.0,1.0,20380.0,2.3,78.7,2.6,5.2,2.1,6.0,1.5,1.2,0.4,81.0,2.6,16.4,0.089,0.514,19.811199,-99.871801,100.0,True,
121,Toluca - Palmillas,00496,EM(D)-MEX-055,2025,Atlacomulco,15_DV2026_Mexico.pdf,53,15_DV2026_Mexico,65.0,3.0,2.0,19262.0,2.0,78.9,2.4,5.2,1.7,6.4,1.7,1.2,0.5,80.9,2.4,16.7,0.1,0.514,19.811211,-99.871891,100.0,True,
121,Toluca - Palmillas,00496,EM(D)-MEX-055,2025,T. C. Atlacomulco-Maravatío (Cuota),15_DV2026_Mexico.pdf,53,15_DV2026_Mexico,70.5,,,,,,,,,,,,,,,,,,,,,False,
121,Toluca - Palmillas,00496,EM(D)-MEX-055,2025,X. C. Libramiento Norte de la Ciudad de México (Cuota),15_DV2026_Mexico.pdf,54,15_DV2026_Mexico,81.52,1.0,1.0,10650.0,1.1,82.8,2.2,4.8,1.6,5.2,1.1,0.6,0.6,83.9,2.2,13.9,0.087,0.507,19.911011,-99.848311,100.0,True,
121,Toluca - Palmillas,00496,EM(D)-MEX-055,2025,X. C. Libramiento Norte de la Ciudad de México (Cuota),15_DV2026_Mexico.pdf,54,15_DV2026_Mexico,81.52,1.0,2.0,10376.0,1.1,81.1,2.5,5.3,1.7,5.8,1.3,0.6,0.6,82.2,2.5,15.3,0.123,0.507,19.911045,-99.848389,100.0,True,
121,Toluca - Palmillas,00496,EM(D)-MEX-055,2025,X. C. Libramiento Norte de la Ciudad de México (Cuota),15_DV2026_Mexico.pdf,54,15_DV2026_Mexico,81.52,3.0,1.0,10836.0,2.1,78.8,3.2,5.0,1.7,7.1,1.1,0.7,0.3,80.9,3.2,15.9,0.092,0.506,19.930299,-99.842027,100.0,True,
121,Toluca - Palmillas,00496,EM(D)-MEX-055,2025,X. C. Libramiento Norte de la Ciudad de México (Cuota),15_DV2026_Mexico.pdf,54,15_DV2026_Mexico,81.52,3.0,2.0,10575.0,2.3,78.7,3.0,4.7,1.9,6.8,1.3,1.0,0.3,81.0,3.0,16.0,0.104,0.506,19.928992,-99.842093,100.0,True,
121,Toluca - Palmillas,00496,EM(D)-MEX-055,2025,Acambay,15_DV2026_Mexico.pdf,54,15_DV2026_Mexico,85.64,3.0,0.0,11188.0,2.3,91.6,1.2,2.3,1.0,0.9,0.3,0.3,0.1,93.9,1.2,4.9,0.087,0.505,19.964439,-99.852457,100.0,True,
121,Toluca - Palmillas,00496,EM(D)-MEX-055,2025,T. Der. Aculco de Espinoza,15_DV2026_Mexico.pdf,54,15_DV2026_Mexico,104.43,1.0,1.0,6647.0,2.5,68.4,3.0,9.4,3.2,10.3,1.8,1.1,0.3,70.9,3.0,26.1,0.08,0.517,20.08,-99.862977,100.0,True,
121,Toluca - Palmillas,00496,EM(D)-MEX-055,2025,T. Der. Aculco de Espinoza,15_DV2026_Mexico.pdf,54,15_DV2026_Mexico,104.43,1.0,2.0,7120.0,2.7,68.9,2.7,9.2,2.9,10.6,1.6,1.1,0.3,71.6,2.7,25.7,0.096,0.517,20.079958,-99.863048,100.0,True,
121,Toluca - Palmillas,00496,EM(D)-MEX-055,2025,T. Der. Aculco de Espinoza,15_DV2026_Mexico.pdf,54,15_DV2026_Mexico,104.43,3.0,1.0,6794.0,2.6,68.0,4.3,8.8,2.7,10.5,1.6,1.2,0.3,70.6,4.3,25.1,0.102,0.501,20.128258,-99.862576,100.0,True,
121,Toluca - Palmillas,00496,EM(D)-MEX-055,2025,T. Der. Aculco de Espinoza,15_DV2026_Mexico.pdf,54,15_DV2026_Mexico,104.43,3.0,2.0,6775.0,2.6,67.9,3.9,9.0,2.5,10.7,1.8,1.3,0.3,70.5,3.9,25.6,0.118,0.501,20.12825,-99.862664,100.0,True,
121,Toluca - Palmillas,00496,EM(D)-MEX-055,2025,T. Der. Polotitlán,15_DV2026_Mexico.pdf,54,15_DV2026_Mexico,122.73,1.0,1.0,7098.0,2.8,67.8,4.8,9.0,3.2,9.6,1.6,1.0,0.2,70.6,4.8,24.6,0.121,0.513,20.226979,-99.900672,100.0,True,
121,Toluca - Palmillas,00496,EM(D)-MEX-055,2025,T. Der. Polotitlán,15_DV2026_Mexico.pdf,54,15_DV2026_Mexico,122.73,1.0,2.0,7491.0,3.0,67.1,4.6,9.3,2.9,9.9,1.8,1.1,0.3,70.1,4.6,25.3,0.112,0.513,20.226917,-99.900733,100.0,True,
121,Toluca - Palmillas,00496,EM(D)-MEX-055,2025,Lim. Edos. Term. Méx. Ppia. Qro.,15_DV2026_Mexico.pdf,54,15_DV2026_Mexico,128.1,,,,,,,,,,,,,,,,,,,,,False,
121,Toluca - Palmillas,00496,EM(D)-MEX-055,2025,T. C. Palmillas - Apaseo el Grande (Cuota),15_DV2026_Mexico.pdf,54,15_DV2026_Mexico,130.6,1.0,1.0,10274.0,2.1,73.3,3.6,6.9,2.8,8.8,1.3,0.9,0.3,75.4,3.6,21.0,0.092,0.509,20.280267,-99.931033,100.0,True,
121,Toluca - Palmillas,00496,EM(D)-MEX-055,2025,T. C. Palmillas - Apaseo el Grande (Cuota),15_DV2026_Mexico.pdf,54,15_DV2026_Mexico,130.6,1.0,2.0,10652.0,2.2,73.4,3.3,6.7,2.6,9.0,1.5,1.0,0.3,75.6,3.3,21.1,0.149,0.509,20.280235,-99.931112,100.0,True,
121,Toluca - Palmillas,00496,EM(D)-MEX-055,2025,T. C. México - Querétaro,15_DV2026_Mexico.pdf,54,15_DV2026_Mexico,131.52,1.0,1.0,9670.0,1.6,72.5,3.5,7.1,3.3,8.2,1.9,1.2,0.7,74.1,3.5,22.4,0.094,0.514,20.294452,-99.933093,100.0,True,
121,Toluca - Palmillas,00496,EM(D)-MEX-055,2025,T. C. México - Querétaro,15_DV2026_Mexico.pdf,54,15_DV2026_Mexico,131.52,1.0,2.0,9145.0,1.7,72.3,3.6,7.0,3.2,8.3,1.8,1.4,0.7,74.0,3.6,22.4,0.099,0.514,20.294775,-99.933227,100.0,True,
122,Tres Marías - Santa Martha,00172,MEX-106-EM,2025,Tres Marías,15_DV2026_Mexico.pdf,54,15_DV2026_Mexico,0.0,3.0,0.0,7527.0,6.6,87.3,1.4,2.6,0.9,0.6,0.5,0.1,0.0,93.9,1.4,4.7,0.082,0.629,19.048627,-99.249141,100.0,True,
122,Tres Marías - Santa Martha,00172,MEX-106-EM,2025,Laguna de Zempoala,15_DV2026_Mexico.pdf,54,15_DV2026_Mexico,14.0,,,,,,,,,,,,,,,,,,,,,False,
122,Tres Marías - Santa Martha,00172,MEX-106-EM,2025,Lim. Edos. Term. Mor. Ppia. Méx.,15_DV2026_Mexico.pdf,54,15_DV2026_Mexico,14.5,,,,,,,,,,,,,,,,,,,,,False,
122,Tres Marías - Santa Martha,00172,MEX-106-EM,2025,Santa Martha,15_DV2026_Mexico.pdf,54,15_DV2026_Mexico,28.35,1.0,0.0,4512.0,3.9,84.9,2.3,6.5,1.3,0.6,0.3,0.1,0.1,88.8,2.3,8.9,0.083,0.514,19.062343,-99.379742,100.0,True,
1,Cuernavaca - Chilpancingo,00042,MEX-095,2025,Cuernavaca,17_DV2026_Morelos.pdf,5,17_DV2026_Morelos,0.0,,,,,,,,,,,,,,,,,,,,,False,
1,Cuernavaca - Chilpancingo,00042,MEX-095,2025,T. Izq. Chipitlán,17_DV2026_Morelos.pdf,5,17_DV2026_Morelos,4.85,1.0,1.0,20818.0,3.7,80.2,3.9,5.4,0.7,2.7,2.1,0.4,0.9,83.9,3.9,12.2,0.061,0.594,18.893729,-99.228488,100.0,True,
1,Cuernavaca - Chilpancingo,00042,MEX-095,2025,T. Izq. Chipitlán,17_DV2026_Morelos.pdf,5,17_DV2026_Morelos,4.85,1.0,2.0,21187.0,3.6,80.1,4.1,5.6,0.8,2.6,1.8,0.5,0.9,83.7,4.1,12.2,0.076,0.594,18.893755,-99.228421,100.0,True,
1,Cuernavaca - Chilpancingo,00042,MEX-095,2025,T. Izq. Chipitlán,17_DV2026_Morelos.pdf,5,17_DV2026_Morelos,4.85,3.0,1.0,12580.0,15.1,71.2,2.6,6.7,1.7,0.9,0.4,0.8,0.6,86.3,2.6,11.1,0.093,0.641,18.880716,-99.229849,100.0,True,
1,Cuernavaca - Chilpancingo,00042,MEX-095,2025,T. Izq. Chipitlán,17_DV2026_Morelos.pdf,5,17_DV2026_Morelos,4.85,3.0,2.0,13420.0,15.3,71.4,2.4,6.6,1.5,1.0,0.5,0.9,0.4,86.7,2.4,10.9,0.083,0.641,18.880717,-99.229805,100.0,True,
1,Cuernavaca - Chilpancingo,00042,MEX-095,2025,Temixco,17_DV2026_Morelos.pdf,5,17_DV2026_Morelos,9.8,1.0,1.0,11531.0,4.1,84.7,0.5,8.8,0.8,0.4,0.3,0.2,0.2,88.8,0.5,10.7,0.086,0.678,18.866029,-99.226355,100.0,True,
1,Cuernavaca - Chilpancingo,00042,MEX-095,2025,Temixco,17_DV2026_Morelos.pdf,5,17_DV2026_Morelos,9.8,1.0,2.0,13753.0,3.7,85.4,0.4,8.9,0.7,0.3,0.2,0.2,0.2,89.1,0.4,10.5,0.091,0.678,18.865341,-99.225652,100.0,True,
1,Cuernavaca - Chilpancingo,00042,MEX-095,2025,Temixco,17_DV2026_Morelos.pdf,5,17_DV2026_Morelos,9.8,3.0,1.0,20813.0,4.2,83.9,1.2,5.9,1.2,0.8,0.5,1.5,0.8,88.1,1.2,10.7,0.065,0.511,18.843786,-99.224148,100.0,True,
1,Cuernavaca - Chilpancingo,00042,MEX-095,2025,Temixco,17_DV2026_Morelos.pdf,5,17_DV2026_Morelos,9.8,3.0,2.0,22955.0,4.1,83.9,1.5,5.7,1.4,0.6,0.5,1.4,0.9,88.0,1.5,10.5,0.061,0.511,18.843756,-99.224025,100.0,True,
1,Cuernavaca - Chilpancingo,00042,MEX-095,2025,Acatlipa,17_DV2026_Morelos.pdf,5,17_DV2026_Morelos,12.43,1.0,1.0,19887.0,4.3,86.0,2.2,4.9,1.2,0.5,0.4,0.3,0.2,90.3,2.2,7.5,0.066,0.533,18.82871,-99.228112,100.0,True,
1,Cuernavaca - Chilpancingo,00042,MEX-095,2025,Acatlipa,17_DV2026_Morelos.pdf,5,17_DV2026_Morelos,12.43,1.0,2.0,20001.0,4.1,86.5,2.4,4.8,1.0,0.4,0.5,0.2,0.1,90.6,2.4,7.0,0.075,0.533,18.828684,-99.228025,100.0,True,
1,Cuernavaca - Chilpancingo,00042,MEX-095,2025,Acatlipa,17_DV2026_Morelos.pdf,5,17_DV2026_Morelos,12.43,3.0,1.0,13816.0,6.6,82.5,2.7,5.1,1.0,0.6,0.5,0.4,0.6,89.1,2.7,8.2,0.066,0.504,18.824028,-99.230593,100.0,True,
1,Cuernavaca - Chilpancingo,00042,MEX-095,2025,Acatlipa,17_DV2026_Morelos.pdf,5,17_DV2026_Morelos,12.43,3.0,2.0,15405.0,6.8,82.4,2.9,4.9,1.2,0.7,0.4,0.3,0.4,89.2,2.9,7.9,0.06,0.504,18.823994,-99.230497,100.0,True,
1,Cuernavaca - Chilpancingo,00042,MEX-095,2025,T. Izq. Emiliano Zapata,17_DV2026_Morelos.pdf,5,17_DV2026_Morelos,13.5,1.0,1.0,13975.0,7.0,79.2,4.7,6.3,0.8,0.7,0.3,0.5,0.5,86.2,4.7,9.1,0.069,0.521,18.838111,-99.225397,100.0,True,
1,Cuernavaca - Chilpancingo,00042,MEX-095,2025,T. Izq. Emiliano Zapata,17_DV2026_Morelos.pdf,5,17_DV2026_Morelos,13.5,1.0,2.0,15091.0,7.2,79.4,4.6,6.1,0.9,0.7,0.4,0.3,0.4,86.6,4.6,8.8,0.068,0.521,18.838088,-99.225238,100.0,True,
1,Cuernavaca - Chilpancingo,00042,MEX-095,2025,T. Izq. Emiliano Zapata,17_DV2026_Morelos.pdf,5,17_DV2026_Morelos,13.5,3.0,1.0,15136.0,4.0,86.3,3.0,4.8,0.7,0.4,0.5,0.2,0.1,90.3,3.0,6.7,0.093,0.559,18.830439,-99.227194,100.0,True,
1,Cuernavaca - Chilpancingo,00042,MEX-095,2025,T. Izq. Emiliano Zapata,17_DV2026_Morelos.pdf,5,17_DV2026_Morelos,13.5,3.0,2.0,15302.0,4.2,86.2,2.9,4.9,0.7,0.4,0.4,0.2,0.1,90.4,2.9,6.7,0.091,0.559,18.830114,-99.227266,100.0,True,
1,Cuernavaca - Chilpancingo,00042,MEX-095,2025,T. Izq. Xochitepec,17_DV2026_Morelos.pdf,5,17_DV2026_Morelos,16.05,1.0,1.0,6421.0,4.2,84.0,1.2,7.7,0.8,0.8,0.4,0.5,0.4,88.2,1.2,10.6,0.095,0.558,18.800813,-99.237302,100.0,True,
1,Cuernavaca - Chilpancingo,00042,MEX-095,2025,T. Izq. Xochitepec,17_DV2026_Morelos.pdf,5,17_DV2026_Morelos,16.05,1.0,2.0,6218.0,4.3,84.4,1.1,7.6,0.7,0.5,0.5,0.5,0.4,88.7,1.1,10.2,0.098,0.558,18.80191,-99.237403,100.0,True,
1,Cuernavaca - Chilpancingo,00042,MEX-095,2025,T. Izq. Xochitepec,17_DV2026_Morelos.pdf,5,17_DV2026_Morelos,16.05,3.0,1.0,5885.0,6.3,81.9,1.0,8.2,0.8,0.4,0.5,0.4,0.5,88.2,1.0,10.8,0.078,0.51,18.797498,-99.240397,100.0,True,
1,Cuernavaca - Chilpancingo,00042,MEX-095,2025,T. Izq. Xochitepec,17_DV2026_Morelos.pdf,5,17_DV2026_Morelos,16.05,3.0,2.0,6091.0,6.3,82.1,0.9,8.2,0.8,0.5,0.4,0.4,0.4,88.4,0.9,10.7,0.079,0.51,18.79743,-99.240357,100.0,True,
1,Cuernavaca - Chilpancingo,00042,MEX-095,2025,X. C. Alpuyeca - Jojutla,17_DV2026_Morelos.pdf,5,17_DV2026_Morelos,24.15,1.0,1.0,12538.0,13.7,81.1,0.4,3.6,0.6,0.3,0.2,0.1,0.0,94.8,0.4,4.8,0.08,0.533,18.739399,-99.255312,100.0,True,
1,Cuernavaca - Chilpancingo,00042,MEX-095,2025,X. C. Alpuyeca - Jojutla,17_DV2026_Morelos.pdf,5,17_DV2026_Morelos,24.15,1.0,2.0,12527.0,13.3,81.0,0.6,3.5,0.8,0.4,0.1,0.3,0.0,94.3,0.6,5.1,0.08,0.533,18.739374,-99.255227,100.0,True,
1,Cuernavaca - Chilpancingo,00042,MEX-095,2025,X. C. Alpuyeca - Jojutla,17_DV2026_Morelos.pdf,5,17_DV2026_Morelos,24.15,3.0,0.0,11221.0,3.9,88.1,0.6,5.0,1.3,0.5,0.4,0.2,0.0,92.0,0.6,7.4,0.085,0.542,18.729445,-99.265028,100.0,True,
1,Cuernavaca - Chilpancingo,00042,MEX-095,2025,T. Der. Coatetelco,17_DV2026_Morelos.pdf,5,17_DV2026_Morelos,28.0,3.0,0.0,6951.0,4.1,83.2,2.2,6.2,2.1,1.3,0.4,0.3,0.2,87.3,2.2,10.5,0.074,0.529,18.711755,-99.272983,100.0,True,
1,Cuernavaca - Chilpancingo,00042,MEX-095,2025,T. Der. Michapa,17_DV2026_Morelos.pdf,5,17_DV2026_Morelos,44.36,1.0,0.0,7648.0,8.0,84.0,1.4,3.3,1.1,0.8,0.7,0.5,0.2,92.0,1.4,6.6,0.074,0.539,18.611797,-99.352105,100.0,True,
1,Cuernavaca - Chilpancingo,00042,MEX-095,2025,T. Izq. Cuernavaca - Iguala (Cuota),17_DV2026_Morelos.pdf,5,17_DV2026_Morelos,46.93,1.0,0.0,6941.0,11.8,78.9,1.4,4.8,1.0,0.6,0.6,0.5,0.4,90.7,1.4,7.9,0.07,0.519,18.604619,-99.377481,100.0,True,
1,Cuernavaca - Chilpancingo,00042,MEX-095,2025,T. Izq. Cuernavaca - Iguala (Cuota),17_DV2026_Morelos.pdf,5,17_DV2026_Morelos,46.93,3.0,0.0,5060.0,10.7,82.9,1.3,2.5,1.1,0.5,0.5,0.4,0.1,93.6,1.3,5.1,0.078,0.51,18.603076,-99.381118,100.0,True,
1,Cuernavaca - Chilpancingo,00042,MEX-095,2025,Huajintla,17_DV2026_Morelos.pdf,5,17_DV2026_Morelos,52.0,3.0,0.0,4137.0,9.3,83.1,1.1,2.5,1.3,1.3,0.9,0.4,0.1,92.4,1.1,6.5,0.077,0.521,18.612856,-99.430526,100.0,True,
1,Cuernavaca - Chilpancingo,00042,MEX-095,2025,Lim. Edos. Term. Mor. Ppia. Gro.,17_DV2026_Morelos.pdf,5,17_DV2026_Morelos,57.1,,,,,,,,,,,,,,,,,,,,,False,
1,Cuernavaca - Chilpancingo,00042,MEX-095,2025,T. Der. Ixtapan de La Sal (Axixintla),17_DV2026_Morelos.pdf,5,17_DV2026_Morelos,63.47,1.0,0.0,1490.0,13.3,79.3,0.7,2.8,2.8,0.6,0.3,0.2,0.0,92.6,0.7,6.7,0.093,0.507,18.611062,-99.506119,100.0,True,
1,Cuernavaca - Chilpancingo,00042,MEX-095,2025,Taxco,17_DV2026_Morelos.pdf,5,17_DV2026_Morelos,89.9,3.0,0.0,5037.0,11.0,84.0,1.5,2.1,0.4,0.2,0.7,0.0,0.1,95.0,1.5,3.5,0.077,0.503,18.537395,-99.609342,100.0,True,
1,Cuernavaca - Chilpancingo,00042,MEX-095,2025,Iguala,17_DV2026_Morelos.pdf,5,17_DV2026_Morelos,119.63,1.0,0.0,10273.0,13.5,81.3,0.6,3.4,0.5,0.3,0.2,0.2,0.0,94.8,0.6,4.6,0.072,0.535,18.377115,-99.529203,100.0,True,
1,Cuernavaca - Chilpancingo,00042,MEX-095,2025,T. Izq. Puente de Ixtla,17_DV2026_Morelos.pdf,5,17_DV2026_Morelos,123.98,3.0,0.0,17022.0,7.1,86.4,1.4,2.3,1.1,0.9,0.5,0.2,0.1,93.5,1.4,5.1,0.07,0.502,18.317369,-99.500143,100.0,True,
1,Cuernavaca - Chilpancingo,00042,MEX-095,2025,T. Izq. Sabana Grande,17_DV2026_Morelos.pdf,5,17_DV2026_Morelos,144.95,1.0,0.0,6426.0,4.0,85.2,1.7,2.6,2.5,2.3,1.2,0.5,0.0,89.2,1.7,9.1,0.075,0.52,18.174088,-99.551721,100.0,True,
1,Cuernavaca - Chilpancingo,00042,MEX-095,2025,T. Der. Tecuescontitlán,17_DV2026_Morelos.pdf,6,17_DV2026_Morelos,146.78,1.0,0.0,7427.0,5.8,82.3,2.9,3.3,2.4,1.5,1.2,0.5,0.1,88.1,2.9,9.0,0.072,0.516,18.156576,-99.552703,100.0,True,
1,Cuernavaca - Chilpancingo,00042,MEX-095,2025,T. Der. Mezcala,17_DV2026_Morelos.pdf,6,17_DV2026_Morelos,173.14,1.0,0.0,6515.0,6.3,81.7,1.9,2.6,4.2,1.8,1.1,0.3,0.1,88.0,1.9,10.1,0.077,0.505,17.934671,-99.589585,100.0,True,
1,Cuernavaca - Chilpancingo,00042,MEX-095,2025,T. Der. Filo de Caballo,17_DV2026_Morelos.pdf,6,17_DV2026_Morelos,189.89,3.0,0.0,5058.0,2.2,81.8,3.2,7.7,2.1,1.7,1.0,0.2,0.1,84.0,3.2,12.8,0.083,0.504,17.794776,-99.566957,100.0,True,
1,Cuernavaca - Chilpancingo,00042,MEX-095,2025,T. C. Cuernavaca - Acapulco (Cuota),17_DV2026_Morelos.pdf,6,17_DV2026_Morelos,219.89,,,,,,,,,,,,,,,,,,,,,False,
1,Cuernavaca - Chilpancingo,00042,MEX-095,2025,Chilpancingo,17_DV2026_Morelos.pdf,6,17_DV2026_Morelos,223.7,1.0,1.0,29100.0,10.6,82.4,1.7,2.3,1.1,1.0,0.4,0.3,0.2,93.0,1.7,5.3,0.082,0.501,17.584319,-99.515821,100.0,True,
1,Cuernavaca - Chilpancingo,00042,MEX-095,2025,Chilpancingo,17_DV2026_Morelos.pdf,6,17_DV2026_Morelos,223.7,1.0,2.0,29228.0,10.5,82.9,1.5,2.2,0.9,1.1,0.5,0.2,0.2,93.4,1.5,5.1,0.086,0.501,17.58434,-99.515739,100.0,True,
2,Cuernavaca - Cuautlixco,17199,MEX-138,2025,Cuernavaca,17_DV2026_Morelos.pdf,6,17_DV2026_Morelos,0.0,,,,,,,,,,,,,,,,,,,,,False,
2,Cuernavaca - Cuautlixco,17199,MEX-138,2025,T. Izq. Civac Poniente,17_DV2026_Morelos.pdf,6,17_DV2026_Morelos,7.78,1.0,1.0,44866.0,9.8,80.5,1.8,2.5,1.9,1.6,0.3,1.0,0.6,90.3,1.8,7.9,0.069,0.557,18.91336,-99.183279,100.0,True,
2,Cuernavaca - Cuautlixco,17199,MEX-138,2025,T. Izq. Civac Poniente,17_DV2026_Morelos.pdf,6,17_DV2026_Morelos,7.78,1.0,2.0,43794.0,9.9,80.4,2.0,2.7,1.6,1.4,0.4,0.9,0.7,90.3,2.0,7.7,0.06,0.557,18.913363,-99.183042,100.0,True,
2,Cuernavaca - Cuautlixco,17199,MEX-138,2025,T. Izq. Civac Poniente,17_DV2026_Morelos.pdf,6,17_DV2026_Morelos,7.78,3.0,1.0,35960.0,11.5,75.5,2.1,3.6,1.7,1.3,0.9,2.9,0.5,87.0,2.1,10.9,0.075,0.563,18.901501,-99.173339,100.0,True,
2,Cuernavaca - Cuautlixco,17199,MEX-138,2025,T. Izq. Civac Poniente,17_DV2026_Morelos.pdf,6,17_DV2026_Morelos,7.78,3.0,2.0,35755.0,11.3,76.0,1.6,3.3,1.5,1.4,1.1,3.1,0.7,87.3,1.6,11.1,0.064,0.563,18.901616,-99.173183,100.0,True,
2,Cuernavaca - Cuautlixco,17199,MEX-138,2025,X. C. Tejalpa - Jojutla,17_DV2026_Morelos.pdf,6,17_DV2026_Morelos,9.7,3.0,1.0,25620.0,5.8,87.1,1.3,3.2,1.1,0.6,0.3,0.4,0.2,92.9,1.3,5.8,0.078,0.506,18.885277,-99.158242,100.0,True,
2,Cuernavaca - Cuautlixco,17199,MEX-138,2025,X. C. Tejalpa - Jojutla,17_DV2026_Morelos.pdf,6,17_DV2026_Morelos,9.7,3.0,2.0,25417.0,6.0,86.2,1.5,3.1,1.2,0.8,0.2,0.6,0.4,92.2,1.5,6.3,0.07,0.506,18.885439,-99.158257,100.0,True,
2,Cuernavaca - Cuautlixco,17199,MEX-138,2025,La Joya,17_DV2026_Morelos.pdf,6,17_DV2026_Morelos,16.5,1.0,1.0,18102.0,11.6,82.2,0.9,3.6,0.8,0.4,0.2,0.2,0.1,93.8,0.9,5.3,0.07,0.561,18.892644,-99.130055,100.0,True,
2,Cuernavaca - Cuautlixco,17199,MEX-138,2025,La Joya,17_DV2026_Morelos.pdf,6,17_DV2026_Morelos,16.5,1.0,2.0,17978.0,11.5,81.7,0.7,3.9,1.0,0.6,0.2,0.3,0.1,93.2,0.7,6.1,0.082,0.561,18.89274,-99.129976,100.0,True,
2,Cuernavaca - Cuautlixco,17199,MEX-138,2025,La Joya,17_DV2026_Morelos.pdf,6,17_DV2026_Morelos,16.5,3.0,1.0,15777.0,4.2,86.6,1.2,5.8,0.9,0.5,0.4,0.2,0.2,90.8,1.2,8.0,0.077,0.532,18.881765,-99.121288,100.0,True,
2,Cuernavaca - Cuautlixco,17199,MEX-138,2025,La Joya,17_DV2026_Morelos.pdf,6,17_DV2026_Morelos,16.5,3.0,2.0,14568.0,4.3,86.3,0.9,6.0,1.1,0.7,0.4,0.1,0.2,90.6,0.9,8.5,0.075,0.532,18.88203,-99.121442,100.0,True,
2,Cuernavaca - Cuautlixco,17199,MEX-138,2025,T. Izq. Yautepec (1º Acceso),17_DV2026_Morelos.pdf,6,17_DV2026_Morelos,24.75,1.0,1.0,12961.0,6.4,87.8,0.6,2.4,1.3,0.5,0.4,0.3,0.3,94.2,0.6,5.2,0.07,0.507,18.869759,-99.081232,100.0,True,
2,Cuernavaca - Cuautlixco,17199,MEX-138,2025,T. Izq. Yautepec (1º Acceso),17_DV2026_Morelos.pdf,6,17_DV2026_Morelos,24.75,1.0,2.0,12733.0,6.6,88.0,0.7,2.5,1.0,0.6,0.3,0.2,0.1,94.6,0.7,4.7,0.072,0.507,18.869882,-99.081204,100.0,True,
2,Cuernavaca - Cuautlixco,17199,MEX-138,2025,X. C. (San Gregorio - Oaxtepec) - Jojutla,17_DV2026_Morelos.pdf,6,17_DV2026_Morelos,27.1,1.0,1.0,13176.0,15.0,80.4,0.8,2.0,0.9,0.5,0.2,0.2,0.0,95.4,0.8,3.8,0.072,0.532,18.870958,-99.070804,100.0,True,
2,Cuernavaca - Cuautlixco,17199,MEX-138,2025,X. C. (San Gregorio - Oaxtepec) - Jojutla,17_DV2026_Morelos.pdf,6,17_DV2026_Morelos,27.1,1.0,2.0,12644.0,15.2,80.7,0.6,1.8,0.6,0.6,0.3,0.2,0.0,95.9,0.6,3.5,0.073,0.532,18.871099,-99.070782,100.0,True,
2,Cuernavaca - Cuautlixco,17199,MEX-138,2025,X. C. (San Gregorio - Oaxtepec) - Jojutla,17_DV2026_Morelos.pdf,6,17_DV2026_Morelos,27.1,3.0,1.0,12508.0,8.8,85.0,0.9,3.0,0.9,0.8,0.4,0.2,0.0,93.8,0.9,5.3,0.072,0.509,18.87261,-99.059144,100.0,True,
2,Cuernavaca - Cuautlixco,17199,MEX-138,2025,X. C. (San Gregorio - Oaxtepec) - Jojutla,17_DV2026_Morelos.pdf,6,17_DV2026_Morelos,27.1,3.0,2.0,12331.0,8.5,84.8,1.0,3.2,1.2,0.6,0.6,0.1,0.0,93.3,1.0,5.7,0.074,0.509,18.872742,-99.059218,100.0,True,
2,Cuernavaca - Cuautlixco,17199,MEX-138,2025,Tabachines,17_DV2026_Morelos.pdf,6,17_DV2026_Morelos,31.5,1.0,1.0,10735.0,10.5,83.0,0.8,2.4,1.3,1.1,0.4,0.3,0.2,93.5,0.8,5.7,0.075,0.555,18.892954,-99.041266,100.0,True,
2,Cuernavaca - Cuautlixco,17199,MEX-138,2025,Tabachines,17_DV2026_Morelos.pdf,6,17_DV2026_Morelos,31.5,1.0,2.0,11567.0,10.1,83.1,0.7,2.6,1.6,1.2,0.3,0.2,0.2,93.2,0.7,6.1,0.081,0.555,18.893088,-99.041404,100.0,True,
2,Cuernavaca - Cuautlixco,17199,MEX-138,2025,Tabachines,17_DV2026_Morelos.pdf,6,17_DV2026_Morelos,31.5,3.0,1.0,14742.0,16.5,78.1,0.6,2.0,1.1,0.8,0.3,0.5,0.1,94.6,0.6,4.8,0.068,0.522,18.894943,-99.034118,100.0,True,
2,Cuernavaca - Cuautlixco,17199,MEX-138,2025,Tabachines,17_DV2026_Morelos.pdf,6,17_DV2026_Morelos,31.5,3.0,2.0,14666.0,16.7,77.5,0.9,2.4,1.0,0.7,0.3,0.3,0.2,94.2,0.9,4.9,0.07,0.522,18.895006,-99.034092,100.0,True,
2,Cuernavaca - Cuautlixco,17199,MEX-138,2025,T. Izq. Oaxtepec,17_DV2026_Morelos.pdf,6,17_DV2026_Morelos,36.11,3.0,1.0,8847.0,18.2,78.8,0.3,1.4,0.4,0.4,0.2,0.2,0.1,97.0,0.3,2.7,0.075,0.507,18.884461,-98.98493,100.0,True,
2,Cuernavaca - Cuautlixco,17199,MEX-138,2025,T. Izq. Oaxtepec,17_DV2026_Morelos.pdf,6,17_DV2026_Morelos,36.11,3.0,2.0,8448.0,18.0,78.8,0.4,1.2,0.4,0.5,0.3,0.2,0.2,96.8,0.4,2.8,0.076,0.507,18.884508,-98.984973,100.0,True,
2,Cuernavaca - Cuautlixco,17199,MEX-138,2025,T. C. Santa Bárbara - Izúcar de Matamoros,17_DV2026_Morelos.pdf,6,17_DV2026_Morelos,43.15,1.0,1.0,11717.0,10.8,87.4,0.3,0.4,0.6,0.2,0.2,0.1,0.0,98.2,0.3,1.5,0.073,0.509,18.841782,-98.943701,100.0,True,
2,Cuernavaca - Cuautlixco,17199,MEX-138,2025,T. C. Santa Bárbara - Izúcar de Matamoros,17_DV2026_Morelos.pdf,7,17_DV2026_Morelos,43.15,1.0,2.0,11281.0,11.0,86.9,0.2,0.6,0.8,0.3,0.1,0.1,0.0,97.9,0.2,1.9,0.073,0.509,18.841841,-98.943662,100.0,True,
3,Cuernavaca - Tepoztlán,17198,MEX-162,2025,T. C. México - Cuernavaca (Libre),17_DV2026_Morelos.pdf,7,17_DV2026_Morelos,0.0,,,,,,,,,,,,,,,,,,,,,False,
3,Cuernavaca - Tepoztlán,17198,MEX-162,2025,Ocotepec,17_DV2026_Morelos.pdf,7,17_DV2026_Morelos,2.83,1.0,1.0,12568.0,14.0,81.1,0.6,2.1,1.6,0.4,0.2,0.0,0.0,95.1,0.6,4.3,0.079,0.505,18.966994,-99.232782,100.0,True,
3,Cuernavaca - Tepoztlán,17198,MEX-162,2025,Ocotepec,17_DV2026_Morelos.pdf,7,17_DV2026_Morelos,2.83,1.0,2.0,12597.0,13.9,81.3,0.5,2.1,1.6,0.4,0.2,0.0,0.0,95.2,0.5,4.3,0.081,0.505,18.967093,-99.232808,100.0,True,
3,Cuernavaca - Tepoztlán,17198,MEX-162,2025,Ahuatepec,17_DV2026_Morelos.pdf,7,17_DV2026_Morelos,4.16,3.0,0.0,12946.0,10.6,83.6,0.5,3.6,0.8,0.2,0.3,0.2,0.2,94.2,0.5,5.3,0.072,0.558,18.97586,-99.170003,100.0,True,
3,Cuernavaca - Tepoztlán,17198,MEX-162,2025,X. C. La Pera - Cuautla (Cuota),17_DV2026_Morelos.pdf,7,17_DV2026_Morelos,16.34,1.0,0.0,9320.0,13.6,79.1,0.6,4.1,0.5,0.4,0.5,0.7,0.5,92.7,0.6,6.7,0.072,0.531,18.981202,-99.113292,100.0,True,
3,Cuernavaca - Tepoztlán,17198,MEX-162,2025,Tepoztlán,17_DV2026_Morelos.pdf,7,17_DV2026_Morelos,18.2,1.0,0.0,14485.0,14.3,79.0,0.5,3.1,1.0,0.6,0.4,0.8,0.3,93.3,0.5,6.2,0.084,0.534,18.980932,-99.10357,100.0,True,
4,Ent. Alpuyeca - Grutas de Cacahuamilpa,00421,MEX-166,2025,T. C. Cuernavaca - Chilpancingo,17_DV2026_Morelos.pdf,7,17_DV2026_Morelos,0.0,3.0,0.0,8348.0,7.6,84.3,1.0,5.1,1.1,0.3,0.1,0.3,0.2,91.9,1.0,7.1,0.076,0.505,18.752285,-99.25653,100.0,True,
4,Ent. Alpuyeca - Grutas de Cacahuamilpa,00421,MEX-166,2025,T. Der. Zona Arq. de Xochicalco,17_DV2026_Morelos.pdf,7,17_DV2026_Morelos,8.4,3.0,1.0,3216.0,6.1,88.9,1.0,2.5,0.9,0.4,0.2,0.0,0.0,95.0,1.0,4.0,0.076,0.517,18.777713,-99.304484,100.0,True,
4,Ent. Alpuyeca - Grutas de Cacahuamilpa,00421,MEX-166,2025,T. Der. Zona Arq. de Xochicalco,17_DV2026_Morelos.pdf,7,17_DV2026_Morelos,8.4,3.0,2.0,3228.0,5.8,88.0,1.1,2.8,1.2,0.7,0.4,0.0,0.0,93.8,1.1,5.1,0.082,0.517,18.777642,-99.304503,100.0,True,
4,Ent. Alpuyeca - Grutas de Cacahuamilpa,00421,MEX-166,2025,Miacatlán,17_DV2026_Morelos.pdf,7,17_DV2026_Morelos,14.95,3.0,1.0,5611.0,5.3,91.4,0.6,1.0,0.6,0.3,0.2,0.5,0.1,96.7,0.6,2.7,0.081,0.504,18.750207,-99.365741,100.0,True,
4,Ent. Alpuyeca - Grutas de Cacahuamilpa,00421,MEX-166,2025,Miacatlán,17_DV2026_Morelos.pdf,7,17_DV2026_Morelos,14.95,3.0,2.0,5532.0,5.0,91.2,0.4,1.1,0.9,0.5,0.3,0.5,0.1,96.2,0.4,3.4,0.093,0.504,18.750178,-99.365662,100.0,True,
4,Ent. Alpuyeca - Grutas de Cacahuamilpa,00421,MEX-166,2025,Mazatepec,17_DV2026_Morelos.pdf,7,17_DV2026_Morelos,18.28,3.0,0.0,9061.0,5.3,91.1,0.8,1.9,0.6,0.2,0.1,0.0,0.0,96.4,0.8,2.8,0.084,0.545,18.720718,-99.36495,100.0,True,
4,Ent. Alpuyeca - Grutas de Cacahuamilpa,00421,MEX-166,2025,Tetecala,17_DV2026_Morelos.pdf,7,17_DV2026_Morelos,25.05,3.0,0.0,6209.0,6.4,90.0,0.8,1.0,0.7,0.5,0.2,0.3,0.1,96.4,0.8,2.8,0.081,0.536,18.729338,-99.406297,100.0,True,
4,Ent. Alpuyeca - Grutas de Cacahuamilpa,00421,MEX-166,2025,Coatlán del Río,17_DV2026_Morelos.pdf,7,17_DV2026_Morelos,29.8,3.0,0.0,3631.0,9.6,87.9,0.3,1.4,0.4,0.1,0.2,0.1,0.0,97.5,0.3,2.2,0.092,0.502,18.748892,-99.442974,100.0,True,
4,Ent. Alpuyeca - Grutas de Cacahuamilpa,00421,MEX-166,2025,Michapa,17_DV2026_Morelos.pdf,7,17_DV2026_Morelos,41.26,1.0,0.0,2490.0,11.5,80.1,1.5,3.8,0.8,1.2,1.0,0.1,0.0,91.6,1.5,6.9,0.077,0.529,18.707939,-99.47411,100.0,True,
4,Ent. Alpuyeca - Grutas de Cacahuamilpa,00421,MEX-166,2025,Lim. Edos. Term. Mor. Ppia. Gro.,17_DV2026_Morelos.pdf,7,17_DV2026_Morelos,42.4,,,,,,,,,,,,,,,,,,,,,False,
4,Ent. Alpuyeca - Grutas de Cacahuamilpa,00421,MEX-166,2025,T. C. Toluca - Axixintla,17_DV2026_Morelos.pdf,7,17_DV2026_Morelos,48.65,,,,,,,,,,,,,,,,,,,,,False,
5,Libramiento de Cuautla,17309,MEX-160,2025,T. C. Santa Bárbara - Izúcar de Matamoros (Norte),17_DV2026_Morelos.pdf,7,17_DV2026_Morelos,0.0,3.0,1.0,21698.0,8.3,84.9,0.8,2.7,1.5,1.0,0.4,0.3,0.1,93.2,0.8,6.0,0.085,0.503,18.847778,-98.932683,100.0,True,
5,Libramiento de Cuautla,17309,MEX-160,2025,T. C. Santa Bárbara - Izúcar de Matamoros (Norte),17_DV2026_Morelos.pdf,7,17_DV2026_Morelos,0.0,3.0,2.0,21816.0,8.0,85.2,1.0,2.9,1.1,0.9,0.5,0.2,0.2,93.2,1.0,5.8,0.085,0.503,18.847861,-98.932631,100.0,True,
5,Libramiento de Cuautla,17309,MEX-160,2025,T. C. Santa Bárbara - Izúcar de Matamoros (Sur),17_DV2026_Morelos.pdf,8,17_DV2026_Morelos,4.0,,,,,,,,,,,,,,,,,,,,,False,
6,Libramiento de Cuernavaca,17400,MEX-095,2025,T. C. México - Cuernavaca (Cuota),17_DV2026_Morelos.pdf,8,17_DV2026_Morelos,0.0,,,,,,,,,,,,,,,,,,,,,False,
6,Libramiento de Cuernavaca,17400,MEX-095,2025,T. Izq. Xicapan (Central),17_DV2026_Morelos.pdf,8,17_DV2026_Morelos,1.3,1.0,1.0,42138.0,3.6,87.9,1.4,3.5,0.8,1.7,0.6,0.3,0.2,91.5,1.4,7.1,0.067,0.526,18.962199,-99.232053,100.0,True,
6,Libramiento de Cuernavaca,17400,MEX-095,2025,T. Izq. Xicapan (Central),17_DV2026_Morelos.pdf,8,17_DV2026_Morelos,1.3,1.0,2.0,43348.0,3.5,88.5,1.3,3.5,0.9,1.5,0.4,0.3,0.1,92.0,1.3,6.7,0.07,0.526,18.962655,-99.232568,100.0,True,
6,Libramiento de Cuernavaca,17400,MEX-095,2025,T. Izq. Xicapan (Central),17_DV2026_Morelos.pdf,8,17_DV2026_Morelos,1.3,3.0,1.0,42778.0,4.2,87.9,2.1,3.1,0.8,1.3,0.3,0.2,0.1,92.1,2.1,5.8,0.065,0.517,18.958508,-99.225589,100.0,True,
6,Libramiento de Cuernavaca,17400,MEX-095,2025,T. Izq. Xicapan (Central),17_DV2026_Morelos.pdf,8,17_DV2026_Morelos,1.3,3.0,2.0,43514.0,3.8,88.4,2.0,2.9,0.8,1.5,0.3,0.2,0.1,92.2,2.0,5.8,0.071,0.517,18.958563,-99.225435,100.0,True,
6,Libramiento de Cuernavaca,17400,MEX-095,2025,T. Izq. Villas del Lago (Lateral),17_DV2026_Morelos.pdf,8,17_DV2026_Morelos,8.4,1.0,1.0,49877.0,3.3,88.6,1.3,4.0,0.7,1.1,0.6,0.3,0.1,91.9,1.3,6.8,0.069,0.554,18.936666,-99.193994,100.0,True,
6,Libramiento de Cuernavaca,17400,MEX-095,2025,T. Izq. Villas del Lago (Central),17_DV2026_Morelos.pdf,8,17_DV2026_Morelos,8.4,1.0,1.0,19036.0,1.9,87.0,2.2,5.1,0.8,1.6,0.7,0.5,0.2,88.9,2.2,8.9,0.082,0.554,18.93667,-99.193788,100.0,True,
6,Libramiento de Cuernavaca,17400,MEX-095,2025,T. Izq. Villas del Lago (Lateral),17_DV2026_Morelos.pdf,8,17_DV2026_Morelos,8.4,1.0,2.0,48251.0,3.1,88.8,1.2,4.2,0.6,1.2,0.5,0.3,0.1,91.9,1.2,6.9,0.079,0.554,18.936668,-99.193415,100.0,True,
6,Libramiento de Cuernavaca,17400,MEX-095,2025,T. Izq. Villas del Lago (Central),17_DV2026_Morelos.pdf,8,17_DV2026_Morelos,8.4,1.0,2.0,21470.0,1.7,87.2,2.0,5.3,0.8,1.6,0.7,0.5,0.2,88.9,2.0,9.1,0.086,0.554,18.937458,-99.192187,100.0,True,
6,Libramiento de Cuernavaca,17400,MEX-095,2025,T. Izq. Villas del Lago (Lateral),17_DV2026_Morelos.pdf,8,17_DV2026_Morelos,8.4,3.0,1.0,50400.0,3.3,86.6,1.2,6.3,0.8,1.0,0.3,0.3,0.2,89.9,1.2,8.9,0.072,0.528,18.934686,-99.197582,100.0,True,
6,Libramiento de Cuernavaca,17400,MEX-095,2025,T. Izq. Villas del Lago (Central),17_DV2026_Morelos.pdf,8,17_DV2026_Morelos,8.4,3.0,1.0,21886.0,1.5,89.7,1.6,4.3,0.8,1.1,0.4,0.4,0.2,91.2,1.6,7.2,0.066,0.528,18.934646,-99.197515,100.0,True,
6,Libramiento de Cuernavaca,17400,MEX-095,2025,T. Izq. Villas del Lago (Central),17_DV2026_Morelos.pdf,8,17_DV2026_Morelos,8.4,3.0,2.0,22828.0,1.4,89.9,1.5,4.2,0.8,1.2,0.5,0.3,0.2,91.3,1.5,7.2,0.078,0.528,18.935002,-99.196697,100.0,True,
6,Libramiento de Cuernavaca,17400,MEX-095,2025,T. Izq. Villas del Lago (Lateral),17_DV2026_Morelos.pdf,8,17_DV2026_Morelos,8.4,3.0,2.0,47017.0,3.2,86.7,1.2,6.2,0.8,1.0,0.3,0.3,0.3,89.9,1.2,8.9,0.069,0.528,18.934965,-99.19661,100.0,True,
6,Libramiento de Cuernavaca,17400,MEX-095,2025,X. C. Cuernavaca - Cuautlixco (Lateral),17_DV2026_Morelos.pdf,8,17_DV2026_Morelos,10.54,1.0,1.0,40738.0,5.5,86.4,0.8,3.1,0.9,1.2,1.0,0.4,0.7,91.9,0.8,7.3,0.07,0.5,18.923905,-99.202727,100.0,True,
6,Libramiento de Cuernavaca,17400,MEX-095,2025,X. C. Cuernavaca - Cuautlixco (Central),17_DV2026_Morelos.pdf,8,17_DV2026_Morelos,10.54,1.0,1.0,19387.0,2.9,86.6,2.3,3.8,1.0,1.7,0.8,0.6,0.3,89.5,2.3,8.2,0.074,0.5,18.923913,-99.202655,100.0,True,
6,Libramiento de Cuernavaca,17400,MEX-095,2025,X. C. Cuernavaca - Cuautlixco (Lateral),17_DV2026_Morelos.pdf,8,17_DV2026_Morelos,10.54,1.0,2.0,41643.0,5.3,86.9,0.8,3.0,0.9,1.1,1.0,0.4,0.6,92.2,0.8,7.0,0.064,0.5,18.92392,-99.202553,100.0,True,
6,Libramiento de Cuernavaca,17400,MEX-095,2025,X. C. Cuernavaca - Cuautlixco (Central),17_DV2026_Morelos.pdf,8,17_DV2026_Morelos,10.54,1.0,2.0,22481.0,2.8,86.8,2.2,3.9,0.9,1.6,0.8,0.7,0.3,89.6,2.2,8.2,0.074,0.5,18.924311,-99.202537,100.0,True,
6,Libramiento de Cuernavaca,17400,MEX-095,2025,X. C. Cuernavaca - Cuautlixco (Central),17_DV2026_Morelos.pdf,8,17_DV2026_Morelos,10.54,3.0,1.0,61792.0,2.2,91.1,1.2,3.1,0.7,0.8,0.4,0.3,0.2,93.3,1.2,5.5,0.067,0.598,18.915048,-99.205888,100.0,True,
6,Libramiento de Cuernavaca,17400,MEX-095,2025,X. C. Cuernavaca - Cuautlixco (Central),17_DV2026_Morelos.pdf,8,17_DV2026_Morelos,10.54,3.0,2.0,59385.0,2.3,91.1,1.2,3.0,0.7,0.8,0.4,0.3,0.2,93.4,1.2,5.4,0.079,0.598,18.914979,-99.205691,100.0,True,
6,Libramiento de Cuernavaca,17400,MEX-095,2025,T. Der. Av. Morelos,17_DV2026_Morelos.pdf,8,17_DV2026_Morelos,14.7,1.0,1.0,71312.0,3.4,89.9,1.4,2.8,0.7,0.9,0.4,0.3,0.2,93.3,1.4,5.3,0.067,0.552,18.897788,-99.225599,100.0,True,
6,Libramiento de Cuernavaca,17400,MEX-095,2025,T. Der. Av. Morelos,17_DV2026_Morelos.pdf,8,17_DV2026_Morelos,14.7,1.0,2.0,68658.0,3.2,90.3,1.2,2.9,0.7,0.8,0.4,0.3,0.2,93.5,1.2,5.3,0.06,0.552,18.896903,-99.226155,100.0,True,
7,México - Cuernavaca (Libre),00040,MEX-095,2025,México,17_DV2026_Morelos.pdf,8,17_DV2026_Morelos,0.0,,,,,,,,,,,,,,,,,,,,,False,
7,México - Cuernavaca (Libre),00040,MEX-095,2025,T. Der. San Miguel Xicalco,17_DV2026_Morelos.pdf,8,17_DV2026_Morelos,25.5,1.0,0.0,27508.0,6.0,82.4,0.8,7.5,1.9,1.0,0.4,0.0,0.0,88.4,0.8,10.8,0.059,0.529,19.235982,-99.158246,100.0,True,
7,México - Cuernavaca (Libre),00040,MEX-095,2025,T. Der. San Miguel Xicalco,17_DV2026_Morelos.pdf,8,17_DV2026_Morelos,25.5,3.0,0.0,25301.0,6.6,85.9,0.9,2.9,2.1,1.1,0.5,0.0,0.0,92.5,0.9,6.6,0.064,0.549,19.233338,-99.156286,100.0,True,
7,México - Cuernavaca (Libre),00040,MEX-095,2025,T. Izq. San Miguel Topilejo,17_DV2026_Morelos.pdf,9,17_DV2026_Morelos,28.78,1.0,1.0,12543.0,6.8,79.3,1.1,9.5,2.0,1.3,0.0,0.0,0.0,86.1,1.1,12.8,0.074,0.634,19.213849,-99.151677,100.0,True,
7,México - Cuernavaca (Libre),00040,MEX-095,2025,T. Izq. San Miguel Topilejo,17_DV2026_Morelos.pdf,9,17_DV2026_Morelos,28.78,1.0,2.0,13534.0,6.8,79.5,1.1,9.3,2.0,1.3,0.0,0.0,0.0,86.3,1.1,12.6,0.094,0.634,19.213828,-99.151658,100.0,True,
7,México - Cuernavaca (Libre),00040,MEX-095,2025,T. Izq. San Miguel Topilejo,17_DV2026_Morelos.pdf,9,17_DV2026_Morelos,28.78,3.0,0.0,8604.0,6.8,81.1,1.2,7.4,1.7,1.3,0.5,0.0,0.0,87.9,1.2,10.9,0.088,0.711,19.19271,-99.165775,100.0,True,
7,México - Cuernavaca (Libre),00040,MEX-095,2025,Parres El Guarda,17_DV2026_Morelos.pdf,9,17_DV2026_Morelos,39.5,1.0,0.0,7764.0,5.8,84.5,0.9,6.7,1.4,0.7,0.0,0.0,0.0,90.3,0.9,8.8,0.087,0.7,19.139606,-99.170137,100.0,True,
7,México - Cuernavaca (Libre),00040,MEX-095,2025,Parres El Guarda,17_DV2026_Morelos.pdf,9,17_DV2026_Morelos,39.5,3.0,0.0,7322.0,5.5,85.1,0.9,6.5,1.3,0.7,0.0,0.0,0.0,90.6,0.9,8.5,0.085,0.701,19.129416,-99.180412,100.0,True,
7,México - Cuernavaca (Libre),00040,MEX-095,2025,Lim. Edos. Term. CDMX Ppia. Mor.,17_DV2026_Morelos.pdf,9,17_DV2026_Morelos,45.44,,,,,,,,,,,,,,,,,,,,,False,
7,México - Cuernavaca (Libre),00040,MEX-095,2025,T. Der. Zempoala,17_DV2026_Morelos.pdf,9,17_DV2026_Morelos,51.4,1.0,0.0,9262.0,5.2,87.9,2.5,2.8,1.1,0.5,0.0,0.0,0.0,93.1,2.5,4.4,0.112,0.784,19.05723,-99.242294,100.0,True,
7,México - Cuernavaca (Libre),00040,MEX-095,2025,T. Der. Zempoala,17_DV2026_Morelos.pdf,9,17_DV2026_Morelos,51.4,3.0,0.0,6244.0,5.9,88.5,0.8,3.0,1.3,0.5,0.0,0.0,0.0,94.4,0.8,4.8,0.085,0.566,19.04462,-99.235633,100.0,True,
7,México - Cuernavaca (Libre),00040,MEX-095,2025,T. Izq. Coajomulco,17_DV2026_Morelos.pdf,9,17_DV2026_Morelos,57.12,3.0,0.0,5532.0,5.5,83.7,2.2,6.6,1.0,1.0,0.0,0.0,0.0,89.2,2.2,8.6,0.091,0.644,19.02712,-99.207129,100.0,True,
7,México - Cuernavaca (Libre),00040,MEX-095,2025,T. Der. Huitzilac,17_DV2026_Morelos.pdf,9,17_DV2026_Morelos,64.2,1.0,0.0,9006.0,6.0,86.3,2.3,3.4,1.2,0.7,0.1,0.0,0.0,92.3,2.3,5.4,0.079,0.551,19.002782,-99.257415,100.0,True,
7,México - Cuernavaca (Libre),00040,MEX-095,2025,T. Der. Huitzilac,17_DV2026_Morelos.pdf,9,17_DV2026_Morelos,64.2,3.0,0.0,15720.0,6.0,83.1,2.2,5.2,1.4,1.0,0.6,0.4,0.1,89.1,2.2,8.7,0.078,0.591,18.995701,-99.260689,100.0,True,
7,México - Cuernavaca (Libre),00040,MEX-095,2025,T. Izq. Tepoztlán,17_DV2026_Morelos.pdf,9,17_DV2026_Morelos,71.36,1.0,0.0,26022.0,6.3,83.0,2.5,5.4,1.2,0.8,0.4,0.2,0.2,89.3,2.5,8.2,0.073,0.534,18.970873,-99.249703,100.0,True,
7,México - Cuernavaca (Libre),00040,MEX-095,2025,T. Izq. Tepoztlán,17_DV2026_Morelos.pdf,9,17_DV2026_Morelos,71.36,3.0,1.0,14069.0,6.7,87.9,1.1,3.7,0.2,0.3,0.1,0.0,0.0,94.6,1.1,4.3,0.078,0.502,18.959689,-99.246076,100.0,True,
7,México - Cuernavaca (Libre),00040,MEX-095,2025,T. Izq. Tepoztlán,17_DV2026_Morelos.pdf,9,17_DV2026_Morelos,71.36,3.0,2.0,13873.0,7.1,88.0,0.9,3.5,0.2,0.2,0.1,0.0,0.0,95.1,0.9,4.0,0.078,0.502,18.95967,-99.246037,100.0,True,
7,México - Cuernavaca (Libre),00040,MEX-095,2025,Cuernavaca,17_DV2026_Morelos.pdf,9,17_DV2026_Morelos,75.42,,,,,,,,,,,,,,,,,,,,,False,
8,Michapa - T. C. (Cuernavaca - Chilpancingo),17303,MEX-166,2025,Michapa,17_DV2026_Morelos.pdf,9,17_DV2026_Morelos,0.0,3.0,0.0,4201.0,7.7,83.2,2.2,2.8,1.5,1.1,0.9,0.5,0.1,90.9,2.2,6.9,0.085,0.515,18.701282,-99.47673,100.0,True,
8,Michapa - T. C. (Cuernavaca - Chilpancingo),17303,MEX-166,2025,T. C. Cuernavaca - Chilpancingo,17_DV2026_Morelos.pdf,9,17_DV2026_Morelos,16.6,1.0,0.0,4009.0,8.2,82.0,1.7,4.2,1.2,1.2,1.0,0.3,0.2,90.2,1.7,8.1,0.082,0.5,18.611774,-99.363784,100.0,True,
9,San Gregorio - Oaxtepec,00901,MEX-113,2025,San Gregorio,17_DV2026_Morelos.pdf,9,17_DV2026_Morelos,0.0,3.0,0.0,23748.0,6.5,86.4,1.2,4.8,0.4,0.3,0.1,0.2,0.1,92.9,1.2,5.9,0.067,0.506,19.240525,-99.054879,100.0,True,
9,San Gregorio - Oaxtepec,00901,MEX-113,2025,X. C. Milpa Alta - San Lorenzo Tlacoyucan,17_DV2026_Morelos.pdf,9,17_DV2026_Morelos,9.0,3.0,0.0,7744.0,3.9,87.2,1.2,5.1,0.7,0.6,0.8,0.3,0.2,91.1,1.2,7.7,0.089,0.517,19.180655,-99.029538,100.0,True,
9,San Gregorio - Oaxtepec,00901,MEX-113,2025,Lim. Edos. Term. CDMX Ppia. Méx.,17_DV2026_Morelos.pdf,9,17_DV2026_Morelos,18.8,,,,,,,,,,,,,,,,,,,,,False,
9,San Gregorio - Oaxtepec,00901,MEX-113,2025,Lim. Edos. Term. Méx. Ppia. Mor.,17_DV2026_Morelos.pdf,9,17_DV2026_Morelos,28.5,,,,,,,,,,,,,,,,,,,,,False,
9,San Gregorio - Oaxtepec,00901,MEX-113,2025,T. Der. San Felipe Neri,17_DV2026_Morelos.pdf,9,17_DV2026_Morelos,33.8,1.0,0.0,4266.0,6.4,86.3,1.9,3.9,0.8,0.4,0.1,0.2,0.0,92.7,1.9,5.4,0.124,0.641,19.04604,-98.936047,100.0,True,
9,San Gregorio - Oaxtepec,00901,MEX-113,2025,T. Der. Tlalnepantla,17_DV2026_Morelos.pdf,9,17_DV2026_Morelos,40.5,3.0,0.0,5687.0,7.4,82.4,0.8,7.5,0.6,0.6,0.4,0.2,0.1,89.8,0.8,9.4,0.098,0.546,19.004074,-98.990106,100.0,True,
9,San Gregorio - Oaxtepec,00901,MEX-113,2025,Tlayacapan,17_DV2026_Morelos.pdf,9,17_DV2026_Morelos,48.5,3.0,0.0,13218.0,10.7,83.1,0.4,4.1,0.5,0.4,0.3,0.4,0.1,93.8,0.4,5.8,0.086,0.507,18.938501,-98.973238,100.0,True,
9,San Gregorio - Oaxtepec,00901,MEX-113,2025,T. Der. Yautepec,17_DV2026_Morelos.pdf,9,17_DV2026_Morelos,53.0,1.0,0.0,13993.0,10.8,83.4,0.3,3.9,0.3,0.5,0.4,0.3,0.1,94.2,0.3,5.5,0.083,0.504,18.925582,-98.967998,100.0,True,
9,San Gregorio - Oaxtepec,00901,MEX-113,2025,T. Der. Yautepec,17_DV2026_Morelos.pdf,10,17_DV2026_Morelos,53.0,3.0,1.0,8943.0,12.8,79.7,0.5,5.3,0.5,0.4,0.2,0.4,0.2,92.5,0.5,7.0,0.091,0.509,18.916023,-98.970106,100.0,True,
9,San Gregorio - Oaxtepec,00901,MEX-113,2025,T. Der. Yautepec,17_DV2026_Morelos.pdf,10,17_DV2026_Morelos,53.0,3.0,2.0,8342.0,12.6,80.1,0.3,5.1,0.4,0.6,0.2,0.4,0.3,92.7,0.3,7.0,0.082,0.509,18.916007,-98.970059,100.0,True,
9,San Gregorio - Oaxtepec,00901,MEX-113,2025,Oaxtepec,17_DV2026_Morelos.pdf,10,17_DV2026_Morelos,56.0,,,,,,,,,,,,,,,,,,,,,False,
10,Santa Bárbara - Izúcar de Matamoros,00451,MEX-115-160,2025,T. C. México - Puebla (Libre),17_DV2026_Morelos.pdf,10,17_DV2026_Morelos,0.0,3.0,1.0,21317.0,4.2,89.5,0.7,3.5,0.8,0.5,0.3,0.4,0.1,93.7,0.7,5.6,0.072,0.509,19.310918,-98.896618,100.0,True,
10,Santa Bárbara - Izúcar de Matamoros,00451,MEX-115-160,2025,T. C. México - Puebla (Libre),17_DV2026_Morelos.pdf,10,17_DV2026_Morelos,0.0,3.0,2.0,20522.0,4.5,88.5,0.9,4.0,0.7,0.7,0.2,0.3,0.2,93.0,0.9,6.1,0.073,0.509,19.311025,-98.896583,100.0,True,
10,Santa Bárbara - Izúcar de Matamoros,00451,MEX-115-160,2025,X. C. México - Puebla (Cuota),17_DV2026_Morelos.pdf,10,17_DV2026_Morelos,3.61,1.0,1.0,30144.0,4.0,90.9,0.5,2.8,0.6,0.5,0.2,0.2,0.3,94.9,0.5,4.6,0.075,0.505,19.30229,-98.885591,100.0,True,
10,Santa Bárbara - Izúcar de Matamoros,00451,MEX-115-160,2025,X. C. México - Puebla (Cuota),17_DV2026_Morelos.pdf,10,17_DV2026_Morelos,3.61,1.0,2.0,29531.0,3.8,89.9,0.8,3.1,0.8,0.8,0.3,0.3,0.2,93.7,0.8,5.5,0.07,0.505,19.302346,-98.885482,100.0,True,
10,Santa Bárbara - Izúcar de Matamoros,00451,MEX-115-160,2025,X. C. México - Puebla (Cuota),17_DV2026_Morelos.pdf,10,17_DV2026_Morelos,3.61,3.0,1.0,48060.0,3.5,79.8,1.1,8.5,1.3,2.6,2.3,0.5,0.4,83.3,1.1,15.6,0.064,0.508,19.285817,-98.880351,100.0,True,
10,Santa Bárbara - Izúcar de Matamoros,00451,MEX-115-160,2025,X. C. México - Puebla (Cuota),17_DV2026_Morelos.pdf,10,17_DV2026_Morelos,3.61,3.0,2.0,49831.0,3.7,80.4,1.3,8.4,1.0,2.3,1.9,0.4,0.6,84.1,1.3,14.6,0.07,0.508,19.285791,-98.880229,100.0,True,
10,Santa Bárbara - Izúcar de Matamoros,00451,MEX-115-160,2025,Chalco (Central),17_DV2026_Morelos.pdf,10,17_DV2026_Morelos,8.0,3.0,1.0,23946.0,3.5,87.6,0.7,4.2,1.3,1.4,0.7,0.5,0.1,91.1,0.7,8.2,0.082,0.508,19.246106,-98.867122,100.0,True,
10,Santa Bárbara - Izúcar de Matamoros,00451,MEX-115-160,2025,Chalco (Lateral),17_DV2026_Morelos.pdf,10,17_DV2026_Morelos,8.0,3.0,1.0,14932.0,3.6,84.1,1.1,7.1,1.4,1.9,0.4,0.3,0.1,87.7,1.1,11.2,0.09,0.508,19.246022,-98.867155,100.0,True,
10,Santa Bárbara - Izúcar de Matamoros,00451,MEX-115-160,2025,Chalco (Lateral),17_DV2026_Morelos.pdf,10,17_DV2026_Morelos,8.0,3.0,2.0,15411.0,3.4,84.1,1.2,7.0,1.4,1.9,0.4,0.5,0.1,87.5,1.2,11.3,0.075,0.508,19.246244,-98.86705,100.0,True,
10,Santa Bárbara - Izúcar de Matamoros,00451,MEX-115-160,2025,Chalco (Central),17_DV2026_Morelos.pdf,10,17_DV2026_Morelos,8.0,3.0,2.0,23192.0,3.3,87.7,1.0,4.2,1.2,1.4,0.6,0.4,0.2,91.0,1.0,8.0,0.095,0.508,19.24617,-98.867098,100.0,True,
10,Santa Bárbara - Izúcar de Matamoros,00451,MEX-115-160,2025,T. Der. Juchitepec,17_DV2026_Morelos.pdf,10,17_DV2026_Morelos,12.46,3.0,1.0,25427.0,3.0,85.6,1.2,6.7,0.9,1.3,0.4,0.7,0.2,88.6,1.2,10.2,0.087,0.502,19.231517,-98.844291,100.0,True,
10,Santa Bárbara - Izúcar de Matamoros,00451,MEX-115-160,2025,T. Der. Juchitepec,17_DV2026_Morelos.pdf,10,17_DV2026_Morelos,12.46,3.0,2.0,25671.0,3.7,84.6,1.2,6.7,1.1,1.4,0.4,0.7,0.2,88.3,1.2,10.5,0.094,0.502,19.232252,-98.845073,100.0,True,
10,Santa Bárbara - Izúcar de Matamoros,00451,MEX-115-160,2025,T. Der. Libramiento de Tlalmanalco de Velázquez,17_DV2026_Morelos.pdf,10,17_DV2026_Morelos,15.0,1.0,1.0,20993.0,3.7,86.3,1.4,4.5,1.2,1.6,0.5,0.6,0.2,90.0,1.4,8.6,0.067,0.515,19.216456,-98.830103,100.0,True,
10,Santa Bárbara - Izúcar de Matamoros,00451,MEX-115-160,2025,T. Der. Libramiento de Tlalmanalco de Velázquez,17_DV2026_Morelos.pdf,10,17_DV2026_Morelos,15.0,1.0,2.0,22297.0,4.3,84.9,1.9,5.4,0.9,1.5,0.3,0.6,0.2,89.2,1.9,8.9,0.098,0.515,19.219123,-98.830363,100.0,True,
10,Santa Bárbara - Izúcar de Matamoros,00451,MEX-115-160,2025,Tlalmanalco,17_DV2026_Morelos.pdf,10,17_DV2026_Morelos,20.51,1.0,0.0,15617.0,7.1,89.5,0.3,2.4,0.3,0.2,0.1,0.1,0.0,96.6,0.3,3.1,0.071,0.545,19.206351,-98.820116,100.0,True,
10,Santa Bárbara - Izúcar de Matamoros,00451,MEX-115-160,2025,Tlalmanalco,17_DV2026_Morelos.pdf,10,17_DV2026_Morelos,20.51,3.0,0.0,9377.0,3.8,89.7,0.5,5.0,0.7,0.2,0.1,0.0,0.0,93.5,0.5,6.0,0.083,0.529,19.198681,-98.79954,100.0,True,
10,Santa Bárbara - Izúcar de Matamoros,00451,MEX-115-160,2025,Amecameca de Juárez,17_DV2026_Morelos.pdf,10,17_DV2026_Morelos,28.0,1.0,1.0,7792.0,7.7,82.2,0.5,6.4,0.7,1.3,0.6,0.4,0.2,89.9,0.5,9.6,0.08,0.525,19.139046,-98.772642,100.0,True,
10,Santa Bárbara - Izúcar de Matamoros,00451,MEX-115-160,2025,Amecameca de Juárez,17_DV2026_Morelos.pdf,10,17_DV2026_Morelos,28.0,1.0,2.0,8600.0,7.6,82.3,0.4,6.6,0.7,1.3,0.6,0.3,0.2,89.9,0.4,9.7,0.087,0.525,19.139072,-98.77256,100.0,True,
10,Santa Bárbara - Izúcar de Matamoros,00451,MEX-115-160,2025,Amecameca de Juárez,17_DV2026_Morelos.pdf,10,17_DV2026_Morelos,28.0,3.0,1.0,10325.0,6.2,84.5,0.6,6.7,1.0,0.5,0.2,0.1,0.2,90.7,0.6,8.7,0.076,0.506,19.102616,-98.780569,100.0,True,
10,Santa Bárbara - Izúcar de Matamoros,00451,MEX-115-160,2025,Amecameca de Juárez,17_DV2026_Morelos.pdf,10,17_DV2026_Morelos,28.0,3.0,2.0,10100.0,5.8,83.1,0.9,7.3,1.2,0.8,0.3,0.2,0.4,88.9,0.9,10.2,0.076,0.506,19.102586,-98.780513,100.0,True,
10,Santa Bárbara - Izúcar de Matamoros,00451,MEX-115-160,2025,T. Izq a Tlamacas,17_DV2026_Morelos.pdf,10,17_DV2026_Morelos,32.21,,,,,,,,,,,,,,,,,,,,,False,
10,Santa Bárbara - Izúcar de Matamoros,00451,MEX-115-160,2025,T. Izq. Ozumba (Iº Acceso),17_DV2026_Morelos.pdf,10,17_DV2026_Morelos,38.81,1.0,0.0,23080.0,3.6,83.8,0.8,9.9,0.7,0.5,0.2,0.3,0.2,87.4,0.8,11.8,0.069,0.502,19.058461,-98.786831,100.0,True,
10,Santa Bárbara - Izúcar de Matamoros,00451,MEX-115-160,2025,T. Izq. Ozumba (Iº Acceso),17_DV2026_Morelos.pdf,10,17_DV2026_Morelos,38.81,3.0,0.0,21359.0,3.6,79.5,1.2,12.9,1.4,0.7,0.2,0.4,0.1,83.1,1.2,15.7,0.089,0.504,19.048759,-98.792609,100.0,True,
10,Santa Bárbara - Izúcar de Matamoros,00451,MEX-115-160,2025,Tepetlixpa,17_DV2026_Morelos.pdf,10,17_DV2026_Morelos,42.29,3.0,0.0,10319.0,3.6,85.0,2.2,7.2,0.8,0.5,0.2,0.3,0.2,88.6,2.2,9.2,0.074,0.519,19.020302,-98.824517,100.0,True,
10,Santa Bárbara - Izúcar de Matamoros,00451,MEX-115-160,2025,Lim. Edos. Term. Méx. Ppia. Mor.,17_DV2026_Morelos.pdf,10,17_DV2026_Morelos,51.7,,,,,,,,,,,,,,,,,,,,,False,
10,Santa Bárbara - Izúcar de Matamoros,00451,MEX-115-160,2025,T. Der. Atlatlahucan,17_DV2026_Morelos.pdf,10,17_DV2026_Morelos,58.95,1.0,1.0,10509.0,6.2,83.1,1.3,3.5,2.0,1.6,0.6,1.3,0.4,89.3,1.3,9.4,0.098,0.735,18.929568,-98.88707,100.0,True,
10,Santa Bárbara - Izúcar de Matamoros,00451,MEX-115-160,2025,T. Der. Atlatlahucan,17_DV2026_Morelos.pdf,10,17_DV2026_Morelos,58.95,1.0,2.0,9587.0,6.4,82.6,1.5,4.0,1.8,1.5,0.7,1.1,0.4,89.0,1.5,9.5,0.14,0.735,18.930045,-98.886636,100.0,True,
10,Santa Bárbara - Izúcar de Matamoros,00451,MEX-115-160,2025,T. Izq. Tetela del Volcán,17_DV2026_Morelos.pdf,11,17_DV2026_Morelos,62.99,1.0,1.0,16575.0,7.4,82.5,1.6,3.6,1.5,1.8,0.5,0.8,0.3,89.9,1.6,8.5,0.075,0.509,18.90721,-98.902089,100.0,True,
10,Santa Bárbara - Izúcar de Matamoros,00451,MEX-115-160,2025,T. Izq. Tetela del Volcán,17_DV2026_Morelos.pdf,11,17_DV2026_Morelos,62.99,1.0,2.0,16049.0,7.6,82.6,1.3,3.7,1.4,2.0,0.4,0.9,0.1,90.2,1.3,8.5,0.082,0.509,18.907159,-98.902006,100.0,True,
10,Santa Bárbara - Izúcar de Matamoros,00451,MEX-115-160,2025,T. Izq. Tetela del Volcán,17_DV2026_Morelos.pdf,11,17_DV2026_Morelos,62.99,3.0,1.0,16427.0,5.8,84.5,1.3,2.6,2.2,1.6,0.3,1.5,0.2,90.3,1.3,8.4,0.09,0.515,18.895156,-98.910185,100.0,True,
10,Santa Bárbara - Izúcar de Matamoros,00451,MEX-115-160,2025,T. Izq. Tetela del Volcán,17_DV2026_Morelos.pdf,11,17_DV2026_Morelos,62.99,3.0,2.0,17628.0,5.4,84.6,1.4,2.8,2.0,1.8,0.5,1.1,0.4,90.0,1.4,8.6,0.093,0.515,18.895682,-98.909714,100.0,True,
10,Santa Bárbara - Izúcar de Matamoros,00451,MEX-115-160,2025,T. Izq. Libramiento de Cuautla (1º Acceso),17_DV2026_Morelos.pdf,11,17_DV2026_Morelos,67.0,1.0,1.0,16419.0,5.0,81.6,1.3,6.2,1.4,1.8,2.0,0.5,0.2,86.6,1.3,12.1,0.07,0.533,18.877992,-98.921686,100.0,True,
10,Santa Bárbara - Izúcar de Matamoros,00451,MEX-115-160,2025,T. Izq. Libramiento de Cuautla (1º Acceso),17_DV2026_Morelos.pdf,11,17_DV2026_Morelos,67.0,1.0,2.0,16973.0,5.2,81.6,1.1,6.5,1.3,1.6,1.8,0.7,0.2,86.8,1.1,12.1,0.066,0.533,18.87794,-98.921612,100.0,True,
10,Santa Bárbara - Izúcar de Matamoros,00451,MEX-115-160,2025,T. Der. La Pera,17_DV2026_Morelos.pdf,11,17_DV2026_Morelos,68.9,1.0,1.0,26200.0,8.3,85.0,0.8,3.1,1.0,0.9,0.2,0.6,0.1,93.3,0.8,5.9,0.075,0.5,18.856685,-98.935475,100.0,True,
10,Santa Bárbara - Izúcar de Matamoros,00451,MEX-115-160,2025,T. Der. La Pera,17_DV2026_Morelos.pdf,11,17_DV2026_Morelos,68.9,1.0,2.0,24353.0,8.0,84.9,1.0,3.3,0.9,1.0,0.3,0.4,0.2,92.9,1.0,6.1,0.077,0.5,18.856657,-98.935388,100.0,True,
10,Santa Bárbara - Izúcar de Matamoros,00451,MEX-115-160,2025,T. Izq. Libramiento de Cuautla (2º Acceso),17_DV2026_Morelos.pdf,11,17_DV2026_Morelos,77.05,3.0,1.0,19574.0,7.3,83.6,1.4,3.0,2.0,1.4,0.5,0.7,0.1,90.9,1.4,7.7,0.088,0.542,18.79009,-98.90836,100.0,True,
10,Santa Bárbara - Izúcar de Matamoros,00451,MEX-115-160,2025,T. Izq. Libramiento de Cuautla (2º Acceso),17_DV2026_Morelos.pdf,11,17_DV2026_Morelos,77.05,3.0,2.0,21496.0,7.4,83.6,1.5,3.2,1.9,1.3,0.4,0.6,0.1,91.0,1.5,7.5,0.077,0.542,18.790394,-98.908573,100.0,True,
10,Santa Bárbara - Izúcar de Matamoros,00451,MEX-115-160,2025,T. Der. Tlayecac,17_DV2026_Morelos.pdf,11,17_DV2026_Morelos,85.06,1.0,1.0,13434.0,6.6,84.4,1.8,3.3,1.6,1.1,0.4,0.6,0.2,91.0,1.8,7.2,0.08,0.505,18.770315,-98.893131,100.0,True,
10,Santa Bárbara - Izúcar de Matamoros,00451,MEX-115-160,2025,T. Der. Tlayecac,17_DV2026_Morelos.pdf,11,17_DV2026_Morelos,85.06,1.0,2.0,13510.0,6.8,83.7,1.6,3.6,1.7,1.0,0.5,0.8,0.3,90.5,1.6,7.9,0.078,0.505,18.770805,-98.893605,100.0,True,
10,Santa Bárbara - Izúcar de Matamoros,00451,MEX-115-160,2025,T. Der. Tlayecac,17_DV2026_Morelos.pdf,11,17_DV2026_Morelos,85.06,3.0,1.0,13829.0,5.1,86.7,1.8,3.7,0.6,1.1,0.4,0.4,0.2,91.8,1.8,6.4,0.08,0.501,18.761609,-98.883801,100.0,True,
10,Santa Bárbara - Izúcar de Matamoros,00451,MEX-115-160,2025,T. Der. Tlayecac,17_DV2026_Morelos.pdf,11,17_DV2026_Morelos,85.06,3.0,2.0,13684.0,5.2,86.2,1.9,3.9,0.5,1.2,0.4,0.6,0.1,91.4,1.9,6.7,0.077,0.501,18.761685,-98.883757,100.0,True,
10,Santa Bárbara - Izúcar de Matamoros,00451,MEX-115-160,2025,T. Izq. Amayuca,17_DV2026_Morelos.pdf,11,17_DV2026_Morelos,91.36,1.0,1.0,10500.0,5.5,83.8,2.3,4.0,1.6,1.4,0.7,0.5,0.2,89.3,2.3,8.4,0.092,0.504,18.73368,-98.817406,100.0,True,
10,Santa Bárbara - Izúcar de Matamoros,00451,MEX-115-160,2025,T. Izq. Amayuca,17_DV2026_Morelos.pdf,11,17_DV2026_Morelos,91.36,1.0,2.0,10626.0,5.3,84.7,2.1,3.8,1.4,1.2,0.6,0.7,0.2,90.0,2.1,7.9,0.09,0.504,18.733756,-98.817362,100.0,True,
10,Santa Bárbara - Izúcar de Matamoros,00451,MEX-115-160,2025,T. Izq. Amayuca,17_DV2026_Morelos.pdf,11,17_DV2026_Morelos,91.36,3.0,1.0,6963.0,3.9,82.5,2.9,3.3,2.2,2.6,1.2,1.1,0.3,86.4,2.9,10.7,0.074,0.501,18.714965,-98.788484,100.0,True,
10,Santa Bárbara - Izúcar de Matamoros,00451,MEX-115-160,2025,T. Izq. Amayuca,17_DV2026_Morelos.pdf,11,17_DV2026_Morelos,91.36,3.0,2.0,7828.0,3.7,83.8,2.7,3.1,2.0,2.4,1.1,1.0,0.2,87.5,2.7,9.8,0.069,0.501,18.715038,-98.788454,100.0,True,
10,Santa Bárbara - Izúcar de Matamoros,00451,MEX-115-160,2025,T. C. Atlixco - Jantetelco (Cuota),17_DV2026_Morelos.pdf,11,17_DV2026_Morelos,94.7,3.0,1.0,3320.0,3.2,80.4,3.3,4.9,2.3,3.2,1.5,1.0,0.2,83.6,3.3,13.1,0.076,0.51,18.699135,-98.763587,100.0,True,
10,Santa Bárbara - Izúcar de Matamoros,00451,MEX-115-160,2025,T. C. Atlixco - Jantetelco (Cuota),17_DV2026_Morelos.pdf,11,17_DV2026_Morelos,94.7,3.0,2.0,3246.0,3.6,79.3,3.2,5.4,2.5,3.0,1.6,1.2,0.2,82.9,3.2,13.9,0.089,0.51,18.699208,-98.763532,100.0,True,
10,Santa Bárbara - Izúcar de Matamoros,00451,MEX-115-160,2025,T. Der. Tenango,17_DV2026_Morelos.pdf,11,17_DV2026_Morelos,102.96,1.0,1.0,3212.0,4.5,77.8,3.0,5.4,2.9,2.8,2.1,1.3,0.2,82.3,3.0,14.7,0.077,0.506,18.678561,-98.740799,100.0,True,
10,Santa Bárbara - Izúcar de Matamoros,00451,MEX-115-160,2025,T. Der. Tenango,17_DV2026_Morelos.pdf,11,17_DV2026_Morelos,102.96,1.0,2.0,3180.0,4.3,77.2,3.2,5.4,3.1,2.8,2.1,1.5,0.4,81.5,3.2,15.3,0.092,0.506,18.678347,-98.740633,100.0,True,
10,Santa Bárbara - Izúcar de Matamoros,00451,MEX-115-160,2025,T. Der. Tenango,17_DV2026_Morelos.pdf,11,17_DV2026_Morelos,102.96,3.0,0.0,5416.0,4.1,78.8,3.9,4.2,2.2,3.1,1.9,1.4,0.4,82.9,3.9,13.2,0.078,0.663,18.664315,-98.725536,100.0,True,
10,Santa Bárbara - Izúcar de Matamoros,00451,MEX-115-160,2025,Lim. Edos. Term. Mor. Ppia. Pue.,17_DV2026_Morelos.pdf,11,17_DV2026_Morelos,103.23,,,,,,,,,,,,,,,,,,,,,False,
10,Santa Bárbara - Izúcar de Matamoros,00451,MEX-115-160,2025,X. C. Amayuca - Izúcar de Matamoros,17_DV2026_Morelos.pdf,11,17_DV2026_Morelos,134.99,1.0,1.0,7032.0,19.0,71.7,1.9,2.6,1.5,1.4,0.9,0.7,0.3,90.7,1.9,7.4,0.08,0.555,18.605405,-98.485507,100.0,True,
10,Santa Bárbara - Izúcar de Matamoros,00451,MEX-115-160,2025,X. C. Amayuca - Izúcar de Matamoros,17_DV2026_Morelos.pdf,11,17_DV2026_Morelos,134.99,1.0,2.0,7182.0,18.6,72.2,1.7,2.5,1.6,1.6,0.9,0.7,0.2,90.8,1.7,7.5,0.093,0.555,18.605461,-98.485448,100.0,True,
10,Santa Bárbara - Izúcar de Matamoros,00451,MEX-115-160,2025,X. C. Amayuca - Izúcar de Matamoros,17_DV2026_Morelos.pdf,11,17_DV2026_Morelos,134.99,3.0,1.0,10410.0,20.0,72.6,1.5,2.3,1.8,0.7,0.5,0.4,0.2,92.6,1.5,5.9,0.078,0.528,18.594813,-98.47629,100.0,True,
10,Santa Bárbara - Izúcar de Matamoros,00451,MEX-115-160,2025,X. C. Amayuca - Izúcar de Matamoros,17_DV2026_Morelos.pdf,11,17_DV2026_Morelos,134.99,3.0,2.0,10690.0,19.8,72.5,1.6,2.6,1.6,0.8,0.5,0.4,0.2,92.3,1.6,6.1,0.071,0.528,18.594876,-98.476247,100.0,True,
10,Santa Bárbara - Izúcar de Matamoros,00451,MEX-115-160,2025,T. C. Puebla - Huajuapan de León,17_DV2026_Morelos.pdf,11,17_DV2026_Morelos,138.14,,,,,,,,,,,,,,,,,,,,,False,
11,Cuernavaca - Acapulco (Cuota),00045,MEX-095D,2025,Cuernavaca,17_DV2026_Morelos.pdf,11,17_DV2026_Morelos,94.96,3.0,1.0,46546.0,6.1,87.7,1.6,1.8,0.9,0.8,0.4,0.5,0.2,93.8,1.6,4.6,0.081,0.53,18.874187,-99.226574,100.0,True,
11,Cuernavaca - Acapulco (Cuota),00045,MEX-095D,2025,Cuernavaca,17_DV2026_Morelos.pdf,12,17_DV2026_Morelos,94.96,3.0,2.0,44947.0,6.2,87.7,1.5,1.7,0.9,0.9,0.3,0.6,0.2,93.9,1.5,4.6,0.076,0.53,18.875318,-99.227101,100.0,True,
11,Cuernavaca - Acapulco (Cuota),00045,MEX-095D,2025,T. Izq. Burgos,17_DV2026_Morelos.pdf,12,17_DV2026_Morelos,98.31,1.0,1.0,51524.0,4.4,86.8,2.2,2.7,1.8,1.2,0.4,0.4,0.1,91.2,2.2,6.6,0.07,0.58,18.862087,-99.221059,100.0,True,
11,Cuernavaca - Acapulco (Cuota),00045,MEX-095D,2025,T. Izq. Burgos,17_DV2026_Morelos.pdf,12,17_DV2026_Morelos,98.31,1.0,2.0,52548.0,4.5,87.3,2.1,2.6,1.6,1.1,0.4,0.3,0.1,91.8,2.1,6.1,0.079,0.58,18.862813,-99.221023,100.0,True,
11,Cuernavaca - Acapulco (Cuota),00045,MEX-095D,2025,T. Izq. Burgos,17_DV2026_Morelos.pdf,12,17_DV2026_Morelos,98.31,3.0,1.0,47018.0,6.8,84.4,2.6,4.3,0.7,0.6,0.2,0.2,0.2,91.2,2.6,6.2,0.072,0.519,18.856239,-99.220765,100.0,True,
11,Cuernavaca - Acapulco (Cuota),00045,MEX-095D,2025,T. Izq. Burgos,17_DV2026_Morelos.pdf,12,17_DV2026_Morelos,98.31,3.0,2.0,46169.0,6.7,84.3,2.7,4.4,0.7,0.7,0.2,0.2,0.1,91.0,2.7,6.3,0.069,0.519,18.854312,-99.22056,100.0,True,
11,Cuernavaca - Acapulco (Cuota),00045,MEX-095D,2025,T. Der. Acatlipa,17_DV2026_Morelos.pdf,12,17_DV2026_Morelos,99.66,1.0,1.0,38201.0,7.0,85.1,1.7,3.8,0.9,0.7,0.3,0.3,0.2,92.1,1.7,6.2,0.082,0.506,18.851904,-99.220463,100.0,True,
11,Cuernavaca - Acapulco (Cuota),00045,MEX-095D,2025,T. Der. Acatlipa,17_DV2026_Morelos.pdf,12,17_DV2026_Morelos,99.66,1.0,2.0,39849.0,7.1,84.6,1.9,3.8,1.0,0.8,0.2,0.4,0.2,91.7,1.9,6.4,0.072,0.506,18.851705,-99.220329,100.0,True,
11,Cuernavaca - Acapulco (Cuota),00045,MEX-095D,2025,T. Der. Acatlipa,17_DV2026_Morelos.pdf,12,17_DV2026_Morelos,99.66,3.0,1.0,32551.0,6.2,85.7,2.2,2.8,0.8,1.2,0.4,0.5,0.2,91.9,2.2,5.9,0.087,0.571,18.843259,-99.217967,100.0,True,
11,Cuernavaca - Acapulco (Cuota),00045,MEX-095D,2025,T. Der. Acatlipa,17_DV2026_Morelos.pdf,12,17_DV2026_Morelos,99.66,3.0,2.0,30700.0,6.3,85.2,2.4,3.0,0.9,1.1,0.5,0.5,0.1,91.5,2.4,6.1,0.089,0.571,18.84322,-99.21781,100.0,True,
11,Cuernavaca - Acapulco (Cuota),00045,MEX-095D,2025,T. Izq. Miguel Hidalgo,17_DV2026_Morelos.pdf,12,17_DV2026_Morelos,100.81,3.0,1.0,27673.0,6.0,84.4,2.8,2.6,1.2,1.7,0.6,0.5,0.2,90.4,2.8,6.8,0.079,0.563,18.830812,-99.217852,100.0,True,
11,Cuernavaca - Acapulco (Cuota),00045,MEX-095D,2025,T. Izq. Miguel Hidalgo,17_DV2026_Morelos.pdf,12,17_DV2026_Morelos,100.81,3.0,2.0,27303.0,6.2,84.6,3.0,2.5,1.1,1.5,0.5,0.4,0.2,90.8,3.0,6.2,0.084,0.563,18.83041,-99.217827,100.0,True,
11,Cuernavaca - Acapulco (Cuota),00045,MEX-095D,2025,T. Der. Aeropuerto Cuernavaca,17_DV2026_Morelos.pdf,12,17_DV2026_Morelos,104.79,1.0,1.0,28973.0,6.8,82.4,3.0,4.2,0.9,1.5,0.6,0.4,0.2,89.2,3.0,7.8,0.071,0.512,18.815113,-99.219302,100.0,True,
11,Cuernavaca - Acapulco (Cuota),00045,MEX-095D,2025,T. Der. Aeropuerto Cuernavaca,17_DV2026_Morelos.pdf,12,17_DV2026_Morelos,104.79,1.0,2.0,30870.0,6.7,82.9,3.2,4.1,0.8,1.3,0.5,0.4,0.1,89.6,3.2,7.2,0.085,0.512,18.811727,-99.219513,100.0,True,
11,Cuernavaca - Acapulco (Cuota),00045,MEX-095D,2025,T. Der. Aeropuerto Cuernavaca,17_DV2026_Morelos.pdf,12,17_DV2026_Morelos,104.79,3.0,1.0,18634.0,3.0,88.2,2.7,2.5,1.3,1.3,0.2,0.6,0.2,91.2,2.7,6.1,0.084,0.544,18.784346,-99.222112,100.0,True,
11,Cuernavaca - Acapulco (Cuota),00045,MEX-095D,2025,T. Der. Aeropuerto Cuernavaca,17_DV2026_Morelos.pdf,12,17_DV2026_Morelos,104.79,3.0,2.0,18537.0,2.8,88.5,2.8,2.9,1.0,1.4,0.2,0.3,0.1,91.3,2.8,5.9,0.084,0.544,18.789296,-99.221574,100.0,True,
11,Cuernavaca - Acapulco (Cuota),00045,MEX-095D,2025,T. Izq. Club de Golf Santa Fe,17_DV2026_Morelos.pdf,12,17_DV2026_Morelos,112.44,1.0,1.0,17769.0,4.7,84.0,3.9,3.4,1.5,1.3,0.7,0.3,0.2,88.7,3.9,7.4,0.07,0.647,18.746684,-99.246272,100.0,True,
11,Cuernavaca - Acapulco (Cuota),00045,MEX-095D,2025,T. Izq. Club de Golf Santa Fe,17_DV2026_Morelos.pdf,12,17_DV2026_Morelos,112.44,1.0,2.0,17968.0,4.9,82.8,3.8,3.2,1.9,1.9,0.6,0.6,0.3,87.7,3.8,8.5,0.094,0.647,18.748251,-99.245372,100.0,True,
11,Cuernavaca - Acapulco (Cuota),00045,MEX-095D,2025,Plaza de Cobro Alpuyeca,17_DV2026_Morelos.pdf,12,17_DV2026_Morelos,114.76,1.0,1.0,12305.0,1.9,81.7,4.4,7.3,1.2,1.9,0.8,0.6,0.2,83.6,4.4,12.0,0.087,0.768,18.724504,-99.258557,100.0,True,
11,Cuernavaca - Acapulco (Cuota),00045,MEX-095D,2025,Plaza de Cobro Alpuyeca,17_DV2026_Morelos.pdf,12,17_DV2026_Morelos,114.76,1.0,2.0,11571.0,1.8,82.4,4.2,7.0,1.2,1.9,0.7,0.6,0.2,84.2,4.2,11.6,0.122,0.768,18.724357,-99.258547,100.0,True,
11,Cuernavaca - Acapulco (Cuota),00045,MEX-095D,2025,Plaza de Cobro Alpuyeca,17_DV2026_Morelos.pdf,12,17_DV2026_Morelos,114.76,3.0,1.0,9247.0,2.0,79.3,4.7,7.3,2.5,2.1,0.9,0.8,0.4,81.3,4.7,14.0,0.079,0.768,18.692222,-99.282215,100.0,True,
11,Cuernavaca - Acapulco (Cuota),00045,MEX-095D,2025,Plaza de Cobro Alpuyeca,17_DV2026_Morelos.pdf,12,17_DV2026_Morelos,114.76,3.0,2.0,10549.0,1.7,79.2,4.5,7.9,2.1,2.6,0.8,0.9,0.3,80.9,4.5,14.6,0.099,0.768,18.693707,-99.281076,100.0,True,
11,Cuernavaca - Acapulco (Cuota),00045,MEX-095D,2025,Plaza de Cobro Ing. Francisco Velasco Durán,17_DV2026_Morelos.pdf,12,17_DV2026_Morelos,118.06,2.0,1.0,8239.0,1.8,83.0,4.7,3.6,2.8,2.2,0.7,0.8,0.4,84.8,4.7,10.5,0.111,0.5,18.698498,-99.278028,100.0,True,
11,Cuernavaca - Acapulco (Cuota),00045,MEX-095D,2025,Plaza de Cobro Ing. Francisco Velasco Durán,17_DV2026_Morelos.pdf,12,17_DV2026_Morelos,118.06,2.0,2.0,8239.0,1.8,83.0,4.7,3.6,2.8,2.2,0.7,0.8,0.4,84.8,4.7,10.5,0.111,0.5,18.698498,-99.278028,100.0,True,
11,Cuernavaca - Acapulco (Cuota),00045,MEX-095D,2025,T. C. Puente de Ixtla - Iguala (Cuota),17_DV2026_Morelos.pdf,12,17_DV2026_Morelos,123.54,3.0,1.0,6633.0,2.8,83.1,3.4,4.4,1.3,2.5,1.0,1.0,0.5,85.9,3.4,10.7,0.072,0.506,18.647498,-99.295459,100.0,True,
11,Cuernavaca - Acapulco (Cuota),00045,MEX-095D,2025,T. C. Puente de Ixtla - Iguala (Cuota),17_DV2026_Morelos.pdf,12,17_DV2026_Morelos,123.54,3.0,2.0,7014.0,2.7,83.2,3.2,4.6,1.3,2.6,0.9,1.2,0.3,85.9,3.2,10.9,0.078,0.506,18.647499,-99.29534,100.0,True,
11,Cuernavaca - Acapulco (Cuota),00045,MEX-095D,2025,T. C. Xoxocotla - Tilzapotla,17_DV2026_Morelos.pdf,12,17_DV2026_Morelos,132.46,3.0,1.0,5790.0,2.8,80.7,4.7,5.3,1.6,2.5,0.7,1.4,0.3,83.5,4.7,11.8,0.075,0.626,18.586823,-99.256853,100.0,True,
11,Cuernavaca - Acapulco (Cuota),00045,MEX-095D,2025,T. C. Xoxocotla - Tilzapotla,17_DV2026_Morelos.pdf,12,17_DV2026_Morelos,132.46,3.0,2.0,5886.0,2.6,80.6,4.6,5.4,1.8,2.8,0.8,1.1,0.3,83.2,4.6,12.2,0.1,0.626,18.586915,-99.256787,100.0,True,
11,Cuernavaca - Acapulco (Cuota),00045,MEX-095D,2025,T. C. Autopista Siglo XXI (Jaltetelco - Xicatlacotla),17_DV2026_Morelos.pdf,12,17_DV2026_Morelos,135.96,3.0,1.0,5337.0,3.6,80.5,4.1,5.8,1.6,2.4,0.9,0.8,0.3,84.1,4.1,11.8,0.073,0.624,18.56791,-99.224232,100.0,True,
11,Cuernavaca - Acapulco (Cuota),00045,MEX-095D,2025,T. C. Autopista Siglo XXI (Jaltetelco - Xicatlacotla),17_DV2026_Morelos.pdf,12,17_DV2026_Morelos,135.96,3.0,2.0,5568.0,3.5,80.1,4.4,5.6,1.6,2.6,0.8,1.1,0.3,83.6,4.4,12.0,0.084,0.624,18.567975,-99.224187,100.0,True,
11,Cuernavaca - Acapulco (Cuota),00045,MEX-095D,2025,Lim. Edos. Term. Mor. Ppia. Gro.,17_DV2026_Morelos.pdf,12,17_DV2026_Morelos,148.26,,,,,,,,,,,,,,,,,,,,,False,
11,Cuernavaca - Acapulco (Cuota),00045,MEX-095D,2025,Plaza de Cobro Paso Morelos,17_DV2026_Morelos.pdf,12,17_DV2026_Morelos,177.9,2.0,1.0,4596.0,1.3,80.4,6.1,3.1,2.7,3.5,0.7,1.6,0.6,81.7,6.1,12.2,0.111,0.5,18.231462,-99.215446,100.0,True,
11,Cuernavaca - Acapulco (Cuota),00045,MEX-095D,2025,Plaza de Cobro Paso Morelos,17_DV2026_Morelos.pdf,12,17_DV2026_Morelos,177.9,2.0,2.0,4596.0,1.3,80.4,6.1,3.1,2.7,3.5,0.7,1.6,0.6,81.7,6.1,12.2,0.111,0.5,18.231462,-99.215446,100.0,True,
11,Cuernavaca - Acapulco (Cuota),00045,MEX-095D,2025,Plaza de Cobro Paso Morelos,17_DV2026_Morelos.pdf,12,17_DV2026_Morelos,177.9,1.0,1.0,4787.0,1.8,78.5,5.6,4.6,1.8,4.4,1.1,1.7,0.5,80.3,5.6,14.1,0.085,0.517,18.23825,-99.213922,100.0,True,
11,Cuernavaca - Acapulco (Cuota),00045,MEX-095D,2025,Plaza de Cobro Paso Morelos,17_DV2026_Morelos.pdf,12,17_DV2026_Morelos,177.9,1.0,2.0,4473.0,1.9,78.7,5.6,4.4,2.0,4.3,1.0,1.7,0.4,80.6,5.6,13.8,0.143,0.517,18.238218,-99.213834,100.0,True,
11,Cuernavaca - Acapulco (Cuota),00045,MEX-095D,2025,T. C. Cuernavaca - Chilpancingo,17_DV2026_Morelos.pdf,12,17_DV2026_Morelos,267.0,1.0,1.0,4042.0,1.8,76.7,8.5,4.0,1.8,4.4,1.3,1.2,0.3,78.5,8.5,13.0,0.082,0.528,17.606731,-99.518131,100.0,True,
11,Cuernavaca - Acapulco (Cuota),00045,MEX-095D,2025,T. C. Cuernavaca - Chilpancingo,17_DV2026_Morelos.pdf,13,17_DV2026_Morelos,267.0,1.0,2.0,4521.0,1.5,77.5,8.4,4.1,1.6,4.5,1.0,1.2,0.2,79.0,8.4,12.6,0.093,0.528,17.606711,-99.518044,100.0,True,
11,Cuernavaca - Acapulco (Cuota),00045,MEX-095D,2025,Plaza de Cobro Palo Blanco,17_DV2026_Morelos.pdf,13,17_DV2026_Morelos,288.85,1.0,1.0,5772.0,1.4,80.9,5.0,5.1,1.4,3.2,1.3,1.2,0.5,82.3,5.0,12.7,0.109,0.505,17.429093,-99.473224,100.0,True,
11,Cuernavaca - Acapulco (Cuota),00045,MEX-095D,2025,Plaza de Cobro Palo Blanco,17_DV2026_Morelos.pdf,13,17_DV2026_Morelos,288.85,1.0,2.0,5883.0,1.2,81.0,5.1,5.1,1.2,3.0,1.5,1.3,0.6,82.2,5.1,12.7,0.164,0.505,17.429152,-99.473165,100.0,True,
11,Cuernavaca - Acapulco (Cuota),00045,MEX-095D,2025,Plaza de Cobro Palo Blanco,17_DV2026_Morelos.pdf,13,17_DV2026_Morelos,288.85,2.0,1.0,5686.0,1.8,80.6,6.0,3.0,3.2,3.1,0.8,1.0,0.5,82.4,6.0,11.6,0.097,0.5,17.423983,-99.466911,100.0,True,
11,Cuernavaca - Acapulco (Cuota),00045,MEX-095D,2025,Plaza de Cobro Palo Blanco,17_DV2026_Morelos.pdf,13,17_DV2026_Morelos,288.85,2.0,2.0,5686.0,1.8,80.6,6.0,3.0,3.2,3.1,0.8,1.0,0.5,82.4,6.0,11.6,0.097,0.5,17.423983,-99.466911,100.0,True,
11,Cuernavaca - Acapulco (Cuota),00045,MEX-095D,2025,X. C. Chilpancingo - Acapulco (Tierra Colorada),17_DV2026_Morelos.pdf,13,17_DV2026_Morelos,321.0,1.0,1.0,5915.0,1.7,78.3,8.5,3.5,2.0,3.2,1.1,1.5,0.2,80.0,8.5,11.5,0.123,0.515,17.18061,-99.552148,100.0,True,
11,Cuernavaca - Acapulco (Cuota),00045,MEX-095D,2025,X. C. Chilpancingo - Acapulco (Tierra Colorada),17_DV2026_Morelos.pdf,13,17_DV2026_Morelos,321.0,1.0,2.0,6291.0,1.3,79.1,8.3,3.6,2.0,3.0,1.1,1.4,0.2,80.4,8.3,11.3,0.123,0.515,17.180595,-99.552072,100.0,True,
11,Cuernavaca - Acapulco (Cuota),00045,MEX-095D,2025,Plaza de Cobro La Venta,17_DV2026_Morelos.pdf,13,17_DV2026_Morelos,364.85,1.0,1.0,7131.0,6.8,73.7,5.3,5.3,2.3,3.0,1.5,1.6,0.5,80.5,5.3,14.2,0.079,0.536,16.929068,-99.799983,100.0,True,
11,Cuernavaca - Acapulco (Cuota),00045,MEX-095D,2025,Plaza de Cobro La Venta,17_DV2026_Morelos.pdf,13,17_DV2026_Morelos,364.85,1.0,2.0,8242.0,6.5,73.2,5.6,5.1,2.0,3.2,1.9,1.9,0.6,79.7,5.6,14.7,0.079,0.536,16.928996,-99.799959,100.0,True,
11,Cuernavaca - Acapulco (Cuota),00045,MEX-095D,2025,Plaza de Cobro La Venta,17_DV2026_Morelos.pdf,13,17_DV2026_Morelos,364.85,2.0,1.0,5772.0,1.5,80.9,5.1,3.4,3.6,3.0,0.9,1.1,0.5,82.4,5.1,12.5,0.097,0.5,16.928232,-99.801857,100.0,True,
11,Cuernavaca - Acapulco (Cuota),00045,MEX-095D,2025,Plaza de Cobro La Venta,17_DV2026_Morelos.pdf,13,17_DV2026_Morelos,364.85,2.0,2.0,5772.0,1.5,80.9,5.1,3.4,3.6,3.0,0.9,1.1,0.5,82.4,5.1,12.5,0.097,0.5,16.928232,-99.801857,100.0,True,
11,Cuernavaca - Acapulco (Cuota),00045,MEX-095D,2025,T. C. Chilpancingo - Acapulco (Ent. La Venta),17_DV2026_Morelos.pdf,13,17_DV2026_Morelos,366.3,1.0,1.0,6882.0,1.4,81.0,6.0,4.4,1.7,3.2,0.8,1.1,0.4,82.4,6.0,11.6,0.082,0.502,16.923169,-99.811386,100.0,True,
11,Cuernavaca - Acapulco (Cuota),00045,MEX-095D,2025,T. C. Chilpancingo - Acapulco (Ent. La Venta),17_DV2026_Morelos.pdf,13,17_DV2026_Morelos,366.3,1.0,2.0,6839.0,1.6,80.6,6.3,4.0,1.5,3.4,1.0,1.2,0.4,82.2,6.3,11.5,0.081,0.502,16.923173,-99.811246,100.0,True,
12,Jantetelco - El Higuerón (Cuota),,MEX-094D,2025,T. C. Santa Bárbara - Izúcar de Matamoros,17_DV2026_Morelos.pdf,13,17_DV2026_Morelos,0.0,3.0,0.0,2734.0,3.4,72.8,5.0,3.9,3.4,4.3,2.9,3.4,0.9,76.2,5.0,18.8,0.087,0.623,18.7009,-98.777901,100.0,True,
12,Jantetelco - El Higuerón (Cuota),,MEX-094D,2025,T. C. Moyotepec - San Rafael,17_DV2026_Morelos.pdf,13,17_DV2026_Morelos,30.0,1.0,0.0,3351.0,3.3,71.0,5.4,7.1,3.2,4.3,2.7,2.6,0.4,74.3,5.4,20.3,0.08,0.588,18.655442,-98.994989,100.0,True,
12,Jantetelco - El Higuerón (Cuota),,MEX-094D,2025,Plaza de Cobro Tlaltizapán,17_DV2026_Morelos.pdf,13,17_DV2026_Morelos,30.0,3.0,0.0,3108.0,1.2,77.8,1.7,3.5,5.2,4.2,2.1,3.2,1.1,79.0,1.7,19.3,0.07,0.5,18.652761,-99.008771,100.0,True,
12,Jantetelco - El Higuerón (Cuota),,MEX-094D,2025,T. C. Jojutla - Chinameca,17_DV2026_Morelos.pdf,13,17_DV2026_Morelos,54.0,1.0,0.0,3269.0,3.6,75.3,4.2,6.2,2.8,2.7,2.6,2.3,0.3,78.9,4.2,16.9,0.082,0.513,18.612437,-99.151489,100.0,True,
12,Jantetelco - El Higuerón (Cuota),,MEX-094D,2025,T. C. Cuernavaca - Acapulco (Cuota),17_DV2026_Morelos.pdf,13,17_DV2026_Morelos,62.0,1.0,0.0,3641.0,3.6,78.7,4.2,6.5,1.9,1.5,1.3,2.1,0.2,82.3,4.2,13.5,0.083,0.526,18.573119,-99.223795,100.0,True,
13,La Pera - Cuautla (Cuota),17161,MEX-160D,2025,La Pera,17_DV2026_Morelos.pdf,13,17_DV2026_Morelos,0.0,3.0,1.0,8714.0,2.5,88.6,2.2,3.2,1.0,0.9,0.4,0.7,0.5,91.1,2.2,6.7,0.151,0.653,19.00882,-99.161166,100.0,True,
13,La Pera - Cuautla (Cuota),17161,MEX-160D,2025,La Pera,17_DV2026_Morelos.pdf,13,17_DV2026_Morelos,0.0,3.0,2.0,9547.0,2.5,88.7,2.1,3.2,1.0,0.8,0.4,0.7,0.6,91.2,2.1,6.7,0.12,0.653,19.008964,-99.161148,100.0,True,
13,La Pera - Cuautla (Cuota),17161,MEX-160D,2025,Tepoztlán,17_DV2026_Morelos.pdf,13,17_DV2026_Morelos,7.96,1.0,1.0,9281.0,2.0,86.6,2.1,5.3,0.9,1.3,0.7,0.6,0.5,88.6,2.1,9.3,0.107,0.56,18.993022,-99.120976,100.0,True,
13,La Pera - Cuautla (Cuota),17161,MEX-160D,2025,Tepoztlán,17_DV2026_Morelos.pdf,13,17_DV2026_Morelos,7.96,1.0,2.0,9927.0,2.1,86.9,2.1,5.3,1.0,0.9,0.5,0.8,0.4,89.0,2.1,8.9,0.117,0.56,18.994108,-99.121111,100.0,True,
13,La Pera - Cuautla (Cuota),17161,MEX-160D,2025,Plaza de Cobro Tepoztlán,17_DV2026_Morelos.pdf,13,17_DV2026_Morelos,7.96,2.0,1.0,7365.0,3.0,89.5,3.6,1.6,0.6,1.0,0.2,0.4,0.1,92.5,3.6,3.9,0.085,0.5,18.986765,-99.112493,100.0,True,
13,La Pera - Cuautla (Cuota),17161,MEX-160D,2025,Plaza de Cobro Tepoztlán,17_DV2026_Morelos.pdf,13,17_DV2026_Morelos,7.96,2.0,2.0,7365.0,3.0,89.5,3.6,1.6,0.6,1.0,0.2,0.4,0.1,92.5,3.6,3.9,0.085,0.5,18.986765,-99.112493,100.0,True,
13,La Pera - Cuautla (Cuota),17161,MEX-160D,2025,Tepoztlán,17_DV2026_Morelos.pdf,13,17_DV2026_Morelos,7.96,3.0,1.0,8198.0,2.0,91.3,2.3,2.2,0.7,0.5,0.4,0.4,0.2,93.3,2.3,4.4,0.125,0.723,18.979456,-99.103643,100.0,True,
13,La Pera - Cuautla (Cuota),17161,MEX-160D,2025,Tepoztlán,17_DV2026_Morelos.pdf,14,17_DV2026_Morelos,7.96,3.0,2.0,8519.0,2.1,91.6,2.0,2.5,0.3,0.4,0.3,0.3,0.5,93.7,2.0,4.3,0.14,0.723,18.979548,-99.103632,100.0,True,
13,La Pera - Cuautla (Cuota),17161,MEX-160D,2025,T. Der. Amatlán,17_DV2026_Morelos.pdf,14,17_DV2026_Morelos,13.4,1.0,1.0,8038.0,2.3,88.1,2.5,2.7,1.0,1.3,0.8,0.7,0.6,90.4,2.5,7.1,0.114,0.509,18.970998,-99.077004,100.0,True,
13,La Pera - Cuautla (Cuota),17161,MEX-160D,2025,T. Der. Amatlán,17_DV2026_Morelos.pdf,14,17_DV2026_Morelos,13.4,1.0,2.0,9745.0,2.1,89.2,2.7,2.2,0.9,0.8,0.6,1.0,0.5,91.3,2.7,6.0,0.098,0.509,18.971509,-99.077387,100.0,True,
13,La Pera - Cuautla (Cuota),17161,MEX-160D,2025,T. Der. Amatlán,17_DV2026_Morelos.pdf,14,17_DV2026_Morelos,13.4,3.0,1.0,8085.0,2.1,88.1,2.6,2.5,1.1,2.1,0.9,0.4,0.2,90.2,2.6,7.2,0.13,0.642,18.96449,-99.067826,100.0,True,
13,La Pera - Cuautla (Cuota),17161,MEX-160D,2025,T. Der. Amatlán,17_DV2026_Morelos.pdf,14,17_DV2026_Morelos,13.4,3.0,2.0,8574.0,3.0,87.3,1.9,2.9,0.9,1.6,1.1,0.7,0.6,90.3,1.9,7.8,0.118,0.642,18.96459,-99.067819,100.0,True,
13,La Pera - Cuautla (Cuota),17161,MEX-160D,2025,Plaza de Cobro Oacalco,17_DV2026_Morelos.pdf,14,17_DV2026_Morelos,21.21,1.0,1.0,8776.0,2.3,88.3,2.1,3.0,1.3,1.5,0.4,0.8,0.3,90.6,2.1,7.3,0.102,0.702,18.932463,-99.027159,100.0,True,
13,La Pera - Cuautla (Cuota),17161,MEX-160D,2025,Plaza de Cobro Oacalco,17_DV2026_Morelos.pdf,14,17_DV2026_Morelos,21.21,1.0,2.0,8825.0,2.4,87.4,2.3,3.2,1.4,1.7,0.6,0.7,0.3,89.8,2.3,7.9,0.147,0.702,18.93253,-99.02708,100.0,True,
13,La Pera - Cuautla (Cuota),17161,MEX-160D,2025,Plaza de Cobro Oacalco,17_DV2026_Morelos.pdf,14,17_DV2026_Morelos,21.21,3.0,1.0,7958.0,2.4,87.9,2.2,2.9,1.3,1.7,0.5,0.8,0.3,90.3,2.2,7.5,0.102,0.584,18.926571,-99.020821,100.0,True,
13,La Pera - Cuautla (Cuota),17161,MEX-160D,2025,Plaza de Cobro Oacalco,17_DV2026_Morelos.pdf,14,17_DV2026_Morelos,21.21,3.0,2.0,8697.0,2.4,87.5,2.4,3.0,1.4,1.6,0.7,0.7,0.3,89.9,2.4,7.7,0.114,0.584,18.927272,-99.021445,100.0,True,
13,La Pera - Cuautla (Cuota),17161,MEX-160D,2025,X. C. Cocoyoc - Oaxtepec (Lateral),17_DV2026_Morelos.pdf,14,17_DV2026_Morelos,27.0,3.0,1.0,13767.0,9.5,79.7,1.4,6.7,0.8,0.9,0.6,0.2,0.2,89.2,1.4,9.4,0.083,0.508,18.898452,-98.979489,100.0,True,
13,La Pera - Cuautla (Cuota),17161,MEX-160D,2025,X. C. Cocoyoc - Oaxtepec (Central),17_DV2026_Morelos.pdf,14,17_DV2026_Morelos,27.0,3.0,1.0,6234.0,9.1,82.3,0.8,3.4,1.2,1.3,0.5,0.8,0.6,91.4,0.8,7.8,0.079,0.508,18.898505,-98.979383,100.0,True,
13,La Pera - Cuautla (Cuota),17161,MEX-160D,2025,X. C. Cocoyoc - Oaxtepec (Lateral),17_DV2026_Morelos.pdf,14,17_DV2026_Morelos,27.0,3.0,2.0,13568.0,9.1,80.1,1.6,6.8,0.8,0.7,0.4,0.3,0.2,89.2,1.6,9.2,0.075,0.508,18.898625,-98.979173,100.0,True,
13,La Pera - Cuautla (Cuota),17161,MEX-160D,2025,X. C. Cocoyoc - Oaxtepec (Central),17_DV2026_Morelos.pdf,14,17_DV2026_Morelos,27.0,3.0,2.0,6229.0,9.3,82.3,1.0,3.6,0.9,1.4,0.6,0.5,0.4,91.6,1.0,7.4,0.091,0.508,18.898631,-98.979373,100.0,True,
13,La Pera - Cuautla (Cuota),17161,MEX-160D,2025,T. C. Santa Bárbara - Izúcar de Matamoros (Lateral),17_DV2026_Morelos.pdf,14,17_DV2026_Morelos,34.16,1.0,1.0,7631.0,3.2,89.0,1.5,3.7,0.8,0.6,0.5,0.4,0.3,92.2,1.5,6.3,0.092,0.511,18.858769,-98.944275,100.0,True,
13,La Pera - Cuautla (Cuota),17161,MEX-160D,2025,T. C. Santa Bárbara - Izúcar de Matamoros (Central),17_DV2026_Morelos.pdf,14,17_DV2026_Morelos,34.16,1.0,1.0,24546.0,4.3,85.6,1.8,4.8,1.3,1.5,0.4,0.2,0.1,89.9,1.8,8.3,0.074,0.511,18.858892,-98.944208,100.0,True,
13,La Pera - Cuautla (Cuota),17161,MEX-160D,2025,T. C. Santa Bárbara - Izúcar de Matamoros (Central),17_DV2026_Morelos.pdf,14,17_DV2026_Morelos,34.16,1.0,2.0,22255.0,4.5,85.6,2.0,5.0,1.1,1.2,0.2,0.3,0.1,90.1,2.0,7.9,0.076,0.511,18.855153,-98.940572,100.0,True,
13,La Pera - Cuautla (Cuota),17161,MEX-160D,2025,T. C. Santa Bárbara - Izúcar de Matamoros (Lateral),17_DV2026_Morelos.pdf,14,17_DV2026_Morelos,34.16,1.0,2.0,7758.0,3.0,89.4,1.7,3.7,0.6,0.5,0.5,0.3,0.3,92.4,1.7,5.9,0.088,0.511,18.854518,-98.939764,100.0,True,
14,Libramiento Amecameca - Nepantla (Cuota),,MEX-115D,2025,T. C. Santa Bárbara - Izúcar de Matamoros (Norte),17_DV2026_Morelos.pdf,14,17_DV2026_Morelos,28.6,3.0,1.0,5464.0,4.8,76.8,3.9,4.2,2.2,5.4,1.1,1.1,0.5,81.6,3.9,14.5,0.077,0.509,19.104993,-98.789275,100.0,True,
14,Libramiento Amecameca - Nepantla (Cuota),,MEX-115D,2025,T. C. Santa Bárbara - Izúcar de Matamoros (Norte),17_DV2026_Morelos.pdf,14,17_DV2026_Morelos,28.6,3.0,2.0,5268.0,4.8,77.8,3.8,3.8,1.7,4.7,1.4,1.3,0.7,82.6,3.8,13.6,0.144,0.509,19.104941,-98.789174,100.0,True,
14,Libramiento Amecameca - Nepantla (Cuota),,MEX-115D,2025,Plaza de Cobro Tepetlixpa,17_DV2026_Morelos.pdf,14,17_DV2026_Morelos,38.6,2.0,1.0,5126.0,2.1,81.2,0.9,3.8,3.5,4.8,1.2,1.7,0.8,83.3,0.9,15.8,0.101,0.5,19.046112,-98.828394,100.0,True,
14,Libramiento Amecameca - Nepantla (Cuota),,MEX-115D,2025,Plaza de Cobro Tepetlixpa,17_DV2026_Morelos.pdf,14,17_DV2026_Morelos,38.6,2.0,2.0,5126.0,2.1,81.2,0.9,3.8,3.5,4.8,1.2,1.7,0.8,83.3,0.9,15.8,0.101,0.5,19.046112,-98.828394,100.0,True,
14,Libramiento Amecameca - Nepantla (Cuota),,MEX-115D,2025,Lim. Edos. Term. Méx. Ppia. Mor.,17_DV2026_Morelos.pdf,14,17_DV2026_Morelos,48.1,,,,,,,,,,,,,,,,,,,,,False,
14,Libramiento Amecameca - Nepantla (Cuota),,MEX-115D,2025,T. C. Santa Bárbara - Izúcar de Matamoros (Sur),17_DV2026_Morelos.pdf,14,17_DV2026_Morelos,51.8,1.0,1.0,4767.0,3.6,78.3,3.0,5.2,1.7,4.8,1.4,1.5,0.5,81.9,3.0,15.1,0.113,0.745,18.974682,-98.875937,100.0,True,
14,Libramiento Amecameca - Nepantla (Cuota),,MEX-115D,2025,T. C. Santa Bárbara - Izúcar de Matamoros (Sur),17_DV2026_Morelos.pdf,14,17_DV2026_Morelos,51.8,1.0,2.0,4917.0,3.4,78.8,2.7,5.5,1.8,4.5,1.3,1.6,0.4,82.2,2.7,15.1,0.15,0.745,18.97456,-98.875918,100.0,True,
15,México - Cuernavaca (Cuota),00041,MEX-095D,2025,México,17_DV2026_Morelos.pdf,14,17_DV2026_Morelos,0.0,,,,,,,,,,,,,,,,,,,,,False,
15,México - Cuernavaca (Cuota),00041,MEX-095D,2025,T. C. México - Cuernavaca (Libre),17_DV2026_Morelos.pdf,15,17_DV2026_Morelos,18.65,3.0,1.0,35973.0,4.1,85.0,2.2,4.9,0.9,1.7,0.4,0.6,0.2,89.1,2.2,8.7,0.067,0.55,19.264272,-99.165803,100.0,True,
15,México - Cuernavaca (Cuota),00041,MEX-095D,2025,T. C. México - Cuernavaca (Libre),17_DV2026_Morelos.pdf,15,17_DV2026_Morelos,18.65,3.0,2.0,33882.0,4.1,85.0,2.2,4.9,0.9,1.7,0.4,0.6,0.2,89.1,2.2,8.7,0.072,0.55,19.267648,-99.164434,100.0,True,
15,México - Cuernavaca (Cuota),00041,MEX-095D,2025,Plaza de Cobro Tlalpan,17_DV2026_Morelos.pdf,15,17_DV2026_Morelos,23.36,2.0,1.0,14818.0,2.8,82.5,3.5,3.9,2.3,3.1,0.6,0.9,0.4,85.3,3.5,11.2,0.145,0.5,19.242519,-99.148716,100.0,True,
15,México - Cuernavaca (Cuota),00041,MEX-095D,2025,Plaza de Cobro Tlalpan,17_DV2026_Morelos.pdf,15,17_DV2026_Morelos,23.36,2.0,2.0,14818.0,2.8,82.5,3.5,3.9,2.3,3.1,0.6,0.9,0.4,85.3,3.5,11.2,0.145,0.5,19.242519,-99.148716,100.0,True,
15,México - Cuernavaca (Cuota),00041,MEX-095D,2025,Lim. Edos. Term. CDMX Ppia. Mor.,17_DV2026_Morelos.pdf,15,17_DV2026_Morelos,47.09,,,,,,,,,,,,,,,,,,,,,False,
15,México - Cuernavaca (Cuota),00041,MEX-095D,2025,Tres Marías,17_DV2026_Morelos.pdf,15,17_DV2026_Morelos,53.0,1.0,1.0,23728.0,2.2,84.1,4.4,4.1,1.0,2.3,0.7,0.9,0.3,86.3,4.4,9.3,0.108,0.73,19.077388,-99.233551,100.0,True,
15,México - Cuernavaca (Cuota),00041,MEX-095D,2025,Tres Marías,17_DV2026_Morelos.pdf,15,17_DV2026_Morelos,53.0,1.0,2.0,21393.0,2.2,84.2,4.4,4.1,0.9,2.3,0.7,0.9,0.3,86.4,4.4,9.2,0.141,0.73,19.079128,-99.232769,100.0,True,
15,México - Cuernavaca (Cuota),00041,MEX-095D,2025,Tres Marías,17_DV2026_Morelos.pdf,15,17_DV2026_Morelos,53.0,3.0,1.0,20933.0,1.2,84.2,4.4,4.6,1.4,2.8,0.5,0.6,0.3,85.4,4.4,10.2,0.095,0.72,19.043397,-99.233567,100.0,True,
15,México - Cuernavaca (Cuota),00041,MEX-095D,2025,Tres Marías,17_DV2026_Morelos.pdf,15,17_DV2026_Morelos,53.0,3.0,2.0,23102.0,1.2,84.2,4.4,4.6,1.4,2.8,0.5,0.6,0.3,85.4,4.4,10.2,0.116,0.72,19.043723,-99.23371,100.0,True,
15,México - Cuernavaca (Cuota),00041,MEX-095D,2025,T. Izq. Cuautla,17_DV2026_Morelos.pdf,15,17_DV2026_Morelos,70.5,1.0,1.0,21184.0,2.1,85.9,4.1,3.6,1.0,2.0,0.7,0.4,0.2,88.0,4.1,7.9,0.12,0.648,19.018202,-99.145016,100.0,True,
15,México - Cuernavaca (Cuota),00041,MEX-095D,2025,T. Izq. Cuautla,17_DV2026_Morelos.pdf,15,17_DV2026_Morelos,70.5,1.0,2.0,23326.0,2.3,85.4,4.2,3.4,0.9,2.4,0.5,0.7,0.2,87.7,4.2,8.1,0.136,0.648,19.014475,-99.153851,100.0,True,
15,México - Cuernavaca (Cuota),00041,MEX-095D,2025,T. Der. A Glorieta La Paloma,17_DV2026_Morelos.pdf,15,17_DV2026_Morelos,79.26,1.0,1.0,19836.0,2.3,88.0,1.7,2.8,1.5,2.1,0.4,0.8,0.4,90.3,1.7,8.0,0.075,0.695,18.982301,-99.219506,100.0,True,
15,México - Cuernavaca (Cuota),00041,MEX-095D,2025,T. Der. A Glorieta La Paloma,17_DV2026_Morelos.pdf,15,17_DV2026_Morelos,79.26,1.0,2.0,22561.0,2.5,87.9,2.0,3.0,1.3,1.9,0.3,0.8,0.3,90.4,2.0,7.6,0.109,0.695,18.982186,-99.219494,100.0,True,
15,México - Cuernavaca (Cuota),00041,MEX-095D,2025,Libramiento de Cuernavaca,17_DV2026_Morelos.pdf,15,17_DV2026_Morelos,80.5,1.0,1.0,25703.0,3.2,85.8,2.2,4.2,1.2,2.0,0.3,0.9,0.2,89.0,2.2,8.8,0.082,0.547,18.967226,-99.236638,100.0,True,
15,México - Cuernavaca (Cuota),00041,MEX-095D,2025,Libramiento de Cuernavaca,17_DV2026_Morelos.pdf,15,17_DV2026_Morelos,80.5,1.0,2.0,27927.0,3.0,85.7,1.9,4.5,1.4,2.1,0.3,0.9,0.2,88.7,1.9,9.4,0.089,0.547,18.967374,-99.236603,100.0,True,
16,Puente de Ixtla - Iguala (Cuota),00043,MEX-091D,2025,T. C. Cuernavaca - Acapulco (Cuota),17_DV2026_Morelos.pdf,15,17_DV2026_Morelos,0.0,,,,,,,,,,,,,,,,,,,,,False,
16,Puente de Ixtla - Iguala (Cuota),00043,MEX-091D,2025,T. Izq. Puente de Ixtla,17_DV2026_Morelos.pdf,15,17_DV2026_Morelos,3.44,3.0,0.0,8998.0,4.9,80.5,3.4,5.2,2.2,2.0,0.9,0.7,0.2,85.4,3.4,11.2,0.077,0.514,18.628147,-99.327826,100.0,True,
16,Puente de Ixtla - Iguala (Cuota),00043,MEX-091D,2025,T. Der. Amacuzac,17_DV2026_Morelos.pdf,15,17_DV2026_Morelos,11.0,3.0,0.0,8293.0,3.1,80.9,4.8,3.5,2.7,2.0,1.4,1.0,0.6,84.0,4.8,11.2,0.081,0.551,18.59155,-99.376417,100.0,True,
16,Puente de Ixtla - Iguala (Cuota),00043,MEX-091D,2025,Lim. Edos. Term. Mor. Ppia. Gro.,17_DV2026_Morelos.pdf,15,17_DV2026_Morelos,18.2,,,,,,,,,,,,,,,,,,,,,False,
16,Puente de Ixtla - Iguala (Cuota),00043,MEX-091D,2025,T. Izq. Buenavista,17_DV2026_Morelos.pdf,15,17_DV2026_Morelos,35.68,3.0,0.0,4935.0,6.0,73.7,4.9,8.8,2.2,2.4,1.2,0.5,0.3,79.7,4.9,15.4,0.082,0.511,18.457648,-99.434537,100.0,True,
16,Puente de Ixtla - Iguala (Cuota),00043,MEX-091D,2025,Plaza de Cobro Iguala,17_DV2026_Morelos.pdf,15,17_DV2026_Morelos,59.14,2.0,0.0,4322.0,0.9,76.0,4.3,4.8,6.2,2.9,2.5,1.2,1.2,76.9,4.3,18.8,0.076,0.5,18.336191,-99.508296,100.0,True,
16,Puente de Ixtla - Iguala (Cuota),00043,MEX-091D,2025,T. Der. Iguala,17_DV2026_Morelos.pdf,15,17_DV2026_Morelos,61.67,1.0,0.0,4726.0,1.9,76.6,7.8,3.2,3.4,3.3,2.4,1.2,0.2,78.5,7.8,13.7,0.08,0.506,18.348163,-99.513528,100.0,True,
16,Puente de Ixtla - Iguala (Cuota),00043,MEX-091D,2025,T. C. Cuernavaca - Chilpancingo,17_DV2026_Morelos.pdf,15,17_DV2026_Morelos,64.67,,,,,,,,,,,,,,,,,,,,,False,
17,Alpuyeca - Jojutla,17021,MOR-021,2025,T. C. Cuernavaca - Chilpancingo,17_DV2026_Morelos.pdf,15,17_DV2026_Morelos,0.0,,,,,,,,,,,,,,,,,,,,,False,
17,Alpuyeca - Jojutla,17021,MOR-021,2025,X. C. Cuernavaca - Iguala (Cuota),17_DV2026_Morelos.pdf,15,17_DV2026_Morelos,2.2,1.0,0.0,15817.0,5.0,89.5,0.5,3.6,0.6,0.4,0.2,0.2,0.0,94.5,0.5,5.0,0.078,0.584,18.732454,-99.262498,100.0,True,
17,Alpuyeca - Jojutla,17021,MOR-021,2025,Xoxocotla,17_DV2026_Morelos.pdf,16,17_DV2026_Morelos,7.7,1.0,1.0,8672.0,7.4,86.1,1.1,3.6,0.7,0.7,0.2,0.1,0.1,93.5,1.1,5.4,0.075,0.522,18.70461,-99.251014,100.0,True,
17,Alpuyeca - Jojutla,17021,MOR-021,2025,Xoxocotla,17_DV2026_Morelos.pdf,16,17_DV2026_Morelos,7.7,1.0,2.0,9434.0,7.1,86.1,1.2,3.7,0.8,0.6,0.2,0.2,0.1,93.2,1.2,5.6,0.088,0.522,18.704646,-99.250967,100.0,True,
17,Alpuyeca - Jojutla,17021,MOR-021,2025,T. Izq. Zacatepec,17_DV2026_Morelos.pdf,16,17_DV2026_Morelos,11.94,1.0,1.0,8052.0,6.3,88.0,0.8,3.4,0.7,0.3,0.3,0.2,0.0,94.3,0.8,4.9,0.084,0.52,18.653679,-99.218982,100.0,True,
17,Alpuyeca - Jojutla,17021,MOR-021,2025,T. Izq. Zacatepec,17_DV2026_Morelos.pdf,16,17_DV2026_Morelos,11.94,1.0,2.0,7746.0,6.1,88.1,1.1,3.2,0.6,0.3,0.2,0.4,0.0,94.2,1.1,4.7,0.085,0.52,18.653713,-99.218886,100.0,True,
17,Alpuyeca - Jojutla,17021,MOR-021,2025,Jojutla,17_DV2026_Morelos.pdf,16,17_DV2026_Morelos,17.15,1.0,1.0,10206.0,7.3,87.1,0.6,4.1,0.4,0.3,0.2,0.0,0.0,94.4,0.6,5.0,0.082,0.502,18.628067,-99.206094,100.0,True,
17,Alpuyeca - Jojutla,17021,MOR-021,2025,Jojutla,17_DV2026_Morelos.pdf,16,17_DV2026_Morelos,17.15,1.0,2.0,9791.0,7.2,87.1,0.4,4.3,0.5,0.3,0.2,0.0,0.0,94.3,0.4,5.3,0.082,0.502,18.628118,-99.20601,100.0,True,
18,Amayuca - Izúcar de Matamoros,00030,MOR-031-PUE,2025,Amayuca,17_DV2026_Morelos.pdf,16,17_DV2026_Morelos,0.0,,,,,,,,,,,,,,,,,,,,,False,
18,Amayuca - Izúcar de Matamoros,00030,MOR-031-PUE,2025,X. C. Santa Bárbara - Izúcar de Matamoros,17_DV2026_Morelos.pdf,16,17_DV2026_Morelos,0.66,3.0,1.0,7938.0,15.2,77.7,0.7,3.8,1.5,0.5,0.2,0.3,0.1,92.9,0.7,6.4,0.078,0.513,18.714162,-98.796697,100.0,True,
18,Amayuca - Izúcar de Matamoros,00030,MOR-031-PUE,2025,X. C. Santa Bárbara - Izúcar de Matamoros,17_DV2026_Morelos.pdf,16,17_DV2026_Morelos,0.66,3.0,2.0,8591.0,15.1,77.4,0.6,4.0,1.7,0.5,0.3,0.2,0.2,92.5,0.6,6.9,0.068,0.513,18.714125,-98.796615,100.0,True,
18,Amayuca - Izúcar de Matamoros,00030,MOR-031-PUE,2025,Jonacatepec,17_DV2026_Morelos.pdf,16,17_DV2026_Morelos,3.84,3.0,1.0,4120.0,12.8,80.3,0.4,4.2,1.2,0.5,0.2,0.3,0.1,93.1,0.4,6.5,0.069,0.506,18.671867,-98.805446,100.0,True,
18,Amayuca - Izúcar de Matamoros,00030,MOR-031-PUE,2025,Jonacatepec,17_DV2026_Morelos.pdf,16,17_DV2026_Morelos,3.84,3.0,2.0,4192.0,12.1,81.8,0.4,3.8,1.1,0.4,0.2,0.2,0.0,93.9,0.4,5.7,0.078,0.506,18.671837,-98.805381,100.0,True,
18,Amayuca - Izúcar de Matamoros,00030,MOR-031-PUE,2025,T. Der. Tepalcingo,17_DV2026_Morelos.pdf,16,17_DV2026_Morelos,14.5,3.0,1.0,2568.0,10.1,81.8,1.0,3.9,1.7,0.5,0.4,0.5,0.1,91.9,1.0,7.1,0.075,0.569,18.589107,-98.833369,100.0,True,
18,Amayuca - Izúcar de Matamoros,00030,MOR-031-PUE,2025,T. Der. Tepalcingo,17_DV2026_Morelos.pdf,16,17_DV2026_Morelos,14.5,3.0,2.0,2363.0,10.2,81.8,0.8,3.9,1.7,0.5,0.4,0.6,0.1,92.0,0.8,7.2,0.074,0.569,18.589495,-98.833509,100.0,True,
18,Amayuca - Izúcar de Matamoros,00030,MOR-031-PUE,2025,Axochiapan,17_DV2026_Morelos.pdf,16,17_DV2026_Morelos,29.5,1.0,0.0,7179.0,14.1,79.2,0.7,2.7,1.6,0.6,0.4,0.6,0.1,93.3,0.7,6.0,0.075,0.586,18.511581,-98.776296,100.0,True,
18,Amayuca - Izúcar de Matamoros,00030,MOR-031-PUE,2025,Axochiapan,17_DV2026_Morelos.pdf,16,17_DV2026_Morelos,29.5,3.0,1.0,3487.0,29.5,66.4,0.7,1.8,1.0,0.3,0.1,0.1,0.1,95.9,0.7,3.4,0.088,0.578,18.494144,-98.748378,100.0,True,
18,Amayuca - Izúcar de Matamoros,00030,MOR-031-PUE,2025,Axochiapan,17_DV2026_Morelos.pdf,16,17_DV2026_Morelos,29.5,3.0,2.0,3114.0,28.1,67.9,0.5,1.9,0.9,0.3,0.2,0.1,0.1,96.0,0.5,3.5,0.083,0.578,18.494186,-98.74832,100.0,True,
18,Amayuca - Izúcar de Matamoros,00030,MOR-031-PUE,2025,Lim. Edos. Term. Mor. Ppia. Pue.,17_DV2026_Morelos.pdf,16,17_DV2026_Morelos,36.85,,,,,,,,,,,,,,,,,,,,,False,
18,Amayuca - Izúcar de Matamoros,00030,MOR-031-PUE,2025,Barranca Del Muerto,17_DV2026_Morelos.pdf,16,17_DV2026_Morelos,38.4,3.0,0.0,2891.0,17.4,69.0,1.1,4.3,4.9,1.2,0.9,1.1,0.1,86.4,1.1,12.5,0.07,0.602,18.476324,-98.691458,100.0,True,
18,Amayuca - Izúcar de Matamoros,00030,MOR-031-PUE,2025,T. Der. Chietla,17_DV2026_Morelos.pdf,16,17_DV2026_Morelos,53.0,1.0,0.0,6277.0,19.7,75.7,0.4,2.7,1.1,0.2,0.1,0.1,0.0,95.4,0.4,4.2,0.073,0.533,18.526734,-98.585692,100.0,True,
18,Amayuca - Izúcar de Matamoros,00030,MOR-031-PUE,2025,X. C. Santa Bárbara - Izúcar de Matamoros,17_DV2026_Morelos.pdf,16,17_DV2026_Morelos,67.5,1.0,0.0,8363.0,18.3,73.5,0.4,3.2,2.2,0.8,0.6,0.8,0.2,91.8,0.4,7.8,0.079,0.615,18.59357,-98.495675,100.0,True,
18,Amayuca - Izúcar de Matamoros,00030,MOR-031-PUE,2025,X. C. Santa Bárbara - Izúcar de Matamoros,17_DV2026_Morelos.pdf,16,17_DV2026_Morelos,67.5,3.0,1.0,10892.0,23.7,71.0,0.7,1.4,1.1,0.7,0.2,0.9,0.3,94.7,0.7,4.6,0.074,0.516,18.600942,-98.474937,100.0,True,
18,Amayuca - Izúcar de Matamoros,00030,MOR-031-PUE,2025,X. C. Santa Bárbara - Izúcar de Matamoros,17_DV2026_Morelos.pdf,16,17_DV2026_Morelos,67.5,3.0,2.0,11627.0,23.5,71.0,0.7,1.4,1.2,0.9,0.2,0.9,0.2,94.5,0.7,4.8,0.066,0.516,18.601008,-98.474937,100.0,True,
18,Amayuca - Izúcar de Matamoros,00030,MOR-031-PUE,2025,Izúcar de Matamoros,17_DV2026_Morelos.pdf,16,17_DV2026_Morelos,69.0,,,,,,,,,,,,,,,,,,,,,False,
19,Amayuca - Tlacotepec,17020,MOR-017,2025,Amayuca,17_DV2026_Morelos.pdf,16,17_DV2026_Morelos,0.0,3.0,0.0,8872.0,9.9,87.1,0.6,0.9,0.5,0.3,0.3,0.2,0.2,97.0,0.6,2.4,0.083,0.56,18.72976,-98.789512,100.0,True,
19,Amayuca - Tlacotepec,17020,MOR-017,2025,Temoac,17_DV2026_Morelos.pdf,16,17_DV2026_Morelos,5.5,3.0,0.0,9016.0,9.2,86.5,0.5,1.1,1.0,0.6,0.4,0.5,0.2,95.7,0.5,3.8,0.07,0.609,18.777667,-98.775108,100.0,True,
19,Amayuca - Tlacotepec,17020,MOR-017,2025,Zacualpan de Amilpas,17_DV2026_Morelos.pdf,17,17_DV2026_Morelos,7.5,1.0,0.0,6194.0,8.0,88.1,0.6,1.1,1.0,0.6,0.3,0.2,0.1,96.1,0.6,3.3,0.087,0.523,18.786848,-98.770327,100.0,True,
19,Amayuca - Tlacotepec,17020,MOR-017,2025,Tlacotepec,17_DV2026_Morelos.pdf,17,17_DV2026_Morelos,12.0,1.0,0.0,4813.0,10.8,85.0,2.3,1.0,0.5,0.2,0.1,0.1,0.0,95.8,2.3,1.9,0.069,0.598,18.806825,-98.759894,100.0,True,
20,Atlatlahucan - Tlayacapan,17301,MOR-002,2025,T. C. Santa Bárbara - Izúcar de Matamoros,17_DV2026_Morelos.pdf,17,17_DV2026_Morelos,0.0,,,,,,,,,,,,,,,,,,,,,False,
20,Atlatlahucan - Tlayacapan,17301,MOR-002,2025,Atlatlahucan,17_DV2026_Morelos.pdf,17,17_DV2026_Morelos,1.5,1.0,1.0,5758.0,11.9,79.1,0.7,5.0,1.9,0.5,0.4,0.4,0.1,91.0,0.7,8.3,0.076,0.535,18.93013,-98.889178,100.0,True,
20,Atlatlahucan - Tlayacapan,17301,MOR-002,2025,Atlatlahucan,17_DV2026_Morelos.pdf,17,17_DV2026_Morelos,1.5,1.0,2.0,5844.0,12.0,78.8,0.8,4.7,2.0,0.6,0.4,0.6,0.1,90.8,0.8,8.4,0.077,0.535,18.930096,-98.889248,100.0,True,
20,Atlatlahucan - Tlayacapan,17301,MOR-002,2025,Totolapan,17_DV2026_Morelos.pdf,17,17_DV2026_Morelos,7.0,1.0,0.0,4970.0,7.3,83.5,1.1,2.5,1.6,1.4,2.2,0.3,0.1,90.8,1.1,8.1,0.079,0.509,18.977553,-98.914557,100.0,True,
20,Atlatlahucan - Tlayacapan,17301,MOR-002,2025,Tlayacapan,17_DV2026_Morelos.pdf,17,17_DV2026_Morelos,15.5,1.0,0.0,5196.0,15.7,80.5,0.3,1.4,1.1,0.3,0.4,0.2,0.1,96.2,0.3,3.5,0.078,0.501,18.961163,-98.974451,100.0,True,
21,Coatetelco - Miacatlán,,MOR,2025,Coatetelco,17_DV2026_Morelos.pdf,17,17_DV2026_Morelos,0.0,3.0,0.0,4075.0,10.4,84.5,0.3,3.4,0.7,0.5,0.1,0.1,0.0,94.9,0.3,4.8,0.1,0.504,18.737268,-99.326555,100.0,True,
21,Coatetelco - Miacatlán,,MOR,2025,Miacatlán,17_DV2026_Morelos.pdf,17,17_DV2026_Morelos,6.0,,,,,,,,,,,,,,,,,,,,,False,
22,Cocoyoc - Oaxtepec,17001,MOR,2025,Cocoyoc,17_DV2026_Morelos.pdf,17,17_DV2026_Morelos,0.0,3.0,1.0,11021.0,11.0,84.6,0.6,1.4,0.9,0.7,0.3,0.3,0.2,95.6,0.6,3.8,0.081,0.574,18.887274,-98.985287,100.0,True,
22,Cocoyoc - Oaxtepec,17001,MOR,2025,Cocoyoc,17_DV2026_Morelos.pdf,17,17_DV2026_Morelos,0.0,3.0,2.0,11054.0,10.8,84.0,0.7,1.7,0.7,1.0,0.5,0.3,0.3,94.8,0.7,4.5,0.073,0.574,18.888603,-98.989319,100.0,True,
22,Cocoyoc - Oaxtepec,17001,MOR,2025,X. C. La Pera - Cuautla (Cuota),17_DV2026_Morelos.pdf,17,17_DV2026_Morelos,2.5,1.0,1.0,10856.0,9.4,84.3,1.0,3.4,0.5,0.7,0.3,0.2,0.2,93.7,1.0,5.3,0.085,0.517,18.894458,-98.984094,100.0,True,
22,Cocoyoc - Oaxtepec,17001,MOR,2025,X. C. La Pera - Cuautla (Cuota),17_DV2026_Morelos.pdf,17,17_DV2026_Morelos,2.5,1.0,2.0,10112.0,9.3,83.9,0.8,3.6,1.0,0.6,0.4,0.3,0.1,93.2,0.8,6.0,0.088,0.517,18.898235,-98.985251,100.0,True,
22,Cocoyoc - Oaxtepec,17001,MOR,2025,Oaxtepec,17_DV2026_Morelos.pdf,17,17_DV2026_Morelos,3.92,1.0,0.0,22765.0,8.7,86.8,0.6,1.2,0.9,0.6,0.5,0.4,0.3,95.5,0.6,3.9,0.073,0.528,18.902959,-98.97655,100.0,True,
23,Ent. C. (Cuernavaca - Acapulco Cuota) - Tepetzingo,00421,MOR,2025,T. C. (Cuernavaca - Acapulco Cuota),17_DV2026_Morelos.pdf,17,17_DV2026_Morelos,0.0,3.0,0.0,4634.0,12.8,70.0,2.2,8.0,1.0,3.2,0.9,1.0,0.9,82.8,2.2,15.0,0.09,0.582,18.813697,-99.217946,100.0,True,
23,Ent. C. (Cuernavaca - Acapulco Cuota) - Tepetzingo,00421,MOR,2025,Tepetzingo,17_DV2026_Morelos.pdf,18,17_DV2026_Morelos,5.5,1.0,0.0,4177.0,14.7,78.4,1.3,3.7,0.6,1.0,0.2,0.1,0.0,93.1,1.3,5.6,0.086,0.511,18.790325,-99.180068,100.0,True,
24,Ent. C. (Cuernavaca - Cuautlixco) - Oacalco,00421,MOR,2025,T. C. (Cuernavaca - Cuautlixco),17_DV2026_Morelos.pdf,18,17_DV2026_Morelos,0.0,3.0,0.0,1307.0,26.7,63.4,0.7,4.7,3.2,0.6,0.4,0.2,0.1,90.1,0.7,9.2,0.11,0.528,18.875936,-99.051562,100.0,True,
24,Ent. C. (Cuernavaca - Cuautlixco) - Oacalco,00421,MOR,2025,Oacalco,17_DV2026_Morelos.pdf,18,17_DV2026_Morelos,10.0,1.0,0.0,3848.0,21.4,70.9,1.7,3.6,2.0,0.2,0.1,0.1,0.0,92.3,1.7,6.0,0.08,0.503,18.91582,-99.030909,100.0,True,
25,Ent. Chiverías - Ent. El Abanico,17302,MOR,2025,T. C. Alpuyeca - Jojutla,17_DV2026_Morelos.pdf,18,17_DV2026_Morelos,0.0,3.0,0.0,2991.0,16.0,80.5,1.1,1.1,0.5,0.4,0.2,0.2,0.0,96.5,1.1,2.4,0.082,0.504,18.659329,-99.224876,100.0,True,
25,Ent. Chiverías - Ent. El Abanico,17302,MOR,2025,X. C. Xoxocotla - Tilzapotla,17_DV2026_Morelos.pdf,18,17_DV2026_Morelos,5.56,3.0,0.0,4656.0,4.4,90.0,1.0,2.5,0.9,0.5,0.2,0.4,0.1,94.4,1.0,4.6,0.095,0.561,18.64458,-99.271474,100.0,True,
25,Ent. Chiverías - Ent. El Abanico,17302,MOR,2025,T. C. Cuernavaca - Acapulco (Cuota),17_DV2026_Morelos.pdf,18,17_DV2026_Morelos,14.5,1.0,0.0,3564.0,14.6,82.6,0.7,1.3,0.5,0.1,0.0,0.2,0.0,97.2,0.7,2.1,0.08,0.632,18.648207,-99.296711,100.0,True,
26,Galeana - Cuautla,17004,MOR-004,2025,Galeana,17_DV2026_Morelos.pdf,18,17_DV2026_Morelos,0.0,3.0,1.0,10181.0,6.1,83.9,1.7,7.0,0.3,0.4,0.4,0.1,0.1,90.0,1.7,8.3,0.078,0.52,18.64882,-99.201651,100.0,True,
26,Galeana - Cuautla,17004,MOR-004,2025,Galeana,17_DV2026_Morelos.pdf,18,17_DV2026_Morelos,0.0,3.0,2.0,9718.0,6.3,84.1,1.3,7.2,0.4,0.3,0.1,0.2,0.1,90.4,1.3,8.3,0.081,0.52,18.648874,-99.20172,100.0,True,
26,Galeana - Cuautla,17004,MOR-004,2025,Zacatepec,17_DV2026_Morelos.pdf,18,17_DV2026_Morelos,4.0,3.0,0.0,5530.0,11.5,80.1,0.7,5.1,1.4,0.8,0.2,0.2,0.0,91.6,0.7,7.7,0.079,0.51,18.658742,-99.18222,100.0,True,
26,Galeana - Cuautla,17004,MOR-004,2025,Tlaltizapán,17_DV2026_Morelos.pdf,18,17_DV2026_Morelos,13.1,3.0,0.0,3571.0,9.5,77.1,0.8,7.3,2.1,1.5,1.4,0.1,0.2,86.6,0.8,12.6,0.083,0.55,18.698262,-99.112787,100.0,True,
26,Galeana - Cuautla,17004,MOR-004,2025,T. Der. Chinameca,17_DV2026_Morelos.pdf,18,17_DV2026_Morelos,16.06,3.0,0.0,1392.0,16.3,76.8,1.2,2.8,1.7,0.8,0.3,0.1,0.0,93.1,1.2,5.7,0.089,0.508,18.707493,-99.10694,100.0,True,
26,Galeana - Cuautla,17004,MOR-004,2025,Moyotepec,17_DV2026_Morelos.pdf,18,17_DV2026_Morelos,34.0,1.0,0.0,1537.0,14.8,76.2,1.2,2.2,4.6,0.5,0.4,0.1,0.0,91.0,1.2,7.8,0.08,0.553,18.730209,-99.003595,100.0,True,
26,Galeana - Cuautla,17004,MOR-004,2025,Villa de Ayala,17_DV2026_Morelos.pdf,18,17_DV2026_Morelos,38.62,1.0,0.0,10637.0,13.8,80.6,0.7,3.2,0.7,0.3,0.2,0.4,0.1,94.4,0.7,4.9,0.079,0.529,18.758877,-98.984466,100.0,True,
26,Galeana - Cuautla,17004,MOR-004,2025,T. Izq. Anenecuilco,17_DV2026_Morelos.pdf,18,17_DV2026_Morelos,40.5,1.0,1.0,7327.0,14.2,78.4,0.9,2.0,1.6,1.1,0.3,1.0,0.5,92.6,0.9,6.5,0.07,0.511,18.782527,-98.979997,100.0,True,
26,Galeana - Cuautla,17004,MOR-004,2025,T. Izq. Anenecuilco,17_DV2026_Morelos.pdf,18,17_DV2026_Morelos,40.5,1.0,2.0,7489.0,14.0,79.6,0.8,1.7,1.3,0.9,0.4,0.7,0.6,93.6,0.8,5.6,0.07,0.511,18.782462,-98.980041,100.0,True,
26,Galeana - Cuautla,17004,MOR-004,2025,Cuautla,17_DV2026_Morelos.pdf,18,17_DV2026_Morelos,46.0,1.0,1.0,8358.0,13.2,81.5,0.4,1.4,1.8,0.8,0.4,0.3,0.2,94.7,0.4,4.9,0.082,0.642,18.801902,-98.965264,100.0,True,
26,Galeana - Cuautla,17004,MOR-004,2025,Cuautla,17_DV2026_Morelos.pdf,18,17_DV2026_Morelos,46.0,1.0,2.0,8371.0,12.9,82.2,0.5,1.2,1.4,1.0,0.3,0.3,0.2,95.1,0.5,4.4,0.102,0.642,18.801951,-98.965332,100.0,True,
27,Jojutla - Chinameca,17310,MOR,2025,Jojutla,17_DV2026_Morelos.pdf,19,17_DV2026_Morelos,0.0,3.0,0.0,2830.0,13.2,77.0,1.2,4.4,2.9,1.0,0.1,0.2,0.0,90.2,1.2,8.6,0.1,0.527,18.610671,-99.16462,100.0,True,
27,Jojutla - Chinameca,17310,MOR,2025,T. C. Temilpa - Tepalcingo,17_DV2026_Morelos.pdf,19,17_DV2026_Morelos,32.0,1.0,0.0,1357.0,9.0,85.8,0.3,4.0,0.6,0.2,0.1,0.0,0.0,94.8,0.3,4.9,0.116,0.58,18.622769,-99.008169,100.0,True,
27,Jojutla - Chinameca,17310,MOR,2025,Chinameca,17_DV2026_Morelos.pdf,19,17_DV2026_Morelos,34.0,,,,,,,,,,,,,,,,,,,,,False,
28,Jojutla - El Higuerón,17039,MOR-039,2025,Jojutla,17_DV2026_Morelos.pdf,19,17_DV2026_Morelos,0.0,3.0,0.0,8414.0,12.9,84.1,0.4,1.5,0.5,0.4,0.1,0.1,0.0,97.0,0.4,2.6,0.073,0.623,18.607135,-99.17439,100.0,True,
28,Jojutla - El Higuerón,17039,MOR-039,2025,El Higuerón,17_DV2026_Morelos.pdf,19,17_DV2026_Morelos,4.5,1.0,0.0,6241.0,13.8,83.2,0.4,1.3,0.7,0.4,0.1,0.1,0.0,97.0,0.4,2.6,0.078,0.565,18.584531,-99.177579,100.0,True,
29,Los Alacranes - Ocuituco,,MOR,2025,Los Alacranes,17_DV2026_Morelos.pdf,19,17_DV2026_Morelos,0.0,3.0,0.0,2520.0,7.5,87.6,0.4,3.7,0.4,0.3,0.1,0.0,0.0,95.1,0.4,4.5,0.09,0.544,18.746643,-98.83937,100.0,True,
29,Los Alacranes - Ocuituco,,MOR,2025,Ocuituco,17_DV2026_Morelos.pdf,19,17_DV2026_Morelos,19.0,1.0,0.0,1342.0,3.7,93.0,0.3,1.6,0.7,0.3,0.2,0.2,0.0,96.7,0.3,3.0,0.113,0.523,18.863264,-98.784131,100.0,True,
30,Mazatepec - T. C. Ramal a Michapa,,MOR,2025,Mazatepec,17_DV2026_Morelos.pdf,19,17_DV2026_Morelos,0.0,3.0,0.0,853.0,13.8,83.0,0.2,2.5,0.3,0.1,0.1,0.0,0.0,96.8,0.2,3.0,0.104,0.517,18.720051,-99.370388,100.0,True,
30,Mazatepec - T. C. Ramal a Michapa,,MOR,2025,T. C. Ramal a Michapa,17_DV2026_Morelos.pdf,19,17_DV2026_Morelos,12.0,1.0,0.0,1367.0,11.5,85.8,0.2,1.9,0.4,0.1,0.1,0.0,0.0,97.3,0.2,2.5,0.08,0.55,18.634907,-99.378405,100.0,True,
31,Moyotepec - San Rafael,17306,MOR,2025,T. C. Galeana - Cuautla,17_DV2026_Morelos.pdf,19,17_DV2026_Morelos,0.0,3.0,0.0,3045.0,9.3,85.7,0.3,2.7,0.6,1.1,0.2,0.1,0.0,95.0,0.3,4.7,0.079,0.517,18.715597,-98.990357,100.0,True,
31,Moyotepec - San Rafael,17306,MOR,2025,T. C. Temilpa - Tepalcingo,17_DV2026_Morelos.pdf,19,17_DV2026_Morelos,7.5,1.0,0.0,2358.0,23.0,72.9,0.3,1.7,1.3,0.5,0.2,0.1,0.0,95.9,0.3,3.8,0.08,0.548,18.646248,-99.004385,100.0,True,
32,Paso por Yautepec,17025,MOR,2025,T. C. Cuernavaca - Cuautlixco (Poniente),17_DV2026_Morelos.pdf,20,17_DV2026_Morelos,0.0,3.0,1.0,9244.0,22.3,71.7,0.7,2.7,1.1,0.6,0.3,0.4,0.2,94.0,0.7,5.3,0.077,0.519,18.873688,-99.076302,100.0,True,
32,Paso por Yautepec,17025,MOR,2025,T. C. Cuernavaca - Cuautlixco (Poniente),17_DV2026_Morelos.pdf,20,17_DV2026_Morelos,0.0,3.0,2.0,8594.0,22.2,70.8,0.7,3.0,1.3,0.8,0.4,0.5,0.3,93.0,0.7,6.3,0.079,0.519,18.873771,-99.076397,100.0,True,
32,Paso por Yautepec,17025,MOR,2025,T. C. Cuernavaca - Cuautlixco (Oriente),17_DV2026_Morelos.pdf,20,17_DV2026_Morelos,5.5,1.0,1.0,6152.0,7.3,86.4,0.7,2.7,0.6,1.2,0.3,0.3,0.5,93.7,0.7,5.6,0.083,0.521,18.896811,-99.040957,100.0,True,
32,Paso por Yautepec,17025,MOR,2025,T. C. Cuernavaca - Cuautlixco (Oriente),17_DV2026_Morelos.pdf,20,17_DV2026_Morelos,5.5,1.0,2.0,6113.0,7.5,86.1,0.6,2.5,0.7,1.1,0.6,0.5,0.4,93.6,0.6,5.8,0.087,0.521,18.896853,-99.040981,100.0,True,
33,Pilares - T. C. (Xoxocotla - Tilzapotla),17008,MOR-008,2025,Pilares,17_DV2026_Morelos.pdf,20,17_DV2026_Morelos,0.0,3.0,1.0,6378.0,16.3,80.4,0.8,1.1,0.6,0.5,0.2,0.1,0.0,96.7,0.8,2.5,0.082,0.53,18.629635,-99.218402,100.0,True,
33,Pilares - T. C. (Xoxocotla - Tilzapotla),17008,MOR-008,2025,Pilares,17_DV2026_Morelos.pdf,20,17_DV2026_Morelos,0.0,3.0,2.0,6124.0,16.1,80.9,0.6,1.2,0.6,0.3,0.2,0.1,0.0,97.0,0.6,2.4,0.075,0.53,18.629583,-99.218359,100.0,True,
33,Pilares - T. C. (Xoxocotla - Tilzapotla),17008,MOR-008,2025,T. C. Xoxocotla - Tilzapotla,17_DV2026_Morelos.pdf,20,17_DV2026_Morelos,6.5,1.0,0.0,3209.0,7.4,86.5,0.2,4.3,0.6,0.4,0.3,0.2,0.1,93.9,0.2,5.9,0.079,0.506,18.614465,-99.256897,100.0,True,
34,Ramal a Aeropuerto de Cuernavaca,17250,MOR,2025,T. C. Cuernavaca - Chilpancingo,17_DV2026_Morelos.pdf,20,17_DV2026_Morelos,0.0,3.0,0.0,7833.0,14.5,80.7,0.4,2.3,0.6,1.0,0.3,0.2,0.0,95.2,0.4,4.4,0.102,0.595,18.804211,-99.226132,100.0,True,
34,Ramal a Aeropuerto de Cuernavaca,17250,MOR,2025,Aeropuerto de Cuernavaca,17_DV2026_Morelos.pdf,20,17_DV2026_Morelos,5.64,,,,,,,,,,,,,,,,,,,,,False,
35,Ramal a Coatetelco,17304,MOR,2025,T. C. Cuernavaca - Chilpancingo,17_DV2026_Morelos.pdf,20,17_DV2026_Morelos,0.0,3.0,0.0,3889.0,9.7,86.7,0.2,2.4,0.8,0.2,0.0,0.0,0.0,96.4,0.2,3.4,0.094,0.538,18.71595,-99.276834,100.0,True,
35,Ramal a Coatetelco,17304,MOR,2025,Coatetelco,17_DV2026_Morelos.pdf,20,17_DV2026_Morelos,7.0,,,,,,,,,,,,,,,,,,,,,False,
36,Ramal a Jolalpan,00143,MOR-PUE,2025,Axochiapan,17_DV2026_Morelos.pdf,20,17_DV2026_Morelos,0.0,3.0,0.0,2329.0,10.5,80.8,0.6,5.9,1.4,0.2,0.3,0.2,0.1,91.3,0.6,8.1,0.085,0.573,18.482104,-98.748266,100.0,True,
36,Ramal a Jolalpan,00143,MOR-PUE,2025,Lim. Edos. Term. Mor. Ppia. Pue.,17_DV2026_Morelos.pdf,20,17_DV2026_Morelos,4.0,,,,,,,,,,,,,,,,,,,,,False,
36,Ramal a Jolalpan,00143,MOR-PUE,2025,Jolalpan,17_DV2026_Morelos.pdf,20,17_DV2026_Morelos,24.0,,,,,,,,,,,,,,,,,,,,,False,
37,Ramal a Tetela del Volcán,17010,MOR-010,2025,T. C. Santa Bárbara - Izúcar de Matamoros,17_DV2026_Morelos.pdf,21,17_DV2026_Morelos,0.0,3.0,1.0,7172.0,10.0,85.8,0.5,1.5,0.9,0.5,0.3,0.2,0.3,95.8,0.5,3.7,0.083,0.575,18.896236,-98.905928,100.0,True,
37,Ramal a Tetela del Volcán,17010,MOR-010,2025,T. C. Santa Bárbara - Izúcar de Matamoros,17_DV2026_Morelos.pdf,21,17_DV2026_Morelos,0.0,3.0,2.0,7589.0,10.2,85.1,0.6,1.2,1.2,0.7,0.3,0.3,0.4,95.3,0.6,4.1,0.086,0.575,18.896303,-98.905896,100.0,True,
37,Ramal a Tetela del Volcán,17010,MOR-010,2025,Yecapixtla,17_DV2026_Morelos.pdf,21,17_DV2026_Morelos,5.5,3.0,0.0,6495.0,14.7,80.0,0.4,2.3,0.7,0.6,0.2,0.5,0.6,94.7,0.4,4.9,0.081,0.522,18.869481,-98.844152,100.0,True,
37,Ramal a Tetela del Volcán,17010,MOR-010,2025,Ocuituco,17_DV2026_Morelos.pdf,21,17_DV2026_Morelos,15.0,1.0,0.0,4831.0,13.4,83.4,0.3,1.3,0.9,0.3,0.2,0.1,0.1,96.8,0.3,2.9,0.077,0.527,18.87918,-98.778758,100.0,True,
37,Ramal a Tetela del Volcán,17010,MOR-010,2025,Tetela del Volcán,17_DV2026_Morelos.pdf,21,17_DV2026_Morelos,22.0,1.0,0.0,6457.0,17.0,79.2,0.3,1.5,1.2,0.1,0.1,0.3,0.3,96.2,0.3,3.5,0.069,0.521,18.88041,-98.742456,100.0,True,
38,T. C. (Coatetelco - Miacatlán) - Mazatepec,,MOR,2025,T. C. Coatetelco - Miacatlán,17_DV2026_Morelos.pdf,21,17_DV2026_Morelos,0.0,,,,,,,,,,,,,,,,,,,,,False,
38,T. C. (Coatetelco - Miacatlán) - Mazatepec,,MOR,2025,Mazatepec,17_DV2026_Morelos.pdf,21,17_DV2026_Morelos,4.14,1.0,0.0,4200.0,13.5,81.2,0.2,3.2,0.8,0.3,0.2,0.5,0.1,94.7,0.2,5.1,0.085,0.552,18.725788,-99.355989,100.0,True,
39,T. C. (México - Cuernavaca (Libre)) - Huitzilac,00451,MOR,2025,T. C. México - Cuernavaca (Libre),17_DV2026_Morelos.pdf,21,17_DV2026_Morelos,0.0,3.0,0.0,6939.0,7.6,88.0,0.7,2.1,0.8,0.3,0.0,0.4,0.1,95.6,0.7,3.7,0.088,0.633,19.00304,-99.2589,100.0,True,
39,T. C. (México - Cuernavaca (Libre)) - Huitzilac,00451,MOR,2025,Huitzilac,17_DV2026_Morelos.pdf,21,17_DV2026_Morelos,4.0,1.0,0.0,5067.0,6.2,89.6,0.9,2.2,0.5,0.2,0.1,0.3,0.0,95.8,0.9,3.3,0.093,0.544,19.021981,-99.266501,100.0,True,
40,T. C. (San Gregorio - Oaxtepec) - Jojutla,17002,MOR-002,2025,T. C. San Gregorio - Oaxtepec,17_DV2026_Morelos.pdf,21,17_DV2026_Morelos,0.0,3.0,0.0,5972.0,16.3,75.2,1.1,3.9,0.9,1.1,0.8,0.5,0.2,91.5,1.1,7.4,0.105,0.503,18.92172,-98.973615,100.0,True,
40,T. C. (San Gregorio - Oaxtepec) - Jojutla,17002,MOR-002,2025,X. C. La Pera - Cuautla (Cuota),17_DV2026_Morelos.pdf,21,17_DV2026_Morelos,7.5,3.0,0.0,10768.0,27.1,68.5,0.7,1.1,0.9,0.8,0.4,0.4,0.1,95.6,0.7,3.7,0.085,0.501,18.927855,-99.02638,100.0,True,
40,T. C. (San Gregorio - Oaxtepec) - Jojutla,17002,MOR-002,2025,Yautepec,17_DV2026_Morelos.pdf,21,17_DV2026_Morelos,14.0,1.0,1.0,4570.0,29.6,64.4,0.7,2.3,1.1,0.7,0.6,0.6,0.0,94.0,0.7,5.3,0.083,0.508,18.908103,-99.048926,100.0,True,
40,T. C. (San Gregorio - Oaxtepec) - Jojutla,17002,MOR-002,2025,Yautepec,17_DV2026_Morelos.pdf,21,17_DV2026_Morelos,14.0,1.0,2.0,4644.0,29.7,64.0,1.0,2.3,0.9,0.8,0.7,0.6,0.0,93.7,1.0,5.3,0.084,0.508,18.908061,-99.048844,100.0,True,
40,T. C. (San Gregorio - Oaxtepec) - Jojutla,17002,MOR-002,2025,Yautepec,17_DV2026_Morelos.pdf,21,17_DV2026_Morelos,14.0,3.0,0.0,10087.0,7.7,85.9,0.6,2.8,0.8,0.8,0.3,0.9,0.2,93.6,0.6,5.8,0.088,0.548,18.867969,-99.069744,100.0,True,
40,T. C. (San Gregorio - Oaxtepec) - Jojutla,17002,MOR-002,2025,Tucumán,17_DV2026_Morelos.pdf,21,17_DV2026_Morelos,32.3,1.0,0.0,1980.0,4.9,89.5,0.3,3.3,0.9,0.4,0.3,0.3,0.1,94.4,0.3,5.3,0.078,0.578,18.76942,-99.116643,100.0,True,
40,T. C. (San Gregorio - Oaxtepec) - Jojutla,17002,MOR-002,2025,X. C. Galeana - Cuautla,17_DV2026_Morelos.pdf,21,17_DV2026_Morelos,40.5,3.0,0.0,6528.0,14.7,78.3,0.9,3.9,0.8,0.6,0.5,0.2,0.1,93.0,0.9,6.1,0.075,0.526,18.678545,-99.130284,100.0,True,
40,T. C. (San Gregorio - Oaxtepec) - Jojutla,17002,MOR-002,2025,Tlaquiltenango,17_DV2026_Morelos.pdf,21,17_DV2026_Morelos,50.5,1.0,0.0,9725.0,13.1,82.5,0.8,3.0,0.6,0.0,0.0,0.0,0.0,95.6,0.8,3.6,0.089,0.501,18.648574,-99.155888,100.0,True,
40,T. C. (San Gregorio - Oaxtepec) - Jojutla,17002,MOR-002,2025,Jojutla,17_DV2026_Morelos.pdf,21,17_DV2026_Morelos,53.5,1.0,0.0,16236.0,15.4,79.0,0.5,3.1,0.8,0.4,0.3,0.3,0.2,94.4,0.5,5.1,0.077,0.522,18.62199,-99.170363,100.0,True,
41,Tehuixtla - Puente de Ixtla,17307,MOR,2025,Tehuixtla,17_DV2026_Morelos.pdf,22,17_DV2026_Morelos,0.0,3.0,0.0,2437.0,26.5,69.4,0.5,2.7,0.4,0.2,0.0,0.3,0.0,95.9,0.5,3.6,0.085,0.544,18.566011,-99.279416,100.0,True,
41,Tehuixtla - Puente de Ixtla,17307,MOR,2025,Puente de Ixtla,17_DV2026_Morelos.pdf,22,17_DV2026_Morelos,9.6,1.0,0.0,2498.0,18.6,79.6,0.4,0.8,0.4,0.2,0.0,0.0,0.0,98.2,0.4,1.4,0.094,0.574,18.606999,-99.316511,100.0,True,
41,Tehuixtla - Puente de Ixtla,17307,MOR,2025,T. C. Cuernavaca - Chilpancingo,17_DV2026_Morelos.pdf,22,17_DV2026_Morelos,10.6,,,,,,,,,,,,,,,,,,,,,False,
42,Tejalpa - Jojutla,17014,MOR-014,2025,T. C. Cuernavaca - Cuautlixco,17_DV2026_Morelos.pdf,22,17_DV2026_Morelos,0.0,,,,,,,,,,,,,,,,,,,,,False,
42,Tejalpa - Jojutla,17014,MOR-014,2025,Jiutepec,17_DV2026_Morelos.pdf,22,17_DV2026_Morelos,1.97,3.0,0.0,10807.0,12.6,77.3,0.9,7.5,0.8,0.5,0.2,0.1,0.1,89.9,0.9,9.2,0.088,0.605,18.872046,-99.172872,100.0,True,
42,Tejalpa - Jojutla,17014,MOR-014,2025,Emiliano Zapata,17_DV2026_Morelos.pdf,22,17_DV2026_Morelos,7.0,3.0,1.0,8074.0,11.5,82.6,0.8,2.7,0.9,0.6,0.4,0.3,0.2,94.1,0.8,5.1,0.081,0.558,18.81914,-99.190775,100.0,True,
42,Tejalpa - Jojutla,17014,MOR-014,2025,Emiliano Zapata,17_DV2026_Morelos.pdf,22,17_DV2026_Morelos,7.0,3.0,2.0,7854.0,11.8,83.5,0.5,2.2,0.8,0.4,0.3,0.3,0.2,95.3,0.5,4.2,0.1,0.558,18.819148,-99.190706,100.0,True,
42,Tejalpa - Jojutla,17014,MOR-014,2025,T. Izq. Chiconcuac,17_DV2026_Morelos.pdf,22,17_DV2026_Morelos,14.5,1.0,1.0,10145.0,16.5,78.1,0.5,2.0,1.8,0.3,0.4,0.2,0.2,94.6,0.5,4.9,0.089,0.538,18.784841,-99.205779,100.0,True,
42,Tejalpa - Jojutla,17014,MOR-014,2025,T. Izq. Chiconcuac,17_DV2026_Morelos.pdf,22,17_DV2026_Morelos,14.5,1.0,2.0,10035.0,16.7,78.5,0.5,1.6,1.5,0.3,0.3,0.4,0.2,95.2,0.5,4.3,0.084,0.538,18.784814,-99.205706,100.0,True,
42,Tejalpa - Jojutla,17014,MOR-014,2025,T. Izq. Chiconcuac,17_DV2026_Morelos.pdf,22,17_DV2026_Morelos,14.5,3.0,1.0,6512.0,20.5,72.7,0.4,2.0,2.1,0.8,0.6,0.6,0.3,93.2,0.4,6.4,0.081,0.507,18.780019,-99.207994,100.0,True,
42,Tejalpa - Jojutla,17014,MOR-014,2025,T. Izq. Chiconcuac,17_DV2026_Morelos.pdf,22,17_DV2026_Morelos,14.5,3.0,2.0,7295.0,20.9,72.9,0.4,2.0,2.2,0.7,0.2,0.5,0.2,93.8,0.4,5.8,0.085,0.507,18.779989,-99.207928,100.0,True,
42,Tejalpa - Jojutla,17014,MOR-014,2025,X. C. Zacatepec - Tlaquiltenango,17_DV2026_Morelos.pdf,22,17_DV2026_Morelos,32.9,1.0,0.0,9674.0,13.5,79.8,0.7,4.0,1.2,0.4,0.1,0.3,0.0,93.3,0.7,6.0,0.082,0.526,18.649853,-99.184322,100.0,True,
42,Tejalpa - Jojutla,17014,MOR-014,2025,Jojutla,17_DV2026_Morelos.pdf,22,17_DV2026_Morelos,35.0,1.0,0.0,9801.0,12.1,79.9,0.9,4.1,1.3,0.8,0.4,0.4,0.1,92.0,0.9,7.1,0.081,0.535,18.627895,-99.184685,100.0,True,
43,Temilpa - Tepalcingo,17009,MOR-009,2025,T. C. Galeana - Cuautla,17_DV2026_Morelos.pdf,22,17_DV2026_Morelos,0.0,3.0,0.0,1283.0,14.9,72.6,1.0,4.3,2.4,2.5,2.0,0.3,0.0,87.5,1.0,11.5,0.084,0.583,18.694448,-99.101039,100.0,True,
43,Temilpa - Tepalcingo,17009,MOR-009,2025,Tepalcingo,17_DV2026_Morelos.pdf,22,17_DV2026_Morelos,40.5,1.0,0.0,2951.0,10.1,81.9,0.5,4.8,1.7,0.4,0.3,0.2,0.1,92.0,0.5,7.5,0.077,0.5,18.604861,-98.854147,100.0,True,
44,Tepoztlán - Yautepec,17013,MOR-013,2025,Tepoztlán,17_DV2026_Morelos.pdf,22,17_DV2026_Morelos,0.0,3.0,0.0,12909.0,9.6,84.9,0.6,2.1,0.6,0.5,0.5,0.8,0.4,94.5,0.6,4.9,0.08,0.554,18.980081,-99.084012,100.0,True,
44,Tepoztlán - Yautepec,17013,MOR-013,2025,Yautepec,17_DV2026_Morelos.pdf,22,17_DV2026_Morelos,14.82,1.0,0.0,6617.0,27.9,65.9,1.0,2.5,1.4,0.8,0.2,0.3,0.0,93.8,1.0,5.2,0.079,0.568,18.901895,-99.064006,100.0,True,
45,Tequesquitengo - Jojutla,17013,MOR,2025,T. C. Xoxocotla - Tilzapotla,17_DV2026_Morelos.pdf,23,17_DV2026_Morelos,0.0,3.0,1.0,3320.0,7.6,87.5,0.4,3.6,0.2,0.4,0.1,0.2,0.0,95.1,0.4,4.5,0.081,0.514,18.595885,-99.254146,100.0,True,
45,Tequesquitengo - Jojutla,17013,MOR,2025,T. C. Xoxocotla - Tilzapotla,17_DV2026_Morelos.pdf,23,17_DV2026_Morelos,0.0,3.0,2.0,3166.0,7.3,87.9,0.6,3.2,0.5,0.3,0.1,0.1,0.0,95.2,0.6,4.2,0.086,0.514,18.595955,-99.254138,100.0,True,
45,Tequesquitengo - Jojutla,17013,MOR,2025,Jojutla,17_DV2026_Morelos.pdf,23,17_DV2026_Morelos,9.5,,,,,,,,,,,,,,,,,,,,,False,
46,Xoxocotla - Tilzapotla,17005,MOR-006,2025,Xoxocotla,17_DV2026_Morelos.pdf,23,17_DV2026_Morelos,0.0,3.0,1.0,4635.0,18.4,77.3,0.5,1.9,0.8,0.7,0.0,0.4,0.0,95.7,0.5,3.8,0.083,0.545,18.680688,-99.25192,100.0,True,
46,Xoxocotla - Tilzapotla,17005,MOR-006,2025,Xoxocotla,17_DV2026_Morelos.pdf,23,17_DV2026_Morelos,0.0,3.0,2.0,4606.0,18.3,78.3,0.4,1.7,0.5,0.6,0.0,0.2,0.0,96.6,0.4,3.0,0.099,0.545,18.68065,-99.251861,100.0,True,
46,Xoxocotla - Tilzapotla,17005,MOR-006,2025,Tehuixtla,17_DV2026_Morelos.pdf,23,17_DV2026_Morelos,19.5,1.0,0.0,6814.0,6.6,86.0,1.3,4.5,0.7,0.6,0.1,0.2,0.0,92.6,1.3,6.1,0.078,0.596,18.574206,-99.263971,100.0,True,
46,Xoxocotla - Tilzapotla,17005,MOR-006,2025,Tehuixtla,17_DV2026_Morelos.pdf,23,17_DV2026_Morelos,19.5,3.0,0.0,5384.0,23.7,72.8,0.5,0.9,0.8,0.5,0.4,0.4,0.0,96.5,0.5,3.0,0.087,0.535,18.550605,-99.26734,100.0,True,
46,Xoxocotla - Tilzapotla,17005,MOR-006,2025,Tilzapotla,17_DV2026_Morelos.pdf,23,17_DV2026_Morelos,29.5,1.0,0.0,2820.0,10.6,86.6,0.2,1.6,0.7,0.2,0.0,0.1,0.0,97.2,0.2,2.6,0.086,0.51,18.494162,-99.278015,100.0,True,
47,Zacatepec - Tlaquiltenango,17300,MOR,2025,Zacatepec,17_DV2026_Morelos.pdf,23,17_DV2026_Morelos,0.0,3.0,0.0,8674.0,14.3,82.7,0.8,1.5,0.4,0.3,0.0,0.0,0.0,97.0,0.8,2.2,0.075,0.543,18.647566,-99.187349,100.0,True,
47,Zacatepec - Tlaquiltenango,17300,MOR,2025,Tlaquiltenango,17_DV2026_Morelos.pdf,23,17_DV2026_Morelos,4.08,1.0,0.0,7331.0,22.0,71.9,1.1,1.9,1.4,0.6,0.3,0.7,0.1,93.9,1.1,5.0,0.072,0.577,18.639838,-99.174395,100.0,True,
48,Atlixco - Jantetelco (Cuota),00430,PUE-D,2025,T. C. Puebla - Izúcar de Matamoros,17_DV2026_Morelos.pdf,23,17_DV2026_Morelos,0.0,3.0,0.0,9290.0,3.2,73.9,3.3,11.9,2.3,2.7,0.8,1.6,0.3,77.1,3.3,19.6,0.079,0.624,18.942874,-98.402246,100.0,True,
48,Atlixco - Jantetelco (Cuota),00430,PUE-D,2025,Lim. Edos. Term. Pue. Ppia. Mor.,17_DV2026_Morelos.pdf,23,17_DV2026_Morelos,48.6,,,,,,,,,,,,,,,,,,,,,False,
48,Atlixco - Jantetelco (Cuota),00430,PUE-D,2025,T. C. Santa Bárbara - Izúcar de Matamoros,17_DV2026_Morelos.pdf,23,17_DV2026_Morelos,54.9,1.0,0.0,7740.0,2.2,81.7,3.7,4.2,2.3,2.7,1.0,1.5,0.7,83.9,3.7,12.4,0.081,0.557,18.706839,-98.767705,100.0,True,
49,Tres Marías - Santa Martha,00172,MEX-106-EM,2025,Tres Marías,17_DV2026_Morelos.pdf,23,17_DV2026_Morelos,0.0,3.0,0.0,7527.0,6.6,87.3,1.4,2.6,0.9,0.6,0.5,0.1,0.0,93.9,1.4,4.7,0.082,0.629,19.048627,-99.249141,100.0,True,
49,Tres Marías - Santa Martha,00172,MEX-106-EM,2025,Laguna de Zempoala,17_DV2026_Morelos.pdf,23,17_DV2026_Morelos,14.0,,,,,,,,,,,,,,,,,,,,,False,
49,Tres Marías - Santa Martha,00172,MEX-106-EM,2025,Lim. Edos. Term. Mor. Ppia. Méx.,17_DV2026_Morelos.pdf,24,17_DV2026_Morelos,14.5,,,,,,,,,,,,,,,,,,,,,False,
49,Tres Marías - Santa Martha,00172,MEX-106-EM,2025,Santa Martha,17_DV2026_Morelos.pdf,24,17_DV2026_Morelos,28.35,1.0,0.0,4512.0,3.9,84.9,2.3,6.5,1.3,0.6,0.3,0.1,0.1,88.8,2.3,8.9,0.083,0.514,19.062343,-99.379742,100.0,True,
1,Amozoc - Teziutlán,00210,MEX-129,2025,Amozoc,21_DV2026_Puebla.pdf,5,21_DV2026_Puebla,0.0,,,,,,,,,,,,,,,,,,,,,False,
1,Amozoc - Teziutlán,00210,MEX-129,2025,X. C. Puebla - Acatzingo (Cuota),21_DV2026_Puebla.pdf,5,21_DV2026_Puebla,1.4,3.0,0.0,12165.0,3.4,79.9,1.5,7.8,2.4,2.1,2.1,0.4,0.4,83.3,1.5,15.2,0.086,0.544,19.051147,-98.02788,100.0,True,
1,Amozoc - Teziutlán,00210,MEX-129,2025,Acajete,21_DV2026_Puebla.pdf,5,21_DV2026_Puebla,12.0,3.0,1.0,5830.0,2.3,79.3,1.2,8.8,1.8,4.7,0.9,0.6,0.4,81.6,1.2,17.2,0.066,0.554,19.12006,-97.941222,100.0,True,
1,Amozoc - Teziutlán,00210,MEX-129,2025,Acajete,21_DV2026_Puebla.pdf,5,21_DV2026_Puebla,12.0,3.0,2.0,5462.0,2.5,78.3,1.1,9.0,2.0,5.1,1.0,0.5,0.5,80.8,1.1,18.1,0.079,0.554,19.120102,-97.941291,100.0,True,
1,Amozoc - Teziutlán,00210,MEX-129,2025,Rafael Lara Grajales,21_DV2026_Puebla.pdf,5,21_DV2026_Puebla,35.5,1.0,0.0,5271.0,4.9,80.2,2.1,3.4,2.8,3.3,1.6,1.3,0.4,85.1,2.1,12.8,0.083,0.707,19.236317,-97.80757,100.0,True,
1,Amozoc - Teziutlán,00210,MEX-129,2025,Rafael Lara Grajales,21_DV2026_Puebla.pdf,5,21_DV2026_Puebla,35.5,3.0,0.0,11580.0,2.1,82.3,2.1,5.1,2.5,3.8,1.4,0.4,0.3,84.4,2.1,13.5,0.078,0.56,19.231568,-97.785622,100.0,True,
1,Amozoc - Teziutlán,00210,MEX-129,2025,Lim. Edos. Term. Pue. Ppia. Tlax.,21_DV2026_Puebla.pdf,5,21_DV2026_Puebla,50.54,,,,,,,,,,,,,,,,,,,,,False,
1,Amozoc - Teziutlán,00210,MEX-129,2025,X. C. Los Reyes - Zacatepec,21_DV2026_Puebla.pdf,5,21_DV2026_Puebla,56.31,1.0,0.0,5236.0,2.4,79.9,3.2,7.1,2.3,2.7,1.6,0.7,0.1,82.3,3.2,14.5,0.083,0.569,19.315647,-97.654627,100.0,True,
1,Amozoc - Teziutlán,00210,MEX-129,2025,Lim. Edos. Term. Tlax. Ppia. Pue.,21_DV2026_Puebla.pdf,5,21_DV2026_Puebla,60.22,,,,,,,,,,,,,,,,,,,,,False,
1,Amozoc - Teziutlán,00210,MEX-129,2025,Oriental,21_DV2026_Puebla.pdf,5,21_DV2026_Puebla,62.62,1.0,0.0,6854.0,5.6,82.5,2.1,4.8,1.5,2.4,0.6,0.4,0.1,88.1,2.1,9.8,0.087,0.555,19.365588,-97.628773,100.0,True,
1,Amozoc - Teziutlán,00210,MEX-129,2025,Oriental,21_DV2026_Puebla.pdf,5,21_DV2026_Puebla,62.62,3.0,0.0,8778.0,4.2,82.2,1.9,5.6,1.2,3.3,0.8,0.5,0.3,86.4,1.9,11.7,0.088,0.532,19.382889,-97.619053,100.0,True,
1,Amozoc - Teziutlán,00210,MEX-129,2025,X. C. Amozoc - Perote (Cuota),21_DV2026_Puebla.pdf,5,21_DV2026_Puebla,69.0,1.0,1.0,4896.0,7.5,83.4,1.7,3.4,1.5,1.2,0.8,0.4,0.1,90.9,1.7,7.4,0.094,0.507,19.411425,-97.635579,100.0,True,
1,Amozoc - Teziutlán,00210,MEX-129,2025,X. C. Amozoc - Perote (Cuota),21_DV2026_Puebla.pdf,5,21_DV2026_Puebla,69.0,1.0,2.0,5469.0,7.3,84.1,1.4,3.6,1.6,0.9,0.6,0.4,0.1,91.4,1.4,7.2,0.094,0.507,19.41123,-97.635602,100.0,True,
1,Amozoc - Teziutlán,00210,MEX-129,2025,X. C. Amozoc - Perote (Cuota),21_DV2026_Puebla.pdf,5,21_DV2026_Puebla,69.0,3.0,0.0,11146.0,3.8,80.1,2.2,6.8,1.6,3.6,1.0,0.4,0.5,83.9,2.2,13.9,0.077,0.611,19.42433,-97.649068,100.0,True,
1,Amozoc - Teziutlán,00210,MEX-129,2025,Libres,21_DV2026_Puebla.pdf,5,21_DV2026_Puebla,76.35,3.0,0.0,10924.0,2.6,81.2,1.9,6.9,1.4,3.6,1.1,0.5,0.8,83.8,1.9,14.3,0.082,0.538,19.482156,-97.673884,100.0,True,
1,Amozoc - Teziutlán,00210,MEX-129,2025,San Miguel Tenextatiloyán,21_DV2026_Puebla.pdf,5,21_DV2026_Puebla,106.7,1.0,0.0,4911.0,4.7,84.9,3.1,2.8,1.2,1.7,0.7,0.8,0.1,89.6,3.1,7.3,0.09,0.691,19.702103,-97.598828,100.0,True,
1,Amozoc - Teziutlán,00210,MEX-129,2025,T. Izq. Zacapoaxtla,21_DV2026_Puebla.pdf,5,21_DV2026_Puebla,114.8,1.0,0.0,7869.0,4.3,83.1,1.6,4.0,1.0,3.9,0.9,0.7,0.5,87.4,1.6,11.0,0.085,0.537,19.759159,-97.568389,100.0,True,
1,Amozoc - Teziutlán,00210,MEX-129,2025,T. Izq. Zacapoaxtla,21_DV2026_Puebla.pdf,5,21_DV2026_Puebla,114.8,3.0,0.0,11150.0,3.2,82.9,1.5,5.2,1.0,4.4,0.6,0.6,0.6,86.1,1.5,12.4,0.087,0.512,19.764562,-97.564981,100.0,True,
1,Amozoc - Teziutlán,00210,MEX-129,2025,Zaragoza,21_DV2026_Puebla.pdf,5,21_DV2026_Puebla,116.8,3.0,0.0,7802.0,3.5,84.0,1.8,5.1,0.8,3.2,0.9,0.2,0.5,87.5,1.8,10.7,0.083,0.508,19.788225,-97.540873,100.0,True,
1,Amozoc - Teziutlán,00210,MEX-129,2025,Teziutlán,21_DV2026_Puebla.pdf,5,21_DV2026_Puebla,157.8,1.0,0.0,14114.0,4.4,76.5,0.7,15.4,0.8,1.6,0.1,0.4,0.1,80.9,0.7,18.4,0.084,0.53,19.817549,-97.379551,100.0,True,
2,Apizaco - Tejocotal,00430,MEX-119,2025,Apizaco,21_DV2026_Puebla.pdf,5,21_DV2026_Puebla,0.0,3.0,1.0,12649.0,4.3,85.6,1.5,4.3,1.2,2.0,0.4,0.6,0.1,89.9,1.5,8.6,0.087,0.547,19.437518,-98.131326,100.0,True,
2,Apizaco - Tejocotal,00430,MEX-119,2025,Apizaco,21_DV2026_Puebla.pdf,5,21_DV2026_Puebla,0.0,3.0,2.0,12557.0,4.2,85.4,1.7,4.2,1.2,2.0,0.6,0.6,0.1,89.6,1.7,8.7,0.086,0.547,19.43754,-98.131383,100.0,True,
2,Apizaco - Tejocotal,00430,MEX-119,2025,T. Der. Tetla,21_DV2026_Puebla.pdf,5,21_DV2026_Puebla,6.6,3.0,0.0,24135.0,0.7,85.9,1.7,5.2,1.7,2.4,1.5,0.5,0.4,86.6,1.7,11.7,0.074,0.546,19.471654,-98.112275,100.0,True,
2,Apizaco - Tejocotal,00430,MEX-119,2025,T. Izq. Atlangatepec,21_DV2026_Puebla.pdf,5,21_DV2026_Puebla,12.15,1.0,0.0,18216.0,1.7,84.1,2.1,4.9,1.9,2.5,1.6,0.8,0.4,85.8,2.1,12.1,0.075,0.542,19.505704,-98.116995,100.0,True,
2,Apizaco - Tejocotal,00430,MEX-119,2025,Tlaxco,21_DV2026_Puebla.pdf,5,21_DV2026_Puebla,23.91,1.0,1.0,5809.0,4.4,87.1,1.1,3.7,0.9,1.9,0.5,0.3,0.1,91.5,1.1,7.4,0.082,0.515,19.598468,-98.125531,100.0,True,
2,Apizaco - Tejocotal,00430,MEX-119,2025,Tlaxco,21_DV2026_Puebla.pdf,5,21_DV2026_Puebla,23.91,1.0,2.0,5953.0,4.5,86.5,1.2,3.7,1.0,1.9,0.7,0.4,0.1,91.0,1.2,7.8,0.081,0.515,19.598495,-98.125636,100.0,True,
2,Apizaco - Tejocotal,00430,MEX-119,2025,Tlaxco,21_DV2026_Puebla.pdf,5,21_DV2026_Puebla,23.91,3.0,0.0,6553.0,3.4,85.6,1.2,4.0,1.8,2.4,0.8,0.5,0.3,89.0,1.2,9.8,0.091,0.579,19.626322,-98.124798,100.0,True,
2,Apizaco - Tejocotal,00430,MEX-119,2025,Lim. Edos. Term. Tlax. Ppia. Pue.,21_DV2026_Puebla.pdf,5,21_DV2026_Puebla,34.45,,,,,,,,,,,,,,,,,,,,,False,
2,Apizaco - Tejocotal,00430,MEX-119,2025,T. Der. Tetela de Ocampo,21_DV2026_Puebla.pdf,5,21_DV2026_Puebla,52.2,1.0,0.0,9875.0,6.9,82.8,1.1,5.7,1.2,0.9,1.1,0.2,0.1,89.7,1.1,9.2,0.085,0.63,19.80053,-98.026733,100.0,True,
2,Apizaco - Tejocotal,00430,MEX-119,2025,Zacatlán,21_DV2026_Puebla.pdf,5,21_DV2026_Puebla,71.25,1.0,0.0,15392.0,7.2,84.9,1.3,3.7,1.2,0.9,0.3,0.4,0.1,92.1,1.3,6.6,0.082,0.551,19.918424,-97.959183,100.0,True,
2,Apizaco - Tejocotal,00430,MEX-119,2025,Lim. Edos. Term. Pue. Ppia. Hgo.,21_DV2026_Puebla.pdf,6,21_DV2026_Puebla,110.45,,,,,,,,,,,,,,,,,,,,,False,
2,Apizaco - Tejocotal,00430,MEX-119,2025,T. C. Pachuca - Túxpam,21_DV2026_Puebla.pdf,6,21_DV2026_Puebla,113.15,1.0,0.0,10702.0,4.0,77.2,2.3,8.0,2.9,1.5,0.9,2.6,0.6,81.2,2.3,16.5,0.074,0.504,20.123908,-98.128603,100.0,True,
3,Los Reyes - Zacatepec,00052,MEX-136,2025,T. C. México - Puebla (Libre),21_DV2026_Puebla.pdf,6,21_DV2026_Puebla,0.0,,,,,,,,,,,,,,,,,,,,,False,
3,Los Reyes - Zacatepec,00052,MEX-136,2025,T. Izq. La Magdalena,21_DV2026_Puebla.pdf,6,21_DV2026_Puebla,3.35,3.0,1.0,51091.0,7.2,79.9,1.0,7.8,1.3,1.1,1.2,0.2,0.3,87.1,1.0,11.9,0.051,0.507,19.379969,-98.941146,100.0,True,
3,Los Reyes - Zacatepec,00052,MEX-136,2025,T. Izq. La Magdalena,21_DV2026_Puebla.pdf,6,21_DV2026_Puebla,3.35,3.0,2.0,52725.0,6.9,80.4,0.9,7.6,1.3,1.4,1.0,0.2,0.3,87.3,0.9,11.8,0.051,0.507,19.380234,-98.941193,100.0,True,
3,Los Reyes - Zacatepec,00052,MEX-136,2025,T. Izq. Chimalhuacán,21_DV2026_Puebla.pdf,6,21_DV2026_Puebla,8.45,1.0,1.0,44493.0,8.4,81.3,0.5,4.5,1.3,1.5,1.9,0.2,0.4,89.7,0.5,9.8,0.062,0.505,19.413141,-98.92006,100.0,True,
3,Los Reyes - Zacatepec,00052,MEX-136,2025,T. Izq. Chimalhuacán,21_DV2026_Puebla.pdf,6,21_DV2026_Puebla,8.45,1.0,2.0,45372.0,8.3,81.8,0.6,4.6,1.1,1.4,1.6,0.2,0.4,90.1,0.6,9.3,0.067,0.505,19.413197,-98.920263,100.0,True,
3,Los Reyes - Zacatepec,00052,MEX-136,2025,T. C. San Bernardino - Tepexpan,21_DV2026_Puebla.pdf,6,21_DV2026_Puebla,17.0,1.0,1.0,40215.0,8.6,82.2,1.0,3.6,1.4,1.6,0.9,0.4,0.3,90.8,1.0,8.2,0.075,0.505,19.469924,-98.893466,100.0,True,
3,Los Reyes - Zacatepec,00052,MEX-136,2025,T. C. San Bernardino - Tepexpan,21_DV2026_Puebla.pdf,6,21_DV2026_Puebla,17.0,1.0,2.0,41167.0,8.5,82.8,0.8,3.4,1.3,1.7,1.0,0.3,0.2,91.3,0.8,7.9,0.085,0.505,19.469973,-98.893606,100.0,True,
3,Los Reyes - Zacatepec,00052,MEX-136,2025,T. C. San Bernardino - Tepexpan,21_DV2026_Puebla.pdf,6,21_DV2026_Puebla,17.0,3.0,1.0,15579.0,4.0,87.6,0.5,6.7,0.6,0.3,0.3,0.0,0.0,91.6,0.5,7.9,0.072,0.509,19.483845,-98.886447,100.0,True,
3,Los Reyes - Zacatepec,00052,MEX-136,2025,T. C. San Bernardino - Tepexpan,21_DV2026_Puebla.pdf,6,21_DV2026_Puebla,17.0,3.0,2.0,15041.0,4.3,87.1,0.4,7.0,0.7,0.3,0.2,0.0,0.0,91.4,0.4,8.2,0.069,0.509,19.48395,-98.886577,100.0,True,
3,Los Reyes - Zacatepec,00052,MEX-136,2025,Texcoco,21_DV2026_Puebla.pdf,6,21_DV2026_Puebla,23.02,3.0,1.0,20104.0,2.9,78.6,1.9,9.7,2.3,3.2,0.7,0.5,0.2,81.5,1.9,16.6,0.073,0.508,19.527108,-98.858077,100.0,True,
3,Los Reyes - Zacatepec,00052,MEX-136,2025,Texcoco,21_DV2026_Puebla.pdf,6,21_DV2026_Puebla,23.02,3.0,2.0,20730.0,3.0,78.0,2.1,9.5,2.5,3.3,0.8,0.6,0.2,81.0,2.1,16.9,0.069,0.508,19.527193,-98.85813,100.0,True,
3,Los Reyes - Zacatepec,00052,MEX-136,2025,T. Izq. Tepetlaoxtoc,21_DV2026_Puebla.pdf,6,21_DV2026_Puebla,30.03,1.0,1.0,19025.0,2.6,77.6,2.3,8.0,2.4,4.4,2.0,0.5,0.2,80.2,2.3,17.5,0.077,0.517,19.545811,-98.826122,100.0,True,
3,Los Reyes - Zacatepec,00052,MEX-136,2025,T. Izq. Tepetlaoxtoc,21_DV2026_Puebla.pdf,6,21_DV2026_Puebla,30.03,1.0,2.0,17768.0,2.5,77.1,2.5,8.2,2.5,4.5,1.9,0.6,0.2,79.6,2.5,17.9,0.082,0.517,19.545898,-98.826167,100.0,True,
3,Los Reyes - Zacatepec,00052,MEX-136,2025,T. Der. San Jerónimo Amanalco,21_DV2026_Puebla.pdf,6,21_DV2026_Puebla,31.42,3.0,1.0,9292.0,4.0,75.4,3.5,4.4,2.4,7.6,1.6,0.9,0.2,79.4,3.5,17.1,0.074,0.504,19.550506,-98.793808,100.0,True,
3,Los Reyes - Zacatepec,00052,MEX-136,2025,T. Der. San Jerónimo Amanalco,21_DV2026_Puebla.pdf,6,21_DV2026_Puebla,31.42,3.0,2.0,9156.0,3.9,75.6,3.4,4.3,2.5,7.5,1.5,0.9,0.4,79.5,3.4,17.1,0.077,0.504,19.551446,-98.795675,100.0,True,
3,Los Reyes - Zacatepec,00052,MEX-136,2025,T. Der. Totolapan,21_DV2026_Puebla.pdf,6,21_DV2026_Puebla,42.0,3.0,1.0,7719.0,3.5,74.8,2.7,5.0,2.6,7.8,2.3,1.0,0.3,78.3,2.7,19.0,0.096,0.514,19.558124,-98.7266,100.0,True,
3,Los Reyes - Zacatepec,00052,MEX-136,2025,T. Der. Totolapan,21_DV2026_Puebla.pdf,6,21_DV2026_Puebla,42.0,3.0,2.0,8165.0,3.7,74.3,2.8,4.8,2.7,7.7,2.5,1.2,0.3,78.0,2.8,19.2,0.104,0.514,19.558254,-98.726555,100.0,True,
3,Los Reyes - Zacatepec,00052,MEX-136,2025,Lim. Edos. Term. Méx. Ppia. Tlax.,21_DV2026_Puebla.pdf,6,21_DV2026_Puebla,43.15,,,,,,,,,,,,,,,,,,,,,False,
3,Los Reyes - Zacatepec,00052,MEX-136,2025,T. C. Calpulalpan - El Ocote,21_DV2026_Puebla.pdf,6,21_DV2026_Puebla,58.15,,,,,,,,,,,,,,,,,,,,,False,
3,Los Reyes - Zacatepec,00052,MEX-136,2025,Calpulalpan,21_DV2026_Puebla.pdf,6,21_DV2026_Puebla,59.58,1.0,1.0,10999.0,3.6,80.6,3.6,2.9,1.8,5.4,1.1,0.8,0.2,84.2,3.6,12.2,0.078,0.662,19.593036,-98.583858,100.0,True,
3,Los Reyes - Zacatepec,00052,MEX-136,2025,Calpulalpan,21_DV2026_Puebla.pdf,6,21_DV2026_Puebla,59.58,1.0,2.0,9843.0,3.9,80.9,3.4,2.9,1.8,5.2,0.9,0.8,0.2,84.8,3.4,11.8,0.104,0.662,19.593137,-98.584207,100.0,True,
3,Los Reyes - Zacatepec,00052,MEX-136,2025,Calpulalpan,21_DV2026_Puebla.pdf,6,21_DV2026_Puebla,59.58,3.0,0.0,23095.0,1.7,75.8,5.0,6.3,2.5,6.2,1.2,1.0,0.3,77.5,5.0,17.5,0.069,0.619,19.577128,-98.519158,100.0,True,
3,Los Reyes - Zacatepec,00052,MEX-136,2025,T. Der. Nanacamilpa,21_DV2026_Puebla.pdf,6,21_DV2026_Puebla,71.76,3.0,0.0,19197.0,1.7,77.5,4.5,4.3,2.3,6.6,1.3,1.5,0.3,79.2,4.5,16.3,0.062,0.6,19.523813,-98.478544,100.0,True,
3,Los Reyes - Zacatepec,00052,MEX-136,2025,X. C. Arco Norte de La Ciudad de México,21_DV2026_Puebla.pdf,6,21_DV2026_Puebla,73.8,3.0,1.0,11004.0,2.0,73.7,3.8,3.6,2.0,9.1,2.8,2.5,0.5,75.7,3.8,20.5,0.09,0.679,19.513526,-98.453998,100.0,True,
3,Los Reyes - Zacatepec,00052,MEX-136,2025,X. C. Arco Norte de La Ciudad de México,21_DV2026_Puebla.pdf,6,21_DV2026_Puebla,73.8,3.0,2.0,11422.0,2.0,74.2,4.0,3.4,1.9,8.9,2.7,2.3,0.6,76.2,4.0,19.8,0.107,0.679,19.51361,-98.45399,100.0,True,
3,Los Reyes - Zacatepec,00052,MEX-136,2025,T. Libramiento Hueyotlipan Oeste,21_DV2026_Puebla.pdf,6,21_DV2026_Puebla,86.84,,,,,,,,,,,,,,,,,,,,,False,
3,Los Reyes - Zacatepec,00052,MEX-136,2025,Hueyotlipan,21_DV2026_Puebla.pdf,6,21_DV2026_Puebla,88.21,1.0,1.0,11530.0,2.1,75.7,3.7,2.8,1.9,9.2,1.7,2.2,0.7,77.8,3.7,18.5,0.078,0.582,19.480868,-98.36684,100.0,True,
3,Los Reyes - Zacatepec,00052,MEX-136,2025,Hueyotlipan,21_DV2026_Puebla.pdf,6,21_DV2026_Puebla,88.21,1.0,2.0,11061.0,2.3,74.8,4.0,3.0,2.1,9.1,2.0,2.1,0.6,77.1,4.0,18.9,0.086,0.582,19.47999,-98.365392,100.0,True,
3,Los Reyes - Zacatepec,00052,MEX-136,2025,Hueyotlipan,21_DV2026_Puebla.pdf,7,21_DV2026_Puebla,88.21,3.0,1.0,12086.0,2.0,74.8,3.7,6.1,1.5,7.4,1.9,2.0,0.6,76.8,3.7,19.5,0.086,0.591,19.468244,-98.327939,100.0,True,
3,Los Reyes - Zacatepec,00052,MEX-136,2025,Hueyotlipan,21_DV2026_Puebla.pdf,7,21_DV2026_Puebla,88.21,3.0,2.0,11414.0,2.0,74.4,3.8,6.0,1.6,7.6,1.8,2.2,0.6,76.4,3.8,19.8,0.087,0.591,19.469532,-98.324685,100.0,True,
3,Los Reyes - Zacatepec,00052,MEX-136,2025,T. Libramiento HueyotlipanEste,21_DV2026_Puebla.pdf,7,21_DV2026_Puebla,89.51,,,,,,,,,,,,,,,,,,,,,False,
3,Los Reyes - Zacatepec,00052,MEX-136,2025,T. C. Libramiento de Santiago Tlalpan,21_DV2026_Puebla.pdf,7,21_DV2026_Puebla,93.4,3.0,1.0,15661.0,2.0,70.8,5.0,3.4,2.7,10.0,2.7,2.7,0.7,72.8,5.0,22.2,0.067,0.708,19.483783,-98.295364,100.0,True,
3,Los Reyes - Zacatepec,00052,MEX-136,2025,T. C. Libramiento de Santiago Tlalpan,21_DV2026_Puebla.pdf,7,21_DV2026_Puebla,93.4,3.0,2.0,16589.0,2.0,71.5,5.2,3.6,2.4,9.8,2.5,2.4,0.6,73.5,5.2,21.3,0.079,0.708,19.483854,-98.295261,100.0,True,
3,Los Reyes - Zacatepec,00052,MEX-136,2025,Ent. Xipetzinco,21_DV2026_Puebla.pdf,7,21_DV2026_Puebla,94.9,3.0,1.0,11280.0,2.0,72.3,4.3,6.0,2.2,8.7,2.0,2.1,0.4,74.3,4.3,21.4,0.067,0.593,19.484527,-98.280605,100.0,True,
3,Los Reyes - Zacatepec,00052,MEX-136,2025,Ent. Xipetzinco,21_DV2026_Puebla.pdf,7,21_DV2026_Puebla,94.9,3.0,2.0,12061.0,1.7,72.9,4.0,5.8,2.5,8.4,1.9,2.3,0.5,74.6,4.0,21.4,0.092,0.593,19.484516,-98.281059,100.0,True,
3,Los Reyes - Zacatepec,00052,MEX-136,2025,Xaltocan,21_DV2026_Puebla.pdf,7,21_DV2026_Puebla,108.1,1.0,1.0,12990.0,1.6,74.3,2.7,6.2,2.5,7.9,2.2,1.9,0.7,75.9,2.7,21.4,0.069,0.634,19.42388,-98.215916,100.0,True,
3,Los Reyes - Zacatepec,00052,MEX-136,2025,Xaltocan,21_DV2026_Puebla.pdf,7,21_DV2026_Puebla,108.1,1.0,2.0,12912.0,1.5,75.7,2.6,6.1,2.2,7.8,2.0,1.6,0.5,77.2,2.6,20.2,0.107,0.634,19.423756,-98.215503,100.0,True,
3,Los Reyes - Zacatepec,00052,MEX-136,2025,T. C. Libramiento de Apizaco Oeste,21_DV2026_Puebla.pdf,7,21_DV2026_Puebla,111.3,1.0,1.0,16886.0,2.0,81.2,4.4,1.9,3.0,3.8,1.7,1.6,0.4,83.2,4.4,12.4,0.074,0.527,19.397253,-98.182162,100.0,True,
3,Los Reyes - Zacatepec,00052,MEX-136,2025,T. C. Libramiento de Apizaco Oeste,21_DV2026_Puebla.pdf,7,21_DV2026_Puebla,111.3,1.0,2.0,17509.0,2.4,80.5,4.7,2.0,2.9,3.6,1.7,1.8,0.4,82.9,4.7,12.4,0.076,0.527,19.397291,-98.182083,100.0,True,
3,Los Reyes - Zacatepec,00052,MEX-136,2025,Apizaco,21_DV2026_Puebla.pdf,7,21_DV2026_Puebla,117.74,1.0,1.0,24911.0,3.7,86.6,1.4,4.7,0.7,1.3,0.9,0.3,0.4,90.3,1.4,8.3,0.076,0.537,19.405503,-98.170906,100.0,True,
3,Los Reyes - Zacatepec,00052,MEX-136,2025,Apizaco,21_DV2026_Puebla.pdf,7,21_DV2026_Puebla,117.74,1.0,2.0,25863.0,3.7,86.6,1.6,4.8,0.6,1.2,0.8,0.3,0.4,90.3,1.6,8.1,0.078,0.537,19.40437,-98.171592,100.0,True,
3,Los Reyes - Zacatepec,00052,MEX-136,2025,Apizaco,21_DV2026_Puebla.pdf,7,21_DV2026_Puebla,117.74,3.0,0.0,20171.0,2.1,88.4,1.2,6.5,0.5,0.6,0.3,0.2,0.2,90.5,1.2,8.3,0.081,0.566,19.412572,-98.133025,100.0,True,
3,Los Reyes - Zacatepec,00052,MEX-136,2025,T. Der. Cuaxomulco,21_DV2026_Puebla.pdf,7,21_DV2026_Puebla,119.85,3.0,1.0,17115.0,4.5,89.4,0.9,3.6,0.7,0.4,0.2,0.2,0.1,93.9,0.9,5.2,0.069,0.527,19.413212,-98.115245,100.0,True,
3,Los Reyes - Zacatepec,00052,MEX-136,2025,T. Der. Cuaxomulco,21_DV2026_Puebla.pdf,7,21_DV2026_Puebla,119.85,3.0,2.0,17681.0,4.3,89.2,1.0,3.8,0.8,0.4,0.2,0.2,0.1,93.5,1.0,5.5,0.071,0.527,19.413271,-98.115224,100.0,True,
3,Los Reyes - Zacatepec,00052,MEX-136,2025,T. Libramiento de Apizaco Este,21_DV2026_Puebla.pdf,7,21_DV2026_Puebla,122.7,3.0,1.0,20106.0,2.4,82.3,2.8,3.5,1.8,3.9,1.3,1.6,0.4,84.7,2.8,12.5,0.08,0.553,19.405225,-98.089322,100.0,True,
3,Los Reyes - Zacatepec,00052,MEX-136,2025,T. Libramiento de Apizaco Este,21_DV2026_Puebla.pdf,7,21_DV2026_Puebla,122.7,3.0,2.0,19401.0,2.6,82.3,2.6,3.6,1.6,3.8,1.4,1.7,0.4,84.9,2.6,12.5,0.068,0.553,19.405309,-98.089303,100.0,True,
3,Los Reyes - Zacatepec,00052,MEX-136,2025,T. Izq. Xalostoc,21_DV2026_Puebla.pdf,7,21_DV2026_Puebla,126.67,3.0,1.0,14568.0,3.3,75.5,3.5,6.4,2.0,5.3,1.8,1.8,0.4,78.8,3.5,17.7,0.086,0.504,19.38963,-98.052602,100.0,True,
3,Los Reyes - Zacatepec,00052,MEX-136,2025,T. Izq. Xalostoc,21_DV2026_Puebla.pdf,7,21_DV2026_Puebla,126.67,3.0,2.0,14956.0,3.5,74.9,3.2,6.0,2.2,5.6,2.0,2.1,0.5,78.4,3.2,18.4,0.081,0.504,19.389678,-98.052523,100.0,True,
3,Los Reyes - Zacatepec,00052,MEX-136,2025,T. Izq. Libramiento de Huamantla,21_DV2026_Puebla.pdf,7,21_DV2026_Puebla,141.7,1.0,1.0,14335.0,2.2,77.4,3.9,5.0,2.1,5.9,1.4,1.7,0.4,79.6,3.9,16.5,0.089,0.59,19.325212,-97.953253,100.0,True,
3,Los Reyes - Zacatepec,00052,MEX-136,2025,T. Izq. Libramiento de Huamantla,21_DV2026_Puebla.pdf,7,21_DV2026_Puebla,141.7,1.0,2.0,14476.0,2.1,76.7,4.3,5.2,2.2,6.0,1.4,1.7,0.4,78.8,4.3,16.9,0.096,0.59,19.325282,-97.953202,100.0,True,
3,Los Reyes - Zacatepec,00052,MEX-136,2025,Huamantla,21_DV2026_Puebla.pdf,7,21_DV2026_Puebla,143.02,3.0,1.0,12959.0,4.6,74.0,4.4,4.6,2.2,6.1,2.0,1.6,0.5,78.6,4.4,17.0,0.078,0.503,19.315277,-97.884844,100.0,True,
3,Los Reyes - Zacatepec,00052,MEX-136,2025,Huamantla,21_DV2026_Puebla.pdf,7,21_DV2026_Puebla,143.02,3.0,2.0,11146.0,4.5,74.0,4.3,4.6,1.9,6.4,2.2,1.7,0.4,78.5,4.3,17.2,0.08,0.503,19.315361,-97.884828,100.0,True,
3,Los Reyes - Zacatepec,00052,MEX-136,2025,T. Libramiento de Huamantla Este,21_DV2026_Puebla.pdf,7,21_DV2026_Puebla,144.42,,,,,,,,,,,,,,,,,,,,,False,
3,Los Reyes - Zacatepec,00052,MEX-136,2025,X. C. Amozoc - Perote (Cuota),21_DV2026_Puebla.pdf,7,21_DV2026_Puebla,156.76,1.0,1.0,11000.0,2.3,72.3,4.5,6.0,2.2,6.3,4.2,1.8,0.4,74.6,4.5,20.9,0.081,0.536,19.308194,-97.809207,100.0,True,
3,Los Reyes - Zacatepec,00052,MEX-136,2025,X. C. Amozoc - Perote (Cuota),21_DV2026_Puebla.pdf,7,21_DV2026_Puebla,156.76,1.0,2.0,10859.0,2.4,72.6,4.2,5.9,2.0,6.5,4.2,1.8,0.4,75.0,4.2,20.8,0.074,0.536,19.308275,-97.809189,100.0,True,
3,Los Reyes - Zacatepec,00052,MEX-136,2025,X. C. Amozoc - Perote (Cuota),21_DV2026_Puebla.pdf,7,21_DV2026_Puebla,156.76,3.0,0.0,20625.0,3.9,71.1,4.5,5.0,3.8,6.4,2.0,2.6,0.7,75.0,4.5,20.5,0.059,0.516,19.305359,-97.791682,100.0,True,
3,Los Reyes - Zacatepec,00052,MEX-136,2025,T. Der. Cuapiaxtla,21_DV2026_Puebla.pdf,7,21_DV2026_Puebla,159.4,1.0,0.0,12954.0,2.8,71.1,4.1,7.8,3.4,5.9,3.5,1.1,0.3,73.9,4.1,22.0,0.075,0.555,19.303677,-97.781271,100.0,True,
3,Los Reyes - Zacatepec,00052,MEX-136,2025,X. C. Amozoc - Teziutlán,21_DV2026_Puebla.pdf,7,21_DV2026_Puebla,173.47,1.0,0.0,8036.0,2.6,70.5,3.8,4.7,3.8,7.7,4.7,1.7,0.5,73.1,3.8,23.1,0.081,0.565,19.3278,-97.67282,100.0,True,
3,Los Reyes - Zacatepec,00052,MEX-136,2025,X. C. Amozoc - Teziutlán,21_DV2026_Puebla.pdf,7,21_DV2026_Puebla,173.47,3.0,0.0,5449.0,4.4,57.6,3.2,3.7,7.7,11.2,9.1,2.4,0.7,62.0,3.2,34.8,0.075,0.71,19.313459,-97.627823,100.0,True,
3,Los Reyes - Zacatepec,00052,MEX-136,2025,Lim. Edos. Term. Tlax. Ppia. Pue.,21_DV2026_Puebla.pdf,7,21_DV2026_Puebla,177.57,,,,,,,,,,,,,,,,,,,,,False,
3,Los Reyes - Zacatepec,00052,MEX-136,2025,Zacatepec,21_DV2026_Puebla.pdf,7,21_DV2026_Puebla,187.67,1.0,0.0,5763.0,3.6,59.4,4.2,4.8,5.1,12.5,7.5,2.4,0.5,63.0,4.2,32.8,0.086,0.533,19.271408,-97.543684,100.0,True,
4,México - Puebla (Libre),00449,MEX-150,2025,México,21_DV2026_Puebla.pdf,8,21_DV2026_Puebla,0.0,,,,,,,,,,,,,,,,,,,,,False,
4,México - Puebla (Libre),00449,MEX-150,2025,Lim. Edos. Term. CDMX Ppia. Méx.,21_DV2026_Puebla.pdf,8,21_DV2026_Puebla,18.66,,,,,,,,,,,,,,,,,,,,,False,
4,México - Puebla (Libre),00449,MEX-150,2025,T. Der. Chalco,21_DV2026_Puebla.pdf,8,21_DV2026_Puebla,28.85,1.0,1.0,34946.0,4.5,88.6,0.5,3.7,0.9,0.6,0.4,0.6,0.2,93.1,0.5,6.4,0.068,0.512,19.310942,-98.904528,100.0,True,
4,México - Puebla (Libre),00449,MEX-150,2025,T. Der. Chalco,21_DV2026_Puebla.pdf,8,21_DV2026_Puebla,28.85,1.0,2.0,33203.0,5.0,88.2,0.6,3.5,1.0,0.6,0.5,0.5,0.1,93.2,0.6,6.2,0.067,0.512,19.31119,-98.904073,100.0,True,
4,México - Puebla (Libre),00449,MEX-150,2025,T. Der. Chalco (Lateral),21_DV2026_Puebla.pdf,8,21_DV2026_Puebla,28.85,3.0,1.0,8789.0,6.1,86.6,0.3,5.4,0.4,0.3,0.3,0.4,0.2,92.7,0.3,7.0,0.067,0.501,19.312587,-98.894262,100.0,True,
4,México - Puebla (Libre),00449,MEX-150,2025,T. Der. Chalco (Central),21_DV2026_Puebla.pdf,8,21_DV2026_Puebla,28.85,3.0,1.0,27096.0,4.0,89.5,0.5,3.6,0.7,0.5,0.4,0.5,0.3,93.5,0.5,6.0,0.073,0.505,19.312663,-98.894279,100.0,True,
4,México - Puebla (Libre),00449,MEX-150,2025,T. Der. Chalco (Lateral),21_DV2026_Puebla.pdf,8,21_DV2026_Puebla,28.85,3.0,2.0,8766.0,6.2,86.1,0.2,6.1,0.4,0.3,0.3,0.3,0.1,92.3,0.2,7.5,0.07,0.501,19.312831,-98.894324,100.0,True,
4,México - Puebla (Libre),00449,MEX-150,2025,T. Der. Chalco (Central),21_DV2026_Puebla.pdf,8,21_DV2026_Puebla,28.85,3.0,2.0,26374.0,3.8,89.3,0.6,3.8,0.6,0.4,0.7,0.6,0.2,93.1,0.6,6.3,0.085,0.505,19.312722,-98.8943,100.0,True,
4,México - Puebla (Libre),00449,MEX-150,2025,Ixtapaluca,21_DV2026_Puebla.pdf,8,21_DV2026_Puebla,31.06,3.0,1.0,22658.0,6.1,87.7,0.2,4.7,0.4,0.3,0.2,0.1,0.3,93.8,0.2,6.0,0.068,0.514,19.315811,-98.874649,100.0,True,
4,México - Puebla (Libre),00449,MEX-150,2025,Ixtapaluca,21_DV2026_Puebla.pdf,8,21_DV2026_Puebla,31.06,3.0,2.0,23930.0,5.8,87.9,0.2,4.6,0.6,0.4,0.1,0.1,0.3,93.7,0.2,6.1,0.072,0.514,19.3159,-98.874822,100.0,True,
4,México - Puebla (Libre),00449,MEX-150,2025,T. Der. C. México - Puebla (Cuota) (Río Frío),21_DV2026_Puebla.pdf,8,21_DV2026_Puebla,62.06,1.0,0.0,2967.0,4.2,68.9,2.8,10.7,6.0,5.5,1.4,0.5,0.0,73.1,2.8,24.1,0.078,0.535,19.349755,-98.670747,100.0,True,
4,México - Puebla (Libre),00449,MEX-150,2025,T. Der. C. México - Puebla (Cuota) (Río Frío),21_DV2026_Puebla.pdf,8,21_DV2026_Puebla,62.06,3.0,0.0,1279.0,3.3,77.0,2.2,8.1,3.5,4.7,0.6,0.6,0.0,80.3,2.2,17.5,0.103,0.518,19.352828,-98.662805,100.0,True,
4,México - Puebla (Libre),00449,MEX-150,2025,Lim. Edos. Term. Méx. Ppia. Pue.,21_DV2026_Puebla.pdf,8,21_DV2026_Puebla,62.98,,,,,,,,,,,,,,,,,,,,,False,
4,México - Puebla (Libre),00449,MEX-150,2025,San Martín Texmelucan,21_DV2026_Puebla.pdf,8,21_DV2026_Puebla,70.0,1.0,0.0,13470.0,13.7,76.2,1.2,6.3,1.0,0.5,0.3,0.5,0.3,89.9,1.2,8.9,0.077,0.52,19.301515,-98.452735,100.0,True,
4,México - Puebla (Libre),00449,MEX-150,2025,X. C. México - Puebla (Cuota),21_DV2026_Puebla.pdf,8,21_DV2026_Puebla,74.1,3.0,1.0,10536.0,8.3,79.3,1.4,6.0,1.0,2.3,0.6,0.9,0.2,87.6,1.4,11.0,0.096,0.566,19.2548,-98.428548,100.0,True,
4,México - Puebla (Libre),00449,MEX-150,2025,X. C. México - Puebla (Cuota),21_DV2026_Puebla.pdf,8,21_DV2026_Puebla,74.1,3.0,2.0,10149.0,8.2,80.0,1.2,6.2,1.2,2.0,0.5,0.6,0.1,88.2,1.2,10.6,0.084,0.566,19.25481,-98.428445,100.0,True,
4,México - Puebla (Libre),00449,MEX-150,2025,Huejotzingo,21_DV2026_Puebla.pdf,8,21_DV2026_Puebla,88.0,1.0,1.0,7287.0,8.1,79.9,3.5,6.5,1.0,0.8,0.1,0.1,0.0,88.0,3.5,8.5,0.079,0.508,19.177302,-98.415426,100.0,True,
4,México - Puebla (Libre),00449,MEX-150,2025,Huejotzingo,21_DV2026_Puebla.pdf,8,21_DV2026_Puebla,88.0,1.0,2.0,7040.0,8.0,80.2,3.3,6.6,0.9,0.8,0.1,0.1,0.0,88.2,3.3,8.5,0.082,0.508,19.177322,-98.415309,100.0,True,
4,México - Puebla (Libre),00449,MEX-150,2025,Huejotzingo,21_DV2026_Puebla.pdf,8,21_DV2026_Puebla,88.0,3.0,1.0,6138.0,5.4,84.0,1.2,6.1,1.3,1.4,0.3,0.2,0.1,89.4,1.2,9.4,0.091,0.527,19.145773,-98.387745,100.0,True,
4,México - Puebla (Libre),00449,MEX-150,2025,Huejotzingo,21_DV2026_Puebla.pdf,8,21_DV2026_Puebla,88.0,3.0,2.0,6401.0,5.3,84.1,1.3,5.9,1.4,1.4,0.5,0.1,0.0,89.4,1.3,9.3,0.102,0.527,19.145852,-98.387719,100.0,True,
4,México - Puebla (Libre),00449,MEX-150,2025,T. Izq. Aeropuerto,21_DV2026_Puebla.pdf,8,21_DV2026_Puebla,92.8,1.0,1.0,7110.0,6.1,82.3,2.5,4.9,2.0,1.7,0.2,0.3,0.0,88.4,2.5,9.1,0.084,0.527,19.136222,-98.377229,100.0,True,
4,México - Puebla (Libre),00449,MEX-150,2025,T. Izq. Aeropuerto,21_DV2026_Puebla.pdf,8,21_DV2026_Puebla,92.8,1.0,2.0,6992.0,6.3,82.7,2.2,5.1,1.7,1.6,0.3,0.1,0.0,89.0,2.2,8.8,0.085,0.527,19.136298,-98.377137,100.0,True,
4,México - Puebla (Libre),00449,MEX-150,2025,T. Der. Cholula,21_DV2026_Puebla.pdf,8,21_DV2026_Puebla,101.0,1.0,1.0,14524.0,6.2,86.8,1.5,2.8,1.4,0.9,0.2,0.1,0.1,93.0,1.5,5.5,0.096,0.592,19.076646,-98.322462,100.0,True,
4,México - Puebla (Libre),00449,MEX-150,2025,T. Der. Cholula,21_DV2026_Puebla.pdf,8,21_DV2026_Puebla,101.0,1.0,2.0,13923.0,6.2,86.6,1.5,3.1,1.2,0.9,0.3,0.1,0.1,92.8,1.5,5.7,0.086,0.592,19.076709,-98.32241,100.0,True,
4,México - Puebla (Libre),00449,MEX-150,2025,T. Der. Cholula,21_DV2026_Puebla.pdf,8,21_DV2026_Puebla,101.0,3.0,1.0,19042.0,5.7,88.5,0.7,2.5,1.3,0.9,0.3,0.1,0.0,94.2,0.7,5.1,0.079,0.544,19.070229,-98.312715,100.0,True,
4,México - Puebla (Libre),00449,MEX-150,2025,T. Der. Cholula,21_DV2026_Puebla.pdf,8,21_DV2026_Puebla,101.0,3.0,2.0,20038.0,5.5,88.9,0.4,2.5,1.4,1.0,0.2,0.1,0.0,94.4,0.4,5.2,0.071,0.544,19.070411,-98.312795,100.0,True,
4,México - Puebla (Libre),00449,MEX-150,2025,Puebla,21_DV2026_Puebla.pdf,8,21_DV2026_Puebla,131.0,,,,,,,,,,,,,,,,,,,,,False,
5,Pachuca - Túxpam,00608,MEX-130,2025,Pachuca,21_DV2026_Puebla.pdf,8,21_DV2026_Puebla,0.0,,,,,,,,,,,,,,,,,,,,,False,
5,Pachuca - Túxpam,00608,MEX-130,2025,X. C. Libramiento de Pachuca,21_DV2026_Puebla.pdf,8,21_DV2026_Puebla,2.6,3.0,1.0,33336.0,6.4,89.5,0.3,2.3,0.6,0.4,0.2,0.2,0.1,95.9,0.3,3.8,0.075,0.518,20.086797,-98.713339,100.0,True,
5,Pachuca - Túxpam,00608,MEX-130,2025,X. C. Libramiento de Pachuca,21_DV2026_Puebla.pdf,8,21_DV2026_Puebla,2.6,3.0,2.0,30841.0,6.4,89.4,0.3,2.4,0.6,0.4,0.2,0.2,0.1,95.8,0.3,3.9,0.081,0.518,20.086837,-98.713177,100.0,True,
5,Pachuca - Túxpam,00608,MEX-130,2025,T. Izq. Pachuquilla (1º Acceso),21_DV2026_Puebla.pdf,9,21_DV2026_Puebla,7.0,1.0,1.0,24199.0,3.7,88.6,0.7,4.2,1.3,0.6,0.3,0.3,0.3,92.3,0.7,7.0,0.072,0.505,20.077723,-98.709754,100.0,True,
5,Pachuca - Túxpam,00608,MEX-130,2025,T. Izq. Pachuquilla (1º Acceso),21_DV2026_Puebla.pdf,9,21_DV2026_Puebla,7.0,1.0,2.0,24700.0,3.7,88.8,0.7,4.1,1.3,0.6,0.3,0.3,0.2,92.5,0.7,6.8,0.09,0.505,20.077988,-98.709756,100.0,True,
5,Pachuca - Túxpam,00608,MEX-130,2025,T. Izq. Pachuquilla (2º Acceso),21_DV2026_Puebla.pdf,9,21_DV2026_Puebla,10.5,1.0,1.0,12855.0,3.2,91.7,0.7,2.9,0.6,0.3,0.2,0.3,0.1,94.9,0.7,4.4,0.07,0.523,20.066526,-98.675721,100.0,True,
5,Pachuca - Túxpam,00608,MEX-130,2025,T. Izq. Pachuquilla (2º Acceso),21_DV2026_Puebla.pdf,9,21_DV2026_Puebla,10.5,1.0,2.0,14116.0,3.7,90.6,0.8,3.1,0.8,0.4,0.2,0.3,0.1,94.3,0.8,4.9,0.08,0.523,20.066656,-98.675739,100.0,True,
5,Pachuca - Túxpam,00608,MEX-130,2025,T. Der. Cd. Sahagún,21_DV2026_Puebla.pdf,9,21_DV2026_Puebla,16.59,1.0,1.0,13286.0,3.9,90.9,0.7,2.2,0.9,0.6,0.3,0.4,0.1,94.8,0.7,4.5,0.08,0.505,20.060952,-98.635067,100.0,True,
5,Pachuca - Túxpam,00608,MEX-130,2025,T. Der. Cd. Sahagún,21_DV2026_Puebla.pdf,9,21_DV2026_Puebla,16.59,1.0,2.0,13527.0,3.9,90.3,0.8,2.5,1.2,0.6,0.3,0.3,0.1,94.2,0.8,5.0,0.085,0.505,20.061014,-98.63599,100.0,True,
5,Pachuca - Túxpam,00608,MEX-130,2025,T. Der. Cd. Sahagún,21_DV2026_Puebla.pdf,9,21_DV2026_Puebla,16.59,3.0,1.0,9494.0,4.2,88.3,1.1,3.7,1.3,0.7,0.3,0.3,0.1,92.5,1.1,6.4,0.107,0.501,20.044067,-98.609097,100.0,True,
5,Pachuca - Túxpam,00608,MEX-130,2025,T. Der. Cd. Sahagún,21_DV2026_Puebla.pdf,9,21_DV2026_Puebla,16.59,3.0,2.0,9549.0,4.3,87.8,1.1,3.8,1.4,0.7,0.3,0.4,0.2,92.1,1.1,6.8,0.077,0.501,20.044155,-98.608943,100.0,True,
5,Pachuca - Túxpam,00608,MEX-130,2025,T. C. Venta de Carpio - Tulancingo,21_DV2026_Puebla.pdf,9,21_DV2026_Puebla,36.45,1.0,1.0,9100.0,3.7,85.4,1.5,6.4,1.7,0.7,0.3,0.3,0.0,89.1,1.5,9.4,0.083,0.512,20.0567,-98.474954,100.0,True,
5,Pachuca - Túxpam,00608,MEX-130,2025,T. C. Venta de Carpio - Tulancingo,21_DV2026_Puebla.pdf,9,21_DV2026_Puebla,36.45,1.0,2.0,9562.0,3.6,86.2,1.5,5.9,1.6,0.7,0.3,0.2,0.0,89.8,1.5,8.7,0.076,0.512,20.056836,-98.474947,100.0,True,
5,Pachuca - Túxpam,00608,MEX-130,2025,T. C. Venta de Carpio - Tulancingo,21_DV2026_Puebla.pdf,9,21_DV2026_Puebla,36.45,3.0,1.0,17074.0,3.9,88.5,1.1,3.3,1.8,0.8,0.2,0.3,0.1,92.4,1.1,6.5,0.076,0.515,20.062786,-98.440019,100.0,True,
5,Pachuca - Túxpam,00608,MEX-130,2025,T. C. Venta de Carpio - Tulancingo,21_DV2026_Puebla.pdf,9,21_DV2026_Puebla,36.45,3.0,2.0,18146.0,4.6,87.4,1.2,3.5,1.9,0.8,0.2,0.3,0.1,92.0,1.2,6.8,0.075,0.515,20.063386,-98.438917,100.0,True,
5,Pachuca - Túxpam,00608,MEX-130,2025,T. Izq. Libramiento de Tulancingo,21_DV2026_Puebla.pdf,9,21_DV2026_Puebla,59.33,3.0,1.0,9292.0,5.7,87.4,0.7,2.6,1.6,0.8,0.7,0.4,0.1,93.1,0.7,6.2,0.075,0.506,20.151642,-98.285132,100.0,True,
5,Pachuca - Túxpam,00608,MEX-130,2025,T. Izq. Libramiento de Tulancingo,21_DV2026_Puebla.pdf,9,21_DV2026_Puebla,59.33,3.0,2.0,9072.0,4.9,88.5,0.6,2.6,1.6,0.8,0.5,0.4,0.1,93.4,0.6,6.0,0.083,0.506,20.151867,-98.285037,100.0,True,
5,Pachuca - Túxpam,00608,MEX-130,2025,T. Izq. Huayacocotla,21_DV2026_Puebla.pdf,9,21_DV2026_Puebla,60.16,3.0,0.0,16686.0,6.8,86.2,0.7,2.7,1.4,0.8,0.4,0.8,0.2,93.0,0.7,6.3,0.065,0.502,20.157734,-98.278269,100.0,True,
5,Pachuca - Túxpam,00608,MEX-130,2025,T. Izq. Honey,21_DV2026_Puebla.pdf,9,21_DV2026_Puebla,63.0,3.0,0.0,11700.0,4.7,85.2,1.2,4.6,2.2,0.9,0.4,0.6,0.2,89.9,1.2,8.9,0.072,0.509,20.161487,-98.259556,100.0,True,
5,Pachuca - Túxpam,00608,MEX-130,2025,Lim. Edos. Term. Hgo. Ppia. Pue.,21_DV2026_Puebla.pdf,9,21_DV2026_Puebla,83.18,,,,,,,,,,,,,,,,,,,,,False,
5,Pachuca - Túxpam,00608,MEX-130,2025,T. Der. Huauchinango (1º Acceso),21_DV2026_Puebla.pdf,9,21_DV2026_Puebla,94.0,1.0,0.0,5512.0,3.9,85.1,1.5,4.4,3.2,1.0,0.4,0.3,0.2,89.0,1.5,9.5,0.076,0.511,20.169554,-98.073358,100.0,True,
5,Pachuca - Túxpam,00608,MEX-130,2025,T. Der. Huauchinango (2º Acceso),21_DV2026_Puebla.pdf,9,21_DV2026_Puebla,100.0,3.0,0.0,9769.0,4.2,85.9,1.6,5.0,1.7,0.5,0.6,0.3,0.2,90.1,1.6,8.3,0.08,0.542,20.192895,-98.036079,100.0,True,
5,Pachuca - Túxpam,00608,MEX-130,2025,Villa Ávila Camacho,21_DV2026_Puebla.pdf,9,21_DV2026_Puebla,141.75,1.0,0.0,2934.0,5.7,75.9,3.6,10.6,2.1,1.0,0.4,0.6,0.1,81.6,3.6,14.8,0.074,0.514,20.380183,-97.8852,100.0,True,
5,Pachuca - Túxpam,00608,MEX-130,2025,Villa Ávila Camacho,21_DV2026_Puebla.pdf,9,21_DV2026_Puebla,141.75,3.0,0.0,5662.0,2.6,84.1,3.1,6.8,1.8,0.7,0.4,0.4,0.1,86.7,3.1,10.2,0.079,0.549,20.394223,-97.873543,100.0,True,
5,Pachuca - Túxpam,00608,MEX-130,2025,Piedras Negras,21_DV2026_Puebla.pdf,9,21_DV2026_Puebla,158.7,1.0,0.0,3935.0,4.0,76.1,4.4,8.0,2.9,2.4,0.8,1.3,0.1,80.1,4.4,15.5,0.081,0.628,20.440264,-97.761178,100.0,True,
5,Pachuca - Túxpam,00608,MEX-130,2025,T. Izq. Venustiano Carranza,21_DV2026_Puebla.pdf,9,21_DV2026_Puebla,174.1,3.0,0.0,4447.0,3.5,78.4,4.6,6.9,2.0,2.4,1.4,0.7,0.1,81.9,4.6,13.5,0.082,0.606,20.480028,-97.640533,100.0,True,
5,Pachuca - Túxpam,00608,MEX-130,2025,Lim. Edos. Term. Pue. Ppia. Ver.,21_DV2026_Puebla.pdf,9,21_DV2026_Puebla,180.0,,,,,,,,,,,,,,,,,,,,,False,
5,Pachuca - Túxpam,00608,MEX-130,2025,T. Der. Poza Rica,21_DV2026_Puebla.pdf,9,21_DV2026_Puebla,197.0,1.0,0.0,12764.0,6.7,84.7,1.2,3.7,1.2,1.1,0.6,0.6,0.2,91.4,1.2,7.4,0.08,0.534,20.519749,-97.492856,100.0,True,
5,Pachuca - Túxpam,00608,MEX-130,2025,T. Der. Poza Rica,21_DV2026_Puebla.pdf,9,21_DV2026_Puebla,197.0,3.0,0.0,22953.0,4.4,85.0,3.0,3.6,1.4,1.2,0.6,0.6,0.2,89.4,3.0,7.6,0.069,0.537,20.560474,-97.476632,100.0,True,
5,Pachuca - Túxpam,00608,MEX-130,2025,Tihuatlán,21_DV2026_Puebla.pdf,9,21_DV2026_Puebla,217.0,1.0,0.0,12737.0,6.3,75.5,5.1,6.7,1.7,2.4,0.8,1.0,0.5,81.8,5.1,13.1,0.071,0.524,20.698886,-97.527871,100.0,True,
5,Pachuca - Túxpam,00608,MEX-130,2025,Tihuatlán,21_DV2026_Puebla.pdf,9,21_DV2026_Puebla,217.0,3.0,0.0,3199.0,8.7,81.5,1.3,3.3,1.9,1.4,1.1,0.7,0.1,90.2,1.3,8.5,0.079,0.532,20.721107,-97.527737,100.0,True,
5,Pachuca - Túxpam,00608,MEX-130,2025,T. C. Tihuatlán - Túxpam (Cuota),21_DV2026_Puebla.pdf,9,21_DV2026_Puebla,232.5,1.0,0.0,2409.0,10.1,75.9,1.5,6.9,1.3,2.4,1.4,0.2,0.3,86.0,1.5,12.5,0.079,0.545,20.806893,-97.477632,100.0,True,
6,Puebla - Belem,00055,MEX-121,2025,T. C. Puebla - Tlaxcala,21_DV2026_Puebla.pdf,9,21_DV2026_Puebla,0.0,,,,,,,,,,,,,,,,,,,,,False,
6,Puebla - Belem,00055,MEX-121,2025,X. C. Puebla - Acatzingo (Cuota),21_DV2026_Puebla.pdf,10,21_DV2026_Puebla,4.0,3.0,1.0,23733.0,5.1,87.4,0.8,4.3,1.0,1.0,0.2,0.2,0.0,92.5,0.8,6.7,0.087,0.555,19.101918,-98.1826,100.0,True,
6,Puebla - Belem,00055,MEX-121,2025,X. C. Puebla - Acatzingo (Cuota),21_DV2026_Puebla.pdf,10,21_DV2026_Puebla,4.0,3.0,2.0,23491.0,5.0,87.3,0.6,4.7,1.0,0.9,0.2,0.2,0.1,92.3,0.6,7.1,0.087,0.555,19.101985,-98.182715,100.0,True,
6,Puebla - Belem,00055,MEX-121,2025,Lim. Edos. Term. Pue. Ppia. Tlax.,21_DV2026_Puebla.pdf,10,21_DV2026_Puebla,6.6,,,,,,,,,,,,,,,,,,,,,False,
6,Puebla - Belem,00055,MEX-121,2025,Lim. Edos. Term. Tlax. Ppia. Pue.,21_DV2026_Puebla.pdf,10,21_DV2026_Puebla,9.77,,,,,,,,,,,,,,,,,,,,,False,
6,Puebla - Belem,00055,MEX-121,2025,Lim. Edos. Term. Pue. Ppia. Tlax.,21_DV2026_Puebla.pdf,10,21_DV2026_Puebla,10.25,,,,,,,,,,,,,,,,,,,,,False,
6,Puebla - Belem,00055,MEX-121,2025,T. Izq. Zacatelco,21_DV2026_Puebla.pdf,10,21_DV2026_Puebla,16.7,1.0,1.0,15989.0,2.8,88.6,1.4,4.0,0.9,1.5,0.4,0.3,0.1,91.4,1.4,7.2,0.084,0.57,19.204133,-98.195316,100.0,True,
6,Puebla - Belem,00055,MEX-121,2025,T. Izq. Zacatelco,21_DV2026_Puebla.pdf,10,21_DV2026_Puebla,16.7,1.0,2.0,15946.0,2.6,89.1,1.1,4.2,1.1,1.0,0.4,0.3,0.2,91.7,1.1,7.2,0.075,0.57,19.204133,-98.195453,100.0,True,
6,Puebla - Belem,00055,MEX-121,2025,X. C. Tlaxcala - Belem,21_DV2026_Puebla.pdf,10,21_DV2026_Puebla,28.8,1.0,1.0,19956.0,8.2,83.8,1.4,3.4,0.8,1.2,0.4,0.2,0.6,92.0,1.4,6.6,0.083,0.515,19.316677,-98.203686,100.0,True,
6,Puebla - Belem,00055,MEX-121,2025,X. C. Tlaxcala - Belem,21_DV2026_Puebla.pdf,10,21_DV2026_Puebla,28.8,1.0,2.0,19257.0,8.5,83.7,1.2,3.0,1.1,1.4,0.2,0.2,0.7,92.2,1.2,6.6,0.081,0.515,19.316713,-98.203758,100.0,True,
6,Puebla - Belem,00055,MEX-121,2025,T. C. San Martín Texmelucan - Ocotoxco (Cuota),21_DV2026_Puebla.pdf,10,21_DV2026_Puebla,34.9,,,,,,,,,,,,,,,,,,,,,False,
7,Puebla - Huajuapan de León,00049,MEX-190,2025,Puebla,21_DV2026_Puebla.pdf,10,21_DV2026_Puebla,0.0,3.0,1.0,30102.0,5.0,86.2,2.7,3.4,1.5,0.5,0.2,0.3,0.2,91.2,2.7,6.1,0.067,0.534,19.034229,-98.260707,100.0,True,
7,Puebla - Huajuapan de León,00049,MEX-190,2025,Puebla,21_DV2026_Puebla.pdf,10,21_DV2026_Puebla,0.0,3.0,2.0,31522.0,5.2,86.3,2.4,3.5,1.3,0.6,0.2,0.3,0.2,91.5,2.4,6.1,0.07,0.534,19.034115,-98.260584,100.0,True,
7,Puebla - Huajuapan de León,00049,MEX-190,2025,T. Izq. Santa María Acuyah,21_DV2026_Puebla.pdf,10,21_DV2026_Puebla,8.68,1.0,1.0,18829.0,4.1,86.9,1.5,3.7,1.3,1.1,0.5,0.7,0.2,91.0,1.5,7.5,0.08,0.52,19.025215,-98.291292,100.0,True,
7,Puebla - Huajuapan de León,00049,MEX-190,2025,T. Izq. Santa María Acuyah,21_DV2026_Puebla.pdf,10,21_DV2026_Puebla,8.68,1.0,2.0,20132.0,4.3,87.3,1.3,4.0,1.1,0.9,0.3,0.6,0.2,91.6,1.3,7.1,0.078,0.52,19.025169,-98.291131,100.0,True,
7,Puebla - Huajuapan de León,00049,MEX-190,2025,T. Izq. Santa María Acuyah,21_DV2026_Puebla.pdf,10,21_DV2026_Puebla,8.68,3.0,1.0,18724.0,4.6,86.7,1.5,3.0,1.7,1.3,0.4,0.6,0.2,91.3,1.5,7.2,0.077,0.512,19.023236,-98.302336,100.0,True,
7,Puebla - Huajuapan de León,00049,MEX-190,2025,T. Izq. Santa María Acuyah,21_DV2026_Puebla.pdf,10,21_DV2026_Puebla,8.68,3.0,2.0,18617.0,4.5,87.2,1.4,3.3,1.6,1.1,0.3,0.4,0.2,91.7,1.4,6.9,0.078,0.512,19.023155,-98.30235,100.0,True,
7,Puebla - Huajuapan de León,00049,MEX-190,2025,Chipilo,21_DV2026_Puebla.pdf,10,21_DV2026_Puebla,13.0,1.0,1.0,16760.0,7.2,83.9,1.5,3.2,2.1,1.2,0.3,0.4,0.2,91.1,1.5,7.4,0.078,0.5,19.012009,-98.321122,100.0,True,
7,Puebla - Huajuapan de León,00049,MEX-190,2025,Chipilo,21_DV2026_Puebla.pdf,10,21_DV2026_Puebla,13.0,1.0,2.0,16665.0,7.0,84.4,1.4,3.0,2.2,1.0,0.2,0.6,0.2,91.4,1.4,7.2,0.084,0.5,19.011962,-98.321042,100.0,True,
7,Puebla - Huajuapan de León,00049,MEX-190,2025,T. Der. Santa Isabel Cholula,21_DV2026_Puebla.pdf,10,21_DV2026_Puebla,17.28,1.0,0.0,19668.0,9.6,84.3,0.7,2.1,1.5,0.7,0.4,0.4,0.3,93.9,0.7,5.4,0.081,0.516,18.986437,-98.361806,100.0,True,
7,Puebla - Huajuapan de León,00049,MEX-190,2025,T. Der. Santa Isabel Cholula,21_DV2026_Puebla.pdf,10,21_DV2026_Puebla,17.28,3.0,0.0,17201.0,8.1,85.0,0.9,2.6,1.3,0.9,0.5,0.5,0.2,93.1,0.9,6.0,0.076,0.524,18.966925,-98.383383,100.0,True,
7,Puebla - Huajuapan de León,00049,MEX-190,2025,Atlixco,21_DV2026_Puebla.pdf,10,21_DV2026_Puebla,29.88,1.0,0.0,23349.0,8.3,86.3,0.6,2.4,0.9,0.6,0.3,0.3,0.3,94.6,0.6,4.8,0.073,0.527,18.930491,-98.407265,100.0,True,
7,Puebla - Huajuapan de León,00049,MEX-190,2025,Atlixco,21_DV2026_Puebla.pdf,10,21_DV2026_Puebla,29.88,3.0,1.0,9469.0,6.8,83.3,1.5,3.3,1.8,1.6,0.7,0.8,0.2,90.1,1.5,8.4,0.089,0.604,18.867117,-98.440129,100.0,True,
7,Puebla - Huajuapan de León,00049,MEX-190,2025,Atlixco,21_DV2026_Puebla.pdf,10,21_DV2026_Puebla,29.88,3.0,2.0,9255.0,6.6,83.4,1.6,3.5,1.4,1.5,1.0,0.7,0.3,90.0,1.6,8.4,0.077,0.604,18.867164,-98.440031,100.0,True,
7,Puebla - Huajuapan de León,00049,MEX-190,2025,Tepeojuma,21_DV2026_Puebla.pdf,10,21_DV2026_Puebla,51.9,1.0,1.0,7350.0,6.9,82.1,1.8,3.8,1.8,1.6,0.6,1.1,0.3,89.0,1.8,9.2,0.082,0.556,18.735612,-98.44878,100.0,True,
7,Puebla - Huajuapan de León,00049,MEX-190,2025,Tepeojuma,21_DV2026_Puebla.pdf,10,21_DV2026_Puebla,51.9,1.0,2.0,7249.0,7.1,82.4,2.0,3.8,1.6,1.4,0.8,0.7,0.2,89.5,2.0,8.5,0.081,0.556,18.735472,-98.448705,100.0,True,
7,Puebla - Huajuapan de León,00049,MEX-190,2025,Izúcar de Matamoros,21_DV2026_Puebla.pdf,10,21_DV2026_Puebla,67.0,1.0,0.0,9564.0,17.7,74.7,0.8,2.6,1.8,0.9,0.7,0.5,0.3,92.4,0.8,6.8,0.071,0.558,18.634649,-98.468891,100.0,True,
7,Puebla - Huajuapan de León,00049,MEX-190,2025,T. Der. Cuautla,21_DV2026_Puebla.pdf,10,21_DV2026_Puebla,70.0,3.0,0.0,12462.0,22.7,68.6,1.7,2.3,1.6,1.2,0.8,0.7,0.4,91.3,1.7,7.0,0.07,0.643,18.582713,-98.452037,100.0,True,
7,Puebla - Huajuapan de León,00049,MEX-190,2025,Tehuitzingo,21_DV2026_Puebla.pdf,10,21_DV2026_Puebla,113.3,1.0,0.0,7933.0,14.0,75.6,2.3,3.2,1.5,1.2,0.7,1.2,0.3,89.6,2.3,8.1,0.09,0.508,18.338373,-98.28303,100.0,True,
7,Puebla - Huajuapan de León,00049,MEX-190,2025,Acatlán de Osorio,21_DV2026_Puebla.pdf,10,21_DV2026_Puebla,154.2,1.0,0.0,8630.0,10.9,82.1,1.4,2.6,0.7,0.8,0.5,0.6,0.4,93.0,1.4,5.6,0.076,0.523,18.182001,-98.058744,100.0,True,
7,Puebla - Huajuapan de León,00049,MEX-190,2025,Chila,21_DV2026_Puebla.pdf,10,21_DV2026_Puebla,192.3,3.0,0.0,2380.0,4.0,77.2,4.6,8.2,3.5,1.7,0.4,0.4,0.0,81.2,4.6,14.2,0.075,0.517,17.966459,-97.864127,100.0,True,
7,Puebla - Huajuapan de León,00049,MEX-190,2025,Lim. Edos. Term. Pue. Ppia. Oax.,21_DV2026_Puebla.pdf,11,21_DV2026_Puebla,200.3,,,,,,,,,,,,,,,,,,,,,False,
7,Puebla - Huajuapan de León,00049,MEX-190,2025,T. Izq. Las Palmas,21_DV2026_Puebla.pdf,11,21_DV2026_Puebla,202.1,1.0,0.0,2435.0,4.4,82.3,4.2,4.6,1.7,1.7,0.8,0.3,0.0,86.7,4.2,9.1,0.08,0.556,17.884402,-97.839182,100.0,True,
7,Puebla - Huajuapan de León,00049,MEX-190,2025,Huajuapan de León,21_DV2026_Puebla.pdf,11,21_DV2026_Puebla,219.3,1.0,0.0,3600.0,10.1,76.8,2.5,3.5,1.3,3.8,1.4,0.5,0.1,86.9,2.5,10.6,0.078,0.511,17.841229,-97.792783,100.0,True,
8,Puebla - Tehuacán,21047,MEX-150,2025,Puebla,21_DV2026_Puebla.pdf,11,21_DV2026_Puebla,0.0,,,,,,,,,,,,,,,,,,,,,False,
8,Puebla - Tehuacán,21047,MEX-150,2025,T. Izq. A Enlace con Aut. Puebla - Acatzingo (Cuota),21_DV2026_Puebla.pdf,11,21_DV2026_Puebla,5.83,3.0,1.0,21646.0,5.0,83.4,1.5,5.8,1.2,1.2,0.7,0.8,0.4,88.4,1.5,10.1,0.076,0.56,19.046164,-98.107807,100.0,True,
8,Puebla - Tehuacán,21047,MEX-150,2025,T. Izq. A Enlace con Aut. Puebla - Acatzingo (Cuota),21_DV2026_Puebla.pdf,11,21_DV2026_Puebla,5.83,3.0,2.0,22221.0,5.2,84.3,1.2,5.6,1.2,0.8,0.6,0.8,0.3,89.5,1.2,9.3,0.087,0.56,19.046284,-98.107809,100.0,True,
8,Puebla - Tehuacán,21047,MEX-150,2025,Chachapa,21_DV2026_Puebla.pdf,11,21_DV2026_Puebla,8.4,3.0,1.0,20667.0,6.8,80.1,1.6,6.9,1.6,1.6,0.4,0.4,0.6,86.9,1.6,11.5,0.073,0.552,19.04384,-98.079383,100.0,True,
8,Puebla - Tehuacán,21047,MEX-150,2025,Chachapa,21_DV2026_Puebla.pdf,11,21_DV2026_Puebla,8.4,3.0,2.0,20799.0,6.3,80.8,1.2,7.0,1.6,1.4,0.8,0.2,0.7,87.1,1.2,11.7,0.077,0.552,19.04394,-98.079379,100.0,True,
8,Puebla - Tehuacán,21047,MEX-150,2025,Amozoc,21_DV2026_Puebla.pdf,11,21_DV2026_Puebla,17.86,1.0,1.0,16336.0,12.6,73.2,2.0,6.9,1.3,1.6,0.8,0.7,0.9,85.8,2.0,12.2,0.069,0.549,19.042049,-98.048718,100.0,True,
8,Puebla - Tehuacán,21047,MEX-150,2025,Amozoc,21_DV2026_Puebla.pdf,11,21_DV2026_Puebla,17.86,1.0,2.0,16646.0,12.2,73.6,1.8,7.0,1.6,1.7,0.4,0.9,0.8,85.8,1.8,12.4,0.076,0.549,19.042117,-98.048922,100.0,True,
8,Puebla - Tehuacán,21047,MEX-150,2025,Amozoc,21_DV2026_Puebla.pdf,11,21_DV2026_Puebla,17.86,3.0,1.0,10368.0,6.5,80.7,1.5,4.9,3.5,1.2,0.9,0.6,0.2,87.2,1.5,11.3,0.079,0.521,19.038024,-98.031584,100.0,True,
8,Puebla - Tehuacán,21047,MEX-150,2025,Amozoc,21_DV2026_Puebla.pdf,11,21_DV2026_Puebla,17.86,3.0,2.0,11258.0,6.3,82.2,1.2,5.0,3.1,1.0,0.5,0.3,0.4,88.5,1.2,10.3,0.077,0.521,19.038145,-98.031741,100.0,True,
8,Puebla - Tehuacán,21047,MEX-150,2025,Tepeaca,21_DV2026_Puebla.pdf,11,21_DV2026_Puebla,35.3,1.0,1.0,11364.0,5.9,81.9,1.5,6.5,1.8,1.0,0.8,0.5,0.1,87.8,1.5,10.7,0.106,0.568,18.988448,-97.91545,100.0,True,
8,Puebla - Tehuacán,21047,MEX-150,2025,Tepeaca,21_DV2026_Puebla.pdf,11,21_DV2026_Puebla,35.3,1.0,2.0,11128.0,5.6,82.0,1.3,6.5,1.6,1.3,0.7,0.7,0.3,87.6,1.3,11.1,0.1,0.568,18.988039,-97.914642,100.0,True,
8,Puebla - Tehuacán,21047,MEX-150,2025,Tepeaca,21_DV2026_Puebla.pdf,11,21_DV2026_Puebla,35.3,3.0,1.0,9075.0,7.8,84.0,1.0,2.1,1.8,0.9,0.5,1.3,0.6,91.8,1.0,7.2,0.074,0.533,18.953973,-97.896865,100.0,True,
8,Puebla - Tehuacán,21047,MEX-150,2025,Tepeaca,21_DV2026_Puebla.pdf,11,21_DV2026_Puebla,35.3,3.0,2.0,10234.0,7.7,85.3,1.2,2.0,1.5,0.7,0.3,1.0,0.3,93.0,1.2,5.8,0.075,0.533,18.954013,-97.896732,100.0,True,
8,Puebla - Tehuacán,21047,MEX-150,2025,T. Izq. Acatzingo,21_DV2026_Puebla.pdf,11,21_DV2026_Puebla,41.8,3.0,1.0,9668.0,5.0,83.4,1.8,4.9,2.5,1.3,0.6,0.2,0.3,88.4,1.8,9.8,0.08,0.525,18.923899,-97.852767,100.0,True,
8,Puebla - Tehuacán,21047,MEX-150,2025,T. Izq. Acatzingo,21_DV2026_Puebla.pdf,11,21_DV2026_Puebla,41.8,3.0,2.0,9625.0,5.2,84.1,1.5,5.0,2.0,1.5,0.3,0.2,0.2,89.3,1.5,9.2,0.081,0.525,18.923975,-97.852791,100.0,True,
8,Puebla - Tehuacán,21047,MEX-150,2025,T. Der. San Juan Ixcaquixtla,21_DV2026_Puebla.pdf,11,21_DV2026_Puebla,45.25,1.0,1.0,9669.0,5.5,82.5,2.0,4.8,2.6,1.3,0.6,0.4,0.3,88.0,2.0,10.0,0.083,0.565,18.91945,-97.834136,100.0,True,
8,Puebla - Tehuacán,21047,MEX-150,2025,T. Der. San Juan Ixcaquixtla,21_DV2026_Puebla.pdf,11,21_DV2026_Puebla,45.25,1.0,2.0,11692.0,5.2,84.2,1.9,4.3,2.2,1.5,0.2,0.3,0.2,89.4,1.9,8.7,0.081,0.565,18.919524,-97.834091,100.0,True,
8,Puebla - Tehuacán,21047,MEX-150,2025,T. Der. San Juan Ixcaquixtla,21_DV2026_Puebla.pdf,11,21_DV2026_Puebla,45.25,3.0,1.0,12171.0,6.1,83.9,1.9,3.4,2.5,1.4,0.5,0.2,0.1,90.0,1.9,8.1,0.092,0.61,18.916407,-97.826853,100.0,True,
8,Puebla - Tehuacán,21047,MEX-150,2025,T. Der. San Juan Ixcaquixtla,21_DV2026_Puebla.pdf,11,21_DV2026_Puebla,45.25,3.0,2.0,10467.0,6.6,83.0,1.7,3.8,2.7,1.2,0.4,0.4,0.2,89.6,1.7,8.7,0.087,0.61,18.916428,-97.826731,100.0,True,
8,Puebla - Tehuacán,21047,MEX-150,2025,Tecamachalco,21_DV2026_Puebla.pdf,11,21_DV2026_Puebla,57.4,1.0,1.0,14052.0,9.0,83.6,1.4,2.5,1.8,0.8,0.4,0.3,0.2,92.6,1.4,6.0,0.076,0.572,18.889397,-97.750921,100.0,True,
8,Puebla - Tehuacán,21047,MEX-150,2025,Tecamachalco,21_DV2026_Puebla.pdf,11,21_DV2026_Puebla,57.4,1.0,2.0,14114.0,8.9,83.5,1.5,2.6,1.9,0.7,0.3,0.4,0.2,92.4,1.5,6.1,0.089,0.572,18.889381,-97.75062,100.0,True,
8,Puebla - Tehuacán,21047,MEX-150,2025,Tecamachalco,21_DV2026_Puebla.pdf,11,21_DV2026_Puebla,57.4,3.0,1.0,8974.0,10.9,80.5,1.2,2.6,1.6,1.1,0.6,1.0,0.5,91.4,1.2,7.4,0.072,0.51,18.870204,-97.715459,100.0,True,
8,Puebla - Tehuacán,21047,MEX-150,2025,Tecamachalco,21_DV2026_Puebla.pdf,11,21_DV2026_Puebla,57.4,3.0,2.0,8729.0,10.4,81.2,1.3,2.4,1.7,1.2,0.5,0.9,0.4,91.6,1.3,7.1,0.069,0.51,18.870505,-97.715512,100.0,True,
8,Puebla - Tehuacán,21047,MEX-150,2025,Tepanco de López,21_DV2026_Puebla.pdf,11,21_DV2026_Puebla,97.4,1.0,0.0,7187.0,10.6,77.6,2.1,4.7,1.6,1.4,0.7,0.8,0.5,88.2,2.1,9.7,0.075,0.511,18.561745,-97.568203,100.0,True,
8,Puebla - Tehuacán,21047,MEX-150,2025,Tepanco de López,21_DV2026_Puebla.pdf,11,21_DV2026_Puebla,97.4,3.0,0.0,8274.0,7.3,82.9,1.6,4.2,1.3,1.2,0.6,0.5,0.4,90.2,1.6,8.2,0.075,0.517,18.550792,-97.55204,100.0,True,
8,Puebla - Tehuacán,21047,MEX-150,2025,X. C. Cuacnopalan - Oaxaca (Cuota),21_DV2026_Puebla.pdf,11,21_DV2026_Puebla,110.6,1.0,0.0,18919.0,7.5,83.1,1.1,4.5,1.4,1.3,0.5,0.3,0.3,90.6,1.1,8.3,0.071,0.504,18.489396,-97.45987,100.0,True,
8,Puebla - Tehuacán,21047,MEX-150,2025,T. C. Tehuacán - Córdoba,21_DV2026_Puebla.pdf,11,21_DV2026_Puebla,115.7,1.0,1.0,10539.0,5.4,80.4,1.6,6.9,1.9,2.1,0.8,0.6,0.3,85.8,1.6,12.6,0.081,0.557,18.484449,-97.451586,100.0,True,
8,Puebla - Tehuacán,21047,MEX-150,2025,T. C. Tehuacán - Córdoba,21_DV2026_Puebla.pdf,12,21_DV2026_Puebla,115.7,1.0,2.0,10864.0,5.6,80.9,1.4,7.0,2.0,1.7,0.7,0.5,0.2,86.5,1.4,12.1,0.09,0.557,18.484519,-97.451536,100.0,True,
9,Puebla - Tlaxcala,00475,MEX-119,2025,Puebla,21_DV2026_Puebla.pdf,12,21_DV2026_Puebla,0.0,,,,,,,,,,,,,,,,,,,,,False,
9,Puebla - Tlaxcala,00475,MEX-119,2025,X. C. Puebla - Acatzingo (Cuota) Lateral,21_DV2026_Puebla.pdf,12,21_DV2026_Puebla,5.41,3.0,1.0,3192.0,8.5,86.0,0.7,2.3,0.9,0.8,0.6,0.1,0.1,94.5,0.7,4.8,0.087,0.566,19.097342,-98.207137,100.0,True,
9,Puebla - Tlaxcala,00475,MEX-119,2025,X. C. Puebla - Acatzingo (Cuota) Central,21_DV2026_Puebla.pdf,12,21_DV2026_Puebla,5.41,3.0,1.0,11139.0,8.0,83.5,0.7,2.6,1.5,1.4,0.4,1.3,0.6,91.5,0.7,7.8,0.067,0.566,19.09742,-98.207225,100.0,True,
9,Puebla - Tlaxcala,00475,MEX-119,2025,X. C. Puebla - Acatzingo (Cuota) Lateral,21_DV2026_Puebla.pdf,12,21_DV2026_Puebla,5.41,3.0,2.0,3607.0,8.7,85.6,0.8,2.3,1.1,0.8,0.7,0.0,0.0,94.3,0.8,4.9,0.109,0.566,19.097213,-98.207358,100.0,True,
9,Puebla - Tlaxcala,00475,MEX-119,2025,X. C. Puebla - Acatzingo (Cuota) Central,21_DV2026_Puebla.pdf,12,21_DV2026_Puebla,5.41,3.0,2.0,10522.0,8.0,83.2,0.9,3.0,1.5,1.4,0.3,1.3,0.4,91.2,0.9,7.9,0.075,0.566,19.097476,-98.207303,100.0,True,
9,Puebla - Tlaxcala,00475,MEX-119,2025,Lim. Edos. Term. Pue. Ppia. Tlax.,21_DV2026_Puebla.pdf,12,21_DV2026_Puebla,11.83,,,,,,,,,,,,,,,,,,,,,False,
9,Puebla - Tlaxcala,00475,MEX-119,2025,Panzacola,21_DV2026_Puebla.pdf,12,21_DV2026_Puebla,13.14,3.0,1.0,12643.0,5.3,88.9,1.0,2.8,0.8,0.6,0.1,0.3,0.2,94.2,1.0,4.8,0.081,0.549,19.152212,-98.223586,100.0,True,
9,Puebla - Tlaxcala,00475,MEX-119,2025,Panzacola,21_DV2026_Puebla.pdf,12,21_DV2026_Puebla,13.14,3.0,2.0,12492.0,5.3,89.2,0.8,2.4,0.9,0.8,0.2,0.2,0.2,94.5,0.8,4.7,0.069,0.549,19.152213,-98.223718,100.0,True,
9,Puebla - Tlaxcala,00475,MEX-119,2025,San Toribio Xicohtzinco,21_DV2026_Puebla.pdf,12,21_DV2026_Puebla,16.1,3.0,1.0,10871.0,4.0,89.5,0.7,4.8,0.4,0.4,0.1,0.1,0.0,93.5,0.7,5.8,0.075,0.549,19.187376,-98.237822,100.0,True,
9,Puebla - Tlaxcala,00475,MEX-119,2025,San Toribio Xicohtzinco,21_DV2026_Puebla.pdf,12,21_DV2026_Puebla,16.1,3.0,2.0,11034.0,4.0,89.4,0.8,4.6,0.5,0.3,0.1,0.2,0.1,93.4,0.8,5.8,0.072,0.549,19.187376,-98.237893,100.0,True,
9,Puebla - Tlaxcala,00475,MEX-119,2025,Zacatelco,21_DV2026_Puebla.pdf,12,21_DV2026_Puebla,20.78,1.0,1.0,10992.0,4.3,90.3,0.6,3.9,0.4,0.2,0.2,0.1,0.0,94.6,0.6,4.8,0.077,0.554,19.208072,-98.240641,100.0,True,
9,Puebla - Tlaxcala,00475,MEX-119,2025,Zacatelco,21_DV2026_Puebla.pdf,12,21_DV2026_Puebla,20.78,1.0,2.0,10350.0,4.2,90.3,0.8,3.8,0.4,0.3,0.1,0.1,0.0,94.5,0.8,4.7,0.075,0.554,19.208063,-98.240714,100.0,True,
9,Puebla - Tlaxcala,00475,MEX-119,2025,T. Izq. San Martín Texmelucan,21_DV2026_Puebla.pdf,12,21_DV2026_Puebla,22.99,1.0,1.0,12592.0,5.5,90.1,0.8,2.3,0.5,0.4,0.2,0.1,0.1,95.6,0.8,3.6,0.074,0.502,19.233768,-98.24298,100.0,True,
9,Puebla - Tlaxcala,00475,MEX-119,2025,T. Izq. San Martín Texmelucan,21_DV2026_Puebla.pdf,12,21_DV2026_Puebla,22.99,1.0,2.0,12062.0,5.6,90.2,0.6,2.4,0.5,0.4,0.1,0.1,0.1,95.8,0.6,3.6,0.078,0.502,19.233742,-98.243093,100.0,True,
9,Puebla - Tlaxcala,00475,MEX-119,2025,T. Der. Tepeyanco (2º Acceso),21_DV2026_Puebla.pdf,12,21_DV2026_Puebla,24.97,3.0,1.0,11319.0,3.4,93.4,0.5,1.9,0.4,0.3,0.0,0.1,0.0,96.8,0.5,2.7,0.081,0.535,19.249966,-98.235229,100.0,True,
9,Puebla - Tlaxcala,00475,MEX-119,2025,T. Der. Tepeyanco (2º Acceso),21_DV2026_Puebla.pdf,12,21_DV2026_Puebla,24.97,3.0,2.0,10983.0,3.6,93.0,0.5,2.0,0.5,0.3,0.0,0.1,0.0,96.6,0.5,2.9,0.073,0.535,19.250044,-98.23525,100.0,True,
9,Puebla - Tlaxcala,00475,MEX-119,2025,T. Der. Ocotlán (Alta),21_DV2026_Puebla.pdf,12,21_DV2026_Puebla,32.45,1.0,1.0,8339.0,3.8,92.4,0.5,1.2,0.8,0.5,0.3,0.2,0.3,96.2,0.5,3.3,0.089,0.513,19.302759,-98.241093,100.0,True,
9,Puebla - Tlaxcala,00475,MEX-119,2025,T. Der. Ocotlán (Baja),21_DV2026_Puebla.pdf,12,21_DV2026_Puebla,32.45,1.0,1.0,4471.0,1.1,92.9,0.8,3.0,0.5,0.8,0.5,0.3,0.1,94.0,0.8,5.2,0.08,0.513,19.302714,-98.241006,100.0,True,
9,Puebla - Tlaxcala,00475,MEX-119,2025,T. Der. Ocotlán (Alta),21_DV2026_Puebla.pdf,12,21_DV2026_Puebla,32.45,1.0,2.0,8512.0,4.0,91.6,0.5,1.4,1.0,0.5,0.4,0.2,0.4,95.6,0.5,3.9,0.085,0.513,19.302816,-98.241196,100.0,True,
9,Puebla - Tlaxcala,00475,MEX-119,2025,T. Der. Ocotlán (Baja),21_DV2026_Puebla.pdf,12,21_DV2026_Puebla,32.45,1.0,2.0,4236.0,1.2,92.7,1.0,3.1,0.3,0.6,0.7,0.3,0.1,93.9,1.0,5.1,0.086,0.513,19.302836,-98.241283,100.0,True,
9,Puebla - Tlaxcala,00475,MEX-119,2025,Tlaxcala,21_DV2026_Puebla.pdf,12,21_DV2026_Puebla,33.22,1.0,1.0,9322.0,5.2,89.8,0.6,2.1,0.6,0.5,0.3,0.7,0.2,95.0,0.6,4.4,0.097,0.597,19.308239,-98.240699,100.0,True,
9,Puebla - Tlaxcala,00475,MEX-119,2025,Tlaxcala,21_DV2026_Puebla.pdf,12,21_DV2026_Puebla,33.22,1.0,2.0,8280.0,4.9,90.2,0.5,1.9,0.4,0.6,0.4,0.8,0.3,95.1,0.5,4.4,0.083,0.597,19.308243,-98.240748,100.0,True,
10,Ramal a Nuevo Necaxa,21592,MEX-130,2025,T. C. Pachuca - Ent. Cañada Rica,21_DV2026_Puebla.pdf,12,21_DV2026_Puebla,0.0,,,,,,,,,,,,,,,,,,,,,False,
10,Ramal a Nuevo Necaxa,21592,MEX-130,2025,Nuevo Necaxa,21_DV2026_Puebla.pdf,12,21_DV2026_Puebla,1.5,1.0,0.0,3238.0,2.7,82.0,1.7,4.2,5.7,1.6,0.4,1.5,0.2,84.7,1.7,13.6,0.098,0.57,20.219457,-97.999518,100.0,True,
11,San Hipólito - Xalapa,00486,MEX-140,2025,T. C. Puebla - Tehuacán,21_DV2026_Puebla.pdf,13,21_DV2026_Puebla,0.0,3.0,1.0,5330.0,6.1,80.8,2.8,4.4,2.9,2.3,0.4,0.3,0.0,86.9,2.8,10.3,0.084,0.57,18.934878,-97.856535,100.0,True,
11,San Hipólito - Xalapa,00486,MEX-140,2025,T. C. Puebla - Tehuacán,21_DV2026_Puebla.pdf,13,21_DV2026_Puebla,0.0,3.0,2.0,5185.0,6.3,80.6,3.0,4.2,2.9,2.1,0.6,0.3,0.0,86.9,3.0,10.1,0.076,0.57,18.934911,-97.856617,100.0,True,
11,San Hipólito - Xalapa,00486,MEX-140,2025,X. C. Puebla - Acatzingo (Cuota),21_DV2026_Puebla.pdf,13,21_DV2026_Puebla,7.86,3.0,1.0,12900.0,8.1,79.9,2.2,3.2,2.5,1.7,0.6,1.5,0.3,88.0,2.2,9.8,0.072,0.508,18.977742,-97.803865,100.0,True,
11,San Hipólito - Xalapa,00486,MEX-140,2025,X. C. Puebla - Acatzingo (Cuota),21_DV2026_Puebla.pdf,13,21_DV2026_Puebla,7.86,3.0,2.0,13129.0,7.9,79.8,2.1,3.1,2.7,2.1,0.5,1.5,0.3,87.7,2.1,10.2,0.071,0.508,18.977798,-97.803912,100.0,True,
11,San Hipólito - Xalapa,00486,MEX-140,2025,San Salvador El Seco,21_DV2026_Puebla.pdf,13,21_DV2026_Puebla,35.35,1.0,0.0,12539.0,3.2,75.2,4.8,5.3,2.9,5.2,2.1,0.8,0.5,78.4,4.8,16.8,0.074,0.505,19.121379,-97.657145,100.0,True,
11,San Hipólito - Xalapa,00486,MEX-140,2025,Zacatepec,21_DV2026_Puebla.pdf,13,21_DV2026_Puebla,54.2,1.0,0.0,6911.0,2.8,68.6,4.6,8.2,3.9,6.3,3.1,2.1,0.4,71.4,4.6,24.0,0.082,0.618,19.25765,-97.537094,100.0,True,
11,San Hipólito - Xalapa,00486,MEX-140,2025,Zacatepec,21_DV2026_Puebla.pdf,13,21_DV2026_Puebla,54.2,3.0,1.0,5283.0,3.0,66.2,3.6,4.2,5.6,10.5,4.1,2.2,0.6,69.2,3.6,27.2,0.073,0.505,19.273071,-97.527829,100.0,True,
11,San Hipólito - Xalapa,00486,MEX-140,2025,Zacatepec,21_DV2026_Puebla.pdf,13,21_DV2026_Puebla,54.2,3.0,2.0,4885.0,2.9,66.1,3.9,4.4,5.5,10.4,4.3,2.0,0.5,69.0,3.9,27.1,0.081,0.505,19.273121,-97.52795,100.0,True,
11,San Hipólito - Xalapa,00486,MEX-140,2025,Alchichica,21_DV2026_Puebla.pdf,13,21_DV2026_Puebla,80.0,3.0,1.0,4196.0,3.6,74.1,3.4,4.7,3.6,4.6,3.8,1.7,0.5,77.7,3.4,18.9,0.089,0.512,19.451306,-97.38603,100.0,True,
11,San Hipólito - Xalapa,00486,MEX-140,2025,Alchichica,21_DV2026_Puebla.pdf,13,21_DV2026_Puebla,80.0,3.0,2.0,4391.0,3.6,74.2,3.1,4.6,3.7,4.8,4.0,1.6,0.4,77.8,3.1,19.1,0.079,0.512,19.451327,-97.386156,100.0,True,
11,San Hipólito - Xalapa,00486,MEX-140,2025,Lim. Edos. Term. Pue. Ppia. Ver.,21_DV2026_Puebla.pdf,13,21_DV2026_Puebla,83.25,,,,,,,,,,,,,,,,,,,,,False,
11,San Hipólito - Xalapa,00486,MEX-140,2025,San Antonio Limón,21_DV2026_Puebla.pdf,13,21_DV2026_Puebla,89.6,1.0,0.0,9203.0,2.8,73.5,3.6,4.3,3.5,6.3,3.2,2.2,0.6,76.3,3.6,20.1,0.077,0.562,19.494203,-97.354211,100.0,True,
11,San Hipólito - Xalapa,00486,MEX-140,2025,Perote,21_DV2026_Puebla.pdf,13,21_DV2026_Puebla,101.7,1.0,0.0,14088.0,8.5,83.1,1.9,2.5,1.5,1.0,0.9,0.5,0.1,91.6,1.9,6.5,0.081,0.53,19.554624,-97.257471,100.0,True,
11,San Hipólito - Xalapa,00486,MEX-140,2025,Perote,21_DV2026_Puebla.pdf,13,21_DV2026_Puebla,101.7,3.0,0.0,11041.0,8.5,84.2,0.7,3.1,1.3,0.6,0.9,0.4,0.3,92.7,0.7,6.6,0.082,0.548,19.580925,-97.227159,100.0,True,
11,San Hipólito - Xalapa,00486,MEX-140,2025,T. Izq. Villa Aldama,21_DV2026_Puebla.pdf,13,21_DV2026_Puebla,109.5,1.0,0.0,7841.0,5.8,81.8,1.3,4.8,2.6,1.3,1.1,0.8,0.5,87.6,1.3,11.1,0.084,0.538,19.615397,-97.188801,100.0,True,
11,San Hipólito - Xalapa,00486,MEX-140,2025,T. C. Libramiento de Perote (Cuota),21_DV2026_Puebla.pdf,13,21_DV2026_Puebla,110.7,3.0,1.0,6133.0,4.6,80.0,1.7,4.2,3.4,3.1,1.3,1.3,0.4,84.6,1.7,13.7,0.084,0.527,19.628552,-97.176641,100.0,True,
11,San Hipólito - Xalapa,00486,MEX-140,2025,T. C. Libramiento de Perote (Cuota),21_DV2026_Puebla.pdf,13,21_DV2026_Puebla,110.7,3.0,2.0,6537.0,4.8,80.3,1.5,4.3,3.5,2.9,0.8,1.6,0.3,85.1,1.5,13.4,0.074,0.527,19.628695,-97.17662,100.0,True,
11,San Hipólito - Xalapa,00486,MEX-140,2025,Banderilla,21_DV2026_Puebla.pdf,13,21_DV2026_Puebla,145.0,1.0,0.0,16729.0,9.1,77.6,2.5,4.8,1.6,2.4,0.5,1.2,0.3,86.7,2.5,10.8,0.088,0.52,19.591218,-96.957237,100.0,True,
11,San Hipólito - Xalapa,00486,MEX-140,2025,T. Izq. Naolinco,21_DV2026_Puebla.pdf,13,21_DV2026_Puebla,146.0,3.0,1.0,22000.0,9.9,78.8,1.8,4.9,2.1,1.4,0.4,0.6,0.1,88.7,1.8,9.5,0.079,0.555,19.591233,-96.939299,100.0,True,
11,San Hipólito - Xalapa,00486,MEX-140,2025,T. Izq. Naolinco,21_DV2026_Puebla.pdf,13,21_DV2026_Puebla,146.0,3.0,2.0,22653.0,10.2,79.1,2.0,4.5,1.9,1.6,0.2,0.4,0.1,89.3,2.0,8.7,0.083,0.555,19.59134,-96.939257,100.0,True,
11,San Hipólito - Xalapa,00486,MEX-140,2025,Xalapa,21_DV2026_Puebla.pdf,13,21_DV2026_Puebla,151.2,1.0,1.0,32425.0,6.0,83.9,1.7,4.4,2.0,0.9,0.3,0.6,0.2,89.9,1.7,8.4,0.07,0.522,19.571498,-96.92886,100.0,True,
11,San Hipólito - Xalapa,00486,MEX-140,2025,Xalapa,21_DV2026_Puebla.pdf,13,21_DV2026_Puebla,151.2,1.0,2.0,31615.0,6.2,84.1,1.5,4.2,1.7,1.2,0.2,0.8,0.1,90.3,1.5,8.2,0.072,0.522,19.571626,-96.928753,100.0,True,
12,San Martín Texmelucan - Tlaxcala,00158,MEX-117,2025,San Martín Texmelucan,21_DV2026_Puebla.pdf,13,21_DV2026_Puebla,0.0,3.0,1.0,11789.0,7.2,81.3,0.8,4.8,1.5,1.4,1.7,0.8,0.5,88.5,0.8,10.7,0.077,0.525,19.287895,-98.423008,100.0,True,
12,San Martín Texmelucan - Tlaxcala,00158,MEX-117,2025,San Martín Texmelucan,21_DV2026_Puebla.pdf,13,21_DV2026_Puebla,0.0,3.0,2.0,11067.0,7.2,81.8,0.7,4.9,1.4,1.2,1.5,0.8,0.5,89.0,0.7,10.3,0.076,0.525,19.287978,-98.423145,100.0,True,
12,San Martín Texmelucan - Tlaxcala,00158,MEX-117,2025,X. C. San Martín Texmelucan - Ocotoxco (Cuota),21_DV2026_Puebla.pdf,13,21_DV2026_Puebla,1.65,3.0,0.0,20235.0,7.5,83.3,1.0,5.8,0.9,0.5,0.6,0.2,0.2,90.8,1.0,8.2,0.084,0.572,19.291523,-98.411871,100.0,True,
12,San Martín Texmelucan - Tlaxcala,00158,MEX-117,2025,Lim. Edos. Term. Pue. Ppia. Tlax.,21_DV2026_Puebla.pdf,13,21_DV2026_Puebla,2.84,,,,,,,,,,,,,,,,,,,,,False,
12,San Martín Texmelucan - Tlaxcala,00158,MEX-117,2025,T. Der. Tepetitla,21_DV2026_Puebla.pdf,13,21_DV2026_Puebla,3.45,3.0,1.0,7385.0,15.1,80.1,0.5,2.2,0.6,0.7,0.2,0.4,0.2,95.2,0.5,4.3,0.085,0.537,19.294056,-98.403879,100.0,True,
12,San Martín Texmelucan - Tlaxcala,00158,MEX-117,2025,T. Der. Tepetitla,21_DV2026_Puebla.pdf,13,21_DV2026_Puebla,3.45,3.0,2.0,6788.0,14.3,80.9,0.5,2.0,0.7,0.7,0.2,0.4,0.3,95.2,0.5,4.3,0.08,0.537,19.294143,-98.40391,100.0,True,
12,San Martín Texmelucan - Tlaxcala,00158,MEX-117,2025,San Diego Xocoyucan,21_DV2026_Puebla.pdf,13,21_DV2026_Puebla,7.21,3.0,0.0,7727.0,7.4,87.7,0.6,2.2,0.6,0.9,0.3,0.3,0.0,95.1,0.6,4.3,0.089,0.668,19.307934,-98.369221,100.0,True,
12,San Martín Texmelucan - Tlaxcala,00158,MEX-117,2025,T. Der. Panotla,21_DV2026_Puebla.pdf,13,21_DV2026_Puebla,19.72,1.0,0.0,8413.0,7.8,88.0,0.5,2.7,0.5,0.3,0.1,0.1,0.0,95.8,0.5,3.7,0.09,0.517,19.319507,-98.276255,100.0,True,
12,San Martín Texmelucan - Tlaxcala,00158,MEX-117,2025,T. Der. Panotla,21_DV2026_Puebla.pdf,14,21_DV2026_Puebla,19.72,3.0,0.0,9739.0,6.4,89.1,0.7,2.1,0.6,0.8,0.2,0.1,0.0,95.5,0.7,3.8,0.086,0.524,19.319647,-98.26929,100.0,True,
12,San Martín Texmelucan - Tlaxcala,00158,MEX-117,2025,Totolac,21_DV2026_Puebla.pdf,14,21_DV2026_Puebla,21.38,1.0,0.0,9451.0,4.7,92.0,0.6,1.6,0.4,0.3,0.2,0.2,0.0,96.7,0.6,2.7,0.085,0.551,19.322523,-98.26053,100.0,True,
12,San Martín Texmelucan - Tlaxcala,00158,MEX-117,2025,Totolac,21_DV2026_Puebla.pdf,14,21_DV2026_Puebla,21.38,3.0,0.0,14771.0,7.7,87.5,0.5,1.6,0.4,0.6,0.5,0.8,0.4,95.2,0.5,4.3,0.073,0.552,19.329768,-98.25016,100.0,True,
12,San Martín Texmelucan - Tlaxcala,00158,MEX-117,2025,Tlaxcala,21_DV2026_Puebla.pdf,14,21_DV2026_Puebla,24.81,1.0,0.0,13905.0,5.6,89.3,0.3,1.4,0.6,0.8,0.7,0.9,0.4,94.9,0.3,4.8,0.077,0.569,19.325938,-98.246952,100.0,True,
13,San Salvador El Seco - Azumbilla,21004,MEX-144,2025,San Salvador El Seco,21_DV2026_Puebla.pdf,14,21_DV2026_Puebla,0.0,3.0,0.0,6203.0,6.7,72.2,3.4,4.4,2.6,7.0,2.7,0.9,0.1,78.9,3.4,17.7,0.064,0.603,19.127523,-97.632708,100.0,True,
13,San Salvador El Seco - Azumbilla,21004,MEX-144,2025,Cd. Serdán,21_DV2026_Puebla.pdf,14,21_DV2026_Puebla,29.0,3.0,0.0,6088.0,3.7,71.6,2.8,4.3,4.9,8.2,2.7,1.4,0.4,75.3,2.8,21.9,0.08,0.527,18.980731,-97.440672,100.0,True,
13,San Salvador El Seco - Azumbilla,21004,MEX-144,2025,X. C. Puebla - Acatzingo (Cuota),21_DV2026_Puebla.pdf,14,21_DV2026_Puebla,45.94,3.0,0.0,6192.0,6.7,76.5,1.3,4.2,3.3,4.5,1.9,1.2,0.4,83.2,1.3,15.5,0.079,0.579,18.86855,-97.389151,100.0,True,
13,San Salvador El Seco - Azumbilla,21004,MEX-144,2025,T. C. Tehuacán - Córdoba,21_DV2026_Puebla.pdf,14,21_DV2026_Puebla,73.67,1.0,0.0,4592.0,4.9,78.9,1.2,4.2,4.3,3.9,1.9,0.6,0.1,83.8,1.2,15.0,0.074,0.503,18.647547,-97.391162,100.0,True,
14,Santa Bárbara - Izúcar de Matamoros,00451,MEX-115-160,2025,T. C. México - Puebla (Libre),21_DV2026_Puebla.pdf,14,21_DV2026_Puebla,0.0,3.0,1.0,21317.0,4.2,89.5,0.7,3.5,0.8,0.5,0.3,0.4,0.1,93.7,0.7,5.6,0.072,0.509,19.310918,-98.896618,100.0,True,
14,Santa Bárbara - Izúcar de Matamoros,00451,MEX-115-160,2025,T. C. México - Puebla (Libre),21_DV2026_Puebla.pdf,14,21_DV2026_Puebla,0.0,3.0,2.0,20522.0,4.5,88.5,0.9,4.0,0.7,0.7,0.2,0.3,0.2,93.0,0.9,6.1,0.073,0.509,19.311025,-98.896583,100.0,True,
14,Santa Bárbara - Izúcar de Matamoros,00451,MEX-115-160,2025,X. C. México - Puebla (Cuota),21_DV2026_Puebla.pdf,14,21_DV2026_Puebla,3.61,1.0,1.0,30144.0,4.0,90.9,0.5,2.8,0.6,0.5,0.2,0.2,0.3,94.9,0.5,4.6,0.075,0.505,19.30229,-98.885591,100.0,True,
14,Santa Bárbara - Izúcar de Matamoros,00451,MEX-115-160,2025,X. C. México - Puebla (Cuota),21_DV2026_Puebla.pdf,14,21_DV2026_Puebla,3.61,1.0,2.0,29531.0,3.8,89.9,0.8,3.1,0.8,0.8,0.3,0.3,0.2,93.7,0.8,5.5,0.07,0.505,19.302346,-98.885482,100.0,True,
14,Santa Bárbara - Izúcar de Matamoros,00451,MEX-115-160,2025,X. C. México - Puebla (Cuota),21_DV2026_Puebla.pdf,14,21_DV2026_Puebla,3.61,3.0,1.0,48060.0,3.5,79.8,1.1,8.5,1.3,2.6,2.3,0.5,0.4,83.3,1.1,15.6,0.064,0.508,19.285817,-98.880351,100.0,True,
14,Santa Bárbara - Izúcar de Matamoros,00451,MEX-115-160,2025,X. C. México - Puebla (Cuota),21_DV2026_Puebla.pdf,14,21_DV2026_Puebla,3.61,3.0,2.0,49831.0,3.7,80.4,1.3,8.4,1.0,2.3,1.9,0.4,0.6,84.1,1.3,14.6,0.07,0.508,19.285791,-98.880229,100.0,True,
14,Santa Bárbara - Izúcar de Matamoros,00451,MEX-115-160,2025,Chalco (Lateral),21_DV2026_Puebla.pdf,14,21_DV2026_Puebla,8.0,3.0,1.0,14932.0,3.6,84.1,1.1,7.1,1.4,1.9,0.4,0.3,0.1,87.7,1.1,11.2,0.09,0.508,19.246022,-98.867155,100.0,True,
14,Santa Bárbara - Izúcar de Matamoros,00451,MEX-115-160,2025,Chalco (Central),21_DV2026_Puebla.pdf,14,21_DV2026_Puebla,8.0,3.0,1.0,23946.0,3.5,87.6,0.7,4.2,1.3,1.4,0.7,0.5,0.1,91.1,0.7,8.2,0.082,0.508,19.246106,-98.867122,100.0,True,
14,Santa Bárbara - Izúcar de Matamoros,00451,MEX-115-160,2025,Chalco (Lateral),21_DV2026_Puebla.pdf,14,21_DV2026_Puebla,8.0,3.0,2.0,15411.0,3.4,84.1,1.2,7.0,1.4,1.9,0.4,0.5,0.1,87.5,1.2,11.3,0.075,0.508,19.246244,-98.86705,100.0,True,
14,Santa Bárbara - Izúcar de Matamoros,00451,MEX-115-160,2025,Chalco (Central),21_DV2026_Puebla.pdf,14,21_DV2026_Puebla,8.0,3.0,2.0,23192.0,3.3,87.7,1.0,4.2,1.2,1.4,0.6,0.4,0.2,91.0,1.0,8.0,0.095,0.508,19.24617,-98.867098,100.0,True,
14,Santa Bárbara - Izúcar de Matamoros,00451,MEX-115-160,2025,T. Der. Juchitepec,21_DV2026_Puebla.pdf,14,21_DV2026_Puebla,12.46,3.0,1.0,25427.0,3.0,85.6,1.2,6.7,0.9,1.3,0.4,0.7,0.2,88.6,1.2,10.2,0.087,0.502,19.231517,-98.844291,100.0,True,
14,Santa Bárbara - Izúcar de Matamoros,00451,MEX-115-160,2025,T. Der. Juchitepec,21_DV2026_Puebla.pdf,14,21_DV2026_Puebla,12.46,3.0,2.0,25671.0,3.7,84.6,1.2,6.7,1.1,1.4,0.4,0.7,0.2,88.3,1.2,10.5,0.094,0.502,19.232252,-98.845073,100.0,True,
14,Santa Bárbara - Izúcar de Matamoros,00451,MEX-115-160,2025,T. Der. Libramiento de Tlalmanalco de Velázquez,21_DV2026_Puebla.pdf,14,21_DV2026_Puebla,15.0,1.0,1.0,20993.0,3.7,86.3,1.4,4.5,1.2,1.6,0.5,0.6,0.2,90.0,1.4,8.6,0.067,0.515,19.216456,-98.830103,100.0,True,
14,Santa Bárbara - Izúcar de Matamoros,00451,MEX-115-160,2025,T. Der. Libramiento de Tlalmanalco de Velázquez,21_DV2026_Puebla.pdf,14,21_DV2026_Puebla,15.0,1.0,2.0,22297.0,4.3,84.9,1.9,5.4,0.9,1.5,0.3,0.6,0.2,89.2,1.9,8.9,0.098,0.515,19.219123,-98.830363,100.0,True,
14,Santa Bárbara - Izúcar de Matamoros,00451,MEX-115-160,2025,Tlalmanalco,21_DV2026_Puebla.pdf,14,21_DV2026_Puebla,20.51,1.0,0.0,15617.0,7.1,89.5,0.3,2.4,0.3,0.2,0.1,0.1,0.0,96.6,0.3,3.1,0.071,0.545,19.206351,-98.820116,100.0,True,
14,Santa Bárbara - Izúcar de Matamoros,00451,MEX-115-160,2025,Tlalmanalco,21_DV2026_Puebla.pdf,14,21_DV2026_Puebla,20.51,3.0,0.0,9377.0,3.8,89.7,0.5,5.0,0.7,0.2,0.1,0.0,0.0,93.5,0.5,6.0,0.083,0.529,19.198681,-98.79954,100.0,True,
14,Santa Bárbara - Izúcar de Matamoros,00451,MEX-115-160,2025,Amecameca de Juárez,21_DV2026_Puebla.pdf,14,21_DV2026_Puebla,28.0,1.0,1.0,7792.0,7.7,82.2,0.5,6.4,0.7,1.3,0.6,0.4,0.2,89.9,0.5,9.6,0.08,0.525,19.139046,-98.772642,100.0,True,
14,Santa Bárbara - Izúcar de Matamoros,00451,MEX-115-160,2025,Amecameca de Juárez,21_DV2026_Puebla.pdf,15,21_DV2026_Puebla,28.0,1.0,2.0,8600.0,7.6,82.3,0.4,6.6,0.7,1.3,0.6,0.3,0.2,89.9,0.4,9.7,0.087,0.525,19.139072,-98.77256,100.0,True,
14,Santa Bárbara - Izúcar de Matamoros,00451,MEX-115-160,2025,Amecameca de Juárez,21_DV2026_Puebla.pdf,15,21_DV2026_Puebla,28.0,3.0,1.0,10325.0,6.2,84.5,0.6,6.7,1.0,0.5,0.2,0.1,0.2,90.7,0.6,8.7,0.076,0.506,19.102616,-98.780569,100.0,True,
14,Santa Bárbara - Izúcar de Matamoros,00451,MEX-115-160,2025,Amecameca de Juárez,21_DV2026_Puebla.pdf,15,21_DV2026_Puebla,28.0,3.0,2.0,10100.0,5.8,83.1,0.9,7.3,1.2,0.8,0.3,0.2,0.4,88.9,0.9,10.2,0.076,0.506,19.102586,-98.780513,100.0,True,
14,Santa Bárbara - Izúcar de Matamoros,00451,MEX-115-160,2025,T. Izq a Tlamacas,21_DV2026_Puebla.pdf,15,21_DV2026_Puebla,32.21,,,,,,,,,,,,,,,,,,,,,False,
14,Santa Bárbara - Izúcar de Matamoros,00451,MEX-115-160,2025,T. Izq. Ozumba (Iº Acceso),21_DV2026_Puebla.pdf,15,21_DV2026_Puebla,38.81,1.0,0.0,23080.0,3.6,83.8,0.8,9.9,0.7,0.5,0.2,0.3,0.2,87.4,0.8,11.8,0.069,0.502,19.058461,-98.786831,100.0,True,
14,Santa Bárbara - Izúcar de Matamoros,00451,MEX-115-160,2025,T. Izq. Ozumba (Iº Acceso),21_DV2026_Puebla.pdf,15,21_DV2026_Puebla,38.81,3.0,0.0,21359.0,3.6,79.5,1.2,12.9,1.4,0.7,0.2,0.4,0.1,83.1,1.2,15.7,0.089,0.504,19.048759,-98.792609,100.0,True,
14,Santa Bárbara - Izúcar de Matamoros,00451,MEX-115-160,2025,Tepetlixpa,21_DV2026_Puebla.pdf,15,21_DV2026_Puebla,42.29,3.0,0.0,10319.0,3.6,85.0,2.2,7.2,0.8,0.5,0.2,0.3,0.2,88.6,2.2,9.2,0.074,0.519,19.020302,-98.824517,100.0,True,
14,Santa Bárbara - Izúcar de Matamoros,00451,MEX-115-160,2025,Lim. Edos. Term. Méx. Ppia. Mor.,21_DV2026_Puebla.pdf,15,21_DV2026_Puebla,51.7,,,,,,,,,,,,,,,,,,,,,False,
14,Santa Bárbara - Izúcar de Matamoros,00451,MEX-115-160,2025,T. Der. Atlatlahucan,21_DV2026_Puebla.pdf,15,21_DV2026_Puebla,58.95,1.0,1.0,10509.0,6.2,83.1,1.3,3.5,2.0,1.6,0.6,1.3,0.4,89.3,1.3,9.4,0.098,0.735,18.929568,-98.88707,100.0,True,
14,Santa Bárbara - Izúcar de Matamoros,00451,MEX-115-160,2025,T. Der. Atlatlahucan,21_DV2026_Puebla.pdf,15,21_DV2026_Puebla,58.95,1.0,2.0,9587.0,6.4,82.6,1.5,4.0,1.8,1.5,0.7,1.1,0.4,89.0,1.5,9.5,0.14,0.735,18.930045,-98.886636,100.0,True,
14,Santa Bárbara - Izúcar de Matamoros,00451,MEX-115-160,2025,T. Izq. Tetela del Volcán,21_DV2026_Puebla.pdf,15,21_DV2026_Puebla,62.99,1.0,1.0,16575.0,7.4,82.5,1.6,3.6,1.5,1.8,0.5,0.8,0.3,89.9,1.6,8.5,0.075,0.509,18.90721,-98.902089,100.0,True,
14,Santa Bárbara - Izúcar de Matamoros,00451,MEX-115-160,2025,T. Izq. Tetela del Volcán,21_DV2026_Puebla.pdf,15,21_DV2026_Puebla,62.99,1.0,2.0,16049.0,7.6,82.6,1.3,3.7,1.4,2.0,0.4,0.9,0.1,90.2,1.3,8.5,0.082,0.509,18.907159,-98.902006,100.0,True,
14,Santa Bárbara - Izúcar de Matamoros,00451,MEX-115-160,2025,T. Izq. Tetela del Volcán,21_DV2026_Puebla.pdf,15,21_DV2026_Puebla,62.99,3.0,1.0,16427.0,5.8,84.5,1.3,2.6,2.2,1.6,0.3,1.5,0.2,90.3,1.3,8.4,0.09,0.515,18.895156,-98.910185,100.0,True,
14,Santa Bárbara - Izúcar de Matamoros,00451,MEX-115-160,2025,T. Izq. Tetela del Volcán,21_DV2026_Puebla.pdf,15,21_DV2026_Puebla,62.99,3.0,2.0,17628.0,5.4,84.6,1.4,2.8,2.0,1.8,0.5,1.1,0.4,90.0,1.4,8.6,0.093,0.515,18.895682,-98.909714,100.0,True,
14,Santa Bárbara - Izúcar de Matamoros,00451,MEX-115-160,2025,T. Izq. Libramiento de Cuautla (1º Acceso),21_DV2026_Puebla.pdf,15,21_DV2026_Puebla,67.0,1.0,1.0,16419.0,5.0,81.6,1.3,6.2,1.4,1.8,2.0,0.5,0.2,86.6,1.3,12.1,0.07,0.533,18.877992,-98.921686,100.0,True,
14,Santa Bárbara - Izúcar de Matamoros,00451,MEX-115-160,2025,T. Izq. Libramiento de Cuautla (1º Acceso),21_DV2026_Puebla.pdf,15,21_DV2026_Puebla,67.0,1.0,2.0,16973.0,5.2,81.6,1.1,6.5,1.3,1.6,1.8,0.7,0.2,86.8,1.1,12.1,0.066,0.533,18.87794,-98.921612,100.0,True,
14,Santa Bárbara - Izúcar de Matamoros,00451,MEX-115-160,2025,T. Der. La Pera,21_DV2026_Puebla.pdf,15,21_DV2026_Puebla,68.9,1.0,1.0,26200.0,8.3,85.0,0.8,3.1,1.0,0.9,0.2,0.6,0.1,93.3,0.8,5.9,0.075,0.5,18.856685,-98.935475,100.0,True,
14,Santa Bárbara - Izúcar de Matamoros,00451,MEX-115-160,2025,T. Der. La Pera,21_DV2026_Puebla.pdf,15,21_DV2026_Puebla,68.9,1.0,2.0,24353.0,8.0,84.9,1.0,3.3,0.9,1.0,0.3,0.4,0.2,92.9,1.0,6.1,0.077,0.5,18.856657,-98.935388,100.0,True,
14,Santa Bárbara - Izúcar de Matamoros,00451,MEX-115-160,2025,T. Izq. Libramiento de Cuautla (2º Acceso),21_DV2026_Puebla.pdf,15,21_DV2026_Puebla,77.05,3.0,1.0,19574.0,7.3,83.6,1.4,3.0,2.0,1.4,0.5,0.7,0.1,90.9,1.4,7.7,0.088,0.542,18.79009,-98.90836,100.0,True,
14,Santa Bárbara - Izúcar de Matamoros,00451,MEX-115-160,2025,T. Izq. Libramiento de Cuautla (2º Acceso),21_DV2026_Puebla.pdf,15,21_DV2026_Puebla,77.05,3.0,2.0,21496.0,7.4,83.6,1.5,3.2,1.9,1.3,0.4,0.6,0.1,91.0,1.5,7.5,0.077,0.542,18.790394,-98.908573,100.0,True,
14,Santa Bárbara - Izúcar de Matamoros,00451,MEX-115-160,2025,T. Der. Tlayecac,21_DV2026_Puebla.pdf,15,21_DV2026_Puebla,85.06,1.0,1.0,13434.0,6.6,84.4,1.8,3.3,1.6,1.1,0.4,0.6,0.2,91.0,1.8,7.2,0.08,0.505,18.770315,-98.893131,100.0,True,
14,Santa Bárbara - Izúcar de Matamoros,00451,MEX-115-160,2025,T. Der. Tlayecac,21_DV2026_Puebla.pdf,15,21_DV2026_Puebla,85.06,1.0,2.0,13510.0,6.8,83.7,1.6,3.6,1.7,1.0,0.5,0.8,0.3,90.5,1.6,7.9,0.078,0.505,18.770805,-98.893605,100.0,True,
14,Santa Bárbara - Izúcar de Matamoros,00451,MEX-115-160,2025,T. Der. Tlayecac,21_DV2026_Puebla.pdf,15,21_DV2026_Puebla,85.06,3.0,1.0,13829.0,5.1,86.7,1.8,3.7,0.6,1.1,0.4,0.4,0.2,91.8,1.8,6.4,0.08,0.501,18.761609,-98.883801,100.0,True,
14,Santa Bárbara - Izúcar de Matamoros,00451,MEX-115-160,2025,T. Der. Tlayecac,21_DV2026_Puebla.pdf,15,21_DV2026_Puebla,85.06,3.0,2.0,13684.0,5.2,86.2,1.9,3.9,0.5,1.2,0.4,0.6,0.1,91.4,1.9,6.7,0.077,0.501,18.761685,-98.883757,100.0,True,
14,Santa Bárbara - Izúcar de Matamoros,00451,MEX-115-160,2025,T. Izq. Amayuca,21_DV2026_Puebla.pdf,15,21_DV2026_Puebla,91.36,1.0,1.0,10500.0,5.5,83.8,2.3,4.0,1.6,1.4,0.7,0.5,0.2,89.3,2.3,8.4,0.092,0.504,18.73368,-98.817406,100.0,True,
14,Santa Bárbara - Izúcar de Matamoros,00451,MEX-115-160,2025,T. Izq. Amayuca,21_DV2026_Puebla.pdf,15,21_DV2026_Puebla,91.36,1.0,2.0,10626.0,5.3,84.7,2.1,3.8,1.4,1.2,0.6,0.7,0.2,90.0,2.1,7.9,0.09,0.504,18.733756,-98.817362,100.0,True,
14,Santa Bárbara - Izúcar de Matamoros,00451,MEX-115-160,2025,T. Izq. Amayuca,21_DV2026_Puebla.pdf,15,21_DV2026_Puebla,91.36,3.0,1.0,6963.0,3.9,82.5,2.9,3.3,2.2,2.6,1.2,1.1,0.3,86.4,2.9,10.7,0.074,0.501,18.714965,-98.788484,100.0,True,
14,Santa Bárbara - Izúcar de Matamoros,00451,MEX-115-160,2025,T. Izq. Amayuca,21_DV2026_Puebla.pdf,15,21_DV2026_Puebla,91.36,3.0,2.0,7828.0,3.7,83.8,2.7,3.1,2.0,2.4,1.1,1.0,0.2,87.5,2.7,9.8,0.069,0.501,18.715038,-98.788454,100.0,True,
14,Santa Bárbara - Izúcar de Matamoros,00451,MEX-115-160,2025,T. C. Atlixco - Jantetelco (Cuota),21_DV2026_Puebla.pdf,15,21_DV2026_Puebla,94.7,3.0,1.0,3320.0,3.2,80.4,3.3,4.9,2.3,3.2,1.5,1.0,0.2,83.6,3.3,13.1,0.076,0.51,18.699135,-98.763587,100.0,True,
14,Santa Bárbara - Izúcar de Matamoros,00451,MEX-115-160,2025,T. C. Atlixco - Jantetelco (Cuota),21_DV2026_Puebla.pdf,15,21_DV2026_Puebla,94.7,3.0,2.0,3246.0,3.6,79.3,3.2,5.4,2.5,3.0,1.6,1.2,0.2,82.9,3.2,13.9,0.089,0.51,18.699208,-98.763532,100.0,True,
14,Santa Bárbara - Izúcar de Matamoros,00451,MEX-115-160,2025,T. Der. Tenango,21_DV2026_Puebla.pdf,15,21_DV2026_Puebla,102.96,1.0,1.0,3212.0,4.5,77.8,3.0,5.4,2.9,2.8,2.1,1.3,0.2,82.3,3.0,14.7,0.077,0.506,18.678561,-98.740799,100.0,True,
14,Santa Bárbara - Izúcar de Matamoros,00451,MEX-115-160,2025,T. Der. Tenango,21_DV2026_Puebla.pdf,15,21_DV2026_Puebla,102.96,1.0,2.0,3180.0,4.3,77.2,3.2,5.4,3.1,2.8,2.1,1.5,0.4,81.5,3.2,15.3,0.092,0.506,18.678347,-98.740633,100.0,True,
14,Santa Bárbara - Izúcar de Matamoros,00451,MEX-115-160,2025,T. Der. Tenango,21_DV2026_Puebla.pdf,15,21_DV2026_Puebla,102.96,3.0,0.0,5416.0,4.1,78.8,3.9,4.2,2.2,3.1,1.9,1.4,0.4,82.9,3.9,13.2,0.078,0.663,18.664315,-98.725536,100.0,True,
14,Santa Bárbara - Izúcar de Matamoros,00451,MEX-115-160,2025,Lim. Edos. Term. Mor. Ppia. Pue.,21_DV2026_Puebla.pdf,15,21_DV2026_Puebla,103.23,,,,,,,,,,,,,,,,,,,,,False,
14,Santa Bárbara - Izúcar de Matamoros,00451,MEX-115-160,2025,X. C. Amayuca - Izúcar de Matamoros,21_DV2026_Puebla.pdf,15,21_DV2026_Puebla,134.99,1.0,1.0,7032.0,19.0,71.7,1.9,2.6,1.5,1.4,0.9,0.7,0.3,90.7,1.9,7.4,0.08,0.555,18.605405,-98.485507,100.0,True,
14,Santa Bárbara - Izúcar de Matamoros,00451,MEX-115-160,2025,X. C. Amayuca - Izúcar de Matamoros,21_DV2026_Puebla.pdf,16,21_DV2026_Puebla,134.99,1.0,2.0,7182.0,18.6,72.2,1.7,2.5,1.6,1.6,0.9,0.7,0.2,90.8,1.7,7.5,0.093,0.555,18.605461,-98.485448,100.0,True,
14,Santa Bárbara - Izúcar de Matamoros,00451,MEX-115-160,2025,X. C. Amayuca - Izúcar de Matamoros,21_DV2026_Puebla.pdf,16,21_DV2026_Puebla,134.99,3.0,1.0,10410.0,20.0,72.6,1.5,2.3,1.8,0.7,0.5,0.4,0.2,92.6,1.5,5.9,0.078,0.528,18.594813,-98.47629,100.0,True,
14,Santa Bárbara - Izúcar de Matamoros,00451,MEX-115-160,2025,X. C. Amayuca - Izúcar de Matamoros,21_DV2026_Puebla.pdf,16,21_DV2026_Puebla,134.99,3.0,2.0,10690.0,19.8,72.5,1.6,2.6,1.6,0.8,0.5,0.4,0.2,92.3,1.6,6.1,0.071,0.528,18.594876,-98.476247,100.0,True,
14,Santa Bárbara - Izúcar de Matamoros,00451,MEX-115-160,2025,T. C. Puebla - Huajuapan de León,21_DV2026_Puebla.pdf,16,21_DV2026_Puebla,138.14,,,,,,,,,,,,,,,,,,,,,False,
15,Tehuacán - Córdoba,00534,MEX-150,2025,Tehuacán,21_DV2026_Puebla.pdf,16,21_DV2026_Puebla,0.0,3.0,0.0,14885.0,7.4,78.7,0.8,4.8,2.6,2.1,1.7,1.4,0.5,86.1,0.8,13.1,0.082,0.542,18.500548,-97.405375,100.0,True,
15,Tehuacán - Córdoba,00534,MEX-150,2025,Chapulco,21_DV2026_Puebla.pdf,16,21_DV2026_Puebla,18.27,3.0,0.0,8855.0,10.8,76.4,0.8,5.1,2.2,2.2,1.4,0.6,0.5,87.2,0.8,12.0,0.083,0.611,18.634173,-97.399075,100.0,True,
15,Tehuacán - Córdoba,00534,MEX-150,2025,T. Izq. Azumbilla,21_DV2026_Puebla.pdf,16,21_DV2026_Puebla,20.51,3.0,0.0,2092.0,5.3,80.2,1.2,10.6,0.3,0.9,0.8,0.6,0.1,85.5,1.2,13.3,0.088,0.516,18.647774,-97.387907,100.0,True,
15,Tehuacán - Córdoba,00534,MEX-150,2025,Lim. Edos. Term. Pue. Ppia. Ver.,21_DV2026_Puebla.pdf,16,21_DV2026_Puebla,26.58,,,,,,,,,,,,,,,,,,,,,False,
15,Tehuacán - Córdoba,00534,MEX-150,2025,Cd. Mendoza,21_DV2026_Puebla.pdf,16,21_DV2026_Puebla,53.31,1.0,0.0,11008.0,15.5,73.4,1.4,6.1,0.8,0.8,0.4,1.2,0.4,88.9,1.4,9.7,0.074,0.516,18.790084,-97.196176,100.0,True,
15,Tehuacán - Córdoba,00534,MEX-150,2025,Cd. Mendoza,21_DV2026_Puebla.pdf,16,21_DV2026_Puebla,53.31,3.0,1.0,8210.0,11.3,67.5,3.4,15.7,0.9,0.3,0.2,0.4,0.3,78.8,3.4,17.8,0.077,0.525,18.809713,-97.173515,100.0,True,
15,Tehuacán - Córdoba,00534,MEX-150,2025,Cd. Mendoza,21_DV2026_Puebla.pdf,16,21_DV2026_Puebla,53.31,3.0,2.0,8865.0,11.5,67.5,3.6,15.4,0.9,0.3,0.3,0.3,0.2,79.0,3.6,17.4,0.069,0.525,18.809827,-97.173512,100.0,True,
15,Tehuacán - Córdoba,00534,MEX-150,2025,Orizaba,21_DV2026_Puebla.pdf,16,21_DV2026_Puebla,63.52,1.0,1.0,15595.0,16.1,72.3,2.0,6.6,1.1,0.6,0.3,0.7,0.3,88.4,2.0,9.6,0.068,0.528,18.839132,-97.120733,100.0,True,
15,Tehuacán - Córdoba,00534,MEX-150,2025,Orizaba,21_DV2026_Puebla.pdf,16,21_DV2026_Puebla,63.52,1.0,2.0,17742.0,16.1,72.5,1.9,6.1,1.2,0.7,0.4,0.6,0.5,88.6,1.9,9.5,0.062,0.528,18.839206,-97.120731,100.0,True,
15,Tehuacán - Córdoba,00534,MEX-150,2025,Orizaba,21_DV2026_Puebla.pdf,16,21_DV2026_Puebla,63.52,3.0,1.0,17166.0,13.2,74.9,2.0,4.0,2.2,1.8,0.5,1.0,0.4,88.1,2.0,9.9,0.074,0.512,18.860969,-97.059967,100.0,True,
15,Tehuacán - Córdoba,00534,MEX-150,2025,Orizaba,21_DV2026_Puebla.pdf,16,21_DV2026_Puebla,63.52,3.0,2.0,18138.0,13.1,75.3,2.0,4.1,2.0,1.6,0.5,1.0,0.4,88.4,2.0,9.6,0.076,0.512,18.860888,-97.059934,100.0,True,
15,Tehuacán - Córdoba,00534,MEX-150,2025,Fortín,21_DV2026_Puebla.pdf,16,21_DV2026_Puebla,80.24,1.0,0.0,6413.0,17.3,71.6,1.5,6.0,2.5,1.0,0.1,0.0,0.0,88.9,1.5,9.6,0.075,0.575,18.892376,-97.012002,100.0,True,
15,Tehuacán - Córdoba,00534,MEX-150,2025,Fortín,21_DV2026_Puebla.pdf,16,21_DV2026_Puebla,80.24,3.0,1.0,15396.0,9.6,83.2,1.1,4.2,1.1,0.4,0.2,0.1,0.1,92.8,1.1,6.1,0.076,0.509,18.90091,-96.992404,100.0,True,
15,Tehuacán - Córdoba,00534,MEX-150,2025,Fortín,21_DV2026_Puebla.pdf,16,21_DV2026_Puebla,80.24,3.0,2.0,14812.0,9.5,83.5,1.2,4.0,1.1,0.3,0.2,0.1,0.1,93.0,1.2,5.8,0.076,0.509,18.901003,-96.99233,100.0,True,
15,Tehuacán - Córdoba,00534,MEX-150,2025,Córdoba,21_DV2026_Puebla.pdf,16,21_DV2026_Puebla,86.76,1.0,1.0,10289.0,9.1,83.0,0.8,5.1,0.7,0.4,0.2,0.5,0.2,92.1,0.8,7.1,0.074,0.527,18.90262,-96.979755,100.0,True,
15,Tehuacán - Córdoba,00534,MEX-150,2025,Córdoba,21_DV2026_Puebla.pdf,16,21_DV2026_Puebla,86.76,1.0,2.0,11634.0,8.6,83.1,0.8,5.5,0.7,0.4,0.2,0.5,0.2,91.7,0.8,7.5,0.079,0.527,18.902697,-96.979678,100.0,True,
16,Tehuacán - Huajuapan de León,00211,MEX-125,2025,Tehuacán,21_DV2026_Puebla.pdf,16,21_DV2026_Puebla,0.0,3.0,1.0,10299.0,7.1,83.4,1.2,4.6,1.4,1.2,0.5,0.4,0.2,90.5,1.2,8.3,0.07,0.517,18.436774,-97.401486,100.0,True,
16,Tehuacán - Huajuapan de León,00211,MEX-125,2025,Tehuacán,21_DV2026_Puebla.pdf,16,21_DV2026_Puebla,0.0,3.0,2.0,10133.0,7.2,83.9,0.6,4.7,1.4,1.1,0.5,0.3,0.3,91.1,0.6,8.3,0.077,0.517,18.436633,-97.401527,100.0,True,
16,Tehuacán - Huajuapan de León,00211,MEX-125,2025,Zapotitlán Salinas,21_DV2026_Puebla.pdf,16,21_DV2026_Puebla,28.0,1.0,0.0,2884.0,9.1,73.6,1.4,8.2,2.7,2.3,1.7,0.7,0.3,82.7,1.4,15.9,0.089,0.55,18.33405,-97.461204,100.0,True,
16,Tehuacán - Huajuapan de León,00211,MEX-125,2025,Lim. Edos. Term. Pue. Ppia. Oax.,21_DV2026_Puebla.pdf,16,21_DV2026_Puebla,55.8,,,,,,,,,,,,,,,,,,,,,False,
16,Tehuacán - Huajuapan de León,00211,MEX-125,2025,Santiago Chazumba,21_DV2026_Puebla.pdf,16,21_DV2026_Puebla,63.02,1.0,0.0,1406.0,5.7,74.6,1.3,6.7,3.2,3.7,3.5,0.8,0.5,80.3,1.3,18.4,0.095,0.507,18.20093,-97.673789,100.0,True,
16,Tehuacán - Huajuapan de León,00211,MEX-125,2025,Santiago Chazumba,21_DV2026_Puebla.pdf,17,21_DV2026_Puebla,63.02,3.0,0.0,2050.0,6.1,74.6,1.7,6.8,2.4,3.5,3.6,0.9,0.4,80.7,1.7,17.6,0.094,0.585,18.181308,-97.681195,100.0,True,
16,Tehuacán - Huajuapan de León,00211,MEX-125,2025,T. Izq. Santa María Camotlán,21_DV2026_Puebla.pdf,17,21_DV2026_Puebla,103.13,1.0,0.0,1552.0,6.4,73.3,1.8,7.0,3.3,3.6,3.4,0.9,0.3,79.7,1.8,18.5,0.081,0.568,17.907572,-97.68759,100.0,True,
16,Tehuacán - Huajuapan de León,00211,MEX-125,2025,T. C. Huajuapan de León - Oaxaca,21_DV2026_Puebla.pdf,17,21_DV2026_Puebla,119.4,1.0,0.0,10281.0,13.5,79.7,0.8,3.3,0.7,0.9,0.5,0.4,0.2,93.2,0.8,6.0,0.071,0.592,17.821276,-97.755666,100.0,True,
17,Teziutlán - Nautla,00144,MEX-129,2025,Teziutlán,21_DV2026_Puebla.pdf,17,21_DV2026_Puebla,0.0,3.0,0.0,8866.0,14.1,75.7,0.7,2.1,2.5,1.9,1.1,1.0,0.9,89.8,0.7,9.5,0.086,0.525,19.834557,-97.344595,100.0,True,
17,Teziutlán - Nautla,00144,MEX-129,2025,Lim. Edos. Term. Pue. Ppia. Ver.,21_DV2026_Puebla.pdf,17,21_DV2026_Puebla,17.5,,,,,,,,,,,,,,,,,,,,,False,
17,Teziutlán - Nautla,00144,MEX-129,2025,Tlapacoyan,21_DV2026_Puebla.pdf,17,21_DV2026_Puebla,33.2,1.0,0.0,6492.0,10.0,76.8,2.1,7.6,1.6,0.5,0.2,1.0,0.2,86.8,2.1,11.1,0.082,0.565,19.954711,-97.21933,100.0,True,
17,Teziutlán - Nautla,00144,MEX-129,2025,Tlapacoyan,21_DV2026_Puebla.pdf,17,21_DV2026_Puebla,33.2,3.0,0.0,11139.0,19.2,72.9,1.3,3.1,1.2,0.9,0.5,0.8,0.1,92.1,1.3,6.6,0.08,0.561,19.976901,-97.203373,100.0,True,
17,Teziutlán - Nautla,00144,MEX-129,2025,Martínez de La Torre,21_DV2026_Puebla.pdf,17,21_DV2026_Puebla,58.0,3.0,0.0,13362.0,10.6,78.9,1.3,4.5,1.7,1.3,0.5,1.0,0.2,89.5,1.3,9.2,0.08,0.539,20.087392,-97.022746,100.0,True,
17,Teziutlán - Nautla,00144,MEX-129,2025,San Rafael,21_DV2026_Puebla.pdf,17,21_DV2026_Puebla,84.4,3.0,0.0,6937.0,8.0,74.4,2.8,7.9,2.4,1.8,1.2,0.9,0.6,82.4,2.8,14.8,0.083,0.731,20.196975,-96.868366,100.0,True,
17,Teziutlán - Nautla,00144,MEX-129,2025,T. C. Poza Rica - Veracruz,21_DV2026_Puebla.pdf,17,21_DV2026_Puebla,93.2,1.0,0.0,4058.0,3.3,77.5,3.2,8.2,3.3,2.5,1.0,0.8,0.2,80.8,3.2,16.0,0.085,0.57,20.232912,-96.794461,100.0,True,
18,Teziutlán - Perote,00209,MEX-131,2025,Teziutlán,21_DV2026_Puebla.pdf,17,21_DV2026_Puebla,0.0,3.0,0.0,8214.0,2.9,91.1,0.6,3.4,0.9,0.4,0.3,0.3,0.1,94.0,0.6,5.4,0.104,0.629,19.793656,-97.356436,100.0,True,
18,Teziutlán - Perote,00209,MEX-131,2025,Lim. Edos. Term. Pue. Ppia. Ver.,21_DV2026_Puebla.pdf,17,21_DV2026_Puebla,11.3,,,,,,,,,,,,,,,,,,,,,False,
18,Teziutlán - Perote,00209,MEX-131,2025,Jalacingo,21_DV2026_Puebla.pdf,17,21_DV2026_Puebla,12.5,3.0,0.0,9168.0,4.2,84.0,1.1,6.9,2.0,0.6,0.5,0.6,0.1,88.2,1.1,10.7,0.1,0.511,19.796854,-97.298881,100.0,True,
18,Teziutlán - Perote,00209,MEX-131,2025,T. Izq. Atzalan,21_DV2026_Puebla.pdf,17,21_DV2026_Puebla,23.0,3.0,0.0,10746.0,4.6,81.1,1.6,5.3,3.3,2.2,0.7,0.8,0.4,85.7,1.6,12.7,0.083,0.541,19.776773,-97.250816,100.0,True,
18,Teziutlán - Perote,00209,MEX-131,2025,T. Izq. Altotonga II,21_DV2026_Puebla.pdf,17,21_DV2026_Puebla,26.9,3.0,0.0,9243.0,9.6,77.3,2.0,4.8,2.2,1.5,0.7,1.5,0.4,86.9,2.0,11.1,0.086,0.649,19.743725,-97.246292,100.0,True,
18,Teziutlán - Perote,00209,MEX-131,2025,T. Izq. Villa Aldama,21_DV2026_Puebla.pdf,17,21_DV2026_Puebla,37.6,3.0,0.0,6653.0,5.2,75.7,2.3,7.5,3.6,2.2,1.4,1.6,0.5,80.9,2.3,16.8,0.086,0.588,19.661558,-97.247059,100.0,True,
18,Teziutlán - Perote,00209,MEX-131,2025,Perote,21_DV2026_Puebla.pdf,17,21_DV2026_Puebla,49.1,1.0,0.0,8914.0,5.3,77.7,3.3,6.1,2.9,2.2,1.0,1.0,0.5,83.0,3.3,13.7,0.08,0.511,19.587471,-97.248403,100.0,True,
19,Zacatepec - Oriental,21189,MEX-136,2025,Zacatepec,21_DV2026_Puebla.pdf,17,21_DV2026_Puebla,0.0,3.0,0.0,2857.0,2.4,80.6,1.5,3.4,2.9,3.3,4.7,1.0,0.2,83.0,1.5,15.5,0.092,0.624,19.2778,-97.536888,100.0,True,
19,Zacatepec - Oriental,21189,MEX-136,2025,Oriental,21_DV2026_Puebla.pdf,17,21_DV2026_Puebla,16.0,,,,,,,,,,,,,,,,,,,,,False,
20,Acatzingo - Cd. Mendoza (Cuota),00485,MEX-150D,2025,T. Izq. Acatzingo,21_DV2026_Puebla.pdf,18,21_DV2026_Puebla,47.1,3.0,1.0,17771.0,1.0,60.4,7.8,9.0,3.0,9.7,2.1,6.5,0.5,61.4,7.8,30.8,0.067,0.506,18.970698,-97.79251,100.0,True,
20,Acatzingo - Cd. Mendoza (Cuota),00485,MEX-150D,2025,T. Izq. Acatzingo,21_DV2026_Puebla.pdf,18,21_DV2026_Puebla,47.1,3.0,2.0,17048.0,1.1,60.5,7.6,9.1,2.9,9.6,2.2,6.4,0.6,61.6,7.6,30.8,0.072,0.506,18.970788,-97.792474,100.0,True,
20,Acatzingo - Cd. Mendoza (Cuota),00485,MEX-150D,2025,T. Der. Tecamachalco,21_DV2026_Puebla.pdf,18,21_DV2026_Puebla,62.1,1.0,1.0,18832.0,0.8,63.9,5.8,8.1,3.3,10.1,2.3,5.1,0.6,64.7,5.8,29.5,0.062,0.515,18.936,-97.693725,100.0,True,
20,Acatzingo - Cd. Mendoza (Cuota),00485,MEX-150D,2025,T. Der. Tecamachalco,21_DV2026_Puebla.pdf,18,21_DV2026_Puebla,62.1,1.0,2.0,19335.0,0.9,60.9,6.9,8.3,3.6,10.9,2.4,5.4,0.7,61.8,6.9,31.3,0.064,0.515,18.936013,-97.693467,100.0,True,
20,Acatzingo - Cd. Mendoza (Cuota),00485,MEX-150D,2025,T. Der. Tecamachalco,21_DV2026_Puebla.pdf,18,21_DV2026_Puebla,62.1,3.0,1.0,14842.0,0.9,61.6,6.9,8.9,3.3,10.9,1.9,4.9,0.7,62.5,6.9,30.6,0.072,0.556,18.927509,-97.673536,100.0,True,
20,Acatzingo - Cd. Mendoza (Cuota),00485,MEX-150D,2025,T. Der. Tecamachalco,21_DV2026_Puebla.pdf,18,21_DV2026_Puebla,62.1,3.0,2.0,15326.0,1.0,59.9,7.2,9.8,3.5,10.7,2.1,5.2,0.6,60.9,7.2,31.9,0.062,0.556,18.927614,-97.673491,100.0,True,
20,Acatzingo - Cd. Mendoza (Cuota),00485,MEX-150D,2025,T. Der. Oaxaca (Cuota),21_DV2026_Puebla.pdf,18,21_DV2026_Puebla,83.85,1.0,1.0,12808.0,2.0,60.0,6.7,7.2,4.1,11.2,2.4,5.6,0.8,62.0,6.7,31.3,0.069,0.527,18.828086,-97.497214,100.0,True,
20,Acatzingo - Cd. Mendoza (Cuota),00485,MEX-150D,2025,T. Der. Oaxaca (Cuota),21_DV2026_Puebla.pdf,18,21_DV2026_Puebla,83.85,1.0,2.0,12868.0,1.9,60.2,7.1,7.4,3.7,11.4,2.2,5.4,0.7,62.1,7.1,30.8,0.073,0.527,18.828201,-97.4972,100.0,True,
20,Acatzingo - Cd. Mendoza (Cuota),00485,MEX-150D,2025,T. Der. Oaxaca (Cuota),21_DV2026_Puebla.pdf,18,21_DV2026_Puebla,83.85,3.0,1.0,8610.0,2.9,48.9,9.1,6.0,3.9,16.2,3.1,8.9,1.0,51.8,9.1,39.1,0.063,0.565,18.830531,-97.484183,100.0,True,
20,Acatzingo - Cd. Mendoza (Cuota),00485,MEX-150D,2025,T. Der. Oaxaca (Cuota),21_DV2026_Puebla.pdf,18,21_DV2026_Puebla,83.85,3.0,2.0,8202.0,2.7,49.5,9.2,6.2,4.2,15.9,2.9,8.7,0.7,52.2,9.2,38.6,0.066,0.565,18.83137,-97.482713,100.0,True,
20,Acatzingo - Cd. Mendoza (Cuota),00485,MEX-150D,2025,Plaza de Cobro Esperanza,21_DV2026_Puebla.pdf,18,21_DV2026_Puebla,99.5,2.0,1.0,6955.0,0.5,52.7,4.4,4.7,6.9,16.6,2.2,10.8,1.2,53.2,4.4,42.4,0.075,0.5,18.870672,-97.386004,100.0,True,
20,Acatzingo - Cd. Mendoza (Cuota),00485,MEX-150D,2025,Plaza de Cobro Esperanza,21_DV2026_Puebla.pdf,18,21_DV2026_Puebla,99.5,2.0,2.0,6955.0,0.5,52.7,4.4,4.7,6.9,16.6,2.2,10.8,1.2,53.2,4.4,42.4,0.075,0.5,18.870672,-97.386004,100.0,True,
20,Acatzingo - Cd. Mendoza (Cuota),00485,MEX-150D,2025,Lim. Edos. Term. Pue. Ppia. Ver.,21_DV2026_Puebla.pdf,18,21_DV2026_Puebla,111.4,,,,,,,,,,,,,,,,,,,,,False,
20,Acatzingo - Cd. Mendoza (Cuota),00485,MEX-150D,2025,T. Der. Maltrata,21_DV2026_Puebla.pdf,18,21_DV2026_Puebla,128.3,1.0,1.0,11265.0,8.1,51.6,6.2,5.5,4.1,13.0,2.6,7.7,1.2,59.7,6.2,34.1,0.071,0.534,18.830564,-97.25676,100.0,True,
20,Acatzingo - Cd. Mendoza (Cuota),00485,MEX-150D,2025,T. Der. Maltrata,21_DV2026_Puebla.pdf,18,21_DV2026_Puebla,128.3,1.0,2.0,11407.0,8.1,52.1,6.3,5.2,4.1,13.2,2.3,7.9,0.8,60.2,6.3,33.5,0.064,0.534,18.830794,-97.256814,100.0,True,
20,Acatzingo - Cd. Mendoza (Cuota),00485,MEX-150D,2025,T. Der. Cd. Mendoza,21_DV2026_Puebla.pdf,18,21_DV2026_Puebla,142.4,1.0,1.0,10858.0,4.6,57.8,7.2,4.7,3.8,12.6,1.8,6.4,1.1,62.4,7.2,30.4,0.064,0.515,18.814069,-97.195062,100.0,True,
20,Acatzingo - Cd. Mendoza (Cuota),00485,MEX-150D,2025,T. Der. Cd. Mendoza,21_DV2026_Puebla.pdf,18,21_DV2026_Puebla,142.4,1.0,2.0,11303.0,4.6,58.2,7.4,4.9,3.6,12.4,1.9,6.2,0.8,62.8,7.4,29.8,0.061,0.515,18.814158,-97.195017,100.0,True,
21,Amozoc - Perote (Cuota),00030,MEX-140D,2025,T. C. Puebla - Acatzingo (Cuota),21_DV2026_Puebla.pdf,18,21_DV2026_Puebla,0.0,3.0,0.0,12139.0,3.1,70.0,7.9,4.8,2.4,6.8,1.1,3.1,0.8,73.1,7.9,19.0,0.079,0.602,19.071799,-98.06286,100.0,True,
21,Amozoc - Perote (Cuota),00030,MEX-140D,2025,Plaza de Cobro Amozoc,21_DV2026_Puebla.pdf,18,21_DV2026_Puebla,0.68,2.0,0.0,12220.0,0.7,71.5,5.2,4.1,3.9,8.7,1.1,4.0,0.8,72.2,5.2,22.6,0.085,0.5,19.063641,-98.069094,100.0,True,
21,Amozoc - Perote (Cuota),00030,MEX-140D,2025,Lim. Edos. Term. Pue. Ppia. Tlax.,21_DV2026_Puebla.pdf,18,21_DV2026_Puebla,20.08,,,,,,,,,,,,,,,,,,,,,False,
21,Amozoc - Perote (Cuota),00030,MEX-140D,2025,X. C. Huamantla - La Venta,21_DV2026_Puebla.pdf,18,21_DV2026_Puebla,25.8,3.0,0.0,12399.0,3.4,71.7,7.1,4.3,2.9,6.6,1.2,2.3,0.5,75.1,7.1,17.8,0.076,0.572,19.228171,-97.897041,100.0,True,
21,Amozoc - Perote (Cuota),00030,MEX-140D,2025,Lim. Edos. Term. Tlax. Ppia. Pue.,21_DV2026_Puebla.pdf,18,21_DV2026_Puebla,30.5,,,,,,,,,,,,,,,,,,,,,False,
21,Amozoc - Perote (Cuota),00030,MEX-140D,2025,Lim. Edos. Term. Pue. Ppia. Tlax.,21_DV2026_Puebla.pdf,18,21_DV2026_Puebla,31.26,,,,,,,,,,,,,,,,,,,,,False,
21,Amozoc - Perote (Cuota),00030,MEX-140D,2025,Lim. Edos. Term. Tlax. Ppia. Pue.,21_DV2026_Puebla.pdf,18,21_DV2026_Puebla,31.67,,,,,,,,,,,,,,,,,,,,,False,
21,Amozoc - Perote (Cuota),00030,MEX-140D,2025,Lim. Edos. Term. Pue. Ppia. Tlax.,21_DV2026_Puebla.pdf,18,21_DV2026_Puebla,38.93,,,,,,,,,,,,,,,,,,,,,False,
21,Amozoc - Perote (Cuota),00030,MEX-140D,2025,Plaza de Cobro Cuapiaxtla,21_DV2026_Puebla.pdf,18,21_DV2026_Puebla,40.34,2.0,0.0,6914.0,0.6,71.6,3.6,4.1,4.2,8.7,1.0,5.2,1.0,72.2,3.6,24.2,0.085,0.5,19.310369,-97.797544,100.0,True,
21,Amozoc - Perote (Cuota),00030,MEX-140D,2025,Lim. Edos. Term. Tlax. Ppia. Pue.,21_DV2026_Puebla.pdf,18,21_DV2026_Puebla,54.5,,,,,,,,,,,,,,,,,,,,,False,
21,Amozoc - Perote (Cuota),00030,MEX-140D,2025,T. Der. Oriental,21_DV2026_Puebla.pdf,18,21_DV2026_Puebla,61.45,1.0,0.0,16412.0,3.3,69.1,7.5,4.8,2.6,5.9,2.0,3.8,1.0,72.4,7.5,20.1,0.078,0.594,19.411329,-97.651407,100.0,True,
21,Amozoc - Perote (Cuota),00030,MEX-140D,2025,T. Der. Oriental,21_DV2026_Puebla.pdf,18,21_DV2026_Puebla,61.45,3.0,1.0,7151.0,2.2,64.1,8.0,5.2,3.4,9.3,2.3,4.7,0.8,66.3,8.0,25.7,0.065,0.587,19.421016,-97.637109,100.0,True,
21,Amozoc - Perote (Cuota),00030,MEX-140D,2025,T. Der. Oriental,21_DV2026_Puebla.pdf,18,21_DV2026_Puebla,61.45,3.0,2.0,7275.0,1.9,64.7,8.3,5.2,3.1,9.0,2.1,4.9,0.8,66.6,8.3,25.1,0.094,0.587,19.421008,-97.637204,100.0,True,
21,Amozoc - Perote (Cuota),00030,MEX-140D,2025,T. Izq. Teziutlán,21_DV2026_Puebla.pdf,19,21_DV2026_Puebla,62.7,3.0,0.0,9763.0,2.7,59.6,9.3,5.9,3.2,9.9,2.5,5.9,1.0,62.3,9.3,28.4,0.073,0.541,19.426498,-97.62995,100.0,True,
21,Amozoc - Perote (Cuota),00030,MEX-140D,2025,X. C. Tepeyahualco - Cantoná,21_DV2026_Puebla.pdf,19,21_DV2026_Puebla,80.1,3.0,0.0,12138.0,8.5,54.9,10.4,5.7,2.7,8.9,2.7,5.5,0.7,63.4,10.4,26.2,0.063,0.56,19.50822,-97.492429,100.0,True,
21,Amozoc - Perote (Cuota),00030,MEX-140D,2025,Lim. Edos. Term. Pue. Ppia. Ver.,21_DV2026_Puebla.pdf,19,21_DV2026_Puebla,90.36,,,,,,,,,,,,,,,,,,,,,False,
21,Amozoc - Perote (Cuota),00030,MEX-140D,2025,T. C. Lib. de Perote,21_DV2026_Puebla.pdf,19,21_DV2026_Puebla,105.0,,,,,,,,,,,,,,,,,,,,,False,
22,Cuacnopalan - Oaxaca (Cuota),00109,MEX-135D,2025,T. C. Puebla - Acatzingo (Cuota),21_DV2026_Puebla.pdf,19,21_DV2026_Puebla,0.0,3.0,0.0,13119.0,1.2,70.5,6.4,7.1,3.3,6.3,1.7,2.7,0.8,71.7,6.4,21.9,0.059,0.53,18.818736,-97.491166,100.0,True,
22,Cuacnopalan - Oaxaca (Cuota),00109,MEX-135D,2025,T. Der. Cuacnopalan,21_DV2026_Puebla.pdf,19,21_DV2026_Puebla,1.8,3.0,0.0,12745.0,1.1,71.8,6.0,7.9,2.8,5.4,1.6,2.7,0.7,72.9,6.0,21.1,0.062,0.551,18.81234,-97.490727,100.0,True,
22,Cuacnopalan - Oaxaca (Cuota),00109,MEX-135D,2025,Plaza de Cobro Tehuacán,21_DV2026_Puebla.pdf,19,21_DV2026_Puebla,40.0,2.0,0.0,12485.0,0.8,72.8,4.6,5.4,5.3,6.2,1.3,2.8,0.8,73.6,4.6,21.8,0.083,0.5,18.487088,-97.456196,100.0,True,
22,Cuacnopalan - Oaxaca (Cuota),00109,MEX-135D,2025,Plaza de Cobro Tehuacán,21_DV2026_Puebla.pdf,19,21_DV2026_Puebla,40.0,3.0,0.0,6916.0,3.5,67.7,8.6,5.8,3.1,4.2,2.4,3.8,0.9,71.2,8.6,20.2,0.068,0.626,18.483879,-97.456505,100.0,True,
22,Cuacnopalan - Oaxaca (Cuota),00109,MEX-135D,2025,X. C. Tehuacán - Huajuapan de León,21_DV2026_Puebla.pdf,19,21_DV2026_Puebla,48.0,3.0,0.0,6885.0,4.2,63.9,7.5,13.9,1.9,3.5,1.5,2.9,0.7,68.1,7.5,24.4,0.064,0.54,18.421326,-97.411817,100.0,True,
22,Cuacnopalan - Oaxaca (Cuota),00109,MEX-135D,2025,T. Izq. San Gabriel Chilac,21_DV2026_Puebla.pdf,19,21_DV2026_Puebla,61.0,3.0,0.0,7390.0,2.4,71.7,7.6,5.3,2.9,4.6,1.5,3.2,0.8,74.1,7.6,18.3,0.066,0.557,18.323599,-97.36767,100.0,True,
22,Cuacnopalan - Oaxaca (Cuota),00109,MEX-135D,2025,Plaza de Cobro Miahuatlán,21_DV2026_Puebla.pdf,19,21_DV2026_Puebla,70.7,2.0,0.0,6517.0,1.0,70.6,6.2,4.4,6.3,5.9,1.6,3.2,0.8,71.6,6.2,22.2,0.083,0.5,18.264632,-97.315617,100.0,True,
22,Cuacnopalan - Oaxaca (Cuota),00109,MEX-135D,2025,Plaza de Cobro Miahuatlán,21_DV2026_Puebla.pdf,19,21_DV2026_Puebla,70.7,3.0,0.0,7735.0,2.5,67.2,8.4,6.5,3.3,6.3,1.5,4.1,0.2,69.7,8.4,21.9,0.077,0.546,18.260741,-97.311513,100.0,True,
22,Cuacnopalan - Oaxaca (Cuota),00109,MEX-135D,2025,Lim. Edos. Term. Pue. Ppia. Oax.,21_DV2026_Puebla.pdf,19,21_DV2026_Puebla,83.5,,,,,,,,,,,,,,,,,,,,,False,
22,Cuacnopalan - Oaxaca (Cuota),00109,MEX-135D,2025,T. Izq. Tepelmeme,21_DV2026_Puebla.pdf,19,21_DV2026_Puebla,123.6,3.0,0.0,6424.0,3.3,66.7,10.1,6.0,3.1,5.2,1.6,3.1,0.9,70.0,10.1,19.9,0.065,0.504,17.857657,-97.378087,100.0,True,
22,Cuacnopalan - Oaxaca (Cuota),00109,MEX-135D,2025,X. C . Tlacotepec - Tepelmeme,21_DV2026_Puebla.pdf,19,21_DV2026_Puebla,125.78,3.0,0.0,7807.0,4.2,63.7,10.1,6.3,3.4,5.9,2.6,3.0,0.8,67.9,10.1,22.0,0.064,0.566,17.877904,-97.37458,100.0,True,
22,Cuacnopalan - Oaxaca (Cuota),00109,MEX-135D,2025,Plaza de Cobro Coixtlahuaca,21_DV2026_Puebla.pdf,19,21_DV2026_Puebla,141.3,2.0,0.0,5377.0,1.0,67.4,6.8,4.6,6.9,6.8,1.6,3.9,1.0,68.4,6.8,24.8,0.083,0.5,17.726021,-97.353781,100.0,True,
22,Cuacnopalan - Oaxaca (Cuota),00109,MEX-135D,2025,T. Izq. Asunción Nochistlán,21_DV2026_Puebla.pdf,19,21_DV2026_Puebla,175.5,1.0,0.0,5304.0,2.4,67.5,8.3,6.0,3.6,5.3,2.6,3.4,0.9,69.9,8.3,21.8,0.065,0.514,17.47034,-97.251694,100.0,True,
22,Cuacnopalan - Oaxaca (Cuota),00109,MEX-135D,2025,T. Izq. Asunción Nochistlán,21_DV2026_Puebla.pdf,19,21_DV2026_Puebla,175.5,3.0,0.0,6544.0,2.0,70.3,5.0,10.5,3.2,4.3,1.9,2.5,0.3,72.3,5.0,22.7,0.064,0.533,17.451551,-97.237236,100.0,True,
22,Cuacnopalan - Oaxaca (Cuota),00109,MEX-135D,2025,Plaza de Cobro Huitzo,21_DV2026_Puebla.pdf,19,21_DV2026_Puebla,220.0,2.0,0.0,7669.0,1.4,76.7,4.5,4.1,4.7,4.4,0.9,2.6,0.7,78.1,4.5,17.4,0.083,0.5,17.275031,-96.915296,100.0,True,
22,Cuacnopalan - Oaxaca (Cuota),00109,MEX-135D,2025,Plaza de Cobro Huitzo,21_DV2026_Puebla.pdf,19,21_DV2026_Puebla,220.0,3.0,1.0,4628.0,2.7,74.0,5.3,7.8,2.6,3.6,1.1,2.2,0.7,76.7,5.3,18.0,0.078,0.584,17.269851,-96.909105,100.0,True,
22,Cuacnopalan - Oaxaca (Cuota),00109,MEX-135D,2025,Plaza de Cobro Huitzo,21_DV2026_Puebla.pdf,19,21_DV2026_Puebla,220.0,3.0,2.0,5085.0,2.5,73.8,5.4,7.9,2.7,3.3,1.1,2.4,0.9,76.3,5.4,18.3,0.078,0.584,17.269911,-96.909049,100.0,True,
22,Cuacnopalan - Oaxaca (Cuota),00109,MEX-135D,2025,T. C. Huajuapan de León - Oaxaca,21_DV2026_Puebla.pdf,19,21_DV2026_Puebla,242.7,1.0,1.0,6262.0,2.5,71.8,4.6,7.6,3.6,5.1,1.4,2.6,0.8,74.3,4.6,21.1,0.077,0.536,17.147273,-96.785079,100.0,True,
22,Cuacnopalan - Oaxaca (Cuota),00109,MEX-135D,2025,T. C. Huajuapan de León - Oaxaca,21_DV2026_Puebla.pdf,19,21_DV2026_Puebla,242.7,1.0,2.0,5896.0,2.7,71.6,4.4,7.4,3.8,5.0,1.6,2.5,1.0,74.3,4.4,21.3,0.086,0.536,17.147351,-96.785083,100.0,True,
23,Libramiento Elevado de Puebla (Cuota),,MEX-150D,2025,Periférico Ecológico de Puebla,21_DV2026_Puebla.pdf,19,21_DV2026_Puebla,114.36,3.0,1.0,6583.0,0.9,74.9,3.8,8.8,2.7,5.8,1.2,1.3,0.6,75.8,3.8,20.4,0.103,0.665,19.121266,-98.258045,100.0,True,
23,Libramiento Elevado de Puebla (Cuota),,MEX-150D,2025,Periférico Ecológico de Puebla,21_DV2026_Puebla.pdf,19,21_DV2026_Puebla,114.36,3.0,2.0,6531.0,1.0,76.2,3.5,8.8,2.5,5.5,0.7,1.2,0.6,77.2,3.5,19.3,0.084,0.665,19.121305,-98.257971,100.0,True,
23,Libramiento Elevado de Puebla (Cuota),,MEX-150D,2025,Bulevar Hermanos Serdán,21_DV2026_Puebla.pdf,20,21_DV2026_Puebla,121.0,3.0,1.0,7165.0,0.8,75.2,3.4,8.5,2.7,6.3,1.2,1.3,0.6,76.0,3.4,20.6,0.104,0.665,19.088833,-98.214072,100.0,True,
23,Libramiento Elevado de Puebla (Cuota),,MEX-150D,2025,Bulevar Hermanos Serdán,21_DV2026_Puebla.pdf,20,21_DV2026_Puebla,121.0,3.0,2.0,7096.0,1.1,75.2,3.5,8.5,2.5,6.4,0.9,1.3,0.6,76.3,3.5,20.2,0.085,0.665,19.08892,-98.214028,100.0,True,
23,Libramiento Elevado de Puebla (Cuota),,MEX-150D,2025,T. Aut. Puebla-Acatzingo,21_DV2026_Puebla.pdf,20,21_DV2026_Puebla,128.26,1.0,1.0,6683.0,1.2,73.3,4.1,8.7,3.4,6.1,1.0,1.6,0.6,74.5,4.1,21.4,0.089,0.549,19.080009,-98.160683,100.0,True,
23,Libramiento Elevado de Puebla (Cuota),,MEX-150D,2025,T. Aut. Puebla-Acatzingo,21_DV2026_Puebla.pdf,20,21_DV2026_Puebla,128.26,1.0,2.0,5923.0,1.2,72.6,4.2,9.0,3.5,6.0,1.2,1.5,0.8,73.8,4.2,22.0,0.085,0.549,19.080081,-98.160634,100.0,True,
24,Libramiento Norte de la Ciudad de México (Cuota),0902,MEX-055D,2025,T. C. Toluca - Palmillas,21_DV2026_Puebla.pdf,20,21_DV2026_Puebla,0.0,,,,,,,,,,,,,,,,,,,,,False,
24,Libramiento Norte de la Ciudad de México (Cuota),0902,MEX-055D,2025,X. C. Toluca - Palmillas,21_DV2026_Puebla.pdf,20,21_DV2026_Puebla,12.9,1.0,1.0,6522.0,3.6,57.9,7.6,4.5,2.6,15.8,1.8,5.4,0.8,61.5,7.6,30.9,0.079,0.51,19.916093,-99.850993,100.0,True,
24,Libramiento Norte de la Ciudad de México (Cuota),0902,MEX-055D,2025,X. C. Toluca - Palmillas,21_DV2026_Puebla.pdf,20,21_DV2026_Puebla,12.9,1.0,2.0,6786.0,3.3,57.6,7.7,4.4,2.6,15.9,2.0,5.6,0.9,60.9,7.7,31.4,0.084,0.51,19.916387,-99.851101,100.0,True,
24,Libramiento Norte de la Ciudad de México (Cuota),0902,MEX-055D,2025,X. C. Toluca - Palmillas,21_DV2026_Puebla.pdf,20,21_DV2026_Puebla,12.9,3.0,1.0,6774.0,5.8,56.2,7.8,4.9,3.0,14.5,1.7,5.2,0.9,62.0,7.8,30.2,0.084,0.509,19.922884,-99.836748,100.0,True,
24,Libramiento Norte de la Ciudad de México (Cuota),0902,MEX-055D,2025,X. C. Toluca - Palmillas,21_DV2026_Puebla.pdf,20,21_DV2026_Puebla,12.9,3.0,2.0,6544.0,5.8,56.1,7.7,4.7,3.0,14.8,1.6,5.3,1.0,61.9,7.7,30.4,0.076,0.509,19.923129,-99.836797,100.0,True,
24,Libramiento Norte de la Ciudad de México (Cuota),0902,MEX-055D,2025,C. P. Jilotepec,21_DV2026_Puebla.pdf,20,21_DV2026_Puebla,48.7,1.0,1.0,6921.0,3.8,59.0,8.7,5.1,2.9,13.3,1.5,4.8,0.9,62.8,8.7,28.5,0.065,0.527,19.969025,-99.538005,100.0,True,
24,Libramiento Norte de la Ciudad de México (Cuota),0902,MEX-055D,2025,C. P. Jilotepec,21_DV2026_Puebla.pdf,20,21_DV2026_Puebla,48.7,1.0,2.0,6220.0,3.8,58.4,8.8,5.1,2.8,14.2,1.2,4.8,0.9,62.2,8.8,29.0,0.067,0.527,19.969163,-99.538155,100.0,True,
24,Libramiento Norte de la Ciudad de México (Cuota),0902,MEX-055D,2025,C. P. Jilotepec,21_DV2026_Puebla.pdf,20,21_DV2026_Puebla,48.7,3.0,1.0,8509.0,3.8,57.8,7.2,5.8,2.8,15.2,2.0,4.6,0.8,61.6,7.2,31.2,0.069,0.504,19.980003,-99.516548,100.0,True,
24,Libramiento Norte de la Ciudad de México (Cuota),0902,MEX-055D,2025,C. P. Jilotepec,21_DV2026_Puebla.pdf,20,21_DV2026_Puebla,48.7,3.0,2.0,8643.0,3.2,55.0,7.6,6.5,3.3,16.1,2.3,5.2,0.8,58.2,7.6,34.2,0.064,0.504,19.980412,-99.515964,100.0,True,
24,Libramiento Norte de la Ciudad de México (Cuota),0902,MEX-055D,2025,X. C. México - Querétaro,21_DV2026_Puebla.pdf,20,21_DV2026_Puebla,54.0,3.0,1.0,9266.0,4.5,50.6,7.8,5.1,3.2,17.2,4.0,6.7,0.9,55.1,7.8,37.1,0.082,0.515,20.003079,-99.483508,100.0,True,
24,Libramiento Norte de la Ciudad de México (Cuota),0902,MEX-055D,2025,X. C. México - Querétaro,21_DV2026_Puebla.pdf,20,21_DV2026_Puebla,54.0,3.0,2.0,9856.0,4.3,53.1,7.8,5.2,3.0,15.3,3.4,7.0,0.9,57.4,7.8,34.8,0.071,0.515,20.003089,-99.483658,100.0,True,
24,Libramiento Norte de la Ciudad de México (Cuota),0902,MEX-055D,2025,Plaza de Cobro Querétaro,21_DV2026_Puebla.pdf,20,21_DV2026_Puebla,55.0,3.0,1.0,9570.0,0.5,52.5,2.2,4.5,5.5,19.6,4.3,8.0,2.9,53.0,2.2,44.8,0.067,0.5,19.998714,-99.487788,100.0,True,
24,Libramiento Norte de la Ciudad de México (Cuota),0902,MEX-055D,2025,Plaza de Cobro Querétaro,21_DV2026_Puebla.pdf,20,21_DV2026_Puebla,55.0,3.0,2.0,9790.0,0.5,53.3,2.2,4.5,5.4,19.3,4.2,7.8,2.8,53.8,2.2,44.0,0.067,0.5,19.998714,-99.487788,100.0,True,
24,Libramiento Norte de la Ciudad de México (Cuota),0902,MEX-055D,2025,Lim. Edos. Term. Méx. Ppia. Hgo.,21_DV2026_Puebla.pdf,20,21_DV2026_Puebla,60.72,,,,,,,,,,,,,,,,,,,,,False,
24,Libramiento Norte de la Ciudad de México (Cuota),0902,MEX-055D,2025,X. C. Ent. Tepeji del Río - Tlahuelilpan,21_DV2026_Puebla.pdf,20,21_DV2026_Puebla,79.0,1.0,1.0,10614.0,5.8,50.2,7.9,5.9,4.7,15.2,3.1,6.2,1.0,56.0,7.9,36.1,0.081,0.524,20.097437,-99.290401,100.0,True,
24,Libramiento Norte de la Ciudad de México (Cuota),0902,MEX-055D,2025,X. C. Ent. Tepeji del Río - Tlahuelilpan,21_DV2026_Puebla.pdf,20,21_DV2026_Puebla,79.0,1.0,2.0,11684.0,5.4,51.1,7.7,5.7,4.8,15.0,3.3,6.1,0.9,56.5,7.7,35.8,0.063,0.524,20.097511,-99.290419,100.0,True,
24,Libramiento Norte de la Ciudad de México (Cuota),0902,MEX-055D,2025,X. C. Ent. Tepeji del Río - Tlahuelilpan,21_DV2026_Puebla.pdf,20,21_DV2026_Puebla,79.0,3.0,1.0,12490.0,6.6,57.4,5.6,5.1,3.1,12.5,3.4,5.4,0.9,64.0,5.6,30.4,0.074,0.503,20.094023,-99.271049,100.0,True,
24,Libramiento Norte de la Ciudad de México (Cuota),0902,MEX-055D,2025,X. C. Ent. Tepeji del Río - Tlahuelilpan,21_DV2026_Puebla.pdf,20,21_DV2026_Puebla,79.0,3.0,2.0,12338.0,6.3,57.9,5.8,5.3,3.0,12.7,3.0,5.2,0.8,64.2,5.8,30.0,0.084,0.503,20.094088,-99.270856,100.0,True,
24,Libramiento Norte de la Ciudad de México (Cuota),0902,MEX-055D,2025,X. C. Los Reyes - El Tephé,21_DV2026_Puebla.pdf,20,21_DV2026_Puebla,86.4,1.0,1.0,13321.0,2.8,55.3,6.0,5.4,3.1,16.4,3.7,6.4,0.9,58.1,6.0,35.9,0.066,0.502,20.070242,-99.228235,100.0,True,
24,Libramiento Norte de la Ciudad de México (Cuota),0902,MEX-055D,2025,X. C. Los Reyes - El Tephé,21_DV2026_Puebla.pdf,20,21_DV2026_Puebla,86.4,1.0,2.0,13222.0,3.1,55.4,5.8,5.2,3.3,16.0,3.7,6.7,0.8,58.5,5.8,35.7,0.065,0.502,20.070098,-99.227673,100.0,True,
24,Libramiento Norte de la Ciudad de México (Cuota),0902,MEX-055D,2025,X. C. Los Reyes - El Tephé,21_DV2026_Puebla.pdf,20,21_DV2026_Puebla,86.4,3.0,1.0,13063.0,3.1,57.9,4.7,7.2,2.7,13.9,3.4,6.3,0.8,61.0,4.7,34.3,0.071,0.521,20.064819,-99.21386,100.0,True,
24,Libramiento Norte de la Ciudad de México (Cuota),0902,MEX-055D,2025,X. C. Los Reyes - El Tephé,21_DV2026_Puebla.pdf,20,21_DV2026_Puebla,86.4,3.0,2.0,12001.0,3.2,57.7,5.0,6.9,3.0,14.0,3.2,6.2,0.8,60.9,5.0,34.1,0.063,0.521,20.064964,-99.21381,100.0,True,
24,Libramiento Norte de la Ciudad de México (Cuota),0902,MEX-055D,2025,Lim. Edos. Term. Hgo. Ppia. Méx.,21_DV2026_Puebla.pdf,20,21_DV2026_Puebla,95.75,,,,,,,,,,,,,,,,,,,,,False,
24,Libramiento Norte de la Ciudad de México (Cuota),0902,MEX-055D,2025,X. C. (Los Reyes - El Tephé) - Tianguistongo,21_DV2026_Puebla.pdf,20,21_DV2026_Puebla,108.6,1.0,1.0,12950.0,6.3,55.1,5.7,4.8,3.1,14.6,2.7,6.8,0.9,61.4,5.7,32.9,0.085,0.501,19.958449,-99.067686,100.0,True,
24,Libramiento Norte de la Ciudad de México (Cuota),0902,MEX-055D,2025,X. C. (Los Reyes - El Tephé) - Tianguistongo,21_DV2026_Puebla.pdf,20,21_DV2026_Puebla,108.6,1.0,2.0,13012.0,6.0,55.1,5.9,4.6,2.9,14.4,3.1,7.1,0.9,61.1,5.9,33.0,0.09,0.501,19.958597,-99.067668,100.0,True,
24,Libramiento Norte de la Ciudad de México (Cuota),0902,MEX-055D,2025,X. C. (Los Reyes - El Tephé) - Tianguistongo,21_DV2026_Puebla.pdf,20,21_DV2026_Puebla,108.6,3.0,1.0,12215.0,3.6,56.2,5.8,6.4,3.0,16.4,2.8,5.0,0.8,59.8,5.8,34.4,0.065,0.51,19.955409,-99.043234,100.0,True,
24,Libramiento Norte de la Ciudad de México (Cuota),0902,MEX-055D,2025,X. C. (Los Reyes - El Tephé) - Tianguistongo,21_DV2026_Puebla.pdf,21,21_DV2026_Puebla,108.6,3.0,2.0,11750.0,3.5,56.5,5.6,6.2,3.2,16.0,2.7,5.3,1.0,60.0,5.6,34.4,0.072,0.51,19.955283,-99.050324,100.0,True,
24,Libramiento Norte de la Ciudad de México (Cuota),0902,MEX-055D,2025,Lim. Edos. Term. Méx. Ppia. Hgo.,21_DV2026_Puebla.pdf,21,21_DV2026_Puebla,115.89,,,,,,,,,,,,,,,,,,,,,False,
24,Libramiento Norte de la Ciudad de México (Cuota),0902,MEX-055D,2025,X. C. México - Pachuca,21_DV2026_Puebla.pdf,21,21_DV2026_Puebla,127.3,1.0,1.0,13378.0,2.9,57.5,5.6,5.4,3.3,15.6,3.1,5.8,0.8,60.4,5.6,34.0,0.079,0.511,19.932291,-98.902521,100.0,True,
24,Libramiento Norte de la Ciudad de México (Cuota),0902,MEX-055D,2025,X. C. México - Pachuca,21_DV2026_Puebla.pdf,21,21_DV2026_Puebla,127.3,1.0,2.0,12786.0,3.0,54.6,5.9,5.7,3.6,16.9,3.5,6.0,0.8,57.6,5.9,36.5,0.069,0.511,19.932467,-98.902628,100.0,True,
24,Libramiento Norte de la Ciudad de México (Cuota),0902,MEX-055D,2025,X. C. México - Pachuca,21_DV2026_Puebla.pdf,21,21_DV2026_Puebla,127.3,3.0,1.0,9308.0,3.7,48.8,5.9,4.4,4.2,19.9,4.5,7.7,0.9,52.5,5.9,41.6,0.078,0.51,19.92671,-98.878888,100.0,True,
24,Libramiento Norte de la Ciudad de México (Cuota),0902,MEX-055D,2025,X. C. México - Pachuca,21_DV2026_Puebla.pdf,21,21_DV2026_Puebla,127.3,3.0,2.0,9694.0,3.4,51.1,6.0,4.1,3.7,19.3,4.1,7.4,0.9,54.5,6.0,39.5,0.076,0.51,19.926858,-98.878818,100.0,True,
24,Libramiento Norte de la Ciudad de México (Cuota),0902,MEX-055D,2025,Lim. Edos. Term. Hgo. Ppia. Méx.,21_DV2026_Puebla.pdf,21,21_DV2026_Puebla,143.98,,,,,,,,,,,,,,,,,,,,,False,
24,Libramiento Norte de la Ciudad de México (Cuota),0902,MEX-055D,2025,X. C. Venta de Carpio - T. C. (Pachuca - Tulancingo),21_DV2026_Puebla.pdf,21,21_DV2026_Puebla,151.11,1.0,1.0,10127.0,4.4,55.5,4.0,4.6,4.0,16.6,3.5,6.5,0.9,59.9,4.0,36.1,0.077,0.512,19.840129,-98.708297,100.0,True,
24,Libramiento Norte de la Ciudad de México (Cuota),0902,MEX-055D,2025,X. C. Venta de Carpio - T. C. (Pachuca - Tulancingo),21_DV2026_Puebla.pdf,21,21_DV2026_Puebla,151.11,1.0,2.0,9658.0,4.5,55.0,3.7,4.2,4.8,16.3,3.7,6.9,0.9,59.5,3.7,36.8,0.072,0.512,19.839982,-98.707895,100.0,True,
24,Libramiento Norte de la Ciudad de México (Cuota),0902,MEX-055D,2025,X. C. Venta de Carpio - T. C. (Pachuca - Tulancingo),21_DV2026_Puebla.pdf,21,21_DV2026_Puebla,151.11,3.0,1.0,9360.0,5.5,51.6,6.0,5.0,3.7,17.5,3.6,6.2,0.9,57.1,6.0,36.9,0.077,0.506,19.827054,-98.691982,100.0,True,
24,Libramiento Norte de la Ciudad de México (Cuota),0902,MEX-055D,2025,X. C. Venta de Carpio - T. C. (Pachuca - Tulancingo),21_DV2026_Puebla.pdf,21,21_DV2026_Puebla,151.11,3.0,2.0,9150.0,5.2,50.1,6.4,5.1,4.0,17.8,4.0,6.5,0.9,55.3,6.4,38.3,0.077,0.506,19.829124,-98.694347,100.0,True,
24,Libramiento Norte de la Ciudad de México (Cuota),0902,MEX-055D,2025,X. C. Ent. Tolman - Cd. Sahagún,21_DV2026_Puebla.pdf,21,21_DV2026_Puebla,162.55,1.0,1.0,9221.0,3.8,49.7,7.9,5.7,3.1,19.0,3.8,6.2,0.8,53.5,7.9,38.6,0.083,0.51,19.760143,-98.631574,100.0,True,
24,Libramiento Norte de la Ciudad de México (Cuota),0902,MEX-055D,2025,X. C. Ent. Tolman - Cd. Sahagún,21_DV2026_Puebla.pdf,21,21_DV2026_Puebla,162.55,1.0,2.0,9593.0,3.7,50.0,8.4,5.4,3.0,18.6,3.7,6.4,0.8,53.7,8.4,37.9,0.085,0.51,19.760215,-98.631435,100.0,True,
24,Libramiento Norte de la Ciudad de México (Cuota),0902,MEX-055D,2025,X. C. Ent. Tolman - Cd. Sahagún,21_DV2026_Puebla.pdf,21,21_DV2026_Puebla,162.55,3.0,1.0,10614.0,2.4,49.4,7.2,7.6,3.1,18.3,4.3,6.9,0.8,51.8,7.2,41.0,0.069,0.502,19.743409,-98.62263,100.0,True,
24,Libramiento Norte de la Ciudad de México (Cuota),0902,MEX-055D,2025,X. C. Ent. Tolman - Cd. Sahagún,21_DV2026_Puebla.pdf,21,21_DV2026_Puebla,162.55,3.0,2.0,10696.0,2.0,48.9,7.4,7.7,3.4,18.4,3.8,7.6,0.8,50.9,7.4,41.7,0.087,0.502,19.743483,-98.622492,100.0,True,
24,Libramiento Norte de la Ciudad de México (Cuota),0902,MEX-055D,2025,Lim. Edos. Term. Méx. Ppia. Hgo.,21_DV2026_Puebla.pdf,21,21_DV2026_Puebla,166.53,,,,,,,,,,,,,,,,,,,,,False,
24,Libramiento Norte de la Ciudad de México (Cuota),0902,MEX-055D,2025,X. C. Calpulallpan - El Ocote,21_DV2026_Puebla.pdf,21,21_DV2026_Puebla,180.39,1.0,1.0,13451.0,8.2,44.9,7.0,5.4,3.6,20.1,4.3,5.6,0.9,53.1,7.0,39.9,0.075,0.534,19.642176,-98.565529,100.0,True,
24,Libramiento Norte de la Ciudad de México (Cuota),0902,MEX-055D,2025,X. C. Calpulallpan - El Ocote,21_DV2026_Puebla.pdf,21,21_DV2026_Puebla,180.39,1.0,2.0,11728.0,8.0,44.0,7.0,5.6,3.9,20.7,4.5,5.5,0.8,52.0,7.0,41.0,0.068,0.534,19.642385,-98.565486,100.0,True,
24,Libramiento Norte de la Ciudad de México (Cuota),0902,MEX-055D,2025,X. C. Calpulallpan - El Ocote,21_DV2026_Puebla.pdf,21,21_DV2026_Puebla,180.39,3.0,1.0,12619.0,4.6,51.5,6.7,5.9,2.6,17.0,4.1,6.6,1.0,56.1,6.7,37.2,0.085,0.508,19.605803,-98.536379,100.0,True,
24,Libramiento Norte de la Ciudad de México (Cuota),0902,MEX-055D,2025,X. C. Calpulallpan - El Ocote,21_DV2026_Puebla.pdf,21,21_DV2026_Puebla,180.39,3.0,2.0,13029.0,4.3,51.6,6.4,6.1,2.8,17.2,3.8,6.9,0.9,55.9,6.4,37.7,0.071,0.508,19.605789,-98.536163,100.0,True,
24,Libramiento Norte de la Ciudad de México (Cuota),0902,MEX-055D,2025,Lim. Edos. Term. Hgo. Ppia. Tlax.,21_DV2026_Puebla.pdf,21,21_DV2026_Puebla,180.98,,,,,,,,,,,,,,,,,,,,,False,
24,Libramiento Norte de la Ciudad de México (Cuota),0902,MEX-055D,2025,X. C. Los Reyes - Zacatepec,21_DV2026_Puebla.pdf,21,21_DV2026_Puebla,196.7,1.0,1.0,10452.0,6.0,50.6,5.7,4.4,2.9,18.7,4.1,6.8,0.8,56.6,5.7,37.7,0.067,0.502,19.520113,-98.472795,100.0,True,
24,Libramiento Norte de la Ciudad de México (Cuota),0902,MEX-055D,2025,X. C. Los Reyes - Zacatepec,21_DV2026_Puebla.pdf,21,21_DV2026_Puebla,196.7,1.0,2.0,11279.0,6.0,49.9,5.8,4.5,3.1,18.8,4.2,6.9,0.8,55.9,5.8,38.3,0.072,0.502,19.520162,-98.472717,100.0,True,
24,Libramiento Norte de la Ciudad de México (Cuota),0902,MEX-055D,2025,X. C. Los Reyes - Zacatepec,21_DV2026_Puebla.pdf,21,21_DV2026_Puebla,196.7,3.0,1.0,9323.0,3.2,57.7,4.6,4.2,3.2,17.6,3.0,5.6,0.9,60.9,4.6,34.5,0.067,0.501,19.508526,-98.467085,100.0,True,
24,Libramiento Norte de la Ciudad de México (Cuota),0902,MEX-055D,2025,X. C. Los Reyes - Zacatepec,21_DV2026_Puebla.pdf,21,21_DV2026_Puebla,196.7,3.0,2.0,8644.0,3.3,58.2,4.5,4.1,3.1,17.4,3.1,5.5,0.8,61.5,4.5,34.0,0.071,0.501,19.508556,-98.467002,100.0,True,
24,Libramiento Norte de la Ciudad de México (Cuota),0902,MEX-055D,2025,X. C. San Martín Texmelucan - Tlaxcala - El Molinito,21_DV2026_Puebla.pdf,21,21_DV2026_Puebla,220.95,1.0,1.0,9981.0,4.2,52.2,6.6,5.8,2.8,18.1,3.6,5.8,0.9,56.4,6.6,37.0,0.067,0.522,19.316659,-98.407113,100.0,True,
24,Libramiento Norte de la Ciudad de México (Cuota),0902,MEX-055D,2025,X. C. San Martín Texmelucan - Tlaxcala - El Molinito,21_DV2026_Puebla.pdf,21,21_DV2026_Puebla,220.95,1.0,2.0,8839.0,4.3,52.0,6.7,6.0,2.7,18.3,3.4,5.7,0.9,56.3,6.7,37.0,0.067,0.522,19.316638,-98.406979,100.0,True,
24,Libramiento Norte de la Ciudad de México (Cuota),0902,MEX-055D,2025,X. C. San Martín Texmelucan - Tlaxcala - El Molinito,21_DV2026_Puebla.pdf,21,21_DV2026_Puebla,220.95,3.0,1.0,11238.0,3.5,64.7,6.5,4.7,2.6,11.2,2.3,3.6,0.9,68.2,6.5,25.3,0.065,0.547,19.288087,-98.410751,100.0,True,
24,Libramiento Norte de la Ciudad de México (Cuota),0902,MEX-055D,2025,X. C. San Martín Texmelucan - Tlaxcala - El Molinito,21_DV2026_Puebla.pdf,21,21_DV2026_Puebla,220.95,3.0,2.0,10467.0,3.5,63.6,6.6,4.7,2.6,11.8,2.5,3.9,0.8,67.1,6.6,26.3,0.061,0.547,19.288032,-98.410642,100.0,True,
24,Libramiento Norte de la Ciudad de México (Cuota),0902,MEX-055D,2025,Plaza de Cobro San Martín Texmelucan,21_DV2026_Puebla.pdf,21,21_DV2026_Puebla,222.0,1.0,1.0,8015.0,0.4,50.9,2.1,5.4,5.7,22.3,3.5,7.6,2.1,51.3,2.1,46.6,0.067,0.5,19.301809,-98.409588,100.0,True,
24,Libramiento Norte de la Ciudad de México (Cuota),0902,MEX-055D,2025,Plaza de Cobro San Martín Texmelucan,21_DV2026_Puebla.pdf,21,21_DV2026_Puebla,222.0,1.0,2.0,8020.0,0.4,50.9,2.1,5.4,5.7,22.3,3.5,7.6,2.1,51.3,2.1,46.6,0.067,0.5,19.301809,-98.409588,100.0,True,
24,Libramiento Norte de la Ciudad de México (Cuota),0902,MEX-055D,2025,T. C. San Martín Texmelucan - Ocotoxco (Cuota),21_DV2026_Puebla.pdf,21,21_DV2026_Puebla,222.44,,,,,,,,,,,,,,,,,,,,,False,
24,Libramiento Norte de la Ciudad de México (Cuota),0902,MEX-055D,2025,T. C. México - Puebla (Cuota),21_DV2026_Puebla.pdf,21,21_DV2026_Puebla,226.73,1.0,1.0,10805.0,3.4,61.8,6.8,4.8,3.2,12.8,2.4,3.9,0.9,65.2,6.8,28.0,0.07,0.615,19.270097,-98.419965,100.0,True,
24,Libramiento Norte de la Ciudad de México (Cuota),0902,MEX-055D,2025,T. C. México - Puebla (Cuota),21_DV2026_Puebla.pdf,21,21_DV2026_Puebla,226.73,1.0,2.0,10075.0,3.4,61.8,6.9,4.9,3.0,12.5,2.6,4.0,0.9,65.2,6.9,27.9,0.089,0.615,19.270022,-98.41987,100.0,True,
25,México - Puebla (Cuota),00450,MEX-150D,2025,México,21_DV2026_Puebla.pdf,22,21_DV2026_Puebla,0.0,,,,,,,,,,,,,,,,,,,,,False,
25,México - Puebla (Cuota),00450,MEX-150D,2025,Ent Concordía (T. Izq. Los Reyes) Central,21_DV2026_Puebla.pdf,22,21_DV2026_Puebla,17.0,3.0,1.0,80901.0,3.4,86.3,2.1,3.2,1.4,1.7,0.8,0.6,0.5,89.7,2.1,8.2,0.063,0.582,19.351809,-98.987693,100.0,True,
25,México - Puebla (Cuota),00450,MEX-150D,2025,Ent Concordía (T. Izq. Los Reyes) Lateral,21_DV2026_Puebla.pdf,22,21_DV2026_Puebla,17.0,3.0,1.0,28927.0,4.8,82.5,1.8,7.9,0.7,1.4,0.6,0.2,0.1,87.3,1.8,10.9,0.073,0.582,19.35114,-98.987199,100.0,True,
25,México - Puebla (Cuota),00450,MEX-150D,2025,Ent Concordía (T. Izq. Los Reyes) Central,21_DV2026_Puebla.pdf,22,21_DV2026_Puebla,17.0,3.0,2.0,113679.0,3.5,86.7,1.8,3.2,1.2,1.7,0.7,0.7,0.5,90.2,1.8,8.0,0.066,0.582,19.354153,-98.990021,100.0,True,
25,México - Puebla (Cuota),00450,MEX-150D,2025,Lim. Edos. Term. CDMX Ppia. Méx.,21_DV2026_Puebla.pdf,22,21_DV2026_Puebla,17.51,,,,,,,,,,,,,,,,,,,,,False,
25,México - Puebla (Cuota),00450,MEX-150D,2025,Av. Las Torres (Eje 6) Central,21_DV2026_Puebla.pdf,22,21_DV2026_Puebla,19.27,1.0,1.0,77487.0,4.2,85.9,2.2,4.1,1.1,1.7,0.5,0.1,0.2,90.1,2.2,7.7,0.067,0.587,19.348086,-98.983801,100.0,True,
25,México - Puebla (Cuota),00450,MEX-150D,2025,Av. Las Torres (Eje 6) Lateral,21_DV2026_Puebla.pdf,22,21_DV2026_Puebla,19.27,1.0,1.0,29591.0,4.6,77.7,1.9,12.3,1.1,1.4,0.6,0.3,0.1,82.3,1.9,15.8,0.071,0.587,19.348301,-98.984205,100.0,True,
25,México - Puebla (Cuota),00450,MEX-150D,2025,Av. Las Torres (Eje 6) Central,21_DV2026_Puebla.pdf,22,21_DV2026_Puebla,19.27,1.0,2.0,112260.0,4.2,86.0,1.6,4.4,1.0,1.9,0.4,0.2,0.3,90.2,1.6,8.2,0.059,0.587,19.350607,-98.986307,100.0,True,
25,México - Puebla (Cuota),00450,MEX-150D,2025,Av. Las Torres (Eje 6) Lateral,21_DV2026_Puebla.pdf,22,21_DV2026_Puebla,19.27,3.0,1.0,38249.0,5.4,77.4,2.3,10.7,1.2,1.6,0.5,0.7,0.2,82.8,2.3,14.9,0.067,0.583,19.339765,-98.976568,100.0,True,
25,México - Puebla (Cuota),00450,MEX-150D,2025,Av. Las Torres (Eje 6) Central,21_DV2026_Puebla.pdf,22,21_DV2026_Puebla,19.27,3.0,1.0,74471.0,3.5,86.1,1.8,3.9,1.4,1.3,0.9,0.6,0.5,89.6,1.8,8.6,0.066,0.583,19.339804,-98.97646,100.0,True,
25,México - Puebla (Cuota),00450,MEX-150D,2025,Av. Las Torres (Eje 6) Central,21_DV2026_Puebla.pdf,22,21_DV2026_Puebla,19.27,3.0,2.0,114208.0,3.1,86.8,1.8,4.0,1.4,1.4,0.8,0.3,0.4,89.9,1.8,8.3,0.064,0.583,19.342215,-98.977844,100.0,True,
25,México - Puebla (Cuota),00450,MEX-150D,2025,Eje 10 Sur (Central),21_DV2026_Puebla.pdf,22,21_DV2026_Puebla,22.8,1.0,1.0,95507.0,2.4,90.9,1.1,3.0,0.9,0.8,0.5,0.1,0.3,93.3,1.1,5.6,0.06,0.585,19.329495,-98.965429,100.0,True,
25,México - Puebla (Cuota),00450,MEX-150D,2025,Eje 10 Sur (Lateral),21_DV2026_Puebla.pdf,22,21_DV2026_Puebla,22.8,1.0,1.0,38043.0,5.0,81.2,1.7,9.7,0.8,1.0,0.2,0.3,0.1,86.2,1.7,12.1,0.081,0.585,19.32942,-98.965491,100.0,True,
25,México - Puebla (Cuota),00450,MEX-150D,2025,Eje 10 Sur (Central),21_DV2026_Puebla.pdf,22,21_DV2026_Puebla,22.8,1.0,2.0,116808.0,2.4,90.9,1.1,3.0,0.9,0.8,0.5,0.1,0.3,93.3,1.1,5.6,0.074,0.585,19.33173,-98.967965,100.0,True,
25,México - Puebla (Cuota),00450,MEX-150D,2025,Eje 10 Sur (Central),21_DV2026_Puebla.pdf,22,21_DV2026_Puebla,22.8,3.0,1.0,49990.0,2.8,84.9,2.6,5.6,1.2,2.0,0.4,0.2,0.3,87.7,2.6,9.7,0.063,0.516,19.315253,-98.948699,100.0,True,
25,México - Puebla (Cuota),00450,MEX-150D,2025,Eje 10 Sur (Lateral),21_DV2026_Puebla.pdf,22,21_DV2026_Puebla,22.8,3.0,1.0,47059.0,5.0,81.1,2.0,9.7,0.7,0.8,0.4,0.2,0.1,86.1,2.0,11.9,0.065,0.509,19.315183,-98.948783,100.0,True,
25,México - Puebla (Cuota),00450,MEX-150D,2025,Eje 10 Sur (Central),21_DV2026_Puebla.pdf,22,21_DV2026_Puebla,22.8,3.0,2.0,53771.0,2.9,84.4,2.3,5.8,1.4,2.1,0.6,0.2,0.3,87.3,2.3,10.4,0.071,0.516,19.315429,-98.948475,100.0,True,
25,México - Puebla (Cuota),00450,MEX-150D,2025,Eje 10 Sur (Lateral),21_DV2026_Puebla.pdf,22,21_DV2026_Puebla,22.8,3.0,2.0,48924.0,4.8,81.6,1.8,9.9,0.6,0.7,0.3,0.2,0.1,86.4,1.8,11.8,0.064,0.509,19.315506,-98.948416,100.0,True,
25,México - Puebla (Cuota),00450,MEX-150D,2025,X. C. Santa Bárbara - Izúcar de Matamoros (Lateral),21_DV2026_Puebla.pdf,22,21_DV2026_Puebla,32.14,1.0,1.0,16254.0,3.2,87.2,1.2,5.1,1.0,1.3,0.5,0.3,0.2,90.4,1.2,8.4,0.072,0.503,19.292121,-98.892023,100.0,True,
25,México - Puebla (Cuota),00450,MEX-150D,2025,X. C. Santa Bárbara - Izúcar de Matamoros (Central),21_DV2026_Puebla.pdf,22,21_DV2026_Puebla,32.14,1.0,1.0,38517.0,3.2,86.5,3.5,3.1,1.5,1.2,0.5,0.3,0.2,89.7,3.5,6.8,0.059,0.507,19.292268,-98.892016,100.0,True,
25,México - Puebla (Cuota),00450,MEX-150D,2025,X. C. Santa Bárbara - Izúcar de Matamoros (Lateral),21_DV2026_Puebla.pdf,22,21_DV2026_Puebla,32.14,1.0,2.0,16477.0,4.9,86.0,1.3,4.8,1.0,1.1,0.5,0.2,0.2,90.9,1.3,7.8,0.077,0.503,19.292575,-98.891976,100.0,True,
25,México - Puebla (Cuota),00450,MEX-150D,2025,X. C. Santa Bárbara - Izúcar de Matamoros (Central),21_DV2026_Puebla.pdf,22,21_DV2026_Puebla,32.14,1.0,2.0,39723.0,3.4,86.6,3.0,2.9,1.7,1.5,0.4,0.2,0.3,90.0,3.0,7.0,0.066,0.507,19.292434,-98.891957,100.0,True,
25,México - Puebla (Cuota),00450,MEX-150D,2025,X. C. Santa Bárbara - Izúcar de Matamoros (Lateral),21_DV2026_Puebla.pdf,22,21_DV2026_Puebla,32.14,3.0,1.0,1441.0,3.2,70.4,4.6,6.2,2.2,6.8,2.3,4.1,0.2,73.6,4.6,21.8,0.074,0.523,19.294616,-98.876201,100.0,True,
25,México - Puebla (Cuota),00450,MEX-150D,2025,X. C. Santa Bárbara - Izúcar de Matamoros (Central),21_DV2026_Puebla.pdf,22,21_DV2026_Puebla,32.14,3.0,1.0,13531.0,0.9,76.4,5.4,9.3,1.7,4.0,1.5,0.5,0.3,77.3,5.4,17.3,0.073,0.505,19.294764,-98.876243,100.0,True,
25,México - Puebla (Cuota),00450,MEX-150D,2025,X. C. Santa Bárbara - Izúcar de Matamoros (Lateral),21_DV2026_Puebla.pdf,22,21_DV2026_Puebla,32.14,3.0,2.0,1581.0,3.2,69.9,5.8,4.9,2.5,6.5,2.2,4.7,0.3,73.1,5.8,21.1,0.086,0.523,19.295136,-98.875843,100.0,True,
25,México - Puebla (Cuota),00450,MEX-150D,2025,X. C. Santa Bárbara - Izúcar de Matamoros (Central),21_DV2026_Puebla.pdf,22,21_DV2026_Puebla,32.14,3.0,2.0,13238.0,1.3,73.1,5.7,10.4,2.2,4.7,1.8,0.5,0.3,74.4,5.7,19.9,0.096,0.505,19.295001,-98.875802,100.0,True,
25,México - Puebla (Cuota),00450,MEX-150D,2025,Plaza de Cobro San Marcos,21_DV2026_Puebla.pdf,22,21_DV2026_Puebla,33.3,2.0,1.0,16859.0,0.7,75.4,4.6,4.8,3.5,7.4,0.6,2.5,0.5,76.1,4.6,19.3,0.068,0.5,19.296272,-98.870712,100.0,True,
25,México - Puebla (Cuota),00450,MEX-150D,2025,Plaza de Cobro San Marcos,21_DV2026_Puebla.pdf,22,21_DV2026_Puebla,33.3,2.0,2.0,16859.0,0.7,75.4,4.6,4.8,3.5,7.4,0.6,2.5,0.5,76.1,4.6,19.3,0.068,0.5,19.296272,-98.870712,100.0,True,
25,México - Puebla (Cuota),00450,MEX-150D,2025,T. Izq. Río Frío,21_DV2026_Puebla.pdf,22,21_DV2026_Puebla,63.79,3.0,1.0,20863.0,0.9,79.5,4.7,6.0,1.8,4.4,0.7,1.7,0.3,80.4,4.7,14.9,0.079,0.505,19.350607,-98.658686,100.0,True,
25,México - Puebla (Cuota),00450,MEX-150D,2025,T. Izq. Río Frío,21_DV2026_Puebla.pdf,22,21_DV2026_Puebla,63.79,3.0,2.0,21324.0,1.1,78.4,5.2,6.0,2.0,4.5,0.8,1.7,0.3,79.5,5.2,15.3,0.075,0.505,19.351601,-98.660177,100.0,True,
25,México - Puebla (Cuota),00450,MEX-150D,2025,Lim. Edos. Term. Méx. Ppia. Pue.,21_DV2026_Puebla.pdf,22,21_DV2026_Puebla,65.46,,,,,,,,,,,,,,,,,,,,,False,
25,México - Puebla (Cuota),00450,MEX-150D,2025,T. Der. A San Rafael Ixtapalucan,21_DV2026_Puebla.pdf,22,21_DV2026_Puebla,76.8,3.0,1.0,24189.0,2.5,74.5,7.3,4.9,2.1,5.7,0.7,1.8,0.5,77.0,7.3,15.7,0.067,0.612,19.330436,-98.541976,100.0,True,
25,México - Puebla (Cuota),00450,MEX-150D,2025,T. Der. A San Rafael Ixtapalucan,21_DV2026_Puebla.pdf,22,21_DV2026_Puebla,76.8,3.0,2.0,25478.0,2.7,73.7,7.3,5.0,2.4,5.4,0.8,2.0,0.7,76.4,7.3,16.3,0.084,0.612,19.324664,-98.525181,100.0,True,
25,México - Puebla (Cuota),00450,MEX-150D,2025,T. Izq. Tlaxcala,21_DV2026_Puebla.pdf,22,21_DV2026_Puebla,90.61,1.0,1.0,22801.0,2.6,74.9,6.4,4.7,2.3,5.8,0.8,2.0,0.5,77.5,6.4,16.1,0.07,0.639,19.274057,-98.436337,100.0,True,
25,México - Puebla (Cuota),00450,MEX-150D,2025,T. Izq. Tlaxcala,21_DV2026_Puebla.pdf,22,21_DV2026_Puebla,90.61,1.0,2.0,23871.0,2.4,74.7,6.8,4.7,2.2,5.9,0.9,1.9,0.5,77.1,6.8,16.1,0.084,0.639,19.274141,-98.436221,100.0,True,
25,México - Puebla (Cuota),00450,MEX-150D,2025,T. Izq. Tlaxcala,21_DV2026_Puebla.pdf,23,21_DV2026_Puebla,90.61,3.0,1.0,25663.0,1.5,74.7,5.2,7.5,1.8,6.0,1.0,2.1,0.2,76.2,5.2,18.6,0.063,0.563,19.261672,-98.417277,100.0,True,
25,México - Puebla (Cuota),00450,MEX-150D,2025,T. Izq. Tlaxcala,21_DV2026_Puebla.pdf,23,21_DV2026_Puebla,90.61,3.0,2.0,27995.0,1.1,72.7,5.4,7.6,2.0,6.4,1.5,3.1,0.2,73.8,5.4,20.8,0.066,0.563,19.26188,-98.417331,100.0,True,
25,México - Puebla (Cuota),00450,MEX-150D,2025,Plaza de Cobro San Martín Texmelucan,21_DV2026_Puebla.pdf,23,21_DV2026_Puebla,91.17,2.0,1.0,25585.0,0.9,70.3,4.2,4.7,4.2,10.2,1.1,3.6,0.8,71.2,4.2,24.6,0.068,0.5,19.24119,-98.385786,100.0,True,
25,México - Puebla (Cuota),00450,MEX-150D,2025,Plaza de Cobro San Martín Texmelucan,21_DV2026_Puebla.pdf,23,21_DV2026_Puebla,91.17,2.0,2.0,25585.0,0.9,70.3,4.2,4.7,4.2,10.2,1.1,3.6,0.8,71.2,4.2,24.6,0.068,0.5,19.24119,-98.385786,100.0,True,
25,México - Puebla (Cuota),00450,MEX-150D,2025,Lim. Edos. Term. Pue. Ppia. Tlax.,21_DV2026_Puebla.pdf,23,21_DV2026_Puebla,99.11,,,,,,,,,,,,,,,,,,,,,False,
25,México - Puebla (Cuota),00450,MEX-150D,2025,T. Der. Aeropuerto Internacional De Puebla,21_DV2026_Puebla.pdf,23,21_DV2026_Puebla,101.1,3.0,1.0,35664.0,1.8,79.7,4.0,4.2,2.0,5.1,1.0,1.4,0.8,81.5,4.0,14.5,0.077,0.574,19.210744,-98.351394,100.0,True,
25,México - Puebla (Cuota),00450,MEX-150D,2025,T. Der. Aeropuerto Internacional De Puebla,21_DV2026_Puebla.pdf,23,21_DV2026_Puebla,101.1,3.0,2.0,36291.0,1.5,77.7,4.5,5.1,2.2,5.4,1.2,1.5,0.9,79.2,4.5,16.3,0.075,0.574,19.2093,-98.349408,100.0,True,
25,México - Puebla (Cuota),00450,MEX-150D,2025,X. C. Xoxtla - Huactzinco,21_DV2026_Puebla.pdf,23,21_DV2026_Puebla,107.98,1.0,1.0,39135.0,1.2,78.4,3.5,6.0,1.9,5.5,1.5,1.3,0.7,79.6,3.5,16.9,0.08,0.55,19.182855,-98.31746,100.0,True,
25,México - Puebla (Cuota),00450,MEX-150D,2025,X. C. Xoxtla - Huactzinco,21_DV2026_Puebla.pdf,23,21_DV2026_Puebla,107.98,1.0,2.0,39880.0,1.3,77.7,3.6,6.0,2.2,5.7,1.5,1.3,0.7,79.0,3.6,17.4,0.066,0.55,19.179867,-98.313618,100.0,True,
25,México - Puebla (Cuota),00450,MEX-150D,2025,X. C. Xoxtla - Huactzinco,21_DV2026_Puebla.pdf,23,21_DV2026_Puebla,107.98,3.0,1.0,42335.0,4.5,77.4,2.8,6.5,1.4,4.3,0.9,1.8,0.4,81.9,2.8,15.3,0.062,0.507,19.16361,-98.296951,100.0,True,
25,México - Puebla (Cuota),00450,MEX-150D,2025,X. C. Xoxtla - Huactzinco,21_DV2026_Puebla.pdf,23,21_DV2026_Puebla,107.98,3.0,2.0,41659.0,4.6,75.1,3.0,7.6,1.5,4.8,1.1,1.9,0.4,79.7,3.0,17.3,0.067,0.507,19.166001,-98.29846,100.0,True,
25,México - Puebla (Cuota),00450,MEX-150D,2025,Lim. Edos. Term. Tlax. Ppia. Pue.,21_DV2026_Puebla.pdf,23,21_DV2026_Puebla,108.0,,,,,,,,,,,,,,,,,,,,,False,
25,México - Puebla (Cuota),00450,MEX-150D,2025,Anillo Periferico Poniente de Puebla (Central),21_DV2026_Puebla.pdf,23,21_DV2026_Puebla,114.0,3.0,1.0,31692.0,2.3,79.3,3.5,5.1,2.3,4.0,0.7,2.4,0.4,81.6,3.5,14.9,0.073,0.52,19.12699,-98.263724,100.0,True,
25,México - Puebla (Cuota),00450,MEX-150D,2025,Anillo Periferico Poniente de Puebla (Lateral),21_DV2026_Puebla.pdf,23,21_DV2026_Puebla,114.0,3.0,1.0,33693.0,2.5,81.5,2.6,5.2,1.9,3.8,1.2,0.9,0.4,84.0,2.6,13.4,0.073,0.52,19.1283,-98.265094,100.0,True,
25,México - Puebla (Cuota),00450,MEX-150D,2025,Anillo Periferico Poniente de Puebla (Central),21_DV2026_Puebla.pdf,23,21_DV2026_Puebla,114.0,3.0,2.0,30294.0,2.1,79.4,3.4,5.2,2.4,4.0,0.7,2.4,0.4,81.5,3.4,15.1,0.075,0.52,19.127049,-98.263659,100.0,True,
25,México - Puebla (Cuota),00450,MEX-150D,2025,Anillo Periferico Poniente de Puebla (Lateral),21_DV2026_Puebla.pdf,23,21_DV2026_Puebla,114.0,3.0,2.0,31515.0,2.4,81.9,2.4,5.1,1.8,4.0,1.2,0.9,0.3,84.3,2.4,13.3,0.078,0.52,19.12737,-98.263821,100.0,True,
25,México - Puebla (Cuota),00450,MEX-150D,2025,Boulevar Hermanos Serdán,21_DV2026_Puebla.pdf,23,21_DV2026_Puebla,120.46,3.0,1.0,61356.0,1.6,84.4,2.6,5.0,1.8,2.5,1.0,0.8,0.3,86.0,2.6,11.4,0.054,0.556,19.089363,-98.216917,100.0,True,
25,México - Puebla (Cuota),00450,MEX-150D,2025,Boulevar Hermanos Serdán,21_DV2026_Puebla.pdf,23,21_DV2026_Puebla,120.46,3.0,2.0,60678.0,1.7,83.3,2.8,5.1,1.8,2.8,1.2,0.8,0.5,85.0,2.8,12.2,0.068,0.556,19.089505,-98.216872,100.0,True,
25,México - Puebla (Cuota),00450,MEX-150D,2025,X. C. Puebla - Tlaxcala (Central),21_DV2026_Puebla.pdf,23,21_DV2026_Puebla,123.0,3.0,1.0,51489.0,2.2,83.6,2.5,5.0,1.9,2.9,0.7,0.9,0.3,85.8,2.5,11.7,0.058,0.531,19.086076,-98.200215,100.0,True,
25,México - Puebla (Cuota),00450,MEX-150D,2025,X. C. Puebla - Tlaxcala (Lateral),21_DV2026_Puebla.pdf,23,21_DV2026_Puebla,123.0,3.0,1.0,31449.0,2.3,88.3,1.7,5.3,0.9,0.7,0.3,0.3,0.2,90.6,1.7,7.7,0.072,0.531,19.085935,-98.200094,100.0,True,
25,México - Puebla (Cuota),00450,MEX-150D,2025,X. C. Puebla - Tlaxcala (Central),21_DV2026_Puebla.pdf,23,21_DV2026_Puebla,123.0,3.0,2.0,40515.0,2.0,82.6,2.5,5.0,2.0,3.8,0.9,0.9,0.3,84.6,2.5,12.9,0.079,0.531,19.085988,-98.199425,100.0,True,
25,México - Puebla (Cuota),00450,MEX-150D,2025,X. C. Puebla - Tlaxcala (Lateral),21_DV2026_Puebla.pdf,23,21_DV2026_Puebla,123.0,3.0,2.0,29913.0,2.3,88.0,1.7,5.5,1.0,0.7,0.3,0.3,0.2,90.3,1.7,8.0,0.083,0.531,19.086099,-98.199241,100.0,True,
25,México - Puebla (Cuota),00450,MEX-150D,2025,T. C. Puebla - Belem,21_DV2026_Puebla.pdf,23,21_DV2026_Puebla,124.9,,,,,,,,,,,,,,,,,,,,,False,
26,Nuevo Necaxa - Tihuatlán (Cuota),,MEX-132D,2025,T. C. Tejocotal - Nuevo Necaxa (Cuota),21_DV2026_Puebla.pdf,23,21_DV2026_Puebla,140.0,,,,,,,,,,,,,,,,,,,,,False,
26,Nuevo Necaxa - Tihuatlán (Cuota),,MEX-132D,2025,T. Ramal a Ávila Camacho,21_DV2026_Puebla.pdf,23,21_DV2026_Puebla,176.3,1.0,1.0,5349.0,1.7,67.8,5.6,6.5,3.4,8.0,3.1,3.3,0.6,69.5,5.6,24.9,0.09,0.734,20.427755,-97.921542,100.0,True,
26,Nuevo Necaxa - Tihuatlán (Cuota),,MEX-132D,2025,T. Ramal a Ávila Camacho,21_DV2026_Puebla.pdf,23,21_DV2026_Puebla,176.3,1.0,2.0,5493.0,2.9,66.6,6.3,6.3,2.9,7.8,2.0,4.4,0.8,69.5,6.3,24.2,0.118,0.734,20.427828,-97.921578,100.0,True,
26,Nuevo Necaxa - Tihuatlán (Cuota),,MEX-132D,2025,T. Ramal a Ávila Camacho,21_DV2026_Puebla.pdf,23,21_DV2026_Puebla,176.3,3.0,1.0,4759.0,5.4,64.0,6.6,7.1,3.4,5.8,2.4,4.4,0.9,69.4,6.6,24.0,0.096,0.638,20.440995,-97.890937,100.0,True,
26,Nuevo Necaxa - Tihuatlán (Cuota),,MEX-132D,2025,T. Ramal a Ávila Camacho,21_DV2026_Puebla.pdf,23,21_DV2026_Puebla,176.3,3.0,2.0,5332.0,5.0,63.7,6.6,7.2,3.9,5.9,2.1,4.9,0.7,68.7,6.6,24.7,0.102,0.638,20.441018,-97.890952,100.0,True,
26,Nuevo Necaxa - Tihuatlán (Cuota),,MEX-132D,2025,X. C. Villa Lázaro Cárdenas - Mecapalapa,21_DV2026_Puebla.pdf,23,21_DV2026_Puebla,192.0,1.0,0.0,6325.0,4.7,63.7,7.1,5.6,2.4,7.7,2.7,5.1,1.0,68.4,7.1,24.5,0.091,0.594,20.488717,-97.80012,100.0,True,
26,Nuevo Necaxa - Tihuatlán (Cuota),,MEX-132D,2025,X. C. Villa Lázaro Cárdenas - Mecapalapa,21_DV2026_Puebla.pdf,23,21_DV2026_Puebla,192.0,3.0,0.0,7501.0,3.7,65.0,7.7,4.4,2.3,6.0,4.5,5.4,1.0,68.7,7.7,23.6,0.065,0.54,20.497261,-97.786197,100.0,True,
26,Nuevo Necaxa - Tihuatlán (Cuota),,MEX-132D,2025,Lim. Edos. Term. Pue. Ppia. Ver.,21_DV2026_Puebla.pdf,24,21_DV2026_Puebla,206.0,,,,,,,,,,,,,,,,,,,,,False,
26,Nuevo Necaxa - Tihuatlán (Cuota),,MEX-132D,2025,Tihuatlán,21_DV2026_Puebla.pdf,24,21_DV2026_Puebla,225.35,1.0,0.0,4945.0,1.9,71.8,4.1,3.7,3.2,7.2,3.0,4.3,0.8,73.7,4.1,22.2,0.082,0.541,20.657245,-97.529669,100.0,True,
27,Puebla - Acatzingo (Cuota),00485,MEX-150D,2025,Puebla,21_DV2026_Puebla.pdf,24,21_DV2026_Puebla,0.0,,,,,,,,,,,,,,,,,,,,,False,
27,Puebla - Acatzingo (Cuota),00485,MEX-150D,2025,Distribuidor Estadio Cuauhtemoc (PUEBLA),21_DV2026_Puebla.pdf,24,21_DV2026_Puebla,2.56,3.0,1.0,50927.0,3.5,74.5,4.4,5.6,2.0,4.9,1.6,2.9,0.6,78.0,4.4,17.6,0.065,0.551,19.073831,-98.140578,100.0,True,
27,Puebla - Acatzingo (Cuota),00485,MEX-150D,2025,Distribuidor Estadio Cuauhtemoc (PUEBLA),21_DV2026_Puebla.pdf,24,21_DV2026_Puebla,2.56,3.0,2.0,49566.0,3.7,74.5,4.4,5.4,2.1,5.0,1.6,2.8,0.5,78.2,4.4,17.4,0.066,0.551,19.073922,-98.140522,100.0,True,
27,Puebla - Acatzingo (Cuota),00485,MEX-150D,2025,T. Der. Amozoc (Plaza de Cobro),21_DV2026_Puebla.pdf,24,21_DV2026_Puebla,21.55,1.0,1.0,22846.0,2.4,69.1,6.1,6.9,3.9,4.9,2.2,3.6,0.9,71.5,6.1,22.4,0.057,0.533,19.053801,-98.048262,100.0,True,
27,Puebla - Acatzingo (Cuota),00485,MEX-150D,2025,T. Der. Amozoc (Plaza de Cobro),21_DV2026_Puebla.pdf,24,21_DV2026_Puebla,21.55,1.0,2.0,22375.0,2.4,68.7,6.2,7.0,4.2,5.1,1.9,3.7,0.8,71.1,6.2,22.7,0.059,0.533,19.053908,-98.048241,100.0,True,
27,Puebla - Acatzingo (Cuota),00485,MEX-150D,2025,Plaza de Cobro Amozoc,21_DV2026_Puebla.pdf,24,21_DV2026_Puebla,21.55,2.0,1.0,16982.0,0.7,70.3,3.9,4.5,4.7,8.8,1.4,4.9,0.8,71.0,3.9,25.1,0.065,0.5,19.049719,-98.032372,100.0,True,
27,Puebla - Acatzingo (Cuota),00485,MEX-150D,2025,Plaza de Cobro Amozoc,21_DV2026_Puebla.pdf,24,21_DV2026_Puebla,21.55,2.0,2.0,16982.0,0.7,70.3,3.9,4.5,4.7,8.8,1.4,4.9,0.8,71.0,3.9,25.1,0.069,0.5,19.049719,-98.032372,100.0,True,
27,Puebla - Acatzingo (Cuota),00485,MEX-150D,2025,T. Der. Amozoc (Plaza de Cobro),21_DV2026_Puebla.pdf,24,21_DV2026_Puebla,21.55,3.0,1.0,17444.0,2.3,71.5,5.7,8.4,2.7,3.7,1.7,3.3,0.7,73.8,5.7,20.5,0.064,0.574,19.043796,-98.011676,100.0,True,
27,Puebla - Acatzingo (Cuota),00485,MEX-150D,2025,T. Der. Amozoc (Plaza de Cobro),21_DV2026_Puebla.pdf,24,21_DV2026_Puebla,21.55,3.0,2.0,17592.0,2.2,70.2,5.9,8.6,3.0,3.9,1.9,3.5,0.8,72.4,5.9,21.7,0.076,0.574,19.043896,-98.011644,100.0,True,
27,Puebla - Acatzingo (Cuota),00485,MEX-150D,2025,T. Izq. Acatzingo,21_DV2026_Puebla.pdf,24,21_DV2026_Puebla,47.1,1.0,1.0,20418.0,1.6,73.7,4.8,5.5,2.4,5.9,1.7,3.8,0.6,75.3,4.8,19.9,0.067,0.547,18.977787,-97.813389,100.0,True,
27,Puebla - Acatzingo (Cuota),00485,MEX-150D,2025,T. Izq. Acatzingo,21_DV2026_Puebla.pdf,24,21_DV2026_Puebla,47.1,1.0,2.0,21500.0,1.5,73.2,4.6,5.6,2.6,6.2,1.6,4.1,0.6,74.7,4.6,20.7,0.059,0.547,18.977881,-97.81335,100.0,True,
28,Ramal Villa Avila Camacho (Cuota),,MEX-132D,2025,T. C. Nuevo Necaxa - Tihuatlán (Cuota),21_DV2026_Puebla.pdf,24,21_DV2026_Puebla,0.0,3.0,0.0,2349.0,3.4,77.2,3.3,5.3,5.1,3.1,1.8,0.6,0.2,80.6,3.3,16.1,0.12,0.527,20.433516,-97.898241,100.0,True,
28,Ramal Villa Avila Camacho (Cuota),,MEX-132D,2025,Villa Ávila Camacho,21_DV2026_Puebla.pdf,24,21_DV2026_Puebla,8.5,1.0,0.0,2746.0,4.1,79.6,2.2,4.4,4.2,3.4,1.3,0.7,0.1,83.7,2.2,14.1,0.076,0.526,20.399698,-97.856135,100.0,True,
29,San Martin Texmelucan - Tlaxcala - El Molinito (Cuota),00212,MEX-117D,2025,T. C. México - Puebla (Cuota),21_DV2026_Puebla.pdf,24,21_DV2026_Puebla,0.0,,,,,,,,,,,,,,,,,,,,,False,
29,San Martin Texmelucan - Tlaxcala - El Molinito (Cuota),00212,MEX-117D,2025,X. C. San Martín Texmelucan - Tlaxcala,21_DV2026_Puebla.pdf,24,21_DV2026_Puebla,1.8,1.0,1.0,2034.0,3.8,81.9,4.6,3.8,2.1,2.2,0.9,0.6,0.1,85.7,4.6,9.7,0.089,0.501,19.293422,-98.41478,100.0,True,
29,San Martin Texmelucan - Tlaxcala - El Molinito (Cuota),00212,MEX-117D,2025,X. C. San Martín Texmelucan - Tlaxcala,21_DV2026_Puebla.pdf,24,21_DV2026_Puebla,1.8,1.0,2.0,2042.0,3.7,82.2,4.5,3.8,2.0,2.1,1.0,0.6,0.1,85.9,4.5,9.6,0.104,0.501,19.293503,-98.414828,100.0,True,
29,San Martin Texmelucan - Tlaxcala - El Molinito (Cuota),00212,MEX-117D,2025,Lim. Edos. Term. Pue. Ppia. Tlax.,21_DV2026_Puebla.pdf,24,21_DV2026_Puebla,4.05,,,,,,,,,,,,,,,,,,,,,False,
29,San Martin Texmelucan - Tlaxcala - El Molinito (Cuota),00212,MEX-117D,2025,Plaza de Cobro San Martín Texmelucan,21_DV2026_Puebla.pdf,24,21_DV2026_Puebla,5.45,2.0,1.0,3040.0,1.2,78.3,5.0,5.2,2.7,4.1,1.0,1.4,1.1,79.5,5.0,15.5,0.088,0.5,19.301602,-98.404063,100.0,True,
29,San Martin Texmelucan - Tlaxcala - El Molinito (Cuota),00212,MEX-117D,2025,Plaza de Cobro San Martín Texmelucan,21_DV2026_Puebla.pdf,25,21_DV2026_Puebla,5.45,2.0,2.0,3040.0,1.2,78.3,5.0,5.2,2.7,4.1,1.0,1.4,1.1,79.5,5.0,15.5,0.088,0.5,19.301602,-98.404063,100.0,True,
29,San Martin Texmelucan - Tlaxcala - El Molinito (Cuota),00212,MEX-117D,2025,X. C. San Martín Texmelucan - Tlaxcala (Trébol),21_DV2026_Puebla.pdf,25,21_DV2026_Puebla,24.75,1.0,1.0,20818.0,3.8,88.9,1.4,2.7,0.9,1.3,0.3,0.6,0.1,92.7,1.4,5.9,0.107,0.585,19.325734,-98.249656,100.0,True,
29,San Martin Texmelucan - Tlaxcala - El Molinito (Cuota),00212,MEX-117D,2025,X. C. San Martín Texmelucan - Tlaxcala (Trébol),21_DV2026_Puebla.pdf,25,21_DV2026_Puebla,24.75,1.0,2.0,21214.0,3.4,88.8,1.5,2.9,0.9,1.4,0.4,0.6,0.1,92.2,1.5,6.3,0.09,0.585,19.325899,-98.249649,100.0,True,
29,San Martin Texmelucan - Tlaxcala - El Molinito (Cuota),00212,MEX-117D,2025,X. C. San Martín Texmelucan - Tlaxcala (Trébol),21_DV2026_Puebla.pdf,25,21_DV2026_Puebla,24.75,3.0,1.0,19097.0,2.9,89.2,1.8,2.8,0.7,1.4,0.4,0.6,0.2,92.1,1.8,6.1,0.1,0.533,19.331526,-98.239857,100.0,True,
29,San Martin Texmelucan - Tlaxcala - El Molinito (Cuota),00212,MEX-117D,2025,X. C. San Martín Texmelucan - Tlaxcala (Trébol),21_DV2026_Puebla.pdf,25,21_DV2026_Puebla,24.75,3.0,2.0,20732.0,2.7,89.1,1.9,3.3,0.8,1.1,0.3,0.6,0.2,91.8,1.9,6.3,0.085,0.533,19.331495,-98.240091,100.0,True,
29,San Martin Texmelucan - Tlaxcala - El Molinito (Cuota),00212,MEX-117D,2025,T. Izq. Tizatlán,21_DV2026_Puebla.pdf,25,21_DV2026_Puebla,29.0,3.0,1.0,19140.0,4.6,87.8,1.9,3.6,0.6,0.8,0.2,0.4,0.1,92.4,1.9,5.7,0.086,0.522,19.337592,-98.213895,100.0,True,
29,San Martin Texmelucan - Tlaxcala - El Molinito (Cuota),00212,MEX-117D,2025,T. Izq. Tizatlán,21_DV2026_Puebla.pdf,25,21_DV2026_Puebla,29.0,3.0,2.0,18068.0,4.6,87.7,1.8,3.8,0.6,0.8,0.2,0.4,0.1,92.3,1.8,5.9,0.087,0.522,19.337655,-98.214329,100.0,True,
29,San Martin Texmelucan - Tlaxcala - El Molinito (Cuota),00212,MEX-117D,2025,T. Der. San Pablo Apetatitlán,21_DV2026_Puebla.pdf,25,21_DV2026_Puebla,31.65,3.0,1.0,37556.0,3.6,87.9,1.6,3.7,0.9,1.1,0.5,0.5,0.2,91.5,1.6,6.9,0.072,0.5,19.347748,-98.194072,100.0,True,
29,San Martin Texmelucan - Tlaxcala - El Molinito (Cuota),00212,MEX-117D,2025,T. Der. San Pablo Apetatitlán,21_DV2026_Puebla.pdf,25,21_DV2026_Puebla,31.65,3.0,2.0,34065.0,3.6,87.6,1.4,3.8,1.0,1.3,0.5,0.6,0.2,91.2,1.4,7.4,0.082,0.5,19.347904,-98.194171,100.0,True,
29,San Martin Texmelucan - Tlaxcala - El Molinito (Cuota),00212,MEX-117D,2025,Ocotoxco,21_DV2026_Puebla.pdf,25,21_DV2026_Puebla,35.2,1.0,1.0,33964.0,2.9,88.5,1.7,3.7,0.7,1.2,0.7,0.4,0.2,91.4,1.7,6.9,0.09,0.555,19.379822,-98.179042,100.0,True,
29,San Martin Texmelucan - Tlaxcala - El Molinito (Cuota),00212,MEX-117D,2025,Ocotoxco,21_DV2026_Puebla.pdf,25,21_DV2026_Puebla,35.2,1.0,2.0,33668.0,3.1,88.4,1.6,3.5,0.8,1.4,0.6,0.4,0.2,91.5,1.6,6.9,0.08,0.555,19.379611,-98.179268,100.0,True,
30,Tejocotal - Nuevo Necaxa (Cuota),00211,MEX-132D,2025,T. C. Tlaxco - Tejocotal (Cuota),21_DV2026_Puebla.pdf,25,21_DV2026_Puebla,0.0,3.0,0.0,12804.0,3.0,72.3,6.0,6.9,3.4,3.9,1.3,2.3,0.9,75.3,6.0,18.7,0.086,0.513,20.135835,-98.113309,100.0,True,
30,Tejocotal - Nuevo Necaxa (Cuota),00211,MEX-132D,2025,Lim. Edos. Term. Hgo. Ppia. Pue.,21_DV2026_Puebla.pdf,25,21_DV2026_Puebla,2.1,,,,,,,,,,,,,,,,,,,,,False,
30,Tejocotal - Nuevo Necaxa (Cuota),00211,MEX-132D,2025,Plaza de Cobro Nuevo Necaxa,21_DV2026_Puebla.pdf,25,21_DV2026_Puebla,17.0,1.0,1.0,5864.0,2.2,73.3,4.4,6.3,3.0,5.8,1.8,2.4,0.8,75.5,4.4,20.1,0.074,0.672,20.168758,-98.026674,100.0,True,
30,Tejocotal - Nuevo Necaxa (Cuota),00211,MEX-132D,2025,Plaza de Cobro Nuevo Necaxa,21_DV2026_Puebla.pdf,25,21_DV2026_Puebla,17.0,1.0,2.0,5239.0,1.8,71.8,5.2,7.0,2.7,6.1,2.3,2.7,0.4,73.6,5.2,21.2,0.125,0.672,20.168723,-98.026729,100.0,True,
30,Tejocotal - Nuevo Necaxa (Cuota),00211,MEX-132D,2025,Plaza de Cobro Nuevo Necaxa,21_DV2026_Puebla.pdf,25,21_DV2026_Puebla,17.0,2.0,0.0,2003.0,0.8,76.8,1.5,3.9,4.4,6.2,3.0,2.4,1.0,77.6,1.5,20.9,0.092,0.5,20.186559,-98.029829,100.0,True,
30,Tejocotal - Nuevo Necaxa (Cuota),00211,MEX-132D,2025,T. C. Pachuca - Túxpam,21_DV2026_Puebla.pdf,25,21_DV2026_Puebla,18.7,,,,,,,,,,,,,,,,,,,,,False,
31,Amayuca - Izúcar de Matamoros,00030,MOR-031-PUE,2025,Amayuca,21_DV2026_Puebla.pdf,25,21_DV2026_Puebla,0.0,,,,,,,,,,,,,,,,,,,,,False,
31,Amayuca - Izúcar de Matamoros,00030,MOR-031-PUE,2025,X. C. Santa Bárbara - Izúcar de Matamoros,21_DV2026_Puebla.pdf,25,21_DV2026_Puebla,0.66,3.0,1.0,7938.0,15.2,77.7,0.7,3.8,1.5,0.5,0.2,0.3,0.1,92.9,0.7,6.4,0.078,0.513,18.714162,-98.796697,100.0,True,
31,Amayuca - Izúcar de Matamoros,00030,MOR-031-PUE,2025,X. C. Santa Bárbara - Izúcar de Matamoros,21_DV2026_Puebla.pdf,25,21_DV2026_Puebla,0.66,3.0,2.0,8591.0,15.1,77.4,0.6,4.0,1.7,0.5,0.3,0.2,0.2,92.5,0.6,6.9,0.068,0.513,18.714125,-98.796615,100.0,True,
31,Amayuca - Izúcar de Matamoros,00030,MOR-031-PUE,2025,Jonacatepec,21_DV2026_Puebla.pdf,25,21_DV2026_Puebla,3.84,3.0,1.0,4120.0,12.8,80.3,0.4,4.2,1.2,0.5,0.2,0.3,0.1,93.1,0.4,6.5,0.069,0.506,18.671867,-98.805446,100.0,True,
31,Amayuca - Izúcar de Matamoros,00030,MOR-031-PUE,2025,Jonacatepec,21_DV2026_Puebla.pdf,25,21_DV2026_Puebla,3.84,3.0,2.0,4192.0,12.1,81.8,0.4,3.8,1.1,0.4,0.2,0.2,0.0,93.9,0.4,5.7,0.078,0.506,18.671837,-98.805381,100.0,True,
31,Amayuca - Izúcar de Matamoros,00030,MOR-031-PUE,2025,T. Der. Tepalcingo,21_DV2026_Puebla.pdf,25,21_DV2026_Puebla,14.5,3.0,1.0,2568.0,10.1,81.8,1.0,3.9,1.7,0.5,0.4,0.5,0.1,91.9,1.0,7.1,0.075,0.569,18.589107,-98.833369,100.0,True,
31,Amayuca - Izúcar de Matamoros,00030,MOR-031-PUE,2025,T. Der. Tepalcingo,21_DV2026_Puebla.pdf,25,21_DV2026_Puebla,14.5,3.0,2.0,2363.0,10.2,81.8,0.8,3.9,1.7,0.5,0.4,0.6,0.1,92.0,0.8,7.2,0.074,0.569,18.589495,-98.833509,100.0,True,
31,Amayuca - Izúcar de Matamoros,00030,MOR-031-PUE,2025,Axochiapan,21_DV2026_Puebla.pdf,25,21_DV2026_Puebla,29.5,1.0,0.0,7179.0,14.1,79.2,0.7,2.7,1.6,0.6,0.4,0.6,0.1,93.3,0.7,6.0,0.075,0.586,18.511581,-98.776296,100.0,True,
31,Amayuca - Izúcar de Matamoros,00030,MOR-031-PUE,2025,Axochiapan,21_DV2026_Puebla.pdf,26,21_DV2026_Puebla,29.5,3.0,1.0,3487.0,29.5,66.4,0.7,1.8,1.0,0.3,0.1,0.1,0.1,95.9,0.7,3.4,0.088,0.578,18.494144,-98.748378,100.0,True,
31,Amayuca - Izúcar de Matamoros,00030,MOR-031-PUE,2025,Axochiapan,21_DV2026_Puebla.pdf,26,21_DV2026_Puebla,29.5,3.0,2.0,3114.0,28.1,67.9,0.5,1.9,0.9,0.3,0.2,0.1,0.1,96.0,0.5,3.5,0.083,0.578,18.494186,-98.74832,100.0,True,
31,Amayuca - Izúcar de Matamoros,00030,MOR-031-PUE,2025,Lim. Edos. Term. Mor. Ppia. Pue.,21_DV2026_Puebla.pdf,26,21_DV2026_Puebla,36.85,,,,,,,,,,,,,,,,,,,,,False,
31,Amayuca - Izúcar de Matamoros,00030,MOR-031-PUE,2025,Barranca Del Muerto,21_DV2026_Puebla.pdf,26,21_DV2026_Puebla,38.4,3.0,0.0,2891.0,17.4,69.0,1.1,4.3,4.9,1.2,0.9,1.1,0.1,86.4,1.1,12.5,0.07,0.602,18.476324,-98.691458,100.0,True,
31,Amayuca - Izúcar de Matamoros,00030,MOR-031-PUE,2025,T. Der. Chietla,21_DV2026_Puebla.pdf,26,21_DV2026_Puebla,53.0,1.0,0.0,6277.0,19.7,75.7,0.4,2.7,1.1,0.2,0.1,0.1,0.0,95.4,0.4,4.2,0.073,0.533,18.526734,-98.585692,100.0,True,
31,Amayuca - Izúcar de Matamoros,00030,MOR-031-PUE,2025,X. C. Santa Bárbara - Izúcar de Matamoros,21_DV2026_Puebla.pdf,26,21_DV2026_Puebla,67.5,1.0,0.0,8363.0,18.3,73.5,0.4,3.2,2.2,0.8,0.6,0.8,0.2,91.8,0.4,7.8,0.079,0.615,18.59357,-98.495675,100.0,True,
31,Amayuca - Izúcar de Matamoros,00030,MOR-031-PUE,2025,X. C. Santa Bárbara - Izúcar de Matamoros,21_DV2026_Puebla.pdf,26,21_DV2026_Puebla,67.5,3.0,1.0,10892.0,23.7,71.0,0.7,1.4,1.1,0.7,0.2,0.9,0.3,94.7,0.7,4.6,0.074,0.516,18.600942,-98.474937,100.0,True,
31,Amayuca - Izúcar de Matamoros,00030,MOR-031-PUE,2025,X. C. Santa Bárbara - Izúcar de Matamoros,21_DV2026_Puebla.pdf,26,21_DV2026_Puebla,67.5,3.0,2.0,11627.0,23.5,71.0,0.7,1.4,1.2,0.9,0.2,0.9,0.2,94.5,0.7,4.8,0.066,0.516,18.601008,-98.474937,100.0,True,
31,Amayuca - Izúcar de Matamoros,00030,MOR-031-PUE,2025,Izúcar de Matamoros,21_DV2026_Puebla.pdf,26,21_DV2026_Puebla,69.0,,,,,,,,,,,,,,,,,,,,,False,
32,Azumbilla - Alcomunga,21001,PUE,2025,T. C. Tehuacán - Córdoba,21_DV2026_Puebla.pdf,26,21_DV2026_Puebla,0.0,3.0,0.0,1426.0,4.1,78.7,2.6,8.6,2.0,2.2,0.7,0.9,0.2,82.8,2.6,14.6,0.087,0.532,18.634813,-97.396846,100.0,True,
32,Azumbilla - Alcomunga,21001,PUE,2025,Alcomunga,21_DV2026_Puebla.pdf,26,21_DV2026_Puebla,65.0,,,,,,,,,,,,,,,,,,,,,False,
33,Cholula - Puebla (Vía Quetzalcóatl),21203,PUE,2025,Cholula,21_DV2026_Puebla.pdf,26,21_DV2026_Puebla,0.0,3.0,1.0,40030.0,3.7,93.5,0.4,1.1,0.3,0.4,0.2,0.1,0.3,97.2,0.4,2.4,0.076,0.55,19.059658,-98.288452,100.0,True,
33,Cholula - Puebla (Vía Quetzalcóatl),21203,PUE,2025,Cholula,21_DV2026_Puebla.pdf,26,21_DV2026_Puebla,0.0,3.0,2.0,37381.0,3.4,93.7,0.2,1.3,0.5,0.3,0.3,0.1,0.2,97.1,0.2,2.7,0.074,0.55,19.059767,-98.288344,100.0,True,
33,Cholula - Puebla (Vía Quetzalcóatl),21203,PUE,2025,Puebla,21_DV2026_Puebla.pdf,26,21_DV2026_Puebla,12.0,1.0,1.0,43966.0,2.4,93.3,0.3,1.8,0.2,0.4,1.1,0.2,0.3,95.7,0.3,4.0,0.071,0.569,19.059716,-98.244941,100.0,True,
33,Cholula - Puebla (Vía Quetzalcóatl),21203,PUE,2025,Puebla,21_DV2026_Puebla.pdf,26,21_DV2026_Puebla,12.0,1.0,2.0,45068.0,2.6,93.3,0.5,2.0,0.1,0.3,0.9,0.1,0.2,95.9,0.5,3.6,0.073,0.569,19.05983,-98.244716,100.0,True,
34,Cuacnopalan - Santa Catarina Los Reyes,00109,PUE,2025,Cuacnopalan,21_DV2026_Puebla.pdf,26,21_DV2026_Puebla,0.0,3.0,0.0,2342.0,3.5,81.6,0.7,11.3,0.4,1.6,0.4,0.3,0.2,85.1,0.7,14.2,0.08,0.545,18.825674,-97.499063,100.0,True,
34,Cuacnopalan - Santa Catarina Los Reyes,00109,PUE,2025,Santa Catarina Los Reyes,21_DV2026_Puebla.pdf,26,21_DV2026_Puebla,13.0,1.0,0.0,654.0,10.8,82.0,0.6,2.6,2.7,0.5,0.3,0.4,0.1,92.8,0.6,6.6,0.098,0.594,18.882533,-97.439315,100.0,True,
35,Cuapiaxtla - Acatlán de Osorio,21014,PUE,2025,T. C. Puebla - Tehuacán,21_DV2026_Puebla.pdf,27,21_DV2026_Puebla,0.0,3.0,0.0,9181.0,8.3,80.7,1.3,3.4,2.8,1.5,1.0,0.8,0.2,89.0,1.3,9.7,0.071,0.509,18.917292,-97.832861,100.0,True,
35,Cuapiaxtla - Acatlán de Osorio,21014,PUE,2025,Molcaxac,21_DV2026_Puebla.pdf,27,21_DV2026_Puebla,23.18,1.0,0.0,5643.0,5.5,84.0,1.5,4.6,2.2,1.2,0.3,0.5,0.2,89.5,1.5,9.0,0.07,0.518,18.744027,-97.903572,100.0,True,
35,Cuapiaxtla - Acatlán de Osorio,21014,PUE,2025,Tepexi de Rodríguez,21_DV2026_Puebla.pdf,27,21_DV2026_Puebla,45.35,1.0,0.0,3550.0,6.2,86.4,0.5,4.4,0.9,0.6,0.5,0.4,0.1,92.6,0.5,6.9,0.107,0.578,18.586435,-97.925135,100.0,True,
35,Cuapiaxtla - Acatlán de Osorio,21014,PUE,2025,Tepexi de Rodríguez,21_DV2026_Puebla.pdf,27,21_DV2026_Puebla,45.35,3.0,0.0,5043.0,12.5,78.4,0.7,3.7,1.3,1.3,0.7,1.0,0.4,90.9,0.7,8.4,0.126,0.508,18.572635,-97.928231,100.0,True,
35,Cuapiaxtla - Acatlán de Osorio,21014,PUE,2025,San Juan Ixcaquixtla,21_DV2026_Puebla.pdf,27,21_DV2026_Puebla,63.35,1.0,0.0,5503.0,9.5,81.6,1.1,3.4,2.5,1.3,0.4,0.2,0.0,91.1,1.1,7.8,0.072,0.544,18.476023,-97.84743,100.0,True,
35,Cuapiaxtla - Acatlán de Osorio,21014,PUE,2025,Acatlán de Osorio,21_DV2026_Puebla.pdf,27,21_DV2026_Puebla,127.0,1.0,0.0,3212.0,22.7,71.6,0.9,2.0,0.8,1.0,0.5,0.4,0.1,94.3,0.9,4.8,0.081,0.554,18.235964,-98.032891,100.0,True,
36,Izúcar de Matamoros - Tepexi de Rodríguez,21014,PUE,2025,Izúcar de Matamoros,21_DV2026_Puebla.pdf,27,21_DV2026_Puebla,0.0,3.0,0.0,4761.0,19.3,76.7,0.6,1.6,0.9,0.4,0.3,0.2,0.0,96.0,0.6,3.4,0.072,0.586,18.610449,-98.451227,100.0,True,
36,Izúcar de Matamoros - Tepexi de Rodríguez,21014,PUE,2025,Zacapala,21_DV2026_Puebla.pdf,27,21_DV2026_Puebla,46.0,1.0,0.0,606.0,25.1,68.0,0.3,3.1,2.7,0.3,0.3,0.1,0.1,93.1,0.3,6.6,0.084,0.569,18.591487,-98.072011,100.0,True,
36,Izúcar de Matamoros - Tepexi de Rodríguez,21014,PUE,2025,T. Der. Tepexi de Rodríguez,21_DV2026_Puebla.pdf,27,21_DV2026_Puebla,62.0,1.0,0.0,2026.0,10.2,83.2,0.8,3.7,1.3,0.5,0.3,0.0,0.0,93.4,0.8,5.8,0.097,0.64,18.637052,-97.933833,100.0,True,
37,Ramal a Aeropuerto Hnos. Serdán,21591,PUE,2025,T. Aut. México - Puebla ( Cuota ),21_DV2026_Puebla.pdf,27,21_DV2026_Puebla,0.0,3.0,0.0,25932.0,3.3,82.8,1.9,4.7,1.7,3.4,0.7,1.0,0.5,86.1,1.9,12.0,0.087,0.543,19.212712,-98.358407,100.0,True,
37,Ramal a Aeropuerto Hnos. Serdán,21591,PUE,2025,T. México - Puebla (Libre),21_DV2026_Puebla.pdf,27,21_DV2026_Puebla,9.0,1.0,0.0,13709.0,2.4,84.9,2.3,5.7,1.3,2.6,0.4,0.3,0.1,87.3,2.3,10.4,0.085,0.539,19.139905,-98.373852,100.0,True,
38,Ramal a Jolalpan,00143,MOR-PUE,2025,Axochiapan,21_DV2026_Puebla.pdf,27,21_DV2026_Puebla,0.0,3.0,0.0,2329.0,10.5,80.8,0.6,5.9,1.4,0.2,0.3,0.2,0.1,91.3,0.6,8.1,0.085,0.573,18.482104,-98.748266,100.0,True,
38,Ramal a Jolalpan,00143,MOR-PUE,2025,Lim. Edos. Term. Mor. Ppia. Pue.,21_DV2026_Puebla.pdf,27,21_DV2026_Puebla,4.0,,,,,,,,,,,,,,,,,,,,,False,
38,Ramal a Jolalpan,00143,MOR-PUE,2025,Jolalpan,21_DV2026_Puebla.pdf,27,21_DV2026_Puebla,24.0,,,,,,,,,,,,,,,,,,,,,False,
39,Ramal a Tetela de Ocampo,21587,PUE,2025,T. C. Apizaco - Tejocotal,21_DV2026_Puebla.pdf,27,21_DV2026_Puebla,0.0,3.0,0.0,3058.0,3.4,85.5,2.2,4.6,2.0,1.2,0.4,0.5,0.2,88.9,2.2,8.9,0.086,0.588,19.803449,-98.022965,100.0,True,
39,Ramal a Tetela de Ocampo,21587,PUE,2025,Tetela de Ocampo,21_DV2026_Puebla.pdf,28,21_DV2026_Puebla,45.0,1.0,0.0,4342.0,7.1,79.3,1.8,5.1,3.0,2.0,1.0,0.4,0.3,86.4,1.8,11.8,0.085,0.509,19.822074,-97.8191,100.0,True,
40,Ramal a Zihuateutla,21590,PUE,2025,T. C. Pachuca - Túxpam,21_DV2026_Puebla.pdf,28,21_DV2026_Puebla,0.0,3.0,0.0,2845.0,4.7,85.5,1.2,3.6,1.4,1.7,1.6,0.3,0.0,90.2,1.2,8.6,0.083,0.545,20.233931,-97.964674,100.0,True,
40,Ramal a Zihuateutla,21590,PUE,2025,La Unión,21_DV2026_Puebla.pdf,28,21_DV2026_Puebla,13.0,,,,,,,,,,,,,,,,,,,,,False,
40,Ramal a Zihuateutla,21590,PUE,2025,Zihuateutla,21_DV2026_Puebla.pdf,28,21_DV2026_Puebla,22.0,,,,,,,,,,,,,,,,,,,,,False,
41,Ramal a Zoquitlán,21003,PUE,2025,T. C. Tehuacán - Huitzo,21_DV2026_Puebla.pdf,28,21_DV2026_Puebla,0.0,3.0,0.0,2907.0,11.0,77.7,1.4,6.1,1.8,1.2,0.3,0.3,0.2,88.7,1.4,9.9,0.079,0.515,18.259933,-97.152538,100.0,True,
41,Ramal a Zoquitlán,21003,PUE,2025,Zoquitlán,21_DV2026_Puebla.pdf,28,21_DV2026_Puebla,32.0,,,,,,,,,,,,,,,,,,,,,False,
42,San Juan Ixcaquixtla - Pino Suárez,00486,PUE,2025,San Juan Ixcaquixtla,21_DV2026_Puebla.pdf,28,21_DV2026_Puebla,0.0,3.0,0.0,1830.0,7.2,83.3,0.8,4.8,2.3,0.7,0.4,0.3,0.2,90.5,0.8,8.7,0.076,0.518,18.408399,-97.823423,100.0,True,
42,San Juan Ixcaquixtla - Pino Suárez,00486,PUE,2025,San Martín Atexcal,21_DV2026_Puebla.pdf,28,21_DV2026_Puebla,13.0,1.0,0.0,1410.0,10.9,81.9,0.5,4.4,1.4,0.5,0.4,0.0,0.0,92.8,0.5,6.7,0.081,0.684,18.405125,-97.751728,100.0,True,
42,San Juan Ixcaquixtla - Pino Suárez,00486,PUE,2025,San Bartolo Teontepec,21_DV2026_Puebla.pdf,28,21_DV2026_Puebla,42.8,1.0,0.0,1129.0,10.7,80.2,1.1,5.5,1.1,0.7,0.1,0.4,0.2,90.9,1.1,8.0,0.078,0.5,18.484595,-97.535003,100.0,True,
42,San Juan Ixcaquixtla - Pino Suárez,00486,PUE,2025,T. C. Puebla - Tehuacán,21_DV2026_Puebla.pdf,28,21_DV2026_Puebla,47.1,1.0,0.0,5073.0,16.1,73.5,0.9,5.7,1.4,1.8,0.3,0.2,0.1,89.6,0.9,9.5,0.082,0.533,18.511616,-97.504026,100.0,True,
43,Tecamachalco - Cañada Morelos,21002,PUE,2025,Tecamachalco,21_DV2026_Puebla.pdf,28,21_DV2026_Puebla,0.0,3.0,1.0,10034.0,7.8,76.4,2.4,8.6,1.7,1.6,0.6,0.6,0.3,84.2,2.4,13.4,0.08,0.559,18.895842,-97.713538,100.0,True,
43,Tecamachalco - Cañada Morelos,21002,PUE,2025,Tecamachalco,21_DV2026_Puebla.pdf,28,21_DV2026_Puebla,0.0,3.0,2.0,9819.0,7.6,76.6,2.4,8.4,1.8,1.4,0.8,0.7,0.3,84.2,2.4,13.4,0.075,0.559,18.895963,-97.713526,100.0,True,
43,Tecamachalco - Cañada Morelos,21002,PUE,2025,T. Izq. Quecholac,21_DV2026_Puebla.pdf,28,21_DV2026_Puebla,8.0,1.0,0.0,10924.0,8.5,76.6,0.9,7.4,1.4,1.3,1.5,1.9,0.5,85.1,0.9,14.0,0.075,0.516,18.90461,-97.671855,100.0,True,
43,Tecamachalco - Cañada Morelos,21002,PUE,2025,T. C. Cuacnopalan - Cd. Serdán,21_DV2026_Puebla.pdf,28,21_DV2026_Puebla,31.3,3.0,0.0,3214.0,11.6,74.6,1.4,2.9,2.8,3.8,1.7,0.9,0.3,86.2,1.4,12.4,0.145,0.532,18.80538,-97.510872,100.0,True,
43,Tecamachalco - Cañada Morelos,21002,PUE,2025,T. C. San Salvador El Seco - Azumbilla,21_DV2026_Puebla.pdf,28,21_DV2026_Puebla,44.46,1.0,0.0,3253.0,7.5,80.4,1.2,2.4,2.3,3.5,1.6,0.9,0.2,87.9,1.2,10.9,0.072,0.574,18.742722,-97.423234,100.0,True,
44,Tecamachalco - Quecholac,21002,PUE,2025,Tecamachalco,21_DV2026_Puebla.pdf,29,21_DV2026_Puebla,0.0,,,,,,,,,,,,,,,,,,,,,False,
44,Tecamachalco - Quecholac,21002,PUE,2025,T. C. Puebla - Acatzingo (Cuota),21_DV2026_Puebla.pdf,29,21_DV2026_Puebla,7.8,1.0,0.0,12426.0,3.6,76.0,3.2,7.0,3.0,3.4,1.7,1.6,0.5,79.6,3.2,17.2,0.073,0.524,18.923802,-97.684456,100.0,True,
44,Tecamachalco - Quecholac,21002,PUE,2025,T. C. Puebla - Acatzingo (Cuota),21_DV2026_Puebla.pdf,29,21_DV2026_Puebla,7.8,3.0,1.0,3011.0,8.2,81.0,1.0,6.5,1.6,0.7,0.5,0.3,0.2,89.2,1.0,9.8,0.093,0.501,18.935428,-97.673936,100.0,True,
44,Tecamachalco - Quecholac,21002,PUE,2025,T. C. Puebla - Acatzingo (Cuota),21_DV2026_Puebla.pdf,29,21_DV2026_Puebla,7.8,3.0,2.0,3156.0,8.1,80.7,1.4,6.6,1.6,0.7,0.4,0.3,0.2,88.8,1.4,9.8,0.082,0.501,18.935476,-97.674,100.0,True,
44,Tecamachalco - Quecholac,21002,PUE,2025,Quecholac,21_DV2026_Puebla.pdf,29,21_DV2026_Puebla,11.2,,,,,,,,,,,,,,,,,,,,,False,
45,Zacatlán - Zapotitlán,21580,PUE,2025,T. C. Apizaco - Tejocotal,21_DV2026_Puebla.pdf,29,21_DV2026_Puebla,0.0,3.0,0.0,8985.0,12.8,75.8,1.1,7.2,1.2,0.8,0.6,0.4,0.1,88.6,1.1,10.3,0.078,0.559,19.955279,-97.961855,100.0,True,
45,Zacatlán - Zapotitlán,21580,PUE,2025,Zapotitlán,21_DV2026_Puebla.pdf,29,21_DV2026_Puebla,45.0,,,,,,,,,,,,,,,,,,,,,False,
46,Atlixco - Jantetelco (Cuota),00430,PUE-D,2025,T. C. Puebla - Izúcar de Matamoros,21_DV2026_Puebla.pdf,29,21_DV2026_Puebla,0.0,3.0,0.0,9290.0,3.2,73.9,3.3,11.9,2.3,2.7,0.8,1.6,0.3,77.1,3.3,19.6,0.079,0.624,18.942874,-98.402246,100.0,True,
46,Atlixco - Jantetelco (Cuota),00430,PUE-D,2025,Lim. Edos. Term. Pue. Ppia. Mor.,21_DV2026_Puebla.pdf,29,21_DV2026_Puebla,48.6,,,,,,,,,,,,,,,,,,,,,False,
46,Atlixco - Jantetelco (Cuota),00430,PUE-D,2025,T. C. Santa Bárbara - Izúcar de Matamoros,21_DV2026_Puebla.pdf,29,21_DV2026_Puebla,54.9,1.0,0.0,7740.0,2.2,81.7,3.7,4.2,2.3,2.7,1.0,1.5,0.7,83.9,3.7,12.4,0.081,0.557,18.706839,-98.767705,100.0,True,
47,Puebla - Atlixco (Cuota),21585,PUE-D,2025,Puebla,21_DV2026_Puebla.pdf,29,21_DV2026_Puebla,0.0,3.0,1.0,12781.0,3.6,85.9,2.2,2.4,2.0,1.7,0.8,1.1,0.3,89.5,2.2,8.3,0.107,0.605,19.000464,-98.278497,100.0,True,
47,Puebla - Atlixco (Cuota),21585,PUE-D,2025,Puebla,21_DV2026_Puebla.pdf,29,21_DV2026_Puebla,0.0,3.0,2.0,12585.0,3.8,87.2,2.0,2.2,1.6,1.4,0.6,0.8,0.4,91.0,2.0,7.0,0.109,0.605,19.000314,-98.278395,100.0,True,
47,Puebla - Atlixco (Cuota),21585,PUE-D,2025,Atlixco,21_DV2026_Puebla.pdf,29,21_DV2026_Puebla,25.3,1.0,1.0,10960.0,2.8,89.2,1.8,3.1,1.1,0.9,0.5,0.5,0.1,92.0,1.8,6.2,0.106,0.627,18.922889,-98.404369,100.0,True,
47,Puebla - Atlixco (Cuota),21585,PUE-D,2025,Atlixco,21_DV2026_Puebla.pdf,29,21_DV2026_Puebla,25.3,1.0,2.0,11283.0,3.1,89.2,1.7,3.0,1.2,0.7,0.5,0.4,0.2,92.3,1.7,6.0,0.097,0.627,18.922665,-98.404748,100.0,True,
48,Puebla - Tlaxcala (Cuota),,PUE-D,2025,Anillo Periferico Poniente de Puebla,21_DV2026_Puebla.pdf,29,21_DV2026_Puebla,0.0,3.0,0.0,13918.0,3.7,86.6,1.9,3.4,1.0,1.9,0.5,0.8,0.2,90.3,1.9,7.8,0.083,0.564,19.150578,-98.269377,100.0,True,
48,Puebla - Tlaxcala (Cuota),,PUE-D,2025,Lim. Edos. Term. Pue. Ppia. Tlax,21_DV2026_Puebla.pdf,30,21_DV2026_Puebla,2.4,,,,,,,,,,,,,,,,,,,,,False,
48,Puebla - Tlaxcala (Cuota),,PUE-D,2025,T Der. Zacatelco,21_DV2026_Puebla.pdf,30,21_DV2026_Puebla,8.0,1.0,0.0,12940.0,1.3,90.0,1.7,2.9,0.9,1.6,0.5,0.8,0.3,91.3,1.7,7.0,0.083,0.554,19.201456,-98.261745,100.0,True,
48,Puebla - Tlaxcala (Cuota),,PUE-D,2025,T Der. Zacatelco,21_DV2026_Puebla.pdf,30,21_DV2026_Puebla,8.0,3.0,0.0,11810.0,1.7,89.3,1.5,3.1,0.8,1.6,0.7,1.0,0.3,91.0,1.5,7.5,0.087,0.534,19.216466,-98.268047,100.0,True,
48,Puebla - Tlaxcala (Cuota),,PUE-D,2025,Lib. de Tlaxcala (Cuota),21_DV2026_Puebla.pdf,30,21_DV2026_Puebla,17.8,1.0,0.0,12665.0,1.6,89.2,1.9,2.9,1.0,1.6,0.6,1.0,0.2,90.8,1.9,7.3,0.083,0.658,19.2785,-98.249919,100.0,True,
49,Tlaxco - Tejocotal (Cuota),00209,PUE-TLAX-HGO-D,2025,T.C. Apan - Tlaxco,21_DV2026_Puebla.pdf,30,21_DV2026_Puebla,23.0,3.0,0.0,5750.0,1.8,85.9,3.3,3.4,1.7,2.1,1.0,0.7,0.1,87.7,3.3,9.0,0.105,0.718,19.607087,-98.156663,100.0,True,
49,Tlaxco - Tejocotal (Cuota),00209,PUE-TLAX-HGO-D,2025,Lim. Edos. Term. Tlax. Ppia. Pue.,21_DV2026_Puebla.pdf,30,21_DV2026_Puebla,30.7,,,,,,,,,,,,,,,,,,,,,False,
49,Tlaxco - Tejocotal (Cuota),00209,PUE-TLAX-HGO-D,2025,Ent. Chignahuapan,21_DV2026_Puebla.pdf,30,21_DV2026_Puebla,56.2,3.0,0.0,3948.0,2.2,85.0,2.6,3.6,2.2,2.1,1.2,1.1,0.0,87.2,2.6,10.2,0.096,0.524,19.870773,-98.061055,100.0,True,
49,Tlaxco - Tejocotal (Cuota),00209,PUE-TLAX-HGO-D,2025,Lim. Edos. Term. Pue. Ppia. Hgo.,21_DV2026_Puebla.pdf,30,21_DV2026_Puebla,84.8,,,,,,,,,,,,,,,,,,,,,False,
49,Tlaxco - Tejocotal (Cuota),00209,PUE-TLAX-HGO-D,2025,T. C. Apizaco - Tejocotal,21_DV2026_Puebla.pdf,30,21_DV2026_Puebla,85.6,,,,,,,,,,,,,,,,,,,,,False,
50,Virreyes - Teziutlán (Cuota),21014,MEX-129D,2025,T. C. Amozoc - Perote (Cuota),21_DV2026_Puebla.pdf,30,21_DV2026_Puebla,25.0,3.0,0.0,3763.0,2.9,80.1,5.5,5.1,2.3,1.6,1.2,1.1,0.2,83.0,5.5,11.5,0.077,0.505,19.428054,-97.635471,100.0,True,
50,Virreyes - Teziutlán (Cuota),21014,MEX-129D,2025,Ent. Cuyoaco,21_DV2026_Puebla.pdf,30,21_DV2026_Puebla,44.85,3.0,0.0,5702.0,1.6,84.4,4.6,4.0,2.8,1.0,0.7,0.7,0.2,86.0,4.6,9.4,0.096,0.716,19.602896,-97.610211,100.0,True,
50,Virreyes - Teziutlán (Cuota),21014,MEX-129D,2025,T. Izq. Zaragoza,21_DV2026_Puebla.pdf,30,21_DV2026_Puebla,111.39,1.0,0.0,6155.0,2.6,81.2,5.2,6.3,2.2,1.0,0.9,0.5,0.1,83.8,5.2,11.0,0.097,0.706,19.753474,-97.549232,100.0,True,
50,Virreyes - Teziutlán (Cuota),21014,MEX-129D,2025,T. Izq. Zaragoza,21_DV2026_Puebla.pdf,30,21_DV2026_Puebla,111.39,3.0,0.0,5461.0,1.8,81.9,2.9,10.2,1.5,0.7,0.6,0.4,0.0,83.7,2.9,13.4,0.103,0.535,19.760937,-97.54512,100.0,True,
50,Virreyes - Teziutlán (Cuota),21014,MEX-129D,2025,Teziutlán,21_DV2026_Puebla.pdf,30,21_DV2026_Puebla,133.0,1.0,0.0,4781.0,2.1,84.4,5.0,4.7,1.7,1.4,0.3,0.4,0.0,86.5,5.0,8.5,0.1,0.591,19.8267,-97.382668,100.0,True,
51,Ramal a Tulcingo del Valle,21578,PUE-MEX-093,2025,T. C. Puebla - Huajuapan de León,21_DV2026_Puebla.pdf,30,21_DV2026_Puebla,0.0,3.0,0.0,3356.0,4.4,84.9,2.7,2.9,1.6,2.3,0.9,0.3,0.0,89.3,2.7,8.0,0.09,0.611,18.247504,-98.221139,100.0,True,
51,Ramal a Tulcingo del Valle,21578,PUE-MEX-093,2025,T. Izq. Piaxtla,21_DV2026_Puebla.pdf,30,21_DV2026_Puebla,7.31,3.0,0.0,3294.0,5.7,83.2,2.4,3.7,2.2,1.7,0.8,0.3,0.0,88.9,2.4,8.7,0.077,0.606,18.190967,-98.26942,100.0,True,
51,Ramal a Tulcingo del Valle,21578,PUE-MEX-093,2025,Tecomatlán,21_DV2026_Puebla.pdf,30,21_DV2026_Puebla,21.01,3.0,0.0,3432.0,5.7,83.9,2.2,3.1,1.8,2.0,1.0,0.3,0.0,89.6,2.2,8.2,0.075,0.506,18.093423,-98.316422,100.0,True,
51,Ramal a Tulcingo del Valle,21578,PUE-MEX-093,2025,Tulcingo del Valle,21_DV2026_Puebla.pdf,30,21_DV2026_Puebla,43.0,1.0,0.0,4039.0,8.6,79.6,1.8,4.1,1.5,2.5,1.0,0.8,0.1,88.2,1.8,10.0,0.081,0.62,18.041642,-98.427976,100.0,True,
52,Tehuacán - Huitzo,00211,PUE-MEX-135,2025,Tehuacán,21_DV2026_Puebla.pdf,31,21_DV2026_Puebla,0.0,3.0,0.0,11173.0,10.5,84.6,0.3,3.8,0.5,0.2,0.1,0.0,0.0,95.1,0.3,4.6,0.071,0.54,18.457432,-97.370656,100.0,True,
52,Tehuacán - Huitzo,00211,PUE-MEX-135,2025,T. Der. San Gabriel Chilac,21_DV2026_Puebla.pdf,31,21_DV2026_Puebla,14.4,1.0,0.0,8466.0,16.2,75.2,0.5,4.2,1.2,1.1,0.5,0.7,0.4,91.4,0.5,8.1,0.087,0.542,18.407071,-97.330419,100.0,True,
52,Tehuacán - Huitzo,00211,PUE-MEX-135,2025,San Sebastián Zinacatepec,21_DV2026_Puebla.pdf,31,21_DV2026_Puebla,23.0,3.0,0.0,7492.0,8.2,81.2,1.0,4.5,1.9,1.4,1.0,0.5,0.3,89.4,1.0,9.6,0.072,0.519,18.321346,-97.226146,100.0,True,
52,Tehuacán - Huitzo,00211,PUE-MEX-135,2025,Lim. Edos. Term. Pue. Ppia. Oax.,21_DV2026_Puebla.pdf,31,21_DV2026_Puebla,60.9,,,,,,,,,,,,,,,,,,,,,False,
52,Tehuacán - Huitzo,00211,PUE-MEX-135,2025,Teotitlán del Camino,21_DV2026_Puebla.pdf,31,21_DV2026_Puebla,63.15,3.0,0.0,2757.0,11.3,81.9,0.5,4.4,0.7,0.9,0.1,0.1,0.1,93.2,0.5,6.3,0.07,0.508,18.118774,-97.073664,100.0,True,
52,Tehuacán - Huitzo,00211,PUE-MEX-135,2025,Santa María Tecomavaca,21_DV2026_Puebla.pdf,31,21_DV2026_Puebla,88.34,1.0,0.0,1377.0,15.6,77.2,0.5,3.7,1.3,1.2,0.2,0.2,0.1,92.8,0.5,6.7,0.092,0.559,17.955493,-97.025467,100.0,True,
52,Tehuacán - Huitzo,00211,PUE-MEX-135,2025,Santa María Tecomavaca,21_DV2026_Puebla.pdf,31,21_DV2026_Puebla,88.34,3.0,0.0,1122.0,10.0,83.6,0.4,4.2,0.9,0.5,0.2,0.1,0.1,93.6,0.4,6.0,0.092,0.544,17.949504,-97.022239,100.0,True,
52,Tehuacán - Huitzo,00211,PUE-MEX-135,2025,T. Izq. Cuicatlán,21_DV2026_Puebla.pdf,31,21_DV2026_Puebla,118.8,1.0,0.0,1552.0,20.4,72.2,0.6,5.2,0.9,0.4,0.1,0.2,0.0,92.6,0.6,6.8,0.097,0.51,17.79393,-96.959977,100.0,True,
52,Tehuacán - Huitzo,00211,PUE-MEX-135,2025,T. Izq. Nacaltepec,21_DV2026_Puebla.pdf,31,21_DV2026_Puebla,169.84,1.0,0.0,718.0,9.3,79.5,0.9,6.0,1.2,1.9,0.6,0.6,0.0,88.8,0.9,10.3,0.091,0.631,17.505594,-96.933158,100.0,True,
52,Tehuacán - Huitzo,00211,PUE-MEX-135,2025,T. C. Huajuapan de León - Oaxaca,21_DV2026_Puebla.pdf,31,21_DV2026_Puebla,202.7,1.0,0.0,10595.0,16.0,79.1,0.5,2.5,0.7,0.5,0.3,0.3,0.1,95.1,0.5,4.4,0.076,0.525,17.287659,-96.903729,100.0,True,
53,Teotitlán de Flores Magón - Tuxtepec,00108,OAX-PUE-MEX-182,2025,Teotitlán del Camino,21_DV2026_Puebla.pdf,31,21_DV2026_Puebla,0.0,3.0,0.0,1973.0,21.9,68.6,1.2,3.6,3.2,0.8,0.2,0.4,0.1,90.5,1.2,8.3,0.092,0.519,18.131729,-97.06386,100.0,True,
53,Teotitlán de Flores Magón - Tuxtepec,00108,OAX-PUE-MEX-182,2025,Lim. Edos. Term. Oax. Ppia. Pue.,21_DV2026_Puebla.pdf,31,21_DV2026_Puebla,2.0,,,,,,,,,,,,,,,,,,,,,False,
53,Teotitlán de Flores Magón - Tuxtepec,00108,OAX-PUE-MEX-182,2025,Lim. Edos. Term. Pue. Ppia. Oax.,21_DV2026_Puebla.pdf,31,21_DV2026_Puebla,10.0,,,,,,,,,,,,,,,,,,,,,False,
53,Teotitlán de Flores Magón - Tuxtepec,00108,OAX-PUE-MEX-182,2025,Huautla,21_DV2026_Puebla.pdf,31,21_DV2026_Puebla,65.0,1.0,0.0,1664.0,3.6,86.9,1.0,6.9,0.6,0.4,0.3,0.2,0.1,90.5,1.0,8.5,0.091,0.559,18.146106,-96.853951,100.0,True,
53,Teotitlán de Flores Magón - Tuxtepec,00108,OAX-PUE-MEX-182,2025,San Felipe Jalapa de Díaz,21_DV2026_Puebla.pdf,31,21_DV2026_Puebla,140.0,3.0,0.0,4998.0,4.7,84.8,1.2,5.4,1.5,1.2,0.6,0.5,0.1,89.5,1.2,9.3,0.079,0.511,18.082051,-96.52214,100.0,True,
53,Teotitlán de Flores Magón - Tuxtepec,00108,OAX-PUE-MEX-182,2025,Tuxtepec,21_DV2026_Puebla.pdf,31,21_DV2026_Puebla,185.0,1.0,0.0,6764.0,31.2,54.1,1.7,8.1,1.4,1.6,0.9,0.8,0.2,85.3,1.7,13.0,0.069,0.505,18.089716,-96.171486,100.0,True,
