site_id,state_file,ruta,carretera,KM,lugar_base,tdpa,pct_C,pct_B,lat,lon,n_te,te_list,n_calzadas,anio,toll_road,red
S0000,09_DV2026_Ciudad_de_Mexico,EM-106-CDMX,T. C. (México - Mixquic) - San Pablo Atlazalpan,0.0,T. C. México - Mixquic,8694.0,7.7,0.9,19.210776,-98.968923,1,3,1,2025,False,estatal
S0001,09_DV2026_Ciudad_de_Mexico,EM-CDMX,Chalco - Mixquic,0.0,Chalco,34271.0,4.456981121064457,0.4,19.240338,-98.9091185,1,3,1,2025,False,estatal
S0002,09_DV2026_Ciudad_de_Mexico,EM-CDMX,Chalco - Mixquic,10.0,Mixquic,7625.0,4.7,0.6,19.224835,-98.945981,1,1,1,2025,False,estatal
S0003,09_DV2026_Ciudad_de_Mexico,EM-CDMX,Chalco - Tláhuac,0.0,Chalco,19064.0,7.298006714225766,1.2990033571128827,19.2480485,-98.9265785,1,3,1,2025,False,estatal
S0004,09_DV2026_Ciudad_de_Mexico,EM-CDMX,Chalco - Tláhuac,12.0,Tláhuac,22668.0,11.50153520381154,1.3005117346038468,19.2643865,-98.993089,1,1,1,2025,False,estatal
S0005,09_DV2026_Ciudad_de_Mexico,EM-CDMX,Xalatlaco - El Ajusco,0.0,T. C. Ent. Cruz de La Misión - San Nicolás Coatepec,1942.0,9.2,0.5,19.162954,-99.406236,1,3,1,2025,False,estatal
S0006,09_DV2026_Ciudad_de_Mexico,EM-CDMX,Xalatlaco - El Ajusco,27.6,T. C. Circuito del Ajusco,890.0,10.3,0.7,19.20123,-99.280481,1,1,1,2025,False,estatal
S0007,09_DV2026_Ciudad_de_Mexico,EM-D,La Venta - Chamapa (Cuota),0.1,Plaza de Cobro La Venta,20618.5,15.4,1.1003456916152383,19.35234425,-99.30551025,2,"2,3",1,2025,True,estatal
S0008,09_DV2026_Ciudad_de_Mexico,EM-D,La Venta - Chamapa (Cuota),5.6,T. Der. Interlomas,33799.0,10.4,1.602872866061126,19.399414,-99.2968525,1,3,1,2025,True,estatal
S0009,09_DV2026_Ciudad_de_Mexico,EM-D,La Venta - Chamapa (Cuota),11.1,X. C. Naucalpan - Toluca,39460.0,10.007577293461733,1.1507577293461733,19.426223999999998,-99.29628,1,1,1,2025,True,estatal
S0010,09_DV2026_Ciudad_de_Mexico,MEX-015,México - Toluca,12.84,Ent. Constituyentes y Reforma,86238.0,7.299675317145574,1.5999188292863935,19.385724500000002,-99.247907,1,3,1,2025,False,federal
S0011,09_DV2026_Ciudad_de_Mexico,MEX-015,México - Toluca,20.56,T. Der. Cuajimalpa (1º Acceso),86772.0,6.55104526805882,1.6468641958235375,19.364418,-99.2776685,1,1,1,2025,False,federal
S0012,09_DV2026_Ciudad_de_Mexico,MEX-015,México - Toluca,23.96,T. Izq. Desierto de Los Leones,70839.0,7.848881265969311,2.544406329846553,19.338862,-99.311188,1,1,1,2025,False,federal
S0013,09_DV2026_Ciudad_de_Mexico,MEX-015,México - Toluca,33.98,T. Der. Huixquilucan,46967.0,11.900985798539399,1.5495071007302998,19.295795,-99.358795,1,1,1,2025,False,federal
S0014,09_DV2026_Ciudad_de_Mexico,MEX-015,México - Toluca,47.26,X. C. Amomolulco - Stgo. Tianguistenco,99221.0,6.398854073230465,2.5,19.2821975,-99.48096100000001,1,1,1,2025,False,federal
S0015,09_DV2026_Ciudad_de_Mexico,MEX-015,México - Toluca,51.71,T. Der. Lerma - Izq. San Pedro Tultepec,177573.0,10.794592646404578,2.1027036767977116,19.2821505,-99.5030645,1,1,1,2025,False,federal
S0016,09_DV2026_Ciudad_de_Mexico,MEX-015,México - Toluca,52.0,T. Izq. San Mateo Atenco (Alta),153423.0,2.00379929997458,0.1,19.285729,-99.535848,1,3,1,2025,False,federal
S0017,09_DV2026_Ciudad_de_Mexico,MEX-015,México - Toluca,52.0,T. Izq. San Mateo Atenco (Baja),35498.0,23.58051721223731,3.948608372302665,19.285749,-99.533913,1,3,1,2025,False,federal
S0018,09_DV2026_Ciudad_de_Mexico,MEX-015,México - Toluca,62.2,X. C. Libramiento de Toluca (Alta),158231.0,0.0,0.0,19.2879295,-99.620991,1,1,1,2025,False,federal
S0019,09_DV2026_Ciudad_de_Mexico,MEX-015,México - Toluca,62.2,X. C. Libramiento de Toluca (Baja),41194.0,16.04456716997621,3.696378113317474,19.2880455,-99.623917,1,1,1,2025,False,federal
S0020,09_DV2026_Ciudad_de_Mexico,MEX-015D,México - Toluca (Cuota),14.0,T. C. México - Toluca (Libre) (Puente Conafrut),54451.0,7.986964426732291,2.8597766799507816,19.380561,-99.25109549999999,1,3,1,2025,True,federal
S0021,09_DV2026_Ciudad_de_Mexico,MEX-015D,México - Toluca (Cuota),18.44,Plaza de Cobro Santa Fe,46676.0,8.251045634215293,3.097908731569413,19.36291925,-99.27189849999999,2,"1,3",1,2025,True,federal
S0022,09_DV2026_Ciudad_de_Mexico,MEX-015D,México - Toluca (Cuota),24.24,Plaza de Cobro La Venta,64980.0,8.983048384534964,3.3497835017826407,19.329854166666667,-99.31353233333334,3,"1,2,3",1,2025,True,federal
S0023,09_DV2026_Ciudad_de_Mexico,MEX-015D,México - Toluca (Cuota),32.65,T. C. México - Toluca (Libre) (La Marquesa),60277.0,9.796172669509101,4.1961726695090995,19.299837500000002,-99.36401599999999,1,1,1,2025,True,federal
S0024,09_DV2026_Ciudad_de_Mexico,MEX-057-MEX-057D,México - Querétaro (Cuota),43.01,Plaza de Cobro Tepotzotlán,66210.0,21.3,3.6,19.715361,-99.207448,1,2,1,2025,True,federal
S0025,09_DV2026_Ciudad_de_Mexico,MEX-057-MEX-057D,México - Querétaro (Cuota),56.18,Ent. Jorobas,81070.5,29.703126984925433,4.872963287958406,19.81914925,-99.25035675000001,2,"1,3",1,2025,True,federal
S0026,09_DV2026_Ciudad_de_Mexico,MEX-057-MEX-057D,México - Querétaro (Cuota),69.36,T. Der. Tepeji del Río,73276.5,21.971869597865293,4.425965071311484,19.89388975,-99.34815775,2,"1,3",1,2025,True,federal
S0027,09_DV2026_Ciudad_de_Mexico,MEX-057-MEX-057D,México - Querétaro (Cuota),83.75,T. Izq. Jilotepec,70883.0,23.0475507449652,4.247818308184799,19.98235875,-99.44778825,2,"1,3",1,2025,True,federal
S0028,09_DV2026_Ciudad_de_Mexico,MEX-057-MEX-057D,México - Querétaro (Cuota),89.44,X. C. Libramiento Norte de La Ciudad de México (Cuota),75889.0,23.19306618877571,5.248266547193928,20.004358,-99.499808,1,3,1,2025,True,federal
S0029,09_DV2026_Ciudad_de_Mexico,MEX-057-MEX-057D,México - Querétaro (Cuota),97.8,T. Der. Palos Altos,71948.0,22.89661144159671,4.148305720798354,20.0295215,-99.545047,1,1,1,2025,True,federal
S0030,09_DV2026_Ciudad_de_Mexico,MEX-057-MEX-057D,México - Querétaro (Cuota),107.0,X. C. Jilotepec - Maravillas,65097.5,27.6,6.5509678295970035,20.0804485,-99.625834,2,"1,3",1,2025,True,federal
S0031,09_DV2026_Ciudad_de_Mexico,MEX-057-MEX-057D,México - Querétaro (Cuota),114.8,T. Izq. Aculco,70497.5,29.273570248013826,7.198722301656348,20.10181875,-99.69776099999999,2,"1,3",1,2025,True,federal
S0032,09_DV2026_Ciudad_de_Mexico,MEX-057-MEX-057D,México - Querétaro (Cuota),121.7,T. Izq. Encinillas,69559.0,28.403471872798633,7.151735936399316,20.140016000000003,-99.73171450000001,1,1,1,2025,True,federal
S0033,09_DV2026_Ciudad_de_Mexico,MEX-057-MEX-057D,México - Querétaro (Cuota),133.0,Polotitlán,72484.0,26.50608134208929,7.451520335522322,20.219371000000002,-99.8027875,1,1,1,2025,True,federal
S0034,09_DV2026_Ciudad_de_Mexico,MEX-057-MEX-057D,México - Querétaro (Cuota),147.92,Plaza de Cobro Palmillas,41186.0,33.8,3.1,20.296112,-99.929069,1,2,1,2025,True,federal
S0035,09_DV2026_Ciudad_de_Mexico,MEX-057-MEX-057D,México - Querétaro (Cuota),148.5,T. Izq. Toluca,69046.5,28.29761713574497,5.5496367826128,20.30131025,-99.92216175,2,"1,3",1,2025,True,federal
S0036,09_DV2026_Ciudad_de_Mexico,MEX-057-MEX-057D,México - Querétaro (Cuota),151.53,T. Der. Portezuelo,86359.0,27.193244479440473,6.85168888013988,20.3364935,-99.9413285,1,3,1,2025,True,federal
S0037,09_DV2026_Ciudad_de_Mexico,MEX-057-MEX-057D,México - Querétaro (Cuota),164.1,T. Der. Poniente San Juan del Río,99888.0,22.63140917827967,5.658724771744353,20.372908,-99.992422,1,3,1,2025,True,federal
S0038,09_DV2026_Ciudad_de_Mexico,MEX-057-MEX-057D,México - Querétaro (Cuota),169.4,La Estancia,114087.0,21.96995450840148,5.761085838000824,20.4241215,-100.052926,1,1,1,2025,True,federal
S0039,09_DV2026_Ciudad_de_Mexico,MEX-057-MEX-057D,México - Querétaro (Cuota),170.45,T. Izq. Acámbaro,96921.0,23.44724466317929,5.652362233158964,20.448788999999998,-100.0807985,1,3,1,2025,True,federal
S0040,09_DV2026_Ciudad_de_Mexico,MEX-057-MEX-057D,México - Querétaro (Cuota),176.5,T. Izq. El Sauz,93921.0,24.027907496725973,3.880362219311975,20.487775499999998,-100.12243749999999,1,3,1,2025,True,federal
S0041,09_DV2026_Ciudad_de_Mexico,MEX-057-MEX-057D,México - Querétaro (Cuota),185.3,T. Der. San Ildefonso,102998.0,19.16788287151207,4.2,20.5191755,-100.1661745,1,1,1,2025,True,federal
S0042,09_DV2026_Ciudad_de_Mexico,MEX-057-MEX-057D,México - Querétaro (Cuota),192.5,T. Der. Libramiento Nororiente de Querétaro (Cuota),117410.0,18.669390626872826,3.6578273618384247,20.55716125,-100.22556325,2,"1,3",1,2025,True,federal
S0043,09_DV2026_Ciudad_de_Mexico,MEX-057-MEX-057D,México - Querétaro (Cuota),207.0,T. Der. Libramiento de Querétaro (Blv. Bernardo Quintana),197122.5,12.482916779014786,1.4386279782377223,20.576300625000002,-100.352910375,2,"1,3",1,2025,True,federal
S0044,09_DV2026_Ciudad_de_Mexico,MEX-085,México - Pachuca (Libre),26.93,T. Der. Pirámides,30773.0,9.598033990836122,0.5490169954180613,19.618974,-99.00809749999999,1,1,1,2025,False,federal
S0045,09_DV2026_Ciudad_de_Mexico,MEX-085,México - Pachuca (Libre),27.0,Venta de Carpio,54405.0,7.950798639830898,0.4984027203382042,19.625743,-99.003099,1,3,1,2025,False,federal
S0046,09_DV2026_Ciudad_de_Mexico,MEX-085,México - Pachuca (Libre),37.52,T. Der. Aut. México - Pachuca (Cuota),58222.0,5.0484456047542166,0.44968912095084335,19.7041405,-98.978494,1,1,1,2025,False,federal
S0047,09_DV2026_Ciudad_de_Mexico,MEX-085,México - Pachuca (Libre),42.0,Acceso al AIFA por San Jerónimo,40655.0,6.025603644939402,0.9999046753276557,19.7446665,-98.97240775,2,"1,3",1,2025,False,federal
S0048,09_DV2026_Ciudad_de_Mexico,MEX-085,México - Pachuca (Libre),42.7,T. C. Via Perimentral AIFA,42042.0,6.051355787070072,0.4486442129299273,19.7564035,-98.97343649999999,1,3,1,2025,False,federal
S0049,09_DV2026_Ciudad_de_Mexico,MEX-085,México - Pachuca (Libre),44.68,T. Izq. Zumpango,31972.0,8.472732419773234,1.5507981064385896,19.766387,-98.9733735,2,"1,3",1,2025,False,federal
S0050,09_DV2026_Ciudad_de_Mexico,MEX-085,México - Pachuca (Libre),52.5,Tizayuca,32331.0,8.25,1.2550930285623896,19.83803125,-98.97221325,2,"1,3",1,2025,False,federal
S0051,09_DV2026_Ciudad_de_Mexico,MEX-085,México - Pachuca (Libre),61.0,T. C. México - Tizayuca (Cuota),34645.5,9.67243693899503,2.6542029527224384,19.890459,-98.93620974999999,2,"1,3",1,2025,False,federal
S0052,09_DV2026_Ciudad_de_Mexico,MEX-085,México - Pachuca (Libre),64.2,X. C. Arco Norte de La Ciudad de México,68261.0,9.628639581461982,3.400892828083763,19.926625,-98.896474,2,"1,3",1,2025,False,federal
S0053,09_DV2026_Ciudad_de_Mexico,MEX-085,México - Pachuca (Libre),83.97,Ent. Colonia,127948.0,6.5,2.74853377934786,20.043946499999997,-98.79291649999999,1,1,1,2025,False,federal
S0054,09_DV2026_Ciudad_de_Mexico,MEX-085,México - Pachuca (Libre),86.5,X. C. Libramiento de Pachuca,108265.0,4.1,3.3506248556781966,20.097916499999997,-98.766054,1,1,1,2025,False,federal
S0055,09_DV2026_Ciudad_de_Mexico,MEX-085D,México - Pachuca (Cuota),25.0,Plaza de Cobro Ojo de Agua,75949.0,7.450490404583782,3.4004904045837816,19.62663175,-99.02525475,2,"2,3",1,2025,True,federal
S0056,09_DV2026_Ciudad_de_Mexico,MEX-085D,México - Pachuca (Cuota),30.62,X. C. México - Pachuca (Libre) Ent. Ojo de Agua,69298.0,9.049976911310571,2.399953822621143,19.673361,-98.9930645,1,3,1,2025,True,federal
S0057,09_DV2026_Ciudad_de_Mexico,MEX-085D,México - Pachuca (Cuota),35.62,T. Izq. Tecámac,70707.0,8.091262534119679,2.5956312670598387,19.704407,-98.96896050000001,1,3,1,2025,True,federal
S0058,09_DV2026_Ciudad_de_Mexico,MEX-085D,México - Pachuca (Cuota),40.5,T. Izq. AIFA,72063.0,6.850845787713529,1.7508457877135286,19.7441175,-98.9460535,1,3,1,2025,True,federal
S0059,09_DV2026_Ciudad_de_Mexico,MEX-085D,México - Pachuca (Cuota),53.45,X. C. Otumba - Tizayuca,74804.0,6.910234746804983,2.051705791134164,19.827097000000002,-98.949512,1,1,1,2025,True,federal
S0060,09_DV2026_Ciudad_de_Mexico,MEX-085D,México - Pachuca (Cuota),60.5,T. C. México - Pachuca (Libre),48694.0,6.1463650552429465,2.349273011048589,19.882623,-98.93764,1,1,1,2025,True,federal
S0061,09_DV2026_Ciudad_de_Mexico,MEX-095,México - Cuernavaca (Libre),25.5,T. Der. San Miguel Xicalco,26404.5,8.7,0.8500000000000001,19.234659999999998,-99.15726599999999,2,"1,3",1,2025,False,federal
S0062,09_DV2026_Ciudad_de_Mexico,MEX-095,México - Cuernavaca (Libre),28.78,T. Izq. San Miguel Topilejo,17340.5,11.798099858112515,1.15,19.20327425,-99.15872125,2,"1,3",1,2025,False,federal
S0063,09_DV2026_Ciudad_de_Mexico,MEX-095,México - Cuernavaca (Libre),39.5,Parres El Guarda,7543.0,8.65,0.9,19.134511,-99.1752745,2,"1,3",1,2025,False,federal
S0064,09_DV2026_Ciudad_de_Mexico,MEX-095,México - Cuernavaca (Libre),51.4,T. Der. Zempoala,7753.0,4.6,1.65,19.050925,-99.23896350000001,2,"1,3",1,2025,False,federal
S0065,09_DV2026_Ciudad_de_Mexico,MEX-095,México - Cuernavaca (Libre),57.12,T. Izq. Coajomulco,5532.0,8.6,2.2,19.02712,-99.207129,1,3,1,2025,False,federal
S0066,09_DV2026_Ciudad_de_Mexico,MEX-095,México - Cuernavaca (Libre),64.2,T. Der. Huitzilac,12363.0,7.05,2.25,18.9992415,-99.259052,2,"1,3",1,2025,False,federal
S0067,09_DV2026_Ciudad_de_Mexico,MEX-095,México - Cuernavaca (Libre),71.36,T. Izq. Tepoztlán,26982.0,6.175526089757354,1.750350726504903,18.965276250000002,-99.24787975000001,2,"1,3",1,2025,False,federal
S0068,09_DV2026_Ciudad_de_Mexico,MEX-095D,México - Cuernavaca (Cuota),18.65,T. C. México - Cuernavaca (Libre),69855.0,8.7,2.2,19.26596,-99.1651185,1,3,1,2025,True,federal
S0069,09_DV2026_Ciudad_de_Mexico,MEX-095D,México - Cuernavaca (Cuota),23.36,Plaza de Cobro Tlalpan,29636.0,11.2,3.5,19.242519,-99.148716,1,2,1,2025,True,federal
S0070,09_DV2026_Ciudad_de_Mexico,MEX-095D,México - Cuernavaca (Cuota),53.0,Tres Marías,44578.0,9.726293743489727,4.4,19.060909,-99.23339924999999,2,"1,3",1,2025,True,federal
S0071,09_DV2026_Ciudad_de_Mexico,MEX-095D,México - Cuernavaca (Cuota),70.5,T. Izq. Cuautla,44510.0,8.004812401707483,4.152406200853741,19.0163385,-99.1494335,1,1,1,2025,True,federal
S0072,09_DV2026_Ciudad_de_Mexico,MEX-095D,México - Cuernavaca (Cuota),79.26,T. Der. A Glorieta La Paloma,42397.0,7.787145316885629,1.8596410123357785,18.9822435,-99.2195,1,1,1,2025,True,federal
S0073,09_DV2026_Ciudad_de_Mexico,MEX-095D,México - Cuernavaca (Cuota),80.5,Libramiento de Cuernavaca,53630.0,9.112440798060788,2.0437796009696063,18.9673,-99.2366205,1,1,1,2025,True,federal
S0074,09_DV2026_Ciudad_de_Mexico,MEX-113,San Gregorio - Oaxtepec,0.0,San Gregorio,23748.0,5.9,1.2,19.240525,-99.054879,1,3,1,2025,False,federal
S0075,09_DV2026_Ciudad_de_Mexico,MEX-113,San Gregorio - Oaxtepec,9.0,X. C. Milpa Alta - San Lorenzo Tlacoyucan,7744.0,7.7,1.2,19.180655,-99.029538,1,3,1,2025,False,federal
S0076,09_DV2026_Ciudad_de_Mexico,MEX-113,San Gregorio - Oaxtepec,33.8,T. Der. San Felipe Neri,4266.0,5.4,1.9,19.04604,-98.936047,1,1,1,2025,False,federal
S0077,09_DV2026_Ciudad_de_Mexico,MEX-113,San Gregorio - Oaxtepec,40.5,T. Der. Tlalnepantla,5687.0,9.4,0.8,19.004074,-98.990106,1,3,1,2025,False,federal
S0078,09_DV2026_Ciudad_de_Mexico,MEX-113,San Gregorio - Oaxtepec,48.5,Tlayacapan,13218.0,5.8,0.4,18.938501,-98.973238,1,3,1,2025,False,federal
S0079,09_DV2026_Ciudad_de_Mexico,MEX-113,San Gregorio - Oaxtepec,53.0,T. Der. Yautepec,15639.0,6.25,0.35173850159097486,18.9207985,-98.96904025,2,"1,3",1,2025,False,federal
S0080,09_DV2026_Ciudad_de_Mexico,MEX-150,México - Puebla (Libre),28.85,T. Der. Chalco,139174.0,6.566734884746334,0.44937051597484373,19.312155833333332,-98.89762766666666,1,1,2,2025,False,federal
S0081,09_DV2026_Ciudad_de_Mexico,MEX-150,México - Puebla (Libre),31.06,Ixtapaluca,46588.0,6.05136515840989,0.2,19.315855499999998,-98.8747355,1,3,1,2025,False,federal
S0082,09_DV2026_Ciudad_de_Mexico,MEX-150,México - Puebla (Libre),62.06,T. Der. C. México - Puebla (Cuota) (Río Frío),2123.0,20.8,2.5,19.3512915,-98.666776,2,"1,3",1,2025,False,federal
S0083,09_DV2026_Ciudad_de_Mexico,MEX-150,México - Puebla (Libre),70.0,San Martín Texmelucan,13470.0,8.9,1.2,19.301515,-98.452735,1,1,1,2025,False,federal
S0084,09_DV2026_Ciudad_de_Mexico,MEX-150,México - Puebla (Libre),74.1,X. C. México - Puebla (Cuota),20685.0,10.80374184191443,1.3018709209572152,19.254804999999998,-98.4284965,1,3,1,2025,False,federal
S0085,09_DV2026_Ciudad_de_Mexico,MEX-150,México - Puebla (Libre),88.0,Huejotzingo,13433.0,8.924475636015632,2.3263863727789524,19.16156225,-98.40154975,2,"1,3",1,2025,False,federal
S0086,09_DV2026_Ciudad_de_Mexico,MEX-150,México - Puebla (Libre),92.8,T. Izq. Aeropuerto,14102.0,8.951255141114736,2.3512551411147355,19.13626,-98.377183,1,1,1,2025,False,federal
S0087,09_DV2026_Ciudad_de_Mexico,MEX-150,México - Puebla (Libre),101.0,T. Der. Cholula,33763.5,5.374580804148741,1.0230885363357216,19.073498750000002,-98.31759550000001,2,"1,3",1,2025,False,federal
S0088,09_DV2026_Ciudad_de_Mexico,MEX-150D,México - Puebla (Cuota),17.0,Ent Concordía (T. Izq. Los Reyes) Central,194580.0,8.083154486586494,1.924731729879741,19.352981,-98.988857,1,3,1,2025,True,federal
S0089,09_DV2026_Ciudad_de_Mexico,MEX-150D,México - Puebla (Cuota),17.0,Ent Concordía (T. Izq. Los Reyes) Lateral,28927.0,10.9,1.8,19.35114,-98.987199,1,3,1,2025,True,federal
S0090,09_DV2026_Ciudad_de_Mexico,MEX-150D,México - Puebla (Cuota),19.27,Av. Las Torres (Eje 6) Central,189213.0,8.20711199876393,1.8225110278423373,19.345177999999997,-98.98110299999999,2,"1,3",1,2025,True,federal
S0091,09_DV2026_Ciudad_de_Mexico,MEX-150D,México - Puebla (Cuota),19.27,Av. Las Torres (Eje 6) Lateral,33920.0,15.350000000000001,2.0999999999999996,19.344033,-98.98038650000001,2,"1,3",1,2025,True,federal
S0092,09_DV2026_Ciudad_de_Mexico,MEX-150D,México - Puebla (Cuota),22.8,Eje 10 Sur,225051.0,9.902945575575496,1.7856477552700727,19.3226795,-98.957343625,2,"1,3",2,2025,True,federal
S0093,09_DV2026_Ciudad_de_Mexico,MEX-150D,México - Puebla (Cuota),32.14,X. C. Santa Bárbara - Izúcar de Matamoros,70381.0,13.754763475993162,3.818160366256041,19.293614375,-98.88400762500001,2,"1,3",2,2025,True,federal
S0094,09_DV2026_Ciudad_de_Mexico,MEX-150D,México - Puebla (Cuota),33.3,Plaza de Cobro San Marcos,33718.0,19.3,4.6,19.296272,-98.870712,1,2,1,2025,True,federal
S0095,09_DV2026_Ciudad_de_Mexico,MEX-150D,México - Puebla (Cuota),63.79,T. Izq. Río Frío,42187.0,15.102185507383792,4.952731884229739,19.351104,-98.65943150000001,1,3,1,2025,True,federal
S0096,09_DV2026_Ciudad_de_Mexico,MEX-150D,México - Puebla (Cuota),76.8,T. Der. A San Rafael Ixtapalucan,49667.0,16.007785853786217,7.299999999999999,19.32755,-98.5335785,1,3,1,2025,True,federal
S0097,09_DV2026_Ciudad_de_Mexico,MEX-150D,México - Puebla (Cuota),90.61,T. Izq. Tlaxcala,50165.0,17.92390323903239,5.954465616862203,19.267937500000002,-98.42679150000001,2,"1,3",1,2025,True,federal
S0098,09_DV2026_Ciudad_de_Mexico,MEX-150D,México - Puebla (Cuota),91.17,Plaza de Cobro San Martín Texmelucan,51170.0,24.6,4.2,19.24119,-98.385786,1,2,1,2025,True,federal
S0099,09_DV2026_Ciudad_de_Mexico,MEX-150D,México - Puebla (Cuota),101.1,T. Der. Aeropuerto Internacional De Puebla,71955.0,15.40784240150094,4.2521784448613715,19.210022,-98.350401,1,3,1,2025,True,federal
S0100,09_DV2026_Ciudad_de_Mexico,MEX-150D,México - Puebla (Cuota),107.98,X. C. Xoxtla - Huactzinco,81504.5,16.722154476729234,3.2248333050417775,19.17308325,-98.30662225,2,"1,3",1,2025,True,federal
S0101,09_DV2026_Ciudad_de_Mexico,MEX-150D,México - Puebla (Cuota),114.0,Anillo Periferico Poniente de Puebla,127194.0,14.174707346252013,2.9772338774812805,19.127427249999997,-98.26407449999999,1,3,2,2025,True,federal
S0102,09_DV2026_Ciudad_de_Mexico,MEX-150D,México - Puebla (Cuota),120.46,Boulevar Hermanos Serdán,122034.0,11.79777766851861,2.6994444171296523,19.089433999999997,-98.2168945,1,3,1,2025,True,federal
S0103,09_DV2026_Ciudad_de_Mexico,MEX-150D,México - Puebla (Cuota),123.0,X. C. Puebla - Tlaxcala,153366.0,10.037339389786885,2.1,19.0860245,-98.19974375000001,1,3,2,2025,True,federal
S0104,12_DV2026_Guerrero,EM-MEX-055,Toluca - Axixintla,4.74,T. Izq. Metepec,105922.0,7.904588281943317,0.7,19.243736,-99.60356949999999,1,1,1,2025,False,estatal
S0105,12_DV2026_Guerrero,EM-MEX-055,Toluca - Axixintla,8.8,Mexicalcingo,107104.5,5.922017771515977,0.6499999999999999,19.211489999999998,-99.58903475,2,"1,3",1,2025,False,estatal
S0106,12_DV2026_Guerrero,EM-MEX-055,Toluca - Axixintla,12.7,T. Der. Calimaya,65156.0,9.450991466633923,0.8509914666339247,19.1808795,-99.577718,1,3,1,2025,False,estatal
S0107,12_DV2026_Guerrero,EM-MEX-055,Toluca - Axixintla,17.6,Santa María Rayón,50844.0,5.765970419321847,0.9063881677287389,19.146062999999998,-99.58646999999999,1,3,1,2025,False,estatal
S0108,12_DV2026_Guerrero,EM-MEX-055,Toluca - Axixintla,23.0,Tenango de Arista,33167.0,5.8,0.7501582898664334,19.116854500000002,-99.59013300000001,1,1,1,2025,False,estatal
S0109,12_DV2026_Guerrero,EM-MEX-055,Toluca - Axixintla,28.12,San Bartolomé Atlatlahuaca,16733.0,6.55,1.25,19.067427000000002,-99.600419,2,"1,3",1,2025,False,estatal
S0110,12_DV2026_Guerrero,EM-MEX-055,Toluca - Axixintla,35.7,T. Izq. Joquicingo de León Guzmán,15909.5,5.6,1.2999999999999998,19.023822,-99.56295349999999,2,"1,3",1,2025,False,estatal
S0111,12_DV2026_Guerrero,EM-MEX-055,Toluca - Axixintla,44.8,Tenancingo,17972.0,4.6,0.4,18.965657,-99.604887,1,3,1,2025,False,estatal
S0112,12_DV2026_Guerrero,EM-MEX-055,Toluca - Axixintla,56.84,T. Izq. Villa Guerrero,10192.0,3.7,0.4,18.965371,-99.644742,1,3,1,2025,False,estatal
S0113,12_DV2026_Guerrero,EM-MEX-055,Toluca - Axixintla,80.0,Ixtapan de La Sal,12299.0,3.37368352072977,0.9709146306883978,18.839596999999998,-99.67040025,2,"1,3",1,2025,False,estatal
S0114,12_DV2026_Guerrero,EM-MEX-055,Toluca - Axixintla,86.2,Tonatico,5221.0,3.8,1.6,18.801138,-99.658546,1,3,1,2025,False,estatal
S0115,12_DV2026_Guerrero,EM-MEX-055,Toluca - Axixintla,120.3,Cacahuamilpa,2502.0,11.4,1.5,18.685112,-99.514845,1,1,1,2025,False,estatal
S0116,12_DV2026_Guerrero,EM-MEX-055,Toluca - Axixintla,125.3,T. C. Cuernavaca - Chilpancingo,1560.0,10.6,3.1,18.621644,-99.508336,1,1,1,2025,False,estatal
S0117,12_DV2026_Guerrero,GRO,Acapulco - Aeropuerto Acapulco,8.7,Puerto Marqués,50735.5,3.45244769048559,0.4507600957138545,16.80386275,-99.82648524999999,2,"1,3",1,2025,False,estatal
S0118,12_DV2026_Guerrero,GRO,Acapulco - Aeropuerto Acapulco,14.9,T. Der. Los Amates,8787.0,3.8508819847501994,0.4,16.76766,-99.767062,1,3,1,2025,False,estatal
S0119,12_DV2026_Guerrero,GRO,Ent. Potrero - Lomas de Chapultepec,0.0,T. C. Acapulco - Aeropuerto Acapulco,14108.0,5.006095832151971,0.6030479160759852,16.766829,-99.7763985,1,3,1,2025,False,estatal
S0120,12_DV2026_Guerrero,GRO,Las Petaquillas - Quechultenango,0.0,Las Petaquillas,4225.0,5.3,0.6,17.482796,-99.426669,1,3,1,2025,False,estatal
S0121,12_DV2026_Guerrero,GRO,Pie de La Cuesta - Barra de Coyuca,0.0,T. C. Acapulco - Zihuatanejo,6160.0,4.7,0.7,16.903713,-99.975875,1,3,1,2025,False,estatal
S0122,12_DV2026_Guerrero,GRO,Pie de La Cuesta - Barra de Coyuca,16.5,Barra de Coyuca,1702.0,4.398119858989424,0.3018801410105758,16.9448205,-100.08802750000001,1,1,1,2025,False,estatal
S0123,12_DV2026_Guerrero,GRO,Ramal a Cocula,0.0,T. C. Iguala - Ciudad Altamirano,4295.0,6.3,0.6,18.317454,-99.605349,1,3,1,2025,False,estatal
S0124,12_DV2026_Guerrero,GRO,Taxco - Ixcateopan,0.0,Taxco,3138.0,4.3,0.1,18.552265,-99.618553,1,3,1,2025,False,estatal
S0125,12_DV2026_Guerrero,GRO,Taxco - Ixcateopan,36.0,Ixcateopan,395.0,4.5,0.1,18.504755,-99.783426,1,1,1,2025,False,estatal
S0126,12_DV2026_Guerrero,GRO,Teloloapan - Apaxtla de Castrejón,0.0,T. C. Iguala - Ciudad Altamirano,8077.0,3.1,1.1,18.355395,-99.855599,1,3,1,2025,False,estatal
S0127,12_DV2026_Guerrero,GRO,Tlapa de Comonfort - Marquelia,0.0,Tlapa de Comonfort,3690.0,6.7,0.3,17.526221,-98.601338,1,3,1,2025,False,estatal
S0128,12_DV2026_Guerrero,GRO,Tlapa de Comonfort - Marquelia,163.0,Marquelia,3584.0,2.8,0.6,16.589564,-98.817107,1,1,1,2025,False,estatal
S0129,12_DV2026_Guerrero,GRO-001,T. C. (Iguala - Chilpancingo) - Atenango del Río,0.0,T. C. Cuernavaca - Chilpancingo,7142.0,3.3,0.5,18.289363,-99.503081,1,3,1,2025,False,estatal
S0130,12_DV2026_Guerrero,GRO-001,T. C. (Iguala - Chilpancingo) - Atenango del Río,11.2,T. Der. Pololcingo,3932.5,4.5,1.0,18.305612,-99.4231075,2,"1,3",1,2025,False,estatal
S0131,12_DV2026_Guerrero,GRO-001,T. C. (Iguala - Chilpancingo) - Atenango del Río,22.0,Huitzuco,1939.0,5.1,1.3,18.295558,-99.315409,1,3,1,2025,False,estatal
S0132,12_DV2026_Guerrero,GRO-001,T. C. (Iguala - Chilpancingo) - Atenango del Río,62.0,Atenango del Río,1392.0,6.8,1.9,18.121602,-99.119545,1,1,1,2025,False,estatal
S0133,12_DV2026_Guerrero,GRO-D,Puerto Marqués - La Venta (Cuota),6.33,X. C. Las Cruces - Pinotepa Nacional,7192.5,7.54825512022649,1.7271731065527618,16.828825000000002,-99.7625225,2,"1,3",1,2025,True,estatal
S0134,12_DV2026_Guerrero,MEX-037D,Nueva Italia - Lázaro Cárdenas (Cuota),153.9,T. Der. Apatzingán,7550.0,21.4,4.7,18.981474,-102.088395,1,3,1,2025,True,federal
S0135,12_DV2026_Guerrero,MEX-037D,Nueva Italia - Lázaro Cárdenas (Cuota),211.4,Plaza de Cobro Las Cañas,5380.0,38.9,3.4,18.554183,-101.970404,1,2,1,2025,True,federal
S0136,12_DV2026_Guerrero,MEX-037D,Nueva Italia - Lázaro Cárdenas (Cuota),282.0,Plaza de Cobro Feliciano,5762.0,37.3,3.2,18.00409,-101.961847,1,2,1,2025,True,federal
S0137,12_DV2026_Guerrero,MEX-037D,Nueva Italia - Lázaro Cárdenas (Cuota),282.37,X. C. Zihuatanejo - La Mira Este,6351.5,24.85,7.45,18.0065895,-101.9620415,2,"1,3",1,2025,True,federal
S0138,12_DV2026_Guerrero,MEX-037D,Nueva Italia - Lázaro Cárdenas (Cuota),306.47,X. C. Zihuatanejo - La Mira Oeste,18026.0,13.5,1.8,17.995783,-102.17194599999999,1,3,1,2025,True,federal
S0139,12_DV2026_Guerrero,MEX-037D,Nueva Italia - Lázaro Cárdenas (Cuota),309.6,T. Der.Acceso 8 Puerto Lázaro Cárdenas,20024.0,12.39565521374351,1.9521723931282462,17.97655,-102.187898,1,3,1,2025,True,federal
S0140,12_DV2026_Guerrero,MEX-051,Iguala - Cd. Altamirano,9.4,T. Izq. Cocula,6023.5,7.9,1.85,18.324599499999998,-99.6027355,2,"1,3",1,2025,False,federal
S0141,12_DV2026_Guerrero,MEX-051,Iguala - Cd. Altamirano,63.99,T. Izq. Teloloapan,4463.0,6.3,0.9,18.347777,-99.838282,1,1,1,2025,False,federal
S0142,12_DV2026_Guerrero,MEX-051,Iguala - Cd. Altamirano,116.6,T. Izq. Almoloya,1182.0,11.3,2.2,18.37551,-100.172757,1,1,1,2025,False,federal
S0143,12_DV2026_Guerrero,MEX-051,Iguala - Cd. Altamirano,131.98,T. Izq. Arcelia,6174.0,3.4,1.0,18.318908,-100.298588,1,3,1,2025,False,federal
S0144,12_DV2026_Guerrero,MEX-051,Iguala - Cd. Altamirano,184.55,Cd. Altamirano,19789.0,2.4523118904441863,1.0984587397038759,18.3469595,-100.6575085,1,1,1,2025,False,federal
S0145,12_DV2026_Guerrero,MEX-091D,Puente de Ixtla - Iguala (Cuota),3.44,T. Izq. Puente de Ixtla,8998.0,11.2,3.4,18.628147,-99.327826,1,3,1,2025,True,federal
S0146,12_DV2026_Guerrero,MEX-091D,Puente de Ixtla - Iguala (Cuota),11.0,T. Der. Amacuzac,8293.0,11.2,4.8,18.59155,-99.376417,1,3,1,2025,True,federal
S0147,12_DV2026_Guerrero,MEX-091D,Puente de Ixtla - Iguala (Cuota),35.68,T. Izq. Buenavista,4935.0,15.4,4.9,18.457648,-99.434537,1,3,1,2025,True,federal
S0148,12_DV2026_Guerrero,MEX-091D,Puente de Ixtla - Iguala (Cuota),59.14,Plaza de Cobro Iguala,4322.0,18.8,4.3,18.336191,-99.508296,1,2,1,2025,True,federal
S0149,12_DV2026_Guerrero,MEX-091D,Puente de Ixtla - Iguala (Cuota),61.67,T. Der. Iguala,4726.0,13.7,7.8,18.348163,-99.513528,1,1,1,2025,True,federal
S0150,12_DV2026_Guerrero,MEX-092D,Rancho Viejo - Taxco (Cuota),0.62,Plaza de Cobro Taxco,3402.0,2.8,2.6,18.588609,-99.559993,1,2,1,2025,True,federal
S0151,12_DV2026_Guerrero,MEX-092D,Rancho Viejo - Taxco (Cuota),8.1,T. C. Cuernavaca - Chilpancingo,4021.0,4.5,2.2,18.569906,-99.590404,1,1,1,2025,True,federal
S0152,12_DV2026_Guerrero,MEX-092D,Zacapalco - Rancho Viejo (Cuota),0.5,Plaza de Cobro Zacapalco,1986.0,4.3,3.7,18.537999,-99.447424,1,2,1,2025,True,federal
S0153,12_DV2026_Guerrero,MEX-092D,Zacapalco - Rancho Viejo (Cuota),17.2,X. C. Cuernavaca - Chilpancingo,2162.0,7.9,3.6,18.584976,-99.546799,1,1,1,2025,True,federal
S0154,12_DV2026_Guerrero,MEX-093,Chilpancingo - Jilotepec,0.0,Chilpancingo,6619.0,1.8,0.3,17.543351,-99.478532,1,3,1,2025,False,federal
S0155,12_DV2026_Guerrero,MEX-093,Chilpancingo - Jilotepec,16.3,T. Der. Tixtla de Guerrero,8971.0,2.2,0.4,17.578641,-99.392868,1,3,1,2025,False,federal
S0156,12_DV2026_Guerrero,MEX-093,Chilpancingo - Jilotepec,28.2,T. Izq. Almolonga,3975.0,12.6,1.9,17.603812,-99.309422,1,3,1,2025,False,federal
S0157,12_DV2026_Guerrero,MEX-093,Chilpancingo - Jilotepec,53.62,Chilapa de Alvárez,4910.0,2.2,1.5,17.597056,-99.146441,1,3,1,2025,False,federal
S0158,12_DV2026_Guerrero,MEX-093,Chilpancingo - Jilotepec,178.5,Tlapa de Comonfort,5144.0,18.1,1.1,17.541745,-98.629701,1,1,1,2025,False,federal
S0159,12_DV2026_Guerrero,MEX-093,Chilpancingo - Jilotepec,200.63,Huamuxtitlán,5942.0,7.7,1.4,17.79066,-98.563326,1,1,1,2025,False,federal
S0160,12_DV2026_Guerrero,MEX-093,Chilpancingo - Jilotepec,216.8,Xochihuehuetlán,2404.0,8.8,2.1,17.897521,-98.500809,1,1,1,2025,False,federal
S0161,12_DV2026_Guerrero,MEX-093,Chilpancingo - Jilotepec,235.0,Jilotepec,2133.0,16.0,3.2,17.954528,-98.483275,1,1,1,2025,False,federal
S0162,12_DV2026_Guerrero,MEX-095,Chilpancingo - Acapulco,7.0,T. C. Cuernavaca - Acapulco (Cuota),32201.0,5.1959318033601445,0.548982950840036,17.5113635,-99.478324,1,3,1,2025,False,federal
S0163,12_DV2026_Guerrero,MEX-095,Chilpancingo - Acapulco,7.0,T. C. Cuernavaca - Acapulco (Cuota) Central,38676.0,7.520886337780535,4.102404591995036,17.523260999999998,-99.4866305,1,1,1,2025,False,federal
S0164,12_DV2026_Guerrero,MEX-095,Chilpancingo - Acapulco,7.0,T. C. Cuernavaca - Acapulco (Cuota) Lateral,31317.0,4.041881406264968,0.7945876041766453,17.523284,-99.486625,1,1,1,2025,False,federal
S0165,12_DV2026_Guerrero,MEX-095,Chilpancingo - Acapulco,11.0,Petaquillas,14284.0,4.65,0.7,17.4867105,-99.462695,2,"1,3",1,2025,False,federal
S0166,12_DV2026_Guerrero,MEX-095,Chilpancingo - Acapulco,50.5,El Ocotito,6130.5,5.800000000000001,1.0,17.242933999999998,-99.51323400000001,2,"1,3",1,2025,False,federal
S0167,12_DV2026_Guerrero,MEX-095,Chilpancingo - Acapulco,60.9,T. Izq. Tierra Colorada Inicia,5888.0,3.0,0.7,17.175949,-99.51967,1,1,1,2025,False,federal
S0168,12_DV2026_Guerrero,MEX-095,Chilpancingo - Acapulco,64.0,T. Izq. Tierra Colorada Termina,4761.0,6.6,1.8,17.171714,-99.543747,1,3,1,2025,False,federal
S0169,12_DV2026_Guerrero,MEX-095,Chilpancingo - Acapulco,65.3,X. C. Cuernavaca - Acapulco (Cuota),2425.0,8.4,1.0,17.17768,-99.562597,1,3,1,2025,False,federal
S0170,12_DV2026_Guerrero,MEX-095,Chilpancingo - Acapulco,86.6,T. Der. Pablo Galeana,2319.0,5.4,0.8,17.118699,-99.697695,1,3,1,2025,False,federal
S0171,12_DV2026_Guerrero,MEX-095,Chilpancingo - Acapulco,112.8,T. Der. Libramiento Norte de Acapulco,12161.5,6.8,0.5,16.975064,-99.810542,2,"1,3",1,2025,False,federal
S0172,12_DV2026_Guerrero,MEX-095,Chilpancingo - Chichihualco,0.0,T. C. Cuernavaca - Chilpancingo,4624.0,19.9,0.6,17.590843,-99.518436,1,3,1,2025,False,federal
S0173,12_DV2026_Guerrero,MEX-095,Chilpancingo - Chichihualco,15.1,T. Der. El Palmar,1300.0,15.5,0.7,17.644113,-99.603078,1,1,1,2025,False,federal
S0174,12_DV2026_Guerrero,MEX-095,Chilpancingo - Chichihualco,26.3,Chichihualco,1876.0,15.7,0.4,17.646584,-99.667411,1,1,1,2025,False,federal
S0175,12_DV2026_Guerrero,MEX-095,Cuernavaca - Chilpancingo,4.85,T. Izq. Chipitlán,34002.5,11.598384615384616,3.2488238488092076,18.887229249999997,-99.22914075,2,"1,3",1,2025,False,federal
S0176,12_DV2026_Guerrero,MEX-095,Cuernavaca - Chilpancingo,9.8,Temixco,34526.0,10.593158923548248,0.9014734482482616,18.854728,-99.225045,2,"1,3",1,2025,False,federal
S0177,12_DV2026_Guerrero,MEX-095,Cuernavaca - Chilpancingo,12.43,Acatlipa,34554.5,7.645564347180421,2.5528618351328283,18.826354,-99.22930675,2,"1,3",1,2025,False,federal
S0178,12_DV2026_Guerrero,MEX-095,Cuernavaca - Chilpancingo,13.5,T. Izq. Emiliano Zapata,29752.0,7.822120346796946,3.798903772869499,18.834187999999997,-99.22627374999999,2,"1,3",1,2025,False,federal
S0179,12_DV2026_Guerrero,MEX-095,Cuernavaca - Chilpancingo,16.05,T. Izq. Xochitepec,12307.5,10.576176113006138,1.0499715082114542,18.79941275,-99.23886475,2,"1,3",1,2025,False,federal
S0180,12_DV2026_Guerrero,MEX-095,Cuernavaca - Chilpancingo,24.15,X. C. Alpuyeca - Jojutla,18143.0,6.1749670855774985,0.5499780570516657,18.73441575,-99.26014875,2,"1,3",1,2025,False,federal
S0181,12_DV2026_Guerrero,MEX-095,Cuernavaca - Chilpancingo,28.0,T. Der. Coatetelco,6951.0,10.5,2.2,18.711755,-99.272983,1,3,1,2025,False,federal
S0182,12_DV2026_Guerrero,MEX-095,Cuernavaca - Chilpancingo,44.36,T. Der. Michapa,7648.0,6.6,1.4,18.611797,-99.352105,1,1,1,2025,False,federal
S0183,12_DV2026_Guerrero,MEX-095,Cuernavaca - Chilpancingo,46.93,T. Izq. Cuernavaca - Iguala (Cuota),6000.5,6.5,1.35,18.6038475,-99.3792995,2,"1,3",1,2025,False,federal
S0184,12_DV2026_Guerrero,MEX-095,Cuernavaca - Chilpancingo,52.0,Huajintla,4137.0,6.5,1.1,18.612856,-99.430526,1,3,1,2025,False,federal
S0185,12_DV2026_Guerrero,MEX-095,Cuernavaca - Chilpancingo,63.47,T. Der. Ixtapan de La Sal (Axixintla),1490.0,6.7,0.7,18.611062,-99.506119,1,1,1,2025,False,federal
S0186,12_DV2026_Guerrero,MEX-095,Cuernavaca - Chilpancingo,89.9,Taxco,5037.0,3.5,1.5,18.537395,-99.609342,1,3,1,2025,False,federal
S0187,12_DV2026_Guerrero,MEX-095,Cuernavaca - Chilpancingo,119.63,Iguala,10273.0,4.6,0.6,18.377115,-99.529203,1,1,1,2025,False,federal
S0188,12_DV2026_Guerrero,MEX-095,Cuernavaca - Chilpancingo,123.98,T. Izq. Puente de Ixtla,17022.0,5.1,1.4,18.317369,-99.500143,1,3,1,2025,False,federal
S0189,12_DV2026_Guerrero,MEX-095,Cuernavaca - Chilpancingo,144.95,T. Izq. Sabana Grande,6426.0,9.1,1.7,18.174088,-99.551721,1,1,1,2025,False,federal
S0190,12_DV2026_Guerrero,MEX-095,Cuernavaca - Chilpancingo,146.78,T. Der. Tecuescontitlán,7427.0,9.0,2.9,18.156576,-99.552703,1,1,1,2025,False,federal
S0191,12_DV2026_Guerrero,MEX-095,Cuernavaca - Chilpancingo,173.14,T. Der. Mezcala,6515.0,10.1,1.9,17.934671,-99.589585,1,1,1,2025,False,federal
S0192,12_DV2026_Guerrero,MEX-095,Cuernavaca - Chilpancingo,189.89,T. Der. Filo de Caballo,5058.0,12.8,3.2,17.794776,-99.566957,1,3,1,2025,False,federal
S0193,12_DV2026_Guerrero,MEX-095,Cuernavaca - Chilpancingo,223.7,Chilpancingo,58328.0,5.199780551364697,1.599780551364696,17.584329500000003,-99.51578,1,1,1,2025,False,federal
S0194,12_DV2026_Guerrero,MEX-095,Libramiento Norte de Acapulco,0.0,T. C. Chilpancingo - Acapulco,3644.0,21.5,2.2,16.982245,-99.82048,1,3,1,2025,False,federal
S0195,12_DV2026_Guerrero,MEX-095,Libramiento Norte de Acapulco,6.4,T. Der. Pelillo,4114.0,17.9,2.5,16.979353,-99.867224,1,3,1,2025,False,federal
S0196,12_DV2026_Guerrero,MEX-095,Libramiento Norte de Acapulco,21.1,T. C. Acapulco - Zihuatanejo,6134.0,10.8,2.2,16.963589,-99.974882,1,1,1,2025,False,federal
S0197,12_DV2026_Guerrero,MEX-095D,Cuernavaca - Acapulco (Cuota),94.96,Cuernavaca,91493.0,4.6,1.5508738373427475,18.8747525,-99.2268375,1,3,1,2025,True,federal
S0198,12_DV2026_Guerrero,MEX-095D,Cuernavaca - Acapulco (Cuota),98.31,T. Izq. Burgos,98629.5,6.298542314429057,2.399526248628458,18.85886275,-99.22085175000001,2,"1,3",1,2025,True,federal
S0199,12_DV2026_Guerrero,MEX-095D,Cuernavaca - Acapulco (Cuota),99.66,T. Der. Acatlipa,70650.5,6.149592515531326,2.0495925155313257,18.847521999999998,-99.21914225,2,"1,3",1,2025,True,federal
S0200,12_DV2026_Guerrero,MEX-095D,Cuernavaca - Acapulco (Cuota),100.81,T. Izq. Miguel Hidalgo,54976.0,6.502019062863796,2.8993269790454015,18.830611,-99.2178395,1,3,1,2025,True,federal
S0201,12_DV2026_Guerrero,MEX-095D,Cuernavaca - Acapulco (Cuota),104.79,T. Der. Aeropuerto Cuernavaca,48507.0,6.7453755359623635,2.92651974166907,18.8001205,-99.22062525000001,2,"1,3",1,2025,True,federal
S0202,12_DV2026_Guerrero,MEX-095D,Cuernavaca - Acapulco (Cuota),112.44,T. Izq. Club de Golf Santa Fe,35737.0,7.953062652153231,3.849721577076979,18.7474675,-99.245822,1,1,1,2025,True,federal
S0203,12_DV2026_Guerrero,MEX-095D,Cuernavaca - Acapulco (Cuota),114.76,Plaza de Cobro Alpuyeca,21836.0,13.062939846206817,4.448248565253338,18.7086975,-99.27009874999999,2,"1,3",1,2025,True,federal
S0204,12_DV2026_Guerrero,MEX-095D,Cuernavaca - Acapulco (Cuota),118.06,Plaza de Cobro Ing. Francisco Velasco Durán,16478.0,10.5,4.7,18.698498,-99.278028,1,2,1,2025,True,federal
S0205,12_DV2026_Guerrero,MEX-095D,Cuernavaca - Acapulco (Cuota),123.54,T. C. Puente de Ixtla - Iguala (Cuota),13647.0,10.802791822378545,3.2972081776214552,18.647498499999998,-99.2953995,1,3,1,2025,True,federal
S0206,12_DV2026_Guerrero,MEX-095D,Cuernavaca - Acapulco (Cuota),132.46,T. C. Xoxocotla - Tilzapotla,11676.0,12.0016443987667,4.649588900308325,18.586869,-99.25682,1,3,1,2025,True,federal
S0207,12_DV2026_Guerrero,MEX-095D,Cuernavaca - Acapulco (Cuota),135.96,T. C. Autopista Siglo XXI (Jaltetelco - Xicatlacotla),10905.0,11.902118294360386,4.253177441540578,18.5679425,-99.2242095,1,3,1,2025,True,federal
S0208,12_DV2026_Guerrero,MEX-095D,Cuernavaca - Acapulco (Cuota),177.9,Plaza de Cobro Paso Morelos,9226.0,13.077543196544276,5.85,18.234848,-99.214662,2,"1,2",1,2025,True,federal
S0209,12_DV2026_Guerrero,MEX-095D,Cuernavaca - Acapulco (Cuota),267.0,T. C. Cuernavaca - Chilpancingo,8563.0,12.78881233212659,8.447203083031647,17.606721,-99.51808750000001,1,1,1,2025,True,federal
S0210,12_DV2026_Guerrero,MEX-095D,Cuernavaca - Acapulco (Cuota),288.85,Plaza de Cobro Palo Blanco,11513.5,12.149999999999999,5.525238095238095,17.42655275,-99.47005275000001,2,"1,2",1,2025,True,federal
S0211,12_DV2026_Guerrero,MEX-095D,Cuernavaca - Acapulco (Cuota),321.0,X. C. Chilpancingo - Acapulco (Tierra Colorada),12206.0,11.396919547763396,8.396919547763396,17.1806025,-99.55211,1,1,1,2025,True,federal
S0212,12_DV2026_Guerrero,MEX-095D,Cuernavaca - Acapulco (Cuota),364.85,Plaza de Cobro La Venta,13458.5,13.484033695440058,5.280420217264034,16.928632,-99.800914,2,"1,2",1,2025,True,federal
S0213,12_DV2026_Guerrero,MEX-095D,Cuernavaca - Acapulco (Cuota),366.3,T. C. Chilpancingo - Acapulco (Ent. La Venta),13721.0,11.550156694118506,6.149529917644486,16.923171,-99.811316,1,1,1,2025,True,federal
S0214,12_DV2026_Guerrero,MEX-134,Cd. Altamirano - T. C. (Zihuatanejo - La Mira),0.0,Cd. Altamirano,18054.0,3.4485986484989475,0.6,18.3325895,-100.68960050000001,1,3,1,2025,False,federal
S0215,12_DV2026_Guerrero,MEX-134,Cd. Altamirano - T. C. (Zihuatanejo - La Mira),15.0,T. Der. Zirándaro,2051.0,6.6,0.5,18.318786,-100.785019,1,3,1,2025,False,federal
S0216,12_DV2026_Guerrero,MEX-134,Cd. Altamirano - T. C. (Zihuatanejo - La Mira),187.36,T. C. Zihuatanejo - La Mira,983.0,8.3,0.7,17.734124,-101.600993,1,1,1,2025,False,federal
S0217,12_DV2026_Guerrero,MEX-134,Toluca - Cd. Altamirano,1.78,T. Izq. Capultitlán,38806.0,4.946765964026182,0.7506468071947636,19.2565125,-99.667148,1,3,1,2025,False,federal
S0218,12_DV2026_Guerrero,MEX-134,Toluca - Cd. Altamirano,10.21,T. Der. Zinacatepec,26281.0,5.850439480993874,0.9,19.250561500000003,-99.758673,1,3,1,2025,False,federal
S0219,12_DV2026_Guerrero,MEX-134,Toluca - Cd. Altamirano,18.72,T. Izq. Sultepec,5675.0,10.4,2.1,19.202389,-99.827983,1,3,1,2025,False,federal
S0220,12_DV2026_Guerrero,MEX-134,Toluca - Cd. Altamirano,52.0,T. Der. Valle de Bravo,5698.0,9.1,2.3,19.140003,-99.92503,1,3,1,2025,False,federal
S0221,12_DV2026_Guerrero,MEX-134,Toluca - Cd. Altamirano,68.76,Temascaltepec,4642.5,8.65,2.3499999999999996,19.0447255,-100.044481,2,"1,3",1,2025,False,federal
S0222,12_DV2026_Guerrero,MEX-134,Toluca - Cd. Altamirano,84.34,T. Izq. San Diego Cuentla,6699.0,8.7,2.0,18.969938,-100.073738,1,3,1,2025,False,federal
S0223,12_DV2026_Guerrero,MEX-134,Toluca - Cd. Altamirano,100.76,Tejupilco de Hidalgo,6682.0,9.55,1.75,18.912001,-100.157899,2,"1,3",1,2025,False,federal
S0224,12_DV2026_Guerrero,MEX-134,Toluca - Cd. Altamirano,113.2,Cuadrilla de López,3314.0,10.0,2.7,18.868471,-100.228267,1,3,1,2025,False,federal
S0225,12_DV2026_Guerrero,MEX-134,Toluca - Cd. Altamirano,147.57,T. Izq. Bejucos,2177.0,10.7,3.1,18.784781,-100.421083,1,1,1,2025,False,federal
S0226,12_DV2026_Guerrero,MEX-134,Toluca - Cd. Altamirano,196.0,Cutzamala,3758.0,9.7,2.5,18.476954,-100.582799,1,1,1,2025,False,federal
S0227,12_DV2026_Guerrero,MEX-134,Toluca - Cd. Altamirano,216.0,Cd. Altamirano,5910.0,7.8,1.2,18.382329,-100.651233,1,1,1,2025,False,federal
S0228,12_DV2026_Guerrero,MEX-166,Ent. Alpuyeca - Grutas de Cacahuamilpa,0.0,T. C. Cuernavaca - Chilpancingo,8348.0,7.1,1.0,18.752285,-99.25653,1,3,1,2025,False,federal
S0229,12_DV2026_Guerrero,MEX-166,Ent. Alpuyeca - Grutas de Cacahuamilpa,8.4,T. Der. Zona Arq. de Xochicalco,6444.0,4.5510242085661075,1.0500931098696462,18.7776775,-99.3044935,1,3,1,2025,False,federal
S0230,12_DV2026_Guerrero,MEX-166,Ent. Alpuyeca - Grutas de Cacahuamilpa,14.95,Miacatlán,11143.0,3.047518621556134,0.500708965269676,18.750192499999997,-99.3657015,1,3,1,2025,False,federal
S0231,12_DV2026_Guerrero,MEX-166,Ent. Alpuyeca - Grutas de Cacahuamilpa,18.28,Mazatepec,9061.0,2.8,0.8,18.720718,-99.36495,1,3,1,2025,False,federal
S0232,12_DV2026_Guerrero,MEX-166,Ent. Alpuyeca - Grutas de Cacahuamilpa,25.05,Tetecala,6209.0,2.8,0.8,18.729338,-99.406297,1,3,1,2025,False,federal
S0233,12_DV2026_Guerrero,MEX-166,Ent. Alpuyeca - Grutas de Cacahuamilpa,29.8,Coatlán del Río,3631.0,2.2,0.3,18.748892,-99.442974,1,3,1,2025,False,federal
S0234,12_DV2026_Guerrero,MEX-166,Ent. Alpuyeca - Grutas de Cacahuamilpa,41.26,Michapa,2490.0,6.9,1.5,18.707939,-99.47411,1,1,1,2025,False,federal
S0235,12_DV2026_Guerrero,MEX-196,Milpillas - T. C. (Acapulco - Zihuatanejo),0.0,T. C. Cuernavaca - Chilpancingo,1336.0,14.0,0.6,17.798426,-99.564957,1,3,1,2025,False,federal
S0236,12_DV2026_Guerrero,MEX-196,Milpillas - T. C. (Acapulco - Zihuatanejo),45.07,Los Morros,882.0,18.2,1.0,17.702765,-99.799001,1,1,1,2025,False,federal
S0237,12_DV2026_Guerrero,MEX-196,Milpillas - T. C. (Acapulco - Zihuatanejo),233.5,Atoyac de Alvárez,1969.0,5.2,0.5,17.217456,-100.425411,1,1,1,2025,False,federal
S0238,12_DV2026_Guerrero,MEX-196,Milpillas - T. C. (Acapulco - Zihuatanejo),237.0,T. C. Acapulco - Zihuatanejo,11267.0,4.002218869264223,0.35055471731605575,17.1655115,-100.433621,1,1,1,2025,False,federal
S0239,12_DV2026_Guerrero,MEX-198,Tierra Colorada - Cruz Grande,0.0,Tierra Colorada,2889.0,5.4,1.2,17.142184,-99.529366,1,3,1,2025,False,federal
S0240,12_DV2026_Guerrero,MEX-198,Tierra Colorada - Cruz Grande,61.0,Tecoanapa,4059.0,4.4,1.1,16.985866,-99.265643,1,1,1,2025,False,federal
S0241,12_DV2026_Guerrero,MEX-198,Tierra Colorada - Cruz Grande,82.0,Ayutla de Los Libres,4945.5,3.7,0.75,16.9635665,-99.1082625,2,"1,3",1,2025,False,federal
S0242,12_DV2026_Guerrero,MEX-198,Tierra Colorada - Cruz Grande,113.8,Cruz Grande,2591.0,3.8,1.1,16.745849,-99.131915,1,1,1,2025,False,federal
S0243,12_DV2026_Guerrero,MEX-200,Acapulco - Zihuatanejo,10.37,T. Izq. Pie de La Cuesta,22089.5,4.4,0.6499999999999999,16.897712,-99.9600035,2,"1,3",1,2025,False,federal
S0244,12_DV2026_Guerrero,MEX-200,Acapulco - Zihuatanejo,21.37,T. Der. Libramiento de Acapulco,9371.0,7.4,1.9,16.961403,-99.979619,1,3,1,2025,False,federal
S0245,12_DV2026_Guerrero,MEX-200,Acapulco - Zihuatanejo,33.6,Coyuca de Benítez,10033.0,6.7,1.6,17.010145,-100.098407,1,3,1,2025,False,federal
S0246,12_DV2026_Guerrero,MEX-200,Acapulco - Zihuatanejo,36.6,Pénjamo,5980.0,8.6,2.6,17.011969,-100.117378,1,3,1,2025,False,federal
S0247,12_DV2026_Guerrero,MEX-200,Acapulco - Zihuatanejo,72.6,Col La Laja,6549.0,10.1,2.2,17.132971,-100.384021,1,1,1,2025,False,federal
S0248,12_DV2026_Guerrero,MEX-200,Acapulco - Zihuatanejo,77.85,T. Der. Atoyac de Alvárez,10099.0,5.7,1.7,17.153586,-100.445212,1,3,1,2025,False,federal
S0249,12_DV2026_Guerrero,MEX-200,Acapulco - Zihuatanejo,82.4,San Jerónimo de Juárez,5704.0,9.8,1.6,17.147681,-100.478602,1,3,1,2025,False,federal
S0250,12_DV2026_Guerrero,MEX-200,Acapulco - Zihuatanejo,102.0,T. C. Libramiento de Técpan (Cuota),7518.0,9.4,2.0,17.190331,-100.615533,1,1,1,2025,False,federal
S0251,12_DV2026_Guerrero,MEX-200,Acapulco - Zihuatanejo,103.6,Técpan de Galeana,10555.5,7.1000000000000005,1.05,17.217427999999998,-100.6298055,2,"1,3",1,2025,False,federal
S0252,12_DV2026_Guerrero,MEX-200,Acapulco - Zihuatanejo,110.2,T. C. Libramiento de Técpan (Cuota),8597.0,9.5,2.2,17.205316,-100.660183,1,3,1,2025,False,federal
S0253,12_DV2026_Guerrero,MEX-200,Acapulco - Zihuatanejo,119.0,T. Ixq. Nuxco,3795.0,11.5,2.8,17.21772,-100.760514,1,1,1,2025,False,federal
S0254,12_DV2026_Guerrero,MEX-200,Acapulco - Zihuatanejo,131.5,San Luis San Pedro,6988.0,9.1,2.6,17.246392,-100.844959,1,1,1,2025,False,federal
S0255,12_DV2026_Guerrero,MEX-200,Acapulco - Zihuatanejo,138.45,Buenavista de Juárez,5397.0,11.3,2.3,17.272514,-100.947576,1,3,1,2025,False,federal
S0256,12_DV2026_Guerrero,MEX-200,Acapulco - Zihuatanejo,162.25,Papanoa,3800.0,12.6,4.0,17.315187,-101.047821,1,1,1,2025,False,federal
S0257,12_DV2026_Guerrero,MEX-200,Acapulco - Zihuatanejo,206.3,Petatán,6040.0,9.5,2.0,17.539774,-101.2813875,2,"1,3",1,2025,False,federal
S0258,12_DV2026_Guerrero,MEX-200,Acapulco - Zihuatanejo,216.0,San Jerónimo,6889.0,11.0,1.8,17.572052,-101.353813,1,3,1,2025,False,federal
S0259,12_DV2026_Guerrero,MEX-200,Acapulco - Zihuatanejo,226.0,T. Izq al Aeropuerto de Zihuatanejo,10161.0,19.7,2.2,17.619472,-101.451803,1,1,1,2025,False,federal
S0260,12_DV2026_Guerrero,MEX-200,Acapulco - Zihuatanejo,234.75,T. Izq. Aeropuerto,19745.0,6.4,1.2,17.638462,-101.487902,1,1,1,2025,False,federal
S0261,12_DV2026_Guerrero,MEX-200,Acapulco - Zihuatanejo,242.9,Zihuatanejo,23316.0,5.145946989191971,0.9494209984559959,17.646717000000002,-101.5152535,1,1,1,2025,False,federal
S0262,12_DV2026_Guerrero,MEX-200,La Sabana - Puerto Marqués,0.0,T. C. Las Cruces - Pinotepa Nacional,32463.0,6.657385330992207,0.9510550472846009,16.8481145,-99.8114075,1,3,1,2025,False,federal
S0263,12_DV2026_Guerrero,MEX-200,La Sabana - Puerto Marqués,7.2,X. C. Acapulco - Aeropuerto Acapulco,38318.0,3.51135236703377,0.49621587765541,16.80807,-99.821607,1,1,1,2025,False,federal
S0264,12_DV2026_Guerrero,MEX-200,Las Cruces - Pinotepa Nacional,0.0,T. C. Chilpancingo - Acapulco,38025.0,7.143984220907298,0.7975936883629191,16.885744000000003,-99.833808,1,3,1,2025,False,federal
S0265,12_DV2026_Guerrero,MEX-200,Las Cruces - Pinotepa Nacional,4.62,T. Der. Puerto Marqués,29274.0,6.852690641816512,0.8026906418165114,16.859698,-99.80253400000001,2,"1,3",1,2025,False,federal
S0266,12_DV2026_Guerrero,MEX-200,Las Cruces - Pinotepa Nacional,11.7,X. C. Puerto Marqués - La Venta (Cuota),10249.0,7.354695680724828,1.2234168809520871,16.8306595,-99.76033525,2,"1,3",1,2025,False,federal
S0267,12_DV2026_Guerrero,MEX-200,Las Cruces - Pinotepa Nacional,17.0,T. Der El Arenal,9306.0,6.607607994842038,1.4961960025789813,16.8243685,-99.7157015,1,1,1,2025,False,federal
S0268,12_DV2026_Guerrero,MEX-200,Las Cruces - Pinotepa Nacional,21.6,Sn Pedro Cacahuatepec,7603.0,7.0,1.9,16.815815,-99.672394,1,1,1,2025,False,federal
S0269,12_DV2026_Guerrero,MEX-200,Las Cruces - Pinotepa Nacional,35.0,T. Der. a Barra Vieja,4429.0,7.6,2.0,16.756194,-99.580244,1,1,1,2025,False,federal
S0270,12_DV2026_Guerrero,MEX-200,Las Cruces - Pinotepa Nacional,58.9,San Marcos,6039.0,7.3,2.8,16.786212499999998,-99.389606,2,"1,3",1,2025,False,federal
S0271,12_DV2026_Guerrero,MEX-200,Las Cruces - Pinotepa Nacional,84.96,Nexpa,4807.0,9.2,2.1,16.779813,-99.199564,1,3,1,2025,False,federal
S0272,12_DV2026_Guerrero,MEX-200,Las Cruces - Pinotepa Nacional,97.0,Cruz Grande,7423.0,6.7,1.7,16.712929,-99.116928,1,3,1,2025,False,federal
S0273,12_DV2026_Guerrero,MEX-200,Las Cruces - Pinotepa Nacional,117.5,T. Izq. Copala (1º Acceso),6646.5,9.3,1.75,16.6040435,-98.9707465,2,"1,3",1,2025,False,federal
S0274,12_DV2026_Guerrero,MEX-200,Las Cruces - Pinotepa Nacional,124.0,T. Der. Playa Ventura,4625.5,8.7,3.45,16.5933345,-98.923506,2,"1,3",1,2025,False,federal
S0275,12_DV2026_Guerrero,MEX-200,Las Cruces - Pinotepa Nacional,136.8,Marquelia,6217.5,7.15,2.6500000000000004,16.5818545,-98.815748,2,"1,3",1,2025,False,federal
S0276,12_DV2026_Guerrero,MEX-200,Las Cruces - Pinotepa Nacional,158.0,Juchitán,3792.0,7.7,3.3,16.633578,-98.622839,1,3,1,2025,False,federal
S0277,12_DV2026_Guerrero,MEX-200,Las Cruces - Pinotepa Nacional,175.88,T. Izq. Ometepec,4389.5,9.5,2.3499999999999996,16.652598,-98.5005385,2,"1,3",1,2025,False,federal
S0278,12_DV2026_Guerrero,MEX-200,Las Cruces - Pinotepa Nacional,200.6,Cuajinicuilapa,4212.0,8.350000000000001,2.45,16.471573499999998,-98.41838849999999,2,"1,3",1,2025,False,federal
S0279,12_DV2026_Guerrero,MEX-200,Las Cruces - Pinotepa Nacional,215.0,T. Izq. San Pedro Orizaba,2176.0,10.8,3.9,16.443173,-98.343737,1,3,1,2025,False,federal
S0280,12_DV2026_Guerrero,MEX-200,Las Cruces - Pinotepa Nacional,245.47,T. Izq. Tlaxiaco,5255.5,9.5,1.9000000000000001,16.377916,-98.0930345,2,"1,3",1,2025,False,federal
S0281,12_DV2026_Guerrero,MEX-200,Ramal a Aeropuerto Zihuatanejo,0.0,T. C. Acapulco - Zihuatanejo,5459.0,5.8,0.7,17.618106,-101.462729,1,3,1,2025,False,federal
S0282,12_DV2026_Guerrero,MEX-200,Ramal a La Unión,0.0,T. C. Zihuatanejo - La Mira,2006.0,10.4,2.7,17.945885,-101.822028,1,3,1,2025,False,federal
S0283,12_DV2026_Guerrero,MEX-200,San Juan de Los Llanos - Ometepec,0.0,T. C. Las Cruces - Pinotepa Nacional,7150.0,5.3,1.1,16.661639,-98.497427,1,3,1,2025,False,federal
S0284,12_DV2026_Guerrero,MEX-200,San Juan de Los Llanos - Ometepec,15.94,Ometepec,11241.0,4.844542300507072,0.6518192331643091,16.687635,-98.4373405,1,1,1,2025,False,federal
S0285,12_DV2026_Guerrero,MEX-200,Zihuatanejo - La Mira,0.0,Zihuatanejo,35150.0,6.450256045519204,0.8502560455192034,17.659146,-101.5609525,1,3,1,2025,False,federal
S0286,12_DV2026_Guerrero,MEX-200,Zihuatanejo - La Mira,2.25,T. Izq. Ixtapa (1er Acceso),25029.0,5.5,1.1,17.660795,-101.574467,1,3,1,2025,False,federal
S0287,12_DV2026_Guerrero,MEX-200,Zihuatanejo - La Mira,4.7,T. Izq 2do Acceso a Ixtapa Zihutanejo,6202.0,24.0,1.8,17.674924,-101.573704,1,3,1,2025,False,federal
S0288,12_DV2026_Guerrero,MEX-200,Zihuatanejo - La Mira,8.0,T. Izq. Ixtapa (2do Acceso),8754.0,5.3,0.6,17.678542,-101.602156,1,3,1,2025,False,federal
S0289,12_DV2026_Guerrero,MEX-200,Zihuatanejo - La Mira,16.3,T. Der. Cd. Altamirano,3334.5,5.3,0.8,17.729159,-101.6077425,2,"1,3",1,2025,False,federal
S0290,12_DV2026_Guerrero,MEX-200,Zihuatanejo - La Mira,19.0,T. Izq. Pantla (1er Acceso),7770.0,6.6,2.7,17.735516,-101.613844,1,1,1,2025,False,federal
S0291,12_DV2026_Guerrero,MEX-200,Zihuatanejo - La Mira,22.5,T. Izq. Pantla (2do Acceso),5962.0,8.3,3.2,17.754088,-101.643802,1,1,1,2025,False,federal
S0292,12_DV2026_Guerrero,MEX-200,Zihuatanejo - La Mira,27.3,T. Der. Buenavista,6577.0,9.9,3.4,17.783524,-101.680488,1,3,1,2025,False,federal
S0293,12_DV2026_Guerrero,MEX-200,Zihuatanejo - La Mira,28.0,T. Der 1er Acceso a Lagunillas,5540.0,10.8,4.3,17.812903,-101.705293,1,3,1,2025,False,federal
S0294,12_DV2026_Guerrero,MEX-200,Zihuatanejo - La Mira,35.2,T. Izq. Lagunillas,4796.0,9.2,4.5,17.838021,-101.715993,1,3,1,2025,False,federal
S0295,12_DV2026_Guerrero,MEX-200,Zihuatanejo - La Mira,52.0,T. Der. La Unión,4737.0,10.45,3.55,17.9358085,-101.8295035,2,"1,3",1,2025,False,federal
S0296,12_DV2026_Guerrero,MEX-200,Zihuatanejo - La Mira,60.7,Joluta,3706.0,12.0,4.4,17.981158,-101.931079,1,3,1,2025,False,federal
S0297,12_DV2026_Guerrero,MEX-200,Zihuatanejo - La Mira,69.0,X. C. Nueva Italia - Lázaro Cárdenas (Cuota) Este,1473.0,17.1,3.1,18.006254,-101.970141,1,3,1,2025,False,federal
S0298,12_DV2026_Guerrero,MEX-200,Zihuatanejo - La Mira,95.8,X. C. Nueva Italia - Lázaro Cárdenas (Cuota) Oeste,9190.0,12.2,1.4,17.993602,-102.163252,1,1,1,2025,False,federal
S0299,12_DV2026_Guerrero,MEX-200,Zihuatanejo - La Mira,97.0,Zacatula,3761.0,8.3,0.8,18.003835,-102.174464,1,1,1,2025,False,federal
S0300,12_DV2026_Guerrero,MEX-200,Zihuatanejo - La Mira,103.8,La Villita,2107.0,6.8,0.3,18.046169,-102.184193,1,3,1,2025,False,federal
S0301,12_DV2026_Guerrero,MEX-200,Zihuatanejo - La Mira,107.0,Guacamayas,3875.0,5.2,0.6,18.030163,-102.200182,1,1,1,2025,False,federal
S0302,12_DV2026_Guerrero,MEX-200,Zihuatanejo - La Mira,110.85,T. Izq. Lazáro Cárdenas,37137.0,3.6,0.5989740689878019,18.003487999999997,-102.2204215,1,1,1,2025,False,federal
S0303,12_DV2026_Guerrero,MEX-200,Zihuatanejo - La Mira,117.0,Buenos Aires,15778.0,5.7,1.4,18.010357,-102.265354,1,1,1,2025,False,federal
S0304,12_DV2026_Guerrero,MEX-200,Zihuatanejo - La Mira,123.6,La Mira,12868.0,6.8,1.4,18.031483,-102.320628,1,1,1,2025,False,federal
S0305,12_DV2026_Guerrero,MEX-200D,Libramiento Poniente de Acapulco (Cuota),0.0,Ent. La Venta,5114.0,11.784395776300352,3.9466562377786465,16.933583,-99.8145125,1,3,1,2025,True,federal
S0306,12_DV2026_Guerrero,MEX-200D,Libramiento Poniente de Acapulco (Cuota),39.71,Ent. Coyuca de Bénitez III,4812.0,12.159912718204488,3.7533042394014964,16.9615735,-99.955828,1,1,1,2025,True,federal
S0307,12_DV2026_Guerrero,MEX-200D,Libramiento de Técpan (Cuota),0.0,T. C. Acapulco - Zihuatanejo (Oriente),2811.0,10.5,3.0,17.2032,-100.645258,1,3,1,2025,True,federal
S0308,12_DV2026_Guerrero,MEX-200D,Libramiento de Técpan (Cuota),2.6,Plaza de Cobro Técpan,2077.0,13.6,0.6,17.197071,-100.626751,1,2,1,2025,True,federal
S0309,15_DV2026_Mexico,EM,Acambay - San José Ixtapa,20.0,Temascalcingo,8861.0,5.1,0.6,19.92775,-100.005245,1,1,1,2025,False,estatal
S0310,15_DV2026_Mexico,EM,Acambay - San José Ixtapa,37.0,San José Ixtapa,1045.0,8.3,0.3,19.985501,-100.074878,1,1,1,2025,False,estatal
S0311,15_DV2026_Mexico,EM,Amomolulco - Texcalyacac,0.8,X. C. Ocoyoacac - Santiago Tianguistenco,20914.0,11.740652194702113,1.2518695610595774,19.274192499999998,-99.48219900000001,1,3,1,2025,False,estatal
S0312,15_DV2026_Mexico,EM,Amomolulco - Texcalyacac,12.3,Blvr. Carlos Hank González,8908.0,13.45057251908397,1.3,19.191651,-99.4810675,1,1,1,2025,False,estatal
S0313,15_DV2026_Mexico,EM,Amomolulco - Texcalyacac,13.1,X. C. Mexicalcingo - Xalatlaco,2512.0,5.2,1.4,19.180469,-99.490397,1,3,1,2025,False,estatal
S0314,15_DV2026_Mexico,EM,Amomolulco - Texcalyacac,17.0,Almoloya del Río,3210.0,5.05,1.0,19.158210500000003,-99.490313,2,"1,3",1,2025,False,estatal
S0315,15_DV2026_Mexico,EM,Amomolulco - Texcalyacac,22.0,X. C. La Marquesa - Tenango de Arista,2371.0,4.9,0.9,19.142182,-99.485653,1,3,1,2025,False,estatal
S0316,15_DV2026_Mexico,EM,Chalco - San Mateo Tezoquiapan,0.0,Chalco,32923.0,6.79620022476688,0.3,19.261845,-98.884455,1,3,1,2025,False,estatal
S0317,15_DV2026_Mexico,EM,Chalco - San Mateo Tezoquiapan,4.5,San Gregorio Cuautzingo,25797.5,4.674640505105431,0.6492810102108635,19.266391249999998,-98.8560755,2,"1,3",1,2025,False,estatal
S0318,15_DV2026_Mexico,EM,Chalco - San Mateo Tezoquiapan,9.0,Santa María Huexoculco,4239.0,4.55,0.5,19.257420500000002,-98.8245105,2,"1,3",1,2025,False,estatal
S0319,15_DV2026_Mexico,EM,Chalco - San Mateo Tezoquiapan,14.0,San Mateo Tezoquiapan,2283.0,4.0,0.5,19.229704,-98.817058,1,1,1,2025,False,estatal
S0320,15_DV2026_Mexico,EM,Ixtlahuaca de Rayón - San Felipe del Progreso,0.0,Ixtlahuaca de Rayón,17900.0,7.5,0.3,19.574857,-99.782012,1,3,1,2025,False,estatal
S0321,15_DV2026_Mexico,EM,Ixtlahuaca de Rayón - San Felipe del Progreso,10.5,San Miguel,7085.0,7.2,0.6,19.578791,-99.86594,1,3,1,2025,False,estatal
S0322,15_DV2026_Mexico,EM,Ixtlahuaca de Rayón - San Felipe del Progreso,32.0,San Felipe del Progreso,11741.0,4.7,0.3,19.696119,-99.947261,1,1,1,2025,False,estatal
S0323,15_DV2026_Mexico,EM,Jilotepec - San Agustín,0.0,Jilotepec,22312.0,11.991278235926854,1.6999999999999997,19.969757,-99.5314055,1,3,1,2025,False,estatal
S0324,15_DV2026_Mexico,EM,Jilotepec - San Agustín,10.0,San Agustín Buenavista,2332.0,13.1,1.6,20.0318,-99.517139,1,1,1,2025,False,estatal
S0325,15_DV2026_Mexico,EM,Ocoyoacac - Santiago Tianguistenco,0.0,T. C. México - Toluca,11877.0,8.651452386966406,1.8009682579776038,19.279703,-99.484144,1,3,1,2025,False,estatal
S0326,15_DV2026_Mexico,EM,Ocoyoacac - Santiago Tianguistenco,4.0,Ocoyoacac,9249.0,2.0,4.250405449237755,19.2596305,-99.47004050000001,1,3,1,2025,False,estatal
S0327,15_DV2026_Mexico,EM,Ocoyoacac - Santiago Tianguistenco,6.8,X. C. Amomolulco - Texcalyacac,14648.0,5.2958083014746045,2.952095849262698,19.238020499999998,-99.4723435,1,3,1,2025,False,estatal
S0328,15_DV2026_Mexico,EM,Ocoyoacac - Santiago Tianguistenco,12.0,Capulhuac,11780.0,10.250636672325976,2.3506366723259764,19.207425999999998,-99.46403900000001,1,1,1,2025,False,estatal
S0329,15_DV2026_Mexico,EM,Ramal a C.I.C.I.T.E.C.,0.0,T. C. (San Gregorio - Oaxtepec),610.0,5.4,2.1,19.094263,-98.931962,1,3,1,2025,False,estatal
S0330,15_DV2026_Mexico,EM,San Martín de Las Pirámides - San Miguel Atlamajac,0.0,San Martín de Las Pirámides,4274.0,4.2,0.8,19.711816,-98.848002,1,3,1,2025,False,estatal
S0331,15_DV2026_Mexico,EM,San Martín de Las Pirámides - San Miguel Atlamajac,12.5,San Luis Tecuautitlán,2882.0,7.2,0.7,19.761106,-98.877071,1,1,1,2025,False,estatal
S0332,15_DV2026_Mexico,EM,San Martín de Las Pirámides - San Miguel Atlamajac,18.0,San Miguel Atlamajac,4230.0,5.0,0.8,19.753527,-98.926851,1,1,1,2025,False,estatal
S0333,15_DV2026_Mexico,EM,San Pedro Barrientos - Ecatepec,2.29,T. Izq. Lechería,86508.0,11.197354296165964,1.450881901278012,19.5933685,-99.18755575,2,"1,3",1,2025,False,estatal
S0334,15_DV2026_Mexico,EM,San Pedro Barrientos - Ecatepec,12.2,T. Izq. Tultepec,113706.0,10.60944013508522,1.2968532883049266,19.633281,-99.11791149999999,1,1,1,2025,False,estatal
S0335,15_DV2026_Mexico,EM,San Pedro Barrientos - Ecatepec,18.43,T. Izq. Tepexpan (Ent. Guadalupe Victoria),122670.0,8.7,1.4496943017852777,19.616009,-99.06324649999999,1,1,1,2025,False,estatal
S0336,15_DV2026_Mexico,EM,Santa Elena - Coacalco,0.0,T. C. Cuautitlán - Zumpango de Ocampo,18001.0,2.547091828231765,0.45290817176823517,19.672107,-99.155828,1,3,1,2025,False,estatal
S0337,15_DV2026_Mexico,EM,Santa Elena - Coacalco,9.3,T. C. Barrientos - Ecatepec,31477.0,5.048155796295708,0.8518442037042921,19.640652000000003,-99.1140045,1,1,1,2025,False,estatal
S0338,15_DV2026_Mexico,EM,Santa María Ajoloapan - Tianguistongo,0.0,Santa María Ajoloapan,2951.0,10.4,1.6,19.985539,-99.042145,1,3,1,2025,False,estatal
S0339,15_DV2026_Mexico,EM,T. C. (Atlacomulco - Morelia) - San Felipe del Progreso,0.0,T. C. Atlacomulco - Morelia,22839.0,3.25808485485354,0.7473050483821533,19.772820000000003,-99.9043335,1,3,1,2025,False,estatal
S0340,15_DV2026_Mexico,EM,T. C. (Atlacomulco - Morelia) - San Felipe del Progreso,10.5,San Felipe del Progreso,18821.0,3.3006535253174647,0.8,19.7290365,-99.9450305,1,1,1,2025,False,estatal
S0341,15_DV2026_Mexico,EM,T. C. (Chalco - Mixquic) - Temamatla,0.0,T. C. Chalco - Mixquic,14102.0,4.4,0.4,19.228038,-98.9138,1,3,1,2025,False,estatal
S0342,15_DV2026_Mexico,EM,T. C. (Chalco - Mixquic) - Temamatla,5.66,Los Reyes Acatlizhuayan,3511.0,4.6,0.4,19.215891,-98.887133,1,1,1,2025,False,estatal
S0343,15_DV2026_Mexico,EM,T. C. (Chalco - Mixquic) - Temamatla,6.6,Temamatla,6282.0,3.7,0.4,19.204731,-98.874025,1,1,1,2025,False,estatal
S0344,15_DV2026_Mexico,EM,T. C. (El Monumento - Tingambato) - Donato Guerra,0.0,T. C. El Monumento - Tingambato,3907.0,3.1,0.5,19.300527,-100.116742,1,3,1,2025,False,estatal
S0345,15_DV2026_Mexico,EM,T. C. (El Monumento - Tingambato) - Donato Guerra,7.3,Donato Guerra,4120.0,2.6,0.5,19.3005,-100.146671,1,1,1,2025,False,estatal
S0346,15_DV2026_Mexico,EM,T. C. (Ixtlahuaca de Rayón - Naucalpan) - Temoaya,0.0,T. C. Ixtlahuaca de Rayón - Naucalpan,275.0,11.6,1.1,19.538414,-99.496821,1,3,1,2025,False,estatal
S0347,15_DV2026_Mexico,EM,T. C. (Ixtlahuaca de Rayón - Naucalpan) - Temoaya,15.0,San Pedro Arriba,3655.5,12.65,1.6,19.492797000000003,-99.5617275,2,"1,3",1,2025,False,estatal
S0348,15_DV2026_Mexico,EM,T. C. (Ixtlahuaca de Rayón - Naucalpan) - Temoaya,20.0,Temoaya,5999.0,7.4,1.2,19.473073,-99.586281,1,1,1,2025,False,estatal
S0349,15_DV2026_Mexico,EM,T. C. (Los Reyes - El Tephé) - Tianguistongo,0.0,T. C. Los Reyes - El Tephé,9068.0,6.3,0.8,19.83889,-99.119855,1,3,1,2025,False,estatal
S0350,15_DV2026_Mexico,EM,T. C. (Los Reyes - El Tephé) - Tianguistongo,15.5,X. C. Arco Norte de La Ciudad de México,4372.5,10.149999999999999,0.55,19.9573985,-99.0537595,2,"1,3",1,2025,False,estatal
S0351,15_DV2026_Mexico,EM,T. C. (Los Reyes - El Tephé) - Tianguistongo,20.5,Tianguistongo,2779.0,7.0,1.5,19.997287,-99.040675,1,1,1,2025,False,estatal
S0352,15_DV2026_Mexico,EM,T. C. (México - Puebla (Libre)) - San Vicente,0.0,T. C. México - Puebla (Libre),43892.0,7.196468604757131,0.6992937209514263,19.3180595,-98.870576,1,3,1,2025,False,estatal
S0353,15_DV2026_Mexico,EM,T. C. (México - Puebla (Libre)) - San Vicente,14.2,Chicoloapan de Juárez,23669.0,5.65,0.25,19.4109395,-98.900733,2,"1,3",1,2025,False,estatal
S0354,15_DV2026_Mexico,EM,T. C. (Santa Bárbara - Huajuapan) - Tepetlixpa,0.0,T. C. Santa Bárbara - Izúcar de Matamoros,19456.0,8.552657277960526,0.957971833881579,19.2379005,-98.8587455,1,3,1,2025,False,estatal
S0355,15_DV2026_Mexico,EM,T. C. (Santa Bárbara - Huajuapan) - Tepetlixpa,4.43,Temamatla,12639.0,7.4,1.0,19.207369,-98.870059,2,"1,3",1,2025,False,estatal
S0356,15_DV2026_Mexico,EM,T. C. (Santa Bárbara - Huajuapan) - Tepetlixpa,10.35,Tenango del Aire,9100.0,5.5,0.9,19.16366,-98.864459,1,1,1,2025,False,estatal
S0357,15_DV2026_Mexico,EM,T. C. (Santa Bárbara - Huajuapan) - Tepetlixpa,17.58,Juchitepec,7352.0,6.8,1.2,19.116151,-98.880296,1,1,1,2025,False,estatal
S0358,15_DV2026_Mexico,EM,T. C. (Santa Bárbara - Huajuapan) - Tepetlixpa,29.45,Tepetlixpa,5491.0,14.2,0.5,19.036082,-98.810257,1,1,1,2025,False,estatal
S0359,15_DV2026_Mexico,EM,T. C. (Toluca - Cd. Altamirano) - Valle de Bravo,0.0,T. C. Toluca - Cd. Altamirano,1848.0,8.4,1.0,19.146813,-99.917317,1,3,1,2025,False,estatal
S0360,15_DV2026_Mexico,EM,T. C. (Toluca - Cd. Altamirano) - Valle de Bravo,17.0,El Fresno,6336.0,5.3,0.5,19.146962,-100.067264,1,1,1,2025,False,estatal
S0361,15_DV2026_Mexico,EM,T. C. (Toluca - Cd. Altamirano) - Valle de Bravo,25.0,Valle de Bravo,15353.0,7.6,1.2,19.171815,-100.112208,1,1,1,2025,False,estatal
S0362,15_DV2026_Mexico,EM,T. C. (Toluca - Palmillas) - Agostadero,17.0,El Agostadero,534.0,4.4,0.4,20.04136,-99.994627,1,1,1,2025,False,estatal
S0363,15_DV2026_Mexico,EM,T. C. (Toluca - Palmillas) - Jocotitlán,0.0,T. C. Toluca - Palmillas,3343.0,4.4,0.7,19.54883,-99.747986,1,3,1,2025,False,estatal
S0364,15_DV2026_Mexico,EM,T. C. (Toluca - Palmillas) - Jocotitlán,3.8,X. C. Ixtlahuaca de Rayón - Santo Domingo,7197.0,9.6,0.7,19.570984,-99.742704,1,3,1,2025,False,estatal
S0365,15_DV2026_Mexico,EM,T. C. (Toluca - Palmillas) - Jocotitlán,13.15,T. C. Santo Domingo - T. C. (México - Querétaro (Cuota)),3026.0,6.2,0.8,19.657301,-99.72977,1,3,1,2025,False,estatal
S0366,15_DV2026_Mexico,EM,Tecámac - Ent. Atlatongo,1.1,T. C. México - Tizayuca (Cuota),14751.0,3.0,0.4,19.709867,-98.960981,1,3,1,2025,False,estatal
S0367,15_DV2026_Mexico,EM,Tecámac - Ent. Atlatongo,8.3,T. C. Venta de Carpio - T. C. (Pachuca - Tulancingo),8298.0,4.8,0.7,19.682891,-98.903212,1,1,1,2025,False,estatal
S0368,15_DV2026_Mexico,EM,Tenancingo - Chalma,0.0,T. C. Toluca - Axixintla,20866.0,3.5,0.2,18.958157,-99.569426,1,3,1,2025,False,estatal
S0369,15_DV2026_Mexico,EM,Tenancingo - Chalma,28.65,Malinalco,7647.0,4.4,0.5,18.961426,-99.490767,1,1,1,2025,False,estatal
S0370,15_DV2026_Mexico,EM,Tenancingo - Chalma,36.86,Chalma,5032.0,2.9,0.1,18.918666,-99.448755,1,1,1,2025,False,estatal
S0371,15_DV2026_Mexico,EM,Tenancingo - San Simón El Alto,0.0,Tenancingo,4076.0,3.9,0.1,18.944379,-99.578963,1,3,1,2025,False,estatal
S0372,15_DV2026_Mexico,EM,Tenancingo - San Simón El Alto,8.8,San Miguel Tecomatlán,4043.0,4.0,0.1,18.972586,-99.52983,1,1,1,2025,False,estatal
S0373,15_DV2026_Mexico,EM,Tenancingo - San Simón El Alto,11.0,San Simón El Alto,1069.0,3.3,0.2,18.996957,-99.512374,1,1,1,2025,False,estatal
S0374,15_DV2026_Mexico,EM,Tenancingo de Degollado - San Andrés Nicolás Bravo,0.0,Tenancingo de Degollado,13041.0,5.4,0.29999999999999993,18.952841499999998,-99.600795,1,3,1,2025,False,estatal
S0375,15_DV2026_Mexico,EM,Tenancingo de Degollado - San Andrés Nicolás Bravo,18.0,Zumpahuacán,5555.0,5.7,0.3,18.840871,-99.594693,1,1,1,2025,False,estatal
S0376,15_DV2026_Mexico,EM,Tenancingo de Degollado - San Andrés Nicolás Bravo,27.0,San Gaspar,1390.0,8.6,1.2,18.783675,-99.546405,1,1,1,2025,False,estatal
S0377,15_DV2026_Mexico,EM,Tenancingo de Degollado - San Andrés Nicolás Bravo,39.0,San Andrés Nicolás Bravo,1234.0,11.6,1.2,18.763209,-99.478951,1,1,1,2025,False,estatal
S0378,15_DV2026_Mexico,EM,Tenango del Aire - Amecameca,0.0,Tenango del Aire,3690.0,7.4,0.4,19.144829,-98.848656,1,3,1,2025,False,estatal
S0379,15_DV2026_Mexico,EM,Tenango del Aire - Amecameca,10.0,Amecameca,12639.0,4.3,0.4,19.130789,-98.782131,1,1,1,2025,False,estatal
S0380,15_DV2026_Mexico,EM,Teoloyucan - Jaltenco,0.0,Teoloyucan,11492.0,11.9,0.8,19.750378,-99.142255,1,3,1,2025,False,estatal
S0381,15_DV2026_Mexico,EM,Teoloyucan - Jaltenco,27.0,Jaltenco,14146.0,6.5,0.4,19.750267,-99.107754,1,1,1,2025,False,estatal
S0382,15_DV2026_Mexico,EM,Tepexpan - San Juan Teotihuacán,0.0,Tepexpan,10201.0,7.0,0.8,19.614489,-98.922421,1,3,1,2025,False,estatal
S0383,15_DV2026_Mexico,EM,Tepexpan - San Juan Teotihuacán,8.5,Xometla,6100.0,4.8,0.4,19.626703,-98.890736,1,1,1,2025,False,estatal
S0384,15_DV2026_Mexico,EM,Tepexpan - San Juan Teotihuacán,14.4,San Juan Teotihuacán,8862.0,4.6,0.7,19.674852,-98.871401,1,1,1,2025,False,estatal
S0385,15_DV2026_Mexico,EM,Texcoco - San Miguel Tlaixpan,0.0,Texcoco,24074.0,3.3527623161917424,0.5505524632383484,19.5139815,-98.8632535,1,3,1,2025,False,estatal
S0386,15_DV2026_Mexico,EM,Texcoco - San Miguel Tlaixpan,7.4,San Miguel Tlaixpan,8730.0,2.048957617411226,0.2979152348224513,19.511754500000002,-98.82229050000001,1,1,1,2025,False,estatal
S0387,15_DV2026_Mexico,EM(D)-MEX-055,Toluca - Palmillas,7.21,T. Izq. Calixtlahuaca de Rayón (Alta),66362.0,6.048521744371779,0.751478255628221,19.340396,-99.67106150000001,1,3,1,2025,False,estatal
S0388,15_DV2026_Mexico,EM(D)-MEX-055,Toluca - Palmillas,7.21,T. Izq. Calixtlahuaca de Rayón (Baja),24037.0,20.79749552772809,5.950626118067979,19.340516,-99.67071100000001,1,3,1,2025,False,estatal
S0389,15_DV2026_Mexico,EM(D)-MEX-055,Toluca - Palmillas,14.21,X. C. Lib. Nororiente de Toluca (Cuota),74701.0,11.2,3.047174736616645,19.380673,-99.7039295,1,1,1,2025,False,estatal
S0390,15_DV2026_Mexico,EM(D)-MEX-055,Toluca - Palmillas,16.0,El Dorado,72967.0,15.492780297942906,3.4018049255142735,19.401198,-99.7131215,1,1,1,2025,False,estatal
S0391,15_DV2026_Mexico,EM(D)-MEX-055,Toluca - Palmillas,19.76,T. C. Amomolulco - T. C. (Toluca - Palmillas),34367.0,16.051965548345798,4.480344516542031,19.428884500000002,-99.72470150000001,1,1,1,2025,False,estatal
S0392,15_DV2026_Mexico,EM(D)-MEX-055,Toluca - Palmillas,31.2,Ixtlahuaca de Rayón,54574.0,14.571998123827392,2.8925432482282587,19.569953,-99.76305199999999,2,"1,3",1,2025,False,estatal
S0393,15_DV2026_Mexico,EM(D)-MEX-055,Toluca - Palmillas,32.2,T. C. Ixtlahuaca de Rayón - Naucalpan,43538.0,14.7473701134641,2.8052597730717994,19.565146499999997,-99.76086000000001,1,1,1,2025,False,estatal
S0394,15_DV2026_Mexico,EM(D)-MEX-055,Toluca - Palmillas,45.2,Pastejé,43478.5,17.803432434792896,3.4238763773211884,19.644588499999998,-99.78680399999999,2,"1,3",1,2025,False,estatal
S0395,15_DV2026_Mexico,EM(D)-MEX-055,Toluca - Palmillas,65.0,Atlacomulco,41878.0,16.609955817000383,2.751410120579184,19.795942500000002,-99.86794925000001,2,"1,3",1,2025,False,estatal
S0396,15_DV2026_Mexico,EM(D)-MEX-055,Toluca - Palmillas,81.52,X. C. Libramiento Norte de la Ciudad de México (Cuota),21218.5,15.270134230415179,2.7246321384277046,19.92033675,-99.84520499999999,2,"1,3",1,2025,False,estatal
S0397,15_DV2026_Mexico,EM(D)-MEX-055,Toluca - Palmillas,85.64,Acambay,11188.0,4.9,1.2,19.964439,-99.852457,1,3,1,2025,False,estatal
S0398,15_DV2026_Mexico,EM(D)-MEX-055,Toluca - Palmillas,104.43,T. Der. Aculco de Espinoza,13668.0,25.621389216517642,3.472563210936392,20.1041165,-99.86281625,2,"1,3",1,2025,False,estatal
S0399,15_DV2026_Mexico,EM(D)-MEX-055,Toluca - Palmillas,122.73,T. Der. Polotitlán,14589.0,24.95942833641785,4.6973061895949,20.226948,-99.9007025,1,1,1,2025,False,estatal
S0400,15_DV2026_Mexico,EM(D)-MEX-055,Toluca - Palmillas,130.6,T. C. Palmillas - Apaseo el Grande (Cuota),20926.0,21.0509031826436,3.447290452069196,20.280251,-99.9310725,1,1,1,2025,False,estatal
S0401,15_DV2026_Mexico,EM(D)-MEX-055,Toluca - Palmillas,131.52,T. C. México - Querétaro,18815.0,22.4,3.548604836566569,20.2946135,-99.93316,1,1,1,2025,False,estatal
S0402,15_DV2026_Mexico,EM-001,San Luis Mextepec - Valle de Bravo,0.0,T. C. Toluca - Morelia,36326.0,5.624315916974069,0.7482877277982712,19.297935,-99.75436450000001,1,3,1,2025,False,estatal
S0403,15_DV2026_Mexico,EM-001,San Luis Mextepec - Valle de Bravo,39.0,Agua Bendita,2039.0,4.0,0.3,19.282605,-99.937666,1,1,1,2025,False,estatal
S0404,15_DV2026_Mexico,EM-001,San Luis Mextepec - Valle de Bravo,66.05,Salitre,7578.0,2.9,0.7,19.228494,-100.124375,1,1,1,2025,False,estatal
S0405,15_DV2026_Mexico,EM-002,Dos Casas - Ixtapan del Oro,0.0,T. C. Toluca - Morelia,4121.0,2.7,0.9,19.41067,-100.141644,1,3,1,2025,False,estatal
S0406,15_DV2026_Mexico,EM-002,Dos Casas - Ixtapan del Oro,31.5,Ixtapan del Oro,1202.0,2.1,2.1,19.266771,-100.264586,1,1,1,2025,False,estatal
S0407,15_DV2026_Mexico,EM-003,Ixtlahuaca de Rayón - Naucalpan,0.0,Ixtlahuaca de Rayón,26520.0,3.9951583710407235,0.40161387631975864,19.568590999999998,-99.753523,1,3,1,2025,False,estatal
S0408,15_DV2026_Mexico,EM-003,Ixtlahuaca de Rayón - Naucalpan,2.65,T. Izq. Atlacomulco (libre),19721.0,3.5558186704528167,0.4,19.570069500000002,-99.73615,1,3,1,2025,False,estatal
S0409,15_DV2026_Mexico,EM-003,Ixtlahuaca de Rayón - Naucalpan,10.0,T. Izq. San Felipe Santiago,9706.0,4.85,0.35,19.581941999999998,-99.67330100000001,2,"1,3",1,2025,False,estatal
S0410,15_DV2026_Mexico,EM-003,Ixtlahuaca de Rayón - Naucalpan,18.0,Jiquipilco,2761.5,6.6,0.35,19.566747999999997,-99.599942,2,"1,3",1,2025,False,estatal
S0411,15_DV2026_Mexico,EM-003,Ixtlahuaca de Rayón - Naucalpan,56.6,T. Izq. Santa Ana Jilotzingo,3087.0,4.9,0.55,19.5203925,-99.4362405,2,"1,3",1,2025,False,estatal
S0412,15_DV2026_Mexico,EM-003,Ixtlahuaca de Rayón - Naucalpan,70.7,X. C. La Venta - Lechería (Cuota),19640.0,9.1,0.7,19.486167,-99.316167,1,1,1,2025,False,estatal
S0413,15_DV2026_Mexico,EM-003,Ixtlahuaca de Rayón - Naucalpan,75.0,San Mateo Nopala,9034.0,6.7,0.7,19.491043,-99.298406,1,1,1,2025,False,estatal
S0414,15_DV2026_Mexico,EM-003,San Felipe del Progreso - Carmona,0.0,San Felipe del Progreso,12101.0,4.7,0.3,19.704465,-99.965554,1,3,1,2025,False,estatal
S0415,15_DV2026_Mexico,EM-003,San Felipe del Progreso - Carmona,9.0,T. Izq. San Antonio Pueblo Nuevo,5629.0,5.1,0.4,19.683635,-100.023957,1,3,1,2025,False,estatal
S0416,15_DV2026_Mexico,EM-003-MICH,T. C. (V. Victoria - El Oro de Hidalgo) - Angangueo,0.0,T. C. V. Victoria - El Oro de Hidalgo,11028.0,3.951060935799782,0.7503536452665942,19.647889499999998,-100.12829099999999,1,3,1,2025,False,estatal
S0417,15_DV2026_Mexico,EM-003-MICH,T. C. (V. Victoria - El Oro de Hidalgo) - Angangueo,24.0,Angangueo,835.0,6.0,2.9,19.651698,-100.266101,1,1,1,2025,False,estatal
S0418,15_DV2026_Mexico,EM-004,Santiago Tianguistenco - Chalma,2.0,X. C. La Marquesa - Tenango de Arista,15313.0,5.8,1.5,19.158174,-99.463744,1,3,1,2025,False,estatal
S0419,15_DV2026_Mexico,EM-004,Santiago Tianguistenco - Chalma,8.8,San Nicolás Coatepec,9768.0,6.35,2.1,19.132956,-99.431061,2,"1,3",1,2025,False,estatal
S0420,15_DV2026_Mexico,EM-004,Santiago Tianguistenco - Chalma,19.8,T. Izq. Lagunas de Zempoala,4429.0,7.0,3.2,19.056105,-99.382653,1,3,1,2025,False,estatal
S0421,15_DV2026_Mexico,EM-004,Santiago Tianguistenco - Chalma,34.0,Ocuilan de Arteaga,4045.0,7.1,3.3,18.982785,-99.425462,1,3,1,2025,False,estatal
S0422,15_DV2026_Mexico,EM-004,T. C. (Ixtlahuaca de Rayón - Naucalpan) - Mayorazgo,0.0,T. C. Ixtlahuaca de Rayón - Naucalpan,757.0,9.6,0.6,19.521256,-99.467141,1,3,1,2025,False,estatal
S0423,15_DV2026_Mexico,EM-004,T. C. (Ixtlahuaca de Rayón - Naucalpan) - Mayorazgo,10.0,Santa Ana Jilotzingo,2977.0,9.8,0.3,19.440971,-99.497838,1,3,1,2025,False,estatal
S0424,15_DV2026_Mexico,EM-004,T. C. (Ixtlahuaca de Rayón - Naucalpan) - Mayorazgo,16.6,Mayorazgo,9619.0,11.8,0.8,19.416089,-99.504371,1,1,1,2025,False,estatal
S0425,15_DV2026_Mexico,EM-005,Ent. Cruz de La Misión - San Nicolás Coatepec,0.0,T. C. La Marquesa - Tenango de Arista,1271.0,2.1,0.1,19.233285,-99.392328,1,3,1,2025,False,estatal
S0426,15_DV2026_Mexico,EM-005,Ent. Cruz de La Misión - San Nicolás Coatepec,16.3,Xalatlaco,854.0,7.7,0.2,19.197385,-99.406431,1,1,1,2025,False,estatal
S0427,15_DV2026_Mexico,EM-005,La Marquesa - Río Hondo,0.0,T. C. México - Toluca,9894.0,2.1,0.5,19.307545,-99.369287,1,3,1,2025,False,estatal
S0428,15_DV2026_Mexico,EM-005,La Marquesa - Río Hondo,8.2,Huixquilucan,17511.0,6.7,0.5,19.369202,-99.341789,1,3,1,2025,False,estatal
S0429,15_DV2026_Mexico,EM-005,La Marquesa - Río Hondo,15.7,T. Der. San Bartolito,30309.0,7.2,1.7,19.408499,-99.306605,1,3,1,2025,False,estatal
S0430,15_DV2026_Mexico,EM-005,Villa del Carbón - Atlacomulco,0.0,T. C. Tlalnepantla - San Gabriel,3189.0,12.7,1.1,19.733561,-99.484735,1,3,1,2025,False,estatal
S0431,15_DV2026_Mexico,EM-005,Villa del Carbón - Atlacomulco,25.0,T. Der. San Bartolo Morelos,5082.0,9.2,0.5,19.766637,-99.674471,1,1,1,2025,False,estatal
S0432,15_DV2026_Mexico,EM-005,Villa del Carbón - Atlacomulco,29.0,X. C. Santo Domingo - T. C. (México - Querétaro (Cuota)),5505.0,8.7,1.8,19.785178,-99.704155,1,3,1,2025,False,estatal
S0433,15_DV2026_Mexico,EM-005,Villa del Carbón - Atlacomulco,36.0,Santiago Acutzilapan,6466.5,6.050000000000001,1.2,19.789486,-99.76716350000001,2,"1,3",1,2025,False,estatal
S0434,15_DV2026_Mexico,EM-005,Villa del Carbón - Atlacomulco,50.0,Atlacomulco,12979.0,5.2,0.9,19.793634,-99.866449,1,1,1,2025,False,estatal
S0435,15_DV2026_Mexico,EM-005-004,Tlalnepantla - San Gabriel,2.97,X. C. México - Querétaro (Cuota),77344.0,6.5,0.7,19.539118000000002,-99.22335,1,3,1,2025,False,estatal
S0436,15_DV2026_Mexico,EM-005-004,Tlalnepantla - San Gabriel,12.9,La Colmena,47845.0,6.299999999999999,0.5,19.6122985,-99.29942700000001,1,3,1,2025,False,estatal
S0437,15_DV2026_Mexico,EM-005-004,Tlalnepantla - San Gabriel,24.3,T. Der. V. de la Hacienda,13337.5,10.100000000000001,1.65,19.6403635,-99.366305,2,"1,3",1,2025,False,estatal
S0438,15_DV2026_Mexico,EM-005-004,Tlalnepantla - San Gabriel,26.98,T. Der. Tepotzotlán,14705.5,10.25,1.2,19.64517,-99.3890715,2,"1,3",1,2025,False,estatal
S0439,15_DV2026_Mexico,EM-005-004,Tlalnepantla - San Gabriel,29.4,Sta. María Magdalena Cahuacán,8987.0,6.2,1.0,19.640529,-99.41984,1,3,1,2025,False,estatal
S0440,15_DV2026_Mexico,EM-005-004,Tlalnepantla - San Gabriel,48.4,Villa del Carbón,7359.5,7.4,1.05,19.7247615,-99.464561,2,"1,3",1,2025,False,estatal
S0441,15_DV2026_Mexico,EM-005-004,Tlalnepantla - San Gabriel,67.6,Chapa de Mota,1534.0,9.6,0.6,19.813196,-99.519031,1,1,1,2025,False,estatal
S0442,15_DV2026_Mexico,EM-005-MEX-126,Atlacomulco - Morelia,0.0,Atlacomulco,43259.0,7.183402297787744,0.5,19.789755999999997,-99.89256,1,3,1,2025,False,estatal
S0443,15_DV2026_Mexico,EM-005-MEX-126,Atlacomulco - Morelia,3.6,T. Izq. San Felipe del Progreso,27458.0,5.2,0.9,19.790024,-99.90858,1,3,1,2025,False,estatal
S0444,15_DV2026_Mexico,EM-005-MEX-126,Atlacomulco - Morelia,13.1,T. Der. San Francisco Tepeolulco,13783.5,6.95,0.8,19.804313,-99.987549,2,"1,3",1,2025,False,estatal
S0445,15_DV2026_Mexico,EM-005-MEX-126,Atlacomulco - Morelia,16.4,T. Der. Temascalcingo,10255.5,9.55,1.25,19.8100125,-100.0221065,2,"1,3",1,2025,False,estatal
S0446,15_DV2026_Mexico,EM-005-MEX-126,Atlacomulco - Morelia,30.0,El Oro de Hidalgo,11395.0,10.2,1.1,19.808039,-100.119181,1,1,1,2025,False,estatal
S0447,15_DV2026_Mexico,EM-005-MEX-126,Atlacomulco - Morelia,37.0,Tlalpujahua,7363.0,10.5,0.9,19.793387,-100.186262,1,3,1,2025,False,estatal
S0448,15_DV2026_Mexico,EM-005-MEX-126,Atlacomulco - Morelia,79.0,Maravatío de Ocampo,7601.0,6.0,0.9,19.884396,-100.428793,1,1,1,2025,False,estatal
S0449,15_DV2026_Mexico,EM-005-MEX-126,Atlacomulco - Morelia,120.0,X. C. Ent. Huajúmbaro - San José,4235.0,11.1,1.5,19.822133,-100.822201,1,1,1,2025,False,estatal
S0450,15_DV2026_Mexico,EM-005-MEX-126,Atlacomulco - Morelia,127.0,Queréndaro,6912.0,7.8,2.7,19.806426,-100.874596,1,1,1,2025,False,estatal
S0451,15_DV2026_Mexico,EM-005-MEX-126,Atlacomulco - Morelia,167.7,Zona Industrial Libramiento de Morelia,56574.0,6.1,1.1,19.727079,-101.140008,1,1,1,2025,False,estatal
S0452,15_DV2026_Mexico,EM-006,La Marquesa - Tenango de Arista,0.0,T. C. México - Toluca,11964.0,3.6,1.7,19.290491,-99.373064,1,3,1,2025,False,estatal
S0453,15_DV2026_Mexico,EM-006,La Marquesa - Tenango de Arista,5.0,T. Der. Atlapulco,10939.0,3.2,1.5,19.263254,-99.373313,1,3,1,2025,False,estatal
S0454,15_DV2026_Mexico,EM-006,La Marquesa - Tenango de Arista,11.8,X. C. Ent. Cruz de La Misión - San Nicolás Coatepec,8393.0,3.6,2.1,19.234171,-99.394186,1,3,1,2025,False,estatal
S0455,15_DV2026_Mexico,EM-006,La Marquesa - Tenango de Arista,20.8,X. C. Mexicalcingo - Xalatlaco,11091.0,3.8,1.6,19.181046,-99.441117,1,1,1,2025,False,estatal
S0456,15_DV2026_Mexico,EM-006,La Marquesa - Tenango de Arista,23.8,X. C. Santiago Tianguistenco - Chalma,18227.0,10.2,1.1,19.160526,-99.467002,1,3,1,2025,False,estatal
S0457,15_DV2026_Mexico,EM-006,La Marquesa - Tenango de Arista,39.8,Tenango de Arista,9757.0,9.1,1.0,19.110027,-99.571176,1,1,1,2025,False,estatal
S0458,15_DV2026_Mexico,EM-006,Lechería - Apaxco,0.0,T. C. San Pedro Barrientos - Ecatepec,66727.0,7.2,0.8,19.6025815,-99.186915,1,3,1,2025,False,estatal
S0459,15_DV2026_Mexico,EM-006,Lechería - Apaxco,8.6,Cuautitlán,15102.0,8.771354787445372,1.1452257979075617,19.693976,-99.188496,1,3,1,2025,False,estatal
S0460,15_DV2026_Mexico,EM-006,Lechería - Apaxco,13.04,T. Izq. Tepotzotlán,27150.0,10.079064456721916,1.2485046040515653,19.718415,-99.1928765,1,3,1,2025,False,estatal
S0461,15_DV2026_Mexico,EM-006,Lechería - Apaxco,21.0,Teoloyucan,7740.0,6.1,0.7,19.767344,-99.197716,1,3,1,2025,False,estatal
S0462,15_DV2026_Mexico,EM-006,Lechería - Apaxco,26.5,Huehuetoca,12226.0,6.0,1.4,19.844691,-99.208639,1,3,1,2025,False,estatal
S0463,15_DV2026_Mexico,EM-006,Lechería - Apaxco,45.7,Apaxco,12793.0,8.8,0.9,19.962857,-99.177372,1,1,1,2025,False,estatal
S0464,15_DV2026_Mexico,EM-007,San Alejo - Los Sabinos,0.0,T. C. Ixtapan de La Sal - Las Juntas,4633.0,8.8,0.9,18.83596,-99.729782,1,3,1,2025,False,estatal
S0465,15_DV2026_Mexico,EM-007,San Alejo - Los Sabinos,15.0,T. C. Vuelta del Agua - Zacualpan,3284.0,8.6,0.7,18.817699,-99.788192,1,1,1,2025,False,estatal
S0466,15_DV2026_Mexico,EM-007,Texcaltitlán - Zacualpan,8.0,Almoloya de Alquisiras,5324.0,5.9,0.8,18.866785,-99.898189,1,1,1,2025,False,estatal
S0467,15_DV2026_Mexico,EM-007,Texcaltitlán - Zacualpan,43.0,Zacualpan,1754.0,7.1,0.5,18.735087,-99.767182,1,1,1,2025,False,estatal
S0468,15_DV2026_Mexico,EM-008,Tejupilco de Hidalgo - Tlatlaya,0.0,Tejupilco de Hidalgo,7873.0,4.6,0.5,18.866514,-100.138039,1,3,1,2025,False,estatal
S0469,15_DV2026_Mexico,EM-009-HGO,Ent. Tolman - Cd. Sahagún,0.0,T. C. Venta de Carpio - Tulancingo,18355.0,5.8,0.7,19.714536,-98.791151,1,3,1,2025,False,estatal
S0470,15_DV2026_Mexico,EM-009-HGO,Ent. Tolman - Cd. Sahagún,5.0,Otumba,5964.0,8.5,1.1,19.710485,-98.743202,1,3,1,2025,False,estatal
S0471,15_DV2026_Mexico,EM-009-HGO,Ent. Tolman - Cd. Sahagún,21.0,T. Der. Jaltepec,3375.0,16.5,3.2,19.749524,-98.653621,1,3,1,2025,False,estatal
S0472,15_DV2026_Mexico,EM-009-HGO,Ent. Tolman - Cd. Sahagún,32.0,Cd. Sahagún,7802.0,14.6,1.5,19.752526,-98.60283,1,1,1,2025,False,estatal
S0473,15_DV2026_Mexico,EM-010,Ent. La Puerta - San Miguel Totolmaloya,0.0,T. C. Toluca - Cd. Altamirano,4005.0,5.3,1.6,19.207256,-99.809258,1,3,1,2025,False,estatal
S0474,15_DV2026_Mexico,EM-010,Ent. La Puerta - San Miguel Totolmaloya,7.56,T. Izq. Nevado de Toluca,4589.0,10.1,1.1,19.153527,-99.804603,1,3,1,2025,False,estatal
S0475,15_DV2026_Mexico,EM-010,Ent. La Puerta - San Miguel Totolmaloya,31.8,T. Izq. Ixtapan de La Sal,3537.0,7.6,2.2,19.006579,-99.900636,1,3,1,2025,False,estatal
S0476,15_DV2026_Mexico,EM-010,Ent. La Puerta - San Miguel Totolmaloya,47.29,T. Izq. Zacualpan,3757.0,2.7,0.7,18.901741,-99.937402,1,3,1,2025,False,estatal
S0477,15_DV2026_Mexico,EM-010,Ent. La Puerta - San Miguel Totolmaloya,58.0,Sultepec de Pedro Ascencio,1529.0,7.7,0.3,18.853752,-99.964117,1,3,1,2025,False,estatal
S0478,15_DV2026_Mexico,EM-011-HGO,Santo Domingo - T. C. (México - Querétaro),0.0,T. C. Toluca - Palmillas,11588.0,9.8,0.5,19.624155,-99.772101,1,3,1,2025,False,estatal
S0479,15_DV2026_Mexico,EM-011-HGO,Santo Domingo - T. C. (México - Querétaro),6.11,X. C. Los Reyes - Ixtlahuaca,10358.0,7.1,1.5,19.658952,-99.72372,1,3,1,2025,False,estatal
S0480,15_DV2026_Mexico,EM-011-HGO,Santo Domingo - T. C. (México - Querétaro),23.94,X. C. Villa del Carbón - Atlacomulco,6261.0,8.100367353457914,1.949081616355215,19.786246,-99.702137,1,3,1,2025,False,estatal
S0481,15_DV2026_Mexico,EM-011-HGO,Santo Domingo - T. C. (México - Querétaro),42.7,T. Der. Chapa de Mota,18634.0,7.096978641193517,1.4836857357518514,19.926153,-99.5822575,1,1,1,2025,False,estatal
S0482,15_DV2026_Mexico,EM-011-HGO,Santo Domingo - T. C. (México - Querétaro),65.84,T. C. México - Querétaro (Cuota),10473.0,7.488656545402463,1.597164136350616,19.971213,-99.45113,1,1,1,2025,False,estatal
S0483,15_DV2026_Mexico,EM-012,Las Juntas - Ixtapan de La Sal,0.0,T. C. La Puerta - San Miguel Totolmaloya,1545.0,7.8,0.8,19.010946,-99.900212,1,3,1,2025,False,estatal
S0484,15_DV2026_Mexico,EM-012,Las Juntas - Ixtapan de La Sal,35.16,Coatepec Harinas,6444.0,4.3,0.45,18.91623,-99.7734225,2,"1,3",1,2025,False,estatal
S0485,15_DV2026_Mexico,EM-012,Las Juntas - Ixtapan de La Sal,56.06,Ixtapan de La Sal,13395.0,4.39766330720418,0.2,18.8382875,-99.680012,1,1,1,2025,False,estatal
S0486,15_DV2026_Mexico,EM-014-004,Villa Victoria - El Oro de Hidalgo,0.0,Villa Victoria,7268.0,6.5,1.2,19.453011,-100.023862,1,3,1,2025,False,estatal
S0487,15_DV2026_Mexico,EM-014-004,Villa Victoria - El Oro de Hidalgo,34.0,T. Izq. Angangueo,8782.0,5.2,1.2,19.643916,-100.124631,1,1,1,2025,False,estatal
S0488,15_DV2026_Mexico,EM-014-004,Villa Victoria - El Oro de Hidalgo,57.0,T. C. Atlacomulco - Morelia,5617.0,4.5,0.5,19.794566,-100.133502,1,1,1,2025,False,estatal
S0489,15_DV2026_Mexico,EM-021,Puente Grande - San José del Vidrio,3.0,Tepotzotlán,22840.0,11.0,0.8,19.701738,-99.244525,1,3,1,2025,False,estatal
S0490,15_DV2026_Mexico,EM-021,Puente Grande - San José del Vidrio,14.0,T. Der. Arcos del Sitio,7938.0,7.1,0.6,19.702137,-99.321062,1,3,1,2025,False,estatal
S0491,15_DV2026_Mexico,EM-021,Puente Grande - San José del Vidrio,33.0,T. C. Tlalnepantla - San Gabriel,7530.0,7.3,0.8,19.646005,-99.389359,1,1,1,2025,False,estatal
S0492,15_DV2026_Mexico,EM-033,T. C. (Atlacomulco - Morelia) - Temascalcingo,0.0,T. C. Atlacomulco - Morelia,5658.0,6.048144220572641,0.5,19.815109999999997,-100.02372249999999,1,3,1,2025,False,estatal
S0493,15_DV2026_Mexico,EM-033,T. C. (Atlacomulco - Morelia) - Temascalcingo,10.0,Cuachotitlán,9603.0,13.2,1.0,19.860451,-100.043721,1,1,1,2025,False,estatal
S0494,15_DV2026_Mexico,EM-033,T. C. (Atlacomulco - Morelia) - Temascalcingo,15.0,Temascalcingo,6393.0,2.8,0.6,19.904084,-100.022419,1,1,1,2025,False,estatal
S0495,15_DV2026_Mexico,EM-035,Cuautitlán - Zumpango de Ocampo,0.0,Cuautitlán,60836.0,7.1025445459925045,1.0521204549937537,19.674616,-99.1594675,1,3,1,2025,False,estatal
S0496,15_DV2026_Mexico,EM-035,Cuautitlán - Zumpango de Ocampo,6.02,Melchor Ocampo,19716.0,7.8046053966321765,2.704605396632177,19.7222035,-99.138803,1,3,1,2025,False,estatal
S0497,15_DV2026_Mexico,EM-035,Cuautitlán - Zumpango de Ocampo,19.15,T. C. Los Reyes - El Tephé,14943.0,8.4,1.6,19.80678,-99.112049,1,1,1,2025,False,estatal
S0498,15_DV2026_Mexico,EM-036,Amomolulco - T. C. (Toluca - Palmillas),0.3,Amomolulco,24705.0,4.6,0.6,19.297265,-99.484132,1,3,1,2025,False,estatal
S0499,15_DV2026_Mexico,EM-036,Amomolulco - T. C. (Toluca - Palmillas),5.5,San Mateo Atarasquillo,17625.5,5.55,0.8,19.3232085,-99.4722405,2,"1,3",1,2025,False,estatal
S0500,15_DV2026_Mexico,EM-036,Amomolulco - T. C. (Toluca - Palmillas),9.5,San Nicolás Peralta,10782.0,6.5,0.4,19.356564,-99.48371,1,1,1,2025,False,estatal
S0501,15_DV2026_Mexico,EM-036,Amomolulco - T. C. (Toluca - Palmillas),15.5,Colonia Álvaro Obregón,10570.5,6.5,0.7,19.3765495,-99.4929355,2,"1,3",1,2025,False,estatal
S0502,15_DV2026_Mexico,EM-036,Amomolulco - T. C. (Toluca - Palmillas),19.1,X. C. Naucalpan - Toluca,17929.5,5.05,0.8,19.4058835,-99.52150900000001,2,"1,3",1,2025,False,estatal
S0503,15_DV2026_Mexico,EM-036,Amomolulco - T. C. (Toluca - Palmillas),24.0,Villa Cuauhtémoc,13660.5,6.6,0.85,19.421158499999997,-99.563254,2,"1,3",1,2025,False,estatal
S0504,15_DV2026_Mexico,EM-036,Amomolulco - T. C. (Toluca - Palmillas),29.1,X. C. Toluca - Temoaya,10320.0,7.25,0.75,19.44022,-99.60469850000001,2,"1,3",1,2025,False,estatal
S0505,15_DV2026_Mexico,EM-036,Amomolulco - T. C. (Toluca - Palmillas),31.7,T. Der. San Diego Alcalá,5837.0,2.8,0.6,19.458231,-99.624056,1,3,1,2025,False,estatal
S0506,15_DV2026_Mexico,EM-036,Amomolulco - T. C. (Toluca - Palmillas),36.1,Tlachaloya,4561.0,3.35,0.6499999999999999,19.469388,-99.65553399999999,2,"1,3",1,2025,False,estatal
S0507,15_DV2026_Mexico,EM-036,Amomolulco - T. C. (Toluca - Palmillas),43.0,Antonio Alzate,3142.0,9.9,0.5,19.466616,-99.704369,1,3,1,2025,False,estatal
S0508,15_DV2026_Mexico,EM-036,Amomolulco - T. C. (Toluca - Palmillas),46.6,T. C. Toluca - Palmillas,4374.0,6.5,0.7,19.442355,-99.724323,1,1,1,2025,False,estatal
S0509,15_DV2026_Mexico,EM-043,Nicolás Romero - T. C. (Ixtlahuaca de R. - Naucalpan),0.0,Nicolás Romero,12461.0,6.6,0.7,19.609447,-99.32863,1,3,1,2025,False,estatal
S0510,15_DV2026_Mexico,EM-043,Nicolás Romero - T. C. (Ixtlahuaca de R. - Naucalpan),15.5,Tlazala de Fabela,4282.0,9.0,0.4,19.566014,-99.408573,1,1,1,2025,False,estatal
S0511,15_DV2026_Mexico,EM-043,Nicolás Romero - T. C. (Ixtlahuaca de R. - Naucalpan),28.4,T. C. Ixtlahuaca de Rayón - Naucalpan,1460.0,8.1,0.3,19.534118,-99.450657,1,1,1,2025,False,estatal
S0512,15_DV2026_Mexico,EM-044,Mexicalcingo - Xalatlaco,0.0,Mexicalcingo,15477.0,4.553602119273761,0.4492795761452478,19.206853000000002,-99.57905,1,3,1,2025,False,estatal
S0513,15_DV2026_Mexico,EM-044,Mexicalcingo - Xalatlaco,12.6,Santiago Tianguistenco,21892.0,6.752142335099579,0.7478576649004203,19.1824405,-99.4830345,1,1,1,2025,False,estatal
S0514,15_DV2026_Mexico,EM-044,Mexicalcingo - Xalatlaco,18.6,Xalatlaco,15232.0,2.45031512605042,0.35031512605042014,19.178958,-99.4406525,1,1,1,2025,False,estatal
S0515,15_DV2026_Mexico,EM-046,T. C. (Toluca - Morelia) - Almoloya de Juárez,0.0,T. C. Toluca - Morelia,43371.0,2.750337783311429,0.2,19.304833000000002,-99.727956,1,3,1,2025,False,estatal
S0516,15_DV2026_Mexico,EM-046,T. C. (Toluca - Morelia) - Almoloya de Juárez,10.0,Almoloya de Juárez,26022.0,5.5,0.5,19.365423,-99.753428,1,1,1,2025,False,estatal
S0517,15_DV2026_Mexico,EM-050,Cuadrilla de López - Zacazonapan,0.0,Cuadrilla de López,2807.0,6.7,0.6,18.879625,-100.228128,1,3,1,2025,False,estatal
S0518,15_DV2026_Mexico,EM-050,Cuadrilla de López - Zacazonapan,9.88,Villa Luvianos,3367.0,5.8,0.2,18.938321,-100.29855,1,3,1,2025,False,estatal
S0519,15_DV2026_Mexico,EM-050,Cuadrilla de López - Zacazonapan,35.29,Zacazonapan,1599.0,6.7,0.2,19.067571,-100.26146,1,1,1,2025,False,estatal
S0520,15_DV2026_Mexico,EM-053,T. C. (Toluca - Palmillas) - Jiquipilco,3.4,T. Izq. San Pablo Autopan,9755.0,7.002491030240902,0.2,19.3683005,-99.6271625,1,3,1,2025,False,estatal
S0521,15_DV2026_Mexico,EM-053,T. C. (Toluca - Palmillas) - Jiquipilco,12.1,X. C. Lib. Nororiente de Toluca (Cuota),19011.0,6.7286498800525,0.6752696245733788,19.41117775,-99.61858475,2,"1,3",1,2025,False,estatal
S0522,15_DV2026_Mexico,EM-053,T. C. (Toluca - Palmillas) - Jiquipilco,16.1,X. C. Amomolulco - Presa Alzate,16247.0,6.298221210069551,1.1982212100695513,19.4383365,-99.606869,1,1,1,2025,False,estatal
S0523,15_DV2026_Mexico,EM-053,T. C. (Toluca - Palmillas) - Jiquipilco,20.0,Temoaya,19239.0,6.198347107438017,0.5495867768595042,19.446246000000002,-99.603152,1,1,1,2025,False,estatal
S0524,15_DV2026_Mexico,EM-053,T. C. (Toluca - Palmillas) - Jiquipilco,37.0,Jiquipilco,5015.0,5.1,0.8,19.545679,-99.60835,1,1,1,2025,False,estatal
S0525,15_DV2026_Mexico,EM-057,T. C. (Dos Casas - Ixtapan del Oro) - Donato Guerra,0.0,T. C. Dos Casas - Ixtapan del Oro,2592.0,3.0,0.4,19.316561,-100.214857,1,3,1,2025,False,estatal
S0526,15_DV2026_Mexico,EM-057,T. C. (Dos Casas - Ixtapan del Oro) - Donato Guerra,9.0,Donato Guerra,3083.0,2.9,0.3,19.304497,-100.157171,1,1,1,2025,False,estatal
S0527,15_DV2026_Mexico,EM-071,Temascaltepec de González - Zuluapan,0.0,T. Temascaltepec de González,1953.0,9.7,0.4,19.059494,-100.058757,1,3,1,2025,False,estatal
S0528,15_DV2026_Mexico,EM-071,Temascaltepec de González - Zuluapan,33.0,Zacazonapan,1244.5,6.35,0.6000000000000001,19.0735035,-100.25283250000001,2,"1,3",1,2025,False,estatal
S0529,15_DV2026_Mexico,EM-071,Temascaltepec de González - Zuluapan,47.0,Zuluapan,964.0,4.0,0.4,19.137912,-100.307979,1,1,1,2025,False,estatal
S0530,15_DV2026_Mexico,EM-086,Temascaltepec de González - El Fresno,0.0,Temascaltepec,3850.0,4.0,0.3,19.051049,-100.053443,1,3,1,2025,False,estatal
S0531,15_DV2026_Mexico,EM-086,Temascaltepec de González - El Fresno,5.1,T. Izq. Zacazonapan,3148.5,5.8,0.7,19.059835,-100.05783,2,"1,3",1,2025,False,estatal
S0532,15_DV2026_Mexico,EM-086,Temascaltepec de González - El Fresno,18.35,El Fresno,8226.0,5.7,1.8,19.14488,-100.0677,1,1,1,2025,False,estatal
S0533,15_DV2026_Mexico,EM-383,T. C. (Toluca - Morelia) - San Nicolás Guadalupe,0.0,T. C. (Toluca - Morelía),4998.0,2.1,0.3,19.427914,-99.890129,1,3,1,2025,False,estatal
S0534,15_DV2026_Mexico,EM-383,T. C. (Toluca - Morelia) - San Nicolás Guadalupe,10.38,Yebuciví,2738.0,2.2,0.25,19.502964,-99.90573549999999,2,"1,3",1,2025,False,estatal
S0535,15_DV2026_Mexico,EM-383,T. C. (Toluca - Morelia) - San Nicolás Guadalupe,22.31,T. Der. San Pedro el Alto,2838.5,2.75,0.25,19.587504,-99.9640095,2,"1,3",1,2025,False,estatal
S0536,15_DV2026_Mexico,EM-383,T. C. (Toluca - Morelia) - San Nicolás Guadalupe,35.71,San Nicolás Guadalupe,2126.0,4.6,0.2,19.629861,-100.039913,1,1,1,2025,False,estatal
S0537,15_DV2026_Mexico,EM-623,Polotitlán - Taxhie,0.0,Polotitlán,6799.0,7.547830563318135,0.6,20.2312945,-99.82736,1,3,1,2025,False,estatal
S0538,15_DV2026_Mexico,EM-623,Polotitlán - Taxhie,11.0,Taxhie,5023.0,8.1,1.2,20.229963,-99.893596,1,1,1,2025,False,estatal
S0539,15_DV2026_Mexico,EM-D,Lerma - Tenango (Cuota),0.0,T. C. México - Toluca,16501.0,8.6,2.2,19.271758,-99.520568,1,3,1,2025,True,estatal
S0540,15_DV2026_Mexico,EM-D,Lerma - Tenango (Cuota),11.0,X. C. Mexicalcingo - Xalatlaco,6396.0,15.6,4.3,19.172672,-99.530576,1,3,1,2025,True,estatal
S0541,15_DV2026_Mexico,EM-D,Libramiento Nororiente de Toluca (Cuota),0.0,T. C. México - Toluca,23609.0,15.191494768944047,5.549468423059003,19.2980745,-99.5211855,1,3,1,2025,True,estatal
S0542,15_DV2026_Mexico,EM-D,Libramiento Nororiente de Toluca (Cuota),12.0,X. C. Naucalpan - Toluca,18988.5,14.668833891434383,5.0731543667328705,19.37761275,-99.55183575000001,2,"1,3",1,2025,True,estatal
S0543,15_DV2026_Mexico,EM-D,Libramiento Nororiente de Toluca (Cuota),29.5,T. C. Toluca - Palmillas,30274.0,12.851347691088062,4.400898460725375,19.393372499999998,-99.664598,1,1,1,2025,True,estatal
S0544,15_DV2026_Mexico,EM-D,Ramal a Valle de Bravo (Cuota),30.0,P. C. Ramal a Valle de Bravo,5387.0,3.4,1.3,19.331881,-99.996848,1,3,1,2025,True,estatal
S0545,15_DV2026_Mexico,EM-D,Ramal al Circuito Exterior Mexiquense (Cuota),0.0,T. C. Chamapa - Lechería (Cuota),33703.0,15.408705456487553,1.7956472717562235,19.6316995,-99.21163,1,3,1,2025,True,estatal
S0546,15_DV2026_Mexico,EM-D,Ramal al Circuito Exterior Mexiquense (Cuota),5.28,X. C. México - Querétaro,40331.0,16.839877513575168,2.1479755027150333,19.638142000000002,-99.18173300000001,1,3,1,2025,True,estatal
S0547,15_DV2026_Mexico,EM-D,Ramal al Circuito Exterior Mexiquense (Cuota),8.49,Plaza de Cobro T-5 Tultitlán,50839.0,17.809543854127735,2.602385963531934,19.6476285,-99.1497215,1,3,1,2025,True,estatal
S0548,15_DV2026_Mexico,EM-D,Ramal al Circuito Exterior Mexiquense (Cuota),20.0,T.C. Circuito Exterior Mexiquense,24606.0,21.451654068113466,1.5033081362269365,19.682996000000003,-99.1106135,1,1,1,2025,True,estatal
S0549,15_DV2026_Mexico,EM-D,Toluca - Ixtapan de La Sal (Cuota),0.0,T. C. Toluca - Axixintla,10168.0,4.927134146341464,2.4545731707317073,19.1094725,-99.644767,1,3,1,2025,True,estatal
S0550,15_DV2026_Mexico,EM-D,Toluca - Ixtapan de La Sal (Cuota),45.0,Ixtapan de La Sal,9220.0,9.2,2.1521583514099785,18.8578385,-99.66414599999999,1,1,1,2025,True,estatal
S0551,15_DV2026_Mexico,EM-D,Toluca - Naucalpan (Cuota),4.5,X. C. Libramiento Nororiente de Toluca (Cuota),10450.0,10.434043437175877,1.4221135343168698,19.3305065,-99.51544299999999,2,"1,3",1,2025,True,estatal
S0552,15_DV2026_Mexico,EM-D,Toluca - Naucalpan (Cuota),10.0,X. C. Amomolulco - T. C. (Toluca - Palmillas),11066.0,12.492409181275981,2.2025302729080067,19.355979,-99.47697450000001,1,3,1,2025,True,estatal
S0553,15_DV2026_Mexico,EM-D,Toluca - Naucalpan (Cuota),25.0,Ent. Santa Cruz Ayotuzco,12693.0,11.103789490270227,3.3,19.4074195,-99.3715,1,3,1,2025,True,estatal
S0554,15_DV2026_Mexico,EM-D,Toluca - Zitácuaro (Cuota),0.0,T. C. Toluca - Palmillas,10435.0,9.637105893627215,3.2457019645424054,19.385692499999998,-99.756654,1,3,1,2025,True,estatal
S0555,15_DV2026_Mexico,EM-D,Toluca - Zitácuaro (Cuota),10.4,T. C. Toluca - Morelia,6641.0,8.253862370124981,2.9538623701249813,19.380246,-99.817218,1,3,1,2025,True,estatal
S0556,15_DV2026_Mexico,EM-D,Toluca - Zitácuaro (Cuota),39.6,T. C. El Monumento - Tingambato,3581.0,11.757888857860934,3.5936889137112535,19.3953,-100.0615865,1,1,1,2025,True,estatal
S0557,15_DV2026_Mexico,EM-D,Viaducto Bicentenario,0.4,X. Av. Río San Joaquín,74299.0,1.4974279599994615,0.3,19.46183,-99.2226845,1,3,1,2025,True,estatal
S0558,15_DV2026_Mexico,EM-D,Viaducto Bicentenario,3.3,X. Av. Via Gustavo Baz,56922.0,0.9975404940093462,0.15122975299532695,19.482698,-99.23356749999999,1,3,1,2025,True,estatal
S0559,15_DV2026_Mexico,EM-D-MEX-057-D,Circuito Exterior Mexiquense (Cuota),0.0,T. C. México - Querétaro,17850.0,26.34675630252101,6.0467563025210085,19.822146500000002,-99.23651050000001,1,3,1,2025,True,estatal
S0560,15_DV2026_Mexico,EM-D-MEX-057-D,Circuito Exterior Mexiquense (Cuota),15.0,X. C. Cuautitlán - Zumpango,26564.5,26.89771970338752,4.650167113758538,19.745275749999998,-99.11917875,2,"1,3",1,2025,True,estatal
S0561,15_DV2026_Mexico,EM-D-MEX-057-D,Circuito Exterior Mexiquense (Cuota),34.0,X. C. Tepexpan - Ecatepec,43002.0,25.688335426259243,4.2,19.660303,-99.0637365,1,1,1,2025,True,estatal
S0562,15_DV2026_Mexico,EM-D-MEX-057-D,Circuito Exterior Mexiquense (Cuota),35.2,X. C. México - Pachuca (Cuota),54204.0,19.32083979042137,2.491668511548963,19.5915515,-99.030521,1,3,1,2025,True,estatal
S0563,15_DV2026_Mexico,EM-D-MEX-057-D,Circuito Exterior Mexiquense (Cuota),39.0,Plaza de Cobro Conmex,41650.0,22.66014405762305,2.5450180072028816,19.560493,-99.013903,1,3,1,2025,True,estatal
S0564,15_DV2026_Mexico,EM-D-MEX-057-D,Circuito Exterior Mexiquense (Cuota),49.0,T. Der. Periférico de la Ciudad de México,44127.0,21.6,2.8,19.512279,-99.0146995,1,1,1,2025,True,estatal
S0565,15_DV2026_Mexico,EM-D-MEX-057-D,Circuito Exterior Mexiquense (Cuota),51.3,T. C. Autopista Peñón - Texcoco,28106.0,25.346915249412937,2.953084750587063,19.4765805,-99.0134415,1,1,1,2025,True,estatal
S0566,15_DV2026_Mexico,EM-HGO,Jilotepec - Maravillas,0.0,Jilotepec,10927.0,4.8,0.4,19.955859,-99.558989,1,3,1,2025,False,estatal
S0567,15_DV2026_Mexico,EM-HGO,Jilotepec - Maravillas,21.3,X. C. México - Querétaro (Cuota),3970.5,6.5,1.5,20.08701,-99.62939449999999,2,"1,3",1,2025,False,estatal
S0568,15_DV2026_Mexico,EM-HGO,Jilotepec - Maravillas,29.0,Acazuchitlán,2994.0,6.6,1.6,20.139,-99.602662,1,1,1,2025,False,estatal
S0569,15_DV2026_Mexico,EM-HGO,Jilotepec - Maravillas,36.4,Maravillas,2107.0,5.4,2.1,20.198188,-99.584478,1,1,1,2025,False,estatal
S0570,15_DV2026_Mexico,EM-HGO,Jilotepec - Maravillas,40.0,T. C. El Saucillo - Amealco,3771.0,6.4,1.2,20.231581,-99.594541,1,1,1,2025,False,estatal
S0571,15_DV2026_Mexico,EM-HGO,Los Reyes - El Tephé,1.35,Los Reyes,19091.0,7.202152846891206,0.4,19.769148,-98.995215,1,3,1,2025,False,estatal
S0572,15_DV2026_Mexico,EM-HGO,Los Reyes - El Tephé,15.35,Zumpango,23401.5,6.525250111160516,0.44999999999999996,19.80654675,-99.09482424999999,2,"1,3",1,2025,False,estatal
S0573,15_DV2026_Mexico,EM-HGO,Los Reyes - El Tephé,29.0,Tequixquiac,10714.0,8.5,1.4,19.882477,-99.137153,1,1,1,2025,False,estatal
S0574,15_DV2026_Mexico,EM-HGO,Los Reyes - El Tephé,39.0,Apaxco,11125.0,9.599155056179775,0.5502112359550562,19.983187,-99.178973,1,3,1,2025,False,estatal
S0575,15_DV2026_Mexico,EM-HGO,Los Reyes - El Tephé,42.0,T. Izq. Atotonilco (1º Acceso),11150.0,13.0,0.5,19.990533,-99.18474,1,1,1,2025,False,estatal
S0576,15_DV2026_Mexico,EM-HGO,Los Reyes - El Tephé,50.0,X. C. Arco Norte de La Ciudad de México,14913.0,9.24837390196473,1.048373901964729,20.0695975,-99.2206415,1,3,1,2025,False,estatal
S0577,15_DV2026_Mexico,EM-HGO,Los Reyes - El Tephé,52.0,Tlaxcoapan,9054.0,5.15284956925116,1.1509498564170535,20.1033105,-99.221632,1,3,1,2025,False,estatal
S0578,15_DV2026_Mexico,EM-HGO,Los Reyes - El Tephé,60.0,Tlahuelilpan,21624.0,6.70381982981872,1.1491814650388457,20.1499765,-99.2342175,1,3,1,2025,False,estatal
S0579,15_DV2026_Mexico,EM-HGO,Los Reyes - El Tephé,72.0,Progreso,26461.0,5.059854124938589,0.8514077321340843,20.2367585,-99.19570300000001,1,1,1,2025,False,estatal
S0580,15_DV2026_Mexico,EM-HGO,Los Reyes - El Tephé,97.0,El Tephé,9575.0,8.9,0.7,20.434858,-99.172151,1,1,1,2025,False,estatal
S0581,15_DV2026_Mexico,EM-HGO,Otumba - Tizayuca,0.0,Otumba,4487.0,1.4,0.2,19.712366,-98.75799,1,3,1,2025,False,estatal
S0582,15_DV2026_Mexico,EM-HGO,Otumba - Tizayuca,6.0,X. C. Venta de Carpio - Tulancingo,5877.0,3.1497022290284162,0.2,19.760223500000002,-98.759496,1,3,1,2025,False,estatal
S0583,15_DV2026_Mexico,EM-HGO,Otumba - Tizayuca,26.5,Temascalapa,7395.0,4.951737660581474,0.4,19.8302605,-98.9142185,1,3,1,2025,False,estatal
S0584,15_DV2026_Mexico,EM-HGO,Otumba - Tizayuca,37.1,Tizayuca,17089.0,6.0874422142898945,0.5,19.839208499999998,-98.967322,1,1,1,2025,False,estatal
S0585,15_DV2026_Mexico,EM-HGO,T. C. (Los Reyes - El Tephé) - Tizayuca,0.0,T. C. Los Reyes - El Tephé,7571.0,9.1,0.7,19.784008,-99.025884,1,3,1,2025,False,estatal
S0586,15_DV2026_Mexico,EM-HGO,T. C. (Los Reyes - El Tephé) - Tizayuca,8.0,Tizayuca,10642.0,12.1,0.6,19.82553,-98.990997,1,1,1,2025,False,estatal
S0587,15_DV2026_Mexico,MEX-015,Toluca - Morelia,1.0,X. C. Libramiento de Toluca,94464.0,5.6,0.8,19.287953,-99.68497550000001,1,3,1,2025,False,federal
S0588,15_DV2026_Mexico,MEX-015,Toluca - Morelia,4.7,T. Der. Almoloya de Juárez,50892.0,6.699999999999999,0.5,19.293688500000002,-99.723866,1,3,1,2025,False,federal
S0589,15_DV2026_Mexico,MEX-015,Toluca - Morelia,7.5,T. Izq. Valle de Bravo,25503.0,4.148159040112928,0.9000000000000001,19.310025500000002,-99.756384,1,3,1,2025,False,federal
S0590,15_DV2026_Mexico,MEX-015,Toluca - Morelia,13.95,T. Der. Almoloya de Juárez,26659.5,3.4,0.9,19.3341055,-99.7886175,2,"1,3",1,2025,False,federal
S0591,15_DV2026_Mexico,MEX-015,Toluca - Morelia,20.3,X. C. Toluca - Zitácuaro (Cuota),24807.0,4.199999999999999,0.8,19.3748705,-99.806899,2,"1,3",1,2025,False,federal
S0592,15_DV2026_Mexico,MEX-015,Toluca - Morelia,46.39,T. Der. Villa Victoria,17048.0,4.2,1.35,19.416849499999998,-100.000934,2,"1,3",1,2025,False,federal
S0593,15_DV2026_Mexico,MEX-015,Toluca - Morelia,54.4,T. Izq. Valle de Bravo,9059.5,4.65,0.95,19.39769,-100.068278,2,"1,3",1,2025,False,federal
S0594,15_DV2026_Mexico,MEX-015,Toluca - Morelia,64.08,T. Izq. Villa de Allende,5959.0,13.9,1.35,19.411513499999998,-100.1348915,2,"1,3",1,2025,False,federal
S0595,15_DV2026_Mexico,MEX-015,Toluca - Morelia,86.19,T. Der. Toluca (Cuota),3626.0,12.5,1.6,19.449251,-100.282823,1,1,1,2025,False,federal
S0596,15_DV2026_Mexico,MEX-015,Toluca - Morelia,92.8,T. Der. Libramiento de Heróica Zitácuaro,16764.5,9.431345628980232,1.9221156231908032,19.45588875,-100.31651725,2,"1,3",1,2025,False,federal
S0597,15_DV2026_Mexico,MEX-015,Toluca - Morelia,106.33,T. Der. Angangueo,16215.5,9.95,1.75,19.48939,-100.3744355,2,"1,3",1,2025,False,federal
S0598,15_DV2026_Mexico,MEX-015,Toluca - Morelia,108.0,T. Der. Zirahuato,10659.0,8.3,1.6,19.484849,-100.394292,1,3,1,2025,False,federal
S0599,15_DV2026_Mexico,MEX-015,Toluca - Morelia,114.3,T. Izq. Jungapeo,7989.0,9.25,1.95,19.4837085,-100.4415315,2,"1,3",1,2025,False,federal
S0600,15_DV2026_Mexico,MEX-015,Toluca - Morelia,125.0,Tuxpan,11206.0,8.975467686284551,2.12518471221381,19.565255,-100.46892774999999,2,"1,3",1,2025,False,federal
S0601,15_DV2026_Mexico,MEX-015,Toluca - Morelia,144.61,Cd. Hidalgo,11688.0,9.899999999999999,1.6,19.6859545,-100.55930599999999,2,"1,3",1,2025,False,federal
S0602,15_DV2026_Mexico,MEX-015,Toluca - Morelia,168.0,T. Der. Huajúmbaro,2422.5,9.35,0.7999999999999999,19.670530499999998,-100.7396085,2,"1,3",1,2025,False,federal
S0603,15_DV2026_Mexico,MEX-015,Toluca - Morelia,188.3,T. Izq. Tzitzio,548.0,13.4,0.3,19.650476,-100.944632,1,1,1,2025,False,federal
S0604,15_DV2026_Mexico,MEX-015,Toluca - Morelia,225.0,T. Der. de Los Triguillos,3964.0,11.2,0.3,19.685399,-101.034,1,1,1,2025,False,federal
S0605,15_DV2026_Mexico,MEX-015,Toluca - Morelia,238.6,Periférico de Morelia,34695.0,2.9476322236633523,0.647632223663352,19.6925905,-101.14452750000001,1,1,1,2025,False,federal
S0606,15_DV2026_Mexico,MEX-015D,Atlacomulco - Maravatío (Cuota),99.5,T. C. Toluca - Palmillas,19565.0,22.299999999999997,8.648612317914642,19.828319999999998,-99.886523,1,3,1,2025,True,federal
S0607,15_DV2026_Mexico,MEX-015D,Atlacomulco - Maravatío (Cuota),107.5,Plaza de Cobro San Juanico,16970.0,32.9,3.8,19.837801,-99.945463,1,2,1,2025,True,federal
S0608,15_DV2026_Mexico,MEX-015D,Atlacomulco - Maravatío (Cuota),129.0,T. Der. Tepetongo,19906.0,26.0,5.247513312569074,19.872746,-100.1215415,1,1,1,2025,True,federal
S0609,15_DV2026_Mexico,MEX-015D,Atlacomulco - Maravatío (Cuota),132.9,T. Izq. Tlalpujahua,20522.0,25.29090731897476,6.10303089367508,19.878964500000002,-100.169254,1,1,1,2025,True,federal
S0610,15_DV2026_Mexico,MEX-015D,Atlacomulco - Maravatío (Cuota),134.15,Plaza de Cobro Contepec,14976.0,37.1,4.1,19.875682,-100.188079,1,2,1,2025,True,federal
S0611,15_DV2026_Mexico,MEX-015D,Atlacomulco - Maravatío (Cuota),156.77,T. Izq. Maravatío,17379.0,28.280062143966855,5.745468669083376,19.896047,-100.3796,1,1,1,2025,True,federal
S0612,15_DV2026_Mexico,MEX-015D,Atlacomulco - Maravatío (Cuota),163.7,X. C. Maravatío - Acámbaro,16459.0,21.459432529315265,7.1,19.9097845,-100.445655,1,1,1,2025,True,federal
S0613,15_DV2026_Mexico,MEX-015D,La Marquesa - Lerma (Cuota),35.2,T. C. México - Toluca,21475.0,14.944186263096624,2.051585564610012,19.300477,-99.38102,1,3,1,2025,True,federal
S0614,15_DV2026_Mexico,MEX-015D,La Marquesa - Lerma (Cuota),41.16,Plaza de Cobro La Marquesa T2,19530.0,5.2,0.6,19.290514,-99.434406,1,2,1,2025,True,federal
S0615,15_DV2026_Mexico,MEX-055,Libramiento Sur de Acambay,0.0,T. C. Toluca - Palmillas Sur,7441.0,34.0,6.0,19.937382,-99.844299,1,3,1,2025,False,federal
S0616,15_DV2026_Mexico,MEX-055D,Libramiento Norte de la Ciudad de México (Cuota),12.9,X. C. Toluca - Palmillas,13313.0,30.72661621843479,7.700927688798837,19.91962325,-99.84390975,2,"1,3",1,2025,True,federal
S0617,15_DV2026_Mexico,MEX-055D,Libramiento Norte de la Ciudad de México (Cuota),48.7,C. P. Jilotepec,15146.5,30.72419131320866,8.074447637641732,19.97465075,-99.527168,2,"1,3",1,2025,True,federal
S0618,15_DV2026_Mexico,MEX-055D,Libramiento Norte de la Ciudad de México (Cuota),54.0,X. C. México - Querétaro,19122.0,35.914517309904824,7.8,20.003084,-99.48358300000001,1,3,1,2025,True,federal
S0619,15_DV2026_Mexico,MEX-055D,Libramiento Norte de la Ciudad de México (Cuota),55.0,Plaza de Cobro Querétaro,19360.0,44.39545454545455,2.2,19.998714,-99.487788,1,3,1,2025,True,federal
S0620,15_DV2026_Mexico,MEX-055D,Libramiento Norte de la Ciudad de México (Cuota),79.0,X. C. Ent. Tepeji del Río - Tlahuelilpan,23563.0,33.07201323453192,6.747294575666142,20.09576475,-99.28068125,2,"1,3",1,2025,True,federal
S0621,15_DV2026_Mexico,MEX-055D,Libramiento Norte de la Ciudad de México (Cuota),86.4,X. C. Los Reyes - El Tephé,25803.5,35.00230506629097,5.37200862518021,20.067530750000003,-99.22089449999999,2,"1,3",1,2025,True,federal
S0622,15_DV2026_Mexico,MEX-055D,Libramiento Norte de la Ciudad de México (Cuota),108.6,X. C. (Los Reyes - El Tephé) - Tianguistongo,24963.5,33.67505970264232,5.751089570108348,19.9569345,-99.05722800000001,2,"1,3",1,2025,True,federal
S0623,15_DV2026_Mexico,MEX-055D,Libramiento Norte de la Ciudad de México (Cuota),127.3,X. C. México - Pachuca,22583.0,37.875193764555334,5.848810853051766,19.929581499999998,-98.89071375,2,"1,3",1,2025,True,federal
S0624,15_DV2026_Mexico,MEX-055D,Libramiento Norte de la Ciudad de México (Cuota),151.11,X. C. Venta de Carpio - T. C. (Pachuca - Tulancingo),19147.5,37.01688082871419,5.0256433401366145,19.83407225,-98.70063024999999,2,"1,3",1,2025,True,federal
S0625,15_DV2026_Mexico,MEX-055D,Libramiento Norte de la Ciudad de México (Cuota),162.55,X. C. Ent. Tolman - Cd. Sahagún,20062.0,39.79721320355255,7.72766396166438,19.7518125,-98.62703275,2,"1,3",1,2025,True,federal
S0626,15_DV2026_Mexico,MEX-055D,Libramiento Norte de la Ciudad de México (Cuota),180.39,X. C. Calpulallpan - El Ocote,25413.5,38.93317994523838,6.773801076107299,19.624038249999998,-98.55088925,2,"1,3",1,2025,True,federal
S0627,15_DV2026_Mexico,MEX-055D,Libramiento Norte de la Ciudad de México (Cuota),196.7,X. C. Los Reyes - Zacatepec,19849.0,36.135432373286065,5.151896193492056,19.51433925,-98.46989975,2,"1,3",1,2025,True,federal
S0628,15_DV2026_Mexico,MEX-055D,Libramiento Norte de la Ciudad de México (Cuota),220.95,X. C. San Martín Texmelucan - Tlaxcala - El Molinito,20262.5,31.391119557705597,6.597594952582463,19.302354,-98.40887125,2,"1,3",1,2025,True,federal
S0629,15_DV2026_Mexico,MEX-055D,Libramiento Norte de la Ciudad de México (Cuota),222.0,Plaza de Cobro San Martín Texmelucan,16035.0,46.60000000000001,2.1,19.301809,-98.409588,1,1,1,2025,True,federal
S0630,15_DV2026_Mexico,MEX-055D,Libramiento Norte de la Ciudad de México (Cuota),226.73,T. C. México - Puebla (Cuota),20880.0,27.951748084291186,6.848251915708811,19.270059500000002,-98.4199175,1,1,1,2025,True,federal
S0631,15_DV2026_Mexico,MEX-057D,Chamapa - Lechería (Cuota),11.1,X. C. Naucalpan - Toluca,37391.0,14.74997191837608,2.5,19.4502375,-99.303089,1,3,1,2025,True,federal
S0632,15_DV2026_Mexico,MEX-057D,Chamapa - Lechería (Cuota),28.7,X. C. Tlalnepantla - San Gabriel,64836.5,11.423126002928106,2.049225073573571,19.5805535,-99.26603175,2,"1,3",1,2025,True,federal
S0633,15_DV2026_Mexico,MEX-057D,Chamapa - Lechería (Cuota),38.21,T. C. México - Querétaro,36495.0,12.344312919578023,1.1983751198794357,19.608353,-99.21481399999999,1,1,1,2025,True,federal
S0634,15_DV2026_Mexico,MEX-057D,Ramal al AIFA (Cuota),0.0,T. C. Circuito Exterior Mexiquense,36614.0,5.254752280548424,0.7484159064838587,19.707663,-99.07668000000001,1,3,1,2025,True,federal
S0635,15_DV2026_Mexico,MEX-085,Ramal a Base Militar Santa Lucía,0.0,T. C. México - Pachuca (Cuota),28109.0,7.9497954391831795,1.65020456081682,19.7438035,-98.9624065,1,3,1,2025,False,federal
S0636,15_DV2026_Mexico,MEX-085,Ramal al Aeropuerto Internacional Felipe Angeles,14.3,AIFA,23409.0,3.5018497159212267,0.2,19.7136325,-99.0382505,1,1,1,2025,False,federal
S0637,15_DV2026_Mexico,MEX-085,Via Perimetral AIFA,0.0,T. C. Ramal al AIFA (Cuota),22862.0,4.401495932114425,1.100498644038142,19.73567,-99.053077,1,3,1,2025,False,federal
S0638,15_DV2026_Mexico,MEX-085,Via Perimetral AIFA,9.0,Entrada Terminal de Carga,21288.0,3.9479428505329928,0.9191788285621587,19.76277,-98.99099575,2,"1,3",1,2025,False,federal
S0639,15_DV2026_Mexico,MEX-087,Ent. Jorobas - Tula,0.0,T. C. México - Querétaro (Cuota),36185.0,12.702503799917093,2.1987481000414535,19.834522999999997,-99.243545,1,3,1,2025,False,federal
S0640,15_DV2026_Mexico,MEX-087,Ent. Jorobas - Tula,21.5,T. Der. Atotonilco,19543.0,14.98119531289976,2.196239062579952,20.015397,-99.247454,1,1,1,2025,False,federal
S0641,15_DV2026_Mexico,MEX-087,Ent. Jorobas - Tula,37.7,Tula de Allende,36198.0,11.74982043206807,2.0498204320680697,20.061328500000002,-99.280079,1,1,1,2025,False,federal
S0642,15_DV2026_Mexico,MEX-106-EM,Tres Marías - Santa Martha,0.0,Tres Marías,7527.0,4.7,1.4,19.048627,-99.249141,1,3,1,2025,False,federal
S0643,15_DV2026_Mexico,MEX-106-EM,Tres Marías - Santa Martha,28.35,Santa Martha,4512.0,8.9,2.3,19.062343,-99.379742,1,1,1,2025,False,federal
S0644,15_DV2026_Mexico,MEX-113,T. C. (San Gregorio - Oaxtepec) - Juchitepec,0.0,T. C. San Gregorio - Oaxtepec,2878.0,4.1,0.9,19.114787,-98.927954,1,3,1,2025,False,federal
S0645,15_DV2026_Mexico,MEX-115,Libramiento de Amecameca,25.0,T. C. Sta. Barbara - Izucar de Matamoros (Norte),26264.0,14.997791653975023,1.1516562595187327,19.1436705,-98.77596600000001,1,3,1,2025,False,federal
S0646,15_DV2026_Mexico,MEX-115,Libramiento de Amecameca,30.46,T. C. Sta. Barbara - Izucar de Matamoros (Sur),21488.0,11.1,0.9,19.11324,-98.780347,1,1,1,2025,False,federal
S0647,15_DV2026_Mexico,MEX-115,Libramiento de Tlalmanalco de Velázquez,0.0,T. C. Sta. Bárbara - Izúcar de Matamoros (Norte),30466.0,10.04887415479551,1.2,19.204669,-98.8193335,1,3,1,2025,False,federal
S0648,15_DV2026_Mexico,MEX-115,Libramiento de Tlalmanalco de Velázquez,4.4,T. C. Sta. Bárbara - Izúcar de Matamoros (Sur),33830.0,10.295613360922259,1.946710020691694,19.189715,-98.80146500000001,1,1,1,2025,False,federal
S0649,15_DV2026_Mexico,MEX-115,T. C. (Santa Bárbara - Huajuapan) - Tlamacas,0.0,T. C. Santa Bárbara - Izúcar de Matamoros,5655.0,10.3,0.7,19.109456,-98.7744,1,3,1,2025,False,federal
S0650,15_DV2026_Mexico,MEX-115,T. C. (Santa Bárbara - Huajuapan) - Tlamacas,6.0,San Pedro Nexapa,2284.0,7.1,0.45,19.084383000000003,-98.7358485,2,"1,3",1,2025,False,federal
S0651,15_DV2026_Mexico,MEX-115-160,Santa Bárbara - Izúcar de Matamoros,0.0,T. C. México - Puebla (Libre),41839.0,5.845249647458113,0.7980998589832453,19.3109715,-98.8966005,1,3,1,2025,False,federal
S0652,15_DV2026_Mexico,MEX-115-160,Santa Bárbara - Izúcar de Matamoros,3.61,X. C. México - Puebla (Cuota),78783.0,10.068165842922587,0.9251341544150637,19.294061,-98.88291325,2,"1,3",1,2025,False,federal
S0653,15_DV2026_Mexico,MEX-115-160,Santa Bárbara - Izúcar de Matamoros,8.0,Chalco,62070.0,9.650799779371207,0.9738003309431882,19.24608,-98.8671325,1,3,2,2025,False,federal
S0654,15_DV2026_Mexico,MEX-115-160,Santa Bárbara - Izúcar de Matamoros,12.46,T. Der. Juchitepec,51098.0,10.350716270695527,1.2000000000000002,19.2318845,-98.844682,1,3,1,2025,False,federal
S0655,15_DV2026_Mexico,MEX-115-160,Santa Bárbara - Izúcar de Matamoros,15.0,T. Der. Libramiento de Tlalmanalco de Velázquez,43290.0,8.754518364518365,1.6575306075306075,19.217789500000002,-98.83023299999999,1,1,1,2025,False,federal
S0656,15_DV2026_Mexico,MEX-115-160,Santa Bárbara - Izúcar de Matamoros,20.51,Tlalmanalco,12497.0,4.55,0.4,19.202516000000003,-98.809828,2,"1,3",1,2025,False,federal
S0657,15_DV2026_Mexico,MEX-115-160,Santa Bárbara - Izúcar de Matamoros,28.0,Amecameca de Juárez,18408.5,9.54710134149088,0.5979414981664042,19.120829999999998,-98.776571,2,"1,3",1,2025,False,federal
S0658,15_DV2026_Mexico,MEX-115-160,Santa Bárbara - Izúcar de Matamoros,38.81,T. Izq. Ozumba (Iº Acceso),22219.5,13.75,1.0,19.05361,-98.78972,2,"1,3",1,2025,False,federal
S0659,15_DV2026_Mexico,MEX-115-160,Santa Bárbara - Izúcar de Matamoros,42.29,Tepetlixpa,10319.0,9.2,2.2,19.020302,-98.824517,1,3,1,2025,False,federal
S0660,15_DV2026_Mexico,MEX-115-160,Santa Bárbara - Izúcar de Matamoros,58.95,T. Der. Atlatlahucan,20096.0,9.447706011146497,1.3954120222929935,18.929806499999998,-98.886853,1,1,1,2025,False,federal
S0661,15_DV2026_Mexico,MEX-115-160,Santa Bárbara - Izúcar de Matamoros,62.99,T. Izq. Tetela del Volcán,33339.5,8.50176332403465,1.4020908944842205,18.901301750000002,-98.90599850000001,2,"1,3",1,2025,False,federal
S0662,15_DV2026_Mexico,MEX-115-160,Santa Bárbara - Izúcar de Matamoros,67.0,T. Izq. Libramiento de Cuautla (1º Acceso),33392.0,12.099999999999998,1.1983409199808337,18.877966,-98.921649,1,1,1,2025,False,federal
S0663,15_DV2026_Mexico,MEX-115-160,Santa Bárbara - Izúcar de Matamoros,68.9,T. Der. La Pera,50553.0,5.996346408719562,0.8963464087195617,18.856671,-98.93543149999999,1,1,1,2025,False,federal
S0664,15_DV2026_Mexico,MEX-115-160,Santa Bárbara - Izúcar de Matamoros,77.05,T. Izq. Libramiento de Cuautla (2º Acceso),41070.0,7.595320185049916,1.4523399074750425,18.790242,-98.9084665,1,3,1,2025,False,federal
S0665,15_DV2026_Mexico,MEX-115-160,Santa Bárbara - Izúcar de Matamoros,85.06,T. Der. Tlayecac,27228.5,7.0500983486979125,1.7747272108486312,18.7661035,-98.8885735,2,"1,3",1,2025,False,federal
S0666,15_DV2026_Mexico,MEX-115-160,Santa Bárbara - Izúcar de Matamoros,91.36,T. Izq. Amayuca,17958.5,9.186096133630238,2.4967777138131257,18.724359749999998,-98.8029265,2,"1,3",1,2025,False,federal
S0667,15_DV2026_Mexico,MEX-115-160,Santa Bárbara - Izúcar de Matamoros,94.7,T. C. Atlixco - Jantetelco (Cuota),6566.0,13.495491928114529,3.250563508985684,18.6991715,-98.7635595,1,3,1,2025,False,federal
S0668,15_DV2026_Mexico,MEX-115-160,Santa Bárbara - Izúcar de Matamoros,102.96,T. Der. Tenango,5904.0,14.099249061326658,3.499749687108886,18.6713845,-98.733126,2,"1,3",1,2025,False,federal
S0669,15_DV2026_Mexico,MEX-115-160,Santa Bárbara - Izúcar de Matamoros,134.99,X. C. Amayuca - Izúcar de Matamoros,17657.0,6.725927331507485,1.6748041047575417,18.60013875,-98.480873,2,"1,3",1,2025,False,federal
S0670,15_DV2026_Mexico,MEX-115D,Libramiento Amecameca - Nepantla (Cuota),28.6,T. C. Santa Bárbara - Izúcar de Matamoros (Norte),10732.0,14.05821841222512,3.8509131569139026,19.104967000000002,-98.7892245,1,3,1,2025,True,federal
S0671,15_DV2026_Mexico,MEX-115D,Libramiento Amecameca - Nepantla (Cuota),38.6,Plaza de Cobro Tepetlixpa,10252.0,15.8,0.9,19.046112,-98.828394,1,2,1,2025,True,federal
S0672,15_DV2026_Mexico,MEX-115D,Libramiento Amecameca - Nepantla (Cuota),51.8,T. C. Santa Bárbara - Izúcar de Matamoros (Sur),9684.0,15.1,2.8476765799256505,18.974621,-98.87592749999999,1,1,1,2025,True,federal
S0673,15_DV2026_Mexico,MEX-132,Libramiento San Martín de Las Pirámides,18.2,T. C. Ecatepec - Pirámides (Cuota),33832.0,13.692687396547647,3.7463436982738236,19.657141,-98.868753,1,3,1,2025,False,federal
S0674,15_DV2026_Mexico,MEX-132,Libramiento San Martín de Las Pirámides,30.3,X. C. Ent. Tolman - Cd. Sahagún,31550.5,15.247101322695196,3.6979807895796126,19.714994,-98.79492825,2,"1,3",1,2025,False,federal
S0675,15_DV2026_Mexico,MEX-132,Venta de Carpio - T. C. (Pachuca - Túxpam),6.42,T. Der. Texcoco,24807.0,6.3,0.65144918772927,19.610912499999998,-98.94716700000001,1,3,1,2025,False,federal
S0676,15_DV2026_Mexico,MEX-132,Venta de Carpio - T. C. (Pachuca - Túxpam),7.57,Tepexpan,22360.0,7.4,0.5520751341681573,19.6205645,-98.934879,1,3,1,2025,False,federal
S0677,15_DV2026_Mexico,MEX-132,Venta de Carpio - T. C. (Pachuca - Túxpam),12.42,Acolman,18724.0,6.8,0.8,19.632774,-98.917807,1,1,1,2025,False,federal
S0678,15_DV2026_Mexico,MEX-132,Venta de Carpio - T. C. (Pachuca - Túxpam),20.7,Teotihuacán,26073.0,7.2,0.6,19.681618,-98.86323,1,3,1,2025,False,federal
S0679,15_DV2026_Mexico,MEX-132,Venta de Carpio - T. C. (Pachuca - Túxpam),31.79,T. Der. Otumba,11488.0,7.8500000000000005,1.2000000000000002,19.720136500000002,-98.7957215,2,"1,3",1,2025,False,federal
S0680,15_DV2026_Mexico,MEX-132,Venta de Carpio - T. C. (Pachuca - Túxpam),37.85,X. C. Tizayuca - Otumba,29048.0,14.625591026053392,3.1242157902881242,19.7519125,-98.7571665,2,"1,3",1,2025,False,federal
S0681,15_DV2026_Mexico,MEX-132,Venta de Carpio - T. C. (Pachuca - Túxpam),48.0,X. C. Arco Norte de La Ciudad de México,26603.0,14.822966100539563,3.2729661005395645,19.833458999999998,-98.69978925000001,2,"1,3",1,2025,False,federal
S0682,15_DV2026_Mexico,MEX-132,Venta de Carpio - T. C. (Pachuca - Túxpam),54.0,X. C. Pachuca - Cd. Sahagún,24822.0,19.4,4.400362581580856,19.8821825,-98.65804,1,3,1,2025,False,federal
S0683,15_DV2026_Mexico,MEX-132,Venta de Carpio - T. C. (Pachuca - Túxpam),64.17,X. C. Calpulalpan - El Ocote,19461.0,17.848556750378144,2.2487630059047414,19.9215925,-98.5808235,2,"1,3",1,2025,False,federal
S0684,15_DV2026_Mexico,MEX-132,Venta de Carpio - T. C. (Pachuca - Túxpam),84.08,T. C. Pachuca - Túxpam,31729.0,13.996170695578176,3.203829304421822,20.048728,-98.4639345,1,1,1,2025,False,federal
S0685,15_DV2026_Mexico,MEX-132D,Ecatepec - Pirámides (Cuota),0.0,T. C. México - Pachuca (Cuota),21708.0,16.940132669983416,4.897180762852404,19.611055,-99.028796,1,3,1,2025,True,federal
S0686,15_DV2026_Mexico,MEX-132D,Ecatepec - Pirámides (Cuota),1.19,Plaza de Cobro Ecatepec,22782.0,16.6,5.8,19.611647,-99.025666,1,2,1,2025,True,federal
S0687,15_DV2026_Mexico,MEX-132D,Ecatepec - Pirámides (Cuota),9.73,T. Der. Texcoco,32719.0,14.340257954093952,3.4480515908187903,19.6208555,-98.9424005,1,3,1,2025,True,federal
S0688,15_DV2026_Mexico,MEX-132D,Ecatepec - Pirámides (Cuota),13.6,T. Izq. Acolman,37485.5,13.256748416419292,3.47441737100824,19.631618,-98.912889,2,"1,3",1,2025,True,federal
S0689,15_DV2026_Mexico,MEX-132D,Ecatepec - Pirámides (Cuota),21.7,X. C. Venta de Carpio - T. C. (Pachuca - Tulancingo),15231.0,5.4017530037423676,0.9491234981288161,19.667136,-98.86949899999999,1,1,1,2025,True,federal
S0690,15_DV2026_Mexico,MEX-134,Naucalpan - Toluca,3.13,T. Der. Loma Linda,106335.0,5.1843278318521655,1.5947759439507219,19.457197,-99.260899,1,3,1,2025,False,federal
S0691,15_DV2026_Mexico,MEX-134,Naucalpan - Toluca,12.72,T. Izq. Chichicaspa,17140.0,13.3,2.1,19.438153,-99.329793,1,3,1,2025,False,federal
S0692,15_DV2026_Mexico,MEX-134,Naucalpan - Toluca,39.46,T. Der. Xolotepec,14103.0,12.6,4.2,19.416017,-99.487517,1,3,1,2025,False,federal
S0693,15_DV2026_Mexico,MEX-134,Naucalpan - Toluca,51.0,X. C. Lib. Nororiente de Toluca (Cuota) Central,39441.5,9.400785616830245,1.3734188570915942,19.3792125,-99.553422,2,"1,3",1,2025,False,federal
S0694,15_DV2026_Mexico,MEX-134,Naucalpan - Toluca,51.0,X. C. Lib. Nororiente de Toluca (Cuota) Lateral,28868.0,10.975925341568342,2.073047473200613,19.37922,-99.5534015,2,"1,3",1,2025,False,federal
S0695,15_DV2026_Mexico,MEX-134,Naucalpan - Toluca,53.18,T. Izq. El Cerrillo,65836.0,12.650893128379609,1.54970229054013,19.3639185,-99.5724535,1,3,1,2025,False,federal
S0696,15_DV2026_Mexico,MEX-134,Naucalpan - Toluca,63.3,T. C. Toluca - Palmillas,62833.0,8.44841245842153,3.25158754157847,19.3169105,-99.630687,1,1,1,2025,False,federal
S0697,15_DV2026_Mexico,MEX-136,Los Reyes - Zacatepec,3.35,T. Izq. La Magdalena,103816.0,11.849213030746707,0.9492130307467057,19.380101500000002,-98.9411695,1,3,1,2025,False,federal
S0698,15_DV2026_Mexico,MEX-136,Los Reyes - Zacatepec,8.45,T. Izq. Chimalhuacán,89865.0,9.547554665331331,0.550489066933734,19.413169,-98.9201615,1,1,1,2025,False,federal
S0699,15_DV2026_Mexico,MEX-136,Los Reyes - Zacatepec,17.0,T. C. San Bernardino - Tepexpan,56001.0,8.047804889949699,0.6748543594657035,19.476923,-98.89002400000001,2,"1,3",1,2025,False,federal
S0700,15_DV2026_Mexico,MEX-136,Los Reyes - Zacatepec,23.02,Texcoco,40834.0,16.75229955429299,2.0015330361953274,19.527150499999998,-98.8581035,1,3,1,2025,False,federal
S0701,15_DV2026_Mexico,MEX-136,Los Reyes - Zacatepec,30.03,T. Izq. Tepetlaoxtoc,36793.0,17.693167178539397,2.396583589269698,19.5458545,-98.8261445,1,1,1,2025,False,federal
S0702,15_DV2026_Mexico,MEX-136,Los Reyes - Zacatepec,31.42,T. Der. San Jerónimo Amanalco,18448.0,17.1,3.450368603642671,19.550976,-98.7947415,1,3,1,2025,False,federal
S0703,15_DV2026_Mexico,MEX-136,Los Reyes - Zacatepec,42.0,T. Der. Totolapan,15884.0,19.102807856962983,2.751403928481491,19.558189,-98.7265775,1,3,1,2025,False,federal
S0704,15_DV2026_Mexico,MEX-136,Los Reyes - Zacatepec,59.58,Calpulalpan,21968.5,14.755546492659054,4.252773246329527,19.58510725,-98.55159525,2,"1,3",1,2025,False,federal
S0705,15_DV2026_Mexico,MEX-136,Los Reyes - Zacatepec,71.76,T. Der. Nanacamilpa,19197.0,16.3,4.5,19.523813,-98.478544,1,3,1,2025,False,federal
S0706,15_DV2026_Mexico,MEX-136,Los Reyes - Zacatepec,73.8,X. C. Arco Norte de La Ciudad de México,22426.0,20.143476322126105,3.9018639079639703,19.513568,-98.453994,1,3,1,2025,False,federal
S0707,15_DV2026_Mexico,MEX-136,Los Reyes - Zacatepec,88.21,Hueyotlipan,23045.5,19.170779271165227,3.797728070395196,19.4746585,-98.346214,2,"1,3",1,2025,False,federal
S0708,15_DV2026_Mexico,MEX-136,Los Reyes - Zacatepec,93.4,T. C. Libramiento de Santiago Tlalpan,32250.0,21.7370511627907,5.102877519379845,19.483818499999998,-98.2953125,1,3,1,2025,False,federal
S0709,15_DV2026_Mexico,MEX-136,Los Reyes - Zacatepec,94.9,Ent. Xipetzinco,23341.0,21.4,4.144980934835697,19.4845215,-98.280832,1,3,1,2025,False,federal
S0710,15_DV2026_Mexico,MEX-136,Los Reyes - Zacatepec,108.1,Xaltocan,25902.0,20.80180681028492,2.6501505675237436,19.423818,-98.2157095,1,1,1,2025,False,federal
S0711,15_DV2026_Mexico,MEX-136,Los Reyes - Zacatepec,111.3,T. C. Libramiento de Apizaco Oeste,34395.0,12.399999999999999,4.552716964675097,19.397272,-98.1821225,1,1,1,2025,False,federal
S0712,15_DV2026_Mexico,MEX-136,Los Reyes - Zacatepec,117.74,Apizaco,35472.5,8.24906251230945,1.3509374876905502,19.40875425,-98.15213700000001,2,"1,3",1,2025,False,federal
S0713,15_DV2026_Mexico,MEX-136,Los Reyes - Zacatepec,119.85,T. Der. Cuaxomulco,34796.0,5.352439935624785,0.9508133118749282,19.4132415,-98.1152345,1,3,1,2025,False,federal
S0714,15_DV2026_Mexico,MEX-136,Los Reyes - Zacatepec,122.7,T. Libramiento de Apizaco Este,39507.0,12.5,2.7017844938871596,19.405267000000002,-98.0893125,1,3,1,2025,False,federal
S0715,15_DV2026_Mexico,MEX-136,Los Reyes - Zacatepec,126.67,T. Izq. Xalostoc,29524.0,18.054599647744205,3.3480287223953393,19.389654,-98.0525625,1,3,1,2025,False,federal
S0716,15_DV2026_Mexico,MEX-136,Los Reyes - Zacatepec,141.7,T. Izq. Libramiento de Huamantla,28811.0,16.700978792822184,4.100978792822185,19.325247,-97.9532275,1,1,1,2025,False,federal
S0717,15_DV2026_Mexico,MEX-136,Los Reyes - Zacatepec,143.02,Huamantla,24105.0,17.09247873885086,4.35376063057457,19.315319,-97.884836,1,3,1,2025,False,federal
S0718,15_DV2026_Mexico,MEX-136,Los Reyes - Zacatepec,156.76,X. C. Amozoc - Perote (Cuota),21242.0,20.675161260807904,4.425483782423716,19.306796749999997,-97.80044000000001,2,"1,3",1,2025,False,federal
S0719,15_DV2026_Mexico,MEX-136,Los Reyes - Zacatepec,159.4,T. Der. Cuapiaxtla,12954.0,22.0,4.1,19.303677,-97.781271,1,1,1,2025,False,federal
S0720,15_DV2026_Mexico,MEX-136,Los Reyes - Zacatepec,173.47,X. C. Amozoc - Teziutlán,6742.5,28.95,3.5,19.320629500000003,-97.6503215,2,"1,3",1,2025,False,federal
S0721,15_DV2026_Mexico,MEX-136,Los Reyes - Zacatepec,187.67,Zacatepec,5763.0,32.8,4.2,19.271408,-97.543684,1,1,1,2025,False,federal
S0722,15_DV2026_Mexico,MEX-136,Paso por Santo Tomás,35.1,T. C. Los Reyes - Zacatepec,2411.0,11.0,0.2,19.548886,-98.772063,1,3,1,2025,False,federal
S0723,15_DV2026_Mexico,MEX-136,Paso por Santo Tomás,40.4,T. C. Los Reyes - Zacatepec Este,910.0,8.3,0.5,19.552312,-98.739867,1,1,1,2025,False,federal
S0724,15_DV2026_Mexico,MEX-136D,Peñón - Texcoco (Cuota),0.5,Plaza de Cobro Peñón y Texcoco,45378.0,6.6,3.0,19.458466,-99.033653,1,2,1,2025,True,federal
S0725,15_DV2026_Mexico,MEX-136D,Peñón - Texcoco (Cuota),16.5,T. C. San Bernardino - Tepexpan,37452.0,8.449345829328207,1.6013083413435865,19.5055155,-98.900173,1,1,1,2025,True,federal
S0726,15_DV2026_Mexico,MEX-136D,T. Aut. (Peñón-Texcoco) - Ent. Acolman,13.6,Plaza de Cobro Tezoyuca,18228.0,9.3,0.4,19.600686,-98.925619,1,2,1,2025,True,federal
S0727,15_DV2026_Mexico,MEX-142,San Bernardino - Tepexpan,0.0,T. C. Los Reyes - Zacatepec,59228.0,9.504950361315593,0.9524751806577969,19.4814155,-98.89475350000001,1,3,1,2025,False,federal
S0728,15_DV2026_Mexico,MEX-142,San Bernardino - Tepexpan,2.08,T. Der. Texcoco,78143.0,8.924716096189673,0.949849210637357,19.5072205,-98.89477675,2,"1,3",1,2025,False,federal
S0729,15_DV2026_Mexico,MEX-142,San Bernardino - Tepexpan,10.8,X. C. Chiconcuac - San Francisco Acuexcomac,75913.0,9.804265409086717,1.6978672954566414,19.556866499999998,-98.9118315,1,1,1,2025,False,federal
S0730,15_DV2026_Mexico,MEX-142,San Bernardino - Tepexpan,22.38,T. Izq. Ent. Morelos - Piramides (Cuota),66100.0,12.545627836611196,1.3508744326777609,19.602688,-98.94226599999999,1,1,1,2025,False,federal
S0731,15_DV2026_Mexico,MEX-142,San Bernardino - Tepexpan,23.12,T. C. Venta de Carpio - T. C. (Pachuca - Tulancingo),78753.0,13.24854164285805,1.2514583571419502,19.6081845,-98.94897700000001,1,1,1,2025,False,federal
S0732,15_DV2026_Mexico,MEX-EM,El Monumento - Tingambato,0.0,T. C. Toluca - Morelia,6461.0,5.2,0.7,19.397013,-100.066913,1,3,1,2025,False,federal
S0733,15_DV2026_Mexico,MEX-EM,El Monumento - Tingambato,0.5,T. C. Toluca - Zitácuaro (Cuota),6364.0,6.6,1.5,19.390087,-100.074064,1,3,1,2025,False,federal
S0734,15_DV2026_Mexico,MEX-EM,El Monumento - Tingambato,16.94,T. Der. Donato Guerra,4827.0,3.5,1.3,19.296571,-100.115573,1,3,1,2025,False,federal
S0735,15_DV2026_Mexico,MEX-EM,El Monumento - Tingambato,32.3,T. Izq. Valle de Bravo,7366.0,3.6,1.1,19.233644,-100.132924,1,1,1,2025,False,federal
S0736,15_DV2026_Mexico,MEX-EM,El Monumento - Tingambato,48.72,T. Der. Colorines,10135.0,1.1,0.2,19.187974,-100.211522,1,1,1,2025,False,federal
S0737,15_DV2026_Mexico,MEX-EM,El Monumento - Tingambato,51.25,T. Der. Ixtapan del Oro,4434.0,2.5,0.3,19.180058,-100.236704,1,1,1,2025,False,federal
S0738,17_DV2026_Morelos,MEX-094D,Jantetelco - El Higuerón (Cuota),0.0,T. C. Santa Bárbara - Izúcar de Matamoros,2734.0,18.8,5.0,18.7009,-98.777901,1,3,1,2025,True,federal
S0739,17_DV2026_Morelos,MEX-094D,Jantetelco - El Higuerón (Cuota),30.0,Plaza de Cobro Tlaltizapán,3108.0,19.3,1.7,18.652761,-99.008771,1,3,1,2025,True,federal
S0740,17_DV2026_Morelos,MEX-094D,Jantetelco - El Higuerón (Cuota),30.0,T. C. Moyotepec - San Rafael,3351.0,20.3,5.4,18.655442,-98.994989,1,1,1,2025,True,federal
S0741,17_DV2026_Morelos,MEX-094D,Jantetelco - El Higuerón (Cuota),54.0,T. C. Jojutla - Chinameca,3269.0,16.9,4.2,18.612437,-99.151489,1,1,1,2025,True,federal
S0742,17_DV2026_Morelos,MEX-094D,Jantetelco - El Higuerón (Cuota),62.0,T. C. Cuernavaca - Acapulco (Cuota),3641.0,13.5,4.2,18.573119,-99.223795,1,1,1,2025,True,federal
S0743,17_DV2026_Morelos,MEX-095,Libramiento de Cuernavaca,1.3,T. Izq. Xicapan,85889.0,6.348584563554265,1.6994329113887285,18.96048125,-99.22891125000001,2,"1,3",1,2025,False,federal
S0744,17_DV2026_Morelos,MEX-095,Libramiento de Cuernavaca,8.4,T. Izq. Villas del Lago,140382.5,7.98879511915535,1.5234415405038173,18.935845125,-99.1952235,2,"1,3",2,2025,False,federal
S0745,17_DV2026_Morelos,MEX-095,Libramiento de Cuernavaca,10.54,X. C. Cuernavaca - Cuautlixco,154210.0,6.986924378109414,1.25,18.921787375,-99.203401625,2,"1,3",2,2025,False,federal
S0746,17_DV2026_Morelos,MEX-095,Libramiento de Cuernavaca,14.7,T. Der. Av. Morelos,139970.0,5.3,1.3018961205972708,18.8973455,-99.225877,1,1,1,2025,False,federal
S0747,17_DV2026_Morelos,MEX-138,Cuernavaca - Cuautlixco,7.78,T. Izq. Civac Poniente,80187.5,9.40046162987031,1.8747527604246068,18.90746,-99.17821075,2,"1,3",1,2025,False,federal
S0748,17_DV2026_Morelos,MEX-138,Cuernavaca - Cuautlixco,9.7,X. C. Tejalpa - Jojutla,51037.0,6.049005623371279,1.3996022493485119,18.885358,-99.15824950000001,1,3,1,2025,False,federal
S0749,17_DV2026_Morelos,MEX-138,Cuernavaca - Cuautlixco,16.5,La Joya,33212.5,6.969332411195859,0.9281599767858102,18.887294750000002,-99.12569024999999,2,"1,3",1,2025,False,federal
S0750,17_DV2026_Morelos,MEX-138,Cuernavaca - Cuautlixco,24.75,T. Izq. Yautepec (1º Acceso),25694.0,4.952218416750993,0.6495563166498015,18.8698205,-99.081218,1,1,1,2025,False,federal
S0751,17_DV2026_Morelos,MEX-138,Cuernavaca - Cuautlixco,27.1,X. C. (San Gregorio - Oaxtepec) - Jojutla,25329.5,4.575832724636667,0.8258520618717928,18.87185225,-99.064987,2,"1,3",1,2025,False,federal
S0752,17_DV2026_Morelos,MEX-138,Cuernavaca - Cuautlixco,31.5,Tabachines,25855.0,5.378665998850579,0.748873523410315,18.893997749999997,-99.03772000000001,2,"1,3",1,2025,False,federal
S0753,17_DV2026_Morelos,MEX-138,Cuernavaca - Cuautlixco,36.11,T. Izq. Oaxtepec,17295.0,2.748846487424111,0.348846487424111,18.8844845,-98.9849515,1,3,1,2025,False,federal
S0754,17_DV2026_Morelos,MEX-138,Cuernavaca - Cuautlixco,43.15,T. C. Santa Bárbara - Izúcar de Matamoros,22998.0,1.6962083659448648,0.2509479085137838,18.8418115,-98.9436815,1,1,1,2025,False,federal
S0755,17_DV2026_Morelos,MEX-160,Libramiento de Cuautla,0.0,T. C. Santa Bárbara - Izúcar de Matamoros (Norte),43514.0,5.89972882290757,0.9002711770924301,18.8478195,-98.932657,1,3,1,2025,False,federal
S0756,17_DV2026_Morelos,MEX-160D,La Pera - Cuautla (Cuota),0.0,La Pera,18261.0,6.7,2.147719182958217,19.008892,-99.161157,1,3,1,2025,True,federal
S0757,17_DV2026_Morelos,MEX-160D,La Pera - Cuautla (Cuota),7.96,Plaza de Cobro Tepoztlán,14730.0,3.9,3.6,18.986765,-99.112493,1,2,1,2025,True,federal
S0758,17_DV2026_Morelos,MEX-160D,La Pera - Cuautla (Cuota),7.96,Tepoztlán,17962.5,6.721156767744253,2.1235598492552494,18.9865335,-99.1123405,2,"1,3",1,2025,True,federal
S0759,17_DV2026_Morelos,MEX-160D,La Pera - Cuautla (Cuota),13.4,T. Der. Amatlán,17221.0,7.003005623378521,2.424662664681796,18.96789675,-99.072509,2,"1,3",1,2025,True,federal
S0760,17_DV2026_Morelos,MEX-160D,La Pera - Cuautla (Cuota),21.21,Plaza de Cobro Oacalco,17128.0,7.602636142896754,2.2523577496236453,18.929709,-99.02412625,2,"1,3",1,2025,True,federal
S0761,17_DV2026_Morelos,MEX-160D,La Pera - Cuautla (Cuota),27.0,X. C. Cocoyoc - Oaxtepec,39798.0,8.450404120946494,1.1996159384292597,18.89855325,-98.9793545,1,3,2,2025,True,federal
S0762,17_DV2026_Morelos,MEX-160D,La Pera - Cuautla (Cuota),34.16,T. C. Santa Bárbara - Izúcar de Matamoros,62190.0,7.1040699297475935,1.7479650351262035,18.856832999999998,-98.94220475,1,1,2,2025,True,federal
S0763,17_DV2026_Morelos,MEX-162,Cuernavaca - Tepoztlán,2.83,Ocotepec,25165.0,4.300000000000001,0.5499423802900855,18.9670435,-99.23279500000001,1,1,1,2025,False,federal
S0764,17_DV2026_Morelos,MEX-162,Cuernavaca - Tepoztlán,4.16,Ahuatepec,12946.0,5.3,0.5,18.97586,-99.170003,1,3,1,2025,False,federal
S0765,17_DV2026_Morelos,MEX-162,Cuernavaca - Tepoztlán,16.34,X. C. La Pera - Cuautla (Cuota),9320.0,6.7,0.6,18.981202,-99.113292,1,1,1,2025,False,federal
S0766,17_DV2026_Morelos,MEX-162,Cuernavaca - Tepoztlán,18.2,Tepoztlán,14485.0,6.2,0.5,18.980932,-99.10357,1,1,1,2025,False,federal
S0767,17_DV2026_Morelos,MEX-166,Michapa - T. C. (Cuernavaca - Chilpancingo),0.0,Michapa,4201.0,6.9,2.2,18.701282,-99.47673,1,3,1,2025,False,federal
S0768,17_DV2026_Morelos,MEX-166,Michapa - T. C. (Cuernavaca - Chilpancingo),16.6,T. C. Cuernavaca - Chilpancingo,4009.0,8.1,1.7,18.611774,-99.363784,1,1,1,2025,False,federal
S0769,17_DV2026_Morelos,MOR,Coatetelco - Miacatlán,0.0,Coatetelco,4075.0,4.8,0.3,18.737268,-99.326555,1,3,1,2025,False,estatal
S0770,17_DV2026_Morelos,MOR,Cocoyoc - Oaxtepec,0.0,Cocoyoc,22075.0,4.150523216308041,0.6500747451868629,18.8879385,-98.987303,1,3,1,2025,False,estatal
S0771,17_DV2026_Morelos,MOR,Cocoyoc - Oaxtepec,2.5,X. C. La Pera - Cuautla (Cuota),20968.0,5.63758107592522,0.9035482640213659,18.8963465,-98.9846725,1,1,1,2025,False,estatal
S0772,17_DV2026_Morelos,MOR,Cocoyoc - Oaxtepec,3.92,Oaxtepec,22765.0,3.9,0.6,18.902959,-98.97655,1,1,1,2025,False,estatal
S0773,17_DV2026_Morelos,MOR,Ent. C. (Cuernavaca - Acapulco Cuota) - Tepetzingo,0.0,T. C. (Cuernavaca - Acapulco Cuota),4634.0,15.0,2.2,18.813697,-99.217946,1,3,1,2025,True,estatal
S0774,17_DV2026_Morelos,MOR,Ent. C. (Cuernavaca - Acapulco Cuota) - Tepetzingo,5.5,Tepetzingo,4177.0,5.6,1.3,18.790325,-99.180068,1,1,1,2025,True,estatal
S0775,17_DV2026_Morelos,MOR,Ent. C. (Cuernavaca - Cuautlixco) - Oacalco,0.0,T. C. (Cuernavaca - Cuautlixco),1307.0,9.2,0.7,18.875936,-99.051562,1,3,1,2025,False,estatal
S0776,17_DV2026_Morelos,MOR,Ent. C. (Cuernavaca - Cuautlixco) - Oacalco,10.0,Oacalco,3848.0,6.0,1.7,18.91582,-99.030909,1,1,1,2025,False,estatal
S0777,17_DV2026_Morelos,MOR,Ent. Chiverías - Ent. El Abanico,0.0,T. C. Alpuyeca - Jojutla,2991.0,2.4,1.1,18.659329,-99.224876,1,3,1,2025,False,estatal
S0778,17_DV2026_Morelos,MOR,Ent. Chiverías - Ent. El Abanico,5.56,X. C. Xoxocotla - Tilzapotla,4656.0,4.6,1.0,18.64458,-99.271474,1,3,1,2025,False,estatal
S0779,17_DV2026_Morelos,MOR,Ent. Chiverías - Ent. El Abanico,14.5,T. C. Cuernavaca - Acapulco (Cuota),3564.0,2.1,0.7,18.648207,-99.296711,1,1,1,2025,False,estatal
S0780,17_DV2026_Morelos,MOR,Jojutla - Chinameca,0.0,Jojutla,2830.0,8.6,1.2,18.610671,-99.16462,1,3,1,2025,False,estatal
S0781,17_DV2026_Morelos,MOR,Jojutla - Chinameca,32.0,T. C. Temilpa - Tepalcingo,1357.0,4.9,0.3,18.622769,-99.008169,1,1,1,2025,False,estatal
S0782,17_DV2026_Morelos,MOR,Los Alacranes - Ocuituco,0.0,Los Alacranes,2520.0,4.5,0.4,18.746643,-98.83937,1,3,1,2025,False,estatal
S0783,17_DV2026_Morelos,MOR,Los Alacranes - Ocuituco,19.0,Ocuituco,1342.0,3.0,0.3,18.863264,-98.784131,1,1,1,2025,False,estatal
S0784,17_DV2026_Morelos,MOR,Mazatepec - T. C. Ramal a Michapa,0.0,Mazatepec,853.0,3.0,0.2,18.720051,-99.370388,1,3,1,2025,False,estatal
S0785,17_DV2026_Morelos,MOR,Mazatepec - T. C. Ramal a Michapa,12.0,T. C. Ramal a Michapa,1367.0,2.5,0.2,18.634907,-99.378405,1,1,1,2025,False,estatal
S0786,17_DV2026_Morelos,MOR,Moyotepec - San Rafael,0.0,T. C. Galeana - Cuautla,3045.0,4.7,0.3,18.715597,-98.990357,1,3,1,2025,False,estatal
S0787,17_DV2026_Morelos,MOR,Moyotepec - San Rafael,7.5,T. C. Temilpa - Tepalcingo,2358.0,3.8,0.3,18.646248,-99.004385,1,1,1,2025,False,estatal
S0788,17_DV2026_Morelos,MOR,Paso por Yautepec,0.0,T. C. Cuernavaca - Cuautlixco (Poniente),17838.0,5.781780468662406,0.7,18.873729500000003,-99.07634949999999,1,3,1,2025,False,estatal
S0789,17_DV2026_Morelos,MOR,Paso por Yautepec,5.5,T. C. Cuernavaca - Cuautlixco (Oriente),12265.0,5.69968202201386,0.6501589889930697,18.896832,-99.040969,1,1,1,2025,False,estatal
S0790,17_DV2026_Morelos,MOR,Ramal a Aeropuerto de Cuernavaca,0.0,T. C. Cuernavaca - Chilpancingo,7833.0,4.4,0.4,18.804211,-99.226132,1,3,1,2025,False,estatal
S0791,17_DV2026_Morelos,MOR,Ramal a Coatetelco,0.0,T. C. Cuernavaca - Chilpancingo,3889.0,3.4,0.2,18.71595,-99.276834,1,3,1,2025,False,estatal
S0792,17_DV2026_Morelos,MOR,T. C. (Coatetelco - Miacatlán) - Mazatepec,4.14,Mazatepec,4200.0,5.1,0.2,18.725788,-99.355989,1,1,1,2025,False,estatal
S0793,17_DV2026_Morelos,MOR,T. C. (México - Cuernavaca (Libre)) - Huitzilac,0.0,T. C. México - Cuernavaca (Libre),6939.0,3.7,0.7,19.00304,-99.2589,1,3,1,2025,False,estatal
S0794,17_DV2026_Morelos,MOR,T. C. (México - Cuernavaca (Libre)) - Huitzilac,4.0,Huitzilac,5067.0,3.3,0.9,19.021981,-99.266501,1,1,1,2025,False,estatal
S0795,17_DV2026_Morelos,MOR,Tehuixtla - Puente de Ixtla,0.0,Tehuixtla,2437.0,3.6,0.5,18.566011,-99.279416,1,3,1,2025,False,estatal
S0796,17_DV2026_Morelos,MOR,Tehuixtla - Puente de Ixtla,9.6,Puente de Ixtla,2498.0,1.4,0.4,18.606999,-99.316511,1,1,1,2025,False,estatal
S0797,17_DV2026_Morelos,MOR,Tequesquitengo - Jojutla,0.0,T. C. Xoxocotla - Tilzapotla,6486.0,4.353561517113784,0.4976256552574776,18.59592,-99.254142,1,3,1,2025,False,estatal
S0798,17_DV2026_Morelos,MOR,Zacatepec - Tlaquiltenango,0.0,Zacatepec,8674.0,2.2,0.8,18.647566,-99.187349,1,3,1,2025,False,estatal
S0799,17_DV2026_Morelos,MOR,Zacatepec - Tlaquiltenango,4.08,Tlaquiltenango,7331.0,5.0,1.1,18.639838,-99.174395,1,1,1,2025,False,estatal
S0800,17_DV2026_Morelos,MOR-002,Atlatlahucan - Tlayacapan,1.5,Atlatlahucan,11602.0,8.35037062575418,0.7503706257541802,18.930113,-98.889213,1,1,1,2025,False,estatal
S0801,17_DV2026_Morelos,MOR-002,Atlatlahucan - Tlayacapan,7.0,Totolapan,4970.0,8.1,1.1,18.977553,-98.914557,1,1,1,2025,False,estatal
S0802,17_DV2026_Morelos,MOR-002,Atlatlahucan - Tlayacapan,15.5,Tlayacapan,5196.0,3.5,0.3,18.961163,-98.974451,1,1,1,2025,False,estatal
S0803,17_DV2026_Morelos,MOR-002,T. C. (San Gregorio - Oaxtepec) - Jojutla,0.0,T. C. San Gregorio - Oaxtepec,5972.0,7.4,1.1,18.92172,-98.973615,1,3,1,2025,False,estatal
S0804,17_DV2026_Morelos,MOR-002,T. C. (San Gregorio - Oaxtepec) - Jojutla,7.5,X. C. La Pera - Cuautla (Cuota),10768.0,3.7,0.7,18.927855,-99.02638,1,3,1,2025,False,estatal
S0805,17_DV2026_Morelos,MOR-002,T. C. (San Gregorio - Oaxtepec) - Jojutla,14.0,Yautepec,9650.5,5.549999999999999,0.7256023442587367,18.888025499999998,-99.0593145,2,"1,3",1,2025,False,estatal
S0806,17_DV2026_Morelos,MOR-002,T. C. (San Gregorio - Oaxtepec) - Jojutla,32.3,Tucumán,1980.0,5.3,0.3,18.76942,-99.116643,1,1,1,2025,False,estatal
S0807,17_DV2026_Morelos,MOR-002,T. C. (San Gregorio - Oaxtepec) - Jojutla,40.5,X. C. Galeana - Cuautla,6528.0,6.1,0.9,18.678545,-99.130284,1,3,1,2025,False,estatal
S0808,17_DV2026_Morelos,MOR-002,T. C. (San Gregorio - Oaxtepec) - Jojutla,50.5,Tlaquiltenango,9725.0,3.6,0.8,18.648574,-99.155888,1,1,1,2025,False,estatal
S0809,17_DV2026_Morelos,MOR-002,T. C. (San Gregorio - Oaxtepec) - Jojutla,53.5,Jojutla,16236.0,5.1,0.5,18.62199,-99.170363,1,1,1,2025,False,estatal
S0810,17_DV2026_Morelos,MOR-004,Galeana - Cuautla,0.0,Galeana,19899.0,8.3,1.5046535001758883,18.648847,-99.2016855,1,3,1,2025,False,estatal
S0811,17_DV2026_Morelos,MOR-004,Galeana - Cuautla,4.0,Zacatepec,5530.0,7.7,0.7,18.658742,-99.18222,1,3,1,2025,False,estatal
S0812,17_DV2026_Morelos,MOR-004,Galeana - Cuautla,13.1,Tlaltizapán,3571.0,12.6,0.8,18.698262,-99.112787,1,3,1,2025,False,estatal
S0813,17_DV2026_Morelos,MOR-004,Galeana - Cuautla,16.06,T. Der. Chinameca,1392.0,5.7,1.2,18.707493,-99.10694,1,3,1,2025,False,estatal
S0814,17_DV2026_Morelos,MOR-004,Galeana - Cuautla,34.0,Moyotepec,1537.0,7.8,1.2,18.730209,-99.003595,1,1,1,2025,False,estatal
S0815,17_DV2026_Morelos,MOR-004,Galeana - Cuautla,38.62,Villa de Ayala,10637.0,4.9,0.7,18.758877,-98.984466,1,1,1,2025,False,estatal
S0816,17_DV2026_Morelos,MOR-004,Galeana - Cuautla,40.5,T. Izq. Anenecuilco,14816.0,6.04507964362851,0.8494532937365011,18.7824945,-98.980019,1,1,1,2025,False,estatal
S0817,17_DV2026_Morelos,MOR-004,Galeana - Cuautla,46.0,Cuautla,16729.0,4.649805726582581,0.4500388546834838,18.8019265,-98.965298,1,1,1,2025,False,estatal
S0818,17_DV2026_Morelos,MOR-006,Xoxocotla - Tilzapotla,0.0,Xoxocotla,9241.0,3.401255275403095,0.4501569094253869,18.680669,-99.2518905,1,3,1,2025,False,estatal
S0819,17_DV2026_Morelos,MOR-006,Xoxocotla - Tilzapotla,19.5,Tehuixtla,6099.0,4.55,0.9,18.5624055,-99.26565550000001,2,"1,3",1,2025,False,estatal
S0820,17_DV2026_Morelos,MOR-006,Xoxocotla - Tilzapotla,29.5,Tilzapotla,2820.0,2.6,0.2,18.494162,-99.278015,1,1,1,2025,False,estatal
S0821,17_DV2026_Morelos,MOR-008,Pilares - T. C. (Xoxocotla - Tilzapotla),0.0,Pilares,12502.0,2.451015837466006,0.7020316749320109,18.629609000000002,-99.2183805,1,3,1,2025,False,estatal
S0822,17_DV2026_Morelos,MOR-008,Pilares - T. C. (Xoxocotla - Tilzapotla),6.5,T. C. Xoxocotla - Tilzapotla,3209.0,5.9,0.2,18.614465,-99.256897,1,1,1,2025,False,estatal
S0823,17_DV2026_Morelos,MOR-009,Temilpa - Tepalcingo,0.0,T. C. Galeana - Cuautla,1283.0,11.5,1.0,18.694448,-99.101039,1,3,1,2025,False,estatal
S0824,17_DV2026_Morelos,MOR-009,Temilpa - Tepalcingo,40.5,Tepalcingo,2951.0,7.5,0.5,18.604861,-98.854147,1,1,1,2025,False,estatal
S0825,17_DV2026_Morelos,MOR-010,Ramal a Tetela del Volcán,0.0,T. C. Santa Bárbara - Izúcar de Matamoros,14761.0,3.9056500237111305,0.5514125059277827,18.8962695,-98.905912,1,3,1,2025,False,estatal
S0826,17_DV2026_Morelos,MOR-010,Ramal a Tetela del Volcán,5.5,Yecapixtla,6495.0,4.9,0.4,18.869481,-98.844152,1,3,1,2025,False,estatal
S0827,17_DV2026_Morelos,MOR-010,Ramal a Tetela del Volcán,15.0,Ocuituco,4831.0,2.9,0.3,18.87918,-98.778758,1,1,1,2025,False,estatal
S0828,17_DV2026_Morelos,MOR-010,Ramal a Tetela del Volcán,22.0,Tetela del Volcán,6457.0,3.5,0.3,18.88041,-98.742456,1,1,1,2025,False,estatal
S0829,17_DV2026_Morelos,MOR-013,Tepoztlán - Yautepec,0.0,Tepoztlán,12909.0,4.9,0.6,18.980081,-99.084012,1,3,1,2025,False,estatal
S0830,17_DV2026_Morelos,MOR-013,Tepoztlán - Yautepec,14.82,Yautepec,6617.0,5.2,1.0,18.901895,-99.064006,1,1,1,2025,False,estatal
S0831,17_DV2026_Morelos,MOR-014,Tejalpa - Jojutla,1.97,Jiutepec,10807.0,9.2,0.9,18.872046,-99.172872,1,3,1,2025,False,estatal
S0832,17_DV2026_Morelos,MOR-014,Tejalpa - Jojutla,7.0,Emiliano Zapata,15928.0,4.65621546961326,0.6520718232044199,18.819144,-99.1907405,1,3,1,2025,False,estatal
S0833,17_DV2026_Morelos,MOR-014,Tejalpa - Jojutla,14.5,T. Izq. Chiconcuac,16993.5,5.342311086582746,0.45,18.78241575,-99.20685175,2,"1,3",1,2025,False,estatal
S0834,17_DV2026_Morelos,MOR-014,Tejalpa - Jojutla,32.9,X. C. Zacatepec - Tlaquiltenango,9674.0,6.0,0.7,18.649853,-99.184322,1,1,1,2025,False,estatal
S0835,17_DV2026_Morelos,MOR-014,Tejalpa - Jojutla,35.0,Jojutla,9801.0,7.1,0.9,18.627895,-99.184685,1,1,1,2025,False,estatal
S0836,17_DV2026_Morelos,MOR-017,Amayuca - Tlacotepec,0.0,Amayuca,8872.0,2.4,0.6,18.72976,-98.789512,1,3,1,2025,False,estatal
S0837,17_DV2026_Morelos,MOR-017,Amayuca - Tlacotepec,5.5,Temoac,9016.0,3.8,0.5,18.777667,-98.775108,1,3,1,2025,False,estatal
S0838,17_DV2026_Morelos,MOR-017,Amayuca - Tlacotepec,7.5,Zacualpan de Amilpas,6194.0,3.3,0.6,18.786848,-98.770327,1,1,1,2025,False,estatal
S0839,17_DV2026_Morelos,MOR-017,Amayuca - Tlacotepec,12.0,Tlacotepec,4813.0,1.9,2.3,18.806825,-98.759894,1,1,1,2025,False,estatal
S0840,17_DV2026_Morelos,MOR-021,Alpuyeca - Jojutla,2.2,X. C. Cuernavaca - Iguala (Cuota),15817.0,5.0,0.5,18.732454,-99.262498,1,1,1,2025,False,estatal
S0841,17_DV2026_Morelos,MOR-021,Alpuyeca - Jojutla,7.7,Xoxocotla,18106.0,5.5042085496520485,1.1521042748260246,18.704628,-99.2509905,1,1,1,2025,False,estatal
S0842,17_DV2026_Morelos,MOR-021,Alpuyeca - Jojutla,11.94,T. Izq. Zacatepec,15798.0,4.801936954044816,0.9470945689327763,18.653696,-99.21893399999999,1,1,1,2025,False,estatal
S0843,17_DV2026_Morelos,MOR-021,Alpuyeca - Jojutla,17.15,Jojutla,19997.0,5.146887033054957,0.5020753112966945,18.6280925,-99.206052,1,1,1,2025,False,estatal
S0844,17_DV2026_Morelos,MOR-031-PUE,Amayuca - Izúcar de Matamoros,0.66,X. C. Santa Bárbara - Izúcar de Matamoros,16529.0,6.6598765805553874,0.6480246838889224,18.7141435,-98.796656,1,3,1,2025,False,estatal
S0845,17_DV2026_Morelos,MOR-031-PUE,Amayuca - Izúcar de Matamoros,3.84,Jonacatepec,8312.0,6.096535129932628,0.4,18.671852,-98.8054135,1,3,1,2025,False,estatal
S0846,17_DV2026_Morelos,MOR-031-PUE,Amayuca - Izúcar de Matamoros,14.5,T. Der. Tepalcingo,4931.0,7.147921314135063,0.9041573717298722,18.589301,-98.833439,1,3,1,2025,False,estatal
S0847,17_DV2026_Morelos,MOR-031-PUE,Amayuca - Izúcar de Matamoros,29.5,Axochiapan,6890.0,4.723587335252235,0.652825329495531,18.502873,-98.76232250000001,2,"1,3",1,2025,False,estatal
S0848,17_DV2026_Morelos,MOR-031-PUE,Amayuca - Izúcar de Matamoros,38.4,Barranca Del Muerto,2891.0,12.5,1.1,18.476324,-98.691458,1,3,1,2025,False,estatal
S0849,17_DV2026_Morelos,MOR-031-PUE,Amayuca - Izúcar de Matamoros,53.0,T. Der. Chietla,6277.0,4.2,0.4,18.526734,-98.585692,1,1,1,2025,False,estatal
S0850,17_DV2026_Morelos,MOR-031-PUE,Amayuca - Izúcar de Matamoros,67.5,X. C. Santa Bárbara - Izúcar de Matamoros,15441.0,6.251631955237799,0.55,18.5972725,-98.48530600000001,2,"1,3",1,2025,False,estatal
S0851,17_DV2026_Morelos,MOR-039,Jojutla - El Higuerón,0.0,Jojutla,8414.0,2.6,0.4,18.607135,-99.17439,1,3,1,2025,False,estatal
S0852,17_DV2026_Morelos,MOR-039,Jojutla - El Higuerón,4.5,El Higuerón,6241.0,2.6,0.4,18.584531,-99.177579,1,1,1,2025,False,estatal
S0853,17_DV2026_Morelos,MOR-PUE,Ramal a Jolalpan,0.0,Axochiapan,2329.0,8.1,0.6,18.482104,-98.748266,1,3,1,2025,False,estatal
S0854,17_DV2026_Morelos,PUE-D,Atlixco - Jantetelco (Cuota),0.0,T. C. Puebla - Izúcar de Matamoros,9290.0,19.6,3.3,18.942874,-98.402246,1,3,1,2025,True,estatal
S0855,17_DV2026_Morelos,PUE-D,Atlixco - Jantetelco (Cuota),54.9,T. C. Santa Bárbara - Izúcar de Matamoros,7740.0,12.4,3.7,18.706839,-98.767705,1,1,1,2025,True,estatal
S0856,21_DV2026_Puebla,MEX-117,San Martín Texmelucan - Tlaxcala,0.0,San Martín Texmelucan,22856.0,10.506317815890794,0.7515794539726985,19.2879365,-98.42307650000001,1,3,1,2025,False,federal
S0857,21_DV2026_Puebla,MEX-117,San Martín Texmelucan - Tlaxcala,1.65,X. C. San Martín Texmelucan - Ocotoxco (Cuota),20235.0,8.2,1.0,19.291523,-98.411871,1,3,1,2025,False,federal
S0858,21_DV2026_Puebla,MEX-117,San Martín Texmelucan - Tlaxcala,3.45,T. Der. Tepetitla,14173.0,4.3,0.5,19.2940995,-98.4038945,1,3,1,2025,False,federal
S0859,21_DV2026_Puebla,MEX-117,San Martín Texmelucan - Tlaxcala,7.21,San Diego Xocoyucan,7727.0,4.3,0.6,19.307934,-98.369221,1,3,1,2025,False,federal
S0860,21_DV2026_Puebla,MEX-117,San Martín Texmelucan - Tlaxcala,19.72,T. Der. Panotla,9076.0,3.75,0.6,19.319577000000002,-98.2727725,2,"1,3",1,2025,False,federal
S0861,21_DV2026_Puebla,MEX-117,San Martín Texmelucan - Tlaxcala,21.38,Totolac,12111.0,3.5,0.55,19.326145500000003,-98.255345,2,"1,3",1,2025,False,federal
S0862,21_DV2026_Puebla,MEX-117,San Martín Texmelucan - Tlaxcala,24.81,Tlaxcala,13905.0,4.8,0.3,19.325938,-98.246952,1,1,1,2025,False,federal
S0863,21_DV2026_Puebla,MEX-117D,San Martin Texmelucan - Tlaxcala - El Molinito (Cuota),1.8,X. C. San Martín Texmelucan - Tlaxcala,4076.0,9.649901864573112,4.549901864573111,19.2934625,-98.414804,1,1,1,2025,True,federal
S0864,21_DV2026_Puebla,MEX-117D,San Martin Texmelucan - Tlaxcala - El Molinito (Cuota),5.45,Plaza de Cobro San Martín Texmelucan,6080.0,15.5,5.0,19.301602,-98.404063,1,2,1,2025,True,federal
S0865,21_DV2026_Puebla,MEX-117D,San Martin Texmelucan - Tlaxcala - El Molinito (Cuota),24.75,X. C. San Martín Texmelucan - Tlaxcala (Trébol),40930.5,6.15299466386484,1.6512617971018146,19.3286635,-98.24481324999999,2,"1,3",1,2025,True,federal
S0866,21_DV2026_Puebla,MEX-117D,San Martin Texmelucan - Tlaxcala - El Molinito (Cuota),29.0,T. Izq. Tizatlán,37208.0,5.797118899161471,1.8514405504192646,19.3376235,-98.214112,1,3,1,2025,True,federal
S0867,21_DV2026_Puebla,MEX-117D,San Martin Texmelucan - Tlaxcala - El Molinito (Cuota),31.65,T. Der. San Pablo Apetatitlán,71621.0,7.1378143281998305,1.504874268720068,19.347825999999998,-98.1941215,1,3,1,2025,True,federal
S0868,21_DV2026_Puebla,MEX-117D,San Martin Texmelucan - Tlaxcala - El Molinito (Cuota),35.2,Ocotoxco,67632.0,6.9,1.6502188313224508,19.3797165,-98.179155,1,1,1,2025,True,federal
S0869,21_DV2026_Puebla,MEX-119,Apizaco - Tejocotal,0.0,Apizaco,25206.0,8.649817503768944,1.5996350075378878,19.437528999999998,-98.1313545,1,3,1,2025,False,federal
S0870,21_DV2026_Puebla,MEX-119,Apizaco - Tejocotal,6.6,T. Der. Tetla,24135.0,11.7,1.7,19.471654,-98.112275,1,3,1,2025,False,federal
S0871,21_DV2026_Puebla,MEX-119,Apizaco - Tejocotal,12.15,T. Izq. Atlangatepec,18216.0,12.1,2.1,19.505704,-98.116995,1,1,1,2025,False,federal
S0872,21_DV2026_Puebla,MEX-119,Apizaco - Tejocotal,23.91,Tlaxco,9157.5,8.701224281584764,1.175306070396191,19.612401749999997,-98.12519075,2,"1,3",1,2025,False,federal
S0873,21_DV2026_Puebla,MEX-119,Apizaco - Tejocotal,52.2,T. Der. Tetela de Ocampo,9875.0,9.2,1.1,19.80053,-98.026733,1,1,1,2025,False,federal
S0874,21_DV2026_Puebla,MEX-119,Apizaco - Tejocotal,71.25,Zacatlán,15392.0,6.6,1.3,19.918424,-97.959183,1,1,1,2025,False,federal
S0875,21_DV2026_Puebla,MEX-119,Apizaco - Tejocotal,113.15,T. C. Pachuca - Túxpam,10702.0,16.5,2.3,20.123908,-98.128603,1,1,1,2025,False,federal
S0876,21_DV2026_Puebla,MEX-119,Puebla - Tlaxcala,5.41,X. C. Puebla - Acatzingo (Cuota) Central,21661.0,7.8485757813582016,0.7971515627164028,19.097448,-98.207264,1,3,1,2025,False,federal
S0877,21_DV2026_Puebla,MEX-119,Puebla - Tlaxcala,5.41,X. C. Puebla - Acatzingo (Cuota) Lateral,6799.0,4.8530519193999115,0.7530519193999117,19.0972775,-98.2072475,1,3,1,2025,False,federal
S0878,21_DV2026_Puebla,MEX-119,Puebla - Tlaxcala,13.14,Panzacola,25135.0,4.750300377959021,0.9006007559180426,19.152212499999997,-98.223652,1,3,1,2025,False,federal
S0879,21_DV2026_Puebla,MEX-119,Puebla - Tlaxcala,16.1,San Toribio Xicohtzinco,21905.0,5.8,0.7503720611732481,19.187376,-98.23785749999999,1,3,1,2025,False,federal
S0880,21_DV2026_Puebla,MEX-119,Puebla - Tlaxcala,20.78,Zacatelco,21342.0,4.751504076468934,0.696991847062131,19.2080675,-98.2406775,1,1,1,2025,False,federal
S0881,21_DV2026_Puebla,MEX-119,Puebla - Tlaxcala,22.99,T. Izq. San Martín Texmelucan,24654.0,3.6,0.7021497525756469,19.233755000000002,-98.2430365,1,1,1,2025,False,federal
S0882,21_DV2026_Puebla,MEX-119,Puebla - Tlaxcala,24.97,T. Der. Tepeyanco (2º Acceso),22302.0,2.7984934086629,0.5,19.250005,-98.2352395,1,3,1,2025,False,federal
S0883,21_DV2026_Puebla,MEX-119,Puebla - Tlaxcala,32.45,T. Der. Ocotlán (Alta),16851.0,3.6030799359088483,0.5,19.3027875,-98.2411445,1,1,1,2025,False,federal
S0884,21_DV2026_Puebla,MEX-119,Puebla - Tlaxcala,32.45,T. Der. Ocotlán (Baja),8707.0,5.1513494889169635,0.8973010221660733,19.302775,-98.24114449999999,1,1,1,2025,False,federal
S0885,21_DV2026_Puebla,MEX-119,Puebla - Tlaxcala,33.22,Tlaxcala,17602.0,4.4,0.5529598909214861,19.308241000000002,-98.2407235,1,1,1,2025,False,federal
S0886,21_DV2026_Puebla,MEX-121,Puebla - Belem,4.0,X. C. Puebla - Acatzingo (Cuota),47224.0,6.898975097408098,0.7005124512959512,19.1019515,-98.1826575,1,3,1,2025,False,federal
S0887,21_DV2026_Puebla,MEX-121,Puebla - Belem,16.7,T. Izq. Zacatelco,31935.0,7.199999999999999,1.250201972757163,19.204133,-98.1953845,1,1,1,2025,False,federal
S0888,21_DV2026_Puebla,MEX-121,Puebla - Belem,28.8,X. C. Tlaxcala - Belem,39213.0,6.6,1.3017825721061893,19.316695,-98.203722,1,1,1,2025,False,federal
S0889,21_DV2026_Puebla,MEX-125,Tehuacán - Huajuapan de León,0.0,Tehuacán,20432.0,8.3,0.9024373531714956,18.4367035,-97.40150650000001,1,3,1,2025,False,federal
S0890,21_DV2026_Puebla,MEX-125,Tehuacán - Huajuapan de León,28.0,Zapotitlán Salinas,2884.0,15.9,1.4,18.33405,-97.461204,1,1,1,2025,False,federal
S0891,21_DV2026_Puebla,MEX-125,Tehuacán - Huajuapan de León,63.02,Santiago Chazumba,1728.0,18.0,1.5,18.191119,-97.677492,2,"1,3",1,2025,False,federal
S0892,21_DV2026_Puebla,MEX-125,Tehuacán - Huajuapan de León,103.13,T. Izq. Santa María Camotlán,1552.0,18.5,1.8,17.907572,-97.68759,1,1,1,2025,False,federal
S0893,21_DV2026_Puebla,MEX-125,Tehuacán - Huajuapan de León,119.4,T. C. Huajuapan de León - Oaxaca,10281.0,6.0,0.8,17.821276,-97.755666,1,1,1,2025,False,federal
S0894,21_DV2026_Puebla,MEX-129,Amozoc - Teziutlán,1.4,X. C. Puebla - Acatzingo (Cuota),12165.0,15.2,1.5,19.051147,-98.02788,1,3,1,2025,False,federal
S0895,21_DV2026_Puebla,MEX-129,Amozoc - Teziutlán,12.0,Acajete,11292.0,17.635334750265674,1.151629472192703,19.120081,-97.94125650000001,1,3,1,2025,False,federal
S0896,21_DV2026_Puebla,MEX-129,Amozoc - Teziutlán,35.5,Rafael Lara Grajales,8425.5,13.15,2.1,19.233942499999998,-97.796596,2,"1,3",1,2025,False,federal
S0897,21_DV2026_Puebla,MEX-129,Amozoc - Teziutlán,56.31,X. C. Los Reyes - Zacatepec,5236.0,14.5,3.2,19.315647,-97.654627,1,1,1,2025,False,federal
S0898,21_DV2026_Puebla,MEX-129,Amozoc - Teziutlán,62.62,Oriental,7816.0,10.75,2.0,19.374238499999997,-97.62391299999999,2,"1,3",1,2025,False,federal
S0899,21_DV2026_Puebla,MEX-129,Amozoc - Teziutlán,69.0,X. C. Amozoc - Perote (Cuota),10755.5,10.597235890014472,1.8708538350217077,19.417828749999998,-97.64232925,2,"1,3",1,2025,False,federal
S0900,21_DV2026_Puebla,MEX-129,Amozoc - Teziutlán,76.35,Libres,10924.0,14.3,1.9,19.482156,-97.673884,1,3,1,2025,False,federal
S0901,21_DV2026_Puebla,MEX-129,Amozoc - Teziutlán,106.7,San Miguel Tenextatiloyán,4911.0,7.3,3.1,19.702103,-97.598828,1,1,1,2025,False,federal
S0902,21_DV2026_Puebla,MEX-129,Amozoc - Teziutlán,114.8,T. Izq. Zacapoaxtla,9509.5,11.7,1.55,19.7618605,-97.566685,2,"1,3",1,2025,False,federal
S0903,21_DV2026_Puebla,MEX-129,Amozoc - Teziutlán,116.8,Zaragoza,7802.0,10.7,1.8,19.788225,-97.540873,1,3,1,2025,False,federal
S0904,21_DV2026_Puebla,MEX-129,Amozoc - Teziutlán,157.8,Teziutlán,14114.0,18.4,0.7,19.817549,-97.379551,1,1,1,2025,False,federal
S0905,21_DV2026_Puebla,MEX-129,Teziutlán - Nautla,0.0,Teziutlán,8866.0,9.5,0.7,19.834557,-97.344595,1,3,1,2025,False,federal
S0906,21_DV2026_Puebla,MEX-129,Teziutlán - Nautla,33.2,Tlapacoyan,8815.5,8.85,1.7000000000000002,19.965806,-97.2113515,2,"1,3",1,2025,False,federal
S0907,21_DV2026_Puebla,MEX-129,Teziutlán - Nautla,58.0,Martínez de La Torre,13362.0,9.2,1.3,20.087392,-97.022746,1,3,1,2025,False,federal
S0908,21_DV2026_Puebla,MEX-129,Teziutlán - Nautla,84.4,San Rafael,6937.0,14.8,2.8,20.196975,-96.868366,1,3,1,2025,False,federal
S0909,21_DV2026_Puebla,MEX-129,Teziutlán - Nautla,93.2,T. C. Poza Rica - Veracruz,4058.0,16.0,3.2,20.232912,-96.794461,1,1,1,2025,False,federal
S0910,21_DV2026_Puebla,MEX-129D,Virreyes - Teziutlán (Cuota),25.0,T. C. Amozoc - Perote (Cuota),3763.0,11.5,5.5,19.428054,-97.635471,1,3,1,2025,True,federal
S0911,21_DV2026_Puebla,MEX-129D,Virreyes - Teziutlán (Cuota),44.85,Ent. Cuyoaco,5702.0,9.4,4.6,19.602896,-97.610211,1,3,1,2025,True,federal
S0912,21_DV2026_Puebla,MEX-129D,Virreyes - Teziutlán (Cuota),111.39,T. Izq. Zaragoza,5808.0,12.2,4.05,19.757205499999998,-97.54717600000001,2,"1,3",1,2025,True,federal
S0913,21_DV2026_Puebla,MEX-129D,Virreyes - Teziutlán (Cuota),133.0,Teziutlán,4781.0,8.5,5.0,19.8267,-97.382668,1,1,1,2025,True,federal
S0914,21_DV2026_Puebla,MEX-130,Pachuca - Túxpam,2.6,X. C. Libramiento de Pachuca,64177.0,3.8480561571902707,0.30000000000000004,20.086817,-98.713258,1,3,1,2025,False,federal
S0915,21_DV2026_Puebla,MEX-130,Pachuca - Túxpam,7.0,T. Izq. Pachuquilla (1º Acceso),48899.0,6.898975439170535,0.7,20.0778555,-98.709755,1,1,1,2025,False,federal
S0916,21_DV2026_Puebla,MEX-130,Pachuca - Túxpam,10.5,T. Izq. Pachuquilla (2º Acceso),26971.0,4.661688480219496,0.752337696043899,20.066591,-98.67572999999999,1,1,1,2025,False,federal
S0917,21_DV2026_Puebla,MEX-130,Pachuca - Túxpam,16.59,T. Der. Cd. Sahagún,22928.0,5.67641234221094,0.9252247044344162,20.052547,-98.62227425,2,"1,3",1,2025,False,federal
S0918,21_DV2026_Puebla,MEX-130,Pachuca - Túxpam,36.45,T. C. Venta de Carpio - Tulancingo,26941.0,7.84795046078385,1.3257609312890404,20.059927,-98.45720925,2,"1,3",1,2025,False,federal
S0919,21_DV2026_Puebla,MEX-130,Pachuca - Túxpam,59.33,T. Izq. Libramiento de Tulancingo,18364.0,6.101197996079286,0.6505989980396427,20.1517545,-98.28508450000001,1,3,1,2025,False,federal
S0920,21_DV2026_Puebla,MEX-130,Pachuca - Túxpam,60.16,T. Izq. Huayacocotla,16686.0,6.3,0.7,20.157734,-98.278269,1,3,1,2025,False,federal
S0921,21_DV2026_Puebla,MEX-130,Pachuca - Túxpam,63.0,T. Izq. Honey,11700.0,8.9,1.2,20.161487,-98.259556,1,3,1,2025,False,federal
S0922,21_DV2026_Puebla,MEX-130,Pachuca - Túxpam,94.0,T. Der. Huauchinango (1º Acceso),5512.0,9.5,1.5,20.169554,-98.073358,1,1,1,2025,False,federal
S0923,21_DV2026_Puebla,MEX-130,Pachuca - Túxpam,100.0,T. Der. Huauchinango (2º Acceso),9769.0,8.3,1.6,20.192895,-98.036079,1,3,1,2025,False,federal
S0924,21_DV2026_Puebla,MEX-130,Pachuca - Túxpam,141.75,Villa Ávila Camacho,4298.0,12.5,3.35,20.387203,-97.87937149999999,2,"1,3",1,2025,False,federal
S0925,21_DV2026_Puebla,MEX-130,Pachuca - Túxpam,158.7,Piedras Negras,3935.0,15.5,4.4,20.440264,-97.761178,1,1,1,2025,False,federal
S0926,21_DV2026_Puebla,MEX-130,Pachuca - Túxpam,174.1,T. Izq. Venustiano Carranza,4447.0,13.5,4.6,20.480028,-97.640533,1,3,1,2025,False,federal
S0927,21_DV2026_Puebla,MEX-130,Pachuca - Túxpam,197.0,T. Der. Poza Rica,17858.5,7.5,2.1,20.540111500000002,-97.484744,2,"1,3",1,2025,False,federal
S0928,21_DV2026_Puebla,MEX-130,Pachuca - Túxpam,217.0,Tihuatlán,7968.0,10.8,3.1999999999999997,20.709996500000003,-97.527804,2,"1,3",1,2025,False,federal
S0929,21_DV2026_Puebla,MEX-130,Pachuca - Túxpam,232.5,T. C. Tihuatlán - Túxpam (Cuota),2409.0,12.5,1.5,20.806893,-97.477632,1,1,1,2025,False,federal
S0930,21_DV2026_Puebla,MEX-130,Ramal a Nuevo Necaxa,1.5,Nuevo Necaxa,3238.0,13.6,1.7,20.219457,-97.999518,1,1,1,2025,False,federal
S0931,21_DV2026_Puebla,MEX-131,Teziutlán - Perote,0.0,Teziutlán,8214.0,5.4,0.6,19.793656,-97.356436,1,3,1,2025,False,federal
S0932,21_DV2026_Puebla,MEX-131,Teziutlán - Perote,12.5,Jalacingo,9168.0,10.7,1.1,19.796854,-97.298881,1,3,1,2025,False,federal
S0933,21_DV2026_Puebla,MEX-131,Teziutlán - Perote,23.0,T. Izq. Atzalan,10746.0,12.7,1.6,19.776773,-97.250816,1,3,1,2025,False,federal
S0934,21_DV2026_Puebla,MEX-131,Teziutlán - Perote,26.9,T. Izq. Altotonga II,9243.0,11.1,2.0,19.743725,-97.246292,1,3,1,2025,False,federal
S0935,21_DV2026_Puebla,MEX-131,Teziutlán - Perote,37.6,T. Izq. Villa Aldama,6653.0,16.8,2.3,19.661558,-97.247059,1,3,1,2025,False,federal
S0936,21_DV2026_Puebla,MEX-131,Teziutlán - Perote,49.1,Perote,8914.0,13.7,3.3,19.587471,-97.248403,1,1,1,2025,False,federal
S0937,21_DV2026_Puebla,MEX-132D,Nuevo Necaxa - Tihuatlán (Cuota),176.3,T. Ramal a Ávila Camacho,10466.5,24.45761277822836,6.277324294410625,20.434399,-97.90625225,2,"1,3",1,2025,True,federal
S0938,21_DV2026_Puebla,MEX-132D,Nuevo Necaxa - Tihuatlán (Cuota),192.0,X. C. Villa Lázaro Cárdenas - Mecapalapa,6913.0,24.05,7.4,20.492989,-97.7931585,2,"1,3",1,2025,True,federal
S0939,21_DV2026_Puebla,MEX-132D,Nuevo Necaxa - Tihuatlán (Cuota),225.35,Tihuatlán,4945.0,22.2,4.1,20.657245,-97.529669,1,1,1,2025,True,federal
S0940,21_DV2026_Puebla,MEX-132D,Ramal Villa Avila Camacho (Cuota),0.0,T. C. Nuevo Necaxa - Tihuatlán (Cuota),2349.0,16.1,3.3,20.433516,-97.898241,1,3,1,2025,True,federal
S0941,21_DV2026_Puebla,MEX-132D,Ramal Villa Avila Camacho (Cuota),8.5,Villa Ávila Camacho,2746.0,14.1,2.2,20.399698,-97.856135,1,1,1,2025,True,federal
S0942,21_DV2026_Puebla,MEX-132D,Tejocotal - Nuevo Necaxa (Cuota),0.0,T. C. Tlaxco - Tejocotal (Cuota),12804.0,18.7,6.0,20.135835,-98.113309,1,3,1,2025,True,federal
S0943,21_DV2026_Puebla,MEX-132D,Tejocotal - Nuevo Necaxa (Cuota),17.0,Plaza de Cobro Nuevo Necaxa,6553.0,20.75951994956318,3.1387417815004954,20.17764975,-98.02826525,2,"1,2",1,2025,True,federal
S0944,21_DV2026_Puebla,MEX-135D,Cuacnopalan - Oaxaca (Cuota),0.0,T. C. Puebla - Acatzingo (Cuota),13119.0,21.9,6.4,18.818736,-97.491166,1,3,1,2025,True,federal
S0945,21_DV2026_Puebla,MEX-135D,Cuacnopalan - Oaxaca (Cuota),1.8,T. Der. Cuacnopalan,12745.0,21.1,6.0,18.81234,-97.490727,1,3,1,2025,True,federal
S0946,21_DV2026_Puebla,MEX-135D,Cuacnopalan - Oaxaca (Cuota),40.0,Plaza de Cobro Tehuacán,9700.5,21.0,6.6,18.4854835,-97.45635050000001,2,"2,3",1,2025,True,federal
S0947,21_DV2026_Puebla,MEX-135D,Cuacnopalan - Oaxaca (Cuota),48.0,X. C. Tehuacán - Huajuapan de León,6885.0,24.4,7.5,18.421326,-97.411817,1,3,1,2025,True,federal
S0948,21_DV2026_Puebla,MEX-135D,Cuacnopalan - Oaxaca (Cuota),61.0,T. Izq. San Gabriel Chilac,7390.0,18.3,7.6,18.323599,-97.36767,1,3,1,2025,True,federal
S0949,21_DV2026_Puebla,MEX-135D,Cuacnopalan - Oaxaca (Cuota),70.7,Plaza de Cobro Miahuatlán,7126.0,22.049999999999997,7.300000000000001,18.2626865,-97.31356500000001,2,"2,3",1,2025,True,federal
S0950,21_DV2026_Puebla,MEX-135D,Cuacnopalan - Oaxaca (Cuota),123.6,T. Izq. Tepelmeme,6424.0,19.9,10.1,17.857657,-97.378087,1,3,1,2025,True,federal
S0951,21_DV2026_Puebla,MEX-135D,Cuacnopalan - Oaxaca (Cuota),125.78,X. C . Tlacotepec - Tepelmeme,7807.0,22.0,10.1,17.877904,-97.37458,1,3,1,2025,True,federal
S0952,21_DV2026_Puebla,MEX-135D,Cuacnopalan - Oaxaca (Cuota),141.3,Plaza de Cobro Coixtlahuaca,5377.0,24.8,6.8,17.726021,-97.353781,1,2,1,2025,True,federal
S0953,21_DV2026_Puebla,MEX-135D,Cuacnopalan - Oaxaca (Cuota),175.5,T. Izq. Asunción Nochistlán,5924.0,22.25,6.65,17.4609455,-97.24446499999999,2,"1,3",1,2025,True,federal
S0954,21_DV2026_Puebla,MEX-135D,Cuacnopalan - Oaxaca (Cuota),220.0,Plaza de Cobro Huitzo,8691.0,17.778528775867393,4.926176258622465,17.272456,-96.91218649999999,2,"2,3",1,2025,True,federal
S0955,21_DV2026_Puebla,MEX-135D,Cuacnopalan - Oaxaca (Cuota),242.7,T. C. Huajuapan de León - Oaxaca,12158.0,21.196989636453363,4.503010363546636,17.147312,-96.78508099999999,1,1,1,2025,True,federal
S0956,21_DV2026_Puebla,MEX-136,Zacatepec - Oriental,0.0,Zacatepec,2857.0,15.5,1.5,19.2778,-97.536888,1,3,1,2025,False,federal
S0957,21_DV2026_Puebla,MEX-140,San Hipólito - Xalapa,0.0,T. C. Puebla - Tehuacán,10515.0,10.201378982406087,2.8986210175939133,18.9348945,-97.85657599999999,1,3,1,2025,False,federal
S0958,21_DV2026_Puebla,MEX-140,San Hipólito - Xalapa,7.86,X. C. Puebla - Acatzingo (Cuota),26029.0,10.001759575857697,2.149560106035576,18.97777,-97.8038885,1,3,1,2025,False,federal
S0959,21_DV2026_Puebla,MEX-140,San Hipólito - Xalapa,35.35,San Salvador El Seco,12539.0,16.8,4.8,19.121379,-97.657145,1,1,1,2025,False,federal
S0960,21_DV2026_Puebla,MEX-140,San Hipólito - Xalapa,54.2,Zacatepec,8539.5,25.575978560188826,4.172064319433517,19.265373000000004,-97.53249174999999,2,"1,3",1,2025,False,federal
S0961,21_DV2026_Puebla,MEX-140,San Hipólito - Xalapa,80.0,Alchichica,8587.0,19.002270874577853,3.246593688133225,19.451316499999997,-97.386093,1,3,1,2025,False,federal
S0962,21_DV2026_Puebla,MEX-140,San Hipólito - Xalapa,89.6,San Antonio Limón,9203.0,20.1,3.6,19.494203,-97.354211,1,1,1,2025,False,federal
S0963,21_DV2026_Puebla,MEX-140,San Hipólito - Xalapa,101.7,Perote,12564.5,6.55,1.2999999999999998,19.5677745,-97.24231499999999,2,"1,3",1,2025,False,federal
S0964,21_DV2026_Puebla,MEX-140,San Hipólito - Xalapa,109.5,T. Izq. Villa Aldama,7841.0,11.1,1.3,19.615397,-97.188801,1,1,1,2025,False,federal
S0965,21_DV2026_Puebla,MEX-140,San Hipólito - Xalapa,110.7,T. C. Libramiento de Perote (Cuota),12670.0,13.545217048145226,1.59681136543015,19.6286235,-97.1766305,1,3,1,2025,False,federal
S0966,21_DV2026_Puebla,MEX-140,San Hipólito - Xalapa,145.0,Banderilla,16729.0,10.8,2.5,19.591218,-96.957237,1,1,1,2025,False,federal
S0967,21_DV2026_Puebla,MEX-140,San Hipólito - Xalapa,146.0,T. Izq. Naolinco,44653.0,9.094150449017983,1.9014623877455041,19.5912865,-96.939278,1,3,1,2025,False,federal
S0968,21_DV2026_Puebla,MEX-140,San Hipólito - Xalapa,151.2,Xalapa,64040.0,8.30126483447845,1.6012648344784508,19.571562,-96.92880650000001,1,1,1,2025,False,federal
S0969,21_DV2026_Puebla,MEX-140D,Amozoc - Perote (Cuota),0.0,T. C. Puebla - Acatzingo (Cuota),12139.0,19.0,7.9,19.071799,-98.06286,1,3,1,2025,True,federal
S0970,21_DV2026_Puebla,MEX-140D,Amozoc - Perote (Cuota),0.68,Plaza de Cobro Amozoc,12220.0,22.6,5.2,19.063641,-98.069094,1,2,1,2025,True,federal
S0971,21_DV2026_Puebla,MEX-140D,Amozoc - Perote (Cuota),25.8,X. C. Huamantla - La Venta,12399.0,17.8,7.1,19.228171,-97.897041,1,3,1,2025,True,federal
S0972,21_DV2026_Puebla,MEX-140D,Amozoc - Perote (Cuota),40.34,Plaza de Cobro Cuapiaxtla,6914.0,24.2,3.6,19.310369,-97.797544,1,2,1,2025,True,federal
S0973,21_DV2026_Puebla,MEX-140D,Amozoc - Perote (Cuota),61.45,T. Der. Oriental,15419.0,22.748710661305978,7.825644669347012,19.4161705,-97.64428175,2,"1,3",1,2025,True,federal
S0974,21_DV2026_Puebla,MEX-140D,Amozoc - Perote (Cuota),62.7,T. Izq. Teziutlán,9763.0,28.4,9.3,19.426498,-97.62995,1,3,1,2025,True,federal
S0975,21_DV2026_Puebla,MEX-140D,Amozoc - Perote (Cuota),80.1,X. C. Tepeyahualco - Cantoná,12138.0,26.2,10.4,19.50822,-97.492429,1,3,1,2025,True,federal
S0976,21_DV2026_Puebla,MEX-144,San Salvador El Seco - Azumbilla,0.0,San Salvador El Seco,6203.0,17.7,3.4,19.127523,-97.632708,1,3,1,2025,False,federal
S0977,21_DV2026_Puebla,MEX-144,San Salvador El Seco - Azumbilla,29.0,Cd. Serdán,6088.0,21.9,2.8,18.980731,-97.440672,1,3,1,2025,False,federal
S0978,21_DV2026_Puebla,MEX-144,San Salvador El Seco - Azumbilla,45.94,X. C. Puebla - Acatzingo (Cuota),6192.0,15.5,1.3,18.86855,-97.389151,1,3,1,2025,False,federal
S0979,21_DV2026_Puebla,MEX-144,San Salvador El Seco - Azumbilla,73.67,T. C. Tehuacán - Córdoba,4592.0,15.0,1.2,18.647547,-97.391162,1,1,1,2025,False,federal
S0980,21_DV2026_Puebla,MEX-150,Puebla - Tehuacán,5.83,T. Izq. A Enlace con Aut. Puebla - Acatzingo (Cuota),43867.0,9.694756878747121,1.3480338295301708,19.046224000000002,-98.107808,1,3,1,2025,False,federal
S0981,21_DV2026_Puebla,MEX-150,Puebla - Tehuacán,8.4,Chachapa,41466.0,11.600318333092172,1.3993633338156561,19.043889999999998,-98.07938100000001,1,3,1,2025,False,federal
S0982,21_DV2026_Puebla,MEX-150,Puebla - Tehuacán,17.86,Amozoc,27304.0,11.540181411737533,1.6214434842210355,19.04008375,-98.04024125000001,2,"1,3",1,2025,False,federal
S0983,21_DV2026_Puebla,MEX-150,Puebla - Tehuacán,35.3,Tepeaca,20900.5,8.677942399959504,1.253525822134288,18.971118250000004,-97.90592225,2,"1,3",1,2025,False,federal
S0984,21_DV2026_Puebla,MEX-150,Puebla - Tehuacán,41.8,T. Izq. Acatzingo,19293.0,9.500668636292955,1.650334318146478,18.923937,-97.852779,1,3,1,2025,False,federal
S0985,21_DV2026_Puebla,MEX-150,Puebla - Tehuacán,45.25,T. Der. San Juan Ixcaquixtla,21999.5,8.83293002611463,1.8763959507539498,18.91795225,-97.83045275,2,"1,3",1,2025,False,federal
S0986,21_DV2026_Puebla,MEX-150,Puebla - Tehuacán,57.4,Tecamachalco,22934.5,6.651092990556158,1.349709044332354,18.87987175,-97.733128,2,"1,3",1,2025,False,federal
S0987,21_DV2026_Puebla,MEX-150,Puebla - Tehuacán,97.4,Tepanco de López,7730.5,8.95,1.85,18.5562685,-97.56012150000001,2,"1,3",1,2025,False,federal
S0988,21_DV2026_Puebla,MEX-150,Puebla - Tehuacán,110.6,X. C. Cuacnopalan - Oaxaca (Cuota),18919.0,8.3,1.1,18.489396,-97.45987,1,1,1,2025,False,federal
S0989,21_DV2026_Puebla,MEX-150,Puebla - Tehuacán,115.7,T. C. Tehuacán - Córdoba,21403.0,12.346203803205157,1.4984815212820632,18.484484000000002,-97.451561,1,1,1,2025,False,federal
S0990,21_DV2026_Puebla,MEX-150,Tehuacán - Córdoba,0.0,Tehuacán,14885.0,13.1,0.8,18.500548,-97.405375,1,3,1,2025,False,federal
S0991,21_DV2026_Puebla,MEX-150,Tehuacán - Córdoba,18.27,Chapulco,8855.0,12.0,0.8,18.634173,-97.399075,1,3,1,2025,False,federal
S0992,21_DV2026_Puebla,MEX-150,Tehuacán - Córdoba,20.51,T. Izq. Azumbilla,2092.0,13.3,1.2,18.647774,-97.387907,1,3,1,2025,False,federal
S0993,21_DV2026_Puebla,MEX-150,Tehuacán - Córdoba,53.31,Cd. Mendoza,14041.5,13.646163982430453,2.451918008784773,18.799927,-97.18484475,2,"1,3",1,2025,False,federal
S0994,21_DV2026_Puebla,MEX-150,Tehuacán - Córdoba,63.52,Orizaba,34320.5,9.64632500528613,1.9733899271080182,18.85004875,-97.09034125,2,"1,3",1,2025,False,federal
S0995,21_DV2026_Puebla,MEX-150,Tehuacán - Córdoba,80.24,Fortín,18310.5,7.776449947033898,1.324516684322034,18.89666625,-97.0021845,2,"1,3",1,2025,False,federal
S0996,21_DV2026_Puebla,MEX-150,Tehuacán - Córdoba,86.76,Córdoba,21923.0,7.312270218491995,0.8,18.9026585,-96.9797165,1,1,1,2025,False,federal
S0997,21_DV2026_Puebla,MEX-150D,Acatzingo - Cd. Mendoza (Cuota),47.1,T. Izq. Acatzingo,34819.0,30.800000000000004,7.70207645251156,18.970743,-97.792492,1,3,1,2025,True,federal
S0998,21_DV2026_Puebla,MEX-150D,Acatzingo - Cd. Mendoza (Cuota),62.1,T. Der. Tecamachalco,34167.5,30.836144650072605,6.704827465889711,18.931784,-97.68355475,2,"1,3",1,2025,True,federal
S0999,21_DV2026_Puebla,MEX-150D,Acatzingo - Cd. Mendoza (Cuota),83.85,T. Der. Oaxaca (Cuota),21244.0,34.95274144589264,8.024626971765544,18.829546999999998,-97.4903275,2,"1,3",1,2025,True,federal
S1000,21_DV2026_Puebla,MEX-150D,Acatzingo - Cd. Mendoza (Cuota),99.5,Plaza de Cobro Esperanza,13910.0,42.4,4.4,18.870672,-97.386004,1,2,1,2025,True,federal
S1001,21_DV2026_Puebla,MEX-150D,Acatzingo - Cd. Mendoza (Cuota),128.3,T. Der. Maltrata,22672.0,33.7981210303458,6.250313161609033,18.830679,-97.256787,1,1,1,2025,True,federal
S1002,21_DV2026_Puebla,MEX-150D,Acatzingo - Cd. Mendoza (Cuota),142.4,T. Der. Cd. Mendoza,22161.0,30.093975903614457,7.302008032128514,18.814113499999998,-97.19503950000001,1,1,1,2025,True,federal
S1003,21_DV2026_Puebla,MEX-150D,Libramiento Elevado de Puebla (Cuota),114.36,Periférico Ecológico de Puebla,13114.0,19.852180875400336,3.6505947842000914,19.1212855,-98.25800799999999,1,3,1,2025,True,federal
S1004,21_DV2026_Puebla,MEX-150D,Libramiento Elevado de Puebla (Cuota),121.0,Bulevar Hermanos Serdán,14261.0,20.40096767407615,3.4497580814809616,19.0888765,-98.21405,1,3,1,2025,True,federal
S1005,21_DV2026_Puebla,MEX-150D,Libramiento Elevado de Puebla (Cuota),128.26,T. Aut. Puebla-Acatzingo,12606.0,21.68191337458353,4.146985562430588,19.080045,-98.16065850000001,1,1,1,2025,True,federal
S1006,21_DV2026_Puebla,MEX-150D,Puebla - Acatzingo (Cuota),2.56,Distribuidor Estadio Cuauhtemoc (PUEBLA),100493.0,17.50135432318669,4.4,19.073876499999997,-98.14055,1,3,1,2025,True,federal
S1007,21_DV2026_Puebla,MEX-150D,Puebla - Acatzingo (Cuota),21.55,Plaza de Cobro Amozoc,33964.0,25.1,3.9,19.049719,-98.032372,1,2,1,2025,True,federal
S1008,21_DV2026_Puebla,MEX-150D,Puebla - Acatzingo (Cuota),21.55,T. Der. Amozoc (Plaza de Cobro),40128.5,21.82548610433429,5.974950823452603,19.04885025,-98.02995575,2,"1,3",1,2025,True,federal
S1009,21_DV2026_Puebla,MEX-150D,Puebla - Acatzingo (Cuota),47.1,T. Izq. Acatzingo,41918.0,20.310324920082063,4.697418769979484,18.977834,-97.8133695,1,1,1,2025,True,federal
S1010,21_DV2026_Puebla,MEX-190,Puebla - Huajuapan de León,0.0,Puebla,61624.0,6.1,2.5465435544593014,19.034171999999998,-98.2606455,1,3,1,2025,False,federal
S1011,21_DV2026_Puebla,MEX-190,Puebla - Huajuapan de León,8.68,T. Izq. Santa María Acuyah,38151.0,7.171870541212551,1.423399452069011,19.024193750000002,-98.29677725,2,"1,3",1,2025,False,federal
S1012,21_DV2026_Puebla,MEX-190,Puebla - Huajuapan de León,13.0,Chipilo,33425.0,7.300284218399401,1.4501421091997009,19.0119855,-98.321082,1,1,1,2025,False,federal
S1013,21_DV2026_Puebla,MEX-190,Puebla - Huajuapan de León,17.28,T. Der. Santa Isabel Cholula,18434.5,5.7,0.8,18.976681,-98.37259449999999,2,"1,3",1,2025,False,federal
S1014,21_DV2026_Puebla,MEX-190,Puebla - Huajuapan de León,29.88,Atlixco,21036.5,6.6,1.074714270455031,18.898815749999997,-98.4236725,2,"1,3",1,2025,False,federal
S1015,21_DV2026_Puebla,MEX-190,Puebla - Huajuapan de León,51.9,Tepeojuma,14599.0,8.85242139872594,1.8993081717925886,18.735542000000002,-98.44874250000001,1,1,1,2025,False,federal
S1016,21_DV2026_Puebla,MEX-190,Puebla - Huajuapan de León,67.0,Izúcar de Matamoros,9564.0,6.8,0.8,18.634649,-98.468891,1,1,1,2025,False,federal
S1017,21_DV2026_Puebla,MEX-190,Puebla - Huajuapan de León,70.0,T. Der. Cuautla,12462.0,7.0,1.7,18.582713,-98.452037,1,3,1,2025,False,federal
S1018,21_DV2026_Puebla,MEX-190,Puebla - Huajuapan de León,113.3,Tehuitzingo,7933.0,8.1,2.3,18.338373,-98.28303,1,1,1,2025,False,federal
S1019,21_DV2026_Puebla,MEX-190,Puebla - Huajuapan de León,154.2,Acatlán de Osorio,8630.0,5.6,1.4,18.182001,-98.058744,1,1,1,2025,False,federal
S1020,21_DV2026_Puebla,MEX-190,Puebla - Huajuapan de León,192.3,Chila,2380.0,14.2,4.6,17.966459,-97.864127,1,3,1,2025,False,federal
S1021,21_DV2026_Puebla,MEX-190,Puebla - Huajuapan de León,202.1,T. Izq. Las Palmas,2435.0,9.1,4.2,17.884402,-97.839182,1,1,1,2025,False,federal
S1022,21_DV2026_Puebla,MEX-190,Puebla - Huajuapan de León,219.3,Huajuapan de León,3600.0,10.6,2.5,17.841229,-97.792783,1,1,1,2025,False,federal
S1023,21_DV2026_Puebla,OAX-PUE-MEX-182,Teotitlán de Flores Magón - Tuxtepec,0.0,Teotitlán del Camino,1973.0,8.3,1.2,18.131729,-97.06386,1,3,1,2025,False,estatal
S1024,21_DV2026_Puebla,OAX-PUE-MEX-182,Teotitlán de Flores Magón - Tuxtepec,65.0,Huautla,1664.0,8.5,1.0,18.146106,-96.853951,1,1,1,2025,False,estatal
S1025,21_DV2026_Puebla,OAX-PUE-MEX-182,Teotitlán de Flores Magón - Tuxtepec,140.0,San Felipe Jalapa de Díaz,4998.0,9.3,1.2,18.082051,-96.52214,1,3,1,2025,False,estatal
S1026,21_DV2026_Puebla,OAX-PUE-MEX-182,Teotitlán de Flores Magón - Tuxtepec,185.0,Tuxtepec,6764.0,13.0,1.7,18.089716,-96.171486,1,1,1,2025,False,estatal
S1027,21_DV2026_Puebla,PUE,Azumbilla - Alcomunga,0.0,T. C. Tehuacán - Córdoba,1426.0,14.6,2.6,18.634813,-97.396846,1,3,1,2025,False,estatal
S1028,21_DV2026_Puebla,PUE,Cholula - Puebla (Vía Quetzalcóatl),0.0,Cholula,77411.0,2.5448670085646743,0.30342199429021716,19.0597125,-98.288398,1,3,1,2025,False,estatal
S1029,21_DV2026_Puebla,PUE,Cholula - Puebla (Vía Quetzalcóatl),12.0,Puebla,89034.0,3.797524541186513,0.4012377294067435,19.059773,-98.2448285,1,1,1,2025,False,estatal
S1030,21_DV2026_Puebla,PUE,Cuacnopalan - Santa Catarina Los Reyes,0.0,Cuacnopalan,2342.0,14.2,0.7,18.825674,-97.499063,1,3,1,2025,False,estatal
S1031,21_DV2026_Puebla,PUE,Cuacnopalan - Santa Catarina Los Reyes,13.0,Santa Catarina Los Reyes,654.0,6.6,0.6,18.882533,-97.439315,1,1,1,2025,False,estatal
S1032,21_DV2026_Puebla,PUE,Cuapiaxtla - Acatlán de Osorio,0.0,T. C. Puebla - Tehuacán,9181.0,9.7,1.3,18.917292,-97.832861,1,3,1,2025,False,estatal
S1033,21_DV2026_Puebla,PUE,Cuapiaxtla - Acatlán de Osorio,23.18,Molcaxac,5643.0,9.0,1.5,18.744027,-97.903572,1,1,1,2025,False,estatal
S1034,21_DV2026_Puebla,PUE,Cuapiaxtla - Acatlán de Osorio,45.35,Tepexi de Rodríguez,4296.5,7.65,0.6,18.579535,-97.926683,2,"1,3",1,2025,False,estatal
S1035,21_DV2026_Puebla,PUE,Cuapiaxtla - Acatlán de Osorio,63.35,San Juan Ixcaquixtla,5503.0,7.8,1.1,18.476023,-97.84743,1,1,1,2025,False,estatal
S1036,21_DV2026_Puebla,PUE,Cuapiaxtla - Acatlán de Osorio,127.0,Acatlán de Osorio,3212.0,4.8,0.9,18.235964,-98.032891,1,1,1,2025,False,estatal
S1037,21_DV2026_Puebla,PUE,Izúcar de Matamoros - Tepexi de Rodríguez,0.0,Izúcar de Matamoros,4761.0,3.4,0.6,18.610449,-98.451227,1,3,1,2025,False,estatal
S1038,21_DV2026_Puebla,PUE,Izúcar de Matamoros - Tepexi de Rodríguez,46.0,Zacapala,606.0,6.6,0.3,18.591487,-98.072011,1,1,1,2025,False,estatal
S1039,21_DV2026_Puebla,PUE,Izúcar de Matamoros - Tepexi de Rodríguez,62.0,T. Der. Tepexi de Rodríguez,2026.0,5.8,0.8,18.637052,-97.933833,1,1,1,2025,False,estatal
S1040,21_DV2026_Puebla,PUE,Ramal a Aeropuerto Hnos. Serdán,0.0,T. Aut. México - Puebla ( Cuota ),25932.0,12.0,1.9,19.212712,-98.358407,1,3,1,2025,False,estatal
S1041,21_DV2026_Puebla,PUE,Ramal a Aeropuerto Hnos. Serdán,9.0,T. México - Puebla (Libre),13709.0,10.4,2.3,19.139905,-98.373852,1,1,1,2025,False,estatal
S1042,21_DV2026_Puebla,PUE,Ramal a Tetela de Ocampo,0.0,T. C. Apizaco - Tejocotal,3058.0,8.9,2.2,19.803449,-98.022965,1,3,1,2025,False,estatal
S1043,21_DV2026_Puebla,PUE,Ramal a Tetela de Ocampo,45.0,Tetela de Ocampo,4342.0,11.8,1.8,19.822074,-97.8191,1,1,1,2025,False,estatal
S1044,21_DV2026_Puebla,PUE,Ramal a Zihuateutla,0.0,T. C. Pachuca - Túxpam,2845.0,8.6,1.2,20.233931,-97.964674,1,3,1,2025,False,estatal
S1045,21_DV2026_Puebla,PUE,Ramal a Zoquitlán,0.0,T. C. Tehuacán - Huitzo,2907.0,9.9,1.4,18.259933,-97.152538,1,3,1,2025,False,estatal
S1046,21_DV2026_Puebla,PUE,San Juan Ixcaquixtla - Pino Suárez,0.0,San Juan Ixcaquixtla,1830.0,8.7,0.8,18.408399,-97.823423,1,3,1,2025,False,estatal
S1047,21_DV2026_Puebla,PUE,San Juan Ixcaquixtla - Pino Suárez,13.0,San Martín Atexcal,1410.0,6.7,0.5,18.405125,-97.751728,1,1,1,2025,False,estatal
S1048,21_DV2026_Puebla,PUE,San Juan Ixcaquixtla - Pino Suárez,42.8,San Bartolo Teontepec,1129.0,8.0,1.1,18.484595,-97.535003,1,1,1,2025,False,estatal
S1049,21_DV2026_Puebla,PUE,San Juan Ixcaquixtla - Pino Suárez,47.1,T. C. Puebla - Tehuacán,5073.0,9.5,0.9,18.511616,-97.504026,1,1,1,2025,False,estatal
S1050,21_DV2026_Puebla,PUE,Tecamachalco - Cañada Morelos,0.0,Tecamachalco,19853.0,13.4,2.4,18.8959025,-97.713532,1,3,1,2025,False,estatal
S1051,21_DV2026_Puebla,PUE,Tecamachalco - Cañada Morelos,8.0,T. Izq. Quecholac,10924.0,14.0,0.9,18.90461,-97.671855,1,1,1,2025,False,estatal
S1052,21_DV2026_Puebla,PUE,Tecamachalco - Cañada Morelos,31.3,T. C. Cuacnopalan - Cd. Serdán,3214.0,12.4,1.4,18.80538,-97.510872,1,3,1,2025,False,estatal
S1053,21_DV2026_Puebla,PUE,Tecamachalco - Cañada Morelos,44.46,T. C. San Salvador El Seco - Azumbilla,3253.0,10.9,1.2,18.742722,-97.423234,1,1,1,2025,False,estatal
S1054,21_DV2026_Puebla,PUE,Tecamachalco - Quecholac,7.8,T. C. Puebla - Acatzingo (Cuota),9296.5,13.5,2.202351224258148,18.929627,-97.679212,2,"1,3",1,2025,False,estatal
S1055,21_DV2026_Puebla,PUE,Zacatlán - Zapotitlán,0.0,T. C. Apizaco - Tejocotal,8985.0,10.3,1.1,19.955279,-97.961855,1,3,1,2025,False,estatal
S1056,21_DV2026_Puebla,PUE-D,Puebla - Atlixco (Cuota),0.0,Puebla,25366.0,7.655022471024206,2.1007726878498776,19.000389,-98.278446,1,3,1,2025,True,estatal
S1057,21_DV2026_Puebla,PUE-D,Puebla - Atlixco (Cuota),25.3,Atlixco,22243.0,6.098547857753001,1.7492739288765005,18.922777,-98.40455850000001,1,1,1,2025,True,estatal
S1058,21_DV2026_Puebla,PUE-D,Puebla - Tlaxcala (Cuota),0.0,Anillo Periferico Poniente de Puebla,13918.0,7.8,1.9,19.150578,-98.269377,1,3,1,2025,True,estatal
S1059,21_DV2026_Puebla,PUE-D,Puebla - Tlaxcala (Cuota),8.0,T Der. Zacatelco,12375.0,7.25,1.6,19.208961000000002,-98.264896,2,"1,3",1,2025,True,estatal
S1060,21_DV2026_Puebla,PUE-D,Puebla - Tlaxcala (Cuota),17.8,Lib. de Tlaxcala (Cuota),12665.0,7.3,1.9,19.2785,-98.249919,1,1,1,2025,True,estatal
S1061,21_DV2026_Puebla,PUE-MEX-093,Ramal a Tulcingo del Valle,0.0,T. C. Puebla - Huajuapan de León,3356.0,8.0,2.7,18.247504,-98.221139,1,3,1,2025,False,estatal
S1062,21_DV2026_Puebla,PUE-MEX-093,Ramal a Tulcingo del Valle,7.31,T. Izq. Piaxtla,3294.0,8.7,2.4,18.190967,-98.26942,1,3,1,2025,False,estatal
S1063,21_DV2026_Puebla,PUE-MEX-093,Ramal a Tulcingo del Valle,21.01,Tecomatlán,3432.0,8.2,2.2,18.093423,-98.316422,1,3,1,2025,False,estatal
S1064,21_DV2026_Puebla,PUE-MEX-093,Ramal a Tulcingo del Valle,43.0,Tulcingo del Valle,4039.0,10.0,1.8,18.041642,-98.427976,1,1,1,2025,False,estatal
S1065,21_DV2026_Puebla,PUE-MEX-135,Tehuacán - Huitzo,0.0,Tehuacán,11173.0,4.6,0.3,18.457432,-97.370656,1,3,1,2025,False,estatal
S1066,21_DV2026_Puebla,PUE-MEX-135,Tehuacán - Huitzo,14.4,T. Der. San Gabriel Chilac,8466.0,8.1,0.5,18.407071,-97.330419,1,1,1,2025,False,estatal
S1067,21_DV2026_Puebla,PUE-MEX-135,Tehuacán - Huitzo,23.0,San Sebastián Zinacatepec,7492.0,9.6,1.0,18.321346,-97.226146,1,3,1,2025,False,estatal
S1068,21_DV2026_Puebla,PUE-MEX-135,Tehuacán - Huitzo,63.15,Teotitlán del Camino,2757.0,6.3,0.5,18.118774,-97.073664,1,3,1,2025,False,estatal
S1069,21_DV2026_Puebla,PUE-MEX-135,Tehuacán - Huitzo,88.34,Santa María Tecomavaca,1249.5,6.35,0.45,17.9524985,-97.023853,2,"1,3",1,2025,False,estatal
S1070,21_DV2026_Puebla,PUE-MEX-135,Tehuacán - Huitzo,118.8,T. Izq. Cuicatlán,1552.0,6.8,0.6,17.79393,-96.959977,1,1,1,2025,False,estatal
S1071,21_DV2026_Puebla,PUE-MEX-135,Tehuacán - Huitzo,169.84,T. Izq. Nacaltepec,718.0,10.3,0.9,17.505594,-96.933158,1,1,1,2025,False,estatal
S1072,21_DV2026_Puebla,PUE-MEX-135,Tehuacán - Huitzo,202.7,T. C. Huajuapan de León - Oaxaca,10595.0,4.4,0.5,17.287659,-96.903729,1,1,1,2025,False,estatal
S1073,21_DV2026_Puebla,PUE-TLAX-HGO-D,Tlaxco - Tejocotal (Cuota),23.0,T.C. Apan - Tlaxco,5750.0,9.0,3.3,19.607087,-98.156663,1,3,1,2025,True,estatal
S1074,21_DV2026_Puebla,PUE-TLAX-HGO-D,Tlaxco - Tejocotal (Cuota),56.2,Ent. Chignahuapan,3948.0,10.2,2.6,19.870773,-98.061055,1,3,1,2025,True,estatal
