ctn_id,parameter,year,month,value
CTN_000,ALLSKY_SFC_SW_DWN,2015,1,4.7508
CTN_000,ALLSKY_SFC_SW_DWN,2015,2,5.3208
CTN_000,ALLSKY_SFC_SW_DWN,2015,3,5.4641
CTN_000,ALLSKY_SFC_SW_DWN,2015,4,6.2458
CTN_000,ALLSKY_SFC_SW_DWN,2015,5,5.6299
CTN_000,ALLSKY_SFC_SW_DWN,2015,6,5.4175
CTN_000,ALLSKY_SFC_SW_DWN,2015,7,5.6215
CTN_000,ALLSKY_SFC_SW_DWN,2015,8,5.7571
CTN_000,ALLSKY_SFC_SW_DWN,2015,9,4.764
CTN_000,ALLSKY_SFC_SW_DWN,2015,10,4.7717
CTN_000,ALLSKY_SFC_SW_DWN,2015,11,4.5715
CTN_000,ALLSKY_SFC_SW_DWN,2015,12,4.3349
CTN_000,ALLSKY_SFC_SW_DWN,2016,1,4.4731
CTN_000,ALLSKY_SFC_SW_DWN,2016,2,5.7996
CTN_000,ALLSKY_SFC_SW_DWN,2016,3,5.783
CTN_000,ALLSKY_SFC_SW_DWN,2016,4,6.4438
CTN_000,ALLSKY_SFC_SW_DWN,2016,5,6.0991
CTN_000,ALLSKY_SFC_SW_DWN,2016,6,5.3364
CTN_000,ALLSKY_SFC_SW_DWN,2016,7,5.5618
CTN_000,ALLSKY_SFC_SW_DWN,2016,8,5.4989
CTN_000,ALLSKY_SFC_SW_DWN,2016,9,4.9848
CTN_000,ALLSKY_SFC_SW_DWN,2016,10,5.1895
CTN_000,ALLSKY_SFC_SW_DWN,2016,11,4.2552
CTN_000,ALLSKY_SFC_SW_DWN,2016,12,4.7664
CTN_000,ALLSKY_SFC_SW_DWN,2017,1,5.4298
CTN_000,ALLSKY_SFC_SW_DWN,2017,2,6.029
CTN_000,ALLSKY_SFC_SW_DWN,2017,3,6.1066
CTN_000,ALLSKY_SFC_SW_DWN,2017,4,6.5623
CTN_000,ALLSKY_SFC_SW_DWN,2017,5,5.8498
CTN_000,ALLSKY_SFC_SW_DWN,2017,6,6.0511
CTN_000,ALLSKY_SFC_SW_DWN,2017,7,5.2346
CTN_000,ALLSKY_SFC_SW_DWN,2017,8,5.4653
CTN_000,ALLSKY_SFC_SW_DWN,2017,9,4.5636
CTN_000,ALLSKY_SFC_SW_DWN,2017,10,4.9759
CTN_000,ALLSKY_SFC_SW_DWN,2017,11,5.7216
CTN_000,ALLSKY_SFC_SW_DWN,2017,12,5.0969
CTN_000,ALLSKY_SFC_SW_DWN,2018,1,4.8746
CTN_000,ALLSKY_SFC_SW_DWN,2018,2,5.2771
CTN_000,ALLSKY_SFC_SW_DWN,2018,3,6.5232
CTN_000,ALLSKY_SFC_SW_DWN,2018,4,6.2635
CTN_000,ALLSKY_SFC_SW_DWN,2018,5,6.667
CTN_000,ALLSKY_SFC_SW_DWN,2018,6,5.5061
CTN_000,ALLSKY_SFC_SW_DWN,2018,7,6.3139
CTN_000,ALLSKY_SFC_SW_DWN,2018,8,5.2738
CTN_000,ALLSKY_SFC_SW_DWN,2018,9,5.1235
CTN_000,ALLSKY_SFC_SW_DWN,2018,10,4.5278
CTN_000,ALLSKY_SFC_SW_DWN,2018,11,4.4136
CTN_000,ALLSKY_SFC_SW_DWN,2018,12,4.8046
CTN_000,ALLSKY_SFC_SW_DWN,2019,1,5.0897
CTN_000,ALLSKY_SFC_SW_DWN,2019,2,5.909
CTN_000,ALLSKY_SFC_SW_DWN,2019,3,6.6425
CTN_000,ALLSKY_SFC_SW_DWN,2019,4,6.8414
CTN_000,ALLSKY_SFC_SW_DWN,2019,5,6.6658
CTN_000,ALLSKY_SFC_SW_DWN,2019,6,5.6206
CTN_000,ALLSKY_SFC_SW_DWN,2019,7,5.5802
CTN_000,ALLSKY_SFC_SW_DWN,2019,8,6.1061
CTN_000,ALLSKY_SFC_SW_DWN,2019,9,5.2853
CTN_000,ALLSKY_SFC_SW_DWN,2019,10,4.783
CTN_000,ALLSKY_SFC_SW_DWN,2019,11,4.6627
CTN_000,ALLSKY_SFC_SW_DWN,2019,12,4.8295
CTN_000,ALLSKY_SFC_SW_DWN,2020,1,4.7842
CTN_000,ALLSKY_SFC_SW_DWN,2020,2,5.7804
CTN_000,ALLSKY_SFC_SW_DWN,2020,3,6.487
CTN_000,ALLSKY_SFC_SW_DWN,2020,4,6.6252
CTN_000,ALLSKY_SFC_SW_DWN,2020,5,6.6067
CTN_000,ALLSKY_SFC_SW_DWN,2020,6,6.3178
CTN_000,ALLSKY_SFC_SW_DWN,2020,7,5.8841
CTN_000,ALLSKY_SFC_SW_DWN,2020,8,5.4074
CTN_000,ALLSKY_SFC_SW_DWN,2020,9,4.6987
CTN_000,ALLSKY_SFC_SW_DWN,2020,10,6.1171
CTN_000,ALLSKY_SFC_SW_DWN,2020,11,5.3623
CTN_000,ALLSKY_SFC_SW_DWN,2020,12,4.6678
CTN_000,ALLSKY_SFC_SW_DWN,2021,1,4.8398
CTN_000,ALLSKY_SFC_SW_DWN,2021,2,6.2417
CTN_000,ALLSKY_SFC_SW_DWN,2021,3,6.6922
CTN_000,ALLSKY_SFC_SW_DWN,2021,4,6.6706
CTN_000,ALLSKY_SFC_SW_DWN,2021,5,6.433
CTN_000,ALLSKY_SFC_SW_DWN,2021,6,4.9097
CTN_000,ALLSKY_SFC_SW_DWN,2021,7,5.5243
CTN_000,ALLSKY_SFC_SW_DWN,2021,8,5.2222
CTN_000,ALLSKY_SFC_SW_DWN,2021,9,4.8137
CTN_000,ALLSKY_SFC_SW_DWN,2021,10,5.0614
CTN_000,ALLSKY_SFC_SW_DWN,2021,11,5.1442
CTN_000,ALLSKY_SFC_SW_DWN,2021,12,5.1089
CTN_000,ALLSKY_SFC_SW_DWN,2022,1,4.8974
CTN_000,ALLSKY_SFC_SW_DWN,2022,2,5.6712
CTN_000,ALLSKY_SFC_SW_DWN,2022,3,6.9802
CTN_000,ALLSKY_SFC_SW_DWN,2022,4,6.5791
CTN_000,ALLSKY_SFC_SW_DWN,2022,5,6.9931
CTN_000,ALLSKY_SFC_SW_DWN,2022,6,5.7725
CTN_000,ALLSKY_SFC_SW_DWN,2022,7,5.687
CTN_000,ALLSKY_SFC_SW_DWN,2022,8,5.2774
CTN_000,ALLSKY_SFC_SW_DWN,2022,9,4.8758
CTN_000,ALLSKY_SFC_SW_DWN,2022,10,4.8605
CTN_000,ALLSKY_SFC_SW_DWN,2022,11,4.866
CTN_000,ALLSKY_SFC_SW_DWN,2022,12,4.709
CTN_000,ALLSKY_SFC_SW_DWN,2023,1,5.2846
CTN_000,ALLSKY_SFC_SW_DWN,2023,2,6.0778
CTN_000,ALLSKY_SFC_SW_DWN,2023,3,6.3878
CTN_000,ALLSKY_SFC_SW_DWN,2023,4,6.6314
CTN_000,ALLSKY_SFC_SW_DWN,2023,5,5.7439
CTN_000,ALLSKY_SFC_SW_DWN,2023,6,6.9974
CTN_000,ALLSKY_SFC_SW_DWN,2023,7,5.7146
CTN_000,ALLSKY_SFC_SW_DWN,2023,8,5.2466
CTN_000,ALLSKY_SFC_SW_DWN,2023,9,6.2599
CTN_000,ALLSKY_SFC_SW_DWN,2023,10,4.6872
CTN_000,ALLSKY_SFC_SW_DWN,2023,11,4.7638
CTN_000,ALLSKY_SFC_SW_DWN,2023,12,3.9398
CTN_000,ALLSKY_SFC_SW_DWN,2024,1,4.6565
CTN_000,ALLSKY_SFC_SW_DWN,2024,2,5.9844
CTN_000,ALLSKY_SFC_SW_DWN,2024,3,7.0416
CTN_000,ALLSKY_SFC_SW_DWN,2024,4,6.9038
CTN_000,ALLSKY_SFC_SW_DWN,2024,5,6.8026
CTN_000,ALLSKY_SFC_SW_DWN,2024,6,5.8471
CTN_000,ALLSKY_SFC_SW_DWN,2024,7,5.0155
CTN_000,ALLSKY_SFC_SW_DWN,2024,8,5.5159
CTN_000,ALLSKY_SFC_SW_DWN,2024,9,4.3798
CTN_000,ALLSKY_SFC_SW_DWN,2024,10,4.8449
CTN_000,ALLSKY_SFC_SW_DWN,2024,11,5.1413
CTN_000,ALLSKY_SFC_SW_DWN,2024,12,4.8437
CTN_000,PRECTOTCORR,2015,1,0.11
CTN_000,PRECTOTCORR,2015,2,0.21
CTN_000,PRECTOTCORR,2015,3,2.15
CTN_000,PRECTOTCORR,2015,4,0.78
CTN_000,PRECTOTCORR,2015,5,3.78
CTN_000,PRECTOTCORR,2015,6,3.55
CTN_000,PRECTOTCORR,2015,7,4.1
CTN_000,PRECTOTCORR,2015,8,3.65
CTN_000,PRECTOTCORR,2015,9,5.15
CTN_000,PRECTOTCORR,2015,10,1.51
CTN_000,PRECTOTCORR,2015,11,0.62
CTN_000,PRECTOTCORR,2015,12,0.31
CTN_000,PRECTOTCORR,2016,1,0.31
CTN_000,PRECTOTCORR,2016,2,0.13
CTN_000,PRECTOTCORR,2016,3,1.21
CTN_000,PRECTOTCORR,2016,4,0.84
CTN_000,PRECTOTCORR,2016,5,2.37
CTN_000,PRECTOTCORR,2016,6,5.54
CTN_000,PRECTOTCORR,2016,7,5.43
CTN_000,PRECTOTCORR,2016,8,5.94
CTN_000,PRECTOTCORR,2016,9,4.84
CTN_000,PRECTOTCORR,2016,10,0.95
CTN_000,PRECTOTCORR,2016,11,1.6
CTN_000,PRECTOTCORR,2016,12,0.15
CTN_000,PRECTOTCORR,2017,1,0.01
CTN_000,PRECTOTCORR,2017,2,0.03
CTN_000,PRECTOTCORR,2017,3,0.72
CTN_000,PRECTOTCORR,2017,4,0.63
CTN_000,PRECTOTCORR,2017,5,2.48
CTN_000,PRECTOTCORR,2017,6,3.69
CTN_000,PRECTOTCORR,2017,7,4.98
CTN_000,PRECTOTCORR,2017,8,5.7
CTN_000,PRECTOTCORR,2017,9,5.21
CTN_000,PRECTOTCORR,2017,10,1.53
CTN_000,PRECTOTCORR,2017,11,0.12
CTN_000,PRECTOTCORR,2017,12,0.01
CTN_000,PRECTOTCORR,2018,1,0.34
CTN_000,PRECTOTCORR,2018,2,0.58
CTN_000,PRECTOTCORR,2018,3,0.3
CTN_000,PRECTOTCORR,2018,4,1.59
CTN_000,PRECTOTCORR,2018,5,2.12
CTN_000,PRECTOTCORR,2018,6,6.36
CTN_000,PRECTOTCORR,2018,7,2.66
CTN_000,PRECTOTCORR,2018,8,6.98
CTN_000,PRECTOTCORR,2018,9,5.08
CTN_000,PRECTOTCORR,2018,10,3.24
CTN_000,PRECTOTCORR,2018,11,1.66
CTN_000,PRECTOTCORR,2018,12,0.16
CTN_000,PRECTOTCORR,2019,1,0.16
CTN_000,PRECTOTCORR,2019,2,0.19
CTN_000,PRECTOTCORR,2019,3,0.24
CTN_000,PRECTOTCORR,2019,4,0.39
CTN_000,PRECTOTCORR,2019,5,0.93
CTN_000,PRECTOTCORR,2019,6,4.6
CTN_000,PRECTOTCORR,2019,7,5.06
CTN_000,PRECTOTCORR,2019,8,4.14
CTN_000,PRECTOTCORR,2019,9,3.83
CTN_000,PRECTOTCORR,2019,10,3.65
CTN_000,PRECTOTCORR,2019,11,0.92
CTN_000,PRECTOTCORR,2019,12,0.05
CTN_000,PRECTOTCORR,2020,1,0.33
CTN_000,PRECTOTCORR,2020,2,0.23
CTN_000,PRECTOTCORR,2020,3,0.46
CTN_000,PRECTOTCORR,2020,4,1.1
CTN_000,PRECTOTCORR,2020,5,1.17
CTN_000,PRECTOTCORR,2020,6,3.07
CTN_000,PRECTOTCORR,2020,7,4.75
CTN_000,PRECTOTCORR,2020,8,5.24
CTN_000,PRECTOTCORR,2020,9,4.42
CTN_000,PRECTOTCORR,2020,10,0.83
CTN_000,PRECTOTCORR,2020,11,0.1
CTN_000,PRECTOTCORR,2020,12,0.1
CTN_000,PRECTOTCORR,2021,1,0.19
CTN_000,PRECTOTCORR,2021,2,0.32
CTN_000,PRECTOTCORR,2021,3,0.71
CTN_000,PRECTOTCORR,2021,4,0.7
CTN_000,PRECTOTCORR,2021,5,2.74
CTN_000,PRECTOTCORR,2021,6,5.95
CTN_000,PRECTOTCORR,2021,7,4.29
CTN_000,PRECTOTCORR,2021,8,5.53
CTN_000,PRECTOTCORR,2021,9,6.19
CTN_000,PRECTOTCORR,2021,10,1.88
CTN_000,PRECTOTCORR,2021,11,0.21
CTN_000,PRECTOTCORR,2021,12,0.03
CTN_000,PRECTOTCORR,2022,1,0.28
CTN_000,PRECTOTCORR,2022,2,0.17
CTN_000,PRECTOTCORR,2022,3,0.18
CTN_000,PRECTOTCORR,2022,4,1.3
CTN_000,PRECTOTCORR,2022,5,0.87
CTN_000,PRECTOTCORR,2022,6,3.67
CTN_000,PRECTOTCORR,2022,7,5.14
CTN_000,PRECTOTCORR,2022,8,4.37
CTN_000,PRECTOTCORR,2022,9,3.89
CTN_000,PRECTOTCORR,2022,10,1.83
CTN_000,PRECTOTCORR,2022,11,0.6
CTN_000,PRECTOTCORR,2022,12,0.24
CTN_000,PRECTOTCORR,2023,1,0.03
CTN_000,PRECTOTCORR,2023,2,0.02
CTN_000,PRECTOTCORR,2023,3,0.67
CTN_000,PRECTOTCORR,2023,4,1.36
CTN_000,PRECTOTCORR,2023,5,1.38
CTN_000,PRECTOTCORR,2023,6,0.41
CTN_000,PRECTOTCORR,2023,7,4.37
CTN_000,PRECTOTCORR,2023,8,4.66
CTN_000,PRECTOTCORR,2023,9,2.0
CTN_000,PRECTOTCORR,2023,10,2.5
CTN_000,PRECTOTCORR,2023,11,2.05
CTN_000,PRECTOTCORR,2023,12,0.57
CTN_000,PRECTOTCORR,2024,1,0.08
CTN_000,PRECTOTCORR,2024,2,0.54
CTN_000,PRECTOTCORR,2024,3,0.02
CTN_000,PRECTOTCORR,2024,4,0.41
CTN_000,PRECTOTCORR,2024,5,0.99
CTN_000,PRECTOTCORR,2024,6,4.81
CTN_000,PRECTOTCORR,2024,7,7.87
CTN_000,PRECTOTCORR,2024,8,6.65
CTN_000,PRECTOTCORR,2024,9,7.28
CTN_000,PRECTOTCORR,2024,10,1.76
CTN_000,PRECTOTCORR,2024,11,0.57
CTN_000,PRECTOTCORR,2024,12,0.17
CTN_000,T2M,2015,1,10.59
CTN_000,T2M,2015,2,11.81
CTN_000,T2M,2015,3,13.2
CTN_000,T2M,2015,4,16.45
CTN_000,T2M,2015,5,15.95
CTN_000,T2M,2015,6,15.48
CTN_000,T2M,2015,7,14.85
CTN_000,T2M,2015,8,14.84
CTN_000,T2M,2015,9,14.29
CTN_000,T2M,2015,10,13.54
CTN_000,T2M,2015,11,13.78
CTN_000,T2M,2015,12,12.4
CTN_000,T2M,2016,1,9.92
CTN_000,T2M,2016,2,11.62
CTN_000,T2M,2016,3,13.44
CTN_000,T2M,2016,4,16.63
CTN_000,T2M,2016,5,18.31
CTN_000,T2M,2016,6,15.52
CTN_000,T2M,2016,7,15.17
CTN_000,T2M,2016,8,14.99
CTN_000,T2M,2016,9,14.4
CTN_000,T2M,2016,10,12.98
CTN_000,T2M,2016,11,11.49
CTN_000,T2M,2016,12,11.91
CTN_000,T2M,2017,1,11.14
CTN_000,T2M,2017,2,12.35
CTN_000,T2M,2017,3,13.93
CTN_000,T2M,2017,4,15.99
CTN_000,T2M,2017,5,18.08
CTN_000,T2M,2017,6,16.83
CTN_000,T2M,2017,7,15.02
CTN_000,T2M,2017,8,15.46
CTN_000,T2M,2017,9,14.28
CTN_000,T2M,2017,10,12.96
CTN_000,T2M,2017,11,11.3
CTN_000,T2M,2017,12,10.67
CTN_000,T2M,2018,1,9.67
CTN_000,T2M,2018,2,13.28
CTN_000,T2M,2018,3,15.55
CTN_000,T2M,2018,4,16.28
CTN_000,T2M,2018,5,17.01
CTN_000,T2M,2018,6,15.72
CTN_000,T2M,2018,7,15.33
CTN_000,T2M,2018,8,14.42
CTN_000,T2M,2018,9,14.61
CTN_000,T2M,2018,10,13.87
CTN_000,T2M,2018,11,12.12
CTN_000,T2M,2018,12,10.71
CTN_000,T2M,2019,1,10.72
CTN_000,T2M,2019,2,13.73
CTN_000,T2M,2019,3,15.54
CTN_000,T2M,2019,4,16.54
CTN_000,T2M,2019,5,18.61
CTN_000,T2M,2019,6,16.73
CTN_000,T2M,2019,7,15.2
CTN_000,T2M,2019,8,15.65
CTN_000,T2M,2019,9,14.81
CTN_000,T2M,2019,10,14.31
CTN_000,T2M,2019,11,13.34
CTN_000,T2M,2019,12,11.66
CTN_000,T2M,2020,1,11.11
CTN_000,T2M,2020,2,13.67
CTN_000,T2M,2020,3,16.14
CTN_000,T2M,2020,4,17.86
CTN_000,T2M,2020,5,17.27
CTN_000,T2M,2020,6,16.8
CTN_000,T2M,2020,7,16.01
CTN_000,T2M,2020,8,14.95
CTN_000,T2M,2020,9,14.33
CTN_000,T2M,2020,10,12.82
CTN_000,T2M,2020,11,12.15
CTN_000,T2M,2020,12,11.84
CTN_000,T2M,2021,1,12.22
CTN_000,T2M,2021,2,12.83
CTN_000,T2M,2021,3,15.89
CTN_000,T2M,2021,4,16.97
CTN_000,T2M,2021,5,16.67
CTN_000,T2M,2021,6,15.11
CTN_000,T2M,2021,7,15.05
CTN_000,T2M,2021,8,14.85
CTN_000,T2M,2021,9,14.22
CTN_000,T2M,2021,10,13.84
CTN_000,T2M,2021,11,11.16
CTN_000,T2M,2021,12,11.99
CTN_000,T2M,2022,1,11.32
CTN_000,T2M,2022,2,12.57
CTN_000,T2M,2022,3,14.92
CTN_000,T2M,2022,4,17.44
CTN_000,T2M,2022,5,18.42
CTN_000,T2M,2022,6,16.16
CTN_000,T2M,2022,7,15.97
CTN_000,T2M,2022,8,15.3
CTN_000,T2M,2022,9,14.18
CTN_000,T2M,2022,10,14.19
CTN_000,T2M,2022,11,13.5
CTN_000,T2M,2022,12,11.42
CTN_000,T2M,2023,1,11.77
CTN_000,T2M,2023,2,13.32
CTN_000,T2M,2023,3,15.79
CTN_000,T2M,2023,4,17.0
CTN_000,T2M,2023,5,17.37
CTN_000,T2M,2023,6,19.49
CTN_000,T2M,2023,7,16.74
CTN_000,T2M,2023,8,15.85
CTN_000,T2M,2023,9,15.9
CTN_000,T2M,2023,10,15.06
CTN_000,T2M,2023,11,13.46
CTN_000,T2M,2023,12,10.74
CTN_000,T2M,2024,1,11.94
CTN_000,T2M,2024,2,13.45
CTN_000,T2M,2024,3,16.41
CTN_000,T2M,2024,4,18.22
CTN_000,T2M,2024,5,21.1
CTN_000,T2M,2024,6,18.05
CTN_000,T2M,2024,7,15.76
CTN_000,T2M,2024,8,15.5
CTN_000,T2M,2024,9,15.31
CTN_000,T2M,2024,10,12.56
CTN_000,T2M,2024,11,12.78
CTN_000,T2M,2024,12,11.08
CTN_000,T2M_MAX,2015,1,21.07
CTN_000,T2M_MAX,2015,2,25.04
CTN_000,T2M_MAX,2015,3,25.15
CTN_000,T2M_MAX,2015,4,27.24
CTN_000,T2M_MAX,2015,5,26.69
CTN_000,T2M_MAX,2015,6,26.44
CTN_000,T2M_MAX,2015,7,24.0
CTN_000,T2M_MAX,2015,8,23.87
CTN_000,T2M_MAX,2015,9,23.07
CTN_000,T2M_MAX,2015,10,23.16
CTN_000,T2M_MAX,2015,11,23.45
CTN_000,T2M_MAX,2015,12,23.77
CTN_000,T2M_MAX,2016,1,22.46
CTN_000,T2M_MAX,2016,2,25.17
CTN_000,T2M_MAX,2016,3,27.02
CTN_000,T2M_MAX,2016,4,28.32
CTN_000,T2M_MAX,2016,5,30.26
CTN_000,T2M_MAX,2016,6,24.11
CTN_000,T2M_MAX,2016,7,24.2
CTN_000,T2M_MAX,2016,8,23.36
CTN_000,T2M_MAX,2016,9,22.78
CTN_000,T2M_MAX,2016,10,22.88
CTN_000,T2M_MAX,2016,11,21.46
CTN_000,T2M_MAX,2016,12,21.65
CTN_000,T2M_MAX,2017,1,23.48
CTN_000,T2M_MAX,2017,2,25.46
CTN_000,T2M_MAX,2017,3,27.09
CTN_000,T2M_MAX,2017,4,29.6
CTN_000,T2M_MAX,2017,5,30.22
CTN_000,T2M_MAX,2017,6,28.07
CTN_000,T2M_MAX,2017,7,24.14
CTN_000,T2M_MAX,2017,8,25.04
CTN_000,T2M_MAX,2017,9,23.98
CTN_000,T2M_MAX,2017,10,22.69
CTN_000,T2M_MAX,2017,11,23.6
CTN_000,T2M_MAX,2017,12,22.73
CTN_000,T2M_MAX,2018,1,22.14
CTN_000,T2M_MAX,2018,2,25.1
CTN_000,T2M_MAX,2018,3,27.73
CTN_000,T2M_MAX,2018,4,27.81
CTN_000,T2M_MAX,2018,5,30.01
CTN_000,T2M_MAX,2018,6,28.82
CTN_000,T2M_MAX,2018,7,25.31
CTN_000,T2M_MAX,2018,8,23.24
CTN_000,T2M_MAX,2018,9,22.45
CTN_000,T2M_MAX,2018,10,22.22
CTN_000,T2M_MAX,2018,11,22.1
CTN_000,T2M_MAX,2018,12,21.59
CTN_000,T2M_MAX,2019,1,21.35
CTN_000,T2M_MAX,2019,2,26.81
CTN_000,T2M_MAX,2019,3,28.27
CTN_000,T2M_MAX,2019,4,29.61
CTN_000,T2M_MAX,2019,5,30.01
CTN_000,T2M_MAX,2019,6,27.79
CTN_000,T2M_MAX,2019,7,25.37
CTN_000,T2M_MAX,2019,8,24.67
CTN_000,T2M_MAX,2019,9,23.92
CTN_000,T2M_MAX,2019,10,23.94
CTN_000,T2M_MAX,2019,11,22.98
CTN_000,T2M_MAX,2019,12,22.1
CTN_000,T2M_MAX,2020,1,22.42
CTN_000,T2M_MAX,2020,2,27.32
CTN_000,T2M_MAX,2020,3,29.76
CTN_000,T2M_MAX,2020,4,28.99
CTN_000,T2M_MAX,2020,5,28.96
CTN_000,T2M_MAX,2020,6,27.36
CTN_000,T2M_MAX,2020,7,25.82
CTN_000,T2M_MAX,2020,8,23.93
CTN_000,T2M_MAX,2020,9,24.42
CTN_000,T2M_MAX,2020,10,23.57
CTN_000,T2M_MAX,2020,11,24.32
CTN_000,T2M_MAX,2020,12,22.16
CTN_000,T2M_MAX,2021,1,24.67
CTN_000,T2M_MAX,2021,2,27.48
CTN_000,T2M_MAX,2021,3,28.97
CTN_000,T2M_MAX,2021,4,29.49
CTN_000,T2M_MAX,2021,5,28.13
CTN_000,T2M_MAX,2021,6,27.49
CTN_000,T2M_MAX,2021,7,23.71
CTN_000,T2M_MAX,2021,8,24.06
CTN_000,T2M_MAX,2021,9,22.03
CTN_000,T2M_MAX,2021,10,23.34
CTN_000,T2M_MAX,2021,11,20.78
CTN_000,T2M_MAX,2021,12,23.13
CTN_000,T2M_MAX,2022,1,22.59
CTN_000,T2M_MAX,2022,2,26.12
CTN_000,T2M_MAX,2022,3,29.15
CTN_000,T2M_MAX,2022,4,31.07
CTN_000,T2M_MAX,2022,5,29.98
CTN_000,T2M_MAX,2022,6,28.24
CTN_000,T2M_MAX,2022,7,26.41
CTN_000,T2M_MAX,2022,8,24.19
CTN_000,T2M_MAX,2022,9,22.6
CTN_000,T2M_MAX,2022,10,24.69
CTN_000,T2M_MAX,2022,11,23.44
CTN_000,T2M_MAX,2022,12,22.38
CTN_000,T2M_MAX,2023,1,23.94
CTN_000,T2M_MAX,2023,2,26.98
CTN_000,T2M_MAX,2023,3,28.94
CTN_000,T2M_MAX,2023,4,29.25
CTN_000,T2M_MAX,2023,5,29.27
CTN_000,T2M_MAX,2023,6,31.11
CTN_000,T2M_MAX,2023,7,26.9
CTN_000,T2M_MAX,2023,8,25.94
CTN_000,T2M_MAX,2023,9,26.03
CTN_000,T2M_MAX,2023,10,25.18
CTN_000,T2M_MAX,2023,11,25.88
CTN_000,T2M_MAX,2023,12,21.47
CTN_000,T2M_MAX,2024,1,24.75
CTN_000,T2M_MAX,2024,2,27.23
CTN_000,T2M_MAX,2024,3,29.03
CTN_000,T2M_MAX,2024,4,30.96
CTN_000,T2M_MAX,2024,5,32.72
CTN_000,T2M_MAX,2024,6,31.25
CTN_000,T2M_MAX,2024,7,25.86
CTN_000,T2M_MAX,2024,8,22.87
CTN_000,T2M_MAX,2024,9,23.3
CTN_000,T2M_MAX,2024,10,21.02
CTN_000,T2M_MAX,2024,11,22.92
CTN_000,T2M_MAX,2024,12,21.77
CTN_000,WS10M,2015,1,2.01
CTN_000,WS10M,2015,2,2.06
CTN_000,WS10M,2015,3,1.98
CTN_000,WS10M,2015,4,2.01
CTN_000,WS10M,2015,5,1.61
CTN_000,WS10M,2015,6,1.57
CTN_000,WS10M,2015,7,1.53
CTN_000,WS10M,2015,8,1.76
CTN_000,WS10M,2015,9,1.55
CTN_000,WS10M,2015,10,2.43
CTN_000,WS10M,2015,11,1.7
CTN_000,WS10M,2015,12,1.8
CTN_000,WS10M,2016,1,2.4
CTN_000,WS10M,2016,2,1.91
CTN_000,WS10M,2016,3,2.83
CTN_000,WS10M,2016,4,2.19
CTN_000,WS10M,2016,5,1.67
CTN_000,WS10M,2016,6,1.61
CTN_000,WS10M,2016,7,1.53
CTN_000,WS10M,2016,8,1.67
CTN_000,WS10M,2016,9,1.82
CTN_000,WS10M,2016,10,2.4
CTN_000,WS10M,2016,11,1.97
CTN_000,WS10M,2016,12,1.82
CTN_000,WS10M,2017,1,1.81
CTN_000,WS10M,2017,2,2.03
CTN_000,WS10M,2017,3,2.11
CTN_000,WS10M,2017,4,2.33
CTN_000,WS10M,2017,5,1.53
CTN_000,WS10M,2017,6,2.01
CTN_000,WS10M,2017,7,1.33
CTN_000,WS10M,2017,8,1.63
CTN_000,WS10M,2017,9,2.0
CTN_000,WS10M,2017,10,2.44
CTN_000,WS10M,2017,11,1.96
CTN_000,WS10M,2017,12,1.6
CTN_000,WS10M,2018,1,2.01
CTN_000,WS10M,2018,2,1.5
CTN_000,WS10M,2018,3,1.94
CTN_000,WS10M,2018,4,1.93
CTN_000,WS10M,2018,5,2.07
CTN_000,WS10M,2018,6,1.6
CTN_000,WS10M,2018,7,1.64
CTN_000,WS10M,2018,8,1.53
CTN_000,WS10M,2018,9,1.35
CTN_000,WS10M,2018,10,1.92
CTN_000,WS10M,2018,11,1.54
CTN_000,WS10M,2018,12,1.71
CTN_000,WS10M,2019,1,1.99
CTN_000,WS10M,2019,2,2.03
CTN_000,WS10M,2019,3,1.8
CTN_000,WS10M,2019,4,2.17
CTN_000,WS10M,2019,5,2.09
CTN_000,WS10M,2019,6,1.96
CTN_000,WS10M,2019,7,1.33
CTN_000,WS10M,2019,8,1.36
CTN_000,WS10M,2019,9,1.75
CTN_000,WS10M,2019,10,1.93
CTN_000,WS10M,2019,11,1.59
CTN_000,WS10M,2019,12,1.64
CTN_000,WS10M,2020,1,2.13
CTN_000,WS10M,2020,2,2.07
CTN_000,WS10M,2020,3,1.82
CTN_000,WS10M,2020,4,1.94
CTN_000,WS10M,2020,5,2.1
CTN_000,WS10M,2020,6,2.24
CTN_000,WS10M,2020,7,1.6
CTN_000,WS10M,2020,8,1.78
CTN_000,WS10M,2020,9,1.96
CTN_000,WS10M,2020,10,2.07
CTN_000,WS10M,2020,11,2.25
CTN_000,WS10M,2020,12,1.94
CTN_000,WS10M,2021,1,1.98
CTN_000,WS10M,2021,2,2.42
CTN_000,WS10M,2021,3,1.87
CTN_000,WS10M,2021,4,1.99
CTN_000,WS10M,2021,5,2.18
CTN_000,WS10M,2021,6,2.12
CTN_000,WS10M,2021,7,1.53
CTN_000,WS10M,2021,8,1.73
CTN_000,WS10M,2021,9,1.65
CTN_000,WS10M,2021,10,1.92
CTN_000,WS10M,2021,11,1.75
CTN_000,WS10M,2021,12,1.59
CTN_000,WS10M,2022,1,2.02
CTN_000,WS10M,2022,2,1.8
CTN_000,WS10M,2022,3,2.2
CTN_000,WS10M,2022,4,1.9
CTN_000,WS10M,2022,5,1.99
CTN_000,WS10M,2022,6,2.16
CTN_000,WS10M,2022,7,1.5
CTN_000,WS10M,2022,8,1.36
CTN_000,WS10M,2022,9,2.36
CTN_000,WS10M,2022,10,1.66
CTN_000,WS10M,2022,11,1.49
CTN_000,WS10M,2022,12,1.61
CTN_000,WS10M,2023,1,1.76
CTN_000,WS10M,2023,2,1.86
CTN_000,WS10M,2023,3,1.76
CTN_000,WS10M,2023,4,2.1
CTN_000,WS10M,2023,5,1.68
CTN_000,WS10M,2023,6,2.26
CTN_000,WS10M,2023,7,1.63
CTN_000,WS10M,2023,8,1.81
CTN_000,WS10M,2023,9,1.92
CTN_000,WS10M,2023,10,2.05
CTN_000,WS10M,2023,11,1.8
CTN_000,WS10M,2023,12,1.69
CTN_000,WS10M,2024,1,2.26
CTN_000,WS10M,2024,2,2.38
CTN_000,WS10M,2024,3,2.51
CTN_000,WS10M,2024,4,2.21
CTN_000,WS10M,2024,5,1.75
CTN_000,WS10M,2024,6,2.34
CTN_000,WS10M,2024,7,1.59
CTN_000,WS10M,2024,8,1.59
CTN_000,WS10M,2024,9,1.79
CTN_000,WS10M,2024,10,2.22
CTN_000,WS10M,2024,11,1.76
CTN_000,WS10M,2024,12,1.7
CTN_001,ALLSKY_SFC_SW_DWN,2015,1,4.7508
CTN_001,ALLSKY_SFC_SW_DWN,2015,2,5.3208
CTN_001,ALLSKY_SFC_SW_DWN,2015,3,5.4641
CTN_001,ALLSKY_SFC_SW_DWN,2015,4,6.2458
CTN_001,ALLSKY_SFC_SW_DWN,2015,5,5.6299
CTN_001,ALLSKY_SFC_SW_DWN,2015,6,5.4175
CTN_001,ALLSKY_SFC_SW_DWN,2015,7,5.6215
CTN_001,ALLSKY_SFC_SW_DWN,2015,8,5.7571
CTN_001,ALLSKY_SFC_SW_DWN,2015,9,4.764
CTN_001,ALLSKY_SFC_SW_DWN,2015,10,4.7717
CTN_001,ALLSKY_SFC_SW_DWN,2015,11,4.5715
CTN_001,ALLSKY_SFC_SW_DWN,2015,12,4.3349
CTN_001,ALLSKY_SFC_SW_DWN,2016,1,4.4731
CTN_001,ALLSKY_SFC_SW_DWN,2016,2,5.7996
CTN_001,ALLSKY_SFC_SW_DWN,2016,3,5.783
CTN_001,ALLSKY_SFC_SW_DWN,2016,4,6.4438
CTN_001,ALLSKY_SFC_SW_DWN,2016,5,6.0991
CTN_001,ALLSKY_SFC_SW_DWN,2016,6,5.3364
CTN_001,ALLSKY_SFC_SW_DWN,2016,7,5.5618
CTN_001,ALLSKY_SFC_SW_DWN,2016,8,5.4989
CTN_001,ALLSKY_SFC_SW_DWN,2016,9,4.9848
CTN_001,ALLSKY_SFC_SW_DWN,2016,10,5.1895
CTN_001,ALLSKY_SFC_SW_DWN,2016,11,4.2552
CTN_001,ALLSKY_SFC_SW_DWN,2016,12,4.7664
CTN_001,ALLSKY_SFC_SW_DWN,2017,1,5.4298
CTN_001,ALLSKY_SFC_SW_DWN,2017,2,6.029
CTN_001,ALLSKY_SFC_SW_DWN,2017,3,6.1066
CTN_001,ALLSKY_SFC_SW_DWN,2017,4,6.5623
CTN_001,ALLSKY_SFC_SW_DWN,2017,5,5.8498
CTN_001,ALLSKY_SFC_SW_DWN,2017,6,6.0511
CTN_001,ALLSKY_SFC_SW_DWN,2017,7,5.2346
CTN_001,ALLSKY_SFC_SW_DWN,2017,8,5.4653
CTN_001,ALLSKY_SFC_SW_DWN,2017,9,4.5636
CTN_001,ALLSKY_SFC_SW_DWN,2017,10,4.9759
CTN_001,ALLSKY_SFC_SW_DWN,2017,11,5.7216
CTN_001,ALLSKY_SFC_SW_DWN,2017,12,5.0969
CTN_001,ALLSKY_SFC_SW_DWN,2018,1,4.8746
CTN_001,ALLSKY_SFC_SW_DWN,2018,2,5.2771
CTN_001,ALLSKY_SFC_SW_DWN,2018,3,6.5232
CTN_001,ALLSKY_SFC_SW_DWN,2018,4,6.2635
CTN_001,ALLSKY_SFC_SW_DWN,2018,5,6.667
CTN_001,ALLSKY_SFC_SW_DWN,2018,6,5.5061
CTN_001,ALLSKY_SFC_SW_DWN,2018,7,6.3139
CTN_001,ALLSKY_SFC_SW_DWN,2018,8,5.2738
CTN_001,ALLSKY_SFC_SW_DWN,2018,9,5.1235
CTN_001,ALLSKY_SFC_SW_DWN,2018,10,4.5278
CTN_001,ALLSKY_SFC_SW_DWN,2018,11,4.4136
CTN_001,ALLSKY_SFC_SW_DWN,2018,12,4.8046
CTN_001,ALLSKY_SFC_SW_DWN,2019,1,5.0897
CTN_001,ALLSKY_SFC_SW_DWN,2019,2,5.909
CTN_001,ALLSKY_SFC_SW_DWN,2019,3,6.6425
CTN_001,ALLSKY_SFC_SW_DWN,2019,4,6.8414
CTN_001,ALLSKY_SFC_SW_DWN,2019,5,6.6658
CTN_001,ALLSKY_SFC_SW_DWN,2019,6,5.6206
CTN_001,ALLSKY_SFC_SW_DWN,2019,7,5.5802
CTN_001,ALLSKY_SFC_SW_DWN,2019,8,6.1061
CTN_001,ALLSKY_SFC_SW_DWN,2019,9,5.2853
CTN_001,ALLSKY_SFC_SW_DWN,2019,10,4.783
CTN_001,ALLSKY_SFC_SW_DWN,2019,11,4.6627
CTN_001,ALLSKY_SFC_SW_DWN,2019,12,4.8295
CTN_001,ALLSKY_SFC_SW_DWN,2020,1,4.7842
CTN_001,ALLSKY_SFC_SW_DWN,2020,2,5.7804
CTN_001,ALLSKY_SFC_SW_DWN,2020,3,6.487
CTN_001,ALLSKY_SFC_SW_DWN,2020,4,6.6252
CTN_001,ALLSKY_SFC_SW_DWN,2020,5,6.6067
CTN_001,ALLSKY_SFC_SW_DWN,2020,6,6.3178
CTN_001,ALLSKY_SFC_SW_DWN,2020,7,5.8841
CTN_001,ALLSKY_SFC_SW_DWN,2020,8,5.4074
CTN_001,ALLSKY_SFC_SW_DWN,2020,9,4.6987
CTN_001,ALLSKY_SFC_SW_DWN,2020,10,6.1171
CTN_001,ALLSKY_SFC_SW_DWN,2020,11,5.3623
CTN_001,ALLSKY_SFC_SW_DWN,2020,12,4.6678
CTN_001,ALLSKY_SFC_SW_DWN,2021,1,4.8398
CTN_001,ALLSKY_SFC_SW_DWN,2021,2,6.2417
CTN_001,ALLSKY_SFC_SW_DWN,2021,3,6.6922
CTN_001,ALLSKY_SFC_SW_DWN,2021,4,6.6706
CTN_001,ALLSKY_SFC_SW_DWN,2021,5,6.433
CTN_001,ALLSKY_SFC_SW_DWN,2021,6,4.9097
CTN_001,ALLSKY_SFC_SW_DWN,2021,7,5.5243
CTN_001,ALLSKY_SFC_SW_DWN,2021,8,5.2222
CTN_001,ALLSKY_SFC_SW_DWN,2021,9,4.8137
CTN_001,ALLSKY_SFC_SW_DWN,2021,10,5.0614
CTN_001,ALLSKY_SFC_SW_DWN,2021,11,5.1442
CTN_001,ALLSKY_SFC_SW_DWN,2021,12,5.1089
CTN_001,ALLSKY_SFC_SW_DWN,2022,1,4.8974
CTN_001,ALLSKY_SFC_SW_DWN,2022,2,5.6712
CTN_001,ALLSKY_SFC_SW_DWN,2022,3,6.9802
CTN_001,ALLSKY_SFC_SW_DWN,2022,4,6.5791
CTN_001,ALLSKY_SFC_SW_DWN,2022,5,6.9931
CTN_001,ALLSKY_SFC_SW_DWN,2022,6,5.7725
CTN_001,ALLSKY_SFC_SW_DWN,2022,7,5.687
CTN_001,ALLSKY_SFC_SW_DWN,2022,8,5.2774
CTN_001,ALLSKY_SFC_SW_DWN,2022,9,4.8758
CTN_001,ALLSKY_SFC_SW_DWN,2022,10,4.8605
CTN_001,ALLSKY_SFC_SW_DWN,2022,11,4.866
CTN_001,ALLSKY_SFC_SW_DWN,2022,12,4.709
CTN_001,ALLSKY_SFC_SW_DWN,2023,1,5.2846
CTN_001,ALLSKY_SFC_SW_DWN,2023,2,6.0778
CTN_001,ALLSKY_SFC_SW_DWN,2023,3,6.3878
CTN_001,ALLSKY_SFC_SW_DWN,2023,4,6.6314
CTN_001,ALLSKY_SFC_SW_DWN,2023,5,5.7439
CTN_001,ALLSKY_SFC_SW_DWN,2023,6,6.9974
CTN_001,ALLSKY_SFC_SW_DWN,2023,7,5.7146
CTN_001,ALLSKY_SFC_SW_DWN,2023,8,5.2466
CTN_001,ALLSKY_SFC_SW_DWN,2023,9,6.2599
CTN_001,ALLSKY_SFC_SW_DWN,2023,10,4.6872
CTN_001,ALLSKY_SFC_SW_DWN,2023,11,4.7638
CTN_001,ALLSKY_SFC_SW_DWN,2023,12,3.9398
CTN_001,ALLSKY_SFC_SW_DWN,2024,1,4.6565
CTN_001,ALLSKY_SFC_SW_DWN,2024,2,5.9844
CTN_001,ALLSKY_SFC_SW_DWN,2024,3,7.0416
CTN_001,ALLSKY_SFC_SW_DWN,2024,4,6.9038
CTN_001,ALLSKY_SFC_SW_DWN,2024,5,6.8026
CTN_001,ALLSKY_SFC_SW_DWN,2024,6,5.8471
CTN_001,ALLSKY_SFC_SW_DWN,2024,7,5.0155
CTN_001,ALLSKY_SFC_SW_DWN,2024,8,5.5159
CTN_001,ALLSKY_SFC_SW_DWN,2024,9,4.3798
CTN_001,ALLSKY_SFC_SW_DWN,2024,10,4.8449
CTN_001,ALLSKY_SFC_SW_DWN,2024,11,5.1413
CTN_001,ALLSKY_SFC_SW_DWN,2024,12,4.8437
CTN_001,PRECTOTCORR,2015,1,0.03
CTN_001,PRECTOTCORR,2015,2,0.13
CTN_001,PRECTOTCORR,2015,3,1.59
CTN_001,PRECTOTCORR,2015,4,0.46
CTN_001,PRECTOTCORR,2015,5,4.17
CTN_001,PRECTOTCORR,2015,6,4.03
CTN_001,PRECTOTCORR,2015,7,4.22
CTN_001,PRECTOTCORR,2015,8,4.58
CTN_001,PRECTOTCORR,2015,9,6.18
CTN_001,PRECTOTCORR,2015,10,1.82
CTN_001,PRECTOTCORR,2015,11,0.73
CTN_001,PRECTOTCORR,2015,12,0.15
CTN_001,PRECTOTCORR,2016,1,0.27
CTN_001,PRECTOTCORR,2016,2,0.11
CTN_001,PRECTOTCORR,2016,3,1.46
CTN_001,PRECTOTCORR,2016,4,0.84
CTN_001,PRECTOTCORR,2016,5,2.25
CTN_001,PRECTOTCORR,2016,6,6.85
CTN_001,PRECTOTCORR,2016,7,6.45
CTN_001,PRECTOTCORR,2016,8,7.01
CTN_001,PRECTOTCORR,2016,9,6.34
CTN_001,PRECTOTCORR,2016,10,1.1
CTN_001,PRECTOTCORR,2016,11,1.44
CTN_001,PRECTOTCORR,2016,12,0.07
CTN_001,PRECTOTCORR,2017,1,0.0
CTN_001,PRECTOTCORR,2017,2,0.01
CTN_001,PRECTOTCORR,2017,3,0.49
CTN_001,PRECTOTCORR,2017,4,0.47
CTN_001,PRECTOTCORR,2017,5,3.27
CTN_001,PRECTOTCORR,2017,6,5.26
CTN_001,PRECTOTCORR,2017,7,5.91
CTN_001,PRECTOTCORR,2017,8,7.37
CTN_001,PRECTOTCORR,2017,9,6.97
CTN_001,PRECTOTCORR,2017,10,1.7
CTN_001,PRECTOTCORR,2017,11,0.08
CTN_001,PRECTOTCORR,2017,12,0.01
CTN_001,PRECTOTCORR,2018,1,0.23
CTN_001,PRECTOTCORR,2018,2,0.31
CTN_001,PRECTOTCORR,2018,3,0.23
CTN_001,PRECTOTCORR,2018,4,1.51
CTN_001,PRECTOTCORR,2018,5,2.92
CTN_001,PRECTOTCORR,2018,6,8.05
CTN_001,PRECTOTCORR,2018,7,2.72
CTN_001,PRECTOTCORR,2018,8,8.15
CTN_001,PRECTOTCORR,2018,9,5.91
CTN_001,PRECTOTCORR,2018,10,3.69
CTN_001,PRECTOTCORR,2018,11,1.55
CTN_001,PRECTOTCORR,2018,12,0.1
CTN_001,PRECTOTCORR,2019,1,0.08
CTN_001,PRECTOTCORR,2019,2,0.13
CTN_001,PRECTOTCORR,2019,3,0.18
CTN_001,PRECTOTCORR,2019,4,0.2
CTN_001,PRECTOTCORR,2019,5,1.57
CTN_001,PRECTOTCORR,2019,6,5.45
CTN_001,PRECTOTCORR,2019,7,5.75
CTN_001,PRECTOTCORR,2019,8,5.08
CTN_001,PRECTOTCORR,2019,9,5.34
CTN_001,PRECTOTCORR,2019,10,4.64
CTN_001,PRECTOTCORR,2019,11,0.9
CTN_001,PRECTOTCORR,2019,12,0.01
CTN_001,PRECTOTCORR,2020,1,0.22
CTN_001,PRECTOTCORR,2020,2,0.19
CTN_001,PRECTOTCORR,2020,3,0.4
CTN_001,PRECTOTCORR,2020,4,0.75
CTN_001,PRECTOTCORR,2020,5,0.99
CTN_001,PRECTOTCORR,2020,6,4.05
CTN_001,PRECTOTCORR,2020,7,5.99
CTN_001,PRECTOTCORR,2020,8,6.12
CTN_001,PRECTOTCORR,2020,9,6.35
CTN_001,PRECTOTCORR,2020,10,0.9
CTN_001,PRECTOTCORR,2020,11,0.07
CTN_001,PRECTOTCORR,2020,12,0.08
CTN_001,PRECTOTCORR,2021,1,0.22
CTN_001,PRECTOTCORR,2021,2,0.3
CTN_001,PRECTOTCORR,2021,3,0.68
CTN_001,PRECTOTCORR,2021,4,0.39
CTN_001,PRECTOTCORR,2021,5,3.2
CTN_001,PRECTOTCORR,2021,6,7.13
CTN_001,PRECTOTCORR,2021,7,4.83
CTN_001,PRECTOTCORR,2021,8,6.49
CTN_001,PRECTOTCORR,2021,9,6.72
CTN_001,PRECTOTCORR,2021,10,2.19
CTN_001,PRECTOTCORR,2021,11,0.17
CTN_001,PRECTOTCORR,2021,12,0.03
CTN_001,PRECTOTCORR,2022,1,0.31
CTN_001,PRECTOTCORR,2022,2,0.1
CTN_001,PRECTOTCORR,2022,3,0.16
CTN_001,PRECTOTCORR,2022,4,1.16
CTN_001,PRECTOTCORR,2022,5,1.06
CTN_001,PRECTOTCORR,2022,6,4.69
CTN_001,PRECTOTCORR,2022,7,5.32
CTN_001,PRECTOTCORR,2022,8,5.69
CTN_001,PRECTOTCORR,2022,9,5.64
CTN_001,PRECTOTCORR,2022,10,2.02
CTN_001,PRECTOTCORR,2022,11,0.43
CTN_001,PRECTOTCORR,2022,12,0.15
CTN_001,PRECTOTCORR,2023,1,0.01
CTN_001,PRECTOTCORR,2023,2,0.01
CTN_001,PRECTOTCORR,2023,3,0.39
CTN_001,PRECTOTCORR,2023,4,1.29
CTN_001,PRECTOTCORR,2023,5,1.37
CTN_001,PRECTOTCORR,2023,6,0.42
CTN_001,PRECTOTCORR,2023,7,5.08
CTN_001,PRECTOTCORR,2023,8,5.71
CTN_001,PRECTOTCORR,2023,9,3.1
CTN_001,PRECTOTCORR,2023,10,3.4
CTN_001,PRECTOTCORR,2023,11,2.23
CTN_001,PRECTOTCORR,2023,12,0.29
CTN_001,PRECTOTCORR,2024,1,0.05
CTN_001,PRECTOTCORR,2024,2,0.54
CTN_001,PRECTOTCORR,2024,3,0.0
CTN_001,PRECTOTCORR,2024,4,0.23
CTN_001,PRECTOTCORR,2024,5,0.96
CTN_001,PRECTOTCORR,2024,6,4.14
CTN_001,PRECTOTCORR,2024,7,8.57
CTN_001,PRECTOTCORR,2024,8,7.59
CTN_001,PRECTOTCORR,2024,9,8.74
CTN_001,PRECTOTCORR,2024,10,2.28
CTN_001,PRECTOTCORR,2024,11,0.4
CTN_001,PRECTOTCORR,2024,12,0.08
CTN_001,T2M,2015,1,14.83
CTN_001,T2M,2015,2,16.02
CTN_001,T2M,2015,3,17.32
CTN_001,T2M,2015,4,20.6
CTN_001,T2M,2015,5,19.65
CTN_001,T2M,2015,6,18.6
CTN_001,T2M,2015,7,18.15
CTN_001,T2M,2015,8,18.39
CTN_001,T2M,2015,9,17.24
CTN_001,T2M,2015,10,17.39
CTN_001,T2M,2015,11,17.73
CTN_001,T2M,2015,12,16.32
CTN_001,T2M,2016,1,14.06
CTN_001,T2M,2016,2,16.18
CTN_001,T2M,2016,3,17.16
CTN_001,T2M,2016,4,20.42
CTN_001,T2M,2016,5,22.12
CTN_001,T2M,2016,6,18.83
CTN_001,T2M,2016,7,18.2
CTN_001,T2M,2016,8,18.02
CTN_001,T2M,2016,9,17.5
CTN_001,T2M,2016,10,17.01
CTN_001,T2M,2016,11,15.76
CTN_001,T2M,2016,12,16.0
CTN_001,T2M,2017,1,15.1
CTN_001,T2M,2017,2,16.44
CTN_001,T2M,2017,3,18.72
CTN_001,T2M,2017,4,20.14
CTN_001,T2M,2017,5,21.47
CTN_001,T2M,2017,6,19.64
CTN_001,T2M,2017,7,17.86
CTN_001,T2M,2017,8,18.22
CTN_001,T2M,2017,9,17.25
CTN_001,T2M,2017,10,16.67
CTN_001,T2M,2017,11,15.67
CTN_001,T2M,2017,12,14.72
CTN_001,T2M,2018,1,14.11
CTN_001,T2M,2018,2,17.2
CTN_001,T2M,2018,3,19.68
CTN_001,T2M,2018,4,20.32
CTN_001,T2M,2018,5,20.65
CTN_001,T2M,2018,6,18.56
CTN_001,T2M,2018,7,18.67
CTN_001,T2M,2018,8,17.54
CTN_001,T2M,2018,9,17.53
CTN_001,T2M,2018,10,17.13
CTN_001,T2M,2018,11,15.65
CTN_001,T2M,2018,12,14.54
CTN_001,T2M,2019,1,14.89
CTN_001,T2M,2019,2,17.62
CTN_001,T2M,2019,3,19.36
CTN_001,T2M,2019,4,20.36
CTN_001,T2M,2019,5,21.89
CTN_001,T2M,2019,6,20.14
CTN_001,T2M,2019,7,18.23
CTN_001,T2M,2019,8,18.44
CTN_001,T2M,2019,9,17.82
CTN_001,T2M,2019,10,17.23
CTN_001,T2M,2019,11,16.84
CTN_001,T2M,2019,12,15.45
CTN_001,T2M,2020,1,15.22
CTN_001,T2M,2020,2,17.55
CTN_001,T2M,2020,3,20.06
CTN_001,T2M,2020,4,21.87
CTN_001,T2M,2020,5,21.25
CTN_001,T2M,2020,6,20.59
CTN_001,T2M,2020,7,18.82
CTN_001,T2M,2020,8,18.03
CTN_001,T2M,2020,9,17.5
CTN_001,T2M,2020,10,16.5
CTN_001,T2M,2020,11,16.54
CTN_001,T2M,2020,12,15.68
CTN_001,T2M,2021,1,16.15
CTN_001,T2M,2021,2,16.7
CTN_001,T2M,2021,3,19.52
CTN_001,T2M,2021,4,20.77
CTN_001,T2M,2021,5,20.37
CTN_001,T2M,2021,6,18.24
CTN_001,T2M,2021,7,18.04
CTN_001,T2M,2021,8,17.88
CTN_001,T2M,2021,9,17.27
CTN_001,T2M,2021,10,17.34
CTN_001,T2M,2021,11,15.62
CTN_001,T2M,2021,12,15.97
CTN_001,T2M,2022,1,15.65
CTN_001,T2M,2022,2,16.67
CTN_001,T2M,2022,3,18.76
CTN_001,T2M,2022,4,21.25
CTN_001,T2M,2022,5,22.18
CTN_001,T2M,2022,6,19.62
CTN_001,T2M,2022,7,19.22
CTN_001,T2M,2022,8,18.27
CTN_001,T2M,2022,9,17.51
CTN_001,T2M,2022,10,17.54
CTN_001,T2M,2022,11,17.31
CTN_001,T2M,2022,12,15.1
CTN_001,T2M,2023,1,15.68
CTN_001,T2M,2023,2,17.19
CTN_001,T2M,2023,3,19.5
CTN_001,T2M,2023,4,20.54
CTN_001,T2M,2023,5,21.18
CTN_001,T2M,2023,6,23.27
CTN_001,T2M,2023,7,20.1
CTN_001,T2M,2023,8,19.13
CTN_001,T2M,2023,9,19.1
CTN_001,T2M,2023,10,18.35
CTN_001,T2M,2023,11,17.39
CTN_001,T2M,2023,12,14.95
CTN_001,T2M,2024,1,15.81
CTN_001,T2M,2024,2,17.58
CTN_001,T2M,2024,3,20.05
CTN_001,T2M,2024,4,21.94
CTN_001,T2M,2024,5,24.26
CTN_001,T2M,2024,6,22.05
CTN_001,T2M,2024,7,18.83
CTN_001,T2M,2024,8,18.67
CTN_001,T2M,2024,9,18.11
CTN_001,T2M,2024,10,16.51
CTN_001,T2M,2024,11,16.84
CTN_001,T2M,2024,12,15.45
CTN_001,T2M_MAX,2015,1,26.34
CTN_001,T2M_MAX,2015,2,28.99
CTN_001,T2M_MAX,2015,3,30.07
CTN_001,T2M_MAX,2015,4,31.26
CTN_001,T2M_MAX,2015,5,30.17
CTN_001,T2M_MAX,2015,6,28.08
CTN_001,T2M_MAX,2015,7,27.54
CTN_001,T2M_MAX,2015,8,27.05
CTN_001,T2M_MAX,2015,9,25.0
CTN_001,T2M_MAX,2015,10,27.39
CTN_001,T2M_MAX,2015,11,26.67
CTN_001,T2M_MAX,2015,12,26.85
CTN_001,T2M_MAX,2016,1,25.56
CTN_001,T2M_MAX,2016,2,28.77
CTN_001,T2M_MAX,2016,3,30.02
CTN_001,T2M_MAX,2016,4,32.42
CTN_001,T2M_MAX,2016,5,33.15
CTN_001,T2M_MAX,2016,6,27.82
CTN_001,T2M_MAX,2016,7,26.22
CTN_001,T2M_MAX,2016,8,25.7
CTN_001,T2M_MAX,2016,9,24.31
CTN_001,T2M_MAX,2016,10,25.49
CTN_001,T2M_MAX,2016,11,25.65
CTN_001,T2M_MAX,2016,12,25.91
CTN_001,T2M_MAX,2017,1,27.68
CTN_001,T2M_MAX,2017,2,28.47
CTN_001,T2M_MAX,2017,3,30.55
CTN_001,T2M_MAX,2017,4,32.77
CTN_001,T2M_MAX,2017,5,32.74
CTN_001,T2M_MAX,2017,6,30.32
CTN_001,T2M_MAX,2017,7,25.54
CTN_001,T2M_MAX,2017,8,26.73
CTN_001,T2M_MAX,2017,9,25.16
CTN_001,T2M_MAX,2017,10,25.57
CTN_001,T2M_MAX,2017,11,27.09
CTN_001,T2M_MAX,2017,12,25.9
CTN_001,T2M_MAX,2018,1,26.21
CTN_001,T2M_MAX,2018,2,28.04
CTN_001,T2M_MAX,2018,3,31.77
CTN_001,T2M_MAX,2018,4,31.71
CTN_001,T2M_MAX,2018,5,34.6
CTN_001,T2M_MAX,2018,6,32.57
CTN_001,T2M_MAX,2018,7,27.75
CTN_001,T2M_MAX,2018,8,25.75
CTN_001,T2M_MAX,2018,9,24.54
CTN_001,T2M_MAX,2018,10,24.58
CTN_001,T2M_MAX,2018,11,25.49
CTN_001,T2M_MAX,2018,12,24.7
CTN_001,T2M_MAX,2019,1,26.41
CTN_001,T2M_MAX,2019,2,29.48
CTN_001,T2M_MAX,2019,3,31.23
CTN_001,T2M_MAX,2019,4,33.64
CTN_001,T2M_MAX,2019,5,32.79
CTN_001,T2M_MAX,2019,6,31.57
CTN_001,T2M_MAX,2019,7,27.5
CTN_001,T2M_MAX,2019,8,26.39
CTN_001,T2M_MAX,2019,9,26.01
CTN_001,T2M_MAX,2019,10,25.55
CTN_001,T2M_MAX,2019,11,25.5
CTN_001,T2M_MAX,2019,12,26.89
CTN_001,T2M_MAX,2020,1,26.15
CTN_001,T2M_MAX,2020,2,30.83
CTN_001,T2M_MAX,2020,3,32.72
CTN_001,T2M_MAX,2020,4,32.3
CTN_001,T2M_MAX,2020,5,32.26
CTN_001,T2M_MAX,2020,6,32.9
CTN_001,T2M_MAX,2020,7,28.0
CTN_001,T2M_MAX,2020,8,26.17
CTN_001,T2M_MAX,2020,9,26.19
CTN_001,T2M_MAX,2020,10,26.56
CTN_001,T2M_MAX,2020,11,28.02
CTN_001,T2M_MAX,2020,12,26.42
CTN_001,T2M_MAX,2021,1,29.0
CTN_001,T2M_MAX,2021,2,29.45
CTN_001,T2M_MAX,2021,3,32.67
CTN_001,T2M_MAX,2021,4,32.24
CTN_001,T2M_MAX,2021,5,30.99
CTN_001,T2M_MAX,2021,6,30.16
CTN_001,T2M_MAX,2021,7,26.24
CTN_001,T2M_MAX,2021,8,25.81
CTN_001,T2M_MAX,2021,9,24.52
CTN_001,T2M_MAX,2021,10,26.39
CTN_001,T2M_MAX,2021,11,25.22
CTN_001,T2M_MAX,2021,12,27.56
CTN_001,T2M_MAX,2022,1,27.25
CTN_001,T2M_MAX,2022,2,29.37
CTN_001,T2M_MAX,2022,3,31.4
CTN_001,T2M_MAX,2022,4,34.11
CTN_001,T2M_MAX,2022,5,33.43
CTN_001,T2M_MAX,2022,6,31.79
CTN_001,T2M_MAX,2022,7,28.62
CTN_001,T2M_MAX,2022,8,26.73
CTN_001,T2M_MAX,2022,9,25.07
CTN_001,T2M_MAX,2022,10,26.97
CTN_001,T2M_MAX,2022,11,26.52
CTN_001,T2M_MAX,2022,12,26.3
CTN_001,T2M_MAX,2023,1,27.96
CTN_001,T2M_MAX,2023,2,30.05
CTN_001,T2M_MAX,2023,3,31.32
CTN_001,T2M_MAX,2023,4,33.28
CTN_001,T2M_MAX,2023,5,32.69
CTN_001,T2M_MAX,2023,6,34.65
CTN_001,T2M_MAX,2023,7,29.87
CTN_001,T2M_MAX,2023,8,28.73
CTN_001,T2M_MAX,2023,9,28.75
CTN_001,T2M_MAX,2023,10,27.05
CTN_001,T2M_MAX,2023,11,28.43
CTN_001,T2M_MAX,2023,12,24.65
CTN_001,T2M_MAX,2024,1,28.2
CTN_001,T2M_MAX,2024,2,31.56
CTN_001,T2M_MAX,2024,3,32.33
CTN_001,T2M_MAX,2024,4,33.46
CTN_001,T2M_MAX,2024,5,35.62
CTN_001,T2M_MAX,2024,6,35.07
CTN_001,T2M_MAX,2024,7,28.48
CTN_001,T2M_MAX,2024,8,25.45
CTN_001,T2M_MAX,2024,9,25.13
CTN_001,T2M_MAX,2024,10,24.96
CTN_001,T2M_MAX,2024,11,26.88
CTN_001,T2M_MAX,2024,12,26.39
CTN_001,WS10M,2015,1,2.15
CTN_001,WS10M,2015,2,2.11
CTN_001,WS10M,2015,3,2.22
CTN_001,WS10M,2015,4,2.36
CTN_001,WS10M,2015,5,1.52
CTN_001,WS10M,2015,6,1.71
CTN_001,WS10M,2015,7,1.75
CTN_001,WS10M,2015,8,1.57
CTN_001,WS10M,2015,9,1.61
CTN_001,WS10M,2015,10,1.97
CTN_001,WS10M,2015,11,1.67
CTN_001,WS10M,2015,12,2.01
CTN_001,WS10M,2016,1,2.11
CTN_001,WS10M,2016,2,2.24
CTN_001,WS10M,2016,3,2.57
CTN_001,WS10M,2016,4,2.36
CTN_001,WS10M,2016,5,1.79
CTN_001,WS10M,2016,6,1.59
CTN_001,WS10M,2016,7,1.54
CTN_001,WS10M,2016,8,1.58
CTN_001,WS10M,2016,9,1.39
CTN_001,WS10M,2016,10,1.76
CTN_001,WS10M,2016,11,1.8
CTN_001,WS10M,2016,12,2.0
CTN_001,WS10M,2017,1,2.08
CTN_001,WS10M,2017,2,2.34
CTN_001,WS10M,2017,3,1.97
CTN_001,WS10M,2017,4,2.24
CTN_001,WS10M,2017,5,1.74
CTN_001,WS10M,2017,6,1.52
CTN_001,WS10M,2017,7,1.42
CTN_001,WS10M,2017,8,1.57
CTN_001,WS10M,2017,9,1.59
CTN_001,WS10M,2017,10,2.0
CTN_001,WS10M,2017,11,1.82
CTN_001,WS10M,2017,12,1.96
CTN_001,WS10M,2018,1,2.22
CTN_001,WS10M,2018,2,2.01
CTN_001,WS10M,2018,3,2.12
CTN_001,WS10M,2018,4,2.06
CTN_001,WS10M,2018,5,1.44
CTN_001,WS10M,2018,6,1.93
CTN_001,WS10M,2018,7,1.38
CTN_001,WS10M,2018,8,1.42
CTN_001,WS10M,2018,9,1.54
CTN_001,WS10M,2018,10,1.67
CTN_001,WS10M,2018,11,1.67
CTN_001,WS10M,2018,12,1.92
CTN_001,WS10M,2019,1,1.93
CTN_001,WS10M,2019,2,2.05
CTN_001,WS10M,2019,3,2.27
CTN_001,WS10M,2019,4,2.45
CTN_001,WS10M,2019,5,2.23
CTN_001,WS10M,2019,6,1.75
CTN_001,WS10M,2019,7,1.45
CTN_001,WS10M,2019,8,1.56
CTN_001,WS10M,2019,9,1.56
CTN_001,WS10M,2019,10,1.73
CTN_001,WS10M,2019,11,1.71
CTN_001,WS10M,2019,12,1.95
CTN_001,WS10M,2020,1,2.16
CTN_001,WS10M,2020,2,2.21
CTN_001,WS10M,2020,3,2.07
CTN_001,WS10M,2020,4,2.35
CTN_001,WS10M,2020,5,2.12
CTN_001,WS10M,2020,6,1.68
CTN_001,WS10M,2020,7,1.69
CTN_001,WS10M,2020,8,1.64
CTN_001,WS10M,2020,9,1.65
CTN_001,WS10M,2020,10,2.08
CTN_001,WS10M,2020,11,2.47
CTN_001,WS10M,2020,12,1.98
CTN_001,WS10M,2021,1,2.03
CTN_001,WS10M,2021,2,2.27
CTN_001,WS10M,2021,3,1.98
CTN_001,WS10M,2021,4,2.52
CTN_001,WS10M,2021,5,1.89
CTN_001,WS10M,2021,6,1.93
CTN_001,WS10M,2021,7,1.7
CTN_001,WS10M,2021,8,1.7
CTN_001,WS10M,2021,9,1.63
CTN_001,WS10M,2021,10,1.67
CTN_001,WS10M,2021,11,1.73
CTN_001,WS10M,2021,12,1.91
CTN_001,WS10M,2022,1,1.97
CTN_001,WS10M,2022,2,2.15
CTN_001,WS10M,2022,3,2.37
CTN_001,WS10M,2022,4,1.96
CTN_001,WS10M,2022,5,1.91
CTN_001,WS10M,2022,6,1.87
CTN_001,WS10M,2022,7,1.51
CTN_001,WS10M,2022,8,1.53
CTN_001,WS10M,2022,9,1.68
CTN_001,WS10M,2022,10,1.66
CTN_001,WS10M,2022,11,1.66
CTN_001,WS10M,2022,12,2.04
CTN_001,WS10M,2023,1,2.12
CTN_001,WS10M,2023,2,2.28
CTN_001,WS10M,2023,3,2.22
CTN_001,WS10M,2023,4,2.42
CTN_001,WS10M,2023,5,1.86
CTN_001,WS10M,2023,6,2.01
CTN_001,WS10M,2023,7,1.72
CTN_001,WS10M,2023,8,1.71
CTN_001,WS10M,2023,9,1.55
CTN_001,WS10M,2023,10,1.86
CTN_001,WS10M,2023,11,1.79
CTN_001,WS10M,2023,12,1.84
CTN_001,WS10M,2024,1,2.04
CTN_001,WS10M,2024,2,2.32
CTN_001,WS10M,2024,3,2.68
CTN_001,WS10M,2024,4,2.55
CTN_001,WS10M,2024,5,2.2
CTN_001,WS10M,2024,6,1.93
CTN_001,WS10M,2024,7,1.64
CTN_001,WS10M,2024,8,1.47
CTN_001,WS10M,2024,9,1.72
CTN_001,WS10M,2024,10,1.91
CTN_001,WS10M,2024,11,1.84
CTN_001,WS10M,2024,12,1.97
CTN_002,ALLSKY_SFC_SW_DWN,2015,1,4.7508
CTN_002,ALLSKY_SFC_SW_DWN,2015,2,5.3208
CTN_002,ALLSKY_SFC_SW_DWN,2015,3,5.4641
CTN_002,ALLSKY_SFC_SW_DWN,2015,4,6.2458
CTN_002,ALLSKY_SFC_SW_DWN,2015,5,5.6299
CTN_002,ALLSKY_SFC_SW_DWN,2015,6,5.4175
CTN_002,ALLSKY_SFC_SW_DWN,2015,7,5.6215
CTN_002,ALLSKY_SFC_SW_DWN,2015,8,5.7571
CTN_002,ALLSKY_SFC_SW_DWN,2015,9,4.764
CTN_002,ALLSKY_SFC_SW_DWN,2015,10,4.7717
CTN_002,ALLSKY_SFC_SW_DWN,2015,11,4.5715
CTN_002,ALLSKY_SFC_SW_DWN,2015,12,4.3349
CTN_002,ALLSKY_SFC_SW_DWN,2016,1,4.4731
CTN_002,ALLSKY_SFC_SW_DWN,2016,2,5.7996
CTN_002,ALLSKY_SFC_SW_DWN,2016,3,5.783
CTN_002,ALLSKY_SFC_SW_DWN,2016,4,6.4438
CTN_002,ALLSKY_SFC_SW_DWN,2016,5,6.0991
CTN_002,ALLSKY_SFC_SW_DWN,2016,6,5.3364
CTN_002,ALLSKY_SFC_SW_DWN,2016,7,5.5618
CTN_002,ALLSKY_SFC_SW_DWN,2016,8,5.4989
CTN_002,ALLSKY_SFC_SW_DWN,2016,9,4.9848
CTN_002,ALLSKY_SFC_SW_DWN,2016,10,5.1895
CTN_002,ALLSKY_SFC_SW_DWN,2016,11,4.2552
CTN_002,ALLSKY_SFC_SW_DWN,2016,12,4.7664
CTN_002,ALLSKY_SFC_SW_DWN,2017,1,5.4298
CTN_002,ALLSKY_SFC_SW_DWN,2017,2,6.029
CTN_002,ALLSKY_SFC_SW_DWN,2017,3,6.1066
CTN_002,ALLSKY_SFC_SW_DWN,2017,4,6.5623
CTN_002,ALLSKY_SFC_SW_DWN,2017,5,5.8498
CTN_002,ALLSKY_SFC_SW_DWN,2017,6,6.0511
CTN_002,ALLSKY_SFC_SW_DWN,2017,7,5.2346
CTN_002,ALLSKY_SFC_SW_DWN,2017,8,5.4653
CTN_002,ALLSKY_SFC_SW_DWN,2017,9,4.5636
CTN_002,ALLSKY_SFC_SW_DWN,2017,10,4.9759
CTN_002,ALLSKY_SFC_SW_DWN,2017,11,5.7216
CTN_002,ALLSKY_SFC_SW_DWN,2017,12,5.0969
CTN_002,ALLSKY_SFC_SW_DWN,2018,1,4.8746
CTN_002,ALLSKY_SFC_SW_DWN,2018,2,5.2771
CTN_002,ALLSKY_SFC_SW_DWN,2018,3,6.5232
CTN_002,ALLSKY_SFC_SW_DWN,2018,4,6.2635
CTN_002,ALLSKY_SFC_SW_DWN,2018,5,6.667
CTN_002,ALLSKY_SFC_SW_DWN,2018,6,5.5061
CTN_002,ALLSKY_SFC_SW_DWN,2018,7,6.3139
CTN_002,ALLSKY_SFC_SW_DWN,2018,8,5.2738
CTN_002,ALLSKY_SFC_SW_DWN,2018,9,5.1235
CTN_002,ALLSKY_SFC_SW_DWN,2018,10,4.5278
CTN_002,ALLSKY_SFC_SW_DWN,2018,11,4.4136
CTN_002,ALLSKY_SFC_SW_DWN,2018,12,4.8046
CTN_002,ALLSKY_SFC_SW_DWN,2019,1,5.0897
CTN_002,ALLSKY_SFC_SW_DWN,2019,2,5.909
CTN_002,ALLSKY_SFC_SW_DWN,2019,3,6.6425
CTN_002,ALLSKY_SFC_SW_DWN,2019,4,6.8414
CTN_002,ALLSKY_SFC_SW_DWN,2019,5,6.6658
CTN_002,ALLSKY_SFC_SW_DWN,2019,6,5.6206
CTN_002,ALLSKY_SFC_SW_DWN,2019,7,5.5802
CTN_002,ALLSKY_SFC_SW_DWN,2019,8,6.1061
CTN_002,ALLSKY_SFC_SW_DWN,2019,9,5.2853
CTN_002,ALLSKY_SFC_SW_DWN,2019,10,4.783
CTN_002,ALLSKY_SFC_SW_DWN,2019,11,4.6627
CTN_002,ALLSKY_SFC_SW_DWN,2019,12,4.8295
CTN_002,ALLSKY_SFC_SW_DWN,2020,1,4.7842
CTN_002,ALLSKY_SFC_SW_DWN,2020,2,5.7804
CTN_002,ALLSKY_SFC_SW_DWN,2020,3,6.487
CTN_002,ALLSKY_SFC_SW_DWN,2020,4,6.6252
CTN_002,ALLSKY_SFC_SW_DWN,2020,5,6.6067
CTN_002,ALLSKY_SFC_SW_DWN,2020,6,6.3178
CTN_002,ALLSKY_SFC_SW_DWN,2020,7,5.8841
CTN_002,ALLSKY_SFC_SW_DWN,2020,8,5.4074
CTN_002,ALLSKY_SFC_SW_DWN,2020,9,4.6987
CTN_002,ALLSKY_SFC_SW_DWN,2020,10,6.1171
CTN_002,ALLSKY_SFC_SW_DWN,2020,11,5.3623
CTN_002,ALLSKY_SFC_SW_DWN,2020,12,4.6678
CTN_002,ALLSKY_SFC_SW_DWN,2021,1,4.8398
CTN_002,ALLSKY_SFC_SW_DWN,2021,2,6.2417
CTN_002,ALLSKY_SFC_SW_DWN,2021,3,6.6922
CTN_002,ALLSKY_SFC_SW_DWN,2021,4,6.6706
CTN_002,ALLSKY_SFC_SW_DWN,2021,5,6.433
CTN_002,ALLSKY_SFC_SW_DWN,2021,6,4.9097
CTN_002,ALLSKY_SFC_SW_DWN,2021,7,5.5243
CTN_002,ALLSKY_SFC_SW_DWN,2021,8,5.2222
CTN_002,ALLSKY_SFC_SW_DWN,2021,9,4.8137
CTN_002,ALLSKY_SFC_SW_DWN,2021,10,5.0614
CTN_002,ALLSKY_SFC_SW_DWN,2021,11,5.1442
CTN_002,ALLSKY_SFC_SW_DWN,2021,12,5.1089
CTN_002,ALLSKY_SFC_SW_DWN,2022,1,4.8974
CTN_002,ALLSKY_SFC_SW_DWN,2022,2,5.6712
CTN_002,ALLSKY_SFC_SW_DWN,2022,3,6.9802
CTN_002,ALLSKY_SFC_SW_DWN,2022,4,6.5791
CTN_002,ALLSKY_SFC_SW_DWN,2022,5,6.9931
CTN_002,ALLSKY_SFC_SW_DWN,2022,6,5.7725
CTN_002,ALLSKY_SFC_SW_DWN,2022,7,5.687
CTN_002,ALLSKY_SFC_SW_DWN,2022,8,5.2774
CTN_002,ALLSKY_SFC_SW_DWN,2022,9,4.8758
CTN_002,ALLSKY_SFC_SW_DWN,2022,10,4.8605
CTN_002,ALLSKY_SFC_SW_DWN,2022,11,4.866
CTN_002,ALLSKY_SFC_SW_DWN,2022,12,4.709
CTN_002,ALLSKY_SFC_SW_DWN,2023,1,5.2846
CTN_002,ALLSKY_SFC_SW_DWN,2023,2,6.0778
CTN_002,ALLSKY_SFC_SW_DWN,2023,3,6.3878
CTN_002,ALLSKY_SFC_SW_DWN,2023,4,6.6314
CTN_002,ALLSKY_SFC_SW_DWN,2023,5,5.7439
CTN_002,ALLSKY_SFC_SW_DWN,2023,6,6.9974
CTN_002,ALLSKY_SFC_SW_DWN,2023,7,5.7146
CTN_002,ALLSKY_SFC_SW_DWN,2023,8,5.2466
CTN_002,ALLSKY_SFC_SW_DWN,2023,9,6.2599
CTN_002,ALLSKY_SFC_SW_DWN,2023,10,4.6872
CTN_002,ALLSKY_SFC_SW_DWN,2023,11,4.7638
CTN_002,ALLSKY_SFC_SW_DWN,2023,12,3.9398
CTN_002,ALLSKY_SFC_SW_DWN,2024,1,4.6565
CTN_002,ALLSKY_SFC_SW_DWN,2024,2,5.9844
CTN_002,ALLSKY_SFC_SW_DWN,2024,3,7.0416
CTN_002,ALLSKY_SFC_SW_DWN,2024,4,6.9038
CTN_002,ALLSKY_SFC_SW_DWN,2024,5,6.8026
CTN_002,ALLSKY_SFC_SW_DWN,2024,6,5.8471
CTN_002,ALLSKY_SFC_SW_DWN,2024,7,5.0155
CTN_002,ALLSKY_SFC_SW_DWN,2024,8,5.5159
CTN_002,ALLSKY_SFC_SW_DWN,2024,9,4.3798
CTN_002,ALLSKY_SFC_SW_DWN,2024,10,4.8449
CTN_002,ALLSKY_SFC_SW_DWN,2024,11,5.1413
CTN_002,ALLSKY_SFC_SW_DWN,2024,12,4.8437
CTN_002,PRECTOTCORR,2015,1,0.03
CTN_002,PRECTOTCORR,2015,2,0.13
CTN_002,PRECTOTCORR,2015,3,1.59
CTN_002,PRECTOTCORR,2015,4,0.46
CTN_002,PRECTOTCORR,2015,5,4.17
CTN_002,PRECTOTCORR,2015,6,4.03
CTN_002,PRECTOTCORR,2015,7,4.22
CTN_002,PRECTOTCORR,2015,8,4.58
CTN_002,PRECTOTCORR,2015,9,6.18
CTN_002,PRECTOTCORR,2015,10,1.82
CTN_002,PRECTOTCORR,2015,11,0.73
CTN_002,PRECTOTCORR,2015,12,0.15
CTN_002,PRECTOTCORR,2016,1,0.27
CTN_002,PRECTOTCORR,2016,2,0.11
CTN_002,PRECTOTCORR,2016,3,1.46
CTN_002,PRECTOTCORR,2016,4,0.84
CTN_002,PRECTOTCORR,2016,5,2.25
CTN_002,PRECTOTCORR,2016,6,6.85
CTN_002,PRECTOTCORR,2016,7,6.45
CTN_002,PRECTOTCORR,2016,8,7.01
CTN_002,PRECTOTCORR,2016,9,6.34
CTN_002,PRECTOTCORR,2016,10,1.1
CTN_002,PRECTOTCORR,2016,11,1.44
CTN_002,PRECTOTCORR,2016,12,0.07
CTN_002,PRECTOTCORR,2017,1,0.0
CTN_002,PRECTOTCORR,2017,2,0.01
CTN_002,PRECTOTCORR,2017,3,0.49
CTN_002,PRECTOTCORR,2017,4,0.47
CTN_002,PRECTOTCORR,2017,5,3.27
CTN_002,PRECTOTCORR,2017,6,5.26
CTN_002,PRECTOTCORR,2017,7,5.91
CTN_002,PRECTOTCORR,2017,8,7.37
CTN_002,PRECTOTCORR,2017,9,6.97
CTN_002,PRECTOTCORR,2017,10,1.7
CTN_002,PRECTOTCORR,2017,11,0.08
CTN_002,PRECTOTCORR,2017,12,0.01
CTN_002,PRECTOTCORR,2018,1,0.23
CTN_002,PRECTOTCORR,2018,2,0.31
CTN_002,PRECTOTCORR,2018,3,0.23
CTN_002,PRECTOTCORR,2018,4,1.51
CTN_002,PRECTOTCORR,2018,5,2.92
CTN_002,PRECTOTCORR,2018,6,8.05
CTN_002,PRECTOTCORR,2018,7,2.72
CTN_002,PRECTOTCORR,2018,8,8.15
CTN_002,PRECTOTCORR,2018,9,5.91
CTN_002,PRECTOTCORR,2018,10,3.69
CTN_002,PRECTOTCORR,2018,11,1.55
CTN_002,PRECTOTCORR,2018,12,0.1
CTN_002,PRECTOTCORR,2019,1,0.08
CTN_002,PRECTOTCORR,2019,2,0.13
CTN_002,PRECTOTCORR,2019,3,0.18
CTN_002,PRECTOTCORR,2019,4,0.2
CTN_002,PRECTOTCORR,2019,5,1.57
CTN_002,PRECTOTCORR,2019,6,5.45
CTN_002,PRECTOTCORR,2019,7,5.75
CTN_002,PRECTOTCORR,2019,8,5.08
CTN_002,PRECTOTCORR,2019,9,5.34
CTN_002,PRECTOTCORR,2019,10,4.64
CTN_002,PRECTOTCORR,2019,11,0.9
CTN_002,PRECTOTCORR,2019,12,0.01
CTN_002,PRECTOTCORR,2020,1,0.22
CTN_002,PRECTOTCORR,2020,2,0.19
CTN_002,PRECTOTCORR,2020,3,0.4
CTN_002,PRECTOTCORR,2020,4,0.75
CTN_002,PRECTOTCORR,2020,5,0.99
CTN_002,PRECTOTCORR,2020,6,4.05
CTN_002,PRECTOTCORR,2020,7,5.99
CTN_002,PRECTOTCORR,2020,8,6.12
CTN_002,PRECTOTCORR,2020,9,6.35
CTN_002,PRECTOTCORR,2020,10,0.9
CTN_002,PRECTOTCORR,2020,11,0.07
CTN_002,PRECTOTCORR,2020,12,0.08
CTN_002,PRECTOTCORR,2021,1,0.22
CTN_002,PRECTOTCORR,2021,2,0.3
CTN_002,PRECTOTCORR,2021,3,0.68
CTN_002,PRECTOTCORR,2021,4,0.39
CTN_002,PRECTOTCORR,2021,5,3.2
CTN_002,PRECTOTCORR,2021,6,7.13
CTN_002,PRECTOTCORR,2021,7,4.83
CTN_002,PRECTOTCORR,2021,8,6.49
CTN_002,PRECTOTCORR,2021,9,6.72
CTN_002,PRECTOTCORR,2021,10,2.19
CTN_002,PRECTOTCORR,2021,11,0.17
CTN_002,PRECTOTCORR,2021,12,0.03
CTN_002,PRECTOTCORR,2022,1,0.31
CTN_002,PRECTOTCORR,2022,2,0.1
CTN_002,PRECTOTCORR,2022,3,0.16
CTN_002,PRECTOTCORR,2022,4,1.16
CTN_002,PRECTOTCORR,2022,5,1.06
CTN_002,PRECTOTCORR,2022,6,4.69
CTN_002,PRECTOTCORR,2022,7,5.32
CTN_002,PRECTOTCORR,2022,8,5.69
CTN_002,PRECTOTCORR,2022,9,5.64
CTN_002,PRECTOTCORR,2022,10,2.02
CTN_002,PRECTOTCORR,2022,11,0.43
CTN_002,PRECTOTCORR,2022,12,0.15
CTN_002,PRECTOTCORR,2023,1,0.01
CTN_002,PRECTOTCORR,2023,2,0.01
CTN_002,PRECTOTCORR,2023,3,0.39
CTN_002,PRECTOTCORR,2023,4,1.29
CTN_002,PRECTOTCORR,2023,5,1.37
CTN_002,PRECTOTCORR,2023,6,0.42
CTN_002,PRECTOTCORR,2023,7,5.08
CTN_002,PRECTOTCORR,2023,8,5.71
CTN_002,PRECTOTCORR,2023,9,3.1
CTN_002,PRECTOTCORR,2023,10,3.4
CTN_002,PRECTOTCORR,2023,11,2.23
CTN_002,PRECTOTCORR,2023,12,0.29
CTN_002,PRECTOTCORR,2024,1,0.05
CTN_002,PRECTOTCORR,2024,2,0.54
CTN_002,PRECTOTCORR,2024,3,0.0
CTN_002,PRECTOTCORR,2024,4,0.23
CTN_002,PRECTOTCORR,2024,5,0.96
CTN_002,PRECTOTCORR,2024,6,4.14
CTN_002,PRECTOTCORR,2024,7,8.57
CTN_002,PRECTOTCORR,2024,8,7.59
CTN_002,PRECTOTCORR,2024,9,8.74
CTN_002,PRECTOTCORR,2024,10,2.28
CTN_002,PRECTOTCORR,2024,11,0.4
CTN_002,PRECTOTCORR,2024,12,0.08
CTN_002,T2M,2015,1,14.83
CTN_002,T2M,2015,2,16.02
CTN_002,T2M,2015,3,17.32
CTN_002,T2M,2015,4,20.6
CTN_002,T2M,2015,5,19.65
CTN_002,T2M,2015,6,18.6
CTN_002,T2M,2015,7,18.15
CTN_002,T2M,2015,8,18.39
CTN_002,T2M,2015,9,17.24
CTN_002,T2M,2015,10,17.39
CTN_002,T2M,2015,11,17.73
CTN_002,T2M,2015,12,16.32
CTN_002,T2M,2016,1,14.06
CTN_002,T2M,2016,2,16.18
CTN_002,T2M,2016,3,17.16
CTN_002,T2M,2016,4,20.42
CTN_002,T2M,2016,5,22.12
CTN_002,T2M,2016,6,18.83
CTN_002,T2M,2016,7,18.2
CTN_002,T2M,2016,8,18.02
CTN_002,T2M,2016,9,17.5
CTN_002,T2M,2016,10,17.01
CTN_002,T2M,2016,11,15.76
CTN_002,T2M,2016,12,16.0
CTN_002,T2M,2017,1,15.1
CTN_002,T2M,2017,2,16.44
CTN_002,T2M,2017,3,18.72
CTN_002,T2M,2017,4,20.14
CTN_002,T2M,2017,5,21.47
CTN_002,T2M,2017,6,19.64
CTN_002,T2M,2017,7,17.86
CTN_002,T2M,2017,8,18.22
CTN_002,T2M,2017,9,17.25
CTN_002,T2M,2017,10,16.67
CTN_002,T2M,2017,11,15.67
CTN_002,T2M,2017,12,14.72
CTN_002,T2M,2018,1,14.11
CTN_002,T2M,2018,2,17.2
CTN_002,T2M,2018,3,19.68
CTN_002,T2M,2018,4,20.32
CTN_002,T2M,2018,5,20.65
CTN_002,T2M,2018,6,18.56
CTN_002,T2M,2018,7,18.67
CTN_002,T2M,2018,8,17.54
CTN_002,T2M,2018,9,17.53
CTN_002,T2M,2018,10,17.13
CTN_002,T2M,2018,11,15.65
CTN_002,T2M,2018,12,14.54
CTN_002,T2M,2019,1,14.89
CTN_002,T2M,2019,2,17.62
CTN_002,T2M,2019,3,19.36
CTN_002,T2M,2019,4,20.36
CTN_002,T2M,2019,5,21.89
CTN_002,T2M,2019,6,20.14
CTN_002,T2M,2019,7,18.23
CTN_002,T2M,2019,8,18.44
CTN_002,T2M,2019,9,17.82
CTN_002,T2M,2019,10,17.23
CTN_002,T2M,2019,11,16.84
CTN_002,T2M,2019,12,15.45
CTN_002,T2M,2020,1,15.22
CTN_002,T2M,2020,2,17.55
CTN_002,T2M,2020,3,20.06
CTN_002,T2M,2020,4,21.87
CTN_002,T2M,2020,5,21.25
CTN_002,T2M,2020,6,20.59
CTN_002,T2M,2020,7,18.82
CTN_002,T2M,2020,8,18.03
CTN_002,T2M,2020,9,17.5
CTN_002,T2M,2020,10,16.5
CTN_002,T2M,2020,11,16.54
CTN_002,T2M,2020,12,15.68
CTN_002,T2M,2021,1,16.15
CTN_002,T2M,2021,2,16.7
CTN_002,T2M,2021,3,19.52
CTN_002,T2M,2021,4,20.77
CTN_002,T2M,2021,5,20.37
CTN_002,T2M,2021,6,18.24
CTN_002,T2M,2021,7,18.04
CTN_002,T2M,2021,8,17.88
CTN_002,T2M,2021,9,17.27
CTN_002,T2M,2021,10,17.34
CTN_002,T2M,2021,11,15.62
CTN_002,T2M,2021,12,15.97
CTN_002,T2M,2022,1,15.65
CTN_002,T2M,2022,2,16.67
CTN_002,T2M,2022,3,18.76
CTN_002,T2M,2022,4,21.25
CTN_002,T2M,2022,5,22.18
CTN_002,T2M,2022,6,19.62
CTN_002,T2M,2022,7,19.22
CTN_002,T2M,2022,8,18.27
CTN_002,T2M,2022,9,17.51
CTN_002,T2M,2022,10,17.54
CTN_002,T2M,2022,11,17.31
CTN_002,T2M,2022,12,15.1
CTN_002,T2M,2023,1,15.68
CTN_002,T2M,2023,2,17.19
CTN_002,T2M,2023,3,19.5
CTN_002,T2M,2023,4,20.54
CTN_002,T2M,2023,5,21.18
CTN_002,T2M,2023,6,23.27
CTN_002,T2M,2023,7,20.1
CTN_002,T2M,2023,8,19.13
CTN_002,T2M,2023,9,19.1
CTN_002,T2M,2023,10,18.35
CTN_002,T2M,2023,11,17.39
CTN_002,T2M,2023,12,14.95
CTN_002,T2M,2024,1,15.81
CTN_002,T2M,2024,2,17.58
CTN_002,T2M,2024,3,20.05
CTN_002,T2M,2024,4,21.94
CTN_002,T2M,2024,5,24.26
CTN_002,T2M,2024,6,22.05
CTN_002,T2M,2024,7,18.83
CTN_002,T2M,2024,8,18.67
CTN_002,T2M,2024,9,18.11
CTN_002,T2M,2024,10,16.51
CTN_002,T2M,2024,11,16.84
CTN_002,T2M,2024,12,15.45
CTN_002,T2M_MAX,2015,1,26.34
CTN_002,T2M_MAX,2015,2,28.99
CTN_002,T2M_MAX,2015,3,30.07
CTN_002,T2M_MAX,2015,4,31.26
CTN_002,T2M_MAX,2015,5,30.17
CTN_002,T2M_MAX,2015,6,28.08
CTN_002,T2M_MAX,2015,7,27.54
CTN_002,T2M_MAX,2015,8,27.05
CTN_002,T2M_MAX,2015,9,25.0
CTN_002,T2M_MAX,2015,10,27.39
CTN_002,T2M_MAX,2015,11,26.67
CTN_002,T2M_MAX,2015,12,26.85
CTN_002,T2M_MAX,2016,1,25.56
CTN_002,T2M_MAX,2016,2,28.77
CTN_002,T2M_MAX,2016,3,30.02
CTN_002,T2M_MAX,2016,4,32.42
CTN_002,T2M_MAX,2016,5,33.15
CTN_002,T2M_MAX,2016,6,27.82
CTN_002,T2M_MAX,2016,7,26.22
CTN_002,T2M_MAX,2016,8,25.7
CTN_002,T2M_MAX,2016,9,24.31
CTN_002,T2M_MAX,2016,10,25.49
CTN_002,T2M_MAX,2016,11,25.65
CTN_002,T2M_MAX,2016,12,25.91
CTN_002,T2M_MAX,2017,1,27.68
CTN_002,T2M_MAX,2017,2,28.47
CTN_002,T2M_MAX,2017,3,30.55
CTN_002,T2M_MAX,2017,4,32.77
CTN_002,T2M_MAX,2017,5,32.74
CTN_002,T2M_MAX,2017,6,30.32
CTN_002,T2M_MAX,2017,7,25.54
CTN_002,T2M_MAX,2017,8,26.73
CTN_002,T2M_MAX,2017,9,25.16
CTN_002,T2M_MAX,2017,10,25.57
CTN_002,T2M_MAX,2017,11,27.09
CTN_002,T2M_MAX,2017,12,25.9
CTN_002,T2M_MAX,2018,1,26.21
CTN_002,T2M_MAX,2018,2,28.04
CTN_002,T2M_MAX,2018,3,31.77
CTN_002,T2M_MAX,2018,4,31.71
CTN_002,T2M_MAX,2018,5,34.6
CTN_002,T2M_MAX,2018,6,32.57
CTN_002,T2M_MAX,2018,7,27.75
CTN_002,T2M_MAX,2018,8,25.75
CTN_002,T2M_MAX,2018,9,24.54
CTN_002,T2M_MAX,2018,10,24.58
CTN_002,T2M_MAX,2018,11,25.49
CTN_002,T2M_MAX,2018,12,24.7
CTN_002,T2M_MAX,2019,1,26.41
CTN_002,T2M_MAX,2019,2,29.48
CTN_002,T2M_MAX,2019,3,31.23
CTN_002,T2M_MAX,2019,4,33.64
CTN_002,T2M_MAX,2019,5,32.79
CTN_002,T2M_MAX,2019,6,31.57
CTN_002,T2M_MAX,2019,7,27.5
CTN_002,T2M_MAX,2019,8,26.39
CTN_002,T2M_MAX,2019,9,26.01
CTN_002,T2M_MAX,2019,10,25.55
CTN_002,T2M_MAX,2019,11,25.5
CTN_002,T2M_MAX,2019,12,26.89
CTN_002,T2M_MAX,2020,1,26.15
CTN_002,T2M_MAX,2020,2,30.83
CTN_002,T2M_MAX,2020,3,32.72
CTN_002,T2M_MAX,2020,4,32.3
CTN_002,T2M_MAX,2020,5,32.26
CTN_002,T2M_MAX,2020,6,32.9
CTN_002,T2M_MAX,2020,7,28.0
CTN_002,T2M_MAX,2020,8,26.17
CTN_002,T2M_MAX,2020,9,26.19
CTN_002,T2M_MAX,2020,10,26.56
CTN_002,T2M_MAX,2020,11,28.02
CTN_002,T2M_MAX,2020,12,26.42
CTN_002,T2M_MAX,2021,1,29.0
CTN_002,T2M_MAX,2021,2,29.45
CTN_002,T2M_MAX,2021,3,32.67
CTN_002,T2M_MAX,2021,4,32.24
CTN_002,T2M_MAX,2021,5,30.99
CTN_002,T2M_MAX,2021,6,30.16
CTN_002,T2M_MAX,2021,7,26.24
CTN_002,T2M_MAX,2021,8,25.81
CTN_002,T2M_MAX,2021,9,24.52
CTN_002,T2M_MAX,2021,10,26.39
CTN_002,T2M_MAX,2021,11,25.22
CTN_002,T2M_MAX,2021,12,27.56
CTN_002,T2M_MAX,2022,1,27.25
CTN_002,T2M_MAX,2022,2,29.37
CTN_002,T2M_MAX,2022,3,31.4
CTN_002,T2M_MAX,2022,4,34.11
CTN_002,T2M_MAX,2022,5,33.43
CTN_002,T2M_MAX,2022,6,31.79
CTN_002,T2M_MAX,2022,7,28.62
CTN_002,T2M_MAX,2022,8,26.73
CTN_002,T2M_MAX,2022,9,25.07
CTN_002,T2M_MAX,2022,10,26.97
CTN_002,T2M_MAX,2022,11,26.52
CTN_002,T2M_MAX,2022,12,26.3
CTN_002,T2M_MAX,2023,1,27.96
CTN_002,T2M_MAX,2023,2,30.05
CTN_002,T2M_MAX,2023,3,31.32
CTN_002,T2M_MAX,2023,4,33.28
CTN_002,T2M_MAX,2023,5,32.69
CTN_002,T2M_MAX,2023,6,34.65
CTN_002,T2M_MAX,2023,7,29.87
CTN_002,T2M_MAX,2023,8,28.73
CTN_002,T2M_MAX,2023,9,28.75
CTN_002,T2M_MAX,2023,10,27.05
CTN_002,T2M_MAX,2023,11,28.43
CTN_002,T2M_MAX,2023,12,24.65
CTN_002,T2M_MAX,2024,1,28.2
CTN_002,T2M_MAX,2024,2,31.56
CTN_002,T2M_MAX,2024,3,32.33
CTN_002,T2M_MAX,2024,4,33.46
CTN_002,T2M_MAX,2024,5,35.62
CTN_002,T2M_MAX,2024,6,35.07
CTN_002,T2M_MAX,2024,7,28.48
CTN_002,T2M_MAX,2024,8,25.45
CTN_002,T2M_MAX,2024,9,25.13
CTN_002,T2M_MAX,2024,10,24.96
CTN_002,T2M_MAX,2024,11,26.88
CTN_002,T2M_MAX,2024,12,26.39
CTN_002,WS10M,2015,1,2.15
CTN_002,WS10M,2015,2,2.11
CTN_002,WS10M,2015,3,2.22
CTN_002,WS10M,2015,4,2.36
CTN_002,WS10M,2015,5,1.52
CTN_002,WS10M,2015,6,1.71
CTN_002,WS10M,2015,7,1.75
CTN_002,WS10M,2015,8,1.57
CTN_002,WS10M,2015,9,1.61
CTN_002,WS10M,2015,10,1.97
CTN_002,WS10M,2015,11,1.67
CTN_002,WS10M,2015,12,2.01
CTN_002,WS10M,2016,1,2.11
CTN_002,WS10M,2016,2,2.24
CTN_002,WS10M,2016,3,2.57
CTN_002,WS10M,2016,4,2.36
CTN_002,WS10M,2016,5,1.79
CTN_002,WS10M,2016,6,1.59
CTN_002,WS10M,2016,7,1.54
CTN_002,WS10M,2016,8,1.58
CTN_002,WS10M,2016,9,1.39
CTN_002,WS10M,2016,10,1.76
CTN_002,WS10M,2016,11,1.8
CTN_002,WS10M,2016,12,2.0
CTN_002,WS10M,2017,1,2.08
CTN_002,WS10M,2017,2,2.34
CTN_002,WS10M,2017,3,1.97
CTN_002,WS10M,2017,4,2.24
CTN_002,WS10M,2017,5,1.74
CTN_002,WS10M,2017,6,1.52
CTN_002,WS10M,2017,7,1.42
CTN_002,WS10M,2017,8,1.57
CTN_002,WS10M,2017,9,1.59
CTN_002,WS10M,2017,10,2.0
CTN_002,WS10M,2017,11,1.82
CTN_002,WS10M,2017,12,1.96
CTN_002,WS10M,2018,1,2.22
CTN_002,WS10M,2018,2,2.01
CTN_002,WS10M,2018,3,2.12
CTN_002,WS10M,2018,4,2.06
CTN_002,WS10M,2018,5,1.44
CTN_002,WS10M,2018,6,1.93
CTN_002,WS10M,2018,7,1.38
CTN_002,WS10M,2018,8,1.42
CTN_002,WS10M,2018,9,1.54
CTN_002,WS10M,2018,10,1.67
CTN_002,WS10M,2018,11,1.67
CTN_002,WS10M,2018,12,1.92
CTN_002,WS10M,2019,1,1.93
CTN_002,WS10M,2019,2,2.05
CTN_002,WS10M,2019,3,2.27
CTN_002,WS10M,2019,4,2.45
CTN_002,WS10M,2019,5,2.23
CTN_002,WS10M,2019,6,1.75
CTN_002,WS10M,2019,7,1.45
CTN_002,WS10M,2019,8,1.56
CTN_002,WS10M,2019,9,1.56
CTN_002,WS10M,2019,10,1.73
CTN_002,WS10M,2019,11,1.71
CTN_002,WS10M,2019,12,1.95
CTN_002,WS10M,2020,1,2.16
CTN_002,WS10M,2020,2,2.21
CTN_002,WS10M,2020,3,2.07
CTN_002,WS10M,2020,4,2.35
CTN_002,WS10M,2020,5,2.12
CTN_002,WS10M,2020,6,1.68
CTN_002,WS10M,2020,7,1.69
CTN_002,WS10M,2020,8,1.64
CTN_002,WS10M,2020,9,1.65
CTN_002,WS10M,2020,10,2.08
CTN_002,WS10M,2020,11,2.47
CTN_002,WS10M,2020,12,1.98
CTN_002,WS10M,2021,1,2.03
CTN_002,WS10M,2021,2,2.27
CTN_002,WS10M,2021,3,1.98
CTN_002,WS10M,2021,4,2.52
CTN_002,WS10M,2021,5,1.89
CTN_002,WS10M,2021,6,1.93
CTN_002,WS10M,2021,7,1.7
CTN_002,WS10M,2021,8,1.7
CTN_002,WS10M,2021,9,1.63
CTN_002,WS10M,2021,10,1.67
CTN_002,WS10M,2021,11,1.73
CTN_002,WS10M,2021,12,1.91
CTN_002,WS10M,2022,1,1.97
CTN_002,WS10M,2022,2,2.15
CTN_002,WS10M,2022,3,2.37
CTN_002,WS10M,2022,4,1.96
CTN_002,WS10M,2022,5,1.91
CTN_002,WS10M,2022,6,1.87
CTN_002,WS10M,2022,7,1.51
CTN_002,WS10M,2022,8,1.53
CTN_002,WS10M,2022,9,1.68
CTN_002,WS10M,2022,10,1.66
CTN_002,WS10M,2022,11,1.66
CTN_002,WS10M,2022,12,2.04
CTN_002,WS10M,2023,1,2.12
CTN_002,WS10M,2023,2,2.28
CTN_002,WS10M,2023,3,2.22
CTN_002,WS10M,2023,4,2.42
CTN_002,WS10M,2023,5,1.86
CTN_002,WS10M,2023,6,2.01
CTN_002,WS10M,2023,7,1.72
CTN_002,WS10M,2023,8,1.71
CTN_002,WS10M,2023,9,1.55
CTN_002,WS10M,2023,10,1.86
CTN_002,WS10M,2023,11,1.79
CTN_002,WS10M,2023,12,1.84
CTN_002,WS10M,2024,1,2.04
CTN_002,WS10M,2024,2,2.32
CTN_002,WS10M,2024,3,2.68
CTN_002,WS10M,2024,4,2.55
CTN_002,WS10M,2024,5,2.2
CTN_002,WS10M,2024,6,1.93
CTN_002,WS10M,2024,7,1.64
CTN_002,WS10M,2024,8,1.47
CTN_002,WS10M,2024,9,1.72
CTN_002,WS10M,2024,10,1.91
CTN_002,WS10M,2024,11,1.84
CTN_002,WS10M,2024,12,1.97
CTN_003,ALLSKY_SFC_SW_DWN,2015,1,4.7508
CTN_003,ALLSKY_SFC_SW_DWN,2015,2,5.3208
CTN_003,ALLSKY_SFC_SW_DWN,2015,3,5.4641
CTN_003,ALLSKY_SFC_SW_DWN,2015,4,6.2458
CTN_003,ALLSKY_SFC_SW_DWN,2015,5,5.6299
CTN_003,ALLSKY_SFC_SW_DWN,2015,6,5.4175
CTN_003,ALLSKY_SFC_SW_DWN,2015,7,5.6215
CTN_003,ALLSKY_SFC_SW_DWN,2015,8,5.7571
CTN_003,ALLSKY_SFC_SW_DWN,2015,9,4.764
CTN_003,ALLSKY_SFC_SW_DWN,2015,10,4.7717
CTN_003,ALLSKY_SFC_SW_DWN,2015,11,4.5715
CTN_003,ALLSKY_SFC_SW_DWN,2015,12,4.3349
CTN_003,ALLSKY_SFC_SW_DWN,2016,1,4.4731
CTN_003,ALLSKY_SFC_SW_DWN,2016,2,5.7996
CTN_003,ALLSKY_SFC_SW_DWN,2016,3,5.783
CTN_003,ALLSKY_SFC_SW_DWN,2016,4,6.4438
CTN_003,ALLSKY_SFC_SW_DWN,2016,5,6.0991
CTN_003,ALLSKY_SFC_SW_DWN,2016,6,5.3364
CTN_003,ALLSKY_SFC_SW_DWN,2016,7,5.5618
CTN_003,ALLSKY_SFC_SW_DWN,2016,8,5.4989
CTN_003,ALLSKY_SFC_SW_DWN,2016,9,4.9848
CTN_003,ALLSKY_SFC_SW_DWN,2016,10,5.1895
CTN_003,ALLSKY_SFC_SW_DWN,2016,11,4.2552
CTN_003,ALLSKY_SFC_SW_DWN,2016,12,4.7664
CTN_003,ALLSKY_SFC_SW_DWN,2017,1,5.4298
CTN_003,ALLSKY_SFC_SW_DWN,2017,2,6.029
CTN_003,ALLSKY_SFC_SW_DWN,2017,3,6.1066
CTN_003,ALLSKY_SFC_SW_DWN,2017,4,6.5623
CTN_003,ALLSKY_SFC_SW_DWN,2017,5,5.8498
CTN_003,ALLSKY_SFC_SW_DWN,2017,6,6.0511
CTN_003,ALLSKY_SFC_SW_DWN,2017,7,5.2346
CTN_003,ALLSKY_SFC_SW_DWN,2017,8,5.4653
CTN_003,ALLSKY_SFC_SW_DWN,2017,9,4.5636
CTN_003,ALLSKY_SFC_SW_DWN,2017,10,4.9759
CTN_003,ALLSKY_SFC_SW_DWN,2017,11,5.7216
CTN_003,ALLSKY_SFC_SW_DWN,2017,12,5.0969
CTN_003,ALLSKY_SFC_SW_DWN,2018,1,4.8746
CTN_003,ALLSKY_SFC_SW_DWN,2018,2,5.2771
CTN_003,ALLSKY_SFC_SW_DWN,2018,3,6.5232
CTN_003,ALLSKY_SFC_SW_DWN,2018,4,6.2635
CTN_003,ALLSKY_SFC_SW_DWN,2018,5,6.667
CTN_003,ALLSKY_SFC_SW_DWN,2018,6,5.5061
CTN_003,ALLSKY_SFC_SW_DWN,2018,7,6.3139
CTN_003,ALLSKY_SFC_SW_DWN,2018,8,5.2738
CTN_003,ALLSKY_SFC_SW_DWN,2018,9,5.1235
CTN_003,ALLSKY_SFC_SW_DWN,2018,10,4.5278
CTN_003,ALLSKY_SFC_SW_DWN,2018,11,4.4136
CTN_003,ALLSKY_SFC_SW_DWN,2018,12,4.8046
CTN_003,ALLSKY_SFC_SW_DWN,2019,1,5.0897
CTN_003,ALLSKY_SFC_SW_DWN,2019,2,5.909
CTN_003,ALLSKY_SFC_SW_DWN,2019,3,6.6425
CTN_003,ALLSKY_SFC_SW_DWN,2019,4,6.8414
CTN_003,ALLSKY_SFC_SW_DWN,2019,5,6.6658
CTN_003,ALLSKY_SFC_SW_DWN,2019,6,5.6206
CTN_003,ALLSKY_SFC_SW_DWN,2019,7,5.5802
CTN_003,ALLSKY_SFC_SW_DWN,2019,8,6.1061
CTN_003,ALLSKY_SFC_SW_DWN,2019,9,5.2853
CTN_003,ALLSKY_SFC_SW_DWN,2019,10,4.783
CTN_003,ALLSKY_SFC_SW_DWN,2019,11,4.6627
CTN_003,ALLSKY_SFC_SW_DWN,2019,12,4.8295
CTN_003,ALLSKY_SFC_SW_DWN,2020,1,4.7842
CTN_003,ALLSKY_SFC_SW_DWN,2020,2,5.7804
CTN_003,ALLSKY_SFC_SW_DWN,2020,3,6.487
CTN_003,ALLSKY_SFC_SW_DWN,2020,4,6.6252
CTN_003,ALLSKY_SFC_SW_DWN,2020,5,6.6067
CTN_003,ALLSKY_SFC_SW_DWN,2020,6,6.3178
CTN_003,ALLSKY_SFC_SW_DWN,2020,7,5.8841
CTN_003,ALLSKY_SFC_SW_DWN,2020,8,5.4074
CTN_003,ALLSKY_SFC_SW_DWN,2020,9,4.6987
CTN_003,ALLSKY_SFC_SW_DWN,2020,10,6.1171
CTN_003,ALLSKY_SFC_SW_DWN,2020,11,5.3623
CTN_003,ALLSKY_SFC_SW_DWN,2020,12,4.6678
CTN_003,ALLSKY_SFC_SW_DWN,2021,1,4.8398
CTN_003,ALLSKY_SFC_SW_DWN,2021,2,6.2417
CTN_003,ALLSKY_SFC_SW_DWN,2021,3,6.6922
CTN_003,ALLSKY_SFC_SW_DWN,2021,4,6.6706
CTN_003,ALLSKY_SFC_SW_DWN,2021,5,6.433
CTN_003,ALLSKY_SFC_SW_DWN,2021,6,4.9097
CTN_003,ALLSKY_SFC_SW_DWN,2021,7,5.5243
CTN_003,ALLSKY_SFC_SW_DWN,2021,8,5.2222
CTN_003,ALLSKY_SFC_SW_DWN,2021,9,4.8137
CTN_003,ALLSKY_SFC_SW_DWN,2021,10,5.0614
CTN_003,ALLSKY_SFC_SW_DWN,2021,11,5.1442
CTN_003,ALLSKY_SFC_SW_DWN,2021,12,5.1089
CTN_003,ALLSKY_SFC_SW_DWN,2022,1,4.8974
CTN_003,ALLSKY_SFC_SW_DWN,2022,2,5.6712
CTN_003,ALLSKY_SFC_SW_DWN,2022,3,6.9802
CTN_003,ALLSKY_SFC_SW_DWN,2022,4,6.5791
CTN_003,ALLSKY_SFC_SW_DWN,2022,5,6.9931
CTN_003,ALLSKY_SFC_SW_DWN,2022,6,5.7725
CTN_003,ALLSKY_SFC_SW_DWN,2022,7,5.687
CTN_003,ALLSKY_SFC_SW_DWN,2022,8,5.2774
CTN_003,ALLSKY_SFC_SW_DWN,2022,9,4.8758
CTN_003,ALLSKY_SFC_SW_DWN,2022,10,4.8605
CTN_003,ALLSKY_SFC_SW_DWN,2022,11,4.866
CTN_003,ALLSKY_SFC_SW_DWN,2022,12,4.709
CTN_003,ALLSKY_SFC_SW_DWN,2023,1,5.2846
CTN_003,ALLSKY_SFC_SW_DWN,2023,2,6.0778
CTN_003,ALLSKY_SFC_SW_DWN,2023,3,6.3878
CTN_003,ALLSKY_SFC_SW_DWN,2023,4,6.6314
CTN_003,ALLSKY_SFC_SW_DWN,2023,5,5.7439
CTN_003,ALLSKY_SFC_SW_DWN,2023,6,6.9974
CTN_003,ALLSKY_SFC_SW_DWN,2023,7,5.7146
CTN_003,ALLSKY_SFC_SW_DWN,2023,8,5.2466
CTN_003,ALLSKY_SFC_SW_DWN,2023,9,6.2599
CTN_003,ALLSKY_SFC_SW_DWN,2023,10,4.6872
CTN_003,ALLSKY_SFC_SW_DWN,2023,11,4.7638
CTN_003,ALLSKY_SFC_SW_DWN,2023,12,3.9398
CTN_003,ALLSKY_SFC_SW_DWN,2024,1,4.6565
CTN_003,ALLSKY_SFC_SW_DWN,2024,2,5.9844
CTN_003,ALLSKY_SFC_SW_DWN,2024,3,7.0416
CTN_003,ALLSKY_SFC_SW_DWN,2024,4,6.9038
CTN_003,ALLSKY_SFC_SW_DWN,2024,5,6.8026
CTN_003,ALLSKY_SFC_SW_DWN,2024,6,5.8471
CTN_003,ALLSKY_SFC_SW_DWN,2024,7,5.0155
CTN_003,ALLSKY_SFC_SW_DWN,2024,8,5.5159
CTN_003,ALLSKY_SFC_SW_DWN,2024,9,4.3798
CTN_003,ALLSKY_SFC_SW_DWN,2024,10,4.8449
CTN_003,ALLSKY_SFC_SW_DWN,2024,11,5.1413
CTN_003,ALLSKY_SFC_SW_DWN,2024,12,4.8437
CTN_003,PRECTOTCORR,2015,1,0.03
CTN_003,PRECTOTCORR,2015,2,0.13
CTN_003,PRECTOTCORR,2015,3,1.59
CTN_003,PRECTOTCORR,2015,4,0.46
CTN_003,PRECTOTCORR,2015,5,4.17
CTN_003,PRECTOTCORR,2015,6,4.03
CTN_003,PRECTOTCORR,2015,7,4.22
CTN_003,PRECTOTCORR,2015,8,4.58
CTN_003,PRECTOTCORR,2015,9,6.18
CTN_003,PRECTOTCORR,2015,10,1.82
CTN_003,PRECTOTCORR,2015,11,0.73
CTN_003,PRECTOTCORR,2015,12,0.15
CTN_003,PRECTOTCORR,2016,1,0.27
CTN_003,PRECTOTCORR,2016,2,0.11
CTN_003,PRECTOTCORR,2016,3,1.46
CTN_003,PRECTOTCORR,2016,4,0.84
CTN_003,PRECTOTCORR,2016,5,2.25
CTN_003,PRECTOTCORR,2016,6,6.85
CTN_003,PRECTOTCORR,2016,7,6.45
CTN_003,PRECTOTCORR,2016,8,7.01
CTN_003,PRECTOTCORR,2016,9,6.34
CTN_003,PRECTOTCORR,2016,10,1.1
CTN_003,PRECTOTCORR,2016,11,1.44
CTN_003,PRECTOTCORR,2016,12,0.07
CTN_003,PRECTOTCORR,2017,1,0.0
CTN_003,PRECTOTCORR,2017,2,0.01
CTN_003,PRECTOTCORR,2017,3,0.49
CTN_003,PRECTOTCORR,2017,4,0.47
CTN_003,PRECTOTCORR,2017,5,3.27
CTN_003,PRECTOTCORR,2017,6,5.26
CTN_003,PRECTOTCORR,2017,7,5.91
CTN_003,PRECTOTCORR,2017,8,7.37
CTN_003,PRECTOTCORR,2017,9,6.97
CTN_003,PRECTOTCORR,2017,10,1.7
CTN_003,PRECTOTCORR,2017,11,0.08
CTN_003,PRECTOTCORR,2017,12,0.01
CTN_003,PRECTOTCORR,2018,1,0.23
CTN_003,PRECTOTCORR,2018,2,0.31
CTN_003,PRECTOTCORR,2018,3,0.23
CTN_003,PRECTOTCORR,2018,4,1.51
CTN_003,PRECTOTCORR,2018,5,2.92
CTN_003,PRECTOTCORR,2018,6,8.05
CTN_003,PRECTOTCORR,2018,7,2.72
CTN_003,PRECTOTCORR,2018,8,8.15
CTN_003,PRECTOTCORR,2018,9,5.91
CTN_003,PRECTOTCORR,2018,10,3.69
CTN_003,PRECTOTCORR,2018,11,1.55
CTN_003,PRECTOTCORR,2018,12,0.1
CTN_003,PRECTOTCORR,2019,1,0.08
CTN_003,PRECTOTCORR,2019,2,0.13
CTN_003,PRECTOTCORR,2019,3,0.18
CTN_003,PRECTOTCORR,2019,4,0.2
CTN_003,PRECTOTCORR,2019,5,1.57
CTN_003,PRECTOTCORR,2019,6,5.45
CTN_003,PRECTOTCORR,2019,7,5.75
CTN_003,PRECTOTCORR,2019,8,5.08
CTN_003,PRECTOTCORR,2019,9,5.34
CTN_003,PRECTOTCORR,2019,10,4.64
CTN_003,PRECTOTCORR,2019,11,0.9
CTN_003,PRECTOTCORR,2019,12,0.01
CTN_003,PRECTOTCORR,2020,1,0.22
CTN_003,PRECTOTCORR,2020,2,0.19
CTN_003,PRECTOTCORR,2020,3,0.4
CTN_003,PRECTOTCORR,2020,4,0.75
CTN_003,PRECTOTCORR,2020,5,0.99
CTN_003,PRECTOTCORR,2020,6,4.05
CTN_003,PRECTOTCORR,2020,7,5.99
CTN_003,PRECTOTCORR,2020,8,6.12
CTN_003,PRECTOTCORR,2020,9,6.35
CTN_003,PRECTOTCORR,2020,10,0.9
CTN_003,PRECTOTCORR,2020,11,0.07
CTN_003,PRECTOTCORR,2020,12,0.08
CTN_003,PRECTOTCORR,2021,1,0.22
CTN_003,PRECTOTCORR,2021,2,0.3
CTN_003,PRECTOTCORR,2021,3,0.68
CTN_003,PRECTOTCORR,2021,4,0.39
CTN_003,PRECTOTCORR,2021,5,3.2
CTN_003,PRECTOTCORR,2021,6,7.13
CTN_003,PRECTOTCORR,2021,7,4.83
CTN_003,PRECTOTCORR,2021,8,6.49
CTN_003,PRECTOTCORR,2021,9,6.72
CTN_003,PRECTOTCORR,2021,10,2.19
CTN_003,PRECTOTCORR,2021,11,0.17
CTN_003,PRECTOTCORR,2021,12,0.03
CTN_003,PRECTOTCORR,2022,1,0.31
CTN_003,PRECTOTCORR,2022,2,0.1
CTN_003,PRECTOTCORR,2022,3,0.16
CTN_003,PRECTOTCORR,2022,4,1.16
CTN_003,PRECTOTCORR,2022,5,1.06
CTN_003,PRECTOTCORR,2022,6,4.69
CTN_003,PRECTOTCORR,2022,7,5.32
CTN_003,PRECTOTCORR,2022,8,5.69
CTN_003,PRECTOTCORR,2022,9,5.64
CTN_003,PRECTOTCORR,2022,10,2.02
CTN_003,PRECTOTCORR,2022,11,0.43
CTN_003,PRECTOTCORR,2022,12,0.15
CTN_003,PRECTOTCORR,2023,1,0.01
CTN_003,PRECTOTCORR,2023,2,0.01
CTN_003,PRECTOTCORR,2023,3,0.39
CTN_003,PRECTOTCORR,2023,4,1.29
CTN_003,PRECTOTCORR,2023,5,1.37
CTN_003,PRECTOTCORR,2023,6,0.42
CTN_003,PRECTOTCORR,2023,7,5.08
CTN_003,PRECTOTCORR,2023,8,5.71
CTN_003,PRECTOTCORR,2023,9,3.1
CTN_003,PRECTOTCORR,2023,10,3.4
CTN_003,PRECTOTCORR,2023,11,2.23
CTN_003,PRECTOTCORR,2023,12,0.29
CTN_003,PRECTOTCORR,2024,1,0.05
CTN_003,PRECTOTCORR,2024,2,0.54
CTN_003,PRECTOTCORR,2024,3,0.0
CTN_003,PRECTOTCORR,2024,4,0.23
CTN_003,PRECTOTCORR,2024,5,0.96
CTN_003,PRECTOTCORR,2024,6,4.14
CTN_003,PRECTOTCORR,2024,7,8.57
CTN_003,PRECTOTCORR,2024,8,7.59
CTN_003,PRECTOTCORR,2024,9,8.74
CTN_003,PRECTOTCORR,2024,10,2.28
CTN_003,PRECTOTCORR,2024,11,0.4
CTN_003,PRECTOTCORR,2024,12,0.08
CTN_003,T2M,2015,1,14.83
CTN_003,T2M,2015,2,16.02
CTN_003,T2M,2015,3,17.32
CTN_003,T2M,2015,4,20.6
CTN_003,T2M,2015,5,19.65
CTN_003,T2M,2015,6,18.6
CTN_003,T2M,2015,7,18.15
CTN_003,T2M,2015,8,18.39
CTN_003,T2M,2015,9,17.24
CTN_003,T2M,2015,10,17.39
CTN_003,T2M,2015,11,17.73
CTN_003,T2M,2015,12,16.32
CTN_003,T2M,2016,1,14.06
CTN_003,T2M,2016,2,16.18
CTN_003,T2M,2016,3,17.16
CTN_003,T2M,2016,4,20.42
CTN_003,T2M,2016,5,22.12
CTN_003,T2M,2016,6,18.83
CTN_003,T2M,2016,7,18.2
CTN_003,T2M,2016,8,18.02
CTN_003,T2M,2016,9,17.5
CTN_003,T2M,2016,10,17.01
CTN_003,T2M,2016,11,15.76
CTN_003,T2M,2016,12,16.0
CTN_003,T2M,2017,1,15.1
CTN_003,T2M,2017,2,16.44
CTN_003,T2M,2017,3,18.72
CTN_003,T2M,2017,4,20.14
CTN_003,T2M,2017,5,21.47
CTN_003,T2M,2017,6,19.64
CTN_003,T2M,2017,7,17.86
CTN_003,T2M,2017,8,18.22
CTN_003,T2M,2017,9,17.25
CTN_003,T2M,2017,10,16.67
CTN_003,T2M,2017,11,15.67
CTN_003,T2M,2017,12,14.72
CTN_003,T2M,2018,1,14.11
CTN_003,T2M,2018,2,17.2
CTN_003,T2M,2018,3,19.68
CTN_003,T2M,2018,4,20.32
CTN_003,T2M,2018,5,20.65
CTN_003,T2M,2018,6,18.56
CTN_003,T2M,2018,7,18.67
CTN_003,T2M,2018,8,17.54
CTN_003,T2M,2018,9,17.53
CTN_003,T2M,2018,10,17.13
CTN_003,T2M,2018,11,15.65
CTN_003,T2M,2018,12,14.54
CTN_003,T2M,2019,1,14.89
CTN_003,T2M,2019,2,17.62
CTN_003,T2M,2019,3,19.36
CTN_003,T2M,2019,4,20.36
CTN_003,T2M,2019,5,21.89
CTN_003,T2M,2019,6,20.14
CTN_003,T2M,2019,7,18.23
CTN_003,T2M,2019,8,18.44
CTN_003,T2M,2019,9,17.82
CTN_003,T2M,2019,10,17.23
CTN_003,T2M,2019,11,16.84
CTN_003,T2M,2019,12,15.45
CTN_003,T2M,2020,1,15.22
CTN_003,T2M,2020,2,17.55
CTN_003,T2M,2020,3,20.06
CTN_003,T2M,2020,4,21.87
CTN_003,T2M,2020,5,21.25
CTN_003,T2M,2020,6,20.59
CTN_003,T2M,2020,7,18.82
CTN_003,T2M,2020,8,18.03
CTN_003,T2M,2020,9,17.5
CTN_003,T2M,2020,10,16.5
CTN_003,T2M,2020,11,16.54
CTN_003,T2M,2020,12,15.68
CTN_003,T2M,2021,1,16.15
CTN_003,T2M,2021,2,16.7
CTN_003,T2M,2021,3,19.52
CTN_003,T2M,2021,4,20.77
CTN_003,T2M,2021,5,20.37
CTN_003,T2M,2021,6,18.24
CTN_003,T2M,2021,7,18.04
CTN_003,T2M,2021,8,17.88
CTN_003,T2M,2021,9,17.27
CTN_003,T2M,2021,10,17.34
CTN_003,T2M,2021,11,15.62
CTN_003,T2M,2021,12,15.97
CTN_003,T2M,2022,1,15.65
CTN_003,T2M,2022,2,16.67
CTN_003,T2M,2022,3,18.76
CTN_003,T2M,2022,4,21.25
CTN_003,T2M,2022,5,22.18
CTN_003,T2M,2022,6,19.62
CTN_003,T2M,2022,7,19.22
CTN_003,T2M,2022,8,18.27
CTN_003,T2M,2022,9,17.51
CTN_003,T2M,2022,10,17.54
CTN_003,T2M,2022,11,17.31
CTN_003,T2M,2022,12,15.1
CTN_003,T2M,2023,1,15.68
CTN_003,T2M,2023,2,17.19
CTN_003,T2M,2023,3,19.5
CTN_003,T2M,2023,4,20.54
CTN_003,T2M,2023,5,21.18
CTN_003,T2M,2023,6,23.27
CTN_003,T2M,2023,7,20.1
CTN_003,T2M,2023,8,19.13
CTN_003,T2M,2023,9,19.1
CTN_003,T2M,2023,10,18.35
CTN_003,T2M,2023,11,17.39
CTN_003,T2M,2023,12,14.95
CTN_003,T2M,2024,1,15.81
CTN_003,T2M,2024,2,17.58
CTN_003,T2M,2024,3,20.05
CTN_003,T2M,2024,4,21.94
CTN_003,T2M,2024,5,24.26
CTN_003,T2M,2024,6,22.05
CTN_003,T2M,2024,7,18.83
CTN_003,T2M,2024,8,18.67
CTN_003,T2M,2024,9,18.11
CTN_003,T2M,2024,10,16.51
CTN_003,T2M,2024,11,16.84
CTN_003,T2M,2024,12,15.45
CTN_003,T2M_MAX,2015,1,26.34
CTN_003,T2M_MAX,2015,2,28.99
CTN_003,T2M_MAX,2015,3,30.07
CTN_003,T2M_MAX,2015,4,31.26
CTN_003,T2M_MAX,2015,5,30.17
CTN_003,T2M_MAX,2015,6,28.08
CTN_003,T2M_MAX,2015,7,27.54
CTN_003,T2M_MAX,2015,8,27.05
CTN_003,T2M_MAX,2015,9,25.0
CTN_003,T2M_MAX,2015,10,27.39
CTN_003,T2M_MAX,2015,11,26.67
CTN_003,T2M_MAX,2015,12,26.85
CTN_003,T2M_MAX,2016,1,25.56
CTN_003,T2M_MAX,2016,2,28.77
CTN_003,T2M_MAX,2016,3,30.02
CTN_003,T2M_MAX,2016,4,32.42
CTN_003,T2M_MAX,2016,5,33.15
CTN_003,T2M_MAX,2016,6,27.82
CTN_003,T2M_MAX,2016,7,26.22
CTN_003,T2M_MAX,2016,8,25.7
CTN_003,T2M_MAX,2016,9,24.31
CTN_003,T2M_MAX,2016,10,25.49
CTN_003,T2M_MAX,2016,11,25.65
CTN_003,T2M_MAX,2016,12,25.91
CTN_003,T2M_MAX,2017,1,27.68
CTN_003,T2M_MAX,2017,2,28.47
CTN_003,T2M_MAX,2017,3,30.55
CTN_003,T2M_MAX,2017,4,32.77
CTN_003,T2M_MAX,2017,5,32.74
CTN_003,T2M_MAX,2017,6,30.32
CTN_003,T2M_MAX,2017,7,25.54
CTN_003,T2M_MAX,2017,8,26.73
CTN_003,T2M_MAX,2017,9,25.16
CTN_003,T2M_MAX,2017,10,25.57
CTN_003,T2M_MAX,2017,11,27.09
CTN_003,T2M_MAX,2017,12,25.9
CTN_003,T2M_MAX,2018,1,26.21
CTN_003,T2M_MAX,2018,2,28.04
CTN_003,T2M_MAX,2018,3,31.77
CTN_003,T2M_MAX,2018,4,31.71
CTN_003,T2M_MAX,2018,5,34.6
CTN_003,T2M_MAX,2018,6,32.57
CTN_003,T2M_MAX,2018,7,27.75
CTN_003,T2M_MAX,2018,8,25.75
CTN_003,T2M_MAX,2018,9,24.54
CTN_003,T2M_MAX,2018,10,24.58
CTN_003,T2M_MAX,2018,11,25.49
CTN_003,T2M_MAX,2018,12,24.7
CTN_003,T2M_MAX,2019,1,26.41
CTN_003,T2M_MAX,2019,2,29.48
CTN_003,T2M_MAX,2019,3,31.23
CTN_003,T2M_MAX,2019,4,33.64
CTN_003,T2M_MAX,2019,5,32.79
CTN_003,T2M_MAX,2019,6,31.57
CTN_003,T2M_MAX,2019,7,27.5
CTN_003,T2M_MAX,2019,8,26.39
CTN_003,T2M_MAX,2019,9,26.01
CTN_003,T2M_MAX,2019,10,25.55
CTN_003,T2M_MAX,2019,11,25.5
CTN_003,T2M_MAX,2019,12,26.89
CTN_003,T2M_MAX,2020,1,26.15
CTN_003,T2M_MAX,2020,2,30.83
CTN_003,T2M_MAX,2020,3,32.72
CTN_003,T2M_MAX,2020,4,32.3
CTN_003,T2M_MAX,2020,5,32.26
CTN_003,T2M_MAX,2020,6,32.9
CTN_003,T2M_MAX,2020,7,28.0
CTN_003,T2M_MAX,2020,8,26.17
CTN_003,T2M_MAX,2020,9,26.19
CTN_003,T2M_MAX,2020,10,26.56
CTN_003,T2M_MAX,2020,11,28.02
CTN_003,T2M_MAX,2020,12,26.42
CTN_003,T2M_MAX,2021,1,29.0
CTN_003,T2M_MAX,2021,2,29.45
CTN_003,T2M_MAX,2021,3,32.67
CTN_003,T2M_MAX,2021,4,32.24
CTN_003,T2M_MAX,2021,5,30.99
CTN_003,T2M_MAX,2021,6,30.16
CTN_003,T2M_MAX,2021,7,26.24
CTN_003,T2M_MAX,2021,8,25.81
CTN_003,T2M_MAX,2021,9,24.52
CTN_003,T2M_MAX,2021,10,26.39
CTN_003,T2M_MAX,2021,11,25.22
CTN_003,T2M_MAX,2021,12,27.56
CTN_003,T2M_MAX,2022,1,27.25
CTN_003,T2M_MAX,2022,2,29.37
CTN_003,T2M_MAX,2022,3,31.4
CTN_003,T2M_MAX,2022,4,34.11
CTN_003,T2M_MAX,2022,5,33.43
CTN_003,T2M_MAX,2022,6,31.79
CTN_003,T2M_MAX,2022,7,28.62
CTN_003,T2M_MAX,2022,8,26.73
CTN_003,T2M_MAX,2022,9,25.07
CTN_003,T2M_MAX,2022,10,26.97
CTN_003,T2M_MAX,2022,11,26.52
CTN_003,T2M_MAX,2022,12,26.3
CTN_003,T2M_MAX,2023,1,27.96
CTN_003,T2M_MAX,2023,2,30.05
CTN_003,T2M_MAX,2023,3,31.32
CTN_003,T2M_MAX,2023,4,33.28
CTN_003,T2M_MAX,2023,5,32.69
CTN_003,T2M_MAX,2023,6,34.65
CTN_003,T2M_MAX,2023,7,29.87
CTN_003,T2M_MAX,2023,8,28.73
CTN_003,T2M_MAX,2023,9,28.75
CTN_003,T2M_MAX,2023,10,27.05
CTN_003,T2M_MAX,2023,11,28.43
CTN_003,T2M_MAX,2023,12,24.65
CTN_003,T2M_MAX,2024,1,28.2
CTN_003,T2M_MAX,2024,2,31.56
CTN_003,T2M_MAX,2024,3,32.33
CTN_003,T2M_MAX,2024,4,33.46
CTN_003,T2M_MAX,2024,5,35.62
CTN_003,T2M_MAX,2024,6,35.07
CTN_003,T2M_MAX,2024,7,28.48
CTN_003,T2M_MAX,2024,8,25.45
CTN_003,T2M_MAX,2024,9,25.13
CTN_003,T2M_MAX,2024,10,24.96
CTN_003,T2M_MAX,2024,11,26.88
CTN_003,T2M_MAX,2024,12,26.39
CTN_003,WS10M,2015,1,2.15
CTN_003,WS10M,2015,2,2.11
CTN_003,WS10M,2015,3,2.22
CTN_003,WS10M,2015,4,2.36
CTN_003,WS10M,2015,5,1.52
CTN_003,WS10M,2015,6,1.71
CTN_003,WS10M,2015,7,1.75
CTN_003,WS10M,2015,8,1.57
CTN_003,WS10M,2015,9,1.61
CTN_003,WS10M,2015,10,1.97
CTN_003,WS10M,2015,11,1.67
CTN_003,WS10M,2015,12,2.01
CTN_003,WS10M,2016,1,2.11
CTN_003,WS10M,2016,2,2.24
CTN_003,WS10M,2016,3,2.57
CTN_003,WS10M,2016,4,2.36
CTN_003,WS10M,2016,5,1.79
CTN_003,WS10M,2016,6,1.59
CTN_003,WS10M,2016,7,1.54
CTN_003,WS10M,2016,8,1.58
CTN_003,WS10M,2016,9,1.39
CTN_003,WS10M,2016,10,1.76
CTN_003,WS10M,2016,11,1.8
CTN_003,WS10M,2016,12,2.0
CTN_003,WS10M,2017,1,2.08
CTN_003,WS10M,2017,2,2.34
CTN_003,WS10M,2017,3,1.97
CTN_003,WS10M,2017,4,2.24
CTN_003,WS10M,2017,5,1.74
CTN_003,WS10M,2017,6,1.52
CTN_003,WS10M,2017,7,1.42
CTN_003,WS10M,2017,8,1.57
CTN_003,WS10M,2017,9,1.59
CTN_003,WS10M,2017,10,2.0
CTN_003,WS10M,2017,11,1.82
CTN_003,WS10M,2017,12,1.96
CTN_003,WS10M,2018,1,2.22
CTN_003,WS10M,2018,2,2.01
CTN_003,WS10M,2018,3,2.12
CTN_003,WS10M,2018,4,2.06
CTN_003,WS10M,2018,5,1.44
CTN_003,WS10M,2018,6,1.93
CTN_003,WS10M,2018,7,1.38
CTN_003,WS10M,2018,8,1.42
CTN_003,WS10M,2018,9,1.54
CTN_003,WS10M,2018,10,1.67
CTN_003,WS10M,2018,11,1.67
CTN_003,WS10M,2018,12,1.92
CTN_003,WS10M,2019,1,1.93
CTN_003,WS10M,2019,2,2.05
CTN_003,WS10M,2019,3,2.27
CTN_003,WS10M,2019,4,2.45
CTN_003,WS10M,2019,5,2.23
CTN_003,WS10M,2019,6,1.75
CTN_003,WS10M,2019,7,1.45
CTN_003,WS10M,2019,8,1.56
CTN_003,WS10M,2019,9,1.56
CTN_003,WS10M,2019,10,1.73
CTN_003,WS10M,2019,11,1.71
CTN_003,WS10M,2019,12,1.95
CTN_003,WS10M,2020,1,2.16
CTN_003,WS10M,2020,2,2.21
CTN_003,WS10M,2020,3,2.07
CTN_003,WS10M,2020,4,2.35
CTN_003,WS10M,2020,5,2.12
CTN_003,WS10M,2020,6,1.68
CTN_003,WS10M,2020,7,1.69
CTN_003,WS10M,2020,8,1.64
CTN_003,WS10M,2020,9,1.65
CTN_003,WS10M,2020,10,2.08
CTN_003,WS10M,2020,11,2.47
CTN_003,WS10M,2020,12,1.98
CTN_003,WS10M,2021,1,2.03
CTN_003,WS10M,2021,2,2.27
CTN_003,WS10M,2021,3,1.98
CTN_003,WS10M,2021,4,2.52
CTN_003,WS10M,2021,5,1.89
CTN_003,WS10M,2021,6,1.93
CTN_003,WS10M,2021,7,1.7
CTN_003,WS10M,2021,8,1.7
CTN_003,WS10M,2021,9,1.63
CTN_003,WS10M,2021,10,1.67
CTN_003,WS10M,2021,11,1.73
CTN_003,WS10M,2021,12,1.91
CTN_003,WS10M,2022,1,1.97
CTN_003,WS10M,2022,2,2.15
CTN_003,WS10M,2022,3,2.37
CTN_003,WS10M,2022,4,1.96
CTN_003,WS10M,2022,5,1.91
CTN_003,WS10M,2022,6,1.87
CTN_003,WS10M,2022,7,1.51
CTN_003,WS10M,2022,8,1.53
CTN_003,WS10M,2022,9,1.68
CTN_003,WS10M,2022,10,1.66
CTN_003,WS10M,2022,11,1.66
CTN_003,WS10M,2022,12,2.04
CTN_003,WS10M,2023,1,2.12
CTN_003,WS10M,2023,2,2.28
CTN_003,WS10M,2023,3,2.22
CTN_003,WS10M,2023,4,2.42
CTN_003,WS10M,2023,5,1.86
CTN_003,WS10M,2023,6,2.01
CTN_003,WS10M,2023,7,1.72
CTN_003,WS10M,2023,8,1.71
CTN_003,WS10M,2023,9,1.55
CTN_003,WS10M,2023,10,1.86
CTN_003,WS10M,2023,11,1.79
CTN_003,WS10M,2023,12,1.84
CTN_003,WS10M,2024,1,2.04
CTN_003,WS10M,2024,2,2.32
CTN_003,WS10M,2024,3,2.68
CTN_003,WS10M,2024,4,2.55
CTN_003,WS10M,2024,5,2.2
CTN_003,WS10M,2024,6,1.93
CTN_003,WS10M,2024,7,1.64
CTN_003,WS10M,2024,8,1.47
CTN_003,WS10M,2024,9,1.72
CTN_003,WS10M,2024,10,1.91
CTN_003,WS10M,2024,11,1.84
CTN_003,WS10M,2024,12,1.97
CTN_004,ALLSKY_SFC_SW_DWN,2015,1,4.7508
CTN_004,ALLSKY_SFC_SW_DWN,2015,2,5.3208
CTN_004,ALLSKY_SFC_SW_DWN,2015,3,5.4641
CTN_004,ALLSKY_SFC_SW_DWN,2015,4,6.2458
CTN_004,ALLSKY_SFC_SW_DWN,2015,5,5.6299
CTN_004,ALLSKY_SFC_SW_DWN,2015,6,5.4175
CTN_004,ALLSKY_SFC_SW_DWN,2015,7,5.6215
CTN_004,ALLSKY_SFC_SW_DWN,2015,8,5.7571
CTN_004,ALLSKY_SFC_SW_DWN,2015,9,4.764
CTN_004,ALLSKY_SFC_SW_DWN,2015,10,4.7717
CTN_004,ALLSKY_SFC_SW_DWN,2015,11,4.5715
CTN_004,ALLSKY_SFC_SW_DWN,2015,12,4.3349
CTN_004,ALLSKY_SFC_SW_DWN,2016,1,4.4731
CTN_004,ALLSKY_SFC_SW_DWN,2016,2,5.7996
CTN_004,ALLSKY_SFC_SW_DWN,2016,3,5.783
CTN_004,ALLSKY_SFC_SW_DWN,2016,4,6.4438
CTN_004,ALLSKY_SFC_SW_DWN,2016,5,6.0991
CTN_004,ALLSKY_SFC_SW_DWN,2016,6,5.3364
CTN_004,ALLSKY_SFC_SW_DWN,2016,7,5.5618
CTN_004,ALLSKY_SFC_SW_DWN,2016,8,5.4989
CTN_004,ALLSKY_SFC_SW_DWN,2016,9,4.9848
CTN_004,ALLSKY_SFC_SW_DWN,2016,10,5.1895
CTN_004,ALLSKY_SFC_SW_DWN,2016,11,4.2552
CTN_004,ALLSKY_SFC_SW_DWN,2016,12,4.7664
CTN_004,ALLSKY_SFC_SW_DWN,2017,1,5.4298
CTN_004,ALLSKY_SFC_SW_DWN,2017,2,6.029
CTN_004,ALLSKY_SFC_SW_DWN,2017,3,6.1066
CTN_004,ALLSKY_SFC_SW_DWN,2017,4,6.5623
CTN_004,ALLSKY_SFC_SW_DWN,2017,5,5.8498
CTN_004,ALLSKY_SFC_SW_DWN,2017,6,6.0511
CTN_004,ALLSKY_SFC_SW_DWN,2017,7,5.2346
CTN_004,ALLSKY_SFC_SW_DWN,2017,8,5.4653
CTN_004,ALLSKY_SFC_SW_DWN,2017,9,4.5636
CTN_004,ALLSKY_SFC_SW_DWN,2017,10,4.9759
CTN_004,ALLSKY_SFC_SW_DWN,2017,11,5.7216
CTN_004,ALLSKY_SFC_SW_DWN,2017,12,5.0969
CTN_004,ALLSKY_SFC_SW_DWN,2018,1,4.8746
CTN_004,ALLSKY_SFC_SW_DWN,2018,2,5.2771
CTN_004,ALLSKY_SFC_SW_DWN,2018,3,6.5232
CTN_004,ALLSKY_SFC_SW_DWN,2018,4,6.2635
CTN_004,ALLSKY_SFC_SW_DWN,2018,5,6.667
CTN_004,ALLSKY_SFC_SW_DWN,2018,6,5.5061
CTN_004,ALLSKY_SFC_SW_DWN,2018,7,6.3139
CTN_004,ALLSKY_SFC_SW_DWN,2018,8,5.2738
CTN_004,ALLSKY_SFC_SW_DWN,2018,9,5.1235
CTN_004,ALLSKY_SFC_SW_DWN,2018,10,4.5278
CTN_004,ALLSKY_SFC_SW_DWN,2018,11,4.4136
CTN_004,ALLSKY_SFC_SW_DWN,2018,12,4.8046
CTN_004,ALLSKY_SFC_SW_DWN,2019,1,5.0897
CTN_004,ALLSKY_SFC_SW_DWN,2019,2,5.909
CTN_004,ALLSKY_SFC_SW_DWN,2019,3,6.6425
CTN_004,ALLSKY_SFC_SW_DWN,2019,4,6.8414
CTN_004,ALLSKY_SFC_SW_DWN,2019,5,6.6658
CTN_004,ALLSKY_SFC_SW_DWN,2019,6,5.6206
CTN_004,ALLSKY_SFC_SW_DWN,2019,7,5.5802
CTN_004,ALLSKY_SFC_SW_DWN,2019,8,6.1061
CTN_004,ALLSKY_SFC_SW_DWN,2019,9,5.2853
CTN_004,ALLSKY_SFC_SW_DWN,2019,10,4.783
CTN_004,ALLSKY_SFC_SW_DWN,2019,11,4.6627
CTN_004,ALLSKY_SFC_SW_DWN,2019,12,4.8295
CTN_004,ALLSKY_SFC_SW_DWN,2020,1,4.7842
CTN_004,ALLSKY_SFC_SW_DWN,2020,2,5.7804
CTN_004,ALLSKY_SFC_SW_DWN,2020,3,6.487
CTN_004,ALLSKY_SFC_SW_DWN,2020,4,6.6252
CTN_004,ALLSKY_SFC_SW_DWN,2020,5,6.6067
CTN_004,ALLSKY_SFC_SW_DWN,2020,6,6.3178
CTN_004,ALLSKY_SFC_SW_DWN,2020,7,5.8841
CTN_004,ALLSKY_SFC_SW_DWN,2020,8,5.4074
CTN_004,ALLSKY_SFC_SW_DWN,2020,9,4.6987
CTN_004,ALLSKY_SFC_SW_DWN,2020,10,6.1171
CTN_004,ALLSKY_SFC_SW_DWN,2020,11,5.3623
CTN_004,ALLSKY_SFC_SW_DWN,2020,12,4.6678
CTN_004,ALLSKY_SFC_SW_DWN,2021,1,4.8398
CTN_004,ALLSKY_SFC_SW_DWN,2021,2,6.2417
CTN_004,ALLSKY_SFC_SW_DWN,2021,3,6.6922
CTN_004,ALLSKY_SFC_SW_DWN,2021,4,6.6706
CTN_004,ALLSKY_SFC_SW_DWN,2021,5,6.433
CTN_004,ALLSKY_SFC_SW_DWN,2021,6,4.9097
CTN_004,ALLSKY_SFC_SW_DWN,2021,7,5.5243
CTN_004,ALLSKY_SFC_SW_DWN,2021,8,5.2222
CTN_004,ALLSKY_SFC_SW_DWN,2021,9,4.8137
CTN_004,ALLSKY_SFC_SW_DWN,2021,10,5.0614
CTN_004,ALLSKY_SFC_SW_DWN,2021,11,5.1442
CTN_004,ALLSKY_SFC_SW_DWN,2021,12,5.1089
CTN_004,ALLSKY_SFC_SW_DWN,2022,1,4.8974
CTN_004,ALLSKY_SFC_SW_DWN,2022,2,5.6712
CTN_004,ALLSKY_SFC_SW_DWN,2022,3,6.9802
CTN_004,ALLSKY_SFC_SW_DWN,2022,4,6.5791
CTN_004,ALLSKY_SFC_SW_DWN,2022,5,6.9931
CTN_004,ALLSKY_SFC_SW_DWN,2022,6,5.7725
CTN_004,ALLSKY_SFC_SW_DWN,2022,7,5.687
CTN_004,ALLSKY_SFC_SW_DWN,2022,8,5.2774
CTN_004,ALLSKY_SFC_SW_DWN,2022,9,4.8758
CTN_004,ALLSKY_SFC_SW_DWN,2022,10,4.8605
CTN_004,ALLSKY_SFC_SW_DWN,2022,11,4.866
CTN_004,ALLSKY_SFC_SW_DWN,2022,12,4.709
CTN_004,ALLSKY_SFC_SW_DWN,2023,1,5.2846
CTN_004,ALLSKY_SFC_SW_DWN,2023,2,6.0778
CTN_004,ALLSKY_SFC_SW_DWN,2023,3,6.3878
CTN_004,ALLSKY_SFC_SW_DWN,2023,4,6.6314
CTN_004,ALLSKY_SFC_SW_DWN,2023,5,5.7439
CTN_004,ALLSKY_SFC_SW_DWN,2023,6,6.9974
CTN_004,ALLSKY_SFC_SW_DWN,2023,7,5.7146
CTN_004,ALLSKY_SFC_SW_DWN,2023,8,5.2466
CTN_004,ALLSKY_SFC_SW_DWN,2023,9,6.2599
CTN_004,ALLSKY_SFC_SW_DWN,2023,10,4.6872
CTN_004,ALLSKY_SFC_SW_DWN,2023,11,4.7638
CTN_004,ALLSKY_SFC_SW_DWN,2023,12,3.9398
CTN_004,ALLSKY_SFC_SW_DWN,2024,1,4.6565
CTN_004,ALLSKY_SFC_SW_DWN,2024,2,5.9844
CTN_004,ALLSKY_SFC_SW_DWN,2024,3,7.0416
CTN_004,ALLSKY_SFC_SW_DWN,2024,4,6.9038
CTN_004,ALLSKY_SFC_SW_DWN,2024,5,6.8026
CTN_004,ALLSKY_SFC_SW_DWN,2024,6,5.8471
CTN_004,ALLSKY_SFC_SW_DWN,2024,7,5.0155
CTN_004,ALLSKY_SFC_SW_DWN,2024,8,5.5159
CTN_004,ALLSKY_SFC_SW_DWN,2024,9,4.3798
CTN_004,ALLSKY_SFC_SW_DWN,2024,10,4.8449
CTN_004,ALLSKY_SFC_SW_DWN,2024,11,5.1413
CTN_004,ALLSKY_SFC_SW_DWN,2024,12,4.8437
CTN_004,PRECTOTCORR,2015,1,0.03
CTN_004,PRECTOTCORR,2015,2,0.13
CTN_004,PRECTOTCORR,2015,3,1.59
CTN_004,PRECTOTCORR,2015,4,0.46
CTN_004,PRECTOTCORR,2015,5,4.17
CTN_004,PRECTOTCORR,2015,6,4.03
CTN_004,PRECTOTCORR,2015,7,4.22
CTN_004,PRECTOTCORR,2015,8,4.58
CTN_004,PRECTOTCORR,2015,9,6.18
CTN_004,PRECTOTCORR,2015,10,1.82
CTN_004,PRECTOTCORR,2015,11,0.73
CTN_004,PRECTOTCORR,2015,12,0.15
CTN_004,PRECTOTCORR,2016,1,0.27
CTN_004,PRECTOTCORR,2016,2,0.11
CTN_004,PRECTOTCORR,2016,3,1.46
CTN_004,PRECTOTCORR,2016,4,0.84
CTN_004,PRECTOTCORR,2016,5,2.25
CTN_004,PRECTOTCORR,2016,6,6.85
CTN_004,PRECTOTCORR,2016,7,6.45
CTN_004,PRECTOTCORR,2016,8,7.01
CTN_004,PRECTOTCORR,2016,9,6.34
CTN_004,PRECTOTCORR,2016,10,1.1
CTN_004,PRECTOTCORR,2016,11,1.44
CTN_004,PRECTOTCORR,2016,12,0.07
CTN_004,PRECTOTCORR,2017,1,0.0
CTN_004,PRECTOTCORR,2017,2,0.01
CTN_004,PRECTOTCORR,2017,3,0.49
CTN_004,PRECTOTCORR,2017,4,0.47
CTN_004,PRECTOTCORR,2017,5,3.27
CTN_004,PRECTOTCORR,2017,6,5.26
CTN_004,PRECTOTCORR,2017,7,5.91
CTN_004,PRECTOTCORR,2017,8,7.37
CTN_004,PRECTOTCORR,2017,9,6.97
CTN_004,PRECTOTCORR,2017,10,1.7
CTN_004,PRECTOTCORR,2017,11,0.08
CTN_004,PRECTOTCORR,2017,12,0.01
CTN_004,PRECTOTCORR,2018,1,0.23
CTN_004,PRECTOTCORR,2018,2,0.31
CTN_004,PRECTOTCORR,2018,3,0.23
CTN_004,PRECTOTCORR,2018,4,1.51
CTN_004,PRECTOTCORR,2018,5,2.92
CTN_004,PRECTOTCORR,2018,6,8.05
CTN_004,PRECTOTCORR,2018,7,2.72
CTN_004,PRECTOTCORR,2018,8,8.15
CTN_004,PRECTOTCORR,2018,9,5.91
CTN_004,PRECTOTCORR,2018,10,3.69
CTN_004,PRECTOTCORR,2018,11,1.55
CTN_004,PRECTOTCORR,2018,12,0.1
CTN_004,PRECTOTCORR,2019,1,0.08
CTN_004,PRECTOTCORR,2019,2,0.13
CTN_004,PRECTOTCORR,2019,3,0.18
CTN_004,PRECTOTCORR,2019,4,0.2
CTN_004,PRECTOTCORR,2019,5,1.57
CTN_004,PRECTOTCORR,2019,6,5.45
CTN_004,PRECTOTCORR,2019,7,5.75
CTN_004,PRECTOTCORR,2019,8,5.08
CTN_004,PRECTOTCORR,2019,9,5.34
CTN_004,PRECTOTCORR,2019,10,4.64
CTN_004,PRECTOTCORR,2019,11,0.9
CTN_004,PRECTOTCORR,2019,12,0.01
CTN_004,PRECTOTCORR,2020,1,0.22
CTN_004,PRECTOTCORR,2020,2,0.19
CTN_004,PRECTOTCORR,2020,3,0.4
CTN_004,PRECTOTCORR,2020,4,0.75
CTN_004,PRECTOTCORR,2020,5,0.99
CTN_004,PRECTOTCORR,2020,6,4.05
CTN_004,PRECTOTCORR,2020,7,5.99
CTN_004,PRECTOTCORR,2020,8,6.12
CTN_004,PRECTOTCORR,2020,9,6.35
CTN_004,PRECTOTCORR,2020,10,0.9
CTN_004,PRECTOTCORR,2020,11,0.07
CTN_004,PRECTOTCORR,2020,12,0.08
CTN_004,PRECTOTCORR,2021,1,0.22
CTN_004,PRECTOTCORR,2021,2,0.3
CTN_004,PRECTOTCORR,2021,3,0.68
CTN_004,PRECTOTCORR,2021,4,0.39
CTN_004,PRECTOTCORR,2021,5,3.2
CTN_004,PRECTOTCORR,2021,6,7.13
CTN_004,PRECTOTCORR,2021,7,4.83
CTN_004,PRECTOTCORR,2021,8,6.49
CTN_004,PRECTOTCORR,2021,9,6.72
CTN_004,PRECTOTCORR,2021,10,2.19
CTN_004,PRECTOTCORR,2021,11,0.17
CTN_004,PRECTOTCORR,2021,12,0.03
CTN_004,PRECTOTCORR,2022,1,0.31
CTN_004,PRECTOTCORR,2022,2,0.1
CTN_004,PRECTOTCORR,2022,3,0.16
CTN_004,PRECTOTCORR,2022,4,1.16
CTN_004,PRECTOTCORR,2022,5,1.06
CTN_004,PRECTOTCORR,2022,6,4.69
CTN_004,PRECTOTCORR,2022,7,5.32
CTN_004,PRECTOTCORR,2022,8,5.69
CTN_004,PRECTOTCORR,2022,9,5.64
CTN_004,PRECTOTCORR,2022,10,2.02
CTN_004,PRECTOTCORR,2022,11,0.43
CTN_004,PRECTOTCORR,2022,12,0.15
CTN_004,PRECTOTCORR,2023,1,0.01
CTN_004,PRECTOTCORR,2023,2,0.01
CTN_004,PRECTOTCORR,2023,3,0.39
CTN_004,PRECTOTCORR,2023,4,1.29
CTN_004,PRECTOTCORR,2023,5,1.37
CTN_004,PRECTOTCORR,2023,6,0.42
CTN_004,PRECTOTCORR,2023,7,5.08
CTN_004,PRECTOTCORR,2023,8,5.71
CTN_004,PRECTOTCORR,2023,9,3.1
CTN_004,PRECTOTCORR,2023,10,3.4
CTN_004,PRECTOTCORR,2023,11,2.23
CTN_004,PRECTOTCORR,2023,12,0.29
CTN_004,PRECTOTCORR,2024,1,0.05
CTN_004,PRECTOTCORR,2024,2,0.54
CTN_004,PRECTOTCORR,2024,3,0.0
CTN_004,PRECTOTCORR,2024,4,0.23
CTN_004,PRECTOTCORR,2024,5,0.96
CTN_004,PRECTOTCORR,2024,6,4.14
CTN_004,PRECTOTCORR,2024,7,8.57
CTN_004,PRECTOTCORR,2024,8,7.59
CTN_004,PRECTOTCORR,2024,9,8.74
CTN_004,PRECTOTCORR,2024,10,2.28
CTN_004,PRECTOTCORR,2024,11,0.4
CTN_004,PRECTOTCORR,2024,12,0.08
CTN_004,T2M,2015,1,14.83
CTN_004,T2M,2015,2,16.02
CTN_004,T2M,2015,3,17.32
CTN_004,T2M,2015,4,20.6
CTN_004,T2M,2015,5,19.65
CTN_004,T2M,2015,6,18.6
CTN_004,T2M,2015,7,18.15
CTN_004,T2M,2015,8,18.39
CTN_004,T2M,2015,9,17.24
CTN_004,T2M,2015,10,17.39
CTN_004,T2M,2015,11,17.73
CTN_004,T2M,2015,12,16.32
CTN_004,T2M,2016,1,14.06
CTN_004,T2M,2016,2,16.18
CTN_004,T2M,2016,3,17.16
CTN_004,T2M,2016,4,20.42
CTN_004,T2M,2016,5,22.12
CTN_004,T2M,2016,6,18.83
CTN_004,T2M,2016,7,18.2
CTN_004,T2M,2016,8,18.02
CTN_004,T2M,2016,9,17.5
CTN_004,T2M,2016,10,17.01
CTN_004,T2M,2016,11,15.76
CTN_004,T2M,2016,12,16.0
CTN_004,T2M,2017,1,15.1
CTN_004,T2M,2017,2,16.44
CTN_004,T2M,2017,3,18.72
CTN_004,T2M,2017,4,20.14
CTN_004,T2M,2017,5,21.47
CTN_004,T2M,2017,6,19.64
CTN_004,T2M,2017,7,17.86
CTN_004,T2M,2017,8,18.22
CTN_004,T2M,2017,9,17.25
CTN_004,T2M,2017,10,16.67
CTN_004,T2M,2017,11,15.67
CTN_004,T2M,2017,12,14.72
CTN_004,T2M,2018,1,14.11
CTN_004,T2M,2018,2,17.2
CTN_004,T2M,2018,3,19.68
CTN_004,T2M,2018,4,20.32
CTN_004,T2M,2018,5,20.65
CTN_004,T2M,2018,6,18.56
CTN_004,T2M,2018,7,18.67
CTN_004,T2M,2018,8,17.54
CTN_004,T2M,2018,9,17.53
CTN_004,T2M,2018,10,17.13
CTN_004,T2M,2018,11,15.65
CTN_004,T2M,2018,12,14.54
CTN_004,T2M,2019,1,14.89
CTN_004,T2M,2019,2,17.62
CTN_004,T2M,2019,3,19.36
CTN_004,T2M,2019,4,20.36
CTN_004,T2M,2019,5,21.89
CTN_004,T2M,2019,6,20.14
CTN_004,T2M,2019,7,18.23
CTN_004,T2M,2019,8,18.44
CTN_004,T2M,2019,9,17.82
CTN_004,T2M,2019,10,17.23
CTN_004,T2M,2019,11,16.84
CTN_004,T2M,2019,12,15.45
CTN_004,T2M,2020,1,15.22
CTN_004,T2M,2020,2,17.55
CTN_004,T2M,2020,3,20.06
CTN_004,T2M,2020,4,21.87
CTN_004,T2M,2020,5,21.25
CTN_004,T2M,2020,6,20.59
CTN_004,T2M,2020,7,18.82
CTN_004,T2M,2020,8,18.03
CTN_004,T2M,2020,9,17.5
CTN_004,T2M,2020,10,16.5
CTN_004,T2M,2020,11,16.54
CTN_004,T2M,2020,12,15.68
CTN_004,T2M,2021,1,16.15
CTN_004,T2M,2021,2,16.7
CTN_004,T2M,2021,3,19.52
CTN_004,T2M,2021,4,20.77
CTN_004,T2M,2021,5,20.37
CTN_004,T2M,2021,6,18.24
CTN_004,T2M,2021,7,18.04
CTN_004,T2M,2021,8,17.88
CTN_004,T2M,2021,9,17.27
CTN_004,T2M,2021,10,17.34
CTN_004,T2M,2021,11,15.62
CTN_004,T2M,2021,12,15.97
CTN_004,T2M,2022,1,15.65
CTN_004,T2M,2022,2,16.67
CTN_004,T2M,2022,3,18.76
CTN_004,T2M,2022,4,21.25
CTN_004,T2M,2022,5,22.18
CTN_004,T2M,2022,6,19.62
CTN_004,T2M,2022,7,19.22
CTN_004,T2M,2022,8,18.27
CTN_004,T2M,2022,9,17.51
CTN_004,T2M,2022,10,17.54
CTN_004,T2M,2022,11,17.31
CTN_004,T2M,2022,12,15.1
CTN_004,T2M,2023,1,15.68
CTN_004,T2M,2023,2,17.19
CTN_004,T2M,2023,3,19.5
CTN_004,T2M,2023,4,20.54
CTN_004,T2M,2023,5,21.18
CTN_004,T2M,2023,6,23.27
CTN_004,T2M,2023,7,20.1
CTN_004,T2M,2023,8,19.13
CTN_004,T2M,2023,9,19.1
CTN_004,T2M,2023,10,18.35
CTN_004,T2M,2023,11,17.39
CTN_004,T2M,2023,12,14.95
CTN_004,T2M,2024,1,15.81
CTN_004,T2M,2024,2,17.58
CTN_004,T2M,2024,3,20.05
CTN_004,T2M,2024,4,21.94
CTN_004,T2M,2024,5,24.26
CTN_004,T2M,2024,6,22.05
CTN_004,T2M,2024,7,18.83
CTN_004,T2M,2024,8,18.67
CTN_004,T2M,2024,9,18.11
CTN_004,T2M,2024,10,16.51
CTN_004,T2M,2024,11,16.84
CTN_004,T2M,2024,12,15.45
CTN_004,T2M_MAX,2015,1,26.34
CTN_004,T2M_MAX,2015,2,28.99
CTN_004,T2M_MAX,2015,3,30.07
CTN_004,T2M_MAX,2015,4,31.26
CTN_004,T2M_MAX,2015,5,30.17
CTN_004,T2M_MAX,2015,6,28.08
CTN_004,T2M_MAX,2015,7,27.54
CTN_004,T2M_MAX,2015,8,27.05
CTN_004,T2M_MAX,2015,9,25.0
CTN_004,T2M_MAX,2015,10,27.39
CTN_004,T2M_MAX,2015,11,26.67
CTN_004,T2M_MAX,2015,12,26.85
CTN_004,T2M_MAX,2016,1,25.56
CTN_004,T2M_MAX,2016,2,28.77
CTN_004,T2M_MAX,2016,3,30.02
CTN_004,T2M_MAX,2016,4,32.42
CTN_004,T2M_MAX,2016,5,33.15
CTN_004,T2M_MAX,2016,6,27.82
CTN_004,T2M_MAX,2016,7,26.22
CTN_004,T2M_MAX,2016,8,25.7
CTN_004,T2M_MAX,2016,9,24.31
CTN_004,T2M_MAX,2016,10,25.49
CTN_004,T2M_MAX,2016,11,25.65
CTN_004,T2M_MAX,2016,12,25.91
CTN_004,T2M_MAX,2017,1,27.68
CTN_004,T2M_MAX,2017,2,28.47
CTN_004,T2M_MAX,2017,3,30.55
CTN_004,T2M_MAX,2017,4,32.77
CTN_004,T2M_MAX,2017,5,32.74
CTN_004,T2M_MAX,2017,6,30.32
CTN_004,T2M_MAX,2017,7,25.54
CTN_004,T2M_MAX,2017,8,26.73
CTN_004,T2M_MAX,2017,9,25.16
CTN_004,T2M_MAX,2017,10,25.57
CTN_004,T2M_MAX,2017,11,27.09
CTN_004,T2M_MAX,2017,12,25.9
CTN_004,T2M_MAX,2018,1,26.21
CTN_004,T2M_MAX,2018,2,28.04
CTN_004,T2M_MAX,2018,3,31.77
CTN_004,T2M_MAX,2018,4,31.71
CTN_004,T2M_MAX,2018,5,34.6
CTN_004,T2M_MAX,2018,6,32.57
CTN_004,T2M_MAX,2018,7,27.75
CTN_004,T2M_MAX,2018,8,25.75
CTN_004,T2M_MAX,2018,9,24.54
CTN_004,T2M_MAX,2018,10,24.58
CTN_004,T2M_MAX,2018,11,25.49
CTN_004,T2M_MAX,2018,12,24.7
CTN_004,T2M_MAX,2019,1,26.41
CTN_004,T2M_MAX,2019,2,29.48
CTN_004,T2M_MAX,2019,3,31.23
CTN_004,T2M_MAX,2019,4,33.64
CTN_004,T2M_MAX,2019,5,32.79
CTN_004,T2M_MAX,2019,6,31.57
CTN_004,T2M_MAX,2019,7,27.5
CTN_004,T2M_MAX,2019,8,26.39
CTN_004,T2M_MAX,2019,9,26.01
CTN_004,T2M_MAX,2019,10,25.55
CTN_004,T2M_MAX,2019,11,25.5
CTN_004,T2M_MAX,2019,12,26.89
CTN_004,T2M_MAX,2020,1,26.15
CTN_004,T2M_MAX,2020,2,30.83
CTN_004,T2M_MAX,2020,3,32.72
CTN_004,T2M_MAX,2020,4,32.3
CTN_004,T2M_MAX,2020,5,32.26
CTN_004,T2M_MAX,2020,6,32.9
CTN_004,T2M_MAX,2020,7,28.0
CTN_004,T2M_MAX,2020,8,26.17
CTN_004,T2M_MAX,2020,9,26.19
CTN_004,T2M_MAX,2020,10,26.56
CTN_004,T2M_MAX,2020,11,28.02
CTN_004,T2M_MAX,2020,12,26.42
CTN_004,T2M_MAX,2021,1,29.0
CTN_004,T2M_MAX,2021,2,29.45
CTN_004,T2M_MAX,2021,3,32.67
CTN_004,T2M_MAX,2021,4,32.24
CTN_004,T2M_MAX,2021,5,30.99
CTN_004,T2M_MAX,2021,6,30.16
CTN_004,T2M_MAX,2021,7,26.24
CTN_004,T2M_MAX,2021,8,25.81
CTN_004,T2M_MAX,2021,9,24.52
CTN_004,T2M_MAX,2021,10,26.39
CTN_004,T2M_MAX,2021,11,25.22
CTN_004,T2M_MAX,2021,12,27.56
CTN_004,T2M_MAX,2022,1,27.25
CTN_004,T2M_MAX,2022,2,29.37
CTN_004,T2M_MAX,2022,3,31.4
CTN_004,T2M_MAX,2022,4,34.11
CTN_004,T2M_MAX,2022,5,33.43
CTN_004,T2M_MAX,2022,6,31.79
CTN_004,T2M_MAX,2022,7,28.62
CTN_004,T2M_MAX,2022,8,26.73
CTN_004,T2M_MAX,2022,9,25.07
CTN_004,T2M_MAX,2022,10,26.97
CTN_004,T2M_MAX,2022,11,26.52
CTN_004,T2M_MAX,2022,12,26.3
CTN_004,T2M_MAX,2023,1,27.96
CTN_004,T2M_MAX,2023,2,30.05
CTN_004,T2M_MAX,2023,3,31.32
CTN_004,T2M_MAX,2023,4,33.28
CTN_004,T2M_MAX,2023,5,32.69
CTN_004,T2M_MAX,2023,6,34.65
CTN_004,T2M_MAX,2023,7,29.87
CTN_004,T2M_MAX,2023,8,28.73
CTN_004,T2M_MAX,2023,9,28.75
CTN_004,T2M_MAX,2023,10,27.05
CTN_004,T2M_MAX,2023,11,28.43
CTN_004,T2M_MAX,2023,12,24.65
CTN_004,T2M_MAX,2024,1,28.2
CTN_004,T2M_MAX,2024,2,31.56
CTN_004,T2M_MAX,2024,3,32.33
CTN_004,T2M_MAX,2024,4,33.46
CTN_004,T2M_MAX,2024,5,35.62
CTN_004,T2M_MAX,2024,6,35.07
CTN_004,T2M_MAX,2024,7,28.48
CTN_004,T2M_MAX,2024,8,25.45
CTN_004,T2M_MAX,2024,9,25.13
CTN_004,T2M_MAX,2024,10,24.96
CTN_004,T2M_MAX,2024,11,26.88
CTN_004,T2M_MAX,2024,12,26.39
CTN_004,WS10M,2015,1,2.15
CTN_004,WS10M,2015,2,2.11
CTN_004,WS10M,2015,3,2.22
CTN_004,WS10M,2015,4,2.36
CTN_004,WS10M,2015,5,1.52
CTN_004,WS10M,2015,6,1.71
CTN_004,WS10M,2015,7,1.75
CTN_004,WS10M,2015,8,1.57
CTN_004,WS10M,2015,9,1.61
CTN_004,WS10M,2015,10,1.97
CTN_004,WS10M,2015,11,1.67
CTN_004,WS10M,2015,12,2.01
CTN_004,WS10M,2016,1,2.11
CTN_004,WS10M,2016,2,2.24
CTN_004,WS10M,2016,3,2.57
CTN_004,WS10M,2016,4,2.36
CTN_004,WS10M,2016,5,1.79
CTN_004,WS10M,2016,6,1.59
CTN_004,WS10M,2016,7,1.54
CTN_004,WS10M,2016,8,1.58
CTN_004,WS10M,2016,9,1.39
CTN_004,WS10M,2016,10,1.76
CTN_004,WS10M,2016,11,1.8
CTN_004,WS10M,2016,12,2.0
CTN_004,WS10M,2017,1,2.08
CTN_004,WS10M,2017,2,2.34
CTN_004,WS10M,2017,3,1.97
CTN_004,WS10M,2017,4,2.24
CTN_004,WS10M,2017,5,1.74
CTN_004,WS10M,2017,6,1.52
CTN_004,WS10M,2017,7,1.42
CTN_004,WS10M,2017,8,1.57
CTN_004,WS10M,2017,9,1.59
CTN_004,WS10M,2017,10,2.0
CTN_004,WS10M,2017,11,1.82
CTN_004,WS10M,2017,12,1.96
CTN_004,WS10M,2018,1,2.22
CTN_004,WS10M,2018,2,2.01
CTN_004,WS10M,2018,3,2.12
CTN_004,WS10M,2018,4,2.06
CTN_004,WS10M,2018,5,1.44
CTN_004,WS10M,2018,6,1.93
CTN_004,WS10M,2018,7,1.38
CTN_004,WS10M,2018,8,1.42
CTN_004,WS10M,2018,9,1.54
CTN_004,WS10M,2018,10,1.67
CTN_004,WS10M,2018,11,1.67
CTN_004,WS10M,2018,12,1.92
CTN_004,WS10M,2019,1,1.93
CTN_004,WS10M,2019,2,2.05
CTN_004,WS10M,2019,3,2.27
CTN_004,WS10M,2019,4,2.45
CTN_004,WS10M,2019,5,2.23
CTN_004,WS10M,2019,6,1.75
CTN_004,WS10M,2019,7,1.45
CTN_004,WS10M,2019,8,1.56
CTN_004,WS10M,2019,9,1.56
CTN_004,WS10M,2019,10,1.73
CTN_004,WS10M,2019,11,1.71
CTN_004,WS10M,2019,12,1.95
CTN_004,WS10M,2020,1,2.16
CTN_004,WS10M,2020,2,2.21
CTN_004,WS10M,2020,3,2.07
CTN_004,WS10M,2020,4,2.35
CTN_004,WS10M,2020,5,2.12
CTN_004,WS10M,2020,6,1.68
CTN_004,WS10M,2020,7,1.69
CTN_004,WS10M,2020,8,1.64
CTN_004,WS10M,2020,9,1.65
CTN_004,WS10M,2020,10,2.08
CTN_004,WS10M,2020,11,2.47
CTN_004,WS10M,2020,12,1.98
CTN_004,WS10M,2021,1,2.03
CTN_004,WS10M,2021,2,2.27
CTN_004,WS10M,2021,3,1.98
CTN_004,WS10M,2021,4,2.52
CTN_004,WS10M,2021,5,1.89
CTN_004,WS10M,2021,6,1.93
CTN_004,WS10M,2021,7,1.7
CTN_004,WS10M,2021,8,1.7
CTN_004,WS10M,2021,9,1.63
CTN_004,WS10M,2021,10,1.67
CTN_004,WS10M,2021,11,1.73
CTN_004,WS10M,2021,12,1.91
CTN_004,WS10M,2022,1,1.97
CTN_004,WS10M,2022,2,2.15
CTN_004,WS10M,2022,3,2.37
CTN_004,WS10M,2022,4,1.96
CTN_004,WS10M,2022,5,1.91
CTN_004,WS10M,2022,6,1.87
CTN_004,WS10M,2022,7,1.51
CTN_004,WS10M,2022,8,1.53
CTN_004,WS10M,2022,9,1.68
CTN_004,WS10M,2022,10,1.66
CTN_004,WS10M,2022,11,1.66
CTN_004,WS10M,2022,12,2.04
CTN_004,WS10M,2023,1,2.12
CTN_004,WS10M,2023,2,2.28
CTN_004,WS10M,2023,3,2.22
CTN_004,WS10M,2023,4,2.42
CTN_004,WS10M,2023,5,1.86
CTN_004,WS10M,2023,6,2.01
CTN_004,WS10M,2023,7,1.72
CTN_004,WS10M,2023,8,1.71
CTN_004,WS10M,2023,9,1.55
CTN_004,WS10M,2023,10,1.86
CTN_004,WS10M,2023,11,1.79
CTN_004,WS10M,2023,12,1.84
CTN_004,WS10M,2024,1,2.04
CTN_004,WS10M,2024,2,2.32
CTN_004,WS10M,2024,3,2.68
CTN_004,WS10M,2024,4,2.55
CTN_004,WS10M,2024,5,2.2
CTN_004,WS10M,2024,6,1.93
CTN_004,WS10M,2024,7,1.64
CTN_004,WS10M,2024,8,1.47
CTN_004,WS10M,2024,9,1.72
CTN_004,WS10M,2024,10,1.91
CTN_004,WS10M,2024,11,1.84
CTN_004,WS10M,2024,12,1.97
CTN_005,ALLSKY_SFC_SW_DWN,2015,1,4.7508
CTN_005,ALLSKY_SFC_SW_DWN,2015,2,5.3208
CTN_005,ALLSKY_SFC_SW_DWN,2015,3,5.4641
CTN_005,ALLSKY_SFC_SW_DWN,2015,4,6.2458
CTN_005,ALLSKY_SFC_SW_DWN,2015,5,5.6299
CTN_005,ALLSKY_SFC_SW_DWN,2015,6,5.4175
CTN_005,ALLSKY_SFC_SW_DWN,2015,7,5.6215
CTN_005,ALLSKY_SFC_SW_DWN,2015,8,5.7571
CTN_005,ALLSKY_SFC_SW_DWN,2015,9,4.764
CTN_005,ALLSKY_SFC_SW_DWN,2015,10,4.7717
CTN_005,ALLSKY_SFC_SW_DWN,2015,11,4.5715
CTN_005,ALLSKY_SFC_SW_DWN,2015,12,4.3349
CTN_005,ALLSKY_SFC_SW_DWN,2016,1,4.4731
CTN_005,ALLSKY_SFC_SW_DWN,2016,2,5.7996
CTN_005,ALLSKY_SFC_SW_DWN,2016,3,5.783
CTN_005,ALLSKY_SFC_SW_DWN,2016,4,6.4438
CTN_005,ALLSKY_SFC_SW_DWN,2016,5,6.0991
CTN_005,ALLSKY_SFC_SW_DWN,2016,6,5.3364
CTN_005,ALLSKY_SFC_SW_DWN,2016,7,5.5618
CTN_005,ALLSKY_SFC_SW_DWN,2016,8,5.4989
CTN_005,ALLSKY_SFC_SW_DWN,2016,9,4.9848
CTN_005,ALLSKY_SFC_SW_DWN,2016,10,5.1895
CTN_005,ALLSKY_SFC_SW_DWN,2016,11,4.2552
CTN_005,ALLSKY_SFC_SW_DWN,2016,12,4.7664
CTN_005,ALLSKY_SFC_SW_DWN,2017,1,5.4298
CTN_005,ALLSKY_SFC_SW_DWN,2017,2,6.029
CTN_005,ALLSKY_SFC_SW_DWN,2017,3,6.1066
CTN_005,ALLSKY_SFC_SW_DWN,2017,4,6.5623
CTN_005,ALLSKY_SFC_SW_DWN,2017,5,5.8498
CTN_005,ALLSKY_SFC_SW_DWN,2017,6,6.0511
CTN_005,ALLSKY_SFC_SW_DWN,2017,7,5.2346
CTN_005,ALLSKY_SFC_SW_DWN,2017,8,5.4653
CTN_005,ALLSKY_SFC_SW_DWN,2017,9,4.5636
CTN_005,ALLSKY_SFC_SW_DWN,2017,10,4.9759
CTN_005,ALLSKY_SFC_SW_DWN,2017,11,5.7216
CTN_005,ALLSKY_SFC_SW_DWN,2017,12,5.0969
CTN_005,ALLSKY_SFC_SW_DWN,2018,1,4.8746
CTN_005,ALLSKY_SFC_SW_DWN,2018,2,5.2771
CTN_005,ALLSKY_SFC_SW_DWN,2018,3,6.5232
CTN_005,ALLSKY_SFC_SW_DWN,2018,4,6.2635
CTN_005,ALLSKY_SFC_SW_DWN,2018,5,6.667
CTN_005,ALLSKY_SFC_SW_DWN,2018,6,5.5061
CTN_005,ALLSKY_SFC_SW_DWN,2018,7,6.3139
CTN_005,ALLSKY_SFC_SW_DWN,2018,8,5.2738
CTN_005,ALLSKY_SFC_SW_DWN,2018,9,5.1235
CTN_005,ALLSKY_SFC_SW_DWN,2018,10,4.5278
CTN_005,ALLSKY_SFC_SW_DWN,2018,11,4.4136
CTN_005,ALLSKY_SFC_SW_DWN,2018,12,4.8046
CTN_005,ALLSKY_SFC_SW_DWN,2019,1,5.0897
CTN_005,ALLSKY_SFC_SW_DWN,2019,2,5.909
CTN_005,ALLSKY_SFC_SW_DWN,2019,3,6.6425
CTN_005,ALLSKY_SFC_SW_DWN,2019,4,6.8414
CTN_005,ALLSKY_SFC_SW_DWN,2019,5,6.6658
CTN_005,ALLSKY_SFC_SW_DWN,2019,6,5.6206
CTN_005,ALLSKY_SFC_SW_DWN,2019,7,5.5802
CTN_005,ALLSKY_SFC_SW_DWN,2019,8,6.1061
CTN_005,ALLSKY_SFC_SW_DWN,2019,9,5.2853
CTN_005,ALLSKY_SFC_SW_DWN,2019,10,4.783
CTN_005,ALLSKY_SFC_SW_DWN,2019,11,4.6627
CTN_005,ALLSKY_SFC_SW_DWN,2019,12,4.8295
CTN_005,ALLSKY_SFC_SW_DWN,2020,1,4.7842
CTN_005,ALLSKY_SFC_SW_DWN,2020,2,5.7804
CTN_005,ALLSKY_SFC_SW_DWN,2020,3,6.487
CTN_005,ALLSKY_SFC_SW_DWN,2020,4,6.6252
CTN_005,ALLSKY_SFC_SW_DWN,2020,5,6.6067
CTN_005,ALLSKY_SFC_SW_DWN,2020,6,6.3178
CTN_005,ALLSKY_SFC_SW_DWN,2020,7,5.8841
CTN_005,ALLSKY_SFC_SW_DWN,2020,8,5.4074
CTN_005,ALLSKY_SFC_SW_DWN,2020,9,4.6987
CTN_005,ALLSKY_SFC_SW_DWN,2020,10,6.1171
CTN_005,ALLSKY_SFC_SW_DWN,2020,11,5.3623
CTN_005,ALLSKY_SFC_SW_DWN,2020,12,4.6678
CTN_005,ALLSKY_SFC_SW_DWN,2021,1,4.8398
CTN_005,ALLSKY_SFC_SW_DWN,2021,2,6.2417
CTN_005,ALLSKY_SFC_SW_DWN,2021,3,6.6922
CTN_005,ALLSKY_SFC_SW_DWN,2021,4,6.6706
CTN_005,ALLSKY_SFC_SW_DWN,2021,5,6.433
CTN_005,ALLSKY_SFC_SW_DWN,2021,6,4.9097
CTN_005,ALLSKY_SFC_SW_DWN,2021,7,5.5243
CTN_005,ALLSKY_SFC_SW_DWN,2021,8,5.2222
CTN_005,ALLSKY_SFC_SW_DWN,2021,9,4.8137
CTN_005,ALLSKY_SFC_SW_DWN,2021,10,5.0614
CTN_005,ALLSKY_SFC_SW_DWN,2021,11,5.1442
CTN_005,ALLSKY_SFC_SW_DWN,2021,12,5.1089
CTN_005,ALLSKY_SFC_SW_DWN,2022,1,4.8974
CTN_005,ALLSKY_SFC_SW_DWN,2022,2,5.6712
CTN_005,ALLSKY_SFC_SW_DWN,2022,3,6.9802
CTN_005,ALLSKY_SFC_SW_DWN,2022,4,6.5791
CTN_005,ALLSKY_SFC_SW_DWN,2022,5,6.9931
CTN_005,ALLSKY_SFC_SW_DWN,2022,6,5.7725
CTN_005,ALLSKY_SFC_SW_DWN,2022,7,5.687
CTN_005,ALLSKY_SFC_SW_DWN,2022,8,5.2774
CTN_005,ALLSKY_SFC_SW_DWN,2022,9,4.8758
CTN_005,ALLSKY_SFC_SW_DWN,2022,10,4.8605
CTN_005,ALLSKY_SFC_SW_DWN,2022,11,4.866
CTN_005,ALLSKY_SFC_SW_DWN,2022,12,4.709
CTN_005,ALLSKY_SFC_SW_DWN,2023,1,5.2846
CTN_005,ALLSKY_SFC_SW_DWN,2023,2,6.0778
CTN_005,ALLSKY_SFC_SW_DWN,2023,3,6.3878
CTN_005,ALLSKY_SFC_SW_DWN,2023,4,6.6314
CTN_005,ALLSKY_SFC_SW_DWN,2023,5,5.7439
CTN_005,ALLSKY_SFC_SW_DWN,2023,6,6.9974
CTN_005,ALLSKY_SFC_SW_DWN,2023,7,5.7146
CTN_005,ALLSKY_SFC_SW_DWN,2023,8,5.2466
CTN_005,ALLSKY_SFC_SW_DWN,2023,9,6.2599
CTN_005,ALLSKY_SFC_SW_DWN,2023,10,4.6872
CTN_005,ALLSKY_SFC_SW_DWN,2023,11,4.7638
CTN_005,ALLSKY_SFC_SW_DWN,2023,12,3.9398
CTN_005,ALLSKY_SFC_SW_DWN,2024,1,4.6565
CTN_005,ALLSKY_SFC_SW_DWN,2024,2,5.9844
CTN_005,ALLSKY_SFC_SW_DWN,2024,3,7.0416
CTN_005,ALLSKY_SFC_SW_DWN,2024,4,6.9038
CTN_005,ALLSKY_SFC_SW_DWN,2024,5,6.8026
CTN_005,ALLSKY_SFC_SW_DWN,2024,6,5.8471
CTN_005,ALLSKY_SFC_SW_DWN,2024,7,5.0155
CTN_005,ALLSKY_SFC_SW_DWN,2024,8,5.5159
CTN_005,ALLSKY_SFC_SW_DWN,2024,9,4.3798
CTN_005,ALLSKY_SFC_SW_DWN,2024,10,4.8449
CTN_005,ALLSKY_SFC_SW_DWN,2024,11,5.1413
CTN_005,ALLSKY_SFC_SW_DWN,2024,12,4.8437
CTN_005,PRECTOTCORR,2015,1,0.03
CTN_005,PRECTOTCORR,2015,2,0.13
CTN_005,PRECTOTCORR,2015,3,1.59
CTN_005,PRECTOTCORR,2015,4,0.46
CTN_005,PRECTOTCORR,2015,5,4.17
CTN_005,PRECTOTCORR,2015,6,4.03
CTN_005,PRECTOTCORR,2015,7,4.22
CTN_005,PRECTOTCORR,2015,8,4.58
CTN_005,PRECTOTCORR,2015,9,6.18
CTN_005,PRECTOTCORR,2015,10,1.82
CTN_005,PRECTOTCORR,2015,11,0.73
CTN_005,PRECTOTCORR,2015,12,0.15
CTN_005,PRECTOTCORR,2016,1,0.27
CTN_005,PRECTOTCORR,2016,2,0.11
CTN_005,PRECTOTCORR,2016,3,1.46
CTN_005,PRECTOTCORR,2016,4,0.84
CTN_005,PRECTOTCORR,2016,5,2.25
CTN_005,PRECTOTCORR,2016,6,6.85
CTN_005,PRECTOTCORR,2016,7,6.45
CTN_005,PRECTOTCORR,2016,8,7.01
CTN_005,PRECTOTCORR,2016,9,6.34
CTN_005,PRECTOTCORR,2016,10,1.1
CTN_005,PRECTOTCORR,2016,11,1.44
CTN_005,PRECTOTCORR,2016,12,0.07
CTN_005,PRECTOTCORR,2017,1,0.0
CTN_005,PRECTOTCORR,2017,2,0.01
CTN_005,PRECTOTCORR,2017,3,0.49
CTN_005,PRECTOTCORR,2017,4,0.47
CTN_005,PRECTOTCORR,2017,5,3.27
CTN_005,PRECTOTCORR,2017,6,5.26
CTN_005,PRECTOTCORR,2017,7,5.91
CTN_005,PRECTOTCORR,2017,8,7.37
CTN_005,PRECTOTCORR,2017,9,6.97
CTN_005,PRECTOTCORR,2017,10,1.7
CTN_005,PRECTOTCORR,2017,11,0.08
CTN_005,PRECTOTCORR,2017,12,0.01
CTN_005,PRECTOTCORR,2018,1,0.23
CTN_005,PRECTOTCORR,2018,2,0.31
CTN_005,PRECTOTCORR,2018,3,0.23
CTN_005,PRECTOTCORR,2018,4,1.51
CTN_005,PRECTOTCORR,2018,5,2.92
CTN_005,PRECTOTCORR,2018,6,8.05
CTN_005,PRECTOTCORR,2018,7,2.72
CTN_005,PRECTOTCORR,2018,8,8.15
CTN_005,PRECTOTCORR,2018,9,5.91
CTN_005,PRECTOTCORR,2018,10,3.69
CTN_005,PRECTOTCORR,2018,11,1.55
CTN_005,PRECTOTCORR,2018,12,0.1
CTN_005,PRECTOTCORR,2019,1,0.08
CTN_005,PRECTOTCORR,2019,2,0.13
CTN_005,PRECTOTCORR,2019,3,0.18
CTN_005,PRECTOTCORR,2019,4,0.2
CTN_005,PRECTOTCORR,2019,5,1.57
CTN_005,PRECTOTCORR,2019,6,5.45
CTN_005,PRECTOTCORR,2019,7,5.75
CTN_005,PRECTOTCORR,2019,8,5.08
CTN_005,PRECTOTCORR,2019,9,5.34
CTN_005,PRECTOTCORR,2019,10,4.64
CTN_005,PRECTOTCORR,2019,11,0.9
CTN_005,PRECTOTCORR,2019,12,0.01
CTN_005,PRECTOTCORR,2020,1,0.22
CTN_005,PRECTOTCORR,2020,2,0.19
CTN_005,PRECTOTCORR,2020,3,0.4
CTN_005,PRECTOTCORR,2020,4,0.75
CTN_005,PRECTOTCORR,2020,5,0.99
CTN_005,PRECTOTCORR,2020,6,4.05
CTN_005,PRECTOTCORR,2020,7,5.99
CTN_005,PRECTOTCORR,2020,8,6.12
CTN_005,PRECTOTCORR,2020,9,6.35
CTN_005,PRECTOTCORR,2020,10,0.9
CTN_005,PRECTOTCORR,2020,11,0.07
CTN_005,PRECTOTCORR,2020,12,0.08
CTN_005,PRECTOTCORR,2021,1,0.22
CTN_005,PRECTOTCORR,2021,2,0.3
CTN_005,PRECTOTCORR,2021,3,0.68
CTN_005,PRECTOTCORR,2021,4,0.39
CTN_005,PRECTOTCORR,2021,5,3.2
CTN_005,PRECTOTCORR,2021,6,7.13
CTN_005,PRECTOTCORR,2021,7,4.83
CTN_005,PRECTOTCORR,2021,8,6.49
CTN_005,PRECTOTCORR,2021,9,6.72
CTN_005,PRECTOTCORR,2021,10,2.19
CTN_005,PRECTOTCORR,2021,11,0.17
CTN_005,PRECTOTCORR,2021,12,0.03
CTN_005,PRECTOTCORR,2022,1,0.31
CTN_005,PRECTOTCORR,2022,2,0.1
CTN_005,PRECTOTCORR,2022,3,0.16
CTN_005,PRECTOTCORR,2022,4,1.16
CTN_005,PRECTOTCORR,2022,5,1.06
CTN_005,PRECTOTCORR,2022,6,4.69
CTN_005,PRECTOTCORR,2022,7,5.32
CTN_005,PRECTOTCORR,2022,8,5.69
CTN_005,PRECTOTCORR,2022,9,5.64
CTN_005,PRECTOTCORR,2022,10,2.02
CTN_005,PRECTOTCORR,2022,11,0.43
CTN_005,PRECTOTCORR,2022,12,0.15
CTN_005,PRECTOTCORR,2023,1,0.01
CTN_005,PRECTOTCORR,2023,2,0.01
CTN_005,PRECTOTCORR,2023,3,0.39
CTN_005,PRECTOTCORR,2023,4,1.29
CTN_005,PRECTOTCORR,2023,5,1.37
CTN_005,PRECTOTCORR,2023,6,0.42
CTN_005,PRECTOTCORR,2023,7,5.08
CTN_005,PRECTOTCORR,2023,8,5.71
CTN_005,PRECTOTCORR,2023,9,3.1
CTN_005,PRECTOTCORR,2023,10,3.4
CTN_005,PRECTOTCORR,2023,11,2.23
CTN_005,PRECTOTCORR,2023,12,0.29
CTN_005,PRECTOTCORR,2024,1,0.05
CTN_005,PRECTOTCORR,2024,2,0.54
CTN_005,PRECTOTCORR,2024,3,0.0
CTN_005,PRECTOTCORR,2024,4,0.23
CTN_005,PRECTOTCORR,2024,5,0.96
CTN_005,PRECTOTCORR,2024,6,4.14
CTN_005,PRECTOTCORR,2024,7,8.57
CTN_005,PRECTOTCORR,2024,8,7.59
CTN_005,PRECTOTCORR,2024,9,8.74
CTN_005,PRECTOTCORR,2024,10,2.28
CTN_005,PRECTOTCORR,2024,11,0.4
CTN_005,PRECTOTCORR,2024,12,0.08
CTN_005,T2M,2015,1,14.83
CTN_005,T2M,2015,2,16.02
CTN_005,T2M,2015,3,17.32
CTN_005,T2M,2015,4,20.6
CTN_005,T2M,2015,5,19.65
CTN_005,T2M,2015,6,18.6
CTN_005,T2M,2015,7,18.15
CTN_005,T2M,2015,8,18.39
CTN_005,T2M,2015,9,17.24
CTN_005,T2M,2015,10,17.39
CTN_005,T2M,2015,11,17.73
CTN_005,T2M,2015,12,16.32
CTN_005,T2M,2016,1,14.06
CTN_005,T2M,2016,2,16.18
CTN_005,T2M,2016,3,17.16
CTN_005,T2M,2016,4,20.42
CTN_005,T2M,2016,5,22.12
CTN_005,T2M,2016,6,18.83
CTN_005,T2M,2016,7,18.2
CTN_005,T2M,2016,8,18.02
CTN_005,T2M,2016,9,17.5
CTN_005,T2M,2016,10,17.01
CTN_005,T2M,2016,11,15.76
CTN_005,T2M,2016,12,16.0
CTN_005,T2M,2017,1,15.1
CTN_005,T2M,2017,2,16.44
CTN_005,T2M,2017,3,18.72
CTN_005,T2M,2017,4,20.14
CTN_005,T2M,2017,5,21.47
CTN_005,T2M,2017,6,19.64
CTN_005,T2M,2017,7,17.86
CTN_005,T2M,2017,8,18.22
CTN_005,T2M,2017,9,17.25
CTN_005,T2M,2017,10,16.67
CTN_005,T2M,2017,11,15.67
CTN_005,T2M,2017,12,14.72
CTN_005,T2M,2018,1,14.11
CTN_005,T2M,2018,2,17.2
CTN_005,T2M,2018,3,19.68
CTN_005,T2M,2018,4,20.32
CTN_005,T2M,2018,5,20.65
CTN_005,T2M,2018,6,18.56
CTN_005,T2M,2018,7,18.67
CTN_005,T2M,2018,8,17.54
CTN_005,T2M,2018,9,17.53
CTN_005,T2M,2018,10,17.13
CTN_005,T2M,2018,11,15.65
CTN_005,T2M,2018,12,14.54
CTN_005,T2M,2019,1,14.89
CTN_005,T2M,2019,2,17.62
CTN_005,T2M,2019,3,19.36
CTN_005,T2M,2019,4,20.36
CTN_005,T2M,2019,5,21.89
CTN_005,T2M,2019,6,20.14
CTN_005,T2M,2019,7,18.23
CTN_005,T2M,2019,8,18.44
CTN_005,T2M,2019,9,17.82
CTN_005,T2M,2019,10,17.23
CTN_005,T2M,2019,11,16.84
CTN_005,T2M,2019,12,15.45
CTN_005,T2M,2020,1,15.22
CTN_005,T2M,2020,2,17.55
CTN_005,T2M,2020,3,20.06
CTN_005,T2M,2020,4,21.87
CTN_005,T2M,2020,5,21.25
CTN_005,T2M,2020,6,20.59
CTN_005,T2M,2020,7,18.82
CTN_005,T2M,2020,8,18.03
CTN_005,T2M,2020,9,17.5
CTN_005,T2M,2020,10,16.5
CTN_005,T2M,2020,11,16.54
CTN_005,T2M,2020,12,15.68
CTN_005,T2M,2021,1,16.15
CTN_005,T2M,2021,2,16.7
CTN_005,T2M,2021,3,19.52
CTN_005,T2M,2021,4,20.77
CTN_005,T2M,2021,5,20.37
CTN_005,T2M,2021,6,18.24
CTN_005,T2M,2021,7,18.04
CTN_005,T2M,2021,8,17.88
CTN_005,T2M,2021,9,17.27
CTN_005,T2M,2021,10,17.34
CTN_005,T2M,2021,11,15.62
CTN_005,T2M,2021,12,15.97
CTN_005,T2M,2022,1,15.65
CTN_005,T2M,2022,2,16.67
CTN_005,T2M,2022,3,18.76
CTN_005,T2M,2022,4,21.25
CTN_005,T2M,2022,5,22.18
CTN_005,T2M,2022,6,19.62
CTN_005,T2M,2022,7,19.22
CTN_005,T2M,2022,8,18.27
CTN_005,T2M,2022,9,17.51
CTN_005,T2M,2022,10,17.54
CTN_005,T2M,2022,11,17.31
CTN_005,T2M,2022,12,15.1
CTN_005,T2M,2023,1,15.68
CTN_005,T2M,2023,2,17.19
CTN_005,T2M,2023,3,19.5
CTN_005,T2M,2023,4,20.54
CTN_005,T2M,2023,5,21.18
CTN_005,T2M,2023,6,23.27
CTN_005,T2M,2023,7,20.1
CTN_005,T2M,2023,8,19.13
CTN_005,T2M,2023,9,19.1
CTN_005,T2M,2023,10,18.35
CTN_005,T2M,2023,11,17.39
CTN_005,T2M,2023,12,14.95
CTN_005,T2M,2024,1,15.81
CTN_005,T2M,2024,2,17.58
CTN_005,T2M,2024,3,20.05
CTN_005,T2M,2024,4,21.94
CTN_005,T2M,2024,5,24.26
CTN_005,T2M,2024,6,22.05
CTN_005,T2M,2024,7,18.83
CTN_005,T2M,2024,8,18.67
CTN_005,T2M,2024,9,18.11
CTN_005,T2M,2024,10,16.51
CTN_005,T2M,2024,11,16.84
CTN_005,T2M,2024,12,15.45
CTN_005,T2M_MAX,2015,1,26.34
CTN_005,T2M_MAX,2015,2,28.99
CTN_005,T2M_MAX,2015,3,30.07
CTN_005,T2M_MAX,2015,4,31.26
CTN_005,T2M_MAX,2015,5,30.17
CTN_005,T2M_MAX,2015,6,28.08
CTN_005,T2M_MAX,2015,7,27.54
CTN_005,T2M_MAX,2015,8,27.05
CTN_005,T2M_MAX,2015,9,25.0
CTN_005,T2M_MAX,2015,10,27.39
CTN_005,T2M_MAX,2015,11,26.67
CTN_005,T2M_MAX,2015,12,26.85
CTN_005,T2M_MAX,2016,1,25.56
CTN_005,T2M_MAX,2016,2,28.77
CTN_005,T2M_MAX,2016,3,30.02
CTN_005,T2M_MAX,2016,4,32.42
CTN_005,T2M_MAX,2016,5,33.15
CTN_005,T2M_MAX,2016,6,27.82
CTN_005,T2M_MAX,2016,7,26.22
CTN_005,T2M_MAX,2016,8,25.7
CTN_005,T2M_MAX,2016,9,24.31
CTN_005,T2M_MAX,2016,10,25.49
CTN_005,T2M_MAX,2016,11,25.65
CTN_005,T2M_MAX,2016,12,25.91
CTN_005,T2M_MAX,2017,1,27.68
CTN_005,T2M_MAX,2017,2,28.47
CTN_005,T2M_MAX,2017,3,30.55
CTN_005,T2M_MAX,2017,4,32.77
CTN_005,T2M_MAX,2017,5,32.74
CTN_005,T2M_MAX,2017,6,30.32
CTN_005,T2M_MAX,2017,7,25.54
CTN_005,T2M_MAX,2017,8,26.73
CTN_005,T2M_MAX,2017,9,25.16
CTN_005,T2M_MAX,2017,10,25.57
CTN_005,T2M_MAX,2017,11,27.09
CTN_005,T2M_MAX,2017,12,25.9
CTN_005,T2M_MAX,2018,1,26.21
CTN_005,T2M_MAX,2018,2,28.04
CTN_005,T2M_MAX,2018,3,31.77
CTN_005,T2M_MAX,2018,4,31.71
CTN_005,T2M_MAX,2018,5,34.6
CTN_005,T2M_MAX,2018,6,32.57
CTN_005,T2M_MAX,2018,7,27.75
CTN_005,T2M_MAX,2018,8,25.75
CTN_005,T2M_MAX,2018,9,24.54
CTN_005,T2M_MAX,2018,10,24.58
CTN_005,T2M_MAX,2018,11,25.49
CTN_005,T2M_MAX,2018,12,24.7
CTN_005,T2M_MAX,2019,1,26.41
CTN_005,T2M_MAX,2019,2,29.48
CTN_005,T2M_MAX,2019,3,31.23
CTN_005,T2M_MAX,2019,4,33.64
CTN_005,T2M_MAX,2019,5,32.79
CTN_005,T2M_MAX,2019,6,31.57
CTN_005,T2M_MAX,2019,7,27.5
CTN_005,T2M_MAX,2019,8,26.39
CTN_005,T2M_MAX,2019,9,26.01
CTN_005,T2M_MAX,2019,10,25.55
CTN_005,T2M_MAX,2019,11,25.5
CTN_005,T2M_MAX,2019,12,26.89
CTN_005,T2M_MAX,2020,1,26.15
CTN_005,T2M_MAX,2020,2,30.83
CTN_005,T2M_MAX,2020,3,32.72
CTN_005,T2M_MAX,2020,4,32.3
CTN_005,T2M_MAX,2020,5,32.26
CTN_005,T2M_MAX,2020,6,32.9
CTN_005,T2M_MAX,2020,7,28.0
CTN_005,T2M_MAX,2020,8,26.17
CTN_005,T2M_MAX,2020,9,26.19
CTN_005,T2M_MAX,2020,10,26.56
CTN_005,T2M_MAX,2020,11,28.02
CTN_005,T2M_MAX,2020,12,26.42
CTN_005,T2M_MAX,2021,1,29.0
CTN_005,T2M_MAX,2021,2,29.45
CTN_005,T2M_MAX,2021,3,32.67
CTN_005,T2M_MAX,2021,4,32.24
CTN_005,T2M_MAX,2021,5,30.99
CTN_005,T2M_MAX,2021,6,30.16
CTN_005,T2M_MAX,2021,7,26.24
CTN_005,T2M_MAX,2021,8,25.81
CTN_005,T2M_MAX,2021,9,24.52
CTN_005,T2M_MAX,2021,10,26.39
CTN_005,T2M_MAX,2021,11,25.22
CTN_005,T2M_MAX,2021,12,27.56
CTN_005,T2M_MAX,2022,1,27.25
CTN_005,T2M_MAX,2022,2,29.37
CTN_005,T2M_MAX,2022,3,31.4
CTN_005,T2M_MAX,2022,4,34.11
CTN_005,T2M_MAX,2022,5,33.43
CTN_005,T2M_MAX,2022,6,31.79
CTN_005,T2M_MAX,2022,7,28.62
CTN_005,T2M_MAX,2022,8,26.73
CTN_005,T2M_MAX,2022,9,25.07
CTN_005,T2M_MAX,2022,10,26.97
CTN_005,T2M_MAX,2022,11,26.52
CTN_005,T2M_MAX,2022,12,26.3
CTN_005,T2M_MAX,2023,1,27.96
CTN_005,T2M_MAX,2023,2,30.05
CTN_005,T2M_MAX,2023,3,31.32
CTN_005,T2M_MAX,2023,4,33.28
CTN_005,T2M_MAX,2023,5,32.69
CTN_005,T2M_MAX,2023,6,34.65
CTN_005,T2M_MAX,2023,7,29.87
CTN_005,T2M_MAX,2023,8,28.73
CTN_005,T2M_MAX,2023,9,28.75
CTN_005,T2M_MAX,2023,10,27.05
CTN_005,T2M_MAX,2023,11,28.43
CTN_005,T2M_MAX,2023,12,24.65
CTN_005,T2M_MAX,2024,1,28.2
CTN_005,T2M_MAX,2024,2,31.56
CTN_005,T2M_MAX,2024,3,32.33
CTN_005,T2M_MAX,2024,4,33.46
CTN_005,T2M_MAX,2024,5,35.62
CTN_005,T2M_MAX,2024,6,35.07
CTN_005,T2M_MAX,2024,7,28.48
CTN_005,T2M_MAX,2024,8,25.45
CTN_005,T2M_MAX,2024,9,25.13
CTN_005,T2M_MAX,2024,10,24.96
CTN_005,T2M_MAX,2024,11,26.88
CTN_005,T2M_MAX,2024,12,26.39
CTN_005,WS10M,2015,1,2.15
CTN_005,WS10M,2015,2,2.11
CTN_005,WS10M,2015,3,2.22
CTN_005,WS10M,2015,4,2.36
CTN_005,WS10M,2015,5,1.52
CTN_005,WS10M,2015,6,1.71
CTN_005,WS10M,2015,7,1.75
CTN_005,WS10M,2015,8,1.57
CTN_005,WS10M,2015,9,1.61
CTN_005,WS10M,2015,10,1.97
CTN_005,WS10M,2015,11,1.67
CTN_005,WS10M,2015,12,2.01
CTN_005,WS10M,2016,1,2.11
CTN_005,WS10M,2016,2,2.24
CTN_005,WS10M,2016,3,2.57
CTN_005,WS10M,2016,4,2.36
CTN_005,WS10M,2016,5,1.79
CTN_005,WS10M,2016,6,1.59
CTN_005,WS10M,2016,7,1.54
CTN_005,WS10M,2016,8,1.58
CTN_005,WS10M,2016,9,1.39
CTN_005,WS10M,2016,10,1.76
CTN_005,WS10M,2016,11,1.8
CTN_005,WS10M,2016,12,2.0
CTN_005,WS10M,2017,1,2.08
CTN_005,WS10M,2017,2,2.34
CTN_005,WS10M,2017,3,1.97
CTN_005,WS10M,2017,4,2.24
CTN_005,WS10M,2017,5,1.74
CTN_005,WS10M,2017,6,1.52
CTN_005,WS10M,2017,7,1.42
CTN_005,WS10M,2017,8,1.57
CTN_005,WS10M,2017,9,1.59
CTN_005,WS10M,2017,10,2.0
CTN_005,WS10M,2017,11,1.82
CTN_005,WS10M,2017,12,1.96
CTN_005,WS10M,2018,1,2.22
CTN_005,WS10M,2018,2,2.01
CTN_005,WS10M,2018,3,2.12
CTN_005,WS10M,2018,4,2.06
CTN_005,WS10M,2018,5,1.44
CTN_005,WS10M,2018,6,1.93
CTN_005,WS10M,2018,7,1.38
CTN_005,WS10M,2018,8,1.42
CTN_005,WS10M,2018,9,1.54
CTN_005,WS10M,2018,10,1.67
CTN_005,WS10M,2018,11,1.67
CTN_005,WS10M,2018,12,1.92
CTN_005,WS10M,2019,1,1.93
CTN_005,WS10M,2019,2,2.05
CTN_005,WS10M,2019,3,2.27
CTN_005,WS10M,2019,4,2.45
CTN_005,WS10M,2019,5,2.23
CTN_005,WS10M,2019,6,1.75
CTN_005,WS10M,2019,7,1.45
CTN_005,WS10M,2019,8,1.56
CTN_005,WS10M,2019,9,1.56
CTN_005,WS10M,2019,10,1.73
CTN_005,WS10M,2019,11,1.71
CTN_005,WS10M,2019,12,1.95
CTN_005,WS10M,2020,1,2.16
CTN_005,WS10M,2020,2,2.21
CTN_005,WS10M,2020,3,2.07
CTN_005,WS10M,2020,4,2.35
CTN_005,WS10M,2020,5,2.12
CTN_005,WS10M,2020,6,1.68
CTN_005,WS10M,2020,7,1.69
CTN_005,WS10M,2020,8,1.64
CTN_005,WS10M,2020,9,1.65
CTN_005,WS10M,2020,10,2.08
CTN_005,WS10M,2020,11,2.47
CTN_005,WS10M,2020,12,1.98
CTN_005,WS10M,2021,1,2.03
CTN_005,WS10M,2021,2,2.27
CTN_005,WS10M,2021,3,1.98
CTN_005,WS10M,2021,4,2.52
CTN_005,WS10M,2021,5,1.89
CTN_005,WS10M,2021,6,1.93
CTN_005,WS10M,2021,7,1.7
CTN_005,WS10M,2021,8,1.7
CTN_005,WS10M,2021,9,1.63
CTN_005,WS10M,2021,10,1.67
CTN_005,WS10M,2021,11,1.73
CTN_005,WS10M,2021,12,1.91
CTN_005,WS10M,2022,1,1.97
CTN_005,WS10M,2022,2,2.15
CTN_005,WS10M,2022,3,2.37
CTN_005,WS10M,2022,4,1.96
CTN_005,WS10M,2022,5,1.91
CTN_005,WS10M,2022,6,1.87
CTN_005,WS10M,2022,7,1.51
CTN_005,WS10M,2022,8,1.53
CTN_005,WS10M,2022,9,1.68
CTN_005,WS10M,2022,10,1.66
CTN_005,WS10M,2022,11,1.66
CTN_005,WS10M,2022,12,2.04
CTN_005,WS10M,2023,1,2.12
CTN_005,WS10M,2023,2,2.28
CTN_005,WS10M,2023,3,2.22
CTN_005,WS10M,2023,4,2.42
CTN_005,WS10M,2023,5,1.86
CTN_005,WS10M,2023,6,2.01
CTN_005,WS10M,2023,7,1.72
CTN_005,WS10M,2023,8,1.71
CTN_005,WS10M,2023,9,1.55
CTN_005,WS10M,2023,10,1.86
CTN_005,WS10M,2023,11,1.79
CTN_005,WS10M,2023,12,1.84
CTN_005,WS10M,2024,1,2.04
CTN_005,WS10M,2024,2,2.32
CTN_005,WS10M,2024,3,2.68
CTN_005,WS10M,2024,4,2.55
CTN_005,WS10M,2024,5,2.2
CTN_005,WS10M,2024,6,1.93
CTN_005,WS10M,2024,7,1.64
CTN_005,WS10M,2024,8,1.47
CTN_005,WS10M,2024,9,1.72
CTN_005,WS10M,2024,10,1.91
CTN_005,WS10M,2024,11,1.84
CTN_005,WS10M,2024,12,1.97
CTN_006,ALLSKY_SFC_SW_DWN,2015,1,4.7508
CTN_006,ALLSKY_SFC_SW_DWN,2015,2,5.3208
CTN_006,ALLSKY_SFC_SW_DWN,2015,3,5.4641
CTN_006,ALLSKY_SFC_SW_DWN,2015,4,6.2458
CTN_006,ALLSKY_SFC_SW_DWN,2015,5,5.6299
CTN_006,ALLSKY_SFC_SW_DWN,2015,6,5.4175
CTN_006,ALLSKY_SFC_SW_DWN,2015,7,5.6215
CTN_006,ALLSKY_SFC_SW_DWN,2015,8,5.7571
CTN_006,ALLSKY_SFC_SW_DWN,2015,9,4.764
CTN_006,ALLSKY_SFC_SW_DWN,2015,10,4.7717
CTN_006,ALLSKY_SFC_SW_DWN,2015,11,4.5715
CTN_006,ALLSKY_SFC_SW_DWN,2015,12,4.3349
CTN_006,ALLSKY_SFC_SW_DWN,2016,1,4.4731
CTN_006,ALLSKY_SFC_SW_DWN,2016,2,5.7996
CTN_006,ALLSKY_SFC_SW_DWN,2016,3,5.783
CTN_006,ALLSKY_SFC_SW_DWN,2016,4,6.4438
CTN_006,ALLSKY_SFC_SW_DWN,2016,5,6.0991
CTN_006,ALLSKY_SFC_SW_DWN,2016,6,5.3364
CTN_006,ALLSKY_SFC_SW_DWN,2016,7,5.5618
CTN_006,ALLSKY_SFC_SW_DWN,2016,8,5.4989
CTN_006,ALLSKY_SFC_SW_DWN,2016,9,4.9848
CTN_006,ALLSKY_SFC_SW_DWN,2016,10,5.1895
CTN_006,ALLSKY_SFC_SW_DWN,2016,11,4.2552
CTN_006,ALLSKY_SFC_SW_DWN,2016,12,4.7664
CTN_006,ALLSKY_SFC_SW_DWN,2017,1,5.4298
CTN_006,ALLSKY_SFC_SW_DWN,2017,2,6.029
CTN_006,ALLSKY_SFC_SW_DWN,2017,3,6.1066
CTN_006,ALLSKY_SFC_SW_DWN,2017,4,6.5623
CTN_006,ALLSKY_SFC_SW_DWN,2017,5,5.8498
CTN_006,ALLSKY_SFC_SW_DWN,2017,6,6.0511
CTN_006,ALLSKY_SFC_SW_DWN,2017,7,5.2346
CTN_006,ALLSKY_SFC_SW_DWN,2017,8,5.4653
CTN_006,ALLSKY_SFC_SW_DWN,2017,9,4.5636
CTN_006,ALLSKY_SFC_SW_DWN,2017,10,4.9759
CTN_006,ALLSKY_SFC_SW_DWN,2017,11,5.7216
CTN_006,ALLSKY_SFC_SW_DWN,2017,12,5.0969
CTN_006,ALLSKY_SFC_SW_DWN,2018,1,4.8746
CTN_006,ALLSKY_SFC_SW_DWN,2018,2,5.2771
CTN_006,ALLSKY_SFC_SW_DWN,2018,3,6.5232
CTN_006,ALLSKY_SFC_SW_DWN,2018,4,6.2635
CTN_006,ALLSKY_SFC_SW_DWN,2018,5,6.667
CTN_006,ALLSKY_SFC_SW_DWN,2018,6,5.5061
CTN_006,ALLSKY_SFC_SW_DWN,2018,7,6.3139
CTN_006,ALLSKY_SFC_SW_DWN,2018,8,5.2738
CTN_006,ALLSKY_SFC_SW_DWN,2018,9,5.1235
CTN_006,ALLSKY_SFC_SW_DWN,2018,10,4.5278
CTN_006,ALLSKY_SFC_SW_DWN,2018,11,4.4136
CTN_006,ALLSKY_SFC_SW_DWN,2018,12,4.8046
CTN_006,ALLSKY_SFC_SW_DWN,2019,1,5.0897
CTN_006,ALLSKY_SFC_SW_DWN,2019,2,5.909
CTN_006,ALLSKY_SFC_SW_DWN,2019,3,6.6425
CTN_006,ALLSKY_SFC_SW_DWN,2019,4,6.8414
CTN_006,ALLSKY_SFC_SW_DWN,2019,5,6.6658
CTN_006,ALLSKY_SFC_SW_DWN,2019,6,5.6206
CTN_006,ALLSKY_SFC_SW_DWN,2019,7,5.5802
CTN_006,ALLSKY_SFC_SW_DWN,2019,8,6.1061
CTN_006,ALLSKY_SFC_SW_DWN,2019,9,5.2853
CTN_006,ALLSKY_SFC_SW_DWN,2019,10,4.783
CTN_006,ALLSKY_SFC_SW_DWN,2019,11,4.6627
CTN_006,ALLSKY_SFC_SW_DWN,2019,12,4.8295
CTN_006,ALLSKY_SFC_SW_DWN,2020,1,4.7842
CTN_006,ALLSKY_SFC_SW_DWN,2020,2,5.7804
CTN_006,ALLSKY_SFC_SW_DWN,2020,3,6.487
CTN_006,ALLSKY_SFC_SW_DWN,2020,4,6.6252
CTN_006,ALLSKY_SFC_SW_DWN,2020,5,6.6067
CTN_006,ALLSKY_SFC_SW_DWN,2020,6,6.3178
CTN_006,ALLSKY_SFC_SW_DWN,2020,7,5.8841
CTN_006,ALLSKY_SFC_SW_DWN,2020,8,5.4074
CTN_006,ALLSKY_SFC_SW_DWN,2020,9,4.6987
CTN_006,ALLSKY_SFC_SW_DWN,2020,10,6.1171
CTN_006,ALLSKY_SFC_SW_DWN,2020,11,5.3623
CTN_006,ALLSKY_SFC_SW_DWN,2020,12,4.6678
CTN_006,ALLSKY_SFC_SW_DWN,2021,1,4.8398
CTN_006,ALLSKY_SFC_SW_DWN,2021,2,6.2417
CTN_006,ALLSKY_SFC_SW_DWN,2021,3,6.6922
CTN_006,ALLSKY_SFC_SW_DWN,2021,4,6.6706
CTN_006,ALLSKY_SFC_SW_DWN,2021,5,6.433
CTN_006,ALLSKY_SFC_SW_DWN,2021,6,4.9097
CTN_006,ALLSKY_SFC_SW_DWN,2021,7,5.5243
CTN_006,ALLSKY_SFC_SW_DWN,2021,8,5.2222
CTN_006,ALLSKY_SFC_SW_DWN,2021,9,4.8137
CTN_006,ALLSKY_SFC_SW_DWN,2021,10,5.0614
CTN_006,ALLSKY_SFC_SW_DWN,2021,11,5.1442
CTN_006,ALLSKY_SFC_SW_DWN,2021,12,5.1089
CTN_006,ALLSKY_SFC_SW_DWN,2022,1,4.8974
CTN_006,ALLSKY_SFC_SW_DWN,2022,2,5.6712
CTN_006,ALLSKY_SFC_SW_DWN,2022,3,6.9802
CTN_006,ALLSKY_SFC_SW_DWN,2022,4,6.5791
CTN_006,ALLSKY_SFC_SW_DWN,2022,5,6.9931
CTN_006,ALLSKY_SFC_SW_DWN,2022,6,5.7725
CTN_006,ALLSKY_SFC_SW_DWN,2022,7,5.687
CTN_006,ALLSKY_SFC_SW_DWN,2022,8,5.2774
CTN_006,ALLSKY_SFC_SW_DWN,2022,9,4.8758
CTN_006,ALLSKY_SFC_SW_DWN,2022,10,4.8605
CTN_006,ALLSKY_SFC_SW_DWN,2022,11,4.866
CTN_006,ALLSKY_SFC_SW_DWN,2022,12,4.709
CTN_006,ALLSKY_SFC_SW_DWN,2023,1,5.2846
CTN_006,ALLSKY_SFC_SW_DWN,2023,2,6.0778
CTN_006,ALLSKY_SFC_SW_DWN,2023,3,6.3878
CTN_006,ALLSKY_SFC_SW_DWN,2023,4,6.6314
CTN_006,ALLSKY_SFC_SW_DWN,2023,5,5.7439
CTN_006,ALLSKY_SFC_SW_DWN,2023,6,6.9974
CTN_006,ALLSKY_SFC_SW_DWN,2023,7,5.7146
CTN_006,ALLSKY_SFC_SW_DWN,2023,8,5.2466
CTN_006,ALLSKY_SFC_SW_DWN,2023,9,6.2599
CTN_006,ALLSKY_SFC_SW_DWN,2023,10,4.6872
CTN_006,ALLSKY_SFC_SW_DWN,2023,11,4.7638
CTN_006,ALLSKY_SFC_SW_DWN,2023,12,3.9398
CTN_006,ALLSKY_SFC_SW_DWN,2024,1,4.6565
CTN_006,ALLSKY_SFC_SW_DWN,2024,2,5.9844
CTN_006,ALLSKY_SFC_SW_DWN,2024,3,7.0416
CTN_006,ALLSKY_SFC_SW_DWN,2024,4,6.9038
CTN_006,ALLSKY_SFC_SW_DWN,2024,5,6.8026
CTN_006,ALLSKY_SFC_SW_DWN,2024,6,5.8471
CTN_006,ALLSKY_SFC_SW_DWN,2024,7,5.0155
CTN_006,ALLSKY_SFC_SW_DWN,2024,8,5.5159
CTN_006,ALLSKY_SFC_SW_DWN,2024,9,4.3798
CTN_006,ALLSKY_SFC_SW_DWN,2024,10,4.8449
CTN_006,ALLSKY_SFC_SW_DWN,2024,11,5.1413
CTN_006,ALLSKY_SFC_SW_DWN,2024,12,4.8437
CTN_006,PRECTOTCORR,2015,1,0.03
CTN_006,PRECTOTCORR,2015,2,0.13
CTN_006,PRECTOTCORR,2015,3,1.59
CTN_006,PRECTOTCORR,2015,4,0.46
CTN_006,PRECTOTCORR,2015,5,4.17
CTN_006,PRECTOTCORR,2015,6,4.03
CTN_006,PRECTOTCORR,2015,7,4.22
CTN_006,PRECTOTCORR,2015,8,4.58
CTN_006,PRECTOTCORR,2015,9,6.18
CTN_006,PRECTOTCORR,2015,10,1.82
CTN_006,PRECTOTCORR,2015,11,0.73
CTN_006,PRECTOTCORR,2015,12,0.15
CTN_006,PRECTOTCORR,2016,1,0.27
CTN_006,PRECTOTCORR,2016,2,0.11
CTN_006,PRECTOTCORR,2016,3,1.46
CTN_006,PRECTOTCORR,2016,4,0.84
CTN_006,PRECTOTCORR,2016,5,2.25
CTN_006,PRECTOTCORR,2016,6,6.85
CTN_006,PRECTOTCORR,2016,7,6.45
CTN_006,PRECTOTCORR,2016,8,7.01
CTN_006,PRECTOTCORR,2016,9,6.34
CTN_006,PRECTOTCORR,2016,10,1.1
CTN_006,PRECTOTCORR,2016,11,1.44
CTN_006,PRECTOTCORR,2016,12,0.07
CTN_006,PRECTOTCORR,2017,1,0.0
CTN_006,PRECTOTCORR,2017,2,0.01
CTN_006,PRECTOTCORR,2017,3,0.49
CTN_006,PRECTOTCORR,2017,4,0.47
CTN_006,PRECTOTCORR,2017,5,3.27
CTN_006,PRECTOTCORR,2017,6,5.26
CTN_006,PRECTOTCORR,2017,7,5.91
CTN_006,PRECTOTCORR,2017,8,7.37
CTN_006,PRECTOTCORR,2017,9,6.97
CTN_006,PRECTOTCORR,2017,10,1.7
CTN_006,PRECTOTCORR,2017,11,0.08
CTN_006,PRECTOTCORR,2017,12,0.01
CTN_006,PRECTOTCORR,2018,1,0.23
CTN_006,PRECTOTCORR,2018,2,0.31
CTN_006,PRECTOTCORR,2018,3,0.23
CTN_006,PRECTOTCORR,2018,4,1.51
CTN_006,PRECTOTCORR,2018,5,2.92
CTN_006,PRECTOTCORR,2018,6,8.05
CTN_006,PRECTOTCORR,2018,7,2.72
CTN_006,PRECTOTCORR,2018,8,8.15
CTN_006,PRECTOTCORR,2018,9,5.91
CTN_006,PRECTOTCORR,2018,10,3.69
CTN_006,PRECTOTCORR,2018,11,1.55
CTN_006,PRECTOTCORR,2018,12,0.1
CTN_006,PRECTOTCORR,2019,1,0.08
CTN_006,PRECTOTCORR,2019,2,0.13
CTN_006,PRECTOTCORR,2019,3,0.18
CTN_006,PRECTOTCORR,2019,4,0.2
CTN_006,PRECTOTCORR,2019,5,1.57
CTN_006,PRECTOTCORR,2019,6,5.45
CTN_006,PRECTOTCORR,2019,7,5.75
CTN_006,PRECTOTCORR,2019,8,5.08
CTN_006,PRECTOTCORR,2019,9,5.34
CTN_006,PRECTOTCORR,2019,10,4.64
CTN_006,PRECTOTCORR,2019,11,0.9
CTN_006,PRECTOTCORR,2019,12,0.01
CTN_006,PRECTOTCORR,2020,1,0.22
CTN_006,PRECTOTCORR,2020,2,0.19
CTN_006,PRECTOTCORR,2020,3,0.4
CTN_006,PRECTOTCORR,2020,4,0.75
CTN_006,PRECTOTCORR,2020,5,0.99
CTN_006,PRECTOTCORR,2020,6,4.05
CTN_006,PRECTOTCORR,2020,7,5.99
CTN_006,PRECTOTCORR,2020,8,6.12
CTN_006,PRECTOTCORR,2020,9,6.35
CTN_006,PRECTOTCORR,2020,10,0.9
CTN_006,PRECTOTCORR,2020,11,0.07
CTN_006,PRECTOTCORR,2020,12,0.08
CTN_006,PRECTOTCORR,2021,1,0.22
CTN_006,PRECTOTCORR,2021,2,0.3
CTN_006,PRECTOTCORR,2021,3,0.68
CTN_006,PRECTOTCORR,2021,4,0.39
CTN_006,PRECTOTCORR,2021,5,3.2
CTN_006,PRECTOTCORR,2021,6,7.13
CTN_006,PRECTOTCORR,2021,7,4.83
CTN_006,PRECTOTCORR,2021,8,6.49
CTN_006,PRECTOTCORR,2021,9,6.72
CTN_006,PRECTOTCORR,2021,10,2.19
CTN_006,PRECTOTCORR,2021,11,0.17
CTN_006,PRECTOTCORR,2021,12,0.03
CTN_006,PRECTOTCORR,2022,1,0.31
CTN_006,PRECTOTCORR,2022,2,0.1
CTN_006,PRECTOTCORR,2022,3,0.16
CTN_006,PRECTOTCORR,2022,4,1.16
CTN_006,PRECTOTCORR,2022,5,1.06
CTN_006,PRECTOTCORR,2022,6,4.69
CTN_006,PRECTOTCORR,2022,7,5.32
CTN_006,PRECTOTCORR,2022,8,5.69
CTN_006,PRECTOTCORR,2022,9,5.64
CTN_006,PRECTOTCORR,2022,10,2.02
CTN_006,PRECTOTCORR,2022,11,0.43
CTN_006,PRECTOTCORR,2022,12,0.15
CTN_006,PRECTOTCORR,2023,1,0.01
CTN_006,PRECTOTCORR,2023,2,0.01
CTN_006,PRECTOTCORR,2023,3,0.39
CTN_006,PRECTOTCORR,2023,4,1.29
CTN_006,PRECTOTCORR,2023,5,1.37
CTN_006,PRECTOTCORR,2023,6,0.42
CTN_006,PRECTOTCORR,2023,7,5.08
CTN_006,PRECTOTCORR,2023,8,5.71
CTN_006,PRECTOTCORR,2023,9,3.1
CTN_006,PRECTOTCORR,2023,10,3.4
CTN_006,PRECTOTCORR,2023,11,2.23
CTN_006,PRECTOTCORR,2023,12,0.29
CTN_006,PRECTOTCORR,2024,1,0.05
CTN_006,PRECTOTCORR,2024,2,0.54
CTN_006,PRECTOTCORR,2024,3,0.0
CTN_006,PRECTOTCORR,2024,4,0.23
CTN_006,PRECTOTCORR,2024,5,0.96
CTN_006,PRECTOTCORR,2024,6,4.14
CTN_006,PRECTOTCORR,2024,7,8.57
CTN_006,PRECTOTCORR,2024,8,7.59
CTN_006,PRECTOTCORR,2024,9,8.74
CTN_006,PRECTOTCORR,2024,10,2.28
CTN_006,PRECTOTCORR,2024,11,0.4
CTN_006,PRECTOTCORR,2024,12,0.08
CTN_006,T2M,2015,1,14.83
CTN_006,T2M,2015,2,16.02
CTN_006,T2M,2015,3,17.32
CTN_006,T2M,2015,4,20.6
CTN_006,T2M,2015,5,19.65
CTN_006,T2M,2015,6,18.6
CTN_006,T2M,2015,7,18.15
CTN_006,T2M,2015,8,18.39
CTN_006,T2M,2015,9,17.24
CTN_006,T2M,2015,10,17.39
CTN_006,T2M,2015,11,17.73
CTN_006,T2M,2015,12,16.32
CTN_006,T2M,2016,1,14.06
CTN_006,T2M,2016,2,16.18
CTN_006,T2M,2016,3,17.16
CTN_006,T2M,2016,4,20.42
CTN_006,T2M,2016,5,22.12
CTN_006,T2M,2016,6,18.83
CTN_006,T2M,2016,7,18.2
CTN_006,T2M,2016,8,18.02
CTN_006,T2M,2016,9,17.5
CTN_006,T2M,2016,10,17.01
CTN_006,T2M,2016,11,15.76
CTN_006,T2M,2016,12,16.0
CTN_006,T2M,2017,1,15.1
CTN_006,T2M,2017,2,16.44
CTN_006,T2M,2017,3,18.72
CTN_006,T2M,2017,4,20.14
CTN_006,T2M,2017,5,21.47
CTN_006,T2M,2017,6,19.64
CTN_006,T2M,2017,7,17.86
CTN_006,T2M,2017,8,18.22
CTN_006,T2M,2017,9,17.25
CTN_006,T2M,2017,10,16.67
CTN_006,T2M,2017,11,15.67
CTN_006,T2M,2017,12,14.72
CTN_006,T2M,2018,1,14.11
CTN_006,T2M,2018,2,17.2
CTN_006,T2M,2018,3,19.68
CTN_006,T2M,2018,4,20.32
CTN_006,T2M,2018,5,20.65
CTN_006,T2M,2018,6,18.56
CTN_006,T2M,2018,7,18.67
CTN_006,T2M,2018,8,17.54
CTN_006,T2M,2018,9,17.53
CTN_006,T2M,2018,10,17.13
CTN_006,T2M,2018,11,15.65
CTN_006,T2M,2018,12,14.54
CTN_006,T2M,2019,1,14.89
CTN_006,T2M,2019,2,17.62
CTN_006,T2M,2019,3,19.36
CTN_006,T2M,2019,4,20.36
CTN_006,T2M,2019,5,21.89
CTN_006,T2M,2019,6,20.14
CTN_006,T2M,2019,7,18.23
CTN_006,T2M,2019,8,18.44
CTN_006,T2M,2019,9,17.82
CTN_006,T2M,2019,10,17.23
CTN_006,T2M,2019,11,16.84
CTN_006,T2M,2019,12,15.45
CTN_006,T2M,2020,1,15.22
CTN_006,T2M,2020,2,17.55
CTN_006,T2M,2020,3,20.06
CTN_006,T2M,2020,4,21.87
CTN_006,T2M,2020,5,21.25
CTN_006,T2M,2020,6,20.59
CTN_006,T2M,2020,7,18.82
CTN_006,T2M,2020,8,18.03
CTN_006,T2M,2020,9,17.5
CTN_006,T2M,2020,10,16.5
CTN_006,T2M,2020,11,16.54
CTN_006,T2M,2020,12,15.68
CTN_006,T2M,2021,1,16.15
CTN_006,T2M,2021,2,16.7
CTN_006,T2M,2021,3,19.52
CTN_006,T2M,2021,4,20.77
CTN_006,T2M,2021,5,20.37
CTN_006,T2M,2021,6,18.24
CTN_006,T2M,2021,7,18.04
CTN_006,T2M,2021,8,17.88
CTN_006,T2M,2021,9,17.27
CTN_006,T2M,2021,10,17.34
CTN_006,T2M,2021,11,15.62
CTN_006,T2M,2021,12,15.97
CTN_006,T2M,2022,1,15.65
CTN_006,T2M,2022,2,16.67
CTN_006,T2M,2022,3,18.76
CTN_006,T2M,2022,4,21.25
CTN_006,T2M,2022,5,22.18
CTN_006,T2M,2022,6,19.62
CTN_006,T2M,2022,7,19.22
CTN_006,T2M,2022,8,18.27
CTN_006,T2M,2022,9,17.51
CTN_006,T2M,2022,10,17.54
CTN_006,T2M,2022,11,17.31
CTN_006,T2M,2022,12,15.1
CTN_006,T2M,2023,1,15.68
CTN_006,T2M,2023,2,17.19
CTN_006,T2M,2023,3,19.5
CTN_006,T2M,2023,4,20.54
CTN_006,T2M,2023,5,21.18
CTN_006,T2M,2023,6,23.27
CTN_006,T2M,2023,7,20.1
CTN_006,T2M,2023,8,19.13
CTN_006,T2M,2023,9,19.1
CTN_006,T2M,2023,10,18.35
CTN_006,T2M,2023,11,17.39
CTN_006,T2M,2023,12,14.95
CTN_006,T2M,2024,1,15.81
CTN_006,T2M,2024,2,17.58
CTN_006,T2M,2024,3,20.05
CTN_006,T2M,2024,4,21.94
CTN_006,T2M,2024,5,24.26
CTN_006,T2M,2024,6,22.05
CTN_006,T2M,2024,7,18.83
CTN_006,T2M,2024,8,18.67
CTN_006,T2M,2024,9,18.11
CTN_006,T2M,2024,10,16.51
CTN_006,T2M,2024,11,16.84
CTN_006,T2M,2024,12,15.45
CTN_006,T2M_MAX,2015,1,26.34
CTN_006,T2M_MAX,2015,2,28.99
CTN_006,T2M_MAX,2015,3,30.07
CTN_006,T2M_MAX,2015,4,31.26
CTN_006,T2M_MAX,2015,5,30.17
CTN_006,T2M_MAX,2015,6,28.08
CTN_006,T2M_MAX,2015,7,27.54
CTN_006,T2M_MAX,2015,8,27.05
CTN_006,T2M_MAX,2015,9,25.0
CTN_006,T2M_MAX,2015,10,27.39
CTN_006,T2M_MAX,2015,11,26.67
CTN_006,T2M_MAX,2015,12,26.85
CTN_006,T2M_MAX,2016,1,25.56
CTN_006,T2M_MAX,2016,2,28.77
CTN_006,T2M_MAX,2016,3,30.02
CTN_006,T2M_MAX,2016,4,32.42
CTN_006,T2M_MAX,2016,5,33.15
CTN_006,T2M_MAX,2016,6,27.82
CTN_006,T2M_MAX,2016,7,26.22
CTN_006,T2M_MAX,2016,8,25.7
CTN_006,T2M_MAX,2016,9,24.31
CTN_006,T2M_MAX,2016,10,25.49
CTN_006,T2M_MAX,2016,11,25.65
CTN_006,T2M_MAX,2016,12,25.91
CTN_006,T2M_MAX,2017,1,27.68
CTN_006,T2M_MAX,2017,2,28.47
CTN_006,T2M_MAX,2017,3,30.55
CTN_006,T2M_MAX,2017,4,32.77
CTN_006,T2M_MAX,2017,5,32.74
CTN_006,T2M_MAX,2017,6,30.32
CTN_006,T2M_MAX,2017,7,25.54
CTN_006,T2M_MAX,2017,8,26.73
CTN_006,T2M_MAX,2017,9,25.16
CTN_006,T2M_MAX,2017,10,25.57
CTN_006,T2M_MAX,2017,11,27.09
CTN_006,T2M_MAX,2017,12,25.9
CTN_006,T2M_MAX,2018,1,26.21
CTN_006,T2M_MAX,2018,2,28.04
CTN_006,T2M_MAX,2018,3,31.77
CTN_006,T2M_MAX,2018,4,31.71
CTN_006,T2M_MAX,2018,5,34.6
CTN_006,T2M_MAX,2018,6,32.57
CTN_006,T2M_MAX,2018,7,27.75
CTN_006,T2M_MAX,2018,8,25.75
CTN_006,T2M_MAX,2018,9,24.54
CTN_006,T2M_MAX,2018,10,24.58
CTN_006,T2M_MAX,2018,11,25.49
CTN_006,T2M_MAX,2018,12,24.7
CTN_006,T2M_MAX,2019,1,26.41
CTN_006,T2M_MAX,2019,2,29.48
CTN_006,T2M_MAX,2019,3,31.23
CTN_006,T2M_MAX,2019,4,33.64
CTN_006,T2M_MAX,2019,5,32.79
CTN_006,T2M_MAX,2019,6,31.57
CTN_006,T2M_MAX,2019,7,27.5
CTN_006,T2M_MAX,2019,8,26.39
CTN_006,T2M_MAX,2019,9,26.01
CTN_006,T2M_MAX,2019,10,25.55
CTN_006,T2M_MAX,2019,11,25.5
CTN_006,T2M_MAX,2019,12,26.89
CTN_006,T2M_MAX,2020,1,26.15
CTN_006,T2M_MAX,2020,2,30.83
CTN_006,T2M_MAX,2020,3,32.72
CTN_006,T2M_MAX,2020,4,32.3
CTN_006,T2M_MAX,2020,5,32.26
CTN_006,T2M_MAX,2020,6,32.9
CTN_006,T2M_MAX,2020,7,28.0
CTN_006,T2M_MAX,2020,8,26.17
CTN_006,T2M_MAX,2020,9,26.19
CTN_006,T2M_MAX,2020,10,26.56
CTN_006,T2M_MAX,2020,11,28.02
CTN_006,T2M_MAX,2020,12,26.42
CTN_006,T2M_MAX,2021,1,29.0
CTN_006,T2M_MAX,2021,2,29.45
CTN_006,T2M_MAX,2021,3,32.67
CTN_006,T2M_MAX,2021,4,32.24
CTN_006,T2M_MAX,2021,5,30.99
CTN_006,T2M_MAX,2021,6,30.16
CTN_006,T2M_MAX,2021,7,26.24
CTN_006,T2M_MAX,2021,8,25.81
CTN_006,T2M_MAX,2021,9,24.52
CTN_006,T2M_MAX,2021,10,26.39
CTN_006,T2M_MAX,2021,11,25.22
CTN_006,T2M_MAX,2021,12,27.56
CTN_006,T2M_MAX,2022,1,27.25
CTN_006,T2M_MAX,2022,2,29.37
CTN_006,T2M_MAX,2022,3,31.4
CTN_006,T2M_MAX,2022,4,34.11
CTN_006,T2M_MAX,2022,5,33.43
CTN_006,T2M_MAX,2022,6,31.79
CTN_006,T2M_MAX,2022,7,28.62
CTN_006,T2M_MAX,2022,8,26.73
CTN_006,T2M_MAX,2022,9,25.07
CTN_006,T2M_MAX,2022,10,26.97
CTN_006,T2M_MAX,2022,11,26.52
CTN_006,T2M_MAX,2022,12,26.3
CTN_006,T2M_MAX,2023,1,27.96
CTN_006,T2M_MAX,2023,2,30.05
CTN_006,T2M_MAX,2023,3,31.32
CTN_006,T2M_MAX,2023,4,33.28
CTN_006,T2M_MAX,2023,5,32.69
CTN_006,T2M_MAX,2023,6,34.65
CTN_006,T2M_MAX,2023,7,29.87
CTN_006,T2M_MAX,2023,8,28.73
CTN_006,T2M_MAX,2023,9,28.75
CTN_006,T2M_MAX,2023,10,27.05
CTN_006,T2M_MAX,2023,11,28.43
CTN_006,T2M_MAX,2023,12,24.65
CTN_006,T2M_MAX,2024,1,28.2
CTN_006,T2M_MAX,2024,2,31.56
CTN_006,T2M_MAX,2024,3,32.33
CTN_006,T2M_MAX,2024,4,33.46
CTN_006,T2M_MAX,2024,5,35.62
CTN_006,T2M_MAX,2024,6,35.07
CTN_006,T2M_MAX,2024,7,28.48
CTN_006,T2M_MAX,2024,8,25.45
CTN_006,T2M_MAX,2024,9,25.13
CTN_006,T2M_MAX,2024,10,24.96
CTN_006,T2M_MAX,2024,11,26.88
CTN_006,T2M_MAX,2024,12,26.39
CTN_006,WS10M,2015,1,2.15
CTN_006,WS10M,2015,2,2.11
CTN_006,WS10M,2015,3,2.22
CTN_006,WS10M,2015,4,2.36
CTN_006,WS10M,2015,5,1.52
CTN_006,WS10M,2015,6,1.71
CTN_006,WS10M,2015,7,1.75
CTN_006,WS10M,2015,8,1.57
CTN_006,WS10M,2015,9,1.61
CTN_006,WS10M,2015,10,1.97
CTN_006,WS10M,2015,11,1.67
CTN_006,WS10M,2015,12,2.01
CTN_006,WS10M,2016,1,2.11
CTN_006,WS10M,2016,2,2.24
CTN_006,WS10M,2016,3,2.57
CTN_006,WS10M,2016,4,2.36
CTN_006,WS10M,2016,5,1.79
CTN_006,WS10M,2016,6,1.59
CTN_006,WS10M,2016,7,1.54
CTN_006,WS10M,2016,8,1.58
CTN_006,WS10M,2016,9,1.39
CTN_006,WS10M,2016,10,1.76
CTN_006,WS10M,2016,11,1.8
CTN_006,WS10M,2016,12,2.0
CTN_006,WS10M,2017,1,2.08
CTN_006,WS10M,2017,2,2.34
CTN_006,WS10M,2017,3,1.97
CTN_006,WS10M,2017,4,2.24
CTN_006,WS10M,2017,5,1.74
CTN_006,WS10M,2017,6,1.52
CTN_006,WS10M,2017,7,1.42
CTN_006,WS10M,2017,8,1.57
CTN_006,WS10M,2017,9,1.59
CTN_006,WS10M,2017,10,2.0
CTN_006,WS10M,2017,11,1.82
CTN_006,WS10M,2017,12,1.96
CTN_006,WS10M,2018,1,2.22
CTN_006,WS10M,2018,2,2.01
CTN_006,WS10M,2018,3,2.12
CTN_006,WS10M,2018,4,2.06
CTN_006,WS10M,2018,5,1.44
CTN_006,WS10M,2018,6,1.93
CTN_006,WS10M,2018,7,1.38
CTN_006,WS10M,2018,8,1.42
CTN_006,WS10M,2018,9,1.54
CTN_006,WS10M,2018,10,1.67
CTN_006,WS10M,2018,11,1.67
CTN_006,WS10M,2018,12,1.92
CTN_006,WS10M,2019,1,1.93
CTN_006,WS10M,2019,2,2.05
CTN_006,WS10M,2019,3,2.27
CTN_006,WS10M,2019,4,2.45
CTN_006,WS10M,2019,5,2.23
CTN_006,WS10M,2019,6,1.75
CTN_006,WS10M,2019,7,1.45
CTN_006,WS10M,2019,8,1.56
CTN_006,WS10M,2019,9,1.56
CTN_006,WS10M,2019,10,1.73
CTN_006,WS10M,2019,11,1.71
CTN_006,WS10M,2019,12,1.95
CTN_006,WS10M,2020,1,2.16
CTN_006,WS10M,2020,2,2.21
CTN_006,WS10M,2020,3,2.07
CTN_006,WS10M,2020,4,2.35
CTN_006,WS10M,2020,5,2.12
CTN_006,WS10M,2020,6,1.68
CTN_006,WS10M,2020,7,1.69
CTN_006,WS10M,2020,8,1.64
CTN_006,WS10M,2020,9,1.65
CTN_006,WS10M,2020,10,2.08
CTN_006,WS10M,2020,11,2.47
CTN_006,WS10M,2020,12,1.98
CTN_006,WS10M,2021,1,2.03
CTN_006,WS10M,2021,2,2.27
CTN_006,WS10M,2021,3,1.98
CTN_006,WS10M,2021,4,2.52
CTN_006,WS10M,2021,5,1.89
CTN_006,WS10M,2021,6,1.93
CTN_006,WS10M,2021,7,1.7
CTN_006,WS10M,2021,8,1.7
CTN_006,WS10M,2021,9,1.63
CTN_006,WS10M,2021,10,1.67
CTN_006,WS10M,2021,11,1.73
CTN_006,WS10M,2021,12,1.91
CTN_006,WS10M,2022,1,1.97
CTN_006,WS10M,2022,2,2.15
CTN_006,WS10M,2022,3,2.37
CTN_006,WS10M,2022,4,1.96
CTN_006,WS10M,2022,5,1.91
CTN_006,WS10M,2022,6,1.87
CTN_006,WS10M,2022,7,1.51
CTN_006,WS10M,2022,8,1.53
CTN_006,WS10M,2022,9,1.68
CTN_006,WS10M,2022,10,1.66
CTN_006,WS10M,2022,11,1.66
CTN_006,WS10M,2022,12,2.04
CTN_006,WS10M,2023,1,2.12
CTN_006,WS10M,2023,2,2.28
CTN_006,WS10M,2023,3,2.22
CTN_006,WS10M,2023,4,2.42
CTN_006,WS10M,2023,5,1.86
CTN_006,WS10M,2023,6,2.01
CTN_006,WS10M,2023,7,1.72
CTN_006,WS10M,2023,8,1.71
CTN_006,WS10M,2023,9,1.55
CTN_006,WS10M,2023,10,1.86
CTN_006,WS10M,2023,11,1.79
CTN_006,WS10M,2023,12,1.84
CTN_006,WS10M,2024,1,2.04
CTN_006,WS10M,2024,2,2.32
CTN_006,WS10M,2024,3,2.68
CTN_006,WS10M,2024,4,2.55
CTN_006,WS10M,2024,5,2.2
CTN_006,WS10M,2024,6,1.93
CTN_006,WS10M,2024,7,1.64
CTN_006,WS10M,2024,8,1.47
CTN_006,WS10M,2024,9,1.72
CTN_006,WS10M,2024,10,1.91
CTN_006,WS10M,2024,11,1.84
CTN_006,WS10M,2024,12,1.97
CTN_007,ALLSKY_SFC_SW_DWN,2015,1,4.7508
CTN_007,ALLSKY_SFC_SW_DWN,2015,2,5.3208
CTN_007,ALLSKY_SFC_SW_DWN,2015,3,5.4641
CTN_007,ALLSKY_SFC_SW_DWN,2015,4,6.2458
CTN_007,ALLSKY_SFC_SW_DWN,2015,5,5.6299
CTN_007,ALLSKY_SFC_SW_DWN,2015,6,5.4175
CTN_007,ALLSKY_SFC_SW_DWN,2015,7,5.6215
CTN_007,ALLSKY_SFC_SW_DWN,2015,8,5.7571
CTN_007,ALLSKY_SFC_SW_DWN,2015,9,4.764
CTN_007,ALLSKY_SFC_SW_DWN,2015,10,4.7717
CTN_007,ALLSKY_SFC_SW_DWN,2015,11,4.5715
CTN_007,ALLSKY_SFC_SW_DWN,2015,12,4.3349
CTN_007,ALLSKY_SFC_SW_DWN,2016,1,4.4731
CTN_007,ALLSKY_SFC_SW_DWN,2016,2,5.7996
CTN_007,ALLSKY_SFC_SW_DWN,2016,3,5.783
CTN_007,ALLSKY_SFC_SW_DWN,2016,4,6.4438
CTN_007,ALLSKY_SFC_SW_DWN,2016,5,6.0991
CTN_007,ALLSKY_SFC_SW_DWN,2016,6,5.3364
CTN_007,ALLSKY_SFC_SW_DWN,2016,7,5.5618
CTN_007,ALLSKY_SFC_SW_DWN,2016,8,5.4989
CTN_007,ALLSKY_SFC_SW_DWN,2016,9,4.9848
CTN_007,ALLSKY_SFC_SW_DWN,2016,10,5.1895
CTN_007,ALLSKY_SFC_SW_DWN,2016,11,4.2552
CTN_007,ALLSKY_SFC_SW_DWN,2016,12,4.7664
CTN_007,ALLSKY_SFC_SW_DWN,2017,1,5.4298
CTN_007,ALLSKY_SFC_SW_DWN,2017,2,6.029
CTN_007,ALLSKY_SFC_SW_DWN,2017,3,6.1066
CTN_007,ALLSKY_SFC_SW_DWN,2017,4,6.5623
CTN_007,ALLSKY_SFC_SW_DWN,2017,5,5.8498
CTN_007,ALLSKY_SFC_SW_DWN,2017,6,6.0511
CTN_007,ALLSKY_SFC_SW_DWN,2017,7,5.2346
CTN_007,ALLSKY_SFC_SW_DWN,2017,8,5.4653
CTN_007,ALLSKY_SFC_SW_DWN,2017,9,4.5636
CTN_007,ALLSKY_SFC_SW_DWN,2017,10,4.9759
CTN_007,ALLSKY_SFC_SW_DWN,2017,11,5.7216
CTN_007,ALLSKY_SFC_SW_DWN,2017,12,5.0969
CTN_007,ALLSKY_SFC_SW_DWN,2018,1,4.8746
CTN_007,ALLSKY_SFC_SW_DWN,2018,2,5.2771
CTN_007,ALLSKY_SFC_SW_DWN,2018,3,6.5232
CTN_007,ALLSKY_SFC_SW_DWN,2018,4,6.2635
CTN_007,ALLSKY_SFC_SW_DWN,2018,5,6.667
CTN_007,ALLSKY_SFC_SW_DWN,2018,6,5.5061
CTN_007,ALLSKY_SFC_SW_DWN,2018,7,6.3139
CTN_007,ALLSKY_SFC_SW_DWN,2018,8,5.2738
CTN_007,ALLSKY_SFC_SW_DWN,2018,9,5.1235
CTN_007,ALLSKY_SFC_SW_DWN,2018,10,4.5278
CTN_007,ALLSKY_SFC_SW_DWN,2018,11,4.4136
CTN_007,ALLSKY_SFC_SW_DWN,2018,12,4.8046
CTN_007,ALLSKY_SFC_SW_DWN,2019,1,5.0897
CTN_007,ALLSKY_SFC_SW_DWN,2019,2,5.909
CTN_007,ALLSKY_SFC_SW_DWN,2019,3,6.6425
CTN_007,ALLSKY_SFC_SW_DWN,2019,4,6.8414
CTN_007,ALLSKY_SFC_SW_DWN,2019,5,6.6658
CTN_007,ALLSKY_SFC_SW_DWN,2019,6,5.6206
CTN_007,ALLSKY_SFC_SW_DWN,2019,7,5.5802
CTN_007,ALLSKY_SFC_SW_DWN,2019,8,6.1061
CTN_007,ALLSKY_SFC_SW_DWN,2019,9,5.2853
CTN_007,ALLSKY_SFC_SW_DWN,2019,10,4.783
CTN_007,ALLSKY_SFC_SW_DWN,2019,11,4.6627
CTN_007,ALLSKY_SFC_SW_DWN,2019,12,4.8295
CTN_007,ALLSKY_SFC_SW_DWN,2020,1,4.7842
CTN_007,ALLSKY_SFC_SW_DWN,2020,2,5.7804
CTN_007,ALLSKY_SFC_SW_DWN,2020,3,6.487
CTN_007,ALLSKY_SFC_SW_DWN,2020,4,6.6252
CTN_007,ALLSKY_SFC_SW_DWN,2020,5,6.6067
CTN_007,ALLSKY_SFC_SW_DWN,2020,6,6.3178
CTN_007,ALLSKY_SFC_SW_DWN,2020,7,5.8841
CTN_007,ALLSKY_SFC_SW_DWN,2020,8,5.4074
CTN_007,ALLSKY_SFC_SW_DWN,2020,9,4.6987
CTN_007,ALLSKY_SFC_SW_DWN,2020,10,6.1171
CTN_007,ALLSKY_SFC_SW_DWN,2020,11,5.3623
CTN_007,ALLSKY_SFC_SW_DWN,2020,12,4.6678
CTN_007,ALLSKY_SFC_SW_DWN,2021,1,4.8398
CTN_007,ALLSKY_SFC_SW_DWN,2021,2,6.2417
CTN_007,ALLSKY_SFC_SW_DWN,2021,3,6.6922
CTN_007,ALLSKY_SFC_SW_DWN,2021,4,6.6706
CTN_007,ALLSKY_SFC_SW_DWN,2021,5,6.433
CTN_007,ALLSKY_SFC_SW_DWN,2021,6,4.9097
CTN_007,ALLSKY_SFC_SW_DWN,2021,7,5.5243
CTN_007,ALLSKY_SFC_SW_DWN,2021,8,5.2222
CTN_007,ALLSKY_SFC_SW_DWN,2021,9,4.8137
CTN_007,ALLSKY_SFC_SW_DWN,2021,10,5.0614
CTN_007,ALLSKY_SFC_SW_DWN,2021,11,5.1442
CTN_007,ALLSKY_SFC_SW_DWN,2021,12,5.1089
CTN_007,ALLSKY_SFC_SW_DWN,2022,1,4.8974
CTN_007,ALLSKY_SFC_SW_DWN,2022,2,5.6712
CTN_007,ALLSKY_SFC_SW_DWN,2022,3,6.9802
CTN_007,ALLSKY_SFC_SW_DWN,2022,4,6.5791
CTN_007,ALLSKY_SFC_SW_DWN,2022,5,6.9931
CTN_007,ALLSKY_SFC_SW_DWN,2022,6,5.7725
CTN_007,ALLSKY_SFC_SW_DWN,2022,7,5.687
CTN_007,ALLSKY_SFC_SW_DWN,2022,8,5.2774
CTN_007,ALLSKY_SFC_SW_DWN,2022,9,4.8758
CTN_007,ALLSKY_SFC_SW_DWN,2022,10,4.8605
CTN_007,ALLSKY_SFC_SW_DWN,2022,11,4.866
CTN_007,ALLSKY_SFC_SW_DWN,2022,12,4.709
CTN_007,ALLSKY_SFC_SW_DWN,2023,1,5.2846
CTN_007,ALLSKY_SFC_SW_DWN,2023,2,6.0778
CTN_007,ALLSKY_SFC_SW_DWN,2023,3,6.3878
CTN_007,ALLSKY_SFC_SW_DWN,2023,4,6.6314
CTN_007,ALLSKY_SFC_SW_DWN,2023,5,5.7439
CTN_007,ALLSKY_SFC_SW_DWN,2023,6,6.9974
CTN_007,ALLSKY_SFC_SW_DWN,2023,7,5.7146
CTN_007,ALLSKY_SFC_SW_DWN,2023,8,5.2466
CTN_007,ALLSKY_SFC_SW_DWN,2023,9,6.2599
CTN_007,ALLSKY_SFC_SW_DWN,2023,10,4.6872
CTN_007,ALLSKY_SFC_SW_DWN,2023,11,4.7638
CTN_007,ALLSKY_SFC_SW_DWN,2023,12,3.9398
CTN_007,ALLSKY_SFC_SW_DWN,2024,1,4.6565
CTN_007,ALLSKY_SFC_SW_DWN,2024,2,5.9844
CTN_007,ALLSKY_SFC_SW_DWN,2024,3,7.0416
CTN_007,ALLSKY_SFC_SW_DWN,2024,4,6.9038
CTN_007,ALLSKY_SFC_SW_DWN,2024,5,6.8026
CTN_007,ALLSKY_SFC_SW_DWN,2024,6,5.8471
CTN_007,ALLSKY_SFC_SW_DWN,2024,7,5.0155
CTN_007,ALLSKY_SFC_SW_DWN,2024,8,5.5159
CTN_007,ALLSKY_SFC_SW_DWN,2024,9,4.3798
CTN_007,ALLSKY_SFC_SW_DWN,2024,10,4.8449
CTN_007,ALLSKY_SFC_SW_DWN,2024,11,5.1413
CTN_007,ALLSKY_SFC_SW_DWN,2024,12,4.8437
CTN_007,PRECTOTCORR,2015,1,0.03
CTN_007,PRECTOTCORR,2015,2,0.13
CTN_007,PRECTOTCORR,2015,3,1.59
CTN_007,PRECTOTCORR,2015,4,0.46
CTN_007,PRECTOTCORR,2015,5,4.17
CTN_007,PRECTOTCORR,2015,6,4.03
CTN_007,PRECTOTCORR,2015,7,4.22
CTN_007,PRECTOTCORR,2015,8,4.58
CTN_007,PRECTOTCORR,2015,9,6.18
CTN_007,PRECTOTCORR,2015,10,1.82
CTN_007,PRECTOTCORR,2015,11,0.73
CTN_007,PRECTOTCORR,2015,12,0.15
CTN_007,PRECTOTCORR,2016,1,0.27
CTN_007,PRECTOTCORR,2016,2,0.11
CTN_007,PRECTOTCORR,2016,3,1.46
CTN_007,PRECTOTCORR,2016,4,0.84
CTN_007,PRECTOTCORR,2016,5,2.25
CTN_007,PRECTOTCORR,2016,6,6.85
CTN_007,PRECTOTCORR,2016,7,6.45
CTN_007,PRECTOTCORR,2016,8,7.01
CTN_007,PRECTOTCORR,2016,9,6.34
CTN_007,PRECTOTCORR,2016,10,1.1
CTN_007,PRECTOTCORR,2016,11,1.44
CTN_007,PRECTOTCORR,2016,12,0.07
CTN_007,PRECTOTCORR,2017,1,0.0
CTN_007,PRECTOTCORR,2017,2,0.01
CTN_007,PRECTOTCORR,2017,3,0.49
CTN_007,PRECTOTCORR,2017,4,0.47
CTN_007,PRECTOTCORR,2017,5,3.27
CTN_007,PRECTOTCORR,2017,6,5.26
CTN_007,PRECTOTCORR,2017,7,5.91
CTN_007,PRECTOTCORR,2017,8,7.37
CTN_007,PRECTOTCORR,2017,9,6.97
CTN_007,PRECTOTCORR,2017,10,1.7
CTN_007,PRECTOTCORR,2017,11,0.08
CTN_007,PRECTOTCORR,2017,12,0.01
CTN_007,PRECTOTCORR,2018,1,0.23
CTN_007,PRECTOTCORR,2018,2,0.31
CTN_007,PRECTOTCORR,2018,3,0.23
CTN_007,PRECTOTCORR,2018,4,1.51
CTN_007,PRECTOTCORR,2018,5,2.92
CTN_007,PRECTOTCORR,2018,6,8.05
CTN_007,PRECTOTCORR,2018,7,2.72
CTN_007,PRECTOTCORR,2018,8,8.15
CTN_007,PRECTOTCORR,2018,9,5.91
CTN_007,PRECTOTCORR,2018,10,3.69
CTN_007,PRECTOTCORR,2018,11,1.55
CTN_007,PRECTOTCORR,2018,12,0.1
CTN_007,PRECTOTCORR,2019,1,0.08
CTN_007,PRECTOTCORR,2019,2,0.13
CTN_007,PRECTOTCORR,2019,3,0.18
CTN_007,PRECTOTCORR,2019,4,0.2
CTN_007,PRECTOTCORR,2019,5,1.57
CTN_007,PRECTOTCORR,2019,6,5.45
CTN_007,PRECTOTCORR,2019,7,5.75
CTN_007,PRECTOTCORR,2019,8,5.08
CTN_007,PRECTOTCORR,2019,9,5.34
CTN_007,PRECTOTCORR,2019,10,4.64
CTN_007,PRECTOTCORR,2019,11,0.9
CTN_007,PRECTOTCORR,2019,12,0.01
CTN_007,PRECTOTCORR,2020,1,0.22
CTN_007,PRECTOTCORR,2020,2,0.19
CTN_007,PRECTOTCORR,2020,3,0.4
CTN_007,PRECTOTCORR,2020,4,0.75
CTN_007,PRECTOTCORR,2020,5,0.99
CTN_007,PRECTOTCORR,2020,6,4.05
CTN_007,PRECTOTCORR,2020,7,5.99
CTN_007,PRECTOTCORR,2020,8,6.12
CTN_007,PRECTOTCORR,2020,9,6.35
CTN_007,PRECTOTCORR,2020,10,0.9
CTN_007,PRECTOTCORR,2020,11,0.07
CTN_007,PRECTOTCORR,2020,12,0.08
CTN_007,PRECTOTCORR,2021,1,0.22
CTN_007,PRECTOTCORR,2021,2,0.3
CTN_007,PRECTOTCORR,2021,3,0.68
CTN_007,PRECTOTCORR,2021,4,0.39
CTN_007,PRECTOTCORR,2021,5,3.2
CTN_007,PRECTOTCORR,2021,6,7.13
CTN_007,PRECTOTCORR,2021,7,4.83
CTN_007,PRECTOTCORR,2021,8,6.49
CTN_007,PRECTOTCORR,2021,9,6.72
CTN_007,PRECTOTCORR,2021,10,2.19
CTN_007,PRECTOTCORR,2021,11,0.17
CTN_007,PRECTOTCORR,2021,12,0.03
CTN_007,PRECTOTCORR,2022,1,0.31
CTN_007,PRECTOTCORR,2022,2,0.1
CTN_007,PRECTOTCORR,2022,3,0.16
CTN_007,PRECTOTCORR,2022,4,1.16
CTN_007,PRECTOTCORR,2022,5,1.06
CTN_007,PRECTOTCORR,2022,6,4.69
CTN_007,PRECTOTCORR,2022,7,5.32
CTN_007,PRECTOTCORR,2022,8,5.69
CTN_007,PRECTOTCORR,2022,9,5.64
CTN_007,PRECTOTCORR,2022,10,2.02
CTN_007,PRECTOTCORR,2022,11,0.43
CTN_007,PRECTOTCORR,2022,12,0.15
CTN_007,PRECTOTCORR,2023,1,0.01
CTN_007,PRECTOTCORR,2023,2,0.01
CTN_007,PRECTOTCORR,2023,3,0.39
CTN_007,PRECTOTCORR,2023,4,1.29
CTN_007,PRECTOTCORR,2023,5,1.37
CTN_007,PRECTOTCORR,2023,6,0.42
CTN_007,PRECTOTCORR,2023,7,5.08
CTN_007,PRECTOTCORR,2023,8,5.71
CTN_007,PRECTOTCORR,2023,9,3.1
CTN_007,PRECTOTCORR,2023,10,3.4
CTN_007,PRECTOTCORR,2023,11,2.23
CTN_007,PRECTOTCORR,2023,12,0.29
CTN_007,PRECTOTCORR,2024,1,0.05
CTN_007,PRECTOTCORR,2024,2,0.54
CTN_007,PRECTOTCORR,2024,3,0.0
CTN_007,PRECTOTCORR,2024,4,0.23
CTN_007,PRECTOTCORR,2024,5,0.96
CTN_007,PRECTOTCORR,2024,6,4.14
CTN_007,PRECTOTCORR,2024,7,8.57
CTN_007,PRECTOTCORR,2024,8,7.59
CTN_007,PRECTOTCORR,2024,9,8.74
CTN_007,PRECTOTCORR,2024,10,2.28
CTN_007,PRECTOTCORR,2024,11,0.4
CTN_007,PRECTOTCORR,2024,12,0.08
CTN_007,T2M,2015,1,14.83
CTN_007,T2M,2015,2,16.02
CTN_007,T2M,2015,3,17.32
CTN_007,T2M,2015,4,20.6
CTN_007,T2M,2015,5,19.65
CTN_007,T2M,2015,6,18.6
CTN_007,T2M,2015,7,18.15
CTN_007,T2M,2015,8,18.39
CTN_007,T2M,2015,9,17.24
CTN_007,T2M,2015,10,17.39
CTN_007,T2M,2015,11,17.73
CTN_007,T2M,2015,12,16.32
CTN_007,T2M,2016,1,14.06
CTN_007,T2M,2016,2,16.18
CTN_007,T2M,2016,3,17.16
CTN_007,T2M,2016,4,20.42
CTN_007,T2M,2016,5,22.12
CTN_007,T2M,2016,6,18.83
CTN_007,T2M,2016,7,18.2
CTN_007,T2M,2016,8,18.02
CTN_007,T2M,2016,9,17.5
CTN_007,T2M,2016,10,17.01
CTN_007,T2M,2016,11,15.76
CTN_007,T2M,2016,12,16.0
CTN_007,T2M,2017,1,15.1
CTN_007,T2M,2017,2,16.44
CTN_007,T2M,2017,3,18.72
CTN_007,T2M,2017,4,20.14
CTN_007,T2M,2017,5,21.47
CTN_007,T2M,2017,6,19.64
CTN_007,T2M,2017,7,17.86
CTN_007,T2M,2017,8,18.22
CTN_007,T2M,2017,9,17.25
CTN_007,T2M,2017,10,16.67
CTN_007,T2M,2017,11,15.67
CTN_007,T2M,2017,12,14.72
CTN_007,T2M,2018,1,14.11
CTN_007,T2M,2018,2,17.2
CTN_007,T2M,2018,3,19.68
CTN_007,T2M,2018,4,20.32
CTN_007,T2M,2018,5,20.65
CTN_007,T2M,2018,6,18.56
CTN_007,T2M,2018,7,18.67
CTN_007,T2M,2018,8,17.54
CTN_007,T2M,2018,9,17.53
CTN_007,T2M,2018,10,17.13
CTN_007,T2M,2018,11,15.65
CTN_007,T2M,2018,12,14.54
CTN_007,T2M,2019,1,14.89
CTN_007,T2M,2019,2,17.62
CTN_007,T2M,2019,3,19.36
CTN_007,T2M,2019,4,20.36
CTN_007,T2M,2019,5,21.89
CTN_007,T2M,2019,6,20.14
CTN_007,T2M,2019,7,18.23
CTN_007,T2M,2019,8,18.44
CTN_007,T2M,2019,9,17.82
CTN_007,T2M,2019,10,17.23
CTN_007,T2M,2019,11,16.84
CTN_007,T2M,2019,12,15.45
CTN_007,T2M,2020,1,15.22
CTN_007,T2M,2020,2,17.55
CTN_007,T2M,2020,3,20.06
CTN_007,T2M,2020,4,21.87
CTN_007,T2M,2020,5,21.25
CTN_007,T2M,2020,6,20.59
CTN_007,T2M,2020,7,18.82
CTN_007,T2M,2020,8,18.03
CTN_007,T2M,2020,9,17.5
CTN_007,T2M,2020,10,16.5
CTN_007,T2M,2020,11,16.54
CTN_007,T2M,2020,12,15.68
CTN_007,T2M,2021,1,16.15
CTN_007,T2M,2021,2,16.7
CTN_007,T2M,2021,3,19.52
CTN_007,T2M,2021,4,20.77
CTN_007,T2M,2021,5,20.37
CTN_007,T2M,2021,6,18.24
CTN_007,T2M,2021,7,18.04
CTN_007,T2M,2021,8,17.88
CTN_007,T2M,2021,9,17.27
CTN_007,T2M,2021,10,17.34
CTN_007,T2M,2021,11,15.62
CTN_007,T2M,2021,12,15.97
CTN_007,T2M,2022,1,15.65
CTN_007,T2M,2022,2,16.67
CTN_007,T2M,2022,3,18.76
CTN_007,T2M,2022,4,21.25
CTN_007,T2M,2022,5,22.18
CTN_007,T2M,2022,6,19.62
CTN_007,T2M,2022,7,19.22
CTN_007,T2M,2022,8,18.27
CTN_007,T2M,2022,9,17.51
CTN_007,T2M,2022,10,17.54
CTN_007,T2M,2022,11,17.31
CTN_007,T2M,2022,12,15.1
CTN_007,T2M,2023,1,15.68
CTN_007,T2M,2023,2,17.19
CTN_007,T2M,2023,3,19.5
CTN_007,T2M,2023,4,20.54
CTN_007,T2M,2023,5,21.18
CTN_007,T2M,2023,6,23.27
CTN_007,T2M,2023,7,20.1
CTN_007,T2M,2023,8,19.13
CTN_007,T2M,2023,9,19.1
CTN_007,T2M,2023,10,18.35
CTN_007,T2M,2023,11,17.39
CTN_007,T2M,2023,12,14.95
CTN_007,T2M,2024,1,15.81
CTN_007,T2M,2024,2,17.58
CTN_007,T2M,2024,3,20.05
CTN_007,T2M,2024,4,21.94
CTN_007,T2M,2024,5,24.26
CTN_007,T2M,2024,6,22.05
CTN_007,T2M,2024,7,18.83
CTN_007,T2M,2024,8,18.67
CTN_007,T2M,2024,9,18.11
CTN_007,T2M,2024,10,16.51
CTN_007,T2M,2024,11,16.84
CTN_007,T2M,2024,12,15.45
CTN_007,T2M_MAX,2015,1,26.34
CTN_007,T2M_MAX,2015,2,28.99
CTN_007,T2M_MAX,2015,3,30.07
CTN_007,T2M_MAX,2015,4,31.26
CTN_007,T2M_MAX,2015,5,30.17
CTN_007,T2M_MAX,2015,6,28.08
CTN_007,T2M_MAX,2015,7,27.54
CTN_007,T2M_MAX,2015,8,27.05
CTN_007,T2M_MAX,2015,9,25.0
CTN_007,T2M_MAX,2015,10,27.39
CTN_007,T2M_MAX,2015,11,26.67
CTN_007,T2M_MAX,2015,12,26.85
CTN_007,T2M_MAX,2016,1,25.56
CTN_007,T2M_MAX,2016,2,28.77
CTN_007,T2M_MAX,2016,3,30.02
CTN_007,T2M_MAX,2016,4,32.42
CTN_007,T2M_MAX,2016,5,33.15
CTN_007,T2M_MAX,2016,6,27.82
CTN_007,T2M_MAX,2016,7,26.22
CTN_007,T2M_MAX,2016,8,25.7
CTN_007,T2M_MAX,2016,9,24.31
CTN_007,T2M_MAX,2016,10,25.49
CTN_007,T2M_MAX,2016,11,25.65
CTN_007,T2M_MAX,2016,12,25.91
CTN_007,T2M_MAX,2017,1,27.68
CTN_007,T2M_MAX,2017,2,28.47
CTN_007,T2M_MAX,2017,3,30.55
CTN_007,T2M_MAX,2017,4,32.77
CTN_007,T2M_MAX,2017,5,32.74
CTN_007,T2M_MAX,2017,6,30.32
CTN_007,T2M_MAX,2017,7,25.54
CTN_007,T2M_MAX,2017,8,26.73
CTN_007,T2M_MAX,2017,9,25.16
CTN_007,T2M_MAX,2017,10,25.57
CTN_007,T2M_MAX,2017,11,27.09
CTN_007,T2M_MAX,2017,12,25.9
CTN_007,T2M_MAX,2018,1,26.21
CTN_007,T2M_MAX,2018,2,28.04
CTN_007,T2M_MAX,2018,3,31.77
CTN_007,T2M_MAX,2018,4,31.71
CTN_007,T2M_MAX,2018,5,34.6
CTN_007,T2M_MAX,2018,6,32.57
CTN_007,T2M_MAX,2018,7,27.75
CTN_007,T2M_MAX,2018,8,25.75
CTN_007,T2M_MAX,2018,9,24.54
CTN_007,T2M_MAX,2018,10,24.58
CTN_007,T2M_MAX,2018,11,25.49
CTN_007,T2M_MAX,2018,12,24.7
CTN_007,T2M_MAX,2019,1,26.41
CTN_007,T2M_MAX,2019,2,29.48
CTN_007,T2M_MAX,2019,3,31.23
CTN_007,T2M_MAX,2019,4,33.64
CTN_007,T2M_MAX,2019,5,32.79
CTN_007,T2M_MAX,2019,6,31.57
CTN_007,T2M_MAX,2019,7,27.5
CTN_007,T2M_MAX,2019,8,26.39
CTN_007,T2M_MAX,2019,9,26.01
CTN_007,T2M_MAX,2019,10,25.55
CTN_007,T2M_MAX,2019,11,25.5
CTN_007,T2M_MAX,2019,12,26.89
CTN_007,T2M_MAX,2020,1,26.15
CTN_007,T2M_MAX,2020,2,30.83
CTN_007,T2M_MAX,2020,3,32.72
CTN_007,T2M_MAX,2020,4,32.3
CTN_007,T2M_MAX,2020,5,32.26
CTN_007,T2M_MAX,2020,6,32.9
CTN_007,T2M_MAX,2020,7,28.0
CTN_007,T2M_MAX,2020,8,26.17
CTN_007,T2M_MAX,2020,9,26.19
CTN_007,T2M_MAX,2020,10,26.56
CTN_007,T2M_MAX,2020,11,28.02
CTN_007,T2M_MAX,2020,12,26.42
CTN_007,T2M_MAX,2021,1,29.0
CTN_007,T2M_MAX,2021,2,29.45
CTN_007,T2M_MAX,2021,3,32.67
CTN_007,T2M_MAX,2021,4,32.24
CTN_007,T2M_MAX,2021,5,30.99
CTN_007,T2M_MAX,2021,6,30.16
CTN_007,T2M_MAX,2021,7,26.24
CTN_007,T2M_MAX,2021,8,25.81
CTN_007,T2M_MAX,2021,9,24.52
CTN_007,T2M_MAX,2021,10,26.39
CTN_007,T2M_MAX,2021,11,25.22
CTN_007,T2M_MAX,2021,12,27.56
CTN_007,T2M_MAX,2022,1,27.25
CTN_007,T2M_MAX,2022,2,29.37
CTN_007,T2M_MAX,2022,3,31.4
CTN_007,T2M_MAX,2022,4,34.11
CTN_007,T2M_MAX,2022,5,33.43
CTN_007,T2M_MAX,2022,6,31.79
CTN_007,T2M_MAX,2022,7,28.62
CTN_007,T2M_MAX,2022,8,26.73
CTN_007,T2M_MAX,2022,9,25.07
CTN_007,T2M_MAX,2022,10,26.97
CTN_007,T2M_MAX,2022,11,26.52
CTN_007,T2M_MAX,2022,12,26.3
CTN_007,T2M_MAX,2023,1,27.96
CTN_007,T2M_MAX,2023,2,30.05
CTN_007,T2M_MAX,2023,3,31.32
CTN_007,T2M_MAX,2023,4,33.28
CTN_007,T2M_MAX,2023,5,32.69
CTN_007,T2M_MAX,2023,6,34.65
CTN_007,T2M_MAX,2023,7,29.87
CTN_007,T2M_MAX,2023,8,28.73
CTN_007,T2M_MAX,2023,9,28.75
CTN_007,T2M_MAX,2023,10,27.05
CTN_007,T2M_MAX,2023,11,28.43
CTN_007,T2M_MAX,2023,12,24.65
CTN_007,T2M_MAX,2024,1,28.2
CTN_007,T2M_MAX,2024,2,31.56
CTN_007,T2M_MAX,2024,3,32.33
CTN_007,T2M_MAX,2024,4,33.46
CTN_007,T2M_MAX,2024,5,35.62
CTN_007,T2M_MAX,2024,6,35.07
CTN_007,T2M_MAX,2024,7,28.48
CTN_007,T2M_MAX,2024,8,25.45
CTN_007,T2M_MAX,2024,9,25.13
CTN_007,T2M_MAX,2024,10,24.96
CTN_007,T2M_MAX,2024,11,26.88
CTN_007,T2M_MAX,2024,12,26.39
CTN_007,WS10M,2015,1,2.15
CTN_007,WS10M,2015,2,2.11
CTN_007,WS10M,2015,3,2.22
CTN_007,WS10M,2015,4,2.36
CTN_007,WS10M,2015,5,1.52
CTN_007,WS10M,2015,6,1.71
CTN_007,WS10M,2015,7,1.75
CTN_007,WS10M,2015,8,1.57
CTN_007,WS10M,2015,9,1.61
CTN_007,WS10M,2015,10,1.97
CTN_007,WS10M,2015,11,1.67
CTN_007,WS10M,2015,12,2.01
CTN_007,WS10M,2016,1,2.11
CTN_007,WS10M,2016,2,2.24
CTN_007,WS10M,2016,3,2.57
CTN_007,WS10M,2016,4,2.36
CTN_007,WS10M,2016,5,1.79
CTN_007,WS10M,2016,6,1.59
CTN_007,WS10M,2016,7,1.54
CTN_007,WS10M,2016,8,1.58
CTN_007,WS10M,2016,9,1.39
CTN_007,WS10M,2016,10,1.76
CTN_007,WS10M,2016,11,1.8
CTN_007,WS10M,2016,12,2.0
CTN_007,WS10M,2017,1,2.08
CTN_007,WS10M,2017,2,2.34
CTN_007,WS10M,2017,3,1.97
CTN_007,WS10M,2017,4,2.24
CTN_007,WS10M,2017,5,1.74
CTN_007,WS10M,2017,6,1.52
CTN_007,WS10M,2017,7,1.42
CTN_007,WS10M,2017,8,1.57
CTN_007,WS10M,2017,9,1.59
CTN_007,WS10M,2017,10,2.0
CTN_007,WS10M,2017,11,1.82
CTN_007,WS10M,2017,12,1.96
CTN_007,WS10M,2018,1,2.22
CTN_007,WS10M,2018,2,2.01
CTN_007,WS10M,2018,3,2.12
CTN_007,WS10M,2018,4,2.06
CTN_007,WS10M,2018,5,1.44
CTN_007,WS10M,2018,6,1.93
CTN_007,WS10M,2018,7,1.38
CTN_007,WS10M,2018,8,1.42
CTN_007,WS10M,2018,9,1.54
CTN_007,WS10M,2018,10,1.67
CTN_007,WS10M,2018,11,1.67
CTN_007,WS10M,2018,12,1.92
CTN_007,WS10M,2019,1,1.93
CTN_007,WS10M,2019,2,2.05
CTN_007,WS10M,2019,3,2.27
CTN_007,WS10M,2019,4,2.45
CTN_007,WS10M,2019,5,2.23
CTN_007,WS10M,2019,6,1.75
CTN_007,WS10M,2019,7,1.45
CTN_007,WS10M,2019,8,1.56
CTN_007,WS10M,2019,9,1.56
CTN_007,WS10M,2019,10,1.73
CTN_007,WS10M,2019,11,1.71
CTN_007,WS10M,2019,12,1.95
CTN_007,WS10M,2020,1,2.16
CTN_007,WS10M,2020,2,2.21
CTN_007,WS10M,2020,3,2.07
CTN_007,WS10M,2020,4,2.35
CTN_007,WS10M,2020,5,2.12
CTN_007,WS10M,2020,6,1.68
CTN_007,WS10M,2020,7,1.69
CTN_007,WS10M,2020,8,1.64
CTN_007,WS10M,2020,9,1.65
CTN_007,WS10M,2020,10,2.08
CTN_007,WS10M,2020,11,2.47
CTN_007,WS10M,2020,12,1.98
CTN_007,WS10M,2021,1,2.03
CTN_007,WS10M,2021,2,2.27
CTN_007,WS10M,2021,3,1.98
CTN_007,WS10M,2021,4,2.52
CTN_007,WS10M,2021,5,1.89
CTN_007,WS10M,2021,6,1.93
CTN_007,WS10M,2021,7,1.7
CTN_007,WS10M,2021,8,1.7
CTN_007,WS10M,2021,9,1.63
CTN_007,WS10M,2021,10,1.67
CTN_007,WS10M,2021,11,1.73
CTN_007,WS10M,2021,12,1.91
CTN_007,WS10M,2022,1,1.97
CTN_007,WS10M,2022,2,2.15
CTN_007,WS10M,2022,3,2.37
CTN_007,WS10M,2022,4,1.96
CTN_007,WS10M,2022,5,1.91
CTN_007,WS10M,2022,6,1.87
CTN_007,WS10M,2022,7,1.51
CTN_007,WS10M,2022,8,1.53
CTN_007,WS10M,2022,9,1.68
CTN_007,WS10M,2022,10,1.66
CTN_007,WS10M,2022,11,1.66
CTN_007,WS10M,2022,12,2.04
CTN_007,WS10M,2023,1,2.12
CTN_007,WS10M,2023,2,2.28
CTN_007,WS10M,2023,3,2.22
CTN_007,WS10M,2023,4,2.42
CTN_007,WS10M,2023,5,1.86
CTN_007,WS10M,2023,6,2.01
CTN_007,WS10M,2023,7,1.72
CTN_007,WS10M,2023,8,1.71
CTN_007,WS10M,2023,9,1.55
CTN_007,WS10M,2023,10,1.86
CTN_007,WS10M,2023,11,1.79
CTN_007,WS10M,2023,12,1.84
CTN_007,WS10M,2024,1,2.04
CTN_007,WS10M,2024,2,2.32
CTN_007,WS10M,2024,3,2.68
CTN_007,WS10M,2024,4,2.55
CTN_007,WS10M,2024,5,2.2
CTN_007,WS10M,2024,6,1.93
CTN_007,WS10M,2024,7,1.64
CTN_007,WS10M,2024,8,1.47
CTN_007,WS10M,2024,9,1.72
CTN_007,WS10M,2024,10,1.91
CTN_007,WS10M,2024,11,1.84
CTN_007,WS10M,2024,12,1.97
CTN_008,ALLSKY_SFC_SW_DWN,2015,1,5.0042
CTN_008,ALLSKY_SFC_SW_DWN,2015,2,5.64
CTN_008,ALLSKY_SFC_SW_DWN,2015,3,6.0809
CTN_008,ALLSKY_SFC_SW_DWN,2015,4,6.8652
CTN_008,ALLSKY_SFC_SW_DWN,2015,5,6.1538
CTN_008,ALLSKY_SFC_SW_DWN,2015,6,6.0982
CTN_008,ALLSKY_SFC_SW_DWN,2015,7,6.4958
CTN_008,ALLSKY_SFC_SW_DWN,2015,8,6.7625
CTN_008,ALLSKY_SFC_SW_DWN,2015,9,5.5152
CTN_008,ALLSKY_SFC_SW_DWN,2015,10,5.2478
CTN_008,ALLSKY_SFC_SW_DWN,2015,11,5.046
CTN_008,ALLSKY_SFC_SW_DWN,2015,12,4.5418
CTN_008,ALLSKY_SFC_SW_DWN,2016,1,4.2569
CTN_008,ALLSKY_SFC_SW_DWN,2016,2,5.9515
CTN_008,ALLSKY_SFC_SW_DWN,2016,3,6.0209
CTN_008,ALLSKY_SFC_SW_DWN,2016,4,6.8695
CTN_008,ALLSKY_SFC_SW_DWN,2016,5,6.5602
CTN_008,ALLSKY_SFC_SW_DWN,2016,6,6.3862
CTN_008,ALLSKY_SFC_SW_DWN,2016,7,6.685
CTN_008,ALLSKY_SFC_SW_DWN,2016,8,6.2203
CTN_008,ALLSKY_SFC_SW_DWN,2016,9,5.8402
CTN_008,ALLSKY_SFC_SW_DWN,2016,10,5.7041
CTN_008,ALLSKY_SFC_SW_DWN,2016,11,5.021
CTN_008,ALLSKY_SFC_SW_DWN,2016,12,5.0251
CTN_008,ALLSKY_SFC_SW_DWN,2017,1,5.4362
CTN_008,ALLSKY_SFC_SW_DWN,2017,2,6.2479
CTN_008,ALLSKY_SFC_SW_DWN,2017,3,6.6509
CTN_008,ALLSKY_SFC_SW_DWN,2017,4,6.9857
CTN_008,ALLSKY_SFC_SW_DWN,2017,5,6.3516
CTN_008,ALLSKY_SFC_SW_DWN,2017,6,6.2203
CTN_008,ALLSKY_SFC_SW_DWN,2017,7,6.4469
CTN_008,ALLSKY_SFC_SW_DWN,2017,8,6.1529
CTN_008,ALLSKY_SFC_SW_DWN,2017,9,5.1929
CTN_008,ALLSKY_SFC_SW_DWN,2017,10,5.6141
CTN_008,ALLSKY_SFC_SW_DWN,2017,11,5.5771
CTN_008,ALLSKY_SFC_SW_DWN,2017,12,5.1017
CTN_008,ALLSKY_SFC_SW_DWN,2018,1,4.9901
CTN_008,ALLSKY_SFC_SW_DWN,2018,2,5.7413
CTN_008,ALLSKY_SFC_SW_DWN,2018,3,6.8285
CTN_008,ALLSKY_SFC_SW_DWN,2018,4,6.8122
CTN_008,ALLSKY_SFC_SW_DWN,2018,5,6.6938
CTN_008,ALLSKY_SFC_SW_DWN,2018,6,5.9774
CTN_008,ALLSKY_SFC_SW_DWN,2018,7,7.1438
CTN_008,ALLSKY_SFC_SW_DWN,2018,8,6.239
CTN_008,ALLSKY_SFC_SW_DWN,2018,9,6.1246
CTN_008,ALLSKY_SFC_SW_DWN,2018,10,5.3028
CTN_008,ALLSKY_SFC_SW_DWN,2018,11,4.5922
CTN_008,ALLSKY_SFC_SW_DWN,2018,12,4.925
CTN_008,ALLSKY_SFC_SW_DWN,2019,1,5.2133
CTN_008,ALLSKY_SFC_SW_DWN,2019,2,6.162
CTN_008,ALLSKY_SFC_SW_DWN,2019,3,6.8842
CTN_008,ALLSKY_SFC_SW_DWN,2019,4,7.2686
CTN_008,ALLSKY_SFC_SW_DWN,2019,5,6.6787
CTN_008,ALLSKY_SFC_SW_DWN,2019,6,6.1706
CTN_008,ALLSKY_SFC_SW_DWN,2019,7,6.6283
CTN_008,ALLSKY_SFC_SW_DWN,2019,8,6.6173
CTN_008,ALLSKY_SFC_SW_DWN,2019,9,5.7451
CTN_008,ALLSKY_SFC_SW_DWN,2019,10,5.0966
CTN_008,ALLSKY_SFC_SW_DWN,2019,11,4.9625
CTN_008,ALLSKY_SFC_SW_DWN,2019,12,4.9049
CTN_008,ALLSKY_SFC_SW_DWN,2020,1,5.1883
CTN_008,ALLSKY_SFC_SW_DWN,2020,2,5.8668
CTN_008,ALLSKY_SFC_SW_DWN,2020,3,6.7982
CTN_008,ALLSKY_SFC_SW_DWN,2020,4,7.2485
CTN_008,ALLSKY_SFC_SW_DWN,2020,5,7.0973
CTN_008,ALLSKY_SFC_SW_DWN,2020,6,6.2933
CTN_008,ALLSKY_SFC_SW_DWN,2020,7,6.5074
CTN_008,ALLSKY_SFC_SW_DWN,2020,8,6.1306
CTN_008,ALLSKY_SFC_SW_DWN,2020,9,5.3494
CTN_008,ALLSKY_SFC_SW_DWN,2020,10,5.976
CTN_008,ALLSKY_SFC_SW_DWN,2020,11,5.4521
CTN_008,ALLSKY_SFC_SW_DWN,2020,12,4.9147
CTN_008,ALLSKY_SFC_SW_DWN,2021,1,4.9764
CTN_008,ALLSKY_SFC_SW_DWN,2021,2,6.3355
CTN_008,ALLSKY_SFC_SW_DWN,2021,3,6.9571
CTN_008,ALLSKY_SFC_SW_DWN,2021,4,7.3402
CTN_008,ALLSKY_SFC_SW_DWN,2021,5,6.7056
CTN_008,ALLSKY_SFC_SW_DWN,2021,6,5.4377
CTN_008,ALLSKY_SFC_SW_DWN,2021,7,6.5021
CTN_008,ALLSKY_SFC_SW_DWN,2021,8,6.0288
CTN_008,ALLSKY_SFC_SW_DWN,2021,9,5.6546
CTN_008,ALLSKY_SFC_SW_DWN,2021,10,5.4322
CTN_008,ALLSKY_SFC_SW_DWN,2021,11,5.4353
CTN_008,ALLSKY_SFC_SW_DWN,2021,12,5.076
CTN_008,ALLSKY_SFC_SW_DWN,2022,1,5.1346
CTN_008,ALLSKY_SFC_SW_DWN,2022,2,6.0017
CTN_008,ALLSKY_SFC_SW_DWN,2022,3,7.147
CTN_008,ALLSKY_SFC_SW_DWN,2022,4,7.1131
CTN_008,ALLSKY_SFC_SW_DWN,2022,5,7.0704
CTN_008,ALLSKY_SFC_SW_DWN,2022,6,6.3852
CTN_008,ALLSKY_SFC_SW_DWN,2022,7,6.3862
CTN_008,ALLSKY_SFC_SW_DWN,2022,8,6.2191
CTN_008,ALLSKY_SFC_SW_DWN,2022,9,5.4391
CTN_008,ALLSKY_SFC_SW_DWN,2022,10,5.309
CTN_008,ALLSKY_SFC_SW_DWN,2022,11,5.1178
CTN_008,ALLSKY_SFC_SW_DWN,2022,12,4.8662
CTN_008,ALLSKY_SFC_SW_DWN,2023,1,5.3026
CTN_008,ALLSKY_SFC_SW_DWN,2023,2,6.1721
CTN_008,ALLSKY_SFC_SW_DWN,2023,3,6.8693
CTN_008,ALLSKY_SFC_SW_DWN,2023,4,7.2379
CTN_008,ALLSKY_SFC_SW_DWN,2023,5,6.3526
CTN_008,ALLSKY_SFC_SW_DWN,2023,6,7.0075
CTN_008,ALLSKY_SFC_SW_DWN,2023,7,6.397
CTN_008,ALLSKY_SFC_SW_DWN,2023,8,5.9563
CTN_008,ALLSKY_SFC_SW_DWN,2023,9,6.3101
CTN_008,ALLSKY_SFC_SW_DWN,2023,10,5.077
CTN_008,ALLSKY_SFC_SW_DWN,2023,11,5.0887
CTN_008,ALLSKY_SFC_SW_DWN,2023,12,4.4184
CTN_008,ALLSKY_SFC_SW_DWN,2024,1,4.8682
CTN_008,ALLSKY_SFC_SW_DWN,2024,2,5.8963
CTN_008,ALLSKY_SFC_SW_DWN,2024,3,7.1731
CTN_008,ALLSKY_SFC_SW_DWN,2024,4,7.3219
CTN_008,ALLSKY_SFC_SW_DWN,2024,5,7.0387
CTN_008,ALLSKY_SFC_SW_DWN,2024,6,6.114
CTN_008,ALLSKY_SFC_SW_DWN,2024,7,6.0914
CTN_008,ALLSKY_SFC_SW_DWN,2024,8,6.3307
CTN_008,ALLSKY_SFC_SW_DWN,2024,9,5.0808
CTN_008,ALLSKY_SFC_SW_DWN,2024,10,5.4211
CTN_008,ALLSKY_SFC_SW_DWN,2024,11,5.292
CTN_008,ALLSKY_SFC_SW_DWN,2024,12,4.8595
CTN_008,PRECTOTCORR,2015,1,0.03
CTN_008,PRECTOTCORR,2015,2,0.13
CTN_008,PRECTOTCORR,2015,3,1.59
CTN_008,PRECTOTCORR,2015,4,0.46
CTN_008,PRECTOTCORR,2015,5,4.17
CTN_008,PRECTOTCORR,2015,6,4.03
CTN_008,PRECTOTCORR,2015,7,4.22
CTN_008,PRECTOTCORR,2015,8,4.58
CTN_008,PRECTOTCORR,2015,9,6.18
CTN_008,PRECTOTCORR,2015,10,1.82
CTN_008,PRECTOTCORR,2015,11,0.73
CTN_008,PRECTOTCORR,2015,12,0.15
CTN_008,PRECTOTCORR,2016,1,0.27
CTN_008,PRECTOTCORR,2016,2,0.11
CTN_008,PRECTOTCORR,2016,3,1.46
CTN_008,PRECTOTCORR,2016,4,0.84
CTN_008,PRECTOTCORR,2016,5,2.25
CTN_008,PRECTOTCORR,2016,6,6.85
CTN_008,PRECTOTCORR,2016,7,6.45
CTN_008,PRECTOTCORR,2016,8,7.01
CTN_008,PRECTOTCORR,2016,9,6.34
CTN_008,PRECTOTCORR,2016,10,1.1
CTN_008,PRECTOTCORR,2016,11,1.44
CTN_008,PRECTOTCORR,2016,12,0.07
CTN_008,PRECTOTCORR,2017,1,0.0
CTN_008,PRECTOTCORR,2017,2,0.01
CTN_008,PRECTOTCORR,2017,3,0.49
CTN_008,PRECTOTCORR,2017,4,0.47
CTN_008,PRECTOTCORR,2017,5,3.27
CTN_008,PRECTOTCORR,2017,6,5.26
CTN_008,PRECTOTCORR,2017,7,5.91
CTN_008,PRECTOTCORR,2017,8,7.37
CTN_008,PRECTOTCORR,2017,9,6.97
CTN_008,PRECTOTCORR,2017,10,1.7
CTN_008,PRECTOTCORR,2017,11,0.08
CTN_008,PRECTOTCORR,2017,12,0.01
CTN_008,PRECTOTCORR,2018,1,0.23
CTN_008,PRECTOTCORR,2018,2,0.31
CTN_008,PRECTOTCORR,2018,3,0.23
CTN_008,PRECTOTCORR,2018,4,1.51
CTN_008,PRECTOTCORR,2018,5,2.92
CTN_008,PRECTOTCORR,2018,6,8.05
CTN_008,PRECTOTCORR,2018,7,2.72
CTN_008,PRECTOTCORR,2018,8,8.15
CTN_008,PRECTOTCORR,2018,9,5.91
CTN_008,PRECTOTCORR,2018,10,3.69
CTN_008,PRECTOTCORR,2018,11,1.55
CTN_008,PRECTOTCORR,2018,12,0.1
CTN_008,PRECTOTCORR,2019,1,0.08
CTN_008,PRECTOTCORR,2019,2,0.13
CTN_008,PRECTOTCORR,2019,3,0.18
CTN_008,PRECTOTCORR,2019,4,0.2
CTN_008,PRECTOTCORR,2019,5,1.57
CTN_008,PRECTOTCORR,2019,6,5.45
CTN_008,PRECTOTCORR,2019,7,5.75
CTN_008,PRECTOTCORR,2019,8,5.08
CTN_008,PRECTOTCORR,2019,9,5.34
CTN_008,PRECTOTCORR,2019,10,4.64
CTN_008,PRECTOTCORR,2019,11,0.9
CTN_008,PRECTOTCORR,2019,12,0.01
CTN_008,PRECTOTCORR,2020,1,0.22
CTN_008,PRECTOTCORR,2020,2,0.19
CTN_008,PRECTOTCORR,2020,3,0.4
CTN_008,PRECTOTCORR,2020,4,0.75
CTN_008,PRECTOTCORR,2020,5,0.99
CTN_008,PRECTOTCORR,2020,6,4.05
CTN_008,PRECTOTCORR,2020,7,5.99
CTN_008,PRECTOTCORR,2020,8,6.12
CTN_008,PRECTOTCORR,2020,9,6.35
CTN_008,PRECTOTCORR,2020,10,0.9
CTN_008,PRECTOTCORR,2020,11,0.07
CTN_008,PRECTOTCORR,2020,12,0.08
CTN_008,PRECTOTCORR,2021,1,0.22
CTN_008,PRECTOTCORR,2021,2,0.3
CTN_008,PRECTOTCORR,2021,3,0.68
CTN_008,PRECTOTCORR,2021,4,0.39
CTN_008,PRECTOTCORR,2021,5,3.2
CTN_008,PRECTOTCORR,2021,6,7.13
CTN_008,PRECTOTCORR,2021,7,4.83
CTN_008,PRECTOTCORR,2021,8,6.49
CTN_008,PRECTOTCORR,2021,9,6.72
CTN_008,PRECTOTCORR,2021,10,2.19
CTN_008,PRECTOTCORR,2021,11,0.17
CTN_008,PRECTOTCORR,2021,12,0.03
CTN_008,PRECTOTCORR,2022,1,0.31
CTN_008,PRECTOTCORR,2022,2,0.1
CTN_008,PRECTOTCORR,2022,3,0.16
CTN_008,PRECTOTCORR,2022,4,1.16
CTN_008,PRECTOTCORR,2022,5,1.06
CTN_008,PRECTOTCORR,2022,6,4.69
CTN_008,PRECTOTCORR,2022,7,5.32
CTN_008,PRECTOTCORR,2022,8,5.69
CTN_008,PRECTOTCORR,2022,9,5.64
CTN_008,PRECTOTCORR,2022,10,2.02
CTN_008,PRECTOTCORR,2022,11,0.43
CTN_008,PRECTOTCORR,2022,12,0.15
CTN_008,PRECTOTCORR,2023,1,0.01
CTN_008,PRECTOTCORR,2023,2,0.01
CTN_008,PRECTOTCORR,2023,3,0.39
CTN_008,PRECTOTCORR,2023,4,1.29
CTN_008,PRECTOTCORR,2023,5,1.37
CTN_008,PRECTOTCORR,2023,6,0.42
CTN_008,PRECTOTCORR,2023,7,5.08
CTN_008,PRECTOTCORR,2023,8,5.71
CTN_008,PRECTOTCORR,2023,9,3.1
CTN_008,PRECTOTCORR,2023,10,3.4
CTN_008,PRECTOTCORR,2023,11,2.23
CTN_008,PRECTOTCORR,2023,12,0.29
CTN_008,PRECTOTCORR,2024,1,0.05
CTN_008,PRECTOTCORR,2024,2,0.54
CTN_008,PRECTOTCORR,2024,3,0.0
CTN_008,PRECTOTCORR,2024,4,0.23
CTN_008,PRECTOTCORR,2024,5,0.96
CTN_008,PRECTOTCORR,2024,6,4.14
CTN_008,PRECTOTCORR,2024,7,8.57
CTN_008,PRECTOTCORR,2024,8,7.59
CTN_008,PRECTOTCORR,2024,9,8.74
CTN_008,PRECTOTCORR,2024,10,2.28
CTN_008,PRECTOTCORR,2024,11,0.4
CTN_008,PRECTOTCORR,2024,12,0.08
CTN_008,T2M,2015,1,14.83
CTN_008,T2M,2015,2,16.02
CTN_008,T2M,2015,3,17.32
CTN_008,T2M,2015,4,20.6
CTN_008,T2M,2015,5,19.65
CTN_008,T2M,2015,6,18.6
CTN_008,T2M,2015,7,18.15
CTN_008,T2M,2015,8,18.39
CTN_008,T2M,2015,9,17.24
CTN_008,T2M,2015,10,17.39
CTN_008,T2M,2015,11,17.73
CTN_008,T2M,2015,12,16.32
CTN_008,T2M,2016,1,14.06
CTN_008,T2M,2016,2,16.18
CTN_008,T2M,2016,3,17.16
CTN_008,T2M,2016,4,20.42
CTN_008,T2M,2016,5,22.12
CTN_008,T2M,2016,6,18.83
CTN_008,T2M,2016,7,18.2
CTN_008,T2M,2016,8,18.02
CTN_008,T2M,2016,9,17.5
CTN_008,T2M,2016,10,17.01
CTN_008,T2M,2016,11,15.76
CTN_008,T2M,2016,12,16.0
CTN_008,T2M,2017,1,15.1
CTN_008,T2M,2017,2,16.44
CTN_008,T2M,2017,3,18.72
CTN_008,T2M,2017,4,20.14
CTN_008,T2M,2017,5,21.47
CTN_008,T2M,2017,6,19.64
CTN_008,T2M,2017,7,17.86
CTN_008,T2M,2017,8,18.22
CTN_008,T2M,2017,9,17.25
CTN_008,T2M,2017,10,16.67
CTN_008,T2M,2017,11,15.67
CTN_008,T2M,2017,12,14.72
CTN_008,T2M,2018,1,14.11
CTN_008,T2M,2018,2,17.2
CTN_008,T2M,2018,3,19.68
CTN_008,T2M,2018,4,20.32
CTN_008,T2M,2018,5,20.65
CTN_008,T2M,2018,6,18.56
CTN_008,T2M,2018,7,18.67
CTN_008,T2M,2018,8,17.54
CTN_008,T2M,2018,9,17.53
CTN_008,T2M,2018,10,17.13
CTN_008,T2M,2018,11,15.65
CTN_008,T2M,2018,12,14.54
CTN_008,T2M,2019,1,14.89
CTN_008,T2M,2019,2,17.62
CTN_008,T2M,2019,3,19.36
CTN_008,T2M,2019,4,20.36
CTN_008,T2M,2019,5,21.89
CTN_008,T2M,2019,6,20.14
CTN_008,T2M,2019,7,18.23
CTN_008,T2M,2019,8,18.44
CTN_008,T2M,2019,9,17.82
CTN_008,T2M,2019,10,17.23
CTN_008,T2M,2019,11,16.84
CTN_008,T2M,2019,12,15.45
CTN_008,T2M,2020,1,15.22
CTN_008,T2M,2020,2,17.55
CTN_008,T2M,2020,3,20.06
CTN_008,T2M,2020,4,21.87
CTN_008,T2M,2020,5,21.25
CTN_008,T2M,2020,6,20.59
CTN_008,T2M,2020,7,18.82
CTN_008,T2M,2020,8,18.03
CTN_008,T2M,2020,9,17.5
CTN_008,T2M,2020,10,16.5
CTN_008,T2M,2020,11,16.54
CTN_008,T2M,2020,12,15.68
CTN_008,T2M,2021,1,16.15
CTN_008,T2M,2021,2,16.7
CTN_008,T2M,2021,3,19.52
CTN_008,T2M,2021,4,20.77
CTN_008,T2M,2021,5,20.37
CTN_008,T2M,2021,6,18.24
CTN_008,T2M,2021,7,18.04
CTN_008,T2M,2021,8,17.88
CTN_008,T2M,2021,9,17.27
CTN_008,T2M,2021,10,17.34
CTN_008,T2M,2021,11,15.62
CTN_008,T2M,2021,12,15.97
CTN_008,T2M,2022,1,15.65
CTN_008,T2M,2022,2,16.67
CTN_008,T2M,2022,3,18.76
CTN_008,T2M,2022,4,21.25
CTN_008,T2M,2022,5,22.18
CTN_008,T2M,2022,6,19.62
CTN_008,T2M,2022,7,19.22
CTN_008,T2M,2022,8,18.27
CTN_008,T2M,2022,9,17.51
CTN_008,T2M,2022,10,17.54
CTN_008,T2M,2022,11,17.31
CTN_008,T2M,2022,12,15.1
CTN_008,T2M,2023,1,15.68
CTN_008,T2M,2023,2,17.19
CTN_008,T2M,2023,3,19.5
CTN_008,T2M,2023,4,20.54
CTN_008,T2M,2023,5,21.18
CTN_008,T2M,2023,6,23.27
CTN_008,T2M,2023,7,20.1
CTN_008,T2M,2023,8,19.13
CTN_008,T2M,2023,9,19.1
CTN_008,T2M,2023,10,18.35
CTN_008,T2M,2023,11,17.39
CTN_008,T2M,2023,12,14.95
CTN_008,T2M,2024,1,15.81
CTN_008,T2M,2024,2,17.58
CTN_008,T2M,2024,3,20.05
CTN_008,T2M,2024,4,21.94
CTN_008,T2M,2024,5,24.26
CTN_008,T2M,2024,6,22.05
CTN_008,T2M,2024,7,18.83
CTN_008,T2M,2024,8,18.67
CTN_008,T2M,2024,9,18.11
CTN_008,T2M,2024,10,16.51
CTN_008,T2M,2024,11,16.84
CTN_008,T2M,2024,12,15.45
CTN_008,T2M_MAX,2015,1,26.34
CTN_008,T2M_MAX,2015,2,28.99
CTN_008,T2M_MAX,2015,3,30.07
CTN_008,T2M_MAX,2015,4,31.26
CTN_008,T2M_MAX,2015,5,30.17
CTN_008,T2M_MAX,2015,6,28.08
CTN_008,T2M_MAX,2015,7,27.54
CTN_008,T2M_MAX,2015,8,27.05
CTN_008,T2M_MAX,2015,9,25.0
CTN_008,T2M_MAX,2015,10,27.39
CTN_008,T2M_MAX,2015,11,26.67
CTN_008,T2M_MAX,2015,12,26.85
CTN_008,T2M_MAX,2016,1,25.56
CTN_008,T2M_MAX,2016,2,28.77
CTN_008,T2M_MAX,2016,3,30.02
CTN_008,T2M_MAX,2016,4,32.42
CTN_008,T2M_MAX,2016,5,33.15
CTN_008,T2M_MAX,2016,6,27.82
CTN_008,T2M_MAX,2016,7,26.22
CTN_008,T2M_MAX,2016,8,25.7
CTN_008,T2M_MAX,2016,9,24.31
CTN_008,T2M_MAX,2016,10,25.49
CTN_008,T2M_MAX,2016,11,25.65
CTN_008,T2M_MAX,2016,12,25.91
CTN_008,T2M_MAX,2017,1,27.68
CTN_008,T2M_MAX,2017,2,28.47
CTN_008,T2M_MAX,2017,3,30.55
CTN_008,T2M_MAX,2017,4,32.77
CTN_008,T2M_MAX,2017,5,32.74
CTN_008,T2M_MAX,2017,6,30.32
CTN_008,T2M_MAX,2017,7,25.54
CTN_008,T2M_MAX,2017,8,26.73
CTN_008,T2M_MAX,2017,9,25.16
CTN_008,T2M_MAX,2017,10,25.57
CTN_008,T2M_MAX,2017,11,27.09
CTN_008,T2M_MAX,2017,12,25.9
CTN_008,T2M_MAX,2018,1,26.21
CTN_008,T2M_MAX,2018,2,28.04
CTN_008,T2M_MAX,2018,3,31.77
CTN_008,T2M_MAX,2018,4,31.71
CTN_008,T2M_MAX,2018,5,34.6
CTN_008,T2M_MAX,2018,6,32.57
CTN_008,T2M_MAX,2018,7,27.75
CTN_008,T2M_MAX,2018,8,25.75
CTN_008,T2M_MAX,2018,9,24.54
CTN_008,T2M_MAX,2018,10,24.58
CTN_008,T2M_MAX,2018,11,25.49
CTN_008,T2M_MAX,2018,12,24.7
CTN_008,T2M_MAX,2019,1,26.41
CTN_008,T2M_MAX,2019,2,29.48
CTN_008,T2M_MAX,2019,3,31.23
CTN_008,T2M_MAX,2019,4,33.64
CTN_008,T2M_MAX,2019,5,32.79
CTN_008,T2M_MAX,2019,6,31.57
CTN_008,T2M_MAX,2019,7,27.5
CTN_008,T2M_MAX,2019,8,26.39
CTN_008,T2M_MAX,2019,9,26.01
CTN_008,T2M_MAX,2019,10,25.55
CTN_008,T2M_MAX,2019,11,25.5
CTN_008,T2M_MAX,2019,12,26.89
CTN_008,T2M_MAX,2020,1,26.15
CTN_008,T2M_MAX,2020,2,30.83
CTN_008,T2M_MAX,2020,3,32.72
CTN_008,T2M_MAX,2020,4,32.3
CTN_008,T2M_MAX,2020,5,32.26
CTN_008,T2M_MAX,2020,6,32.9
CTN_008,T2M_MAX,2020,7,28.0
CTN_008,T2M_MAX,2020,8,26.17
CTN_008,T2M_MAX,2020,9,26.19
CTN_008,T2M_MAX,2020,10,26.56
CTN_008,T2M_MAX,2020,11,28.02
CTN_008,T2M_MAX,2020,12,26.42
CTN_008,T2M_MAX,2021,1,29.0
CTN_008,T2M_MAX,2021,2,29.45
CTN_008,T2M_MAX,2021,3,32.67
CTN_008,T2M_MAX,2021,4,32.24
CTN_008,T2M_MAX,2021,5,30.99
CTN_008,T2M_MAX,2021,6,30.16
CTN_008,T2M_MAX,2021,7,26.24
CTN_008,T2M_MAX,2021,8,25.81
CTN_008,T2M_MAX,2021,9,24.52
CTN_008,T2M_MAX,2021,10,26.39
CTN_008,T2M_MAX,2021,11,25.22
CTN_008,T2M_MAX,2021,12,27.56
CTN_008,T2M_MAX,2022,1,27.25
CTN_008,T2M_MAX,2022,2,29.37
CTN_008,T2M_MAX,2022,3,31.4
CTN_008,T2M_MAX,2022,4,34.11
CTN_008,T2M_MAX,2022,5,33.43
CTN_008,T2M_MAX,2022,6,31.79
CTN_008,T2M_MAX,2022,7,28.62
CTN_008,T2M_MAX,2022,8,26.73
CTN_008,T2M_MAX,2022,9,25.07
CTN_008,T2M_MAX,2022,10,26.97
CTN_008,T2M_MAX,2022,11,26.52
CTN_008,T2M_MAX,2022,12,26.3
CTN_008,T2M_MAX,2023,1,27.96
CTN_008,T2M_MAX,2023,2,30.05
CTN_008,T2M_MAX,2023,3,31.32
CTN_008,T2M_MAX,2023,4,33.28
CTN_008,T2M_MAX,2023,5,32.69
CTN_008,T2M_MAX,2023,6,34.65
CTN_008,T2M_MAX,2023,7,29.87
CTN_008,T2M_MAX,2023,8,28.73
CTN_008,T2M_MAX,2023,9,28.75
CTN_008,T2M_MAX,2023,10,27.05
CTN_008,T2M_MAX,2023,11,28.43
CTN_008,T2M_MAX,2023,12,24.65
CTN_008,T2M_MAX,2024,1,28.2
CTN_008,T2M_MAX,2024,2,31.56
CTN_008,T2M_MAX,2024,3,32.33
CTN_008,T2M_MAX,2024,4,33.46
CTN_008,T2M_MAX,2024,5,35.62
CTN_008,T2M_MAX,2024,6,35.07
CTN_008,T2M_MAX,2024,7,28.48
CTN_008,T2M_MAX,2024,8,25.45
CTN_008,T2M_MAX,2024,9,25.13
CTN_008,T2M_MAX,2024,10,24.96
CTN_008,T2M_MAX,2024,11,26.88
CTN_008,T2M_MAX,2024,12,26.39
CTN_008,WS10M,2015,1,2.15
CTN_008,WS10M,2015,2,2.11
CTN_008,WS10M,2015,3,2.22
CTN_008,WS10M,2015,4,2.36
CTN_008,WS10M,2015,5,1.52
CTN_008,WS10M,2015,6,1.71
CTN_008,WS10M,2015,7,1.75
CTN_008,WS10M,2015,8,1.57
CTN_008,WS10M,2015,9,1.61
CTN_008,WS10M,2015,10,1.97
CTN_008,WS10M,2015,11,1.67
CTN_008,WS10M,2015,12,2.01
CTN_008,WS10M,2016,1,2.11
CTN_008,WS10M,2016,2,2.24
CTN_008,WS10M,2016,3,2.57
CTN_008,WS10M,2016,4,2.36
CTN_008,WS10M,2016,5,1.79
CTN_008,WS10M,2016,6,1.59
CTN_008,WS10M,2016,7,1.54
CTN_008,WS10M,2016,8,1.58
CTN_008,WS10M,2016,9,1.39
CTN_008,WS10M,2016,10,1.76
CTN_008,WS10M,2016,11,1.8
CTN_008,WS10M,2016,12,2.0
CTN_008,WS10M,2017,1,2.08
CTN_008,WS10M,2017,2,2.34
CTN_008,WS10M,2017,3,1.97
CTN_008,WS10M,2017,4,2.24
CTN_008,WS10M,2017,5,1.74
CTN_008,WS10M,2017,6,1.52
CTN_008,WS10M,2017,7,1.42
CTN_008,WS10M,2017,8,1.57
CTN_008,WS10M,2017,9,1.59
CTN_008,WS10M,2017,10,2.0
CTN_008,WS10M,2017,11,1.82
CTN_008,WS10M,2017,12,1.96
CTN_008,WS10M,2018,1,2.22
CTN_008,WS10M,2018,2,2.01
CTN_008,WS10M,2018,3,2.12
CTN_008,WS10M,2018,4,2.06
CTN_008,WS10M,2018,5,1.44
CTN_008,WS10M,2018,6,1.93
CTN_008,WS10M,2018,7,1.38
CTN_008,WS10M,2018,8,1.42
CTN_008,WS10M,2018,9,1.54
CTN_008,WS10M,2018,10,1.67
CTN_008,WS10M,2018,11,1.67
CTN_008,WS10M,2018,12,1.92
CTN_008,WS10M,2019,1,1.93
CTN_008,WS10M,2019,2,2.05
CTN_008,WS10M,2019,3,2.27
CTN_008,WS10M,2019,4,2.45
CTN_008,WS10M,2019,5,2.23
CTN_008,WS10M,2019,6,1.75
CTN_008,WS10M,2019,7,1.45
CTN_008,WS10M,2019,8,1.56
CTN_008,WS10M,2019,9,1.56
CTN_008,WS10M,2019,10,1.73
CTN_008,WS10M,2019,11,1.71
CTN_008,WS10M,2019,12,1.95
CTN_008,WS10M,2020,1,2.16
CTN_008,WS10M,2020,2,2.21
CTN_008,WS10M,2020,3,2.07
CTN_008,WS10M,2020,4,2.35
CTN_008,WS10M,2020,5,2.12
CTN_008,WS10M,2020,6,1.68
CTN_008,WS10M,2020,7,1.69
CTN_008,WS10M,2020,8,1.64
CTN_008,WS10M,2020,9,1.65
CTN_008,WS10M,2020,10,2.08
CTN_008,WS10M,2020,11,2.47
CTN_008,WS10M,2020,12,1.98
CTN_008,WS10M,2021,1,2.03
CTN_008,WS10M,2021,2,2.27
CTN_008,WS10M,2021,3,1.98
CTN_008,WS10M,2021,4,2.52
CTN_008,WS10M,2021,5,1.89
CTN_008,WS10M,2021,6,1.93
CTN_008,WS10M,2021,7,1.7
CTN_008,WS10M,2021,8,1.7
CTN_008,WS10M,2021,9,1.63
CTN_008,WS10M,2021,10,1.67
CTN_008,WS10M,2021,11,1.73
CTN_008,WS10M,2021,12,1.91
CTN_008,WS10M,2022,1,1.97
CTN_008,WS10M,2022,2,2.15
CTN_008,WS10M,2022,3,2.37
CTN_008,WS10M,2022,4,1.96
CTN_008,WS10M,2022,5,1.91
CTN_008,WS10M,2022,6,1.87
CTN_008,WS10M,2022,7,1.51
CTN_008,WS10M,2022,8,1.53
CTN_008,WS10M,2022,9,1.68
CTN_008,WS10M,2022,10,1.66
CTN_008,WS10M,2022,11,1.66
CTN_008,WS10M,2022,12,2.04
CTN_008,WS10M,2023,1,2.12
CTN_008,WS10M,2023,2,2.28
CTN_008,WS10M,2023,3,2.22
CTN_008,WS10M,2023,4,2.42
CTN_008,WS10M,2023,5,1.86
CTN_008,WS10M,2023,6,2.01
CTN_008,WS10M,2023,7,1.72
CTN_008,WS10M,2023,8,1.71
CTN_008,WS10M,2023,9,1.55
CTN_008,WS10M,2023,10,1.86
CTN_008,WS10M,2023,11,1.79
CTN_008,WS10M,2023,12,1.84
CTN_008,WS10M,2024,1,2.04
CTN_008,WS10M,2024,2,2.32
CTN_008,WS10M,2024,3,2.68
CTN_008,WS10M,2024,4,2.55
CTN_008,WS10M,2024,5,2.2
CTN_008,WS10M,2024,6,1.93
CTN_008,WS10M,2024,7,1.64
CTN_008,WS10M,2024,8,1.47
CTN_008,WS10M,2024,9,1.72
CTN_008,WS10M,2024,10,1.91
CTN_008,WS10M,2024,11,1.84
CTN_008,WS10M,2024,12,1.97
CTN_009,ALLSKY_SFC_SW_DWN,2015,1,5.0042
CTN_009,ALLSKY_SFC_SW_DWN,2015,2,5.64
CTN_009,ALLSKY_SFC_SW_DWN,2015,3,6.0809
CTN_009,ALLSKY_SFC_SW_DWN,2015,4,6.8652
CTN_009,ALLSKY_SFC_SW_DWN,2015,5,6.1538
CTN_009,ALLSKY_SFC_SW_DWN,2015,6,6.0982
CTN_009,ALLSKY_SFC_SW_DWN,2015,7,6.4958
CTN_009,ALLSKY_SFC_SW_DWN,2015,8,6.7625
CTN_009,ALLSKY_SFC_SW_DWN,2015,9,5.5152
CTN_009,ALLSKY_SFC_SW_DWN,2015,10,5.2478
CTN_009,ALLSKY_SFC_SW_DWN,2015,11,5.046
CTN_009,ALLSKY_SFC_SW_DWN,2015,12,4.5418
CTN_009,ALLSKY_SFC_SW_DWN,2016,1,4.2569
CTN_009,ALLSKY_SFC_SW_DWN,2016,2,5.9515
CTN_009,ALLSKY_SFC_SW_DWN,2016,3,6.0209
CTN_009,ALLSKY_SFC_SW_DWN,2016,4,6.8695
CTN_009,ALLSKY_SFC_SW_DWN,2016,5,6.5602
CTN_009,ALLSKY_SFC_SW_DWN,2016,6,6.3862
CTN_009,ALLSKY_SFC_SW_DWN,2016,7,6.685
CTN_009,ALLSKY_SFC_SW_DWN,2016,8,6.2203
CTN_009,ALLSKY_SFC_SW_DWN,2016,9,5.8402
CTN_009,ALLSKY_SFC_SW_DWN,2016,10,5.7041
CTN_009,ALLSKY_SFC_SW_DWN,2016,11,5.021
CTN_009,ALLSKY_SFC_SW_DWN,2016,12,5.0251
CTN_009,ALLSKY_SFC_SW_DWN,2017,1,5.4362
CTN_009,ALLSKY_SFC_SW_DWN,2017,2,6.2479
CTN_009,ALLSKY_SFC_SW_DWN,2017,3,6.6509
CTN_009,ALLSKY_SFC_SW_DWN,2017,4,6.9857
CTN_009,ALLSKY_SFC_SW_DWN,2017,5,6.3516
CTN_009,ALLSKY_SFC_SW_DWN,2017,6,6.2203
CTN_009,ALLSKY_SFC_SW_DWN,2017,7,6.4469
CTN_009,ALLSKY_SFC_SW_DWN,2017,8,6.1529
CTN_009,ALLSKY_SFC_SW_DWN,2017,9,5.1929
CTN_009,ALLSKY_SFC_SW_DWN,2017,10,5.6141
CTN_009,ALLSKY_SFC_SW_DWN,2017,11,5.5771
CTN_009,ALLSKY_SFC_SW_DWN,2017,12,5.1017
CTN_009,ALLSKY_SFC_SW_DWN,2018,1,4.9901
CTN_009,ALLSKY_SFC_SW_DWN,2018,2,5.7413
CTN_009,ALLSKY_SFC_SW_DWN,2018,3,6.8285
CTN_009,ALLSKY_SFC_SW_DWN,2018,4,6.8122
CTN_009,ALLSKY_SFC_SW_DWN,2018,5,6.6938
CTN_009,ALLSKY_SFC_SW_DWN,2018,6,5.9774
CTN_009,ALLSKY_SFC_SW_DWN,2018,7,7.1438
CTN_009,ALLSKY_SFC_SW_DWN,2018,8,6.239
CTN_009,ALLSKY_SFC_SW_DWN,2018,9,6.1246
CTN_009,ALLSKY_SFC_SW_DWN,2018,10,5.3028
CTN_009,ALLSKY_SFC_SW_DWN,2018,11,4.5922
CTN_009,ALLSKY_SFC_SW_DWN,2018,12,4.925
CTN_009,ALLSKY_SFC_SW_DWN,2019,1,5.2133
CTN_009,ALLSKY_SFC_SW_DWN,2019,2,6.162
CTN_009,ALLSKY_SFC_SW_DWN,2019,3,6.8842
CTN_009,ALLSKY_SFC_SW_DWN,2019,4,7.2686
CTN_009,ALLSKY_SFC_SW_DWN,2019,5,6.6787
CTN_009,ALLSKY_SFC_SW_DWN,2019,6,6.1706
CTN_009,ALLSKY_SFC_SW_DWN,2019,7,6.6283
CTN_009,ALLSKY_SFC_SW_DWN,2019,8,6.6173
CTN_009,ALLSKY_SFC_SW_DWN,2019,9,5.7451
CTN_009,ALLSKY_SFC_SW_DWN,2019,10,5.0966
CTN_009,ALLSKY_SFC_SW_DWN,2019,11,4.9625
CTN_009,ALLSKY_SFC_SW_DWN,2019,12,4.9049
CTN_009,ALLSKY_SFC_SW_DWN,2020,1,5.1883
CTN_009,ALLSKY_SFC_SW_DWN,2020,2,5.8668
CTN_009,ALLSKY_SFC_SW_DWN,2020,3,6.7982
CTN_009,ALLSKY_SFC_SW_DWN,2020,4,7.2485
CTN_009,ALLSKY_SFC_SW_DWN,2020,5,7.0973
CTN_009,ALLSKY_SFC_SW_DWN,2020,6,6.2933
CTN_009,ALLSKY_SFC_SW_DWN,2020,7,6.5074
CTN_009,ALLSKY_SFC_SW_DWN,2020,8,6.1306
CTN_009,ALLSKY_SFC_SW_DWN,2020,9,5.3494
CTN_009,ALLSKY_SFC_SW_DWN,2020,10,5.976
CTN_009,ALLSKY_SFC_SW_DWN,2020,11,5.4521
CTN_009,ALLSKY_SFC_SW_DWN,2020,12,4.9147
CTN_009,ALLSKY_SFC_SW_DWN,2021,1,4.9764
CTN_009,ALLSKY_SFC_SW_DWN,2021,2,6.3355
CTN_009,ALLSKY_SFC_SW_DWN,2021,3,6.9571
CTN_009,ALLSKY_SFC_SW_DWN,2021,4,7.3402
CTN_009,ALLSKY_SFC_SW_DWN,2021,5,6.7056
CTN_009,ALLSKY_SFC_SW_DWN,2021,6,5.4377
CTN_009,ALLSKY_SFC_SW_DWN,2021,7,6.5021
CTN_009,ALLSKY_SFC_SW_DWN,2021,8,6.0288
CTN_009,ALLSKY_SFC_SW_DWN,2021,9,5.6546
CTN_009,ALLSKY_SFC_SW_DWN,2021,10,5.4322
CTN_009,ALLSKY_SFC_SW_DWN,2021,11,5.4353
CTN_009,ALLSKY_SFC_SW_DWN,2021,12,5.076
CTN_009,ALLSKY_SFC_SW_DWN,2022,1,5.1346
CTN_009,ALLSKY_SFC_SW_DWN,2022,2,6.0017
CTN_009,ALLSKY_SFC_SW_DWN,2022,3,7.147
CTN_009,ALLSKY_SFC_SW_DWN,2022,4,7.1131
CTN_009,ALLSKY_SFC_SW_DWN,2022,5,7.0704
CTN_009,ALLSKY_SFC_SW_DWN,2022,6,6.3852
CTN_009,ALLSKY_SFC_SW_DWN,2022,7,6.3862
CTN_009,ALLSKY_SFC_SW_DWN,2022,8,6.2191
CTN_009,ALLSKY_SFC_SW_DWN,2022,9,5.4391
CTN_009,ALLSKY_SFC_SW_DWN,2022,10,5.309
CTN_009,ALLSKY_SFC_SW_DWN,2022,11,5.1178
CTN_009,ALLSKY_SFC_SW_DWN,2022,12,4.8662
CTN_009,ALLSKY_SFC_SW_DWN,2023,1,5.3026
CTN_009,ALLSKY_SFC_SW_DWN,2023,2,6.1721
CTN_009,ALLSKY_SFC_SW_DWN,2023,3,6.8693
CTN_009,ALLSKY_SFC_SW_DWN,2023,4,7.2379
CTN_009,ALLSKY_SFC_SW_DWN,2023,5,6.3526
CTN_009,ALLSKY_SFC_SW_DWN,2023,6,7.0075
CTN_009,ALLSKY_SFC_SW_DWN,2023,7,6.397
CTN_009,ALLSKY_SFC_SW_DWN,2023,8,5.9563
CTN_009,ALLSKY_SFC_SW_DWN,2023,9,6.3101
CTN_009,ALLSKY_SFC_SW_DWN,2023,10,5.077
CTN_009,ALLSKY_SFC_SW_DWN,2023,11,5.0887
CTN_009,ALLSKY_SFC_SW_DWN,2023,12,4.4184
CTN_009,ALLSKY_SFC_SW_DWN,2024,1,4.8682
CTN_009,ALLSKY_SFC_SW_DWN,2024,2,5.8963
CTN_009,ALLSKY_SFC_SW_DWN,2024,3,7.1731
CTN_009,ALLSKY_SFC_SW_DWN,2024,4,7.3219
CTN_009,ALLSKY_SFC_SW_DWN,2024,5,7.0387
CTN_009,ALLSKY_SFC_SW_DWN,2024,6,6.114
CTN_009,ALLSKY_SFC_SW_DWN,2024,7,6.0914
CTN_009,ALLSKY_SFC_SW_DWN,2024,8,6.3307
CTN_009,ALLSKY_SFC_SW_DWN,2024,9,5.0808
CTN_009,ALLSKY_SFC_SW_DWN,2024,10,5.4211
CTN_009,ALLSKY_SFC_SW_DWN,2024,11,5.292
CTN_009,ALLSKY_SFC_SW_DWN,2024,12,4.8595
CTN_009,PRECTOTCORR,2015,1,0.03
CTN_009,PRECTOTCORR,2015,2,0.13
CTN_009,PRECTOTCORR,2015,3,1.59
CTN_009,PRECTOTCORR,2015,4,0.46
CTN_009,PRECTOTCORR,2015,5,4.17
CTN_009,PRECTOTCORR,2015,6,4.03
CTN_009,PRECTOTCORR,2015,7,4.22
CTN_009,PRECTOTCORR,2015,8,4.58
CTN_009,PRECTOTCORR,2015,9,6.18
CTN_009,PRECTOTCORR,2015,10,1.82
CTN_009,PRECTOTCORR,2015,11,0.73
CTN_009,PRECTOTCORR,2015,12,0.15
CTN_009,PRECTOTCORR,2016,1,0.27
CTN_009,PRECTOTCORR,2016,2,0.11
CTN_009,PRECTOTCORR,2016,3,1.46
CTN_009,PRECTOTCORR,2016,4,0.84
CTN_009,PRECTOTCORR,2016,5,2.25
CTN_009,PRECTOTCORR,2016,6,6.85
CTN_009,PRECTOTCORR,2016,7,6.45
CTN_009,PRECTOTCORR,2016,8,7.01
CTN_009,PRECTOTCORR,2016,9,6.34
CTN_009,PRECTOTCORR,2016,10,1.1
CTN_009,PRECTOTCORR,2016,11,1.44
CTN_009,PRECTOTCORR,2016,12,0.07
CTN_009,PRECTOTCORR,2017,1,0.0
CTN_009,PRECTOTCORR,2017,2,0.01
CTN_009,PRECTOTCORR,2017,3,0.49
CTN_009,PRECTOTCORR,2017,4,0.47
CTN_009,PRECTOTCORR,2017,5,3.27
CTN_009,PRECTOTCORR,2017,6,5.26
CTN_009,PRECTOTCORR,2017,7,5.91
CTN_009,PRECTOTCORR,2017,8,7.37
CTN_009,PRECTOTCORR,2017,9,6.97
CTN_009,PRECTOTCORR,2017,10,1.7
CTN_009,PRECTOTCORR,2017,11,0.08
CTN_009,PRECTOTCORR,2017,12,0.01
CTN_009,PRECTOTCORR,2018,1,0.23
CTN_009,PRECTOTCORR,2018,2,0.31
CTN_009,PRECTOTCORR,2018,3,0.23
CTN_009,PRECTOTCORR,2018,4,1.51
CTN_009,PRECTOTCORR,2018,5,2.92
CTN_009,PRECTOTCORR,2018,6,8.05
CTN_009,PRECTOTCORR,2018,7,2.72
CTN_009,PRECTOTCORR,2018,8,8.15
CTN_009,PRECTOTCORR,2018,9,5.91
CTN_009,PRECTOTCORR,2018,10,3.69
CTN_009,PRECTOTCORR,2018,11,1.55
CTN_009,PRECTOTCORR,2018,12,0.1
CTN_009,PRECTOTCORR,2019,1,0.08
CTN_009,PRECTOTCORR,2019,2,0.13
CTN_009,PRECTOTCORR,2019,3,0.18
CTN_009,PRECTOTCORR,2019,4,0.2
CTN_009,PRECTOTCORR,2019,5,1.57
CTN_009,PRECTOTCORR,2019,6,5.45
CTN_009,PRECTOTCORR,2019,7,5.75
CTN_009,PRECTOTCORR,2019,8,5.08
CTN_009,PRECTOTCORR,2019,9,5.34
CTN_009,PRECTOTCORR,2019,10,4.64
CTN_009,PRECTOTCORR,2019,11,0.9
CTN_009,PRECTOTCORR,2019,12,0.01
CTN_009,PRECTOTCORR,2020,1,0.22
CTN_009,PRECTOTCORR,2020,2,0.19
CTN_009,PRECTOTCORR,2020,3,0.4
CTN_009,PRECTOTCORR,2020,4,0.75
CTN_009,PRECTOTCORR,2020,5,0.99
CTN_009,PRECTOTCORR,2020,6,4.05
CTN_009,PRECTOTCORR,2020,7,5.99
CTN_009,PRECTOTCORR,2020,8,6.12
CTN_009,PRECTOTCORR,2020,9,6.35
CTN_009,PRECTOTCORR,2020,10,0.9
CTN_009,PRECTOTCORR,2020,11,0.07
CTN_009,PRECTOTCORR,2020,12,0.08
CTN_009,PRECTOTCORR,2021,1,0.22
CTN_009,PRECTOTCORR,2021,2,0.3
CTN_009,PRECTOTCORR,2021,3,0.68
CTN_009,PRECTOTCORR,2021,4,0.39
CTN_009,PRECTOTCORR,2021,5,3.2
CTN_009,PRECTOTCORR,2021,6,7.13
CTN_009,PRECTOTCORR,2021,7,4.83
CTN_009,PRECTOTCORR,2021,8,6.49
CTN_009,PRECTOTCORR,2021,9,6.72
CTN_009,PRECTOTCORR,2021,10,2.19
CTN_009,PRECTOTCORR,2021,11,0.17
CTN_009,PRECTOTCORR,2021,12,0.03
CTN_009,PRECTOTCORR,2022,1,0.31
CTN_009,PRECTOTCORR,2022,2,0.1
CTN_009,PRECTOTCORR,2022,3,0.16
CTN_009,PRECTOTCORR,2022,4,1.16
CTN_009,PRECTOTCORR,2022,5,1.06
CTN_009,PRECTOTCORR,2022,6,4.69
CTN_009,PRECTOTCORR,2022,7,5.32
CTN_009,PRECTOTCORR,2022,8,5.69
CTN_009,PRECTOTCORR,2022,9,5.64
CTN_009,PRECTOTCORR,2022,10,2.02
CTN_009,PRECTOTCORR,2022,11,0.43
CTN_009,PRECTOTCORR,2022,12,0.15
CTN_009,PRECTOTCORR,2023,1,0.01
CTN_009,PRECTOTCORR,2023,2,0.01
CTN_009,PRECTOTCORR,2023,3,0.39
CTN_009,PRECTOTCORR,2023,4,1.29
CTN_009,PRECTOTCORR,2023,5,1.37
CTN_009,PRECTOTCORR,2023,6,0.42
CTN_009,PRECTOTCORR,2023,7,5.08
CTN_009,PRECTOTCORR,2023,8,5.71
CTN_009,PRECTOTCORR,2023,9,3.1
CTN_009,PRECTOTCORR,2023,10,3.4
CTN_009,PRECTOTCORR,2023,11,2.23
CTN_009,PRECTOTCORR,2023,12,0.29
CTN_009,PRECTOTCORR,2024,1,0.05
CTN_009,PRECTOTCORR,2024,2,0.54
CTN_009,PRECTOTCORR,2024,3,0.0
CTN_009,PRECTOTCORR,2024,4,0.23
CTN_009,PRECTOTCORR,2024,5,0.96
CTN_009,PRECTOTCORR,2024,6,4.14
CTN_009,PRECTOTCORR,2024,7,8.57
CTN_009,PRECTOTCORR,2024,8,7.59
CTN_009,PRECTOTCORR,2024,9,8.74
CTN_009,PRECTOTCORR,2024,10,2.28
CTN_009,PRECTOTCORR,2024,11,0.4
CTN_009,PRECTOTCORR,2024,12,0.08
CTN_009,T2M,2015,1,14.83
CTN_009,T2M,2015,2,16.02
CTN_009,T2M,2015,3,17.32
CTN_009,T2M,2015,4,20.6
CTN_009,T2M,2015,5,19.65
CTN_009,T2M,2015,6,18.6
CTN_009,T2M,2015,7,18.15
CTN_009,T2M,2015,8,18.39
CTN_009,T2M,2015,9,17.24
CTN_009,T2M,2015,10,17.39
CTN_009,T2M,2015,11,17.73
CTN_009,T2M,2015,12,16.32
CTN_009,T2M,2016,1,14.06
CTN_009,T2M,2016,2,16.18
CTN_009,T2M,2016,3,17.16
CTN_009,T2M,2016,4,20.42
CTN_009,T2M,2016,5,22.12
CTN_009,T2M,2016,6,18.83
CTN_009,T2M,2016,7,18.2
CTN_009,T2M,2016,8,18.02
CTN_009,T2M,2016,9,17.5
CTN_009,T2M,2016,10,17.01
CTN_009,T2M,2016,11,15.76
CTN_009,T2M,2016,12,16.0
CTN_009,T2M,2017,1,15.1
CTN_009,T2M,2017,2,16.44
CTN_009,T2M,2017,3,18.72
CTN_009,T2M,2017,4,20.14
CTN_009,T2M,2017,5,21.47
CTN_009,T2M,2017,6,19.64
CTN_009,T2M,2017,7,17.86
CTN_009,T2M,2017,8,18.22
CTN_009,T2M,2017,9,17.25
CTN_009,T2M,2017,10,16.67
CTN_009,T2M,2017,11,15.67
CTN_009,T2M,2017,12,14.72
CTN_009,T2M,2018,1,14.11
CTN_009,T2M,2018,2,17.2
CTN_009,T2M,2018,3,19.68
CTN_009,T2M,2018,4,20.32
CTN_009,T2M,2018,5,20.65
CTN_009,T2M,2018,6,18.56
CTN_009,T2M,2018,7,18.67
CTN_009,T2M,2018,8,17.54
CTN_009,T2M,2018,9,17.53
CTN_009,T2M,2018,10,17.13
CTN_009,T2M,2018,11,15.65
CTN_009,T2M,2018,12,14.54
CTN_009,T2M,2019,1,14.89
CTN_009,T2M,2019,2,17.62
CTN_009,T2M,2019,3,19.36
CTN_009,T2M,2019,4,20.36
CTN_009,T2M,2019,5,21.89
CTN_009,T2M,2019,6,20.14
CTN_009,T2M,2019,7,18.23
CTN_009,T2M,2019,8,18.44
CTN_009,T2M,2019,9,17.82
CTN_009,T2M,2019,10,17.23
CTN_009,T2M,2019,11,16.84
CTN_009,T2M,2019,12,15.45
CTN_009,T2M,2020,1,15.22
CTN_009,T2M,2020,2,17.55
CTN_009,T2M,2020,3,20.06
CTN_009,T2M,2020,4,21.87
CTN_009,T2M,2020,5,21.25
CTN_009,T2M,2020,6,20.59
CTN_009,T2M,2020,7,18.82
CTN_009,T2M,2020,8,18.03
CTN_009,T2M,2020,9,17.5
CTN_009,T2M,2020,10,16.5
CTN_009,T2M,2020,11,16.54
CTN_009,T2M,2020,12,15.68
CTN_009,T2M,2021,1,16.15
CTN_009,T2M,2021,2,16.7
CTN_009,T2M,2021,3,19.52
CTN_009,T2M,2021,4,20.77
CTN_009,T2M,2021,5,20.37
CTN_009,T2M,2021,6,18.24
CTN_009,T2M,2021,7,18.04
CTN_009,T2M,2021,8,17.88
CTN_009,T2M,2021,9,17.27
CTN_009,T2M,2021,10,17.34
CTN_009,T2M,2021,11,15.62
CTN_009,T2M,2021,12,15.97
CTN_009,T2M,2022,1,15.65
CTN_009,T2M,2022,2,16.67
CTN_009,T2M,2022,3,18.76
CTN_009,T2M,2022,4,21.25
CTN_009,T2M,2022,5,22.18
CTN_009,T2M,2022,6,19.62
CTN_009,T2M,2022,7,19.22
CTN_009,T2M,2022,8,18.27
CTN_009,T2M,2022,9,17.51
CTN_009,T2M,2022,10,17.54
CTN_009,T2M,2022,11,17.31
CTN_009,T2M,2022,12,15.1
CTN_009,T2M,2023,1,15.68
CTN_009,T2M,2023,2,17.19
CTN_009,T2M,2023,3,19.5
CTN_009,T2M,2023,4,20.54
CTN_009,T2M,2023,5,21.18
CTN_009,T2M,2023,6,23.27
CTN_009,T2M,2023,7,20.1
CTN_009,T2M,2023,8,19.13
CTN_009,T2M,2023,9,19.1
CTN_009,T2M,2023,10,18.35
CTN_009,T2M,2023,11,17.39
CTN_009,T2M,2023,12,14.95
CTN_009,T2M,2024,1,15.81
CTN_009,T2M,2024,2,17.58
CTN_009,T2M,2024,3,20.05
CTN_009,T2M,2024,4,21.94
CTN_009,T2M,2024,5,24.26
CTN_009,T2M,2024,6,22.05
CTN_009,T2M,2024,7,18.83
CTN_009,T2M,2024,8,18.67
CTN_009,T2M,2024,9,18.11
CTN_009,T2M,2024,10,16.51
CTN_009,T2M,2024,11,16.84
CTN_009,T2M,2024,12,15.45
CTN_009,T2M_MAX,2015,1,26.34
CTN_009,T2M_MAX,2015,2,28.99
CTN_009,T2M_MAX,2015,3,30.07
CTN_009,T2M_MAX,2015,4,31.26
CTN_009,T2M_MAX,2015,5,30.17
CTN_009,T2M_MAX,2015,6,28.08
CTN_009,T2M_MAX,2015,7,27.54
CTN_009,T2M_MAX,2015,8,27.05
CTN_009,T2M_MAX,2015,9,25.0
CTN_009,T2M_MAX,2015,10,27.39
CTN_009,T2M_MAX,2015,11,26.67
CTN_009,T2M_MAX,2015,12,26.85
CTN_009,T2M_MAX,2016,1,25.56
CTN_009,T2M_MAX,2016,2,28.77
CTN_009,T2M_MAX,2016,3,30.02
CTN_009,T2M_MAX,2016,4,32.42
CTN_009,T2M_MAX,2016,5,33.15
CTN_009,T2M_MAX,2016,6,27.82
CTN_009,T2M_MAX,2016,7,26.22
CTN_009,T2M_MAX,2016,8,25.7
CTN_009,T2M_MAX,2016,9,24.31
CTN_009,T2M_MAX,2016,10,25.49
CTN_009,T2M_MAX,2016,11,25.65
CTN_009,T2M_MAX,2016,12,25.91
CTN_009,T2M_MAX,2017,1,27.68
CTN_009,T2M_MAX,2017,2,28.47
CTN_009,T2M_MAX,2017,3,30.55
CTN_009,T2M_MAX,2017,4,32.77
CTN_009,T2M_MAX,2017,5,32.74
CTN_009,T2M_MAX,2017,6,30.32
CTN_009,T2M_MAX,2017,7,25.54
CTN_009,T2M_MAX,2017,8,26.73
CTN_009,T2M_MAX,2017,9,25.16
CTN_009,T2M_MAX,2017,10,25.57
CTN_009,T2M_MAX,2017,11,27.09
CTN_009,T2M_MAX,2017,12,25.9
CTN_009,T2M_MAX,2018,1,26.21
CTN_009,T2M_MAX,2018,2,28.04
CTN_009,T2M_MAX,2018,3,31.77
CTN_009,T2M_MAX,2018,4,31.71
CTN_009,T2M_MAX,2018,5,34.6
CTN_009,T2M_MAX,2018,6,32.57
CTN_009,T2M_MAX,2018,7,27.75
CTN_009,T2M_MAX,2018,8,25.75
CTN_009,T2M_MAX,2018,9,24.54
CTN_009,T2M_MAX,2018,10,24.58
CTN_009,T2M_MAX,2018,11,25.49
CTN_009,T2M_MAX,2018,12,24.7
CTN_009,T2M_MAX,2019,1,26.41
CTN_009,T2M_MAX,2019,2,29.48
CTN_009,T2M_MAX,2019,3,31.23
CTN_009,T2M_MAX,2019,4,33.64
CTN_009,T2M_MAX,2019,5,32.79
CTN_009,T2M_MAX,2019,6,31.57
CTN_009,T2M_MAX,2019,7,27.5
CTN_009,T2M_MAX,2019,8,26.39
CTN_009,T2M_MAX,2019,9,26.01
CTN_009,T2M_MAX,2019,10,25.55
CTN_009,T2M_MAX,2019,11,25.5
CTN_009,T2M_MAX,2019,12,26.89
CTN_009,T2M_MAX,2020,1,26.15
CTN_009,T2M_MAX,2020,2,30.83
CTN_009,T2M_MAX,2020,3,32.72
CTN_009,T2M_MAX,2020,4,32.3
CTN_009,T2M_MAX,2020,5,32.26
CTN_009,T2M_MAX,2020,6,32.9
CTN_009,T2M_MAX,2020,7,28.0
CTN_009,T2M_MAX,2020,8,26.17
CTN_009,T2M_MAX,2020,9,26.19
CTN_009,T2M_MAX,2020,10,26.56
CTN_009,T2M_MAX,2020,11,28.02
CTN_009,T2M_MAX,2020,12,26.42
CTN_009,T2M_MAX,2021,1,29.0
CTN_009,T2M_MAX,2021,2,29.45
CTN_009,T2M_MAX,2021,3,32.67
CTN_009,T2M_MAX,2021,4,32.24
CTN_009,T2M_MAX,2021,5,30.99
CTN_009,T2M_MAX,2021,6,30.16
CTN_009,T2M_MAX,2021,7,26.24
CTN_009,T2M_MAX,2021,8,25.81
CTN_009,T2M_MAX,2021,9,24.52
CTN_009,T2M_MAX,2021,10,26.39
CTN_009,T2M_MAX,2021,11,25.22
CTN_009,T2M_MAX,2021,12,27.56
CTN_009,T2M_MAX,2022,1,27.25
CTN_009,T2M_MAX,2022,2,29.37
CTN_009,T2M_MAX,2022,3,31.4
CTN_009,T2M_MAX,2022,4,34.11
CTN_009,T2M_MAX,2022,5,33.43
CTN_009,T2M_MAX,2022,6,31.79
CTN_009,T2M_MAX,2022,7,28.62
CTN_009,T2M_MAX,2022,8,26.73
CTN_009,T2M_MAX,2022,9,25.07
CTN_009,T2M_MAX,2022,10,26.97
CTN_009,T2M_MAX,2022,11,26.52
CTN_009,T2M_MAX,2022,12,26.3
CTN_009,T2M_MAX,2023,1,27.96
CTN_009,T2M_MAX,2023,2,30.05
CTN_009,T2M_MAX,2023,3,31.32
CTN_009,T2M_MAX,2023,4,33.28
CTN_009,T2M_MAX,2023,5,32.69
CTN_009,T2M_MAX,2023,6,34.65
CTN_009,T2M_MAX,2023,7,29.87
CTN_009,T2M_MAX,2023,8,28.73
CTN_009,T2M_MAX,2023,9,28.75
CTN_009,T2M_MAX,2023,10,27.05
CTN_009,T2M_MAX,2023,11,28.43
CTN_009,T2M_MAX,2023,12,24.65
CTN_009,T2M_MAX,2024,1,28.2
CTN_009,T2M_MAX,2024,2,31.56
CTN_009,T2M_MAX,2024,3,32.33
CTN_009,T2M_MAX,2024,4,33.46
CTN_009,T2M_MAX,2024,5,35.62
CTN_009,T2M_MAX,2024,6,35.07
CTN_009,T2M_MAX,2024,7,28.48
CTN_009,T2M_MAX,2024,8,25.45
CTN_009,T2M_MAX,2024,9,25.13
CTN_009,T2M_MAX,2024,10,24.96
CTN_009,T2M_MAX,2024,11,26.88
CTN_009,T2M_MAX,2024,12,26.39
CTN_009,WS10M,2015,1,2.15
CTN_009,WS10M,2015,2,2.11
CTN_009,WS10M,2015,3,2.22
CTN_009,WS10M,2015,4,2.36
CTN_009,WS10M,2015,5,1.52
CTN_009,WS10M,2015,6,1.71
CTN_009,WS10M,2015,7,1.75
CTN_009,WS10M,2015,8,1.57
CTN_009,WS10M,2015,9,1.61
CTN_009,WS10M,2015,10,1.97
CTN_009,WS10M,2015,11,1.67
CTN_009,WS10M,2015,12,2.01
CTN_009,WS10M,2016,1,2.11
CTN_009,WS10M,2016,2,2.24
CTN_009,WS10M,2016,3,2.57
CTN_009,WS10M,2016,4,2.36
CTN_009,WS10M,2016,5,1.79
CTN_009,WS10M,2016,6,1.59
CTN_009,WS10M,2016,7,1.54
CTN_009,WS10M,2016,8,1.58
CTN_009,WS10M,2016,9,1.39
CTN_009,WS10M,2016,10,1.76
CTN_009,WS10M,2016,11,1.8
CTN_009,WS10M,2016,12,2.0
CTN_009,WS10M,2017,1,2.08
CTN_009,WS10M,2017,2,2.34
CTN_009,WS10M,2017,3,1.97
CTN_009,WS10M,2017,4,2.24
CTN_009,WS10M,2017,5,1.74
CTN_009,WS10M,2017,6,1.52
CTN_009,WS10M,2017,7,1.42
CTN_009,WS10M,2017,8,1.57
CTN_009,WS10M,2017,9,1.59
CTN_009,WS10M,2017,10,2.0
CTN_009,WS10M,2017,11,1.82
CTN_009,WS10M,2017,12,1.96
CTN_009,WS10M,2018,1,2.22
CTN_009,WS10M,2018,2,2.01
CTN_009,WS10M,2018,3,2.12
CTN_009,WS10M,2018,4,2.06
CTN_009,WS10M,2018,5,1.44
CTN_009,WS10M,2018,6,1.93
CTN_009,WS10M,2018,7,1.38
CTN_009,WS10M,2018,8,1.42
CTN_009,WS10M,2018,9,1.54
CTN_009,WS10M,2018,10,1.67
CTN_009,WS10M,2018,11,1.67
CTN_009,WS10M,2018,12,1.92
CTN_009,WS10M,2019,1,1.93
CTN_009,WS10M,2019,2,2.05
CTN_009,WS10M,2019,3,2.27
CTN_009,WS10M,2019,4,2.45
CTN_009,WS10M,2019,5,2.23
CTN_009,WS10M,2019,6,1.75
CTN_009,WS10M,2019,7,1.45
CTN_009,WS10M,2019,8,1.56
CTN_009,WS10M,2019,9,1.56
CTN_009,WS10M,2019,10,1.73
CTN_009,WS10M,2019,11,1.71
CTN_009,WS10M,2019,12,1.95
CTN_009,WS10M,2020,1,2.16
CTN_009,WS10M,2020,2,2.21
CTN_009,WS10M,2020,3,2.07
CTN_009,WS10M,2020,4,2.35
CTN_009,WS10M,2020,5,2.12
CTN_009,WS10M,2020,6,1.68
CTN_009,WS10M,2020,7,1.69
CTN_009,WS10M,2020,8,1.64
CTN_009,WS10M,2020,9,1.65
CTN_009,WS10M,2020,10,2.08
CTN_009,WS10M,2020,11,2.47
CTN_009,WS10M,2020,12,1.98
CTN_009,WS10M,2021,1,2.03
CTN_009,WS10M,2021,2,2.27
CTN_009,WS10M,2021,3,1.98
CTN_009,WS10M,2021,4,2.52
CTN_009,WS10M,2021,5,1.89
CTN_009,WS10M,2021,6,1.93
CTN_009,WS10M,2021,7,1.7
CTN_009,WS10M,2021,8,1.7
CTN_009,WS10M,2021,9,1.63
CTN_009,WS10M,2021,10,1.67
CTN_009,WS10M,2021,11,1.73
CTN_009,WS10M,2021,12,1.91
CTN_009,WS10M,2022,1,1.97
CTN_009,WS10M,2022,2,2.15
CTN_009,WS10M,2022,3,2.37
CTN_009,WS10M,2022,4,1.96
CTN_009,WS10M,2022,5,1.91
CTN_009,WS10M,2022,6,1.87
CTN_009,WS10M,2022,7,1.51
CTN_009,WS10M,2022,8,1.53
CTN_009,WS10M,2022,9,1.68
CTN_009,WS10M,2022,10,1.66
CTN_009,WS10M,2022,11,1.66
CTN_009,WS10M,2022,12,2.04
CTN_009,WS10M,2023,1,2.12
CTN_009,WS10M,2023,2,2.28
CTN_009,WS10M,2023,3,2.22
CTN_009,WS10M,2023,4,2.42
CTN_009,WS10M,2023,5,1.86
CTN_009,WS10M,2023,6,2.01
CTN_009,WS10M,2023,7,1.72
CTN_009,WS10M,2023,8,1.71
CTN_009,WS10M,2023,9,1.55
CTN_009,WS10M,2023,10,1.86
CTN_009,WS10M,2023,11,1.79
CTN_009,WS10M,2023,12,1.84
CTN_009,WS10M,2024,1,2.04
CTN_009,WS10M,2024,2,2.32
CTN_009,WS10M,2024,3,2.68
CTN_009,WS10M,2024,4,2.55
CTN_009,WS10M,2024,5,2.2
CTN_009,WS10M,2024,6,1.93
CTN_009,WS10M,2024,7,1.64
CTN_009,WS10M,2024,8,1.47
CTN_009,WS10M,2024,9,1.72
CTN_009,WS10M,2024,10,1.91
CTN_009,WS10M,2024,11,1.84
CTN_009,WS10M,2024,12,1.97
CTN_010,ALLSKY_SFC_SW_DWN,2015,1,5.0042
CTN_010,ALLSKY_SFC_SW_DWN,2015,2,5.64
CTN_010,ALLSKY_SFC_SW_DWN,2015,3,6.0809
CTN_010,ALLSKY_SFC_SW_DWN,2015,4,6.8652
CTN_010,ALLSKY_SFC_SW_DWN,2015,5,6.1538
CTN_010,ALLSKY_SFC_SW_DWN,2015,6,6.0982
CTN_010,ALLSKY_SFC_SW_DWN,2015,7,6.4958
CTN_010,ALLSKY_SFC_SW_DWN,2015,8,6.7625
CTN_010,ALLSKY_SFC_SW_DWN,2015,9,5.5152
CTN_010,ALLSKY_SFC_SW_DWN,2015,10,5.2478
CTN_010,ALLSKY_SFC_SW_DWN,2015,11,5.046
CTN_010,ALLSKY_SFC_SW_DWN,2015,12,4.5418
CTN_010,ALLSKY_SFC_SW_DWN,2016,1,4.2569
CTN_010,ALLSKY_SFC_SW_DWN,2016,2,5.9515
CTN_010,ALLSKY_SFC_SW_DWN,2016,3,6.0209
CTN_010,ALLSKY_SFC_SW_DWN,2016,4,6.8695
CTN_010,ALLSKY_SFC_SW_DWN,2016,5,6.5602
CTN_010,ALLSKY_SFC_SW_DWN,2016,6,6.3862
CTN_010,ALLSKY_SFC_SW_DWN,2016,7,6.685
CTN_010,ALLSKY_SFC_SW_DWN,2016,8,6.2203
CTN_010,ALLSKY_SFC_SW_DWN,2016,9,5.8402
CTN_010,ALLSKY_SFC_SW_DWN,2016,10,5.7041
CTN_010,ALLSKY_SFC_SW_DWN,2016,11,5.021
CTN_010,ALLSKY_SFC_SW_DWN,2016,12,5.0251
CTN_010,ALLSKY_SFC_SW_DWN,2017,1,5.4362
CTN_010,ALLSKY_SFC_SW_DWN,2017,2,6.2479
CTN_010,ALLSKY_SFC_SW_DWN,2017,3,6.6509
CTN_010,ALLSKY_SFC_SW_DWN,2017,4,6.9857
CTN_010,ALLSKY_SFC_SW_DWN,2017,5,6.3516
CTN_010,ALLSKY_SFC_SW_DWN,2017,6,6.2203
CTN_010,ALLSKY_SFC_SW_DWN,2017,7,6.4469
CTN_010,ALLSKY_SFC_SW_DWN,2017,8,6.1529
CTN_010,ALLSKY_SFC_SW_DWN,2017,9,5.1929
CTN_010,ALLSKY_SFC_SW_DWN,2017,10,5.6141
CTN_010,ALLSKY_SFC_SW_DWN,2017,11,5.5771
CTN_010,ALLSKY_SFC_SW_DWN,2017,12,5.1017
CTN_010,ALLSKY_SFC_SW_DWN,2018,1,4.9901
CTN_010,ALLSKY_SFC_SW_DWN,2018,2,5.7413
CTN_010,ALLSKY_SFC_SW_DWN,2018,3,6.8285
CTN_010,ALLSKY_SFC_SW_DWN,2018,4,6.8122
CTN_010,ALLSKY_SFC_SW_DWN,2018,5,6.6938
CTN_010,ALLSKY_SFC_SW_DWN,2018,6,5.9774
CTN_010,ALLSKY_SFC_SW_DWN,2018,7,7.1438
CTN_010,ALLSKY_SFC_SW_DWN,2018,8,6.239
CTN_010,ALLSKY_SFC_SW_DWN,2018,9,6.1246
CTN_010,ALLSKY_SFC_SW_DWN,2018,10,5.3028
CTN_010,ALLSKY_SFC_SW_DWN,2018,11,4.5922
CTN_010,ALLSKY_SFC_SW_DWN,2018,12,4.925
CTN_010,ALLSKY_SFC_SW_DWN,2019,1,5.2133
CTN_010,ALLSKY_SFC_SW_DWN,2019,2,6.162
CTN_010,ALLSKY_SFC_SW_DWN,2019,3,6.8842
CTN_010,ALLSKY_SFC_SW_DWN,2019,4,7.2686
CTN_010,ALLSKY_SFC_SW_DWN,2019,5,6.6787
CTN_010,ALLSKY_SFC_SW_DWN,2019,6,6.1706
CTN_010,ALLSKY_SFC_SW_DWN,2019,7,6.6283
CTN_010,ALLSKY_SFC_SW_DWN,2019,8,6.6173
CTN_010,ALLSKY_SFC_SW_DWN,2019,9,5.7451
CTN_010,ALLSKY_SFC_SW_DWN,2019,10,5.0966
CTN_010,ALLSKY_SFC_SW_DWN,2019,11,4.9625
CTN_010,ALLSKY_SFC_SW_DWN,2019,12,4.9049
CTN_010,ALLSKY_SFC_SW_DWN,2020,1,5.1883
CTN_010,ALLSKY_SFC_SW_DWN,2020,2,5.8668
CTN_010,ALLSKY_SFC_SW_DWN,2020,3,6.7982
CTN_010,ALLSKY_SFC_SW_DWN,2020,4,7.2485
CTN_010,ALLSKY_SFC_SW_DWN,2020,5,7.0973
CTN_010,ALLSKY_SFC_SW_DWN,2020,6,6.2933
CTN_010,ALLSKY_SFC_SW_DWN,2020,7,6.5074
CTN_010,ALLSKY_SFC_SW_DWN,2020,8,6.1306
CTN_010,ALLSKY_SFC_SW_DWN,2020,9,5.3494
CTN_010,ALLSKY_SFC_SW_DWN,2020,10,5.976
CTN_010,ALLSKY_SFC_SW_DWN,2020,11,5.4521
CTN_010,ALLSKY_SFC_SW_DWN,2020,12,4.9147
CTN_010,ALLSKY_SFC_SW_DWN,2021,1,4.9764
CTN_010,ALLSKY_SFC_SW_DWN,2021,2,6.3355
CTN_010,ALLSKY_SFC_SW_DWN,2021,3,6.9571
CTN_010,ALLSKY_SFC_SW_DWN,2021,4,7.3402
CTN_010,ALLSKY_SFC_SW_DWN,2021,5,6.7056
CTN_010,ALLSKY_SFC_SW_DWN,2021,6,5.4377
CTN_010,ALLSKY_SFC_SW_DWN,2021,7,6.5021
CTN_010,ALLSKY_SFC_SW_DWN,2021,8,6.0288
CTN_010,ALLSKY_SFC_SW_DWN,2021,9,5.6546
CTN_010,ALLSKY_SFC_SW_DWN,2021,10,5.4322
CTN_010,ALLSKY_SFC_SW_DWN,2021,11,5.4353
CTN_010,ALLSKY_SFC_SW_DWN,2021,12,5.076
CTN_010,ALLSKY_SFC_SW_DWN,2022,1,5.1346
CTN_010,ALLSKY_SFC_SW_DWN,2022,2,6.0017
CTN_010,ALLSKY_SFC_SW_DWN,2022,3,7.147
CTN_010,ALLSKY_SFC_SW_DWN,2022,4,7.1131
CTN_010,ALLSKY_SFC_SW_DWN,2022,5,7.0704
CTN_010,ALLSKY_SFC_SW_DWN,2022,6,6.3852
CTN_010,ALLSKY_SFC_SW_DWN,2022,7,6.3862
CTN_010,ALLSKY_SFC_SW_DWN,2022,8,6.2191
CTN_010,ALLSKY_SFC_SW_DWN,2022,9,5.4391
CTN_010,ALLSKY_SFC_SW_DWN,2022,10,5.309
CTN_010,ALLSKY_SFC_SW_DWN,2022,11,5.1178
CTN_010,ALLSKY_SFC_SW_DWN,2022,12,4.8662
CTN_010,ALLSKY_SFC_SW_DWN,2023,1,5.3026
CTN_010,ALLSKY_SFC_SW_DWN,2023,2,6.1721
CTN_010,ALLSKY_SFC_SW_DWN,2023,3,6.8693
CTN_010,ALLSKY_SFC_SW_DWN,2023,4,7.2379
CTN_010,ALLSKY_SFC_SW_DWN,2023,5,6.3526
CTN_010,ALLSKY_SFC_SW_DWN,2023,6,7.0075
CTN_010,ALLSKY_SFC_SW_DWN,2023,7,6.397
CTN_010,ALLSKY_SFC_SW_DWN,2023,8,5.9563
CTN_010,ALLSKY_SFC_SW_DWN,2023,9,6.3101
CTN_010,ALLSKY_SFC_SW_DWN,2023,10,5.077
CTN_010,ALLSKY_SFC_SW_DWN,2023,11,5.0887
CTN_010,ALLSKY_SFC_SW_DWN,2023,12,4.4184
CTN_010,ALLSKY_SFC_SW_DWN,2024,1,4.8682
CTN_010,ALLSKY_SFC_SW_DWN,2024,2,5.8963
CTN_010,ALLSKY_SFC_SW_DWN,2024,3,7.1731
CTN_010,ALLSKY_SFC_SW_DWN,2024,4,7.3219
CTN_010,ALLSKY_SFC_SW_DWN,2024,5,7.0387
CTN_010,ALLSKY_SFC_SW_DWN,2024,6,6.114
CTN_010,ALLSKY_SFC_SW_DWN,2024,7,6.0914
CTN_010,ALLSKY_SFC_SW_DWN,2024,8,6.3307
CTN_010,ALLSKY_SFC_SW_DWN,2024,9,5.0808
CTN_010,ALLSKY_SFC_SW_DWN,2024,10,5.4211
CTN_010,ALLSKY_SFC_SW_DWN,2024,11,5.292
CTN_010,ALLSKY_SFC_SW_DWN,2024,12,4.8595
CTN_010,PRECTOTCORR,2015,1,0.03
CTN_010,PRECTOTCORR,2015,2,0.13
CTN_010,PRECTOTCORR,2015,3,1.59
CTN_010,PRECTOTCORR,2015,4,0.46
CTN_010,PRECTOTCORR,2015,5,4.17
CTN_010,PRECTOTCORR,2015,6,4.03
CTN_010,PRECTOTCORR,2015,7,4.22
CTN_010,PRECTOTCORR,2015,8,4.58
CTN_010,PRECTOTCORR,2015,9,6.18
CTN_010,PRECTOTCORR,2015,10,1.82
CTN_010,PRECTOTCORR,2015,11,0.73
CTN_010,PRECTOTCORR,2015,12,0.15
CTN_010,PRECTOTCORR,2016,1,0.27
CTN_010,PRECTOTCORR,2016,2,0.11
CTN_010,PRECTOTCORR,2016,3,1.46
CTN_010,PRECTOTCORR,2016,4,0.84
CTN_010,PRECTOTCORR,2016,5,2.25
CTN_010,PRECTOTCORR,2016,6,6.85
CTN_010,PRECTOTCORR,2016,7,6.45
CTN_010,PRECTOTCORR,2016,8,7.01
CTN_010,PRECTOTCORR,2016,9,6.34
CTN_010,PRECTOTCORR,2016,10,1.1
CTN_010,PRECTOTCORR,2016,11,1.44
CTN_010,PRECTOTCORR,2016,12,0.07
CTN_010,PRECTOTCORR,2017,1,0.0
CTN_010,PRECTOTCORR,2017,2,0.01
CTN_010,PRECTOTCORR,2017,3,0.49
CTN_010,PRECTOTCORR,2017,4,0.47
CTN_010,PRECTOTCORR,2017,5,3.27
CTN_010,PRECTOTCORR,2017,6,5.26
CTN_010,PRECTOTCORR,2017,7,5.91
CTN_010,PRECTOTCORR,2017,8,7.37
CTN_010,PRECTOTCORR,2017,9,6.97
CTN_010,PRECTOTCORR,2017,10,1.7
CTN_010,PRECTOTCORR,2017,11,0.08
CTN_010,PRECTOTCORR,2017,12,0.01
CTN_010,PRECTOTCORR,2018,1,0.23
CTN_010,PRECTOTCORR,2018,2,0.31
CTN_010,PRECTOTCORR,2018,3,0.23
CTN_010,PRECTOTCORR,2018,4,1.51
CTN_010,PRECTOTCORR,2018,5,2.92
CTN_010,PRECTOTCORR,2018,6,8.05
CTN_010,PRECTOTCORR,2018,7,2.72
CTN_010,PRECTOTCORR,2018,8,8.15
CTN_010,PRECTOTCORR,2018,9,5.91
CTN_010,PRECTOTCORR,2018,10,3.69
CTN_010,PRECTOTCORR,2018,11,1.55
CTN_010,PRECTOTCORR,2018,12,0.1
CTN_010,PRECTOTCORR,2019,1,0.08
CTN_010,PRECTOTCORR,2019,2,0.13
CTN_010,PRECTOTCORR,2019,3,0.18
CTN_010,PRECTOTCORR,2019,4,0.2
CTN_010,PRECTOTCORR,2019,5,1.57
CTN_010,PRECTOTCORR,2019,6,5.45
CTN_010,PRECTOTCORR,2019,7,5.75
CTN_010,PRECTOTCORR,2019,8,5.08
CTN_010,PRECTOTCORR,2019,9,5.34
CTN_010,PRECTOTCORR,2019,10,4.64
CTN_010,PRECTOTCORR,2019,11,0.9
CTN_010,PRECTOTCORR,2019,12,0.01
CTN_010,PRECTOTCORR,2020,1,0.22
CTN_010,PRECTOTCORR,2020,2,0.19
CTN_010,PRECTOTCORR,2020,3,0.4
CTN_010,PRECTOTCORR,2020,4,0.75
CTN_010,PRECTOTCORR,2020,5,0.99
CTN_010,PRECTOTCORR,2020,6,4.05
CTN_010,PRECTOTCORR,2020,7,5.99
CTN_010,PRECTOTCORR,2020,8,6.12
CTN_010,PRECTOTCORR,2020,9,6.35
CTN_010,PRECTOTCORR,2020,10,0.9
CTN_010,PRECTOTCORR,2020,11,0.07
CTN_010,PRECTOTCORR,2020,12,0.08
CTN_010,PRECTOTCORR,2021,1,0.22
CTN_010,PRECTOTCORR,2021,2,0.3
CTN_010,PRECTOTCORR,2021,3,0.68
CTN_010,PRECTOTCORR,2021,4,0.39
CTN_010,PRECTOTCORR,2021,5,3.2
CTN_010,PRECTOTCORR,2021,6,7.13
CTN_010,PRECTOTCORR,2021,7,4.83
CTN_010,PRECTOTCORR,2021,8,6.49
CTN_010,PRECTOTCORR,2021,9,6.72
CTN_010,PRECTOTCORR,2021,10,2.19
CTN_010,PRECTOTCORR,2021,11,0.17
CTN_010,PRECTOTCORR,2021,12,0.03
CTN_010,PRECTOTCORR,2022,1,0.31
CTN_010,PRECTOTCORR,2022,2,0.1
CTN_010,PRECTOTCORR,2022,3,0.16
CTN_010,PRECTOTCORR,2022,4,1.16
CTN_010,PRECTOTCORR,2022,5,1.06
CTN_010,PRECTOTCORR,2022,6,4.69
CTN_010,PRECTOTCORR,2022,7,5.32
CTN_010,PRECTOTCORR,2022,8,5.69
CTN_010,PRECTOTCORR,2022,9,5.64
CTN_010,PRECTOTCORR,2022,10,2.02
CTN_010,PRECTOTCORR,2022,11,0.43
CTN_010,PRECTOTCORR,2022,12,0.15
CTN_010,PRECTOTCORR,2023,1,0.01
CTN_010,PRECTOTCORR,2023,2,0.01
CTN_010,PRECTOTCORR,2023,3,0.39
CTN_010,PRECTOTCORR,2023,4,1.29
CTN_010,PRECTOTCORR,2023,5,1.37
CTN_010,PRECTOTCORR,2023,6,0.42
CTN_010,PRECTOTCORR,2023,7,5.08
CTN_010,PRECTOTCORR,2023,8,5.71
CTN_010,PRECTOTCORR,2023,9,3.1
CTN_010,PRECTOTCORR,2023,10,3.4
CTN_010,PRECTOTCORR,2023,11,2.23
CTN_010,PRECTOTCORR,2023,12,0.29
CTN_010,PRECTOTCORR,2024,1,0.05
CTN_010,PRECTOTCORR,2024,2,0.54
CTN_010,PRECTOTCORR,2024,3,0.0
CTN_010,PRECTOTCORR,2024,4,0.23
CTN_010,PRECTOTCORR,2024,5,0.96
CTN_010,PRECTOTCORR,2024,6,4.14
CTN_010,PRECTOTCORR,2024,7,8.57
CTN_010,PRECTOTCORR,2024,8,7.59
CTN_010,PRECTOTCORR,2024,9,8.74
CTN_010,PRECTOTCORR,2024,10,2.28
CTN_010,PRECTOTCORR,2024,11,0.4
CTN_010,PRECTOTCORR,2024,12,0.08
CTN_010,T2M,2015,1,14.83
CTN_010,T2M,2015,2,16.02
CTN_010,T2M,2015,3,17.32
CTN_010,T2M,2015,4,20.6
CTN_010,T2M,2015,5,19.65
CTN_010,T2M,2015,6,18.6
CTN_010,T2M,2015,7,18.15
CTN_010,T2M,2015,8,18.39
CTN_010,T2M,2015,9,17.24
CTN_010,T2M,2015,10,17.39
CTN_010,T2M,2015,11,17.73
CTN_010,T2M,2015,12,16.32
CTN_010,T2M,2016,1,14.06
CTN_010,T2M,2016,2,16.18
CTN_010,T2M,2016,3,17.16
CTN_010,T2M,2016,4,20.42
CTN_010,T2M,2016,5,22.12
CTN_010,T2M,2016,6,18.83
CTN_010,T2M,2016,7,18.2
CTN_010,T2M,2016,8,18.02
CTN_010,T2M,2016,9,17.5
CTN_010,T2M,2016,10,17.01
CTN_010,T2M,2016,11,15.76
CTN_010,T2M,2016,12,16.0
CTN_010,T2M,2017,1,15.1
CTN_010,T2M,2017,2,16.44
CTN_010,T2M,2017,3,18.72
CTN_010,T2M,2017,4,20.14
CTN_010,T2M,2017,5,21.47
CTN_010,T2M,2017,6,19.64
CTN_010,T2M,2017,7,17.86
CTN_010,T2M,2017,8,18.22
CTN_010,T2M,2017,9,17.25
CTN_010,T2M,2017,10,16.67
CTN_010,T2M,2017,11,15.67
CTN_010,T2M,2017,12,14.72
CTN_010,T2M,2018,1,14.11
CTN_010,T2M,2018,2,17.2
CTN_010,T2M,2018,3,19.68
CTN_010,T2M,2018,4,20.32
CTN_010,T2M,2018,5,20.65
CTN_010,T2M,2018,6,18.56
CTN_010,T2M,2018,7,18.67
CTN_010,T2M,2018,8,17.54
CTN_010,T2M,2018,9,17.53
CTN_010,T2M,2018,10,17.13
CTN_010,T2M,2018,11,15.65
CTN_010,T2M,2018,12,14.54
CTN_010,T2M,2019,1,14.89
CTN_010,T2M,2019,2,17.62
CTN_010,T2M,2019,3,19.36
CTN_010,T2M,2019,4,20.36
CTN_010,T2M,2019,5,21.89
CTN_010,T2M,2019,6,20.14
CTN_010,T2M,2019,7,18.23
CTN_010,T2M,2019,8,18.44
CTN_010,T2M,2019,9,17.82
CTN_010,T2M,2019,10,17.23
CTN_010,T2M,2019,11,16.84
CTN_010,T2M,2019,12,15.45
CTN_010,T2M,2020,1,15.22
CTN_010,T2M,2020,2,17.55
CTN_010,T2M,2020,3,20.06
CTN_010,T2M,2020,4,21.87
CTN_010,T2M,2020,5,21.25
CTN_010,T2M,2020,6,20.59
CTN_010,T2M,2020,7,18.82
CTN_010,T2M,2020,8,18.03
CTN_010,T2M,2020,9,17.5
CTN_010,T2M,2020,10,16.5
CTN_010,T2M,2020,11,16.54
CTN_010,T2M,2020,12,15.68
CTN_010,T2M,2021,1,16.15
CTN_010,T2M,2021,2,16.7
CTN_010,T2M,2021,3,19.52
CTN_010,T2M,2021,4,20.77
CTN_010,T2M,2021,5,20.37
CTN_010,T2M,2021,6,18.24
CTN_010,T2M,2021,7,18.04
CTN_010,T2M,2021,8,17.88
CTN_010,T2M,2021,9,17.27
CTN_010,T2M,2021,10,17.34
CTN_010,T2M,2021,11,15.62
CTN_010,T2M,2021,12,15.97
CTN_010,T2M,2022,1,15.65
CTN_010,T2M,2022,2,16.67
CTN_010,T2M,2022,3,18.76
CTN_010,T2M,2022,4,21.25
CTN_010,T2M,2022,5,22.18
CTN_010,T2M,2022,6,19.62
CTN_010,T2M,2022,7,19.22
CTN_010,T2M,2022,8,18.27
CTN_010,T2M,2022,9,17.51
CTN_010,T2M,2022,10,17.54
CTN_010,T2M,2022,11,17.31
CTN_010,T2M,2022,12,15.1
CTN_010,T2M,2023,1,15.68
CTN_010,T2M,2023,2,17.19
CTN_010,T2M,2023,3,19.5
CTN_010,T2M,2023,4,20.54
CTN_010,T2M,2023,5,21.18
CTN_010,T2M,2023,6,23.27
CTN_010,T2M,2023,7,20.1
CTN_010,T2M,2023,8,19.13
CTN_010,T2M,2023,9,19.1
CTN_010,T2M,2023,10,18.35
CTN_010,T2M,2023,11,17.39
CTN_010,T2M,2023,12,14.95
CTN_010,T2M,2024,1,15.81
CTN_010,T2M,2024,2,17.58
CTN_010,T2M,2024,3,20.05
CTN_010,T2M,2024,4,21.94
CTN_010,T2M,2024,5,24.26
CTN_010,T2M,2024,6,22.05
CTN_010,T2M,2024,7,18.83
CTN_010,T2M,2024,8,18.67
CTN_010,T2M,2024,9,18.11
CTN_010,T2M,2024,10,16.51
CTN_010,T2M,2024,11,16.84
CTN_010,T2M,2024,12,15.45
CTN_010,T2M_MAX,2015,1,26.34
CTN_010,T2M_MAX,2015,2,28.99
CTN_010,T2M_MAX,2015,3,30.07
CTN_010,T2M_MAX,2015,4,31.26
CTN_010,T2M_MAX,2015,5,30.17
CTN_010,T2M_MAX,2015,6,28.08
CTN_010,T2M_MAX,2015,7,27.54
CTN_010,T2M_MAX,2015,8,27.05
CTN_010,T2M_MAX,2015,9,25.0
CTN_010,T2M_MAX,2015,10,27.39
CTN_010,T2M_MAX,2015,11,26.67
CTN_010,T2M_MAX,2015,12,26.85
CTN_010,T2M_MAX,2016,1,25.56
CTN_010,T2M_MAX,2016,2,28.77
CTN_010,T2M_MAX,2016,3,30.02
CTN_010,T2M_MAX,2016,4,32.42
CTN_010,T2M_MAX,2016,5,33.15
CTN_010,T2M_MAX,2016,6,27.82
CTN_010,T2M_MAX,2016,7,26.22
CTN_010,T2M_MAX,2016,8,25.7
CTN_010,T2M_MAX,2016,9,24.31
CTN_010,T2M_MAX,2016,10,25.49
CTN_010,T2M_MAX,2016,11,25.65
CTN_010,T2M_MAX,2016,12,25.91
CTN_010,T2M_MAX,2017,1,27.68
CTN_010,T2M_MAX,2017,2,28.47
CTN_010,T2M_MAX,2017,3,30.55
CTN_010,T2M_MAX,2017,4,32.77
CTN_010,T2M_MAX,2017,5,32.74
CTN_010,T2M_MAX,2017,6,30.32
CTN_010,T2M_MAX,2017,7,25.54
CTN_010,T2M_MAX,2017,8,26.73
CTN_010,T2M_MAX,2017,9,25.16
CTN_010,T2M_MAX,2017,10,25.57
CTN_010,T2M_MAX,2017,11,27.09
CTN_010,T2M_MAX,2017,12,25.9
CTN_010,T2M_MAX,2018,1,26.21
CTN_010,T2M_MAX,2018,2,28.04
CTN_010,T2M_MAX,2018,3,31.77
CTN_010,T2M_MAX,2018,4,31.71
CTN_010,T2M_MAX,2018,5,34.6
CTN_010,T2M_MAX,2018,6,32.57
CTN_010,T2M_MAX,2018,7,27.75
CTN_010,T2M_MAX,2018,8,25.75
CTN_010,T2M_MAX,2018,9,24.54
CTN_010,T2M_MAX,2018,10,24.58
CTN_010,T2M_MAX,2018,11,25.49
CTN_010,T2M_MAX,2018,12,24.7
CTN_010,T2M_MAX,2019,1,26.41
CTN_010,T2M_MAX,2019,2,29.48
CTN_010,T2M_MAX,2019,3,31.23
CTN_010,T2M_MAX,2019,4,33.64
CTN_010,T2M_MAX,2019,5,32.79
CTN_010,T2M_MAX,2019,6,31.57
CTN_010,T2M_MAX,2019,7,27.5
CTN_010,T2M_MAX,2019,8,26.39
CTN_010,T2M_MAX,2019,9,26.01
CTN_010,T2M_MAX,2019,10,25.55
CTN_010,T2M_MAX,2019,11,25.5
CTN_010,T2M_MAX,2019,12,26.89
CTN_010,T2M_MAX,2020,1,26.15
CTN_010,T2M_MAX,2020,2,30.83
CTN_010,T2M_MAX,2020,3,32.72
CTN_010,T2M_MAX,2020,4,32.3
CTN_010,T2M_MAX,2020,5,32.26
CTN_010,T2M_MAX,2020,6,32.9
CTN_010,T2M_MAX,2020,7,28.0
CTN_010,T2M_MAX,2020,8,26.17
CTN_010,T2M_MAX,2020,9,26.19
CTN_010,T2M_MAX,2020,10,26.56
CTN_010,T2M_MAX,2020,11,28.02
CTN_010,T2M_MAX,2020,12,26.42
CTN_010,T2M_MAX,2021,1,29.0
CTN_010,T2M_MAX,2021,2,29.45
CTN_010,T2M_MAX,2021,3,32.67
CTN_010,T2M_MAX,2021,4,32.24
CTN_010,T2M_MAX,2021,5,30.99
CTN_010,T2M_MAX,2021,6,30.16
CTN_010,T2M_MAX,2021,7,26.24
CTN_010,T2M_MAX,2021,8,25.81
CTN_010,T2M_MAX,2021,9,24.52
CTN_010,T2M_MAX,2021,10,26.39
CTN_010,T2M_MAX,2021,11,25.22
CTN_010,T2M_MAX,2021,12,27.56
CTN_010,T2M_MAX,2022,1,27.25
CTN_010,T2M_MAX,2022,2,29.37
CTN_010,T2M_MAX,2022,3,31.4
CTN_010,T2M_MAX,2022,4,34.11
CTN_010,T2M_MAX,2022,5,33.43
CTN_010,T2M_MAX,2022,6,31.79
CTN_010,T2M_MAX,2022,7,28.62
CTN_010,T2M_MAX,2022,8,26.73
CTN_010,T2M_MAX,2022,9,25.07
CTN_010,T2M_MAX,2022,10,26.97
CTN_010,T2M_MAX,2022,11,26.52
CTN_010,T2M_MAX,2022,12,26.3
CTN_010,T2M_MAX,2023,1,27.96
CTN_010,T2M_MAX,2023,2,30.05
CTN_010,T2M_MAX,2023,3,31.32
CTN_010,T2M_MAX,2023,4,33.28
CTN_010,T2M_MAX,2023,5,32.69
CTN_010,T2M_MAX,2023,6,34.65
CTN_010,T2M_MAX,2023,7,29.87
CTN_010,T2M_MAX,2023,8,28.73
CTN_010,T2M_MAX,2023,9,28.75
CTN_010,T2M_MAX,2023,10,27.05
CTN_010,T2M_MAX,2023,11,28.43
CTN_010,T2M_MAX,2023,12,24.65
CTN_010,T2M_MAX,2024,1,28.2
CTN_010,T2M_MAX,2024,2,31.56
CTN_010,T2M_MAX,2024,3,32.33
CTN_010,T2M_MAX,2024,4,33.46
CTN_010,T2M_MAX,2024,5,35.62
CTN_010,T2M_MAX,2024,6,35.07
CTN_010,T2M_MAX,2024,7,28.48
CTN_010,T2M_MAX,2024,8,25.45
CTN_010,T2M_MAX,2024,9,25.13
CTN_010,T2M_MAX,2024,10,24.96
CTN_010,T2M_MAX,2024,11,26.88
CTN_010,T2M_MAX,2024,12,26.39
CTN_010,WS10M,2015,1,2.15
CTN_010,WS10M,2015,2,2.11
CTN_010,WS10M,2015,3,2.22
CTN_010,WS10M,2015,4,2.36
CTN_010,WS10M,2015,5,1.52
CTN_010,WS10M,2015,6,1.71
CTN_010,WS10M,2015,7,1.75
CTN_010,WS10M,2015,8,1.57
CTN_010,WS10M,2015,9,1.61
CTN_010,WS10M,2015,10,1.97
CTN_010,WS10M,2015,11,1.67
CTN_010,WS10M,2015,12,2.01
CTN_010,WS10M,2016,1,2.11
CTN_010,WS10M,2016,2,2.24
CTN_010,WS10M,2016,3,2.57
CTN_010,WS10M,2016,4,2.36
CTN_010,WS10M,2016,5,1.79
CTN_010,WS10M,2016,6,1.59
CTN_010,WS10M,2016,7,1.54
CTN_010,WS10M,2016,8,1.58
CTN_010,WS10M,2016,9,1.39
CTN_010,WS10M,2016,10,1.76
CTN_010,WS10M,2016,11,1.8
CTN_010,WS10M,2016,12,2.0
CTN_010,WS10M,2017,1,2.08
CTN_010,WS10M,2017,2,2.34
CTN_010,WS10M,2017,3,1.97
CTN_010,WS10M,2017,4,2.24
CTN_010,WS10M,2017,5,1.74
CTN_010,WS10M,2017,6,1.52
CTN_010,WS10M,2017,7,1.42
CTN_010,WS10M,2017,8,1.57
CTN_010,WS10M,2017,9,1.59
CTN_010,WS10M,2017,10,2.0
CTN_010,WS10M,2017,11,1.82
CTN_010,WS10M,2017,12,1.96
CTN_010,WS10M,2018,1,2.22
CTN_010,WS10M,2018,2,2.01
CTN_010,WS10M,2018,3,2.12
CTN_010,WS10M,2018,4,2.06
CTN_010,WS10M,2018,5,1.44
CTN_010,WS10M,2018,6,1.93
CTN_010,WS10M,2018,7,1.38
CTN_010,WS10M,2018,8,1.42
CTN_010,WS10M,2018,9,1.54
CTN_010,WS10M,2018,10,1.67
CTN_010,WS10M,2018,11,1.67
CTN_010,WS10M,2018,12,1.92
CTN_010,WS10M,2019,1,1.93
CTN_010,WS10M,2019,2,2.05
CTN_010,WS10M,2019,3,2.27
CTN_010,WS10M,2019,4,2.45
CTN_010,WS10M,2019,5,2.23
CTN_010,WS10M,2019,6,1.75
CTN_010,WS10M,2019,7,1.45
CTN_010,WS10M,2019,8,1.56
CTN_010,WS10M,2019,9,1.56
CTN_010,WS10M,2019,10,1.73
CTN_010,WS10M,2019,11,1.71
CTN_010,WS10M,2019,12,1.95
CTN_010,WS10M,2020,1,2.16
CTN_010,WS10M,2020,2,2.21
CTN_010,WS10M,2020,3,2.07
CTN_010,WS10M,2020,4,2.35
CTN_010,WS10M,2020,5,2.12
CTN_010,WS10M,2020,6,1.68
CTN_010,WS10M,2020,7,1.69
CTN_010,WS10M,2020,8,1.64
CTN_010,WS10M,2020,9,1.65
CTN_010,WS10M,2020,10,2.08
CTN_010,WS10M,2020,11,2.47
CTN_010,WS10M,2020,12,1.98
CTN_010,WS10M,2021,1,2.03
CTN_010,WS10M,2021,2,2.27
CTN_010,WS10M,2021,3,1.98
CTN_010,WS10M,2021,4,2.52
CTN_010,WS10M,2021,5,1.89
CTN_010,WS10M,2021,6,1.93
CTN_010,WS10M,2021,7,1.7
CTN_010,WS10M,2021,8,1.7
CTN_010,WS10M,2021,9,1.63
CTN_010,WS10M,2021,10,1.67
CTN_010,WS10M,2021,11,1.73
CTN_010,WS10M,2021,12,1.91
CTN_010,WS10M,2022,1,1.97
CTN_010,WS10M,2022,2,2.15
CTN_010,WS10M,2022,3,2.37
CTN_010,WS10M,2022,4,1.96
CTN_010,WS10M,2022,5,1.91
CTN_010,WS10M,2022,6,1.87
CTN_010,WS10M,2022,7,1.51
CTN_010,WS10M,2022,8,1.53
CTN_010,WS10M,2022,9,1.68
CTN_010,WS10M,2022,10,1.66
CTN_010,WS10M,2022,11,1.66
CTN_010,WS10M,2022,12,2.04
CTN_010,WS10M,2023,1,2.12
CTN_010,WS10M,2023,2,2.28
CTN_010,WS10M,2023,3,2.22
CTN_010,WS10M,2023,4,2.42
CTN_010,WS10M,2023,5,1.86
CTN_010,WS10M,2023,6,2.01
CTN_010,WS10M,2023,7,1.72
CTN_010,WS10M,2023,8,1.71
CTN_010,WS10M,2023,9,1.55
CTN_010,WS10M,2023,10,1.86
CTN_010,WS10M,2023,11,1.79
CTN_010,WS10M,2023,12,1.84
CTN_010,WS10M,2024,1,2.04
CTN_010,WS10M,2024,2,2.32
CTN_010,WS10M,2024,3,2.68
CTN_010,WS10M,2024,4,2.55
CTN_010,WS10M,2024,5,2.2
CTN_010,WS10M,2024,6,1.93
CTN_010,WS10M,2024,7,1.64
CTN_010,WS10M,2024,8,1.47
CTN_010,WS10M,2024,9,1.72
CTN_010,WS10M,2024,10,1.91
CTN_010,WS10M,2024,11,1.84
CTN_010,WS10M,2024,12,1.97
CTN_011,ALLSKY_SFC_SW_DWN,2015,1,5.0042
CTN_011,ALLSKY_SFC_SW_DWN,2015,2,5.64
CTN_011,ALLSKY_SFC_SW_DWN,2015,3,6.0809
CTN_011,ALLSKY_SFC_SW_DWN,2015,4,6.8652
CTN_011,ALLSKY_SFC_SW_DWN,2015,5,6.1538
CTN_011,ALLSKY_SFC_SW_DWN,2015,6,6.0982
CTN_011,ALLSKY_SFC_SW_DWN,2015,7,6.4958
CTN_011,ALLSKY_SFC_SW_DWN,2015,8,6.7625
CTN_011,ALLSKY_SFC_SW_DWN,2015,9,5.5152
CTN_011,ALLSKY_SFC_SW_DWN,2015,10,5.2478
CTN_011,ALLSKY_SFC_SW_DWN,2015,11,5.046
CTN_011,ALLSKY_SFC_SW_DWN,2015,12,4.5418
CTN_011,ALLSKY_SFC_SW_DWN,2016,1,4.2569
CTN_011,ALLSKY_SFC_SW_DWN,2016,2,5.9515
CTN_011,ALLSKY_SFC_SW_DWN,2016,3,6.0209
CTN_011,ALLSKY_SFC_SW_DWN,2016,4,6.8695
CTN_011,ALLSKY_SFC_SW_DWN,2016,5,6.5602
CTN_011,ALLSKY_SFC_SW_DWN,2016,6,6.3862
CTN_011,ALLSKY_SFC_SW_DWN,2016,7,6.685
CTN_011,ALLSKY_SFC_SW_DWN,2016,8,6.2203
CTN_011,ALLSKY_SFC_SW_DWN,2016,9,5.8402
CTN_011,ALLSKY_SFC_SW_DWN,2016,10,5.7041
CTN_011,ALLSKY_SFC_SW_DWN,2016,11,5.021
CTN_011,ALLSKY_SFC_SW_DWN,2016,12,5.0251
CTN_011,ALLSKY_SFC_SW_DWN,2017,1,5.4362
CTN_011,ALLSKY_SFC_SW_DWN,2017,2,6.2479
CTN_011,ALLSKY_SFC_SW_DWN,2017,3,6.6509
CTN_011,ALLSKY_SFC_SW_DWN,2017,4,6.9857
CTN_011,ALLSKY_SFC_SW_DWN,2017,5,6.3516
CTN_011,ALLSKY_SFC_SW_DWN,2017,6,6.2203
CTN_011,ALLSKY_SFC_SW_DWN,2017,7,6.4469
CTN_011,ALLSKY_SFC_SW_DWN,2017,8,6.1529
CTN_011,ALLSKY_SFC_SW_DWN,2017,9,5.1929
CTN_011,ALLSKY_SFC_SW_DWN,2017,10,5.6141
CTN_011,ALLSKY_SFC_SW_DWN,2017,11,5.5771
CTN_011,ALLSKY_SFC_SW_DWN,2017,12,5.1017
CTN_011,ALLSKY_SFC_SW_DWN,2018,1,4.9901
CTN_011,ALLSKY_SFC_SW_DWN,2018,2,5.7413
CTN_011,ALLSKY_SFC_SW_DWN,2018,3,6.8285
CTN_011,ALLSKY_SFC_SW_DWN,2018,4,6.8122
CTN_011,ALLSKY_SFC_SW_DWN,2018,5,6.6938
CTN_011,ALLSKY_SFC_SW_DWN,2018,6,5.9774
CTN_011,ALLSKY_SFC_SW_DWN,2018,7,7.1438
CTN_011,ALLSKY_SFC_SW_DWN,2018,8,6.239
CTN_011,ALLSKY_SFC_SW_DWN,2018,9,6.1246
CTN_011,ALLSKY_SFC_SW_DWN,2018,10,5.3028
CTN_011,ALLSKY_SFC_SW_DWN,2018,11,4.5922
CTN_011,ALLSKY_SFC_SW_DWN,2018,12,4.925
CTN_011,ALLSKY_SFC_SW_DWN,2019,1,5.2133
CTN_011,ALLSKY_SFC_SW_DWN,2019,2,6.162
CTN_011,ALLSKY_SFC_SW_DWN,2019,3,6.8842
CTN_011,ALLSKY_SFC_SW_DWN,2019,4,7.2686
CTN_011,ALLSKY_SFC_SW_DWN,2019,5,6.6787
CTN_011,ALLSKY_SFC_SW_DWN,2019,6,6.1706
CTN_011,ALLSKY_SFC_SW_DWN,2019,7,6.6283
CTN_011,ALLSKY_SFC_SW_DWN,2019,8,6.6173
CTN_011,ALLSKY_SFC_SW_DWN,2019,9,5.7451
CTN_011,ALLSKY_SFC_SW_DWN,2019,10,5.0966
CTN_011,ALLSKY_SFC_SW_DWN,2019,11,4.9625
CTN_011,ALLSKY_SFC_SW_DWN,2019,12,4.9049
CTN_011,ALLSKY_SFC_SW_DWN,2020,1,5.1883
CTN_011,ALLSKY_SFC_SW_DWN,2020,2,5.8668
CTN_011,ALLSKY_SFC_SW_DWN,2020,3,6.7982
CTN_011,ALLSKY_SFC_SW_DWN,2020,4,7.2485
CTN_011,ALLSKY_SFC_SW_DWN,2020,5,7.0973
CTN_011,ALLSKY_SFC_SW_DWN,2020,6,6.2933
CTN_011,ALLSKY_SFC_SW_DWN,2020,7,6.5074
CTN_011,ALLSKY_SFC_SW_DWN,2020,8,6.1306
CTN_011,ALLSKY_SFC_SW_DWN,2020,9,5.3494
CTN_011,ALLSKY_SFC_SW_DWN,2020,10,5.976
CTN_011,ALLSKY_SFC_SW_DWN,2020,11,5.4521
CTN_011,ALLSKY_SFC_SW_DWN,2020,12,4.9147
CTN_011,ALLSKY_SFC_SW_DWN,2021,1,4.9764
CTN_011,ALLSKY_SFC_SW_DWN,2021,2,6.3355
CTN_011,ALLSKY_SFC_SW_DWN,2021,3,6.9571
CTN_011,ALLSKY_SFC_SW_DWN,2021,4,7.3402
CTN_011,ALLSKY_SFC_SW_DWN,2021,5,6.7056
CTN_011,ALLSKY_SFC_SW_DWN,2021,6,5.4377
CTN_011,ALLSKY_SFC_SW_DWN,2021,7,6.5021
CTN_011,ALLSKY_SFC_SW_DWN,2021,8,6.0288
CTN_011,ALLSKY_SFC_SW_DWN,2021,9,5.6546
CTN_011,ALLSKY_SFC_SW_DWN,2021,10,5.4322
CTN_011,ALLSKY_SFC_SW_DWN,2021,11,5.4353
CTN_011,ALLSKY_SFC_SW_DWN,2021,12,5.076
CTN_011,ALLSKY_SFC_SW_DWN,2022,1,5.1346
CTN_011,ALLSKY_SFC_SW_DWN,2022,2,6.0017
CTN_011,ALLSKY_SFC_SW_DWN,2022,3,7.147
CTN_011,ALLSKY_SFC_SW_DWN,2022,4,7.1131
CTN_011,ALLSKY_SFC_SW_DWN,2022,5,7.0704
CTN_011,ALLSKY_SFC_SW_DWN,2022,6,6.3852
CTN_011,ALLSKY_SFC_SW_DWN,2022,7,6.3862
CTN_011,ALLSKY_SFC_SW_DWN,2022,8,6.2191
CTN_011,ALLSKY_SFC_SW_DWN,2022,9,5.4391
CTN_011,ALLSKY_SFC_SW_DWN,2022,10,5.309
CTN_011,ALLSKY_SFC_SW_DWN,2022,11,5.1178
CTN_011,ALLSKY_SFC_SW_DWN,2022,12,4.8662
CTN_011,ALLSKY_SFC_SW_DWN,2023,1,5.3026
CTN_011,ALLSKY_SFC_SW_DWN,2023,2,6.1721
CTN_011,ALLSKY_SFC_SW_DWN,2023,3,6.8693
CTN_011,ALLSKY_SFC_SW_DWN,2023,4,7.2379
CTN_011,ALLSKY_SFC_SW_DWN,2023,5,6.3526
CTN_011,ALLSKY_SFC_SW_DWN,2023,6,7.0075
CTN_011,ALLSKY_SFC_SW_DWN,2023,7,6.397
CTN_011,ALLSKY_SFC_SW_DWN,2023,8,5.9563
CTN_011,ALLSKY_SFC_SW_DWN,2023,9,6.3101
CTN_011,ALLSKY_SFC_SW_DWN,2023,10,5.077
CTN_011,ALLSKY_SFC_SW_DWN,2023,11,5.0887
CTN_011,ALLSKY_SFC_SW_DWN,2023,12,4.4184
CTN_011,ALLSKY_SFC_SW_DWN,2024,1,4.8682
CTN_011,ALLSKY_SFC_SW_DWN,2024,2,5.8963
CTN_011,ALLSKY_SFC_SW_DWN,2024,3,7.1731
CTN_011,ALLSKY_SFC_SW_DWN,2024,4,7.3219
CTN_011,ALLSKY_SFC_SW_DWN,2024,5,7.0387
CTN_011,ALLSKY_SFC_SW_DWN,2024,6,6.114
CTN_011,ALLSKY_SFC_SW_DWN,2024,7,6.0914
CTN_011,ALLSKY_SFC_SW_DWN,2024,8,6.3307
CTN_011,ALLSKY_SFC_SW_DWN,2024,9,5.0808
CTN_011,ALLSKY_SFC_SW_DWN,2024,10,5.4211
CTN_011,ALLSKY_SFC_SW_DWN,2024,11,5.292
CTN_011,ALLSKY_SFC_SW_DWN,2024,12,4.8595
CTN_011,PRECTOTCORR,2015,1,0.03
CTN_011,PRECTOTCORR,2015,2,0.13
CTN_011,PRECTOTCORR,2015,3,1.59
CTN_011,PRECTOTCORR,2015,4,0.46
CTN_011,PRECTOTCORR,2015,5,4.17
CTN_011,PRECTOTCORR,2015,6,4.03
CTN_011,PRECTOTCORR,2015,7,4.22
CTN_011,PRECTOTCORR,2015,8,4.58
CTN_011,PRECTOTCORR,2015,9,6.18
CTN_011,PRECTOTCORR,2015,10,1.82
CTN_011,PRECTOTCORR,2015,11,0.73
CTN_011,PRECTOTCORR,2015,12,0.15
CTN_011,PRECTOTCORR,2016,1,0.27
CTN_011,PRECTOTCORR,2016,2,0.11
CTN_011,PRECTOTCORR,2016,3,1.46
CTN_011,PRECTOTCORR,2016,4,0.84
CTN_011,PRECTOTCORR,2016,5,2.25
CTN_011,PRECTOTCORR,2016,6,6.85
CTN_011,PRECTOTCORR,2016,7,6.45
CTN_011,PRECTOTCORR,2016,8,7.01
CTN_011,PRECTOTCORR,2016,9,6.34
CTN_011,PRECTOTCORR,2016,10,1.1
CTN_011,PRECTOTCORR,2016,11,1.44
CTN_011,PRECTOTCORR,2016,12,0.07
CTN_011,PRECTOTCORR,2017,1,0.0
CTN_011,PRECTOTCORR,2017,2,0.01
CTN_011,PRECTOTCORR,2017,3,0.49
CTN_011,PRECTOTCORR,2017,4,0.47
CTN_011,PRECTOTCORR,2017,5,3.27
CTN_011,PRECTOTCORR,2017,6,5.26
CTN_011,PRECTOTCORR,2017,7,5.91
CTN_011,PRECTOTCORR,2017,8,7.37
CTN_011,PRECTOTCORR,2017,9,6.97
CTN_011,PRECTOTCORR,2017,10,1.7
CTN_011,PRECTOTCORR,2017,11,0.08
CTN_011,PRECTOTCORR,2017,12,0.01
CTN_011,PRECTOTCORR,2018,1,0.23
CTN_011,PRECTOTCORR,2018,2,0.31
CTN_011,PRECTOTCORR,2018,3,0.23
CTN_011,PRECTOTCORR,2018,4,1.51
CTN_011,PRECTOTCORR,2018,5,2.92
CTN_011,PRECTOTCORR,2018,6,8.05
CTN_011,PRECTOTCORR,2018,7,2.72
CTN_011,PRECTOTCORR,2018,8,8.15
CTN_011,PRECTOTCORR,2018,9,5.91
CTN_011,PRECTOTCORR,2018,10,3.69
CTN_011,PRECTOTCORR,2018,11,1.55
CTN_011,PRECTOTCORR,2018,12,0.1
CTN_011,PRECTOTCORR,2019,1,0.08
CTN_011,PRECTOTCORR,2019,2,0.13
CTN_011,PRECTOTCORR,2019,3,0.18
CTN_011,PRECTOTCORR,2019,4,0.2
CTN_011,PRECTOTCORR,2019,5,1.57
CTN_011,PRECTOTCORR,2019,6,5.45
CTN_011,PRECTOTCORR,2019,7,5.75
CTN_011,PRECTOTCORR,2019,8,5.08
CTN_011,PRECTOTCORR,2019,9,5.34
CTN_011,PRECTOTCORR,2019,10,4.64
CTN_011,PRECTOTCORR,2019,11,0.9
CTN_011,PRECTOTCORR,2019,12,0.01
CTN_011,PRECTOTCORR,2020,1,0.22
CTN_011,PRECTOTCORR,2020,2,0.19
CTN_011,PRECTOTCORR,2020,3,0.4
CTN_011,PRECTOTCORR,2020,4,0.75
CTN_011,PRECTOTCORR,2020,5,0.99
CTN_011,PRECTOTCORR,2020,6,4.05
CTN_011,PRECTOTCORR,2020,7,5.99
CTN_011,PRECTOTCORR,2020,8,6.12
CTN_011,PRECTOTCORR,2020,9,6.35
CTN_011,PRECTOTCORR,2020,10,0.9
CTN_011,PRECTOTCORR,2020,11,0.07
CTN_011,PRECTOTCORR,2020,12,0.08
CTN_011,PRECTOTCORR,2021,1,0.22
CTN_011,PRECTOTCORR,2021,2,0.3
CTN_011,PRECTOTCORR,2021,3,0.68
CTN_011,PRECTOTCORR,2021,4,0.39
CTN_011,PRECTOTCORR,2021,5,3.2
CTN_011,PRECTOTCORR,2021,6,7.13
CTN_011,PRECTOTCORR,2021,7,4.83
CTN_011,PRECTOTCORR,2021,8,6.49
CTN_011,PRECTOTCORR,2021,9,6.72
CTN_011,PRECTOTCORR,2021,10,2.19
CTN_011,PRECTOTCORR,2021,11,0.17
CTN_011,PRECTOTCORR,2021,12,0.03
CTN_011,PRECTOTCORR,2022,1,0.31
CTN_011,PRECTOTCORR,2022,2,0.1
CTN_011,PRECTOTCORR,2022,3,0.16
CTN_011,PRECTOTCORR,2022,4,1.16
CTN_011,PRECTOTCORR,2022,5,1.06
CTN_011,PRECTOTCORR,2022,6,4.69
CTN_011,PRECTOTCORR,2022,7,5.32
CTN_011,PRECTOTCORR,2022,8,5.69
CTN_011,PRECTOTCORR,2022,9,5.64
CTN_011,PRECTOTCORR,2022,10,2.02
CTN_011,PRECTOTCORR,2022,11,0.43
CTN_011,PRECTOTCORR,2022,12,0.15
CTN_011,PRECTOTCORR,2023,1,0.01
CTN_011,PRECTOTCORR,2023,2,0.01
CTN_011,PRECTOTCORR,2023,3,0.39
CTN_011,PRECTOTCORR,2023,4,1.29
CTN_011,PRECTOTCORR,2023,5,1.37
CTN_011,PRECTOTCORR,2023,6,0.42
CTN_011,PRECTOTCORR,2023,7,5.08
CTN_011,PRECTOTCORR,2023,8,5.71
CTN_011,PRECTOTCORR,2023,9,3.1
CTN_011,PRECTOTCORR,2023,10,3.4
CTN_011,PRECTOTCORR,2023,11,2.23
CTN_011,PRECTOTCORR,2023,12,0.29
CTN_011,PRECTOTCORR,2024,1,0.05
CTN_011,PRECTOTCORR,2024,2,0.54
CTN_011,PRECTOTCORR,2024,3,0.0
CTN_011,PRECTOTCORR,2024,4,0.23
CTN_011,PRECTOTCORR,2024,5,0.96
CTN_011,PRECTOTCORR,2024,6,4.14
CTN_011,PRECTOTCORR,2024,7,8.57
CTN_011,PRECTOTCORR,2024,8,7.59
CTN_011,PRECTOTCORR,2024,9,8.74
CTN_011,PRECTOTCORR,2024,10,2.28
CTN_011,PRECTOTCORR,2024,11,0.4
CTN_011,PRECTOTCORR,2024,12,0.08
CTN_011,T2M,2015,1,14.83
CTN_011,T2M,2015,2,16.02
CTN_011,T2M,2015,3,17.32
CTN_011,T2M,2015,4,20.6
CTN_011,T2M,2015,5,19.65
CTN_011,T2M,2015,6,18.6
CTN_011,T2M,2015,7,18.15
CTN_011,T2M,2015,8,18.39
CTN_011,T2M,2015,9,17.24
CTN_011,T2M,2015,10,17.39
CTN_011,T2M,2015,11,17.73
CTN_011,T2M,2015,12,16.32
CTN_011,T2M,2016,1,14.06
CTN_011,T2M,2016,2,16.18
CTN_011,T2M,2016,3,17.16
CTN_011,T2M,2016,4,20.42
CTN_011,T2M,2016,5,22.12
CTN_011,T2M,2016,6,18.83
CTN_011,T2M,2016,7,18.2
CTN_011,T2M,2016,8,18.02
CTN_011,T2M,2016,9,17.5
CTN_011,T2M,2016,10,17.01
CTN_011,T2M,2016,11,15.76
CTN_011,T2M,2016,12,16.0
CTN_011,T2M,2017,1,15.1
CTN_011,T2M,2017,2,16.44
CTN_011,T2M,2017,3,18.72
CTN_011,T2M,2017,4,20.14
CTN_011,T2M,2017,5,21.47
CTN_011,T2M,2017,6,19.64
CTN_011,T2M,2017,7,17.86
CTN_011,T2M,2017,8,18.22
CTN_011,T2M,2017,9,17.25
CTN_011,T2M,2017,10,16.67
CTN_011,T2M,2017,11,15.67
CTN_011,T2M,2017,12,14.72
CTN_011,T2M,2018,1,14.11
CTN_011,T2M,2018,2,17.2
CTN_011,T2M,2018,3,19.68
CTN_011,T2M,2018,4,20.32
CTN_011,T2M,2018,5,20.65
CTN_011,T2M,2018,6,18.56
CTN_011,T2M,2018,7,18.67
CTN_011,T2M,2018,8,17.54
CTN_011,T2M,2018,9,17.53
CTN_011,T2M,2018,10,17.13
CTN_011,T2M,2018,11,15.65
CTN_011,T2M,2018,12,14.54
CTN_011,T2M,2019,1,14.89
CTN_011,T2M,2019,2,17.62
CTN_011,T2M,2019,3,19.36
CTN_011,T2M,2019,4,20.36
CTN_011,T2M,2019,5,21.89
CTN_011,T2M,2019,6,20.14
CTN_011,T2M,2019,7,18.23
CTN_011,T2M,2019,8,18.44
CTN_011,T2M,2019,9,17.82
CTN_011,T2M,2019,10,17.23
CTN_011,T2M,2019,11,16.84
CTN_011,T2M,2019,12,15.45
CTN_011,T2M,2020,1,15.22
CTN_011,T2M,2020,2,17.55
CTN_011,T2M,2020,3,20.06
CTN_011,T2M,2020,4,21.87
CTN_011,T2M,2020,5,21.25
CTN_011,T2M,2020,6,20.59
CTN_011,T2M,2020,7,18.82
CTN_011,T2M,2020,8,18.03
CTN_011,T2M,2020,9,17.5
CTN_011,T2M,2020,10,16.5
CTN_011,T2M,2020,11,16.54
CTN_011,T2M,2020,12,15.68
CTN_011,T2M,2021,1,16.15
CTN_011,T2M,2021,2,16.7
CTN_011,T2M,2021,3,19.52
CTN_011,T2M,2021,4,20.77
CTN_011,T2M,2021,5,20.37
CTN_011,T2M,2021,6,18.24
CTN_011,T2M,2021,7,18.04
CTN_011,T2M,2021,8,17.88
CTN_011,T2M,2021,9,17.27
CTN_011,T2M,2021,10,17.34
CTN_011,T2M,2021,11,15.62
CTN_011,T2M,2021,12,15.97
CTN_011,T2M,2022,1,15.65
CTN_011,T2M,2022,2,16.67
CTN_011,T2M,2022,3,18.76
CTN_011,T2M,2022,4,21.25
CTN_011,T2M,2022,5,22.18
CTN_011,T2M,2022,6,19.62
CTN_011,T2M,2022,7,19.22
CTN_011,T2M,2022,8,18.27
CTN_011,T2M,2022,9,17.51
CTN_011,T2M,2022,10,17.54
CTN_011,T2M,2022,11,17.31
CTN_011,T2M,2022,12,15.1
CTN_011,T2M,2023,1,15.68
CTN_011,T2M,2023,2,17.19
CTN_011,T2M,2023,3,19.5
CTN_011,T2M,2023,4,20.54
CTN_011,T2M,2023,5,21.18
CTN_011,T2M,2023,6,23.27
CTN_011,T2M,2023,7,20.1
CTN_011,T2M,2023,8,19.13
CTN_011,T2M,2023,9,19.1
CTN_011,T2M,2023,10,18.35
CTN_011,T2M,2023,11,17.39
CTN_011,T2M,2023,12,14.95
CTN_011,T2M,2024,1,15.81
CTN_011,T2M,2024,2,17.58
CTN_011,T2M,2024,3,20.05
CTN_011,T2M,2024,4,21.94
CTN_011,T2M,2024,5,24.26
CTN_011,T2M,2024,6,22.05
CTN_011,T2M,2024,7,18.83
CTN_011,T2M,2024,8,18.67
CTN_011,T2M,2024,9,18.11
CTN_011,T2M,2024,10,16.51
CTN_011,T2M,2024,11,16.84
CTN_011,T2M,2024,12,15.45
CTN_011,T2M_MAX,2015,1,26.34
CTN_011,T2M_MAX,2015,2,28.99
CTN_011,T2M_MAX,2015,3,30.07
CTN_011,T2M_MAX,2015,4,31.26
CTN_011,T2M_MAX,2015,5,30.17
CTN_011,T2M_MAX,2015,6,28.08
CTN_011,T2M_MAX,2015,7,27.54
CTN_011,T2M_MAX,2015,8,27.05
CTN_011,T2M_MAX,2015,9,25.0
CTN_011,T2M_MAX,2015,10,27.39
CTN_011,T2M_MAX,2015,11,26.67
CTN_011,T2M_MAX,2015,12,26.85
CTN_011,T2M_MAX,2016,1,25.56
CTN_011,T2M_MAX,2016,2,28.77
CTN_011,T2M_MAX,2016,3,30.02
CTN_011,T2M_MAX,2016,4,32.42
CTN_011,T2M_MAX,2016,5,33.15
CTN_011,T2M_MAX,2016,6,27.82
CTN_011,T2M_MAX,2016,7,26.22
CTN_011,T2M_MAX,2016,8,25.7
CTN_011,T2M_MAX,2016,9,24.31
CTN_011,T2M_MAX,2016,10,25.49
CTN_011,T2M_MAX,2016,11,25.65
CTN_011,T2M_MAX,2016,12,25.91
CTN_011,T2M_MAX,2017,1,27.68
CTN_011,T2M_MAX,2017,2,28.47
CTN_011,T2M_MAX,2017,3,30.55
CTN_011,T2M_MAX,2017,4,32.77
CTN_011,T2M_MAX,2017,5,32.74
CTN_011,T2M_MAX,2017,6,30.32
CTN_011,T2M_MAX,2017,7,25.54
CTN_011,T2M_MAX,2017,8,26.73
CTN_011,T2M_MAX,2017,9,25.16
CTN_011,T2M_MAX,2017,10,25.57
CTN_011,T2M_MAX,2017,11,27.09
CTN_011,T2M_MAX,2017,12,25.9
CTN_011,T2M_MAX,2018,1,26.21
CTN_011,T2M_MAX,2018,2,28.04
CTN_011,T2M_MAX,2018,3,31.77
CTN_011,T2M_MAX,2018,4,31.71
CTN_011,T2M_MAX,2018,5,34.6
CTN_011,T2M_MAX,2018,6,32.57
CTN_011,T2M_MAX,2018,7,27.75
CTN_011,T2M_MAX,2018,8,25.75
CTN_011,T2M_MAX,2018,9,24.54
CTN_011,T2M_MAX,2018,10,24.58
CTN_011,T2M_MAX,2018,11,25.49
CTN_011,T2M_MAX,2018,12,24.7
CTN_011,T2M_MAX,2019,1,26.41
CTN_011,T2M_MAX,2019,2,29.48
CTN_011,T2M_MAX,2019,3,31.23
CTN_011,T2M_MAX,2019,4,33.64
CTN_011,T2M_MAX,2019,5,32.79
CTN_011,T2M_MAX,2019,6,31.57
CTN_011,T2M_MAX,2019,7,27.5
CTN_011,T2M_MAX,2019,8,26.39
CTN_011,T2M_MAX,2019,9,26.01
CTN_011,T2M_MAX,2019,10,25.55
CTN_011,T2M_MAX,2019,11,25.5
CTN_011,T2M_MAX,2019,12,26.89
CTN_011,T2M_MAX,2020,1,26.15
CTN_011,T2M_MAX,2020,2,30.83
CTN_011,T2M_MAX,2020,3,32.72
CTN_011,T2M_MAX,2020,4,32.3
CTN_011,T2M_MAX,2020,5,32.26
CTN_011,T2M_MAX,2020,6,32.9
CTN_011,T2M_MAX,2020,7,28.0
CTN_011,T2M_MAX,2020,8,26.17
CTN_011,T2M_MAX,2020,9,26.19
CTN_011,T2M_MAX,2020,10,26.56
CTN_011,T2M_MAX,2020,11,28.02
CTN_011,T2M_MAX,2020,12,26.42
CTN_011,T2M_MAX,2021,1,29.0
CTN_011,T2M_MAX,2021,2,29.45
CTN_011,T2M_MAX,2021,3,32.67
CTN_011,T2M_MAX,2021,4,32.24
CTN_011,T2M_MAX,2021,5,30.99
CTN_011,T2M_MAX,2021,6,30.16
CTN_011,T2M_MAX,2021,7,26.24
CTN_011,T2M_MAX,2021,8,25.81
CTN_011,T2M_MAX,2021,9,24.52
CTN_011,T2M_MAX,2021,10,26.39
CTN_011,T2M_MAX,2021,11,25.22
CTN_011,T2M_MAX,2021,12,27.56
CTN_011,T2M_MAX,2022,1,27.25
CTN_011,T2M_MAX,2022,2,29.37
CTN_011,T2M_MAX,2022,3,31.4
CTN_011,T2M_MAX,2022,4,34.11
CTN_011,T2M_MAX,2022,5,33.43
CTN_011,T2M_MAX,2022,6,31.79
CTN_011,T2M_MAX,2022,7,28.62
CTN_011,T2M_MAX,2022,8,26.73
CTN_011,T2M_MAX,2022,9,25.07
CTN_011,T2M_MAX,2022,10,26.97
CTN_011,T2M_MAX,2022,11,26.52
CTN_011,T2M_MAX,2022,12,26.3
CTN_011,T2M_MAX,2023,1,27.96
CTN_011,T2M_MAX,2023,2,30.05
CTN_011,T2M_MAX,2023,3,31.32
CTN_011,T2M_MAX,2023,4,33.28
CTN_011,T2M_MAX,2023,5,32.69
CTN_011,T2M_MAX,2023,6,34.65
CTN_011,T2M_MAX,2023,7,29.87
CTN_011,T2M_MAX,2023,8,28.73
CTN_011,T2M_MAX,2023,9,28.75
CTN_011,T2M_MAX,2023,10,27.05
CTN_011,T2M_MAX,2023,11,28.43
CTN_011,T2M_MAX,2023,12,24.65
CTN_011,T2M_MAX,2024,1,28.2
CTN_011,T2M_MAX,2024,2,31.56
CTN_011,T2M_MAX,2024,3,32.33
CTN_011,T2M_MAX,2024,4,33.46
CTN_011,T2M_MAX,2024,5,35.62
CTN_011,T2M_MAX,2024,6,35.07
CTN_011,T2M_MAX,2024,7,28.48
CTN_011,T2M_MAX,2024,8,25.45
CTN_011,T2M_MAX,2024,9,25.13
CTN_011,T2M_MAX,2024,10,24.96
CTN_011,T2M_MAX,2024,11,26.88
CTN_011,T2M_MAX,2024,12,26.39
CTN_011,WS10M,2015,1,2.15
CTN_011,WS10M,2015,2,2.11
CTN_011,WS10M,2015,3,2.22
CTN_011,WS10M,2015,4,2.36
CTN_011,WS10M,2015,5,1.52
CTN_011,WS10M,2015,6,1.71
CTN_011,WS10M,2015,7,1.75
CTN_011,WS10M,2015,8,1.57
CTN_011,WS10M,2015,9,1.61
CTN_011,WS10M,2015,10,1.97
CTN_011,WS10M,2015,11,1.67
CTN_011,WS10M,2015,12,2.01
CTN_011,WS10M,2016,1,2.11
CTN_011,WS10M,2016,2,2.24
CTN_011,WS10M,2016,3,2.57
CTN_011,WS10M,2016,4,2.36
CTN_011,WS10M,2016,5,1.79
CTN_011,WS10M,2016,6,1.59
CTN_011,WS10M,2016,7,1.54
CTN_011,WS10M,2016,8,1.58
CTN_011,WS10M,2016,9,1.39
CTN_011,WS10M,2016,10,1.76
CTN_011,WS10M,2016,11,1.8
CTN_011,WS10M,2016,12,2.0
CTN_011,WS10M,2017,1,2.08
CTN_011,WS10M,2017,2,2.34
CTN_011,WS10M,2017,3,1.97
CTN_011,WS10M,2017,4,2.24
CTN_011,WS10M,2017,5,1.74
CTN_011,WS10M,2017,6,1.52
CTN_011,WS10M,2017,7,1.42
CTN_011,WS10M,2017,8,1.57
CTN_011,WS10M,2017,9,1.59
CTN_011,WS10M,2017,10,2.0
CTN_011,WS10M,2017,11,1.82
CTN_011,WS10M,2017,12,1.96
CTN_011,WS10M,2018,1,2.22
CTN_011,WS10M,2018,2,2.01
CTN_011,WS10M,2018,3,2.12
CTN_011,WS10M,2018,4,2.06
CTN_011,WS10M,2018,5,1.44
CTN_011,WS10M,2018,6,1.93
CTN_011,WS10M,2018,7,1.38
CTN_011,WS10M,2018,8,1.42
CTN_011,WS10M,2018,9,1.54
CTN_011,WS10M,2018,10,1.67
CTN_011,WS10M,2018,11,1.67
CTN_011,WS10M,2018,12,1.92
CTN_011,WS10M,2019,1,1.93
CTN_011,WS10M,2019,2,2.05
CTN_011,WS10M,2019,3,2.27
CTN_011,WS10M,2019,4,2.45
CTN_011,WS10M,2019,5,2.23
CTN_011,WS10M,2019,6,1.75
CTN_011,WS10M,2019,7,1.45
CTN_011,WS10M,2019,8,1.56
CTN_011,WS10M,2019,9,1.56
CTN_011,WS10M,2019,10,1.73
CTN_011,WS10M,2019,11,1.71
CTN_011,WS10M,2019,12,1.95
CTN_011,WS10M,2020,1,2.16
CTN_011,WS10M,2020,2,2.21
CTN_011,WS10M,2020,3,2.07
CTN_011,WS10M,2020,4,2.35
CTN_011,WS10M,2020,5,2.12
CTN_011,WS10M,2020,6,1.68
CTN_011,WS10M,2020,7,1.69
CTN_011,WS10M,2020,8,1.64
CTN_011,WS10M,2020,9,1.65
CTN_011,WS10M,2020,10,2.08
CTN_011,WS10M,2020,11,2.47
CTN_011,WS10M,2020,12,1.98
CTN_011,WS10M,2021,1,2.03
CTN_011,WS10M,2021,2,2.27
CTN_011,WS10M,2021,3,1.98
CTN_011,WS10M,2021,4,2.52
CTN_011,WS10M,2021,5,1.89
CTN_011,WS10M,2021,6,1.93
CTN_011,WS10M,2021,7,1.7
CTN_011,WS10M,2021,8,1.7
CTN_011,WS10M,2021,9,1.63
CTN_011,WS10M,2021,10,1.67
CTN_011,WS10M,2021,11,1.73
CTN_011,WS10M,2021,12,1.91
CTN_011,WS10M,2022,1,1.97
CTN_011,WS10M,2022,2,2.15
CTN_011,WS10M,2022,3,2.37
CTN_011,WS10M,2022,4,1.96
CTN_011,WS10M,2022,5,1.91
CTN_011,WS10M,2022,6,1.87
CTN_011,WS10M,2022,7,1.51
CTN_011,WS10M,2022,8,1.53
CTN_011,WS10M,2022,9,1.68
CTN_011,WS10M,2022,10,1.66
CTN_011,WS10M,2022,11,1.66
CTN_011,WS10M,2022,12,2.04
CTN_011,WS10M,2023,1,2.12
CTN_011,WS10M,2023,2,2.28
CTN_011,WS10M,2023,3,2.22
CTN_011,WS10M,2023,4,2.42
CTN_011,WS10M,2023,5,1.86
CTN_011,WS10M,2023,6,2.01
CTN_011,WS10M,2023,7,1.72
CTN_011,WS10M,2023,8,1.71
CTN_011,WS10M,2023,9,1.55
CTN_011,WS10M,2023,10,1.86
CTN_011,WS10M,2023,11,1.79
CTN_011,WS10M,2023,12,1.84
CTN_011,WS10M,2024,1,2.04
CTN_011,WS10M,2024,2,2.32
CTN_011,WS10M,2024,3,2.68
CTN_011,WS10M,2024,4,2.55
CTN_011,WS10M,2024,5,2.2
CTN_011,WS10M,2024,6,1.93
CTN_011,WS10M,2024,7,1.64
CTN_011,WS10M,2024,8,1.47
CTN_011,WS10M,2024,9,1.72
CTN_011,WS10M,2024,10,1.91
CTN_011,WS10M,2024,11,1.84
CTN_011,WS10M,2024,12,1.97
CTN_012,ALLSKY_SFC_SW_DWN,2015,1,5.0042
CTN_012,ALLSKY_SFC_SW_DWN,2015,2,5.64
CTN_012,ALLSKY_SFC_SW_DWN,2015,3,6.0809
CTN_012,ALLSKY_SFC_SW_DWN,2015,4,6.8652
CTN_012,ALLSKY_SFC_SW_DWN,2015,5,6.1538
CTN_012,ALLSKY_SFC_SW_DWN,2015,6,6.0982
CTN_012,ALLSKY_SFC_SW_DWN,2015,7,6.4958
CTN_012,ALLSKY_SFC_SW_DWN,2015,8,6.7625
CTN_012,ALLSKY_SFC_SW_DWN,2015,9,5.5152
CTN_012,ALLSKY_SFC_SW_DWN,2015,10,5.2478
CTN_012,ALLSKY_SFC_SW_DWN,2015,11,5.046
CTN_012,ALLSKY_SFC_SW_DWN,2015,12,4.5418
CTN_012,ALLSKY_SFC_SW_DWN,2016,1,4.2569
CTN_012,ALLSKY_SFC_SW_DWN,2016,2,5.9515
CTN_012,ALLSKY_SFC_SW_DWN,2016,3,6.0209
CTN_012,ALLSKY_SFC_SW_DWN,2016,4,6.8695
CTN_012,ALLSKY_SFC_SW_DWN,2016,5,6.5602
CTN_012,ALLSKY_SFC_SW_DWN,2016,6,6.3862
CTN_012,ALLSKY_SFC_SW_DWN,2016,7,6.685
CTN_012,ALLSKY_SFC_SW_DWN,2016,8,6.2203
CTN_012,ALLSKY_SFC_SW_DWN,2016,9,5.8402
CTN_012,ALLSKY_SFC_SW_DWN,2016,10,5.7041
CTN_012,ALLSKY_SFC_SW_DWN,2016,11,5.021
CTN_012,ALLSKY_SFC_SW_DWN,2016,12,5.0251
CTN_012,ALLSKY_SFC_SW_DWN,2017,1,5.4362
CTN_012,ALLSKY_SFC_SW_DWN,2017,2,6.2479
CTN_012,ALLSKY_SFC_SW_DWN,2017,3,6.6509
CTN_012,ALLSKY_SFC_SW_DWN,2017,4,6.9857
CTN_012,ALLSKY_SFC_SW_DWN,2017,5,6.3516
CTN_012,ALLSKY_SFC_SW_DWN,2017,6,6.2203
CTN_012,ALLSKY_SFC_SW_DWN,2017,7,6.4469
CTN_012,ALLSKY_SFC_SW_DWN,2017,8,6.1529
CTN_012,ALLSKY_SFC_SW_DWN,2017,9,5.1929
CTN_012,ALLSKY_SFC_SW_DWN,2017,10,5.6141
CTN_012,ALLSKY_SFC_SW_DWN,2017,11,5.5771
CTN_012,ALLSKY_SFC_SW_DWN,2017,12,5.1017
CTN_012,ALLSKY_SFC_SW_DWN,2018,1,4.9901
CTN_012,ALLSKY_SFC_SW_DWN,2018,2,5.7413
CTN_012,ALLSKY_SFC_SW_DWN,2018,3,6.8285
CTN_012,ALLSKY_SFC_SW_DWN,2018,4,6.8122
CTN_012,ALLSKY_SFC_SW_DWN,2018,5,6.6938
CTN_012,ALLSKY_SFC_SW_DWN,2018,6,5.9774
CTN_012,ALLSKY_SFC_SW_DWN,2018,7,7.1438
CTN_012,ALLSKY_SFC_SW_DWN,2018,8,6.239
CTN_012,ALLSKY_SFC_SW_DWN,2018,9,6.1246
CTN_012,ALLSKY_SFC_SW_DWN,2018,10,5.3028
CTN_012,ALLSKY_SFC_SW_DWN,2018,11,4.5922
CTN_012,ALLSKY_SFC_SW_DWN,2018,12,4.925
CTN_012,ALLSKY_SFC_SW_DWN,2019,1,5.2133
CTN_012,ALLSKY_SFC_SW_DWN,2019,2,6.162
CTN_012,ALLSKY_SFC_SW_DWN,2019,3,6.8842
CTN_012,ALLSKY_SFC_SW_DWN,2019,4,7.2686
CTN_012,ALLSKY_SFC_SW_DWN,2019,5,6.6787
CTN_012,ALLSKY_SFC_SW_DWN,2019,6,6.1706
CTN_012,ALLSKY_SFC_SW_DWN,2019,7,6.6283
CTN_012,ALLSKY_SFC_SW_DWN,2019,8,6.6173
CTN_012,ALLSKY_SFC_SW_DWN,2019,9,5.7451
CTN_012,ALLSKY_SFC_SW_DWN,2019,10,5.0966
CTN_012,ALLSKY_SFC_SW_DWN,2019,11,4.9625
CTN_012,ALLSKY_SFC_SW_DWN,2019,12,4.9049
CTN_012,ALLSKY_SFC_SW_DWN,2020,1,5.1883
CTN_012,ALLSKY_SFC_SW_DWN,2020,2,5.8668
CTN_012,ALLSKY_SFC_SW_DWN,2020,3,6.7982
CTN_012,ALLSKY_SFC_SW_DWN,2020,4,7.2485
CTN_012,ALLSKY_SFC_SW_DWN,2020,5,7.0973
CTN_012,ALLSKY_SFC_SW_DWN,2020,6,6.2933
CTN_012,ALLSKY_SFC_SW_DWN,2020,7,6.5074
CTN_012,ALLSKY_SFC_SW_DWN,2020,8,6.1306
CTN_012,ALLSKY_SFC_SW_DWN,2020,9,5.3494
CTN_012,ALLSKY_SFC_SW_DWN,2020,10,5.976
CTN_012,ALLSKY_SFC_SW_DWN,2020,11,5.4521
CTN_012,ALLSKY_SFC_SW_DWN,2020,12,4.9147
CTN_012,ALLSKY_SFC_SW_DWN,2021,1,4.9764
CTN_012,ALLSKY_SFC_SW_DWN,2021,2,6.3355
CTN_012,ALLSKY_SFC_SW_DWN,2021,3,6.9571
CTN_012,ALLSKY_SFC_SW_DWN,2021,4,7.3402
CTN_012,ALLSKY_SFC_SW_DWN,2021,5,6.7056
CTN_012,ALLSKY_SFC_SW_DWN,2021,6,5.4377
CTN_012,ALLSKY_SFC_SW_DWN,2021,7,6.5021
CTN_012,ALLSKY_SFC_SW_DWN,2021,8,6.0288
CTN_012,ALLSKY_SFC_SW_DWN,2021,9,5.6546
CTN_012,ALLSKY_SFC_SW_DWN,2021,10,5.4322
CTN_012,ALLSKY_SFC_SW_DWN,2021,11,5.4353
CTN_012,ALLSKY_SFC_SW_DWN,2021,12,5.076
CTN_012,ALLSKY_SFC_SW_DWN,2022,1,5.1346
CTN_012,ALLSKY_SFC_SW_DWN,2022,2,6.0017
CTN_012,ALLSKY_SFC_SW_DWN,2022,3,7.147
CTN_012,ALLSKY_SFC_SW_DWN,2022,4,7.1131
CTN_012,ALLSKY_SFC_SW_DWN,2022,5,7.0704
CTN_012,ALLSKY_SFC_SW_DWN,2022,6,6.3852
CTN_012,ALLSKY_SFC_SW_DWN,2022,7,6.3862
CTN_012,ALLSKY_SFC_SW_DWN,2022,8,6.2191
CTN_012,ALLSKY_SFC_SW_DWN,2022,9,5.4391
CTN_012,ALLSKY_SFC_SW_DWN,2022,10,5.309
CTN_012,ALLSKY_SFC_SW_DWN,2022,11,5.1178
CTN_012,ALLSKY_SFC_SW_DWN,2022,12,4.8662
CTN_012,ALLSKY_SFC_SW_DWN,2023,1,5.3026
CTN_012,ALLSKY_SFC_SW_DWN,2023,2,6.1721
CTN_012,ALLSKY_SFC_SW_DWN,2023,3,6.8693
CTN_012,ALLSKY_SFC_SW_DWN,2023,4,7.2379
CTN_012,ALLSKY_SFC_SW_DWN,2023,5,6.3526
CTN_012,ALLSKY_SFC_SW_DWN,2023,6,7.0075
CTN_012,ALLSKY_SFC_SW_DWN,2023,7,6.397
CTN_012,ALLSKY_SFC_SW_DWN,2023,8,5.9563
CTN_012,ALLSKY_SFC_SW_DWN,2023,9,6.3101
CTN_012,ALLSKY_SFC_SW_DWN,2023,10,5.077
CTN_012,ALLSKY_SFC_SW_DWN,2023,11,5.0887
CTN_012,ALLSKY_SFC_SW_DWN,2023,12,4.4184
CTN_012,ALLSKY_SFC_SW_DWN,2024,1,4.8682
CTN_012,ALLSKY_SFC_SW_DWN,2024,2,5.8963
CTN_012,ALLSKY_SFC_SW_DWN,2024,3,7.1731
CTN_012,ALLSKY_SFC_SW_DWN,2024,4,7.3219
CTN_012,ALLSKY_SFC_SW_DWN,2024,5,7.0387
CTN_012,ALLSKY_SFC_SW_DWN,2024,6,6.114
CTN_012,ALLSKY_SFC_SW_DWN,2024,7,6.0914
CTN_012,ALLSKY_SFC_SW_DWN,2024,8,6.3307
CTN_012,ALLSKY_SFC_SW_DWN,2024,9,5.0808
CTN_012,ALLSKY_SFC_SW_DWN,2024,10,5.4211
CTN_012,ALLSKY_SFC_SW_DWN,2024,11,5.292
CTN_012,ALLSKY_SFC_SW_DWN,2024,12,4.8595
CTN_012,PRECTOTCORR,2015,1,0.03
CTN_012,PRECTOTCORR,2015,2,0.13
CTN_012,PRECTOTCORR,2015,3,1.59
CTN_012,PRECTOTCORR,2015,4,0.46
CTN_012,PRECTOTCORR,2015,5,4.17
CTN_012,PRECTOTCORR,2015,6,4.03
CTN_012,PRECTOTCORR,2015,7,4.22
CTN_012,PRECTOTCORR,2015,8,4.58
CTN_012,PRECTOTCORR,2015,9,6.18
CTN_012,PRECTOTCORR,2015,10,1.82
CTN_012,PRECTOTCORR,2015,11,0.73
CTN_012,PRECTOTCORR,2015,12,0.15
CTN_012,PRECTOTCORR,2016,1,0.27
CTN_012,PRECTOTCORR,2016,2,0.11
CTN_012,PRECTOTCORR,2016,3,1.46
CTN_012,PRECTOTCORR,2016,4,0.84
CTN_012,PRECTOTCORR,2016,5,2.25
CTN_012,PRECTOTCORR,2016,6,6.85
CTN_012,PRECTOTCORR,2016,7,6.45
CTN_012,PRECTOTCORR,2016,8,7.01
CTN_012,PRECTOTCORR,2016,9,6.34
CTN_012,PRECTOTCORR,2016,10,1.1
CTN_012,PRECTOTCORR,2016,11,1.44
CTN_012,PRECTOTCORR,2016,12,0.07
CTN_012,PRECTOTCORR,2017,1,0.0
CTN_012,PRECTOTCORR,2017,2,0.01
CTN_012,PRECTOTCORR,2017,3,0.49
CTN_012,PRECTOTCORR,2017,4,0.47
CTN_012,PRECTOTCORR,2017,5,3.27
CTN_012,PRECTOTCORR,2017,6,5.26
CTN_012,PRECTOTCORR,2017,7,5.91
CTN_012,PRECTOTCORR,2017,8,7.37
CTN_012,PRECTOTCORR,2017,9,6.97
CTN_012,PRECTOTCORR,2017,10,1.7
CTN_012,PRECTOTCORR,2017,11,0.08
CTN_012,PRECTOTCORR,2017,12,0.01
CTN_012,PRECTOTCORR,2018,1,0.23
CTN_012,PRECTOTCORR,2018,2,0.31
CTN_012,PRECTOTCORR,2018,3,0.23
CTN_012,PRECTOTCORR,2018,4,1.51
CTN_012,PRECTOTCORR,2018,5,2.92
CTN_012,PRECTOTCORR,2018,6,8.05
CTN_012,PRECTOTCORR,2018,7,2.72
CTN_012,PRECTOTCORR,2018,8,8.15
CTN_012,PRECTOTCORR,2018,9,5.91
CTN_012,PRECTOTCORR,2018,10,3.69
CTN_012,PRECTOTCORR,2018,11,1.55
CTN_012,PRECTOTCORR,2018,12,0.1
CTN_012,PRECTOTCORR,2019,1,0.08
CTN_012,PRECTOTCORR,2019,2,0.13
CTN_012,PRECTOTCORR,2019,3,0.18
CTN_012,PRECTOTCORR,2019,4,0.2
CTN_012,PRECTOTCORR,2019,5,1.57
CTN_012,PRECTOTCORR,2019,6,5.45
CTN_012,PRECTOTCORR,2019,7,5.75
CTN_012,PRECTOTCORR,2019,8,5.08
CTN_012,PRECTOTCORR,2019,9,5.34
CTN_012,PRECTOTCORR,2019,10,4.64
CTN_012,PRECTOTCORR,2019,11,0.9
CTN_012,PRECTOTCORR,2019,12,0.01
CTN_012,PRECTOTCORR,2020,1,0.22
CTN_012,PRECTOTCORR,2020,2,0.19
CTN_012,PRECTOTCORR,2020,3,0.4
CTN_012,PRECTOTCORR,2020,4,0.75
CTN_012,PRECTOTCORR,2020,5,0.99
CTN_012,PRECTOTCORR,2020,6,4.05
CTN_012,PRECTOTCORR,2020,7,5.99
CTN_012,PRECTOTCORR,2020,8,6.12
CTN_012,PRECTOTCORR,2020,9,6.35
CTN_012,PRECTOTCORR,2020,10,0.9
CTN_012,PRECTOTCORR,2020,11,0.07
CTN_012,PRECTOTCORR,2020,12,0.08
CTN_012,PRECTOTCORR,2021,1,0.22
CTN_012,PRECTOTCORR,2021,2,0.3
CTN_012,PRECTOTCORR,2021,3,0.68
CTN_012,PRECTOTCORR,2021,4,0.39
CTN_012,PRECTOTCORR,2021,5,3.2
CTN_012,PRECTOTCORR,2021,6,7.13
CTN_012,PRECTOTCORR,2021,7,4.83
CTN_012,PRECTOTCORR,2021,8,6.49
CTN_012,PRECTOTCORR,2021,9,6.72
CTN_012,PRECTOTCORR,2021,10,2.19
CTN_012,PRECTOTCORR,2021,11,0.17
CTN_012,PRECTOTCORR,2021,12,0.03
CTN_012,PRECTOTCORR,2022,1,0.31
CTN_012,PRECTOTCORR,2022,2,0.1
CTN_012,PRECTOTCORR,2022,3,0.16
CTN_012,PRECTOTCORR,2022,4,1.16
CTN_012,PRECTOTCORR,2022,5,1.06
CTN_012,PRECTOTCORR,2022,6,4.69
CTN_012,PRECTOTCORR,2022,7,5.32
CTN_012,PRECTOTCORR,2022,8,5.69
CTN_012,PRECTOTCORR,2022,9,5.64
CTN_012,PRECTOTCORR,2022,10,2.02
CTN_012,PRECTOTCORR,2022,11,0.43
CTN_012,PRECTOTCORR,2022,12,0.15
CTN_012,PRECTOTCORR,2023,1,0.01
CTN_012,PRECTOTCORR,2023,2,0.01
CTN_012,PRECTOTCORR,2023,3,0.39
CTN_012,PRECTOTCORR,2023,4,1.29
CTN_012,PRECTOTCORR,2023,5,1.37
CTN_012,PRECTOTCORR,2023,6,0.42
CTN_012,PRECTOTCORR,2023,7,5.08
CTN_012,PRECTOTCORR,2023,8,5.71
CTN_012,PRECTOTCORR,2023,9,3.1
CTN_012,PRECTOTCORR,2023,10,3.4
CTN_012,PRECTOTCORR,2023,11,2.23
CTN_012,PRECTOTCORR,2023,12,0.29
CTN_012,PRECTOTCORR,2024,1,0.05
CTN_012,PRECTOTCORR,2024,2,0.54
CTN_012,PRECTOTCORR,2024,3,0.0
CTN_012,PRECTOTCORR,2024,4,0.23
CTN_012,PRECTOTCORR,2024,5,0.96
CTN_012,PRECTOTCORR,2024,6,4.14
CTN_012,PRECTOTCORR,2024,7,8.57
CTN_012,PRECTOTCORR,2024,8,7.59
CTN_012,PRECTOTCORR,2024,9,8.74
CTN_012,PRECTOTCORR,2024,10,2.28
CTN_012,PRECTOTCORR,2024,11,0.4
CTN_012,PRECTOTCORR,2024,12,0.08
CTN_012,T2M,2015,1,14.83
CTN_012,T2M,2015,2,16.02
CTN_012,T2M,2015,3,17.32
CTN_012,T2M,2015,4,20.6
CTN_012,T2M,2015,5,19.65
CTN_012,T2M,2015,6,18.6
CTN_012,T2M,2015,7,18.15
CTN_012,T2M,2015,8,18.39
CTN_012,T2M,2015,9,17.24
CTN_012,T2M,2015,10,17.39
CTN_012,T2M,2015,11,17.73
CTN_012,T2M,2015,12,16.32
CTN_012,T2M,2016,1,14.06
CTN_012,T2M,2016,2,16.18
CTN_012,T2M,2016,3,17.16
CTN_012,T2M,2016,4,20.42
CTN_012,T2M,2016,5,22.12
CTN_012,T2M,2016,6,18.83
CTN_012,T2M,2016,7,18.2
CTN_012,T2M,2016,8,18.02
CTN_012,T2M,2016,9,17.5
CTN_012,T2M,2016,10,17.01
CTN_012,T2M,2016,11,15.76
CTN_012,T2M,2016,12,16.0
CTN_012,T2M,2017,1,15.1
CTN_012,T2M,2017,2,16.44
CTN_012,T2M,2017,3,18.72
CTN_012,T2M,2017,4,20.14
CTN_012,T2M,2017,5,21.47
CTN_012,T2M,2017,6,19.64
CTN_012,T2M,2017,7,17.86
CTN_012,T2M,2017,8,18.22
CTN_012,T2M,2017,9,17.25
CTN_012,T2M,2017,10,16.67
CTN_012,T2M,2017,11,15.67
CTN_012,T2M,2017,12,14.72
CTN_012,T2M,2018,1,14.11
CTN_012,T2M,2018,2,17.2
CTN_012,T2M,2018,3,19.68
CTN_012,T2M,2018,4,20.32
CTN_012,T2M,2018,5,20.65
CTN_012,T2M,2018,6,18.56
CTN_012,T2M,2018,7,18.67
CTN_012,T2M,2018,8,17.54
CTN_012,T2M,2018,9,17.53
CTN_012,T2M,2018,10,17.13
CTN_012,T2M,2018,11,15.65
CTN_012,T2M,2018,12,14.54
CTN_012,T2M,2019,1,14.89
CTN_012,T2M,2019,2,17.62
CTN_012,T2M,2019,3,19.36
CTN_012,T2M,2019,4,20.36
CTN_012,T2M,2019,5,21.89
CTN_012,T2M,2019,6,20.14
CTN_012,T2M,2019,7,18.23
CTN_012,T2M,2019,8,18.44
CTN_012,T2M,2019,9,17.82
CTN_012,T2M,2019,10,17.23
CTN_012,T2M,2019,11,16.84
CTN_012,T2M,2019,12,15.45
CTN_012,T2M,2020,1,15.22
CTN_012,T2M,2020,2,17.55
CTN_012,T2M,2020,3,20.06
CTN_012,T2M,2020,4,21.87
CTN_012,T2M,2020,5,21.25
CTN_012,T2M,2020,6,20.59
CTN_012,T2M,2020,7,18.82
CTN_012,T2M,2020,8,18.03
CTN_012,T2M,2020,9,17.5
CTN_012,T2M,2020,10,16.5
CTN_012,T2M,2020,11,16.54
CTN_012,T2M,2020,12,15.68
CTN_012,T2M,2021,1,16.15
CTN_012,T2M,2021,2,16.7
CTN_012,T2M,2021,3,19.52
CTN_012,T2M,2021,4,20.77
CTN_012,T2M,2021,5,20.37
CTN_012,T2M,2021,6,18.24
CTN_012,T2M,2021,7,18.04
CTN_012,T2M,2021,8,17.88
CTN_012,T2M,2021,9,17.27
CTN_012,T2M,2021,10,17.34
CTN_012,T2M,2021,11,15.62
CTN_012,T2M,2021,12,15.97
CTN_012,T2M,2022,1,15.65
CTN_012,T2M,2022,2,16.67
CTN_012,T2M,2022,3,18.76
CTN_012,T2M,2022,4,21.25
CTN_012,T2M,2022,5,22.18
CTN_012,T2M,2022,6,19.62
CTN_012,T2M,2022,7,19.22
CTN_012,T2M,2022,8,18.27
CTN_012,T2M,2022,9,17.51
CTN_012,T2M,2022,10,17.54
CTN_012,T2M,2022,11,17.31
CTN_012,T2M,2022,12,15.1
CTN_012,T2M,2023,1,15.68
CTN_012,T2M,2023,2,17.19
CTN_012,T2M,2023,3,19.5
CTN_012,T2M,2023,4,20.54
CTN_012,T2M,2023,5,21.18
CTN_012,T2M,2023,6,23.27
CTN_012,T2M,2023,7,20.1
CTN_012,T2M,2023,8,19.13
CTN_012,T2M,2023,9,19.1
CTN_012,T2M,2023,10,18.35
CTN_012,T2M,2023,11,17.39
CTN_012,T2M,2023,12,14.95
CTN_012,T2M,2024,1,15.81
CTN_012,T2M,2024,2,17.58
CTN_012,T2M,2024,3,20.05
CTN_012,T2M,2024,4,21.94
CTN_012,T2M,2024,5,24.26
CTN_012,T2M,2024,6,22.05
CTN_012,T2M,2024,7,18.83
CTN_012,T2M,2024,8,18.67
CTN_012,T2M,2024,9,18.11
CTN_012,T2M,2024,10,16.51
CTN_012,T2M,2024,11,16.84
CTN_012,T2M,2024,12,15.45
CTN_012,T2M_MAX,2015,1,26.34
CTN_012,T2M_MAX,2015,2,28.99
CTN_012,T2M_MAX,2015,3,30.07
CTN_012,T2M_MAX,2015,4,31.26
CTN_012,T2M_MAX,2015,5,30.17
CTN_012,T2M_MAX,2015,6,28.08
CTN_012,T2M_MAX,2015,7,27.54
CTN_012,T2M_MAX,2015,8,27.05
CTN_012,T2M_MAX,2015,9,25.0
CTN_012,T2M_MAX,2015,10,27.39
CTN_012,T2M_MAX,2015,11,26.67
CTN_012,T2M_MAX,2015,12,26.85
CTN_012,T2M_MAX,2016,1,25.56
CTN_012,T2M_MAX,2016,2,28.77
CTN_012,T2M_MAX,2016,3,30.02
CTN_012,T2M_MAX,2016,4,32.42
CTN_012,T2M_MAX,2016,5,33.15
CTN_012,T2M_MAX,2016,6,27.82
CTN_012,T2M_MAX,2016,7,26.22
CTN_012,T2M_MAX,2016,8,25.7
CTN_012,T2M_MAX,2016,9,24.31
CTN_012,T2M_MAX,2016,10,25.49
CTN_012,T2M_MAX,2016,11,25.65
CTN_012,T2M_MAX,2016,12,25.91
CTN_012,T2M_MAX,2017,1,27.68
CTN_012,T2M_MAX,2017,2,28.47
CTN_012,T2M_MAX,2017,3,30.55
CTN_012,T2M_MAX,2017,4,32.77
CTN_012,T2M_MAX,2017,5,32.74
CTN_012,T2M_MAX,2017,6,30.32
CTN_012,T2M_MAX,2017,7,25.54
CTN_012,T2M_MAX,2017,8,26.73
CTN_012,T2M_MAX,2017,9,25.16
CTN_012,T2M_MAX,2017,10,25.57
CTN_012,T2M_MAX,2017,11,27.09
CTN_012,T2M_MAX,2017,12,25.9
CTN_012,T2M_MAX,2018,1,26.21
CTN_012,T2M_MAX,2018,2,28.04
CTN_012,T2M_MAX,2018,3,31.77
CTN_012,T2M_MAX,2018,4,31.71
CTN_012,T2M_MAX,2018,5,34.6
CTN_012,T2M_MAX,2018,6,32.57
CTN_012,T2M_MAX,2018,7,27.75
CTN_012,T2M_MAX,2018,8,25.75
CTN_012,T2M_MAX,2018,9,24.54
CTN_012,T2M_MAX,2018,10,24.58
CTN_012,T2M_MAX,2018,11,25.49
CTN_012,T2M_MAX,2018,12,24.7
CTN_012,T2M_MAX,2019,1,26.41
CTN_012,T2M_MAX,2019,2,29.48
CTN_012,T2M_MAX,2019,3,31.23
CTN_012,T2M_MAX,2019,4,33.64
CTN_012,T2M_MAX,2019,5,32.79
CTN_012,T2M_MAX,2019,6,31.57
CTN_012,T2M_MAX,2019,7,27.5
CTN_012,T2M_MAX,2019,8,26.39
CTN_012,T2M_MAX,2019,9,26.01
CTN_012,T2M_MAX,2019,10,25.55
CTN_012,T2M_MAX,2019,11,25.5
CTN_012,T2M_MAX,2019,12,26.89
CTN_012,T2M_MAX,2020,1,26.15
CTN_012,T2M_MAX,2020,2,30.83
CTN_012,T2M_MAX,2020,3,32.72
CTN_012,T2M_MAX,2020,4,32.3
CTN_012,T2M_MAX,2020,5,32.26
CTN_012,T2M_MAX,2020,6,32.9
CTN_012,T2M_MAX,2020,7,28.0
CTN_012,T2M_MAX,2020,8,26.17
CTN_012,T2M_MAX,2020,9,26.19
CTN_012,T2M_MAX,2020,10,26.56
CTN_012,T2M_MAX,2020,11,28.02
CTN_012,T2M_MAX,2020,12,26.42
CTN_012,T2M_MAX,2021,1,29.0
CTN_012,T2M_MAX,2021,2,29.45
CTN_012,T2M_MAX,2021,3,32.67
CTN_012,T2M_MAX,2021,4,32.24
CTN_012,T2M_MAX,2021,5,30.99
CTN_012,T2M_MAX,2021,6,30.16
CTN_012,T2M_MAX,2021,7,26.24
CTN_012,T2M_MAX,2021,8,25.81
CTN_012,T2M_MAX,2021,9,24.52
CTN_012,T2M_MAX,2021,10,26.39
CTN_012,T2M_MAX,2021,11,25.22
CTN_012,T2M_MAX,2021,12,27.56
CTN_012,T2M_MAX,2022,1,27.25
CTN_012,T2M_MAX,2022,2,29.37
CTN_012,T2M_MAX,2022,3,31.4
CTN_012,T2M_MAX,2022,4,34.11
CTN_012,T2M_MAX,2022,5,33.43
CTN_012,T2M_MAX,2022,6,31.79
CTN_012,T2M_MAX,2022,7,28.62
CTN_012,T2M_MAX,2022,8,26.73
CTN_012,T2M_MAX,2022,9,25.07
CTN_012,T2M_MAX,2022,10,26.97
CTN_012,T2M_MAX,2022,11,26.52
CTN_012,T2M_MAX,2022,12,26.3
CTN_012,T2M_MAX,2023,1,27.96
CTN_012,T2M_MAX,2023,2,30.05
CTN_012,T2M_MAX,2023,3,31.32
CTN_012,T2M_MAX,2023,4,33.28
CTN_012,T2M_MAX,2023,5,32.69
CTN_012,T2M_MAX,2023,6,34.65
CTN_012,T2M_MAX,2023,7,29.87
CTN_012,T2M_MAX,2023,8,28.73
CTN_012,T2M_MAX,2023,9,28.75
CTN_012,T2M_MAX,2023,10,27.05
CTN_012,T2M_MAX,2023,11,28.43
CTN_012,T2M_MAX,2023,12,24.65
CTN_012,T2M_MAX,2024,1,28.2
CTN_012,T2M_MAX,2024,2,31.56
CTN_012,T2M_MAX,2024,3,32.33
CTN_012,T2M_MAX,2024,4,33.46
CTN_012,T2M_MAX,2024,5,35.62
CTN_012,T2M_MAX,2024,6,35.07
CTN_012,T2M_MAX,2024,7,28.48
CTN_012,T2M_MAX,2024,8,25.45
CTN_012,T2M_MAX,2024,9,25.13
CTN_012,T2M_MAX,2024,10,24.96
CTN_012,T2M_MAX,2024,11,26.88
CTN_012,T2M_MAX,2024,12,26.39
CTN_012,WS10M,2015,1,2.15
CTN_012,WS10M,2015,2,2.11
CTN_012,WS10M,2015,3,2.22
CTN_012,WS10M,2015,4,2.36
CTN_012,WS10M,2015,5,1.52
CTN_012,WS10M,2015,6,1.71
CTN_012,WS10M,2015,7,1.75
CTN_012,WS10M,2015,8,1.57
CTN_012,WS10M,2015,9,1.61
CTN_012,WS10M,2015,10,1.97
CTN_012,WS10M,2015,11,1.67
CTN_012,WS10M,2015,12,2.01
CTN_012,WS10M,2016,1,2.11
CTN_012,WS10M,2016,2,2.24
CTN_012,WS10M,2016,3,2.57
CTN_012,WS10M,2016,4,2.36
CTN_012,WS10M,2016,5,1.79
CTN_012,WS10M,2016,6,1.59
CTN_012,WS10M,2016,7,1.54
CTN_012,WS10M,2016,8,1.58
CTN_012,WS10M,2016,9,1.39
CTN_012,WS10M,2016,10,1.76
CTN_012,WS10M,2016,11,1.8
CTN_012,WS10M,2016,12,2.0
CTN_012,WS10M,2017,1,2.08
CTN_012,WS10M,2017,2,2.34
CTN_012,WS10M,2017,3,1.97
CTN_012,WS10M,2017,4,2.24
CTN_012,WS10M,2017,5,1.74
CTN_012,WS10M,2017,6,1.52
CTN_012,WS10M,2017,7,1.42
CTN_012,WS10M,2017,8,1.57
CTN_012,WS10M,2017,9,1.59
CTN_012,WS10M,2017,10,2.0
CTN_012,WS10M,2017,11,1.82
CTN_012,WS10M,2017,12,1.96
CTN_012,WS10M,2018,1,2.22
CTN_012,WS10M,2018,2,2.01
CTN_012,WS10M,2018,3,2.12
CTN_012,WS10M,2018,4,2.06
CTN_012,WS10M,2018,5,1.44
CTN_012,WS10M,2018,6,1.93
CTN_012,WS10M,2018,7,1.38
CTN_012,WS10M,2018,8,1.42
CTN_012,WS10M,2018,9,1.54
CTN_012,WS10M,2018,10,1.67
CTN_012,WS10M,2018,11,1.67
CTN_012,WS10M,2018,12,1.92
CTN_012,WS10M,2019,1,1.93
CTN_012,WS10M,2019,2,2.05
CTN_012,WS10M,2019,3,2.27
CTN_012,WS10M,2019,4,2.45
CTN_012,WS10M,2019,5,2.23
CTN_012,WS10M,2019,6,1.75
CTN_012,WS10M,2019,7,1.45
CTN_012,WS10M,2019,8,1.56
CTN_012,WS10M,2019,9,1.56
CTN_012,WS10M,2019,10,1.73
CTN_012,WS10M,2019,11,1.71
CTN_012,WS10M,2019,12,1.95
CTN_012,WS10M,2020,1,2.16
CTN_012,WS10M,2020,2,2.21
CTN_012,WS10M,2020,3,2.07
CTN_012,WS10M,2020,4,2.35
CTN_012,WS10M,2020,5,2.12
CTN_012,WS10M,2020,6,1.68
CTN_012,WS10M,2020,7,1.69
CTN_012,WS10M,2020,8,1.64
CTN_012,WS10M,2020,9,1.65
CTN_012,WS10M,2020,10,2.08
CTN_012,WS10M,2020,11,2.47
CTN_012,WS10M,2020,12,1.98
CTN_012,WS10M,2021,1,2.03
CTN_012,WS10M,2021,2,2.27
CTN_012,WS10M,2021,3,1.98
CTN_012,WS10M,2021,4,2.52
CTN_012,WS10M,2021,5,1.89
CTN_012,WS10M,2021,6,1.93
CTN_012,WS10M,2021,7,1.7
CTN_012,WS10M,2021,8,1.7
CTN_012,WS10M,2021,9,1.63
CTN_012,WS10M,2021,10,1.67
CTN_012,WS10M,2021,11,1.73
CTN_012,WS10M,2021,12,1.91
CTN_012,WS10M,2022,1,1.97
CTN_012,WS10M,2022,2,2.15
CTN_012,WS10M,2022,3,2.37
CTN_012,WS10M,2022,4,1.96
CTN_012,WS10M,2022,5,1.91
CTN_012,WS10M,2022,6,1.87
CTN_012,WS10M,2022,7,1.51
CTN_012,WS10M,2022,8,1.53
CTN_012,WS10M,2022,9,1.68
CTN_012,WS10M,2022,10,1.66
CTN_012,WS10M,2022,11,1.66
CTN_012,WS10M,2022,12,2.04
CTN_012,WS10M,2023,1,2.12
CTN_012,WS10M,2023,2,2.28
CTN_012,WS10M,2023,3,2.22
CTN_012,WS10M,2023,4,2.42
CTN_012,WS10M,2023,5,1.86
CTN_012,WS10M,2023,6,2.01
CTN_012,WS10M,2023,7,1.72
CTN_012,WS10M,2023,8,1.71
CTN_012,WS10M,2023,9,1.55
CTN_012,WS10M,2023,10,1.86
CTN_012,WS10M,2023,11,1.79
CTN_012,WS10M,2023,12,1.84
CTN_012,WS10M,2024,1,2.04
CTN_012,WS10M,2024,2,2.32
CTN_012,WS10M,2024,3,2.68
CTN_012,WS10M,2024,4,2.55
CTN_012,WS10M,2024,5,2.2
CTN_012,WS10M,2024,6,1.93
CTN_012,WS10M,2024,7,1.64
CTN_012,WS10M,2024,8,1.47
CTN_012,WS10M,2024,9,1.72
CTN_012,WS10M,2024,10,1.91
CTN_012,WS10M,2024,11,1.84
CTN_012,WS10M,2024,12,1.97
CTN_013,ALLSKY_SFC_SW_DWN,2015,1,5.0042
CTN_013,ALLSKY_SFC_SW_DWN,2015,2,5.64
CTN_013,ALLSKY_SFC_SW_DWN,2015,3,6.0809
CTN_013,ALLSKY_SFC_SW_DWN,2015,4,6.8652
CTN_013,ALLSKY_SFC_SW_DWN,2015,5,6.1538
CTN_013,ALLSKY_SFC_SW_DWN,2015,6,6.0982
CTN_013,ALLSKY_SFC_SW_DWN,2015,7,6.4958
CTN_013,ALLSKY_SFC_SW_DWN,2015,8,6.7625
CTN_013,ALLSKY_SFC_SW_DWN,2015,9,5.5152
CTN_013,ALLSKY_SFC_SW_DWN,2015,10,5.2478
CTN_013,ALLSKY_SFC_SW_DWN,2015,11,5.046
CTN_013,ALLSKY_SFC_SW_DWN,2015,12,4.5418
CTN_013,ALLSKY_SFC_SW_DWN,2016,1,4.2569
CTN_013,ALLSKY_SFC_SW_DWN,2016,2,5.9515
CTN_013,ALLSKY_SFC_SW_DWN,2016,3,6.0209
CTN_013,ALLSKY_SFC_SW_DWN,2016,4,6.8695
CTN_013,ALLSKY_SFC_SW_DWN,2016,5,6.5602
CTN_013,ALLSKY_SFC_SW_DWN,2016,6,6.3862
CTN_013,ALLSKY_SFC_SW_DWN,2016,7,6.685
CTN_013,ALLSKY_SFC_SW_DWN,2016,8,6.2203
CTN_013,ALLSKY_SFC_SW_DWN,2016,9,5.8402
CTN_013,ALLSKY_SFC_SW_DWN,2016,10,5.7041
CTN_013,ALLSKY_SFC_SW_DWN,2016,11,5.021
CTN_013,ALLSKY_SFC_SW_DWN,2016,12,5.0251
CTN_013,ALLSKY_SFC_SW_DWN,2017,1,5.4362
CTN_013,ALLSKY_SFC_SW_DWN,2017,2,6.2479
CTN_013,ALLSKY_SFC_SW_DWN,2017,3,6.6509
CTN_013,ALLSKY_SFC_SW_DWN,2017,4,6.9857
CTN_013,ALLSKY_SFC_SW_DWN,2017,5,6.3516
CTN_013,ALLSKY_SFC_SW_DWN,2017,6,6.2203
CTN_013,ALLSKY_SFC_SW_DWN,2017,7,6.4469
CTN_013,ALLSKY_SFC_SW_DWN,2017,8,6.1529
CTN_013,ALLSKY_SFC_SW_DWN,2017,9,5.1929
CTN_013,ALLSKY_SFC_SW_DWN,2017,10,5.6141
CTN_013,ALLSKY_SFC_SW_DWN,2017,11,5.5771
CTN_013,ALLSKY_SFC_SW_DWN,2017,12,5.1017
CTN_013,ALLSKY_SFC_SW_DWN,2018,1,4.9901
CTN_013,ALLSKY_SFC_SW_DWN,2018,2,5.7413
CTN_013,ALLSKY_SFC_SW_DWN,2018,3,6.8285
CTN_013,ALLSKY_SFC_SW_DWN,2018,4,6.8122
CTN_013,ALLSKY_SFC_SW_DWN,2018,5,6.6938
CTN_013,ALLSKY_SFC_SW_DWN,2018,6,5.9774
CTN_013,ALLSKY_SFC_SW_DWN,2018,7,7.1438
CTN_013,ALLSKY_SFC_SW_DWN,2018,8,6.239
CTN_013,ALLSKY_SFC_SW_DWN,2018,9,6.1246
CTN_013,ALLSKY_SFC_SW_DWN,2018,10,5.3028
CTN_013,ALLSKY_SFC_SW_DWN,2018,11,4.5922
CTN_013,ALLSKY_SFC_SW_DWN,2018,12,4.925
CTN_013,ALLSKY_SFC_SW_DWN,2019,1,5.2133
CTN_013,ALLSKY_SFC_SW_DWN,2019,2,6.162
CTN_013,ALLSKY_SFC_SW_DWN,2019,3,6.8842
CTN_013,ALLSKY_SFC_SW_DWN,2019,4,7.2686
CTN_013,ALLSKY_SFC_SW_DWN,2019,5,6.6787
CTN_013,ALLSKY_SFC_SW_DWN,2019,6,6.1706
CTN_013,ALLSKY_SFC_SW_DWN,2019,7,6.6283
CTN_013,ALLSKY_SFC_SW_DWN,2019,8,6.6173
CTN_013,ALLSKY_SFC_SW_DWN,2019,9,5.7451
CTN_013,ALLSKY_SFC_SW_DWN,2019,10,5.0966
CTN_013,ALLSKY_SFC_SW_DWN,2019,11,4.9625
CTN_013,ALLSKY_SFC_SW_DWN,2019,12,4.9049
CTN_013,ALLSKY_SFC_SW_DWN,2020,1,5.1883
CTN_013,ALLSKY_SFC_SW_DWN,2020,2,5.8668
CTN_013,ALLSKY_SFC_SW_DWN,2020,3,6.7982
CTN_013,ALLSKY_SFC_SW_DWN,2020,4,7.2485
CTN_013,ALLSKY_SFC_SW_DWN,2020,5,7.0973
CTN_013,ALLSKY_SFC_SW_DWN,2020,6,6.2933
CTN_013,ALLSKY_SFC_SW_DWN,2020,7,6.5074
CTN_013,ALLSKY_SFC_SW_DWN,2020,8,6.1306
CTN_013,ALLSKY_SFC_SW_DWN,2020,9,5.3494
CTN_013,ALLSKY_SFC_SW_DWN,2020,10,5.976
CTN_013,ALLSKY_SFC_SW_DWN,2020,11,5.4521
CTN_013,ALLSKY_SFC_SW_DWN,2020,12,4.9147
CTN_013,ALLSKY_SFC_SW_DWN,2021,1,4.9764
CTN_013,ALLSKY_SFC_SW_DWN,2021,2,6.3355
CTN_013,ALLSKY_SFC_SW_DWN,2021,3,6.9571
CTN_013,ALLSKY_SFC_SW_DWN,2021,4,7.3402
CTN_013,ALLSKY_SFC_SW_DWN,2021,5,6.7056
CTN_013,ALLSKY_SFC_SW_DWN,2021,6,5.4377
CTN_013,ALLSKY_SFC_SW_DWN,2021,7,6.5021
CTN_013,ALLSKY_SFC_SW_DWN,2021,8,6.0288
CTN_013,ALLSKY_SFC_SW_DWN,2021,9,5.6546
CTN_013,ALLSKY_SFC_SW_DWN,2021,10,5.4322
CTN_013,ALLSKY_SFC_SW_DWN,2021,11,5.4353
CTN_013,ALLSKY_SFC_SW_DWN,2021,12,5.076
CTN_013,ALLSKY_SFC_SW_DWN,2022,1,5.1346
CTN_013,ALLSKY_SFC_SW_DWN,2022,2,6.0017
CTN_013,ALLSKY_SFC_SW_DWN,2022,3,7.147
CTN_013,ALLSKY_SFC_SW_DWN,2022,4,7.1131
CTN_013,ALLSKY_SFC_SW_DWN,2022,5,7.0704
CTN_013,ALLSKY_SFC_SW_DWN,2022,6,6.3852
CTN_013,ALLSKY_SFC_SW_DWN,2022,7,6.3862
CTN_013,ALLSKY_SFC_SW_DWN,2022,8,6.2191
CTN_013,ALLSKY_SFC_SW_DWN,2022,9,5.4391
CTN_013,ALLSKY_SFC_SW_DWN,2022,10,5.309
CTN_013,ALLSKY_SFC_SW_DWN,2022,11,5.1178
CTN_013,ALLSKY_SFC_SW_DWN,2022,12,4.8662
CTN_013,ALLSKY_SFC_SW_DWN,2023,1,5.3026
CTN_013,ALLSKY_SFC_SW_DWN,2023,2,6.1721
CTN_013,ALLSKY_SFC_SW_DWN,2023,3,6.8693
CTN_013,ALLSKY_SFC_SW_DWN,2023,4,7.2379
CTN_013,ALLSKY_SFC_SW_DWN,2023,5,6.3526
CTN_013,ALLSKY_SFC_SW_DWN,2023,6,7.0075
CTN_013,ALLSKY_SFC_SW_DWN,2023,7,6.397
CTN_013,ALLSKY_SFC_SW_DWN,2023,8,5.9563
CTN_013,ALLSKY_SFC_SW_DWN,2023,9,6.3101
CTN_013,ALLSKY_SFC_SW_DWN,2023,10,5.077
CTN_013,ALLSKY_SFC_SW_DWN,2023,11,5.0887
CTN_013,ALLSKY_SFC_SW_DWN,2023,12,4.4184
CTN_013,ALLSKY_SFC_SW_DWN,2024,1,4.8682
CTN_013,ALLSKY_SFC_SW_DWN,2024,2,5.8963
CTN_013,ALLSKY_SFC_SW_DWN,2024,3,7.1731
CTN_013,ALLSKY_SFC_SW_DWN,2024,4,7.3219
CTN_013,ALLSKY_SFC_SW_DWN,2024,5,7.0387
CTN_013,ALLSKY_SFC_SW_DWN,2024,6,6.114
CTN_013,ALLSKY_SFC_SW_DWN,2024,7,6.0914
CTN_013,ALLSKY_SFC_SW_DWN,2024,8,6.3307
CTN_013,ALLSKY_SFC_SW_DWN,2024,9,5.0808
CTN_013,ALLSKY_SFC_SW_DWN,2024,10,5.4211
CTN_013,ALLSKY_SFC_SW_DWN,2024,11,5.292
CTN_013,ALLSKY_SFC_SW_DWN,2024,12,4.8595
CTN_013,PRECTOTCORR,2015,1,0.01
CTN_013,PRECTOTCORR,2015,2,0.1
CTN_013,PRECTOTCORR,2015,3,1.2
CTN_013,PRECTOTCORR,2015,4,0.24
CTN_013,PRECTOTCORR,2015,5,4.14
CTN_013,PRECTOTCORR,2015,6,4.19
CTN_013,PRECTOTCORR,2015,7,3.98
CTN_013,PRECTOTCORR,2015,8,5.15
CTN_013,PRECTOTCORR,2015,9,6.87
CTN_013,PRECTOTCORR,2015,10,1.92
CTN_013,PRECTOTCORR,2015,11,1.07
CTN_013,PRECTOTCORR,2015,12,0.05
CTN_013,PRECTOTCORR,2016,1,0.2
CTN_013,PRECTOTCORR,2016,2,0.07
CTN_013,PRECTOTCORR,2016,3,1.31
CTN_013,PRECTOTCORR,2016,4,0.79
CTN_013,PRECTOTCORR,2016,5,2.13
CTN_013,PRECTOTCORR,2016,6,7.11
CTN_013,PRECTOTCORR,2016,7,6.76
CTN_013,PRECTOTCORR,2016,8,6.86
CTN_013,PRECTOTCORR,2016,9,7.22
CTN_013,PRECTOTCORR,2016,10,1.12
CTN_013,PRECTOTCORR,2016,11,1.09
CTN_013,PRECTOTCORR,2016,12,0.04
CTN_013,PRECTOTCORR,2017,1,0.0
CTN_013,PRECTOTCORR,2017,2,0.0
CTN_013,PRECTOTCORR,2017,3,0.28
CTN_013,PRECTOTCORR,2017,4,0.32
CTN_013,PRECTOTCORR,2017,5,3.67
CTN_013,PRECTOTCORR,2017,6,6.5
CTN_013,PRECTOTCORR,2017,7,6.22
CTN_013,PRECTOTCORR,2017,8,7.8
CTN_013,PRECTOTCORR,2017,9,8.35
CTN_013,PRECTOTCORR,2017,10,1.72
CTN_013,PRECTOTCORR,2017,11,0.06
CTN_013,PRECTOTCORR,2017,12,0.01
CTN_013,PRECTOTCORR,2018,1,0.14
CTN_013,PRECTOTCORR,2018,2,0.12
CTN_013,PRECTOTCORR,2018,3,0.12
CTN_013,PRECTOTCORR,2018,4,1.21
CTN_013,PRECTOTCORR,2018,5,3.19
CTN_013,PRECTOTCORR,2018,6,8.72
CTN_013,PRECTOTCORR,2018,7,2.52
CTN_013,PRECTOTCORR,2018,8,8.52
CTN_013,PRECTOTCORR,2018,9,6.1
CTN_013,PRECTOTCORR,2018,10,3.69
CTN_013,PRECTOTCORR,2018,11,1.22
CTN_013,PRECTOTCORR,2018,12,0.07
CTN_013,PRECTOTCORR,2019,1,0.04
CTN_013,PRECTOTCORR,2019,2,0.06
CTN_013,PRECTOTCORR,2019,3,0.09
CTN_013,PRECTOTCORR,2019,4,0.07
CTN_013,PRECTOTCORR,2019,5,1.89
CTN_013,PRECTOTCORR,2019,6,5.94
CTN_013,PRECTOTCORR,2019,7,5.95
CTN_013,PRECTOTCORR,2019,8,5.33
CTN_013,PRECTOTCORR,2019,9,6.35
CTN_013,PRECTOTCORR,2019,10,4.97
CTN_013,PRECTOTCORR,2019,11,0.69
CTN_013,PRECTOTCORR,2019,12,0.0
CTN_013,PRECTOTCORR,2020,1,0.13
CTN_013,PRECTOTCORR,2020,2,0.13
CTN_013,PRECTOTCORR,2020,3,0.24
CTN_013,PRECTOTCORR,2020,4,0.44
CTN_013,PRECTOTCORR,2020,5,0.86
CTN_013,PRECTOTCORR,2020,6,4.95
CTN_013,PRECTOTCORR,2020,7,6.17
CTN_013,PRECTOTCORR,2020,8,6.33
CTN_013,PRECTOTCORR,2020,9,7.37
CTN_013,PRECTOTCORR,2020,10,0.91
CTN_013,PRECTOTCORR,2020,11,0.09
CTN_013,PRECTOTCORR,2020,12,0.05
CTN_013,PRECTOTCORR,2021,1,0.19
CTN_013,PRECTOTCORR,2021,2,0.28
CTN_013,PRECTOTCORR,2021,3,0.6
CTN_013,PRECTOTCORR,2021,4,0.17
CTN_013,PRECTOTCORR,2021,5,3.34
CTN_013,PRECTOTCORR,2021,6,7.81
CTN_013,PRECTOTCORR,2021,7,4.75
CTN_013,PRECTOTCORR,2021,8,7.48
CTN_013,PRECTOTCORR,2021,9,6.74
CTN_013,PRECTOTCORR,2021,10,2.33
CTN_013,PRECTOTCORR,2021,11,0.11
CTN_013,PRECTOTCORR,2021,12,0.02
CTN_013,PRECTOTCORR,2022,1,0.3
CTN_013,PRECTOTCORR,2022,2,0.04
CTN_013,PRECTOTCORR,2022,3,0.09
CTN_013,PRECTOTCORR,2022,4,0.83
CTN_013,PRECTOTCORR,2022,5,1.24
CTN_013,PRECTOTCORR,2022,6,5.47
CTN_013,PRECTOTCORR,2022,7,5.24
CTN_013,PRECTOTCORR,2022,8,6.6
CTN_013,PRECTOTCORR,2022,9,7.12
CTN_013,PRECTOTCORR,2022,10,2.06
CTN_013,PRECTOTCORR,2022,11,0.29
CTN_013,PRECTOTCORR,2022,12,0.08
CTN_013,PRECTOTCORR,2023,1,0.0
CTN_013,PRECTOTCORR,2023,2,0.0
CTN_013,PRECTOTCORR,2023,3,0.14
CTN_013,PRECTOTCORR,2023,4,1.18
CTN_013,PRECTOTCORR,2023,5,1.35
CTN_013,PRECTOTCORR,2023,6,0.42
CTN_013,PRECTOTCORR,2023,7,5.31
CTN_013,PRECTOTCORR,2023,8,6.46
CTN_013,PRECTOTCORR,2023,9,4.03
CTN_013,PRECTOTCORR,2023,10,3.86
CTN_013,PRECTOTCORR,2023,11,1.82
CTN_013,PRECTOTCORR,2023,12,0.11
CTN_013,PRECTOTCORR,2024,1,0.03
CTN_013,PRECTOTCORR,2024,2,0.46
CTN_013,PRECTOTCORR,2024,3,0.0
CTN_013,PRECTOTCORR,2024,4,0.07
CTN_013,PRECTOTCORR,2024,5,0.69
CTN_013,PRECTOTCORR,2024,6,3.46
CTN_013,PRECTOTCORR,2024,7,8.46
CTN_013,PRECTOTCORR,2024,8,6.88
CTN_013,PRECTOTCORR,2024,9,9.79
CTN_013,PRECTOTCORR,2024,10,2.5
CTN_013,PRECTOTCORR,2024,11,0.28
CTN_013,PRECTOTCORR,2024,12,0.04
CTN_013,T2M,2015,1,19.46
CTN_013,T2M,2015,2,20.84
CTN_013,T2M,2015,3,22.46
CTN_013,T2M,2015,4,26.05
CTN_013,T2M,2015,5,24.58
CTN_013,T2M,2015,6,22.69
CTN_013,T2M,2015,7,22.33
CTN_013,T2M,2015,8,22.63
CTN_013,T2M,2015,9,21.12
CTN_013,T2M,2015,10,21.76
CTN_013,T2M,2015,11,21.89
CTN_013,T2M,2015,12,20.85
CTN_013,T2M,2016,1,19.29
CTN_013,T2M,2016,2,20.59
CTN_013,T2M,2016,3,22.06
CTN_013,T2M,2016,4,25.56
CTN_013,T2M,2016,5,26.84
CTN_013,T2M,2016,6,22.97
CTN_013,T2M,2016,7,22.08
CTN_013,T2M,2016,8,21.78
CTN_013,T2M,2016,9,21.17
CTN_013,T2M,2016,10,21.17
CTN_013,T2M,2016,11,20.26
CTN_013,T2M,2016,12,20.95
CTN_013,T2M,2017,1,19.98
CTN_013,T2M,2017,2,21.59
CTN_013,T2M,2017,3,24.0
CTN_013,T2M,2017,4,25.19
CTN_013,T2M,2017,5,25.96
CTN_013,T2M,2017,6,23.0
CTN_013,T2M,2017,7,21.37
CTN_013,T2M,2017,8,21.75
CTN_013,T2M,2017,9,20.9
CTN_013,T2M,2017,10,20.55
CTN_013,T2M,2017,11,19.63
CTN_013,T2M,2017,12,18.87
CTN_013,T2M,2018,1,18.58
CTN_013,T2M,2018,2,22.15
CTN_013,T2M,2018,3,24.68
CTN_013,T2M,2018,4,25.33
CTN_013,T2M,2018,5,24.85
CTN_013,T2M,2018,6,22.42
CTN_013,T2M,2018,7,22.51
CTN_013,T2M,2018,8,21.38
CTN_013,T2M,2018,9,21.16
CTN_013,T2M,2018,10,20.98
CTN_013,T2M,2018,11,19.85
CTN_013,T2M,2018,12,19.08
CTN_013,T2M,2019,1,19.86
CTN_013,T2M,2019,2,22.36
CTN_013,T2M,2019,3,24.27
CTN_013,T2M,2019,4,25.37
CTN_013,T2M,2019,5,26.36
CTN_013,T2M,2019,6,24.01
CTN_013,T2M,2019,7,22.15
CTN_013,T2M,2019,8,22.12
CTN_013,T2M,2019,9,21.63
CTN_013,T2M,2019,10,20.79
CTN_013,T2M,2019,11,20.65
CTN_013,T2M,2019,12,19.69
CTN_013,T2M,2020,1,20.1
CTN_013,T2M,2020,2,22.26
CTN_013,T2M,2020,3,24.79
CTN_013,T2M,2020,4,27.12
CTN_013,T2M,2020,5,26.34
CTN_013,T2M,2020,6,24.8
CTN_013,T2M,2020,7,22.67
CTN_013,T2M,2020,8,21.9
CTN_013,T2M,2020,9,21.16
CTN_013,T2M,2020,10,20.39
CTN_013,T2M,2020,11,20.63
CTN_013,T2M,2020,12,20.41
CTN_013,T2M,2021,1,21.14
CTN_013,T2M,2021,2,21.36
CTN_013,T2M,2021,3,23.98
CTN_013,T2M,2021,4,25.63
CTN_013,T2M,2021,5,24.85
CTN_013,T2M,2021,6,22.07
CTN_013,T2M,2021,7,21.89
CTN_013,T2M,2021,8,21.58
CTN_013,T2M,2021,9,21.08
CTN_013,T2M,2021,10,21.35
CTN_013,T2M,2021,11,19.85
CTN_013,T2M,2021,12,20.54
CTN_013,T2M,2022,1,20.51
CTN_013,T2M,2022,2,21.55
CTN_013,T2M,2022,3,23.76
CTN_013,T2M,2022,4,26.05
CTN_013,T2M,2022,5,26.71
CTN_013,T2M,2022,6,23.56
CTN_013,T2M,2022,7,23.16
CTN_013,T2M,2022,8,22.02
CTN_013,T2M,2022,9,21.2
CTN_013,T2M,2022,10,21.17
CTN_013,T2M,2022,11,21.47
CTN_013,T2M,2022,12,19.56
CTN_013,T2M,2023,1,20.53
CTN_013,T2M,2023,2,21.85
CTN_013,T2M,2023,3,24.4
CTN_013,T2M,2023,4,25.53
CTN_013,T2M,2023,5,26.26
CTN_013,T2M,2023,6,28.07
CTN_013,T2M,2023,7,24.32
CTN_013,T2M,2023,8,23.01
CTN_013,T2M,2023,9,22.83
CTN_013,T2M,2023,10,22.19
CTN_013,T2M,2023,11,21.48
CTN_013,T2M,2023,12,19.39
CTN_013,T2M,2024,1,20.92
CTN_013,T2M,2024,2,22.38
CTN_013,T2M,2024,3,25.02
CTN_013,T2M,2024,4,27.03
CTN_013,T2M,2024,5,28.83
CTN_013,T2M,2024,6,26.55
CTN_013,T2M,2024,7,22.8
CTN_013,T2M,2024,8,22.47
CTN_013,T2M,2024,9,21.75
CTN_013,T2M,2024,10,20.53
CTN_013,T2M,2024,11,21.0
CTN_013,T2M,2024,12,19.88
CTN_013,T2M_MAX,2015,1,30.35
CTN_013,T2M_MAX,2015,2,33.98
CTN_013,T2M_MAX,2015,3,35.25
CTN_013,T2M_MAX,2015,4,36.92
CTN_013,T2M_MAX,2015,5,35.13
CTN_013,T2M_MAX,2015,6,31.14
CTN_013,T2M_MAX,2015,7,31.53
CTN_013,T2M_MAX,2015,8,30.9
CTN_013,T2M_MAX,2015,9,28.23
CTN_013,T2M_MAX,2015,10,31.3
CTN_013,T2M_MAX,2015,11,30.05
CTN_013,T2M_MAX,2015,12,30.99
CTN_013,T2M_MAX,2016,1,30.46
CTN_013,T2M_MAX,2016,2,33.24
CTN_013,T2M_MAX,2016,3,36.3
CTN_013,T2M_MAX,2016,4,37.2
CTN_013,T2M_MAX,2016,5,37.87
CTN_013,T2M_MAX,2016,6,32.1
CTN_013,T2M_MAX,2016,7,29.22
CTN_013,T2M_MAX,2016,8,29.29
CTN_013,T2M_MAX,2016,9,27.42
CTN_013,T2M_MAX,2016,10,28.96
CTN_013,T2M_MAX,2016,11,30.26
CTN_013,T2M_MAX,2016,12,30.5
CTN_013,T2M_MAX,2017,1,31.54
CTN_013,T2M_MAX,2017,2,33.77
CTN_013,T2M_MAX,2017,3,35.55
CTN_013,T2M_MAX,2017,4,37.7
CTN_013,T2M_MAX,2017,5,36.43
CTN_013,T2M_MAX,2017,6,31.79
CTN_013,T2M_MAX,2017,7,27.81
CTN_013,T2M_MAX,2017,8,28.46
CTN_013,T2M_MAX,2017,9,27.68
CTN_013,T2M_MAX,2017,10,28.04
CTN_013,T2M_MAX,2017,11,29.7
CTN_013,T2M_MAX,2017,12,29.41
CTN_013,T2M_MAX,2018,1,30.6
CTN_013,T2M_MAX,2018,2,32.45
CTN_013,T2M_MAX,2018,3,36.37
CTN_013,T2M_MAX,2018,4,36.12
CTN_013,T2M_MAX,2018,5,37.84
CTN_013,T2M_MAX,2018,6,35.69
CTN_013,T2M_MAX,2018,7,31.27
CTN_013,T2M_MAX,2018,8,28.76
CTN_013,T2M_MAX,2018,9,26.93
CTN_013,T2M_MAX,2018,10,27.62
CTN_013,T2M_MAX,2018,11,29.35
CTN_013,T2M_MAX,2018,12,29.92
CTN_013,T2M_MAX,2019,1,31.28
CTN_013,T2M_MAX,2019,2,34.3
CTN_013,T2M_MAX,2019,3,35.54
CTN_013,T2M_MAX,2019,4,37.49
CTN_013,T2M_MAX,2019,5,37.26
CTN_013,T2M_MAX,2019,6,34.35
CTN_013,T2M_MAX,2019,7,30.18
CTN_013,T2M_MAX,2019,8,29.04
CTN_013,T2M_MAX,2019,9,29.94
CTN_013,T2M_MAX,2019,10,27.62
CTN_013,T2M_MAX,2019,11,29.86
CTN_013,T2M_MAX,2019,12,30.02
CTN_013,T2M_MAX,2020,1,30.86
CTN_013,T2M_MAX,2020,2,34.47
CTN_013,T2M_MAX,2020,3,36.18
CTN_013,T2M_MAX,2020,4,36.91
CTN_013,T2M_MAX,2020,5,36.48
CTN_013,T2M_MAX,2020,6,37.09
CTN_013,T2M_MAX,2020,7,30.25
CTN_013,T2M_MAX,2020,8,29.29
CTN_013,T2M_MAX,2020,9,28.55
CTN_013,T2M_MAX,2020,10,29.79
CTN_013,T2M_MAX,2020,11,31.81
CTN_013,T2M_MAX,2020,12,31.17
CTN_013,T2M_MAX,2021,1,33.34
CTN_013,T2M_MAX,2021,2,33.21
CTN_013,T2M_MAX,2021,3,36.01
CTN_013,T2M_MAX,2021,4,36.54
CTN_013,T2M_MAX,2021,5,35.34
CTN_013,T2M_MAX,2021,6,32.07
CTN_013,T2M_MAX,2021,7,29.4
CTN_013,T2M_MAX,2021,8,29.63
CTN_013,T2M_MAX,2021,9,27.72
CTN_013,T2M_MAX,2021,10,29.97
CTN_013,T2M_MAX,2021,11,29.23
CTN_013,T2M_MAX,2021,12,30.99
CTN_013,T2M_MAX,2022,1,32.11
CTN_013,T2M_MAX,2022,2,33.29
CTN_013,T2M_MAX,2022,3,35.29
CTN_013,T2M_MAX,2022,4,37.82
CTN_013,T2M_MAX,2022,5,37.82
CTN_013,T2M_MAX,2022,6,33.75
CTN_013,T2M_MAX,2022,7,32.25
CTN_013,T2M_MAX,2022,8,30.31
CTN_013,T2M_MAX,2022,9,28.04
CTN_013,T2M_MAX,2022,10,28.95
CTN_013,T2M_MAX,2022,11,30.42
CTN_013,T2M_MAX,2022,12,30.6
CTN_013,T2M_MAX,2023,1,31.71
CTN_013,T2M_MAX,2023,2,34.36
CTN_013,T2M_MAX,2023,3,35.08
CTN_013,T2M_MAX,2023,4,37.66
CTN_013,T2M_MAX,2023,5,37.19
CTN_013,T2M_MAX,2023,6,39.3
CTN_013,T2M_MAX,2023,7,34.32
CTN_013,T2M_MAX,2023,8,31.41
CTN_013,T2M_MAX,2023,9,31.01
CTN_013,T2M_MAX,2023,10,29.97
CTN_013,T2M_MAX,2023,11,31.42
CTN_013,T2M_MAX,2023,12,28.69
CTN_013,T2M_MAX,2024,1,32.67
CTN_013,T2M_MAX,2024,2,35.5
CTN_013,T2M_MAX,2024,3,37.59
CTN_013,T2M_MAX,2024,4,37.75
CTN_013,T2M_MAX,2024,5,39.43
CTN_013,T2M_MAX,2024,6,39.05
CTN_013,T2M_MAX,2024,7,32.07
CTN_013,T2M_MAX,2024,8,29.07
CTN_013,T2M_MAX,2024,9,28.03
CTN_013,T2M_MAX,2024,10,28.41
CTN_013,T2M_MAX,2024,11,29.83
CTN_013,T2M_MAX,2024,12,30.68
CTN_013,WS10M,2015,1,2.44
CTN_013,WS10M,2015,2,2.26
CTN_013,WS10M,2015,3,2.51
CTN_013,WS10M,2015,4,2.41
CTN_013,WS10M,2015,5,1.77
CTN_013,WS10M,2015,6,1.95
CTN_013,WS10M,2015,7,2.06
CTN_013,WS10M,2015,8,1.73
CTN_013,WS10M,2015,9,1.71
CTN_013,WS10M,2015,10,1.75
CTN_013,WS10M,2015,11,1.81
CTN_013,WS10M,2015,12,2.15
CTN_013,WS10M,2016,1,2.22
CTN_013,WS10M,2016,2,2.86
CTN_013,WS10M,2016,3,2.44
CTN_013,WS10M,2016,4,2.22
CTN_013,WS10M,2016,5,1.91
CTN_013,WS10M,2016,6,1.81
CTN_013,WS10M,2016,7,1.57
CTN_013,WS10M,2016,8,1.69
CTN_013,WS10M,2016,9,1.48
CTN_013,WS10M,2016,10,1.65
CTN_013,WS10M,2016,11,1.91
CTN_013,WS10M,2016,12,2.16
CTN_013,WS10M,2017,1,2.27
CTN_013,WS10M,2017,2,2.38
CTN_013,WS10M,2017,3,2.36
CTN_013,WS10M,2017,4,2.42
CTN_013,WS10M,2017,5,2.02
CTN_013,WS10M,2017,6,1.91
CTN_013,WS10M,2017,7,1.62
CTN_013,WS10M,2017,8,1.72
CTN_013,WS10M,2017,9,1.57
CTN_013,WS10M,2017,10,1.8
CTN_013,WS10M,2017,11,1.89
CTN_013,WS10M,2017,12,2.12
CTN_013,WS10M,2018,1,2.81
CTN_013,WS10M,2018,2,2.11
CTN_013,WS10M,2018,3,2.31
CTN_013,WS10M,2018,4,2.34
CTN_013,WS10M,2018,5,1.87
CTN_013,WS10M,2018,6,2.03
CTN_013,WS10M,2018,7,1.66
CTN_013,WS10M,2018,8,1.59
CTN_013,WS10M,2018,9,1.66
CTN_013,WS10M,2018,10,1.84
CTN_013,WS10M,2018,11,1.86
CTN_013,WS10M,2018,12,2.16
CTN_013,WS10M,2019,1,2.17
CTN_013,WS10M,2019,2,2.11
CTN_013,WS10M,2019,3,2.46
CTN_013,WS10M,2019,4,2.41
CTN_013,WS10M,2019,5,2.35
CTN_013,WS10M,2019,6,2.01
CTN_013,WS10M,2019,7,1.67
CTN_013,WS10M,2019,8,1.62
CTN_013,WS10M,2019,9,1.67
CTN_013,WS10M,2019,10,1.64
CTN_013,WS10M,2019,11,1.9
CTN_013,WS10M,2019,12,2.02
CTN_013,WS10M,2020,1,2.49
CTN_013,WS10M,2020,2,2.54
CTN_013,WS10M,2020,3,2.28
CTN_013,WS10M,2020,4,2.46
CTN_013,WS10M,2020,5,2.24
CTN_013,WS10M,2020,6,1.87
CTN_013,WS10M,2020,7,1.74
CTN_013,WS10M,2020,8,1.81
CTN_013,WS10M,2020,9,1.64
CTN_013,WS10M,2020,10,1.86
CTN_013,WS10M,2020,11,2.4
CTN_013,WS10M,2020,12,2.13
CTN_013,WS10M,2021,1,2.13
CTN_013,WS10M,2021,2,2.32
CTN_013,WS10M,2021,3,2.13
CTN_013,WS10M,2021,4,2.58
CTN_013,WS10M,2021,5,2.15
CTN_013,WS10M,2021,6,1.98
CTN_013,WS10M,2021,7,1.78
CTN_013,WS10M,2021,8,1.88
CTN_013,WS10M,2021,9,1.54
CTN_013,WS10M,2021,10,1.65
CTN_013,WS10M,2021,11,1.94
CTN_013,WS10M,2021,12,1.92
CTN_013,WS10M,2022,1,2.2
CTN_013,WS10M,2022,2,2.48
CTN_013,WS10M,2022,3,2.38
CTN_013,WS10M,2022,4,2.26
CTN_013,WS10M,2022,5,2.3
CTN_013,WS10M,2022,6,2.2
CTN_013,WS10M,2022,7,1.71
CTN_013,WS10M,2022,8,1.66
CTN_013,WS10M,2022,9,1.66
CTN_013,WS10M,2022,10,1.69
CTN_013,WS10M,2022,11,1.75
CTN_013,WS10M,2022,12,2.34
CTN_013,WS10M,2023,1,2.1
CTN_013,WS10M,2023,2,2.47
CTN_013,WS10M,2023,3,2.23
CTN_013,WS10M,2023,4,2.38
CTN_013,WS10M,2023,5,2.05
CTN_013,WS10M,2023,6,2.42
CTN_013,WS10M,2023,7,1.99
CTN_013,WS10M,2023,8,1.82
CTN_013,WS10M,2023,9,1.62
CTN_013,WS10M,2023,10,1.82
CTN_013,WS10M,2023,11,1.95
CTN_013,WS10M,2023,12,1.94
CTN_013,WS10M,2024,1,2.06
CTN_013,WS10M,2024,2,2.19
CTN_013,WS10M,2024,3,2.47
CTN_013,WS10M,2024,4,2.52
CTN_013,WS10M,2024,5,2.27
CTN_013,WS10M,2024,6,2.37
CTN_013,WS10M,2024,7,1.7
CTN_013,WS10M,2024,8,1.61
CTN_013,WS10M,2024,9,1.75
CTN_013,WS10M,2024,10,1.77
CTN_013,WS10M,2024,11,1.83
CTN_013,WS10M,2024,12,2.13
CTN_014,ALLSKY_SFC_SW_DWN,2015,1,5.0042
CTN_014,ALLSKY_SFC_SW_DWN,2015,2,5.64
CTN_014,ALLSKY_SFC_SW_DWN,2015,3,6.0809
CTN_014,ALLSKY_SFC_SW_DWN,2015,4,6.8652
CTN_014,ALLSKY_SFC_SW_DWN,2015,5,6.1538
CTN_014,ALLSKY_SFC_SW_DWN,2015,6,6.0982
CTN_014,ALLSKY_SFC_SW_DWN,2015,7,6.4958
CTN_014,ALLSKY_SFC_SW_DWN,2015,8,6.7625
CTN_014,ALLSKY_SFC_SW_DWN,2015,9,5.5152
CTN_014,ALLSKY_SFC_SW_DWN,2015,10,5.2478
CTN_014,ALLSKY_SFC_SW_DWN,2015,11,5.046
CTN_014,ALLSKY_SFC_SW_DWN,2015,12,4.5418
CTN_014,ALLSKY_SFC_SW_DWN,2016,1,4.2569
CTN_014,ALLSKY_SFC_SW_DWN,2016,2,5.9515
CTN_014,ALLSKY_SFC_SW_DWN,2016,3,6.0209
CTN_014,ALLSKY_SFC_SW_DWN,2016,4,6.8695
CTN_014,ALLSKY_SFC_SW_DWN,2016,5,6.5602
CTN_014,ALLSKY_SFC_SW_DWN,2016,6,6.3862
CTN_014,ALLSKY_SFC_SW_DWN,2016,7,6.685
CTN_014,ALLSKY_SFC_SW_DWN,2016,8,6.2203
CTN_014,ALLSKY_SFC_SW_DWN,2016,9,5.8402
CTN_014,ALLSKY_SFC_SW_DWN,2016,10,5.7041
CTN_014,ALLSKY_SFC_SW_DWN,2016,11,5.021
CTN_014,ALLSKY_SFC_SW_DWN,2016,12,5.0251
CTN_014,ALLSKY_SFC_SW_DWN,2017,1,5.4362
CTN_014,ALLSKY_SFC_SW_DWN,2017,2,6.2479
CTN_014,ALLSKY_SFC_SW_DWN,2017,3,6.6509
CTN_014,ALLSKY_SFC_SW_DWN,2017,4,6.9857
CTN_014,ALLSKY_SFC_SW_DWN,2017,5,6.3516
CTN_014,ALLSKY_SFC_SW_DWN,2017,6,6.2203
CTN_014,ALLSKY_SFC_SW_DWN,2017,7,6.4469
CTN_014,ALLSKY_SFC_SW_DWN,2017,8,6.1529
CTN_014,ALLSKY_SFC_SW_DWN,2017,9,5.1929
CTN_014,ALLSKY_SFC_SW_DWN,2017,10,5.6141
CTN_014,ALLSKY_SFC_SW_DWN,2017,11,5.5771
CTN_014,ALLSKY_SFC_SW_DWN,2017,12,5.1017
CTN_014,ALLSKY_SFC_SW_DWN,2018,1,4.9901
CTN_014,ALLSKY_SFC_SW_DWN,2018,2,5.7413
CTN_014,ALLSKY_SFC_SW_DWN,2018,3,6.8285
CTN_014,ALLSKY_SFC_SW_DWN,2018,4,6.8122
CTN_014,ALLSKY_SFC_SW_DWN,2018,5,6.6938
CTN_014,ALLSKY_SFC_SW_DWN,2018,6,5.9774
CTN_014,ALLSKY_SFC_SW_DWN,2018,7,7.1438
CTN_014,ALLSKY_SFC_SW_DWN,2018,8,6.239
CTN_014,ALLSKY_SFC_SW_DWN,2018,9,6.1246
CTN_014,ALLSKY_SFC_SW_DWN,2018,10,5.3028
CTN_014,ALLSKY_SFC_SW_DWN,2018,11,4.5922
CTN_014,ALLSKY_SFC_SW_DWN,2018,12,4.925
CTN_014,ALLSKY_SFC_SW_DWN,2019,1,5.2133
CTN_014,ALLSKY_SFC_SW_DWN,2019,2,6.162
CTN_014,ALLSKY_SFC_SW_DWN,2019,3,6.8842
CTN_014,ALLSKY_SFC_SW_DWN,2019,4,7.2686
CTN_014,ALLSKY_SFC_SW_DWN,2019,5,6.6787
CTN_014,ALLSKY_SFC_SW_DWN,2019,6,6.1706
CTN_014,ALLSKY_SFC_SW_DWN,2019,7,6.6283
CTN_014,ALLSKY_SFC_SW_DWN,2019,8,6.6173
CTN_014,ALLSKY_SFC_SW_DWN,2019,9,5.7451
CTN_014,ALLSKY_SFC_SW_DWN,2019,10,5.0966
CTN_014,ALLSKY_SFC_SW_DWN,2019,11,4.9625
CTN_014,ALLSKY_SFC_SW_DWN,2019,12,4.9049
CTN_014,ALLSKY_SFC_SW_DWN,2020,1,5.1883
CTN_014,ALLSKY_SFC_SW_DWN,2020,2,5.8668
CTN_014,ALLSKY_SFC_SW_DWN,2020,3,6.7982
CTN_014,ALLSKY_SFC_SW_DWN,2020,4,7.2485
CTN_014,ALLSKY_SFC_SW_DWN,2020,5,7.0973
CTN_014,ALLSKY_SFC_SW_DWN,2020,6,6.2933
CTN_014,ALLSKY_SFC_SW_DWN,2020,7,6.5074
CTN_014,ALLSKY_SFC_SW_DWN,2020,8,6.1306
CTN_014,ALLSKY_SFC_SW_DWN,2020,9,5.3494
CTN_014,ALLSKY_SFC_SW_DWN,2020,10,5.976
CTN_014,ALLSKY_SFC_SW_DWN,2020,11,5.4521
CTN_014,ALLSKY_SFC_SW_DWN,2020,12,4.9147
CTN_014,ALLSKY_SFC_SW_DWN,2021,1,4.9764
CTN_014,ALLSKY_SFC_SW_DWN,2021,2,6.3355
CTN_014,ALLSKY_SFC_SW_DWN,2021,3,6.9571
CTN_014,ALLSKY_SFC_SW_DWN,2021,4,7.3402
CTN_014,ALLSKY_SFC_SW_DWN,2021,5,6.7056
CTN_014,ALLSKY_SFC_SW_DWN,2021,6,5.4377
CTN_014,ALLSKY_SFC_SW_DWN,2021,7,6.5021
CTN_014,ALLSKY_SFC_SW_DWN,2021,8,6.0288
CTN_014,ALLSKY_SFC_SW_DWN,2021,9,5.6546
CTN_014,ALLSKY_SFC_SW_DWN,2021,10,5.4322
CTN_014,ALLSKY_SFC_SW_DWN,2021,11,5.4353
CTN_014,ALLSKY_SFC_SW_DWN,2021,12,5.076
CTN_014,ALLSKY_SFC_SW_DWN,2022,1,5.1346
CTN_014,ALLSKY_SFC_SW_DWN,2022,2,6.0017
CTN_014,ALLSKY_SFC_SW_DWN,2022,3,7.147
CTN_014,ALLSKY_SFC_SW_DWN,2022,4,7.1131
CTN_014,ALLSKY_SFC_SW_DWN,2022,5,7.0704
CTN_014,ALLSKY_SFC_SW_DWN,2022,6,6.3852
CTN_014,ALLSKY_SFC_SW_DWN,2022,7,6.3862
CTN_014,ALLSKY_SFC_SW_DWN,2022,8,6.2191
CTN_014,ALLSKY_SFC_SW_DWN,2022,9,5.4391
CTN_014,ALLSKY_SFC_SW_DWN,2022,10,5.309
CTN_014,ALLSKY_SFC_SW_DWN,2022,11,5.1178
CTN_014,ALLSKY_SFC_SW_DWN,2022,12,4.8662
CTN_014,ALLSKY_SFC_SW_DWN,2023,1,5.3026
CTN_014,ALLSKY_SFC_SW_DWN,2023,2,6.1721
CTN_014,ALLSKY_SFC_SW_DWN,2023,3,6.8693
CTN_014,ALLSKY_SFC_SW_DWN,2023,4,7.2379
CTN_014,ALLSKY_SFC_SW_DWN,2023,5,6.3526
CTN_014,ALLSKY_SFC_SW_DWN,2023,6,7.0075
CTN_014,ALLSKY_SFC_SW_DWN,2023,7,6.397
CTN_014,ALLSKY_SFC_SW_DWN,2023,8,5.9563
CTN_014,ALLSKY_SFC_SW_DWN,2023,9,6.3101
CTN_014,ALLSKY_SFC_SW_DWN,2023,10,5.077
CTN_014,ALLSKY_SFC_SW_DWN,2023,11,5.0887
CTN_014,ALLSKY_SFC_SW_DWN,2023,12,4.4184
CTN_014,ALLSKY_SFC_SW_DWN,2024,1,4.8682
CTN_014,ALLSKY_SFC_SW_DWN,2024,2,5.8963
CTN_014,ALLSKY_SFC_SW_DWN,2024,3,7.1731
CTN_014,ALLSKY_SFC_SW_DWN,2024,4,7.3219
CTN_014,ALLSKY_SFC_SW_DWN,2024,5,7.0387
CTN_014,ALLSKY_SFC_SW_DWN,2024,6,6.114
CTN_014,ALLSKY_SFC_SW_DWN,2024,7,6.0914
CTN_014,ALLSKY_SFC_SW_DWN,2024,8,6.3307
CTN_014,ALLSKY_SFC_SW_DWN,2024,9,5.0808
CTN_014,ALLSKY_SFC_SW_DWN,2024,10,5.4211
CTN_014,ALLSKY_SFC_SW_DWN,2024,11,5.292
CTN_014,ALLSKY_SFC_SW_DWN,2024,12,4.8595
CTN_014,PRECTOTCORR,2015,1,0.01
CTN_014,PRECTOTCORR,2015,2,0.1
CTN_014,PRECTOTCORR,2015,3,1.2
CTN_014,PRECTOTCORR,2015,4,0.24
CTN_014,PRECTOTCORR,2015,5,4.14
CTN_014,PRECTOTCORR,2015,6,4.19
CTN_014,PRECTOTCORR,2015,7,3.98
CTN_014,PRECTOTCORR,2015,8,5.15
CTN_014,PRECTOTCORR,2015,9,6.87
CTN_014,PRECTOTCORR,2015,10,1.92
CTN_014,PRECTOTCORR,2015,11,1.07
CTN_014,PRECTOTCORR,2015,12,0.05
CTN_014,PRECTOTCORR,2016,1,0.2
CTN_014,PRECTOTCORR,2016,2,0.07
CTN_014,PRECTOTCORR,2016,3,1.31
CTN_014,PRECTOTCORR,2016,4,0.79
CTN_014,PRECTOTCORR,2016,5,2.13
CTN_014,PRECTOTCORR,2016,6,7.11
CTN_014,PRECTOTCORR,2016,7,6.76
CTN_014,PRECTOTCORR,2016,8,6.86
CTN_014,PRECTOTCORR,2016,9,7.22
CTN_014,PRECTOTCORR,2016,10,1.12
CTN_014,PRECTOTCORR,2016,11,1.09
CTN_014,PRECTOTCORR,2016,12,0.04
CTN_014,PRECTOTCORR,2017,1,0.0
CTN_014,PRECTOTCORR,2017,2,0.0
CTN_014,PRECTOTCORR,2017,3,0.28
CTN_014,PRECTOTCORR,2017,4,0.32
CTN_014,PRECTOTCORR,2017,5,3.67
CTN_014,PRECTOTCORR,2017,6,6.5
CTN_014,PRECTOTCORR,2017,7,6.22
CTN_014,PRECTOTCORR,2017,8,7.8
CTN_014,PRECTOTCORR,2017,9,8.35
CTN_014,PRECTOTCORR,2017,10,1.72
CTN_014,PRECTOTCORR,2017,11,0.06
CTN_014,PRECTOTCORR,2017,12,0.01
CTN_014,PRECTOTCORR,2018,1,0.14
CTN_014,PRECTOTCORR,2018,2,0.12
CTN_014,PRECTOTCORR,2018,3,0.12
CTN_014,PRECTOTCORR,2018,4,1.21
CTN_014,PRECTOTCORR,2018,5,3.19
CTN_014,PRECTOTCORR,2018,6,8.72
CTN_014,PRECTOTCORR,2018,7,2.52
CTN_014,PRECTOTCORR,2018,8,8.52
CTN_014,PRECTOTCORR,2018,9,6.1
CTN_014,PRECTOTCORR,2018,10,3.69
CTN_014,PRECTOTCORR,2018,11,1.22
CTN_014,PRECTOTCORR,2018,12,0.07
CTN_014,PRECTOTCORR,2019,1,0.04
CTN_014,PRECTOTCORR,2019,2,0.06
CTN_014,PRECTOTCORR,2019,3,0.09
CTN_014,PRECTOTCORR,2019,4,0.07
CTN_014,PRECTOTCORR,2019,5,1.89
CTN_014,PRECTOTCORR,2019,6,5.94
CTN_014,PRECTOTCORR,2019,7,5.95
CTN_014,PRECTOTCORR,2019,8,5.33
CTN_014,PRECTOTCORR,2019,9,6.35
CTN_014,PRECTOTCORR,2019,10,4.97
CTN_014,PRECTOTCORR,2019,11,0.69
CTN_014,PRECTOTCORR,2019,12,0.0
CTN_014,PRECTOTCORR,2020,1,0.13
CTN_014,PRECTOTCORR,2020,2,0.13
CTN_014,PRECTOTCORR,2020,3,0.24
CTN_014,PRECTOTCORR,2020,4,0.44
CTN_014,PRECTOTCORR,2020,5,0.86
CTN_014,PRECTOTCORR,2020,6,4.95
CTN_014,PRECTOTCORR,2020,7,6.17
CTN_014,PRECTOTCORR,2020,8,6.33
CTN_014,PRECTOTCORR,2020,9,7.37
CTN_014,PRECTOTCORR,2020,10,0.91
CTN_014,PRECTOTCORR,2020,11,0.09
CTN_014,PRECTOTCORR,2020,12,0.05
CTN_014,PRECTOTCORR,2021,1,0.19
CTN_014,PRECTOTCORR,2021,2,0.28
CTN_014,PRECTOTCORR,2021,3,0.6
CTN_014,PRECTOTCORR,2021,4,0.17
CTN_014,PRECTOTCORR,2021,5,3.34
CTN_014,PRECTOTCORR,2021,6,7.81
CTN_014,PRECTOTCORR,2021,7,4.75
CTN_014,PRECTOTCORR,2021,8,7.48
CTN_014,PRECTOTCORR,2021,9,6.74
CTN_014,PRECTOTCORR,2021,10,2.33
CTN_014,PRECTOTCORR,2021,11,0.11
CTN_014,PRECTOTCORR,2021,12,0.02
CTN_014,PRECTOTCORR,2022,1,0.3
CTN_014,PRECTOTCORR,2022,2,0.04
CTN_014,PRECTOTCORR,2022,3,0.09
CTN_014,PRECTOTCORR,2022,4,0.83
CTN_014,PRECTOTCORR,2022,5,1.24
CTN_014,PRECTOTCORR,2022,6,5.47
CTN_014,PRECTOTCORR,2022,7,5.24
CTN_014,PRECTOTCORR,2022,8,6.6
CTN_014,PRECTOTCORR,2022,9,7.12
CTN_014,PRECTOTCORR,2022,10,2.06
CTN_014,PRECTOTCORR,2022,11,0.29
CTN_014,PRECTOTCORR,2022,12,0.08
CTN_014,PRECTOTCORR,2023,1,0.0
CTN_014,PRECTOTCORR,2023,2,0.0
CTN_014,PRECTOTCORR,2023,3,0.14
CTN_014,PRECTOTCORR,2023,4,1.18
CTN_014,PRECTOTCORR,2023,5,1.35
CTN_014,PRECTOTCORR,2023,6,0.42
CTN_014,PRECTOTCORR,2023,7,5.31
CTN_014,PRECTOTCORR,2023,8,6.46
CTN_014,PRECTOTCORR,2023,9,4.03
CTN_014,PRECTOTCORR,2023,10,3.86
CTN_014,PRECTOTCORR,2023,11,1.82
CTN_014,PRECTOTCORR,2023,12,0.11
CTN_014,PRECTOTCORR,2024,1,0.03
CTN_014,PRECTOTCORR,2024,2,0.46
CTN_014,PRECTOTCORR,2024,3,0.0
CTN_014,PRECTOTCORR,2024,4,0.07
CTN_014,PRECTOTCORR,2024,5,0.69
CTN_014,PRECTOTCORR,2024,6,3.46
CTN_014,PRECTOTCORR,2024,7,8.46
CTN_014,PRECTOTCORR,2024,8,6.88
CTN_014,PRECTOTCORR,2024,9,9.79
CTN_014,PRECTOTCORR,2024,10,2.5
CTN_014,PRECTOTCORR,2024,11,0.28
CTN_014,PRECTOTCORR,2024,12,0.04
CTN_014,T2M,2015,1,19.46
CTN_014,T2M,2015,2,20.84
CTN_014,T2M,2015,3,22.46
CTN_014,T2M,2015,4,26.05
CTN_014,T2M,2015,5,24.58
CTN_014,T2M,2015,6,22.69
CTN_014,T2M,2015,7,22.33
CTN_014,T2M,2015,8,22.63
CTN_014,T2M,2015,9,21.12
CTN_014,T2M,2015,10,21.76
CTN_014,T2M,2015,11,21.89
CTN_014,T2M,2015,12,20.85
CTN_014,T2M,2016,1,19.29
CTN_014,T2M,2016,2,20.59
CTN_014,T2M,2016,3,22.06
CTN_014,T2M,2016,4,25.56
CTN_014,T2M,2016,5,26.84
CTN_014,T2M,2016,6,22.97
CTN_014,T2M,2016,7,22.08
CTN_014,T2M,2016,8,21.78
CTN_014,T2M,2016,9,21.17
CTN_014,T2M,2016,10,21.17
CTN_014,T2M,2016,11,20.26
CTN_014,T2M,2016,12,20.95
CTN_014,T2M,2017,1,19.98
CTN_014,T2M,2017,2,21.59
CTN_014,T2M,2017,3,24.0
CTN_014,T2M,2017,4,25.19
CTN_014,T2M,2017,5,25.96
CTN_014,T2M,2017,6,23.0
CTN_014,T2M,2017,7,21.37
CTN_014,T2M,2017,8,21.75
CTN_014,T2M,2017,9,20.9
CTN_014,T2M,2017,10,20.55
CTN_014,T2M,2017,11,19.63
CTN_014,T2M,2017,12,18.87
CTN_014,T2M,2018,1,18.58
CTN_014,T2M,2018,2,22.15
CTN_014,T2M,2018,3,24.68
CTN_014,T2M,2018,4,25.33
CTN_014,T2M,2018,5,24.85
CTN_014,T2M,2018,6,22.42
CTN_014,T2M,2018,7,22.51
CTN_014,T2M,2018,8,21.38
CTN_014,T2M,2018,9,21.16
CTN_014,T2M,2018,10,20.98
CTN_014,T2M,2018,11,19.85
CTN_014,T2M,2018,12,19.08
CTN_014,T2M,2019,1,19.86
CTN_014,T2M,2019,2,22.36
CTN_014,T2M,2019,3,24.27
CTN_014,T2M,2019,4,25.37
CTN_014,T2M,2019,5,26.36
CTN_014,T2M,2019,6,24.01
CTN_014,T2M,2019,7,22.15
CTN_014,T2M,2019,8,22.12
CTN_014,T2M,2019,9,21.63
CTN_014,T2M,2019,10,20.79
CTN_014,T2M,2019,11,20.65
CTN_014,T2M,2019,12,19.69
CTN_014,T2M,2020,1,20.1
CTN_014,T2M,2020,2,22.26
CTN_014,T2M,2020,3,24.79
CTN_014,T2M,2020,4,27.12
CTN_014,T2M,2020,5,26.34
CTN_014,T2M,2020,6,24.8
CTN_014,T2M,2020,7,22.67
CTN_014,T2M,2020,8,21.9
CTN_014,T2M,2020,9,21.16
CTN_014,T2M,2020,10,20.39
CTN_014,T2M,2020,11,20.63
CTN_014,T2M,2020,12,20.41
CTN_014,T2M,2021,1,21.14
CTN_014,T2M,2021,2,21.36
CTN_014,T2M,2021,3,23.98
CTN_014,T2M,2021,4,25.63
CTN_014,T2M,2021,5,24.85
CTN_014,T2M,2021,6,22.07
CTN_014,T2M,2021,7,21.89
CTN_014,T2M,2021,8,21.58
CTN_014,T2M,2021,9,21.08
CTN_014,T2M,2021,10,21.35
CTN_014,T2M,2021,11,19.85
CTN_014,T2M,2021,12,20.54
CTN_014,T2M,2022,1,20.51
CTN_014,T2M,2022,2,21.55
CTN_014,T2M,2022,3,23.76
CTN_014,T2M,2022,4,26.05
CTN_014,T2M,2022,5,26.71
CTN_014,T2M,2022,6,23.56
CTN_014,T2M,2022,7,23.16
CTN_014,T2M,2022,8,22.02
CTN_014,T2M,2022,9,21.2
CTN_014,T2M,2022,10,21.17
CTN_014,T2M,2022,11,21.47
CTN_014,T2M,2022,12,19.56
CTN_014,T2M,2023,1,20.53
CTN_014,T2M,2023,2,21.85
CTN_014,T2M,2023,3,24.4
CTN_014,T2M,2023,4,25.53
CTN_014,T2M,2023,5,26.26
CTN_014,T2M,2023,6,28.07
CTN_014,T2M,2023,7,24.32
CTN_014,T2M,2023,8,23.01
CTN_014,T2M,2023,9,22.83
CTN_014,T2M,2023,10,22.19
CTN_014,T2M,2023,11,21.48
CTN_014,T2M,2023,12,19.39
CTN_014,T2M,2024,1,20.92
CTN_014,T2M,2024,2,22.38
CTN_014,T2M,2024,3,25.02
CTN_014,T2M,2024,4,27.03
CTN_014,T2M,2024,5,28.83
CTN_014,T2M,2024,6,26.55
CTN_014,T2M,2024,7,22.8
CTN_014,T2M,2024,8,22.47
CTN_014,T2M,2024,9,21.75
CTN_014,T2M,2024,10,20.53
CTN_014,T2M,2024,11,21.0
CTN_014,T2M,2024,12,19.88
CTN_014,T2M_MAX,2015,1,30.35
CTN_014,T2M_MAX,2015,2,33.98
CTN_014,T2M_MAX,2015,3,35.25
CTN_014,T2M_MAX,2015,4,36.92
CTN_014,T2M_MAX,2015,5,35.13
CTN_014,T2M_MAX,2015,6,31.14
CTN_014,T2M_MAX,2015,7,31.53
CTN_014,T2M_MAX,2015,8,30.9
CTN_014,T2M_MAX,2015,9,28.23
CTN_014,T2M_MAX,2015,10,31.3
CTN_014,T2M_MAX,2015,11,30.05
CTN_014,T2M_MAX,2015,12,30.99
CTN_014,T2M_MAX,2016,1,30.46
CTN_014,T2M_MAX,2016,2,33.24
CTN_014,T2M_MAX,2016,3,36.3
CTN_014,T2M_MAX,2016,4,37.2
CTN_014,T2M_MAX,2016,5,37.87
CTN_014,T2M_MAX,2016,6,32.1
CTN_014,T2M_MAX,2016,7,29.22
CTN_014,T2M_MAX,2016,8,29.29
CTN_014,T2M_MAX,2016,9,27.42
CTN_014,T2M_MAX,2016,10,28.96
CTN_014,T2M_MAX,2016,11,30.26
CTN_014,T2M_MAX,2016,12,30.5
CTN_014,T2M_MAX,2017,1,31.54
CTN_014,T2M_MAX,2017,2,33.77
CTN_014,T2M_MAX,2017,3,35.55
CTN_014,T2M_MAX,2017,4,37.7
CTN_014,T2M_MAX,2017,5,36.43
CTN_014,T2M_MAX,2017,6,31.79
CTN_014,T2M_MAX,2017,7,27.81
CTN_014,T2M_MAX,2017,8,28.46
CTN_014,T2M_MAX,2017,9,27.68
CTN_014,T2M_MAX,2017,10,28.04
CTN_014,T2M_MAX,2017,11,29.7
CTN_014,T2M_MAX,2017,12,29.41
CTN_014,T2M_MAX,2018,1,30.6
CTN_014,T2M_MAX,2018,2,32.45
CTN_014,T2M_MAX,2018,3,36.37
CTN_014,T2M_MAX,2018,4,36.12
CTN_014,T2M_MAX,2018,5,37.84
CTN_014,T2M_MAX,2018,6,35.69
CTN_014,T2M_MAX,2018,7,31.27
CTN_014,T2M_MAX,2018,8,28.76
CTN_014,T2M_MAX,2018,9,26.93
CTN_014,T2M_MAX,2018,10,27.62
CTN_014,T2M_MAX,2018,11,29.35
CTN_014,T2M_MAX,2018,12,29.92
CTN_014,T2M_MAX,2019,1,31.28
CTN_014,T2M_MAX,2019,2,34.3
CTN_014,T2M_MAX,2019,3,35.54
CTN_014,T2M_MAX,2019,4,37.49
CTN_014,T2M_MAX,2019,5,37.26
CTN_014,T2M_MAX,2019,6,34.35
CTN_014,T2M_MAX,2019,7,30.18
CTN_014,T2M_MAX,2019,8,29.04
CTN_014,T2M_MAX,2019,9,29.94
CTN_014,T2M_MAX,2019,10,27.62
CTN_014,T2M_MAX,2019,11,29.86
CTN_014,T2M_MAX,2019,12,30.02
CTN_014,T2M_MAX,2020,1,30.86
CTN_014,T2M_MAX,2020,2,34.47
CTN_014,T2M_MAX,2020,3,36.18
CTN_014,T2M_MAX,2020,4,36.91
CTN_014,T2M_MAX,2020,5,36.48
CTN_014,T2M_MAX,2020,6,37.09
CTN_014,T2M_MAX,2020,7,30.25
CTN_014,T2M_MAX,2020,8,29.29
CTN_014,T2M_MAX,2020,9,28.55
CTN_014,T2M_MAX,2020,10,29.79
CTN_014,T2M_MAX,2020,11,31.81
CTN_014,T2M_MAX,2020,12,31.17
CTN_014,T2M_MAX,2021,1,33.34
CTN_014,T2M_MAX,2021,2,33.21
CTN_014,T2M_MAX,2021,3,36.01
CTN_014,T2M_MAX,2021,4,36.54
CTN_014,T2M_MAX,2021,5,35.34
CTN_014,T2M_MAX,2021,6,32.07
CTN_014,T2M_MAX,2021,7,29.4
CTN_014,T2M_MAX,2021,8,29.63
CTN_014,T2M_MAX,2021,9,27.72
CTN_014,T2M_MAX,2021,10,29.97
CTN_014,T2M_MAX,2021,11,29.23
CTN_014,T2M_MAX,2021,12,30.99
CTN_014,T2M_MAX,2022,1,32.11
CTN_014,T2M_MAX,2022,2,33.29
CTN_014,T2M_MAX,2022,3,35.29
CTN_014,T2M_MAX,2022,4,37.82
CTN_014,T2M_MAX,2022,5,37.82
CTN_014,T2M_MAX,2022,6,33.75
CTN_014,T2M_MAX,2022,7,32.25
CTN_014,T2M_MAX,2022,8,30.31
CTN_014,T2M_MAX,2022,9,28.04
CTN_014,T2M_MAX,2022,10,28.95
CTN_014,T2M_MAX,2022,11,30.42
CTN_014,T2M_MAX,2022,12,30.6
CTN_014,T2M_MAX,2023,1,31.71
CTN_014,T2M_MAX,2023,2,34.36
CTN_014,T2M_MAX,2023,3,35.08
CTN_014,T2M_MAX,2023,4,37.66
CTN_014,T2M_MAX,2023,5,37.19
CTN_014,T2M_MAX,2023,6,39.3
CTN_014,T2M_MAX,2023,7,34.32
CTN_014,T2M_MAX,2023,8,31.41
CTN_014,T2M_MAX,2023,9,31.01
CTN_014,T2M_MAX,2023,10,29.97
CTN_014,T2M_MAX,2023,11,31.42
CTN_014,T2M_MAX,2023,12,28.69
CTN_014,T2M_MAX,2024,1,32.67
CTN_014,T2M_MAX,2024,2,35.5
CTN_014,T2M_MAX,2024,3,37.59
CTN_014,T2M_MAX,2024,4,37.75
CTN_014,T2M_MAX,2024,5,39.43
CTN_014,T2M_MAX,2024,6,39.05
CTN_014,T2M_MAX,2024,7,32.07
CTN_014,T2M_MAX,2024,8,29.07
CTN_014,T2M_MAX,2024,9,28.03
CTN_014,T2M_MAX,2024,10,28.41
CTN_014,T2M_MAX,2024,11,29.83
CTN_014,T2M_MAX,2024,12,30.68
CTN_014,WS10M,2015,1,2.44
CTN_014,WS10M,2015,2,2.26
CTN_014,WS10M,2015,3,2.51
CTN_014,WS10M,2015,4,2.41
CTN_014,WS10M,2015,5,1.77
CTN_014,WS10M,2015,6,1.95
CTN_014,WS10M,2015,7,2.06
CTN_014,WS10M,2015,8,1.73
CTN_014,WS10M,2015,9,1.71
CTN_014,WS10M,2015,10,1.75
CTN_014,WS10M,2015,11,1.81
CTN_014,WS10M,2015,12,2.15
CTN_014,WS10M,2016,1,2.22
CTN_014,WS10M,2016,2,2.86
CTN_014,WS10M,2016,3,2.44
CTN_014,WS10M,2016,4,2.22
CTN_014,WS10M,2016,5,1.91
CTN_014,WS10M,2016,6,1.81
CTN_014,WS10M,2016,7,1.57
CTN_014,WS10M,2016,8,1.69
CTN_014,WS10M,2016,9,1.48
CTN_014,WS10M,2016,10,1.65
CTN_014,WS10M,2016,11,1.91
CTN_014,WS10M,2016,12,2.16
CTN_014,WS10M,2017,1,2.27
CTN_014,WS10M,2017,2,2.38
CTN_014,WS10M,2017,3,2.36
CTN_014,WS10M,2017,4,2.42
CTN_014,WS10M,2017,5,2.02
CTN_014,WS10M,2017,6,1.91
CTN_014,WS10M,2017,7,1.62
CTN_014,WS10M,2017,8,1.72
CTN_014,WS10M,2017,9,1.57
CTN_014,WS10M,2017,10,1.8
CTN_014,WS10M,2017,11,1.89
CTN_014,WS10M,2017,12,2.12
CTN_014,WS10M,2018,1,2.81
CTN_014,WS10M,2018,2,2.11
CTN_014,WS10M,2018,3,2.31
CTN_014,WS10M,2018,4,2.34
CTN_014,WS10M,2018,5,1.87
CTN_014,WS10M,2018,6,2.03
CTN_014,WS10M,2018,7,1.66
CTN_014,WS10M,2018,8,1.59
CTN_014,WS10M,2018,9,1.66
CTN_014,WS10M,2018,10,1.84
CTN_014,WS10M,2018,11,1.86
CTN_014,WS10M,2018,12,2.16
CTN_014,WS10M,2019,1,2.17
CTN_014,WS10M,2019,2,2.11
CTN_014,WS10M,2019,3,2.46
CTN_014,WS10M,2019,4,2.41
CTN_014,WS10M,2019,5,2.35
CTN_014,WS10M,2019,6,2.01
CTN_014,WS10M,2019,7,1.67
CTN_014,WS10M,2019,8,1.62
CTN_014,WS10M,2019,9,1.67
CTN_014,WS10M,2019,10,1.64
CTN_014,WS10M,2019,11,1.9
CTN_014,WS10M,2019,12,2.02
CTN_014,WS10M,2020,1,2.49
CTN_014,WS10M,2020,2,2.54
CTN_014,WS10M,2020,3,2.28
CTN_014,WS10M,2020,4,2.46
CTN_014,WS10M,2020,5,2.24
CTN_014,WS10M,2020,6,1.87
CTN_014,WS10M,2020,7,1.74
CTN_014,WS10M,2020,8,1.81
CTN_014,WS10M,2020,9,1.64
CTN_014,WS10M,2020,10,1.86
CTN_014,WS10M,2020,11,2.4
CTN_014,WS10M,2020,12,2.13
CTN_014,WS10M,2021,1,2.13
CTN_014,WS10M,2021,2,2.32
CTN_014,WS10M,2021,3,2.13
CTN_014,WS10M,2021,4,2.58
CTN_014,WS10M,2021,5,2.15
CTN_014,WS10M,2021,6,1.98
CTN_014,WS10M,2021,7,1.78
CTN_014,WS10M,2021,8,1.88
CTN_014,WS10M,2021,9,1.54
CTN_014,WS10M,2021,10,1.65
CTN_014,WS10M,2021,11,1.94
CTN_014,WS10M,2021,12,1.92
CTN_014,WS10M,2022,1,2.2
CTN_014,WS10M,2022,2,2.48
CTN_014,WS10M,2022,3,2.38
CTN_014,WS10M,2022,4,2.26
CTN_014,WS10M,2022,5,2.3
CTN_014,WS10M,2022,6,2.2
CTN_014,WS10M,2022,7,1.71
CTN_014,WS10M,2022,8,1.66
CTN_014,WS10M,2022,9,1.66
CTN_014,WS10M,2022,10,1.69
CTN_014,WS10M,2022,11,1.75
CTN_014,WS10M,2022,12,2.34
CTN_014,WS10M,2023,1,2.1
CTN_014,WS10M,2023,2,2.47
CTN_014,WS10M,2023,3,2.23
CTN_014,WS10M,2023,4,2.38
CTN_014,WS10M,2023,5,2.05
CTN_014,WS10M,2023,6,2.42
CTN_014,WS10M,2023,7,1.99
CTN_014,WS10M,2023,8,1.82
CTN_014,WS10M,2023,9,1.62
CTN_014,WS10M,2023,10,1.82
CTN_014,WS10M,2023,11,1.95
CTN_014,WS10M,2023,12,1.94
CTN_014,WS10M,2024,1,2.06
CTN_014,WS10M,2024,2,2.19
CTN_014,WS10M,2024,3,2.47
CTN_014,WS10M,2024,4,2.52
CTN_014,WS10M,2024,5,2.27
CTN_014,WS10M,2024,6,2.37
CTN_014,WS10M,2024,7,1.7
CTN_014,WS10M,2024,8,1.61
CTN_014,WS10M,2024,9,1.75
CTN_014,WS10M,2024,10,1.77
CTN_014,WS10M,2024,11,1.83
CTN_014,WS10M,2024,12,2.13
CTN_015,ALLSKY_SFC_SW_DWN,2015,1,5.0042
CTN_015,ALLSKY_SFC_SW_DWN,2015,2,5.64
CTN_015,ALLSKY_SFC_SW_DWN,2015,3,6.0809
CTN_015,ALLSKY_SFC_SW_DWN,2015,4,6.8652
CTN_015,ALLSKY_SFC_SW_DWN,2015,5,6.1538
CTN_015,ALLSKY_SFC_SW_DWN,2015,6,6.0982
CTN_015,ALLSKY_SFC_SW_DWN,2015,7,6.4958
CTN_015,ALLSKY_SFC_SW_DWN,2015,8,6.7625
CTN_015,ALLSKY_SFC_SW_DWN,2015,9,5.5152
CTN_015,ALLSKY_SFC_SW_DWN,2015,10,5.2478
CTN_015,ALLSKY_SFC_SW_DWN,2015,11,5.046
CTN_015,ALLSKY_SFC_SW_DWN,2015,12,4.5418
CTN_015,ALLSKY_SFC_SW_DWN,2016,1,4.2569
CTN_015,ALLSKY_SFC_SW_DWN,2016,2,5.9515
CTN_015,ALLSKY_SFC_SW_DWN,2016,3,6.0209
CTN_015,ALLSKY_SFC_SW_DWN,2016,4,6.8695
CTN_015,ALLSKY_SFC_SW_DWN,2016,5,6.5602
CTN_015,ALLSKY_SFC_SW_DWN,2016,6,6.3862
CTN_015,ALLSKY_SFC_SW_DWN,2016,7,6.685
CTN_015,ALLSKY_SFC_SW_DWN,2016,8,6.2203
CTN_015,ALLSKY_SFC_SW_DWN,2016,9,5.8402
CTN_015,ALLSKY_SFC_SW_DWN,2016,10,5.7041
CTN_015,ALLSKY_SFC_SW_DWN,2016,11,5.021
CTN_015,ALLSKY_SFC_SW_DWN,2016,12,5.0251
CTN_015,ALLSKY_SFC_SW_DWN,2017,1,5.4362
CTN_015,ALLSKY_SFC_SW_DWN,2017,2,6.2479
CTN_015,ALLSKY_SFC_SW_DWN,2017,3,6.6509
CTN_015,ALLSKY_SFC_SW_DWN,2017,4,6.9857
CTN_015,ALLSKY_SFC_SW_DWN,2017,5,6.3516
CTN_015,ALLSKY_SFC_SW_DWN,2017,6,6.2203
CTN_015,ALLSKY_SFC_SW_DWN,2017,7,6.4469
CTN_015,ALLSKY_SFC_SW_DWN,2017,8,6.1529
CTN_015,ALLSKY_SFC_SW_DWN,2017,9,5.1929
CTN_015,ALLSKY_SFC_SW_DWN,2017,10,5.6141
CTN_015,ALLSKY_SFC_SW_DWN,2017,11,5.5771
CTN_015,ALLSKY_SFC_SW_DWN,2017,12,5.1017
CTN_015,ALLSKY_SFC_SW_DWN,2018,1,4.9901
CTN_015,ALLSKY_SFC_SW_DWN,2018,2,5.7413
CTN_015,ALLSKY_SFC_SW_DWN,2018,3,6.8285
CTN_015,ALLSKY_SFC_SW_DWN,2018,4,6.8122
CTN_015,ALLSKY_SFC_SW_DWN,2018,5,6.6938
CTN_015,ALLSKY_SFC_SW_DWN,2018,6,5.9774
CTN_015,ALLSKY_SFC_SW_DWN,2018,7,7.1438
CTN_015,ALLSKY_SFC_SW_DWN,2018,8,6.239
CTN_015,ALLSKY_SFC_SW_DWN,2018,9,6.1246
CTN_015,ALLSKY_SFC_SW_DWN,2018,10,5.3028
CTN_015,ALLSKY_SFC_SW_DWN,2018,11,4.5922
CTN_015,ALLSKY_SFC_SW_DWN,2018,12,4.925
CTN_015,ALLSKY_SFC_SW_DWN,2019,1,5.2133
CTN_015,ALLSKY_SFC_SW_DWN,2019,2,6.162
CTN_015,ALLSKY_SFC_SW_DWN,2019,3,6.8842
CTN_015,ALLSKY_SFC_SW_DWN,2019,4,7.2686
CTN_015,ALLSKY_SFC_SW_DWN,2019,5,6.6787
CTN_015,ALLSKY_SFC_SW_DWN,2019,6,6.1706
CTN_015,ALLSKY_SFC_SW_DWN,2019,7,6.6283
CTN_015,ALLSKY_SFC_SW_DWN,2019,8,6.6173
CTN_015,ALLSKY_SFC_SW_DWN,2019,9,5.7451
CTN_015,ALLSKY_SFC_SW_DWN,2019,10,5.0966
CTN_015,ALLSKY_SFC_SW_DWN,2019,11,4.9625
CTN_015,ALLSKY_SFC_SW_DWN,2019,12,4.9049
CTN_015,ALLSKY_SFC_SW_DWN,2020,1,5.1883
CTN_015,ALLSKY_SFC_SW_DWN,2020,2,5.8668
CTN_015,ALLSKY_SFC_SW_DWN,2020,3,6.7982
CTN_015,ALLSKY_SFC_SW_DWN,2020,4,7.2485
CTN_015,ALLSKY_SFC_SW_DWN,2020,5,7.0973
CTN_015,ALLSKY_SFC_SW_DWN,2020,6,6.2933
CTN_015,ALLSKY_SFC_SW_DWN,2020,7,6.5074
CTN_015,ALLSKY_SFC_SW_DWN,2020,8,6.1306
CTN_015,ALLSKY_SFC_SW_DWN,2020,9,5.3494
CTN_015,ALLSKY_SFC_SW_DWN,2020,10,5.976
CTN_015,ALLSKY_SFC_SW_DWN,2020,11,5.4521
CTN_015,ALLSKY_SFC_SW_DWN,2020,12,4.9147
CTN_015,ALLSKY_SFC_SW_DWN,2021,1,4.9764
CTN_015,ALLSKY_SFC_SW_DWN,2021,2,6.3355
CTN_015,ALLSKY_SFC_SW_DWN,2021,3,6.9571
CTN_015,ALLSKY_SFC_SW_DWN,2021,4,7.3402
CTN_015,ALLSKY_SFC_SW_DWN,2021,5,6.7056
CTN_015,ALLSKY_SFC_SW_DWN,2021,6,5.4377
CTN_015,ALLSKY_SFC_SW_DWN,2021,7,6.5021
CTN_015,ALLSKY_SFC_SW_DWN,2021,8,6.0288
CTN_015,ALLSKY_SFC_SW_DWN,2021,9,5.6546
CTN_015,ALLSKY_SFC_SW_DWN,2021,10,5.4322
CTN_015,ALLSKY_SFC_SW_DWN,2021,11,5.4353
CTN_015,ALLSKY_SFC_SW_DWN,2021,12,5.076
CTN_015,ALLSKY_SFC_SW_DWN,2022,1,5.1346
CTN_015,ALLSKY_SFC_SW_DWN,2022,2,6.0017
CTN_015,ALLSKY_SFC_SW_DWN,2022,3,7.147
CTN_015,ALLSKY_SFC_SW_DWN,2022,4,7.1131
CTN_015,ALLSKY_SFC_SW_DWN,2022,5,7.0704
CTN_015,ALLSKY_SFC_SW_DWN,2022,6,6.3852
CTN_015,ALLSKY_SFC_SW_DWN,2022,7,6.3862
CTN_015,ALLSKY_SFC_SW_DWN,2022,8,6.2191
CTN_015,ALLSKY_SFC_SW_DWN,2022,9,5.4391
CTN_015,ALLSKY_SFC_SW_DWN,2022,10,5.309
CTN_015,ALLSKY_SFC_SW_DWN,2022,11,5.1178
CTN_015,ALLSKY_SFC_SW_DWN,2022,12,4.8662
CTN_015,ALLSKY_SFC_SW_DWN,2023,1,5.3026
CTN_015,ALLSKY_SFC_SW_DWN,2023,2,6.1721
CTN_015,ALLSKY_SFC_SW_DWN,2023,3,6.8693
CTN_015,ALLSKY_SFC_SW_DWN,2023,4,7.2379
CTN_015,ALLSKY_SFC_SW_DWN,2023,5,6.3526
CTN_015,ALLSKY_SFC_SW_DWN,2023,6,7.0075
CTN_015,ALLSKY_SFC_SW_DWN,2023,7,6.397
CTN_015,ALLSKY_SFC_SW_DWN,2023,8,5.9563
CTN_015,ALLSKY_SFC_SW_DWN,2023,9,6.3101
CTN_015,ALLSKY_SFC_SW_DWN,2023,10,5.077
CTN_015,ALLSKY_SFC_SW_DWN,2023,11,5.0887
CTN_015,ALLSKY_SFC_SW_DWN,2023,12,4.4184
CTN_015,ALLSKY_SFC_SW_DWN,2024,1,4.8682
CTN_015,ALLSKY_SFC_SW_DWN,2024,2,5.8963
CTN_015,ALLSKY_SFC_SW_DWN,2024,3,7.1731
CTN_015,ALLSKY_SFC_SW_DWN,2024,4,7.3219
CTN_015,ALLSKY_SFC_SW_DWN,2024,5,7.0387
CTN_015,ALLSKY_SFC_SW_DWN,2024,6,6.114
CTN_015,ALLSKY_SFC_SW_DWN,2024,7,6.0914
CTN_015,ALLSKY_SFC_SW_DWN,2024,8,6.3307
CTN_015,ALLSKY_SFC_SW_DWN,2024,9,5.0808
CTN_015,ALLSKY_SFC_SW_DWN,2024,10,5.4211
CTN_015,ALLSKY_SFC_SW_DWN,2024,11,5.292
CTN_015,ALLSKY_SFC_SW_DWN,2024,12,4.8595
CTN_015,PRECTOTCORR,2015,1,0.01
CTN_015,PRECTOTCORR,2015,2,0.1
CTN_015,PRECTOTCORR,2015,3,1.2
CTN_015,PRECTOTCORR,2015,4,0.24
CTN_015,PRECTOTCORR,2015,5,4.14
CTN_015,PRECTOTCORR,2015,6,4.19
CTN_015,PRECTOTCORR,2015,7,3.98
CTN_015,PRECTOTCORR,2015,8,5.15
CTN_015,PRECTOTCORR,2015,9,6.87
CTN_015,PRECTOTCORR,2015,10,1.92
CTN_015,PRECTOTCORR,2015,11,1.07
CTN_015,PRECTOTCORR,2015,12,0.05
CTN_015,PRECTOTCORR,2016,1,0.2
CTN_015,PRECTOTCORR,2016,2,0.07
CTN_015,PRECTOTCORR,2016,3,1.31
CTN_015,PRECTOTCORR,2016,4,0.79
CTN_015,PRECTOTCORR,2016,5,2.13
CTN_015,PRECTOTCORR,2016,6,7.11
CTN_015,PRECTOTCORR,2016,7,6.76
CTN_015,PRECTOTCORR,2016,8,6.86
CTN_015,PRECTOTCORR,2016,9,7.22
CTN_015,PRECTOTCORR,2016,10,1.12
CTN_015,PRECTOTCORR,2016,11,1.09
CTN_015,PRECTOTCORR,2016,12,0.04
CTN_015,PRECTOTCORR,2017,1,0.0
CTN_015,PRECTOTCORR,2017,2,0.0
CTN_015,PRECTOTCORR,2017,3,0.28
CTN_015,PRECTOTCORR,2017,4,0.32
CTN_015,PRECTOTCORR,2017,5,3.67
CTN_015,PRECTOTCORR,2017,6,6.5
CTN_015,PRECTOTCORR,2017,7,6.22
CTN_015,PRECTOTCORR,2017,8,7.8
CTN_015,PRECTOTCORR,2017,9,8.35
CTN_015,PRECTOTCORR,2017,10,1.72
CTN_015,PRECTOTCORR,2017,11,0.06
CTN_015,PRECTOTCORR,2017,12,0.01
CTN_015,PRECTOTCORR,2018,1,0.14
CTN_015,PRECTOTCORR,2018,2,0.12
CTN_015,PRECTOTCORR,2018,3,0.12
CTN_015,PRECTOTCORR,2018,4,1.21
CTN_015,PRECTOTCORR,2018,5,3.19
CTN_015,PRECTOTCORR,2018,6,8.72
CTN_015,PRECTOTCORR,2018,7,2.52
CTN_015,PRECTOTCORR,2018,8,8.52
CTN_015,PRECTOTCORR,2018,9,6.1
CTN_015,PRECTOTCORR,2018,10,3.69
CTN_015,PRECTOTCORR,2018,11,1.22
CTN_015,PRECTOTCORR,2018,12,0.07
CTN_015,PRECTOTCORR,2019,1,0.04
CTN_015,PRECTOTCORR,2019,2,0.06
CTN_015,PRECTOTCORR,2019,3,0.09
CTN_015,PRECTOTCORR,2019,4,0.07
CTN_015,PRECTOTCORR,2019,5,1.89
CTN_015,PRECTOTCORR,2019,6,5.94
CTN_015,PRECTOTCORR,2019,7,5.95
CTN_015,PRECTOTCORR,2019,8,5.33
CTN_015,PRECTOTCORR,2019,9,6.35
CTN_015,PRECTOTCORR,2019,10,4.97
CTN_015,PRECTOTCORR,2019,11,0.69
CTN_015,PRECTOTCORR,2019,12,0.0
CTN_015,PRECTOTCORR,2020,1,0.13
CTN_015,PRECTOTCORR,2020,2,0.13
CTN_015,PRECTOTCORR,2020,3,0.24
CTN_015,PRECTOTCORR,2020,4,0.44
CTN_015,PRECTOTCORR,2020,5,0.86
CTN_015,PRECTOTCORR,2020,6,4.95
CTN_015,PRECTOTCORR,2020,7,6.17
CTN_015,PRECTOTCORR,2020,8,6.33
CTN_015,PRECTOTCORR,2020,9,7.37
CTN_015,PRECTOTCORR,2020,10,0.91
CTN_015,PRECTOTCORR,2020,11,0.09
CTN_015,PRECTOTCORR,2020,12,0.05
CTN_015,PRECTOTCORR,2021,1,0.19
CTN_015,PRECTOTCORR,2021,2,0.28
CTN_015,PRECTOTCORR,2021,3,0.6
CTN_015,PRECTOTCORR,2021,4,0.17
CTN_015,PRECTOTCORR,2021,5,3.34
CTN_015,PRECTOTCORR,2021,6,7.81
CTN_015,PRECTOTCORR,2021,7,4.75
CTN_015,PRECTOTCORR,2021,8,7.48
CTN_015,PRECTOTCORR,2021,9,6.74
CTN_015,PRECTOTCORR,2021,10,2.33
CTN_015,PRECTOTCORR,2021,11,0.11
CTN_015,PRECTOTCORR,2021,12,0.02
CTN_015,PRECTOTCORR,2022,1,0.3
CTN_015,PRECTOTCORR,2022,2,0.04
CTN_015,PRECTOTCORR,2022,3,0.09
CTN_015,PRECTOTCORR,2022,4,0.83
CTN_015,PRECTOTCORR,2022,5,1.24
CTN_015,PRECTOTCORR,2022,6,5.47
CTN_015,PRECTOTCORR,2022,7,5.24
CTN_015,PRECTOTCORR,2022,8,6.6
CTN_015,PRECTOTCORR,2022,9,7.12
CTN_015,PRECTOTCORR,2022,10,2.06
CTN_015,PRECTOTCORR,2022,11,0.29
CTN_015,PRECTOTCORR,2022,12,0.08
CTN_015,PRECTOTCORR,2023,1,0.0
CTN_015,PRECTOTCORR,2023,2,0.0
CTN_015,PRECTOTCORR,2023,3,0.14
CTN_015,PRECTOTCORR,2023,4,1.18
CTN_015,PRECTOTCORR,2023,5,1.35
CTN_015,PRECTOTCORR,2023,6,0.42
CTN_015,PRECTOTCORR,2023,7,5.31
CTN_015,PRECTOTCORR,2023,8,6.46
CTN_015,PRECTOTCORR,2023,9,4.03
CTN_015,PRECTOTCORR,2023,10,3.86
CTN_015,PRECTOTCORR,2023,11,1.82
CTN_015,PRECTOTCORR,2023,12,0.11
CTN_015,PRECTOTCORR,2024,1,0.03
CTN_015,PRECTOTCORR,2024,2,0.46
CTN_015,PRECTOTCORR,2024,3,0.0
CTN_015,PRECTOTCORR,2024,4,0.07
CTN_015,PRECTOTCORR,2024,5,0.69
CTN_015,PRECTOTCORR,2024,6,3.46
CTN_015,PRECTOTCORR,2024,7,8.46
CTN_015,PRECTOTCORR,2024,8,6.88
CTN_015,PRECTOTCORR,2024,9,9.79
CTN_015,PRECTOTCORR,2024,10,2.5
CTN_015,PRECTOTCORR,2024,11,0.28
CTN_015,PRECTOTCORR,2024,12,0.04
CTN_015,T2M,2015,1,19.46
CTN_015,T2M,2015,2,20.84
CTN_015,T2M,2015,3,22.46
CTN_015,T2M,2015,4,26.05
CTN_015,T2M,2015,5,24.58
CTN_015,T2M,2015,6,22.69
CTN_015,T2M,2015,7,22.33
CTN_015,T2M,2015,8,22.63
CTN_015,T2M,2015,9,21.12
CTN_015,T2M,2015,10,21.76
CTN_015,T2M,2015,11,21.89
CTN_015,T2M,2015,12,20.85
CTN_015,T2M,2016,1,19.29
CTN_015,T2M,2016,2,20.59
CTN_015,T2M,2016,3,22.06
CTN_015,T2M,2016,4,25.56
CTN_015,T2M,2016,5,26.84
CTN_015,T2M,2016,6,22.97
CTN_015,T2M,2016,7,22.08
CTN_015,T2M,2016,8,21.78
CTN_015,T2M,2016,9,21.17
CTN_015,T2M,2016,10,21.17
CTN_015,T2M,2016,11,20.26
CTN_015,T2M,2016,12,20.95
CTN_015,T2M,2017,1,19.98
CTN_015,T2M,2017,2,21.59
CTN_015,T2M,2017,3,24.0
CTN_015,T2M,2017,4,25.19
CTN_015,T2M,2017,5,25.96
CTN_015,T2M,2017,6,23.0
CTN_015,T2M,2017,7,21.37
CTN_015,T2M,2017,8,21.75
CTN_015,T2M,2017,9,20.9
CTN_015,T2M,2017,10,20.55
CTN_015,T2M,2017,11,19.63
CTN_015,T2M,2017,12,18.87
CTN_015,T2M,2018,1,18.58
CTN_015,T2M,2018,2,22.15
CTN_015,T2M,2018,3,24.68
CTN_015,T2M,2018,4,25.33
CTN_015,T2M,2018,5,24.85
CTN_015,T2M,2018,6,22.42
CTN_015,T2M,2018,7,22.51
CTN_015,T2M,2018,8,21.38
CTN_015,T2M,2018,9,21.16
CTN_015,T2M,2018,10,20.98
CTN_015,T2M,2018,11,19.85
CTN_015,T2M,2018,12,19.08
CTN_015,T2M,2019,1,19.86
CTN_015,T2M,2019,2,22.36
CTN_015,T2M,2019,3,24.27
CTN_015,T2M,2019,4,25.37
CTN_015,T2M,2019,5,26.36
CTN_015,T2M,2019,6,24.01
CTN_015,T2M,2019,7,22.15
CTN_015,T2M,2019,8,22.12
CTN_015,T2M,2019,9,21.63
CTN_015,T2M,2019,10,20.79
CTN_015,T2M,2019,11,20.65
CTN_015,T2M,2019,12,19.69
CTN_015,T2M,2020,1,20.1
CTN_015,T2M,2020,2,22.26
CTN_015,T2M,2020,3,24.79
CTN_015,T2M,2020,4,27.12
CTN_015,T2M,2020,5,26.34
CTN_015,T2M,2020,6,24.8
CTN_015,T2M,2020,7,22.67
CTN_015,T2M,2020,8,21.9
CTN_015,T2M,2020,9,21.16
CTN_015,T2M,2020,10,20.39
CTN_015,T2M,2020,11,20.63
CTN_015,T2M,2020,12,20.41
CTN_015,T2M,2021,1,21.14
CTN_015,T2M,2021,2,21.36
CTN_015,T2M,2021,3,23.98
CTN_015,T2M,2021,4,25.63
CTN_015,T2M,2021,5,24.85
CTN_015,T2M,2021,6,22.07
CTN_015,T2M,2021,7,21.89
CTN_015,T2M,2021,8,21.58
CTN_015,T2M,2021,9,21.08
CTN_015,T2M,2021,10,21.35
CTN_015,T2M,2021,11,19.85
CTN_015,T2M,2021,12,20.54
CTN_015,T2M,2022,1,20.51
CTN_015,T2M,2022,2,21.55
CTN_015,T2M,2022,3,23.76
CTN_015,T2M,2022,4,26.05
CTN_015,T2M,2022,5,26.71
CTN_015,T2M,2022,6,23.56
CTN_015,T2M,2022,7,23.16
CTN_015,T2M,2022,8,22.02
CTN_015,T2M,2022,9,21.2
CTN_015,T2M,2022,10,21.17
CTN_015,T2M,2022,11,21.47
CTN_015,T2M,2022,12,19.56
CTN_015,T2M,2023,1,20.53
CTN_015,T2M,2023,2,21.85
CTN_015,T2M,2023,3,24.4
CTN_015,T2M,2023,4,25.53
CTN_015,T2M,2023,5,26.26
CTN_015,T2M,2023,6,28.07
CTN_015,T2M,2023,7,24.32
CTN_015,T2M,2023,8,23.01
CTN_015,T2M,2023,9,22.83
CTN_015,T2M,2023,10,22.19
CTN_015,T2M,2023,11,21.48
CTN_015,T2M,2023,12,19.39
CTN_015,T2M,2024,1,20.92
CTN_015,T2M,2024,2,22.38
CTN_015,T2M,2024,3,25.02
CTN_015,T2M,2024,4,27.03
CTN_015,T2M,2024,5,28.83
CTN_015,T2M,2024,6,26.55
CTN_015,T2M,2024,7,22.8
CTN_015,T2M,2024,8,22.47
CTN_015,T2M,2024,9,21.75
CTN_015,T2M,2024,10,20.53
CTN_015,T2M,2024,11,21.0
CTN_015,T2M,2024,12,19.88
CTN_015,T2M_MAX,2015,1,30.35
CTN_015,T2M_MAX,2015,2,33.98
CTN_015,T2M_MAX,2015,3,35.25
CTN_015,T2M_MAX,2015,4,36.92
CTN_015,T2M_MAX,2015,5,35.13
CTN_015,T2M_MAX,2015,6,31.14
CTN_015,T2M_MAX,2015,7,31.53
CTN_015,T2M_MAX,2015,8,30.9
CTN_015,T2M_MAX,2015,9,28.23
CTN_015,T2M_MAX,2015,10,31.3
CTN_015,T2M_MAX,2015,11,30.05
CTN_015,T2M_MAX,2015,12,30.99
CTN_015,T2M_MAX,2016,1,30.46
CTN_015,T2M_MAX,2016,2,33.24
CTN_015,T2M_MAX,2016,3,36.3
CTN_015,T2M_MAX,2016,4,37.2
CTN_015,T2M_MAX,2016,5,37.87
CTN_015,T2M_MAX,2016,6,32.1
CTN_015,T2M_MAX,2016,7,29.22
CTN_015,T2M_MAX,2016,8,29.29
CTN_015,T2M_MAX,2016,9,27.42
CTN_015,T2M_MAX,2016,10,28.96
CTN_015,T2M_MAX,2016,11,30.26
CTN_015,T2M_MAX,2016,12,30.5
CTN_015,T2M_MAX,2017,1,31.54
CTN_015,T2M_MAX,2017,2,33.77
CTN_015,T2M_MAX,2017,3,35.55
CTN_015,T2M_MAX,2017,4,37.7
CTN_015,T2M_MAX,2017,5,36.43
CTN_015,T2M_MAX,2017,6,31.79
CTN_015,T2M_MAX,2017,7,27.81
CTN_015,T2M_MAX,2017,8,28.46
CTN_015,T2M_MAX,2017,9,27.68
CTN_015,T2M_MAX,2017,10,28.04
CTN_015,T2M_MAX,2017,11,29.7
CTN_015,T2M_MAX,2017,12,29.41
CTN_015,T2M_MAX,2018,1,30.6
CTN_015,T2M_MAX,2018,2,32.45
CTN_015,T2M_MAX,2018,3,36.37
CTN_015,T2M_MAX,2018,4,36.12
CTN_015,T2M_MAX,2018,5,37.84
CTN_015,T2M_MAX,2018,6,35.69
CTN_015,T2M_MAX,2018,7,31.27
CTN_015,T2M_MAX,2018,8,28.76
CTN_015,T2M_MAX,2018,9,26.93
CTN_015,T2M_MAX,2018,10,27.62
CTN_015,T2M_MAX,2018,11,29.35
CTN_015,T2M_MAX,2018,12,29.92
CTN_015,T2M_MAX,2019,1,31.28
CTN_015,T2M_MAX,2019,2,34.3
CTN_015,T2M_MAX,2019,3,35.54
CTN_015,T2M_MAX,2019,4,37.49
CTN_015,T2M_MAX,2019,5,37.26
CTN_015,T2M_MAX,2019,6,34.35
CTN_015,T2M_MAX,2019,7,30.18
CTN_015,T2M_MAX,2019,8,29.04
CTN_015,T2M_MAX,2019,9,29.94
CTN_015,T2M_MAX,2019,10,27.62
CTN_015,T2M_MAX,2019,11,29.86
CTN_015,T2M_MAX,2019,12,30.02
CTN_015,T2M_MAX,2020,1,30.86
CTN_015,T2M_MAX,2020,2,34.47
CTN_015,T2M_MAX,2020,3,36.18
CTN_015,T2M_MAX,2020,4,36.91
CTN_015,T2M_MAX,2020,5,36.48
CTN_015,T2M_MAX,2020,6,37.09
CTN_015,T2M_MAX,2020,7,30.25
CTN_015,T2M_MAX,2020,8,29.29
CTN_015,T2M_MAX,2020,9,28.55
CTN_015,T2M_MAX,2020,10,29.79
CTN_015,T2M_MAX,2020,11,31.81
CTN_015,T2M_MAX,2020,12,31.17
CTN_015,T2M_MAX,2021,1,33.34
CTN_015,T2M_MAX,2021,2,33.21
CTN_015,T2M_MAX,2021,3,36.01
CTN_015,T2M_MAX,2021,4,36.54
CTN_015,T2M_MAX,2021,5,35.34
CTN_015,T2M_MAX,2021,6,32.07
CTN_015,T2M_MAX,2021,7,29.4
CTN_015,T2M_MAX,2021,8,29.63
CTN_015,T2M_MAX,2021,9,27.72
CTN_015,T2M_MAX,2021,10,29.97
CTN_015,T2M_MAX,2021,11,29.23
CTN_015,T2M_MAX,2021,12,30.99
CTN_015,T2M_MAX,2022,1,32.11
CTN_015,T2M_MAX,2022,2,33.29
CTN_015,T2M_MAX,2022,3,35.29
CTN_015,T2M_MAX,2022,4,37.82
CTN_015,T2M_MAX,2022,5,37.82
CTN_015,T2M_MAX,2022,6,33.75
CTN_015,T2M_MAX,2022,7,32.25
CTN_015,T2M_MAX,2022,8,30.31
CTN_015,T2M_MAX,2022,9,28.04
CTN_015,T2M_MAX,2022,10,28.95
CTN_015,T2M_MAX,2022,11,30.42
CTN_015,T2M_MAX,2022,12,30.6
CTN_015,T2M_MAX,2023,1,31.71
CTN_015,T2M_MAX,2023,2,34.36
CTN_015,T2M_MAX,2023,3,35.08
CTN_015,T2M_MAX,2023,4,37.66
CTN_015,T2M_MAX,2023,5,37.19
CTN_015,T2M_MAX,2023,6,39.3
CTN_015,T2M_MAX,2023,7,34.32
CTN_015,T2M_MAX,2023,8,31.41
CTN_015,T2M_MAX,2023,9,31.01
CTN_015,T2M_MAX,2023,10,29.97
CTN_015,T2M_MAX,2023,11,31.42
CTN_015,T2M_MAX,2023,12,28.69
CTN_015,T2M_MAX,2024,1,32.67
CTN_015,T2M_MAX,2024,2,35.5
CTN_015,T2M_MAX,2024,3,37.59
CTN_015,T2M_MAX,2024,4,37.75
CTN_015,T2M_MAX,2024,5,39.43
CTN_015,T2M_MAX,2024,6,39.05
CTN_015,T2M_MAX,2024,7,32.07
CTN_015,T2M_MAX,2024,8,29.07
CTN_015,T2M_MAX,2024,9,28.03
CTN_015,T2M_MAX,2024,10,28.41
CTN_015,T2M_MAX,2024,11,29.83
CTN_015,T2M_MAX,2024,12,30.68
CTN_015,WS10M,2015,1,2.44
CTN_015,WS10M,2015,2,2.26
CTN_015,WS10M,2015,3,2.51
CTN_015,WS10M,2015,4,2.41
CTN_015,WS10M,2015,5,1.77
CTN_015,WS10M,2015,6,1.95
CTN_015,WS10M,2015,7,2.06
CTN_015,WS10M,2015,8,1.73
CTN_015,WS10M,2015,9,1.71
CTN_015,WS10M,2015,10,1.75
CTN_015,WS10M,2015,11,1.81
CTN_015,WS10M,2015,12,2.15
CTN_015,WS10M,2016,1,2.22
CTN_015,WS10M,2016,2,2.86
CTN_015,WS10M,2016,3,2.44
CTN_015,WS10M,2016,4,2.22
CTN_015,WS10M,2016,5,1.91
CTN_015,WS10M,2016,6,1.81
CTN_015,WS10M,2016,7,1.57
CTN_015,WS10M,2016,8,1.69
CTN_015,WS10M,2016,9,1.48
CTN_015,WS10M,2016,10,1.65
CTN_015,WS10M,2016,11,1.91
CTN_015,WS10M,2016,12,2.16
CTN_015,WS10M,2017,1,2.27
CTN_015,WS10M,2017,2,2.38
CTN_015,WS10M,2017,3,2.36
CTN_015,WS10M,2017,4,2.42
CTN_015,WS10M,2017,5,2.02
CTN_015,WS10M,2017,6,1.91
CTN_015,WS10M,2017,7,1.62
CTN_015,WS10M,2017,8,1.72
CTN_015,WS10M,2017,9,1.57
CTN_015,WS10M,2017,10,1.8
CTN_015,WS10M,2017,11,1.89
CTN_015,WS10M,2017,12,2.12
CTN_015,WS10M,2018,1,2.81
CTN_015,WS10M,2018,2,2.11
CTN_015,WS10M,2018,3,2.31
CTN_015,WS10M,2018,4,2.34
CTN_015,WS10M,2018,5,1.87
CTN_015,WS10M,2018,6,2.03
CTN_015,WS10M,2018,7,1.66
CTN_015,WS10M,2018,8,1.59
CTN_015,WS10M,2018,9,1.66
CTN_015,WS10M,2018,10,1.84
CTN_015,WS10M,2018,11,1.86
CTN_015,WS10M,2018,12,2.16
CTN_015,WS10M,2019,1,2.17
CTN_015,WS10M,2019,2,2.11
CTN_015,WS10M,2019,3,2.46
CTN_015,WS10M,2019,4,2.41
CTN_015,WS10M,2019,5,2.35
CTN_015,WS10M,2019,6,2.01
CTN_015,WS10M,2019,7,1.67
CTN_015,WS10M,2019,8,1.62
CTN_015,WS10M,2019,9,1.67
CTN_015,WS10M,2019,10,1.64
CTN_015,WS10M,2019,11,1.9
CTN_015,WS10M,2019,12,2.02
CTN_015,WS10M,2020,1,2.49
CTN_015,WS10M,2020,2,2.54
CTN_015,WS10M,2020,3,2.28
CTN_015,WS10M,2020,4,2.46
CTN_015,WS10M,2020,5,2.24
CTN_015,WS10M,2020,6,1.87
CTN_015,WS10M,2020,7,1.74
CTN_015,WS10M,2020,8,1.81
CTN_015,WS10M,2020,9,1.64
CTN_015,WS10M,2020,10,1.86
CTN_015,WS10M,2020,11,2.4
CTN_015,WS10M,2020,12,2.13
CTN_015,WS10M,2021,1,2.13
CTN_015,WS10M,2021,2,2.32
CTN_015,WS10M,2021,3,2.13
CTN_015,WS10M,2021,4,2.58
CTN_015,WS10M,2021,5,2.15
CTN_015,WS10M,2021,6,1.98
CTN_015,WS10M,2021,7,1.78
CTN_015,WS10M,2021,8,1.88
CTN_015,WS10M,2021,9,1.54
CTN_015,WS10M,2021,10,1.65
CTN_015,WS10M,2021,11,1.94
CTN_015,WS10M,2021,12,1.92
CTN_015,WS10M,2022,1,2.2
CTN_015,WS10M,2022,2,2.48
CTN_015,WS10M,2022,3,2.38
CTN_015,WS10M,2022,4,2.26
CTN_015,WS10M,2022,5,2.3
CTN_015,WS10M,2022,6,2.2
CTN_015,WS10M,2022,7,1.71
CTN_015,WS10M,2022,8,1.66
CTN_015,WS10M,2022,9,1.66
CTN_015,WS10M,2022,10,1.69
CTN_015,WS10M,2022,11,1.75
CTN_015,WS10M,2022,12,2.34
CTN_015,WS10M,2023,1,2.1
CTN_015,WS10M,2023,2,2.47
CTN_015,WS10M,2023,3,2.23
CTN_015,WS10M,2023,4,2.38
CTN_015,WS10M,2023,5,2.05
CTN_015,WS10M,2023,6,2.42
CTN_015,WS10M,2023,7,1.99
CTN_015,WS10M,2023,8,1.82
CTN_015,WS10M,2023,9,1.62
CTN_015,WS10M,2023,10,1.82
CTN_015,WS10M,2023,11,1.95
CTN_015,WS10M,2023,12,1.94
CTN_015,WS10M,2024,1,2.06
CTN_015,WS10M,2024,2,2.19
CTN_015,WS10M,2024,3,2.47
CTN_015,WS10M,2024,4,2.52
CTN_015,WS10M,2024,5,2.27
CTN_015,WS10M,2024,6,2.37
CTN_015,WS10M,2024,7,1.7
CTN_015,WS10M,2024,8,1.61
CTN_015,WS10M,2024,9,1.75
CTN_015,WS10M,2024,10,1.77
CTN_015,WS10M,2024,11,1.83
CTN_015,WS10M,2024,12,2.13
CTN_016,ALLSKY_SFC_SW_DWN,2015,1,5.0042
CTN_016,ALLSKY_SFC_SW_DWN,2015,2,5.64
CTN_016,ALLSKY_SFC_SW_DWN,2015,3,6.0809
CTN_016,ALLSKY_SFC_SW_DWN,2015,4,6.8652
CTN_016,ALLSKY_SFC_SW_DWN,2015,5,6.1538
CTN_016,ALLSKY_SFC_SW_DWN,2015,6,6.0982
CTN_016,ALLSKY_SFC_SW_DWN,2015,7,6.4958
CTN_016,ALLSKY_SFC_SW_DWN,2015,8,6.7625
CTN_016,ALLSKY_SFC_SW_DWN,2015,9,5.5152
CTN_016,ALLSKY_SFC_SW_DWN,2015,10,5.2478
CTN_016,ALLSKY_SFC_SW_DWN,2015,11,5.046
CTN_016,ALLSKY_SFC_SW_DWN,2015,12,4.5418
CTN_016,ALLSKY_SFC_SW_DWN,2016,1,4.2569
CTN_016,ALLSKY_SFC_SW_DWN,2016,2,5.9515
CTN_016,ALLSKY_SFC_SW_DWN,2016,3,6.0209
CTN_016,ALLSKY_SFC_SW_DWN,2016,4,6.8695
CTN_016,ALLSKY_SFC_SW_DWN,2016,5,6.5602
CTN_016,ALLSKY_SFC_SW_DWN,2016,6,6.3862
CTN_016,ALLSKY_SFC_SW_DWN,2016,7,6.685
CTN_016,ALLSKY_SFC_SW_DWN,2016,8,6.2203
CTN_016,ALLSKY_SFC_SW_DWN,2016,9,5.8402
CTN_016,ALLSKY_SFC_SW_DWN,2016,10,5.7041
CTN_016,ALLSKY_SFC_SW_DWN,2016,11,5.021
CTN_016,ALLSKY_SFC_SW_DWN,2016,12,5.0251
CTN_016,ALLSKY_SFC_SW_DWN,2017,1,5.4362
CTN_016,ALLSKY_SFC_SW_DWN,2017,2,6.2479
CTN_016,ALLSKY_SFC_SW_DWN,2017,3,6.6509
CTN_016,ALLSKY_SFC_SW_DWN,2017,4,6.9857
CTN_016,ALLSKY_SFC_SW_DWN,2017,5,6.3516
CTN_016,ALLSKY_SFC_SW_DWN,2017,6,6.2203
CTN_016,ALLSKY_SFC_SW_DWN,2017,7,6.4469
CTN_016,ALLSKY_SFC_SW_DWN,2017,8,6.1529
CTN_016,ALLSKY_SFC_SW_DWN,2017,9,5.1929
CTN_016,ALLSKY_SFC_SW_DWN,2017,10,5.6141
CTN_016,ALLSKY_SFC_SW_DWN,2017,11,5.5771
CTN_016,ALLSKY_SFC_SW_DWN,2017,12,5.1017
CTN_016,ALLSKY_SFC_SW_DWN,2018,1,4.9901
CTN_016,ALLSKY_SFC_SW_DWN,2018,2,5.7413
CTN_016,ALLSKY_SFC_SW_DWN,2018,3,6.8285
CTN_016,ALLSKY_SFC_SW_DWN,2018,4,6.8122
CTN_016,ALLSKY_SFC_SW_DWN,2018,5,6.6938
CTN_016,ALLSKY_SFC_SW_DWN,2018,6,5.9774
CTN_016,ALLSKY_SFC_SW_DWN,2018,7,7.1438
CTN_016,ALLSKY_SFC_SW_DWN,2018,8,6.239
CTN_016,ALLSKY_SFC_SW_DWN,2018,9,6.1246
CTN_016,ALLSKY_SFC_SW_DWN,2018,10,5.3028
CTN_016,ALLSKY_SFC_SW_DWN,2018,11,4.5922
CTN_016,ALLSKY_SFC_SW_DWN,2018,12,4.925
CTN_016,ALLSKY_SFC_SW_DWN,2019,1,5.2133
CTN_016,ALLSKY_SFC_SW_DWN,2019,2,6.162
CTN_016,ALLSKY_SFC_SW_DWN,2019,3,6.8842
CTN_016,ALLSKY_SFC_SW_DWN,2019,4,7.2686
CTN_016,ALLSKY_SFC_SW_DWN,2019,5,6.6787
CTN_016,ALLSKY_SFC_SW_DWN,2019,6,6.1706
CTN_016,ALLSKY_SFC_SW_DWN,2019,7,6.6283
CTN_016,ALLSKY_SFC_SW_DWN,2019,8,6.6173
CTN_016,ALLSKY_SFC_SW_DWN,2019,9,5.7451
CTN_016,ALLSKY_SFC_SW_DWN,2019,10,5.0966
CTN_016,ALLSKY_SFC_SW_DWN,2019,11,4.9625
CTN_016,ALLSKY_SFC_SW_DWN,2019,12,4.9049
CTN_016,ALLSKY_SFC_SW_DWN,2020,1,5.1883
CTN_016,ALLSKY_SFC_SW_DWN,2020,2,5.8668
CTN_016,ALLSKY_SFC_SW_DWN,2020,3,6.7982
CTN_016,ALLSKY_SFC_SW_DWN,2020,4,7.2485
CTN_016,ALLSKY_SFC_SW_DWN,2020,5,7.0973
CTN_016,ALLSKY_SFC_SW_DWN,2020,6,6.2933
CTN_016,ALLSKY_SFC_SW_DWN,2020,7,6.5074
CTN_016,ALLSKY_SFC_SW_DWN,2020,8,6.1306
CTN_016,ALLSKY_SFC_SW_DWN,2020,9,5.3494
CTN_016,ALLSKY_SFC_SW_DWN,2020,10,5.976
CTN_016,ALLSKY_SFC_SW_DWN,2020,11,5.4521
CTN_016,ALLSKY_SFC_SW_DWN,2020,12,4.9147
CTN_016,ALLSKY_SFC_SW_DWN,2021,1,4.9764
CTN_016,ALLSKY_SFC_SW_DWN,2021,2,6.3355
CTN_016,ALLSKY_SFC_SW_DWN,2021,3,6.9571
CTN_016,ALLSKY_SFC_SW_DWN,2021,4,7.3402
CTN_016,ALLSKY_SFC_SW_DWN,2021,5,6.7056
CTN_016,ALLSKY_SFC_SW_DWN,2021,6,5.4377
CTN_016,ALLSKY_SFC_SW_DWN,2021,7,6.5021
CTN_016,ALLSKY_SFC_SW_DWN,2021,8,6.0288
CTN_016,ALLSKY_SFC_SW_DWN,2021,9,5.6546
CTN_016,ALLSKY_SFC_SW_DWN,2021,10,5.4322
CTN_016,ALLSKY_SFC_SW_DWN,2021,11,5.4353
CTN_016,ALLSKY_SFC_SW_DWN,2021,12,5.076
CTN_016,ALLSKY_SFC_SW_DWN,2022,1,5.1346
CTN_016,ALLSKY_SFC_SW_DWN,2022,2,6.0017
CTN_016,ALLSKY_SFC_SW_DWN,2022,3,7.147
CTN_016,ALLSKY_SFC_SW_DWN,2022,4,7.1131
CTN_016,ALLSKY_SFC_SW_DWN,2022,5,7.0704
CTN_016,ALLSKY_SFC_SW_DWN,2022,6,6.3852
CTN_016,ALLSKY_SFC_SW_DWN,2022,7,6.3862
CTN_016,ALLSKY_SFC_SW_DWN,2022,8,6.2191
CTN_016,ALLSKY_SFC_SW_DWN,2022,9,5.4391
CTN_016,ALLSKY_SFC_SW_DWN,2022,10,5.309
CTN_016,ALLSKY_SFC_SW_DWN,2022,11,5.1178
CTN_016,ALLSKY_SFC_SW_DWN,2022,12,4.8662
CTN_016,ALLSKY_SFC_SW_DWN,2023,1,5.3026
CTN_016,ALLSKY_SFC_SW_DWN,2023,2,6.1721
CTN_016,ALLSKY_SFC_SW_DWN,2023,3,6.8693
CTN_016,ALLSKY_SFC_SW_DWN,2023,4,7.2379
CTN_016,ALLSKY_SFC_SW_DWN,2023,5,6.3526
CTN_016,ALLSKY_SFC_SW_DWN,2023,6,7.0075
CTN_016,ALLSKY_SFC_SW_DWN,2023,7,6.397
CTN_016,ALLSKY_SFC_SW_DWN,2023,8,5.9563
CTN_016,ALLSKY_SFC_SW_DWN,2023,9,6.3101
CTN_016,ALLSKY_SFC_SW_DWN,2023,10,5.077
CTN_016,ALLSKY_SFC_SW_DWN,2023,11,5.0887
CTN_016,ALLSKY_SFC_SW_DWN,2023,12,4.4184
CTN_016,ALLSKY_SFC_SW_DWN,2024,1,4.8682
CTN_016,ALLSKY_SFC_SW_DWN,2024,2,5.8963
CTN_016,ALLSKY_SFC_SW_DWN,2024,3,7.1731
CTN_016,ALLSKY_SFC_SW_DWN,2024,4,7.3219
CTN_016,ALLSKY_SFC_SW_DWN,2024,5,7.0387
CTN_016,ALLSKY_SFC_SW_DWN,2024,6,6.114
CTN_016,ALLSKY_SFC_SW_DWN,2024,7,6.0914
CTN_016,ALLSKY_SFC_SW_DWN,2024,8,6.3307
CTN_016,ALLSKY_SFC_SW_DWN,2024,9,5.0808
CTN_016,ALLSKY_SFC_SW_DWN,2024,10,5.4211
CTN_016,ALLSKY_SFC_SW_DWN,2024,11,5.292
CTN_016,ALLSKY_SFC_SW_DWN,2024,12,4.8595
CTN_016,PRECTOTCORR,2015,1,0.01
CTN_016,PRECTOTCORR,2015,2,0.1
CTN_016,PRECTOTCORR,2015,3,1.2
CTN_016,PRECTOTCORR,2015,4,0.24
CTN_016,PRECTOTCORR,2015,5,4.14
CTN_016,PRECTOTCORR,2015,6,4.19
CTN_016,PRECTOTCORR,2015,7,3.98
CTN_016,PRECTOTCORR,2015,8,5.15
CTN_016,PRECTOTCORR,2015,9,6.87
CTN_016,PRECTOTCORR,2015,10,1.92
CTN_016,PRECTOTCORR,2015,11,1.07
CTN_016,PRECTOTCORR,2015,12,0.05
CTN_016,PRECTOTCORR,2016,1,0.2
CTN_016,PRECTOTCORR,2016,2,0.07
CTN_016,PRECTOTCORR,2016,3,1.31
CTN_016,PRECTOTCORR,2016,4,0.79
CTN_016,PRECTOTCORR,2016,5,2.13
CTN_016,PRECTOTCORR,2016,6,7.11
CTN_016,PRECTOTCORR,2016,7,6.76
CTN_016,PRECTOTCORR,2016,8,6.86
CTN_016,PRECTOTCORR,2016,9,7.22
CTN_016,PRECTOTCORR,2016,10,1.12
CTN_016,PRECTOTCORR,2016,11,1.09
CTN_016,PRECTOTCORR,2016,12,0.04
CTN_016,PRECTOTCORR,2017,1,0.0
CTN_016,PRECTOTCORR,2017,2,0.0
CTN_016,PRECTOTCORR,2017,3,0.28
CTN_016,PRECTOTCORR,2017,4,0.32
CTN_016,PRECTOTCORR,2017,5,3.67
CTN_016,PRECTOTCORR,2017,6,6.5
CTN_016,PRECTOTCORR,2017,7,6.22
CTN_016,PRECTOTCORR,2017,8,7.8
CTN_016,PRECTOTCORR,2017,9,8.35
CTN_016,PRECTOTCORR,2017,10,1.72
CTN_016,PRECTOTCORR,2017,11,0.06
CTN_016,PRECTOTCORR,2017,12,0.01
CTN_016,PRECTOTCORR,2018,1,0.14
CTN_016,PRECTOTCORR,2018,2,0.12
CTN_016,PRECTOTCORR,2018,3,0.12
CTN_016,PRECTOTCORR,2018,4,1.21
CTN_016,PRECTOTCORR,2018,5,3.19
CTN_016,PRECTOTCORR,2018,6,8.72
CTN_016,PRECTOTCORR,2018,7,2.52
CTN_016,PRECTOTCORR,2018,8,8.52
CTN_016,PRECTOTCORR,2018,9,6.1
CTN_016,PRECTOTCORR,2018,10,3.69
CTN_016,PRECTOTCORR,2018,11,1.22
CTN_016,PRECTOTCORR,2018,12,0.07
CTN_016,PRECTOTCORR,2019,1,0.04
CTN_016,PRECTOTCORR,2019,2,0.06
CTN_016,PRECTOTCORR,2019,3,0.09
CTN_016,PRECTOTCORR,2019,4,0.07
CTN_016,PRECTOTCORR,2019,5,1.89
CTN_016,PRECTOTCORR,2019,6,5.94
CTN_016,PRECTOTCORR,2019,7,5.95
CTN_016,PRECTOTCORR,2019,8,5.33
CTN_016,PRECTOTCORR,2019,9,6.35
CTN_016,PRECTOTCORR,2019,10,4.97
CTN_016,PRECTOTCORR,2019,11,0.69
CTN_016,PRECTOTCORR,2019,12,0.0
CTN_016,PRECTOTCORR,2020,1,0.13
CTN_016,PRECTOTCORR,2020,2,0.13
CTN_016,PRECTOTCORR,2020,3,0.24
CTN_016,PRECTOTCORR,2020,4,0.44
CTN_016,PRECTOTCORR,2020,5,0.86
CTN_016,PRECTOTCORR,2020,6,4.95
CTN_016,PRECTOTCORR,2020,7,6.17
CTN_016,PRECTOTCORR,2020,8,6.33
CTN_016,PRECTOTCORR,2020,9,7.37
CTN_016,PRECTOTCORR,2020,10,0.91
CTN_016,PRECTOTCORR,2020,11,0.09
CTN_016,PRECTOTCORR,2020,12,0.05
CTN_016,PRECTOTCORR,2021,1,0.19
CTN_016,PRECTOTCORR,2021,2,0.28
CTN_016,PRECTOTCORR,2021,3,0.6
CTN_016,PRECTOTCORR,2021,4,0.17
CTN_016,PRECTOTCORR,2021,5,3.34
CTN_016,PRECTOTCORR,2021,6,7.81
CTN_016,PRECTOTCORR,2021,7,4.75
CTN_016,PRECTOTCORR,2021,8,7.48
CTN_016,PRECTOTCORR,2021,9,6.74
CTN_016,PRECTOTCORR,2021,10,2.33
CTN_016,PRECTOTCORR,2021,11,0.11
CTN_016,PRECTOTCORR,2021,12,0.02
CTN_016,PRECTOTCORR,2022,1,0.3
CTN_016,PRECTOTCORR,2022,2,0.04
CTN_016,PRECTOTCORR,2022,3,0.09
CTN_016,PRECTOTCORR,2022,4,0.83
CTN_016,PRECTOTCORR,2022,5,1.24
CTN_016,PRECTOTCORR,2022,6,5.47
CTN_016,PRECTOTCORR,2022,7,5.24
CTN_016,PRECTOTCORR,2022,8,6.6
CTN_016,PRECTOTCORR,2022,9,7.12
CTN_016,PRECTOTCORR,2022,10,2.06
CTN_016,PRECTOTCORR,2022,11,0.29
CTN_016,PRECTOTCORR,2022,12,0.08
CTN_016,PRECTOTCORR,2023,1,0.0
CTN_016,PRECTOTCORR,2023,2,0.0
CTN_016,PRECTOTCORR,2023,3,0.14
CTN_016,PRECTOTCORR,2023,4,1.18
CTN_016,PRECTOTCORR,2023,5,1.35
CTN_016,PRECTOTCORR,2023,6,0.42
CTN_016,PRECTOTCORR,2023,7,5.31
CTN_016,PRECTOTCORR,2023,8,6.46
CTN_016,PRECTOTCORR,2023,9,4.03
CTN_016,PRECTOTCORR,2023,10,3.86
CTN_016,PRECTOTCORR,2023,11,1.82
CTN_016,PRECTOTCORR,2023,12,0.11
CTN_016,PRECTOTCORR,2024,1,0.03
CTN_016,PRECTOTCORR,2024,2,0.46
CTN_016,PRECTOTCORR,2024,3,0.0
CTN_016,PRECTOTCORR,2024,4,0.07
CTN_016,PRECTOTCORR,2024,5,0.69
CTN_016,PRECTOTCORR,2024,6,3.46
CTN_016,PRECTOTCORR,2024,7,8.46
CTN_016,PRECTOTCORR,2024,8,6.88
CTN_016,PRECTOTCORR,2024,9,9.79
CTN_016,PRECTOTCORR,2024,10,2.5
CTN_016,PRECTOTCORR,2024,11,0.28
CTN_016,PRECTOTCORR,2024,12,0.04
CTN_016,T2M,2015,1,19.46
CTN_016,T2M,2015,2,20.84
CTN_016,T2M,2015,3,22.46
CTN_016,T2M,2015,4,26.05
CTN_016,T2M,2015,5,24.58
CTN_016,T2M,2015,6,22.69
CTN_016,T2M,2015,7,22.33
CTN_016,T2M,2015,8,22.63
CTN_016,T2M,2015,9,21.12
CTN_016,T2M,2015,10,21.76
CTN_016,T2M,2015,11,21.89
CTN_016,T2M,2015,12,20.85
CTN_016,T2M,2016,1,19.29
CTN_016,T2M,2016,2,20.59
CTN_016,T2M,2016,3,22.06
CTN_016,T2M,2016,4,25.56
CTN_016,T2M,2016,5,26.84
CTN_016,T2M,2016,6,22.97
CTN_016,T2M,2016,7,22.08
CTN_016,T2M,2016,8,21.78
CTN_016,T2M,2016,9,21.17
CTN_016,T2M,2016,10,21.17
CTN_016,T2M,2016,11,20.26
CTN_016,T2M,2016,12,20.95
CTN_016,T2M,2017,1,19.98
CTN_016,T2M,2017,2,21.59
CTN_016,T2M,2017,3,24.0
CTN_016,T2M,2017,4,25.19
CTN_016,T2M,2017,5,25.96
CTN_016,T2M,2017,6,23.0
CTN_016,T2M,2017,7,21.37
CTN_016,T2M,2017,8,21.75
CTN_016,T2M,2017,9,20.9
CTN_016,T2M,2017,10,20.55
CTN_016,T2M,2017,11,19.63
CTN_016,T2M,2017,12,18.87
CTN_016,T2M,2018,1,18.58
CTN_016,T2M,2018,2,22.15
CTN_016,T2M,2018,3,24.68
CTN_016,T2M,2018,4,25.33
CTN_016,T2M,2018,5,24.85
CTN_016,T2M,2018,6,22.42
CTN_016,T2M,2018,7,22.51
CTN_016,T2M,2018,8,21.38
CTN_016,T2M,2018,9,21.16
CTN_016,T2M,2018,10,20.98
CTN_016,T2M,2018,11,19.85
CTN_016,T2M,2018,12,19.08
CTN_016,T2M,2019,1,19.86
CTN_016,T2M,2019,2,22.36
CTN_016,T2M,2019,3,24.27
CTN_016,T2M,2019,4,25.37
CTN_016,T2M,2019,5,26.36
CTN_016,T2M,2019,6,24.01
CTN_016,T2M,2019,7,22.15
CTN_016,T2M,2019,8,22.12
CTN_016,T2M,2019,9,21.63
CTN_016,T2M,2019,10,20.79
CTN_016,T2M,2019,11,20.65
CTN_016,T2M,2019,12,19.69
CTN_016,T2M,2020,1,20.1
CTN_016,T2M,2020,2,22.26
CTN_016,T2M,2020,3,24.79
CTN_016,T2M,2020,4,27.12
CTN_016,T2M,2020,5,26.34
CTN_016,T2M,2020,6,24.8
CTN_016,T2M,2020,7,22.67
CTN_016,T2M,2020,8,21.9
CTN_016,T2M,2020,9,21.16
CTN_016,T2M,2020,10,20.39
CTN_016,T2M,2020,11,20.63
CTN_016,T2M,2020,12,20.41
CTN_016,T2M,2021,1,21.14
CTN_016,T2M,2021,2,21.36
CTN_016,T2M,2021,3,23.98
CTN_016,T2M,2021,4,25.63
CTN_016,T2M,2021,5,24.85
CTN_016,T2M,2021,6,22.07
CTN_016,T2M,2021,7,21.89
CTN_016,T2M,2021,8,21.58
CTN_016,T2M,2021,9,21.08
CTN_016,T2M,2021,10,21.35
CTN_016,T2M,2021,11,19.85
CTN_016,T2M,2021,12,20.54
CTN_016,T2M,2022,1,20.51
CTN_016,T2M,2022,2,21.55
CTN_016,T2M,2022,3,23.76
CTN_016,T2M,2022,4,26.05
CTN_016,T2M,2022,5,26.71
CTN_016,T2M,2022,6,23.56
CTN_016,T2M,2022,7,23.16
CTN_016,T2M,2022,8,22.02
CTN_016,T2M,2022,9,21.2
CTN_016,T2M,2022,10,21.17
CTN_016,T2M,2022,11,21.47
CTN_016,T2M,2022,12,19.56
CTN_016,T2M,2023,1,20.53
CTN_016,T2M,2023,2,21.85
CTN_016,T2M,2023,3,24.4
CTN_016,T2M,2023,4,25.53
CTN_016,T2M,2023,5,26.26
CTN_016,T2M,2023,6,28.07
CTN_016,T2M,2023,7,24.32
CTN_016,T2M,2023,8,23.01
CTN_016,T2M,2023,9,22.83
CTN_016,T2M,2023,10,22.19
CTN_016,T2M,2023,11,21.48
CTN_016,T2M,2023,12,19.39
CTN_016,T2M,2024,1,20.92
CTN_016,T2M,2024,2,22.38
CTN_016,T2M,2024,3,25.02
CTN_016,T2M,2024,4,27.03
CTN_016,T2M,2024,5,28.83
CTN_016,T2M,2024,6,26.55
CTN_016,T2M,2024,7,22.8
CTN_016,T2M,2024,8,22.47
CTN_016,T2M,2024,9,21.75
CTN_016,T2M,2024,10,20.53
CTN_016,T2M,2024,11,21.0
CTN_016,T2M,2024,12,19.88
CTN_016,T2M_MAX,2015,1,30.35
CTN_016,T2M_MAX,2015,2,33.98
CTN_016,T2M_MAX,2015,3,35.25
CTN_016,T2M_MAX,2015,4,36.92
CTN_016,T2M_MAX,2015,5,35.13
CTN_016,T2M_MAX,2015,6,31.14
CTN_016,T2M_MAX,2015,7,31.53
CTN_016,T2M_MAX,2015,8,30.9
CTN_016,T2M_MAX,2015,9,28.23
CTN_016,T2M_MAX,2015,10,31.3
CTN_016,T2M_MAX,2015,11,30.05
CTN_016,T2M_MAX,2015,12,30.99
CTN_016,T2M_MAX,2016,1,30.46
CTN_016,T2M_MAX,2016,2,33.24
CTN_016,T2M_MAX,2016,3,36.3
CTN_016,T2M_MAX,2016,4,37.2
CTN_016,T2M_MAX,2016,5,37.87
CTN_016,T2M_MAX,2016,6,32.1
CTN_016,T2M_MAX,2016,7,29.22
CTN_016,T2M_MAX,2016,8,29.29
CTN_016,T2M_MAX,2016,9,27.42
CTN_016,T2M_MAX,2016,10,28.96
CTN_016,T2M_MAX,2016,11,30.26
CTN_016,T2M_MAX,2016,12,30.5
CTN_016,T2M_MAX,2017,1,31.54
CTN_016,T2M_MAX,2017,2,33.77
CTN_016,T2M_MAX,2017,3,35.55
CTN_016,T2M_MAX,2017,4,37.7
CTN_016,T2M_MAX,2017,5,36.43
CTN_016,T2M_MAX,2017,6,31.79
CTN_016,T2M_MAX,2017,7,27.81
CTN_016,T2M_MAX,2017,8,28.46
CTN_016,T2M_MAX,2017,9,27.68
CTN_016,T2M_MAX,2017,10,28.04
CTN_016,T2M_MAX,2017,11,29.7
CTN_016,T2M_MAX,2017,12,29.41
CTN_016,T2M_MAX,2018,1,30.6
CTN_016,T2M_MAX,2018,2,32.45
CTN_016,T2M_MAX,2018,3,36.37
CTN_016,T2M_MAX,2018,4,36.12
CTN_016,T2M_MAX,2018,5,37.84
CTN_016,T2M_MAX,2018,6,35.69
CTN_016,T2M_MAX,2018,7,31.27
CTN_016,T2M_MAX,2018,8,28.76
CTN_016,T2M_MAX,2018,9,26.93
CTN_016,T2M_MAX,2018,10,27.62
CTN_016,T2M_MAX,2018,11,29.35
CTN_016,T2M_MAX,2018,12,29.92
CTN_016,T2M_MAX,2019,1,31.28
CTN_016,T2M_MAX,2019,2,34.3
CTN_016,T2M_MAX,2019,3,35.54
CTN_016,T2M_MAX,2019,4,37.49
CTN_016,T2M_MAX,2019,5,37.26
CTN_016,T2M_MAX,2019,6,34.35
CTN_016,T2M_MAX,2019,7,30.18
CTN_016,T2M_MAX,2019,8,29.04
CTN_016,T2M_MAX,2019,9,29.94
CTN_016,T2M_MAX,2019,10,27.62
CTN_016,T2M_MAX,2019,11,29.86
CTN_016,T2M_MAX,2019,12,30.02
CTN_016,T2M_MAX,2020,1,30.86
CTN_016,T2M_MAX,2020,2,34.47
CTN_016,T2M_MAX,2020,3,36.18
CTN_016,T2M_MAX,2020,4,36.91
CTN_016,T2M_MAX,2020,5,36.48
CTN_016,T2M_MAX,2020,6,37.09
CTN_016,T2M_MAX,2020,7,30.25
CTN_016,T2M_MAX,2020,8,29.29
CTN_016,T2M_MAX,2020,9,28.55
CTN_016,T2M_MAX,2020,10,29.79
CTN_016,T2M_MAX,2020,11,31.81
CTN_016,T2M_MAX,2020,12,31.17
CTN_016,T2M_MAX,2021,1,33.34
CTN_016,T2M_MAX,2021,2,33.21
CTN_016,T2M_MAX,2021,3,36.01
CTN_016,T2M_MAX,2021,4,36.54
CTN_016,T2M_MAX,2021,5,35.34
CTN_016,T2M_MAX,2021,6,32.07
CTN_016,T2M_MAX,2021,7,29.4
CTN_016,T2M_MAX,2021,8,29.63
CTN_016,T2M_MAX,2021,9,27.72
CTN_016,T2M_MAX,2021,10,29.97
CTN_016,T2M_MAX,2021,11,29.23
CTN_016,T2M_MAX,2021,12,30.99
CTN_016,T2M_MAX,2022,1,32.11
CTN_016,T2M_MAX,2022,2,33.29
CTN_016,T2M_MAX,2022,3,35.29
CTN_016,T2M_MAX,2022,4,37.82
CTN_016,T2M_MAX,2022,5,37.82
CTN_016,T2M_MAX,2022,6,33.75
CTN_016,T2M_MAX,2022,7,32.25
CTN_016,T2M_MAX,2022,8,30.31
CTN_016,T2M_MAX,2022,9,28.04
CTN_016,T2M_MAX,2022,10,28.95
CTN_016,T2M_MAX,2022,11,30.42
CTN_016,T2M_MAX,2022,12,30.6
CTN_016,T2M_MAX,2023,1,31.71
CTN_016,T2M_MAX,2023,2,34.36
CTN_016,T2M_MAX,2023,3,35.08
CTN_016,T2M_MAX,2023,4,37.66
CTN_016,T2M_MAX,2023,5,37.19
CTN_016,T2M_MAX,2023,6,39.3
CTN_016,T2M_MAX,2023,7,34.32
CTN_016,T2M_MAX,2023,8,31.41
CTN_016,T2M_MAX,2023,9,31.01
CTN_016,T2M_MAX,2023,10,29.97
CTN_016,T2M_MAX,2023,11,31.42
CTN_016,T2M_MAX,2023,12,28.69
CTN_016,T2M_MAX,2024,1,32.67
CTN_016,T2M_MAX,2024,2,35.5
CTN_016,T2M_MAX,2024,3,37.59
CTN_016,T2M_MAX,2024,4,37.75
CTN_016,T2M_MAX,2024,5,39.43
CTN_016,T2M_MAX,2024,6,39.05
CTN_016,T2M_MAX,2024,7,32.07
CTN_016,T2M_MAX,2024,8,29.07
CTN_016,T2M_MAX,2024,9,28.03
CTN_016,T2M_MAX,2024,10,28.41
CTN_016,T2M_MAX,2024,11,29.83
CTN_016,T2M_MAX,2024,12,30.68
CTN_016,WS10M,2015,1,2.44
CTN_016,WS10M,2015,2,2.26
CTN_016,WS10M,2015,3,2.51
CTN_016,WS10M,2015,4,2.41
CTN_016,WS10M,2015,5,1.77
CTN_016,WS10M,2015,6,1.95
CTN_016,WS10M,2015,7,2.06
CTN_016,WS10M,2015,8,1.73
CTN_016,WS10M,2015,9,1.71
CTN_016,WS10M,2015,10,1.75
CTN_016,WS10M,2015,11,1.81
CTN_016,WS10M,2015,12,2.15
CTN_016,WS10M,2016,1,2.22
CTN_016,WS10M,2016,2,2.86
CTN_016,WS10M,2016,3,2.44
CTN_016,WS10M,2016,4,2.22
CTN_016,WS10M,2016,5,1.91
CTN_016,WS10M,2016,6,1.81
CTN_016,WS10M,2016,7,1.57
CTN_016,WS10M,2016,8,1.69
CTN_016,WS10M,2016,9,1.48
CTN_016,WS10M,2016,10,1.65
CTN_016,WS10M,2016,11,1.91
CTN_016,WS10M,2016,12,2.16
CTN_016,WS10M,2017,1,2.27
CTN_016,WS10M,2017,2,2.38
CTN_016,WS10M,2017,3,2.36
CTN_016,WS10M,2017,4,2.42
CTN_016,WS10M,2017,5,2.02
CTN_016,WS10M,2017,6,1.91
CTN_016,WS10M,2017,7,1.62
CTN_016,WS10M,2017,8,1.72
CTN_016,WS10M,2017,9,1.57
CTN_016,WS10M,2017,10,1.8
CTN_016,WS10M,2017,11,1.89
CTN_016,WS10M,2017,12,2.12
CTN_016,WS10M,2018,1,2.81
CTN_016,WS10M,2018,2,2.11
CTN_016,WS10M,2018,3,2.31
CTN_016,WS10M,2018,4,2.34
CTN_016,WS10M,2018,5,1.87
CTN_016,WS10M,2018,6,2.03
CTN_016,WS10M,2018,7,1.66
CTN_016,WS10M,2018,8,1.59
CTN_016,WS10M,2018,9,1.66
CTN_016,WS10M,2018,10,1.84
CTN_016,WS10M,2018,11,1.86
CTN_016,WS10M,2018,12,2.16
CTN_016,WS10M,2019,1,2.17
CTN_016,WS10M,2019,2,2.11
CTN_016,WS10M,2019,3,2.46
CTN_016,WS10M,2019,4,2.41
CTN_016,WS10M,2019,5,2.35
CTN_016,WS10M,2019,6,2.01
CTN_016,WS10M,2019,7,1.67
CTN_016,WS10M,2019,8,1.62
CTN_016,WS10M,2019,9,1.67
CTN_016,WS10M,2019,10,1.64
CTN_016,WS10M,2019,11,1.9
CTN_016,WS10M,2019,12,2.02
CTN_016,WS10M,2020,1,2.49
CTN_016,WS10M,2020,2,2.54
CTN_016,WS10M,2020,3,2.28
CTN_016,WS10M,2020,4,2.46
CTN_016,WS10M,2020,5,2.24
CTN_016,WS10M,2020,6,1.87
CTN_016,WS10M,2020,7,1.74
CTN_016,WS10M,2020,8,1.81
CTN_016,WS10M,2020,9,1.64
CTN_016,WS10M,2020,10,1.86
CTN_016,WS10M,2020,11,2.4
CTN_016,WS10M,2020,12,2.13
CTN_016,WS10M,2021,1,2.13
CTN_016,WS10M,2021,2,2.32
CTN_016,WS10M,2021,3,2.13
CTN_016,WS10M,2021,4,2.58
CTN_016,WS10M,2021,5,2.15
CTN_016,WS10M,2021,6,1.98
CTN_016,WS10M,2021,7,1.78
CTN_016,WS10M,2021,8,1.88
CTN_016,WS10M,2021,9,1.54
CTN_016,WS10M,2021,10,1.65
CTN_016,WS10M,2021,11,1.94
CTN_016,WS10M,2021,12,1.92
CTN_016,WS10M,2022,1,2.2
CTN_016,WS10M,2022,2,2.48
CTN_016,WS10M,2022,3,2.38
CTN_016,WS10M,2022,4,2.26
CTN_016,WS10M,2022,5,2.3
CTN_016,WS10M,2022,6,2.2
CTN_016,WS10M,2022,7,1.71
CTN_016,WS10M,2022,8,1.66
CTN_016,WS10M,2022,9,1.66
CTN_016,WS10M,2022,10,1.69
CTN_016,WS10M,2022,11,1.75
CTN_016,WS10M,2022,12,2.34
CTN_016,WS10M,2023,1,2.1
CTN_016,WS10M,2023,2,2.47
CTN_016,WS10M,2023,3,2.23
CTN_016,WS10M,2023,4,2.38
CTN_016,WS10M,2023,5,2.05
CTN_016,WS10M,2023,6,2.42
CTN_016,WS10M,2023,7,1.99
CTN_016,WS10M,2023,8,1.82
CTN_016,WS10M,2023,9,1.62
CTN_016,WS10M,2023,10,1.82
CTN_016,WS10M,2023,11,1.95
CTN_016,WS10M,2023,12,1.94
CTN_016,WS10M,2024,1,2.06
CTN_016,WS10M,2024,2,2.19
CTN_016,WS10M,2024,3,2.47
CTN_016,WS10M,2024,4,2.52
CTN_016,WS10M,2024,5,2.27
CTN_016,WS10M,2024,6,2.37
CTN_016,WS10M,2024,7,1.7
CTN_016,WS10M,2024,8,1.61
CTN_016,WS10M,2024,9,1.75
CTN_016,WS10M,2024,10,1.77
CTN_016,WS10M,2024,11,1.83
CTN_016,WS10M,2024,12,2.13
CTN_017,ALLSKY_SFC_SW_DWN,2015,1,5.0042
CTN_017,ALLSKY_SFC_SW_DWN,2015,2,5.64
CTN_017,ALLSKY_SFC_SW_DWN,2015,3,6.0809
CTN_017,ALLSKY_SFC_SW_DWN,2015,4,6.8652
CTN_017,ALLSKY_SFC_SW_DWN,2015,5,6.1538
CTN_017,ALLSKY_SFC_SW_DWN,2015,6,6.0982
CTN_017,ALLSKY_SFC_SW_DWN,2015,7,6.4958
CTN_017,ALLSKY_SFC_SW_DWN,2015,8,6.7625
CTN_017,ALLSKY_SFC_SW_DWN,2015,9,5.5152
CTN_017,ALLSKY_SFC_SW_DWN,2015,10,5.2478
CTN_017,ALLSKY_SFC_SW_DWN,2015,11,5.046
CTN_017,ALLSKY_SFC_SW_DWN,2015,12,4.5418
CTN_017,ALLSKY_SFC_SW_DWN,2016,1,4.2569
CTN_017,ALLSKY_SFC_SW_DWN,2016,2,5.9515
CTN_017,ALLSKY_SFC_SW_DWN,2016,3,6.0209
CTN_017,ALLSKY_SFC_SW_DWN,2016,4,6.8695
CTN_017,ALLSKY_SFC_SW_DWN,2016,5,6.5602
CTN_017,ALLSKY_SFC_SW_DWN,2016,6,6.3862
CTN_017,ALLSKY_SFC_SW_DWN,2016,7,6.685
CTN_017,ALLSKY_SFC_SW_DWN,2016,8,6.2203
CTN_017,ALLSKY_SFC_SW_DWN,2016,9,5.8402
CTN_017,ALLSKY_SFC_SW_DWN,2016,10,5.7041
CTN_017,ALLSKY_SFC_SW_DWN,2016,11,5.021
CTN_017,ALLSKY_SFC_SW_DWN,2016,12,5.0251
CTN_017,ALLSKY_SFC_SW_DWN,2017,1,5.4362
CTN_017,ALLSKY_SFC_SW_DWN,2017,2,6.2479
CTN_017,ALLSKY_SFC_SW_DWN,2017,3,6.6509
CTN_017,ALLSKY_SFC_SW_DWN,2017,4,6.9857
CTN_017,ALLSKY_SFC_SW_DWN,2017,5,6.3516
CTN_017,ALLSKY_SFC_SW_DWN,2017,6,6.2203
CTN_017,ALLSKY_SFC_SW_DWN,2017,7,6.4469
CTN_017,ALLSKY_SFC_SW_DWN,2017,8,6.1529
CTN_017,ALLSKY_SFC_SW_DWN,2017,9,5.1929
CTN_017,ALLSKY_SFC_SW_DWN,2017,10,5.6141
CTN_017,ALLSKY_SFC_SW_DWN,2017,11,5.5771
CTN_017,ALLSKY_SFC_SW_DWN,2017,12,5.1017
CTN_017,ALLSKY_SFC_SW_DWN,2018,1,4.9901
CTN_017,ALLSKY_SFC_SW_DWN,2018,2,5.7413
CTN_017,ALLSKY_SFC_SW_DWN,2018,3,6.8285
CTN_017,ALLSKY_SFC_SW_DWN,2018,4,6.8122
CTN_017,ALLSKY_SFC_SW_DWN,2018,5,6.6938
CTN_017,ALLSKY_SFC_SW_DWN,2018,6,5.9774
CTN_017,ALLSKY_SFC_SW_DWN,2018,7,7.1438
CTN_017,ALLSKY_SFC_SW_DWN,2018,8,6.239
CTN_017,ALLSKY_SFC_SW_DWN,2018,9,6.1246
CTN_017,ALLSKY_SFC_SW_DWN,2018,10,5.3028
CTN_017,ALLSKY_SFC_SW_DWN,2018,11,4.5922
CTN_017,ALLSKY_SFC_SW_DWN,2018,12,4.925
CTN_017,ALLSKY_SFC_SW_DWN,2019,1,5.2133
CTN_017,ALLSKY_SFC_SW_DWN,2019,2,6.162
CTN_017,ALLSKY_SFC_SW_DWN,2019,3,6.8842
CTN_017,ALLSKY_SFC_SW_DWN,2019,4,7.2686
CTN_017,ALLSKY_SFC_SW_DWN,2019,5,6.6787
CTN_017,ALLSKY_SFC_SW_DWN,2019,6,6.1706
CTN_017,ALLSKY_SFC_SW_DWN,2019,7,6.6283
CTN_017,ALLSKY_SFC_SW_DWN,2019,8,6.6173
CTN_017,ALLSKY_SFC_SW_DWN,2019,9,5.7451
CTN_017,ALLSKY_SFC_SW_DWN,2019,10,5.0966
CTN_017,ALLSKY_SFC_SW_DWN,2019,11,4.9625
CTN_017,ALLSKY_SFC_SW_DWN,2019,12,4.9049
CTN_017,ALLSKY_SFC_SW_DWN,2020,1,5.1883
CTN_017,ALLSKY_SFC_SW_DWN,2020,2,5.8668
CTN_017,ALLSKY_SFC_SW_DWN,2020,3,6.7982
CTN_017,ALLSKY_SFC_SW_DWN,2020,4,7.2485
CTN_017,ALLSKY_SFC_SW_DWN,2020,5,7.0973
CTN_017,ALLSKY_SFC_SW_DWN,2020,6,6.2933
CTN_017,ALLSKY_SFC_SW_DWN,2020,7,6.5074
CTN_017,ALLSKY_SFC_SW_DWN,2020,8,6.1306
CTN_017,ALLSKY_SFC_SW_DWN,2020,9,5.3494
CTN_017,ALLSKY_SFC_SW_DWN,2020,10,5.976
CTN_017,ALLSKY_SFC_SW_DWN,2020,11,5.4521
CTN_017,ALLSKY_SFC_SW_DWN,2020,12,4.9147
CTN_017,ALLSKY_SFC_SW_DWN,2021,1,4.9764
CTN_017,ALLSKY_SFC_SW_DWN,2021,2,6.3355
CTN_017,ALLSKY_SFC_SW_DWN,2021,3,6.9571
CTN_017,ALLSKY_SFC_SW_DWN,2021,4,7.3402
CTN_017,ALLSKY_SFC_SW_DWN,2021,5,6.7056
CTN_017,ALLSKY_SFC_SW_DWN,2021,6,5.4377
CTN_017,ALLSKY_SFC_SW_DWN,2021,7,6.5021
CTN_017,ALLSKY_SFC_SW_DWN,2021,8,6.0288
CTN_017,ALLSKY_SFC_SW_DWN,2021,9,5.6546
CTN_017,ALLSKY_SFC_SW_DWN,2021,10,5.4322
CTN_017,ALLSKY_SFC_SW_DWN,2021,11,5.4353
CTN_017,ALLSKY_SFC_SW_DWN,2021,12,5.076
CTN_017,ALLSKY_SFC_SW_DWN,2022,1,5.1346
CTN_017,ALLSKY_SFC_SW_DWN,2022,2,6.0017
CTN_017,ALLSKY_SFC_SW_DWN,2022,3,7.147
CTN_017,ALLSKY_SFC_SW_DWN,2022,4,7.1131
CTN_017,ALLSKY_SFC_SW_DWN,2022,5,7.0704
CTN_017,ALLSKY_SFC_SW_DWN,2022,6,6.3852
CTN_017,ALLSKY_SFC_SW_DWN,2022,7,6.3862
CTN_017,ALLSKY_SFC_SW_DWN,2022,8,6.2191
CTN_017,ALLSKY_SFC_SW_DWN,2022,9,5.4391
CTN_017,ALLSKY_SFC_SW_DWN,2022,10,5.309
CTN_017,ALLSKY_SFC_SW_DWN,2022,11,5.1178
CTN_017,ALLSKY_SFC_SW_DWN,2022,12,4.8662
CTN_017,ALLSKY_SFC_SW_DWN,2023,1,5.3026
CTN_017,ALLSKY_SFC_SW_DWN,2023,2,6.1721
CTN_017,ALLSKY_SFC_SW_DWN,2023,3,6.8693
CTN_017,ALLSKY_SFC_SW_DWN,2023,4,7.2379
CTN_017,ALLSKY_SFC_SW_DWN,2023,5,6.3526
CTN_017,ALLSKY_SFC_SW_DWN,2023,6,7.0075
CTN_017,ALLSKY_SFC_SW_DWN,2023,7,6.397
CTN_017,ALLSKY_SFC_SW_DWN,2023,8,5.9563
CTN_017,ALLSKY_SFC_SW_DWN,2023,9,6.3101
CTN_017,ALLSKY_SFC_SW_DWN,2023,10,5.077
CTN_017,ALLSKY_SFC_SW_DWN,2023,11,5.0887
CTN_017,ALLSKY_SFC_SW_DWN,2023,12,4.4184
CTN_017,ALLSKY_SFC_SW_DWN,2024,1,4.8682
CTN_017,ALLSKY_SFC_SW_DWN,2024,2,5.8963
CTN_017,ALLSKY_SFC_SW_DWN,2024,3,7.1731
CTN_017,ALLSKY_SFC_SW_DWN,2024,4,7.3219
CTN_017,ALLSKY_SFC_SW_DWN,2024,5,7.0387
CTN_017,ALLSKY_SFC_SW_DWN,2024,6,6.114
CTN_017,ALLSKY_SFC_SW_DWN,2024,7,6.0914
CTN_017,ALLSKY_SFC_SW_DWN,2024,8,6.3307
CTN_017,ALLSKY_SFC_SW_DWN,2024,9,5.0808
CTN_017,ALLSKY_SFC_SW_DWN,2024,10,5.4211
CTN_017,ALLSKY_SFC_SW_DWN,2024,11,5.292
CTN_017,ALLSKY_SFC_SW_DWN,2024,12,4.8595
CTN_017,PRECTOTCORR,2015,1,0.01
CTN_017,PRECTOTCORR,2015,2,0.1
CTN_017,PRECTOTCORR,2015,3,1.2
CTN_017,PRECTOTCORR,2015,4,0.24
CTN_017,PRECTOTCORR,2015,5,4.14
CTN_017,PRECTOTCORR,2015,6,4.19
CTN_017,PRECTOTCORR,2015,7,3.98
CTN_017,PRECTOTCORR,2015,8,5.15
CTN_017,PRECTOTCORR,2015,9,6.87
CTN_017,PRECTOTCORR,2015,10,1.92
CTN_017,PRECTOTCORR,2015,11,1.07
CTN_017,PRECTOTCORR,2015,12,0.05
CTN_017,PRECTOTCORR,2016,1,0.2
CTN_017,PRECTOTCORR,2016,2,0.07
CTN_017,PRECTOTCORR,2016,3,1.31
CTN_017,PRECTOTCORR,2016,4,0.79
CTN_017,PRECTOTCORR,2016,5,2.13
CTN_017,PRECTOTCORR,2016,6,7.11
CTN_017,PRECTOTCORR,2016,7,6.76
CTN_017,PRECTOTCORR,2016,8,6.86
CTN_017,PRECTOTCORR,2016,9,7.22
CTN_017,PRECTOTCORR,2016,10,1.12
CTN_017,PRECTOTCORR,2016,11,1.09
CTN_017,PRECTOTCORR,2016,12,0.04
CTN_017,PRECTOTCORR,2017,1,0.0
CTN_017,PRECTOTCORR,2017,2,0.0
CTN_017,PRECTOTCORR,2017,3,0.28
CTN_017,PRECTOTCORR,2017,4,0.32
CTN_017,PRECTOTCORR,2017,5,3.67
CTN_017,PRECTOTCORR,2017,6,6.5
CTN_017,PRECTOTCORR,2017,7,6.22
CTN_017,PRECTOTCORR,2017,8,7.8
CTN_017,PRECTOTCORR,2017,9,8.35
CTN_017,PRECTOTCORR,2017,10,1.72
CTN_017,PRECTOTCORR,2017,11,0.06
CTN_017,PRECTOTCORR,2017,12,0.01
CTN_017,PRECTOTCORR,2018,1,0.14
CTN_017,PRECTOTCORR,2018,2,0.12
CTN_017,PRECTOTCORR,2018,3,0.12
CTN_017,PRECTOTCORR,2018,4,1.21
CTN_017,PRECTOTCORR,2018,5,3.19
CTN_017,PRECTOTCORR,2018,6,8.72
CTN_017,PRECTOTCORR,2018,7,2.52
CTN_017,PRECTOTCORR,2018,8,8.52
CTN_017,PRECTOTCORR,2018,9,6.1
CTN_017,PRECTOTCORR,2018,10,3.69
CTN_017,PRECTOTCORR,2018,11,1.22
CTN_017,PRECTOTCORR,2018,12,0.07
CTN_017,PRECTOTCORR,2019,1,0.04
CTN_017,PRECTOTCORR,2019,2,0.06
CTN_017,PRECTOTCORR,2019,3,0.09
CTN_017,PRECTOTCORR,2019,4,0.07
CTN_017,PRECTOTCORR,2019,5,1.89
CTN_017,PRECTOTCORR,2019,6,5.94
CTN_017,PRECTOTCORR,2019,7,5.95
CTN_017,PRECTOTCORR,2019,8,5.33
CTN_017,PRECTOTCORR,2019,9,6.35
CTN_017,PRECTOTCORR,2019,10,4.97
CTN_017,PRECTOTCORR,2019,11,0.69
CTN_017,PRECTOTCORR,2019,12,0.0
CTN_017,PRECTOTCORR,2020,1,0.13
CTN_017,PRECTOTCORR,2020,2,0.13
CTN_017,PRECTOTCORR,2020,3,0.24
CTN_017,PRECTOTCORR,2020,4,0.44
CTN_017,PRECTOTCORR,2020,5,0.86
CTN_017,PRECTOTCORR,2020,6,4.95
CTN_017,PRECTOTCORR,2020,7,6.17
CTN_017,PRECTOTCORR,2020,8,6.33
CTN_017,PRECTOTCORR,2020,9,7.37
CTN_017,PRECTOTCORR,2020,10,0.91
CTN_017,PRECTOTCORR,2020,11,0.09
CTN_017,PRECTOTCORR,2020,12,0.05
CTN_017,PRECTOTCORR,2021,1,0.19
CTN_017,PRECTOTCORR,2021,2,0.28
CTN_017,PRECTOTCORR,2021,3,0.6
CTN_017,PRECTOTCORR,2021,4,0.17
CTN_017,PRECTOTCORR,2021,5,3.34
CTN_017,PRECTOTCORR,2021,6,7.81
CTN_017,PRECTOTCORR,2021,7,4.75
CTN_017,PRECTOTCORR,2021,8,7.48
CTN_017,PRECTOTCORR,2021,9,6.74
CTN_017,PRECTOTCORR,2021,10,2.33
CTN_017,PRECTOTCORR,2021,11,0.11
CTN_017,PRECTOTCORR,2021,12,0.02
CTN_017,PRECTOTCORR,2022,1,0.3
CTN_017,PRECTOTCORR,2022,2,0.04
CTN_017,PRECTOTCORR,2022,3,0.09
CTN_017,PRECTOTCORR,2022,4,0.83
CTN_017,PRECTOTCORR,2022,5,1.24
CTN_017,PRECTOTCORR,2022,6,5.47
CTN_017,PRECTOTCORR,2022,7,5.24
CTN_017,PRECTOTCORR,2022,8,6.6
CTN_017,PRECTOTCORR,2022,9,7.12
CTN_017,PRECTOTCORR,2022,10,2.06
CTN_017,PRECTOTCORR,2022,11,0.29
CTN_017,PRECTOTCORR,2022,12,0.08
CTN_017,PRECTOTCORR,2023,1,0.0
CTN_017,PRECTOTCORR,2023,2,0.0
CTN_017,PRECTOTCORR,2023,3,0.14
CTN_017,PRECTOTCORR,2023,4,1.18
CTN_017,PRECTOTCORR,2023,5,1.35
CTN_017,PRECTOTCORR,2023,6,0.42
CTN_017,PRECTOTCORR,2023,7,5.31
CTN_017,PRECTOTCORR,2023,8,6.46
CTN_017,PRECTOTCORR,2023,9,4.03
CTN_017,PRECTOTCORR,2023,10,3.86
CTN_017,PRECTOTCORR,2023,11,1.82
CTN_017,PRECTOTCORR,2023,12,0.11
CTN_017,PRECTOTCORR,2024,1,0.03
CTN_017,PRECTOTCORR,2024,2,0.46
CTN_017,PRECTOTCORR,2024,3,0.0
CTN_017,PRECTOTCORR,2024,4,0.07
CTN_017,PRECTOTCORR,2024,5,0.69
CTN_017,PRECTOTCORR,2024,6,3.46
CTN_017,PRECTOTCORR,2024,7,8.46
CTN_017,PRECTOTCORR,2024,8,6.88
CTN_017,PRECTOTCORR,2024,9,9.79
CTN_017,PRECTOTCORR,2024,10,2.5
CTN_017,PRECTOTCORR,2024,11,0.28
CTN_017,PRECTOTCORR,2024,12,0.04
CTN_017,T2M,2015,1,19.46
CTN_017,T2M,2015,2,20.84
CTN_017,T2M,2015,3,22.46
CTN_017,T2M,2015,4,26.05
CTN_017,T2M,2015,5,24.58
CTN_017,T2M,2015,6,22.69
CTN_017,T2M,2015,7,22.33
CTN_017,T2M,2015,8,22.63
CTN_017,T2M,2015,9,21.12
CTN_017,T2M,2015,10,21.76
CTN_017,T2M,2015,11,21.89
CTN_017,T2M,2015,12,20.85
CTN_017,T2M,2016,1,19.29
CTN_017,T2M,2016,2,20.59
CTN_017,T2M,2016,3,22.06
CTN_017,T2M,2016,4,25.56
CTN_017,T2M,2016,5,26.84
CTN_017,T2M,2016,6,22.97
CTN_017,T2M,2016,7,22.08
CTN_017,T2M,2016,8,21.78
CTN_017,T2M,2016,9,21.17
CTN_017,T2M,2016,10,21.17
CTN_017,T2M,2016,11,20.26
CTN_017,T2M,2016,12,20.95
CTN_017,T2M,2017,1,19.98
CTN_017,T2M,2017,2,21.59
CTN_017,T2M,2017,3,24.0
CTN_017,T2M,2017,4,25.19
CTN_017,T2M,2017,5,25.96
CTN_017,T2M,2017,6,23.0
CTN_017,T2M,2017,7,21.37
CTN_017,T2M,2017,8,21.75
CTN_017,T2M,2017,9,20.9
CTN_017,T2M,2017,10,20.55
CTN_017,T2M,2017,11,19.63
CTN_017,T2M,2017,12,18.87
CTN_017,T2M,2018,1,18.58
CTN_017,T2M,2018,2,22.15
CTN_017,T2M,2018,3,24.68
CTN_017,T2M,2018,4,25.33
CTN_017,T2M,2018,5,24.85
CTN_017,T2M,2018,6,22.42
CTN_017,T2M,2018,7,22.51
CTN_017,T2M,2018,8,21.38
CTN_017,T2M,2018,9,21.16
CTN_017,T2M,2018,10,20.98
CTN_017,T2M,2018,11,19.85
CTN_017,T2M,2018,12,19.08
CTN_017,T2M,2019,1,19.86
CTN_017,T2M,2019,2,22.36
CTN_017,T2M,2019,3,24.27
CTN_017,T2M,2019,4,25.37
CTN_017,T2M,2019,5,26.36
CTN_017,T2M,2019,6,24.01
CTN_017,T2M,2019,7,22.15
CTN_017,T2M,2019,8,22.12
CTN_017,T2M,2019,9,21.63
CTN_017,T2M,2019,10,20.79
CTN_017,T2M,2019,11,20.65
CTN_017,T2M,2019,12,19.69
CTN_017,T2M,2020,1,20.1
CTN_017,T2M,2020,2,22.26
CTN_017,T2M,2020,3,24.79
CTN_017,T2M,2020,4,27.12
CTN_017,T2M,2020,5,26.34
CTN_017,T2M,2020,6,24.8
CTN_017,T2M,2020,7,22.67
CTN_017,T2M,2020,8,21.9
CTN_017,T2M,2020,9,21.16
CTN_017,T2M,2020,10,20.39
CTN_017,T2M,2020,11,20.63
CTN_017,T2M,2020,12,20.41
CTN_017,T2M,2021,1,21.14
CTN_017,T2M,2021,2,21.36
CTN_017,T2M,2021,3,23.98
CTN_017,T2M,2021,4,25.63
CTN_017,T2M,2021,5,24.85
CTN_017,T2M,2021,6,22.07
CTN_017,T2M,2021,7,21.89
CTN_017,T2M,2021,8,21.58
CTN_017,T2M,2021,9,21.08
CTN_017,T2M,2021,10,21.35
CTN_017,T2M,2021,11,19.85
CTN_017,T2M,2021,12,20.54
CTN_017,T2M,2022,1,20.51
CTN_017,T2M,2022,2,21.55
CTN_017,T2M,2022,3,23.76
CTN_017,T2M,2022,4,26.05
CTN_017,T2M,2022,5,26.71
CTN_017,T2M,2022,6,23.56
CTN_017,T2M,2022,7,23.16
CTN_017,T2M,2022,8,22.02
CTN_017,T2M,2022,9,21.2
CTN_017,T2M,2022,10,21.17
CTN_017,T2M,2022,11,21.47
CTN_017,T2M,2022,12,19.56
CTN_017,T2M,2023,1,20.53
CTN_017,T2M,2023,2,21.85
CTN_017,T2M,2023,3,24.4
CTN_017,T2M,2023,4,25.53
CTN_017,T2M,2023,5,26.26
CTN_017,T2M,2023,6,28.07
CTN_017,T2M,2023,7,24.32
CTN_017,T2M,2023,8,23.01
CTN_017,T2M,2023,9,22.83
CTN_017,T2M,2023,10,22.19
CTN_017,T2M,2023,11,21.48
CTN_017,T2M,2023,12,19.39
CTN_017,T2M,2024,1,20.92
CTN_017,T2M,2024,2,22.38
CTN_017,T2M,2024,3,25.02
CTN_017,T2M,2024,4,27.03
CTN_017,T2M,2024,5,28.83
CTN_017,T2M,2024,6,26.55
CTN_017,T2M,2024,7,22.8
CTN_017,T2M,2024,8,22.47
CTN_017,T2M,2024,9,21.75
CTN_017,T2M,2024,10,20.53
CTN_017,T2M,2024,11,21.0
CTN_017,T2M,2024,12,19.88
CTN_017,T2M_MAX,2015,1,30.35
CTN_017,T2M_MAX,2015,2,33.98
CTN_017,T2M_MAX,2015,3,35.25
CTN_017,T2M_MAX,2015,4,36.92
CTN_017,T2M_MAX,2015,5,35.13
CTN_017,T2M_MAX,2015,6,31.14
CTN_017,T2M_MAX,2015,7,31.53
CTN_017,T2M_MAX,2015,8,30.9
CTN_017,T2M_MAX,2015,9,28.23
CTN_017,T2M_MAX,2015,10,31.3
CTN_017,T2M_MAX,2015,11,30.05
CTN_017,T2M_MAX,2015,12,30.99
CTN_017,T2M_MAX,2016,1,30.46
CTN_017,T2M_MAX,2016,2,33.24
CTN_017,T2M_MAX,2016,3,36.3
CTN_017,T2M_MAX,2016,4,37.2
CTN_017,T2M_MAX,2016,5,37.87
CTN_017,T2M_MAX,2016,6,32.1
CTN_017,T2M_MAX,2016,7,29.22
CTN_017,T2M_MAX,2016,8,29.29
CTN_017,T2M_MAX,2016,9,27.42
CTN_017,T2M_MAX,2016,10,28.96
CTN_017,T2M_MAX,2016,11,30.26
CTN_017,T2M_MAX,2016,12,30.5
CTN_017,T2M_MAX,2017,1,31.54
CTN_017,T2M_MAX,2017,2,33.77
CTN_017,T2M_MAX,2017,3,35.55
CTN_017,T2M_MAX,2017,4,37.7
CTN_017,T2M_MAX,2017,5,36.43
CTN_017,T2M_MAX,2017,6,31.79
CTN_017,T2M_MAX,2017,7,27.81
CTN_017,T2M_MAX,2017,8,28.46
CTN_017,T2M_MAX,2017,9,27.68
CTN_017,T2M_MAX,2017,10,28.04
CTN_017,T2M_MAX,2017,11,29.7
CTN_017,T2M_MAX,2017,12,29.41
CTN_017,T2M_MAX,2018,1,30.6
CTN_017,T2M_MAX,2018,2,32.45
CTN_017,T2M_MAX,2018,3,36.37
CTN_017,T2M_MAX,2018,4,36.12
CTN_017,T2M_MAX,2018,5,37.84
CTN_017,T2M_MAX,2018,6,35.69
CTN_017,T2M_MAX,2018,7,31.27
CTN_017,T2M_MAX,2018,8,28.76
CTN_017,T2M_MAX,2018,9,26.93
CTN_017,T2M_MAX,2018,10,27.62
CTN_017,T2M_MAX,2018,11,29.35
CTN_017,T2M_MAX,2018,12,29.92
CTN_017,T2M_MAX,2019,1,31.28
CTN_017,T2M_MAX,2019,2,34.3
CTN_017,T2M_MAX,2019,3,35.54
CTN_017,T2M_MAX,2019,4,37.49
CTN_017,T2M_MAX,2019,5,37.26
CTN_017,T2M_MAX,2019,6,34.35
CTN_017,T2M_MAX,2019,7,30.18
CTN_017,T2M_MAX,2019,8,29.04
CTN_017,T2M_MAX,2019,9,29.94
CTN_017,T2M_MAX,2019,10,27.62
CTN_017,T2M_MAX,2019,11,29.86
CTN_017,T2M_MAX,2019,12,30.02
CTN_017,T2M_MAX,2020,1,30.86
CTN_017,T2M_MAX,2020,2,34.47
CTN_017,T2M_MAX,2020,3,36.18
CTN_017,T2M_MAX,2020,4,36.91
CTN_017,T2M_MAX,2020,5,36.48
CTN_017,T2M_MAX,2020,6,37.09
CTN_017,T2M_MAX,2020,7,30.25
CTN_017,T2M_MAX,2020,8,29.29
CTN_017,T2M_MAX,2020,9,28.55
CTN_017,T2M_MAX,2020,10,29.79
CTN_017,T2M_MAX,2020,11,31.81
CTN_017,T2M_MAX,2020,12,31.17
CTN_017,T2M_MAX,2021,1,33.34
CTN_017,T2M_MAX,2021,2,33.21
CTN_017,T2M_MAX,2021,3,36.01
CTN_017,T2M_MAX,2021,4,36.54
CTN_017,T2M_MAX,2021,5,35.34
CTN_017,T2M_MAX,2021,6,32.07
CTN_017,T2M_MAX,2021,7,29.4
CTN_017,T2M_MAX,2021,8,29.63
CTN_017,T2M_MAX,2021,9,27.72
CTN_017,T2M_MAX,2021,10,29.97
CTN_017,T2M_MAX,2021,11,29.23
CTN_017,T2M_MAX,2021,12,30.99
CTN_017,T2M_MAX,2022,1,32.11
CTN_017,T2M_MAX,2022,2,33.29
CTN_017,T2M_MAX,2022,3,35.29
CTN_017,T2M_MAX,2022,4,37.82
CTN_017,T2M_MAX,2022,5,37.82
CTN_017,T2M_MAX,2022,6,33.75
CTN_017,T2M_MAX,2022,7,32.25
CTN_017,T2M_MAX,2022,8,30.31
CTN_017,T2M_MAX,2022,9,28.04
CTN_017,T2M_MAX,2022,10,28.95
CTN_017,T2M_MAX,2022,11,30.42
CTN_017,T2M_MAX,2022,12,30.6
CTN_017,T2M_MAX,2023,1,31.71
CTN_017,T2M_MAX,2023,2,34.36
CTN_017,T2M_MAX,2023,3,35.08
CTN_017,T2M_MAX,2023,4,37.66
CTN_017,T2M_MAX,2023,5,37.19
CTN_017,T2M_MAX,2023,6,39.3
CTN_017,T2M_MAX,2023,7,34.32
CTN_017,T2M_MAX,2023,8,31.41
CTN_017,T2M_MAX,2023,9,31.01
CTN_017,T2M_MAX,2023,10,29.97
CTN_017,T2M_MAX,2023,11,31.42
CTN_017,T2M_MAX,2023,12,28.69
CTN_017,T2M_MAX,2024,1,32.67
CTN_017,T2M_MAX,2024,2,35.5
CTN_017,T2M_MAX,2024,3,37.59
CTN_017,T2M_MAX,2024,4,37.75
CTN_017,T2M_MAX,2024,5,39.43
CTN_017,T2M_MAX,2024,6,39.05
CTN_017,T2M_MAX,2024,7,32.07
CTN_017,T2M_MAX,2024,8,29.07
CTN_017,T2M_MAX,2024,9,28.03
CTN_017,T2M_MAX,2024,10,28.41
CTN_017,T2M_MAX,2024,11,29.83
CTN_017,T2M_MAX,2024,12,30.68
CTN_017,WS10M,2015,1,2.44
CTN_017,WS10M,2015,2,2.26
CTN_017,WS10M,2015,3,2.51
CTN_017,WS10M,2015,4,2.41
CTN_017,WS10M,2015,5,1.77
CTN_017,WS10M,2015,6,1.95
CTN_017,WS10M,2015,7,2.06
CTN_017,WS10M,2015,8,1.73
CTN_017,WS10M,2015,9,1.71
CTN_017,WS10M,2015,10,1.75
CTN_017,WS10M,2015,11,1.81
CTN_017,WS10M,2015,12,2.15
CTN_017,WS10M,2016,1,2.22
CTN_017,WS10M,2016,2,2.86
CTN_017,WS10M,2016,3,2.44
CTN_017,WS10M,2016,4,2.22
CTN_017,WS10M,2016,5,1.91
CTN_017,WS10M,2016,6,1.81
CTN_017,WS10M,2016,7,1.57
CTN_017,WS10M,2016,8,1.69
CTN_017,WS10M,2016,9,1.48
CTN_017,WS10M,2016,10,1.65
CTN_017,WS10M,2016,11,1.91
CTN_017,WS10M,2016,12,2.16
CTN_017,WS10M,2017,1,2.27
CTN_017,WS10M,2017,2,2.38
CTN_017,WS10M,2017,3,2.36
CTN_017,WS10M,2017,4,2.42
CTN_017,WS10M,2017,5,2.02
CTN_017,WS10M,2017,6,1.91
CTN_017,WS10M,2017,7,1.62
CTN_017,WS10M,2017,8,1.72
CTN_017,WS10M,2017,9,1.57
CTN_017,WS10M,2017,10,1.8
CTN_017,WS10M,2017,11,1.89
CTN_017,WS10M,2017,12,2.12
CTN_017,WS10M,2018,1,2.81
CTN_017,WS10M,2018,2,2.11
CTN_017,WS10M,2018,3,2.31
CTN_017,WS10M,2018,4,2.34
CTN_017,WS10M,2018,5,1.87
CTN_017,WS10M,2018,6,2.03
CTN_017,WS10M,2018,7,1.66
CTN_017,WS10M,2018,8,1.59
CTN_017,WS10M,2018,9,1.66
CTN_017,WS10M,2018,10,1.84
CTN_017,WS10M,2018,11,1.86
CTN_017,WS10M,2018,12,2.16
CTN_017,WS10M,2019,1,2.17
CTN_017,WS10M,2019,2,2.11
CTN_017,WS10M,2019,3,2.46
CTN_017,WS10M,2019,4,2.41
CTN_017,WS10M,2019,5,2.35
CTN_017,WS10M,2019,6,2.01
CTN_017,WS10M,2019,7,1.67
CTN_017,WS10M,2019,8,1.62
CTN_017,WS10M,2019,9,1.67
CTN_017,WS10M,2019,10,1.64
CTN_017,WS10M,2019,11,1.9
CTN_017,WS10M,2019,12,2.02
CTN_017,WS10M,2020,1,2.49
CTN_017,WS10M,2020,2,2.54
CTN_017,WS10M,2020,3,2.28
CTN_017,WS10M,2020,4,2.46
CTN_017,WS10M,2020,5,2.24
CTN_017,WS10M,2020,6,1.87
CTN_017,WS10M,2020,7,1.74
CTN_017,WS10M,2020,8,1.81
CTN_017,WS10M,2020,9,1.64
CTN_017,WS10M,2020,10,1.86
CTN_017,WS10M,2020,11,2.4
CTN_017,WS10M,2020,12,2.13
CTN_017,WS10M,2021,1,2.13
CTN_017,WS10M,2021,2,2.32
CTN_017,WS10M,2021,3,2.13
CTN_017,WS10M,2021,4,2.58
CTN_017,WS10M,2021,5,2.15
CTN_017,WS10M,2021,6,1.98
CTN_017,WS10M,2021,7,1.78
CTN_017,WS10M,2021,8,1.88
CTN_017,WS10M,2021,9,1.54
CTN_017,WS10M,2021,10,1.65
CTN_017,WS10M,2021,11,1.94
CTN_017,WS10M,2021,12,1.92
CTN_017,WS10M,2022,1,2.2
CTN_017,WS10M,2022,2,2.48
CTN_017,WS10M,2022,3,2.38
CTN_017,WS10M,2022,4,2.26
CTN_017,WS10M,2022,5,2.3
CTN_017,WS10M,2022,6,2.2
CTN_017,WS10M,2022,7,1.71
CTN_017,WS10M,2022,8,1.66
CTN_017,WS10M,2022,9,1.66
CTN_017,WS10M,2022,10,1.69
CTN_017,WS10M,2022,11,1.75
CTN_017,WS10M,2022,12,2.34
CTN_017,WS10M,2023,1,2.1
CTN_017,WS10M,2023,2,2.47
CTN_017,WS10M,2023,3,2.23
CTN_017,WS10M,2023,4,2.38
CTN_017,WS10M,2023,5,2.05
CTN_017,WS10M,2023,6,2.42
CTN_017,WS10M,2023,7,1.99
CTN_017,WS10M,2023,8,1.82
CTN_017,WS10M,2023,9,1.62
CTN_017,WS10M,2023,10,1.82
CTN_017,WS10M,2023,11,1.95
CTN_017,WS10M,2023,12,1.94
CTN_017,WS10M,2024,1,2.06
CTN_017,WS10M,2024,2,2.19
CTN_017,WS10M,2024,3,2.47
CTN_017,WS10M,2024,4,2.52
CTN_017,WS10M,2024,5,2.27
CTN_017,WS10M,2024,6,2.37
CTN_017,WS10M,2024,7,1.7
CTN_017,WS10M,2024,8,1.61
CTN_017,WS10M,2024,9,1.75
CTN_017,WS10M,2024,10,1.77
CTN_017,WS10M,2024,11,1.83
CTN_017,WS10M,2024,12,2.13
CTN_018,ALLSKY_SFC_SW_DWN,2015,1,5.0042
CTN_018,ALLSKY_SFC_SW_DWN,2015,2,5.64
CTN_018,ALLSKY_SFC_SW_DWN,2015,3,6.0809
CTN_018,ALLSKY_SFC_SW_DWN,2015,4,6.8652
CTN_018,ALLSKY_SFC_SW_DWN,2015,5,6.1538
CTN_018,ALLSKY_SFC_SW_DWN,2015,6,6.0982
CTN_018,ALLSKY_SFC_SW_DWN,2015,7,6.4958
CTN_018,ALLSKY_SFC_SW_DWN,2015,8,6.7625
CTN_018,ALLSKY_SFC_SW_DWN,2015,9,5.5152
CTN_018,ALLSKY_SFC_SW_DWN,2015,10,5.2478
CTN_018,ALLSKY_SFC_SW_DWN,2015,11,5.046
CTN_018,ALLSKY_SFC_SW_DWN,2015,12,4.5418
CTN_018,ALLSKY_SFC_SW_DWN,2016,1,4.2569
CTN_018,ALLSKY_SFC_SW_DWN,2016,2,5.9515
CTN_018,ALLSKY_SFC_SW_DWN,2016,3,6.0209
CTN_018,ALLSKY_SFC_SW_DWN,2016,4,6.8695
CTN_018,ALLSKY_SFC_SW_DWN,2016,5,6.5602
CTN_018,ALLSKY_SFC_SW_DWN,2016,6,6.3862
CTN_018,ALLSKY_SFC_SW_DWN,2016,7,6.685
CTN_018,ALLSKY_SFC_SW_DWN,2016,8,6.2203
CTN_018,ALLSKY_SFC_SW_DWN,2016,9,5.8402
CTN_018,ALLSKY_SFC_SW_DWN,2016,10,5.7041
CTN_018,ALLSKY_SFC_SW_DWN,2016,11,5.021
CTN_018,ALLSKY_SFC_SW_DWN,2016,12,5.0251
CTN_018,ALLSKY_SFC_SW_DWN,2017,1,5.4362
CTN_018,ALLSKY_SFC_SW_DWN,2017,2,6.2479
CTN_018,ALLSKY_SFC_SW_DWN,2017,3,6.6509
CTN_018,ALLSKY_SFC_SW_DWN,2017,4,6.9857
CTN_018,ALLSKY_SFC_SW_DWN,2017,5,6.3516
CTN_018,ALLSKY_SFC_SW_DWN,2017,6,6.2203
CTN_018,ALLSKY_SFC_SW_DWN,2017,7,6.4469
CTN_018,ALLSKY_SFC_SW_DWN,2017,8,6.1529
CTN_018,ALLSKY_SFC_SW_DWN,2017,9,5.1929
CTN_018,ALLSKY_SFC_SW_DWN,2017,10,5.6141
CTN_018,ALLSKY_SFC_SW_DWN,2017,11,5.5771
CTN_018,ALLSKY_SFC_SW_DWN,2017,12,5.1017
CTN_018,ALLSKY_SFC_SW_DWN,2018,1,4.9901
CTN_018,ALLSKY_SFC_SW_DWN,2018,2,5.7413
CTN_018,ALLSKY_SFC_SW_DWN,2018,3,6.8285
CTN_018,ALLSKY_SFC_SW_DWN,2018,4,6.8122
CTN_018,ALLSKY_SFC_SW_DWN,2018,5,6.6938
CTN_018,ALLSKY_SFC_SW_DWN,2018,6,5.9774
CTN_018,ALLSKY_SFC_SW_DWN,2018,7,7.1438
CTN_018,ALLSKY_SFC_SW_DWN,2018,8,6.239
CTN_018,ALLSKY_SFC_SW_DWN,2018,9,6.1246
CTN_018,ALLSKY_SFC_SW_DWN,2018,10,5.3028
CTN_018,ALLSKY_SFC_SW_DWN,2018,11,4.5922
CTN_018,ALLSKY_SFC_SW_DWN,2018,12,4.925
CTN_018,ALLSKY_SFC_SW_DWN,2019,1,5.2133
CTN_018,ALLSKY_SFC_SW_DWN,2019,2,6.162
CTN_018,ALLSKY_SFC_SW_DWN,2019,3,6.8842
CTN_018,ALLSKY_SFC_SW_DWN,2019,4,7.2686
CTN_018,ALLSKY_SFC_SW_DWN,2019,5,6.6787
CTN_018,ALLSKY_SFC_SW_DWN,2019,6,6.1706
CTN_018,ALLSKY_SFC_SW_DWN,2019,7,6.6283
CTN_018,ALLSKY_SFC_SW_DWN,2019,8,6.6173
CTN_018,ALLSKY_SFC_SW_DWN,2019,9,5.7451
CTN_018,ALLSKY_SFC_SW_DWN,2019,10,5.0966
CTN_018,ALLSKY_SFC_SW_DWN,2019,11,4.9625
CTN_018,ALLSKY_SFC_SW_DWN,2019,12,4.9049
CTN_018,ALLSKY_SFC_SW_DWN,2020,1,5.1883
CTN_018,ALLSKY_SFC_SW_DWN,2020,2,5.8668
CTN_018,ALLSKY_SFC_SW_DWN,2020,3,6.7982
CTN_018,ALLSKY_SFC_SW_DWN,2020,4,7.2485
CTN_018,ALLSKY_SFC_SW_DWN,2020,5,7.0973
CTN_018,ALLSKY_SFC_SW_DWN,2020,6,6.2933
CTN_018,ALLSKY_SFC_SW_DWN,2020,7,6.5074
CTN_018,ALLSKY_SFC_SW_DWN,2020,8,6.1306
CTN_018,ALLSKY_SFC_SW_DWN,2020,9,5.3494
CTN_018,ALLSKY_SFC_SW_DWN,2020,10,5.976
CTN_018,ALLSKY_SFC_SW_DWN,2020,11,5.4521
CTN_018,ALLSKY_SFC_SW_DWN,2020,12,4.9147
CTN_018,ALLSKY_SFC_SW_DWN,2021,1,4.9764
CTN_018,ALLSKY_SFC_SW_DWN,2021,2,6.3355
CTN_018,ALLSKY_SFC_SW_DWN,2021,3,6.9571
CTN_018,ALLSKY_SFC_SW_DWN,2021,4,7.3402
CTN_018,ALLSKY_SFC_SW_DWN,2021,5,6.7056
CTN_018,ALLSKY_SFC_SW_DWN,2021,6,5.4377
CTN_018,ALLSKY_SFC_SW_DWN,2021,7,6.5021
CTN_018,ALLSKY_SFC_SW_DWN,2021,8,6.0288
CTN_018,ALLSKY_SFC_SW_DWN,2021,9,5.6546
CTN_018,ALLSKY_SFC_SW_DWN,2021,10,5.4322
CTN_018,ALLSKY_SFC_SW_DWN,2021,11,5.4353
CTN_018,ALLSKY_SFC_SW_DWN,2021,12,5.076
CTN_018,ALLSKY_SFC_SW_DWN,2022,1,5.1346
CTN_018,ALLSKY_SFC_SW_DWN,2022,2,6.0017
CTN_018,ALLSKY_SFC_SW_DWN,2022,3,7.147
CTN_018,ALLSKY_SFC_SW_DWN,2022,4,7.1131
CTN_018,ALLSKY_SFC_SW_DWN,2022,5,7.0704
CTN_018,ALLSKY_SFC_SW_DWN,2022,6,6.3852
CTN_018,ALLSKY_SFC_SW_DWN,2022,7,6.3862
CTN_018,ALLSKY_SFC_SW_DWN,2022,8,6.2191
CTN_018,ALLSKY_SFC_SW_DWN,2022,9,5.4391
CTN_018,ALLSKY_SFC_SW_DWN,2022,10,5.309
CTN_018,ALLSKY_SFC_SW_DWN,2022,11,5.1178
CTN_018,ALLSKY_SFC_SW_DWN,2022,12,4.8662
CTN_018,ALLSKY_SFC_SW_DWN,2023,1,5.3026
CTN_018,ALLSKY_SFC_SW_DWN,2023,2,6.1721
CTN_018,ALLSKY_SFC_SW_DWN,2023,3,6.8693
CTN_018,ALLSKY_SFC_SW_DWN,2023,4,7.2379
CTN_018,ALLSKY_SFC_SW_DWN,2023,5,6.3526
CTN_018,ALLSKY_SFC_SW_DWN,2023,6,7.0075
CTN_018,ALLSKY_SFC_SW_DWN,2023,7,6.397
CTN_018,ALLSKY_SFC_SW_DWN,2023,8,5.9563
CTN_018,ALLSKY_SFC_SW_DWN,2023,9,6.3101
CTN_018,ALLSKY_SFC_SW_DWN,2023,10,5.077
CTN_018,ALLSKY_SFC_SW_DWN,2023,11,5.0887
CTN_018,ALLSKY_SFC_SW_DWN,2023,12,4.4184
CTN_018,ALLSKY_SFC_SW_DWN,2024,1,4.8682
CTN_018,ALLSKY_SFC_SW_DWN,2024,2,5.8963
CTN_018,ALLSKY_SFC_SW_DWN,2024,3,7.1731
CTN_018,ALLSKY_SFC_SW_DWN,2024,4,7.3219
CTN_018,ALLSKY_SFC_SW_DWN,2024,5,7.0387
CTN_018,ALLSKY_SFC_SW_DWN,2024,6,6.114
CTN_018,ALLSKY_SFC_SW_DWN,2024,7,6.0914
CTN_018,ALLSKY_SFC_SW_DWN,2024,8,6.3307
CTN_018,ALLSKY_SFC_SW_DWN,2024,9,5.0808
CTN_018,ALLSKY_SFC_SW_DWN,2024,10,5.4211
CTN_018,ALLSKY_SFC_SW_DWN,2024,11,5.292
CTN_018,ALLSKY_SFC_SW_DWN,2024,12,4.8595
CTN_018,PRECTOTCORR,2015,1,0.01
CTN_018,PRECTOTCORR,2015,2,0.1
CTN_018,PRECTOTCORR,2015,3,1.2
CTN_018,PRECTOTCORR,2015,4,0.24
CTN_018,PRECTOTCORR,2015,5,4.14
CTN_018,PRECTOTCORR,2015,6,4.19
CTN_018,PRECTOTCORR,2015,7,3.98
CTN_018,PRECTOTCORR,2015,8,5.15
CTN_018,PRECTOTCORR,2015,9,6.87
CTN_018,PRECTOTCORR,2015,10,1.92
CTN_018,PRECTOTCORR,2015,11,1.07
CTN_018,PRECTOTCORR,2015,12,0.05
CTN_018,PRECTOTCORR,2016,1,0.2
CTN_018,PRECTOTCORR,2016,2,0.07
CTN_018,PRECTOTCORR,2016,3,1.31
CTN_018,PRECTOTCORR,2016,4,0.79
CTN_018,PRECTOTCORR,2016,5,2.13
CTN_018,PRECTOTCORR,2016,6,7.11
CTN_018,PRECTOTCORR,2016,7,6.76
CTN_018,PRECTOTCORR,2016,8,6.86
CTN_018,PRECTOTCORR,2016,9,7.22
CTN_018,PRECTOTCORR,2016,10,1.12
CTN_018,PRECTOTCORR,2016,11,1.09
CTN_018,PRECTOTCORR,2016,12,0.04
CTN_018,PRECTOTCORR,2017,1,0.0
CTN_018,PRECTOTCORR,2017,2,0.0
CTN_018,PRECTOTCORR,2017,3,0.28
CTN_018,PRECTOTCORR,2017,4,0.32
CTN_018,PRECTOTCORR,2017,5,3.67
CTN_018,PRECTOTCORR,2017,6,6.5
CTN_018,PRECTOTCORR,2017,7,6.22
CTN_018,PRECTOTCORR,2017,8,7.8
CTN_018,PRECTOTCORR,2017,9,8.35
CTN_018,PRECTOTCORR,2017,10,1.72
CTN_018,PRECTOTCORR,2017,11,0.06
CTN_018,PRECTOTCORR,2017,12,0.01
CTN_018,PRECTOTCORR,2018,1,0.14
CTN_018,PRECTOTCORR,2018,2,0.12
CTN_018,PRECTOTCORR,2018,3,0.12
CTN_018,PRECTOTCORR,2018,4,1.21
CTN_018,PRECTOTCORR,2018,5,3.19
CTN_018,PRECTOTCORR,2018,6,8.72
CTN_018,PRECTOTCORR,2018,7,2.52
CTN_018,PRECTOTCORR,2018,8,8.52
CTN_018,PRECTOTCORR,2018,9,6.1
CTN_018,PRECTOTCORR,2018,10,3.69
CTN_018,PRECTOTCORR,2018,11,1.22
CTN_018,PRECTOTCORR,2018,12,0.07
CTN_018,PRECTOTCORR,2019,1,0.04
CTN_018,PRECTOTCORR,2019,2,0.06
CTN_018,PRECTOTCORR,2019,3,0.09
CTN_018,PRECTOTCORR,2019,4,0.07
CTN_018,PRECTOTCORR,2019,5,1.89
CTN_018,PRECTOTCORR,2019,6,5.94
CTN_018,PRECTOTCORR,2019,7,5.95
CTN_018,PRECTOTCORR,2019,8,5.33
CTN_018,PRECTOTCORR,2019,9,6.35
CTN_018,PRECTOTCORR,2019,10,4.97
CTN_018,PRECTOTCORR,2019,11,0.69
CTN_018,PRECTOTCORR,2019,12,0.0
CTN_018,PRECTOTCORR,2020,1,0.13
CTN_018,PRECTOTCORR,2020,2,0.13
CTN_018,PRECTOTCORR,2020,3,0.24
CTN_018,PRECTOTCORR,2020,4,0.44
CTN_018,PRECTOTCORR,2020,5,0.86
CTN_018,PRECTOTCORR,2020,6,4.95
CTN_018,PRECTOTCORR,2020,7,6.17
CTN_018,PRECTOTCORR,2020,8,6.33
CTN_018,PRECTOTCORR,2020,9,7.37
CTN_018,PRECTOTCORR,2020,10,0.91
CTN_018,PRECTOTCORR,2020,11,0.09
CTN_018,PRECTOTCORR,2020,12,0.05
CTN_018,PRECTOTCORR,2021,1,0.19
CTN_018,PRECTOTCORR,2021,2,0.28
CTN_018,PRECTOTCORR,2021,3,0.6
CTN_018,PRECTOTCORR,2021,4,0.17
CTN_018,PRECTOTCORR,2021,5,3.34
CTN_018,PRECTOTCORR,2021,6,7.81
CTN_018,PRECTOTCORR,2021,7,4.75
CTN_018,PRECTOTCORR,2021,8,7.48
CTN_018,PRECTOTCORR,2021,9,6.74
CTN_018,PRECTOTCORR,2021,10,2.33
CTN_018,PRECTOTCORR,2021,11,0.11
CTN_018,PRECTOTCORR,2021,12,0.02
CTN_018,PRECTOTCORR,2022,1,0.3
CTN_018,PRECTOTCORR,2022,2,0.04
CTN_018,PRECTOTCORR,2022,3,0.09
CTN_018,PRECTOTCORR,2022,4,0.83
CTN_018,PRECTOTCORR,2022,5,1.24
CTN_018,PRECTOTCORR,2022,6,5.47
CTN_018,PRECTOTCORR,2022,7,5.24
CTN_018,PRECTOTCORR,2022,8,6.6
CTN_018,PRECTOTCORR,2022,9,7.12
CTN_018,PRECTOTCORR,2022,10,2.06
CTN_018,PRECTOTCORR,2022,11,0.29
CTN_018,PRECTOTCORR,2022,12,0.08
CTN_018,PRECTOTCORR,2023,1,0.0
CTN_018,PRECTOTCORR,2023,2,0.0
CTN_018,PRECTOTCORR,2023,3,0.14
CTN_018,PRECTOTCORR,2023,4,1.18
CTN_018,PRECTOTCORR,2023,5,1.35
CTN_018,PRECTOTCORR,2023,6,0.42
CTN_018,PRECTOTCORR,2023,7,5.31
CTN_018,PRECTOTCORR,2023,8,6.46
CTN_018,PRECTOTCORR,2023,9,4.03
CTN_018,PRECTOTCORR,2023,10,3.86
CTN_018,PRECTOTCORR,2023,11,1.82
CTN_018,PRECTOTCORR,2023,12,0.11
CTN_018,PRECTOTCORR,2024,1,0.03
CTN_018,PRECTOTCORR,2024,2,0.46
CTN_018,PRECTOTCORR,2024,3,0.0
CTN_018,PRECTOTCORR,2024,4,0.07
CTN_018,PRECTOTCORR,2024,5,0.69
CTN_018,PRECTOTCORR,2024,6,3.46
CTN_018,PRECTOTCORR,2024,7,8.46
CTN_018,PRECTOTCORR,2024,8,6.88
CTN_018,PRECTOTCORR,2024,9,9.79
CTN_018,PRECTOTCORR,2024,10,2.5
CTN_018,PRECTOTCORR,2024,11,0.28
CTN_018,PRECTOTCORR,2024,12,0.04
CTN_018,T2M,2015,1,19.46
CTN_018,T2M,2015,2,20.84
CTN_018,T2M,2015,3,22.46
CTN_018,T2M,2015,4,26.05
CTN_018,T2M,2015,5,24.58
CTN_018,T2M,2015,6,22.69
CTN_018,T2M,2015,7,22.33
CTN_018,T2M,2015,8,22.63
CTN_018,T2M,2015,9,21.12
CTN_018,T2M,2015,10,21.76
CTN_018,T2M,2015,11,21.89
CTN_018,T2M,2015,12,20.85
CTN_018,T2M,2016,1,19.29
CTN_018,T2M,2016,2,20.59
CTN_018,T2M,2016,3,22.06
CTN_018,T2M,2016,4,25.56
CTN_018,T2M,2016,5,26.84
CTN_018,T2M,2016,6,22.97
CTN_018,T2M,2016,7,22.08
CTN_018,T2M,2016,8,21.78
CTN_018,T2M,2016,9,21.17
CTN_018,T2M,2016,10,21.17
CTN_018,T2M,2016,11,20.26
CTN_018,T2M,2016,12,20.95
CTN_018,T2M,2017,1,19.98
CTN_018,T2M,2017,2,21.59
CTN_018,T2M,2017,3,24.0
CTN_018,T2M,2017,4,25.19
CTN_018,T2M,2017,5,25.96
CTN_018,T2M,2017,6,23.0
CTN_018,T2M,2017,7,21.37
CTN_018,T2M,2017,8,21.75
CTN_018,T2M,2017,9,20.9
CTN_018,T2M,2017,10,20.55
CTN_018,T2M,2017,11,19.63
CTN_018,T2M,2017,12,18.87
CTN_018,T2M,2018,1,18.58
CTN_018,T2M,2018,2,22.15
CTN_018,T2M,2018,3,24.68
CTN_018,T2M,2018,4,25.33
CTN_018,T2M,2018,5,24.85
CTN_018,T2M,2018,6,22.42
CTN_018,T2M,2018,7,22.51
CTN_018,T2M,2018,8,21.38
CTN_018,T2M,2018,9,21.16
CTN_018,T2M,2018,10,20.98
CTN_018,T2M,2018,11,19.85
CTN_018,T2M,2018,12,19.08
CTN_018,T2M,2019,1,19.86
CTN_018,T2M,2019,2,22.36
CTN_018,T2M,2019,3,24.27
CTN_018,T2M,2019,4,25.37
CTN_018,T2M,2019,5,26.36
CTN_018,T2M,2019,6,24.01
CTN_018,T2M,2019,7,22.15
CTN_018,T2M,2019,8,22.12
CTN_018,T2M,2019,9,21.63
CTN_018,T2M,2019,10,20.79
CTN_018,T2M,2019,11,20.65
CTN_018,T2M,2019,12,19.69
CTN_018,T2M,2020,1,20.1
CTN_018,T2M,2020,2,22.26
CTN_018,T2M,2020,3,24.79
CTN_018,T2M,2020,4,27.12
CTN_018,T2M,2020,5,26.34
CTN_018,T2M,2020,6,24.8
CTN_018,T2M,2020,7,22.67
CTN_018,T2M,2020,8,21.9
CTN_018,T2M,2020,9,21.16
CTN_018,T2M,2020,10,20.39
CTN_018,T2M,2020,11,20.63
CTN_018,T2M,2020,12,20.41
CTN_018,T2M,2021,1,21.14
CTN_018,T2M,2021,2,21.36
CTN_018,T2M,2021,3,23.98
CTN_018,T2M,2021,4,25.63
CTN_018,T2M,2021,5,24.85
CTN_018,T2M,2021,6,22.07
CTN_018,T2M,2021,7,21.89
CTN_018,T2M,2021,8,21.58
CTN_018,T2M,2021,9,21.08
CTN_018,T2M,2021,10,21.35
CTN_018,T2M,2021,11,19.85
CTN_018,T2M,2021,12,20.54
CTN_018,T2M,2022,1,20.51
CTN_018,T2M,2022,2,21.55
CTN_018,T2M,2022,3,23.76
CTN_018,T2M,2022,4,26.05
CTN_018,T2M,2022,5,26.71
CTN_018,T2M,2022,6,23.56
CTN_018,T2M,2022,7,23.16
CTN_018,T2M,2022,8,22.02
CTN_018,T2M,2022,9,21.2
CTN_018,T2M,2022,10,21.17
CTN_018,T2M,2022,11,21.47
CTN_018,T2M,2022,12,19.56
CTN_018,T2M,2023,1,20.53
CTN_018,T2M,2023,2,21.85
CTN_018,T2M,2023,3,24.4
CTN_018,T2M,2023,4,25.53
CTN_018,T2M,2023,5,26.26
CTN_018,T2M,2023,6,28.07
CTN_018,T2M,2023,7,24.32
CTN_018,T2M,2023,8,23.01
CTN_018,T2M,2023,9,22.83
CTN_018,T2M,2023,10,22.19
CTN_018,T2M,2023,11,21.48
CTN_018,T2M,2023,12,19.39
CTN_018,T2M,2024,1,20.92
CTN_018,T2M,2024,2,22.38
CTN_018,T2M,2024,3,25.02
CTN_018,T2M,2024,4,27.03
CTN_018,T2M,2024,5,28.83
CTN_018,T2M,2024,6,26.55
CTN_018,T2M,2024,7,22.8
CTN_018,T2M,2024,8,22.47
CTN_018,T2M,2024,9,21.75
CTN_018,T2M,2024,10,20.53
CTN_018,T2M,2024,11,21.0
CTN_018,T2M,2024,12,19.88
CTN_018,T2M_MAX,2015,1,30.35
CTN_018,T2M_MAX,2015,2,33.98
CTN_018,T2M_MAX,2015,3,35.25
CTN_018,T2M_MAX,2015,4,36.92
CTN_018,T2M_MAX,2015,5,35.13
CTN_018,T2M_MAX,2015,6,31.14
CTN_018,T2M_MAX,2015,7,31.53
CTN_018,T2M_MAX,2015,8,30.9
CTN_018,T2M_MAX,2015,9,28.23
CTN_018,T2M_MAX,2015,10,31.3
CTN_018,T2M_MAX,2015,11,30.05
CTN_018,T2M_MAX,2015,12,30.99
CTN_018,T2M_MAX,2016,1,30.46
CTN_018,T2M_MAX,2016,2,33.24
CTN_018,T2M_MAX,2016,3,36.3
CTN_018,T2M_MAX,2016,4,37.2
CTN_018,T2M_MAX,2016,5,37.87
CTN_018,T2M_MAX,2016,6,32.1
CTN_018,T2M_MAX,2016,7,29.22
CTN_018,T2M_MAX,2016,8,29.29
CTN_018,T2M_MAX,2016,9,27.42
CTN_018,T2M_MAX,2016,10,28.96
CTN_018,T2M_MAX,2016,11,30.26
CTN_018,T2M_MAX,2016,12,30.5
CTN_018,T2M_MAX,2017,1,31.54
CTN_018,T2M_MAX,2017,2,33.77
CTN_018,T2M_MAX,2017,3,35.55
CTN_018,T2M_MAX,2017,4,37.7
CTN_018,T2M_MAX,2017,5,36.43
CTN_018,T2M_MAX,2017,6,31.79
CTN_018,T2M_MAX,2017,7,27.81
CTN_018,T2M_MAX,2017,8,28.46
CTN_018,T2M_MAX,2017,9,27.68
CTN_018,T2M_MAX,2017,10,28.04
CTN_018,T2M_MAX,2017,11,29.7
CTN_018,T2M_MAX,2017,12,29.41
CTN_018,T2M_MAX,2018,1,30.6
CTN_018,T2M_MAX,2018,2,32.45
CTN_018,T2M_MAX,2018,3,36.37
CTN_018,T2M_MAX,2018,4,36.12
CTN_018,T2M_MAX,2018,5,37.84
CTN_018,T2M_MAX,2018,6,35.69
CTN_018,T2M_MAX,2018,7,31.27
CTN_018,T2M_MAX,2018,8,28.76
CTN_018,T2M_MAX,2018,9,26.93
CTN_018,T2M_MAX,2018,10,27.62
CTN_018,T2M_MAX,2018,11,29.35
CTN_018,T2M_MAX,2018,12,29.92
CTN_018,T2M_MAX,2019,1,31.28
CTN_018,T2M_MAX,2019,2,34.3
CTN_018,T2M_MAX,2019,3,35.54
CTN_018,T2M_MAX,2019,4,37.49
CTN_018,T2M_MAX,2019,5,37.26
CTN_018,T2M_MAX,2019,6,34.35
CTN_018,T2M_MAX,2019,7,30.18
CTN_018,T2M_MAX,2019,8,29.04
CTN_018,T2M_MAX,2019,9,29.94
CTN_018,T2M_MAX,2019,10,27.62
CTN_018,T2M_MAX,2019,11,29.86
CTN_018,T2M_MAX,2019,12,30.02
CTN_018,T2M_MAX,2020,1,30.86
CTN_018,T2M_MAX,2020,2,34.47
CTN_018,T2M_MAX,2020,3,36.18
CTN_018,T2M_MAX,2020,4,36.91
CTN_018,T2M_MAX,2020,5,36.48
CTN_018,T2M_MAX,2020,6,37.09
CTN_018,T2M_MAX,2020,7,30.25
CTN_018,T2M_MAX,2020,8,29.29
CTN_018,T2M_MAX,2020,9,28.55
CTN_018,T2M_MAX,2020,10,29.79
CTN_018,T2M_MAX,2020,11,31.81
CTN_018,T2M_MAX,2020,12,31.17
CTN_018,T2M_MAX,2021,1,33.34
CTN_018,T2M_MAX,2021,2,33.21
CTN_018,T2M_MAX,2021,3,36.01
CTN_018,T2M_MAX,2021,4,36.54
CTN_018,T2M_MAX,2021,5,35.34
CTN_018,T2M_MAX,2021,6,32.07
CTN_018,T2M_MAX,2021,7,29.4
CTN_018,T2M_MAX,2021,8,29.63
CTN_018,T2M_MAX,2021,9,27.72
CTN_018,T2M_MAX,2021,10,29.97
CTN_018,T2M_MAX,2021,11,29.23
CTN_018,T2M_MAX,2021,12,30.99
CTN_018,T2M_MAX,2022,1,32.11
CTN_018,T2M_MAX,2022,2,33.29
CTN_018,T2M_MAX,2022,3,35.29
CTN_018,T2M_MAX,2022,4,37.82
CTN_018,T2M_MAX,2022,5,37.82
CTN_018,T2M_MAX,2022,6,33.75
CTN_018,T2M_MAX,2022,7,32.25
CTN_018,T2M_MAX,2022,8,30.31
CTN_018,T2M_MAX,2022,9,28.04
CTN_018,T2M_MAX,2022,10,28.95
CTN_018,T2M_MAX,2022,11,30.42
CTN_018,T2M_MAX,2022,12,30.6
CTN_018,T2M_MAX,2023,1,31.71
CTN_018,T2M_MAX,2023,2,34.36
CTN_018,T2M_MAX,2023,3,35.08
CTN_018,T2M_MAX,2023,4,37.66
CTN_018,T2M_MAX,2023,5,37.19
CTN_018,T2M_MAX,2023,6,39.3
CTN_018,T2M_MAX,2023,7,34.32
CTN_018,T2M_MAX,2023,8,31.41
CTN_018,T2M_MAX,2023,9,31.01
CTN_018,T2M_MAX,2023,10,29.97
CTN_018,T2M_MAX,2023,11,31.42
CTN_018,T2M_MAX,2023,12,28.69
CTN_018,T2M_MAX,2024,1,32.67
CTN_018,T2M_MAX,2024,2,35.5
CTN_018,T2M_MAX,2024,3,37.59
CTN_018,T2M_MAX,2024,4,37.75
CTN_018,T2M_MAX,2024,5,39.43
CTN_018,T2M_MAX,2024,6,39.05
CTN_018,T2M_MAX,2024,7,32.07
CTN_018,T2M_MAX,2024,8,29.07
CTN_018,T2M_MAX,2024,9,28.03
CTN_018,T2M_MAX,2024,10,28.41
CTN_018,T2M_MAX,2024,11,29.83
CTN_018,T2M_MAX,2024,12,30.68
CTN_018,WS10M,2015,1,2.44
CTN_018,WS10M,2015,2,2.26
CTN_018,WS10M,2015,3,2.51
CTN_018,WS10M,2015,4,2.41
CTN_018,WS10M,2015,5,1.77
CTN_018,WS10M,2015,6,1.95
CTN_018,WS10M,2015,7,2.06
CTN_018,WS10M,2015,8,1.73
CTN_018,WS10M,2015,9,1.71
CTN_018,WS10M,2015,10,1.75
CTN_018,WS10M,2015,11,1.81
CTN_018,WS10M,2015,12,2.15
CTN_018,WS10M,2016,1,2.22
CTN_018,WS10M,2016,2,2.86
CTN_018,WS10M,2016,3,2.44
CTN_018,WS10M,2016,4,2.22
CTN_018,WS10M,2016,5,1.91
CTN_018,WS10M,2016,6,1.81
CTN_018,WS10M,2016,7,1.57
CTN_018,WS10M,2016,8,1.69
CTN_018,WS10M,2016,9,1.48
CTN_018,WS10M,2016,10,1.65
CTN_018,WS10M,2016,11,1.91
CTN_018,WS10M,2016,12,2.16
CTN_018,WS10M,2017,1,2.27
CTN_018,WS10M,2017,2,2.38
CTN_018,WS10M,2017,3,2.36
CTN_018,WS10M,2017,4,2.42
CTN_018,WS10M,2017,5,2.02
CTN_018,WS10M,2017,6,1.91
CTN_018,WS10M,2017,7,1.62
CTN_018,WS10M,2017,8,1.72
CTN_018,WS10M,2017,9,1.57
CTN_018,WS10M,2017,10,1.8
CTN_018,WS10M,2017,11,1.89
CTN_018,WS10M,2017,12,2.12
CTN_018,WS10M,2018,1,2.81
CTN_018,WS10M,2018,2,2.11
CTN_018,WS10M,2018,3,2.31
CTN_018,WS10M,2018,4,2.34
CTN_018,WS10M,2018,5,1.87
CTN_018,WS10M,2018,6,2.03
CTN_018,WS10M,2018,7,1.66
CTN_018,WS10M,2018,8,1.59
CTN_018,WS10M,2018,9,1.66
CTN_018,WS10M,2018,10,1.84
CTN_018,WS10M,2018,11,1.86
CTN_018,WS10M,2018,12,2.16
CTN_018,WS10M,2019,1,2.17
CTN_018,WS10M,2019,2,2.11
CTN_018,WS10M,2019,3,2.46
CTN_018,WS10M,2019,4,2.41
CTN_018,WS10M,2019,5,2.35
CTN_018,WS10M,2019,6,2.01
CTN_018,WS10M,2019,7,1.67
CTN_018,WS10M,2019,8,1.62
CTN_018,WS10M,2019,9,1.67
CTN_018,WS10M,2019,10,1.64
CTN_018,WS10M,2019,11,1.9
CTN_018,WS10M,2019,12,2.02
CTN_018,WS10M,2020,1,2.49
CTN_018,WS10M,2020,2,2.54
CTN_018,WS10M,2020,3,2.28
CTN_018,WS10M,2020,4,2.46
CTN_018,WS10M,2020,5,2.24
CTN_018,WS10M,2020,6,1.87
CTN_018,WS10M,2020,7,1.74
CTN_018,WS10M,2020,8,1.81
CTN_018,WS10M,2020,9,1.64
CTN_018,WS10M,2020,10,1.86
CTN_018,WS10M,2020,11,2.4
CTN_018,WS10M,2020,12,2.13
CTN_018,WS10M,2021,1,2.13
CTN_018,WS10M,2021,2,2.32
CTN_018,WS10M,2021,3,2.13
CTN_018,WS10M,2021,4,2.58
CTN_018,WS10M,2021,5,2.15
CTN_018,WS10M,2021,6,1.98
CTN_018,WS10M,2021,7,1.78
CTN_018,WS10M,2021,8,1.88
CTN_018,WS10M,2021,9,1.54
CTN_018,WS10M,2021,10,1.65
CTN_018,WS10M,2021,11,1.94
CTN_018,WS10M,2021,12,1.92
CTN_018,WS10M,2022,1,2.2
CTN_018,WS10M,2022,2,2.48
CTN_018,WS10M,2022,3,2.38
CTN_018,WS10M,2022,4,2.26
CTN_018,WS10M,2022,5,2.3
CTN_018,WS10M,2022,6,2.2
CTN_018,WS10M,2022,7,1.71
CTN_018,WS10M,2022,8,1.66
CTN_018,WS10M,2022,9,1.66
CTN_018,WS10M,2022,10,1.69
CTN_018,WS10M,2022,11,1.75
CTN_018,WS10M,2022,12,2.34
CTN_018,WS10M,2023,1,2.1
CTN_018,WS10M,2023,2,2.47
CTN_018,WS10M,2023,3,2.23
CTN_018,WS10M,2023,4,2.38
CTN_018,WS10M,2023,5,2.05
CTN_018,WS10M,2023,6,2.42
CTN_018,WS10M,2023,7,1.99
CTN_018,WS10M,2023,8,1.82
CTN_018,WS10M,2023,9,1.62
CTN_018,WS10M,2023,10,1.82
CTN_018,WS10M,2023,11,1.95
CTN_018,WS10M,2023,12,1.94
CTN_018,WS10M,2024,1,2.06
CTN_018,WS10M,2024,2,2.19
CTN_018,WS10M,2024,3,2.47
CTN_018,WS10M,2024,4,2.52
CTN_018,WS10M,2024,5,2.27
CTN_018,WS10M,2024,6,2.37
CTN_018,WS10M,2024,7,1.7
CTN_018,WS10M,2024,8,1.61
CTN_018,WS10M,2024,9,1.75
CTN_018,WS10M,2024,10,1.77
CTN_018,WS10M,2024,11,1.83
CTN_018,WS10M,2024,12,2.13
CTN_019,ALLSKY_SFC_SW_DWN,2015,1,5.0042
CTN_019,ALLSKY_SFC_SW_DWN,2015,2,5.64
CTN_019,ALLSKY_SFC_SW_DWN,2015,3,6.0809
CTN_019,ALLSKY_SFC_SW_DWN,2015,4,6.8652
CTN_019,ALLSKY_SFC_SW_DWN,2015,5,6.1538
CTN_019,ALLSKY_SFC_SW_DWN,2015,6,6.0982
CTN_019,ALLSKY_SFC_SW_DWN,2015,7,6.4958
CTN_019,ALLSKY_SFC_SW_DWN,2015,8,6.7625
CTN_019,ALLSKY_SFC_SW_DWN,2015,9,5.5152
CTN_019,ALLSKY_SFC_SW_DWN,2015,10,5.2478
CTN_019,ALLSKY_SFC_SW_DWN,2015,11,5.046
CTN_019,ALLSKY_SFC_SW_DWN,2015,12,4.5418
CTN_019,ALLSKY_SFC_SW_DWN,2016,1,4.2569
CTN_019,ALLSKY_SFC_SW_DWN,2016,2,5.9515
CTN_019,ALLSKY_SFC_SW_DWN,2016,3,6.0209
CTN_019,ALLSKY_SFC_SW_DWN,2016,4,6.8695
CTN_019,ALLSKY_SFC_SW_DWN,2016,5,6.5602
CTN_019,ALLSKY_SFC_SW_DWN,2016,6,6.3862
CTN_019,ALLSKY_SFC_SW_DWN,2016,7,6.685
CTN_019,ALLSKY_SFC_SW_DWN,2016,8,6.2203
CTN_019,ALLSKY_SFC_SW_DWN,2016,9,5.8402
CTN_019,ALLSKY_SFC_SW_DWN,2016,10,5.7041
CTN_019,ALLSKY_SFC_SW_DWN,2016,11,5.021
CTN_019,ALLSKY_SFC_SW_DWN,2016,12,5.0251
CTN_019,ALLSKY_SFC_SW_DWN,2017,1,5.4362
CTN_019,ALLSKY_SFC_SW_DWN,2017,2,6.2479
CTN_019,ALLSKY_SFC_SW_DWN,2017,3,6.6509
CTN_019,ALLSKY_SFC_SW_DWN,2017,4,6.9857
CTN_019,ALLSKY_SFC_SW_DWN,2017,5,6.3516
CTN_019,ALLSKY_SFC_SW_DWN,2017,6,6.2203
CTN_019,ALLSKY_SFC_SW_DWN,2017,7,6.4469
CTN_019,ALLSKY_SFC_SW_DWN,2017,8,6.1529
CTN_019,ALLSKY_SFC_SW_DWN,2017,9,5.1929
CTN_019,ALLSKY_SFC_SW_DWN,2017,10,5.6141
CTN_019,ALLSKY_SFC_SW_DWN,2017,11,5.5771
CTN_019,ALLSKY_SFC_SW_DWN,2017,12,5.1017
CTN_019,ALLSKY_SFC_SW_DWN,2018,1,4.9901
CTN_019,ALLSKY_SFC_SW_DWN,2018,2,5.7413
CTN_019,ALLSKY_SFC_SW_DWN,2018,3,6.8285
CTN_019,ALLSKY_SFC_SW_DWN,2018,4,6.8122
CTN_019,ALLSKY_SFC_SW_DWN,2018,5,6.6938
CTN_019,ALLSKY_SFC_SW_DWN,2018,6,5.9774
CTN_019,ALLSKY_SFC_SW_DWN,2018,7,7.1438
CTN_019,ALLSKY_SFC_SW_DWN,2018,8,6.239
CTN_019,ALLSKY_SFC_SW_DWN,2018,9,6.1246
CTN_019,ALLSKY_SFC_SW_DWN,2018,10,5.3028
CTN_019,ALLSKY_SFC_SW_DWN,2018,11,4.5922
CTN_019,ALLSKY_SFC_SW_DWN,2018,12,4.925
CTN_019,ALLSKY_SFC_SW_DWN,2019,1,5.2133
CTN_019,ALLSKY_SFC_SW_DWN,2019,2,6.162
CTN_019,ALLSKY_SFC_SW_DWN,2019,3,6.8842
CTN_019,ALLSKY_SFC_SW_DWN,2019,4,7.2686
CTN_019,ALLSKY_SFC_SW_DWN,2019,5,6.6787
CTN_019,ALLSKY_SFC_SW_DWN,2019,6,6.1706
CTN_019,ALLSKY_SFC_SW_DWN,2019,7,6.6283
CTN_019,ALLSKY_SFC_SW_DWN,2019,8,6.6173
CTN_019,ALLSKY_SFC_SW_DWN,2019,9,5.7451
CTN_019,ALLSKY_SFC_SW_DWN,2019,10,5.0966
CTN_019,ALLSKY_SFC_SW_DWN,2019,11,4.9625
CTN_019,ALLSKY_SFC_SW_DWN,2019,12,4.9049
CTN_019,ALLSKY_SFC_SW_DWN,2020,1,5.1883
CTN_019,ALLSKY_SFC_SW_DWN,2020,2,5.8668
CTN_019,ALLSKY_SFC_SW_DWN,2020,3,6.7982
CTN_019,ALLSKY_SFC_SW_DWN,2020,4,7.2485
CTN_019,ALLSKY_SFC_SW_DWN,2020,5,7.0973
CTN_019,ALLSKY_SFC_SW_DWN,2020,6,6.2933
CTN_019,ALLSKY_SFC_SW_DWN,2020,7,6.5074
CTN_019,ALLSKY_SFC_SW_DWN,2020,8,6.1306
CTN_019,ALLSKY_SFC_SW_DWN,2020,9,5.3494
CTN_019,ALLSKY_SFC_SW_DWN,2020,10,5.976
CTN_019,ALLSKY_SFC_SW_DWN,2020,11,5.4521
CTN_019,ALLSKY_SFC_SW_DWN,2020,12,4.9147
CTN_019,ALLSKY_SFC_SW_DWN,2021,1,4.9764
CTN_019,ALLSKY_SFC_SW_DWN,2021,2,6.3355
CTN_019,ALLSKY_SFC_SW_DWN,2021,3,6.9571
CTN_019,ALLSKY_SFC_SW_DWN,2021,4,7.3402
CTN_019,ALLSKY_SFC_SW_DWN,2021,5,6.7056
CTN_019,ALLSKY_SFC_SW_DWN,2021,6,5.4377
CTN_019,ALLSKY_SFC_SW_DWN,2021,7,6.5021
CTN_019,ALLSKY_SFC_SW_DWN,2021,8,6.0288
CTN_019,ALLSKY_SFC_SW_DWN,2021,9,5.6546
CTN_019,ALLSKY_SFC_SW_DWN,2021,10,5.4322
CTN_019,ALLSKY_SFC_SW_DWN,2021,11,5.4353
CTN_019,ALLSKY_SFC_SW_DWN,2021,12,5.076
CTN_019,ALLSKY_SFC_SW_DWN,2022,1,5.1346
CTN_019,ALLSKY_SFC_SW_DWN,2022,2,6.0017
CTN_019,ALLSKY_SFC_SW_DWN,2022,3,7.147
CTN_019,ALLSKY_SFC_SW_DWN,2022,4,7.1131
CTN_019,ALLSKY_SFC_SW_DWN,2022,5,7.0704
CTN_019,ALLSKY_SFC_SW_DWN,2022,6,6.3852
CTN_019,ALLSKY_SFC_SW_DWN,2022,7,6.3862
CTN_019,ALLSKY_SFC_SW_DWN,2022,8,6.2191
CTN_019,ALLSKY_SFC_SW_DWN,2022,9,5.4391
CTN_019,ALLSKY_SFC_SW_DWN,2022,10,5.309
CTN_019,ALLSKY_SFC_SW_DWN,2022,11,5.1178
CTN_019,ALLSKY_SFC_SW_DWN,2022,12,4.8662
CTN_019,ALLSKY_SFC_SW_DWN,2023,1,5.3026
CTN_019,ALLSKY_SFC_SW_DWN,2023,2,6.1721
CTN_019,ALLSKY_SFC_SW_DWN,2023,3,6.8693
CTN_019,ALLSKY_SFC_SW_DWN,2023,4,7.2379
CTN_019,ALLSKY_SFC_SW_DWN,2023,5,6.3526
CTN_019,ALLSKY_SFC_SW_DWN,2023,6,7.0075
CTN_019,ALLSKY_SFC_SW_DWN,2023,7,6.397
CTN_019,ALLSKY_SFC_SW_DWN,2023,8,5.9563
CTN_019,ALLSKY_SFC_SW_DWN,2023,9,6.3101
CTN_019,ALLSKY_SFC_SW_DWN,2023,10,5.077
CTN_019,ALLSKY_SFC_SW_DWN,2023,11,5.0887
CTN_019,ALLSKY_SFC_SW_DWN,2023,12,4.4184
CTN_019,ALLSKY_SFC_SW_DWN,2024,1,4.8682
CTN_019,ALLSKY_SFC_SW_DWN,2024,2,5.8963
CTN_019,ALLSKY_SFC_SW_DWN,2024,3,7.1731
CTN_019,ALLSKY_SFC_SW_DWN,2024,4,7.3219
CTN_019,ALLSKY_SFC_SW_DWN,2024,5,7.0387
CTN_019,ALLSKY_SFC_SW_DWN,2024,6,6.114
CTN_019,ALLSKY_SFC_SW_DWN,2024,7,6.0914
CTN_019,ALLSKY_SFC_SW_DWN,2024,8,6.3307
CTN_019,ALLSKY_SFC_SW_DWN,2024,9,5.0808
CTN_019,ALLSKY_SFC_SW_DWN,2024,10,5.4211
CTN_019,ALLSKY_SFC_SW_DWN,2024,11,5.292
CTN_019,ALLSKY_SFC_SW_DWN,2024,12,4.8595
CTN_019,PRECTOTCORR,2015,1,0.01
CTN_019,PRECTOTCORR,2015,2,0.1
CTN_019,PRECTOTCORR,2015,3,1.2
CTN_019,PRECTOTCORR,2015,4,0.24
CTN_019,PRECTOTCORR,2015,5,4.14
CTN_019,PRECTOTCORR,2015,6,4.19
CTN_019,PRECTOTCORR,2015,7,3.98
CTN_019,PRECTOTCORR,2015,8,5.15
CTN_019,PRECTOTCORR,2015,9,6.87
CTN_019,PRECTOTCORR,2015,10,1.92
CTN_019,PRECTOTCORR,2015,11,1.07
CTN_019,PRECTOTCORR,2015,12,0.05
CTN_019,PRECTOTCORR,2016,1,0.2
CTN_019,PRECTOTCORR,2016,2,0.07
CTN_019,PRECTOTCORR,2016,3,1.31
CTN_019,PRECTOTCORR,2016,4,0.79
CTN_019,PRECTOTCORR,2016,5,2.13
CTN_019,PRECTOTCORR,2016,6,7.11
CTN_019,PRECTOTCORR,2016,7,6.76
CTN_019,PRECTOTCORR,2016,8,6.86
CTN_019,PRECTOTCORR,2016,9,7.22
CTN_019,PRECTOTCORR,2016,10,1.12
CTN_019,PRECTOTCORR,2016,11,1.09
CTN_019,PRECTOTCORR,2016,12,0.04
CTN_019,PRECTOTCORR,2017,1,0.0
CTN_019,PRECTOTCORR,2017,2,0.0
CTN_019,PRECTOTCORR,2017,3,0.28
CTN_019,PRECTOTCORR,2017,4,0.32
CTN_019,PRECTOTCORR,2017,5,3.67
CTN_019,PRECTOTCORR,2017,6,6.5
CTN_019,PRECTOTCORR,2017,7,6.22
CTN_019,PRECTOTCORR,2017,8,7.8
CTN_019,PRECTOTCORR,2017,9,8.35
CTN_019,PRECTOTCORR,2017,10,1.72
CTN_019,PRECTOTCORR,2017,11,0.06
CTN_019,PRECTOTCORR,2017,12,0.01
CTN_019,PRECTOTCORR,2018,1,0.14
CTN_019,PRECTOTCORR,2018,2,0.12
CTN_019,PRECTOTCORR,2018,3,0.12
CTN_019,PRECTOTCORR,2018,4,1.21
CTN_019,PRECTOTCORR,2018,5,3.19
CTN_019,PRECTOTCORR,2018,6,8.72
CTN_019,PRECTOTCORR,2018,7,2.52
CTN_019,PRECTOTCORR,2018,8,8.52
CTN_019,PRECTOTCORR,2018,9,6.1
CTN_019,PRECTOTCORR,2018,10,3.69
CTN_019,PRECTOTCORR,2018,11,1.22
CTN_019,PRECTOTCORR,2018,12,0.07
CTN_019,PRECTOTCORR,2019,1,0.04
CTN_019,PRECTOTCORR,2019,2,0.06
CTN_019,PRECTOTCORR,2019,3,0.09
CTN_019,PRECTOTCORR,2019,4,0.07
CTN_019,PRECTOTCORR,2019,5,1.89
CTN_019,PRECTOTCORR,2019,6,5.94
CTN_019,PRECTOTCORR,2019,7,5.95
CTN_019,PRECTOTCORR,2019,8,5.33
CTN_019,PRECTOTCORR,2019,9,6.35
CTN_019,PRECTOTCORR,2019,10,4.97
CTN_019,PRECTOTCORR,2019,11,0.69
CTN_019,PRECTOTCORR,2019,12,0.0
CTN_019,PRECTOTCORR,2020,1,0.13
CTN_019,PRECTOTCORR,2020,2,0.13
CTN_019,PRECTOTCORR,2020,3,0.24
CTN_019,PRECTOTCORR,2020,4,0.44
CTN_019,PRECTOTCORR,2020,5,0.86
CTN_019,PRECTOTCORR,2020,6,4.95
CTN_019,PRECTOTCORR,2020,7,6.17
CTN_019,PRECTOTCORR,2020,8,6.33
CTN_019,PRECTOTCORR,2020,9,7.37
CTN_019,PRECTOTCORR,2020,10,0.91
CTN_019,PRECTOTCORR,2020,11,0.09
CTN_019,PRECTOTCORR,2020,12,0.05
CTN_019,PRECTOTCORR,2021,1,0.19
CTN_019,PRECTOTCORR,2021,2,0.28
CTN_019,PRECTOTCORR,2021,3,0.6
CTN_019,PRECTOTCORR,2021,4,0.17
CTN_019,PRECTOTCORR,2021,5,3.34
CTN_019,PRECTOTCORR,2021,6,7.81
CTN_019,PRECTOTCORR,2021,7,4.75
CTN_019,PRECTOTCORR,2021,8,7.48
CTN_019,PRECTOTCORR,2021,9,6.74
CTN_019,PRECTOTCORR,2021,10,2.33
CTN_019,PRECTOTCORR,2021,11,0.11
CTN_019,PRECTOTCORR,2021,12,0.02
CTN_019,PRECTOTCORR,2022,1,0.3
CTN_019,PRECTOTCORR,2022,2,0.04
CTN_019,PRECTOTCORR,2022,3,0.09
CTN_019,PRECTOTCORR,2022,4,0.83
CTN_019,PRECTOTCORR,2022,5,1.24
CTN_019,PRECTOTCORR,2022,6,5.47
CTN_019,PRECTOTCORR,2022,7,5.24
CTN_019,PRECTOTCORR,2022,8,6.6
CTN_019,PRECTOTCORR,2022,9,7.12
CTN_019,PRECTOTCORR,2022,10,2.06
CTN_019,PRECTOTCORR,2022,11,0.29
CTN_019,PRECTOTCORR,2022,12,0.08
CTN_019,PRECTOTCORR,2023,1,0.0
CTN_019,PRECTOTCORR,2023,2,0.0
CTN_019,PRECTOTCORR,2023,3,0.14
CTN_019,PRECTOTCORR,2023,4,1.18
CTN_019,PRECTOTCORR,2023,5,1.35
CTN_019,PRECTOTCORR,2023,6,0.42
CTN_019,PRECTOTCORR,2023,7,5.31
CTN_019,PRECTOTCORR,2023,8,6.46
CTN_019,PRECTOTCORR,2023,9,4.03
CTN_019,PRECTOTCORR,2023,10,3.86
CTN_019,PRECTOTCORR,2023,11,1.82
CTN_019,PRECTOTCORR,2023,12,0.11
CTN_019,PRECTOTCORR,2024,1,0.03
CTN_019,PRECTOTCORR,2024,2,0.46
CTN_019,PRECTOTCORR,2024,3,0.0
CTN_019,PRECTOTCORR,2024,4,0.07
CTN_019,PRECTOTCORR,2024,5,0.69
CTN_019,PRECTOTCORR,2024,6,3.46
CTN_019,PRECTOTCORR,2024,7,8.46
CTN_019,PRECTOTCORR,2024,8,6.88
CTN_019,PRECTOTCORR,2024,9,9.79
CTN_019,PRECTOTCORR,2024,10,2.5
CTN_019,PRECTOTCORR,2024,11,0.28
CTN_019,PRECTOTCORR,2024,12,0.04
CTN_019,T2M,2015,1,19.46
CTN_019,T2M,2015,2,20.84
CTN_019,T2M,2015,3,22.46
CTN_019,T2M,2015,4,26.05
CTN_019,T2M,2015,5,24.58
CTN_019,T2M,2015,6,22.69
CTN_019,T2M,2015,7,22.33
CTN_019,T2M,2015,8,22.63
CTN_019,T2M,2015,9,21.12
CTN_019,T2M,2015,10,21.76
CTN_019,T2M,2015,11,21.89
CTN_019,T2M,2015,12,20.85
CTN_019,T2M,2016,1,19.29
CTN_019,T2M,2016,2,20.59
CTN_019,T2M,2016,3,22.06
CTN_019,T2M,2016,4,25.56
CTN_019,T2M,2016,5,26.84
CTN_019,T2M,2016,6,22.97
CTN_019,T2M,2016,7,22.08
CTN_019,T2M,2016,8,21.78
CTN_019,T2M,2016,9,21.17
CTN_019,T2M,2016,10,21.17
CTN_019,T2M,2016,11,20.26
CTN_019,T2M,2016,12,20.95
CTN_019,T2M,2017,1,19.98
CTN_019,T2M,2017,2,21.59
CTN_019,T2M,2017,3,24.0
CTN_019,T2M,2017,4,25.19
CTN_019,T2M,2017,5,25.96
CTN_019,T2M,2017,6,23.0
CTN_019,T2M,2017,7,21.37
CTN_019,T2M,2017,8,21.75
CTN_019,T2M,2017,9,20.9
CTN_019,T2M,2017,10,20.55
CTN_019,T2M,2017,11,19.63
CTN_019,T2M,2017,12,18.87
CTN_019,T2M,2018,1,18.58
CTN_019,T2M,2018,2,22.15
CTN_019,T2M,2018,3,24.68
CTN_019,T2M,2018,4,25.33
CTN_019,T2M,2018,5,24.85
CTN_019,T2M,2018,6,22.42
CTN_019,T2M,2018,7,22.51
CTN_019,T2M,2018,8,21.38
CTN_019,T2M,2018,9,21.16
CTN_019,T2M,2018,10,20.98
CTN_019,T2M,2018,11,19.85
CTN_019,T2M,2018,12,19.08
CTN_019,T2M,2019,1,19.86
CTN_019,T2M,2019,2,22.36
CTN_019,T2M,2019,3,24.27
CTN_019,T2M,2019,4,25.37
CTN_019,T2M,2019,5,26.36
CTN_019,T2M,2019,6,24.01
CTN_019,T2M,2019,7,22.15
CTN_019,T2M,2019,8,22.12
CTN_019,T2M,2019,9,21.63
CTN_019,T2M,2019,10,20.79
CTN_019,T2M,2019,11,20.65
CTN_019,T2M,2019,12,19.69
CTN_019,T2M,2020,1,20.1
CTN_019,T2M,2020,2,22.26
CTN_019,T2M,2020,3,24.79
CTN_019,T2M,2020,4,27.12
CTN_019,T2M,2020,5,26.34
CTN_019,T2M,2020,6,24.8
CTN_019,T2M,2020,7,22.67
CTN_019,T2M,2020,8,21.9
CTN_019,T2M,2020,9,21.16
CTN_019,T2M,2020,10,20.39
CTN_019,T2M,2020,11,20.63
CTN_019,T2M,2020,12,20.41
CTN_019,T2M,2021,1,21.14
CTN_019,T2M,2021,2,21.36
CTN_019,T2M,2021,3,23.98
CTN_019,T2M,2021,4,25.63
CTN_019,T2M,2021,5,24.85
CTN_019,T2M,2021,6,22.07
CTN_019,T2M,2021,7,21.89
CTN_019,T2M,2021,8,21.58
CTN_019,T2M,2021,9,21.08
CTN_019,T2M,2021,10,21.35
CTN_019,T2M,2021,11,19.85
CTN_019,T2M,2021,12,20.54
CTN_019,T2M,2022,1,20.51
CTN_019,T2M,2022,2,21.55
CTN_019,T2M,2022,3,23.76
CTN_019,T2M,2022,4,26.05
CTN_019,T2M,2022,5,26.71
CTN_019,T2M,2022,6,23.56
CTN_019,T2M,2022,7,23.16
CTN_019,T2M,2022,8,22.02
CTN_019,T2M,2022,9,21.2
CTN_019,T2M,2022,10,21.17
CTN_019,T2M,2022,11,21.47
CTN_019,T2M,2022,12,19.56
CTN_019,T2M,2023,1,20.53
CTN_019,T2M,2023,2,21.85
CTN_019,T2M,2023,3,24.4
CTN_019,T2M,2023,4,25.53
CTN_019,T2M,2023,5,26.26
CTN_019,T2M,2023,6,28.07
CTN_019,T2M,2023,7,24.32
CTN_019,T2M,2023,8,23.01
CTN_019,T2M,2023,9,22.83
CTN_019,T2M,2023,10,22.19
CTN_019,T2M,2023,11,21.48
CTN_019,T2M,2023,12,19.39
CTN_019,T2M,2024,1,20.92
CTN_019,T2M,2024,2,22.38
CTN_019,T2M,2024,3,25.02
CTN_019,T2M,2024,4,27.03
CTN_019,T2M,2024,5,28.83
CTN_019,T2M,2024,6,26.55
CTN_019,T2M,2024,7,22.8
CTN_019,T2M,2024,8,22.47
CTN_019,T2M,2024,9,21.75
CTN_019,T2M,2024,10,20.53
CTN_019,T2M,2024,11,21.0
CTN_019,T2M,2024,12,19.88
CTN_019,T2M_MAX,2015,1,30.35
CTN_019,T2M_MAX,2015,2,33.98
CTN_019,T2M_MAX,2015,3,35.25
CTN_019,T2M_MAX,2015,4,36.92
CTN_019,T2M_MAX,2015,5,35.13
CTN_019,T2M_MAX,2015,6,31.14
CTN_019,T2M_MAX,2015,7,31.53
CTN_019,T2M_MAX,2015,8,30.9
CTN_019,T2M_MAX,2015,9,28.23
CTN_019,T2M_MAX,2015,10,31.3
CTN_019,T2M_MAX,2015,11,30.05
CTN_019,T2M_MAX,2015,12,30.99
CTN_019,T2M_MAX,2016,1,30.46
CTN_019,T2M_MAX,2016,2,33.24
CTN_019,T2M_MAX,2016,3,36.3
CTN_019,T2M_MAX,2016,4,37.2
CTN_019,T2M_MAX,2016,5,37.87
CTN_019,T2M_MAX,2016,6,32.1
CTN_019,T2M_MAX,2016,7,29.22
CTN_019,T2M_MAX,2016,8,29.29
CTN_019,T2M_MAX,2016,9,27.42
CTN_019,T2M_MAX,2016,10,28.96
CTN_019,T2M_MAX,2016,11,30.26
CTN_019,T2M_MAX,2016,12,30.5
CTN_019,T2M_MAX,2017,1,31.54
CTN_019,T2M_MAX,2017,2,33.77
CTN_019,T2M_MAX,2017,3,35.55
CTN_019,T2M_MAX,2017,4,37.7
CTN_019,T2M_MAX,2017,5,36.43
CTN_019,T2M_MAX,2017,6,31.79
CTN_019,T2M_MAX,2017,7,27.81
CTN_019,T2M_MAX,2017,8,28.46
CTN_019,T2M_MAX,2017,9,27.68
CTN_019,T2M_MAX,2017,10,28.04
CTN_019,T2M_MAX,2017,11,29.7
CTN_019,T2M_MAX,2017,12,29.41
CTN_019,T2M_MAX,2018,1,30.6
CTN_019,T2M_MAX,2018,2,32.45
CTN_019,T2M_MAX,2018,3,36.37
CTN_019,T2M_MAX,2018,4,36.12
CTN_019,T2M_MAX,2018,5,37.84
CTN_019,T2M_MAX,2018,6,35.69
CTN_019,T2M_MAX,2018,7,31.27
CTN_019,T2M_MAX,2018,8,28.76
CTN_019,T2M_MAX,2018,9,26.93
CTN_019,T2M_MAX,2018,10,27.62
CTN_019,T2M_MAX,2018,11,29.35
CTN_019,T2M_MAX,2018,12,29.92
CTN_019,T2M_MAX,2019,1,31.28
CTN_019,T2M_MAX,2019,2,34.3
CTN_019,T2M_MAX,2019,3,35.54
CTN_019,T2M_MAX,2019,4,37.49
CTN_019,T2M_MAX,2019,5,37.26
CTN_019,T2M_MAX,2019,6,34.35
CTN_019,T2M_MAX,2019,7,30.18
CTN_019,T2M_MAX,2019,8,29.04
CTN_019,T2M_MAX,2019,9,29.94
CTN_019,T2M_MAX,2019,10,27.62
CTN_019,T2M_MAX,2019,11,29.86
CTN_019,T2M_MAX,2019,12,30.02
CTN_019,T2M_MAX,2020,1,30.86
CTN_019,T2M_MAX,2020,2,34.47
CTN_019,T2M_MAX,2020,3,36.18
CTN_019,T2M_MAX,2020,4,36.91
CTN_019,T2M_MAX,2020,5,36.48
CTN_019,T2M_MAX,2020,6,37.09
CTN_019,T2M_MAX,2020,7,30.25
CTN_019,T2M_MAX,2020,8,29.29
CTN_019,T2M_MAX,2020,9,28.55
CTN_019,T2M_MAX,2020,10,29.79
CTN_019,T2M_MAX,2020,11,31.81
CTN_019,T2M_MAX,2020,12,31.17
CTN_019,T2M_MAX,2021,1,33.34
CTN_019,T2M_MAX,2021,2,33.21
CTN_019,T2M_MAX,2021,3,36.01
CTN_019,T2M_MAX,2021,4,36.54
CTN_019,T2M_MAX,2021,5,35.34
CTN_019,T2M_MAX,2021,6,32.07
CTN_019,T2M_MAX,2021,7,29.4
CTN_019,T2M_MAX,2021,8,29.63
CTN_019,T2M_MAX,2021,9,27.72
CTN_019,T2M_MAX,2021,10,29.97
CTN_019,T2M_MAX,2021,11,29.23
CTN_019,T2M_MAX,2021,12,30.99
CTN_019,T2M_MAX,2022,1,32.11
CTN_019,T2M_MAX,2022,2,33.29
CTN_019,T2M_MAX,2022,3,35.29
CTN_019,T2M_MAX,2022,4,37.82
CTN_019,T2M_MAX,2022,5,37.82
CTN_019,T2M_MAX,2022,6,33.75
CTN_019,T2M_MAX,2022,7,32.25
CTN_019,T2M_MAX,2022,8,30.31
CTN_019,T2M_MAX,2022,9,28.04
CTN_019,T2M_MAX,2022,10,28.95
CTN_019,T2M_MAX,2022,11,30.42
CTN_019,T2M_MAX,2022,12,30.6
CTN_019,T2M_MAX,2023,1,31.71
CTN_019,T2M_MAX,2023,2,34.36
CTN_019,T2M_MAX,2023,3,35.08
CTN_019,T2M_MAX,2023,4,37.66
CTN_019,T2M_MAX,2023,5,37.19
CTN_019,T2M_MAX,2023,6,39.3
CTN_019,T2M_MAX,2023,7,34.32
CTN_019,T2M_MAX,2023,8,31.41
CTN_019,T2M_MAX,2023,9,31.01
CTN_019,T2M_MAX,2023,10,29.97
CTN_019,T2M_MAX,2023,11,31.42
CTN_019,T2M_MAX,2023,12,28.69
CTN_019,T2M_MAX,2024,1,32.67
CTN_019,T2M_MAX,2024,2,35.5
CTN_019,T2M_MAX,2024,3,37.59
CTN_019,T2M_MAX,2024,4,37.75
CTN_019,T2M_MAX,2024,5,39.43
CTN_019,T2M_MAX,2024,6,39.05
CTN_019,T2M_MAX,2024,7,32.07
CTN_019,T2M_MAX,2024,8,29.07
CTN_019,T2M_MAX,2024,9,28.03
CTN_019,T2M_MAX,2024,10,28.41
CTN_019,T2M_MAX,2024,11,29.83
CTN_019,T2M_MAX,2024,12,30.68
CTN_019,WS10M,2015,1,2.44
CTN_019,WS10M,2015,2,2.26
CTN_019,WS10M,2015,3,2.51
CTN_019,WS10M,2015,4,2.41
CTN_019,WS10M,2015,5,1.77
CTN_019,WS10M,2015,6,1.95
CTN_019,WS10M,2015,7,2.06
CTN_019,WS10M,2015,8,1.73
CTN_019,WS10M,2015,9,1.71
CTN_019,WS10M,2015,10,1.75
CTN_019,WS10M,2015,11,1.81
CTN_019,WS10M,2015,12,2.15
CTN_019,WS10M,2016,1,2.22
CTN_019,WS10M,2016,2,2.86
CTN_019,WS10M,2016,3,2.44
CTN_019,WS10M,2016,4,2.22
CTN_019,WS10M,2016,5,1.91
CTN_019,WS10M,2016,6,1.81
CTN_019,WS10M,2016,7,1.57
CTN_019,WS10M,2016,8,1.69
CTN_019,WS10M,2016,9,1.48
CTN_019,WS10M,2016,10,1.65
CTN_019,WS10M,2016,11,1.91
CTN_019,WS10M,2016,12,2.16
CTN_019,WS10M,2017,1,2.27
CTN_019,WS10M,2017,2,2.38
CTN_019,WS10M,2017,3,2.36
CTN_019,WS10M,2017,4,2.42
CTN_019,WS10M,2017,5,2.02
CTN_019,WS10M,2017,6,1.91
CTN_019,WS10M,2017,7,1.62
CTN_019,WS10M,2017,8,1.72
CTN_019,WS10M,2017,9,1.57
CTN_019,WS10M,2017,10,1.8
CTN_019,WS10M,2017,11,1.89
CTN_019,WS10M,2017,12,2.12
CTN_019,WS10M,2018,1,2.81
CTN_019,WS10M,2018,2,2.11
CTN_019,WS10M,2018,3,2.31
CTN_019,WS10M,2018,4,2.34
CTN_019,WS10M,2018,5,1.87
CTN_019,WS10M,2018,6,2.03
CTN_019,WS10M,2018,7,1.66
CTN_019,WS10M,2018,8,1.59
CTN_019,WS10M,2018,9,1.66
CTN_019,WS10M,2018,10,1.84
CTN_019,WS10M,2018,11,1.86
CTN_019,WS10M,2018,12,2.16
CTN_019,WS10M,2019,1,2.17
CTN_019,WS10M,2019,2,2.11
CTN_019,WS10M,2019,3,2.46
CTN_019,WS10M,2019,4,2.41
CTN_019,WS10M,2019,5,2.35
CTN_019,WS10M,2019,6,2.01
CTN_019,WS10M,2019,7,1.67
CTN_019,WS10M,2019,8,1.62
CTN_019,WS10M,2019,9,1.67
CTN_019,WS10M,2019,10,1.64
CTN_019,WS10M,2019,11,1.9
CTN_019,WS10M,2019,12,2.02
CTN_019,WS10M,2020,1,2.49
CTN_019,WS10M,2020,2,2.54
CTN_019,WS10M,2020,3,2.28
CTN_019,WS10M,2020,4,2.46
CTN_019,WS10M,2020,5,2.24
CTN_019,WS10M,2020,6,1.87
CTN_019,WS10M,2020,7,1.74
CTN_019,WS10M,2020,8,1.81
CTN_019,WS10M,2020,9,1.64
CTN_019,WS10M,2020,10,1.86
CTN_019,WS10M,2020,11,2.4
CTN_019,WS10M,2020,12,2.13
CTN_019,WS10M,2021,1,2.13
CTN_019,WS10M,2021,2,2.32
CTN_019,WS10M,2021,3,2.13
CTN_019,WS10M,2021,4,2.58
CTN_019,WS10M,2021,5,2.15
CTN_019,WS10M,2021,6,1.98
CTN_019,WS10M,2021,7,1.78
CTN_019,WS10M,2021,8,1.88
CTN_019,WS10M,2021,9,1.54
CTN_019,WS10M,2021,10,1.65
CTN_019,WS10M,2021,11,1.94
CTN_019,WS10M,2021,12,1.92
CTN_019,WS10M,2022,1,2.2
CTN_019,WS10M,2022,2,2.48
CTN_019,WS10M,2022,3,2.38
CTN_019,WS10M,2022,4,2.26
CTN_019,WS10M,2022,5,2.3
CTN_019,WS10M,2022,6,2.2
CTN_019,WS10M,2022,7,1.71
CTN_019,WS10M,2022,8,1.66
CTN_019,WS10M,2022,9,1.66
CTN_019,WS10M,2022,10,1.69
CTN_019,WS10M,2022,11,1.75
CTN_019,WS10M,2022,12,2.34
CTN_019,WS10M,2023,1,2.1
CTN_019,WS10M,2023,2,2.47
CTN_019,WS10M,2023,3,2.23
CTN_019,WS10M,2023,4,2.38
CTN_019,WS10M,2023,5,2.05
CTN_019,WS10M,2023,6,2.42
CTN_019,WS10M,2023,7,1.99
CTN_019,WS10M,2023,8,1.82
CTN_019,WS10M,2023,9,1.62
CTN_019,WS10M,2023,10,1.82
CTN_019,WS10M,2023,11,1.95
CTN_019,WS10M,2023,12,1.94
CTN_019,WS10M,2024,1,2.06
CTN_019,WS10M,2024,2,2.19
CTN_019,WS10M,2024,3,2.47
CTN_019,WS10M,2024,4,2.52
CTN_019,WS10M,2024,5,2.27
CTN_019,WS10M,2024,6,2.37
CTN_019,WS10M,2024,7,1.7
CTN_019,WS10M,2024,8,1.61
CTN_019,WS10M,2024,9,1.75
CTN_019,WS10M,2024,10,1.77
CTN_019,WS10M,2024,11,1.83
CTN_019,WS10M,2024,12,2.13
CTN_020,ALLSKY_SFC_SW_DWN,2015,1,5.0042
CTN_020,ALLSKY_SFC_SW_DWN,2015,2,5.64
CTN_020,ALLSKY_SFC_SW_DWN,2015,3,6.0809
CTN_020,ALLSKY_SFC_SW_DWN,2015,4,6.8652
CTN_020,ALLSKY_SFC_SW_DWN,2015,5,6.1538
CTN_020,ALLSKY_SFC_SW_DWN,2015,6,6.0982
CTN_020,ALLSKY_SFC_SW_DWN,2015,7,6.4958
CTN_020,ALLSKY_SFC_SW_DWN,2015,8,6.7625
CTN_020,ALLSKY_SFC_SW_DWN,2015,9,5.5152
CTN_020,ALLSKY_SFC_SW_DWN,2015,10,5.2478
CTN_020,ALLSKY_SFC_SW_DWN,2015,11,5.046
CTN_020,ALLSKY_SFC_SW_DWN,2015,12,4.5418
CTN_020,ALLSKY_SFC_SW_DWN,2016,1,4.2569
CTN_020,ALLSKY_SFC_SW_DWN,2016,2,5.9515
CTN_020,ALLSKY_SFC_SW_DWN,2016,3,6.0209
CTN_020,ALLSKY_SFC_SW_DWN,2016,4,6.8695
CTN_020,ALLSKY_SFC_SW_DWN,2016,5,6.5602
CTN_020,ALLSKY_SFC_SW_DWN,2016,6,6.3862
CTN_020,ALLSKY_SFC_SW_DWN,2016,7,6.685
CTN_020,ALLSKY_SFC_SW_DWN,2016,8,6.2203
CTN_020,ALLSKY_SFC_SW_DWN,2016,9,5.8402
CTN_020,ALLSKY_SFC_SW_DWN,2016,10,5.7041
CTN_020,ALLSKY_SFC_SW_DWN,2016,11,5.021
CTN_020,ALLSKY_SFC_SW_DWN,2016,12,5.0251
CTN_020,ALLSKY_SFC_SW_DWN,2017,1,5.4362
CTN_020,ALLSKY_SFC_SW_DWN,2017,2,6.2479
CTN_020,ALLSKY_SFC_SW_DWN,2017,3,6.6509
CTN_020,ALLSKY_SFC_SW_DWN,2017,4,6.9857
CTN_020,ALLSKY_SFC_SW_DWN,2017,5,6.3516
CTN_020,ALLSKY_SFC_SW_DWN,2017,6,6.2203
CTN_020,ALLSKY_SFC_SW_DWN,2017,7,6.4469
CTN_020,ALLSKY_SFC_SW_DWN,2017,8,6.1529
CTN_020,ALLSKY_SFC_SW_DWN,2017,9,5.1929
CTN_020,ALLSKY_SFC_SW_DWN,2017,10,5.6141
CTN_020,ALLSKY_SFC_SW_DWN,2017,11,5.5771
CTN_020,ALLSKY_SFC_SW_DWN,2017,12,5.1017
CTN_020,ALLSKY_SFC_SW_DWN,2018,1,4.9901
CTN_020,ALLSKY_SFC_SW_DWN,2018,2,5.7413
CTN_020,ALLSKY_SFC_SW_DWN,2018,3,6.8285
CTN_020,ALLSKY_SFC_SW_DWN,2018,4,6.8122
CTN_020,ALLSKY_SFC_SW_DWN,2018,5,6.6938
CTN_020,ALLSKY_SFC_SW_DWN,2018,6,5.9774
CTN_020,ALLSKY_SFC_SW_DWN,2018,7,7.1438
CTN_020,ALLSKY_SFC_SW_DWN,2018,8,6.239
CTN_020,ALLSKY_SFC_SW_DWN,2018,9,6.1246
CTN_020,ALLSKY_SFC_SW_DWN,2018,10,5.3028
CTN_020,ALLSKY_SFC_SW_DWN,2018,11,4.5922
CTN_020,ALLSKY_SFC_SW_DWN,2018,12,4.925
CTN_020,ALLSKY_SFC_SW_DWN,2019,1,5.2133
CTN_020,ALLSKY_SFC_SW_DWN,2019,2,6.162
CTN_020,ALLSKY_SFC_SW_DWN,2019,3,6.8842
CTN_020,ALLSKY_SFC_SW_DWN,2019,4,7.2686
CTN_020,ALLSKY_SFC_SW_DWN,2019,5,6.6787
CTN_020,ALLSKY_SFC_SW_DWN,2019,6,6.1706
CTN_020,ALLSKY_SFC_SW_DWN,2019,7,6.6283
CTN_020,ALLSKY_SFC_SW_DWN,2019,8,6.6173
CTN_020,ALLSKY_SFC_SW_DWN,2019,9,5.7451
CTN_020,ALLSKY_SFC_SW_DWN,2019,10,5.0966
CTN_020,ALLSKY_SFC_SW_DWN,2019,11,4.9625
CTN_020,ALLSKY_SFC_SW_DWN,2019,12,4.9049
CTN_020,ALLSKY_SFC_SW_DWN,2020,1,5.1883
CTN_020,ALLSKY_SFC_SW_DWN,2020,2,5.8668
CTN_020,ALLSKY_SFC_SW_DWN,2020,3,6.7982
CTN_020,ALLSKY_SFC_SW_DWN,2020,4,7.2485
CTN_020,ALLSKY_SFC_SW_DWN,2020,5,7.0973
CTN_020,ALLSKY_SFC_SW_DWN,2020,6,6.2933
CTN_020,ALLSKY_SFC_SW_DWN,2020,7,6.5074
CTN_020,ALLSKY_SFC_SW_DWN,2020,8,6.1306
CTN_020,ALLSKY_SFC_SW_DWN,2020,9,5.3494
CTN_020,ALLSKY_SFC_SW_DWN,2020,10,5.976
CTN_020,ALLSKY_SFC_SW_DWN,2020,11,5.4521
CTN_020,ALLSKY_SFC_SW_DWN,2020,12,4.9147
CTN_020,ALLSKY_SFC_SW_DWN,2021,1,4.9764
CTN_020,ALLSKY_SFC_SW_DWN,2021,2,6.3355
CTN_020,ALLSKY_SFC_SW_DWN,2021,3,6.9571
CTN_020,ALLSKY_SFC_SW_DWN,2021,4,7.3402
CTN_020,ALLSKY_SFC_SW_DWN,2021,5,6.7056
CTN_020,ALLSKY_SFC_SW_DWN,2021,6,5.4377
CTN_020,ALLSKY_SFC_SW_DWN,2021,7,6.5021
CTN_020,ALLSKY_SFC_SW_DWN,2021,8,6.0288
CTN_020,ALLSKY_SFC_SW_DWN,2021,9,5.6546
CTN_020,ALLSKY_SFC_SW_DWN,2021,10,5.4322
CTN_020,ALLSKY_SFC_SW_DWN,2021,11,5.4353
CTN_020,ALLSKY_SFC_SW_DWN,2021,12,5.076
CTN_020,ALLSKY_SFC_SW_DWN,2022,1,5.1346
CTN_020,ALLSKY_SFC_SW_DWN,2022,2,6.0017
CTN_020,ALLSKY_SFC_SW_DWN,2022,3,7.147
CTN_020,ALLSKY_SFC_SW_DWN,2022,4,7.1131
CTN_020,ALLSKY_SFC_SW_DWN,2022,5,7.0704
CTN_020,ALLSKY_SFC_SW_DWN,2022,6,6.3852
CTN_020,ALLSKY_SFC_SW_DWN,2022,7,6.3862
CTN_020,ALLSKY_SFC_SW_DWN,2022,8,6.2191
CTN_020,ALLSKY_SFC_SW_DWN,2022,9,5.4391
CTN_020,ALLSKY_SFC_SW_DWN,2022,10,5.309
CTN_020,ALLSKY_SFC_SW_DWN,2022,11,5.1178
CTN_020,ALLSKY_SFC_SW_DWN,2022,12,4.8662
CTN_020,ALLSKY_SFC_SW_DWN,2023,1,5.3026
CTN_020,ALLSKY_SFC_SW_DWN,2023,2,6.1721
CTN_020,ALLSKY_SFC_SW_DWN,2023,3,6.8693
CTN_020,ALLSKY_SFC_SW_DWN,2023,4,7.2379
CTN_020,ALLSKY_SFC_SW_DWN,2023,5,6.3526
CTN_020,ALLSKY_SFC_SW_DWN,2023,6,7.0075
CTN_020,ALLSKY_SFC_SW_DWN,2023,7,6.397
CTN_020,ALLSKY_SFC_SW_DWN,2023,8,5.9563
CTN_020,ALLSKY_SFC_SW_DWN,2023,9,6.3101
CTN_020,ALLSKY_SFC_SW_DWN,2023,10,5.077
CTN_020,ALLSKY_SFC_SW_DWN,2023,11,5.0887
CTN_020,ALLSKY_SFC_SW_DWN,2023,12,4.4184
CTN_020,ALLSKY_SFC_SW_DWN,2024,1,4.8682
CTN_020,ALLSKY_SFC_SW_DWN,2024,2,5.8963
CTN_020,ALLSKY_SFC_SW_DWN,2024,3,7.1731
CTN_020,ALLSKY_SFC_SW_DWN,2024,4,7.3219
CTN_020,ALLSKY_SFC_SW_DWN,2024,5,7.0387
CTN_020,ALLSKY_SFC_SW_DWN,2024,6,6.114
CTN_020,ALLSKY_SFC_SW_DWN,2024,7,6.0914
CTN_020,ALLSKY_SFC_SW_DWN,2024,8,6.3307
CTN_020,ALLSKY_SFC_SW_DWN,2024,9,5.0808
CTN_020,ALLSKY_SFC_SW_DWN,2024,10,5.4211
CTN_020,ALLSKY_SFC_SW_DWN,2024,11,5.292
CTN_020,ALLSKY_SFC_SW_DWN,2024,12,4.8595
CTN_020,PRECTOTCORR,2015,1,0.01
CTN_020,PRECTOTCORR,2015,2,0.1
CTN_020,PRECTOTCORR,2015,3,1.2
CTN_020,PRECTOTCORR,2015,4,0.24
CTN_020,PRECTOTCORR,2015,5,4.14
CTN_020,PRECTOTCORR,2015,6,4.19
CTN_020,PRECTOTCORR,2015,7,3.98
CTN_020,PRECTOTCORR,2015,8,5.15
CTN_020,PRECTOTCORR,2015,9,6.87
CTN_020,PRECTOTCORR,2015,10,1.92
CTN_020,PRECTOTCORR,2015,11,1.07
CTN_020,PRECTOTCORR,2015,12,0.05
CTN_020,PRECTOTCORR,2016,1,0.2
CTN_020,PRECTOTCORR,2016,2,0.07
CTN_020,PRECTOTCORR,2016,3,1.31
CTN_020,PRECTOTCORR,2016,4,0.79
CTN_020,PRECTOTCORR,2016,5,2.13
CTN_020,PRECTOTCORR,2016,6,7.11
CTN_020,PRECTOTCORR,2016,7,6.76
CTN_020,PRECTOTCORR,2016,8,6.86
CTN_020,PRECTOTCORR,2016,9,7.22
CTN_020,PRECTOTCORR,2016,10,1.12
CTN_020,PRECTOTCORR,2016,11,1.09
CTN_020,PRECTOTCORR,2016,12,0.04
CTN_020,PRECTOTCORR,2017,1,0.0
CTN_020,PRECTOTCORR,2017,2,0.0
CTN_020,PRECTOTCORR,2017,3,0.28
CTN_020,PRECTOTCORR,2017,4,0.32
CTN_020,PRECTOTCORR,2017,5,3.67
CTN_020,PRECTOTCORR,2017,6,6.5
CTN_020,PRECTOTCORR,2017,7,6.22
CTN_020,PRECTOTCORR,2017,8,7.8
CTN_020,PRECTOTCORR,2017,9,8.35
CTN_020,PRECTOTCORR,2017,10,1.72
CTN_020,PRECTOTCORR,2017,11,0.06
CTN_020,PRECTOTCORR,2017,12,0.01
CTN_020,PRECTOTCORR,2018,1,0.14
CTN_020,PRECTOTCORR,2018,2,0.12
CTN_020,PRECTOTCORR,2018,3,0.12
CTN_020,PRECTOTCORR,2018,4,1.21
CTN_020,PRECTOTCORR,2018,5,3.19
CTN_020,PRECTOTCORR,2018,6,8.72
CTN_020,PRECTOTCORR,2018,7,2.52
CTN_020,PRECTOTCORR,2018,8,8.52
CTN_020,PRECTOTCORR,2018,9,6.1
CTN_020,PRECTOTCORR,2018,10,3.69
CTN_020,PRECTOTCORR,2018,11,1.22
CTN_020,PRECTOTCORR,2018,12,0.07
CTN_020,PRECTOTCORR,2019,1,0.04
CTN_020,PRECTOTCORR,2019,2,0.06
CTN_020,PRECTOTCORR,2019,3,0.09
CTN_020,PRECTOTCORR,2019,4,0.07
CTN_020,PRECTOTCORR,2019,5,1.89
CTN_020,PRECTOTCORR,2019,6,5.94
CTN_020,PRECTOTCORR,2019,7,5.95
CTN_020,PRECTOTCORR,2019,8,5.33
CTN_020,PRECTOTCORR,2019,9,6.35
CTN_020,PRECTOTCORR,2019,10,4.97
CTN_020,PRECTOTCORR,2019,11,0.69
CTN_020,PRECTOTCORR,2019,12,0.0
CTN_020,PRECTOTCORR,2020,1,0.13
CTN_020,PRECTOTCORR,2020,2,0.13
CTN_020,PRECTOTCORR,2020,3,0.24
CTN_020,PRECTOTCORR,2020,4,0.44
CTN_020,PRECTOTCORR,2020,5,0.86
CTN_020,PRECTOTCORR,2020,6,4.95
CTN_020,PRECTOTCORR,2020,7,6.17
CTN_020,PRECTOTCORR,2020,8,6.33
CTN_020,PRECTOTCORR,2020,9,7.37
CTN_020,PRECTOTCORR,2020,10,0.91
CTN_020,PRECTOTCORR,2020,11,0.09
CTN_020,PRECTOTCORR,2020,12,0.05
CTN_020,PRECTOTCORR,2021,1,0.19
CTN_020,PRECTOTCORR,2021,2,0.28
CTN_020,PRECTOTCORR,2021,3,0.6
CTN_020,PRECTOTCORR,2021,4,0.17
CTN_020,PRECTOTCORR,2021,5,3.34
CTN_020,PRECTOTCORR,2021,6,7.81
CTN_020,PRECTOTCORR,2021,7,4.75
CTN_020,PRECTOTCORR,2021,8,7.48
CTN_020,PRECTOTCORR,2021,9,6.74
CTN_020,PRECTOTCORR,2021,10,2.33
CTN_020,PRECTOTCORR,2021,11,0.11
CTN_020,PRECTOTCORR,2021,12,0.02
CTN_020,PRECTOTCORR,2022,1,0.3
CTN_020,PRECTOTCORR,2022,2,0.04
CTN_020,PRECTOTCORR,2022,3,0.09
CTN_020,PRECTOTCORR,2022,4,0.83
CTN_020,PRECTOTCORR,2022,5,1.24
CTN_020,PRECTOTCORR,2022,6,5.47
CTN_020,PRECTOTCORR,2022,7,5.24
CTN_020,PRECTOTCORR,2022,8,6.6
CTN_020,PRECTOTCORR,2022,9,7.12
CTN_020,PRECTOTCORR,2022,10,2.06
CTN_020,PRECTOTCORR,2022,11,0.29
CTN_020,PRECTOTCORR,2022,12,0.08
CTN_020,PRECTOTCORR,2023,1,0.0
CTN_020,PRECTOTCORR,2023,2,0.0
CTN_020,PRECTOTCORR,2023,3,0.14
CTN_020,PRECTOTCORR,2023,4,1.18
CTN_020,PRECTOTCORR,2023,5,1.35
CTN_020,PRECTOTCORR,2023,6,0.42
CTN_020,PRECTOTCORR,2023,7,5.31
CTN_020,PRECTOTCORR,2023,8,6.46
CTN_020,PRECTOTCORR,2023,9,4.03
CTN_020,PRECTOTCORR,2023,10,3.86
CTN_020,PRECTOTCORR,2023,11,1.82
CTN_020,PRECTOTCORR,2023,12,0.11
CTN_020,PRECTOTCORR,2024,1,0.03
CTN_020,PRECTOTCORR,2024,2,0.46
CTN_020,PRECTOTCORR,2024,3,0.0
CTN_020,PRECTOTCORR,2024,4,0.07
CTN_020,PRECTOTCORR,2024,5,0.69
CTN_020,PRECTOTCORR,2024,6,3.46
CTN_020,PRECTOTCORR,2024,7,8.46
CTN_020,PRECTOTCORR,2024,8,6.88
CTN_020,PRECTOTCORR,2024,9,9.79
CTN_020,PRECTOTCORR,2024,10,2.5
CTN_020,PRECTOTCORR,2024,11,0.28
CTN_020,PRECTOTCORR,2024,12,0.04
CTN_020,T2M,2015,1,19.46
CTN_020,T2M,2015,2,20.84
CTN_020,T2M,2015,3,22.46
CTN_020,T2M,2015,4,26.05
CTN_020,T2M,2015,5,24.58
CTN_020,T2M,2015,6,22.69
CTN_020,T2M,2015,7,22.33
CTN_020,T2M,2015,8,22.63
CTN_020,T2M,2015,9,21.12
CTN_020,T2M,2015,10,21.76
CTN_020,T2M,2015,11,21.89
CTN_020,T2M,2015,12,20.85
CTN_020,T2M,2016,1,19.29
CTN_020,T2M,2016,2,20.59
CTN_020,T2M,2016,3,22.06
CTN_020,T2M,2016,4,25.56
CTN_020,T2M,2016,5,26.84
CTN_020,T2M,2016,6,22.97
CTN_020,T2M,2016,7,22.08
CTN_020,T2M,2016,8,21.78
CTN_020,T2M,2016,9,21.17
CTN_020,T2M,2016,10,21.17
CTN_020,T2M,2016,11,20.26
CTN_020,T2M,2016,12,20.95
CTN_020,T2M,2017,1,19.98
CTN_020,T2M,2017,2,21.59
CTN_020,T2M,2017,3,24.0
CTN_020,T2M,2017,4,25.19
CTN_020,T2M,2017,5,25.96
CTN_020,T2M,2017,6,23.0
CTN_020,T2M,2017,7,21.37
CTN_020,T2M,2017,8,21.75
CTN_020,T2M,2017,9,20.9
CTN_020,T2M,2017,10,20.55
CTN_020,T2M,2017,11,19.63
CTN_020,T2M,2017,12,18.87
CTN_020,T2M,2018,1,18.58
CTN_020,T2M,2018,2,22.15
CTN_020,T2M,2018,3,24.68
CTN_020,T2M,2018,4,25.33
CTN_020,T2M,2018,5,24.85
CTN_020,T2M,2018,6,22.42
CTN_020,T2M,2018,7,22.51
CTN_020,T2M,2018,8,21.38
CTN_020,T2M,2018,9,21.16
CTN_020,T2M,2018,10,20.98
CTN_020,T2M,2018,11,19.85
CTN_020,T2M,2018,12,19.08
CTN_020,T2M,2019,1,19.86
CTN_020,T2M,2019,2,22.36
CTN_020,T2M,2019,3,24.27
CTN_020,T2M,2019,4,25.37
CTN_020,T2M,2019,5,26.36
CTN_020,T2M,2019,6,24.01
CTN_020,T2M,2019,7,22.15
CTN_020,T2M,2019,8,22.12
CTN_020,T2M,2019,9,21.63
CTN_020,T2M,2019,10,20.79
CTN_020,T2M,2019,11,20.65
CTN_020,T2M,2019,12,19.69
CTN_020,T2M,2020,1,20.1
CTN_020,T2M,2020,2,22.26
CTN_020,T2M,2020,3,24.79
CTN_020,T2M,2020,4,27.12
CTN_020,T2M,2020,5,26.34
CTN_020,T2M,2020,6,24.8
CTN_020,T2M,2020,7,22.67
CTN_020,T2M,2020,8,21.9
CTN_020,T2M,2020,9,21.16
CTN_020,T2M,2020,10,20.39
CTN_020,T2M,2020,11,20.63
CTN_020,T2M,2020,12,20.41
CTN_020,T2M,2021,1,21.14
CTN_020,T2M,2021,2,21.36
CTN_020,T2M,2021,3,23.98
CTN_020,T2M,2021,4,25.63
CTN_020,T2M,2021,5,24.85
CTN_020,T2M,2021,6,22.07
CTN_020,T2M,2021,7,21.89
CTN_020,T2M,2021,8,21.58
CTN_020,T2M,2021,9,21.08
CTN_020,T2M,2021,10,21.35
CTN_020,T2M,2021,11,19.85
CTN_020,T2M,2021,12,20.54
CTN_020,T2M,2022,1,20.51
CTN_020,T2M,2022,2,21.55
CTN_020,T2M,2022,3,23.76
CTN_020,T2M,2022,4,26.05
CTN_020,T2M,2022,5,26.71
CTN_020,T2M,2022,6,23.56
CTN_020,T2M,2022,7,23.16
CTN_020,T2M,2022,8,22.02
CTN_020,T2M,2022,9,21.2
CTN_020,T2M,2022,10,21.17
CTN_020,T2M,2022,11,21.47
CTN_020,T2M,2022,12,19.56
CTN_020,T2M,2023,1,20.53
CTN_020,T2M,2023,2,21.85
CTN_020,T2M,2023,3,24.4
CTN_020,T2M,2023,4,25.53
CTN_020,T2M,2023,5,26.26
CTN_020,T2M,2023,6,28.07
CTN_020,T2M,2023,7,24.32
CTN_020,T2M,2023,8,23.01
CTN_020,T2M,2023,9,22.83
CTN_020,T2M,2023,10,22.19
CTN_020,T2M,2023,11,21.48
CTN_020,T2M,2023,12,19.39
CTN_020,T2M,2024,1,20.92
CTN_020,T2M,2024,2,22.38
CTN_020,T2M,2024,3,25.02
CTN_020,T2M,2024,4,27.03
CTN_020,T2M,2024,5,28.83
CTN_020,T2M,2024,6,26.55
CTN_020,T2M,2024,7,22.8
CTN_020,T2M,2024,8,22.47
CTN_020,T2M,2024,9,21.75
CTN_020,T2M,2024,10,20.53
CTN_020,T2M,2024,11,21.0
CTN_020,T2M,2024,12,19.88
CTN_020,T2M_MAX,2015,1,30.35
CTN_020,T2M_MAX,2015,2,33.98
CTN_020,T2M_MAX,2015,3,35.25
CTN_020,T2M_MAX,2015,4,36.92
CTN_020,T2M_MAX,2015,5,35.13
CTN_020,T2M_MAX,2015,6,31.14
CTN_020,T2M_MAX,2015,7,31.53
CTN_020,T2M_MAX,2015,8,30.9
CTN_020,T2M_MAX,2015,9,28.23
CTN_020,T2M_MAX,2015,10,31.3
CTN_020,T2M_MAX,2015,11,30.05
CTN_020,T2M_MAX,2015,12,30.99
CTN_020,T2M_MAX,2016,1,30.46
CTN_020,T2M_MAX,2016,2,33.24
CTN_020,T2M_MAX,2016,3,36.3
CTN_020,T2M_MAX,2016,4,37.2
CTN_020,T2M_MAX,2016,5,37.87
CTN_020,T2M_MAX,2016,6,32.1
CTN_020,T2M_MAX,2016,7,29.22
CTN_020,T2M_MAX,2016,8,29.29
CTN_020,T2M_MAX,2016,9,27.42
CTN_020,T2M_MAX,2016,10,28.96
CTN_020,T2M_MAX,2016,11,30.26
CTN_020,T2M_MAX,2016,12,30.5
CTN_020,T2M_MAX,2017,1,31.54
CTN_020,T2M_MAX,2017,2,33.77
CTN_020,T2M_MAX,2017,3,35.55
CTN_020,T2M_MAX,2017,4,37.7
CTN_020,T2M_MAX,2017,5,36.43
CTN_020,T2M_MAX,2017,6,31.79
CTN_020,T2M_MAX,2017,7,27.81
CTN_020,T2M_MAX,2017,8,28.46
CTN_020,T2M_MAX,2017,9,27.68
CTN_020,T2M_MAX,2017,10,28.04
CTN_020,T2M_MAX,2017,11,29.7
CTN_020,T2M_MAX,2017,12,29.41
CTN_020,T2M_MAX,2018,1,30.6
CTN_020,T2M_MAX,2018,2,32.45
CTN_020,T2M_MAX,2018,3,36.37
CTN_020,T2M_MAX,2018,4,36.12
CTN_020,T2M_MAX,2018,5,37.84
CTN_020,T2M_MAX,2018,6,35.69
CTN_020,T2M_MAX,2018,7,31.27
CTN_020,T2M_MAX,2018,8,28.76
CTN_020,T2M_MAX,2018,9,26.93
CTN_020,T2M_MAX,2018,10,27.62
CTN_020,T2M_MAX,2018,11,29.35
CTN_020,T2M_MAX,2018,12,29.92
CTN_020,T2M_MAX,2019,1,31.28
CTN_020,T2M_MAX,2019,2,34.3
CTN_020,T2M_MAX,2019,3,35.54
CTN_020,T2M_MAX,2019,4,37.49
CTN_020,T2M_MAX,2019,5,37.26
CTN_020,T2M_MAX,2019,6,34.35
CTN_020,T2M_MAX,2019,7,30.18
CTN_020,T2M_MAX,2019,8,29.04
CTN_020,T2M_MAX,2019,9,29.94
CTN_020,T2M_MAX,2019,10,27.62
CTN_020,T2M_MAX,2019,11,29.86
CTN_020,T2M_MAX,2019,12,30.02
CTN_020,T2M_MAX,2020,1,30.86
CTN_020,T2M_MAX,2020,2,34.47
CTN_020,T2M_MAX,2020,3,36.18
CTN_020,T2M_MAX,2020,4,36.91
CTN_020,T2M_MAX,2020,5,36.48
CTN_020,T2M_MAX,2020,6,37.09
CTN_020,T2M_MAX,2020,7,30.25
CTN_020,T2M_MAX,2020,8,29.29
CTN_020,T2M_MAX,2020,9,28.55
CTN_020,T2M_MAX,2020,10,29.79
CTN_020,T2M_MAX,2020,11,31.81
CTN_020,T2M_MAX,2020,12,31.17
CTN_020,T2M_MAX,2021,1,33.34
CTN_020,T2M_MAX,2021,2,33.21
CTN_020,T2M_MAX,2021,3,36.01
CTN_020,T2M_MAX,2021,4,36.54
CTN_020,T2M_MAX,2021,5,35.34
CTN_020,T2M_MAX,2021,6,32.07
CTN_020,T2M_MAX,2021,7,29.4
CTN_020,T2M_MAX,2021,8,29.63
CTN_020,T2M_MAX,2021,9,27.72
CTN_020,T2M_MAX,2021,10,29.97
CTN_020,T2M_MAX,2021,11,29.23
CTN_020,T2M_MAX,2021,12,30.99
CTN_020,T2M_MAX,2022,1,32.11
CTN_020,T2M_MAX,2022,2,33.29
CTN_020,T2M_MAX,2022,3,35.29
CTN_020,T2M_MAX,2022,4,37.82
CTN_020,T2M_MAX,2022,5,37.82
CTN_020,T2M_MAX,2022,6,33.75
CTN_020,T2M_MAX,2022,7,32.25
CTN_020,T2M_MAX,2022,8,30.31
CTN_020,T2M_MAX,2022,9,28.04
CTN_020,T2M_MAX,2022,10,28.95
CTN_020,T2M_MAX,2022,11,30.42
CTN_020,T2M_MAX,2022,12,30.6
CTN_020,T2M_MAX,2023,1,31.71
CTN_020,T2M_MAX,2023,2,34.36
CTN_020,T2M_MAX,2023,3,35.08
CTN_020,T2M_MAX,2023,4,37.66
CTN_020,T2M_MAX,2023,5,37.19
CTN_020,T2M_MAX,2023,6,39.3
CTN_020,T2M_MAX,2023,7,34.32
CTN_020,T2M_MAX,2023,8,31.41
CTN_020,T2M_MAX,2023,9,31.01
CTN_020,T2M_MAX,2023,10,29.97
CTN_020,T2M_MAX,2023,11,31.42
CTN_020,T2M_MAX,2023,12,28.69
CTN_020,T2M_MAX,2024,1,32.67
CTN_020,T2M_MAX,2024,2,35.5
CTN_020,T2M_MAX,2024,3,37.59
CTN_020,T2M_MAX,2024,4,37.75
CTN_020,T2M_MAX,2024,5,39.43
CTN_020,T2M_MAX,2024,6,39.05
CTN_020,T2M_MAX,2024,7,32.07
CTN_020,T2M_MAX,2024,8,29.07
CTN_020,T2M_MAX,2024,9,28.03
CTN_020,T2M_MAX,2024,10,28.41
CTN_020,T2M_MAX,2024,11,29.83
CTN_020,T2M_MAX,2024,12,30.68
CTN_020,WS10M,2015,1,2.44
CTN_020,WS10M,2015,2,2.26
CTN_020,WS10M,2015,3,2.51
CTN_020,WS10M,2015,4,2.41
CTN_020,WS10M,2015,5,1.77
CTN_020,WS10M,2015,6,1.95
CTN_020,WS10M,2015,7,2.06
CTN_020,WS10M,2015,8,1.73
CTN_020,WS10M,2015,9,1.71
CTN_020,WS10M,2015,10,1.75
CTN_020,WS10M,2015,11,1.81
CTN_020,WS10M,2015,12,2.15
CTN_020,WS10M,2016,1,2.22
CTN_020,WS10M,2016,2,2.86
CTN_020,WS10M,2016,3,2.44
CTN_020,WS10M,2016,4,2.22
CTN_020,WS10M,2016,5,1.91
CTN_020,WS10M,2016,6,1.81
CTN_020,WS10M,2016,7,1.57
CTN_020,WS10M,2016,8,1.69
CTN_020,WS10M,2016,9,1.48
CTN_020,WS10M,2016,10,1.65
CTN_020,WS10M,2016,11,1.91
CTN_020,WS10M,2016,12,2.16
CTN_020,WS10M,2017,1,2.27
CTN_020,WS10M,2017,2,2.38
CTN_020,WS10M,2017,3,2.36
CTN_020,WS10M,2017,4,2.42
CTN_020,WS10M,2017,5,2.02
CTN_020,WS10M,2017,6,1.91
CTN_020,WS10M,2017,7,1.62
CTN_020,WS10M,2017,8,1.72
CTN_020,WS10M,2017,9,1.57
CTN_020,WS10M,2017,10,1.8
CTN_020,WS10M,2017,11,1.89
CTN_020,WS10M,2017,12,2.12
CTN_020,WS10M,2018,1,2.81
CTN_020,WS10M,2018,2,2.11
CTN_020,WS10M,2018,3,2.31
CTN_020,WS10M,2018,4,2.34
CTN_020,WS10M,2018,5,1.87
CTN_020,WS10M,2018,6,2.03
CTN_020,WS10M,2018,7,1.66
CTN_020,WS10M,2018,8,1.59
CTN_020,WS10M,2018,9,1.66
CTN_020,WS10M,2018,10,1.84
CTN_020,WS10M,2018,11,1.86
CTN_020,WS10M,2018,12,2.16
CTN_020,WS10M,2019,1,2.17
CTN_020,WS10M,2019,2,2.11
CTN_020,WS10M,2019,3,2.46
CTN_020,WS10M,2019,4,2.41
CTN_020,WS10M,2019,5,2.35
CTN_020,WS10M,2019,6,2.01
CTN_020,WS10M,2019,7,1.67
CTN_020,WS10M,2019,8,1.62
CTN_020,WS10M,2019,9,1.67
CTN_020,WS10M,2019,10,1.64
CTN_020,WS10M,2019,11,1.9
CTN_020,WS10M,2019,12,2.02
CTN_020,WS10M,2020,1,2.49
CTN_020,WS10M,2020,2,2.54
CTN_020,WS10M,2020,3,2.28
CTN_020,WS10M,2020,4,2.46
CTN_020,WS10M,2020,5,2.24
CTN_020,WS10M,2020,6,1.87
CTN_020,WS10M,2020,7,1.74
CTN_020,WS10M,2020,8,1.81
CTN_020,WS10M,2020,9,1.64
CTN_020,WS10M,2020,10,1.86
CTN_020,WS10M,2020,11,2.4
CTN_020,WS10M,2020,12,2.13
CTN_020,WS10M,2021,1,2.13
CTN_020,WS10M,2021,2,2.32
CTN_020,WS10M,2021,3,2.13
CTN_020,WS10M,2021,4,2.58
CTN_020,WS10M,2021,5,2.15
CTN_020,WS10M,2021,6,1.98
CTN_020,WS10M,2021,7,1.78
CTN_020,WS10M,2021,8,1.88
CTN_020,WS10M,2021,9,1.54
CTN_020,WS10M,2021,10,1.65
CTN_020,WS10M,2021,11,1.94
CTN_020,WS10M,2021,12,1.92
CTN_020,WS10M,2022,1,2.2
CTN_020,WS10M,2022,2,2.48
CTN_020,WS10M,2022,3,2.38
CTN_020,WS10M,2022,4,2.26
CTN_020,WS10M,2022,5,2.3
CTN_020,WS10M,2022,6,2.2
CTN_020,WS10M,2022,7,1.71
CTN_020,WS10M,2022,8,1.66
CTN_020,WS10M,2022,9,1.66
CTN_020,WS10M,2022,10,1.69
CTN_020,WS10M,2022,11,1.75
CTN_020,WS10M,2022,12,2.34
CTN_020,WS10M,2023,1,2.1
CTN_020,WS10M,2023,2,2.47
CTN_020,WS10M,2023,3,2.23
CTN_020,WS10M,2023,4,2.38
CTN_020,WS10M,2023,5,2.05
CTN_020,WS10M,2023,6,2.42
CTN_020,WS10M,2023,7,1.99
CTN_020,WS10M,2023,8,1.82
CTN_020,WS10M,2023,9,1.62
CTN_020,WS10M,2023,10,1.82
CTN_020,WS10M,2023,11,1.95
CTN_020,WS10M,2023,12,1.94
CTN_020,WS10M,2024,1,2.06
CTN_020,WS10M,2024,2,2.19
CTN_020,WS10M,2024,3,2.47
CTN_020,WS10M,2024,4,2.52
CTN_020,WS10M,2024,5,2.27
CTN_020,WS10M,2024,6,2.37
CTN_020,WS10M,2024,7,1.7
CTN_020,WS10M,2024,8,1.61
CTN_020,WS10M,2024,9,1.75
CTN_020,WS10M,2024,10,1.77
CTN_020,WS10M,2024,11,1.83
CTN_020,WS10M,2024,12,2.13
CTN_021,ALLSKY_SFC_SW_DWN,2015,1,5.0042
CTN_021,ALLSKY_SFC_SW_DWN,2015,2,5.64
CTN_021,ALLSKY_SFC_SW_DWN,2015,3,6.0809
CTN_021,ALLSKY_SFC_SW_DWN,2015,4,6.8652
CTN_021,ALLSKY_SFC_SW_DWN,2015,5,6.1538
CTN_021,ALLSKY_SFC_SW_DWN,2015,6,6.0982
CTN_021,ALLSKY_SFC_SW_DWN,2015,7,6.4958
CTN_021,ALLSKY_SFC_SW_DWN,2015,8,6.7625
CTN_021,ALLSKY_SFC_SW_DWN,2015,9,5.5152
CTN_021,ALLSKY_SFC_SW_DWN,2015,10,5.2478
CTN_021,ALLSKY_SFC_SW_DWN,2015,11,5.046
CTN_021,ALLSKY_SFC_SW_DWN,2015,12,4.5418
CTN_021,ALLSKY_SFC_SW_DWN,2016,1,4.2569
CTN_021,ALLSKY_SFC_SW_DWN,2016,2,5.9515
CTN_021,ALLSKY_SFC_SW_DWN,2016,3,6.0209
CTN_021,ALLSKY_SFC_SW_DWN,2016,4,6.8695
CTN_021,ALLSKY_SFC_SW_DWN,2016,5,6.5602
CTN_021,ALLSKY_SFC_SW_DWN,2016,6,6.3862
CTN_021,ALLSKY_SFC_SW_DWN,2016,7,6.685
CTN_021,ALLSKY_SFC_SW_DWN,2016,8,6.2203
CTN_021,ALLSKY_SFC_SW_DWN,2016,9,5.8402
CTN_021,ALLSKY_SFC_SW_DWN,2016,10,5.7041
CTN_021,ALLSKY_SFC_SW_DWN,2016,11,5.021
CTN_021,ALLSKY_SFC_SW_DWN,2016,12,5.0251
CTN_021,ALLSKY_SFC_SW_DWN,2017,1,5.4362
CTN_021,ALLSKY_SFC_SW_DWN,2017,2,6.2479
CTN_021,ALLSKY_SFC_SW_DWN,2017,3,6.6509
CTN_021,ALLSKY_SFC_SW_DWN,2017,4,6.9857
CTN_021,ALLSKY_SFC_SW_DWN,2017,5,6.3516
CTN_021,ALLSKY_SFC_SW_DWN,2017,6,6.2203
CTN_021,ALLSKY_SFC_SW_DWN,2017,7,6.4469
CTN_021,ALLSKY_SFC_SW_DWN,2017,8,6.1529
CTN_021,ALLSKY_SFC_SW_DWN,2017,9,5.1929
CTN_021,ALLSKY_SFC_SW_DWN,2017,10,5.6141
CTN_021,ALLSKY_SFC_SW_DWN,2017,11,5.5771
CTN_021,ALLSKY_SFC_SW_DWN,2017,12,5.1017
CTN_021,ALLSKY_SFC_SW_DWN,2018,1,4.9901
CTN_021,ALLSKY_SFC_SW_DWN,2018,2,5.7413
CTN_021,ALLSKY_SFC_SW_DWN,2018,3,6.8285
CTN_021,ALLSKY_SFC_SW_DWN,2018,4,6.8122
CTN_021,ALLSKY_SFC_SW_DWN,2018,5,6.6938
CTN_021,ALLSKY_SFC_SW_DWN,2018,6,5.9774
CTN_021,ALLSKY_SFC_SW_DWN,2018,7,7.1438
CTN_021,ALLSKY_SFC_SW_DWN,2018,8,6.239
CTN_021,ALLSKY_SFC_SW_DWN,2018,9,6.1246
CTN_021,ALLSKY_SFC_SW_DWN,2018,10,5.3028
CTN_021,ALLSKY_SFC_SW_DWN,2018,11,4.5922
CTN_021,ALLSKY_SFC_SW_DWN,2018,12,4.925
CTN_021,ALLSKY_SFC_SW_DWN,2019,1,5.2133
CTN_021,ALLSKY_SFC_SW_DWN,2019,2,6.162
CTN_021,ALLSKY_SFC_SW_DWN,2019,3,6.8842
CTN_021,ALLSKY_SFC_SW_DWN,2019,4,7.2686
CTN_021,ALLSKY_SFC_SW_DWN,2019,5,6.6787
CTN_021,ALLSKY_SFC_SW_DWN,2019,6,6.1706
CTN_021,ALLSKY_SFC_SW_DWN,2019,7,6.6283
CTN_021,ALLSKY_SFC_SW_DWN,2019,8,6.6173
CTN_021,ALLSKY_SFC_SW_DWN,2019,9,5.7451
CTN_021,ALLSKY_SFC_SW_DWN,2019,10,5.0966
CTN_021,ALLSKY_SFC_SW_DWN,2019,11,4.9625
CTN_021,ALLSKY_SFC_SW_DWN,2019,12,4.9049
CTN_021,ALLSKY_SFC_SW_DWN,2020,1,5.1883
CTN_021,ALLSKY_SFC_SW_DWN,2020,2,5.8668
CTN_021,ALLSKY_SFC_SW_DWN,2020,3,6.7982
CTN_021,ALLSKY_SFC_SW_DWN,2020,4,7.2485
CTN_021,ALLSKY_SFC_SW_DWN,2020,5,7.0973
CTN_021,ALLSKY_SFC_SW_DWN,2020,6,6.2933
CTN_021,ALLSKY_SFC_SW_DWN,2020,7,6.5074
CTN_021,ALLSKY_SFC_SW_DWN,2020,8,6.1306
CTN_021,ALLSKY_SFC_SW_DWN,2020,9,5.3494
CTN_021,ALLSKY_SFC_SW_DWN,2020,10,5.976
CTN_021,ALLSKY_SFC_SW_DWN,2020,11,5.4521
CTN_021,ALLSKY_SFC_SW_DWN,2020,12,4.9147
CTN_021,ALLSKY_SFC_SW_DWN,2021,1,4.9764
CTN_021,ALLSKY_SFC_SW_DWN,2021,2,6.3355
CTN_021,ALLSKY_SFC_SW_DWN,2021,3,6.9571
CTN_021,ALLSKY_SFC_SW_DWN,2021,4,7.3402
CTN_021,ALLSKY_SFC_SW_DWN,2021,5,6.7056
CTN_021,ALLSKY_SFC_SW_DWN,2021,6,5.4377
CTN_021,ALLSKY_SFC_SW_DWN,2021,7,6.5021
CTN_021,ALLSKY_SFC_SW_DWN,2021,8,6.0288
CTN_021,ALLSKY_SFC_SW_DWN,2021,9,5.6546
CTN_021,ALLSKY_SFC_SW_DWN,2021,10,5.4322
CTN_021,ALLSKY_SFC_SW_DWN,2021,11,5.4353
CTN_021,ALLSKY_SFC_SW_DWN,2021,12,5.076
CTN_021,ALLSKY_SFC_SW_DWN,2022,1,5.1346
CTN_021,ALLSKY_SFC_SW_DWN,2022,2,6.0017
CTN_021,ALLSKY_SFC_SW_DWN,2022,3,7.147
CTN_021,ALLSKY_SFC_SW_DWN,2022,4,7.1131
CTN_021,ALLSKY_SFC_SW_DWN,2022,5,7.0704
CTN_021,ALLSKY_SFC_SW_DWN,2022,6,6.3852
CTN_021,ALLSKY_SFC_SW_DWN,2022,7,6.3862
CTN_021,ALLSKY_SFC_SW_DWN,2022,8,6.2191
CTN_021,ALLSKY_SFC_SW_DWN,2022,9,5.4391
CTN_021,ALLSKY_SFC_SW_DWN,2022,10,5.309
CTN_021,ALLSKY_SFC_SW_DWN,2022,11,5.1178
CTN_021,ALLSKY_SFC_SW_DWN,2022,12,4.8662
CTN_021,ALLSKY_SFC_SW_DWN,2023,1,5.3026
CTN_021,ALLSKY_SFC_SW_DWN,2023,2,6.1721
CTN_021,ALLSKY_SFC_SW_DWN,2023,3,6.8693
CTN_021,ALLSKY_SFC_SW_DWN,2023,4,7.2379
CTN_021,ALLSKY_SFC_SW_DWN,2023,5,6.3526
CTN_021,ALLSKY_SFC_SW_DWN,2023,6,7.0075
CTN_021,ALLSKY_SFC_SW_DWN,2023,7,6.397
CTN_021,ALLSKY_SFC_SW_DWN,2023,8,5.9563
CTN_021,ALLSKY_SFC_SW_DWN,2023,9,6.3101
CTN_021,ALLSKY_SFC_SW_DWN,2023,10,5.077
CTN_021,ALLSKY_SFC_SW_DWN,2023,11,5.0887
CTN_021,ALLSKY_SFC_SW_DWN,2023,12,4.4184
CTN_021,ALLSKY_SFC_SW_DWN,2024,1,4.8682
CTN_021,ALLSKY_SFC_SW_DWN,2024,2,5.8963
CTN_021,ALLSKY_SFC_SW_DWN,2024,3,7.1731
CTN_021,ALLSKY_SFC_SW_DWN,2024,4,7.3219
CTN_021,ALLSKY_SFC_SW_DWN,2024,5,7.0387
CTN_021,ALLSKY_SFC_SW_DWN,2024,6,6.114
CTN_021,ALLSKY_SFC_SW_DWN,2024,7,6.0914
CTN_021,ALLSKY_SFC_SW_DWN,2024,8,6.3307
CTN_021,ALLSKY_SFC_SW_DWN,2024,9,5.0808
CTN_021,ALLSKY_SFC_SW_DWN,2024,10,5.4211
CTN_021,ALLSKY_SFC_SW_DWN,2024,11,5.292
CTN_021,ALLSKY_SFC_SW_DWN,2024,12,4.8595
CTN_021,PRECTOTCORR,2015,1,0.01
CTN_021,PRECTOTCORR,2015,2,0.1
CTN_021,PRECTOTCORR,2015,3,1.2
CTN_021,PRECTOTCORR,2015,4,0.24
CTN_021,PRECTOTCORR,2015,5,4.14
CTN_021,PRECTOTCORR,2015,6,4.19
CTN_021,PRECTOTCORR,2015,7,3.98
CTN_021,PRECTOTCORR,2015,8,5.15
CTN_021,PRECTOTCORR,2015,9,6.87
CTN_021,PRECTOTCORR,2015,10,1.92
CTN_021,PRECTOTCORR,2015,11,1.07
CTN_021,PRECTOTCORR,2015,12,0.05
CTN_021,PRECTOTCORR,2016,1,0.2
CTN_021,PRECTOTCORR,2016,2,0.07
CTN_021,PRECTOTCORR,2016,3,1.31
CTN_021,PRECTOTCORR,2016,4,0.79
CTN_021,PRECTOTCORR,2016,5,2.13
CTN_021,PRECTOTCORR,2016,6,7.11
CTN_021,PRECTOTCORR,2016,7,6.76
CTN_021,PRECTOTCORR,2016,8,6.86
CTN_021,PRECTOTCORR,2016,9,7.22
CTN_021,PRECTOTCORR,2016,10,1.12
CTN_021,PRECTOTCORR,2016,11,1.09
CTN_021,PRECTOTCORR,2016,12,0.04
CTN_021,PRECTOTCORR,2017,1,0.0
CTN_021,PRECTOTCORR,2017,2,0.0
CTN_021,PRECTOTCORR,2017,3,0.28
CTN_021,PRECTOTCORR,2017,4,0.32
CTN_021,PRECTOTCORR,2017,5,3.67
CTN_021,PRECTOTCORR,2017,6,6.5
CTN_021,PRECTOTCORR,2017,7,6.22
CTN_021,PRECTOTCORR,2017,8,7.8
CTN_021,PRECTOTCORR,2017,9,8.35
CTN_021,PRECTOTCORR,2017,10,1.72
CTN_021,PRECTOTCORR,2017,11,0.06
CTN_021,PRECTOTCORR,2017,12,0.01
CTN_021,PRECTOTCORR,2018,1,0.14
CTN_021,PRECTOTCORR,2018,2,0.12
CTN_021,PRECTOTCORR,2018,3,0.12
CTN_021,PRECTOTCORR,2018,4,1.21
CTN_021,PRECTOTCORR,2018,5,3.19
CTN_021,PRECTOTCORR,2018,6,8.72
CTN_021,PRECTOTCORR,2018,7,2.52
CTN_021,PRECTOTCORR,2018,8,8.52
CTN_021,PRECTOTCORR,2018,9,6.1
CTN_021,PRECTOTCORR,2018,10,3.69
CTN_021,PRECTOTCORR,2018,11,1.22
CTN_021,PRECTOTCORR,2018,12,0.07
CTN_021,PRECTOTCORR,2019,1,0.04
CTN_021,PRECTOTCORR,2019,2,0.06
CTN_021,PRECTOTCORR,2019,3,0.09
CTN_021,PRECTOTCORR,2019,4,0.07
CTN_021,PRECTOTCORR,2019,5,1.89
CTN_021,PRECTOTCORR,2019,6,5.94
CTN_021,PRECTOTCORR,2019,7,5.95
CTN_021,PRECTOTCORR,2019,8,5.33
CTN_021,PRECTOTCORR,2019,9,6.35
CTN_021,PRECTOTCORR,2019,10,4.97
CTN_021,PRECTOTCORR,2019,11,0.69
CTN_021,PRECTOTCORR,2019,12,0.0
CTN_021,PRECTOTCORR,2020,1,0.13
CTN_021,PRECTOTCORR,2020,2,0.13
CTN_021,PRECTOTCORR,2020,3,0.24
CTN_021,PRECTOTCORR,2020,4,0.44
CTN_021,PRECTOTCORR,2020,5,0.86
CTN_021,PRECTOTCORR,2020,6,4.95
CTN_021,PRECTOTCORR,2020,7,6.17
CTN_021,PRECTOTCORR,2020,8,6.33
CTN_021,PRECTOTCORR,2020,9,7.37
CTN_021,PRECTOTCORR,2020,10,0.91
CTN_021,PRECTOTCORR,2020,11,0.09
CTN_021,PRECTOTCORR,2020,12,0.05
CTN_021,PRECTOTCORR,2021,1,0.19
CTN_021,PRECTOTCORR,2021,2,0.28
CTN_021,PRECTOTCORR,2021,3,0.6
CTN_021,PRECTOTCORR,2021,4,0.17
CTN_021,PRECTOTCORR,2021,5,3.34
CTN_021,PRECTOTCORR,2021,6,7.81
CTN_021,PRECTOTCORR,2021,7,4.75
CTN_021,PRECTOTCORR,2021,8,7.48
CTN_021,PRECTOTCORR,2021,9,6.74
CTN_021,PRECTOTCORR,2021,10,2.33
CTN_021,PRECTOTCORR,2021,11,0.11
CTN_021,PRECTOTCORR,2021,12,0.02
CTN_021,PRECTOTCORR,2022,1,0.3
CTN_021,PRECTOTCORR,2022,2,0.04
CTN_021,PRECTOTCORR,2022,3,0.09
CTN_021,PRECTOTCORR,2022,4,0.83
CTN_021,PRECTOTCORR,2022,5,1.24
CTN_021,PRECTOTCORR,2022,6,5.47
CTN_021,PRECTOTCORR,2022,7,5.24
CTN_021,PRECTOTCORR,2022,8,6.6
CTN_021,PRECTOTCORR,2022,9,7.12
CTN_021,PRECTOTCORR,2022,10,2.06
CTN_021,PRECTOTCORR,2022,11,0.29
CTN_021,PRECTOTCORR,2022,12,0.08
CTN_021,PRECTOTCORR,2023,1,0.0
CTN_021,PRECTOTCORR,2023,2,0.0
CTN_021,PRECTOTCORR,2023,3,0.14
CTN_021,PRECTOTCORR,2023,4,1.18
CTN_021,PRECTOTCORR,2023,5,1.35
CTN_021,PRECTOTCORR,2023,6,0.42
CTN_021,PRECTOTCORR,2023,7,5.31
CTN_021,PRECTOTCORR,2023,8,6.46
CTN_021,PRECTOTCORR,2023,9,4.03
CTN_021,PRECTOTCORR,2023,10,3.86
CTN_021,PRECTOTCORR,2023,11,1.82
CTN_021,PRECTOTCORR,2023,12,0.11
CTN_021,PRECTOTCORR,2024,1,0.03
CTN_021,PRECTOTCORR,2024,2,0.46
CTN_021,PRECTOTCORR,2024,3,0.0
CTN_021,PRECTOTCORR,2024,4,0.07
CTN_021,PRECTOTCORR,2024,5,0.69
CTN_021,PRECTOTCORR,2024,6,3.46
CTN_021,PRECTOTCORR,2024,7,8.46
CTN_021,PRECTOTCORR,2024,8,6.88
CTN_021,PRECTOTCORR,2024,9,9.79
CTN_021,PRECTOTCORR,2024,10,2.5
CTN_021,PRECTOTCORR,2024,11,0.28
CTN_021,PRECTOTCORR,2024,12,0.04
CTN_021,T2M,2015,1,19.46
CTN_021,T2M,2015,2,20.84
CTN_021,T2M,2015,3,22.46
CTN_021,T2M,2015,4,26.05
CTN_021,T2M,2015,5,24.58
CTN_021,T2M,2015,6,22.69
CTN_021,T2M,2015,7,22.33
CTN_021,T2M,2015,8,22.63
CTN_021,T2M,2015,9,21.12
CTN_021,T2M,2015,10,21.76
CTN_021,T2M,2015,11,21.89
CTN_021,T2M,2015,12,20.85
CTN_021,T2M,2016,1,19.29
CTN_021,T2M,2016,2,20.59
CTN_021,T2M,2016,3,22.06
CTN_021,T2M,2016,4,25.56
CTN_021,T2M,2016,5,26.84
CTN_021,T2M,2016,6,22.97
CTN_021,T2M,2016,7,22.08
CTN_021,T2M,2016,8,21.78
CTN_021,T2M,2016,9,21.17
CTN_021,T2M,2016,10,21.17
CTN_021,T2M,2016,11,20.26
CTN_021,T2M,2016,12,20.95
CTN_021,T2M,2017,1,19.98
CTN_021,T2M,2017,2,21.59
CTN_021,T2M,2017,3,24.0
CTN_021,T2M,2017,4,25.19
CTN_021,T2M,2017,5,25.96
CTN_021,T2M,2017,6,23.0
CTN_021,T2M,2017,7,21.37
CTN_021,T2M,2017,8,21.75
CTN_021,T2M,2017,9,20.9
CTN_021,T2M,2017,10,20.55
CTN_021,T2M,2017,11,19.63
CTN_021,T2M,2017,12,18.87
CTN_021,T2M,2018,1,18.58
CTN_021,T2M,2018,2,22.15
CTN_021,T2M,2018,3,24.68
CTN_021,T2M,2018,4,25.33
CTN_021,T2M,2018,5,24.85
CTN_021,T2M,2018,6,22.42
CTN_021,T2M,2018,7,22.51
CTN_021,T2M,2018,8,21.38
CTN_021,T2M,2018,9,21.16
CTN_021,T2M,2018,10,20.98
CTN_021,T2M,2018,11,19.85
CTN_021,T2M,2018,12,19.08
CTN_021,T2M,2019,1,19.86
CTN_021,T2M,2019,2,22.36
CTN_021,T2M,2019,3,24.27
CTN_021,T2M,2019,4,25.37
CTN_021,T2M,2019,5,26.36
CTN_021,T2M,2019,6,24.01
CTN_021,T2M,2019,7,22.15
CTN_021,T2M,2019,8,22.12
CTN_021,T2M,2019,9,21.63
CTN_021,T2M,2019,10,20.79
CTN_021,T2M,2019,11,20.65
CTN_021,T2M,2019,12,19.69
CTN_021,T2M,2020,1,20.1
CTN_021,T2M,2020,2,22.26
CTN_021,T2M,2020,3,24.79
CTN_021,T2M,2020,4,27.12
CTN_021,T2M,2020,5,26.34
CTN_021,T2M,2020,6,24.8
CTN_021,T2M,2020,7,22.67
CTN_021,T2M,2020,8,21.9
CTN_021,T2M,2020,9,21.16
CTN_021,T2M,2020,10,20.39
CTN_021,T2M,2020,11,20.63
CTN_021,T2M,2020,12,20.41
CTN_021,T2M,2021,1,21.14
CTN_021,T2M,2021,2,21.36
CTN_021,T2M,2021,3,23.98
CTN_021,T2M,2021,4,25.63
CTN_021,T2M,2021,5,24.85
CTN_021,T2M,2021,6,22.07
CTN_021,T2M,2021,7,21.89
CTN_021,T2M,2021,8,21.58
CTN_021,T2M,2021,9,21.08
CTN_021,T2M,2021,10,21.35
CTN_021,T2M,2021,11,19.85
CTN_021,T2M,2021,12,20.54
CTN_021,T2M,2022,1,20.51
CTN_021,T2M,2022,2,21.55
CTN_021,T2M,2022,3,23.76
CTN_021,T2M,2022,4,26.05
CTN_021,T2M,2022,5,26.71
CTN_021,T2M,2022,6,23.56
CTN_021,T2M,2022,7,23.16
CTN_021,T2M,2022,8,22.02
CTN_021,T2M,2022,9,21.2
CTN_021,T2M,2022,10,21.17
CTN_021,T2M,2022,11,21.47
CTN_021,T2M,2022,12,19.56
CTN_021,T2M,2023,1,20.53
CTN_021,T2M,2023,2,21.85
CTN_021,T2M,2023,3,24.4
CTN_021,T2M,2023,4,25.53
CTN_021,T2M,2023,5,26.26
CTN_021,T2M,2023,6,28.07
CTN_021,T2M,2023,7,24.32
CTN_021,T2M,2023,8,23.01
CTN_021,T2M,2023,9,22.83
CTN_021,T2M,2023,10,22.19
CTN_021,T2M,2023,11,21.48
CTN_021,T2M,2023,12,19.39
CTN_021,T2M,2024,1,20.92
CTN_021,T2M,2024,2,22.38
CTN_021,T2M,2024,3,25.02
CTN_021,T2M,2024,4,27.03
CTN_021,T2M,2024,5,28.83
CTN_021,T2M,2024,6,26.55
CTN_021,T2M,2024,7,22.8
CTN_021,T2M,2024,8,22.47
CTN_021,T2M,2024,9,21.75
CTN_021,T2M,2024,10,20.53
CTN_021,T2M,2024,11,21.0
CTN_021,T2M,2024,12,19.88
CTN_021,T2M_MAX,2015,1,30.35
CTN_021,T2M_MAX,2015,2,33.98
CTN_021,T2M_MAX,2015,3,35.25
CTN_021,T2M_MAX,2015,4,36.92
CTN_021,T2M_MAX,2015,5,35.13
CTN_021,T2M_MAX,2015,6,31.14
CTN_021,T2M_MAX,2015,7,31.53
CTN_021,T2M_MAX,2015,8,30.9
CTN_021,T2M_MAX,2015,9,28.23
CTN_021,T2M_MAX,2015,10,31.3
CTN_021,T2M_MAX,2015,11,30.05
CTN_021,T2M_MAX,2015,12,30.99
CTN_021,T2M_MAX,2016,1,30.46
CTN_021,T2M_MAX,2016,2,33.24
CTN_021,T2M_MAX,2016,3,36.3
CTN_021,T2M_MAX,2016,4,37.2
CTN_021,T2M_MAX,2016,5,37.87
CTN_021,T2M_MAX,2016,6,32.1
CTN_021,T2M_MAX,2016,7,29.22
CTN_021,T2M_MAX,2016,8,29.29
CTN_021,T2M_MAX,2016,9,27.42
CTN_021,T2M_MAX,2016,10,28.96
CTN_021,T2M_MAX,2016,11,30.26
CTN_021,T2M_MAX,2016,12,30.5
CTN_021,T2M_MAX,2017,1,31.54
CTN_021,T2M_MAX,2017,2,33.77
CTN_021,T2M_MAX,2017,3,35.55
CTN_021,T2M_MAX,2017,4,37.7
CTN_021,T2M_MAX,2017,5,36.43
CTN_021,T2M_MAX,2017,6,31.79
CTN_021,T2M_MAX,2017,7,27.81
CTN_021,T2M_MAX,2017,8,28.46
CTN_021,T2M_MAX,2017,9,27.68
CTN_021,T2M_MAX,2017,10,28.04
CTN_021,T2M_MAX,2017,11,29.7
CTN_021,T2M_MAX,2017,12,29.41
CTN_021,T2M_MAX,2018,1,30.6
CTN_021,T2M_MAX,2018,2,32.45
CTN_021,T2M_MAX,2018,3,36.37
CTN_021,T2M_MAX,2018,4,36.12
CTN_021,T2M_MAX,2018,5,37.84
CTN_021,T2M_MAX,2018,6,35.69
CTN_021,T2M_MAX,2018,7,31.27
CTN_021,T2M_MAX,2018,8,28.76
CTN_021,T2M_MAX,2018,9,26.93
CTN_021,T2M_MAX,2018,10,27.62
CTN_021,T2M_MAX,2018,11,29.35
CTN_021,T2M_MAX,2018,12,29.92
CTN_021,T2M_MAX,2019,1,31.28
CTN_021,T2M_MAX,2019,2,34.3
CTN_021,T2M_MAX,2019,3,35.54
CTN_021,T2M_MAX,2019,4,37.49
CTN_021,T2M_MAX,2019,5,37.26
CTN_021,T2M_MAX,2019,6,34.35
CTN_021,T2M_MAX,2019,7,30.18
CTN_021,T2M_MAX,2019,8,29.04
CTN_021,T2M_MAX,2019,9,29.94
CTN_021,T2M_MAX,2019,10,27.62
CTN_021,T2M_MAX,2019,11,29.86
CTN_021,T2M_MAX,2019,12,30.02
CTN_021,T2M_MAX,2020,1,30.86
CTN_021,T2M_MAX,2020,2,34.47
CTN_021,T2M_MAX,2020,3,36.18
CTN_021,T2M_MAX,2020,4,36.91
CTN_021,T2M_MAX,2020,5,36.48
CTN_021,T2M_MAX,2020,6,37.09
CTN_021,T2M_MAX,2020,7,30.25
CTN_021,T2M_MAX,2020,8,29.29
CTN_021,T2M_MAX,2020,9,28.55
CTN_021,T2M_MAX,2020,10,29.79
CTN_021,T2M_MAX,2020,11,31.81
CTN_021,T2M_MAX,2020,12,31.17
CTN_021,T2M_MAX,2021,1,33.34
CTN_021,T2M_MAX,2021,2,33.21
CTN_021,T2M_MAX,2021,3,36.01
CTN_021,T2M_MAX,2021,4,36.54
CTN_021,T2M_MAX,2021,5,35.34
CTN_021,T2M_MAX,2021,6,32.07
CTN_021,T2M_MAX,2021,7,29.4
CTN_021,T2M_MAX,2021,8,29.63
CTN_021,T2M_MAX,2021,9,27.72
CTN_021,T2M_MAX,2021,10,29.97
CTN_021,T2M_MAX,2021,11,29.23
CTN_021,T2M_MAX,2021,12,30.99
CTN_021,T2M_MAX,2022,1,32.11
CTN_021,T2M_MAX,2022,2,33.29
CTN_021,T2M_MAX,2022,3,35.29
CTN_021,T2M_MAX,2022,4,37.82
CTN_021,T2M_MAX,2022,5,37.82
CTN_021,T2M_MAX,2022,6,33.75
CTN_021,T2M_MAX,2022,7,32.25
CTN_021,T2M_MAX,2022,8,30.31
CTN_021,T2M_MAX,2022,9,28.04
CTN_021,T2M_MAX,2022,10,28.95
CTN_021,T2M_MAX,2022,11,30.42
CTN_021,T2M_MAX,2022,12,30.6
CTN_021,T2M_MAX,2023,1,31.71
CTN_021,T2M_MAX,2023,2,34.36
CTN_021,T2M_MAX,2023,3,35.08
CTN_021,T2M_MAX,2023,4,37.66
CTN_021,T2M_MAX,2023,5,37.19
CTN_021,T2M_MAX,2023,6,39.3
CTN_021,T2M_MAX,2023,7,34.32
CTN_021,T2M_MAX,2023,8,31.41
CTN_021,T2M_MAX,2023,9,31.01
CTN_021,T2M_MAX,2023,10,29.97
CTN_021,T2M_MAX,2023,11,31.42
CTN_021,T2M_MAX,2023,12,28.69
CTN_021,T2M_MAX,2024,1,32.67
CTN_021,T2M_MAX,2024,2,35.5
CTN_021,T2M_MAX,2024,3,37.59
CTN_021,T2M_MAX,2024,4,37.75
CTN_021,T2M_MAX,2024,5,39.43
CTN_021,T2M_MAX,2024,6,39.05
CTN_021,T2M_MAX,2024,7,32.07
CTN_021,T2M_MAX,2024,8,29.07
CTN_021,T2M_MAX,2024,9,28.03
CTN_021,T2M_MAX,2024,10,28.41
CTN_021,T2M_MAX,2024,11,29.83
CTN_021,T2M_MAX,2024,12,30.68
CTN_021,WS10M,2015,1,2.44
CTN_021,WS10M,2015,2,2.26
CTN_021,WS10M,2015,3,2.51
CTN_021,WS10M,2015,4,2.41
CTN_021,WS10M,2015,5,1.77
CTN_021,WS10M,2015,6,1.95
CTN_021,WS10M,2015,7,2.06
CTN_021,WS10M,2015,8,1.73
CTN_021,WS10M,2015,9,1.71
CTN_021,WS10M,2015,10,1.75
CTN_021,WS10M,2015,11,1.81
CTN_021,WS10M,2015,12,2.15
CTN_021,WS10M,2016,1,2.22
CTN_021,WS10M,2016,2,2.86
CTN_021,WS10M,2016,3,2.44
CTN_021,WS10M,2016,4,2.22
CTN_021,WS10M,2016,5,1.91
CTN_021,WS10M,2016,6,1.81
CTN_021,WS10M,2016,7,1.57
CTN_021,WS10M,2016,8,1.69
CTN_021,WS10M,2016,9,1.48
CTN_021,WS10M,2016,10,1.65
CTN_021,WS10M,2016,11,1.91
CTN_021,WS10M,2016,12,2.16
CTN_021,WS10M,2017,1,2.27
CTN_021,WS10M,2017,2,2.38
CTN_021,WS10M,2017,3,2.36
CTN_021,WS10M,2017,4,2.42
CTN_021,WS10M,2017,5,2.02
CTN_021,WS10M,2017,6,1.91
CTN_021,WS10M,2017,7,1.62
CTN_021,WS10M,2017,8,1.72
CTN_021,WS10M,2017,9,1.57
CTN_021,WS10M,2017,10,1.8
CTN_021,WS10M,2017,11,1.89
CTN_021,WS10M,2017,12,2.12
CTN_021,WS10M,2018,1,2.81
CTN_021,WS10M,2018,2,2.11
CTN_021,WS10M,2018,3,2.31
CTN_021,WS10M,2018,4,2.34
CTN_021,WS10M,2018,5,1.87
CTN_021,WS10M,2018,6,2.03
CTN_021,WS10M,2018,7,1.66
CTN_021,WS10M,2018,8,1.59
CTN_021,WS10M,2018,9,1.66
CTN_021,WS10M,2018,10,1.84
CTN_021,WS10M,2018,11,1.86
CTN_021,WS10M,2018,12,2.16
CTN_021,WS10M,2019,1,2.17
CTN_021,WS10M,2019,2,2.11
CTN_021,WS10M,2019,3,2.46
CTN_021,WS10M,2019,4,2.41
CTN_021,WS10M,2019,5,2.35
CTN_021,WS10M,2019,6,2.01
CTN_021,WS10M,2019,7,1.67
CTN_021,WS10M,2019,8,1.62
CTN_021,WS10M,2019,9,1.67
CTN_021,WS10M,2019,10,1.64
CTN_021,WS10M,2019,11,1.9
CTN_021,WS10M,2019,12,2.02
CTN_021,WS10M,2020,1,2.49
CTN_021,WS10M,2020,2,2.54
CTN_021,WS10M,2020,3,2.28
CTN_021,WS10M,2020,4,2.46
CTN_021,WS10M,2020,5,2.24
CTN_021,WS10M,2020,6,1.87
CTN_021,WS10M,2020,7,1.74
CTN_021,WS10M,2020,8,1.81
CTN_021,WS10M,2020,9,1.64
CTN_021,WS10M,2020,10,1.86
CTN_021,WS10M,2020,11,2.4
CTN_021,WS10M,2020,12,2.13
CTN_021,WS10M,2021,1,2.13
CTN_021,WS10M,2021,2,2.32
CTN_021,WS10M,2021,3,2.13
CTN_021,WS10M,2021,4,2.58
CTN_021,WS10M,2021,5,2.15
CTN_021,WS10M,2021,6,1.98
CTN_021,WS10M,2021,7,1.78
CTN_021,WS10M,2021,8,1.88
CTN_021,WS10M,2021,9,1.54
CTN_021,WS10M,2021,10,1.65
CTN_021,WS10M,2021,11,1.94
CTN_021,WS10M,2021,12,1.92
CTN_021,WS10M,2022,1,2.2
CTN_021,WS10M,2022,2,2.48
CTN_021,WS10M,2022,3,2.38
CTN_021,WS10M,2022,4,2.26
CTN_021,WS10M,2022,5,2.3
CTN_021,WS10M,2022,6,2.2
CTN_021,WS10M,2022,7,1.71
CTN_021,WS10M,2022,8,1.66
CTN_021,WS10M,2022,9,1.66
CTN_021,WS10M,2022,10,1.69
CTN_021,WS10M,2022,11,1.75
CTN_021,WS10M,2022,12,2.34
CTN_021,WS10M,2023,1,2.1
CTN_021,WS10M,2023,2,2.47
CTN_021,WS10M,2023,3,2.23
CTN_021,WS10M,2023,4,2.38
CTN_021,WS10M,2023,5,2.05
CTN_021,WS10M,2023,6,2.42
CTN_021,WS10M,2023,7,1.99
CTN_021,WS10M,2023,8,1.82
CTN_021,WS10M,2023,9,1.62
CTN_021,WS10M,2023,10,1.82
CTN_021,WS10M,2023,11,1.95
CTN_021,WS10M,2023,12,1.94
CTN_021,WS10M,2024,1,2.06
CTN_021,WS10M,2024,2,2.19
CTN_021,WS10M,2024,3,2.47
CTN_021,WS10M,2024,4,2.52
CTN_021,WS10M,2024,5,2.27
CTN_021,WS10M,2024,6,2.37
CTN_021,WS10M,2024,7,1.7
CTN_021,WS10M,2024,8,1.61
CTN_021,WS10M,2024,9,1.75
CTN_021,WS10M,2024,10,1.77
CTN_021,WS10M,2024,11,1.83
CTN_021,WS10M,2024,12,2.13
CTN_022,ALLSKY_SFC_SW_DWN,2015,1,5.0042
CTN_022,ALLSKY_SFC_SW_DWN,2015,2,5.64
CTN_022,ALLSKY_SFC_SW_DWN,2015,3,6.0809
CTN_022,ALLSKY_SFC_SW_DWN,2015,4,6.8652
CTN_022,ALLSKY_SFC_SW_DWN,2015,5,6.1538
CTN_022,ALLSKY_SFC_SW_DWN,2015,6,6.0982
CTN_022,ALLSKY_SFC_SW_DWN,2015,7,6.4958
CTN_022,ALLSKY_SFC_SW_DWN,2015,8,6.7625
CTN_022,ALLSKY_SFC_SW_DWN,2015,9,5.5152
CTN_022,ALLSKY_SFC_SW_DWN,2015,10,5.2478
CTN_022,ALLSKY_SFC_SW_DWN,2015,11,5.046
CTN_022,ALLSKY_SFC_SW_DWN,2015,12,4.5418
CTN_022,ALLSKY_SFC_SW_DWN,2016,1,4.2569
CTN_022,ALLSKY_SFC_SW_DWN,2016,2,5.9515
CTN_022,ALLSKY_SFC_SW_DWN,2016,3,6.0209
CTN_022,ALLSKY_SFC_SW_DWN,2016,4,6.8695
CTN_022,ALLSKY_SFC_SW_DWN,2016,5,6.5602
CTN_022,ALLSKY_SFC_SW_DWN,2016,6,6.3862
CTN_022,ALLSKY_SFC_SW_DWN,2016,7,6.685
CTN_022,ALLSKY_SFC_SW_DWN,2016,8,6.2203
CTN_022,ALLSKY_SFC_SW_DWN,2016,9,5.8402
CTN_022,ALLSKY_SFC_SW_DWN,2016,10,5.7041
CTN_022,ALLSKY_SFC_SW_DWN,2016,11,5.021
CTN_022,ALLSKY_SFC_SW_DWN,2016,12,5.0251
CTN_022,ALLSKY_SFC_SW_DWN,2017,1,5.4362
CTN_022,ALLSKY_SFC_SW_DWN,2017,2,6.2479
CTN_022,ALLSKY_SFC_SW_DWN,2017,3,6.6509
CTN_022,ALLSKY_SFC_SW_DWN,2017,4,6.9857
CTN_022,ALLSKY_SFC_SW_DWN,2017,5,6.3516
CTN_022,ALLSKY_SFC_SW_DWN,2017,6,6.2203
CTN_022,ALLSKY_SFC_SW_DWN,2017,7,6.4469
CTN_022,ALLSKY_SFC_SW_DWN,2017,8,6.1529
CTN_022,ALLSKY_SFC_SW_DWN,2017,9,5.1929
CTN_022,ALLSKY_SFC_SW_DWN,2017,10,5.6141
CTN_022,ALLSKY_SFC_SW_DWN,2017,11,5.5771
CTN_022,ALLSKY_SFC_SW_DWN,2017,12,5.1017
CTN_022,ALLSKY_SFC_SW_DWN,2018,1,4.9901
CTN_022,ALLSKY_SFC_SW_DWN,2018,2,5.7413
CTN_022,ALLSKY_SFC_SW_DWN,2018,3,6.8285
CTN_022,ALLSKY_SFC_SW_DWN,2018,4,6.8122
CTN_022,ALLSKY_SFC_SW_DWN,2018,5,6.6938
CTN_022,ALLSKY_SFC_SW_DWN,2018,6,5.9774
CTN_022,ALLSKY_SFC_SW_DWN,2018,7,7.1438
CTN_022,ALLSKY_SFC_SW_DWN,2018,8,6.239
CTN_022,ALLSKY_SFC_SW_DWN,2018,9,6.1246
CTN_022,ALLSKY_SFC_SW_DWN,2018,10,5.3028
CTN_022,ALLSKY_SFC_SW_DWN,2018,11,4.5922
CTN_022,ALLSKY_SFC_SW_DWN,2018,12,4.925
CTN_022,ALLSKY_SFC_SW_DWN,2019,1,5.2133
CTN_022,ALLSKY_SFC_SW_DWN,2019,2,6.162
CTN_022,ALLSKY_SFC_SW_DWN,2019,3,6.8842
CTN_022,ALLSKY_SFC_SW_DWN,2019,4,7.2686
CTN_022,ALLSKY_SFC_SW_DWN,2019,5,6.6787
CTN_022,ALLSKY_SFC_SW_DWN,2019,6,6.1706
CTN_022,ALLSKY_SFC_SW_DWN,2019,7,6.6283
CTN_022,ALLSKY_SFC_SW_DWN,2019,8,6.6173
CTN_022,ALLSKY_SFC_SW_DWN,2019,9,5.7451
CTN_022,ALLSKY_SFC_SW_DWN,2019,10,5.0966
CTN_022,ALLSKY_SFC_SW_DWN,2019,11,4.9625
CTN_022,ALLSKY_SFC_SW_DWN,2019,12,4.9049
CTN_022,ALLSKY_SFC_SW_DWN,2020,1,5.1883
CTN_022,ALLSKY_SFC_SW_DWN,2020,2,5.8668
CTN_022,ALLSKY_SFC_SW_DWN,2020,3,6.7982
CTN_022,ALLSKY_SFC_SW_DWN,2020,4,7.2485
CTN_022,ALLSKY_SFC_SW_DWN,2020,5,7.0973
CTN_022,ALLSKY_SFC_SW_DWN,2020,6,6.2933
CTN_022,ALLSKY_SFC_SW_DWN,2020,7,6.5074
CTN_022,ALLSKY_SFC_SW_DWN,2020,8,6.1306
CTN_022,ALLSKY_SFC_SW_DWN,2020,9,5.3494
CTN_022,ALLSKY_SFC_SW_DWN,2020,10,5.976
CTN_022,ALLSKY_SFC_SW_DWN,2020,11,5.4521
CTN_022,ALLSKY_SFC_SW_DWN,2020,12,4.9147
CTN_022,ALLSKY_SFC_SW_DWN,2021,1,4.9764
CTN_022,ALLSKY_SFC_SW_DWN,2021,2,6.3355
CTN_022,ALLSKY_SFC_SW_DWN,2021,3,6.9571
CTN_022,ALLSKY_SFC_SW_DWN,2021,4,7.3402
CTN_022,ALLSKY_SFC_SW_DWN,2021,5,6.7056
CTN_022,ALLSKY_SFC_SW_DWN,2021,6,5.4377
CTN_022,ALLSKY_SFC_SW_DWN,2021,7,6.5021
CTN_022,ALLSKY_SFC_SW_DWN,2021,8,6.0288
CTN_022,ALLSKY_SFC_SW_DWN,2021,9,5.6546
CTN_022,ALLSKY_SFC_SW_DWN,2021,10,5.4322
CTN_022,ALLSKY_SFC_SW_DWN,2021,11,5.4353
CTN_022,ALLSKY_SFC_SW_DWN,2021,12,5.076
CTN_022,ALLSKY_SFC_SW_DWN,2022,1,5.1346
CTN_022,ALLSKY_SFC_SW_DWN,2022,2,6.0017
CTN_022,ALLSKY_SFC_SW_DWN,2022,3,7.147
CTN_022,ALLSKY_SFC_SW_DWN,2022,4,7.1131
CTN_022,ALLSKY_SFC_SW_DWN,2022,5,7.0704
CTN_022,ALLSKY_SFC_SW_DWN,2022,6,6.3852
CTN_022,ALLSKY_SFC_SW_DWN,2022,7,6.3862
CTN_022,ALLSKY_SFC_SW_DWN,2022,8,6.2191
CTN_022,ALLSKY_SFC_SW_DWN,2022,9,5.4391
CTN_022,ALLSKY_SFC_SW_DWN,2022,10,5.309
CTN_022,ALLSKY_SFC_SW_DWN,2022,11,5.1178
CTN_022,ALLSKY_SFC_SW_DWN,2022,12,4.8662
CTN_022,ALLSKY_SFC_SW_DWN,2023,1,5.3026
CTN_022,ALLSKY_SFC_SW_DWN,2023,2,6.1721
CTN_022,ALLSKY_SFC_SW_DWN,2023,3,6.8693
CTN_022,ALLSKY_SFC_SW_DWN,2023,4,7.2379
CTN_022,ALLSKY_SFC_SW_DWN,2023,5,6.3526
CTN_022,ALLSKY_SFC_SW_DWN,2023,6,7.0075
CTN_022,ALLSKY_SFC_SW_DWN,2023,7,6.397
CTN_022,ALLSKY_SFC_SW_DWN,2023,8,5.9563
CTN_022,ALLSKY_SFC_SW_DWN,2023,9,6.3101
CTN_022,ALLSKY_SFC_SW_DWN,2023,10,5.077
CTN_022,ALLSKY_SFC_SW_DWN,2023,11,5.0887
CTN_022,ALLSKY_SFC_SW_DWN,2023,12,4.4184
CTN_022,ALLSKY_SFC_SW_DWN,2024,1,4.8682
CTN_022,ALLSKY_SFC_SW_DWN,2024,2,5.8963
CTN_022,ALLSKY_SFC_SW_DWN,2024,3,7.1731
CTN_022,ALLSKY_SFC_SW_DWN,2024,4,7.3219
CTN_022,ALLSKY_SFC_SW_DWN,2024,5,7.0387
CTN_022,ALLSKY_SFC_SW_DWN,2024,6,6.114
CTN_022,ALLSKY_SFC_SW_DWN,2024,7,6.0914
CTN_022,ALLSKY_SFC_SW_DWN,2024,8,6.3307
CTN_022,ALLSKY_SFC_SW_DWN,2024,9,5.0808
CTN_022,ALLSKY_SFC_SW_DWN,2024,10,5.4211
CTN_022,ALLSKY_SFC_SW_DWN,2024,11,5.292
CTN_022,ALLSKY_SFC_SW_DWN,2024,12,4.8595
CTN_022,PRECTOTCORR,2015,1,0.01
CTN_022,PRECTOTCORR,2015,2,0.1
CTN_022,PRECTOTCORR,2015,3,0.85
CTN_022,PRECTOTCORR,2015,4,0.12
CTN_022,PRECTOTCORR,2015,5,3.72
CTN_022,PRECTOTCORR,2015,6,3.9
CTN_022,PRECTOTCORR,2015,7,3.9
CTN_022,PRECTOTCORR,2015,8,4.88
CTN_022,PRECTOTCORR,2015,9,7.29
CTN_022,PRECTOTCORR,2015,10,2.07
CTN_022,PRECTOTCORR,2015,11,1.32
CTN_022,PRECTOTCORR,2015,12,0.04
CTN_022,PRECTOTCORR,2016,1,0.13
CTN_022,PRECTOTCORR,2016,2,0.05
CTN_022,PRECTOTCORR,2016,3,1.28
CTN_022,PRECTOTCORR,2016,4,0.61
CTN_022,PRECTOTCORR,2016,5,2.01
CTN_022,PRECTOTCORR,2016,6,6.3
CTN_022,PRECTOTCORR,2016,7,6.23
CTN_022,PRECTOTCORR,2016,8,5.76
CTN_022,PRECTOTCORR,2016,9,7.39
CTN_022,PRECTOTCORR,2016,10,1.17
CTN_022,PRECTOTCORR,2016,11,0.86
CTN_022,PRECTOTCORR,2016,12,0.02
CTN_022,PRECTOTCORR,2017,1,0.0
CTN_022,PRECTOTCORR,2017,2,0.0
CTN_022,PRECTOTCORR,2017,3,0.16
CTN_022,PRECTOTCORR,2017,4,0.23
CTN_022,PRECTOTCORR,2017,5,3.42
CTN_022,PRECTOTCORR,2017,6,6.63
CTN_022,PRECTOTCORR,2017,7,6.12
CTN_022,PRECTOTCORR,2017,8,7.23
CTN_022,PRECTOTCORR,2017,9,9.02
CTN_022,PRECTOTCORR,2017,10,1.65
CTN_022,PRECTOTCORR,2017,11,0.08
CTN_022,PRECTOTCORR,2017,12,0.01
CTN_022,PRECTOTCORR,2018,1,0.11
CTN_022,PRECTOTCORR,2018,2,0.08
CTN_022,PRECTOTCORR,2018,3,0.06
CTN_022,PRECTOTCORR,2018,4,0.96
CTN_022,PRECTOTCORR,2018,5,2.67
CTN_022,PRECTOTCORR,2018,6,7.82
CTN_022,PRECTOTCORR,2018,7,2.61
CTN_022,PRECTOTCORR,2018,8,8.7
CTN_022,PRECTOTCORR,2018,9,6.27
CTN_022,PRECTOTCORR,2018,10,3.7
CTN_022,PRECTOTCORR,2018,11,1.06
CTN_022,PRECTOTCORR,2018,12,0.1
CTN_022,PRECTOTCORR,2019,1,0.03
CTN_022,PRECTOTCORR,2019,2,0.01
CTN_022,PRECTOTCORR,2019,3,0.02
CTN_022,PRECTOTCORR,2019,4,0.02
CTN_022,PRECTOTCORR,2019,5,1.67
CTN_022,PRECTOTCORR,2019,6,5.75
CTN_022,PRECTOTCORR,2019,7,5.75
CTN_022,PRECTOTCORR,2019,8,5.2
CTN_022,PRECTOTCORR,2019,9,7.16
CTN_022,PRECTOTCORR,2019,10,4.82
CTN_022,PRECTOTCORR,2019,11,0.8
CTN_022,PRECTOTCORR,2019,12,0.0
CTN_022,PRECTOTCORR,2020,1,0.12
CTN_022,PRECTOTCORR,2020,2,0.07
CTN_022,PRECTOTCORR,2020,3,0.09
CTN_022,PRECTOTCORR,2020,4,0.33
CTN_022,PRECTOTCORR,2020,5,0.75
CTN_022,PRECTOTCORR,2020,6,5.39
CTN_022,PRECTOTCORR,2020,7,5.36
CTN_022,PRECTOTCORR,2020,8,6.61
CTN_022,PRECTOTCORR,2020,9,7.31
CTN_022,PRECTOTCORR,2020,10,1.25
CTN_022,PRECTOTCORR,2020,11,0.12
CTN_022,PRECTOTCORR,2020,12,0.06
CTN_022,PRECTOTCORR,2021,1,0.13
CTN_022,PRECTOTCORR,2021,2,0.28
CTN_022,PRECTOTCORR,2021,3,0.52
CTN_022,PRECTOTCORR,2021,4,0.06
CTN_022,PRECTOTCORR,2021,5,3.03
CTN_022,PRECTOTCORR,2021,6,7.8
CTN_022,PRECTOTCORR,2021,7,4.68
CTN_022,PRECTOTCORR,2021,8,7.8
CTN_022,PRECTOTCORR,2021,9,6.35
CTN_022,PRECTOTCORR,2021,10,2.7
CTN_022,PRECTOTCORR,2021,11,0.05
CTN_022,PRECTOTCORR,2021,12,0.01
CTN_022,PRECTOTCORR,2022,1,0.25
CTN_022,PRECTOTCORR,2022,2,0.03
CTN_022,PRECTOTCORR,2022,3,0.05
CTN_022,PRECTOTCORR,2022,4,0.65
CTN_022,PRECTOTCORR,2022,5,1.65
CTN_022,PRECTOTCORR,2022,6,6.4
CTN_022,PRECTOTCORR,2022,7,5.93
CTN_022,PRECTOTCORR,2022,8,6.73
CTN_022,PRECTOTCORR,2022,9,8.62
CTN_022,PRECTOTCORR,2022,10,2.17
CTN_022,PRECTOTCORR,2022,11,0.29
CTN_022,PRECTOTCORR,2022,12,0.07
CTN_022,PRECTOTCORR,2023,1,0.0
CTN_022,PRECTOTCORR,2023,2,0.0
CTN_022,PRECTOTCORR,2023,3,0.06
CTN_022,PRECTOTCORR,2023,4,1.04
CTN_022,PRECTOTCORR,2023,5,1.32
CTN_022,PRECTOTCORR,2023,6,0.41
CTN_022,PRECTOTCORR,2023,7,5.46
CTN_022,PRECTOTCORR,2023,8,6.88
CTN_022,PRECTOTCORR,2023,9,4.48
CTN_022,PRECTOTCORR,2023,10,4.81
CTN_022,PRECTOTCORR,2023,11,1.48
CTN_022,PRECTOTCORR,2023,12,0.07
CTN_022,PRECTOTCORR,2024,1,0.02
CTN_022,PRECTOTCORR,2024,2,0.38
CTN_022,PRECTOTCORR,2024,3,0.0
CTN_022,PRECTOTCORR,2024,4,0.02
CTN_022,PRECTOTCORR,2024,5,0.49
CTN_022,PRECTOTCORR,2024,6,3.14
CTN_022,PRECTOTCORR,2024,7,7.96
CTN_022,PRECTOTCORR,2024,8,6.29
CTN_022,PRECTOTCORR,2024,9,11.36
CTN_022,PRECTOTCORR,2024,10,2.5
CTN_022,PRECTOTCORR,2024,11,0.28
CTN_022,PRECTOTCORR,2024,12,0.02
CTN_022,T2M,2015,1,19.43
CTN_022,T2M,2015,2,20.74
CTN_022,T2M,2015,3,22.61
CTN_022,T2M,2015,4,26.03
CTN_022,T2M,2015,5,24.94
CTN_022,T2M,2015,6,23.12
CTN_022,T2M,2015,7,22.68
CTN_022,T2M,2015,8,22.89
CTN_022,T2M,2015,9,21.56
CTN_022,T2M,2015,10,21.93
CTN_022,T2M,2015,11,21.74
CTN_022,T2M,2015,12,20.92
CTN_022,T2M,2016,1,19.82
CTN_022,T2M,2016,2,20.35
CTN_022,T2M,2016,3,22.05
CTN_022,T2M,2016,4,25.64
CTN_022,T2M,2016,5,26.62
CTN_022,T2M,2016,6,23.1
CTN_022,T2M,2016,7,22.4
CTN_022,T2M,2016,8,22.18
CTN_022,T2M,2016,9,21.46
CTN_022,T2M,2016,10,21.38
CTN_022,T2M,2016,11,20.32
CTN_022,T2M,2016,12,21.06
CTN_022,T2M,2017,1,20.13
CTN_022,T2M,2017,2,21.6
CTN_022,T2M,2017,3,23.95
CTN_022,T2M,2017,4,25.19
CTN_022,T2M,2017,5,25.84
CTN_022,T2M,2017,6,23.04
CTN_022,T2M,2017,7,21.87
CTN_022,T2M,2017,8,21.99
CTN_022,T2M,2017,9,21.32
CTN_022,T2M,2017,10,20.84
CTN_022,T2M,2017,11,19.45
CTN_022,T2M,2017,12,18.76
CTN_022,T2M,2018,1,18.44
CTN_022,T2M,2018,2,22.14
CTN_022,T2M,2018,3,24.47
CTN_022,T2M,2018,4,25.31
CTN_022,T2M,2018,5,24.99
CTN_022,T2M,2018,6,22.63
CTN_022,T2M,2018,7,22.79
CTN_022,T2M,2018,8,21.66
CTN_022,T2M,2018,9,21.57
CTN_022,T2M,2018,10,21.25
CTN_022,T2M,2018,11,20.16
CTN_022,T2M,2018,12,19.34
CTN_022,T2M,2019,1,19.93
CTN_022,T2M,2019,2,22.26
CTN_022,T2M,2019,3,24.08
CTN_022,T2M,2019,4,25.26
CTN_022,T2M,2019,5,26.06
CTN_022,T2M,2019,6,23.94
CTN_022,T2M,2019,7,22.61
CTN_022,T2M,2019,8,22.49
CTN_022,T2M,2019,9,21.89
CTN_022,T2M,2019,10,21.1
CTN_022,T2M,2019,11,20.77
CTN_022,T2M,2019,12,19.82
CTN_022,T2M,2020,1,20.22
CTN_022,T2M,2020,2,22.15
CTN_022,T2M,2020,3,24.53
CTN_022,T2M,2020,4,26.84
CTN_022,T2M,2020,5,26.33
CTN_022,T2M,2020,6,24.62
CTN_022,T2M,2020,7,22.87
CTN_022,T2M,2020,8,22.13
CTN_022,T2M,2020,9,21.47
CTN_022,T2M,2020,10,20.59
CTN_022,T2M,2020,11,20.33
CTN_022,T2M,2020,12,20.52
CTN_022,T2M,2021,1,21.22
CTN_022,T2M,2021,2,21.37
CTN_022,T2M,2021,3,23.89
CTN_022,T2M,2021,4,25.5
CTN_022,T2M,2021,5,24.89
CTN_022,T2M,2021,6,22.12
CTN_022,T2M,2021,7,22.23
CTN_022,T2M,2021,8,21.68
CTN_022,T2M,2021,9,21.57
CTN_022,T2M,2021,10,21.75
CTN_022,T2M,2021,11,19.59
CTN_022,T2M,2021,12,20.59
CTN_022,T2M,2022,1,20.47
CTN_022,T2M,2022,2,21.7
CTN_022,T2M,2022,3,23.76
CTN_022,T2M,2022,4,25.93
CTN_022,T2M,2022,5,26.28
CTN_022,T2M,2022,6,23.19
CTN_022,T2M,2022,7,23.04
CTN_022,T2M,2022,8,22.12
CTN_022,T2M,2022,9,21.43
CTN_022,T2M,2022,10,21.25
CTN_022,T2M,2022,11,21.3
CTN_022,T2M,2022,12,19.53
CTN_022,T2M,2023,1,20.4
CTN_022,T2M,2023,2,21.71
CTN_022,T2M,2023,3,24.3
CTN_022,T2M,2023,4,25.64
CTN_022,T2M,2023,5,26.36
CTN_022,T2M,2023,6,27.75
CTN_022,T2M,2023,7,24.23
CTN_022,T2M,2023,8,23.08
CTN_022,T2M,2023,9,23.03
CTN_022,T2M,2023,10,22.17
CTN_022,T2M,2023,11,21.35
CTN_022,T2M,2023,12,19.43
CTN_022,T2M,2024,1,21.17
CTN_022,T2M,2024,2,22.4
CTN_022,T2M,2024,3,24.88
CTN_022,T2M,2024,4,26.89
CTN_022,T2M,2024,5,28.49
CTN_022,T2M,2024,6,26.08
CTN_022,T2M,2024,7,23.26
CTN_022,T2M,2024,8,22.81
CTN_022,T2M,2024,9,22.26
CTN_022,T2M,2024,10,20.89
CTN_022,T2M,2024,11,21.01
CTN_022,T2M,2024,12,19.61
CTN_022,T2M_MAX,2015,1,30.07
CTN_022,T2M_MAX,2015,2,33.91
CTN_022,T2M_MAX,2015,3,34.63
CTN_022,T2M_MAX,2015,4,37.35
CTN_022,T2M_MAX,2015,5,36.49
CTN_022,T2M_MAX,2015,6,32.02
CTN_022,T2M_MAX,2015,7,32.26
CTN_022,T2M_MAX,2015,8,31.65
CTN_022,T2M_MAX,2015,9,28.52
CTN_022,T2M_MAX,2015,10,30.3
CTN_022,T2M_MAX,2015,11,30.01
CTN_022,T2M_MAX,2015,12,31.22
CTN_022,T2M_MAX,2016,1,30.89
CTN_022,T2M_MAX,2016,2,33.03
CTN_022,T2M_MAX,2016,3,36.85
CTN_022,T2M_MAX,2016,4,38.17
CTN_022,T2M_MAX,2016,5,38.81
CTN_022,T2M_MAX,2016,6,32.41
CTN_022,T2M_MAX,2016,7,30.5
CTN_022,T2M_MAX,2016,8,29.65
CTN_022,T2M_MAX,2016,9,28.42
CTN_022,T2M_MAX,2016,10,28.99
CTN_022,T2M_MAX,2016,11,29.99
CTN_022,T2M_MAX,2016,12,30.77
CTN_022,T2M_MAX,2017,1,31.62
CTN_022,T2M_MAX,2017,2,33.33
CTN_022,T2M_MAX,2017,3,35.24
CTN_022,T2M_MAX,2017,4,38.5
CTN_022,T2M_MAX,2017,5,37.05
CTN_022,T2M_MAX,2017,6,32.01
CTN_022,T2M_MAX,2017,7,28.72
CTN_022,T2M_MAX,2017,8,29.43
CTN_022,T2M_MAX,2017,9,28.35
CTN_022,T2M_MAX,2017,10,28.27
CTN_022,T2M_MAX,2017,11,29.26
CTN_022,T2M_MAX,2017,12,29.68
CTN_022,T2M_MAX,2018,1,31.01
CTN_022,T2M_MAX,2018,2,32.77
CTN_022,T2M_MAX,2018,3,36.39
CTN_022,T2M_MAX,2018,4,35.94
CTN_022,T2M_MAX,2018,5,37.28
CTN_022,T2M_MAX,2018,6,35.5
CTN_022,T2M_MAX,2018,7,31.77
CTN_022,T2M_MAX,2018,8,29.07
CTN_022,T2M_MAX,2018,9,27.58
CTN_022,T2M_MAX,2018,10,28.02
CTN_022,T2M_MAX,2018,11,29.43
CTN_022,T2M_MAX,2018,12,30.0
CTN_022,T2M_MAX,2019,1,31.58
CTN_022,T2M_MAX,2019,2,34.96
CTN_022,T2M_MAX,2019,3,35.88
CTN_022,T2M_MAX,2019,4,37.45
CTN_022,T2M_MAX,2019,5,37.82
CTN_022,T2M_MAX,2019,6,34.0
CTN_022,T2M_MAX,2019,7,31.1
CTN_022,T2M_MAX,2019,8,29.82
CTN_022,T2M_MAX,2019,9,30.04
CTN_022,T2M_MAX,2019,10,28.06
CTN_022,T2M_MAX,2019,11,29.83
CTN_022,T2M_MAX,2019,12,29.48
CTN_022,T2M_MAX,2020,1,30.82
CTN_022,T2M_MAX,2020,2,34.45
CTN_022,T2M_MAX,2020,3,36.47
CTN_022,T2M_MAX,2020,4,37.74
CTN_022,T2M_MAX,2020,5,37.51
CTN_022,T2M_MAX,2020,6,36.02
CTN_022,T2M_MAX,2020,7,30.95
CTN_022,T2M_MAX,2020,8,29.85
CTN_022,T2M_MAX,2020,9,28.77
CTN_022,T2M_MAX,2020,10,28.55
CTN_022,T2M_MAX,2020,11,30.62
CTN_022,T2M_MAX,2020,12,31.01
CTN_022,T2M_MAX,2021,1,32.63
CTN_022,T2M_MAX,2021,2,33.85
CTN_022,T2M_MAX,2021,3,36.3
CTN_022,T2M_MAX,2021,4,37.51
CTN_022,T2M_MAX,2021,5,35.43
CTN_022,T2M_MAX,2021,6,30.75
CTN_022,T2M_MAX,2021,7,29.59
CTN_022,T2M_MAX,2021,8,30.35
CTN_022,T2M_MAX,2021,9,27.71
CTN_022,T2M_MAX,2021,10,29.46
CTN_022,T2M_MAX,2021,11,28.82
CTN_022,T2M_MAX,2021,12,30.15
CTN_022,T2M_MAX,2022,1,30.95
CTN_022,T2M_MAX,2022,2,33.49
CTN_022,T2M_MAX,2022,3,36.28
CTN_022,T2M_MAX,2022,4,38.22
CTN_022,T2M_MAX,2022,5,38.04
CTN_022,T2M_MAX,2022,6,33.51
CTN_022,T2M_MAX,2022,7,32.44
CTN_022,T2M_MAX,2022,8,30.33
CTN_022,T2M_MAX,2022,9,27.71
CTN_022,T2M_MAX,2022,10,28.75
CTN_022,T2M_MAX,2022,11,30.05
CTN_022,T2M_MAX,2022,12,29.52
CTN_022,T2M_MAX,2023,1,31.21
CTN_022,T2M_MAX,2023,2,34.78
CTN_022,T2M_MAX,2023,3,35.51
CTN_022,T2M_MAX,2023,4,37.84
CTN_022,T2M_MAX,2023,5,37.74
CTN_022,T2M_MAX,2023,6,38.97
CTN_022,T2M_MAX,2023,7,34.96
CTN_022,T2M_MAX,2023,8,31.07
CTN_022,T2M_MAX,2023,9,30.82
CTN_022,T2M_MAX,2023,10,30.46
CTN_022,T2M_MAX,2023,11,30.88
CTN_022,T2M_MAX,2023,12,29.0
CTN_022,T2M_MAX,2024,1,33.22
CTN_022,T2M_MAX,2024,2,34.84
CTN_022,T2M_MAX,2024,3,38.03
CTN_022,T2M_MAX,2024,4,38.23
CTN_022,T2M_MAX,2024,5,39.96
CTN_022,T2M_MAX,2024,6,39.04
CTN_022,T2M_MAX,2024,7,32.71
CTN_022,T2M_MAX,2024,8,29.68
CTN_022,T2M_MAX,2024,9,29.0
CTN_022,T2M_MAX,2024,10,28.37
CTN_022,T2M_MAX,2024,11,29.5
CTN_022,T2M_MAX,2024,12,30.16
CTN_022,WS10M,2015,1,2.4
CTN_022,WS10M,2015,2,2.09
CTN_022,WS10M,2015,3,2.35
CTN_022,WS10M,2015,4,2.4
CTN_022,WS10M,2015,5,1.78
CTN_022,WS10M,2015,6,1.89
CTN_022,WS10M,2015,7,1.93
CTN_022,WS10M,2015,8,1.67
CTN_022,WS10M,2015,9,1.58
CTN_022,WS10M,2015,10,1.81
CTN_022,WS10M,2015,11,1.87
CTN_022,WS10M,2015,12,2.1
CTN_022,WS10M,2016,1,1.94
CTN_022,WS10M,2016,2,2.86
CTN_022,WS10M,2016,3,2.44
CTN_022,WS10M,2016,4,2.13
CTN_022,WS10M,2016,5,2.09
CTN_022,WS10M,2016,6,1.94
CTN_022,WS10M,2016,7,1.5
CTN_022,WS10M,2016,8,1.67
CTN_022,WS10M,2016,9,1.45
CTN_022,WS10M,2016,10,1.69
CTN_022,WS10M,2016,11,1.89
CTN_022,WS10M,2016,12,2.15
CTN_022,WS10M,2017,1,2.16
CTN_022,WS10M,2017,2,2.19
CTN_022,WS10M,2017,3,2.42
CTN_022,WS10M,2017,4,2.41
CTN_022,WS10M,2017,5,2.22
CTN_022,WS10M,2017,6,1.95
CTN_022,WS10M,2017,7,1.57
CTN_022,WS10M,2017,8,1.66
CTN_022,WS10M,2017,9,1.57
CTN_022,WS10M,2017,10,1.86
CTN_022,WS10M,2017,11,1.84
CTN_022,WS10M,2017,12,1.94
CTN_022,WS10M,2018,1,2.75
CTN_022,WS10M,2018,2,2.01
CTN_022,WS10M,2018,3,2.26
CTN_022,WS10M,2018,4,2.4
CTN_022,WS10M,2018,5,2.05
CTN_022,WS10M,2018,6,1.99
CTN_022,WS10M,2018,7,1.66
CTN_022,WS10M,2018,8,1.5
CTN_022,WS10M,2018,9,1.59
CTN_022,WS10M,2018,10,1.83
CTN_022,WS10M,2018,11,1.68
CTN_022,WS10M,2018,12,2.01
CTN_022,WS10M,2019,1,2.04
CTN_022,WS10M,2019,2,2.05
CTN_022,WS10M,2019,3,2.39
CTN_022,WS10M,2019,4,2.44
CTN_022,WS10M,2019,5,2.34
CTN_022,WS10M,2019,6,2.09
CTN_022,WS10M,2019,7,1.53
CTN_022,WS10M,2019,8,1.48
CTN_022,WS10M,2019,9,1.64
CTN_022,WS10M,2019,10,1.63
CTN_022,WS10M,2019,11,1.91
CTN_022,WS10M,2019,12,1.86
CTN_022,WS10M,2020,1,2.43
CTN_022,WS10M,2020,2,2.43
CTN_022,WS10M,2020,3,2.25
CTN_022,WS10M,2020,4,2.54
CTN_022,WS10M,2020,5,2.19
CTN_022,WS10M,2020,6,1.96
CTN_022,WS10M,2020,7,1.68
CTN_022,WS10M,2020,8,1.85
CTN_022,WS10M,2020,9,1.66
CTN_022,WS10M,2020,10,1.68
CTN_022,WS10M,2020,11,2.45
CTN_022,WS10M,2020,12,1.89
CTN_022,WS10M,2021,1,1.94
CTN_022,WS10M,2021,2,2.23
CTN_022,WS10M,2021,3,2.06
CTN_022,WS10M,2021,4,2.69
CTN_022,WS10M,2021,5,2.2
CTN_022,WS10M,2021,6,1.86
CTN_022,WS10M,2021,7,1.73
CTN_022,WS10M,2021,8,1.87
CTN_022,WS10M,2021,9,1.51
CTN_022,WS10M,2021,10,1.65
CTN_022,WS10M,2021,11,1.97
CTN_022,WS10M,2021,12,1.67
CTN_022,WS10M,2022,1,2.08
CTN_022,WS10M,2022,2,2.29
CTN_022,WS10M,2022,3,2.29
CTN_022,WS10M,2022,4,2.38
CTN_022,WS10M,2022,5,2.29
CTN_022,WS10M,2022,6,2.08
CTN_022,WS10M,2022,7,1.6
CTN_022,WS10M,2022,8,1.57
CTN_022,WS10M,2022,9,1.74
CTN_022,WS10M,2022,10,1.64
CTN_022,WS10M,2022,11,1.64
CTN_022,WS10M,2022,12,2.15
CTN_022,WS10M,2023,1,1.91
CTN_022,WS10M,2023,2,2.29
CTN_022,WS10M,2023,3,2.22
CTN_022,WS10M,2023,4,2.47
CTN_022,WS10M,2023,5,2.08
CTN_022,WS10M,2023,6,2.61
CTN_022,WS10M,2023,7,2.0
CTN_022,WS10M,2023,8,1.72
CTN_022,WS10M,2023,9,1.43
CTN_022,WS10M,2023,10,1.82
CTN_022,WS10M,2023,11,1.97
CTN_022,WS10M,2023,12,2.01
CTN_022,WS10M,2024,1,1.97
CTN_022,WS10M,2024,2,1.98
CTN_022,WS10M,2024,3,2.29
CTN_022,WS10M,2024,4,2.47
CTN_022,WS10M,2024,5,2.31
CTN_022,WS10M,2024,6,2.55
CTN_022,WS10M,2024,7,1.63
CTN_022,WS10M,2024,8,1.54
CTN_022,WS10M,2024,9,1.65
CTN_022,WS10M,2024,10,1.86
CTN_022,WS10M,2024,11,1.75
CTN_022,WS10M,2024,12,2.07
CTN_023,ALLSKY_SFC_SW_DWN,2015,1,5.0042
CTN_023,ALLSKY_SFC_SW_DWN,2015,2,5.64
CTN_023,ALLSKY_SFC_SW_DWN,2015,3,6.0809
CTN_023,ALLSKY_SFC_SW_DWN,2015,4,6.8652
CTN_023,ALLSKY_SFC_SW_DWN,2015,5,6.1538
CTN_023,ALLSKY_SFC_SW_DWN,2015,6,6.0982
CTN_023,ALLSKY_SFC_SW_DWN,2015,7,6.4958
CTN_023,ALLSKY_SFC_SW_DWN,2015,8,6.7625
CTN_023,ALLSKY_SFC_SW_DWN,2015,9,5.5152
CTN_023,ALLSKY_SFC_SW_DWN,2015,10,5.2478
CTN_023,ALLSKY_SFC_SW_DWN,2015,11,5.046
CTN_023,ALLSKY_SFC_SW_DWN,2015,12,4.5418
CTN_023,ALLSKY_SFC_SW_DWN,2016,1,4.2569
CTN_023,ALLSKY_SFC_SW_DWN,2016,2,5.9515
CTN_023,ALLSKY_SFC_SW_DWN,2016,3,6.0209
CTN_023,ALLSKY_SFC_SW_DWN,2016,4,6.8695
CTN_023,ALLSKY_SFC_SW_DWN,2016,5,6.5602
CTN_023,ALLSKY_SFC_SW_DWN,2016,6,6.3862
CTN_023,ALLSKY_SFC_SW_DWN,2016,7,6.685
CTN_023,ALLSKY_SFC_SW_DWN,2016,8,6.2203
CTN_023,ALLSKY_SFC_SW_DWN,2016,9,5.8402
CTN_023,ALLSKY_SFC_SW_DWN,2016,10,5.7041
CTN_023,ALLSKY_SFC_SW_DWN,2016,11,5.021
CTN_023,ALLSKY_SFC_SW_DWN,2016,12,5.0251
CTN_023,ALLSKY_SFC_SW_DWN,2017,1,5.4362
CTN_023,ALLSKY_SFC_SW_DWN,2017,2,6.2479
CTN_023,ALLSKY_SFC_SW_DWN,2017,3,6.6509
CTN_023,ALLSKY_SFC_SW_DWN,2017,4,6.9857
CTN_023,ALLSKY_SFC_SW_DWN,2017,5,6.3516
CTN_023,ALLSKY_SFC_SW_DWN,2017,6,6.2203
CTN_023,ALLSKY_SFC_SW_DWN,2017,7,6.4469
CTN_023,ALLSKY_SFC_SW_DWN,2017,8,6.1529
CTN_023,ALLSKY_SFC_SW_DWN,2017,9,5.1929
CTN_023,ALLSKY_SFC_SW_DWN,2017,10,5.6141
CTN_023,ALLSKY_SFC_SW_DWN,2017,11,5.5771
CTN_023,ALLSKY_SFC_SW_DWN,2017,12,5.1017
CTN_023,ALLSKY_SFC_SW_DWN,2018,1,4.9901
CTN_023,ALLSKY_SFC_SW_DWN,2018,2,5.7413
CTN_023,ALLSKY_SFC_SW_DWN,2018,3,6.8285
CTN_023,ALLSKY_SFC_SW_DWN,2018,4,6.8122
CTN_023,ALLSKY_SFC_SW_DWN,2018,5,6.6938
CTN_023,ALLSKY_SFC_SW_DWN,2018,6,5.9774
CTN_023,ALLSKY_SFC_SW_DWN,2018,7,7.1438
CTN_023,ALLSKY_SFC_SW_DWN,2018,8,6.239
CTN_023,ALLSKY_SFC_SW_DWN,2018,9,6.1246
CTN_023,ALLSKY_SFC_SW_DWN,2018,10,5.3028
CTN_023,ALLSKY_SFC_SW_DWN,2018,11,4.5922
CTN_023,ALLSKY_SFC_SW_DWN,2018,12,4.925
CTN_023,ALLSKY_SFC_SW_DWN,2019,1,5.2133
CTN_023,ALLSKY_SFC_SW_DWN,2019,2,6.162
CTN_023,ALLSKY_SFC_SW_DWN,2019,3,6.8842
CTN_023,ALLSKY_SFC_SW_DWN,2019,4,7.2686
CTN_023,ALLSKY_SFC_SW_DWN,2019,5,6.6787
CTN_023,ALLSKY_SFC_SW_DWN,2019,6,6.1706
CTN_023,ALLSKY_SFC_SW_DWN,2019,7,6.6283
CTN_023,ALLSKY_SFC_SW_DWN,2019,8,6.6173
CTN_023,ALLSKY_SFC_SW_DWN,2019,9,5.7451
CTN_023,ALLSKY_SFC_SW_DWN,2019,10,5.0966
CTN_023,ALLSKY_SFC_SW_DWN,2019,11,4.9625
CTN_023,ALLSKY_SFC_SW_DWN,2019,12,4.9049
CTN_023,ALLSKY_SFC_SW_DWN,2020,1,5.1883
CTN_023,ALLSKY_SFC_SW_DWN,2020,2,5.8668
CTN_023,ALLSKY_SFC_SW_DWN,2020,3,6.7982
CTN_023,ALLSKY_SFC_SW_DWN,2020,4,7.2485
CTN_023,ALLSKY_SFC_SW_DWN,2020,5,7.0973
CTN_023,ALLSKY_SFC_SW_DWN,2020,6,6.2933
CTN_023,ALLSKY_SFC_SW_DWN,2020,7,6.5074
CTN_023,ALLSKY_SFC_SW_DWN,2020,8,6.1306
CTN_023,ALLSKY_SFC_SW_DWN,2020,9,5.3494
CTN_023,ALLSKY_SFC_SW_DWN,2020,10,5.976
CTN_023,ALLSKY_SFC_SW_DWN,2020,11,5.4521
CTN_023,ALLSKY_SFC_SW_DWN,2020,12,4.9147
CTN_023,ALLSKY_SFC_SW_DWN,2021,1,4.9764
CTN_023,ALLSKY_SFC_SW_DWN,2021,2,6.3355
CTN_023,ALLSKY_SFC_SW_DWN,2021,3,6.9571
CTN_023,ALLSKY_SFC_SW_DWN,2021,4,7.3402
CTN_023,ALLSKY_SFC_SW_DWN,2021,5,6.7056
CTN_023,ALLSKY_SFC_SW_DWN,2021,6,5.4377
CTN_023,ALLSKY_SFC_SW_DWN,2021,7,6.5021
CTN_023,ALLSKY_SFC_SW_DWN,2021,8,6.0288
CTN_023,ALLSKY_SFC_SW_DWN,2021,9,5.6546
CTN_023,ALLSKY_SFC_SW_DWN,2021,10,5.4322
CTN_023,ALLSKY_SFC_SW_DWN,2021,11,5.4353
CTN_023,ALLSKY_SFC_SW_DWN,2021,12,5.076
CTN_023,ALLSKY_SFC_SW_DWN,2022,1,5.1346
CTN_023,ALLSKY_SFC_SW_DWN,2022,2,6.0017
CTN_023,ALLSKY_SFC_SW_DWN,2022,3,7.147
CTN_023,ALLSKY_SFC_SW_DWN,2022,4,7.1131
CTN_023,ALLSKY_SFC_SW_DWN,2022,5,7.0704
CTN_023,ALLSKY_SFC_SW_DWN,2022,6,6.3852
CTN_023,ALLSKY_SFC_SW_DWN,2022,7,6.3862
CTN_023,ALLSKY_SFC_SW_DWN,2022,8,6.2191
CTN_023,ALLSKY_SFC_SW_DWN,2022,9,5.4391
CTN_023,ALLSKY_SFC_SW_DWN,2022,10,5.309
CTN_023,ALLSKY_SFC_SW_DWN,2022,11,5.1178
CTN_023,ALLSKY_SFC_SW_DWN,2022,12,4.8662
CTN_023,ALLSKY_SFC_SW_DWN,2023,1,5.3026
CTN_023,ALLSKY_SFC_SW_DWN,2023,2,6.1721
CTN_023,ALLSKY_SFC_SW_DWN,2023,3,6.8693
CTN_023,ALLSKY_SFC_SW_DWN,2023,4,7.2379
CTN_023,ALLSKY_SFC_SW_DWN,2023,5,6.3526
CTN_023,ALLSKY_SFC_SW_DWN,2023,6,7.0075
CTN_023,ALLSKY_SFC_SW_DWN,2023,7,6.397
CTN_023,ALLSKY_SFC_SW_DWN,2023,8,5.9563
CTN_023,ALLSKY_SFC_SW_DWN,2023,9,6.3101
CTN_023,ALLSKY_SFC_SW_DWN,2023,10,5.077
CTN_023,ALLSKY_SFC_SW_DWN,2023,11,5.0887
CTN_023,ALLSKY_SFC_SW_DWN,2023,12,4.4184
CTN_023,ALLSKY_SFC_SW_DWN,2024,1,4.8682
CTN_023,ALLSKY_SFC_SW_DWN,2024,2,5.8963
CTN_023,ALLSKY_SFC_SW_DWN,2024,3,7.1731
CTN_023,ALLSKY_SFC_SW_DWN,2024,4,7.3219
CTN_023,ALLSKY_SFC_SW_DWN,2024,5,7.0387
CTN_023,ALLSKY_SFC_SW_DWN,2024,6,6.114
CTN_023,ALLSKY_SFC_SW_DWN,2024,7,6.0914
CTN_023,ALLSKY_SFC_SW_DWN,2024,8,6.3307
CTN_023,ALLSKY_SFC_SW_DWN,2024,9,5.0808
CTN_023,ALLSKY_SFC_SW_DWN,2024,10,5.4211
CTN_023,ALLSKY_SFC_SW_DWN,2024,11,5.292
CTN_023,ALLSKY_SFC_SW_DWN,2024,12,4.8595
CTN_023,PRECTOTCORR,2015,1,0.01
CTN_023,PRECTOTCORR,2015,2,0.1
CTN_023,PRECTOTCORR,2015,3,0.85
CTN_023,PRECTOTCORR,2015,4,0.12
CTN_023,PRECTOTCORR,2015,5,3.72
CTN_023,PRECTOTCORR,2015,6,3.9
CTN_023,PRECTOTCORR,2015,7,3.9
CTN_023,PRECTOTCORR,2015,8,4.88
CTN_023,PRECTOTCORR,2015,9,7.29
CTN_023,PRECTOTCORR,2015,10,2.07
CTN_023,PRECTOTCORR,2015,11,1.32
CTN_023,PRECTOTCORR,2015,12,0.04
CTN_023,PRECTOTCORR,2016,1,0.13
CTN_023,PRECTOTCORR,2016,2,0.05
CTN_023,PRECTOTCORR,2016,3,1.28
CTN_023,PRECTOTCORR,2016,4,0.61
CTN_023,PRECTOTCORR,2016,5,2.01
CTN_023,PRECTOTCORR,2016,6,6.3
CTN_023,PRECTOTCORR,2016,7,6.23
CTN_023,PRECTOTCORR,2016,8,5.76
CTN_023,PRECTOTCORR,2016,9,7.39
CTN_023,PRECTOTCORR,2016,10,1.17
CTN_023,PRECTOTCORR,2016,11,0.86
CTN_023,PRECTOTCORR,2016,12,0.02
CTN_023,PRECTOTCORR,2017,1,0.0
CTN_023,PRECTOTCORR,2017,2,0.0
CTN_023,PRECTOTCORR,2017,3,0.16
CTN_023,PRECTOTCORR,2017,4,0.23
CTN_023,PRECTOTCORR,2017,5,3.42
CTN_023,PRECTOTCORR,2017,6,6.63
CTN_023,PRECTOTCORR,2017,7,6.12
CTN_023,PRECTOTCORR,2017,8,7.23
CTN_023,PRECTOTCORR,2017,9,9.02
CTN_023,PRECTOTCORR,2017,10,1.65
CTN_023,PRECTOTCORR,2017,11,0.08
CTN_023,PRECTOTCORR,2017,12,0.01
CTN_023,PRECTOTCORR,2018,1,0.11
CTN_023,PRECTOTCORR,2018,2,0.08
CTN_023,PRECTOTCORR,2018,3,0.06
CTN_023,PRECTOTCORR,2018,4,0.96
CTN_023,PRECTOTCORR,2018,5,2.67
CTN_023,PRECTOTCORR,2018,6,7.82
CTN_023,PRECTOTCORR,2018,7,2.61
CTN_023,PRECTOTCORR,2018,8,8.7
CTN_023,PRECTOTCORR,2018,9,6.27
CTN_023,PRECTOTCORR,2018,10,3.7
CTN_023,PRECTOTCORR,2018,11,1.06
CTN_023,PRECTOTCORR,2018,12,0.1
CTN_023,PRECTOTCORR,2019,1,0.03
CTN_023,PRECTOTCORR,2019,2,0.01
CTN_023,PRECTOTCORR,2019,3,0.02
CTN_023,PRECTOTCORR,2019,4,0.02
CTN_023,PRECTOTCORR,2019,5,1.67
CTN_023,PRECTOTCORR,2019,6,5.75
CTN_023,PRECTOTCORR,2019,7,5.75
CTN_023,PRECTOTCORR,2019,8,5.2
CTN_023,PRECTOTCORR,2019,9,7.16
CTN_023,PRECTOTCORR,2019,10,4.82
CTN_023,PRECTOTCORR,2019,11,0.8
CTN_023,PRECTOTCORR,2019,12,0.0
CTN_023,PRECTOTCORR,2020,1,0.12
CTN_023,PRECTOTCORR,2020,2,0.07
CTN_023,PRECTOTCORR,2020,3,0.09
CTN_023,PRECTOTCORR,2020,4,0.33
CTN_023,PRECTOTCORR,2020,5,0.75
CTN_023,PRECTOTCORR,2020,6,5.39
CTN_023,PRECTOTCORR,2020,7,5.36
CTN_023,PRECTOTCORR,2020,8,6.61
CTN_023,PRECTOTCORR,2020,9,7.31
CTN_023,PRECTOTCORR,2020,10,1.25
CTN_023,PRECTOTCORR,2020,11,0.12
CTN_023,PRECTOTCORR,2020,12,0.06
CTN_023,PRECTOTCORR,2021,1,0.13
CTN_023,PRECTOTCORR,2021,2,0.28
CTN_023,PRECTOTCORR,2021,3,0.52
CTN_023,PRECTOTCORR,2021,4,0.06
CTN_023,PRECTOTCORR,2021,5,3.03
CTN_023,PRECTOTCORR,2021,6,7.8
CTN_023,PRECTOTCORR,2021,7,4.68
CTN_023,PRECTOTCORR,2021,8,7.8
CTN_023,PRECTOTCORR,2021,9,6.35
CTN_023,PRECTOTCORR,2021,10,2.7
CTN_023,PRECTOTCORR,2021,11,0.05
CTN_023,PRECTOTCORR,2021,12,0.01
CTN_023,PRECTOTCORR,2022,1,0.25
CTN_023,PRECTOTCORR,2022,2,0.03
CTN_023,PRECTOTCORR,2022,3,0.05
CTN_023,PRECTOTCORR,2022,4,0.65
CTN_023,PRECTOTCORR,2022,5,1.65
CTN_023,PRECTOTCORR,2022,6,6.4
CTN_023,PRECTOTCORR,2022,7,5.93
CTN_023,PRECTOTCORR,2022,8,6.73
CTN_023,PRECTOTCORR,2022,9,8.62
CTN_023,PRECTOTCORR,2022,10,2.17
CTN_023,PRECTOTCORR,2022,11,0.29
CTN_023,PRECTOTCORR,2022,12,0.07
CTN_023,PRECTOTCORR,2023,1,0.0
CTN_023,PRECTOTCORR,2023,2,0.0
CTN_023,PRECTOTCORR,2023,3,0.06
CTN_023,PRECTOTCORR,2023,4,1.04
CTN_023,PRECTOTCORR,2023,5,1.32
CTN_023,PRECTOTCORR,2023,6,0.41
CTN_023,PRECTOTCORR,2023,7,5.46
CTN_023,PRECTOTCORR,2023,8,6.88
CTN_023,PRECTOTCORR,2023,9,4.48
CTN_023,PRECTOTCORR,2023,10,4.81
CTN_023,PRECTOTCORR,2023,11,1.48
CTN_023,PRECTOTCORR,2023,12,0.07
CTN_023,PRECTOTCORR,2024,1,0.02
CTN_023,PRECTOTCORR,2024,2,0.38
CTN_023,PRECTOTCORR,2024,3,0.0
CTN_023,PRECTOTCORR,2024,4,0.02
CTN_023,PRECTOTCORR,2024,5,0.49
CTN_023,PRECTOTCORR,2024,6,3.14
CTN_023,PRECTOTCORR,2024,7,7.96
CTN_023,PRECTOTCORR,2024,8,6.29
CTN_023,PRECTOTCORR,2024,9,11.36
CTN_023,PRECTOTCORR,2024,10,2.5
CTN_023,PRECTOTCORR,2024,11,0.28
CTN_023,PRECTOTCORR,2024,12,0.02
CTN_023,T2M,2015,1,19.43
CTN_023,T2M,2015,2,20.74
CTN_023,T2M,2015,3,22.61
CTN_023,T2M,2015,4,26.03
CTN_023,T2M,2015,5,24.94
CTN_023,T2M,2015,6,23.12
CTN_023,T2M,2015,7,22.68
CTN_023,T2M,2015,8,22.89
CTN_023,T2M,2015,9,21.56
CTN_023,T2M,2015,10,21.93
CTN_023,T2M,2015,11,21.74
CTN_023,T2M,2015,12,20.92
CTN_023,T2M,2016,1,19.82
CTN_023,T2M,2016,2,20.35
CTN_023,T2M,2016,3,22.05
CTN_023,T2M,2016,4,25.64
CTN_023,T2M,2016,5,26.62
CTN_023,T2M,2016,6,23.1
CTN_023,T2M,2016,7,22.4
CTN_023,T2M,2016,8,22.18
CTN_023,T2M,2016,9,21.46
CTN_023,T2M,2016,10,21.38
CTN_023,T2M,2016,11,20.32
CTN_023,T2M,2016,12,21.06
CTN_023,T2M,2017,1,20.13
CTN_023,T2M,2017,2,21.6
CTN_023,T2M,2017,3,23.95
CTN_023,T2M,2017,4,25.19
CTN_023,T2M,2017,5,25.84
CTN_023,T2M,2017,6,23.04
CTN_023,T2M,2017,7,21.87
CTN_023,T2M,2017,8,21.99
CTN_023,T2M,2017,9,21.32
CTN_023,T2M,2017,10,20.84
CTN_023,T2M,2017,11,19.45
CTN_023,T2M,2017,12,18.76
CTN_023,T2M,2018,1,18.44
CTN_023,T2M,2018,2,22.14
CTN_023,T2M,2018,3,24.47
CTN_023,T2M,2018,4,25.31
CTN_023,T2M,2018,5,24.99
CTN_023,T2M,2018,6,22.63
CTN_023,T2M,2018,7,22.79
CTN_023,T2M,2018,8,21.66
CTN_023,T2M,2018,9,21.57
CTN_023,T2M,2018,10,21.25
CTN_023,T2M,2018,11,20.16
CTN_023,T2M,2018,12,19.34
CTN_023,T2M,2019,1,19.93
CTN_023,T2M,2019,2,22.26
CTN_023,T2M,2019,3,24.08
CTN_023,T2M,2019,4,25.26
CTN_023,T2M,2019,5,26.06
CTN_023,T2M,2019,6,23.94
CTN_023,T2M,2019,7,22.61
CTN_023,T2M,2019,8,22.49
CTN_023,T2M,2019,9,21.89
CTN_023,T2M,2019,10,21.1
CTN_023,T2M,2019,11,20.77
CTN_023,T2M,2019,12,19.82
CTN_023,T2M,2020,1,20.22
CTN_023,T2M,2020,2,22.15
CTN_023,T2M,2020,3,24.53
CTN_023,T2M,2020,4,26.84
CTN_023,T2M,2020,5,26.33
CTN_023,T2M,2020,6,24.62
CTN_023,T2M,2020,7,22.87
CTN_023,T2M,2020,8,22.13
CTN_023,T2M,2020,9,21.47
CTN_023,T2M,2020,10,20.59
CTN_023,T2M,2020,11,20.33
CTN_023,T2M,2020,12,20.52
CTN_023,T2M,2021,1,21.22
CTN_023,T2M,2021,2,21.37
CTN_023,T2M,2021,3,23.89
CTN_023,T2M,2021,4,25.5
CTN_023,T2M,2021,5,24.89
CTN_023,T2M,2021,6,22.12
CTN_023,T2M,2021,7,22.23
CTN_023,T2M,2021,8,21.68
CTN_023,T2M,2021,9,21.57
CTN_023,T2M,2021,10,21.75
CTN_023,T2M,2021,11,19.59
CTN_023,T2M,2021,12,20.59
CTN_023,T2M,2022,1,20.47
CTN_023,T2M,2022,2,21.7
CTN_023,T2M,2022,3,23.76
CTN_023,T2M,2022,4,25.93
CTN_023,T2M,2022,5,26.28
CTN_023,T2M,2022,6,23.19
CTN_023,T2M,2022,7,23.04
CTN_023,T2M,2022,8,22.12
CTN_023,T2M,2022,9,21.43
CTN_023,T2M,2022,10,21.25
CTN_023,T2M,2022,11,21.3
CTN_023,T2M,2022,12,19.53
CTN_023,T2M,2023,1,20.4
CTN_023,T2M,2023,2,21.71
CTN_023,T2M,2023,3,24.3
CTN_023,T2M,2023,4,25.64
CTN_023,T2M,2023,5,26.36
CTN_023,T2M,2023,6,27.75
CTN_023,T2M,2023,7,24.23
CTN_023,T2M,2023,8,23.08
CTN_023,T2M,2023,9,23.03
CTN_023,T2M,2023,10,22.17
CTN_023,T2M,2023,11,21.35
CTN_023,T2M,2023,12,19.43
CTN_023,T2M,2024,1,21.17
CTN_023,T2M,2024,2,22.4
CTN_023,T2M,2024,3,24.88
CTN_023,T2M,2024,4,26.89
CTN_023,T2M,2024,5,28.49
CTN_023,T2M,2024,6,26.08
CTN_023,T2M,2024,7,23.26
CTN_023,T2M,2024,8,22.81
CTN_023,T2M,2024,9,22.26
CTN_023,T2M,2024,10,20.89
CTN_023,T2M,2024,11,21.01
CTN_023,T2M,2024,12,19.61
CTN_023,T2M_MAX,2015,1,30.07
CTN_023,T2M_MAX,2015,2,33.91
CTN_023,T2M_MAX,2015,3,34.63
CTN_023,T2M_MAX,2015,4,37.35
CTN_023,T2M_MAX,2015,5,36.49
CTN_023,T2M_MAX,2015,6,32.02
CTN_023,T2M_MAX,2015,7,32.26
CTN_023,T2M_MAX,2015,8,31.65
CTN_023,T2M_MAX,2015,9,28.52
CTN_023,T2M_MAX,2015,10,30.3
CTN_023,T2M_MAX,2015,11,30.01
CTN_023,T2M_MAX,2015,12,31.22
CTN_023,T2M_MAX,2016,1,30.89
CTN_023,T2M_MAX,2016,2,33.03
CTN_023,T2M_MAX,2016,3,36.85
CTN_023,T2M_MAX,2016,4,38.17
CTN_023,T2M_MAX,2016,5,38.81
CTN_023,T2M_MAX,2016,6,32.41
CTN_023,T2M_MAX,2016,7,30.5
CTN_023,T2M_MAX,2016,8,29.65
CTN_023,T2M_MAX,2016,9,28.42
CTN_023,T2M_MAX,2016,10,28.99
CTN_023,T2M_MAX,2016,11,29.99
CTN_023,T2M_MAX,2016,12,30.77
CTN_023,T2M_MAX,2017,1,31.62
CTN_023,T2M_MAX,2017,2,33.33
CTN_023,T2M_MAX,2017,3,35.24
CTN_023,T2M_MAX,2017,4,38.5
CTN_023,T2M_MAX,2017,5,37.05
CTN_023,T2M_MAX,2017,6,32.01
CTN_023,T2M_MAX,2017,7,28.72
CTN_023,T2M_MAX,2017,8,29.43
CTN_023,T2M_MAX,2017,9,28.35
CTN_023,T2M_MAX,2017,10,28.27
CTN_023,T2M_MAX,2017,11,29.26
CTN_023,T2M_MAX,2017,12,29.68
CTN_023,T2M_MAX,2018,1,31.01
CTN_023,T2M_MAX,2018,2,32.77
CTN_023,T2M_MAX,2018,3,36.39
CTN_023,T2M_MAX,2018,4,35.94
CTN_023,T2M_MAX,2018,5,37.28
CTN_023,T2M_MAX,2018,6,35.5
CTN_023,T2M_MAX,2018,7,31.77
CTN_023,T2M_MAX,2018,8,29.07
CTN_023,T2M_MAX,2018,9,27.58
CTN_023,T2M_MAX,2018,10,28.02
CTN_023,T2M_MAX,2018,11,29.43
CTN_023,T2M_MAX,2018,12,30.0
CTN_023,T2M_MAX,2019,1,31.58
CTN_023,T2M_MAX,2019,2,34.96
CTN_023,T2M_MAX,2019,3,35.88
CTN_023,T2M_MAX,2019,4,37.45
CTN_023,T2M_MAX,2019,5,37.82
CTN_023,T2M_MAX,2019,6,34.0
CTN_023,T2M_MAX,2019,7,31.1
CTN_023,T2M_MAX,2019,8,29.82
CTN_023,T2M_MAX,2019,9,30.04
CTN_023,T2M_MAX,2019,10,28.06
CTN_023,T2M_MAX,2019,11,29.83
CTN_023,T2M_MAX,2019,12,29.48
CTN_023,T2M_MAX,2020,1,30.82
CTN_023,T2M_MAX,2020,2,34.45
CTN_023,T2M_MAX,2020,3,36.47
CTN_023,T2M_MAX,2020,4,37.74
CTN_023,T2M_MAX,2020,5,37.51
CTN_023,T2M_MAX,2020,6,36.02
CTN_023,T2M_MAX,2020,7,30.95
CTN_023,T2M_MAX,2020,8,29.85
CTN_023,T2M_MAX,2020,9,28.77
CTN_023,T2M_MAX,2020,10,28.55
CTN_023,T2M_MAX,2020,11,30.62
CTN_023,T2M_MAX,2020,12,31.01
CTN_023,T2M_MAX,2021,1,32.63
CTN_023,T2M_MAX,2021,2,33.85
CTN_023,T2M_MAX,2021,3,36.3
CTN_023,T2M_MAX,2021,4,37.51
CTN_023,T2M_MAX,2021,5,35.43
CTN_023,T2M_MAX,2021,6,30.75
CTN_023,T2M_MAX,2021,7,29.59
CTN_023,T2M_MAX,2021,8,30.35
CTN_023,T2M_MAX,2021,9,27.71
CTN_023,T2M_MAX,2021,10,29.46
CTN_023,T2M_MAX,2021,11,28.82
CTN_023,T2M_MAX,2021,12,30.15
CTN_023,T2M_MAX,2022,1,30.95
CTN_023,T2M_MAX,2022,2,33.49
CTN_023,T2M_MAX,2022,3,36.28
CTN_023,T2M_MAX,2022,4,38.22
CTN_023,T2M_MAX,2022,5,38.04
CTN_023,T2M_MAX,2022,6,33.51
CTN_023,T2M_MAX,2022,7,32.44
CTN_023,T2M_MAX,2022,8,30.33
CTN_023,T2M_MAX,2022,9,27.71
CTN_023,T2M_MAX,2022,10,28.75
CTN_023,T2M_MAX,2022,11,30.05
CTN_023,T2M_MAX,2022,12,29.52
CTN_023,T2M_MAX,2023,1,31.21
CTN_023,T2M_MAX,2023,2,34.78
CTN_023,T2M_MAX,2023,3,35.51
CTN_023,T2M_MAX,2023,4,37.84
CTN_023,T2M_MAX,2023,5,37.74
CTN_023,T2M_MAX,2023,6,38.97
CTN_023,T2M_MAX,2023,7,34.96
CTN_023,T2M_MAX,2023,8,31.07
CTN_023,T2M_MAX,2023,9,30.82
CTN_023,T2M_MAX,2023,10,30.46
CTN_023,T2M_MAX,2023,11,30.88
CTN_023,T2M_MAX,2023,12,29.0
CTN_023,T2M_MAX,2024,1,33.22
CTN_023,T2M_MAX,2024,2,34.84
CTN_023,T2M_MAX,2024,3,38.03
CTN_023,T2M_MAX,2024,4,38.23
CTN_023,T2M_MAX,2024,5,39.96
CTN_023,T2M_MAX,2024,6,39.04
CTN_023,T2M_MAX,2024,7,32.71
CTN_023,T2M_MAX,2024,8,29.68
CTN_023,T2M_MAX,2024,9,29.0
CTN_023,T2M_MAX,2024,10,28.37
CTN_023,T2M_MAX,2024,11,29.5
CTN_023,T2M_MAX,2024,12,30.16
CTN_023,WS10M,2015,1,2.4
CTN_023,WS10M,2015,2,2.09
CTN_023,WS10M,2015,3,2.35
CTN_023,WS10M,2015,4,2.4
CTN_023,WS10M,2015,5,1.78
CTN_023,WS10M,2015,6,1.89
CTN_023,WS10M,2015,7,1.93
CTN_023,WS10M,2015,8,1.67
CTN_023,WS10M,2015,9,1.58
CTN_023,WS10M,2015,10,1.81
CTN_023,WS10M,2015,11,1.87
CTN_023,WS10M,2015,12,2.1
CTN_023,WS10M,2016,1,1.94
CTN_023,WS10M,2016,2,2.86
CTN_023,WS10M,2016,3,2.44
CTN_023,WS10M,2016,4,2.13
CTN_023,WS10M,2016,5,2.09
CTN_023,WS10M,2016,6,1.94
CTN_023,WS10M,2016,7,1.5
CTN_023,WS10M,2016,8,1.67
CTN_023,WS10M,2016,9,1.45
CTN_023,WS10M,2016,10,1.69
CTN_023,WS10M,2016,11,1.89
CTN_023,WS10M,2016,12,2.15
CTN_023,WS10M,2017,1,2.16
CTN_023,WS10M,2017,2,2.19
CTN_023,WS10M,2017,3,2.42
CTN_023,WS10M,2017,4,2.41
CTN_023,WS10M,2017,5,2.22
CTN_023,WS10M,2017,6,1.95
CTN_023,WS10M,2017,7,1.57
CTN_023,WS10M,2017,8,1.66
CTN_023,WS10M,2017,9,1.57
CTN_023,WS10M,2017,10,1.86
CTN_023,WS10M,2017,11,1.84
CTN_023,WS10M,2017,12,1.94
CTN_023,WS10M,2018,1,2.75
CTN_023,WS10M,2018,2,2.01
CTN_023,WS10M,2018,3,2.26
CTN_023,WS10M,2018,4,2.4
CTN_023,WS10M,2018,5,2.05
CTN_023,WS10M,2018,6,1.99
CTN_023,WS10M,2018,7,1.66
CTN_023,WS10M,2018,8,1.5
CTN_023,WS10M,2018,9,1.59
CTN_023,WS10M,2018,10,1.83
CTN_023,WS10M,2018,11,1.68
CTN_023,WS10M,2018,12,2.01
CTN_023,WS10M,2019,1,2.04
CTN_023,WS10M,2019,2,2.05
CTN_023,WS10M,2019,3,2.39
CTN_023,WS10M,2019,4,2.44
CTN_023,WS10M,2019,5,2.34
CTN_023,WS10M,2019,6,2.09
CTN_023,WS10M,2019,7,1.53
CTN_023,WS10M,2019,8,1.48
CTN_023,WS10M,2019,9,1.64
CTN_023,WS10M,2019,10,1.63
CTN_023,WS10M,2019,11,1.91
CTN_023,WS10M,2019,12,1.86
CTN_023,WS10M,2020,1,2.43
CTN_023,WS10M,2020,2,2.43
CTN_023,WS10M,2020,3,2.25
CTN_023,WS10M,2020,4,2.54
CTN_023,WS10M,2020,5,2.19
CTN_023,WS10M,2020,6,1.96
CTN_023,WS10M,2020,7,1.68
CTN_023,WS10M,2020,8,1.85
CTN_023,WS10M,2020,9,1.66
CTN_023,WS10M,2020,10,1.68
CTN_023,WS10M,2020,11,2.45
CTN_023,WS10M,2020,12,1.89
CTN_023,WS10M,2021,1,1.94
CTN_023,WS10M,2021,2,2.23
CTN_023,WS10M,2021,3,2.06
CTN_023,WS10M,2021,4,2.69
CTN_023,WS10M,2021,5,2.2
CTN_023,WS10M,2021,6,1.86
CTN_023,WS10M,2021,7,1.73
CTN_023,WS10M,2021,8,1.87
CTN_023,WS10M,2021,9,1.51
CTN_023,WS10M,2021,10,1.65
CTN_023,WS10M,2021,11,1.97
CTN_023,WS10M,2021,12,1.67
CTN_023,WS10M,2022,1,2.08
CTN_023,WS10M,2022,2,2.29
CTN_023,WS10M,2022,3,2.29
CTN_023,WS10M,2022,4,2.38
CTN_023,WS10M,2022,5,2.29
CTN_023,WS10M,2022,6,2.08
CTN_023,WS10M,2022,7,1.6
CTN_023,WS10M,2022,8,1.57
CTN_023,WS10M,2022,9,1.74
CTN_023,WS10M,2022,10,1.64
CTN_023,WS10M,2022,11,1.64
CTN_023,WS10M,2022,12,2.15
CTN_023,WS10M,2023,1,1.91
CTN_023,WS10M,2023,2,2.29
CTN_023,WS10M,2023,3,2.22
CTN_023,WS10M,2023,4,2.47
CTN_023,WS10M,2023,5,2.08
CTN_023,WS10M,2023,6,2.61
CTN_023,WS10M,2023,7,2.0
CTN_023,WS10M,2023,8,1.72
CTN_023,WS10M,2023,9,1.43
CTN_023,WS10M,2023,10,1.82
CTN_023,WS10M,2023,11,1.97
CTN_023,WS10M,2023,12,2.01
CTN_023,WS10M,2024,1,1.97
CTN_023,WS10M,2024,2,1.98
CTN_023,WS10M,2024,3,2.29
CTN_023,WS10M,2024,4,2.47
CTN_023,WS10M,2024,5,2.31
CTN_023,WS10M,2024,6,2.55
CTN_023,WS10M,2024,7,1.63
CTN_023,WS10M,2024,8,1.54
CTN_023,WS10M,2024,9,1.65
CTN_023,WS10M,2024,10,1.86
CTN_023,WS10M,2024,11,1.75
CTN_023,WS10M,2024,12,2.07
CTN_024,ALLSKY_SFC_SW_DWN,2015,1,5.0042
CTN_024,ALLSKY_SFC_SW_DWN,2015,2,5.64
CTN_024,ALLSKY_SFC_SW_DWN,2015,3,6.0809
CTN_024,ALLSKY_SFC_SW_DWN,2015,4,6.8652
CTN_024,ALLSKY_SFC_SW_DWN,2015,5,6.1538
CTN_024,ALLSKY_SFC_SW_DWN,2015,6,6.0982
CTN_024,ALLSKY_SFC_SW_DWN,2015,7,6.4958
CTN_024,ALLSKY_SFC_SW_DWN,2015,8,6.7625
CTN_024,ALLSKY_SFC_SW_DWN,2015,9,5.5152
CTN_024,ALLSKY_SFC_SW_DWN,2015,10,5.2478
CTN_024,ALLSKY_SFC_SW_DWN,2015,11,5.046
CTN_024,ALLSKY_SFC_SW_DWN,2015,12,4.5418
CTN_024,ALLSKY_SFC_SW_DWN,2016,1,4.2569
CTN_024,ALLSKY_SFC_SW_DWN,2016,2,5.9515
CTN_024,ALLSKY_SFC_SW_DWN,2016,3,6.0209
CTN_024,ALLSKY_SFC_SW_DWN,2016,4,6.8695
CTN_024,ALLSKY_SFC_SW_DWN,2016,5,6.5602
CTN_024,ALLSKY_SFC_SW_DWN,2016,6,6.3862
CTN_024,ALLSKY_SFC_SW_DWN,2016,7,6.685
CTN_024,ALLSKY_SFC_SW_DWN,2016,8,6.2203
CTN_024,ALLSKY_SFC_SW_DWN,2016,9,5.8402
CTN_024,ALLSKY_SFC_SW_DWN,2016,10,5.7041
CTN_024,ALLSKY_SFC_SW_DWN,2016,11,5.021
CTN_024,ALLSKY_SFC_SW_DWN,2016,12,5.0251
CTN_024,ALLSKY_SFC_SW_DWN,2017,1,5.4362
CTN_024,ALLSKY_SFC_SW_DWN,2017,2,6.2479
CTN_024,ALLSKY_SFC_SW_DWN,2017,3,6.6509
CTN_024,ALLSKY_SFC_SW_DWN,2017,4,6.9857
CTN_024,ALLSKY_SFC_SW_DWN,2017,5,6.3516
CTN_024,ALLSKY_SFC_SW_DWN,2017,6,6.2203
CTN_024,ALLSKY_SFC_SW_DWN,2017,7,6.4469
CTN_024,ALLSKY_SFC_SW_DWN,2017,8,6.1529
CTN_024,ALLSKY_SFC_SW_DWN,2017,9,5.1929
CTN_024,ALLSKY_SFC_SW_DWN,2017,10,5.6141
CTN_024,ALLSKY_SFC_SW_DWN,2017,11,5.5771
CTN_024,ALLSKY_SFC_SW_DWN,2017,12,5.1017
CTN_024,ALLSKY_SFC_SW_DWN,2018,1,4.9901
CTN_024,ALLSKY_SFC_SW_DWN,2018,2,5.7413
CTN_024,ALLSKY_SFC_SW_DWN,2018,3,6.8285
CTN_024,ALLSKY_SFC_SW_DWN,2018,4,6.8122
CTN_024,ALLSKY_SFC_SW_DWN,2018,5,6.6938
CTN_024,ALLSKY_SFC_SW_DWN,2018,6,5.9774
CTN_024,ALLSKY_SFC_SW_DWN,2018,7,7.1438
CTN_024,ALLSKY_SFC_SW_DWN,2018,8,6.239
CTN_024,ALLSKY_SFC_SW_DWN,2018,9,6.1246
CTN_024,ALLSKY_SFC_SW_DWN,2018,10,5.3028
CTN_024,ALLSKY_SFC_SW_DWN,2018,11,4.5922
CTN_024,ALLSKY_SFC_SW_DWN,2018,12,4.925
CTN_024,ALLSKY_SFC_SW_DWN,2019,1,5.2133
CTN_024,ALLSKY_SFC_SW_DWN,2019,2,6.162
CTN_024,ALLSKY_SFC_SW_DWN,2019,3,6.8842
CTN_024,ALLSKY_SFC_SW_DWN,2019,4,7.2686
CTN_024,ALLSKY_SFC_SW_DWN,2019,5,6.6787
CTN_024,ALLSKY_SFC_SW_DWN,2019,6,6.1706
CTN_024,ALLSKY_SFC_SW_DWN,2019,7,6.6283
CTN_024,ALLSKY_SFC_SW_DWN,2019,8,6.6173
CTN_024,ALLSKY_SFC_SW_DWN,2019,9,5.7451
CTN_024,ALLSKY_SFC_SW_DWN,2019,10,5.0966
CTN_024,ALLSKY_SFC_SW_DWN,2019,11,4.9625
CTN_024,ALLSKY_SFC_SW_DWN,2019,12,4.9049
CTN_024,ALLSKY_SFC_SW_DWN,2020,1,5.1883
CTN_024,ALLSKY_SFC_SW_DWN,2020,2,5.8668
CTN_024,ALLSKY_SFC_SW_DWN,2020,3,6.7982
CTN_024,ALLSKY_SFC_SW_DWN,2020,4,7.2485
CTN_024,ALLSKY_SFC_SW_DWN,2020,5,7.0973
CTN_024,ALLSKY_SFC_SW_DWN,2020,6,6.2933
CTN_024,ALLSKY_SFC_SW_DWN,2020,7,6.5074
CTN_024,ALLSKY_SFC_SW_DWN,2020,8,6.1306
CTN_024,ALLSKY_SFC_SW_DWN,2020,9,5.3494
CTN_024,ALLSKY_SFC_SW_DWN,2020,10,5.976
CTN_024,ALLSKY_SFC_SW_DWN,2020,11,5.4521
CTN_024,ALLSKY_SFC_SW_DWN,2020,12,4.9147
CTN_024,ALLSKY_SFC_SW_DWN,2021,1,4.9764
CTN_024,ALLSKY_SFC_SW_DWN,2021,2,6.3355
CTN_024,ALLSKY_SFC_SW_DWN,2021,3,6.9571
CTN_024,ALLSKY_SFC_SW_DWN,2021,4,7.3402
CTN_024,ALLSKY_SFC_SW_DWN,2021,5,6.7056
CTN_024,ALLSKY_SFC_SW_DWN,2021,6,5.4377
CTN_024,ALLSKY_SFC_SW_DWN,2021,7,6.5021
CTN_024,ALLSKY_SFC_SW_DWN,2021,8,6.0288
CTN_024,ALLSKY_SFC_SW_DWN,2021,9,5.6546
CTN_024,ALLSKY_SFC_SW_DWN,2021,10,5.4322
CTN_024,ALLSKY_SFC_SW_DWN,2021,11,5.4353
CTN_024,ALLSKY_SFC_SW_DWN,2021,12,5.076
CTN_024,ALLSKY_SFC_SW_DWN,2022,1,5.1346
CTN_024,ALLSKY_SFC_SW_DWN,2022,2,6.0017
CTN_024,ALLSKY_SFC_SW_DWN,2022,3,7.147
CTN_024,ALLSKY_SFC_SW_DWN,2022,4,7.1131
CTN_024,ALLSKY_SFC_SW_DWN,2022,5,7.0704
CTN_024,ALLSKY_SFC_SW_DWN,2022,6,6.3852
CTN_024,ALLSKY_SFC_SW_DWN,2022,7,6.3862
CTN_024,ALLSKY_SFC_SW_DWN,2022,8,6.2191
CTN_024,ALLSKY_SFC_SW_DWN,2022,9,5.4391
CTN_024,ALLSKY_SFC_SW_DWN,2022,10,5.309
CTN_024,ALLSKY_SFC_SW_DWN,2022,11,5.1178
CTN_024,ALLSKY_SFC_SW_DWN,2022,12,4.8662
CTN_024,ALLSKY_SFC_SW_DWN,2023,1,5.3026
CTN_024,ALLSKY_SFC_SW_DWN,2023,2,6.1721
CTN_024,ALLSKY_SFC_SW_DWN,2023,3,6.8693
CTN_024,ALLSKY_SFC_SW_DWN,2023,4,7.2379
CTN_024,ALLSKY_SFC_SW_DWN,2023,5,6.3526
CTN_024,ALLSKY_SFC_SW_DWN,2023,6,7.0075
CTN_024,ALLSKY_SFC_SW_DWN,2023,7,6.397
CTN_024,ALLSKY_SFC_SW_DWN,2023,8,5.9563
CTN_024,ALLSKY_SFC_SW_DWN,2023,9,6.3101
CTN_024,ALLSKY_SFC_SW_DWN,2023,10,5.077
CTN_024,ALLSKY_SFC_SW_DWN,2023,11,5.0887
CTN_024,ALLSKY_SFC_SW_DWN,2023,12,4.4184
CTN_024,ALLSKY_SFC_SW_DWN,2024,1,4.8682
CTN_024,ALLSKY_SFC_SW_DWN,2024,2,5.8963
CTN_024,ALLSKY_SFC_SW_DWN,2024,3,7.1731
CTN_024,ALLSKY_SFC_SW_DWN,2024,4,7.3219
CTN_024,ALLSKY_SFC_SW_DWN,2024,5,7.0387
CTN_024,ALLSKY_SFC_SW_DWN,2024,6,6.114
CTN_024,ALLSKY_SFC_SW_DWN,2024,7,6.0914
CTN_024,ALLSKY_SFC_SW_DWN,2024,8,6.3307
CTN_024,ALLSKY_SFC_SW_DWN,2024,9,5.0808
CTN_024,ALLSKY_SFC_SW_DWN,2024,10,5.4211
CTN_024,ALLSKY_SFC_SW_DWN,2024,11,5.292
CTN_024,ALLSKY_SFC_SW_DWN,2024,12,4.8595
CTN_024,PRECTOTCORR,2015,1,0.01
CTN_024,PRECTOTCORR,2015,2,0.1
CTN_024,PRECTOTCORR,2015,3,0.85
CTN_024,PRECTOTCORR,2015,4,0.12
CTN_024,PRECTOTCORR,2015,5,3.72
CTN_024,PRECTOTCORR,2015,6,3.9
CTN_024,PRECTOTCORR,2015,7,3.9
CTN_024,PRECTOTCORR,2015,8,4.88
CTN_024,PRECTOTCORR,2015,9,7.29
CTN_024,PRECTOTCORR,2015,10,2.07
CTN_024,PRECTOTCORR,2015,11,1.32
CTN_024,PRECTOTCORR,2015,12,0.04
CTN_024,PRECTOTCORR,2016,1,0.13
CTN_024,PRECTOTCORR,2016,2,0.05
CTN_024,PRECTOTCORR,2016,3,1.28
CTN_024,PRECTOTCORR,2016,4,0.61
CTN_024,PRECTOTCORR,2016,5,2.01
CTN_024,PRECTOTCORR,2016,6,6.3
CTN_024,PRECTOTCORR,2016,7,6.23
CTN_024,PRECTOTCORR,2016,8,5.76
CTN_024,PRECTOTCORR,2016,9,7.39
CTN_024,PRECTOTCORR,2016,10,1.17
CTN_024,PRECTOTCORR,2016,11,0.86
CTN_024,PRECTOTCORR,2016,12,0.02
CTN_024,PRECTOTCORR,2017,1,0.0
CTN_024,PRECTOTCORR,2017,2,0.0
CTN_024,PRECTOTCORR,2017,3,0.16
CTN_024,PRECTOTCORR,2017,4,0.23
CTN_024,PRECTOTCORR,2017,5,3.42
CTN_024,PRECTOTCORR,2017,6,6.63
CTN_024,PRECTOTCORR,2017,7,6.12
CTN_024,PRECTOTCORR,2017,8,7.23
CTN_024,PRECTOTCORR,2017,9,9.02
CTN_024,PRECTOTCORR,2017,10,1.65
CTN_024,PRECTOTCORR,2017,11,0.08
CTN_024,PRECTOTCORR,2017,12,0.01
CTN_024,PRECTOTCORR,2018,1,0.11
CTN_024,PRECTOTCORR,2018,2,0.08
CTN_024,PRECTOTCORR,2018,3,0.06
CTN_024,PRECTOTCORR,2018,4,0.96
CTN_024,PRECTOTCORR,2018,5,2.67
CTN_024,PRECTOTCORR,2018,6,7.82
CTN_024,PRECTOTCORR,2018,7,2.61
CTN_024,PRECTOTCORR,2018,8,8.7
CTN_024,PRECTOTCORR,2018,9,6.27
CTN_024,PRECTOTCORR,2018,10,3.7
CTN_024,PRECTOTCORR,2018,11,1.06
CTN_024,PRECTOTCORR,2018,12,0.1
CTN_024,PRECTOTCORR,2019,1,0.03
CTN_024,PRECTOTCORR,2019,2,0.01
CTN_024,PRECTOTCORR,2019,3,0.02
CTN_024,PRECTOTCORR,2019,4,0.02
CTN_024,PRECTOTCORR,2019,5,1.67
CTN_024,PRECTOTCORR,2019,6,5.75
CTN_024,PRECTOTCORR,2019,7,5.75
CTN_024,PRECTOTCORR,2019,8,5.2
CTN_024,PRECTOTCORR,2019,9,7.16
CTN_024,PRECTOTCORR,2019,10,4.82
CTN_024,PRECTOTCORR,2019,11,0.8
CTN_024,PRECTOTCORR,2019,12,0.0
CTN_024,PRECTOTCORR,2020,1,0.12
CTN_024,PRECTOTCORR,2020,2,0.07
CTN_024,PRECTOTCORR,2020,3,0.09
CTN_024,PRECTOTCORR,2020,4,0.33
CTN_024,PRECTOTCORR,2020,5,0.75
CTN_024,PRECTOTCORR,2020,6,5.39
CTN_024,PRECTOTCORR,2020,7,5.36
CTN_024,PRECTOTCORR,2020,8,6.61
CTN_024,PRECTOTCORR,2020,9,7.31
CTN_024,PRECTOTCORR,2020,10,1.25
CTN_024,PRECTOTCORR,2020,11,0.12
CTN_024,PRECTOTCORR,2020,12,0.06
CTN_024,PRECTOTCORR,2021,1,0.13
CTN_024,PRECTOTCORR,2021,2,0.28
CTN_024,PRECTOTCORR,2021,3,0.52
CTN_024,PRECTOTCORR,2021,4,0.06
CTN_024,PRECTOTCORR,2021,5,3.03
CTN_024,PRECTOTCORR,2021,6,7.8
CTN_024,PRECTOTCORR,2021,7,4.68
CTN_024,PRECTOTCORR,2021,8,7.8
CTN_024,PRECTOTCORR,2021,9,6.35
CTN_024,PRECTOTCORR,2021,10,2.7
CTN_024,PRECTOTCORR,2021,11,0.05
CTN_024,PRECTOTCORR,2021,12,0.01
CTN_024,PRECTOTCORR,2022,1,0.25
CTN_024,PRECTOTCORR,2022,2,0.03
CTN_024,PRECTOTCORR,2022,3,0.05
CTN_024,PRECTOTCORR,2022,4,0.65
CTN_024,PRECTOTCORR,2022,5,1.65
CTN_024,PRECTOTCORR,2022,6,6.4
CTN_024,PRECTOTCORR,2022,7,5.93
CTN_024,PRECTOTCORR,2022,8,6.73
CTN_024,PRECTOTCORR,2022,9,8.62
CTN_024,PRECTOTCORR,2022,10,2.17
CTN_024,PRECTOTCORR,2022,11,0.29
CTN_024,PRECTOTCORR,2022,12,0.07
CTN_024,PRECTOTCORR,2023,1,0.0
CTN_024,PRECTOTCORR,2023,2,0.0
CTN_024,PRECTOTCORR,2023,3,0.06
CTN_024,PRECTOTCORR,2023,4,1.04
CTN_024,PRECTOTCORR,2023,5,1.32
CTN_024,PRECTOTCORR,2023,6,0.41
CTN_024,PRECTOTCORR,2023,7,5.46
CTN_024,PRECTOTCORR,2023,8,6.88
CTN_024,PRECTOTCORR,2023,9,4.48
CTN_024,PRECTOTCORR,2023,10,4.81
CTN_024,PRECTOTCORR,2023,11,1.48
CTN_024,PRECTOTCORR,2023,12,0.07
CTN_024,PRECTOTCORR,2024,1,0.02
CTN_024,PRECTOTCORR,2024,2,0.38
CTN_024,PRECTOTCORR,2024,3,0.0
CTN_024,PRECTOTCORR,2024,4,0.02
CTN_024,PRECTOTCORR,2024,5,0.49
CTN_024,PRECTOTCORR,2024,6,3.14
CTN_024,PRECTOTCORR,2024,7,7.96
CTN_024,PRECTOTCORR,2024,8,6.29
CTN_024,PRECTOTCORR,2024,9,11.36
CTN_024,PRECTOTCORR,2024,10,2.5
CTN_024,PRECTOTCORR,2024,11,0.28
CTN_024,PRECTOTCORR,2024,12,0.02
CTN_024,T2M,2015,1,19.43
CTN_024,T2M,2015,2,20.74
CTN_024,T2M,2015,3,22.61
CTN_024,T2M,2015,4,26.03
CTN_024,T2M,2015,5,24.94
CTN_024,T2M,2015,6,23.12
CTN_024,T2M,2015,7,22.68
CTN_024,T2M,2015,8,22.89
CTN_024,T2M,2015,9,21.56
CTN_024,T2M,2015,10,21.93
CTN_024,T2M,2015,11,21.74
CTN_024,T2M,2015,12,20.92
CTN_024,T2M,2016,1,19.82
CTN_024,T2M,2016,2,20.35
CTN_024,T2M,2016,3,22.05
CTN_024,T2M,2016,4,25.64
CTN_024,T2M,2016,5,26.62
CTN_024,T2M,2016,6,23.1
CTN_024,T2M,2016,7,22.4
CTN_024,T2M,2016,8,22.18
CTN_024,T2M,2016,9,21.46
CTN_024,T2M,2016,10,21.38
CTN_024,T2M,2016,11,20.32
CTN_024,T2M,2016,12,21.06
CTN_024,T2M,2017,1,20.13
CTN_024,T2M,2017,2,21.6
CTN_024,T2M,2017,3,23.95
CTN_024,T2M,2017,4,25.19
CTN_024,T2M,2017,5,25.84
CTN_024,T2M,2017,6,23.04
CTN_024,T2M,2017,7,21.87
CTN_024,T2M,2017,8,21.99
CTN_024,T2M,2017,9,21.32
CTN_024,T2M,2017,10,20.84
CTN_024,T2M,2017,11,19.45
CTN_024,T2M,2017,12,18.76
CTN_024,T2M,2018,1,18.44
CTN_024,T2M,2018,2,22.14
CTN_024,T2M,2018,3,24.47
CTN_024,T2M,2018,4,25.31
CTN_024,T2M,2018,5,24.99
CTN_024,T2M,2018,6,22.63
CTN_024,T2M,2018,7,22.79
CTN_024,T2M,2018,8,21.66
CTN_024,T2M,2018,9,21.57
CTN_024,T2M,2018,10,21.25
CTN_024,T2M,2018,11,20.16
CTN_024,T2M,2018,12,19.34
CTN_024,T2M,2019,1,19.93
CTN_024,T2M,2019,2,22.26
CTN_024,T2M,2019,3,24.08
CTN_024,T2M,2019,4,25.26
CTN_024,T2M,2019,5,26.06
CTN_024,T2M,2019,6,23.94
CTN_024,T2M,2019,7,22.61
CTN_024,T2M,2019,8,22.49
CTN_024,T2M,2019,9,21.89
CTN_024,T2M,2019,10,21.1
CTN_024,T2M,2019,11,20.77
CTN_024,T2M,2019,12,19.82
CTN_024,T2M,2020,1,20.22
CTN_024,T2M,2020,2,22.15
CTN_024,T2M,2020,3,24.53
CTN_024,T2M,2020,4,26.84
CTN_024,T2M,2020,5,26.33
CTN_024,T2M,2020,6,24.62
CTN_024,T2M,2020,7,22.87
CTN_024,T2M,2020,8,22.13
CTN_024,T2M,2020,9,21.47
CTN_024,T2M,2020,10,20.59
CTN_024,T2M,2020,11,20.33
CTN_024,T2M,2020,12,20.52
CTN_024,T2M,2021,1,21.22
CTN_024,T2M,2021,2,21.37
CTN_024,T2M,2021,3,23.89
CTN_024,T2M,2021,4,25.5
CTN_024,T2M,2021,5,24.89
CTN_024,T2M,2021,6,22.12
CTN_024,T2M,2021,7,22.23
CTN_024,T2M,2021,8,21.68
CTN_024,T2M,2021,9,21.57
CTN_024,T2M,2021,10,21.75
CTN_024,T2M,2021,11,19.59
CTN_024,T2M,2021,12,20.59
CTN_024,T2M,2022,1,20.47
CTN_024,T2M,2022,2,21.7
CTN_024,T2M,2022,3,23.76
CTN_024,T2M,2022,4,25.93
CTN_024,T2M,2022,5,26.28
CTN_024,T2M,2022,6,23.19
CTN_024,T2M,2022,7,23.04
CTN_024,T2M,2022,8,22.12
CTN_024,T2M,2022,9,21.43
CTN_024,T2M,2022,10,21.25
CTN_024,T2M,2022,11,21.3
CTN_024,T2M,2022,12,19.53
CTN_024,T2M,2023,1,20.4
CTN_024,T2M,2023,2,21.71
CTN_024,T2M,2023,3,24.3
CTN_024,T2M,2023,4,25.64
CTN_024,T2M,2023,5,26.36
CTN_024,T2M,2023,6,27.75
CTN_024,T2M,2023,7,24.23
CTN_024,T2M,2023,8,23.08
CTN_024,T2M,2023,9,23.03
CTN_024,T2M,2023,10,22.17
CTN_024,T2M,2023,11,21.35
CTN_024,T2M,2023,12,19.43
CTN_024,T2M,2024,1,21.17
CTN_024,T2M,2024,2,22.4
CTN_024,T2M,2024,3,24.88
CTN_024,T2M,2024,4,26.89
CTN_024,T2M,2024,5,28.49
CTN_024,T2M,2024,6,26.08
CTN_024,T2M,2024,7,23.26
CTN_024,T2M,2024,8,22.81
CTN_024,T2M,2024,9,22.26
CTN_024,T2M,2024,10,20.89
CTN_024,T2M,2024,11,21.01
CTN_024,T2M,2024,12,19.61
CTN_024,T2M_MAX,2015,1,30.07
CTN_024,T2M_MAX,2015,2,33.91
CTN_024,T2M_MAX,2015,3,34.63
CTN_024,T2M_MAX,2015,4,37.35
CTN_024,T2M_MAX,2015,5,36.49
CTN_024,T2M_MAX,2015,6,32.02
CTN_024,T2M_MAX,2015,7,32.26
CTN_024,T2M_MAX,2015,8,31.65
CTN_024,T2M_MAX,2015,9,28.52
CTN_024,T2M_MAX,2015,10,30.3
CTN_024,T2M_MAX,2015,11,30.01
CTN_024,T2M_MAX,2015,12,31.22
CTN_024,T2M_MAX,2016,1,30.89
CTN_024,T2M_MAX,2016,2,33.03
CTN_024,T2M_MAX,2016,3,36.85
CTN_024,T2M_MAX,2016,4,38.17
CTN_024,T2M_MAX,2016,5,38.81
CTN_024,T2M_MAX,2016,6,32.41
CTN_024,T2M_MAX,2016,7,30.5
CTN_024,T2M_MAX,2016,8,29.65
CTN_024,T2M_MAX,2016,9,28.42
CTN_024,T2M_MAX,2016,10,28.99
CTN_024,T2M_MAX,2016,11,29.99
CTN_024,T2M_MAX,2016,12,30.77
CTN_024,T2M_MAX,2017,1,31.62
CTN_024,T2M_MAX,2017,2,33.33
CTN_024,T2M_MAX,2017,3,35.24
CTN_024,T2M_MAX,2017,4,38.5
CTN_024,T2M_MAX,2017,5,37.05
CTN_024,T2M_MAX,2017,6,32.01
CTN_024,T2M_MAX,2017,7,28.72
CTN_024,T2M_MAX,2017,8,29.43
CTN_024,T2M_MAX,2017,9,28.35
CTN_024,T2M_MAX,2017,10,28.27
CTN_024,T2M_MAX,2017,11,29.26
CTN_024,T2M_MAX,2017,12,29.68
CTN_024,T2M_MAX,2018,1,31.01
CTN_024,T2M_MAX,2018,2,32.77
CTN_024,T2M_MAX,2018,3,36.39
CTN_024,T2M_MAX,2018,4,35.94
CTN_024,T2M_MAX,2018,5,37.28
CTN_024,T2M_MAX,2018,6,35.5
CTN_024,T2M_MAX,2018,7,31.77
CTN_024,T2M_MAX,2018,8,29.07
CTN_024,T2M_MAX,2018,9,27.58
CTN_024,T2M_MAX,2018,10,28.02
CTN_024,T2M_MAX,2018,11,29.43
CTN_024,T2M_MAX,2018,12,30.0
CTN_024,T2M_MAX,2019,1,31.58
CTN_024,T2M_MAX,2019,2,34.96
CTN_024,T2M_MAX,2019,3,35.88
CTN_024,T2M_MAX,2019,4,37.45
CTN_024,T2M_MAX,2019,5,37.82
CTN_024,T2M_MAX,2019,6,34.0
CTN_024,T2M_MAX,2019,7,31.1
CTN_024,T2M_MAX,2019,8,29.82
CTN_024,T2M_MAX,2019,9,30.04
CTN_024,T2M_MAX,2019,10,28.06
CTN_024,T2M_MAX,2019,11,29.83
CTN_024,T2M_MAX,2019,12,29.48
CTN_024,T2M_MAX,2020,1,30.82
CTN_024,T2M_MAX,2020,2,34.45
CTN_024,T2M_MAX,2020,3,36.47
CTN_024,T2M_MAX,2020,4,37.74
CTN_024,T2M_MAX,2020,5,37.51
CTN_024,T2M_MAX,2020,6,36.02
CTN_024,T2M_MAX,2020,7,30.95
CTN_024,T2M_MAX,2020,8,29.85
CTN_024,T2M_MAX,2020,9,28.77
CTN_024,T2M_MAX,2020,10,28.55
CTN_024,T2M_MAX,2020,11,30.62
CTN_024,T2M_MAX,2020,12,31.01
CTN_024,T2M_MAX,2021,1,32.63
CTN_024,T2M_MAX,2021,2,33.85
CTN_024,T2M_MAX,2021,3,36.3
CTN_024,T2M_MAX,2021,4,37.51
CTN_024,T2M_MAX,2021,5,35.43
CTN_024,T2M_MAX,2021,6,30.75
CTN_024,T2M_MAX,2021,7,29.59
CTN_024,T2M_MAX,2021,8,30.35
CTN_024,T2M_MAX,2021,9,27.71
CTN_024,T2M_MAX,2021,10,29.46
CTN_024,T2M_MAX,2021,11,28.82
CTN_024,T2M_MAX,2021,12,30.15
CTN_024,T2M_MAX,2022,1,30.95
CTN_024,T2M_MAX,2022,2,33.49
CTN_024,T2M_MAX,2022,3,36.28
CTN_024,T2M_MAX,2022,4,38.22
CTN_024,T2M_MAX,2022,5,38.04
CTN_024,T2M_MAX,2022,6,33.51
CTN_024,T2M_MAX,2022,7,32.44
CTN_024,T2M_MAX,2022,8,30.33
CTN_024,T2M_MAX,2022,9,27.71
CTN_024,T2M_MAX,2022,10,28.75
CTN_024,T2M_MAX,2022,11,30.05
CTN_024,T2M_MAX,2022,12,29.52
CTN_024,T2M_MAX,2023,1,31.21
CTN_024,T2M_MAX,2023,2,34.78
CTN_024,T2M_MAX,2023,3,35.51
CTN_024,T2M_MAX,2023,4,37.84
CTN_024,T2M_MAX,2023,5,37.74
CTN_024,T2M_MAX,2023,6,38.97
CTN_024,T2M_MAX,2023,7,34.96
CTN_024,T2M_MAX,2023,8,31.07
CTN_024,T2M_MAX,2023,9,30.82
CTN_024,T2M_MAX,2023,10,30.46
CTN_024,T2M_MAX,2023,11,30.88
CTN_024,T2M_MAX,2023,12,29.0
CTN_024,T2M_MAX,2024,1,33.22
CTN_024,T2M_MAX,2024,2,34.84
CTN_024,T2M_MAX,2024,3,38.03
CTN_024,T2M_MAX,2024,4,38.23
CTN_024,T2M_MAX,2024,5,39.96
CTN_024,T2M_MAX,2024,6,39.04
CTN_024,T2M_MAX,2024,7,32.71
CTN_024,T2M_MAX,2024,8,29.68
CTN_024,T2M_MAX,2024,9,29.0
CTN_024,T2M_MAX,2024,10,28.37
CTN_024,T2M_MAX,2024,11,29.5
CTN_024,T2M_MAX,2024,12,30.16
CTN_024,WS10M,2015,1,2.4
CTN_024,WS10M,2015,2,2.09
CTN_024,WS10M,2015,3,2.35
CTN_024,WS10M,2015,4,2.4
CTN_024,WS10M,2015,5,1.78
CTN_024,WS10M,2015,6,1.89
CTN_024,WS10M,2015,7,1.93
CTN_024,WS10M,2015,8,1.67
CTN_024,WS10M,2015,9,1.58
CTN_024,WS10M,2015,10,1.81
CTN_024,WS10M,2015,11,1.87
CTN_024,WS10M,2015,12,2.1
CTN_024,WS10M,2016,1,1.94
CTN_024,WS10M,2016,2,2.86
CTN_024,WS10M,2016,3,2.44
CTN_024,WS10M,2016,4,2.13
CTN_024,WS10M,2016,5,2.09
CTN_024,WS10M,2016,6,1.94
CTN_024,WS10M,2016,7,1.5
CTN_024,WS10M,2016,8,1.67
CTN_024,WS10M,2016,9,1.45
CTN_024,WS10M,2016,10,1.69
CTN_024,WS10M,2016,11,1.89
CTN_024,WS10M,2016,12,2.15
CTN_024,WS10M,2017,1,2.16
CTN_024,WS10M,2017,2,2.19
CTN_024,WS10M,2017,3,2.42
CTN_024,WS10M,2017,4,2.41
CTN_024,WS10M,2017,5,2.22
CTN_024,WS10M,2017,6,1.95
CTN_024,WS10M,2017,7,1.57
CTN_024,WS10M,2017,8,1.66
CTN_024,WS10M,2017,9,1.57
CTN_024,WS10M,2017,10,1.86
CTN_024,WS10M,2017,11,1.84
CTN_024,WS10M,2017,12,1.94
CTN_024,WS10M,2018,1,2.75
CTN_024,WS10M,2018,2,2.01
CTN_024,WS10M,2018,3,2.26
CTN_024,WS10M,2018,4,2.4
CTN_024,WS10M,2018,5,2.05
CTN_024,WS10M,2018,6,1.99
CTN_024,WS10M,2018,7,1.66
CTN_024,WS10M,2018,8,1.5
CTN_024,WS10M,2018,9,1.59
CTN_024,WS10M,2018,10,1.83
CTN_024,WS10M,2018,11,1.68
CTN_024,WS10M,2018,12,2.01
CTN_024,WS10M,2019,1,2.04
CTN_024,WS10M,2019,2,2.05
CTN_024,WS10M,2019,3,2.39
CTN_024,WS10M,2019,4,2.44
CTN_024,WS10M,2019,5,2.34
CTN_024,WS10M,2019,6,2.09
CTN_024,WS10M,2019,7,1.53
CTN_024,WS10M,2019,8,1.48
CTN_024,WS10M,2019,9,1.64
CTN_024,WS10M,2019,10,1.63
CTN_024,WS10M,2019,11,1.91
CTN_024,WS10M,2019,12,1.86
CTN_024,WS10M,2020,1,2.43
CTN_024,WS10M,2020,2,2.43
CTN_024,WS10M,2020,3,2.25
CTN_024,WS10M,2020,4,2.54
CTN_024,WS10M,2020,5,2.19
CTN_024,WS10M,2020,6,1.96
CTN_024,WS10M,2020,7,1.68
CTN_024,WS10M,2020,8,1.85
CTN_024,WS10M,2020,9,1.66
CTN_024,WS10M,2020,10,1.68
CTN_024,WS10M,2020,11,2.45
CTN_024,WS10M,2020,12,1.89
CTN_024,WS10M,2021,1,1.94
CTN_024,WS10M,2021,2,2.23
CTN_024,WS10M,2021,3,2.06
CTN_024,WS10M,2021,4,2.69
CTN_024,WS10M,2021,5,2.2
CTN_024,WS10M,2021,6,1.86
CTN_024,WS10M,2021,7,1.73
CTN_024,WS10M,2021,8,1.87
CTN_024,WS10M,2021,9,1.51
CTN_024,WS10M,2021,10,1.65
CTN_024,WS10M,2021,11,1.97
CTN_024,WS10M,2021,12,1.67
CTN_024,WS10M,2022,1,2.08
CTN_024,WS10M,2022,2,2.29
CTN_024,WS10M,2022,3,2.29
CTN_024,WS10M,2022,4,2.38
CTN_024,WS10M,2022,5,2.29
CTN_024,WS10M,2022,6,2.08
CTN_024,WS10M,2022,7,1.6
CTN_024,WS10M,2022,8,1.57
CTN_024,WS10M,2022,9,1.74
CTN_024,WS10M,2022,10,1.64
CTN_024,WS10M,2022,11,1.64
CTN_024,WS10M,2022,12,2.15
CTN_024,WS10M,2023,1,1.91
CTN_024,WS10M,2023,2,2.29
CTN_024,WS10M,2023,3,2.22
CTN_024,WS10M,2023,4,2.47
CTN_024,WS10M,2023,5,2.08
CTN_024,WS10M,2023,6,2.61
CTN_024,WS10M,2023,7,2.0
CTN_024,WS10M,2023,8,1.72
CTN_024,WS10M,2023,9,1.43
CTN_024,WS10M,2023,10,1.82
CTN_024,WS10M,2023,11,1.97
CTN_024,WS10M,2023,12,2.01
CTN_024,WS10M,2024,1,1.97
CTN_024,WS10M,2024,2,1.98
CTN_024,WS10M,2024,3,2.29
CTN_024,WS10M,2024,4,2.47
CTN_024,WS10M,2024,5,2.31
CTN_024,WS10M,2024,6,2.55
CTN_024,WS10M,2024,7,1.63
CTN_024,WS10M,2024,8,1.54
CTN_024,WS10M,2024,9,1.65
CTN_024,WS10M,2024,10,1.86
CTN_024,WS10M,2024,11,1.75
CTN_024,WS10M,2024,12,2.07
CTN_025,ALLSKY_SFC_SW_DWN,2015,1,5.0042
CTN_025,ALLSKY_SFC_SW_DWN,2015,2,5.64
CTN_025,ALLSKY_SFC_SW_DWN,2015,3,6.0809
CTN_025,ALLSKY_SFC_SW_DWN,2015,4,6.8652
CTN_025,ALLSKY_SFC_SW_DWN,2015,5,6.1538
CTN_025,ALLSKY_SFC_SW_DWN,2015,6,6.0982
CTN_025,ALLSKY_SFC_SW_DWN,2015,7,6.4958
CTN_025,ALLSKY_SFC_SW_DWN,2015,8,6.7625
CTN_025,ALLSKY_SFC_SW_DWN,2015,9,5.5152
CTN_025,ALLSKY_SFC_SW_DWN,2015,10,5.2478
CTN_025,ALLSKY_SFC_SW_DWN,2015,11,5.046
CTN_025,ALLSKY_SFC_SW_DWN,2015,12,4.5418
CTN_025,ALLSKY_SFC_SW_DWN,2016,1,4.2569
CTN_025,ALLSKY_SFC_SW_DWN,2016,2,5.9515
CTN_025,ALLSKY_SFC_SW_DWN,2016,3,6.0209
CTN_025,ALLSKY_SFC_SW_DWN,2016,4,6.8695
CTN_025,ALLSKY_SFC_SW_DWN,2016,5,6.5602
CTN_025,ALLSKY_SFC_SW_DWN,2016,6,6.3862
CTN_025,ALLSKY_SFC_SW_DWN,2016,7,6.685
CTN_025,ALLSKY_SFC_SW_DWN,2016,8,6.2203
CTN_025,ALLSKY_SFC_SW_DWN,2016,9,5.8402
CTN_025,ALLSKY_SFC_SW_DWN,2016,10,5.7041
CTN_025,ALLSKY_SFC_SW_DWN,2016,11,5.021
CTN_025,ALLSKY_SFC_SW_DWN,2016,12,5.0251
CTN_025,ALLSKY_SFC_SW_DWN,2017,1,5.4362
CTN_025,ALLSKY_SFC_SW_DWN,2017,2,6.2479
CTN_025,ALLSKY_SFC_SW_DWN,2017,3,6.6509
CTN_025,ALLSKY_SFC_SW_DWN,2017,4,6.9857
CTN_025,ALLSKY_SFC_SW_DWN,2017,5,6.3516
CTN_025,ALLSKY_SFC_SW_DWN,2017,6,6.2203
CTN_025,ALLSKY_SFC_SW_DWN,2017,7,6.4469
CTN_025,ALLSKY_SFC_SW_DWN,2017,8,6.1529
CTN_025,ALLSKY_SFC_SW_DWN,2017,9,5.1929
CTN_025,ALLSKY_SFC_SW_DWN,2017,10,5.6141
CTN_025,ALLSKY_SFC_SW_DWN,2017,11,5.5771
CTN_025,ALLSKY_SFC_SW_DWN,2017,12,5.1017
CTN_025,ALLSKY_SFC_SW_DWN,2018,1,4.9901
CTN_025,ALLSKY_SFC_SW_DWN,2018,2,5.7413
CTN_025,ALLSKY_SFC_SW_DWN,2018,3,6.8285
CTN_025,ALLSKY_SFC_SW_DWN,2018,4,6.8122
CTN_025,ALLSKY_SFC_SW_DWN,2018,5,6.6938
CTN_025,ALLSKY_SFC_SW_DWN,2018,6,5.9774
CTN_025,ALLSKY_SFC_SW_DWN,2018,7,7.1438
CTN_025,ALLSKY_SFC_SW_DWN,2018,8,6.239
CTN_025,ALLSKY_SFC_SW_DWN,2018,9,6.1246
CTN_025,ALLSKY_SFC_SW_DWN,2018,10,5.3028
CTN_025,ALLSKY_SFC_SW_DWN,2018,11,4.5922
CTN_025,ALLSKY_SFC_SW_DWN,2018,12,4.925
CTN_025,ALLSKY_SFC_SW_DWN,2019,1,5.2133
CTN_025,ALLSKY_SFC_SW_DWN,2019,2,6.162
CTN_025,ALLSKY_SFC_SW_DWN,2019,3,6.8842
CTN_025,ALLSKY_SFC_SW_DWN,2019,4,7.2686
CTN_025,ALLSKY_SFC_SW_DWN,2019,5,6.6787
CTN_025,ALLSKY_SFC_SW_DWN,2019,6,6.1706
CTN_025,ALLSKY_SFC_SW_DWN,2019,7,6.6283
CTN_025,ALLSKY_SFC_SW_DWN,2019,8,6.6173
CTN_025,ALLSKY_SFC_SW_DWN,2019,9,5.7451
CTN_025,ALLSKY_SFC_SW_DWN,2019,10,5.0966
CTN_025,ALLSKY_SFC_SW_DWN,2019,11,4.9625
CTN_025,ALLSKY_SFC_SW_DWN,2019,12,4.9049
CTN_025,ALLSKY_SFC_SW_DWN,2020,1,5.1883
CTN_025,ALLSKY_SFC_SW_DWN,2020,2,5.8668
CTN_025,ALLSKY_SFC_SW_DWN,2020,3,6.7982
CTN_025,ALLSKY_SFC_SW_DWN,2020,4,7.2485
CTN_025,ALLSKY_SFC_SW_DWN,2020,5,7.0973
CTN_025,ALLSKY_SFC_SW_DWN,2020,6,6.2933
CTN_025,ALLSKY_SFC_SW_DWN,2020,7,6.5074
CTN_025,ALLSKY_SFC_SW_DWN,2020,8,6.1306
CTN_025,ALLSKY_SFC_SW_DWN,2020,9,5.3494
CTN_025,ALLSKY_SFC_SW_DWN,2020,10,5.976
CTN_025,ALLSKY_SFC_SW_DWN,2020,11,5.4521
CTN_025,ALLSKY_SFC_SW_DWN,2020,12,4.9147
CTN_025,ALLSKY_SFC_SW_DWN,2021,1,4.9764
CTN_025,ALLSKY_SFC_SW_DWN,2021,2,6.3355
CTN_025,ALLSKY_SFC_SW_DWN,2021,3,6.9571
CTN_025,ALLSKY_SFC_SW_DWN,2021,4,7.3402
CTN_025,ALLSKY_SFC_SW_DWN,2021,5,6.7056
CTN_025,ALLSKY_SFC_SW_DWN,2021,6,5.4377
CTN_025,ALLSKY_SFC_SW_DWN,2021,7,6.5021
CTN_025,ALLSKY_SFC_SW_DWN,2021,8,6.0288
CTN_025,ALLSKY_SFC_SW_DWN,2021,9,5.6546
CTN_025,ALLSKY_SFC_SW_DWN,2021,10,5.4322
CTN_025,ALLSKY_SFC_SW_DWN,2021,11,5.4353
CTN_025,ALLSKY_SFC_SW_DWN,2021,12,5.076
CTN_025,ALLSKY_SFC_SW_DWN,2022,1,5.1346
CTN_025,ALLSKY_SFC_SW_DWN,2022,2,6.0017
CTN_025,ALLSKY_SFC_SW_DWN,2022,3,7.147
CTN_025,ALLSKY_SFC_SW_DWN,2022,4,7.1131
CTN_025,ALLSKY_SFC_SW_DWN,2022,5,7.0704
CTN_025,ALLSKY_SFC_SW_DWN,2022,6,6.3852
CTN_025,ALLSKY_SFC_SW_DWN,2022,7,6.3862
CTN_025,ALLSKY_SFC_SW_DWN,2022,8,6.2191
CTN_025,ALLSKY_SFC_SW_DWN,2022,9,5.4391
CTN_025,ALLSKY_SFC_SW_DWN,2022,10,5.309
CTN_025,ALLSKY_SFC_SW_DWN,2022,11,5.1178
CTN_025,ALLSKY_SFC_SW_DWN,2022,12,4.8662
CTN_025,ALLSKY_SFC_SW_DWN,2023,1,5.3026
CTN_025,ALLSKY_SFC_SW_DWN,2023,2,6.1721
CTN_025,ALLSKY_SFC_SW_DWN,2023,3,6.8693
CTN_025,ALLSKY_SFC_SW_DWN,2023,4,7.2379
CTN_025,ALLSKY_SFC_SW_DWN,2023,5,6.3526
CTN_025,ALLSKY_SFC_SW_DWN,2023,6,7.0075
CTN_025,ALLSKY_SFC_SW_DWN,2023,7,6.397
CTN_025,ALLSKY_SFC_SW_DWN,2023,8,5.9563
CTN_025,ALLSKY_SFC_SW_DWN,2023,9,6.3101
CTN_025,ALLSKY_SFC_SW_DWN,2023,10,5.077
CTN_025,ALLSKY_SFC_SW_DWN,2023,11,5.0887
CTN_025,ALLSKY_SFC_SW_DWN,2023,12,4.4184
CTN_025,ALLSKY_SFC_SW_DWN,2024,1,4.8682
CTN_025,ALLSKY_SFC_SW_DWN,2024,2,5.8963
CTN_025,ALLSKY_SFC_SW_DWN,2024,3,7.1731
CTN_025,ALLSKY_SFC_SW_DWN,2024,4,7.3219
CTN_025,ALLSKY_SFC_SW_DWN,2024,5,7.0387
CTN_025,ALLSKY_SFC_SW_DWN,2024,6,6.114
CTN_025,ALLSKY_SFC_SW_DWN,2024,7,6.0914
CTN_025,ALLSKY_SFC_SW_DWN,2024,8,6.3307
CTN_025,ALLSKY_SFC_SW_DWN,2024,9,5.0808
CTN_025,ALLSKY_SFC_SW_DWN,2024,10,5.4211
CTN_025,ALLSKY_SFC_SW_DWN,2024,11,5.292
CTN_025,ALLSKY_SFC_SW_DWN,2024,12,4.8595
CTN_025,PRECTOTCORR,2015,1,0.01
CTN_025,PRECTOTCORR,2015,2,0.1
CTN_025,PRECTOTCORR,2015,3,0.85
CTN_025,PRECTOTCORR,2015,4,0.12
CTN_025,PRECTOTCORR,2015,5,3.72
CTN_025,PRECTOTCORR,2015,6,3.9
CTN_025,PRECTOTCORR,2015,7,3.9
CTN_025,PRECTOTCORR,2015,8,4.88
CTN_025,PRECTOTCORR,2015,9,7.29
CTN_025,PRECTOTCORR,2015,10,2.07
CTN_025,PRECTOTCORR,2015,11,1.32
CTN_025,PRECTOTCORR,2015,12,0.04
CTN_025,PRECTOTCORR,2016,1,0.13
CTN_025,PRECTOTCORR,2016,2,0.05
CTN_025,PRECTOTCORR,2016,3,1.28
CTN_025,PRECTOTCORR,2016,4,0.61
CTN_025,PRECTOTCORR,2016,5,2.01
CTN_025,PRECTOTCORR,2016,6,6.3
CTN_025,PRECTOTCORR,2016,7,6.23
CTN_025,PRECTOTCORR,2016,8,5.76
CTN_025,PRECTOTCORR,2016,9,7.39
CTN_025,PRECTOTCORR,2016,10,1.17
CTN_025,PRECTOTCORR,2016,11,0.86
CTN_025,PRECTOTCORR,2016,12,0.02
CTN_025,PRECTOTCORR,2017,1,0.0
CTN_025,PRECTOTCORR,2017,2,0.0
CTN_025,PRECTOTCORR,2017,3,0.16
CTN_025,PRECTOTCORR,2017,4,0.23
CTN_025,PRECTOTCORR,2017,5,3.42
CTN_025,PRECTOTCORR,2017,6,6.63
CTN_025,PRECTOTCORR,2017,7,6.12
CTN_025,PRECTOTCORR,2017,8,7.23
CTN_025,PRECTOTCORR,2017,9,9.02
CTN_025,PRECTOTCORR,2017,10,1.65
CTN_025,PRECTOTCORR,2017,11,0.08
CTN_025,PRECTOTCORR,2017,12,0.01
CTN_025,PRECTOTCORR,2018,1,0.11
CTN_025,PRECTOTCORR,2018,2,0.08
CTN_025,PRECTOTCORR,2018,3,0.06
CTN_025,PRECTOTCORR,2018,4,0.96
CTN_025,PRECTOTCORR,2018,5,2.67
CTN_025,PRECTOTCORR,2018,6,7.82
CTN_025,PRECTOTCORR,2018,7,2.61
CTN_025,PRECTOTCORR,2018,8,8.7
CTN_025,PRECTOTCORR,2018,9,6.27
CTN_025,PRECTOTCORR,2018,10,3.7
CTN_025,PRECTOTCORR,2018,11,1.06
CTN_025,PRECTOTCORR,2018,12,0.1
CTN_025,PRECTOTCORR,2019,1,0.03
CTN_025,PRECTOTCORR,2019,2,0.01
CTN_025,PRECTOTCORR,2019,3,0.02
CTN_025,PRECTOTCORR,2019,4,0.02
CTN_025,PRECTOTCORR,2019,5,1.67
CTN_025,PRECTOTCORR,2019,6,5.75
CTN_025,PRECTOTCORR,2019,7,5.75
CTN_025,PRECTOTCORR,2019,8,5.2
CTN_025,PRECTOTCORR,2019,9,7.16
CTN_025,PRECTOTCORR,2019,10,4.82
CTN_025,PRECTOTCORR,2019,11,0.8
CTN_025,PRECTOTCORR,2019,12,0.0
CTN_025,PRECTOTCORR,2020,1,0.12
CTN_025,PRECTOTCORR,2020,2,0.07
CTN_025,PRECTOTCORR,2020,3,0.09
CTN_025,PRECTOTCORR,2020,4,0.33
CTN_025,PRECTOTCORR,2020,5,0.75
CTN_025,PRECTOTCORR,2020,6,5.39
CTN_025,PRECTOTCORR,2020,7,5.36
CTN_025,PRECTOTCORR,2020,8,6.61
CTN_025,PRECTOTCORR,2020,9,7.31
CTN_025,PRECTOTCORR,2020,10,1.25
CTN_025,PRECTOTCORR,2020,11,0.12
CTN_025,PRECTOTCORR,2020,12,0.06
CTN_025,PRECTOTCORR,2021,1,0.13
CTN_025,PRECTOTCORR,2021,2,0.28
CTN_025,PRECTOTCORR,2021,3,0.52
CTN_025,PRECTOTCORR,2021,4,0.06
CTN_025,PRECTOTCORR,2021,5,3.03
CTN_025,PRECTOTCORR,2021,6,7.8
CTN_025,PRECTOTCORR,2021,7,4.68
CTN_025,PRECTOTCORR,2021,8,7.8
CTN_025,PRECTOTCORR,2021,9,6.35
CTN_025,PRECTOTCORR,2021,10,2.7
CTN_025,PRECTOTCORR,2021,11,0.05
CTN_025,PRECTOTCORR,2021,12,0.01
CTN_025,PRECTOTCORR,2022,1,0.25
CTN_025,PRECTOTCORR,2022,2,0.03
CTN_025,PRECTOTCORR,2022,3,0.05
CTN_025,PRECTOTCORR,2022,4,0.65
CTN_025,PRECTOTCORR,2022,5,1.65
CTN_025,PRECTOTCORR,2022,6,6.4
CTN_025,PRECTOTCORR,2022,7,5.93
CTN_025,PRECTOTCORR,2022,8,6.73
CTN_025,PRECTOTCORR,2022,9,8.62
CTN_025,PRECTOTCORR,2022,10,2.17
CTN_025,PRECTOTCORR,2022,11,0.29
CTN_025,PRECTOTCORR,2022,12,0.07
CTN_025,PRECTOTCORR,2023,1,0.0
CTN_025,PRECTOTCORR,2023,2,0.0
CTN_025,PRECTOTCORR,2023,3,0.06
CTN_025,PRECTOTCORR,2023,4,1.04
CTN_025,PRECTOTCORR,2023,5,1.32
CTN_025,PRECTOTCORR,2023,6,0.41
CTN_025,PRECTOTCORR,2023,7,5.46
CTN_025,PRECTOTCORR,2023,8,6.88
CTN_025,PRECTOTCORR,2023,9,4.48
CTN_025,PRECTOTCORR,2023,10,4.81
CTN_025,PRECTOTCORR,2023,11,1.48
CTN_025,PRECTOTCORR,2023,12,0.07
CTN_025,PRECTOTCORR,2024,1,0.02
CTN_025,PRECTOTCORR,2024,2,0.38
CTN_025,PRECTOTCORR,2024,3,0.0
CTN_025,PRECTOTCORR,2024,4,0.02
CTN_025,PRECTOTCORR,2024,5,0.49
CTN_025,PRECTOTCORR,2024,6,3.14
CTN_025,PRECTOTCORR,2024,7,7.96
CTN_025,PRECTOTCORR,2024,8,6.29
CTN_025,PRECTOTCORR,2024,9,11.36
CTN_025,PRECTOTCORR,2024,10,2.5
CTN_025,PRECTOTCORR,2024,11,0.28
CTN_025,PRECTOTCORR,2024,12,0.02
CTN_025,T2M,2015,1,19.43
CTN_025,T2M,2015,2,20.74
CTN_025,T2M,2015,3,22.61
CTN_025,T2M,2015,4,26.03
CTN_025,T2M,2015,5,24.94
CTN_025,T2M,2015,6,23.12
CTN_025,T2M,2015,7,22.68
CTN_025,T2M,2015,8,22.89
CTN_025,T2M,2015,9,21.56
CTN_025,T2M,2015,10,21.93
CTN_025,T2M,2015,11,21.74
CTN_025,T2M,2015,12,20.92
CTN_025,T2M,2016,1,19.82
CTN_025,T2M,2016,2,20.35
CTN_025,T2M,2016,3,22.05
CTN_025,T2M,2016,4,25.64
CTN_025,T2M,2016,5,26.62
CTN_025,T2M,2016,6,23.1
CTN_025,T2M,2016,7,22.4
CTN_025,T2M,2016,8,22.18
CTN_025,T2M,2016,9,21.46
CTN_025,T2M,2016,10,21.38
CTN_025,T2M,2016,11,20.32
CTN_025,T2M,2016,12,21.06
CTN_025,T2M,2017,1,20.13
CTN_025,T2M,2017,2,21.6
CTN_025,T2M,2017,3,23.95
CTN_025,T2M,2017,4,25.19
CTN_025,T2M,2017,5,25.84
CTN_025,T2M,2017,6,23.04
CTN_025,T2M,2017,7,21.87
CTN_025,T2M,2017,8,21.99
CTN_025,T2M,2017,9,21.32
CTN_025,T2M,2017,10,20.84
CTN_025,T2M,2017,11,19.45
CTN_025,T2M,2017,12,18.76
CTN_025,T2M,2018,1,18.44
CTN_025,T2M,2018,2,22.14
CTN_025,T2M,2018,3,24.47
CTN_025,T2M,2018,4,25.31
CTN_025,T2M,2018,5,24.99
CTN_025,T2M,2018,6,22.63
CTN_025,T2M,2018,7,22.79
CTN_025,T2M,2018,8,21.66
CTN_025,T2M,2018,9,21.57
CTN_025,T2M,2018,10,21.25
CTN_025,T2M,2018,11,20.16
CTN_025,T2M,2018,12,19.34
CTN_025,T2M,2019,1,19.93
CTN_025,T2M,2019,2,22.26
CTN_025,T2M,2019,3,24.08
CTN_025,T2M,2019,4,25.26
CTN_025,T2M,2019,5,26.06
CTN_025,T2M,2019,6,23.94
CTN_025,T2M,2019,7,22.61
CTN_025,T2M,2019,8,22.49
CTN_025,T2M,2019,9,21.89
CTN_025,T2M,2019,10,21.1
CTN_025,T2M,2019,11,20.77
CTN_025,T2M,2019,12,19.82
CTN_025,T2M,2020,1,20.22
CTN_025,T2M,2020,2,22.15
CTN_025,T2M,2020,3,24.53
CTN_025,T2M,2020,4,26.84
CTN_025,T2M,2020,5,26.33
CTN_025,T2M,2020,6,24.62
CTN_025,T2M,2020,7,22.87
CTN_025,T2M,2020,8,22.13
CTN_025,T2M,2020,9,21.47
CTN_025,T2M,2020,10,20.59
CTN_025,T2M,2020,11,20.33
CTN_025,T2M,2020,12,20.52
CTN_025,T2M,2021,1,21.22
CTN_025,T2M,2021,2,21.37
CTN_025,T2M,2021,3,23.89
CTN_025,T2M,2021,4,25.5
CTN_025,T2M,2021,5,24.89
CTN_025,T2M,2021,6,22.12
CTN_025,T2M,2021,7,22.23
CTN_025,T2M,2021,8,21.68
CTN_025,T2M,2021,9,21.57
CTN_025,T2M,2021,10,21.75
CTN_025,T2M,2021,11,19.59
CTN_025,T2M,2021,12,20.59
CTN_025,T2M,2022,1,20.47
CTN_025,T2M,2022,2,21.7
CTN_025,T2M,2022,3,23.76
CTN_025,T2M,2022,4,25.93
CTN_025,T2M,2022,5,26.28
CTN_025,T2M,2022,6,23.19
CTN_025,T2M,2022,7,23.04
CTN_025,T2M,2022,8,22.12
CTN_025,T2M,2022,9,21.43
CTN_025,T2M,2022,10,21.25
CTN_025,T2M,2022,11,21.3
CTN_025,T2M,2022,12,19.53
CTN_025,T2M,2023,1,20.4
CTN_025,T2M,2023,2,21.71
CTN_025,T2M,2023,3,24.3
CTN_025,T2M,2023,4,25.64
CTN_025,T2M,2023,5,26.36
CTN_025,T2M,2023,6,27.75
CTN_025,T2M,2023,7,24.23
CTN_025,T2M,2023,8,23.08
CTN_025,T2M,2023,9,23.03
CTN_025,T2M,2023,10,22.17
CTN_025,T2M,2023,11,21.35
CTN_025,T2M,2023,12,19.43
CTN_025,T2M,2024,1,21.17
CTN_025,T2M,2024,2,22.4
CTN_025,T2M,2024,3,24.88
CTN_025,T2M,2024,4,26.89
CTN_025,T2M,2024,5,28.49
CTN_025,T2M,2024,6,26.08
CTN_025,T2M,2024,7,23.26
CTN_025,T2M,2024,8,22.81
CTN_025,T2M,2024,9,22.26
CTN_025,T2M,2024,10,20.89
CTN_025,T2M,2024,11,21.01
CTN_025,T2M,2024,12,19.61
CTN_025,T2M_MAX,2015,1,30.07
CTN_025,T2M_MAX,2015,2,33.91
CTN_025,T2M_MAX,2015,3,34.63
CTN_025,T2M_MAX,2015,4,37.35
CTN_025,T2M_MAX,2015,5,36.49
CTN_025,T2M_MAX,2015,6,32.02
CTN_025,T2M_MAX,2015,7,32.26
CTN_025,T2M_MAX,2015,8,31.65
CTN_025,T2M_MAX,2015,9,28.52
CTN_025,T2M_MAX,2015,10,30.3
CTN_025,T2M_MAX,2015,11,30.01
CTN_025,T2M_MAX,2015,12,31.22
CTN_025,T2M_MAX,2016,1,30.89
CTN_025,T2M_MAX,2016,2,33.03
CTN_025,T2M_MAX,2016,3,36.85
CTN_025,T2M_MAX,2016,4,38.17
CTN_025,T2M_MAX,2016,5,38.81
CTN_025,T2M_MAX,2016,6,32.41
CTN_025,T2M_MAX,2016,7,30.5
CTN_025,T2M_MAX,2016,8,29.65
CTN_025,T2M_MAX,2016,9,28.42
CTN_025,T2M_MAX,2016,10,28.99
CTN_025,T2M_MAX,2016,11,29.99
CTN_025,T2M_MAX,2016,12,30.77
CTN_025,T2M_MAX,2017,1,31.62
CTN_025,T2M_MAX,2017,2,33.33
CTN_025,T2M_MAX,2017,3,35.24
CTN_025,T2M_MAX,2017,4,38.5
CTN_025,T2M_MAX,2017,5,37.05
CTN_025,T2M_MAX,2017,6,32.01
CTN_025,T2M_MAX,2017,7,28.72
CTN_025,T2M_MAX,2017,8,29.43
CTN_025,T2M_MAX,2017,9,28.35
CTN_025,T2M_MAX,2017,10,28.27
CTN_025,T2M_MAX,2017,11,29.26
CTN_025,T2M_MAX,2017,12,29.68
CTN_025,T2M_MAX,2018,1,31.01
CTN_025,T2M_MAX,2018,2,32.77
CTN_025,T2M_MAX,2018,3,36.39
CTN_025,T2M_MAX,2018,4,35.94
CTN_025,T2M_MAX,2018,5,37.28
CTN_025,T2M_MAX,2018,6,35.5
CTN_025,T2M_MAX,2018,7,31.77
CTN_025,T2M_MAX,2018,8,29.07
CTN_025,T2M_MAX,2018,9,27.58
CTN_025,T2M_MAX,2018,10,28.02
CTN_025,T2M_MAX,2018,11,29.43
CTN_025,T2M_MAX,2018,12,30.0
CTN_025,T2M_MAX,2019,1,31.58
CTN_025,T2M_MAX,2019,2,34.96
CTN_025,T2M_MAX,2019,3,35.88
CTN_025,T2M_MAX,2019,4,37.45
CTN_025,T2M_MAX,2019,5,37.82
CTN_025,T2M_MAX,2019,6,34.0
CTN_025,T2M_MAX,2019,7,31.1
CTN_025,T2M_MAX,2019,8,29.82
CTN_025,T2M_MAX,2019,9,30.04
CTN_025,T2M_MAX,2019,10,28.06
CTN_025,T2M_MAX,2019,11,29.83
CTN_025,T2M_MAX,2019,12,29.48
CTN_025,T2M_MAX,2020,1,30.82
CTN_025,T2M_MAX,2020,2,34.45
CTN_025,T2M_MAX,2020,3,36.47
CTN_025,T2M_MAX,2020,4,37.74
CTN_025,T2M_MAX,2020,5,37.51
CTN_025,T2M_MAX,2020,6,36.02
CTN_025,T2M_MAX,2020,7,30.95
CTN_025,T2M_MAX,2020,8,29.85
CTN_025,T2M_MAX,2020,9,28.77
CTN_025,T2M_MAX,2020,10,28.55
CTN_025,T2M_MAX,2020,11,30.62
CTN_025,T2M_MAX,2020,12,31.01
CTN_025,T2M_MAX,2021,1,32.63
CTN_025,T2M_MAX,2021,2,33.85
CTN_025,T2M_MAX,2021,3,36.3
CTN_025,T2M_MAX,2021,4,37.51
CTN_025,T2M_MAX,2021,5,35.43
CTN_025,T2M_MAX,2021,6,30.75
CTN_025,T2M_MAX,2021,7,29.59
CTN_025,T2M_MAX,2021,8,30.35
CTN_025,T2M_MAX,2021,9,27.71
CTN_025,T2M_MAX,2021,10,29.46
CTN_025,T2M_MAX,2021,11,28.82
CTN_025,T2M_MAX,2021,12,30.15
CTN_025,T2M_MAX,2022,1,30.95
CTN_025,T2M_MAX,2022,2,33.49
CTN_025,T2M_MAX,2022,3,36.28
CTN_025,T2M_MAX,2022,4,38.22
CTN_025,T2M_MAX,2022,5,38.04
CTN_025,T2M_MAX,2022,6,33.51
CTN_025,T2M_MAX,2022,7,32.44
CTN_025,T2M_MAX,2022,8,30.33
CTN_025,T2M_MAX,2022,9,27.71
CTN_025,T2M_MAX,2022,10,28.75
CTN_025,T2M_MAX,2022,11,30.05
CTN_025,T2M_MAX,2022,12,29.52
CTN_025,T2M_MAX,2023,1,31.21
CTN_025,T2M_MAX,2023,2,34.78
CTN_025,T2M_MAX,2023,3,35.51
CTN_025,T2M_MAX,2023,4,37.84
CTN_025,T2M_MAX,2023,5,37.74
CTN_025,T2M_MAX,2023,6,38.97
CTN_025,T2M_MAX,2023,7,34.96
CTN_025,T2M_MAX,2023,8,31.07
CTN_025,T2M_MAX,2023,9,30.82
CTN_025,T2M_MAX,2023,10,30.46
CTN_025,T2M_MAX,2023,11,30.88
CTN_025,T2M_MAX,2023,12,29.0
CTN_025,T2M_MAX,2024,1,33.22
CTN_025,T2M_MAX,2024,2,34.84
CTN_025,T2M_MAX,2024,3,38.03
CTN_025,T2M_MAX,2024,4,38.23
CTN_025,T2M_MAX,2024,5,39.96
CTN_025,T2M_MAX,2024,6,39.04
CTN_025,T2M_MAX,2024,7,32.71
CTN_025,T2M_MAX,2024,8,29.68
CTN_025,T2M_MAX,2024,9,29.0
CTN_025,T2M_MAX,2024,10,28.37
CTN_025,T2M_MAX,2024,11,29.5
CTN_025,T2M_MAX,2024,12,30.16
CTN_025,WS10M,2015,1,2.4
CTN_025,WS10M,2015,2,2.09
CTN_025,WS10M,2015,3,2.35
CTN_025,WS10M,2015,4,2.4
CTN_025,WS10M,2015,5,1.78
CTN_025,WS10M,2015,6,1.89
CTN_025,WS10M,2015,7,1.93
CTN_025,WS10M,2015,8,1.67
CTN_025,WS10M,2015,9,1.58
CTN_025,WS10M,2015,10,1.81
CTN_025,WS10M,2015,11,1.87
CTN_025,WS10M,2015,12,2.1
CTN_025,WS10M,2016,1,1.94
CTN_025,WS10M,2016,2,2.86
CTN_025,WS10M,2016,3,2.44
CTN_025,WS10M,2016,4,2.13
CTN_025,WS10M,2016,5,2.09
CTN_025,WS10M,2016,6,1.94
CTN_025,WS10M,2016,7,1.5
CTN_025,WS10M,2016,8,1.67
CTN_025,WS10M,2016,9,1.45
CTN_025,WS10M,2016,10,1.69
CTN_025,WS10M,2016,11,1.89
CTN_025,WS10M,2016,12,2.15
CTN_025,WS10M,2017,1,2.16
CTN_025,WS10M,2017,2,2.19
CTN_025,WS10M,2017,3,2.42
CTN_025,WS10M,2017,4,2.41
CTN_025,WS10M,2017,5,2.22
CTN_025,WS10M,2017,6,1.95
CTN_025,WS10M,2017,7,1.57
CTN_025,WS10M,2017,8,1.66
CTN_025,WS10M,2017,9,1.57
CTN_025,WS10M,2017,10,1.86
CTN_025,WS10M,2017,11,1.84
CTN_025,WS10M,2017,12,1.94
CTN_025,WS10M,2018,1,2.75
CTN_025,WS10M,2018,2,2.01
CTN_025,WS10M,2018,3,2.26
CTN_025,WS10M,2018,4,2.4
CTN_025,WS10M,2018,5,2.05
CTN_025,WS10M,2018,6,1.99
CTN_025,WS10M,2018,7,1.66
CTN_025,WS10M,2018,8,1.5
CTN_025,WS10M,2018,9,1.59
CTN_025,WS10M,2018,10,1.83
CTN_025,WS10M,2018,11,1.68
CTN_025,WS10M,2018,12,2.01
CTN_025,WS10M,2019,1,2.04
CTN_025,WS10M,2019,2,2.05
CTN_025,WS10M,2019,3,2.39
CTN_025,WS10M,2019,4,2.44
CTN_025,WS10M,2019,5,2.34
CTN_025,WS10M,2019,6,2.09
CTN_025,WS10M,2019,7,1.53
CTN_025,WS10M,2019,8,1.48
CTN_025,WS10M,2019,9,1.64
CTN_025,WS10M,2019,10,1.63
CTN_025,WS10M,2019,11,1.91
CTN_025,WS10M,2019,12,1.86
CTN_025,WS10M,2020,1,2.43
CTN_025,WS10M,2020,2,2.43
CTN_025,WS10M,2020,3,2.25
CTN_025,WS10M,2020,4,2.54
CTN_025,WS10M,2020,5,2.19
CTN_025,WS10M,2020,6,1.96
CTN_025,WS10M,2020,7,1.68
CTN_025,WS10M,2020,8,1.85
CTN_025,WS10M,2020,9,1.66
CTN_025,WS10M,2020,10,1.68
CTN_025,WS10M,2020,11,2.45
CTN_025,WS10M,2020,12,1.89
CTN_025,WS10M,2021,1,1.94
CTN_025,WS10M,2021,2,2.23
CTN_025,WS10M,2021,3,2.06
CTN_025,WS10M,2021,4,2.69
CTN_025,WS10M,2021,5,2.2
CTN_025,WS10M,2021,6,1.86
CTN_025,WS10M,2021,7,1.73
CTN_025,WS10M,2021,8,1.87
CTN_025,WS10M,2021,9,1.51
CTN_025,WS10M,2021,10,1.65
CTN_025,WS10M,2021,11,1.97
CTN_025,WS10M,2021,12,1.67
CTN_025,WS10M,2022,1,2.08
CTN_025,WS10M,2022,2,2.29
CTN_025,WS10M,2022,3,2.29
CTN_025,WS10M,2022,4,2.38
CTN_025,WS10M,2022,5,2.29
CTN_025,WS10M,2022,6,2.08
CTN_025,WS10M,2022,7,1.6
CTN_025,WS10M,2022,8,1.57
CTN_025,WS10M,2022,9,1.74
CTN_025,WS10M,2022,10,1.64
CTN_025,WS10M,2022,11,1.64
CTN_025,WS10M,2022,12,2.15
CTN_025,WS10M,2023,1,1.91
CTN_025,WS10M,2023,2,2.29
CTN_025,WS10M,2023,3,2.22
CTN_025,WS10M,2023,4,2.47
CTN_025,WS10M,2023,5,2.08
CTN_025,WS10M,2023,6,2.61
CTN_025,WS10M,2023,7,2.0
CTN_025,WS10M,2023,8,1.72
CTN_025,WS10M,2023,9,1.43
CTN_025,WS10M,2023,10,1.82
CTN_025,WS10M,2023,11,1.97
CTN_025,WS10M,2023,12,2.01
CTN_025,WS10M,2024,1,1.97
CTN_025,WS10M,2024,2,1.98
CTN_025,WS10M,2024,3,2.29
CTN_025,WS10M,2024,4,2.47
CTN_025,WS10M,2024,5,2.31
CTN_025,WS10M,2024,6,2.55
CTN_025,WS10M,2024,7,1.63
CTN_025,WS10M,2024,8,1.54
CTN_025,WS10M,2024,9,1.65
CTN_025,WS10M,2024,10,1.86
CTN_025,WS10M,2024,11,1.75
CTN_025,WS10M,2024,12,2.07
CTN_026,ALLSKY_SFC_SW_DWN,2015,1,5.1029
CTN_026,ALLSKY_SFC_SW_DWN,2015,2,5.6297
CTN_026,ALLSKY_SFC_SW_DWN,2015,3,5.9503
CTN_026,ALLSKY_SFC_SW_DWN,2015,4,6.8688
CTN_026,ALLSKY_SFC_SW_DWN,2015,5,5.8577
CTN_026,ALLSKY_SFC_SW_DWN,2015,6,5.7233
CTN_026,ALLSKY_SFC_SW_DWN,2015,7,6.055
CTN_026,ALLSKY_SFC_SW_DWN,2015,8,6.1942
CTN_026,ALLSKY_SFC_SW_DWN,2015,9,5.2015
CTN_026,ALLSKY_SFC_SW_DWN,2015,10,5.1828
CTN_026,ALLSKY_SFC_SW_DWN,2015,11,5.0066
CTN_026,ALLSKY_SFC_SW_DWN,2015,12,4.6522
CTN_026,ALLSKY_SFC_SW_DWN,2016,1,4.2511
CTN_026,ALLSKY_SFC_SW_DWN,2016,2,5.9885
CTN_026,ALLSKY_SFC_SW_DWN,2016,3,6.1937
CTN_026,ALLSKY_SFC_SW_DWN,2016,4,6.8832
CTN_026,ALLSKY_SFC_SW_DWN,2016,5,6.5422
CTN_026,ALLSKY_SFC_SW_DWN,2016,6,5.7854
CTN_026,ALLSKY_SFC_SW_DWN,2016,7,6.1217
CTN_026,ALLSKY_SFC_SW_DWN,2016,8,5.8781
CTN_026,ALLSKY_SFC_SW_DWN,2016,9,5.4631
CTN_026,ALLSKY_SFC_SW_DWN,2016,10,5.7979
CTN_026,ALLSKY_SFC_SW_DWN,2016,11,5.0378
CTN_026,ALLSKY_SFC_SW_DWN,2016,12,5.0592
CTN_026,ALLSKY_SFC_SW_DWN,2017,1,5.4516
CTN_026,ALLSKY_SFC_SW_DWN,2017,2,6.253
CTN_026,ALLSKY_SFC_SW_DWN,2017,3,6.6667
CTN_026,ALLSKY_SFC_SW_DWN,2017,4,7.1045
CTN_026,ALLSKY_SFC_SW_DWN,2017,5,6.0158
CTN_026,ALLSKY_SFC_SW_DWN,2017,6,5.5135
CTN_026,ALLSKY_SFC_SW_DWN,2017,7,5.9371
CTN_026,ALLSKY_SFC_SW_DWN,2017,8,5.7149
CTN_026,ALLSKY_SFC_SW_DWN,2017,9,4.7688
CTN_026,ALLSKY_SFC_SW_DWN,2017,10,5.4187
CTN_026,ALLSKY_SFC_SW_DWN,2017,11,5.4818
CTN_026,ALLSKY_SFC_SW_DWN,2017,12,5.2145
CTN_026,ALLSKY_SFC_SW_DWN,2018,1,4.9625
CTN_026,ALLSKY_SFC_SW_DWN,2018,2,5.7168
CTN_026,ALLSKY_SFC_SW_DWN,2018,3,6.8376
CTN_026,ALLSKY_SFC_SW_DWN,2018,4,6.7886
CTN_026,ALLSKY_SFC_SW_DWN,2018,5,6.5208
CTN_026,ALLSKY_SFC_SW_DWN,2018,6,5.4682
CTN_026,ALLSKY_SFC_SW_DWN,2018,7,6.8988
CTN_026,ALLSKY_SFC_SW_DWN,2018,8,5.8337
CTN_026,ALLSKY_SFC_SW_DWN,2018,9,5.8049
CTN_026,ALLSKY_SFC_SW_DWN,2018,10,4.9438
CTN_026,ALLSKY_SFC_SW_DWN,2018,11,4.6474
CTN_026,ALLSKY_SFC_SW_DWN,2018,12,4.9735
CTN_026,ALLSKY_SFC_SW_DWN,2019,1,5.2416
CTN_026,ALLSKY_SFC_SW_DWN,2019,2,6.223
CTN_026,ALLSKY_SFC_SW_DWN,2019,3,6.8825
CTN_026,ALLSKY_SFC_SW_DWN,2019,4,7.3212
CTN_026,ALLSKY_SFC_SW_DWN,2019,5,6.6302
CTN_026,ALLSKY_SFC_SW_DWN,2019,6,5.8466
CTN_026,ALLSKY_SFC_SW_DWN,2019,7,6.3396
CTN_026,ALLSKY_SFC_SW_DWN,2019,8,6.1735
CTN_026,ALLSKY_SFC_SW_DWN,2019,9,5.5022
CTN_026,ALLSKY_SFC_SW_DWN,2019,10,4.9346
CTN_026,ALLSKY_SFC_SW_DWN,2019,11,5.035
CTN_026,ALLSKY_SFC_SW_DWN,2019,12,4.9406
CTN_026,ALLSKY_SFC_SW_DWN,2020,1,5.3014
CTN_026,ALLSKY_SFC_SW_DWN,2020,2,5.9935
CTN_026,ALLSKY_SFC_SW_DWN,2020,3,6.8522
CTN_026,ALLSKY_SFC_SW_DWN,2020,4,7.3094
CTN_026,ALLSKY_SFC_SW_DWN,2020,5,7.1126
CTN_026,ALLSKY_SFC_SW_DWN,2020,6,5.9875
CTN_026,ALLSKY_SFC_SW_DWN,2020,7,6.0348
CTN_026,ALLSKY_SFC_SW_DWN,2020,8,5.5555
CTN_026,ALLSKY_SFC_SW_DWN,2020,9,5.2063
CTN_026,ALLSKY_SFC_SW_DWN,2020,10,5.7372
CTN_026,ALLSKY_SFC_SW_DWN,2020,11,5.4557
CTN_026,ALLSKY_SFC_SW_DWN,2020,12,4.8254
CTN_026,ALLSKY_SFC_SW_DWN,2021,1,4.8883
CTN_026,ALLSKY_SFC_SW_DWN,2021,2,6.3473
CTN_026,ALLSKY_SFC_SW_DWN,2021,3,6.919
CTN_026,ALLSKY_SFC_SW_DWN,2021,4,7.3584
CTN_026,ALLSKY_SFC_SW_DWN,2021,5,6.642
CTN_026,ALLSKY_SFC_SW_DWN,2021,6,4.9135
CTN_026,ALLSKY_SFC_SW_DWN,2021,7,6.2009
CTN_026,ALLSKY_SFC_SW_DWN,2021,8,5.4379
CTN_026,ALLSKY_SFC_SW_DWN,2021,9,5.5039
CTN_026,ALLSKY_SFC_SW_DWN,2021,10,5.1636
CTN_026,ALLSKY_SFC_SW_DWN,2021,11,5.5058
CTN_026,ALLSKY_SFC_SW_DWN,2021,12,5.1216
CTN_026,ALLSKY_SFC_SW_DWN,2022,1,5.2169
CTN_026,ALLSKY_SFC_SW_DWN,2022,2,5.8219
CTN_026,ALLSKY_SFC_SW_DWN,2022,3,7.1266
CTN_026,ALLSKY_SFC_SW_DWN,2022,4,7.1834
CTN_026,ALLSKY_SFC_SW_DWN,2022,5,6.9103
CTN_026,ALLSKY_SFC_SW_DWN,2022,6,5.7257
CTN_026,ALLSKY_SFC_SW_DWN,2022,7,6.0175
CTN_026,ALLSKY_SFC_SW_DWN,2022,8,5.7478
CTN_026,ALLSKY_SFC_SW_DWN,2022,9,5.0993
CTN_026,ALLSKY_SFC_SW_DWN,2022,10,4.9054
CTN_026,ALLSKY_SFC_SW_DWN,2022,11,5.0659
CTN_026,ALLSKY_SFC_SW_DWN,2022,12,4.9238
CTN_026,ALLSKY_SFC_SW_DWN,2023,1,5.3666
CTN_026,ALLSKY_SFC_SW_DWN,2023,2,6.0384
CTN_026,ALLSKY_SFC_SW_DWN,2023,3,6.8532
CTN_026,ALLSKY_SFC_SW_DWN,2023,4,7.1774
CTN_026,ALLSKY_SFC_SW_DWN,2023,5,6.3259
CTN_026,ALLSKY_SFC_SW_DWN,2023,6,6.707
CTN_026,ALLSKY_SFC_SW_DWN,2023,7,5.9026
CTN_026,ALLSKY_SFC_SW_DWN,2023,8,5.7641
CTN_026,ALLSKY_SFC_SW_DWN,2023,9,6.0046
CTN_026,ALLSKY_SFC_SW_DWN,2023,10,4.8019
CTN_026,ALLSKY_SFC_SW_DWN,2023,11,5.0902
CTN_026,ALLSKY_SFC_SW_DWN,2023,12,4.6488
CTN_026,ALLSKY_SFC_SW_DWN,2024,1,5.0803
CTN_026,ALLSKY_SFC_SW_DWN,2024,2,5.9758
CTN_026,ALLSKY_SFC_SW_DWN,2024,3,7.1664
CTN_026,ALLSKY_SFC_SW_DWN,2024,4,7.3092
CTN_026,ALLSKY_SFC_SW_DWN,2024,5,6.9641
CTN_026,ALLSKY_SFC_SW_DWN,2024,6,5.947
CTN_026,ALLSKY_SFC_SW_DWN,2024,7,5.6215
CTN_026,ALLSKY_SFC_SW_DWN,2024,8,5.9333
CTN_026,ALLSKY_SFC_SW_DWN,2024,9,4.6392
CTN_026,ALLSKY_SFC_SW_DWN,2024,10,5.2361
CTN_026,ALLSKY_SFC_SW_DWN,2024,11,5.2152
CTN_026,ALLSKY_SFC_SW_DWN,2024,12,4.8943
CTN_026,PRECTOTCORR,2015,1,0.01
CTN_026,PRECTOTCORR,2015,2,0.1
CTN_026,PRECTOTCORR,2015,3,0.85
CTN_026,PRECTOTCORR,2015,4,0.12
CTN_026,PRECTOTCORR,2015,5,3.72
CTN_026,PRECTOTCORR,2015,6,3.9
CTN_026,PRECTOTCORR,2015,7,3.9
CTN_026,PRECTOTCORR,2015,8,4.88
CTN_026,PRECTOTCORR,2015,9,7.29
CTN_026,PRECTOTCORR,2015,10,2.07
CTN_026,PRECTOTCORR,2015,11,1.32
CTN_026,PRECTOTCORR,2015,12,0.04
CTN_026,PRECTOTCORR,2016,1,0.13
CTN_026,PRECTOTCORR,2016,2,0.05
CTN_026,PRECTOTCORR,2016,3,1.28
CTN_026,PRECTOTCORR,2016,4,0.61
CTN_026,PRECTOTCORR,2016,5,2.01
CTN_026,PRECTOTCORR,2016,6,6.3
CTN_026,PRECTOTCORR,2016,7,6.23
CTN_026,PRECTOTCORR,2016,8,5.76
CTN_026,PRECTOTCORR,2016,9,7.39
CTN_026,PRECTOTCORR,2016,10,1.17
CTN_026,PRECTOTCORR,2016,11,0.86
CTN_026,PRECTOTCORR,2016,12,0.02
CTN_026,PRECTOTCORR,2017,1,0.0
CTN_026,PRECTOTCORR,2017,2,0.0
CTN_026,PRECTOTCORR,2017,3,0.16
CTN_026,PRECTOTCORR,2017,4,0.23
CTN_026,PRECTOTCORR,2017,5,3.42
CTN_026,PRECTOTCORR,2017,6,6.63
CTN_026,PRECTOTCORR,2017,7,6.12
CTN_026,PRECTOTCORR,2017,8,7.23
CTN_026,PRECTOTCORR,2017,9,9.02
CTN_026,PRECTOTCORR,2017,10,1.65
CTN_026,PRECTOTCORR,2017,11,0.08
CTN_026,PRECTOTCORR,2017,12,0.01
CTN_026,PRECTOTCORR,2018,1,0.11
CTN_026,PRECTOTCORR,2018,2,0.08
CTN_026,PRECTOTCORR,2018,3,0.06
CTN_026,PRECTOTCORR,2018,4,0.96
CTN_026,PRECTOTCORR,2018,5,2.67
CTN_026,PRECTOTCORR,2018,6,7.82
CTN_026,PRECTOTCORR,2018,7,2.61
CTN_026,PRECTOTCORR,2018,8,8.7
CTN_026,PRECTOTCORR,2018,9,6.27
CTN_026,PRECTOTCORR,2018,10,3.7
CTN_026,PRECTOTCORR,2018,11,1.06
CTN_026,PRECTOTCORR,2018,12,0.1
CTN_026,PRECTOTCORR,2019,1,0.03
CTN_026,PRECTOTCORR,2019,2,0.01
CTN_026,PRECTOTCORR,2019,3,0.02
CTN_026,PRECTOTCORR,2019,4,0.02
CTN_026,PRECTOTCORR,2019,5,1.67
CTN_026,PRECTOTCORR,2019,6,5.75
CTN_026,PRECTOTCORR,2019,7,5.75
CTN_026,PRECTOTCORR,2019,8,5.2
CTN_026,PRECTOTCORR,2019,9,7.16
CTN_026,PRECTOTCORR,2019,10,4.82
CTN_026,PRECTOTCORR,2019,11,0.8
CTN_026,PRECTOTCORR,2019,12,0.0
CTN_026,PRECTOTCORR,2020,1,0.12
CTN_026,PRECTOTCORR,2020,2,0.07
CTN_026,PRECTOTCORR,2020,3,0.09
CTN_026,PRECTOTCORR,2020,4,0.33
CTN_026,PRECTOTCORR,2020,5,0.75
CTN_026,PRECTOTCORR,2020,6,5.39
CTN_026,PRECTOTCORR,2020,7,5.36
CTN_026,PRECTOTCORR,2020,8,6.61
CTN_026,PRECTOTCORR,2020,9,7.31
CTN_026,PRECTOTCORR,2020,10,1.25
CTN_026,PRECTOTCORR,2020,11,0.12
CTN_026,PRECTOTCORR,2020,12,0.06
CTN_026,PRECTOTCORR,2021,1,0.13
CTN_026,PRECTOTCORR,2021,2,0.28
CTN_026,PRECTOTCORR,2021,3,0.52
CTN_026,PRECTOTCORR,2021,4,0.06
CTN_026,PRECTOTCORR,2021,5,3.03
CTN_026,PRECTOTCORR,2021,6,7.8
CTN_026,PRECTOTCORR,2021,7,4.68
CTN_026,PRECTOTCORR,2021,8,7.8
CTN_026,PRECTOTCORR,2021,9,6.35
CTN_026,PRECTOTCORR,2021,10,2.7
CTN_026,PRECTOTCORR,2021,11,0.05
CTN_026,PRECTOTCORR,2021,12,0.01
CTN_026,PRECTOTCORR,2022,1,0.25
CTN_026,PRECTOTCORR,2022,2,0.03
CTN_026,PRECTOTCORR,2022,3,0.05
CTN_026,PRECTOTCORR,2022,4,0.65
CTN_026,PRECTOTCORR,2022,5,1.65
CTN_026,PRECTOTCORR,2022,6,6.4
CTN_026,PRECTOTCORR,2022,7,5.93
CTN_026,PRECTOTCORR,2022,8,6.73
CTN_026,PRECTOTCORR,2022,9,8.62
CTN_026,PRECTOTCORR,2022,10,2.17
CTN_026,PRECTOTCORR,2022,11,0.29
CTN_026,PRECTOTCORR,2022,12,0.07
CTN_026,PRECTOTCORR,2023,1,0.0
CTN_026,PRECTOTCORR,2023,2,0.0
CTN_026,PRECTOTCORR,2023,3,0.06
CTN_026,PRECTOTCORR,2023,4,1.04
CTN_026,PRECTOTCORR,2023,5,1.32
CTN_026,PRECTOTCORR,2023,6,0.41
CTN_026,PRECTOTCORR,2023,7,5.46
CTN_026,PRECTOTCORR,2023,8,6.88
CTN_026,PRECTOTCORR,2023,9,4.48
CTN_026,PRECTOTCORR,2023,10,4.81
CTN_026,PRECTOTCORR,2023,11,1.48
CTN_026,PRECTOTCORR,2023,12,0.07
CTN_026,PRECTOTCORR,2024,1,0.02
CTN_026,PRECTOTCORR,2024,2,0.38
CTN_026,PRECTOTCORR,2024,3,0.0
CTN_026,PRECTOTCORR,2024,4,0.02
CTN_026,PRECTOTCORR,2024,5,0.49
CTN_026,PRECTOTCORR,2024,6,3.14
CTN_026,PRECTOTCORR,2024,7,7.96
CTN_026,PRECTOTCORR,2024,8,6.29
CTN_026,PRECTOTCORR,2024,9,11.36
CTN_026,PRECTOTCORR,2024,10,2.5
CTN_026,PRECTOTCORR,2024,11,0.28
CTN_026,PRECTOTCORR,2024,12,0.02
CTN_026,T2M,2015,1,19.43
CTN_026,T2M,2015,2,20.74
CTN_026,T2M,2015,3,22.61
CTN_026,T2M,2015,4,26.03
CTN_026,T2M,2015,5,24.94
CTN_026,T2M,2015,6,23.12
CTN_026,T2M,2015,7,22.68
CTN_026,T2M,2015,8,22.89
CTN_026,T2M,2015,9,21.56
CTN_026,T2M,2015,10,21.93
CTN_026,T2M,2015,11,21.74
CTN_026,T2M,2015,12,20.92
CTN_026,T2M,2016,1,19.82
CTN_026,T2M,2016,2,20.35
CTN_026,T2M,2016,3,22.05
CTN_026,T2M,2016,4,25.64
CTN_026,T2M,2016,5,26.62
CTN_026,T2M,2016,6,23.1
CTN_026,T2M,2016,7,22.4
CTN_026,T2M,2016,8,22.18
CTN_026,T2M,2016,9,21.46
CTN_026,T2M,2016,10,21.38
CTN_026,T2M,2016,11,20.32
CTN_026,T2M,2016,12,21.06
CTN_026,T2M,2017,1,20.13
CTN_026,T2M,2017,2,21.6
CTN_026,T2M,2017,3,23.95
CTN_026,T2M,2017,4,25.19
CTN_026,T2M,2017,5,25.84
CTN_026,T2M,2017,6,23.04
CTN_026,T2M,2017,7,21.87
CTN_026,T2M,2017,8,21.99
CTN_026,T2M,2017,9,21.32
CTN_026,T2M,2017,10,20.84
CTN_026,T2M,2017,11,19.45
CTN_026,T2M,2017,12,18.76
CTN_026,T2M,2018,1,18.44
CTN_026,T2M,2018,2,22.14
CTN_026,T2M,2018,3,24.47
CTN_026,T2M,2018,4,25.31
CTN_026,T2M,2018,5,24.99
CTN_026,T2M,2018,6,22.63
CTN_026,T2M,2018,7,22.79
CTN_026,T2M,2018,8,21.66
CTN_026,T2M,2018,9,21.57
CTN_026,T2M,2018,10,21.25
CTN_026,T2M,2018,11,20.16
CTN_026,T2M,2018,12,19.34
CTN_026,T2M,2019,1,19.93
CTN_026,T2M,2019,2,22.26
CTN_026,T2M,2019,3,24.08
CTN_026,T2M,2019,4,25.26
CTN_026,T2M,2019,5,26.06
CTN_026,T2M,2019,6,23.94
CTN_026,T2M,2019,7,22.61
CTN_026,T2M,2019,8,22.49
CTN_026,T2M,2019,9,21.89
CTN_026,T2M,2019,10,21.1
CTN_026,T2M,2019,11,20.77
CTN_026,T2M,2019,12,19.82
CTN_026,T2M,2020,1,20.22
CTN_026,T2M,2020,2,22.15
CTN_026,T2M,2020,3,24.53
CTN_026,T2M,2020,4,26.84
CTN_026,T2M,2020,5,26.33
CTN_026,T2M,2020,6,24.62
CTN_026,T2M,2020,7,22.87
CTN_026,T2M,2020,8,22.13
CTN_026,T2M,2020,9,21.47
CTN_026,T2M,2020,10,20.59
CTN_026,T2M,2020,11,20.33
CTN_026,T2M,2020,12,20.52
CTN_026,T2M,2021,1,21.22
CTN_026,T2M,2021,2,21.37
CTN_026,T2M,2021,3,23.89
CTN_026,T2M,2021,4,25.5
CTN_026,T2M,2021,5,24.89
CTN_026,T2M,2021,6,22.12
CTN_026,T2M,2021,7,22.23
CTN_026,T2M,2021,8,21.68
CTN_026,T2M,2021,9,21.57
CTN_026,T2M,2021,10,21.75
CTN_026,T2M,2021,11,19.59
CTN_026,T2M,2021,12,20.59
CTN_026,T2M,2022,1,20.47
CTN_026,T2M,2022,2,21.7
CTN_026,T2M,2022,3,23.76
CTN_026,T2M,2022,4,25.93
CTN_026,T2M,2022,5,26.28
CTN_026,T2M,2022,6,23.19
CTN_026,T2M,2022,7,23.04
CTN_026,T2M,2022,8,22.12
CTN_026,T2M,2022,9,21.43
CTN_026,T2M,2022,10,21.25
CTN_026,T2M,2022,11,21.3
CTN_026,T2M,2022,12,19.53
CTN_026,T2M,2023,1,20.4
CTN_026,T2M,2023,2,21.71
CTN_026,T2M,2023,3,24.3
CTN_026,T2M,2023,4,25.64
CTN_026,T2M,2023,5,26.36
CTN_026,T2M,2023,6,27.75
CTN_026,T2M,2023,7,24.23
CTN_026,T2M,2023,8,23.08
CTN_026,T2M,2023,9,23.03
CTN_026,T2M,2023,10,22.17
CTN_026,T2M,2023,11,21.35
CTN_026,T2M,2023,12,19.43
CTN_026,T2M,2024,1,21.17
CTN_026,T2M,2024,2,22.4
CTN_026,T2M,2024,3,24.88
CTN_026,T2M,2024,4,26.89
CTN_026,T2M,2024,5,28.49
CTN_026,T2M,2024,6,26.08
CTN_026,T2M,2024,7,23.26
CTN_026,T2M,2024,8,22.81
CTN_026,T2M,2024,9,22.26
CTN_026,T2M,2024,10,20.89
CTN_026,T2M,2024,11,21.01
CTN_026,T2M,2024,12,19.61
CTN_026,T2M_MAX,2015,1,30.07
CTN_026,T2M_MAX,2015,2,33.91
CTN_026,T2M_MAX,2015,3,34.63
CTN_026,T2M_MAX,2015,4,37.35
CTN_026,T2M_MAX,2015,5,36.49
CTN_026,T2M_MAX,2015,6,32.02
CTN_026,T2M_MAX,2015,7,32.26
CTN_026,T2M_MAX,2015,8,31.65
CTN_026,T2M_MAX,2015,9,28.52
CTN_026,T2M_MAX,2015,10,30.3
CTN_026,T2M_MAX,2015,11,30.01
CTN_026,T2M_MAX,2015,12,31.22
CTN_026,T2M_MAX,2016,1,30.89
CTN_026,T2M_MAX,2016,2,33.03
CTN_026,T2M_MAX,2016,3,36.85
CTN_026,T2M_MAX,2016,4,38.17
CTN_026,T2M_MAX,2016,5,38.81
CTN_026,T2M_MAX,2016,6,32.41
CTN_026,T2M_MAX,2016,7,30.5
CTN_026,T2M_MAX,2016,8,29.65
CTN_026,T2M_MAX,2016,9,28.42
CTN_026,T2M_MAX,2016,10,28.99
CTN_026,T2M_MAX,2016,11,29.99
CTN_026,T2M_MAX,2016,12,30.77
CTN_026,T2M_MAX,2017,1,31.62
CTN_026,T2M_MAX,2017,2,33.33
CTN_026,T2M_MAX,2017,3,35.24
CTN_026,T2M_MAX,2017,4,38.5
CTN_026,T2M_MAX,2017,5,37.05
CTN_026,T2M_MAX,2017,6,32.01
CTN_026,T2M_MAX,2017,7,28.72
CTN_026,T2M_MAX,2017,8,29.43
CTN_026,T2M_MAX,2017,9,28.35
CTN_026,T2M_MAX,2017,10,28.27
CTN_026,T2M_MAX,2017,11,29.26
CTN_026,T2M_MAX,2017,12,29.68
CTN_026,T2M_MAX,2018,1,31.01
CTN_026,T2M_MAX,2018,2,32.77
CTN_026,T2M_MAX,2018,3,36.39
CTN_026,T2M_MAX,2018,4,35.94
CTN_026,T2M_MAX,2018,5,37.28
CTN_026,T2M_MAX,2018,6,35.5
CTN_026,T2M_MAX,2018,7,31.77
CTN_026,T2M_MAX,2018,8,29.07
CTN_026,T2M_MAX,2018,9,27.58
CTN_026,T2M_MAX,2018,10,28.02
CTN_026,T2M_MAX,2018,11,29.43
CTN_026,T2M_MAX,2018,12,30.0
CTN_026,T2M_MAX,2019,1,31.58
CTN_026,T2M_MAX,2019,2,34.96
CTN_026,T2M_MAX,2019,3,35.88
CTN_026,T2M_MAX,2019,4,37.45
CTN_026,T2M_MAX,2019,5,37.82
CTN_026,T2M_MAX,2019,6,34.0
CTN_026,T2M_MAX,2019,7,31.1
CTN_026,T2M_MAX,2019,8,29.82
CTN_026,T2M_MAX,2019,9,30.04
CTN_026,T2M_MAX,2019,10,28.06
CTN_026,T2M_MAX,2019,11,29.83
CTN_026,T2M_MAX,2019,12,29.48
CTN_026,T2M_MAX,2020,1,30.82
CTN_026,T2M_MAX,2020,2,34.45
CTN_026,T2M_MAX,2020,3,36.47
CTN_026,T2M_MAX,2020,4,37.74
CTN_026,T2M_MAX,2020,5,37.51
CTN_026,T2M_MAX,2020,6,36.02
CTN_026,T2M_MAX,2020,7,30.95
CTN_026,T2M_MAX,2020,8,29.85
CTN_026,T2M_MAX,2020,9,28.77
CTN_026,T2M_MAX,2020,10,28.55
CTN_026,T2M_MAX,2020,11,30.62
CTN_026,T2M_MAX,2020,12,31.01
CTN_026,T2M_MAX,2021,1,32.63
CTN_026,T2M_MAX,2021,2,33.85
CTN_026,T2M_MAX,2021,3,36.3
CTN_026,T2M_MAX,2021,4,37.51
CTN_026,T2M_MAX,2021,5,35.43
CTN_026,T2M_MAX,2021,6,30.75
CTN_026,T2M_MAX,2021,7,29.59
CTN_026,T2M_MAX,2021,8,30.35
CTN_026,T2M_MAX,2021,9,27.71
CTN_026,T2M_MAX,2021,10,29.46
CTN_026,T2M_MAX,2021,11,28.82
CTN_026,T2M_MAX,2021,12,30.15
CTN_026,T2M_MAX,2022,1,30.95
CTN_026,T2M_MAX,2022,2,33.49
CTN_026,T2M_MAX,2022,3,36.28
CTN_026,T2M_MAX,2022,4,38.22
CTN_026,T2M_MAX,2022,5,38.04
CTN_026,T2M_MAX,2022,6,33.51
CTN_026,T2M_MAX,2022,7,32.44
CTN_026,T2M_MAX,2022,8,30.33
CTN_026,T2M_MAX,2022,9,27.71
CTN_026,T2M_MAX,2022,10,28.75
CTN_026,T2M_MAX,2022,11,30.05
CTN_026,T2M_MAX,2022,12,29.52
CTN_026,T2M_MAX,2023,1,31.21
CTN_026,T2M_MAX,2023,2,34.78
CTN_026,T2M_MAX,2023,3,35.51
CTN_026,T2M_MAX,2023,4,37.84
CTN_026,T2M_MAX,2023,5,37.74
CTN_026,T2M_MAX,2023,6,38.97
CTN_026,T2M_MAX,2023,7,34.96
CTN_026,T2M_MAX,2023,8,31.07
CTN_026,T2M_MAX,2023,9,30.82
CTN_026,T2M_MAX,2023,10,30.46
CTN_026,T2M_MAX,2023,11,30.88
CTN_026,T2M_MAX,2023,12,29.0
CTN_026,T2M_MAX,2024,1,33.22
CTN_026,T2M_MAX,2024,2,34.84
CTN_026,T2M_MAX,2024,3,38.03
CTN_026,T2M_MAX,2024,4,38.23
CTN_026,T2M_MAX,2024,5,39.96
CTN_026,T2M_MAX,2024,6,39.04
CTN_026,T2M_MAX,2024,7,32.71
CTN_026,T2M_MAX,2024,8,29.68
CTN_026,T2M_MAX,2024,9,29.0
CTN_026,T2M_MAX,2024,10,28.37
CTN_026,T2M_MAX,2024,11,29.5
CTN_026,T2M_MAX,2024,12,30.16
CTN_026,WS10M,2015,1,2.4
CTN_026,WS10M,2015,2,2.09
CTN_026,WS10M,2015,3,2.35
CTN_026,WS10M,2015,4,2.4
CTN_026,WS10M,2015,5,1.78
CTN_026,WS10M,2015,6,1.89
CTN_026,WS10M,2015,7,1.93
CTN_026,WS10M,2015,8,1.67
CTN_026,WS10M,2015,9,1.58
CTN_026,WS10M,2015,10,1.81
CTN_026,WS10M,2015,11,1.87
CTN_026,WS10M,2015,12,2.1
CTN_026,WS10M,2016,1,1.94
CTN_026,WS10M,2016,2,2.86
CTN_026,WS10M,2016,3,2.44
CTN_026,WS10M,2016,4,2.13
CTN_026,WS10M,2016,5,2.09
CTN_026,WS10M,2016,6,1.94
CTN_026,WS10M,2016,7,1.5
CTN_026,WS10M,2016,8,1.67
CTN_026,WS10M,2016,9,1.45
CTN_026,WS10M,2016,10,1.69
CTN_026,WS10M,2016,11,1.89
CTN_026,WS10M,2016,12,2.15
CTN_026,WS10M,2017,1,2.16
CTN_026,WS10M,2017,2,2.19
CTN_026,WS10M,2017,3,2.42
CTN_026,WS10M,2017,4,2.41
CTN_026,WS10M,2017,5,2.22
CTN_026,WS10M,2017,6,1.95
CTN_026,WS10M,2017,7,1.57
CTN_026,WS10M,2017,8,1.66
CTN_026,WS10M,2017,9,1.57
CTN_026,WS10M,2017,10,1.86
CTN_026,WS10M,2017,11,1.84
CTN_026,WS10M,2017,12,1.94
CTN_026,WS10M,2018,1,2.75
CTN_026,WS10M,2018,2,2.01
CTN_026,WS10M,2018,3,2.26
CTN_026,WS10M,2018,4,2.4
CTN_026,WS10M,2018,5,2.05
CTN_026,WS10M,2018,6,1.99
CTN_026,WS10M,2018,7,1.66
CTN_026,WS10M,2018,8,1.5
CTN_026,WS10M,2018,9,1.59
CTN_026,WS10M,2018,10,1.83
CTN_026,WS10M,2018,11,1.68
CTN_026,WS10M,2018,12,2.01
CTN_026,WS10M,2019,1,2.04
CTN_026,WS10M,2019,2,2.05
CTN_026,WS10M,2019,3,2.39
CTN_026,WS10M,2019,4,2.44
CTN_026,WS10M,2019,5,2.34
CTN_026,WS10M,2019,6,2.09
CTN_026,WS10M,2019,7,1.53
CTN_026,WS10M,2019,8,1.48
CTN_026,WS10M,2019,9,1.64
CTN_026,WS10M,2019,10,1.63
CTN_026,WS10M,2019,11,1.91
CTN_026,WS10M,2019,12,1.86
CTN_026,WS10M,2020,1,2.43
CTN_026,WS10M,2020,2,2.43
CTN_026,WS10M,2020,3,2.25
CTN_026,WS10M,2020,4,2.54
CTN_026,WS10M,2020,5,2.19
CTN_026,WS10M,2020,6,1.96
CTN_026,WS10M,2020,7,1.68
CTN_026,WS10M,2020,8,1.85
CTN_026,WS10M,2020,9,1.66
CTN_026,WS10M,2020,10,1.68
CTN_026,WS10M,2020,11,2.45
CTN_026,WS10M,2020,12,1.89
CTN_026,WS10M,2021,1,1.94
CTN_026,WS10M,2021,2,2.23
CTN_026,WS10M,2021,3,2.06
CTN_026,WS10M,2021,4,2.69
CTN_026,WS10M,2021,5,2.2
CTN_026,WS10M,2021,6,1.86
CTN_026,WS10M,2021,7,1.73
CTN_026,WS10M,2021,8,1.87
CTN_026,WS10M,2021,9,1.51
CTN_026,WS10M,2021,10,1.65
CTN_026,WS10M,2021,11,1.97
CTN_026,WS10M,2021,12,1.67
CTN_026,WS10M,2022,1,2.08
CTN_026,WS10M,2022,2,2.29
CTN_026,WS10M,2022,3,2.29
CTN_026,WS10M,2022,4,2.38
CTN_026,WS10M,2022,5,2.29
CTN_026,WS10M,2022,6,2.08
CTN_026,WS10M,2022,7,1.6
CTN_026,WS10M,2022,8,1.57
CTN_026,WS10M,2022,9,1.74
CTN_026,WS10M,2022,10,1.64
CTN_026,WS10M,2022,11,1.64
CTN_026,WS10M,2022,12,2.15
CTN_026,WS10M,2023,1,1.91
CTN_026,WS10M,2023,2,2.29
CTN_026,WS10M,2023,3,2.22
CTN_026,WS10M,2023,4,2.47
CTN_026,WS10M,2023,5,2.08
CTN_026,WS10M,2023,6,2.61
CTN_026,WS10M,2023,7,2.0
CTN_026,WS10M,2023,8,1.72
CTN_026,WS10M,2023,9,1.43
CTN_026,WS10M,2023,10,1.82
CTN_026,WS10M,2023,11,1.97
CTN_026,WS10M,2023,12,2.01
CTN_026,WS10M,2024,1,1.97
CTN_026,WS10M,2024,2,1.98
CTN_026,WS10M,2024,3,2.29
CTN_026,WS10M,2024,4,2.47
CTN_026,WS10M,2024,5,2.31
CTN_026,WS10M,2024,6,2.55
CTN_026,WS10M,2024,7,1.63
CTN_026,WS10M,2024,8,1.54
CTN_026,WS10M,2024,9,1.65
CTN_026,WS10M,2024,10,1.86
CTN_026,WS10M,2024,11,1.75
CTN_026,WS10M,2024,12,2.07
CTN_027,ALLSKY_SFC_SW_DWN,2015,1,5.1029
CTN_027,ALLSKY_SFC_SW_DWN,2015,2,5.6297
CTN_027,ALLSKY_SFC_SW_DWN,2015,3,5.9503
CTN_027,ALLSKY_SFC_SW_DWN,2015,4,6.8688
CTN_027,ALLSKY_SFC_SW_DWN,2015,5,5.8577
CTN_027,ALLSKY_SFC_SW_DWN,2015,6,5.7233
CTN_027,ALLSKY_SFC_SW_DWN,2015,7,6.055
CTN_027,ALLSKY_SFC_SW_DWN,2015,8,6.1942
CTN_027,ALLSKY_SFC_SW_DWN,2015,9,5.2015
CTN_027,ALLSKY_SFC_SW_DWN,2015,10,5.1828
CTN_027,ALLSKY_SFC_SW_DWN,2015,11,5.0066
CTN_027,ALLSKY_SFC_SW_DWN,2015,12,4.6522
CTN_027,ALLSKY_SFC_SW_DWN,2016,1,4.2511
CTN_027,ALLSKY_SFC_SW_DWN,2016,2,5.9885
CTN_027,ALLSKY_SFC_SW_DWN,2016,3,6.1937
CTN_027,ALLSKY_SFC_SW_DWN,2016,4,6.8832
CTN_027,ALLSKY_SFC_SW_DWN,2016,5,6.5422
CTN_027,ALLSKY_SFC_SW_DWN,2016,6,5.7854
CTN_027,ALLSKY_SFC_SW_DWN,2016,7,6.1217
CTN_027,ALLSKY_SFC_SW_DWN,2016,8,5.8781
CTN_027,ALLSKY_SFC_SW_DWN,2016,9,5.4631
CTN_027,ALLSKY_SFC_SW_DWN,2016,10,5.7979
CTN_027,ALLSKY_SFC_SW_DWN,2016,11,5.0378
CTN_027,ALLSKY_SFC_SW_DWN,2016,12,5.0592
CTN_027,ALLSKY_SFC_SW_DWN,2017,1,5.4516
CTN_027,ALLSKY_SFC_SW_DWN,2017,2,6.253
CTN_027,ALLSKY_SFC_SW_DWN,2017,3,6.6667
CTN_027,ALLSKY_SFC_SW_DWN,2017,4,7.1045
CTN_027,ALLSKY_SFC_SW_DWN,2017,5,6.0158
CTN_027,ALLSKY_SFC_SW_DWN,2017,6,5.5135
CTN_027,ALLSKY_SFC_SW_DWN,2017,7,5.9371
CTN_027,ALLSKY_SFC_SW_DWN,2017,8,5.7149
CTN_027,ALLSKY_SFC_SW_DWN,2017,9,4.7688
CTN_027,ALLSKY_SFC_SW_DWN,2017,10,5.4187
CTN_027,ALLSKY_SFC_SW_DWN,2017,11,5.4818
CTN_027,ALLSKY_SFC_SW_DWN,2017,12,5.2145
CTN_027,ALLSKY_SFC_SW_DWN,2018,1,4.9625
CTN_027,ALLSKY_SFC_SW_DWN,2018,2,5.7168
CTN_027,ALLSKY_SFC_SW_DWN,2018,3,6.8376
CTN_027,ALLSKY_SFC_SW_DWN,2018,4,6.7886
CTN_027,ALLSKY_SFC_SW_DWN,2018,5,6.5208
CTN_027,ALLSKY_SFC_SW_DWN,2018,6,5.4682
CTN_027,ALLSKY_SFC_SW_DWN,2018,7,6.8988
CTN_027,ALLSKY_SFC_SW_DWN,2018,8,5.8337
CTN_027,ALLSKY_SFC_SW_DWN,2018,9,5.8049
CTN_027,ALLSKY_SFC_SW_DWN,2018,10,4.9438
CTN_027,ALLSKY_SFC_SW_DWN,2018,11,4.6474
CTN_027,ALLSKY_SFC_SW_DWN,2018,12,4.9735
CTN_027,ALLSKY_SFC_SW_DWN,2019,1,5.2416
CTN_027,ALLSKY_SFC_SW_DWN,2019,2,6.223
CTN_027,ALLSKY_SFC_SW_DWN,2019,3,6.8825
CTN_027,ALLSKY_SFC_SW_DWN,2019,4,7.3212
CTN_027,ALLSKY_SFC_SW_DWN,2019,5,6.6302
CTN_027,ALLSKY_SFC_SW_DWN,2019,6,5.8466
CTN_027,ALLSKY_SFC_SW_DWN,2019,7,6.3396
CTN_027,ALLSKY_SFC_SW_DWN,2019,8,6.1735
CTN_027,ALLSKY_SFC_SW_DWN,2019,9,5.5022
CTN_027,ALLSKY_SFC_SW_DWN,2019,10,4.9346
CTN_027,ALLSKY_SFC_SW_DWN,2019,11,5.035
CTN_027,ALLSKY_SFC_SW_DWN,2019,12,4.9406
CTN_027,ALLSKY_SFC_SW_DWN,2020,1,5.3014
CTN_027,ALLSKY_SFC_SW_DWN,2020,2,5.9935
CTN_027,ALLSKY_SFC_SW_DWN,2020,3,6.8522
CTN_027,ALLSKY_SFC_SW_DWN,2020,4,7.3094
CTN_027,ALLSKY_SFC_SW_DWN,2020,5,7.1126
CTN_027,ALLSKY_SFC_SW_DWN,2020,6,5.9875
CTN_027,ALLSKY_SFC_SW_DWN,2020,7,6.0348
CTN_027,ALLSKY_SFC_SW_DWN,2020,8,5.5555
CTN_027,ALLSKY_SFC_SW_DWN,2020,9,5.2063
CTN_027,ALLSKY_SFC_SW_DWN,2020,10,5.7372
CTN_027,ALLSKY_SFC_SW_DWN,2020,11,5.4557
CTN_027,ALLSKY_SFC_SW_DWN,2020,12,4.8254
CTN_027,ALLSKY_SFC_SW_DWN,2021,1,4.8883
CTN_027,ALLSKY_SFC_SW_DWN,2021,2,6.3473
CTN_027,ALLSKY_SFC_SW_DWN,2021,3,6.919
CTN_027,ALLSKY_SFC_SW_DWN,2021,4,7.3584
CTN_027,ALLSKY_SFC_SW_DWN,2021,5,6.642
CTN_027,ALLSKY_SFC_SW_DWN,2021,6,4.9135
CTN_027,ALLSKY_SFC_SW_DWN,2021,7,6.2009
CTN_027,ALLSKY_SFC_SW_DWN,2021,8,5.4379
CTN_027,ALLSKY_SFC_SW_DWN,2021,9,5.5039
CTN_027,ALLSKY_SFC_SW_DWN,2021,10,5.1636
CTN_027,ALLSKY_SFC_SW_DWN,2021,11,5.5058
CTN_027,ALLSKY_SFC_SW_DWN,2021,12,5.1216
CTN_027,ALLSKY_SFC_SW_DWN,2022,1,5.2169
CTN_027,ALLSKY_SFC_SW_DWN,2022,2,5.8219
CTN_027,ALLSKY_SFC_SW_DWN,2022,3,7.1266
CTN_027,ALLSKY_SFC_SW_DWN,2022,4,7.1834
CTN_027,ALLSKY_SFC_SW_DWN,2022,5,6.9103
CTN_027,ALLSKY_SFC_SW_DWN,2022,6,5.7257
CTN_027,ALLSKY_SFC_SW_DWN,2022,7,6.0175
CTN_027,ALLSKY_SFC_SW_DWN,2022,8,5.7478
CTN_027,ALLSKY_SFC_SW_DWN,2022,9,5.0993
CTN_027,ALLSKY_SFC_SW_DWN,2022,10,4.9054
CTN_027,ALLSKY_SFC_SW_DWN,2022,11,5.0659
CTN_027,ALLSKY_SFC_SW_DWN,2022,12,4.9238
CTN_027,ALLSKY_SFC_SW_DWN,2023,1,5.3666
CTN_027,ALLSKY_SFC_SW_DWN,2023,2,6.0384
CTN_027,ALLSKY_SFC_SW_DWN,2023,3,6.8532
CTN_027,ALLSKY_SFC_SW_DWN,2023,4,7.1774
CTN_027,ALLSKY_SFC_SW_DWN,2023,5,6.3259
CTN_027,ALLSKY_SFC_SW_DWN,2023,6,6.707
CTN_027,ALLSKY_SFC_SW_DWN,2023,7,5.9026
CTN_027,ALLSKY_SFC_SW_DWN,2023,8,5.7641
CTN_027,ALLSKY_SFC_SW_DWN,2023,9,6.0046
CTN_027,ALLSKY_SFC_SW_DWN,2023,10,4.8019
CTN_027,ALLSKY_SFC_SW_DWN,2023,11,5.0902
CTN_027,ALLSKY_SFC_SW_DWN,2023,12,4.6488
CTN_027,ALLSKY_SFC_SW_DWN,2024,1,5.0803
CTN_027,ALLSKY_SFC_SW_DWN,2024,2,5.9758
CTN_027,ALLSKY_SFC_SW_DWN,2024,3,7.1664
CTN_027,ALLSKY_SFC_SW_DWN,2024,4,7.3092
CTN_027,ALLSKY_SFC_SW_DWN,2024,5,6.9641
CTN_027,ALLSKY_SFC_SW_DWN,2024,6,5.947
CTN_027,ALLSKY_SFC_SW_DWN,2024,7,5.6215
CTN_027,ALLSKY_SFC_SW_DWN,2024,8,5.9333
CTN_027,ALLSKY_SFC_SW_DWN,2024,9,4.6392
CTN_027,ALLSKY_SFC_SW_DWN,2024,10,5.2361
CTN_027,ALLSKY_SFC_SW_DWN,2024,11,5.2152
CTN_027,ALLSKY_SFC_SW_DWN,2024,12,4.8943
CTN_027,PRECTOTCORR,2015,1,0.01
CTN_027,PRECTOTCORR,2015,2,0.1
CTN_027,PRECTOTCORR,2015,3,0.85
CTN_027,PRECTOTCORR,2015,4,0.12
CTN_027,PRECTOTCORR,2015,5,3.72
CTN_027,PRECTOTCORR,2015,6,3.9
CTN_027,PRECTOTCORR,2015,7,3.9
CTN_027,PRECTOTCORR,2015,8,4.88
CTN_027,PRECTOTCORR,2015,9,7.29
CTN_027,PRECTOTCORR,2015,10,2.07
CTN_027,PRECTOTCORR,2015,11,1.32
CTN_027,PRECTOTCORR,2015,12,0.04
CTN_027,PRECTOTCORR,2016,1,0.13
CTN_027,PRECTOTCORR,2016,2,0.05
CTN_027,PRECTOTCORR,2016,3,1.28
CTN_027,PRECTOTCORR,2016,4,0.61
CTN_027,PRECTOTCORR,2016,5,2.01
CTN_027,PRECTOTCORR,2016,6,6.3
CTN_027,PRECTOTCORR,2016,7,6.23
CTN_027,PRECTOTCORR,2016,8,5.76
CTN_027,PRECTOTCORR,2016,9,7.39
CTN_027,PRECTOTCORR,2016,10,1.17
CTN_027,PRECTOTCORR,2016,11,0.86
CTN_027,PRECTOTCORR,2016,12,0.02
CTN_027,PRECTOTCORR,2017,1,0.0
CTN_027,PRECTOTCORR,2017,2,0.0
CTN_027,PRECTOTCORR,2017,3,0.16
CTN_027,PRECTOTCORR,2017,4,0.23
CTN_027,PRECTOTCORR,2017,5,3.42
CTN_027,PRECTOTCORR,2017,6,6.63
CTN_027,PRECTOTCORR,2017,7,6.12
CTN_027,PRECTOTCORR,2017,8,7.23
CTN_027,PRECTOTCORR,2017,9,9.02
CTN_027,PRECTOTCORR,2017,10,1.65
CTN_027,PRECTOTCORR,2017,11,0.08
CTN_027,PRECTOTCORR,2017,12,0.01
CTN_027,PRECTOTCORR,2018,1,0.11
CTN_027,PRECTOTCORR,2018,2,0.08
CTN_027,PRECTOTCORR,2018,3,0.06
CTN_027,PRECTOTCORR,2018,4,0.96
CTN_027,PRECTOTCORR,2018,5,2.67
CTN_027,PRECTOTCORR,2018,6,7.82
CTN_027,PRECTOTCORR,2018,7,2.61
CTN_027,PRECTOTCORR,2018,8,8.7
CTN_027,PRECTOTCORR,2018,9,6.27
CTN_027,PRECTOTCORR,2018,10,3.7
CTN_027,PRECTOTCORR,2018,11,1.06
CTN_027,PRECTOTCORR,2018,12,0.1
CTN_027,PRECTOTCORR,2019,1,0.03
CTN_027,PRECTOTCORR,2019,2,0.01
CTN_027,PRECTOTCORR,2019,3,0.02
CTN_027,PRECTOTCORR,2019,4,0.02
CTN_027,PRECTOTCORR,2019,5,1.67
CTN_027,PRECTOTCORR,2019,6,5.75
CTN_027,PRECTOTCORR,2019,7,5.75
CTN_027,PRECTOTCORR,2019,8,5.2
CTN_027,PRECTOTCORR,2019,9,7.16
CTN_027,PRECTOTCORR,2019,10,4.82
CTN_027,PRECTOTCORR,2019,11,0.8
CTN_027,PRECTOTCORR,2019,12,0.0
CTN_027,PRECTOTCORR,2020,1,0.12
CTN_027,PRECTOTCORR,2020,2,0.07
CTN_027,PRECTOTCORR,2020,3,0.09
CTN_027,PRECTOTCORR,2020,4,0.33
CTN_027,PRECTOTCORR,2020,5,0.75
CTN_027,PRECTOTCORR,2020,6,5.39
CTN_027,PRECTOTCORR,2020,7,5.36
CTN_027,PRECTOTCORR,2020,8,6.61
CTN_027,PRECTOTCORR,2020,9,7.31
CTN_027,PRECTOTCORR,2020,10,1.25
CTN_027,PRECTOTCORR,2020,11,0.12
CTN_027,PRECTOTCORR,2020,12,0.06
CTN_027,PRECTOTCORR,2021,1,0.13
CTN_027,PRECTOTCORR,2021,2,0.28
CTN_027,PRECTOTCORR,2021,3,0.52
CTN_027,PRECTOTCORR,2021,4,0.06
CTN_027,PRECTOTCORR,2021,5,3.03
CTN_027,PRECTOTCORR,2021,6,7.8
CTN_027,PRECTOTCORR,2021,7,4.68
CTN_027,PRECTOTCORR,2021,8,7.8
CTN_027,PRECTOTCORR,2021,9,6.35
CTN_027,PRECTOTCORR,2021,10,2.7
CTN_027,PRECTOTCORR,2021,11,0.05
CTN_027,PRECTOTCORR,2021,12,0.01
CTN_027,PRECTOTCORR,2022,1,0.25
CTN_027,PRECTOTCORR,2022,2,0.03
CTN_027,PRECTOTCORR,2022,3,0.05
CTN_027,PRECTOTCORR,2022,4,0.65
CTN_027,PRECTOTCORR,2022,5,1.65
CTN_027,PRECTOTCORR,2022,6,6.4
CTN_027,PRECTOTCORR,2022,7,5.93
CTN_027,PRECTOTCORR,2022,8,6.73
CTN_027,PRECTOTCORR,2022,9,8.62
CTN_027,PRECTOTCORR,2022,10,2.17
CTN_027,PRECTOTCORR,2022,11,0.29
CTN_027,PRECTOTCORR,2022,12,0.07
CTN_027,PRECTOTCORR,2023,1,0.0
CTN_027,PRECTOTCORR,2023,2,0.0
CTN_027,PRECTOTCORR,2023,3,0.06
CTN_027,PRECTOTCORR,2023,4,1.04
CTN_027,PRECTOTCORR,2023,5,1.32
CTN_027,PRECTOTCORR,2023,6,0.41
CTN_027,PRECTOTCORR,2023,7,5.46
CTN_027,PRECTOTCORR,2023,8,6.88
CTN_027,PRECTOTCORR,2023,9,4.48
CTN_027,PRECTOTCORR,2023,10,4.81
CTN_027,PRECTOTCORR,2023,11,1.48
CTN_027,PRECTOTCORR,2023,12,0.07
CTN_027,PRECTOTCORR,2024,1,0.02
CTN_027,PRECTOTCORR,2024,2,0.38
CTN_027,PRECTOTCORR,2024,3,0.0
CTN_027,PRECTOTCORR,2024,4,0.02
CTN_027,PRECTOTCORR,2024,5,0.49
CTN_027,PRECTOTCORR,2024,6,3.14
CTN_027,PRECTOTCORR,2024,7,7.96
CTN_027,PRECTOTCORR,2024,8,6.29
CTN_027,PRECTOTCORR,2024,9,11.36
CTN_027,PRECTOTCORR,2024,10,2.5
CTN_027,PRECTOTCORR,2024,11,0.28
CTN_027,PRECTOTCORR,2024,12,0.02
CTN_027,T2M,2015,1,19.43
CTN_027,T2M,2015,2,20.74
CTN_027,T2M,2015,3,22.61
CTN_027,T2M,2015,4,26.03
CTN_027,T2M,2015,5,24.94
CTN_027,T2M,2015,6,23.12
CTN_027,T2M,2015,7,22.68
CTN_027,T2M,2015,8,22.89
CTN_027,T2M,2015,9,21.56
CTN_027,T2M,2015,10,21.93
CTN_027,T2M,2015,11,21.74
CTN_027,T2M,2015,12,20.92
CTN_027,T2M,2016,1,19.82
CTN_027,T2M,2016,2,20.35
CTN_027,T2M,2016,3,22.05
CTN_027,T2M,2016,4,25.64
CTN_027,T2M,2016,5,26.62
CTN_027,T2M,2016,6,23.1
CTN_027,T2M,2016,7,22.4
CTN_027,T2M,2016,8,22.18
CTN_027,T2M,2016,9,21.46
CTN_027,T2M,2016,10,21.38
CTN_027,T2M,2016,11,20.32
CTN_027,T2M,2016,12,21.06
CTN_027,T2M,2017,1,20.13
CTN_027,T2M,2017,2,21.6
CTN_027,T2M,2017,3,23.95
CTN_027,T2M,2017,4,25.19
CTN_027,T2M,2017,5,25.84
CTN_027,T2M,2017,6,23.04
CTN_027,T2M,2017,7,21.87
CTN_027,T2M,2017,8,21.99
CTN_027,T2M,2017,9,21.32
CTN_027,T2M,2017,10,20.84
CTN_027,T2M,2017,11,19.45
CTN_027,T2M,2017,12,18.76
CTN_027,T2M,2018,1,18.44
CTN_027,T2M,2018,2,22.14
CTN_027,T2M,2018,3,24.47
CTN_027,T2M,2018,4,25.31
CTN_027,T2M,2018,5,24.99
CTN_027,T2M,2018,6,22.63
CTN_027,T2M,2018,7,22.79
CTN_027,T2M,2018,8,21.66
CTN_027,T2M,2018,9,21.57
CTN_027,T2M,2018,10,21.25
CTN_027,T2M,2018,11,20.16
CTN_027,T2M,2018,12,19.34
CTN_027,T2M,2019,1,19.93
CTN_027,T2M,2019,2,22.26
CTN_027,T2M,2019,3,24.08
CTN_027,T2M,2019,4,25.26
CTN_027,T2M,2019,5,26.06
CTN_027,T2M,2019,6,23.94
CTN_027,T2M,2019,7,22.61
CTN_027,T2M,2019,8,22.49
CTN_027,T2M,2019,9,21.89
CTN_027,T2M,2019,10,21.1
CTN_027,T2M,2019,11,20.77
CTN_027,T2M,2019,12,19.82
CTN_027,T2M,2020,1,20.22
CTN_027,T2M,2020,2,22.15
CTN_027,T2M,2020,3,24.53
CTN_027,T2M,2020,4,26.84
CTN_027,T2M,2020,5,26.33
CTN_027,T2M,2020,6,24.62
CTN_027,T2M,2020,7,22.87
CTN_027,T2M,2020,8,22.13
CTN_027,T2M,2020,9,21.47
CTN_027,T2M,2020,10,20.59
CTN_027,T2M,2020,11,20.33
CTN_027,T2M,2020,12,20.52
CTN_027,T2M,2021,1,21.22
CTN_027,T2M,2021,2,21.37
CTN_027,T2M,2021,3,23.89
CTN_027,T2M,2021,4,25.5
CTN_027,T2M,2021,5,24.89
CTN_027,T2M,2021,6,22.12
CTN_027,T2M,2021,7,22.23
CTN_027,T2M,2021,8,21.68
CTN_027,T2M,2021,9,21.57
CTN_027,T2M,2021,10,21.75
CTN_027,T2M,2021,11,19.59
CTN_027,T2M,2021,12,20.59
CTN_027,T2M,2022,1,20.47
CTN_027,T2M,2022,2,21.7
CTN_027,T2M,2022,3,23.76
CTN_027,T2M,2022,4,25.93
CTN_027,T2M,2022,5,26.28
CTN_027,T2M,2022,6,23.19
CTN_027,T2M,2022,7,23.04
CTN_027,T2M,2022,8,22.12
CTN_027,T2M,2022,9,21.43
CTN_027,T2M,2022,10,21.25
CTN_027,T2M,2022,11,21.3
CTN_027,T2M,2022,12,19.53
CTN_027,T2M,2023,1,20.4
CTN_027,T2M,2023,2,21.71
CTN_027,T2M,2023,3,24.3
CTN_027,T2M,2023,4,25.64
CTN_027,T2M,2023,5,26.36
CTN_027,T2M,2023,6,27.75
CTN_027,T2M,2023,7,24.23
CTN_027,T2M,2023,8,23.08
CTN_027,T2M,2023,9,23.03
CTN_027,T2M,2023,10,22.17
CTN_027,T2M,2023,11,21.35
CTN_027,T2M,2023,12,19.43
CTN_027,T2M,2024,1,21.17
CTN_027,T2M,2024,2,22.4
CTN_027,T2M,2024,3,24.88
CTN_027,T2M,2024,4,26.89
CTN_027,T2M,2024,5,28.49
CTN_027,T2M,2024,6,26.08
CTN_027,T2M,2024,7,23.26
CTN_027,T2M,2024,8,22.81
CTN_027,T2M,2024,9,22.26
CTN_027,T2M,2024,10,20.89
CTN_027,T2M,2024,11,21.01
CTN_027,T2M,2024,12,19.61
CTN_027,T2M_MAX,2015,1,30.07
CTN_027,T2M_MAX,2015,2,33.91
CTN_027,T2M_MAX,2015,3,34.63
CTN_027,T2M_MAX,2015,4,37.35
CTN_027,T2M_MAX,2015,5,36.49
CTN_027,T2M_MAX,2015,6,32.02
CTN_027,T2M_MAX,2015,7,32.26
CTN_027,T2M_MAX,2015,8,31.65
CTN_027,T2M_MAX,2015,9,28.52
CTN_027,T2M_MAX,2015,10,30.3
CTN_027,T2M_MAX,2015,11,30.01
CTN_027,T2M_MAX,2015,12,31.22
CTN_027,T2M_MAX,2016,1,30.89
CTN_027,T2M_MAX,2016,2,33.03
CTN_027,T2M_MAX,2016,3,36.85
CTN_027,T2M_MAX,2016,4,38.17
CTN_027,T2M_MAX,2016,5,38.81
CTN_027,T2M_MAX,2016,6,32.41
CTN_027,T2M_MAX,2016,7,30.5
CTN_027,T2M_MAX,2016,8,29.65
CTN_027,T2M_MAX,2016,9,28.42
CTN_027,T2M_MAX,2016,10,28.99
CTN_027,T2M_MAX,2016,11,29.99
CTN_027,T2M_MAX,2016,12,30.77
CTN_027,T2M_MAX,2017,1,31.62
CTN_027,T2M_MAX,2017,2,33.33
CTN_027,T2M_MAX,2017,3,35.24
CTN_027,T2M_MAX,2017,4,38.5
CTN_027,T2M_MAX,2017,5,37.05
CTN_027,T2M_MAX,2017,6,32.01
CTN_027,T2M_MAX,2017,7,28.72
CTN_027,T2M_MAX,2017,8,29.43
CTN_027,T2M_MAX,2017,9,28.35
CTN_027,T2M_MAX,2017,10,28.27
CTN_027,T2M_MAX,2017,11,29.26
CTN_027,T2M_MAX,2017,12,29.68
CTN_027,T2M_MAX,2018,1,31.01
CTN_027,T2M_MAX,2018,2,32.77
CTN_027,T2M_MAX,2018,3,36.39
CTN_027,T2M_MAX,2018,4,35.94
CTN_027,T2M_MAX,2018,5,37.28
CTN_027,T2M_MAX,2018,6,35.5
CTN_027,T2M_MAX,2018,7,31.77
CTN_027,T2M_MAX,2018,8,29.07
CTN_027,T2M_MAX,2018,9,27.58
CTN_027,T2M_MAX,2018,10,28.02
CTN_027,T2M_MAX,2018,11,29.43
CTN_027,T2M_MAX,2018,12,30.0
CTN_027,T2M_MAX,2019,1,31.58
CTN_027,T2M_MAX,2019,2,34.96
CTN_027,T2M_MAX,2019,3,35.88
CTN_027,T2M_MAX,2019,4,37.45
CTN_027,T2M_MAX,2019,5,37.82
CTN_027,T2M_MAX,2019,6,34.0
CTN_027,T2M_MAX,2019,7,31.1
CTN_027,T2M_MAX,2019,8,29.82
CTN_027,T2M_MAX,2019,9,30.04
CTN_027,T2M_MAX,2019,10,28.06
CTN_027,T2M_MAX,2019,11,29.83
CTN_027,T2M_MAX,2019,12,29.48
CTN_027,T2M_MAX,2020,1,30.82
CTN_027,T2M_MAX,2020,2,34.45
CTN_027,T2M_MAX,2020,3,36.47
CTN_027,T2M_MAX,2020,4,37.74
CTN_027,T2M_MAX,2020,5,37.51
CTN_027,T2M_MAX,2020,6,36.02
CTN_027,T2M_MAX,2020,7,30.95
CTN_027,T2M_MAX,2020,8,29.85
CTN_027,T2M_MAX,2020,9,28.77
CTN_027,T2M_MAX,2020,10,28.55
CTN_027,T2M_MAX,2020,11,30.62
CTN_027,T2M_MAX,2020,12,31.01
CTN_027,T2M_MAX,2021,1,32.63
CTN_027,T2M_MAX,2021,2,33.85
CTN_027,T2M_MAX,2021,3,36.3
CTN_027,T2M_MAX,2021,4,37.51
CTN_027,T2M_MAX,2021,5,35.43
CTN_027,T2M_MAX,2021,6,30.75
CTN_027,T2M_MAX,2021,7,29.59
CTN_027,T2M_MAX,2021,8,30.35
CTN_027,T2M_MAX,2021,9,27.71
CTN_027,T2M_MAX,2021,10,29.46
CTN_027,T2M_MAX,2021,11,28.82
CTN_027,T2M_MAX,2021,12,30.15
CTN_027,T2M_MAX,2022,1,30.95
CTN_027,T2M_MAX,2022,2,33.49
CTN_027,T2M_MAX,2022,3,36.28
CTN_027,T2M_MAX,2022,4,38.22
CTN_027,T2M_MAX,2022,5,38.04
CTN_027,T2M_MAX,2022,6,33.51
CTN_027,T2M_MAX,2022,7,32.44
CTN_027,T2M_MAX,2022,8,30.33
CTN_027,T2M_MAX,2022,9,27.71
CTN_027,T2M_MAX,2022,10,28.75
CTN_027,T2M_MAX,2022,11,30.05
CTN_027,T2M_MAX,2022,12,29.52
CTN_027,T2M_MAX,2023,1,31.21
CTN_027,T2M_MAX,2023,2,34.78
CTN_027,T2M_MAX,2023,3,35.51
CTN_027,T2M_MAX,2023,4,37.84
CTN_027,T2M_MAX,2023,5,37.74
CTN_027,T2M_MAX,2023,6,38.97
CTN_027,T2M_MAX,2023,7,34.96
CTN_027,T2M_MAX,2023,8,31.07
CTN_027,T2M_MAX,2023,9,30.82
CTN_027,T2M_MAX,2023,10,30.46
CTN_027,T2M_MAX,2023,11,30.88
CTN_027,T2M_MAX,2023,12,29.0
CTN_027,T2M_MAX,2024,1,33.22
CTN_027,T2M_MAX,2024,2,34.84
CTN_027,T2M_MAX,2024,3,38.03
CTN_027,T2M_MAX,2024,4,38.23
CTN_027,T2M_MAX,2024,5,39.96
CTN_027,T2M_MAX,2024,6,39.04
CTN_027,T2M_MAX,2024,7,32.71
CTN_027,T2M_MAX,2024,8,29.68
CTN_027,T2M_MAX,2024,9,29.0
CTN_027,T2M_MAX,2024,10,28.37
CTN_027,T2M_MAX,2024,11,29.5
CTN_027,T2M_MAX,2024,12,30.16
CTN_027,WS10M,2015,1,2.4
CTN_027,WS10M,2015,2,2.09
CTN_027,WS10M,2015,3,2.35
CTN_027,WS10M,2015,4,2.4
CTN_027,WS10M,2015,5,1.78
CTN_027,WS10M,2015,6,1.89
CTN_027,WS10M,2015,7,1.93
CTN_027,WS10M,2015,8,1.67
CTN_027,WS10M,2015,9,1.58
CTN_027,WS10M,2015,10,1.81
CTN_027,WS10M,2015,11,1.87
CTN_027,WS10M,2015,12,2.1
CTN_027,WS10M,2016,1,1.94
CTN_027,WS10M,2016,2,2.86
CTN_027,WS10M,2016,3,2.44
CTN_027,WS10M,2016,4,2.13
CTN_027,WS10M,2016,5,2.09
CTN_027,WS10M,2016,6,1.94
CTN_027,WS10M,2016,7,1.5
CTN_027,WS10M,2016,8,1.67
CTN_027,WS10M,2016,9,1.45
CTN_027,WS10M,2016,10,1.69
CTN_027,WS10M,2016,11,1.89
CTN_027,WS10M,2016,12,2.15
CTN_027,WS10M,2017,1,2.16
CTN_027,WS10M,2017,2,2.19
CTN_027,WS10M,2017,3,2.42
CTN_027,WS10M,2017,4,2.41
CTN_027,WS10M,2017,5,2.22
CTN_027,WS10M,2017,6,1.95
CTN_027,WS10M,2017,7,1.57
CTN_027,WS10M,2017,8,1.66
CTN_027,WS10M,2017,9,1.57
CTN_027,WS10M,2017,10,1.86
CTN_027,WS10M,2017,11,1.84
CTN_027,WS10M,2017,12,1.94
CTN_027,WS10M,2018,1,2.75
CTN_027,WS10M,2018,2,2.01
CTN_027,WS10M,2018,3,2.26
CTN_027,WS10M,2018,4,2.4
CTN_027,WS10M,2018,5,2.05
CTN_027,WS10M,2018,6,1.99
CTN_027,WS10M,2018,7,1.66
CTN_027,WS10M,2018,8,1.5
CTN_027,WS10M,2018,9,1.59
CTN_027,WS10M,2018,10,1.83
CTN_027,WS10M,2018,11,1.68
CTN_027,WS10M,2018,12,2.01
CTN_027,WS10M,2019,1,2.04
CTN_027,WS10M,2019,2,2.05
CTN_027,WS10M,2019,3,2.39
CTN_027,WS10M,2019,4,2.44
CTN_027,WS10M,2019,5,2.34
CTN_027,WS10M,2019,6,2.09
CTN_027,WS10M,2019,7,1.53
CTN_027,WS10M,2019,8,1.48
CTN_027,WS10M,2019,9,1.64
CTN_027,WS10M,2019,10,1.63
CTN_027,WS10M,2019,11,1.91
CTN_027,WS10M,2019,12,1.86
CTN_027,WS10M,2020,1,2.43
CTN_027,WS10M,2020,2,2.43
CTN_027,WS10M,2020,3,2.25
CTN_027,WS10M,2020,4,2.54
CTN_027,WS10M,2020,5,2.19
CTN_027,WS10M,2020,6,1.96
CTN_027,WS10M,2020,7,1.68
CTN_027,WS10M,2020,8,1.85
CTN_027,WS10M,2020,9,1.66
CTN_027,WS10M,2020,10,1.68
CTN_027,WS10M,2020,11,2.45
CTN_027,WS10M,2020,12,1.89
CTN_027,WS10M,2021,1,1.94
CTN_027,WS10M,2021,2,2.23
CTN_027,WS10M,2021,3,2.06
CTN_027,WS10M,2021,4,2.69
CTN_027,WS10M,2021,5,2.2
CTN_027,WS10M,2021,6,1.86
CTN_027,WS10M,2021,7,1.73
CTN_027,WS10M,2021,8,1.87
CTN_027,WS10M,2021,9,1.51
CTN_027,WS10M,2021,10,1.65
CTN_027,WS10M,2021,11,1.97
CTN_027,WS10M,2021,12,1.67
CTN_027,WS10M,2022,1,2.08
CTN_027,WS10M,2022,2,2.29
CTN_027,WS10M,2022,3,2.29
CTN_027,WS10M,2022,4,2.38
CTN_027,WS10M,2022,5,2.29
CTN_027,WS10M,2022,6,2.08
CTN_027,WS10M,2022,7,1.6
CTN_027,WS10M,2022,8,1.57
CTN_027,WS10M,2022,9,1.74
CTN_027,WS10M,2022,10,1.64
CTN_027,WS10M,2022,11,1.64
CTN_027,WS10M,2022,12,2.15
CTN_027,WS10M,2023,1,1.91
CTN_027,WS10M,2023,2,2.29
CTN_027,WS10M,2023,3,2.22
CTN_027,WS10M,2023,4,2.47
CTN_027,WS10M,2023,5,2.08
CTN_027,WS10M,2023,6,2.61
CTN_027,WS10M,2023,7,2.0
CTN_027,WS10M,2023,8,1.72
CTN_027,WS10M,2023,9,1.43
CTN_027,WS10M,2023,10,1.82
CTN_027,WS10M,2023,11,1.97
CTN_027,WS10M,2023,12,2.01
CTN_027,WS10M,2024,1,1.97
CTN_027,WS10M,2024,2,1.98
CTN_027,WS10M,2024,3,2.29
CTN_027,WS10M,2024,4,2.47
CTN_027,WS10M,2024,5,2.31
CTN_027,WS10M,2024,6,2.55
CTN_027,WS10M,2024,7,1.63
CTN_027,WS10M,2024,8,1.54
CTN_027,WS10M,2024,9,1.65
CTN_027,WS10M,2024,10,1.86
CTN_027,WS10M,2024,11,1.75
CTN_027,WS10M,2024,12,2.07
CTN_028,ALLSKY_SFC_SW_DWN,2015,1,5.1029
CTN_028,ALLSKY_SFC_SW_DWN,2015,2,5.6297
CTN_028,ALLSKY_SFC_SW_DWN,2015,3,5.9503
CTN_028,ALLSKY_SFC_SW_DWN,2015,4,6.8688
CTN_028,ALLSKY_SFC_SW_DWN,2015,5,5.8577
CTN_028,ALLSKY_SFC_SW_DWN,2015,6,5.7233
CTN_028,ALLSKY_SFC_SW_DWN,2015,7,6.055
CTN_028,ALLSKY_SFC_SW_DWN,2015,8,6.1942
CTN_028,ALLSKY_SFC_SW_DWN,2015,9,5.2015
CTN_028,ALLSKY_SFC_SW_DWN,2015,10,5.1828
CTN_028,ALLSKY_SFC_SW_DWN,2015,11,5.0066
CTN_028,ALLSKY_SFC_SW_DWN,2015,12,4.6522
CTN_028,ALLSKY_SFC_SW_DWN,2016,1,4.2511
CTN_028,ALLSKY_SFC_SW_DWN,2016,2,5.9885
CTN_028,ALLSKY_SFC_SW_DWN,2016,3,6.1937
CTN_028,ALLSKY_SFC_SW_DWN,2016,4,6.8832
CTN_028,ALLSKY_SFC_SW_DWN,2016,5,6.5422
CTN_028,ALLSKY_SFC_SW_DWN,2016,6,5.7854
CTN_028,ALLSKY_SFC_SW_DWN,2016,7,6.1217
CTN_028,ALLSKY_SFC_SW_DWN,2016,8,5.8781
CTN_028,ALLSKY_SFC_SW_DWN,2016,9,5.4631
CTN_028,ALLSKY_SFC_SW_DWN,2016,10,5.7979
CTN_028,ALLSKY_SFC_SW_DWN,2016,11,5.0378
CTN_028,ALLSKY_SFC_SW_DWN,2016,12,5.0592
CTN_028,ALLSKY_SFC_SW_DWN,2017,1,5.4516
CTN_028,ALLSKY_SFC_SW_DWN,2017,2,6.253
CTN_028,ALLSKY_SFC_SW_DWN,2017,3,6.6667
CTN_028,ALLSKY_SFC_SW_DWN,2017,4,7.1045
CTN_028,ALLSKY_SFC_SW_DWN,2017,5,6.0158
CTN_028,ALLSKY_SFC_SW_DWN,2017,6,5.5135
CTN_028,ALLSKY_SFC_SW_DWN,2017,7,5.9371
CTN_028,ALLSKY_SFC_SW_DWN,2017,8,5.7149
CTN_028,ALLSKY_SFC_SW_DWN,2017,9,4.7688
CTN_028,ALLSKY_SFC_SW_DWN,2017,10,5.4187
CTN_028,ALLSKY_SFC_SW_DWN,2017,11,5.4818
CTN_028,ALLSKY_SFC_SW_DWN,2017,12,5.2145
CTN_028,ALLSKY_SFC_SW_DWN,2018,1,4.9625
CTN_028,ALLSKY_SFC_SW_DWN,2018,2,5.7168
CTN_028,ALLSKY_SFC_SW_DWN,2018,3,6.8376
CTN_028,ALLSKY_SFC_SW_DWN,2018,4,6.7886
CTN_028,ALLSKY_SFC_SW_DWN,2018,5,6.5208
CTN_028,ALLSKY_SFC_SW_DWN,2018,6,5.4682
CTN_028,ALLSKY_SFC_SW_DWN,2018,7,6.8988
CTN_028,ALLSKY_SFC_SW_DWN,2018,8,5.8337
CTN_028,ALLSKY_SFC_SW_DWN,2018,9,5.8049
CTN_028,ALLSKY_SFC_SW_DWN,2018,10,4.9438
CTN_028,ALLSKY_SFC_SW_DWN,2018,11,4.6474
CTN_028,ALLSKY_SFC_SW_DWN,2018,12,4.9735
CTN_028,ALLSKY_SFC_SW_DWN,2019,1,5.2416
CTN_028,ALLSKY_SFC_SW_DWN,2019,2,6.223
CTN_028,ALLSKY_SFC_SW_DWN,2019,3,6.8825
CTN_028,ALLSKY_SFC_SW_DWN,2019,4,7.3212
CTN_028,ALLSKY_SFC_SW_DWN,2019,5,6.6302
CTN_028,ALLSKY_SFC_SW_DWN,2019,6,5.8466
CTN_028,ALLSKY_SFC_SW_DWN,2019,7,6.3396
CTN_028,ALLSKY_SFC_SW_DWN,2019,8,6.1735
CTN_028,ALLSKY_SFC_SW_DWN,2019,9,5.5022
CTN_028,ALLSKY_SFC_SW_DWN,2019,10,4.9346
CTN_028,ALLSKY_SFC_SW_DWN,2019,11,5.035
CTN_028,ALLSKY_SFC_SW_DWN,2019,12,4.9406
CTN_028,ALLSKY_SFC_SW_DWN,2020,1,5.3014
CTN_028,ALLSKY_SFC_SW_DWN,2020,2,5.9935
CTN_028,ALLSKY_SFC_SW_DWN,2020,3,6.8522
CTN_028,ALLSKY_SFC_SW_DWN,2020,4,7.3094
CTN_028,ALLSKY_SFC_SW_DWN,2020,5,7.1126
CTN_028,ALLSKY_SFC_SW_DWN,2020,6,5.9875
CTN_028,ALLSKY_SFC_SW_DWN,2020,7,6.0348
CTN_028,ALLSKY_SFC_SW_DWN,2020,8,5.5555
CTN_028,ALLSKY_SFC_SW_DWN,2020,9,5.2063
CTN_028,ALLSKY_SFC_SW_DWN,2020,10,5.7372
CTN_028,ALLSKY_SFC_SW_DWN,2020,11,5.4557
CTN_028,ALLSKY_SFC_SW_DWN,2020,12,4.8254
CTN_028,ALLSKY_SFC_SW_DWN,2021,1,4.8883
CTN_028,ALLSKY_SFC_SW_DWN,2021,2,6.3473
CTN_028,ALLSKY_SFC_SW_DWN,2021,3,6.919
CTN_028,ALLSKY_SFC_SW_DWN,2021,4,7.3584
CTN_028,ALLSKY_SFC_SW_DWN,2021,5,6.642
CTN_028,ALLSKY_SFC_SW_DWN,2021,6,4.9135
CTN_028,ALLSKY_SFC_SW_DWN,2021,7,6.2009
CTN_028,ALLSKY_SFC_SW_DWN,2021,8,5.4379
CTN_028,ALLSKY_SFC_SW_DWN,2021,9,5.5039
CTN_028,ALLSKY_SFC_SW_DWN,2021,10,5.1636
CTN_028,ALLSKY_SFC_SW_DWN,2021,11,5.5058
CTN_028,ALLSKY_SFC_SW_DWN,2021,12,5.1216
CTN_028,ALLSKY_SFC_SW_DWN,2022,1,5.2169
CTN_028,ALLSKY_SFC_SW_DWN,2022,2,5.8219
CTN_028,ALLSKY_SFC_SW_DWN,2022,3,7.1266
CTN_028,ALLSKY_SFC_SW_DWN,2022,4,7.1834
CTN_028,ALLSKY_SFC_SW_DWN,2022,5,6.9103
CTN_028,ALLSKY_SFC_SW_DWN,2022,6,5.7257
CTN_028,ALLSKY_SFC_SW_DWN,2022,7,6.0175
CTN_028,ALLSKY_SFC_SW_DWN,2022,8,5.7478
CTN_028,ALLSKY_SFC_SW_DWN,2022,9,5.0993
CTN_028,ALLSKY_SFC_SW_DWN,2022,10,4.9054
CTN_028,ALLSKY_SFC_SW_DWN,2022,11,5.0659
CTN_028,ALLSKY_SFC_SW_DWN,2022,12,4.9238
CTN_028,ALLSKY_SFC_SW_DWN,2023,1,5.3666
CTN_028,ALLSKY_SFC_SW_DWN,2023,2,6.0384
CTN_028,ALLSKY_SFC_SW_DWN,2023,3,6.8532
CTN_028,ALLSKY_SFC_SW_DWN,2023,4,7.1774
CTN_028,ALLSKY_SFC_SW_DWN,2023,5,6.3259
CTN_028,ALLSKY_SFC_SW_DWN,2023,6,6.707
CTN_028,ALLSKY_SFC_SW_DWN,2023,7,5.9026
CTN_028,ALLSKY_SFC_SW_DWN,2023,8,5.7641
CTN_028,ALLSKY_SFC_SW_DWN,2023,9,6.0046
CTN_028,ALLSKY_SFC_SW_DWN,2023,10,4.8019
CTN_028,ALLSKY_SFC_SW_DWN,2023,11,5.0902
CTN_028,ALLSKY_SFC_SW_DWN,2023,12,4.6488
CTN_028,ALLSKY_SFC_SW_DWN,2024,1,5.0803
CTN_028,ALLSKY_SFC_SW_DWN,2024,2,5.9758
CTN_028,ALLSKY_SFC_SW_DWN,2024,3,7.1664
CTN_028,ALLSKY_SFC_SW_DWN,2024,4,7.3092
CTN_028,ALLSKY_SFC_SW_DWN,2024,5,6.9641
CTN_028,ALLSKY_SFC_SW_DWN,2024,6,5.947
CTN_028,ALLSKY_SFC_SW_DWN,2024,7,5.6215
CTN_028,ALLSKY_SFC_SW_DWN,2024,8,5.9333
CTN_028,ALLSKY_SFC_SW_DWN,2024,9,4.6392
CTN_028,ALLSKY_SFC_SW_DWN,2024,10,5.2361
CTN_028,ALLSKY_SFC_SW_DWN,2024,11,5.2152
CTN_028,ALLSKY_SFC_SW_DWN,2024,12,4.8943
CTN_028,PRECTOTCORR,2015,1,0.01
CTN_028,PRECTOTCORR,2015,2,0.1
CTN_028,PRECTOTCORR,2015,3,0.85
CTN_028,PRECTOTCORR,2015,4,0.12
CTN_028,PRECTOTCORR,2015,5,3.72
CTN_028,PRECTOTCORR,2015,6,3.9
CTN_028,PRECTOTCORR,2015,7,3.9
CTN_028,PRECTOTCORR,2015,8,4.88
CTN_028,PRECTOTCORR,2015,9,7.29
CTN_028,PRECTOTCORR,2015,10,2.07
CTN_028,PRECTOTCORR,2015,11,1.32
CTN_028,PRECTOTCORR,2015,12,0.04
CTN_028,PRECTOTCORR,2016,1,0.13
CTN_028,PRECTOTCORR,2016,2,0.05
CTN_028,PRECTOTCORR,2016,3,1.28
CTN_028,PRECTOTCORR,2016,4,0.61
CTN_028,PRECTOTCORR,2016,5,2.01
CTN_028,PRECTOTCORR,2016,6,6.3
CTN_028,PRECTOTCORR,2016,7,6.23
CTN_028,PRECTOTCORR,2016,8,5.76
CTN_028,PRECTOTCORR,2016,9,7.39
CTN_028,PRECTOTCORR,2016,10,1.17
CTN_028,PRECTOTCORR,2016,11,0.86
CTN_028,PRECTOTCORR,2016,12,0.02
CTN_028,PRECTOTCORR,2017,1,0.0
CTN_028,PRECTOTCORR,2017,2,0.0
CTN_028,PRECTOTCORR,2017,3,0.16
CTN_028,PRECTOTCORR,2017,4,0.23
CTN_028,PRECTOTCORR,2017,5,3.42
CTN_028,PRECTOTCORR,2017,6,6.63
CTN_028,PRECTOTCORR,2017,7,6.12
CTN_028,PRECTOTCORR,2017,8,7.23
CTN_028,PRECTOTCORR,2017,9,9.02
CTN_028,PRECTOTCORR,2017,10,1.65
CTN_028,PRECTOTCORR,2017,11,0.08
CTN_028,PRECTOTCORR,2017,12,0.01
CTN_028,PRECTOTCORR,2018,1,0.11
CTN_028,PRECTOTCORR,2018,2,0.08
CTN_028,PRECTOTCORR,2018,3,0.06
CTN_028,PRECTOTCORR,2018,4,0.96
CTN_028,PRECTOTCORR,2018,5,2.67
CTN_028,PRECTOTCORR,2018,6,7.82
CTN_028,PRECTOTCORR,2018,7,2.61
CTN_028,PRECTOTCORR,2018,8,8.7
CTN_028,PRECTOTCORR,2018,9,6.27
CTN_028,PRECTOTCORR,2018,10,3.7
CTN_028,PRECTOTCORR,2018,11,1.06
CTN_028,PRECTOTCORR,2018,12,0.1
CTN_028,PRECTOTCORR,2019,1,0.03
CTN_028,PRECTOTCORR,2019,2,0.01
CTN_028,PRECTOTCORR,2019,3,0.02
CTN_028,PRECTOTCORR,2019,4,0.02
CTN_028,PRECTOTCORR,2019,5,1.67
CTN_028,PRECTOTCORR,2019,6,5.75
CTN_028,PRECTOTCORR,2019,7,5.75
CTN_028,PRECTOTCORR,2019,8,5.2
CTN_028,PRECTOTCORR,2019,9,7.16
CTN_028,PRECTOTCORR,2019,10,4.82
CTN_028,PRECTOTCORR,2019,11,0.8
CTN_028,PRECTOTCORR,2019,12,0.0
CTN_028,PRECTOTCORR,2020,1,0.12
CTN_028,PRECTOTCORR,2020,2,0.07
CTN_028,PRECTOTCORR,2020,3,0.09
CTN_028,PRECTOTCORR,2020,4,0.33
CTN_028,PRECTOTCORR,2020,5,0.75
CTN_028,PRECTOTCORR,2020,6,5.39
CTN_028,PRECTOTCORR,2020,7,5.36
CTN_028,PRECTOTCORR,2020,8,6.61
CTN_028,PRECTOTCORR,2020,9,7.31
CTN_028,PRECTOTCORR,2020,10,1.25
CTN_028,PRECTOTCORR,2020,11,0.12
CTN_028,PRECTOTCORR,2020,12,0.06
CTN_028,PRECTOTCORR,2021,1,0.13
CTN_028,PRECTOTCORR,2021,2,0.28
CTN_028,PRECTOTCORR,2021,3,0.52
CTN_028,PRECTOTCORR,2021,4,0.06
CTN_028,PRECTOTCORR,2021,5,3.03
CTN_028,PRECTOTCORR,2021,6,7.8
CTN_028,PRECTOTCORR,2021,7,4.68
CTN_028,PRECTOTCORR,2021,8,7.8
CTN_028,PRECTOTCORR,2021,9,6.35
CTN_028,PRECTOTCORR,2021,10,2.7
CTN_028,PRECTOTCORR,2021,11,0.05
CTN_028,PRECTOTCORR,2021,12,0.01
CTN_028,PRECTOTCORR,2022,1,0.25
CTN_028,PRECTOTCORR,2022,2,0.03
CTN_028,PRECTOTCORR,2022,3,0.05
CTN_028,PRECTOTCORR,2022,4,0.65
CTN_028,PRECTOTCORR,2022,5,1.65
CTN_028,PRECTOTCORR,2022,6,6.4
CTN_028,PRECTOTCORR,2022,7,5.93
CTN_028,PRECTOTCORR,2022,8,6.73
CTN_028,PRECTOTCORR,2022,9,8.62
CTN_028,PRECTOTCORR,2022,10,2.17
CTN_028,PRECTOTCORR,2022,11,0.29
CTN_028,PRECTOTCORR,2022,12,0.07
CTN_028,PRECTOTCORR,2023,1,0.0
CTN_028,PRECTOTCORR,2023,2,0.0
CTN_028,PRECTOTCORR,2023,3,0.06
CTN_028,PRECTOTCORR,2023,4,1.04
CTN_028,PRECTOTCORR,2023,5,1.32
CTN_028,PRECTOTCORR,2023,6,0.41
CTN_028,PRECTOTCORR,2023,7,5.46
CTN_028,PRECTOTCORR,2023,8,6.88
CTN_028,PRECTOTCORR,2023,9,4.48
CTN_028,PRECTOTCORR,2023,10,4.81
CTN_028,PRECTOTCORR,2023,11,1.48
CTN_028,PRECTOTCORR,2023,12,0.07
CTN_028,PRECTOTCORR,2024,1,0.02
CTN_028,PRECTOTCORR,2024,2,0.38
CTN_028,PRECTOTCORR,2024,3,0.0
CTN_028,PRECTOTCORR,2024,4,0.02
CTN_028,PRECTOTCORR,2024,5,0.49
CTN_028,PRECTOTCORR,2024,6,3.14
CTN_028,PRECTOTCORR,2024,7,7.96
CTN_028,PRECTOTCORR,2024,8,6.29
CTN_028,PRECTOTCORR,2024,9,11.36
CTN_028,PRECTOTCORR,2024,10,2.5
CTN_028,PRECTOTCORR,2024,11,0.28
CTN_028,PRECTOTCORR,2024,12,0.02
CTN_028,T2M,2015,1,19.43
CTN_028,T2M,2015,2,20.74
CTN_028,T2M,2015,3,22.61
CTN_028,T2M,2015,4,26.03
CTN_028,T2M,2015,5,24.94
CTN_028,T2M,2015,6,23.12
CTN_028,T2M,2015,7,22.68
CTN_028,T2M,2015,8,22.89
CTN_028,T2M,2015,9,21.56
CTN_028,T2M,2015,10,21.93
CTN_028,T2M,2015,11,21.74
CTN_028,T2M,2015,12,20.92
CTN_028,T2M,2016,1,19.82
CTN_028,T2M,2016,2,20.35
CTN_028,T2M,2016,3,22.05
CTN_028,T2M,2016,4,25.64
CTN_028,T2M,2016,5,26.62
CTN_028,T2M,2016,6,23.1
CTN_028,T2M,2016,7,22.4
CTN_028,T2M,2016,8,22.18
CTN_028,T2M,2016,9,21.46
CTN_028,T2M,2016,10,21.38
CTN_028,T2M,2016,11,20.32
CTN_028,T2M,2016,12,21.06
CTN_028,T2M,2017,1,20.13
CTN_028,T2M,2017,2,21.6
CTN_028,T2M,2017,3,23.95
CTN_028,T2M,2017,4,25.19
CTN_028,T2M,2017,5,25.84
CTN_028,T2M,2017,6,23.04
CTN_028,T2M,2017,7,21.87
CTN_028,T2M,2017,8,21.99
CTN_028,T2M,2017,9,21.32
CTN_028,T2M,2017,10,20.84
CTN_028,T2M,2017,11,19.45
CTN_028,T2M,2017,12,18.76
CTN_028,T2M,2018,1,18.44
CTN_028,T2M,2018,2,22.14
CTN_028,T2M,2018,3,24.47
CTN_028,T2M,2018,4,25.31
CTN_028,T2M,2018,5,24.99
CTN_028,T2M,2018,6,22.63
CTN_028,T2M,2018,7,22.79
CTN_028,T2M,2018,8,21.66
CTN_028,T2M,2018,9,21.57
CTN_028,T2M,2018,10,21.25
CTN_028,T2M,2018,11,20.16
CTN_028,T2M,2018,12,19.34
CTN_028,T2M,2019,1,19.93
CTN_028,T2M,2019,2,22.26
CTN_028,T2M,2019,3,24.08
CTN_028,T2M,2019,4,25.26
CTN_028,T2M,2019,5,26.06
CTN_028,T2M,2019,6,23.94
CTN_028,T2M,2019,7,22.61
CTN_028,T2M,2019,8,22.49
CTN_028,T2M,2019,9,21.89
CTN_028,T2M,2019,10,21.1
CTN_028,T2M,2019,11,20.77
CTN_028,T2M,2019,12,19.82
CTN_028,T2M,2020,1,20.22
CTN_028,T2M,2020,2,22.15
CTN_028,T2M,2020,3,24.53
CTN_028,T2M,2020,4,26.84
CTN_028,T2M,2020,5,26.33
CTN_028,T2M,2020,6,24.62
CTN_028,T2M,2020,7,22.87
CTN_028,T2M,2020,8,22.13
CTN_028,T2M,2020,9,21.47
CTN_028,T2M,2020,10,20.59
CTN_028,T2M,2020,11,20.33
CTN_028,T2M,2020,12,20.52
CTN_028,T2M,2021,1,21.22
CTN_028,T2M,2021,2,21.37
CTN_028,T2M,2021,3,23.89
CTN_028,T2M,2021,4,25.5
CTN_028,T2M,2021,5,24.89
CTN_028,T2M,2021,6,22.12
CTN_028,T2M,2021,7,22.23
CTN_028,T2M,2021,8,21.68
CTN_028,T2M,2021,9,21.57
CTN_028,T2M,2021,10,21.75
CTN_028,T2M,2021,11,19.59
CTN_028,T2M,2021,12,20.59
CTN_028,T2M,2022,1,20.47
CTN_028,T2M,2022,2,21.7
CTN_028,T2M,2022,3,23.76
CTN_028,T2M,2022,4,25.93
CTN_028,T2M,2022,5,26.28
CTN_028,T2M,2022,6,23.19
CTN_028,T2M,2022,7,23.04
CTN_028,T2M,2022,8,22.12
CTN_028,T2M,2022,9,21.43
CTN_028,T2M,2022,10,21.25
CTN_028,T2M,2022,11,21.3
CTN_028,T2M,2022,12,19.53
CTN_028,T2M,2023,1,20.4
CTN_028,T2M,2023,2,21.71
CTN_028,T2M,2023,3,24.3
CTN_028,T2M,2023,4,25.64
CTN_028,T2M,2023,5,26.36
CTN_028,T2M,2023,6,27.75
CTN_028,T2M,2023,7,24.23
CTN_028,T2M,2023,8,23.08
CTN_028,T2M,2023,9,23.03
CTN_028,T2M,2023,10,22.17
CTN_028,T2M,2023,11,21.35
CTN_028,T2M,2023,12,19.43
CTN_028,T2M,2024,1,21.17
CTN_028,T2M,2024,2,22.4
CTN_028,T2M,2024,3,24.88
CTN_028,T2M,2024,4,26.89
CTN_028,T2M,2024,5,28.49
CTN_028,T2M,2024,6,26.08
CTN_028,T2M,2024,7,23.26
CTN_028,T2M,2024,8,22.81
CTN_028,T2M,2024,9,22.26
CTN_028,T2M,2024,10,20.89
CTN_028,T2M,2024,11,21.01
CTN_028,T2M,2024,12,19.61
CTN_028,T2M_MAX,2015,1,30.07
CTN_028,T2M_MAX,2015,2,33.91
CTN_028,T2M_MAX,2015,3,34.63
CTN_028,T2M_MAX,2015,4,37.35
CTN_028,T2M_MAX,2015,5,36.49
CTN_028,T2M_MAX,2015,6,32.02
CTN_028,T2M_MAX,2015,7,32.26
CTN_028,T2M_MAX,2015,8,31.65
CTN_028,T2M_MAX,2015,9,28.52
CTN_028,T2M_MAX,2015,10,30.3
CTN_028,T2M_MAX,2015,11,30.01
CTN_028,T2M_MAX,2015,12,31.22
CTN_028,T2M_MAX,2016,1,30.89
CTN_028,T2M_MAX,2016,2,33.03
CTN_028,T2M_MAX,2016,3,36.85
CTN_028,T2M_MAX,2016,4,38.17
CTN_028,T2M_MAX,2016,5,38.81
CTN_028,T2M_MAX,2016,6,32.41
CTN_028,T2M_MAX,2016,7,30.5
CTN_028,T2M_MAX,2016,8,29.65
CTN_028,T2M_MAX,2016,9,28.42
CTN_028,T2M_MAX,2016,10,28.99
CTN_028,T2M_MAX,2016,11,29.99
CTN_028,T2M_MAX,2016,12,30.77
CTN_028,T2M_MAX,2017,1,31.62
CTN_028,T2M_MAX,2017,2,33.33
CTN_028,T2M_MAX,2017,3,35.24
CTN_028,T2M_MAX,2017,4,38.5
CTN_028,T2M_MAX,2017,5,37.05
CTN_028,T2M_MAX,2017,6,32.01
CTN_028,T2M_MAX,2017,7,28.72
CTN_028,T2M_MAX,2017,8,29.43
CTN_028,T2M_MAX,2017,9,28.35
CTN_028,T2M_MAX,2017,10,28.27
CTN_028,T2M_MAX,2017,11,29.26
CTN_028,T2M_MAX,2017,12,29.68
CTN_028,T2M_MAX,2018,1,31.01
CTN_028,T2M_MAX,2018,2,32.77
CTN_028,T2M_MAX,2018,3,36.39
CTN_028,T2M_MAX,2018,4,35.94
CTN_028,T2M_MAX,2018,5,37.28
CTN_028,T2M_MAX,2018,6,35.5
CTN_028,T2M_MAX,2018,7,31.77
CTN_028,T2M_MAX,2018,8,29.07
CTN_028,T2M_MAX,2018,9,27.58
CTN_028,T2M_MAX,2018,10,28.02
CTN_028,T2M_MAX,2018,11,29.43
CTN_028,T2M_MAX,2018,12,30.0
CTN_028,T2M_MAX,2019,1,31.58
CTN_028,T2M_MAX,2019,2,34.96
CTN_028,T2M_MAX,2019,3,35.88
CTN_028,T2M_MAX,2019,4,37.45
CTN_028,T2M_MAX,2019,5,37.82
CTN_028,T2M_MAX,2019,6,34.0
CTN_028,T2M_MAX,2019,7,31.1
CTN_028,T2M_MAX,2019,8,29.82
CTN_028,T2M_MAX,2019,9,30.04
CTN_028,T2M_MAX,2019,10,28.06
CTN_028,T2M_MAX,2019,11,29.83
CTN_028,T2M_MAX,2019,12,29.48
CTN_028,T2M_MAX,2020,1,30.82
CTN_028,T2M_MAX,2020,2,34.45
CTN_028,T2M_MAX,2020,3,36.47
CTN_028,T2M_MAX,2020,4,37.74
CTN_028,T2M_MAX,2020,5,37.51
CTN_028,T2M_MAX,2020,6,36.02
CTN_028,T2M_MAX,2020,7,30.95
CTN_028,T2M_MAX,2020,8,29.85
CTN_028,T2M_MAX,2020,9,28.77
CTN_028,T2M_MAX,2020,10,28.55
CTN_028,T2M_MAX,2020,11,30.62
CTN_028,T2M_MAX,2020,12,31.01
CTN_028,T2M_MAX,2021,1,32.63
CTN_028,T2M_MAX,2021,2,33.85
CTN_028,T2M_MAX,2021,3,36.3
CTN_028,T2M_MAX,2021,4,37.51
CTN_028,T2M_MAX,2021,5,35.43
CTN_028,T2M_MAX,2021,6,30.75
CTN_028,T2M_MAX,2021,7,29.59
CTN_028,T2M_MAX,2021,8,30.35
CTN_028,T2M_MAX,2021,9,27.71
CTN_028,T2M_MAX,2021,10,29.46
CTN_028,T2M_MAX,2021,11,28.82
CTN_028,T2M_MAX,2021,12,30.15
CTN_028,T2M_MAX,2022,1,30.95
CTN_028,T2M_MAX,2022,2,33.49
CTN_028,T2M_MAX,2022,3,36.28
CTN_028,T2M_MAX,2022,4,38.22
CTN_028,T2M_MAX,2022,5,38.04
CTN_028,T2M_MAX,2022,6,33.51
CTN_028,T2M_MAX,2022,7,32.44
CTN_028,T2M_MAX,2022,8,30.33
CTN_028,T2M_MAX,2022,9,27.71
CTN_028,T2M_MAX,2022,10,28.75
CTN_028,T2M_MAX,2022,11,30.05
CTN_028,T2M_MAX,2022,12,29.52
CTN_028,T2M_MAX,2023,1,31.21
CTN_028,T2M_MAX,2023,2,34.78
CTN_028,T2M_MAX,2023,3,35.51
CTN_028,T2M_MAX,2023,4,37.84
CTN_028,T2M_MAX,2023,5,37.74
CTN_028,T2M_MAX,2023,6,38.97
CTN_028,T2M_MAX,2023,7,34.96
CTN_028,T2M_MAX,2023,8,31.07
CTN_028,T2M_MAX,2023,9,30.82
CTN_028,T2M_MAX,2023,10,30.46
CTN_028,T2M_MAX,2023,11,30.88
CTN_028,T2M_MAX,2023,12,29.0
CTN_028,T2M_MAX,2024,1,33.22
CTN_028,T2M_MAX,2024,2,34.84
CTN_028,T2M_MAX,2024,3,38.03
CTN_028,T2M_MAX,2024,4,38.23
CTN_028,T2M_MAX,2024,5,39.96
CTN_028,T2M_MAX,2024,6,39.04
CTN_028,T2M_MAX,2024,7,32.71
CTN_028,T2M_MAX,2024,8,29.68
CTN_028,T2M_MAX,2024,9,29.0
CTN_028,T2M_MAX,2024,10,28.37
CTN_028,T2M_MAX,2024,11,29.5
CTN_028,T2M_MAX,2024,12,30.16
CTN_028,WS10M,2015,1,2.4
CTN_028,WS10M,2015,2,2.09
CTN_028,WS10M,2015,3,2.35
CTN_028,WS10M,2015,4,2.4
CTN_028,WS10M,2015,5,1.78
CTN_028,WS10M,2015,6,1.89
CTN_028,WS10M,2015,7,1.93
CTN_028,WS10M,2015,8,1.67
CTN_028,WS10M,2015,9,1.58
CTN_028,WS10M,2015,10,1.81
CTN_028,WS10M,2015,11,1.87
CTN_028,WS10M,2015,12,2.1
CTN_028,WS10M,2016,1,1.94
CTN_028,WS10M,2016,2,2.86
CTN_028,WS10M,2016,3,2.44
CTN_028,WS10M,2016,4,2.13
CTN_028,WS10M,2016,5,2.09
CTN_028,WS10M,2016,6,1.94
CTN_028,WS10M,2016,7,1.5
CTN_028,WS10M,2016,8,1.67
CTN_028,WS10M,2016,9,1.45
CTN_028,WS10M,2016,10,1.69
CTN_028,WS10M,2016,11,1.89
CTN_028,WS10M,2016,12,2.15
CTN_028,WS10M,2017,1,2.16
CTN_028,WS10M,2017,2,2.19
CTN_028,WS10M,2017,3,2.42
CTN_028,WS10M,2017,4,2.41
CTN_028,WS10M,2017,5,2.22
CTN_028,WS10M,2017,6,1.95
CTN_028,WS10M,2017,7,1.57
CTN_028,WS10M,2017,8,1.66
CTN_028,WS10M,2017,9,1.57
CTN_028,WS10M,2017,10,1.86
CTN_028,WS10M,2017,11,1.84
CTN_028,WS10M,2017,12,1.94
CTN_028,WS10M,2018,1,2.75
CTN_028,WS10M,2018,2,2.01
CTN_028,WS10M,2018,3,2.26
CTN_028,WS10M,2018,4,2.4
CTN_028,WS10M,2018,5,2.05
CTN_028,WS10M,2018,6,1.99
CTN_028,WS10M,2018,7,1.66
CTN_028,WS10M,2018,8,1.5
CTN_028,WS10M,2018,9,1.59
CTN_028,WS10M,2018,10,1.83
CTN_028,WS10M,2018,11,1.68
CTN_028,WS10M,2018,12,2.01
CTN_028,WS10M,2019,1,2.04
CTN_028,WS10M,2019,2,2.05
CTN_028,WS10M,2019,3,2.39
CTN_028,WS10M,2019,4,2.44
CTN_028,WS10M,2019,5,2.34
CTN_028,WS10M,2019,6,2.09
CTN_028,WS10M,2019,7,1.53
CTN_028,WS10M,2019,8,1.48
CTN_028,WS10M,2019,9,1.64
CTN_028,WS10M,2019,10,1.63
CTN_028,WS10M,2019,11,1.91
CTN_028,WS10M,2019,12,1.86
CTN_028,WS10M,2020,1,2.43
CTN_028,WS10M,2020,2,2.43
CTN_028,WS10M,2020,3,2.25
CTN_028,WS10M,2020,4,2.54
CTN_028,WS10M,2020,5,2.19
CTN_028,WS10M,2020,6,1.96
CTN_028,WS10M,2020,7,1.68
CTN_028,WS10M,2020,8,1.85
CTN_028,WS10M,2020,9,1.66
CTN_028,WS10M,2020,10,1.68
CTN_028,WS10M,2020,11,2.45
CTN_028,WS10M,2020,12,1.89
CTN_028,WS10M,2021,1,1.94
CTN_028,WS10M,2021,2,2.23
CTN_028,WS10M,2021,3,2.06
CTN_028,WS10M,2021,4,2.69
CTN_028,WS10M,2021,5,2.2
CTN_028,WS10M,2021,6,1.86
CTN_028,WS10M,2021,7,1.73
CTN_028,WS10M,2021,8,1.87
CTN_028,WS10M,2021,9,1.51
CTN_028,WS10M,2021,10,1.65
CTN_028,WS10M,2021,11,1.97
CTN_028,WS10M,2021,12,1.67
CTN_028,WS10M,2022,1,2.08
CTN_028,WS10M,2022,2,2.29
CTN_028,WS10M,2022,3,2.29
CTN_028,WS10M,2022,4,2.38
CTN_028,WS10M,2022,5,2.29
CTN_028,WS10M,2022,6,2.08
CTN_028,WS10M,2022,7,1.6
CTN_028,WS10M,2022,8,1.57
CTN_028,WS10M,2022,9,1.74
CTN_028,WS10M,2022,10,1.64
CTN_028,WS10M,2022,11,1.64
CTN_028,WS10M,2022,12,2.15
CTN_028,WS10M,2023,1,1.91
CTN_028,WS10M,2023,2,2.29
CTN_028,WS10M,2023,3,2.22
CTN_028,WS10M,2023,4,2.47
CTN_028,WS10M,2023,5,2.08
CTN_028,WS10M,2023,6,2.61
CTN_028,WS10M,2023,7,2.0
CTN_028,WS10M,2023,8,1.72
CTN_028,WS10M,2023,9,1.43
CTN_028,WS10M,2023,10,1.82
CTN_028,WS10M,2023,11,1.97
CTN_028,WS10M,2023,12,2.01
CTN_028,WS10M,2024,1,1.97
CTN_028,WS10M,2024,2,1.98
CTN_028,WS10M,2024,3,2.29
CTN_028,WS10M,2024,4,2.47
CTN_028,WS10M,2024,5,2.31
CTN_028,WS10M,2024,6,2.55
CTN_028,WS10M,2024,7,1.63
CTN_028,WS10M,2024,8,1.54
CTN_028,WS10M,2024,9,1.65
CTN_028,WS10M,2024,10,1.86
CTN_028,WS10M,2024,11,1.75
CTN_028,WS10M,2024,12,2.07
CTN_029,ALLSKY_SFC_SW_DWN,2015,1,5.1029
CTN_029,ALLSKY_SFC_SW_DWN,2015,2,5.6297
CTN_029,ALLSKY_SFC_SW_DWN,2015,3,5.9503
CTN_029,ALLSKY_SFC_SW_DWN,2015,4,6.8688
CTN_029,ALLSKY_SFC_SW_DWN,2015,5,5.8577
CTN_029,ALLSKY_SFC_SW_DWN,2015,6,5.7233
CTN_029,ALLSKY_SFC_SW_DWN,2015,7,6.055
CTN_029,ALLSKY_SFC_SW_DWN,2015,8,6.1942
CTN_029,ALLSKY_SFC_SW_DWN,2015,9,5.2015
CTN_029,ALLSKY_SFC_SW_DWN,2015,10,5.1828
CTN_029,ALLSKY_SFC_SW_DWN,2015,11,5.0066
CTN_029,ALLSKY_SFC_SW_DWN,2015,12,4.6522
CTN_029,ALLSKY_SFC_SW_DWN,2016,1,4.2511
CTN_029,ALLSKY_SFC_SW_DWN,2016,2,5.9885
CTN_029,ALLSKY_SFC_SW_DWN,2016,3,6.1937
CTN_029,ALLSKY_SFC_SW_DWN,2016,4,6.8832
CTN_029,ALLSKY_SFC_SW_DWN,2016,5,6.5422
CTN_029,ALLSKY_SFC_SW_DWN,2016,6,5.7854
CTN_029,ALLSKY_SFC_SW_DWN,2016,7,6.1217
CTN_029,ALLSKY_SFC_SW_DWN,2016,8,5.8781
CTN_029,ALLSKY_SFC_SW_DWN,2016,9,5.4631
CTN_029,ALLSKY_SFC_SW_DWN,2016,10,5.7979
CTN_029,ALLSKY_SFC_SW_DWN,2016,11,5.0378
CTN_029,ALLSKY_SFC_SW_DWN,2016,12,5.0592
CTN_029,ALLSKY_SFC_SW_DWN,2017,1,5.4516
CTN_029,ALLSKY_SFC_SW_DWN,2017,2,6.253
CTN_029,ALLSKY_SFC_SW_DWN,2017,3,6.6667
CTN_029,ALLSKY_SFC_SW_DWN,2017,4,7.1045
CTN_029,ALLSKY_SFC_SW_DWN,2017,5,6.0158
CTN_029,ALLSKY_SFC_SW_DWN,2017,6,5.5135
CTN_029,ALLSKY_SFC_SW_DWN,2017,7,5.9371
CTN_029,ALLSKY_SFC_SW_DWN,2017,8,5.7149
CTN_029,ALLSKY_SFC_SW_DWN,2017,9,4.7688
CTN_029,ALLSKY_SFC_SW_DWN,2017,10,5.4187
CTN_029,ALLSKY_SFC_SW_DWN,2017,11,5.4818
CTN_029,ALLSKY_SFC_SW_DWN,2017,12,5.2145
CTN_029,ALLSKY_SFC_SW_DWN,2018,1,4.9625
CTN_029,ALLSKY_SFC_SW_DWN,2018,2,5.7168
CTN_029,ALLSKY_SFC_SW_DWN,2018,3,6.8376
CTN_029,ALLSKY_SFC_SW_DWN,2018,4,6.7886
CTN_029,ALLSKY_SFC_SW_DWN,2018,5,6.5208
CTN_029,ALLSKY_SFC_SW_DWN,2018,6,5.4682
CTN_029,ALLSKY_SFC_SW_DWN,2018,7,6.8988
CTN_029,ALLSKY_SFC_SW_DWN,2018,8,5.8337
CTN_029,ALLSKY_SFC_SW_DWN,2018,9,5.8049
CTN_029,ALLSKY_SFC_SW_DWN,2018,10,4.9438
CTN_029,ALLSKY_SFC_SW_DWN,2018,11,4.6474
CTN_029,ALLSKY_SFC_SW_DWN,2018,12,4.9735
CTN_029,ALLSKY_SFC_SW_DWN,2019,1,5.2416
CTN_029,ALLSKY_SFC_SW_DWN,2019,2,6.223
CTN_029,ALLSKY_SFC_SW_DWN,2019,3,6.8825
CTN_029,ALLSKY_SFC_SW_DWN,2019,4,7.3212
CTN_029,ALLSKY_SFC_SW_DWN,2019,5,6.6302
CTN_029,ALLSKY_SFC_SW_DWN,2019,6,5.8466
CTN_029,ALLSKY_SFC_SW_DWN,2019,7,6.3396
CTN_029,ALLSKY_SFC_SW_DWN,2019,8,6.1735
CTN_029,ALLSKY_SFC_SW_DWN,2019,9,5.5022
CTN_029,ALLSKY_SFC_SW_DWN,2019,10,4.9346
CTN_029,ALLSKY_SFC_SW_DWN,2019,11,5.035
CTN_029,ALLSKY_SFC_SW_DWN,2019,12,4.9406
CTN_029,ALLSKY_SFC_SW_DWN,2020,1,5.3014
CTN_029,ALLSKY_SFC_SW_DWN,2020,2,5.9935
CTN_029,ALLSKY_SFC_SW_DWN,2020,3,6.8522
CTN_029,ALLSKY_SFC_SW_DWN,2020,4,7.3094
CTN_029,ALLSKY_SFC_SW_DWN,2020,5,7.1126
CTN_029,ALLSKY_SFC_SW_DWN,2020,6,5.9875
CTN_029,ALLSKY_SFC_SW_DWN,2020,7,6.0348
CTN_029,ALLSKY_SFC_SW_DWN,2020,8,5.5555
CTN_029,ALLSKY_SFC_SW_DWN,2020,9,5.2063
CTN_029,ALLSKY_SFC_SW_DWN,2020,10,5.7372
CTN_029,ALLSKY_SFC_SW_DWN,2020,11,5.4557
CTN_029,ALLSKY_SFC_SW_DWN,2020,12,4.8254
CTN_029,ALLSKY_SFC_SW_DWN,2021,1,4.8883
CTN_029,ALLSKY_SFC_SW_DWN,2021,2,6.3473
CTN_029,ALLSKY_SFC_SW_DWN,2021,3,6.919
CTN_029,ALLSKY_SFC_SW_DWN,2021,4,7.3584
CTN_029,ALLSKY_SFC_SW_DWN,2021,5,6.642
CTN_029,ALLSKY_SFC_SW_DWN,2021,6,4.9135
CTN_029,ALLSKY_SFC_SW_DWN,2021,7,6.2009
CTN_029,ALLSKY_SFC_SW_DWN,2021,8,5.4379
CTN_029,ALLSKY_SFC_SW_DWN,2021,9,5.5039
CTN_029,ALLSKY_SFC_SW_DWN,2021,10,5.1636
CTN_029,ALLSKY_SFC_SW_DWN,2021,11,5.5058
CTN_029,ALLSKY_SFC_SW_DWN,2021,12,5.1216
CTN_029,ALLSKY_SFC_SW_DWN,2022,1,5.2169
CTN_029,ALLSKY_SFC_SW_DWN,2022,2,5.8219
CTN_029,ALLSKY_SFC_SW_DWN,2022,3,7.1266
CTN_029,ALLSKY_SFC_SW_DWN,2022,4,7.1834
CTN_029,ALLSKY_SFC_SW_DWN,2022,5,6.9103
CTN_029,ALLSKY_SFC_SW_DWN,2022,6,5.7257
CTN_029,ALLSKY_SFC_SW_DWN,2022,7,6.0175
CTN_029,ALLSKY_SFC_SW_DWN,2022,8,5.7478
CTN_029,ALLSKY_SFC_SW_DWN,2022,9,5.0993
CTN_029,ALLSKY_SFC_SW_DWN,2022,10,4.9054
CTN_029,ALLSKY_SFC_SW_DWN,2022,11,5.0659
CTN_029,ALLSKY_SFC_SW_DWN,2022,12,4.9238
CTN_029,ALLSKY_SFC_SW_DWN,2023,1,5.3666
CTN_029,ALLSKY_SFC_SW_DWN,2023,2,6.0384
CTN_029,ALLSKY_SFC_SW_DWN,2023,3,6.8532
CTN_029,ALLSKY_SFC_SW_DWN,2023,4,7.1774
CTN_029,ALLSKY_SFC_SW_DWN,2023,5,6.3259
CTN_029,ALLSKY_SFC_SW_DWN,2023,6,6.707
CTN_029,ALLSKY_SFC_SW_DWN,2023,7,5.9026
CTN_029,ALLSKY_SFC_SW_DWN,2023,8,5.7641
CTN_029,ALLSKY_SFC_SW_DWN,2023,9,6.0046
CTN_029,ALLSKY_SFC_SW_DWN,2023,10,4.8019
CTN_029,ALLSKY_SFC_SW_DWN,2023,11,5.0902
CTN_029,ALLSKY_SFC_SW_DWN,2023,12,4.6488
CTN_029,ALLSKY_SFC_SW_DWN,2024,1,5.0803
CTN_029,ALLSKY_SFC_SW_DWN,2024,2,5.9758
CTN_029,ALLSKY_SFC_SW_DWN,2024,3,7.1664
CTN_029,ALLSKY_SFC_SW_DWN,2024,4,7.3092
CTN_029,ALLSKY_SFC_SW_DWN,2024,5,6.9641
CTN_029,ALLSKY_SFC_SW_DWN,2024,6,5.947
CTN_029,ALLSKY_SFC_SW_DWN,2024,7,5.6215
CTN_029,ALLSKY_SFC_SW_DWN,2024,8,5.9333
CTN_029,ALLSKY_SFC_SW_DWN,2024,9,4.6392
CTN_029,ALLSKY_SFC_SW_DWN,2024,10,5.2361
CTN_029,ALLSKY_SFC_SW_DWN,2024,11,5.2152
CTN_029,ALLSKY_SFC_SW_DWN,2024,12,4.8943
CTN_029,PRECTOTCORR,2015,1,0.01
CTN_029,PRECTOTCORR,2015,2,0.1
CTN_029,PRECTOTCORR,2015,3,0.85
CTN_029,PRECTOTCORR,2015,4,0.12
CTN_029,PRECTOTCORR,2015,5,3.72
CTN_029,PRECTOTCORR,2015,6,3.9
CTN_029,PRECTOTCORR,2015,7,3.9
CTN_029,PRECTOTCORR,2015,8,4.88
CTN_029,PRECTOTCORR,2015,9,7.29
CTN_029,PRECTOTCORR,2015,10,2.07
CTN_029,PRECTOTCORR,2015,11,1.32
CTN_029,PRECTOTCORR,2015,12,0.04
CTN_029,PRECTOTCORR,2016,1,0.13
CTN_029,PRECTOTCORR,2016,2,0.05
CTN_029,PRECTOTCORR,2016,3,1.28
CTN_029,PRECTOTCORR,2016,4,0.61
CTN_029,PRECTOTCORR,2016,5,2.01
CTN_029,PRECTOTCORR,2016,6,6.3
CTN_029,PRECTOTCORR,2016,7,6.23
CTN_029,PRECTOTCORR,2016,8,5.76
CTN_029,PRECTOTCORR,2016,9,7.39
CTN_029,PRECTOTCORR,2016,10,1.17
CTN_029,PRECTOTCORR,2016,11,0.86
CTN_029,PRECTOTCORR,2016,12,0.02
CTN_029,PRECTOTCORR,2017,1,0.0
CTN_029,PRECTOTCORR,2017,2,0.0
CTN_029,PRECTOTCORR,2017,3,0.16
CTN_029,PRECTOTCORR,2017,4,0.23
CTN_029,PRECTOTCORR,2017,5,3.42
CTN_029,PRECTOTCORR,2017,6,6.63
CTN_029,PRECTOTCORR,2017,7,6.12
CTN_029,PRECTOTCORR,2017,8,7.23
CTN_029,PRECTOTCORR,2017,9,9.02
CTN_029,PRECTOTCORR,2017,10,1.65
CTN_029,PRECTOTCORR,2017,11,0.08
CTN_029,PRECTOTCORR,2017,12,0.01
CTN_029,PRECTOTCORR,2018,1,0.11
CTN_029,PRECTOTCORR,2018,2,0.08
CTN_029,PRECTOTCORR,2018,3,0.06
CTN_029,PRECTOTCORR,2018,4,0.96
CTN_029,PRECTOTCORR,2018,5,2.67
CTN_029,PRECTOTCORR,2018,6,7.82
CTN_029,PRECTOTCORR,2018,7,2.61
CTN_029,PRECTOTCORR,2018,8,8.7
CTN_029,PRECTOTCORR,2018,9,6.27
CTN_029,PRECTOTCORR,2018,10,3.7
CTN_029,PRECTOTCORR,2018,11,1.06
CTN_029,PRECTOTCORR,2018,12,0.1
CTN_029,PRECTOTCORR,2019,1,0.03
CTN_029,PRECTOTCORR,2019,2,0.01
CTN_029,PRECTOTCORR,2019,3,0.02
CTN_029,PRECTOTCORR,2019,4,0.02
CTN_029,PRECTOTCORR,2019,5,1.67
CTN_029,PRECTOTCORR,2019,6,5.75
CTN_029,PRECTOTCORR,2019,7,5.75
CTN_029,PRECTOTCORR,2019,8,5.2
CTN_029,PRECTOTCORR,2019,9,7.16
CTN_029,PRECTOTCORR,2019,10,4.82
CTN_029,PRECTOTCORR,2019,11,0.8
CTN_029,PRECTOTCORR,2019,12,0.0
CTN_029,PRECTOTCORR,2020,1,0.12
CTN_029,PRECTOTCORR,2020,2,0.07
CTN_029,PRECTOTCORR,2020,3,0.09
CTN_029,PRECTOTCORR,2020,4,0.33
CTN_029,PRECTOTCORR,2020,5,0.75
CTN_029,PRECTOTCORR,2020,6,5.39
CTN_029,PRECTOTCORR,2020,7,5.36
CTN_029,PRECTOTCORR,2020,8,6.61
CTN_029,PRECTOTCORR,2020,9,7.31
CTN_029,PRECTOTCORR,2020,10,1.25
CTN_029,PRECTOTCORR,2020,11,0.12
CTN_029,PRECTOTCORR,2020,12,0.06
CTN_029,PRECTOTCORR,2021,1,0.13
CTN_029,PRECTOTCORR,2021,2,0.28
CTN_029,PRECTOTCORR,2021,3,0.52
CTN_029,PRECTOTCORR,2021,4,0.06
CTN_029,PRECTOTCORR,2021,5,3.03
CTN_029,PRECTOTCORR,2021,6,7.8
CTN_029,PRECTOTCORR,2021,7,4.68
CTN_029,PRECTOTCORR,2021,8,7.8
CTN_029,PRECTOTCORR,2021,9,6.35
CTN_029,PRECTOTCORR,2021,10,2.7
CTN_029,PRECTOTCORR,2021,11,0.05
CTN_029,PRECTOTCORR,2021,12,0.01
CTN_029,PRECTOTCORR,2022,1,0.25
CTN_029,PRECTOTCORR,2022,2,0.03
CTN_029,PRECTOTCORR,2022,3,0.05
CTN_029,PRECTOTCORR,2022,4,0.65
CTN_029,PRECTOTCORR,2022,5,1.65
CTN_029,PRECTOTCORR,2022,6,6.4
CTN_029,PRECTOTCORR,2022,7,5.93
CTN_029,PRECTOTCORR,2022,8,6.73
CTN_029,PRECTOTCORR,2022,9,8.62
CTN_029,PRECTOTCORR,2022,10,2.17
CTN_029,PRECTOTCORR,2022,11,0.29
CTN_029,PRECTOTCORR,2022,12,0.07
CTN_029,PRECTOTCORR,2023,1,0.0
CTN_029,PRECTOTCORR,2023,2,0.0
CTN_029,PRECTOTCORR,2023,3,0.06
CTN_029,PRECTOTCORR,2023,4,1.04
CTN_029,PRECTOTCORR,2023,5,1.32
CTN_029,PRECTOTCORR,2023,6,0.41
CTN_029,PRECTOTCORR,2023,7,5.46
CTN_029,PRECTOTCORR,2023,8,6.88
CTN_029,PRECTOTCORR,2023,9,4.48
CTN_029,PRECTOTCORR,2023,10,4.81
CTN_029,PRECTOTCORR,2023,11,1.48
CTN_029,PRECTOTCORR,2023,12,0.07
CTN_029,PRECTOTCORR,2024,1,0.02
CTN_029,PRECTOTCORR,2024,2,0.38
CTN_029,PRECTOTCORR,2024,3,0.0
CTN_029,PRECTOTCORR,2024,4,0.02
CTN_029,PRECTOTCORR,2024,5,0.49
CTN_029,PRECTOTCORR,2024,6,3.14
CTN_029,PRECTOTCORR,2024,7,7.96
CTN_029,PRECTOTCORR,2024,8,6.29
CTN_029,PRECTOTCORR,2024,9,11.36
CTN_029,PRECTOTCORR,2024,10,2.5
CTN_029,PRECTOTCORR,2024,11,0.28
CTN_029,PRECTOTCORR,2024,12,0.02
CTN_029,T2M,2015,1,19.43
CTN_029,T2M,2015,2,20.74
CTN_029,T2M,2015,3,22.61
CTN_029,T2M,2015,4,26.03
CTN_029,T2M,2015,5,24.94
CTN_029,T2M,2015,6,23.12
CTN_029,T2M,2015,7,22.68
CTN_029,T2M,2015,8,22.89
CTN_029,T2M,2015,9,21.56
CTN_029,T2M,2015,10,21.93
CTN_029,T2M,2015,11,21.74
CTN_029,T2M,2015,12,20.92
CTN_029,T2M,2016,1,19.82
CTN_029,T2M,2016,2,20.35
CTN_029,T2M,2016,3,22.05
CTN_029,T2M,2016,4,25.64
CTN_029,T2M,2016,5,26.62
CTN_029,T2M,2016,6,23.1
CTN_029,T2M,2016,7,22.4
CTN_029,T2M,2016,8,22.18
CTN_029,T2M,2016,9,21.46
CTN_029,T2M,2016,10,21.38
CTN_029,T2M,2016,11,20.32
CTN_029,T2M,2016,12,21.06
CTN_029,T2M,2017,1,20.13
CTN_029,T2M,2017,2,21.6
CTN_029,T2M,2017,3,23.95
CTN_029,T2M,2017,4,25.19
CTN_029,T2M,2017,5,25.84
CTN_029,T2M,2017,6,23.04
CTN_029,T2M,2017,7,21.87
CTN_029,T2M,2017,8,21.99
CTN_029,T2M,2017,9,21.32
CTN_029,T2M,2017,10,20.84
CTN_029,T2M,2017,11,19.45
CTN_029,T2M,2017,12,18.76
CTN_029,T2M,2018,1,18.44
CTN_029,T2M,2018,2,22.14
CTN_029,T2M,2018,3,24.47
CTN_029,T2M,2018,4,25.31
CTN_029,T2M,2018,5,24.99
CTN_029,T2M,2018,6,22.63
CTN_029,T2M,2018,7,22.79
CTN_029,T2M,2018,8,21.66
CTN_029,T2M,2018,9,21.57
CTN_029,T2M,2018,10,21.25
CTN_029,T2M,2018,11,20.16
CTN_029,T2M,2018,12,19.34
CTN_029,T2M,2019,1,19.93
CTN_029,T2M,2019,2,22.26
CTN_029,T2M,2019,3,24.08
CTN_029,T2M,2019,4,25.26
CTN_029,T2M,2019,5,26.06
CTN_029,T2M,2019,6,23.94
CTN_029,T2M,2019,7,22.61
CTN_029,T2M,2019,8,22.49
CTN_029,T2M,2019,9,21.89
CTN_029,T2M,2019,10,21.1
CTN_029,T2M,2019,11,20.77
CTN_029,T2M,2019,12,19.82
CTN_029,T2M,2020,1,20.22
CTN_029,T2M,2020,2,22.15
CTN_029,T2M,2020,3,24.53
CTN_029,T2M,2020,4,26.84
CTN_029,T2M,2020,5,26.33
CTN_029,T2M,2020,6,24.62
CTN_029,T2M,2020,7,22.87
CTN_029,T2M,2020,8,22.13
CTN_029,T2M,2020,9,21.47
CTN_029,T2M,2020,10,20.59
CTN_029,T2M,2020,11,20.33
CTN_029,T2M,2020,12,20.52
CTN_029,T2M,2021,1,21.22
CTN_029,T2M,2021,2,21.37
CTN_029,T2M,2021,3,23.89
CTN_029,T2M,2021,4,25.5
CTN_029,T2M,2021,5,24.89
CTN_029,T2M,2021,6,22.12
CTN_029,T2M,2021,7,22.23
CTN_029,T2M,2021,8,21.68
CTN_029,T2M,2021,9,21.57
CTN_029,T2M,2021,10,21.75
CTN_029,T2M,2021,11,19.59
CTN_029,T2M,2021,12,20.59
CTN_029,T2M,2022,1,20.47
CTN_029,T2M,2022,2,21.7
CTN_029,T2M,2022,3,23.76
CTN_029,T2M,2022,4,25.93
CTN_029,T2M,2022,5,26.28
CTN_029,T2M,2022,6,23.19
CTN_029,T2M,2022,7,23.04
CTN_029,T2M,2022,8,22.12
CTN_029,T2M,2022,9,21.43
CTN_029,T2M,2022,10,21.25
CTN_029,T2M,2022,11,21.3
CTN_029,T2M,2022,12,19.53
CTN_029,T2M,2023,1,20.4
CTN_029,T2M,2023,2,21.71
CTN_029,T2M,2023,3,24.3
CTN_029,T2M,2023,4,25.64
CTN_029,T2M,2023,5,26.36
CTN_029,T2M,2023,6,27.75
CTN_029,T2M,2023,7,24.23
CTN_029,T2M,2023,8,23.08
CTN_029,T2M,2023,9,23.03
CTN_029,T2M,2023,10,22.17
CTN_029,T2M,2023,11,21.35
CTN_029,T2M,2023,12,19.43
CTN_029,T2M,2024,1,21.17
CTN_029,T2M,2024,2,22.4
CTN_029,T2M,2024,3,24.88
CTN_029,T2M,2024,4,26.89
CTN_029,T2M,2024,5,28.49
CTN_029,T2M,2024,6,26.08
CTN_029,T2M,2024,7,23.26
CTN_029,T2M,2024,8,22.81
CTN_029,T2M,2024,9,22.26
CTN_029,T2M,2024,10,20.89
CTN_029,T2M,2024,11,21.01
CTN_029,T2M,2024,12,19.61
CTN_029,T2M_MAX,2015,1,30.07
CTN_029,T2M_MAX,2015,2,33.91
CTN_029,T2M_MAX,2015,3,34.63
CTN_029,T2M_MAX,2015,4,37.35
CTN_029,T2M_MAX,2015,5,36.49
CTN_029,T2M_MAX,2015,6,32.02
CTN_029,T2M_MAX,2015,7,32.26
CTN_029,T2M_MAX,2015,8,31.65
CTN_029,T2M_MAX,2015,9,28.52
CTN_029,T2M_MAX,2015,10,30.3
CTN_029,T2M_MAX,2015,11,30.01
CTN_029,T2M_MAX,2015,12,31.22
CTN_029,T2M_MAX,2016,1,30.89
CTN_029,T2M_MAX,2016,2,33.03
CTN_029,T2M_MAX,2016,3,36.85
CTN_029,T2M_MAX,2016,4,38.17
CTN_029,T2M_MAX,2016,5,38.81
CTN_029,T2M_MAX,2016,6,32.41
CTN_029,T2M_MAX,2016,7,30.5
CTN_029,T2M_MAX,2016,8,29.65
CTN_029,T2M_MAX,2016,9,28.42
CTN_029,T2M_MAX,2016,10,28.99
CTN_029,T2M_MAX,2016,11,29.99
CTN_029,T2M_MAX,2016,12,30.77
CTN_029,T2M_MAX,2017,1,31.62
CTN_029,T2M_MAX,2017,2,33.33
CTN_029,T2M_MAX,2017,3,35.24
CTN_029,T2M_MAX,2017,4,38.5
CTN_029,T2M_MAX,2017,5,37.05
CTN_029,T2M_MAX,2017,6,32.01
CTN_029,T2M_MAX,2017,7,28.72
CTN_029,T2M_MAX,2017,8,29.43
CTN_029,T2M_MAX,2017,9,28.35
CTN_029,T2M_MAX,2017,10,28.27
CTN_029,T2M_MAX,2017,11,29.26
CTN_029,T2M_MAX,2017,12,29.68
CTN_029,T2M_MAX,2018,1,31.01
CTN_029,T2M_MAX,2018,2,32.77
CTN_029,T2M_MAX,2018,3,36.39
CTN_029,T2M_MAX,2018,4,35.94
CTN_029,T2M_MAX,2018,5,37.28
CTN_029,T2M_MAX,2018,6,35.5
CTN_029,T2M_MAX,2018,7,31.77
CTN_029,T2M_MAX,2018,8,29.07
CTN_029,T2M_MAX,2018,9,27.58
CTN_029,T2M_MAX,2018,10,28.02
CTN_029,T2M_MAX,2018,11,29.43
CTN_029,T2M_MAX,2018,12,30.0
CTN_029,T2M_MAX,2019,1,31.58
CTN_029,T2M_MAX,2019,2,34.96
CTN_029,T2M_MAX,2019,3,35.88
CTN_029,T2M_MAX,2019,4,37.45
CTN_029,T2M_MAX,2019,5,37.82
CTN_029,T2M_MAX,2019,6,34.0
CTN_029,T2M_MAX,2019,7,31.1
CTN_029,T2M_MAX,2019,8,29.82
CTN_029,T2M_MAX,2019,9,30.04
CTN_029,T2M_MAX,2019,10,28.06
CTN_029,T2M_MAX,2019,11,29.83
CTN_029,T2M_MAX,2019,12,29.48
CTN_029,T2M_MAX,2020,1,30.82
CTN_029,T2M_MAX,2020,2,34.45
CTN_029,T2M_MAX,2020,3,36.47
CTN_029,T2M_MAX,2020,4,37.74
CTN_029,T2M_MAX,2020,5,37.51
CTN_029,T2M_MAX,2020,6,36.02
CTN_029,T2M_MAX,2020,7,30.95
CTN_029,T2M_MAX,2020,8,29.85
CTN_029,T2M_MAX,2020,9,28.77
CTN_029,T2M_MAX,2020,10,28.55
CTN_029,T2M_MAX,2020,11,30.62
CTN_029,T2M_MAX,2020,12,31.01
CTN_029,T2M_MAX,2021,1,32.63
CTN_029,T2M_MAX,2021,2,33.85
CTN_029,T2M_MAX,2021,3,36.3
CTN_029,T2M_MAX,2021,4,37.51
CTN_029,T2M_MAX,2021,5,35.43
CTN_029,T2M_MAX,2021,6,30.75
CTN_029,T2M_MAX,2021,7,29.59
CTN_029,T2M_MAX,2021,8,30.35
CTN_029,T2M_MAX,2021,9,27.71
CTN_029,T2M_MAX,2021,10,29.46
CTN_029,T2M_MAX,2021,11,28.82
CTN_029,T2M_MAX,2021,12,30.15
CTN_029,T2M_MAX,2022,1,30.95
CTN_029,T2M_MAX,2022,2,33.49
CTN_029,T2M_MAX,2022,3,36.28
CTN_029,T2M_MAX,2022,4,38.22
CTN_029,T2M_MAX,2022,5,38.04
CTN_029,T2M_MAX,2022,6,33.51
CTN_029,T2M_MAX,2022,7,32.44
CTN_029,T2M_MAX,2022,8,30.33
CTN_029,T2M_MAX,2022,9,27.71
CTN_029,T2M_MAX,2022,10,28.75
CTN_029,T2M_MAX,2022,11,30.05
CTN_029,T2M_MAX,2022,12,29.52
CTN_029,T2M_MAX,2023,1,31.21
CTN_029,T2M_MAX,2023,2,34.78
CTN_029,T2M_MAX,2023,3,35.51
CTN_029,T2M_MAX,2023,4,37.84
CTN_029,T2M_MAX,2023,5,37.74
CTN_029,T2M_MAX,2023,6,38.97
CTN_029,T2M_MAX,2023,7,34.96
CTN_029,T2M_MAX,2023,8,31.07
CTN_029,T2M_MAX,2023,9,30.82
CTN_029,T2M_MAX,2023,10,30.46
CTN_029,T2M_MAX,2023,11,30.88
CTN_029,T2M_MAX,2023,12,29.0
CTN_029,T2M_MAX,2024,1,33.22
CTN_029,T2M_MAX,2024,2,34.84
CTN_029,T2M_MAX,2024,3,38.03
CTN_029,T2M_MAX,2024,4,38.23
CTN_029,T2M_MAX,2024,5,39.96
CTN_029,T2M_MAX,2024,6,39.04
CTN_029,T2M_MAX,2024,7,32.71
CTN_029,T2M_MAX,2024,8,29.68
CTN_029,T2M_MAX,2024,9,29.0
CTN_029,T2M_MAX,2024,10,28.37
CTN_029,T2M_MAX,2024,11,29.5
CTN_029,T2M_MAX,2024,12,30.16
CTN_029,WS10M,2015,1,2.4
CTN_029,WS10M,2015,2,2.09
CTN_029,WS10M,2015,3,2.35
CTN_029,WS10M,2015,4,2.4
CTN_029,WS10M,2015,5,1.78
CTN_029,WS10M,2015,6,1.89
CTN_029,WS10M,2015,7,1.93
CTN_029,WS10M,2015,8,1.67
CTN_029,WS10M,2015,9,1.58
CTN_029,WS10M,2015,10,1.81
CTN_029,WS10M,2015,11,1.87
CTN_029,WS10M,2015,12,2.1
CTN_029,WS10M,2016,1,1.94
CTN_029,WS10M,2016,2,2.86
CTN_029,WS10M,2016,3,2.44
CTN_029,WS10M,2016,4,2.13
CTN_029,WS10M,2016,5,2.09
CTN_029,WS10M,2016,6,1.94
CTN_029,WS10M,2016,7,1.5
CTN_029,WS10M,2016,8,1.67
CTN_029,WS10M,2016,9,1.45
CTN_029,WS10M,2016,10,1.69
CTN_029,WS10M,2016,11,1.89
CTN_029,WS10M,2016,12,2.15
CTN_029,WS10M,2017,1,2.16
CTN_029,WS10M,2017,2,2.19
CTN_029,WS10M,2017,3,2.42
CTN_029,WS10M,2017,4,2.41
CTN_029,WS10M,2017,5,2.22
CTN_029,WS10M,2017,6,1.95
CTN_029,WS10M,2017,7,1.57
CTN_029,WS10M,2017,8,1.66
CTN_029,WS10M,2017,9,1.57
CTN_029,WS10M,2017,10,1.86
CTN_029,WS10M,2017,11,1.84
CTN_029,WS10M,2017,12,1.94
CTN_029,WS10M,2018,1,2.75
CTN_029,WS10M,2018,2,2.01
CTN_029,WS10M,2018,3,2.26
CTN_029,WS10M,2018,4,2.4
CTN_029,WS10M,2018,5,2.05
CTN_029,WS10M,2018,6,1.99
CTN_029,WS10M,2018,7,1.66
CTN_029,WS10M,2018,8,1.5
CTN_029,WS10M,2018,9,1.59
CTN_029,WS10M,2018,10,1.83
CTN_029,WS10M,2018,11,1.68
CTN_029,WS10M,2018,12,2.01
CTN_029,WS10M,2019,1,2.04
CTN_029,WS10M,2019,2,2.05
CTN_029,WS10M,2019,3,2.39
CTN_029,WS10M,2019,4,2.44
CTN_029,WS10M,2019,5,2.34
CTN_029,WS10M,2019,6,2.09
CTN_029,WS10M,2019,7,1.53
CTN_029,WS10M,2019,8,1.48
CTN_029,WS10M,2019,9,1.64
CTN_029,WS10M,2019,10,1.63
CTN_029,WS10M,2019,11,1.91
CTN_029,WS10M,2019,12,1.86
CTN_029,WS10M,2020,1,2.43
CTN_029,WS10M,2020,2,2.43
CTN_029,WS10M,2020,3,2.25
CTN_029,WS10M,2020,4,2.54
CTN_029,WS10M,2020,5,2.19
CTN_029,WS10M,2020,6,1.96
CTN_029,WS10M,2020,7,1.68
CTN_029,WS10M,2020,8,1.85
CTN_029,WS10M,2020,9,1.66
CTN_029,WS10M,2020,10,1.68
CTN_029,WS10M,2020,11,2.45
CTN_029,WS10M,2020,12,1.89
CTN_029,WS10M,2021,1,1.94
CTN_029,WS10M,2021,2,2.23
CTN_029,WS10M,2021,3,2.06
CTN_029,WS10M,2021,4,2.69
CTN_029,WS10M,2021,5,2.2
CTN_029,WS10M,2021,6,1.86
CTN_029,WS10M,2021,7,1.73
CTN_029,WS10M,2021,8,1.87
CTN_029,WS10M,2021,9,1.51
CTN_029,WS10M,2021,10,1.65
CTN_029,WS10M,2021,11,1.97
CTN_029,WS10M,2021,12,1.67
CTN_029,WS10M,2022,1,2.08
CTN_029,WS10M,2022,2,2.29
CTN_029,WS10M,2022,3,2.29
CTN_029,WS10M,2022,4,2.38
CTN_029,WS10M,2022,5,2.29
CTN_029,WS10M,2022,6,2.08
CTN_029,WS10M,2022,7,1.6
CTN_029,WS10M,2022,8,1.57
CTN_029,WS10M,2022,9,1.74
CTN_029,WS10M,2022,10,1.64
CTN_029,WS10M,2022,11,1.64
CTN_029,WS10M,2022,12,2.15
CTN_029,WS10M,2023,1,1.91
CTN_029,WS10M,2023,2,2.29
CTN_029,WS10M,2023,3,2.22
CTN_029,WS10M,2023,4,2.47
CTN_029,WS10M,2023,5,2.08
CTN_029,WS10M,2023,6,2.61
CTN_029,WS10M,2023,7,2.0
CTN_029,WS10M,2023,8,1.72
CTN_029,WS10M,2023,9,1.43
CTN_029,WS10M,2023,10,1.82
CTN_029,WS10M,2023,11,1.97
CTN_029,WS10M,2023,12,2.01
CTN_029,WS10M,2024,1,1.97
CTN_029,WS10M,2024,2,1.98
CTN_029,WS10M,2024,3,2.29
CTN_029,WS10M,2024,4,2.47
CTN_029,WS10M,2024,5,2.31
CTN_029,WS10M,2024,6,2.55
CTN_029,WS10M,2024,7,1.63
CTN_029,WS10M,2024,8,1.54
CTN_029,WS10M,2024,9,1.65
CTN_029,WS10M,2024,10,1.86
CTN_029,WS10M,2024,11,1.75
CTN_029,WS10M,2024,12,2.07
CTN_030,ALLSKY_SFC_SW_DWN,2015,1,5.1029
CTN_030,ALLSKY_SFC_SW_DWN,2015,2,5.6297
CTN_030,ALLSKY_SFC_SW_DWN,2015,3,5.9503
CTN_030,ALLSKY_SFC_SW_DWN,2015,4,6.8688
CTN_030,ALLSKY_SFC_SW_DWN,2015,5,5.8577
CTN_030,ALLSKY_SFC_SW_DWN,2015,6,5.7233
CTN_030,ALLSKY_SFC_SW_DWN,2015,7,6.055
CTN_030,ALLSKY_SFC_SW_DWN,2015,8,6.1942
CTN_030,ALLSKY_SFC_SW_DWN,2015,9,5.2015
CTN_030,ALLSKY_SFC_SW_DWN,2015,10,5.1828
CTN_030,ALLSKY_SFC_SW_DWN,2015,11,5.0066
CTN_030,ALLSKY_SFC_SW_DWN,2015,12,4.6522
CTN_030,ALLSKY_SFC_SW_DWN,2016,1,4.2511
CTN_030,ALLSKY_SFC_SW_DWN,2016,2,5.9885
CTN_030,ALLSKY_SFC_SW_DWN,2016,3,6.1937
CTN_030,ALLSKY_SFC_SW_DWN,2016,4,6.8832
CTN_030,ALLSKY_SFC_SW_DWN,2016,5,6.5422
CTN_030,ALLSKY_SFC_SW_DWN,2016,6,5.7854
CTN_030,ALLSKY_SFC_SW_DWN,2016,7,6.1217
CTN_030,ALLSKY_SFC_SW_DWN,2016,8,5.8781
CTN_030,ALLSKY_SFC_SW_DWN,2016,9,5.4631
CTN_030,ALLSKY_SFC_SW_DWN,2016,10,5.7979
CTN_030,ALLSKY_SFC_SW_DWN,2016,11,5.0378
CTN_030,ALLSKY_SFC_SW_DWN,2016,12,5.0592
CTN_030,ALLSKY_SFC_SW_DWN,2017,1,5.4516
CTN_030,ALLSKY_SFC_SW_DWN,2017,2,6.253
CTN_030,ALLSKY_SFC_SW_DWN,2017,3,6.6667
CTN_030,ALLSKY_SFC_SW_DWN,2017,4,7.1045
CTN_030,ALLSKY_SFC_SW_DWN,2017,5,6.0158
CTN_030,ALLSKY_SFC_SW_DWN,2017,6,5.5135
CTN_030,ALLSKY_SFC_SW_DWN,2017,7,5.9371
CTN_030,ALLSKY_SFC_SW_DWN,2017,8,5.7149
CTN_030,ALLSKY_SFC_SW_DWN,2017,9,4.7688
CTN_030,ALLSKY_SFC_SW_DWN,2017,10,5.4187
CTN_030,ALLSKY_SFC_SW_DWN,2017,11,5.4818
CTN_030,ALLSKY_SFC_SW_DWN,2017,12,5.2145
CTN_030,ALLSKY_SFC_SW_DWN,2018,1,4.9625
CTN_030,ALLSKY_SFC_SW_DWN,2018,2,5.7168
CTN_030,ALLSKY_SFC_SW_DWN,2018,3,6.8376
CTN_030,ALLSKY_SFC_SW_DWN,2018,4,6.7886
CTN_030,ALLSKY_SFC_SW_DWN,2018,5,6.5208
CTN_030,ALLSKY_SFC_SW_DWN,2018,6,5.4682
CTN_030,ALLSKY_SFC_SW_DWN,2018,7,6.8988
CTN_030,ALLSKY_SFC_SW_DWN,2018,8,5.8337
CTN_030,ALLSKY_SFC_SW_DWN,2018,9,5.8049
CTN_030,ALLSKY_SFC_SW_DWN,2018,10,4.9438
CTN_030,ALLSKY_SFC_SW_DWN,2018,11,4.6474
CTN_030,ALLSKY_SFC_SW_DWN,2018,12,4.9735
CTN_030,ALLSKY_SFC_SW_DWN,2019,1,5.2416
CTN_030,ALLSKY_SFC_SW_DWN,2019,2,6.223
CTN_030,ALLSKY_SFC_SW_DWN,2019,3,6.8825
CTN_030,ALLSKY_SFC_SW_DWN,2019,4,7.3212
CTN_030,ALLSKY_SFC_SW_DWN,2019,5,6.6302
CTN_030,ALLSKY_SFC_SW_DWN,2019,6,5.8466
CTN_030,ALLSKY_SFC_SW_DWN,2019,7,6.3396
CTN_030,ALLSKY_SFC_SW_DWN,2019,8,6.1735
CTN_030,ALLSKY_SFC_SW_DWN,2019,9,5.5022
CTN_030,ALLSKY_SFC_SW_DWN,2019,10,4.9346
CTN_030,ALLSKY_SFC_SW_DWN,2019,11,5.035
CTN_030,ALLSKY_SFC_SW_DWN,2019,12,4.9406
CTN_030,ALLSKY_SFC_SW_DWN,2020,1,5.3014
CTN_030,ALLSKY_SFC_SW_DWN,2020,2,5.9935
CTN_030,ALLSKY_SFC_SW_DWN,2020,3,6.8522
CTN_030,ALLSKY_SFC_SW_DWN,2020,4,7.3094
CTN_030,ALLSKY_SFC_SW_DWN,2020,5,7.1126
CTN_030,ALLSKY_SFC_SW_DWN,2020,6,5.9875
CTN_030,ALLSKY_SFC_SW_DWN,2020,7,6.0348
CTN_030,ALLSKY_SFC_SW_DWN,2020,8,5.5555
CTN_030,ALLSKY_SFC_SW_DWN,2020,9,5.2063
CTN_030,ALLSKY_SFC_SW_DWN,2020,10,5.7372
CTN_030,ALLSKY_SFC_SW_DWN,2020,11,5.4557
CTN_030,ALLSKY_SFC_SW_DWN,2020,12,4.8254
CTN_030,ALLSKY_SFC_SW_DWN,2021,1,4.8883
CTN_030,ALLSKY_SFC_SW_DWN,2021,2,6.3473
CTN_030,ALLSKY_SFC_SW_DWN,2021,3,6.919
CTN_030,ALLSKY_SFC_SW_DWN,2021,4,7.3584
CTN_030,ALLSKY_SFC_SW_DWN,2021,5,6.642
CTN_030,ALLSKY_SFC_SW_DWN,2021,6,4.9135
CTN_030,ALLSKY_SFC_SW_DWN,2021,7,6.2009
CTN_030,ALLSKY_SFC_SW_DWN,2021,8,5.4379
CTN_030,ALLSKY_SFC_SW_DWN,2021,9,5.5039
CTN_030,ALLSKY_SFC_SW_DWN,2021,10,5.1636
CTN_030,ALLSKY_SFC_SW_DWN,2021,11,5.5058
CTN_030,ALLSKY_SFC_SW_DWN,2021,12,5.1216
CTN_030,ALLSKY_SFC_SW_DWN,2022,1,5.2169
CTN_030,ALLSKY_SFC_SW_DWN,2022,2,5.8219
CTN_030,ALLSKY_SFC_SW_DWN,2022,3,7.1266
CTN_030,ALLSKY_SFC_SW_DWN,2022,4,7.1834
CTN_030,ALLSKY_SFC_SW_DWN,2022,5,6.9103
CTN_030,ALLSKY_SFC_SW_DWN,2022,6,5.7257
CTN_030,ALLSKY_SFC_SW_DWN,2022,7,6.0175
CTN_030,ALLSKY_SFC_SW_DWN,2022,8,5.7478
CTN_030,ALLSKY_SFC_SW_DWN,2022,9,5.0993
CTN_030,ALLSKY_SFC_SW_DWN,2022,10,4.9054
CTN_030,ALLSKY_SFC_SW_DWN,2022,11,5.0659
CTN_030,ALLSKY_SFC_SW_DWN,2022,12,4.9238
CTN_030,ALLSKY_SFC_SW_DWN,2023,1,5.3666
CTN_030,ALLSKY_SFC_SW_DWN,2023,2,6.0384
CTN_030,ALLSKY_SFC_SW_DWN,2023,3,6.8532
CTN_030,ALLSKY_SFC_SW_DWN,2023,4,7.1774
CTN_030,ALLSKY_SFC_SW_DWN,2023,5,6.3259
CTN_030,ALLSKY_SFC_SW_DWN,2023,6,6.707
CTN_030,ALLSKY_SFC_SW_DWN,2023,7,5.9026
CTN_030,ALLSKY_SFC_SW_DWN,2023,8,5.7641
CTN_030,ALLSKY_SFC_SW_DWN,2023,9,6.0046
CTN_030,ALLSKY_SFC_SW_DWN,2023,10,4.8019
CTN_030,ALLSKY_SFC_SW_DWN,2023,11,5.0902
CTN_030,ALLSKY_SFC_SW_DWN,2023,12,4.6488
CTN_030,ALLSKY_SFC_SW_DWN,2024,1,5.0803
CTN_030,ALLSKY_SFC_SW_DWN,2024,2,5.9758
CTN_030,ALLSKY_SFC_SW_DWN,2024,3,7.1664
CTN_030,ALLSKY_SFC_SW_DWN,2024,4,7.3092
CTN_030,ALLSKY_SFC_SW_DWN,2024,5,6.9641
CTN_030,ALLSKY_SFC_SW_DWN,2024,6,5.947
CTN_030,ALLSKY_SFC_SW_DWN,2024,7,5.6215
CTN_030,ALLSKY_SFC_SW_DWN,2024,8,5.9333
CTN_030,ALLSKY_SFC_SW_DWN,2024,9,4.6392
CTN_030,ALLSKY_SFC_SW_DWN,2024,10,5.2361
CTN_030,ALLSKY_SFC_SW_DWN,2024,11,5.2152
CTN_030,ALLSKY_SFC_SW_DWN,2024,12,4.8943
CTN_030,PRECTOTCORR,2015,1,0.01
CTN_030,PRECTOTCORR,2015,2,0.13
CTN_030,PRECTOTCORR,2015,3,0.57
CTN_030,PRECTOTCORR,2015,4,0.07
CTN_030,PRECTOTCORR,2015,5,3.08
CTN_030,PRECTOTCORR,2015,6,3.69
CTN_030,PRECTOTCORR,2015,7,4.25
CTN_030,PRECTOTCORR,2015,8,4.27
CTN_030,PRECTOTCORR,2015,9,7.85
CTN_030,PRECTOTCORR,2015,10,2.96
CTN_030,PRECTOTCORR,2015,11,1.31
CTN_030,PRECTOTCORR,2015,12,0.05
CTN_030,PRECTOTCORR,2016,1,0.08
CTN_030,PRECTOTCORR,2016,2,0.03
CTN_030,PRECTOTCORR,2016,3,1.67
CTN_030,PRECTOTCORR,2016,4,0.42
CTN_030,PRECTOTCORR,2016,5,1.65
CTN_030,PRECTOTCORR,2016,6,5.55
CTN_030,PRECTOTCORR,2016,7,5.58
CTN_030,PRECTOTCORR,2016,8,5.31
CTN_030,PRECTOTCORR,2016,9,7.95
CTN_030,PRECTOTCORR,2016,10,1.31
CTN_030,PRECTOTCORR,2016,11,0.96
CTN_030,PRECTOTCORR,2016,12,0.01
CTN_030,PRECTOTCORR,2017,1,0.0
CTN_030,PRECTOTCORR,2017,2,0.0
CTN_030,PRECTOTCORR,2017,3,0.08
CTN_030,PRECTOTCORR,2017,4,0.15
CTN_030,PRECTOTCORR,2017,5,3.01
CTN_030,PRECTOTCORR,2017,6,6.86
CTN_030,PRECTOTCORR,2017,7,5.81
CTN_030,PRECTOTCORR,2017,8,7.33
CTN_030,PRECTOTCORR,2017,9,11.22
CTN_030,PRECTOTCORR,2017,10,1.95
CTN_030,PRECTOTCORR,2017,11,0.13
CTN_030,PRECTOTCORR,2017,12,0.01
CTN_030,PRECTOTCORR,2018,1,0.09
CTN_030,PRECTOTCORR,2018,2,0.08
CTN_030,PRECTOTCORR,2018,3,0.05
CTN_030,PRECTOTCORR,2018,4,0.7
CTN_030,PRECTOTCORR,2018,5,1.74
CTN_030,PRECTOTCORR,2018,6,7.52
CTN_030,PRECTOTCORR,2018,7,2.86
CTN_030,PRECTOTCORR,2018,8,9.16
CTN_030,PRECTOTCORR,2018,9,7.19
CTN_030,PRECTOTCORR,2018,10,5.07
CTN_030,PRECTOTCORR,2018,11,1.47
CTN_030,PRECTOTCORR,2018,12,0.17
CTN_030,PRECTOTCORR,2019,1,0.04
CTN_030,PRECTOTCORR,2019,2,0.0
CTN_030,PRECTOTCORR,2019,3,0.0
CTN_030,PRECTOTCORR,2019,4,0.01
CTN_030,PRECTOTCORR,2019,5,1.25
CTN_030,PRECTOTCORR,2019,6,5.52
CTN_030,PRECTOTCORR,2019,7,5.51
CTN_030,PRECTOTCORR,2019,8,5.76
CTN_030,PRECTOTCORR,2019,9,8.85
CTN_030,PRECTOTCORR,2019,10,5.38
CTN_030,PRECTOTCORR,2019,11,1.43
CTN_030,PRECTOTCORR,2019,12,0.01
CTN_030,PRECTOTCORR,2020,1,0.16
CTN_030,PRECTOTCORR,2020,2,0.04
CTN_030,PRECTOTCORR,2020,3,0.02
CTN_030,PRECTOTCORR,2020,4,0.29
CTN_030,PRECTOTCORR,2020,5,0.54
CTN_030,PRECTOTCORR,2020,6,5.18
CTN_030,PRECTOTCORR,2020,7,4.63
CTN_030,PRECTOTCORR,2020,8,8.22
CTN_030,PRECTOTCORR,2020,9,7.21
CTN_030,PRECTOTCORR,2020,10,2.14
CTN_030,PRECTOTCORR,2020,11,0.14
CTN_030,PRECTOTCORR,2020,12,0.12
CTN_030,PRECTOTCORR,2021,1,0.08
CTN_030,PRECTOTCORR,2021,2,0.27
CTN_030,PRECTOTCORR,2021,3,0.46
CTN_030,PRECTOTCORR,2021,4,0.03
CTN_030,PRECTOTCORR,2021,5,2.26
CTN_030,PRECTOTCORR,2021,6,8.4
CTN_030,PRECTOTCORR,2021,7,4.91
CTN_030,PRECTOTCORR,2021,8,8.73
CTN_030,PRECTOTCORR,2021,9,7.0
CTN_030,PRECTOTCORR,2021,10,3.87
CTN_030,PRECTOTCORR,2021,11,0.04
CTN_030,PRECTOTCORR,2021,12,0.01
CTN_030,PRECTOTCORR,2022,1,0.19
CTN_030,PRECTOTCORR,2022,2,0.03
CTN_030,PRECTOTCORR,2022,3,0.02
CTN_030,PRECTOTCORR,2022,4,0.52
CTN_030,PRECTOTCORR,2022,5,2.16
CTN_030,PRECTOTCORR,2022,6,8.0
CTN_030,PRECTOTCORR,2022,7,6.54
CTN_030,PRECTOTCORR,2022,8,6.27
CTN_030,PRECTOTCORR,2022,9,11.75
CTN_030,PRECTOTCORR,2022,10,2.77
CTN_030,PRECTOTCORR,2022,11,0.34
CTN_030,PRECTOTCORR,2022,12,0.09
CTN_030,PRECTOTCORR,2023,1,0.0
CTN_030,PRECTOTCORR,2023,2,0.0
CTN_030,PRECTOTCORR,2023,3,0.04
CTN_030,PRECTOTCORR,2023,4,0.91
CTN_030,PRECTOTCORR,2023,5,1.29
CTN_030,PRECTOTCORR,2023,6,0.49
CTN_030,PRECTOTCORR,2023,7,5.28
CTN_030,PRECTOTCORR,2023,8,7.32
CTN_030,PRECTOTCORR,2023,9,4.48
CTN_030,PRECTOTCORR,2023,10,7.43
CTN_030,PRECTOTCORR,2023,11,1.72
CTN_030,PRECTOTCORR,2023,12,0.13
CTN_030,PRECTOTCORR,2024,1,0.01
CTN_030,PRECTOTCORR,2024,2,0.29
CTN_030,PRECTOTCORR,2024,3,0.0
CTN_030,PRECTOTCORR,2024,4,0.01
CTN_030,PRECTOTCORR,2024,5,0.39
CTN_030,PRECTOTCORR,2024,6,3.22
CTN_030,PRECTOTCORR,2024,7,7.3
CTN_030,PRECTOTCORR,2024,8,6.33
CTN_030,PRECTOTCORR,2024,9,15.13
CTN_030,PRECTOTCORR,2024,10,3.0
CTN_030,PRECTOTCORR,2024,11,0.35
CTN_030,PRECTOTCORR,2024,12,0.04
CTN_030,T2M,2015,1,19.7
CTN_030,T2M,2015,2,20.67
CTN_030,T2M,2015,3,22.18
CTN_030,T2M,2015,4,24.67
CTN_030,T2M,2015,5,24.13
CTN_030,T2M,2015,6,23.0
CTN_030,T2M,2015,7,22.6
CTN_030,T2M,2015,8,22.77
CTN_030,T2M,2015,9,21.46
CTN_030,T2M,2015,10,21.78
CTN_030,T2M,2015,11,21.57
CTN_030,T2M,2015,12,20.93
CTN_030,T2M,2016,1,20.14
CTN_030,T2M,2016,2,20.8
CTN_030,T2M,2016,3,21.29
CTN_030,T2M,2016,4,24.52
CTN_030,T2M,2016,5,25.39
CTN_030,T2M,2016,6,22.6
CTN_030,T2M,2016,7,22.32
CTN_030,T2M,2016,8,22.17
CTN_030,T2M,2016,9,21.45
CTN_030,T2M,2016,10,21.52
CTN_030,T2M,2016,11,20.41
CTN_030,T2M,2016,12,21.11
CTN_030,T2M,2017,1,20.09
CTN_030,T2M,2017,2,21.1
CTN_030,T2M,2017,3,23.19
CTN_030,T2M,2017,4,23.93
CTN_030,T2M,2017,5,24.46
CTN_030,T2M,2017,6,22.44
CTN_030,T2M,2017,7,22.16
CTN_030,T2M,2017,8,21.79
CTN_030,T2M,2017,9,21.25
CTN_030,T2M,2017,10,21.15
CTN_030,T2M,2017,11,19.75
CTN_030,T2M,2017,12,19.12
CTN_030,T2M,2018,1,19.18
CTN_030,T2M,2018,2,21.7
CTN_030,T2M,2018,3,23.45
CTN_030,T2M,2018,4,24.27
CTN_030,T2M,2018,5,24.62
CTN_030,T2M,2018,6,22.0
CTN_030,T2M,2018,7,22.86
CTN_030,T2M,2018,8,21.58
CTN_030,T2M,2018,9,21.51
CTN_030,T2M,2018,10,21.17
CTN_030,T2M,2018,11,20.04
CTN_030,T2M,2018,12,19.1
CTN_030,T2M,2019,1,19.52
CTN_030,T2M,2019,2,21.56
CTN_030,T2M,2019,3,23.06
CTN_030,T2M,2019,4,23.88
CTN_030,T2M,2019,5,24.48
CTN_030,T2M,2019,6,23.33
CTN_030,T2M,2019,7,22.55
CTN_030,T2M,2019,8,22.45
CTN_030,T2M,2019,9,21.79
CTN_030,T2M,2019,10,21.15
CTN_030,T2M,2019,11,20.9
CTN_030,T2M,2019,12,19.76
CTN_030,T2M,2020,1,20.09
CTN_030,T2M,2020,2,21.7
CTN_030,T2M,2020,3,23.53
CTN_030,T2M,2020,4,25.36
CTN_030,T2M,2020,5,25.27
CTN_030,T2M,2020,6,23.87
CTN_030,T2M,2020,7,22.61
CTN_030,T2M,2020,8,21.96
CTN_030,T2M,2020,9,21.47
CTN_030,T2M,2020,10,20.87
CTN_030,T2M,2020,11,20.31
CTN_030,T2M,2020,12,20.28
CTN_030,T2M,2021,1,21.01
CTN_030,T2M,2021,2,20.91
CTN_030,T2M,2021,3,22.93
CTN_030,T2M,2021,4,24.21
CTN_030,T2M,2021,5,24.2
CTN_030,T2M,2021,6,21.69
CTN_030,T2M,2021,7,22.14
CTN_030,T2M,2021,8,21.4
CTN_030,T2M,2021,9,21.51
CTN_030,T2M,2021,10,21.8
CTN_030,T2M,2021,11,19.52
CTN_030,T2M,2021,12,20.41
CTN_030,T2M,2022,1,20.29
CTN_030,T2M,2022,2,21.59
CTN_030,T2M,2022,3,22.83
CTN_030,T2M,2022,4,24.61
CTN_030,T2M,2022,5,24.76
CTN_030,T2M,2022,6,22.2
CTN_030,T2M,2022,7,22.38
CTN_030,T2M,2022,8,21.8
CTN_030,T2M,2022,9,21.51
CTN_030,T2M,2022,10,21.27
CTN_030,T2M,2022,11,20.95
CTN_030,T2M,2022,12,19.3
CTN_030,T2M,2023,1,20.17
CTN_030,T2M,2023,2,21.53
CTN_030,T2M,2023,3,23.13
CTN_030,T2M,2023,4,24.38
CTN_030,T2M,2023,5,25.29
CTN_030,T2M,2023,6,26.11
CTN_030,T2M,2023,7,23.76
CTN_030,T2M,2023,8,22.91
CTN_030,T2M,2023,9,22.98
CTN_030,T2M,2023,10,21.82
CTN_030,T2M,2023,11,21.2
CTN_030,T2M,2023,12,19.71
CTN_030,T2M,2024,1,20.9
CTN_030,T2M,2024,2,22.14
CTN_030,T2M,2024,3,23.68
CTN_030,T2M,2024,4,25.43
CTN_030,T2M,2024,5,26.78
CTN_030,T2M,2024,6,24.57
CTN_030,T2M,2024,7,23.19
CTN_030,T2M,2024,8,22.71
CTN_030,T2M,2024,9,22.2
CTN_030,T2M,2024,10,21.31
CTN_030,T2M,2024,11,21.08
CTN_030,T2M,2024,12,19.58
CTN_030,T2M_MAX,2015,1,30.5
CTN_030,T2M_MAX,2015,2,33.6
CTN_030,T2M_MAX,2015,3,34.83
CTN_030,T2M_MAX,2015,4,36.34
CTN_030,T2M_MAX,2015,5,35.64
CTN_030,T2M_MAX,2015,6,32.46
CTN_030,T2M_MAX,2015,7,31.6
CTN_030,T2M_MAX,2015,8,31.89
CTN_030,T2M_MAX,2015,9,28.92
CTN_030,T2M_MAX,2015,10,29.97
CTN_030,T2M_MAX,2015,11,29.22
CTN_030,T2M_MAX,2015,12,31.23
CTN_030,T2M_MAX,2016,1,31.14
CTN_030,T2M_MAX,2016,2,33.47
CTN_030,T2M_MAX,2016,3,35.11
CTN_030,T2M_MAX,2016,4,36.92
CTN_030,T2M_MAX,2016,5,37.72
CTN_030,T2M_MAX,2016,6,32.72
CTN_030,T2M_MAX,2016,7,30.08
CTN_030,T2M_MAX,2016,8,30.2
CTN_030,T2M_MAX,2016,9,28.46
CTN_030,T2M_MAX,2016,10,28.97
CTN_030,T2M_MAX,2016,11,30.1
CTN_030,T2M_MAX,2016,12,31.16
CTN_030,T2M_MAX,2017,1,31.65
CTN_030,T2M_MAX,2017,2,33.39
CTN_030,T2M_MAX,2017,3,34.6
CTN_030,T2M_MAX,2017,4,36.8
CTN_030,T2M_MAX,2017,5,36.08
CTN_030,T2M_MAX,2017,6,31.07
CTN_030,T2M_MAX,2017,7,29.43
CTN_030,T2M_MAX,2017,8,29.68
CTN_030,T2M_MAX,2017,9,27.91
CTN_030,T2M_MAX,2017,10,28.78
CTN_030,T2M_MAX,2017,11,29.32
CTN_030,T2M_MAX,2017,12,29.86
CTN_030,T2M_MAX,2018,1,31.57
CTN_030,T2M_MAX,2018,2,32.57
CTN_030,T2M_MAX,2018,3,35.81
CTN_030,T2M_MAX,2018,4,35.33
CTN_030,T2M_MAX,2018,5,36.5
CTN_030,T2M_MAX,2018,6,34.76
CTN_030,T2M_MAX,2018,7,30.96
CTN_030,T2M_MAX,2018,8,29.36
CTN_030,T2M_MAX,2018,9,28.3
CTN_030,T2M_MAX,2018,10,27.33
CTN_030,T2M_MAX,2018,11,28.34
CTN_030,T2M_MAX,2018,12,28.11
CTN_030,T2M_MAX,2019,1,30.28
CTN_030,T2M_MAX,2019,2,34.06
CTN_030,T2M_MAX,2019,3,35.31
CTN_030,T2M_MAX,2019,4,36.09
CTN_030,T2M_MAX,2019,5,36.46
CTN_030,T2M_MAX,2019,6,33.45
CTN_030,T2M_MAX,2019,7,31.84
CTN_030,T2M_MAX,2019,8,29.56
CTN_030,T2M_MAX,2019,9,29.69
CTN_030,T2M_MAX,2019,10,28.18
CTN_030,T2M_MAX,2019,11,29.04
CTN_030,T2M_MAX,2019,12,28.13
CTN_030,T2M_MAX,2020,1,30.55
CTN_030,T2M_MAX,2020,2,33.85
CTN_030,T2M_MAX,2020,3,35.76
CTN_030,T2M_MAX,2020,4,36.94
CTN_030,T2M_MAX,2020,5,36.45
CTN_030,T2M_MAX,2020,6,35.27
CTN_030,T2M_MAX,2020,7,31.05
CTN_030,T2M_MAX,2020,8,30.5
CTN_030,T2M_MAX,2020,9,28.97
CTN_030,T2M_MAX,2020,10,28.54
CTN_030,T2M_MAX,2020,11,29.92
CTN_030,T2M_MAX,2020,12,30.75
CTN_030,T2M_MAX,2021,1,32.58
CTN_030,T2M_MAX,2021,2,33.89
CTN_030,T2M_MAX,2021,3,35.65
CTN_030,T2M_MAX,2021,4,36.66
CTN_030,T2M_MAX,2021,5,34.04
CTN_030,T2M_MAX,2021,6,30.49
CTN_030,T2M_MAX,2021,7,29.21
CTN_030,T2M_MAX,2021,8,29.94
CTN_030,T2M_MAX,2021,9,28.46
CTN_030,T2M_MAX,2021,10,28.61
CTN_030,T2M_MAX,2021,11,27.76
CTN_030,T2M_MAX,2021,12,29.36
CTN_030,T2M_MAX,2022,1,30.52
CTN_030,T2M_MAX,2022,2,33.5
CTN_030,T2M_MAX,2022,3,35.22
CTN_030,T2M_MAX,2022,4,37.18
CTN_030,T2M_MAX,2022,5,37.31
CTN_030,T2M_MAX,2022,6,31.3
CTN_030,T2M_MAX,2022,7,30.76
CTN_030,T2M_MAX,2022,8,29.47
CTN_030,T2M_MAX,2022,9,28.35
CTN_030,T2M_MAX,2022,10,28.37
CTN_030,T2M_MAX,2022,11,28.99
CTN_030,T2M_MAX,2022,12,28.57
CTN_030,T2M_MAX,2023,1,30.98
CTN_030,T2M_MAX,2023,2,33.63
CTN_030,T2M_MAX,2023,3,35.17
CTN_030,T2M_MAX,2023,4,36.33
CTN_030,T2M_MAX,2023,5,37.85
CTN_030,T2M_MAX,2023,6,38.3
CTN_030,T2M_MAX,2023,7,34.01
CTN_030,T2M_MAX,2023,8,30.71
CTN_030,T2M_MAX,2023,9,30.37
CTN_030,T2M_MAX,2023,10,28.72
CTN_030,T2M_MAX,2023,11,29.32
CTN_030,T2M_MAX,2023,12,28.0
CTN_030,T2M_MAX,2024,1,32.45
CTN_030,T2M_MAX,2024,2,34.62
CTN_030,T2M_MAX,2024,3,37.3
CTN_030,T2M_MAX,2024,4,37.76
CTN_030,T2M_MAX,2024,5,39.27
CTN_030,T2M_MAX,2024,6,37.77
CTN_030,T2M_MAX,2024,7,32.27
CTN_030,T2M_MAX,2024,8,29.68
CTN_030,T2M_MAX,2024,9,29.03
CTN_030,T2M_MAX,2024,10,28.09
CTN_030,T2M_MAX,2024,11,28.75
CTN_030,T2M_MAX,2024,12,29.31
CTN_030,WS10M,2015,1,2.52
CTN_030,WS10M,2015,2,2.18
CTN_030,WS10M,2015,3,2.4
CTN_030,WS10M,2015,4,2.72
CTN_030,WS10M,2015,5,2.15
CTN_030,WS10M,2015,6,2.04
CTN_030,WS10M,2015,7,1.82
CTN_030,WS10M,2015,8,1.58
CTN_030,WS10M,2015,9,1.65
CTN_030,WS10M,2015,10,1.99
CTN_030,WS10M,2015,11,1.89
CTN_030,WS10M,2015,12,2.14
CTN_030,WS10M,2016,1,1.96
CTN_030,WS10M,2016,2,2.58
CTN_030,WS10M,2016,3,2.55
CTN_030,WS10M,2016,4,2.51
CTN_030,WS10M,2016,5,2.55
CTN_030,WS10M,2016,6,2.1
CTN_030,WS10M,2016,7,1.61
CTN_030,WS10M,2016,8,1.85
CTN_030,WS10M,2016,9,1.58
CTN_030,WS10M,2016,10,1.87
CTN_030,WS10M,2016,11,1.99
CTN_030,WS10M,2016,12,2.16
CTN_030,WS10M,2017,1,2.27
CTN_030,WS10M,2017,2,2.35
CTN_030,WS10M,2017,3,2.61
CTN_030,WS10M,2017,4,2.78
CTN_030,WS10M,2017,5,2.57
CTN_030,WS10M,2017,6,2.01
CTN_030,WS10M,2017,7,1.57
CTN_030,WS10M,2017,8,1.82
CTN_030,WS10M,2017,9,1.72
CTN_030,WS10M,2017,10,2.02
CTN_030,WS10M,2017,11,1.94
CTN_030,WS10M,2017,12,2.05
CTN_030,WS10M,2018,1,2.61
CTN_030,WS10M,2018,2,2.17
CTN_030,WS10M,2018,3,2.51
CTN_030,WS10M,2018,4,2.66
CTN_030,WS10M,2018,5,2.39
CTN_030,WS10M,2018,6,2.26
CTN_030,WS10M,2018,7,1.7
CTN_030,WS10M,2018,8,1.56
CTN_030,WS10M,2018,9,1.61
CTN_030,WS10M,2018,10,1.72
CTN_030,WS10M,2018,11,1.77
CTN_030,WS10M,2018,12,1.95
CTN_030,WS10M,2019,1,2.04
CTN_030,WS10M,2019,2,2.18
CTN_030,WS10M,2019,3,2.62
CTN_030,WS10M,2019,4,2.86
CTN_030,WS10M,2019,5,2.75
CTN_030,WS10M,2019,6,2.1
CTN_030,WS10M,2019,7,1.56
CTN_030,WS10M,2019,8,1.62
CTN_030,WS10M,2019,9,1.75
CTN_030,WS10M,2019,10,1.71
CTN_030,WS10M,2019,11,1.93
CTN_030,WS10M,2019,12,1.87
CTN_030,WS10M,2020,1,2.3
CTN_030,WS10M,2020,2,2.39
CTN_030,WS10M,2020,3,2.6
CTN_030,WS10M,2020,4,2.91
CTN_030,WS10M,2020,5,2.64
CTN_030,WS10M,2020,6,2.31
CTN_030,WS10M,2020,7,1.83
CTN_030,WS10M,2020,8,1.87
CTN_030,WS10M,2020,9,1.71
CTN_030,WS10M,2020,10,1.91
CTN_030,WS10M,2020,11,2.75
CTN_030,WS10M,2020,12,1.94
CTN_030,WS10M,2021,1,2.0
CTN_030,WS10M,2021,2,2.48
CTN_030,WS10M,2021,3,2.46
CTN_030,WS10M,2021,4,3.08
CTN_030,WS10M,2021,5,2.46
CTN_030,WS10M,2021,6,1.98
CTN_030,WS10M,2021,7,1.69
CTN_030,WS10M,2021,8,1.92
CTN_030,WS10M,2021,9,1.69
CTN_030,WS10M,2021,10,1.73
CTN_030,WS10M,2021,11,2.05
CTN_030,WS10M,2021,12,1.72
CTN_030,WS10M,2022,1,2.08
CTN_030,WS10M,2022,2,2.33
CTN_030,WS10M,2022,3,2.67
CTN_030,WS10M,2022,4,2.68
CTN_030,WS10M,2022,5,2.61
CTN_030,WS10M,2022,6,2.08
CTN_030,WS10M,2022,7,1.61
CTN_030,WS10M,2022,8,1.64
CTN_030,WS10M,2022,9,1.83
CTN_030,WS10M,2022,10,1.79
CTN_030,WS10M,2022,11,1.64
CTN_030,WS10M,2022,12,1.99
CTN_030,WS10M,2023,1,2.02
CTN_030,WS10M,2023,2,2.39
CTN_030,WS10M,2023,3,2.65
CTN_030,WS10M,2023,4,2.89
CTN_030,WS10M,2023,5,2.43
CTN_030,WS10M,2023,6,2.92
CTN_030,WS10M,2023,7,1.98
CTN_030,WS10M,2023,8,1.66
CTN_030,WS10M,2023,9,1.5
CTN_030,WS10M,2023,10,1.91
CTN_030,WS10M,2023,11,2.04
CTN_030,WS10M,2023,12,2.11
CTN_030,WS10M,2024,1,2.04
CTN_030,WS10M,2024,2,2.26
CTN_030,WS10M,2024,3,2.62
CTN_030,WS10M,2024,4,2.87
CTN_030,WS10M,2024,5,2.77
CTN_030,WS10M,2024,6,2.76
CTN_030,WS10M,2024,7,1.71
CTN_030,WS10M,2024,8,1.54
CTN_030,WS10M,2024,9,1.9
CTN_030,WS10M,2024,10,2.04
CTN_030,WS10M,2024,11,1.84
CTN_030,WS10M,2024,12,2.05
CTN_031,ALLSKY_SFC_SW_DWN,2015,1,5.1029
CTN_031,ALLSKY_SFC_SW_DWN,2015,2,5.6297
CTN_031,ALLSKY_SFC_SW_DWN,2015,3,5.9503
CTN_031,ALLSKY_SFC_SW_DWN,2015,4,6.8688
CTN_031,ALLSKY_SFC_SW_DWN,2015,5,5.8577
CTN_031,ALLSKY_SFC_SW_DWN,2015,6,5.7233
CTN_031,ALLSKY_SFC_SW_DWN,2015,7,6.055
CTN_031,ALLSKY_SFC_SW_DWN,2015,8,6.1942
CTN_031,ALLSKY_SFC_SW_DWN,2015,9,5.2015
CTN_031,ALLSKY_SFC_SW_DWN,2015,10,5.1828
CTN_031,ALLSKY_SFC_SW_DWN,2015,11,5.0066
CTN_031,ALLSKY_SFC_SW_DWN,2015,12,4.6522
CTN_031,ALLSKY_SFC_SW_DWN,2016,1,4.2511
CTN_031,ALLSKY_SFC_SW_DWN,2016,2,5.9885
CTN_031,ALLSKY_SFC_SW_DWN,2016,3,6.1937
CTN_031,ALLSKY_SFC_SW_DWN,2016,4,6.8832
CTN_031,ALLSKY_SFC_SW_DWN,2016,5,6.5422
CTN_031,ALLSKY_SFC_SW_DWN,2016,6,5.7854
CTN_031,ALLSKY_SFC_SW_DWN,2016,7,6.1217
CTN_031,ALLSKY_SFC_SW_DWN,2016,8,5.8781
CTN_031,ALLSKY_SFC_SW_DWN,2016,9,5.4631
CTN_031,ALLSKY_SFC_SW_DWN,2016,10,5.7979
CTN_031,ALLSKY_SFC_SW_DWN,2016,11,5.0378
CTN_031,ALLSKY_SFC_SW_DWN,2016,12,5.0592
CTN_031,ALLSKY_SFC_SW_DWN,2017,1,5.4516
CTN_031,ALLSKY_SFC_SW_DWN,2017,2,6.253
CTN_031,ALLSKY_SFC_SW_DWN,2017,3,6.6667
CTN_031,ALLSKY_SFC_SW_DWN,2017,4,7.1045
CTN_031,ALLSKY_SFC_SW_DWN,2017,5,6.0158
CTN_031,ALLSKY_SFC_SW_DWN,2017,6,5.5135
CTN_031,ALLSKY_SFC_SW_DWN,2017,7,5.9371
CTN_031,ALLSKY_SFC_SW_DWN,2017,8,5.7149
CTN_031,ALLSKY_SFC_SW_DWN,2017,9,4.7688
CTN_031,ALLSKY_SFC_SW_DWN,2017,10,5.4187
CTN_031,ALLSKY_SFC_SW_DWN,2017,11,5.4818
CTN_031,ALLSKY_SFC_SW_DWN,2017,12,5.2145
CTN_031,ALLSKY_SFC_SW_DWN,2018,1,4.9625
CTN_031,ALLSKY_SFC_SW_DWN,2018,2,5.7168
CTN_031,ALLSKY_SFC_SW_DWN,2018,3,6.8376
CTN_031,ALLSKY_SFC_SW_DWN,2018,4,6.7886
CTN_031,ALLSKY_SFC_SW_DWN,2018,5,6.5208
CTN_031,ALLSKY_SFC_SW_DWN,2018,6,5.4682
CTN_031,ALLSKY_SFC_SW_DWN,2018,7,6.8988
CTN_031,ALLSKY_SFC_SW_DWN,2018,8,5.8337
CTN_031,ALLSKY_SFC_SW_DWN,2018,9,5.8049
CTN_031,ALLSKY_SFC_SW_DWN,2018,10,4.9438
CTN_031,ALLSKY_SFC_SW_DWN,2018,11,4.6474
CTN_031,ALLSKY_SFC_SW_DWN,2018,12,4.9735
CTN_031,ALLSKY_SFC_SW_DWN,2019,1,5.2416
CTN_031,ALLSKY_SFC_SW_DWN,2019,2,6.223
CTN_031,ALLSKY_SFC_SW_DWN,2019,3,6.8825
CTN_031,ALLSKY_SFC_SW_DWN,2019,4,7.3212
CTN_031,ALLSKY_SFC_SW_DWN,2019,5,6.6302
CTN_031,ALLSKY_SFC_SW_DWN,2019,6,5.8466
CTN_031,ALLSKY_SFC_SW_DWN,2019,7,6.3396
CTN_031,ALLSKY_SFC_SW_DWN,2019,8,6.1735
CTN_031,ALLSKY_SFC_SW_DWN,2019,9,5.5022
CTN_031,ALLSKY_SFC_SW_DWN,2019,10,4.9346
CTN_031,ALLSKY_SFC_SW_DWN,2019,11,5.035
CTN_031,ALLSKY_SFC_SW_DWN,2019,12,4.9406
CTN_031,ALLSKY_SFC_SW_DWN,2020,1,5.3014
CTN_031,ALLSKY_SFC_SW_DWN,2020,2,5.9935
CTN_031,ALLSKY_SFC_SW_DWN,2020,3,6.8522
CTN_031,ALLSKY_SFC_SW_DWN,2020,4,7.3094
CTN_031,ALLSKY_SFC_SW_DWN,2020,5,7.1126
CTN_031,ALLSKY_SFC_SW_DWN,2020,6,5.9875
CTN_031,ALLSKY_SFC_SW_DWN,2020,7,6.0348
CTN_031,ALLSKY_SFC_SW_DWN,2020,8,5.5555
CTN_031,ALLSKY_SFC_SW_DWN,2020,9,5.2063
CTN_031,ALLSKY_SFC_SW_DWN,2020,10,5.7372
CTN_031,ALLSKY_SFC_SW_DWN,2020,11,5.4557
CTN_031,ALLSKY_SFC_SW_DWN,2020,12,4.8254
CTN_031,ALLSKY_SFC_SW_DWN,2021,1,4.8883
CTN_031,ALLSKY_SFC_SW_DWN,2021,2,6.3473
CTN_031,ALLSKY_SFC_SW_DWN,2021,3,6.919
CTN_031,ALLSKY_SFC_SW_DWN,2021,4,7.3584
CTN_031,ALLSKY_SFC_SW_DWN,2021,5,6.642
CTN_031,ALLSKY_SFC_SW_DWN,2021,6,4.9135
CTN_031,ALLSKY_SFC_SW_DWN,2021,7,6.2009
CTN_031,ALLSKY_SFC_SW_DWN,2021,8,5.4379
CTN_031,ALLSKY_SFC_SW_DWN,2021,9,5.5039
CTN_031,ALLSKY_SFC_SW_DWN,2021,10,5.1636
CTN_031,ALLSKY_SFC_SW_DWN,2021,11,5.5058
CTN_031,ALLSKY_SFC_SW_DWN,2021,12,5.1216
CTN_031,ALLSKY_SFC_SW_DWN,2022,1,5.2169
CTN_031,ALLSKY_SFC_SW_DWN,2022,2,5.8219
CTN_031,ALLSKY_SFC_SW_DWN,2022,3,7.1266
CTN_031,ALLSKY_SFC_SW_DWN,2022,4,7.1834
CTN_031,ALLSKY_SFC_SW_DWN,2022,5,6.9103
CTN_031,ALLSKY_SFC_SW_DWN,2022,6,5.7257
CTN_031,ALLSKY_SFC_SW_DWN,2022,7,6.0175
CTN_031,ALLSKY_SFC_SW_DWN,2022,8,5.7478
CTN_031,ALLSKY_SFC_SW_DWN,2022,9,5.0993
CTN_031,ALLSKY_SFC_SW_DWN,2022,10,4.9054
CTN_031,ALLSKY_SFC_SW_DWN,2022,11,5.0659
CTN_031,ALLSKY_SFC_SW_DWN,2022,12,4.9238
CTN_031,ALLSKY_SFC_SW_DWN,2023,1,5.3666
CTN_031,ALLSKY_SFC_SW_DWN,2023,2,6.0384
CTN_031,ALLSKY_SFC_SW_DWN,2023,3,6.8532
CTN_031,ALLSKY_SFC_SW_DWN,2023,4,7.1774
CTN_031,ALLSKY_SFC_SW_DWN,2023,5,6.3259
CTN_031,ALLSKY_SFC_SW_DWN,2023,6,6.707
CTN_031,ALLSKY_SFC_SW_DWN,2023,7,5.9026
CTN_031,ALLSKY_SFC_SW_DWN,2023,8,5.7641
CTN_031,ALLSKY_SFC_SW_DWN,2023,9,6.0046
CTN_031,ALLSKY_SFC_SW_DWN,2023,10,4.8019
CTN_031,ALLSKY_SFC_SW_DWN,2023,11,5.0902
CTN_031,ALLSKY_SFC_SW_DWN,2023,12,4.6488
CTN_031,ALLSKY_SFC_SW_DWN,2024,1,5.0803
CTN_031,ALLSKY_SFC_SW_DWN,2024,2,5.9758
CTN_031,ALLSKY_SFC_SW_DWN,2024,3,7.1664
CTN_031,ALLSKY_SFC_SW_DWN,2024,4,7.3092
CTN_031,ALLSKY_SFC_SW_DWN,2024,5,6.9641
CTN_031,ALLSKY_SFC_SW_DWN,2024,6,5.947
CTN_031,ALLSKY_SFC_SW_DWN,2024,7,5.6215
CTN_031,ALLSKY_SFC_SW_DWN,2024,8,5.9333
CTN_031,ALLSKY_SFC_SW_DWN,2024,9,4.6392
CTN_031,ALLSKY_SFC_SW_DWN,2024,10,5.2361
CTN_031,ALLSKY_SFC_SW_DWN,2024,11,5.2152
CTN_031,ALLSKY_SFC_SW_DWN,2024,12,4.8943
CTN_031,PRECTOTCORR,2015,1,0.01
CTN_031,PRECTOTCORR,2015,2,0.13
CTN_031,PRECTOTCORR,2015,3,0.57
CTN_031,PRECTOTCORR,2015,4,0.07
CTN_031,PRECTOTCORR,2015,5,3.08
CTN_031,PRECTOTCORR,2015,6,3.69
CTN_031,PRECTOTCORR,2015,7,4.25
CTN_031,PRECTOTCORR,2015,8,4.27
CTN_031,PRECTOTCORR,2015,9,7.85
CTN_031,PRECTOTCORR,2015,10,2.96
CTN_031,PRECTOTCORR,2015,11,1.31
CTN_031,PRECTOTCORR,2015,12,0.05
CTN_031,PRECTOTCORR,2016,1,0.08
CTN_031,PRECTOTCORR,2016,2,0.03
CTN_031,PRECTOTCORR,2016,3,1.67
CTN_031,PRECTOTCORR,2016,4,0.42
CTN_031,PRECTOTCORR,2016,5,1.65
CTN_031,PRECTOTCORR,2016,6,5.55
CTN_031,PRECTOTCORR,2016,7,5.58
CTN_031,PRECTOTCORR,2016,8,5.31
CTN_031,PRECTOTCORR,2016,9,7.95
CTN_031,PRECTOTCORR,2016,10,1.31
CTN_031,PRECTOTCORR,2016,11,0.96
CTN_031,PRECTOTCORR,2016,12,0.01
CTN_031,PRECTOTCORR,2017,1,0.0
CTN_031,PRECTOTCORR,2017,2,0.0
CTN_031,PRECTOTCORR,2017,3,0.08
CTN_031,PRECTOTCORR,2017,4,0.15
CTN_031,PRECTOTCORR,2017,5,3.01
CTN_031,PRECTOTCORR,2017,6,6.86
CTN_031,PRECTOTCORR,2017,7,5.81
CTN_031,PRECTOTCORR,2017,8,7.33
CTN_031,PRECTOTCORR,2017,9,11.22
CTN_031,PRECTOTCORR,2017,10,1.95
CTN_031,PRECTOTCORR,2017,11,0.13
CTN_031,PRECTOTCORR,2017,12,0.01
CTN_031,PRECTOTCORR,2018,1,0.09
CTN_031,PRECTOTCORR,2018,2,0.08
CTN_031,PRECTOTCORR,2018,3,0.05
CTN_031,PRECTOTCORR,2018,4,0.7
CTN_031,PRECTOTCORR,2018,5,1.74
CTN_031,PRECTOTCORR,2018,6,7.52
CTN_031,PRECTOTCORR,2018,7,2.86
CTN_031,PRECTOTCORR,2018,8,9.16
CTN_031,PRECTOTCORR,2018,9,7.19
CTN_031,PRECTOTCORR,2018,10,5.07
CTN_031,PRECTOTCORR,2018,11,1.47
CTN_031,PRECTOTCORR,2018,12,0.17
CTN_031,PRECTOTCORR,2019,1,0.04
CTN_031,PRECTOTCORR,2019,2,0.0
CTN_031,PRECTOTCORR,2019,3,0.0
CTN_031,PRECTOTCORR,2019,4,0.01
CTN_031,PRECTOTCORR,2019,5,1.25
CTN_031,PRECTOTCORR,2019,6,5.52
CTN_031,PRECTOTCORR,2019,7,5.51
CTN_031,PRECTOTCORR,2019,8,5.76
CTN_031,PRECTOTCORR,2019,9,8.85
CTN_031,PRECTOTCORR,2019,10,5.38
CTN_031,PRECTOTCORR,2019,11,1.43
CTN_031,PRECTOTCORR,2019,12,0.01
CTN_031,PRECTOTCORR,2020,1,0.16
CTN_031,PRECTOTCORR,2020,2,0.04
CTN_031,PRECTOTCORR,2020,3,0.02
CTN_031,PRECTOTCORR,2020,4,0.29
CTN_031,PRECTOTCORR,2020,5,0.54
CTN_031,PRECTOTCORR,2020,6,5.18
CTN_031,PRECTOTCORR,2020,7,4.63
CTN_031,PRECTOTCORR,2020,8,8.22
CTN_031,PRECTOTCORR,2020,9,7.21
CTN_031,PRECTOTCORR,2020,10,2.14
CTN_031,PRECTOTCORR,2020,11,0.14
CTN_031,PRECTOTCORR,2020,12,0.12
CTN_031,PRECTOTCORR,2021,1,0.08
CTN_031,PRECTOTCORR,2021,2,0.27
CTN_031,PRECTOTCORR,2021,3,0.46
CTN_031,PRECTOTCORR,2021,4,0.03
CTN_031,PRECTOTCORR,2021,5,2.26
CTN_031,PRECTOTCORR,2021,6,8.4
CTN_031,PRECTOTCORR,2021,7,4.91
CTN_031,PRECTOTCORR,2021,8,8.73
CTN_031,PRECTOTCORR,2021,9,7.0
CTN_031,PRECTOTCORR,2021,10,3.87
CTN_031,PRECTOTCORR,2021,11,0.04
CTN_031,PRECTOTCORR,2021,12,0.01
CTN_031,PRECTOTCORR,2022,1,0.19
CTN_031,PRECTOTCORR,2022,2,0.03
CTN_031,PRECTOTCORR,2022,3,0.02
CTN_031,PRECTOTCORR,2022,4,0.52
CTN_031,PRECTOTCORR,2022,5,2.16
CTN_031,PRECTOTCORR,2022,6,8.0
CTN_031,PRECTOTCORR,2022,7,6.54
CTN_031,PRECTOTCORR,2022,8,6.27
CTN_031,PRECTOTCORR,2022,9,11.75
CTN_031,PRECTOTCORR,2022,10,2.77
CTN_031,PRECTOTCORR,2022,11,0.34
CTN_031,PRECTOTCORR,2022,12,0.09
CTN_031,PRECTOTCORR,2023,1,0.0
CTN_031,PRECTOTCORR,2023,2,0.0
CTN_031,PRECTOTCORR,2023,3,0.04
CTN_031,PRECTOTCORR,2023,4,0.91
CTN_031,PRECTOTCORR,2023,5,1.29
CTN_031,PRECTOTCORR,2023,6,0.49
CTN_031,PRECTOTCORR,2023,7,5.28
CTN_031,PRECTOTCORR,2023,8,7.32
CTN_031,PRECTOTCORR,2023,9,4.48
CTN_031,PRECTOTCORR,2023,10,7.43
CTN_031,PRECTOTCORR,2023,11,1.72
CTN_031,PRECTOTCORR,2023,12,0.13
CTN_031,PRECTOTCORR,2024,1,0.01
CTN_031,PRECTOTCORR,2024,2,0.29
CTN_031,PRECTOTCORR,2024,3,0.0
CTN_031,PRECTOTCORR,2024,4,0.01
CTN_031,PRECTOTCORR,2024,5,0.39
CTN_031,PRECTOTCORR,2024,6,3.22
CTN_031,PRECTOTCORR,2024,7,7.3
CTN_031,PRECTOTCORR,2024,8,6.33
CTN_031,PRECTOTCORR,2024,9,15.13
CTN_031,PRECTOTCORR,2024,10,3.0
CTN_031,PRECTOTCORR,2024,11,0.35
CTN_031,PRECTOTCORR,2024,12,0.04
CTN_031,T2M,2015,1,19.7
CTN_031,T2M,2015,2,20.67
CTN_031,T2M,2015,3,22.18
CTN_031,T2M,2015,4,24.67
CTN_031,T2M,2015,5,24.13
CTN_031,T2M,2015,6,23.0
CTN_031,T2M,2015,7,22.6
CTN_031,T2M,2015,8,22.77
CTN_031,T2M,2015,9,21.46
CTN_031,T2M,2015,10,21.78
CTN_031,T2M,2015,11,21.57
CTN_031,T2M,2015,12,20.93
CTN_031,T2M,2016,1,20.14
CTN_031,T2M,2016,2,20.8
CTN_031,T2M,2016,3,21.29
CTN_031,T2M,2016,4,24.52
CTN_031,T2M,2016,5,25.39
CTN_031,T2M,2016,6,22.6
CTN_031,T2M,2016,7,22.32
CTN_031,T2M,2016,8,22.17
CTN_031,T2M,2016,9,21.45
CTN_031,T2M,2016,10,21.52
CTN_031,T2M,2016,11,20.41
CTN_031,T2M,2016,12,21.11
CTN_031,T2M,2017,1,20.09
CTN_031,T2M,2017,2,21.1
CTN_031,T2M,2017,3,23.19
CTN_031,T2M,2017,4,23.93
CTN_031,T2M,2017,5,24.46
CTN_031,T2M,2017,6,22.44
CTN_031,T2M,2017,7,22.16
CTN_031,T2M,2017,8,21.79
CTN_031,T2M,2017,9,21.25
CTN_031,T2M,2017,10,21.15
CTN_031,T2M,2017,11,19.75
CTN_031,T2M,2017,12,19.12
CTN_031,T2M,2018,1,19.18
CTN_031,T2M,2018,2,21.7
CTN_031,T2M,2018,3,23.45
CTN_031,T2M,2018,4,24.27
CTN_031,T2M,2018,5,24.62
CTN_031,T2M,2018,6,22.0
CTN_031,T2M,2018,7,22.86
CTN_031,T2M,2018,8,21.58
CTN_031,T2M,2018,9,21.51
CTN_031,T2M,2018,10,21.17
CTN_031,T2M,2018,11,20.04
CTN_031,T2M,2018,12,19.1
CTN_031,T2M,2019,1,19.52
CTN_031,T2M,2019,2,21.56
CTN_031,T2M,2019,3,23.06
CTN_031,T2M,2019,4,23.88
CTN_031,T2M,2019,5,24.48
CTN_031,T2M,2019,6,23.33
CTN_031,T2M,2019,7,22.55
CTN_031,T2M,2019,8,22.45
CTN_031,T2M,2019,9,21.79
CTN_031,T2M,2019,10,21.15
CTN_031,T2M,2019,11,20.9
CTN_031,T2M,2019,12,19.76
CTN_031,T2M,2020,1,20.09
CTN_031,T2M,2020,2,21.7
CTN_031,T2M,2020,3,23.53
CTN_031,T2M,2020,4,25.36
CTN_031,T2M,2020,5,25.27
CTN_031,T2M,2020,6,23.87
CTN_031,T2M,2020,7,22.61
CTN_031,T2M,2020,8,21.96
CTN_031,T2M,2020,9,21.47
CTN_031,T2M,2020,10,20.87
CTN_031,T2M,2020,11,20.31
CTN_031,T2M,2020,12,20.28
CTN_031,T2M,2021,1,21.01
CTN_031,T2M,2021,2,20.91
CTN_031,T2M,2021,3,22.93
CTN_031,T2M,2021,4,24.21
CTN_031,T2M,2021,5,24.2
CTN_031,T2M,2021,6,21.69
CTN_031,T2M,2021,7,22.14
CTN_031,T2M,2021,8,21.4
CTN_031,T2M,2021,9,21.51
CTN_031,T2M,2021,10,21.8
CTN_031,T2M,2021,11,19.52
CTN_031,T2M,2021,12,20.41
CTN_031,T2M,2022,1,20.29
CTN_031,T2M,2022,2,21.59
CTN_031,T2M,2022,3,22.83
CTN_031,T2M,2022,4,24.61
CTN_031,T2M,2022,5,24.76
CTN_031,T2M,2022,6,22.2
CTN_031,T2M,2022,7,22.38
CTN_031,T2M,2022,8,21.8
CTN_031,T2M,2022,9,21.51
CTN_031,T2M,2022,10,21.27
CTN_031,T2M,2022,11,20.95
CTN_031,T2M,2022,12,19.3
CTN_031,T2M,2023,1,20.17
CTN_031,T2M,2023,2,21.53
CTN_031,T2M,2023,3,23.13
CTN_031,T2M,2023,4,24.38
CTN_031,T2M,2023,5,25.29
CTN_031,T2M,2023,6,26.11
CTN_031,T2M,2023,7,23.76
CTN_031,T2M,2023,8,22.91
CTN_031,T2M,2023,9,22.98
CTN_031,T2M,2023,10,21.82
CTN_031,T2M,2023,11,21.2
CTN_031,T2M,2023,12,19.71
CTN_031,T2M,2024,1,20.9
CTN_031,T2M,2024,2,22.14
CTN_031,T2M,2024,3,23.68
CTN_031,T2M,2024,4,25.43
CTN_031,T2M,2024,5,26.78
CTN_031,T2M,2024,6,24.57
CTN_031,T2M,2024,7,23.19
CTN_031,T2M,2024,8,22.71
CTN_031,T2M,2024,9,22.2
CTN_031,T2M,2024,10,21.31
CTN_031,T2M,2024,11,21.08
CTN_031,T2M,2024,12,19.58
CTN_031,T2M_MAX,2015,1,30.5
CTN_031,T2M_MAX,2015,2,33.6
CTN_031,T2M_MAX,2015,3,34.83
CTN_031,T2M_MAX,2015,4,36.34
CTN_031,T2M_MAX,2015,5,35.64
CTN_031,T2M_MAX,2015,6,32.46
CTN_031,T2M_MAX,2015,7,31.6
CTN_031,T2M_MAX,2015,8,31.89
CTN_031,T2M_MAX,2015,9,28.92
CTN_031,T2M_MAX,2015,10,29.97
CTN_031,T2M_MAX,2015,11,29.22
CTN_031,T2M_MAX,2015,12,31.23
CTN_031,T2M_MAX,2016,1,31.14
CTN_031,T2M_MAX,2016,2,33.47
CTN_031,T2M_MAX,2016,3,35.11
CTN_031,T2M_MAX,2016,4,36.92
CTN_031,T2M_MAX,2016,5,37.72
CTN_031,T2M_MAX,2016,6,32.72
CTN_031,T2M_MAX,2016,7,30.08
CTN_031,T2M_MAX,2016,8,30.2
CTN_031,T2M_MAX,2016,9,28.46
CTN_031,T2M_MAX,2016,10,28.97
CTN_031,T2M_MAX,2016,11,30.1
CTN_031,T2M_MAX,2016,12,31.16
CTN_031,T2M_MAX,2017,1,31.65
CTN_031,T2M_MAX,2017,2,33.39
CTN_031,T2M_MAX,2017,3,34.6
CTN_031,T2M_MAX,2017,4,36.8
CTN_031,T2M_MAX,2017,5,36.08
CTN_031,T2M_MAX,2017,6,31.07
CTN_031,T2M_MAX,2017,7,29.43
CTN_031,T2M_MAX,2017,8,29.68
CTN_031,T2M_MAX,2017,9,27.91
CTN_031,T2M_MAX,2017,10,28.78
CTN_031,T2M_MAX,2017,11,29.32
CTN_031,T2M_MAX,2017,12,29.86
CTN_031,T2M_MAX,2018,1,31.57
CTN_031,T2M_MAX,2018,2,32.57
CTN_031,T2M_MAX,2018,3,35.81
CTN_031,T2M_MAX,2018,4,35.33
CTN_031,T2M_MAX,2018,5,36.5
CTN_031,T2M_MAX,2018,6,34.76
CTN_031,T2M_MAX,2018,7,30.96
CTN_031,T2M_MAX,2018,8,29.36
CTN_031,T2M_MAX,2018,9,28.3
CTN_031,T2M_MAX,2018,10,27.33
CTN_031,T2M_MAX,2018,11,28.34
CTN_031,T2M_MAX,2018,12,28.11
CTN_031,T2M_MAX,2019,1,30.28
CTN_031,T2M_MAX,2019,2,34.06
CTN_031,T2M_MAX,2019,3,35.31
CTN_031,T2M_MAX,2019,4,36.09
CTN_031,T2M_MAX,2019,5,36.46
CTN_031,T2M_MAX,2019,6,33.45
CTN_031,T2M_MAX,2019,7,31.84
CTN_031,T2M_MAX,2019,8,29.56
CTN_031,T2M_MAX,2019,9,29.69
CTN_031,T2M_MAX,2019,10,28.18
CTN_031,T2M_MAX,2019,11,29.04
CTN_031,T2M_MAX,2019,12,28.13
CTN_031,T2M_MAX,2020,1,30.55
CTN_031,T2M_MAX,2020,2,33.85
CTN_031,T2M_MAX,2020,3,35.76
CTN_031,T2M_MAX,2020,4,36.94
CTN_031,T2M_MAX,2020,5,36.45
CTN_031,T2M_MAX,2020,6,35.27
CTN_031,T2M_MAX,2020,7,31.05
CTN_031,T2M_MAX,2020,8,30.5
CTN_031,T2M_MAX,2020,9,28.97
CTN_031,T2M_MAX,2020,10,28.54
CTN_031,T2M_MAX,2020,11,29.92
CTN_031,T2M_MAX,2020,12,30.75
CTN_031,T2M_MAX,2021,1,32.58
CTN_031,T2M_MAX,2021,2,33.89
CTN_031,T2M_MAX,2021,3,35.65
CTN_031,T2M_MAX,2021,4,36.66
CTN_031,T2M_MAX,2021,5,34.04
CTN_031,T2M_MAX,2021,6,30.49
CTN_031,T2M_MAX,2021,7,29.21
CTN_031,T2M_MAX,2021,8,29.94
CTN_031,T2M_MAX,2021,9,28.46
CTN_031,T2M_MAX,2021,10,28.61
CTN_031,T2M_MAX,2021,11,27.76
CTN_031,T2M_MAX,2021,12,29.36
CTN_031,T2M_MAX,2022,1,30.52
CTN_031,T2M_MAX,2022,2,33.5
CTN_031,T2M_MAX,2022,3,35.22
CTN_031,T2M_MAX,2022,4,37.18
CTN_031,T2M_MAX,2022,5,37.31
CTN_031,T2M_MAX,2022,6,31.3
CTN_031,T2M_MAX,2022,7,30.76
CTN_031,T2M_MAX,2022,8,29.47
CTN_031,T2M_MAX,2022,9,28.35
CTN_031,T2M_MAX,2022,10,28.37
CTN_031,T2M_MAX,2022,11,28.99
CTN_031,T2M_MAX,2022,12,28.57
CTN_031,T2M_MAX,2023,1,30.98
CTN_031,T2M_MAX,2023,2,33.63
CTN_031,T2M_MAX,2023,3,35.17
CTN_031,T2M_MAX,2023,4,36.33
CTN_031,T2M_MAX,2023,5,37.85
CTN_031,T2M_MAX,2023,6,38.3
CTN_031,T2M_MAX,2023,7,34.01
CTN_031,T2M_MAX,2023,8,30.71
CTN_031,T2M_MAX,2023,9,30.37
CTN_031,T2M_MAX,2023,10,28.72
CTN_031,T2M_MAX,2023,11,29.32
CTN_031,T2M_MAX,2023,12,28.0
CTN_031,T2M_MAX,2024,1,32.45
CTN_031,T2M_MAX,2024,2,34.62
CTN_031,T2M_MAX,2024,3,37.3
CTN_031,T2M_MAX,2024,4,37.76
CTN_031,T2M_MAX,2024,5,39.27
CTN_031,T2M_MAX,2024,6,37.77
CTN_031,T2M_MAX,2024,7,32.27
CTN_031,T2M_MAX,2024,8,29.68
CTN_031,T2M_MAX,2024,9,29.03
CTN_031,T2M_MAX,2024,10,28.09
CTN_031,T2M_MAX,2024,11,28.75
CTN_031,T2M_MAX,2024,12,29.31
CTN_031,WS10M,2015,1,2.52
CTN_031,WS10M,2015,2,2.18
CTN_031,WS10M,2015,3,2.4
CTN_031,WS10M,2015,4,2.72
CTN_031,WS10M,2015,5,2.15
CTN_031,WS10M,2015,6,2.04
CTN_031,WS10M,2015,7,1.82
CTN_031,WS10M,2015,8,1.58
CTN_031,WS10M,2015,9,1.65
CTN_031,WS10M,2015,10,1.99
CTN_031,WS10M,2015,11,1.89
CTN_031,WS10M,2015,12,2.14
CTN_031,WS10M,2016,1,1.96
CTN_031,WS10M,2016,2,2.58
CTN_031,WS10M,2016,3,2.55
CTN_031,WS10M,2016,4,2.51
CTN_031,WS10M,2016,5,2.55
CTN_031,WS10M,2016,6,2.1
CTN_031,WS10M,2016,7,1.61
CTN_031,WS10M,2016,8,1.85
CTN_031,WS10M,2016,9,1.58
CTN_031,WS10M,2016,10,1.87
CTN_031,WS10M,2016,11,1.99
CTN_031,WS10M,2016,12,2.16
CTN_031,WS10M,2017,1,2.27
CTN_031,WS10M,2017,2,2.35
CTN_031,WS10M,2017,3,2.61
CTN_031,WS10M,2017,4,2.78
CTN_031,WS10M,2017,5,2.57
CTN_031,WS10M,2017,6,2.01
CTN_031,WS10M,2017,7,1.57
CTN_031,WS10M,2017,8,1.82
CTN_031,WS10M,2017,9,1.72
CTN_031,WS10M,2017,10,2.02
CTN_031,WS10M,2017,11,1.94
CTN_031,WS10M,2017,12,2.05
CTN_031,WS10M,2018,1,2.61
CTN_031,WS10M,2018,2,2.17
CTN_031,WS10M,2018,3,2.51
CTN_031,WS10M,2018,4,2.66
CTN_031,WS10M,2018,5,2.39
CTN_031,WS10M,2018,6,2.26
CTN_031,WS10M,2018,7,1.7
CTN_031,WS10M,2018,8,1.56
CTN_031,WS10M,2018,9,1.61
CTN_031,WS10M,2018,10,1.72
CTN_031,WS10M,2018,11,1.77
CTN_031,WS10M,2018,12,1.95
CTN_031,WS10M,2019,1,2.04
CTN_031,WS10M,2019,2,2.18
CTN_031,WS10M,2019,3,2.62
CTN_031,WS10M,2019,4,2.86
CTN_031,WS10M,2019,5,2.75
CTN_031,WS10M,2019,6,2.1
CTN_031,WS10M,2019,7,1.56
CTN_031,WS10M,2019,8,1.62
CTN_031,WS10M,2019,9,1.75
CTN_031,WS10M,2019,10,1.71
CTN_031,WS10M,2019,11,1.93
CTN_031,WS10M,2019,12,1.87
CTN_031,WS10M,2020,1,2.3
CTN_031,WS10M,2020,2,2.39
CTN_031,WS10M,2020,3,2.6
CTN_031,WS10M,2020,4,2.91
CTN_031,WS10M,2020,5,2.64
CTN_031,WS10M,2020,6,2.31
CTN_031,WS10M,2020,7,1.83
CTN_031,WS10M,2020,8,1.87
CTN_031,WS10M,2020,9,1.71
CTN_031,WS10M,2020,10,1.91
CTN_031,WS10M,2020,11,2.75
CTN_031,WS10M,2020,12,1.94
CTN_031,WS10M,2021,1,2.0
CTN_031,WS10M,2021,2,2.48
CTN_031,WS10M,2021,3,2.46
CTN_031,WS10M,2021,4,3.08
CTN_031,WS10M,2021,5,2.46
CTN_031,WS10M,2021,6,1.98
CTN_031,WS10M,2021,7,1.69
CTN_031,WS10M,2021,8,1.92
CTN_031,WS10M,2021,9,1.69
CTN_031,WS10M,2021,10,1.73
CTN_031,WS10M,2021,11,2.05
CTN_031,WS10M,2021,12,1.72
CTN_031,WS10M,2022,1,2.08
CTN_031,WS10M,2022,2,2.33
CTN_031,WS10M,2022,3,2.67
CTN_031,WS10M,2022,4,2.68
CTN_031,WS10M,2022,5,2.61
CTN_031,WS10M,2022,6,2.08
CTN_031,WS10M,2022,7,1.61
CTN_031,WS10M,2022,8,1.64
CTN_031,WS10M,2022,9,1.83
CTN_031,WS10M,2022,10,1.79
CTN_031,WS10M,2022,11,1.64
CTN_031,WS10M,2022,12,1.99
CTN_031,WS10M,2023,1,2.02
CTN_031,WS10M,2023,2,2.39
CTN_031,WS10M,2023,3,2.65
CTN_031,WS10M,2023,4,2.89
CTN_031,WS10M,2023,5,2.43
CTN_031,WS10M,2023,6,2.92
CTN_031,WS10M,2023,7,1.98
CTN_031,WS10M,2023,8,1.66
CTN_031,WS10M,2023,9,1.5
CTN_031,WS10M,2023,10,1.91
CTN_031,WS10M,2023,11,2.04
CTN_031,WS10M,2023,12,2.11
CTN_031,WS10M,2024,1,2.04
CTN_031,WS10M,2024,2,2.26
CTN_031,WS10M,2024,3,2.62
CTN_031,WS10M,2024,4,2.87
CTN_031,WS10M,2024,5,2.77
CTN_031,WS10M,2024,6,2.76
CTN_031,WS10M,2024,7,1.71
CTN_031,WS10M,2024,8,1.54
CTN_031,WS10M,2024,9,1.9
CTN_031,WS10M,2024,10,2.04
CTN_031,WS10M,2024,11,1.84
CTN_031,WS10M,2024,12,2.05
CTN_032,ALLSKY_SFC_SW_DWN,2015,1,5.1029
CTN_032,ALLSKY_SFC_SW_DWN,2015,2,5.6297
CTN_032,ALLSKY_SFC_SW_DWN,2015,3,5.9503
CTN_032,ALLSKY_SFC_SW_DWN,2015,4,6.8688
CTN_032,ALLSKY_SFC_SW_DWN,2015,5,5.8577
CTN_032,ALLSKY_SFC_SW_DWN,2015,6,5.7233
CTN_032,ALLSKY_SFC_SW_DWN,2015,7,6.055
CTN_032,ALLSKY_SFC_SW_DWN,2015,8,6.1942
CTN_032,ALLSKY_SFC_SW_DWN,2015,9,5.2015
CTN_032,ALLSKY_SFC_SW_DWN,2015,10,5.1828
CTN_032,ALLSKY_SFC_SW_DWN,2015,11,5.0066
CTN_032,ALLSKY_SFC_SW_DWN,2015,12,4.6522
CTN_032,ALLSKY_SFC_SW_DWN,2016,1,4.2511
CTN_032,ALLSKY_SFC_SW_DWN,2016,2,5.9885
CTN_032,ALLSKY_SFC_SW_DWN,2016,3,6.1937
CTN_032,ALLSKY_SFC_SW_DWN,2016,4,6.8832
CTN_032,ALLSKY_SFC_SW_DWN,2016,5,6.5422
CTN_032,ALLSKY_SFC_SW_DWN,2016,6,5.7854
CTN_032,ALLSKY_SFC_SW_DWN,2016,7,6.1217
CTN_032,ALLSKY_SFC_SW_DWN,2016,8,5.8781
CTN_032,ALLSKY_SFC_SW_DWN,2016,9,5.4631
CTN_032,ALLSKY_SFC_SW_DWN,2016,10,5.7979
CTN_032,ALLSKY_SFC_SW_DWN,2016,11,5.0378
CTN_032,ALLSKY_SFC_SW_DWN,2016,12,5.0592
CTN_032,ALLSKY_SFC_SW_DWN,2017,1,5.4516
CTN_032,ALLSKY_SFC_SW_DWN,2017,2,6.253
CTN_032,ALLSKY_SFC_SW_DWN,2017,3,6.6667
CTN_032,ALLSKY_SFC_SW_DWN,2017,4,7.1045
CTN_032,ALLSKY_SFC_SW_DWN,2017,5,6.0158
CTN_032,ALLSKY_SFC_SW_DWN,2017,6,5.5135
CTN_032,ALLSKY_SFC_SW_DWN,2017,7,5.9371
CTN_032,ALLSKY_SFC_SW_DWN,2017,8,5.7149
CTN_032,ALLSKY_SFC_SW_DWN,2017,9,4.7688
CTN_032,ALLSKY_SFC_SW_DWN,2017,10,5.4187
CTN_032,ALLSKY_SFC_SW_DWN,2017,11,5.4818
CTN_032,ALLSKY_SFC_SW_DWN,2017,12,5.2145
CTN_032,ALLSKY_SFC_SW_DWN,2018,1,4.9625
CTN_032,ALLSKY_SFC_SW_DWN,2018,2,5.7168
CTN_032,ALLSKY_SFC_SW_DWN,2018,3,6.8376
CTN_032,ALLSKY_SFC_SW_DWN,2018,4,6.7886
CTN_032,ALLSKY_SFC_SW_DWN,2018,5,6.5208
CTN_032,ALLSKY_SFC_SW_DWN,2018,6,5.4682
CTN_032,ALLSKY_SFC_SW_DWN,2018,7,6.8988
CTN_032,ALLSKY_SFC_SW_DWN,2018,8,5.8337
CTN_032,ALLSKY_SFC_SW_DWN,2018,9,5.8049
CTN_032,ALLSKY_SFC_SW_DWN,2018,10,4.9438
CTN_032,ALLSKY_SFC_SW_DWN,2018,11,4.6474
CTN_032,ALLSKY_SFC_SW_DWN,2018,12,4.9735
CTN_032,ALLSKY_SFC_SW_DWN,2019,1,5.2416
CTN_032,ALLSKY_SFC_SW_DWN,2019,2,6.223
CTN_032,ALLSKY_SFC_SW_DWN,2019,3,6.8825
CTN_032,ALLSKY_SFC_SW_DWN,2019,4,7.3212
CTN_032,ALLSKY_SFC_SW_DWN,2019,5,6.6302
CTN_032,ALLSKY_SFC_SW_DWN,2019,6,5.8466
CTN_032,ALLSKY_SFC_SW_DWN,2019,7,6.3396
CTN_032,ALLSKY_SFC_SW_DWN,2019,8,6.1735
CTN_032,ALLSKY_SFC_SW_DWN,2019,9,5.5022
CTN_032,ALLSKY_SFC_SW_DWN,2019,10,4.9346
CTN_032,ALLSKY_SFC_SW_DWN,2019,11,5.035
CTN_032,ALLSKY_SFC_SW_DWN,2019,12,4.9406
CTN_032,ALLSKY_SFC_SW_DWN,2020,1,5.3014
CTN_032,ALLSKY_SFC_SW_DWN,2020,2,5.9935
CTN_032,ALLSKY_SFC_SW_DWN,2020,3,6.8522
CTN_032,ALLSKY_SFC_SW_DWN,2020,4,7.3094
CTN_032,ALLSKY_SFC_SW_DWN,2020,5,7.1126
CTN_032,ALLSKY_SFC_SW_DWN,2020,6,5.9875
CTN_032,ALLSKY_SFC_SW_DWN,2020,7,6.0348
CTN_032,ALLSKY_SFC_SW_DWN,2020,8,5.5555
CTN_032,ALLSKY_SFC_SW_DWN,2020,9,5.2063
CTN_032,ALLSKY_SFC_SW_DWN,2020,10,5.7372
CTN_032,ALLSKY_SFC_SW_DWN,2020,11,5.4557
CTN_032,ALLSKY_SFC_SW_DWN,2020,12,4.8254
CTN_032,ALLSKY_SFC_SW_DWN,2021,1,4.8883
CTN_032,ALLSKY_SFC_SW_DWN,2021,2,6.3473
CTN_032,ALLSKY_SFC_SW_DWN,2021,3,6.919
CTN_032,ALLSKY_SFC_SW_DWN,2021,4,7.3584
CTN_032,ALLSKY_SFC_SW_DWN,2021,5,6.642
CTN_032,ALLSKY_SFC_SW_DWN,2021,6,4.9135
CTN_032,ALLSKY_SFC_SW_DWN,2021,7,6.2009
CTN_032,ALLSKY_SFC_SW_DWN,2021,8,5.4379
CTN_032,ALLSKY_SFC_SW_DWN,2021,9,5.5039
CTN_032,ALLSKY_SFC_SW_DWN,2021,10,5.1636
CTN_032,ALLSKY_SFC_SW_DWN,2021,11,5.5058
CTN_032,ALLSKY_SFC_SW_DWN,2021,12,5.1216
CTN_032,ALLSKY_SFC_SW_DWN,2022,1,5.2169
CTN_032,ALLSKY_SFC_SW_DWN,2022,2,5.8219
CTN_032,ALLSKY_SFC_SW_DWN,2022,3,7.1266
CTN_032,ALLSKY_SFC_SW_DWN,2022,4,7.1834
CTN_032,ALLSKY_SFC_SW_DWN,2022,5,6.9103
CTN_032,ALLSKY_SFC_SW_DWN,2022,6,5.7257
CTN_032,ALLSKY_SFC_SW_DWN,2022,7,6.0175
CTN_032,ALLSKY_SFC_SW_DWN,2022,8,5.7478
CTN_032,ALLSKY_SFC_SW_DWN,2022,9,5.0993
CTN_032,ALLSKY_SFC_SW_DWN,2022,10,4.9054
CTN_032,ALLSKY_SFC_SW_DWN,2022,11,5.0659
CTN_032,ALLSKY_SFC_SW_DWN,2022,12,4.9238
CTN_032,ALLSKY_SFC_SW_DWN,2023,1,5.3666
CTN_032,ALLSKY_SFC_SW_DWN,2023,2,6.0384
CTN_032,ALLSKY_SFC_SW_DWN,2023,3,6.8532
CTN_032,ALLSKY_SFC_SW_DWN,2023,4,7.1774
CTN_032,ALLSKY_SFC_SW_DWN,2023,5,6.3259
CTN_032,ALLSKY_SFC_SW_DWN,2023,6,6.707
CTN_032,ALLSKY_SFC_SW_DWN,2023,7,5.9026
CTN_032,ALLSKY_SFC_SW_DWN,2023,8,5.7641
CTN_032,ALLSKY_SFC_SW_DWN,2023,9,6.0046
CTN_032,ALLSKY_SFC_SW_DWN,2023,10,4.8019
CTN_032,ALLSKY_SFC_SW_DWN,2023,11,5.0902
CTN_032,ALLSKY_SFC_SW_DWN,2023,12,4.6488
CTN_032,ALLSKY_SFC_SW_DWN,2024,1,5.0803
CTN_032,ALLSKY_SFC_SW_DWN,2024,2,5.9758
CTN_032,ALLSKY_SFC_SW_DWN,2024,3,7.1664
CTN_032,ALLSKY_SFC_SW_DWN,2024,4,7.3092
CTN_032,ALLSKY_SFC_SW_DWN,2024,5,6.9641
CTN_032,ALLSKY_SFC_SW_DWN,2024,6,5.947
CTN_032,ALLSKY_SFC_SW_DWN,2024,7,5.6215
CTN_032,ALLSKY_SFC_SW_DWN,2024,8,5.9333
CTN_032,ALLSKY_SFC_SW_DWN,2024,9,4.6392
CTN_032,ALLSKY_SFC_SW_DWN,2024,10,5.2361
CTN_032,ALLSKY_SFC_SW_DWN,2024,11,5.2152
CTN_032,ALLSKY_SFC_SW_DWN,2024,12,4.8943
CTN_032,PRECTOTCORR,2015,1,0.01
CTN_032,PRECTOTCORR,2015,2,0.13
CTN_032,PRECTOTCORR,2015,3,0.57
CTN_032,PRECTOTCORR,2015,4,0.07
CTN_032,PRECTOTCORR,2015,5,3.08
CTN_032,PRECTOTCORR,2015,6,3.69
CTN_032,PRECTOTCORR,2015,7,4.25
CTN_032,PRECTOTCORR,2015,8,4.27
CTN_032,PRECTOTCORR,2015,9,7.85
CTN_032,PRECTOTCORR,2015,10,2.96
CTN_032,PRECTOTCORR,2015,11,1.31
CTN_032,PRECTOTCORR,2015,12,0.05
CTN_032,PRECTOTCORR,2016,1,0.08
CTN_032,PRECTOTCORR,2016,2,0.03
CTN_032,PRECTOTCORR,2016,3,1.67
CTN_032,PRECTOTCORR,2016,4,0.42
CTN_032,PRECTOTCORR,2016,5,1.65
CTN_032,PRECTOTCORR,2016,6,5.55
CTN_032,PRECTOTCORR,2016,7,5.58
CTN_032,PRECTOTCORR,2016,8,5.31
CTN_032,PRECTOTCORR,2016,9,7.95
CTN_032,PRECTOTCORR,2016,10,1.31
CTN_032,PRECTOTCORR,2016,11,0.96
CTN_032,PRECTOTCORR,2016,12,0.01
CTN_032,PRECTOTCORR,2017,1,0.0
CTN_032,PRECTOTCORR,2017,2,0.0
CTN_032,PRECTOTCORR,2017,3,0.08
CTN_032,PRECTOTCORR,2017,4,0.15
CTN_032,PRECTOTCORR,2017,5,3.01
CTN_032,PRECTOTCORR,2017,6,6.86
CTN_032,PRECTOTCORR,2017,7,5.81
CTN_032,PRECTOTCORR,2017,8,7.33
CTN_032,PRECTOTCORR,2017,9,11.22
CTN_032,PRECTOTCORR,2017,10,1.95
CTN_032,PRECTOTCORR,2017,11,0.13
CTN_032,PRECTOTCORR,2017,12,0.01
CTN_032,PRECTOTCORR,2018,1,0.09
CTN_032,PRECTOTCORR,2018,2,0.08
CTN_032,PRECTOTCORR,2018,3,0.05
CTN_032,PRECTOTCORR,2018,4,0.7
CTN_032,PRECTOTCORR,2018,5,1.74
CTN_032,PRECTOTCORR,2018,6,7.52
CTN_032,PRECTOTCORR,2018,7,2.86
CTN_032,PRECTOTCORR,2018,8,9.16
CTN_032,PRECTOTCORR,2018,9,7.19
CTN_032,PRECTOTCORR,2018,10,5.07
CTN_032,PRECTOTCORR,2018,11,1.47
CTN_032,PRECTOTCORR,2018,12,0.17
CTN_032,PRECTOTCORR,2019,1,0.04
CTN_032,PRECTOTCORR,2019,2,0.0
CTN_032,PRECTOTCORR,2019,3,0.0
CTN_032,PRECTOTCORR,2019,4,0.01
CTN_032,PRECTOTCORR,2019,5,1.25
CTN_032,PRECTOTCORR,2019,6,5.52
CTN_032,PRECTOTCORR,2019,7,5.51
CTN_032,PRECTOTCORR,2019,8,5.76
CTN_032,PRECTOTCORR,2019,9,8.85
CTN_032,PRECTOTCORR,2019,10,5.38
CTN_032,PRECTOTCORR,2019,11,1.43
CTN_032,PRECTOTCORR,2019,12,0.01
CTN_032,PRECTOTCORR,2020,1,0.16
CTN_032,PRECTOTCORR,2020,2,0.04
CTN_032,PRECTOTCORR,2020,3,0.02
CTN_032,PRECTOTCORR,2020,4,0.29
CTN_032,PRECTOTCORR,2020,5,0.54
CTN_032,PRECTOTCORR,2020,6,5.18
CTN_032,PRECTOTCORR,2020,7,4.63
CTN_032,PRECTOTCORR,2020,8,8.22
CTN_032,PRECTOTCORR,2020,9,7.21
CTN_032,PRECTOTCORR,2020,10,2.14
CTN_032,PRECTOTCORR,2020,11,0.14
CTN_032,PRECTOTCORR,2020,12,0.12
CTN_032,PRECTOTCORR,2021,1,0.08
CTN_032,PRECTOTCORR,2021,2,0.27
CTN_032,PRECTOTCORR,2021,3,0.46
CTN_032,PRECTOTCORR,2021,4,0.03
CTN_032,PRECTOTCORR,2021,5,2.26
CTN_032,PRECTOTCORR,2021,6,8.4
CTN_032,PRECTOTCORR,2021,7,4.91
CTN_032,PRECTOTCORR,2021,8,8.73
CTN_032,PRECTOTCORR,2021,9,7.0
CTN_032,PRECTOTCORR,2021,10,3.87
CTN_032,PRECTOTCORR,2021,11,0.04
CTN_032,PRECTOTCORR,2021,12,0.01
CTN_032,PRECTOTCORR,2022,1,0.19
CTN_032,PRECTOTCORR,2022,2,0.03
CTN_032,PRECTOTCORR,2022,3,0.02
CTN_032,PRECTOTCORR,2022,4,0.52
CTN_032,PRECTOTCORR,2022,5,2.16
CTN_032,PRECTOTCORR,2022,6,8.0
CTN_032,PRECTOTCORR,2022,7,6.54
CTN_032,PRECTOTCORR,2022,8,6.27
CTN_032,PRECTOTCORR,2022,9,11.75
CTN_032,PRECTOTCORR,2022,10,2.77
CTN_032,PRECTOTCORR,2022,11,0.34
CTN_032,PRECTOTCORR,2022,12,0.09
CTN_032,PRECTOTCORR,2023,1,0.0
CTN_032,PRECTOTCORR,2023,2,0.0
CTN_032,PRECTOTCORR,2023,3,0.04
CTN_032,PRECTOTCORR,2023,4,0.91
CTN_032,PRECTOTCORR,2023,5,1.29
CTN_032,PRECTOTCORR,2023,6,0.49
CTN_032,PRECTOTCORR,2023,7,5.28
CTN_032,PRECTOTCORR,2023,8,7.32
CTN_032,PRECTOTCORR,2023,9,4.48
CTN_032,PRECTOTCORR,2023,10,7.43
CTN_032,PRECTOTCORR,2023,11,1.72
CTN_032,PRECTOTCORR,2023,12,0.13
CTN_032,PRECTOTCORR,2024,1,0.01
CTN_032,PRECTOTCORR,2024,2,0.29
CTN_032,PRECTOTCORR,2024,3,0.0
CTN_032,PRECTOTCORR,2024,4,0.01
CTN_032,PRECTOTCORR,2024,5,0.39
CTN_032,PRECTOTCORR,2024,6,3.22
CTN_032,PRECTOTCORR,2024,7,7.3
CTN_032,PRECTOTCORR,2024,8,6.33
CTN_032,PRECTOTCORR,2024,9,15.13
CTN_032,PRECTOTCORR,2024,10,3.0
CTN_032,PRECTOTCORR,2024,11,0.35
CTN_032,PRECTOTCORR,2024,12,0.04
CTN_032,T2M,2015,1,19.7
CTN_032,T2M,2015,2,20.67
CTN_032,T2M,2015,3,22.18
CTN_032,T2M,2015,4,24.67
CTN_032,T2M,2015,5,24.13
CTN_032,T2M,2015,6,23.0
CTN_032,T2M,2015,7,22.6
CTN_032,T2M,2015,8,22.77
CTN_032,T2M,2015,9,21.46
CTN_032,T2M,2015,10,21.78
CTN_032,T2M,2015,11,21.57
CTN_032,T2M,2015,12,20.93
CTN_032,T2M,2016,1,20.14
CTN_032,T2M,2016,2,20.8
CTN_032,T2M,2016,3,21.29
CTN_032,T2M,2016,4,24.52
CTN_032,T2M,2016,5,25.39
CTN_032,T2M,2016,6,22.6
CTN_032,T2M,2016,7,22.32
CTN_032,T2M,2016,8,22.17
CTN_032,T2M,2016,9,21.45
CTN_032,T2M,2016,10,21.52
CTN_032,T2M,2016,11,20.41
CTN_032,T2M,2016,12,21.11
CTN_032,T2M,2017,1,20.09
CTN_032,T2M,2017,2,21.1
CTN_032,T2M,2017,3,23.19
CTN_032,T2M,2017,4,23.93
CTN_032,T2M,2017,5,24.46
CTN_032,T2M,2017,6,22.44
CTN_032,T2M,2017,7,22.16
CTN_032,T2M,2017,8,21.79
CTN_032,T2M,2017,9,21.25
CTN_032,T2M,2017,10,21.15
CTN_032,T2M,2017,11,19.75
CTN_032,T2M,2017,12,19.12
CTN_032,T2M,2018,1,19.18
CTN_032,T2M,2018,2,21.7
CTN_032,T2M,2018,3,23.45
CTN_032,T2M,2018,4,24.27
CTN_032,T2M,2018,5,24.62
CTN_032,T2M,2018,6,22.0
CTN_032,T2M,2018,7,22.86
CTN_032,T2M,2018,8,21.58
CTN_032,T2M,2018,9,21.51
CTN_032,T2M,2018,10,21.17
CTN_032,T2M,2018,11,20.04
CTN_032,T2M,2018,12,19.1
CTN_032,T2M,2019,1,19.52
CTN_032,T2M,2019,2,21.56
CTN_032,T2M,2019,3,23.06
CTN_032,T2M,2019,4,23.88
CTN_032,T2M,2019,5,24.48
CTN_032,T2M,2019,6,23.33
CTN_032,T2M,2019,7,22.55
CTN_032,T2M,2019,8,22.45
CTN_032,T2M,2019,9,21.79
CTN_032,T2M,2019,10,21.15
CTN_032,T2M,2019,11,20.9
CTN_032,T2M,2019,12,19.76
CTN_032,T2M,2020,1,20.09
CTN_032,T2M,2020,2,21.7
CTN_032,T2M,2020,3,23.53
CTN_032,T2M,2020,4,25.36
CTN_032,T2M,2020,5,25.27
CTN_032,T2M,2020,6,23.87
CTN_032,T2M,2020,7,22.61
CTN_032,T2M,2020,8,21.96
CTN_032,T2M,2020,9,21.47
CTN_032,T2M,2020,10,20.87
CTN_032,T2M,2020,11,20.31
CTN_032,T2M,2020,12,20.28
CTN_032,T2M,2021,1,21.01
CTN_032,T2M,2021,2,20.91
CTN_032,T2M,2021,3,22.93
CTN_032,T2M,2021,4,24.21
CTN_032,T2M,2021,5,24.2
CTN_032,T2M,2021,6,21.69
CTN_032,T2M,2021,7,22.14
CTN_032,T2M,2021,8,21.4
CTN_032,T2M,2021,9,21.51
CTN_032,T2M,2021,10,21.8
CTN_032,T2M,2021,11,19.52
CTN_032,T2M,2021,12,20.41
CTN_032,T2M,2022,1,20.29
CTN_032,T2M,2022,2,21.59
CTN_032,T2M,2022,3,22.83
CTN_032,T2M,2022,4,24.61
CTN_032,T2M,2022,5,24.76
CTN_032,T2M,2022,6,22.2
CTN_032,T2M,2022,7,22.38
CTN_032,T2M,2022,8,21.8
CTN_032,T2M,2022,9,21.51
CTN_032,T2M,2022,10,21.27
CTN_032,T2M,2022,11,20.95
CTN_032,T2M,2022,12,19.3
CTN_032,T2M,2023,1,20.17
CTN_032,T2M,2023,2,21.53
CTN_032,T2M,2023,3,23.13
CTN_032,T2M,2023,4,24.38
CTN_032,T2M,2023,5,25.29
CTN_032,T2M,2023,6,26.11
CTN_032,T2M,2023,7,23.76
CTN_032,T2M,2023,8,22.91
CTN_032,T2M,2023,9,22.98
CTN_032,T2M,2023,10,21.82
CTN_032,T2M,2023,11,21.2
CTN_032,T2M,2023,12,19.71
CTN_032,T2M,2024,1,20.9
CTN_032,T2M,2024,2,22.14
CTN_032,T2M,2024,3,23.68
CTN_032,T2M,2024,4,25.43
CTN_032,T2M,2024,5,26.78
CTN_032,T2M,2024,6,24.57
CTN_032,T2M,2024,7,23.19
CTN_032,T2M,2024,8,22.71
CTN_032,T2M,2024,9,22.2
CTN_032,T2M,2024,10,21.31
CTN_032,T2M,2024,11,21.08
CTN_032,T2M,2024,12,19.58
CTN_032,T2M_MAX,2015,1,30.5
CTN_032,T2M_MAX,2015,2,33.6
CTN_032,T2M_MAX,2015,3,34.83
CTN_032,T2M_MAX,2015,4,36.34
CTN_032,T2M_MAX,2015,5,35.64
CTN_032,T2M_MAX,2015,6,32.46
CTN_032,T2M_MAX,2015,7,31.6
CTN_032,T2M_MAX,2015,8,31.89
CTN_032,T2M_MAX,2015,9,28.92
CTN_032,T2M_MAX,2015,10,29.97
CTN_032,T2M_MAX,2015,11,29.22
CTN_032,T2M_MAX,2015,12,31.23
CTN_032,T2M_MAX,2016,1,31.14
CTN_032,T2M_MAX,2016,2,33.47
CTN_032,T2M_MAX,2016,3,35.11
CTN_032,T2M_MAX,2016,4,36.92
CTN_032,T2M_MAX,2016,5,37.72
CTN_032,T2M_MAX,2016,6,32.72
CTN_032,T2M_MAX,2016,7,30.08
CTN_032,T2M_MAX,2016,8,30.2
CTN_032,T2M_MAX,2016,9,28.46
CTN_032,T2M_MAX,2016,10,28.97
CTN_032,T2M_MAX,2016,11,30.1
CTN_032,T2M_MAX,2016,12,31.16
CTN_032,T2M_MAX,2017,1,31.65
CTN_032,T2M_MAX,2017,2,33.39
CTN_032,T2M_MAX,2017,3,34.6
CTN_032,T2M_MAX,2017,4,36.8
CTN_032,T2M_MAX,2017,5,36.08
CTN_032,T2M_MAX,2017,6,31.07
CTN_032,T2M_MAX,2017,7,29.43
CTN_032,T2M_MAX,2017,8,29.68
CTN_032,T2M_MAX,2017,9,27.91
CTN_032,T2M_MAX,2017,10,28.78
CTN_032,T2M_MAX,2017,11,29.32
CTN_032,T2M_MAX,2017,12,29.86
CTN_032,T2M_MAX,2018,1,31.57
CTN_032,T2M_MAX,2018,2,32.57
CTN_032,T2M_MAX,2018,3,35.81
CTN_032,T2M_MAX,2018,4,35.33
CTN_032,T2M_MAX,2018,5,36.5
CTN_032,T2M_MAX,2018,6,34.76
CTN_032,T2M_MAX,2018,7,30.96
CTN_032,T2M_MAX,2018,8,29.36
CTN_032,T2M_MAX,2018,9,28.3
CTN_032,T2M_MAX,2018,10,27.33
CTN_032,T2M_MAX,2018,11,28.34
CTN_032,T2M_MAX,2018,12,28.11
CTN_032,T2M_MAX,2019,1,30.28
CTN_032,T2M_MAX,2019,2,34.06
CTN_032,T2M_MAX,2019,3,35.31
CTN_032,T2M_MAX,2019,4,36.09
CTN_032,T2M_MAX,2019,5,36.46
CTN_032,T2M_MAX,2019,6,33.45
CTN_032,T2M_MAX,2019,7,31.84
CTN_032,T2M_MAX,2019,8,29.56
CTN_032,T2M_MAX,2019,9,29.69
CTN_032,T2M_MAX,2019,10,28.18
CTN_032,T2M_MAX,2019,11,29.04
CTN_032,T2M_MAX,2019,12,28.13
CTN_032,T2M_MAX,2020,1,30.55
CTN_032,T2M_MAX,2020,2,33.85
CTN_032,T2M_MAX,2020,3,35.76
CTN_032,T2M_MAX,2020,4,36.94
CTN_032,T2M_MAX,2020,5,36.45
CTN_032,T2M_MAX,2020,6,35.27
CTN_032,T2M_MAX,2020,7,31.05
CTN_032,T2M_MAX,2020,8,30.5
CTN_032,T2M_MAX,2020,9,28.97
CTN_032,T2M_MAX,2020,10,28.54
CTN_032,T2M_MAX,2020,11,29.92
CTN_032,T2M_MAX,2020,12,30.75
CTN_032,T2M_MAX,2021,1,32.58
CTN_032,T2M_MAX,2021,2,33.89
CTN_032,T2M_MAX,2021,3,35.65
CTN_032,T2M_MAX,2021,4,36.66
CTN_032,T2M_MAX,2021,5,34.04
CTN_032,T2M_MAX,2021,6,30.49
CTN_032,T2M_MAX,2021,7,29.21
CTN_032,T2M_MAX,2021,8,29.94
CTN_032,T2M_MAX,2021,9,28.46
CTN_032,T2M_MAX,2021,10,28.61
CTN_032,T2M_MAX,2021,11,27.76
CTN_032,T2M_MAX,2021,12,29.36
CTN_032,T2M_MAX,2022,1,30.52
CTN_032,T2M_MAX,2022,2,33.5
CTN_032,T2M_MAX,2022,3,35.22
CTN_032,T2M_MAX,2022,4,37.18
CTN_032,T2M_MAX,2022,5,37.31
CTN_032,T2M_MAX,2022,6,31.3
CTN_032,T2M_MAX,2022,7,30.76
CTN_032,T2M_MAX,2022,8,29.47
CTN_032,T2M_MAX,2022,9,28.35
CTN_032,T2M_MAX,2022,10,28.37
CTN_032,T2M_MAX,2022,11,28.99
CTN_032,T2M_MAX,2022,12,28.57
CTN_032,T2M_MAX,2023,1,30.98
CTN_032,T2M_MAX,2023,2,33.63
CTN_032,T2M_MAX,2023,3,35.17
CTN_032,T2M_MAX,2023,4,36.33
CTN_032,T2M_MAX,2023,5,37.85
CTN_032,T2M_MAX,2023,6,38.3
CTN_032,T2M_MAX,2023,7,34.01
CTN_032,T2M_MAX,2023,8,30.71
CTN_032,T2M_MAX,2023,9,30.37
CTN_032,T2M_MAX,2023,10,28.72
CTN_032,T2M_MAX,2023,11,29.32
CTN_032,T2M_MAX,2023,12,28.0
CTN_032,T2M_MAX,2024,1,32.45
CTN_032,T2M_MAX,2024,2,34.62
CTN_032,T2M_MAX,2024,3,37.3
CTN_032,T2M_MAX,2024,4,37.76
CTN_032,T2M_MAX,2024,5,39.27
CTN_032,T2M_MAX,2024,6,37.77
CTN_032,T2M_MAX,2024,7,32.27
CTN_032,T2M_MAX,2024,8,29.68
CTN_032,T2M_MAX,2024,9,29.03
CTN_032,T2M_MAX,2024,10,28.09
CTN_032,T2M_MAX,2024,11,28.75
CTN_032,T2M_MAX,2024,12,29.31
CTN_032,WS10M,2015,1,2.52
CTN_032,WS10M,2015,2,2.18
CTN_032,WS10M,2015,3,2.4
CTN_032,WS10M,2015,4,2.72
CTN_032,WS10M,2015,5,2.15
CTN_032,WS10M,2015,6,2.04
CTN_032,WS10M,2015,7,1.82
CTN_032,WS10M,2015,8,1.58
CTN_032,WS10M,2015,9,1.65
CTN_032,WS10M,2015,10,1.99
CTN_032,WS10M,2015,11,1.89
CTN_032,WS10M,2015,12,2.14
CTN_032,WS10M,2016,1,1.96
CTN_032,WS10M,2016,2,2.58
CTN_032,WS10M,2016,3,2.55
CTN_032,WS10M,2016,4,2.51
CTN_032,WS10M,2016,5,2.55
CTN_032,WS10M,2016,6,2.1
CTN_032,WS10M,2016,7,1.61
CTN_032,WS10M,2016,8,1.85
CTN_032,WS10M,2016,9,1.58
CTN_032,WS10M,2016,10,1.87
CTN_032,WS10M,2016,11,1.99
CTN_032,WS10M,2016,12,2.16
CTN_032,WS10M,2017,1,2.27
CTN_032,WS10M,2017,2,2.35
CTN_032,WS10M,2017,3,2.61
CTN_032,WS10M,2017,4,2.78
CTN_032,WS10M,2017,5,2.57
CTN_032,WS10M,2017,6,2.01
CTN_032,WS10M,2017,7,1.57
CTN_032,WS10M,2017,8,1.82
CTN_032,WS10M,2017,9,1.72
CTN_032,WS10M,2017,10,2.02
CTN_032,WS10M,2017,11,1.94
CTN_032,WS10M,2017,12,2.05
CTN_032,WS10M,2018,1,2.61
CTN_032,WS10M,2018,2,2.17
CTN_032,WS10M,2018,3,2.51
CTN_032,WS10M,2018,4,2.66
CTN_032,WS10M,2018,5,2.39
CTN_032,WS10M,2018,6,2.26
CTN_032,WS10M,2018,7,1.7
CTN_032,WS10M,2018,8,1.56
CTN_032,WS10M,2018,9,1.61
CTN_032,WS10M,2018,10,1.72
CTN_032,WS10M,2018,11,1.77
CTN_032,WS10M,2018,12,1.95
CTN_032,WS10M,2019,1,2.04
CTN_032,WS10M,2019,2,2.18
CTN_032,WS10M,2019,3,2.62
CTN_032,WS10M,2019,4,2.86
CTN_032,WS10M,2019,5,2.75
CTN_032,WS10M,2019,6,2.1
CTN_032,WS10M,2019,7,1.56
CTN_032,WS10M,2019,8,1.62
CTN_032,WS10M,2019,9,1.75
CTN_032,WS10M,2019,10,1.71
CTN_032,WS10M,2019,11,1.93
CTN_032,WS10M,2019,12,1.87
CTN_032,WS10M,2020,1,2.3
CTN_032,WS10M,2020,2,2.39
CTN_032,WS10M,2020,3,2.6
CTN_032,WS10M,2020,4,2.91
CTN_032,WS10M,2020,5,2.64
CTN_032,WS10M,2020,6,2.31
CTN_032,WS10M,2020,7,1.83
CTN_032,WS10M,2020,8,1.87
CTN_032,WS10M,2020,9,1.71
CTN_032,WS10M,2020,10,1.91
CTN_032,WS10M,2020,11,2.75
CTN_032,WS10M,2020,12,1.94
CTN_032,WS10M,2021,1,2.0
CTN_032,WS10M,2021,2,2.48
CTN_032,WS10M,2021,3,2.46
CTN_032,WS10M,2021,4,3.08
CTN_032,WS10M,2021,5,2.46
CTN_032,WS10M,2021,6,1.98
CTN_032,WS10M,2021,7,1.69
CTN_032,WS10M,2021,8,1.92
CTN_032,WS10M,2021,9,1.69
CTN_032,WS10M,2021,10,1.73
CTN_032,WS10M,2021,11,2.05
CTN_032,WS10M,2021,12,1.72
CTN_032,WS10M,2022,1,2.08
CTN_032,WS10M,2022,2,2.33
CTN_032,WS10M,2022,3,2.67
CTN_032,WS10M,2022,4,2.68
CTN_032,WS10M,2022,5,2.61
CTN_032,WS10M,2022,6,2.08
CTN_032,WS10M,2022,7,1.61
CTN_032,WS10M,2022,8,1.64
CTN_032,WS10M,2022,9,1.83
CTN_032,WS10M,2022,10,1.79
CTN_032,WS10M,2022,11,1.64
CTN_032,WS10M,2022,12,1.99
CTN_032,WS10M,2023,1,2.02
CTN_032,WS10M,2023,2,2.39
CTN_032,WS10M,2023,3,2.65
CTN_032,WS10M,2023,4,2.89
CTN_032,WS10M,2023,5,2.43
CTN_032,WS10M,2023,6,2.92
CTN_032,WS10M,2023,7,1.98
CTN_032,WS10M,2023,8,1.66
CTN_032,WS10M,2023,9,1.5
CTN_032,WS10M,2023,10,1.91
CTN_032,WS10M,2023,11,2.04
CTN_032,WS10M,2023,12,2.11
CTN_032,WS10M,2024,1,2.04
CTN_032,WS10M,2024,2,2.26
CTN_032,WS10M,2024,3,2.62
CTN_032,WS10M,2024,4,2.87
CTN_032,WS10M,2024,5,2.77
CTN_032,WS10M,2024,6,2.76
CTN_032,WS10M,2024,7,1.71
CTN_032,WS10M,2024,8,1.54
CTN_032,WS10M,2024,9,1.9
CTN_032,WS10M,2024,10,2.04
CTN_032,WS10M,2024,11,1.84
CTN_032,WS10M,2024,12,2.05
CTN_033,ALLSKY_SFC_SW_DWN,2015,1,5.1029
CTN_033,ALLSKY_SFC_SW_DWN,2015,2,5.6297
CTN_033,ALLSKY_SFC_SW_DWN,2015,3,5.9503
CTN_033,ALLSKY_SFC_SW_DWN,2015,4,6.8688
CTN_033,ALLSKY_SFC_SW_DWN,2015,5,5.8577
CTN_033,ALLSKY_SFC_SW_DWN,2015,6,5.7233
CTN_033,ALLSKY_SFC_SW_DWN,2015,7,6.055
CTN_033,ALLSKY_SFC_SW_DWN,2015,8,6.1942
CTN_033,ALLSKY_SFC_SW_DWN,2015,9,5.2015
CTN_033,ALLSKY_SFC_SW_DWN,2015,10,5.1828
CTN_033,ALLSKY_SFC_SW_DWN,2015,11,5.0066
CTN_033,ALLSKY_SFC_SW_DWN,2015,12,4.6522
CTN_033,ALLSKY_SFC_SW_DWN,2016,1,4.2511
CTN_033,ALLSKY_SFC_SW_DWN,2016,2,5.9885
CTN_033,ALLSKY_SFC_SW_DWN,2016,3,6.1937
CTN_033,ALLSKY_SFC_SW_DWN,2016,4,6.8832
CTN_033,ALLSKY_SFC_SW_DWN,2016,5,6.5422
CTN_033,ALLSKY_SFC_SW_DWN,2016,6,5.7854
CTN_033,ALLSKY_SFC_SW_DWN,2016,7,6.1217
CTN_033,ALLSKY_SFC_SW_DWN,2016,8,5.8781
CTN_033,ALLSKY_SFC_SW_DWN,2016,9,5.4631
CTN_033,ALLSKY_SFC_SW_DWN,2016,10,5.7979
CTN_033,ALLSKY_SFC_SW_DWN,2016,11,5.0378
CTN_033,ALLSKY_SFC_SW_DWN,2016,12,5.0592
CTN_033,ALLSKY_SFC_SW_DWN,2017,1,5.4516
CTN_033,ALLSKY_SFC_SW_DWN,2017,2,6.253
CTN_033,ALLSKY_SFC_SW_DWN,2017,3,6.6667
CTN_033,ALLSKY_SFC_SW_DWN,2017,4,7.1045
CTN_033,ALLSKY_SFC_SW_DWN,2017,5,6.0158
CTN_033,ALLSKY_SFC_SW_DWN,2017,6,5.5135
CTN_033,ALLSKY_SFC_SW_DWN,2017,7,5.9371
CTN_033,ALLSKY_SFC_SW_DWN,2017,8,5.7149
CTN_033,ALLSKY_SFC_SW_DWN,2017,9,4.7688
CTN_033,ALLSKY_SFC_SW_DWN,2017,10,5.4187
CTN_033,ALLSKY_SFC_SW_DWN,2017,11,5.4818
CTN_033,ALLSKY_SFC_SW_DWN,2017,12,5.2145
CTN_033,ALLSKY_SFC_SW_DWN,2018,1,4.9625
CTN_033,ALLSKY_SFC_SW_DWN,2018,2,5.7168
CTN_033,ALLSKY_SFC_SW_DWN,2018,3,6.8376
CTN_033,ALLSKY_SFC_SW_DWN,2018,4,6.7886
CTN_033,ALLSKY_SFC_SW_DWN,2018,5,6.5208
CTN_033,ALLSKY_SFC_SW_DWN,2018,6,5.4682
CTN_033,ALLSKY_SFC_SW_DWN,2018,7,6.8988
CTN_033,ALLSKY_SFC_SW_DWN,2018,8,5.8337
CTN_033,ALLSKY_SFC_SW_DWN,2018,9,5.8049
CTN_033,ALLSKY_SFC_SW_DWN,2018,10,4.9438
CTN_033,ALLSKY_SFC_SW_DWN,2018,11,4.6474
CTN_033,ALLSKY_SFC_SW_DWN,2018,12,4.9735
CTN_033,ALLSKY_SFC_SW_DWN,2019,1,5.2416
CTN_033,ALLSKY_SFC_SW_DWN,2019,2,6.223
CTN_033,ALLSKY_SFC_SW_DWN,2019,3,6.8825
CTN_033,ALLSKY_SFC_SW_DWN,2019,4,7.3212
CTN_033,ALLSKY_SFC_SW_DWN,2019,5,6.6302
CTN_033,ALLSKY_SFC_SW_DWN,2019,6,5.8466
CTN_033,ALLSKY_SFC_SW_DWN,2019,7,6.3396
CTN_033,ALLSKY_SFC_SW_DWN,2019,8,6.1735
CTN_033,ALLSKY_SFC_SW_DWN,2019,9,5.5022
CTN_033,ALLSKY_SFC_SW_DWN,2019,10,4.9346
CTN_033,ALLSKY_SFC_SW_DWN,2019,11,5.035
CTN_033,ALLSKY_SFC_SW_DWN,2019,12,4.9406
CTN_033,ALLSKY_SFC_SW_DWN,2020,1,5.3014
CTN_033,ALLSKY_SFC_SW_DWN,2020,2,5.9935
CTN_033,ALLSKY_SFC_SW_DWN,2020,3,6.8522
CTN_033,ALLSKY_SFC_SW_DWN,2020,4,7.3094
CTN_033,ALLSKY_SFC_SW_DWN,2020,5,7.1126
CTN_033,ALLSKY_SFC_SW_DWN,2020,6,5.9875
CTN_033,ALLSKY_SFC_SW_DWN,2020,7,6.0348
CTN_033,ALLSKY_SFC_SW_DWN,2020,8,5.5555
CTN_033,ALLSKY_SFC_SW_DWN,2020,9,5.2063
CTN_033,ALLSKY_SFC_SW_DWN,2020,10,5.7372
CTN_033,ALLSKY_SFC_SW_DWN,2020,11,5.4557
CTN_033,ALLSKY_SFC_SW_DWN,2020,12,4.8254
CTN_033,ALLSKY_SFC_SW_DWN,2021,1,4.8883
CTN_033,ALLSKY_SFC_SW_DWN,2021,2,6.3473
CTN_033,ALLSKY_SFC_SW_DWN,2021,3,6.919
CTN_033,ALLSKY_SFC_SW_DWN,2021,4,7.3584
CTN_033,ALLSKY_SFC_SW_DWN,2021,5,6.642
CTN_033,ALLSKY_SFC_SW_DWN,2021,6,4.9135
CTN_033,ALLSKY_SFC_SW_DWN,2021,7,6.2009
CTN_033,ALLSKY_SFC_SW_DWN,2021,8,5.4379
CTN_033,ALLSKY_SFC_SW_DWN,2021,9,5.5039
CTN_033,ALLSKY_SFC_SW_DWN,2021,10,5.1636
CTN_033,ALLSKY_SFC_SW_DWN,2021,11,5.5058
CTN_033,ALLSKY_SFC_SW_DWN,2021,12,5.1216
CTN_033,ALLSKY_SFC_SW_DWN,2022,1,5.2169
CTN_033,ALLSKY_SFC_SW_DWN,2022,2,5.8219
CTN_033,ALLSKY_SFC_SW_DWN,2022,3,7.1266
CTN_033,ALLSKY_SFC_SW_DWN,2022,4,7.1834
CTN_033,ALLSKY_SFC_SW_DWN,2022,5,6.9103
CTN_033,ALLSKY_SFC_SW_DWN,2022,6,5.7257
CTN_033,ALLSKY_SFC_SW_DWN,2022,7,6.0175
CTN_033,ALLSKY_SFC_SW_DWN,2022,8,5.7478
CTN_033,ALLSKY_SFC_SW_DWN,2022,9,5.0993
CTN_033,ALLSKY_SFC_SW_DWN,2022,10,4.9054
CTN_033,ALLSKY_SFC_SW_DWN,2022,11,5.0659
CTN_033,ALLSKY_SFC_SW_DWN,2022,12,4.9238
CTN_033,ALLSKY_SFC_SW_DWN,2023,1,5.3666
CTN_033,ALLSKY_SFC_SW_DWN,2023,2,6.0384
CTN_033,ALLSKY_SFC_SW_DWN,2023,3,6.8532
CTN_033,ALLSKY_SFC_SW_DWN,2023,4,7.1774
CTN_033,ALLSKY_SFC_SW_DWN,2023,5,6.3259
CTN_033,ALLSKY_SFC_SW_DWN,2023,6,6.707
CTN_033,ALLSKY_SFC_SW_DWN,2023,7,5.9026
CTN_033,ALLSKY_SFC_SW_DWN,2023,8,5.7641
CTN_033,ALLSKY_SFC_SW_DWN,2023,9,6.0046
CTN_033,ALLSKY_SFC_SW_DWN,2023,10,4.8019
CTN_033,ALLSKY_SFC_SW_DWN,2023,11,5.0902
CTN_033,ALLSKY_SFC_SW_DWN,2023,12,4.6488
CTN_033,ALLSKY_SFC_SW_DWN,2024,1,5.0803
CTN_033,ALLSKY_SFC_SW_DWN,2024,2,5.9758
CTN_033,ALLSKY_SFC_SW_DWN,2024,3,7.1664
CTN_033,ALLSKY_SFC_SW_DWN,2024,4,7.3092
CTN_033,ALLSKY_SFC_SW_DWN,2024,5,6.9641
CTN_033,ALLSKY_SFC_SW_DWN,2024,6,5.947
CTN_033,ALLSKY_SFC_SW_DWN,2024,7,5.6215
CTN_033,ALLSKY_SFC_SW_DWN,2024,8,5.9333
CTN_033,ALLSKY_SFC_SW_DWN,2024,9,4.6392
CTN_033,ALLSKY_SFC_SW_DWN,2024,10,5.2361
CTN_033,ALLSKY_SFC_SW_DWN,2024,11,5.2152
CTN_033,ALLSKY_SFC_SW_DWN,2024,12,4.8943
CTN_033,PRECTOTCORR,2015,1,0.01
CTN_033,PRECTOTCORR,2015,2,0.13
CTN_033,PRECTOTCORR,2015,3,0.57
CTN_033,PRECTOTCORR,2015,4,0.07
CTN_033,PRECTOTCORR,2015,5,3.08
CTN_033,PRECTOTCORR,2015,6,3.69
CTN_033,PRECTOTCORR,2015,7,4.25
CTN_033,PRECTOTCORR,2015,8,4.27
CTN_033,PRECTOTCORR,2015,9,7.85
CTN_033,PRECTOTCORR,2015,10,2.96
CTN_033,PRECTOTCORR,2015,11,1.31
CTN_033,PRECTOTCORR,2015,12,0.05
CTN_033,PRECTOTCORR,2016,1,0.08
CTN_033,PRECTOTCORR,2016,2,0.03
CTN_033,PRECTOTCORR,2016,3,1.67
CTN_033,PRECTOTCORR,2016,4,0.42
CTN_033,PRECTOTCORR,2016,5,1.65
CTN_033,PRECTOTCORR,2016,6,5.55
CTN_033,PRECTOTCORR,2016,7,5.58
CTN_033,PRECTOTCORR,2016,8,5.31
CTN_033,PRECTOTCORR,2016,9,7.95
CTN_033,PRECTOTCORR,2016,10,1.31
CTN_033,PRECTOTCORR,2016,11,0.96
CTN_033,PRECTOTCORR,2016,12,0.01
CTN_033,PRECTOTCORR,2017,1,0.0
CTN_033,PRECTOTCORR,2017,2,0.0
CTN_033,PRECTOTCORR,2017,3,0.08
CTN_033,PRECTOTCORR,2017,4,0.15
CTN_033,PRECTOTCORR,2017,5,3.01
CTN_033,PRECTOTCORR,2017,6,6.86
CTN_033,PRECTOTCORR,2017,7,5.81
CTN_033,PRECTOTCORR,2017,8,7.33
CTN_033,PRECTOTCORR,2017,9,11.22
CTN_033,PRECTOTCORR,2017,10,1.95
CTN_033,PRECTOTCORR,2017,11,0.13
CTN_033,PRECTOTCORR,2017,12,0.01
CTN_033,PRECTOTCORR,2018,1,0.09
CTN_033,PRECTOTCORR,2018,2,0.08
CTN_033,PRECTOTCORR,2018,3,0.05
CTN_033,PRECTOTCORR,2018,4,0.7
CTN_033,PRECTOTCORR,2018,5,1.74
CTN_033,PRECTOTCORR,2018,6,7.52
CTN_033,PRECTOTCORR,2018,7,2.86
CTN_033,PRECTOTCORR,2018,8,9.16
CTN_033,PRECTOTCORR,2018,9,7.19
CTN_033,PRECTOTCORR,2018,10,5.07
CTN_033,PRECTOTCORR,2018,11,1.47
CTN_033,PRECTOTCORR,2018,12,0.17
CTN_033,PRECTOTCORR,2019,1,0.04
CTN_033,PRECTOTCORR,2019,2,0.0
CTN_033,PRECTOTCORR,2019,3,0.0
CTN_033,PRECTOTCORR,2019,4,0.01
CTN_033,PRECTOTCORR,2019,5,1.25
CTN_033,PRECTOTCORR,2019,6,5.52
CTN_033,PRECTOTCORR,2019,7,5.51
CTN_033,PRECTOTCORR,2019,8,5.76
CTN_033,PRECTOTCORR,2019,9,8.85
CTN_033,PRECTOTCORR,2019,10,5.38
CTN_033,PRECTOTCORR,2019,11,1.43
CTN_033,PRECTOTCORR,2019,12,0.01
CTN_033,PRECTOTCORR,2020,1,0.16
CTN_033,PRECTOTCORR,2020,2,0.04
CTN_033,PRECTOTCORR,2020,3,0.02
CTN_033,PRECTOTCORR,2020,4,0.29
CTN_033,PRECTOTCORR,2020,5,0.54
CTN_033,PRECTOTCORR,2020,6,5.18
CTN_033,PRECTOTCORR,2020,7,4.63
CTN_033,PRECTOTCORR,2020,8,8.22
CTN_033,PRECTOTCORR,2020,9,7.21
CTN_033,PRECTOTCORR,2020,10,2.14
CTN_033,PRECTOTCORR,2020,11,0.14
CTN_033,PRECTOTCORR,2020,12,0.12
CTN_033,PRECTOTCORR,2021,1,0.08
CTN_033,PRECTOTCORR,2021,2,0.27
CTN_033,PRECTOTCORR,2021,3,0.46
CTN_033,PRECTOTCORR,2021,4,0.03
CTN_033,PRECTOTCORR,2021,5,2.26
CTN_033,PRECTOTCORR,2021,6,8.4
CTN_033,PRECTOTCORR,2021,7,4.91
CTN_033,PRECTOTCORR,2021,8,8.73
CTN_033,PRECTOTCORR,2021,9,7.0
CTN_033,PRECTOTCORR,2021,10,3.87
CTN_033,PRECTOTCORR,2021,11,0.04
CTN_033,PRECTOTCORR,2021,12,0.01
CTN_033,PRECTOTCORR,2022,1,0.19
CTN_033,PRECTOTCORR,2022,2,0.03
CTN_033,PRECTOTCORR,2022,3,0.02
CTN_033,PRECTOTCORR,2022,4,0.52
CTN_033,PRECTOTCORR,2022,5,2.16
CTN_033,PRECTOTCORR,2022,6,8.0
CTN_033,PRECTOTCORR,2022,7,6.54
CTN_033,PRECTOTCORR,2022,8,6.27
CTN_033,PRECTOTCORR,2022,9,11.75
CTN_033,PRECTOTCORR,2022,10,2.77
CTN_033,PRECTOTCORR,2022,11,0.34
CTN_033,PRECTOTCORR,2022,12,0.09
CTN_033,PRECTOTCORR,2023,1,0.0
CTN_033,PRECTOTCORR,2023,2,0.0
CTN_033,PRECTOTCORR,2023,3,0.04
CTN_033,PRECTOTCORR,2023,4,0.91
CTN_033,PRECTOTCORR,2023,5,1.29
CTN_033,PRECTOTCORR,2023,6,0.49
CTN_033,PRECTOTCORR,2023,7,5.28
CTN_033,PRECTOTCORR,2023,8,7.32
CTN_033,PRECTOTCORR,2023,9,4.48
CTN_033,PRECTOTCORR,2023,10,7.43
CTN_033,PRECTOTCORR,2023,11,1.72
CTN_033,PRECTOTCORR,2023,12,0.13
CTN_033,PRECTOTCORR,2024,1,0.01
CTN_033,PRECTOTCORR,2024,2,0.29
CTN_033,PRECTOTCORR,2024,3,0.0
CTN_033,PRECTOTCORR,2024,4,0.01
CTN_033,PRECTOTCORR,2024,5,0.39
CTN_033,PRECTOTCORR,2024,6,3.22
CTN_033,PRECTOTCORR,2024,7,7.3
CTN_033,PRECTOTCORR,2024,8,6.33
CTN_033,PRECTOTCORR,2024,9,15.13
CTN_033,PRECTOTCORR,2024,10,3.0
CTN_033,PRECTOTCORR,2024,11,0.35
CTN_033,PRECTOTCORR,2024,12,0.04
CTN_033,T2M,2015,1,19.7
CTN_033,T2M,2015,2,20.67
CTN_033,T2M,2015,3,22.18
CTN_033,T2M,2015,4,24.67
CTN_033,T2M,2015,5,24.13
CTN_033,T2M,2015,6,23.0
CTN_033,T2M,2015,7,22.6
CTN_033,T2M,2015,8,22.77
CTN_033,T2M,2015,9,21.46
CTN_033,T2M,2015,10,21.78
CTN_033,T2M,2015,11,21.57
CTN_033,T2M,2015,12,20.93
CTN_033,T2M,2016,1,20.14
CTN_033,T2M,2016,2,20.8
CTN_033,T2M,2016,3,21.29
CTN_033,T2M,2016,4,24.52
CTN_033,T2M,2016,5,25.39
CTN_033,T2M,2016,6,22.6
CTN_033,T2M,2016,7,22.32
CTN_033,T2M,2016,8,22.17
CTN_033,T2M,2016,9,21.45
CTN_033,T2M,2016,10,21.52
CTN_033,T2M,2016,11,20.41
CTN_033,T2M,2016,12,21.11
CTN_033,T2M,2017,1,20.09
CTN_033,T2M,2017,2,21.1
CTN_033,T2M,2017,3,23.19
CTN_033,T2M,2017,4,23.93
CTN_033,T2M,2017,5,24.46
CTN_033,T2M,2017,6,22.44
CTN_033,T2M,2017,7,22.16
CTN_033,T2M,2017,8,21.79
CTN_033,T2M,2017,9,21.25
CTN_033,T2M,2017,10,21.15
CTN_033,T2M,2017,11,19.75
CTN_033,T2M,2017,12,19.12
CTN_033,T2M,2018,1,19.18
CTN_033,T2M,2018,2,21.7
CTN_033,T2M,2018,3,23.45
CTN_033,T2M,2018,4,24.27
CTN_033,T2M,2018,5,24.62
CTN_033,T2M,2018,6,22.0
CTN_033,T2M,2018,7,22.86
CTN_033,T2M,2018,8,21.58
CTN_033,T2M,2018,9,21.51
CTN_033,T2M,2018,10,21.17
CTN_033,T2M,2018,11,20.04
CTN_033,T2M,2018,12,19.1
CTN_033,T2M,2019,1,19.52
CTN_033,T2M,2019,2,21.56
CTN_033,T2M,2019,3,23.06
CTN_033,T2M,2019,4,23.88
CTN_033,T2M,2019,5,24.48
CTN_033,T2M,2019,6,23.33
CTN_033,T2M,2019,7,22.55
CTN_033,T2M,2019,8,22.45
CTN_033,T2M,2019,9,21.79
CTN_033,T2M,2019,10,21.15
CTN_033,T2M,2019,11,20.9
CTN_033,T2M,2019,12,19.76
CTN_033,T2M,2020,1,20.09
CTN_033,T2M,2020,2,21.7
CTN_033,T2M,2020,3,23.53
CTN_033,T2M,2020,4,25.36
CTN_033,T2M,2020,5,25.27
CTN_033,T2M,2020,6,23.87
CTN_033,T2M,2020,7,22.61
CTN_033,T2M,2020,8,21.96
CTN_033,T2M,2020,9,21.47
CTN_033,T2M,2020,10,20.87
CTN_033,T2M,2020,11,20.31
CTN_033,T2M,2020,12,20.28
CTN_033,T2M,2021,1,21.01
CTN_033,T2M,2021,2,20.91
CTN_033,T2M,2021,3,22.93
CTN_033,T2M,2021,4,24.21
CTN_033,T2M,2021,5,24.2
CTN_033,T2M,2021,6,21.69
CTN_033,T2M,2021,7,22.14
CTN_033,T2M,2021,8,21.4
CTN_033,T2M,2021,9,21.51
CTN_033,T2M,2021,10,21.8
CTN_033,T2M,2021,11,19.52
CTN_033,T2M,2021,12,20.41
CTN_033,T2M,2022,1,20.29
CTN_033,T2M,2022,2,21.59
CTN_033,T2M,2022,3,22.83
CTN_033,T2M,2022,4,24.61
CTN_033,T2M,2022,5,24.76
CTN_033,T2M,2022,6,22.2
CTN_033,T2M,2022,7,22.38
CTN_033,T2M,2022,8,21.8
CTN_033,T2M,2022,9,21.51
CTN_033,T2M,2022,10,21.27
CTN_033,T2M,2022,11,20.95
CTN_033,T2M,2022,12,19.3
CTN_033,T2M,2023,1,20.17
CTN_033,T2M,2023,2,21.53
CTN_033,T2M,2023,3,23.13
CTN_033,T2M,2023,4,24.38
CTN_033,T2M,2023,5,25.29
CTN_033,T2M,2023,6,26.11
CTN_033,T2M,2023,7,23.76
CTN_033,T2M,2023,8,22.91
CTN_033,T2M,2023,9,22.98
CTN_033,T2M,2023,10,21.82
CTN_033,T2M,2023,11,21.2
CTN_033,T2M,2023,12,19.71
CTN_033,T2M,2024,1,20.9
CTN_033,T2M,2024,2,22.14
CTN_033,T2M,2024,3,23.68
CTN_033,T2M,2024,4,25.43
CTN_033,T2M,2024,5,26.78
CTN_033,T2M,2024,6,24.57
CTN_033,T2M,2024,7,23.19
CTN_033,T2M,2024,8,22.71
CTN_033,T2M,2024,9,22.2
CTN_033,T2M,2024,10,21.31
CTN_033,T2M,2024,11,21.08
CTN_033,T2M,2024,12,19.58
CTN_033,T2M_MAX,2015,1,30.5
CTN_033,T2M_MAX,2015,2,33.6
CTN_033,T2M_MAX,2015,3,34.83
CTN_033,T2M_MAX,2015,4,36.34
CTN_033,T2M_MAX,2015,5,35.64
CTN_033,T2M_MAX,2015,6,32.46
CTN_033,T2M_MAX,2015,7,31.6
CTN_033,T2M_MAX,2015,8,31.89
CTN_033,T2M_MAX,2015,9,28.92
CTN_033,T2M_MAX,2015,10,29.97
CTN_033,T2M_MAX,2015,11,29.22
CTN_033,T2M_MAX,2015,12,31.23
CTN_033,T2M_MAX,2016,1,31.14
CTN_033,T2M_MAX,2016,2,33.47
CTN_033,T2M_MAX,2016,3,35.11
CTN_033,T2M_MAX,2016,4,36.92
CTN_033,T2M_MAX,2016,5,37.72
CTN_033,T2M_MAX,2016,6,32.72
CTN_033,T2M_MAX,2016,7,30.08
CTN_033,T2M_MAX,2016,8,30.2
CTN_033,T2M_MAX,2016,9,28.46
CTN_033,T2M_MAX,2016,10,28.97
CTN_033,T2M_MAX,2016,11,30.1
CTN_033,T2M_MAX,2016,12,31.16
CTN_033,T2M_MAX,2017,1,31.65
CTN_033,T2M_MAX,2017,2,33.39
CTN_033,T2M_MAX,2017,3,34.6
CTN_033,T2M_MAX,2017,4,36.8
CTN_033,T2M_MAX,2017,5,36.08
CTN_033,T2M_MAX,2017,6,31.07
CTN_033,T2M_MAX,2017,7,29.43
CTN_033,T2M_MAX,2017,8,29.68
CTN_033,T2M_MAX,2017,9,27.91
CTN_033,T2M_MAX,2017,10,28.78
CTN_033,T2M_MAX,2017,11,29.32
CTN_033,T2M_MAX,2017,12,29.86
CTN_033,T2M_MAX,2018,1,31.57
CTN_033,T2M_MAX,2018,2,32.57
CTN_033,T2M_MAX,2018,3,35.81
CTN_033,T2M_MAX,2018,4,35.33
CTN_033,T2M_MAX,2018,5,36.5
CTN_033,T2M_MAX,2018,6,34.76
CTN_033,T2M_MAX,2018,7,30.96
CTN_033,T2M_MAX,2018,8,29.36
CTN_033,T2M_MAX,2018,9,28.3
CTN_033,T2M_MAX,2018,10,27.33
CTN_033,T2M_MAX,2018,11,28.34
CTN_033,T2M_MAX,2018,12,28.11
CTN_033,T2M_MAX,2019,1,30.28
CTN_033,T2M_MAX,2019,2,34.06
CTN_033,T2M_MAX,2019,3,35.31
CTN_033,T2M_MAX,2019,4,36.09
CTN_033,T2M_MAX,2019,5,36.46
CTN_033,T2M_MAX,2019,6,33.45
CTN_033,T2M_MAX,2019,7,31.84
CTN_033,T2M_MAX,2019,8,29.56
CTN_033,T2M_MAX,2019,9,29.69
CTN_033,T2M_MAX,2019,10,28.18
CTN_033,T2M_MAX,2019,11,29.04
CTN_033,T2M_MAX,2019,12,28.13
CTN_033,T2M_MAX,2020,1,30.55
CTN_033,T2M_MAX,2020,2,33.85
CTN_033,T2M_MAX,2020,3,35.76
CTN_033,T2M_MAX,2020,4,36.94
CTN_033,T2M_MAX,2020,5,36.45
CTN_033,T2M_MAX,2020,6,35.27
CTN_033,T2M_MAX,2020,7,31.05
CTN_033,T2M_MAX,2020,8,30.5
CTN_033,T2M_MAX,2020,9,28.97
CTN_033,T2M_MAX,2020,10,28.54
CTN_033,T2M_MAX,2020,11,29.92
CTN_033,T2M_MAX,2020,12,30.75
CTN_033,T2M_MAX,2021,1,32.58
CTN_033,T2M_MAX,2021,2,33.89
CTN_033,T2M_MAX,2021,3,35.65
CTN_033,T2M_MAX,2021,4,36.66
CTN_033,T2M_MAX,2021,5,34.04
CTN_033,T2M_MAX,2021,6,30.49
CTN_033,T2M_MAX,2021,7,29.21
CTN_033,T2M_MAX,2021,8,29.94
CTN_033,T2M_MAX,2021,9,28.46
CTN_033,T2M_MAX,2021,10,28.61
CTN_033,T2M_MAX,2021,11,27.76
CTN_033,T2M_MAX,2021,12,29.36
CTN_033,T2M_MAX,2022,1,30.52
CTN_033,T2M_MAX,2022,2,33.5
CTN_033,T2M_MAX,2022,3,35.22
CTN_033,T2M_MAX,2022,4,37.18
CTN_033,T2M_MAX,2022,5,37.31
CTN_033,T2M_MAX,2022,6,31.3
CTN_033,T2M_MAX,2022,7,30.76
CTN_033,T2M_MAX,2022,8,29.47
CTN_033,T2M_MAX,2022,9,28.35
CTN_033,T2M_MAX,2022,10,28.37
CTN_033,T2M_MAX,2022,11,28.99
CTN_033,T2M_MAX,2022,12,28.57
CTN_033,T2M_MAX,2023,1,30.98
CTN_033,T2M_MAX,2023,2,33.63
CTN_033,T2M_MAX,2023,3,35.17
CTN_033,T2M_MAX,2023,4,36.33
CTN_033,T2M_MAX,2023,5,37.85
CTN_033,T2M_MAX,2023,6,38.3
CTN_033,T2M_MAX,2023,7,34.01
CTN_033,T2M_MAX,2023,8,30.71
CTN_033,T2M_MAX,2023,9,30.37
CTN_033,T2M_MAX,2023,10,28.72
CTN_033,T2M_MAX,2023,11,29.32
CTN_033,T2M_MAX,2023,12,28.0
CTN_033,T2M_MAX,2024,1,32.45
CTN_033,T2M_MAX,2024,2,34.62
CTN_033,T2M_MAX,2024,3,37.3
CTN_033,T2M_MAX,2024,4,37.76
CTN_033,T2M_MAX,2024,5,39.27
CTN_033,T2M_MAX,2024,6,37.77
CTN_033,T2M_MAX,2024,7,32.27
CTN_033,T2M_MAX,2024,8,29.68
CTN_033,T2M_MAX,2024,9,29.03
CTN_033,T2M_MAX,2024,10,28.09
CTN_033,T2M_MAX,2024,11,28.75
CTN_033,T2M_MAX,2024,12,29.31
CTN_033,WS10M,2015,1,2.52
CTN_033,WS10M,2015,2,2.18
CTN_033,WS10M,2015,3,2.4
CTN_033,WS10M,2015,4,2.72
CTN_033,WS10M,2015,5,2.15
CTN_033,WS10M,2015,6,2.04
CTN_033,WS10M,2015,7,1.82
CTN_033,WS10M,2015,8,1.58
CTN_033,WS10M,2015,9,1.65
CTN_033,WS10M,2015,10,1.99
CTN_033,WS10M,2015,11,1.89
CTN_033,WS10M,2015,12,2.14
CTN_033,WS10M,2016,1,1.96
CTN_033,WS10M,2016,2,2.58
CTN_033,WS10M,2016,3,2.55
CTN_033,WS10M,2016,4,2.51
CTN_033,WS10M,2016,5,2.55
CTN_033,WS10M,2016,6,2.1
CTN_033,WS10M,2016,7,1.61
CTN_033,WS10M,2016,8,1.85
CTN_033,WS10M,2016,9,1.58
CTN_033,WS10M,2016,10,1.87
CTN_033,WS10M,2016,11,1.99
CTN_033,WS10M,2016,12,2.16
CTN_033,WS10M,2017,1,2.27
CTN_033,WS10M,2017,2,2.35
CTN_033,WS10M,2017,3,2.61
CTN_033,WS10M,2017,4,2.78
CTN_033,WS10M,2017,5,2.57
CTN_033,WS10M,2017,6,2.01
CTN_033,WS10M,2017,7,1.57
CTN_033,WS10M,2017,8,1.82
CTN_033,WS10M,2017,9,1.72
CTN_033,WS10M,2017,10,2.02
CTN_033,WS10M,2017,11,1.94
CTN_033,WS10M,2017,12,2.05
CTN_033,WS10M,2018,1,2.61
CTN_033,WS10M,2018,2,2.17
CTN_033,WS10M,2018,3,2.51
CTN_033,WS10M,2018,4,2.66
CTN_033,WS10M,2018,5,2.39
CTN_033,WS10M,2018,6,2.26
CTN_033,WS10M,2018,7,1.7
CTN_033,WS10M,2018,8,1.56
CTN_033,WS10M,2018,9,1.61
CTN_033,WS10M,2018,10,1.72
CTN_033,WS10M,2018,11,1.77
CTN_033,WS10M,2018,12,1.95
CTN_033,WS10M,2019,1,2.04
CTN_033,WS10M,2019,2,2.18
CTN_033,WS10M,2019,3,2.62
CTN_033,WS10M,2019,4,2.86
CTN_033,WS10M,2019,5,2.75
CTN_033,WS10M,2019,6,2.1
CTN_033,WS10M,2019,7,1.56
CTN_033,WS10M,2019,8,1.62
CTN_033,WS10M,2019,9,1.75
CTN_033,WS10M,2019,10,1.71
CTN_033,WS10M,2019,11,1.93
CTN_033,WS10M,2019,12,1.87
CTN_033,WS10M,2020,1,2.3
CTN_033,WS10M,2020,2,2.39
CTN_033,WS10M,2020,3,2.6
CTN_033,WS10M,2020,4,2.91
CTN_033,WS10M,2020,5,2.64
CTN_033,WS10M,2020,6,2.31
CTN_033,WS10M,2020,7,1.83
CTN_033,WS10M,2020,8,1.87
CTN_033,WS10M,2020,9,1.71
CTN_033,WS10M,2020,10,1.91
CTN_033,WS10M,2020,11,2.75
CTN_033,WS10M,2020,12,1.94
CTN_033,WS10M,2021,1,2.0
CTN_033,WS10M,2021,2,2.48
CTN_033,WS10M,2021,3,2.46
CTN_033,WS10M,2021,4,3.08
CTN_033,WS10M,2021,5,2.46
CTN_033,WS10M,2021,6,1.98
CTN_033,WS10M,2021,7,1.69
CTN_033,WS10M,2021,8,1.92
CTN_033,WS10M,2021,9,1.69
CTN_033,WS10M,2021,10,1.73
CTN_033,WS10M,2021,11,2.05
CTN_033,WS10M,2021,12,1.72
CTN_033,WS10M,2022,1,2.08
CTN_033,WS10M,2022,2,2.33
CTN_033,WS10M,2022,3,2.67
CTN_033,WS10M,2022,4,2.68
CTN_033,WS10M,2022,5,2.61
CTN_033,WS10M,2022,6,2.08
CTN_033,WS10M,2022,7,1.61
CTN_033,WS10M,2022,8,1.64
CTN_033,WS10M,2022,9,1.83
CTN_033,WS10M,2022,10,1.79
CTN_033,WS10M,2022,11,1.64
CTN_033,WS10M,2022,12,1.99
CTN_033,WS10M,2023,1,2.02
CTN_033,WS10M,2023,2,2.39
CTN_033,WS10M,2023,3,2.65
CTN_033,WS10M,2023,4,2.89
CTN_033,WS10M,2023,5,2.43
CTN_033,WS10M,2023,6,2.92
CTN_033,WS10M,2023,7,1.98
CTN_033,WS10M,2023,8,1.66
CTN_033,WS10M,2023,9,1.5
CTN_033,WS10M,2023,10,1.91
CTN_033,WS10M,2023,11,2.04
CTN_033,WS10M,2023,12,2.11
CTN_033,WS10M,2024,1,2.04
CTN_033,WS10M,2024,2,2.26
CTN_033,WS10M,2024,3,2.62
CTN_033,WS10M,2024,4,2.87
CTN_033,WS10M,2024,5,2.77
CTN_033,WS10M,2024,6,2.76
CTN_033,WS10M,2024,7,1.71
CTN_033,WS10M,2024,8,1.54
CTN_033,WS10M,2024,9,1.9
CTN_033,WS10M,2024,10,2.04
CTN_033,WS10M,2024,11,1.84
CTN_033,WS10M,2024,12,2.05
CTN_034,ALLSKY_SFC_SW_DWN,2015,1,5.1029
CTN_034,ALLSKY_SFC_SW_DWN,2015,2,5.6297
CTN_034,ALLSKY_SFC_SW_DWN,2015,3,5.9503
CTN_034,ALLSKY_SFC_SW_DWN,2015,4,6.8688
CTN_034,ALLSKY_SFC_SW_DWN,2015,5,5.8577
CTN_034,ALLSKY_SFC_SW_DWN,2015,6,5.7233
CTN_034,ALLSKY_SFC_SW_DWN,2015,7,6.055
CTN_034,ALLSKY_SFC_SW_DWN,2015,8,6.1942
CTN_034,ALLSKY_SFC_SW_DWN,2015,9,5.2015
CTN_034,ALLSKY_SFC_SW_DWN,2015,10,5.1828
CTN_034,ALLSKY_SFC_SW_DWN,2015,11,5.0066
CTN_034,ALLSKY_SFC_SW_DWN,2015,12,4.6522
CTN_034,ALLSKY_SFC_SW_DWN,2016,1,4.2511
CTN_034,ALLSKY_SFC_SW_DWN,2016,2,5.9885
CTN_034,ALLSKY_SFC_SW_DWN,2016,3,6.1937
CTN_034,ALLSKY_SFC_SW_DWN,2016,4,6.8832
CTN_034,ALLSKY_SFC_SW_DWN,2016,5,6.5422
CTN_034,ALLSKY_SFC_SW_DWN,2016,6,5.7854
CTN_034,ALLSKY_SFC_SW_DWN,2016,7,6.1217
CTN_034,ALLSKY_SFC_SW_DWN,2016,8,5.8781
CTN_034,ALLSKY_SFC_SW_DWN,2016,9,5.4631
CTN_034,ALLSKY_SFC_SW_DWN,2016,10,5.7979
CTN_034,ALLSKY_SFC_SW_DWN,2016,11,5.0378
CTN_034,ALLSKY_SFC_SW_DWN,2016,12,5.0592
CTN_034,ALLSKY_SFC_SW_DWN,2017,1,5.4516
CTN_034,ALLSKY_SFC_SW_DWN,2017,2,6.253
CTN_034,ALLSKY_SFC_SW_DWN,2017,3,6.6667
CTN_034,ALLSKY_SFC_SW_DWN,2017,4,7.1045
CTN_034,ALLSKY_SFC_SW_DWN,2017,5,6.0158
CTN_034,ALLSKY_SFC_SW_DWN,2017,6,5.5135
CTN_034,ALLSKY_SFC_SW_DWN,2017,7,5.9371
CTN_034,ALLSKY_SFC_SW_DWN,2017,8,5.7149
CTN_034,ALLSKY_SFC_SW_DWN,2017,9,4.7688
CTN_034,ALLSKY_SFC_SW_DWN,2017,10,5.4187
CTN_034,ALLSKY_SFC_SW_DWN,2017,11,5.4818
CTN_034,ALLSKY_SFC_SW_DWN,2017,12,5.2145
CTN_034,ALLSKY_SFC_SW_DWN,2018,1,4.9625
CTN_034,ALLSKY_SFC_SW_DWN,2018,2,5.7168
CTN_034,ALLSKY_SFC_SW_DWN,2018,3,6.8376
CTN_034,ALLSKY_SFC_SW_DWN,2018,4,6.7886
CTN_034,ALLSKY_SFC_SW_DWN,2018,5,6.5208
CTN_034,ALLSKY_SFC_SW_DWN,2018,6,5.4682
CTN_034,ALLSKY_SFC_SW_DWN,2018,7,6.8988
CTN_034,ALLSKY_SFC_SW_DWN,2018,8,5.8337
CTN_034,ALLSKY_SFC_SW_DWN,2018,9,5.8049
CTN_034,ALLSKY_SFC_SW_DWN,2018,10,4.9438
CTN_034,ALLSKY_SFC_SW_DWN,2018,11,4.6474
CTN_034,ALLSKY_SFC_SW_DWN,2018,12,4.9735
CTN_034,ALLSKY_SFC_SW_DWN,2019,1,5.2416
CTN_034,ALLSKY_SFC_SW_DWN,2019,2,6.223
CTN_034,ALLSKY_SFC_SW_DWN,2019,3,6.8825
CTN_034,ALLSKY_SFC_SW_DWN,2019,4,7.3212
CTN_034,ALLSKY_SFC_SW_DWN,2019,5,6.6302
CTN_034,ALLSKY_SFC_SW_DWN,2019,6,5.8466
CTN_034,ALLSKY_SFC_SW_DWN,2019,7,6.3396
CTN_034,ALLSKY_SFC_SW_DWN,2019,8,6.1735
CTN_034,ALLSKY_SFC_SW_DWN,2019,9,5.5022
CTN_034,ALLSKY_SFC_SW_DWN,2019,10,4.9346
CTN_034,ALLSKY_SFC_SW_DWN,2019,11,5.035
CTN_034,ALLSKY_SFC_SW_DWN,2019,12,4.9406
CTN_034,ALLSKY_SFC_SW_DWN,2020,1,5.3014
CTN_034,ALLSKY_SFC_SW_DWN,2020,2,5.9935
CTN_034,ALLSKY_SFC_SW_DWN,2020,3,6.8522
CTN_034,ALLSKY_SFC_SW_DWN,2020,4,7.3094
CTN_034,ALLSKY_SFC_SW_DWN,2020,5,7.1126
CTN_034,ALLSKY_SFC_SW_DWN,2020,6,5.9875
CTN_034,ALLSKY_SFC_SW_DWN,2020,7,6.0348
CTN_034,ALLSKY_SFC_SW_DWN,2020,8,5.5555
CTN_034,ALLSKY_SFC_SW_DWN,2020,9,5.2063
CTN_034,ALLSKY_SFC_SW_DWN,2020,10,5.7372
CTN_034,ALLSKY_SFC_SW_DWN,2020,11,5.4557
CTN_034,ALLSKY_SFC_SW_DWN,2020,12,4.8254
CTN_034,ALLSKY_SFC_SW_DWN,2021,1,4.8883
CTN_034,ALLSKY_SFC_SW_DWN,2021,2,6.3473
CTN_034,ALLSKY_SFC_SW_DWN,2021,3,6.919
CTN_034,ALLSKY_SFC_SW_DWN,2021,4,7.3584
CTN_034,ALLSKY_SFC_SW_DWN,2021,5,6.642
CTN_034,ALLSKY_SFC_SW_DWN,2021,6,4.9135
CTN_034,ALLSKY_SFC_SW_DWN,2021,7,6.2009
CTN_034,ALLSKY_SFC_SW_DWN,2021,8,5.4379
CTN_034,ALLSKY_SFC_SW_DWN,2021,9,5.5039
CTN_034,ALLSKY_SFC_SW_DWN,2021,10,5.1636
CTN_034,ALLSKY_SFC_SW_DWN,2021,11,5.5058
CTN_034,ALLSKY_SFC_SW_DWN,2021,12,5.1216
CTN_034,ALLSKY_SFC_SW_DWN,2022,1,5.2169
CTN_034,ALLSKY_SFC_SW_DWN,2022,2,5.8219
CTN_034,ALLSKY_SFC_SW_DWN,2022,3,7.1266
CTN_034,ALLSKY_SFC_SW_DWN,2022,4,7.1834
CTN_034,ALLSKY_SFC_SW_DWN,2022,5,6.9103
CTN_034,ALLSKY_SFC_SW_DWN,2022,6,5.7257
CTN_034,ALLSKY_SFC_SW_DWN,2022,7,6.0175
CTN_034,ALLSKY_SFC_SW_DWN,2022,8,5.7478
CTN_034,ALLSKY_SFC_SW_DWN,2022,9,5.0993
CTN_034,ALLSKY_SFC_SW_DWN,2022,10,4.9054
CTN_034,ALLSKY_SFC_SW_DWN,2022,11,5.0659
CTN_034,ALLSKY_SFC_SW_DWN,2022,12,4.9238
CTN_034,ALLSKY_SFC_SW_DWN,2023,1,5.3666
CTN_034,ALLSKY_SFC_SW_DWN,2023,2,6.0384
CTN_034,ALLSKY_SFC_SW_DWN,2023,3,6.8532
CTN_034,ALLSKY_SFC_SW_DWN,2023,4,7.1774
CTN_034,ALLSKY_SFC_SW_DWN,2023,5,6.3259
CTN_034,ALLSKY_SFC_SW_DWN,2023,6,6.707
CTN_034,ALLSKY_SFC_SW_DWN,2023,7,5.9026
CTN_034,ALLSKY_SFC_SW_DWN,2023,8,5.7641
CTN_034,ALLSKY_SFC_SW_DWN,2023,9,6.0046
CTN_034,ALLSKY_SFC_SW_DWN,2023,10,4.8019
CTN_034,ALLSKY_SFC_SW_DWN,2023,11,5.0902
CTN_034,ALLSKY_SFC_SW_DWN,2023,12,4.6488
CTN_034,ALLSKY_SFC_SW_DWN,2024,1,5.0803
CTN_034,ALLSKY_SFC_SW_DWN,2024,2,5.9758
CTN_034,ALLSKY_SFC_SW_DWN,2024,3,7.1664
CTN_034,ALLSKY_SFC_SW_DWN,2024,4,7.3092
CTN_034,ALLSKY_SFC_SW_DWN,2024,5,6.9641
CTN_034,ALLSKY_SFC_SW_DWN,2024,6,5.947
CTN_034,ALLSKY_SFC_SW_DWN,2024,7,5.6215
CTN_034,ALLSKY_SFC_SW_DWN,2024,8,5.9333
CTN_034,ALLSKY_SFC_SW_DWN,2024,9,4.6392
CTN_034,ALLSKY_SFC_SW_DWN,2024,10,5.2361
CTN_034,ALLSKY_SFC_SW_DWN,2024,11,5.2152
CTN_034,ALLSKY_SFC_SW_DWN,2024,12,4.8943
CTN_034,PRECTOTCORR,2015,1,0.01
CTN_034,PRECTOTCORR,2015,2,0.13
CTN_034,PRECTOTCORR,2015,3,0.57
CTN_034,PRECTOTCORR,2015,4,0.07
CTN_034,PRECTOTCORR,2015,5,3.08
CTN_034,PRECTOTCORR,2015,6,3.69
CTN_034,PRECTOTCORR,2015,7,4.25
CTN_034,PRECTOTCORR,2015,8,4.27
CTN_034,PRECTOTCORR,2015,9,7.85
CTN_034,PRECTOTCORR,2015,10,2.96
CTN_034,PRECTOTCORR,2015,11,1.31
CTN_034,PRECTOTCORR,2015,12,0.05
CTN_034,PRECTOTCORR,2016,1,0.08
CTN_034,PRECTOTCORR,2016,2,0.03
CTN_034,PRECTOTCORR,2016,3,1.67
CTN_034,PRECTOTCORR,2016,4,0.42
CTN_034,PRECTOTCORR,2016,5,1.65
CTN_034,PRECTOTCORR,2016,6,5.55
CTN_034,PRECTOTCORR,2016,7,5.58
CTN_034,PRECTOTCORR,2016,8,5.31
CTN_034,PRECTOTCORR,2016,9,7.95
CTN_034,PRECTOTCORR,2016,10,1.31
CTN_034,PRECTOTCORR,2016,11,0.96
CTN_034,PRECTOTCORR,2016,12,0.01
CTN_034,PRECTOTCORR,2017,1,0.0
CTN_034,PRECTOTCORR,2017,2,0.0
CTN_034,PRECTOTCORR,2017,3,0.08
CTN_034,PRECTOTCORR,2017,4,0.15
CTN_034,PRECTOTCORR,2017,5,3.01
CTN_034,PRECTOTCORR,2017,6,6.86
CTN_034,PRECTOTCORR,2017,7,5.81
CTN_034,PRECTOTCORR,2017,8,7.33
CTN_034,PRECTOTCORR,2017,9,11.22
CTN_034,PRECTOTCORR,2017,10,1.95
CTN_034,PRECTOTCORR,2017,11,0.13
CTN_034,PRECTOTCORR,2017,12,0.01
CTN_034,PRECTOTCORR,2018,1,0.09
CTN_034,PRECTOTCORR,2018,2,0.08
CTN_034,PRECTOTCORR,2018,3,0.05
CTN_034,PRECTOTCORR,2018,4,0.7
CTN_034,PRECTOTCORR,2018,5,1.74
CTN_034,PRECTOTCORR,2018,6,7.52
CTN_034,PRECTOTCORR,2018,7,2.86
CTN_034,PRECTOTCORR,2018,8,9.16
CTN_034,PRECTOTCORR,2018,9,7.19
CTN_034,PRECTOTCORR,2018,10,5.07
CTN_034,PRECTOTCORR,2018,11,1.47
CTN_034,PRECTOTCORR,2018,12,0.17
CTN_034,PRECTOTCORR,2019,1,0.04
CTN_034,PRECTOTCORR,2019,2,0.0
CTN_034,PRECTOTCORR,2019,3,0.0
CTN_034,PRECTOTCORR,2019,4,0.01
CTN_034,PRECTOTCORR,2019,5,1.25
CTN_034,PRECTOTCORR,2019,6,5.52
CTN_034,PRECTOTCORR,2019,7,5.51
CTN_034,PRECTOTCORR,2019,8,5.76
CTN_034,PRECTOTCORR,2019,9,8.85
CTN_034,PRECTOTCORR,2019,10,5.38
CTN_034,PRECTOTCORR,2019,11,1.43
CTN_034,PRECTOTCORR,2019,12,0.01
CTN_034,PRECTOTCORR,2020,1,0.16
CTN_034,PRECTOTCORR,2020,2,0.04
CTN_034,PRECTOTCORR,2020,3,0.02
CTN_034,PRECTOTCORR,2020,4,0.29
CTN_034,PRECTOTCORR,2020,5,0.54
CTN_034,PRECTOTCORR,2020,6,5.18
CTN_034,PRECTOTCORR,2020,7,4.63
CTN_034,PRECTOTCORR,2020,8,8.22
CTN_034,PRECTOTCORR,2020,9,7.21
CTN_034,PRECTOTCORR,2020,10,2.14
CTN_034,PRECTOTCORR,2020,11,0.14
CTN_034,PRECTOTCORR,2020,12,0.12
CTN_034,PRECTOTCORR,2021,1,0.08
CTN_034,PRECTOTCORR,2021,2,0.27
CTN_034,PRECTOTCORR,2021,3,0.46
CTN_034,PRECTOTCORR,2021,4,0.03
CTN_034,PRECTOTCORR,2021,5,2.26
CTN_034,PRECTOTCORR,2021,6,8.4
CTN_034,PRECTOTCORR,2021,7,4.91
CTN_034,PRECTOTCORR,2021,8,8.73
CTN_034,PRECTOTCORR,2021,9,7.0
CTN_034,PRECTOTCORR,2021,10,3.87
CTN_034,PRECTOTCORR,2021,11,0.04
CTN_034,PRECTOTCORR,2021,12,0.01
CTN_034,PRECTOTCORR,2022,1,0.19
CTN_034,PRECTOTCORR,2022,2,0.03
CTN_034,PRECTOTCORR,2022,3,0.02
CTN_034,PRECTOTCORR,2022,4,0.52
CTN_034,PRECTOTCORR,2022,5,2.16
CTN_034,PRECTOTCORR,2022,6,8.0
CTN_034,PRECTOTCORR,2022,7,6.54
CTN_034,PRECTOTCORR,2022,8,6.27
CTN_034,PRECTOTCORR,2022,9,11.75
CTN_034,PRECTOTCORR,2022,10,2.77
CTN_034,PRECTOTCORR,2022,11,0.34
CTN_034,PRECTOTCORR,2022,12,0.09
CTN_034,PRECTOTCORR,2023,1,0.0
CTN_034,PRECTOTCORR,2023,2,0.0
CTN_034,PRECTOTCORR,2023,3,0.04
CTN_034,PRECTOTCORR,2023,4,0.91
CTN_034,PRECTOTCORR,2023,5,1.29
CTN_034,PRECTOTCORR,2023,6,0.49
CTN_034,PRECTOTCORR,2023,7,5.28
CTN_034,PRECTOTCORR,2023,8,7.32
CTN_034,PRECTOTCORR,2023,9,4.48
CTN_034,PRECTOTCORR,2023,10,7.43
CTN_034,PRECTOTCORR,2023,11,1.72
CTN_034,PRECTOTCORR,2023,12,0.13
CTN_034,PRECTOTCORR,2024,1,0.01
CTN_034,PRECTOTCORR,2024,2,0.29
CTN_034,PRECTOTCORR,2024,3,0.0
CTN_034,PRECTOTCORR,2024,4,0.01
CTN_034,PRECTOTCORR,2024,5,0.39
CTN_034,PRECTOTCORR,2024,6,3.22
CTN_034,PRECTOTCORR,2024,7,7.3
CTN_034,PRECTOTCORR,2024,8,6.33
CTN_034,PRECTOTCORR,2024,9,15.13
CTN_034,PRECTOTCORR,2024,10,3.0
CTN_034,PRECTOTCORR,2024,11,0.35
CTN_034,PRECTOTCORR,2024,12,0.04
CTN_034,T2M,2015,1,19.7
CTN_034,T2M,2015,2,20.67
CTN_034,T2M,2015,3,22.18
CTN_034,T2M,2015,4,24.67
CTN_034,T2M,2015,5,24.13
CTN_034,T2M,2015,6,23.0
CTN_034,T2M,2015,7,22.6
CTN_034,T2M,2015,8,22.77
CTN_034,T2M,2015,9,21.46
CTN_034,T2M,2015,10,21.78
CTN_034,T2M,2015,11,21.57
CTN_034,T2M,2015,12,20.93
CTN_034,T2M,2016,1,20.14
CTN_034,T2M,2016,2,20.8
CTN_034,T2M,2016,3,21.29
CTN_034,T2M,2016,4,24.52
CTN_034,T2M,2016,5,25.39
CTN_034,T2M,2016,6,22.6
CTN_034,T2M,2016,7,22.32
CTN_034,T2M,2016,8,22.17
CTN_034,T2M,2016,9,21.45
CTN_034,T2M,2016,10,21.52
CTN_034,T2M,2016,11,20.41
CTN_034,T2M,2016,12,21.11
CTN_034,T2M,2017,1,20.09
CTN_034,T2M,2017,2,21.1
CTN_034,T2M,2017,3,23.19
CTN_034,T2M,2017,4,23.93
CTN_034,T2M,2017,5,24.46
CTN_034,T2M,2017,6,22.44
CTN_034,T2M,2017,7,22.16
CTN_034,T2M,2017,8,21.79
CTN_034,T2M,2017,9,21.25
CTN_034,T2M,2017,10,21.15
CTN_034,T2M,2017,11,19.75
CTN_034,T2M,2017,12,19.12
CTN_034,T2M,2018,1,19.18
CTN_034,T2M,2018,2,21.7
CTN_034,T2M,2018,3,23.45
CTN_034,T2M,2018,4,24.27
CTN_034,T2M,2018,5,24.62
CTN_034,T2M,2018,6,22.0
CTN_034,T2M,2018,7,22.86
CTN_034,T2M,2018,8,21.58
CTN_034,T2M,2018,9,21.51
CTN_034,T2M,2018,10,21.17
CTN_034,T2M,2018,11,20.04
CTN_034,T2M,2018,12,19.1
CTN_034,T2M,2019,1,19.52
CTN_034,T2M,2019,2,21.56
CTN_034,T2M,2019,3,23.06
CTN_034,T2M,2019,4,23.88
CTN_034,T2M,2019,5,24.48
CTN_034,T2M,2019,6,23.33
CTN_034,T2M,2019,7,22.55
CTN_034,T2M,2019,8,22.45
CTN_034,T2M,2019,9,21.79
CTN_034,T2M,2019,10,21.15
CTN_034,T2M,2019,11,20.9
CTN_034,T2M,2019,12,19.76
CTN_034,T2M,2020,1,20.09
CTN_034,T2M,2020,2,21.7
CTN_034,T2M,2020,3,23.53
CTN_034,T2M,2020,4,25.36
CTN_034,T2M,2020,5,25.27
CTN_034,T2M,2020,6,23.87
CTN_034,T2M,2020,7,22.61
CTN_034,T2M,2020,8,21.96
CTN_034,T2M,2020,9,21.47
CTN_034,T2M,2020,10,20.87
CTN_034,T2M,2020,11,20.31
CTN_034,T2M,2020,12,20.28
CTN_034,T2M,2021,1,21.01
CTN_034,T2M,2021,2,20.91
CTN_034,T2M,2021,3,22.93
CTN_034,T2M,2021,4,24.21
CTN_034,T2M,2021,5,24.2
CTN_034,T2M,2021,6,21.69
CTN_034,T2M,2021,7,22.14
CTN_034,T2M,2021,8,21.4
CTN_034,T2M,2021,9,21.51
CTN_034,T2M,2021,10,21.8
CTN_034,T2M,2021,11,19.52
CTN_034,T2M,2021,12,20.41
CTN_034,T2M,2022,1,20.29
CTN_034,T2M,2022,2,21.59
CTN_034,T2M,2022,3,22.83
CTN_034,T2M,2022,4,24.61
CTN_034,T2M,2022,5,24.76
CTN_034,T2M,2022,6,22.2
CTN_034,T2M,2022,7,22.38
CTN_034,T2M,2022,8,21.8
CTN_034,T2M,2022,9,21.51
CTN_034,T2M,2022,10,21.27
CTN_034,T2M,2022,11,20.95
CTN_034,T2M,2022,12,19.3
CTN_034,T2M,2023,1,20.17
CTN_034,T2M,2023,2,21.53
CTN_034,T2M,2023,3,23.13
CTN_034,T2M,2023,4,24.38
CTN_034,T2M,2023,5,25.29
CTN_034,T2M,2023,6,26.11
CTN_034,T2M,2023,7,23.76
CTN_034,T2M,2023,8,22.91
CTN_034,T2M,2023,9,22.98
CTN_034,T2M,2023,10,21.82
CTN_034,T2M,2023,11,21.2
CTN_034,T2M,2023,12,19.71
CTN_034,T2M,2024,1,20.9
CTN_034,T2M,2024,2,22.14
CTN_034,T2M,2024,3,23.68
CTN_034,T2M,2024,4,25.43
CTN_034,T2M,2024,5,26.78
CTN_034,T2M,2024,6,24.57
CTN_034,T2M,2024,7,23.19
CTN_034,T2M,2024,8,22.71
CTN_034,T2M,2024,9,22.2
CTN_034,T2M,2024,10,21.31
CTN_034,T2M,2024,11,21.08
CTN_034,T2M,2024,12,19.58
CTN_034,T2M_MAX,2015,1,30.5
CTN_034,T2M_MAX,2015,2,33.6
CTN_034,T2M_MAX,2015,3,34.83
CTN_034,T2M_MAX,2015,4,36.34
CTN_034,T2M_MAX,2015,5,35.64
CTN_034,T2M_MAX,2015,6,32.46
CTN_034,T2M_MAX,2015,7,31.6
CTN_034,T2M_MAX,2015,8,31.89
CTN_034,T2M_MAX,2015,9,28.92
CTN_034,T2M_MAX,2015,10,29.97
CTN_034,T2M_MAX,2015,11,29.22
CTN_034,T2M_MAX,2015,12,31.23
CTN_034,T2M_MAX,2016,1,31.14
CTN_034,T2M_MAX,2016,2,33.47
CTN_034,T2M_MAX,2016,3,35.11
CTN_034,T2M_MAX,2016,4,36.92
CTN_034,T2M_MAX,2016,5,37.72
CTN_034,T2M_MAX,2016,6,32.72
CTN_034,T2M_MAX,2016,7,30.08
CTN_034,T2M_MAX,2016,8,30.2
CTN_034,T2M_MAX,2016,9,28.46
CTN_034,T2M_MAX,2016,10,28.97
CTN_034,T2M_MAX,2016,11,30.1
CTN_034,T2M_MAX,2016,12,31.16
CTN_034,T2M_MAX,2017,1,31.65
CTN_034,T2M_MAX,2017,2,33.39
CTN_034,T2M_MAX,2017,3,34.6
CTN_034,T2M_MAX,2017,4,36.8
CTN_034,T2M_MAX,2017,5,36.08
CTN_034,T2M_MAX,2017,6,31.07
CTN_034,T2M_MAX,2017,7,29.43
CTN_034,T2M_MAX,2017,8,29.68
CTN_034,T2M_MAX,2017,9,27.91
CTN_034,T2M_MAX,2017,10,28.78
CTN_034,T2M_MAX,2017,11,29.32
CTN_034,T2M_MAX,2017,12,29.86
CTN_034,T2M_MAX,2018,1,31.57
CTN_034,T2M_MAX,2018,2,32.57
CTN_034,T2M_MAX,2018,3,35.81
CTN_034,T2M_MAX,2018,4,35.33
CTN_034,T2M_MAX,2018,5,36.5
CTN_034,T2M_MAX,2018,6,34.76
CTN_034,T2M_MAX,2018,7,30.96
CTN_034,T2M_MAX,2018,8,29.36
CTN_034,T2M_MAX,2018,9,28.3
CTN_034,T2M_MAX,2018,10,27.33
CTN_034,T2M_MAX,2018,11,28.34
CTN_034,T2M_MAX,2018,12,28.11
CTN_034,T2M_MAX,2019,1,30.28
CTN_034,T2M_MAX,2019,2,34.06
CTN_034,T2M_MAX,2019,3,35.31
CTN_034,T2M_MAX,2019,4,36.09
CTN_034,T2M_MAX,2019,5,36.46
CTN_034,T2M_MAX,2019,6,33.45
CTN_034,T2M_MAX,2019,7,31.84
CTN_034,T2M_MAX,2019,8,29.56
CTN_034,T2M_MAX,2019,9,29.69
CTN_034,T2M_MAX,2019,10,28.18
CTN_034,T2M_MAX,2019,11,29.04
CTN_034,T2M_MAX,2019,12,28.13
CTN_034,T2M_MAX,2020,1,30.55
CTN_034,T2M_MAX,2020,2,33.85
CTN_034,T2M_MAX,2020,3,35.76
CTN_034,T2M_MAX,2020,4,36.94
CTN_034,T2M_MAX,2020,5,36.45
CTN_034,T2M_MAX,2020,6,35.27
CTN_034,T2M_MAX,2020,7,31.05
CTN_034,T2M_MAX,2020,8,30.5
CTN_034,T2M_MAX,2020,9,28.97
CTN_034,T2M_MAX,2020,10,28.54
CTN_034,T2M_MAX,2020,11,29.92
CTN_034,T2M_MAX,2020,12,30.75
CTN_034,T2M_MAX,2021,1,32.58
CTN_034,T2M_MAX,2021,2,33.89
CTN_034,T2M_MAX,2021,3,35.65
CTN_034,T2M_MAX,2021,4,36.66
CTN_034,T2M_MAX,2021,5,34.04
CTN_034,T2M_MAX,2021,6,30.49
CTN_034,T2M_MAX,2021,7,29.21
CTN_034,T2M_MAX,2021,8,29.94
CTN_034,T2M_MAX,2021,9,28.46
CTN_034,T2M_MAX,2021,10,28.61
CTN_034,T2M_MAX,2021,11,27.76
CTN_034,T2M_MAX,2021,12,29.36
CTN_034,T2M_MAX,2022,1,30.52
CTN_034,T2M_MAX,2022,2,33.5
CTN_034,T2M_MAX,2022,3,35.22
CTN_034,T2M_MAX,2022,4,37.18
CTN_034,T2M_MAX,2022,5,37.31
CTN_034,T2M_MAX,2022,6,31.3
CTN_034,T2M_MAX,2022,7,30.76
CTN_034,T2M_MAX,2022,8,29.47
CTN_034,T2M_MAX,2022,9,28.35
CTN_034,T2M_MAX,2022,10,28.37
CTN_034,T2M_MAX,2022,11,28.99
CTN_034,T2M_MAX,2022,12,28.57
CTN_034,T2M_MAX,2023,1,30.98
CTN_034,T2M_MAX,2023,2,33.63
CTN_034,T2M_MAX,2023,3,35.17
CTN_034,T2M_MAX,2023,4,36.33
CTN_034,T2M_MAX,2023,5,37.85
CTN_034,T2M_MAX,2023,6,38.3
CTN_034,T2M_MAX,2023,7,34.01
CTN_034,T2M_MAX,2023,8,30.71
CTN_034,T2M_MAX,2023,9,30.37
CTN_034,T2M_MAX,2023,10,28.72
CTN_034,T2M_MAX,2023,11,29.32
CTN_034,T2M_MAX,2023,12,28.0
CTN_034,T2M_MAX,2024,1,32.45
CTN_034,T2M_MAX,2024,2,34.62
CTN_034,T2M_MAX,2024,3,37.3
CTN_034,T2M_MAX,2024,4,37.76
CTN_034,T2M_MAX,2024,5,39.27
CTN_034,T2M_MAX,2024,6,37.77
CTN_034,T2M_MAX,2024,7,32.27
CTN_034,T2M_MAX,2024,8,29.68
CTN_034,T2M_MAX,2024,9,29.03
CTN_034,T2M_MAX,2024,10,28.09
CTN_034,T2M_MAX,2024,11,28.75
CTN_034,T2M_MAX,2024,12,29.31
CTN_034,WS10M,2015,1,2.52
CTN_034,WS10M,2015,2,2.18
CTN_034,WS10M,2015,3,2.4
CTN_034,WS10M,2015,4,2.72
CTN_034,WS10M,2015,5,2.15
CTN_034,WS10M,2015,6,2.04
CTN_034,WS10M,2015,7,1.82
CTN_034,WS10M,2015,8,1.58
CTN_034,WS10M,2015,9,1.65
CTN_034,WS10M,2015,10,1.99
CTN_034,WS10M,2015,11,1.89
CTN_034,WS10M,2015,12,2.14
CTN_034,WS10M,2016,1,1.96
CTN_034,WS10M,2016,2,2.58
CTN_034,WS10M,2016,3,2.55
CTN_034,WS10M,2016,4,2.51
CTN_034,WS10M,2016,5,2.55
CTN_034,WS10M,2016,6,2.1
CTN_034,WS10M,2016,7,1.61
CTN_034,WS10M,2016,8,1.85
CTN_034,WS10M,2016,9,1.58
CTN_034,WS10M,2016,10,1.87
CTN_034,WS10M,2016,11,1.99
CTN_034,WS10M,2016,12,2.16
CTN_034,WS10M,2017,1,2.27
CTN_034,WS10M,2017,2,2.35
CTN_034,WS10M,2017,3,2.61
CTN_034,WS10M,2017,4,2.78
CTN_034,WS10M,2017,5,2.57
CTN_034,WS10M,2017,6,2.01
CTN_034,WS10M,2017,7,1.57
CTN_034,WS10M,2017,8,1.82
CTN_034,WS10M,2017,9,1.72
CTN_034,WS10M,2017,10,2.02
CTN_034,WS10M,2017,11,1.94
CTN_034,WS10M,2017,12,2.05
CTN_034,WS10M,2018,1,2.61
CTN_034,WS10M,2018,2,2.17
CTN_034,WS10M,2018,3,2.51
CTN_034,WS10M,2018,4,2.66
CTN_034,WS10M,2018,5,2.39
CTN_034,WS10M,2018,6,2.26
CTN_034,WS10M,2018,7,1.7
CTN_034,WS10M,2018,8,1.56
CTN_034,WS10M,2018,9,1.61
CTN_034,WS10M,2018,10,1.72
CTN_034,WS10M,2018,11,1.77
CTN_034,WS10M,2018,12,1.95
CTN_034,WS10M,2019,1,2.04
CTN_034,WS10M,2019,2,2.18
CTN_034,WS10M,2019,3,2.62
CTN_034,WS10M,2019,4,2.86
CTN_034,WS10M,2019,5,2.75
CTN_034,WS10M,2019,6,2.1
CTN_034,WS10M,2019,7,1.56
CTN_034,WS10M,2019,8,1.62
CTN_034,WS10M,2019,9,1.75
CTN_034,WS10M,2019,10,1.71
CTN_034,WS10M,2019,11,1.93
CTN_034,WS10M,2019,12,1.87
CTN_034,WS10M,2020,1,2.3
CTN_034,WS10M,2020,2,2.39
CTN_034,WS10M,2020,3,2.6
CTN_034,WS10M,2020,4,2.91
CTN_034,WS10M,2020,5,2.64
CTN_034,WS10M,2020,6,2.31
CTN_034,WS10M,2020,7,1.83
CTN_034,WS10M,2020,8,1.87
CTN_034,WS10M,2020,9,1.71
CTN_034,WS10M,2020,10,1.91
CTN_034,WS10M,2020,11,2.75
CTN_034,WS10M,2020,12,1.94
CTN_034,WS10M,2021,1,2.0
CTN_034,WS10M,2021,2,2.48
CTN_034,WS10M,2021,3,2.46
CTN_034,WS10M,2021,4,3.08
CTN_034,WS10M,2021,5,2.46
CTN_034,WS10M,2021,6,1.98
CTN_034,WS10M,2021,7,1.69
CTN_034,WS10M,2021,8,1.92
CTN_034,WS10M,2021,9,1.69
CTN_034,WS10M,2021,10,1.73
CTN_034,WS10M,2021,11,2.05
CTN_034,WS10M,2021,12,1.72
CTN_034,WS10M,2022,1,2.08
CTN_034,WS10M,2022,2,2.33
CTN_034,WS10M,2022,3,2.67
CTN_034,WS10M,2022,4,2.68
CTN_034,WS10M,2022,5,2.61
CTN_034,WS10M,2022,6,2.08
CTN_034,WS10M,2022,7,1.61
CTN_034,WS10M,2022,8,1.64
CTN_034,WS10M,2022,9,1.83
CTN_034,WS10M,2022,10,1.79
CTN_034,WS10M,2022,11,1.64
CTN_034,WS10M,2022,12,1.99
CTN_034,WS10M,2023,1,2.02
CTN_034,WS10M,2023,2,2.39
CTN_034,WS10M,2023,3,2.65
CTN_034,WS10M,2023,4,2.89
CTN_034,WS10M,2023,5,2.43
CTN_034,WS10M,2023,6,2.92
CTN_034,WS10M,2023,7,1.98
CTN_034,WS10M,2023,8,1.66
CTN_034,WS10M,2023,9,1.5
CTN_034,WS10M,2023,10,1.91
CTN_034,WS10M,2023,11,2.04
CTN_034,WS10M,2023,12,2.11
CTN_034,WS10M,2024,1,2.04
CTN_034,WS10M,2024,2,2.26
CTN_034,WS10M,2024,3,2.62
CTN_034,WS10M,2024,4,2.87
CTN_034,WS10M,2024,5,2.77
CTN_034,WS10M,2024,6,2.76
CTN_034,WS10M,2024,7,1.71
CTN_034,WS10M,2024,8,1.54
CTN_034,WS10M,2024,9,1.9
CTN_034,WS10M,2024,10,2.04
CTN_034,WS10M,2024,11,1.84
CTN_034,WS10M,2024,12,2.05
CTN_035,ALLSKY_SFC_SW_DWN,2015,1,5.1029
CTN_035,ALLSKY_SFC_SW_DWN,2015,2,5.6297
CTN_035,ALLSKY_SFC_SW_DWN,2015,3,5.9503
CTN_035,ALLSKY_SFC_SW_DWN,2015,4,6.8688
CTN_035,ALLSKY_SFC_SW_DWN,2015,5,5.8577
CTN_035,ALLSKY_SFC_SW_DWN,2015,6,5.7233
CTN_035,ALLSKY_SFC_SW_DWN,2015,7,6.055
CTN_035,ALLSKY_SFC_SW_DWN,2015,8,6.1942
CTN_035,ALLSKY_SFC_SW_DWN,2015,9,5.2015
CTN_035,ALLSKY_SFC_SW_DWN,2015,10,5.1828
CTN_035,ALLSKY_SFC_SW_DWN,2015,11,5.0066
CTN_035,ALLSKY_SFC_SW_DWN,2015,12,4.6522
CTN_035,ALLSKY_SFC_SW_DWN,2016,1,4.2511
CTN_035,ALLSKY_SFC_SW_DWN,2016,2,5.9885
CTN_035,ALLSKY_SFC_SW_DWN,2016,3,6.1937
CTN_035,ALLSKY_SFC_SW_DWN,2016,4,6.8832
CTN_035,ALLSKY_SFC_SW_DWN,2016,5,6.5422
CTN_035,ALLSKY_SFC_SW_DWN,2016,6,5.7854
CTN_035,ALLSKY_SFC_SW_DWN,2016,7,6.1217
CTN_035,ALLSKY_SFC_SW_DWN,2016,8,5.8781
CTN_035,ALLSKY_SFC_SW_DWN,2016,9,5.4631
CTN_035,ALLSKY_SFC_SW_DWN,2016,10,5.7979
CTN_035,ALLSKY_SFC_SW_DWN,2016,11,5.0378
CTN_035,ALLSKY_SFC_SW_DWN,2016,12,5.0592
CTN_035,ALLSKY_SFC_SW_DWN,2017,1,5.4516
CTN_035,ALLSKY_SFC_SW_DWN,2017,2,6.253
CTN_035,ALLSKY_SFC_SW_DWN,2017,3,6.6667
CTN_035,ALLSKY_SFC_SW_DWN,2017,4,7.1045
CTN_035,ALLSKY_SFC_SW_DWN,2017,5,6.0158
CTN_035,ALLSKY_SFC_SW_DWN,2017,6,5.5135
CTN_035,ALLSKY_SFC_SW_DWN,2017,7,5.9371
CTN_035,ALLSKY_SFC_SW_DWN,2017,8,5.7149
CTN_035,ALLSKY_SFC_SW_DWN,2017,9,4.7688
CTN_035,ALLSKY_SFC_SW_DWN,2017,10,5.4187
CTN_035,ALLSKY_SFC_SW_DWN,2017,11,5.4818
CTN_035,ALLSKY_SFC_SW_DWN,2017,12,5.2145
CTN_035,ALLSKY_SFC_SW_DWN,2018,1,4.9625
CTN_035,ALLSKY_SFC_SW_DWN,2018,2,5.7168
CTN_035,ALLSKY_SFC_SW_DWN,2018,3,6.8376
CTN_035,ALLSKY_SFC_SW_DWN,2018,4,6.7886
CTN_035,ALLSKY_SFC_SW_DWN,2018,5,6.5208
CTN_035,ALLSKY_SFC_SW_DWN,2018,6,5.4682
CTN_035,ALLSKY_SFC_SW_DWN,2018,7,6.8988
CTN_035,ALLSKY_SFC_SW_DWN,2018,8,5.8337
CTN_035,ALLSKY_SFC_SW_DWN,2018,9,5.8049
CTN_035,ALLSKY_SFC_SW_DWN,2018,10,4.9438
CTN_035,ALLSKY_SFC_SW_DWN,2018,11,4.6474
CTN_035,ALLSKY_SFC_SW_DWN,2018,12,4.9735
CTN_035,ALLSKY_SFC_SW_DWN,2019,1,5.2416
CTN_035,ALLSKY_SFC_SW_DWN,2019,2,6.223
CTN_035,ALLSKY_SFC_SW_DWN,2019,3,6.8825
CTN_035,ALLSKY_SFC_SW_DWN,2019,4,7.3212
CTN_035,ALLSKY_SFC_SW_DWN,2019,5,6.6302
CTN_035,ALLSKY_SFC_SW_DWN,2019,6,5.8466
CTN_035,ALLSKY_SFC_SW_DWN,2019,7,6.3396
CTN_035,ALLSKY_SFC_SW_DWN,2019,8,6.1735
CTN_035,ALLSKY_SFC_SW_DWN,2019,9,5.5022
CTN_035,ALLSKY_SFC_SW_DWN,2019,10,4.9346
CTN_035,ALLSKY_SFC_SW_DWN,2019,11,5.035
CTN_035,ALLSKY_SFC_SW_DWN,2019,12,4.9406
CTN_035,ALLSKY_SFC_SW_DWN,2020,1,5.3014
CTN_035,ALLSKY_SFC_SW_DWN,2020,2,5.9935
CTN_035,ALLSKY_SFC_SW_DWN,2020,3,6.8522
CTN_035,ALLSKY_SFC_SW_DWN,2020,4,7.3094
CTN_035,ALLSKY_SFC_SW_DWN,2020,5,7.1126
CTN_035,ALLSKY_SFC_SW_DWN,2020,6,5.9875
CTN_035,ALLSKY_SFC_SW_DWN,2020,7,6.0348
CTN_035,ALLSKY_SFC_SW_DWN,2020,8,5.5555
CTN_035,ALLSKY_SFC_SW_DWN,2020,9,5.2063
CTN_035,ALLSKY_SFC_SW_DWN,2020,10,5.7372
CTN_035,ALLSKY_SFC_SW_DWN,2020,11,5.4557
CTN_035,ALLSKY_SFC_SW_DWN,2020,12,4.8254
CTN_035,ALLSKY_SFC_SW_DWN,2021,1,4.8883
CTN_035,ALLSKY_SFC_SW_DWN,2021,2,6.3473
CTN_035,ALLSKY_SFC_SW_DWN,2021,3,6.919
CTN_035,ALLSKY_SFC_SW_DWN,2021,4,7.3584
CTN_035,ALLSKY_SFC_SW_DWN,2021,5,6.642
CTN_035,ALLSKY_SFC_SW_DWN,2021,6,4.9135
CTN_035,ALLSKY_SFC_SW_DWN,2021,7,6.2009
CTN_035,ALLSKY_SFC_SW_DWN,2021,8,5.4379
CTN_035,ALLSKY_SFC_SW_DWN,2021,9,5.5039
CTN_035,ALLSKY_SFC_SW_DWN,2021,10,5.1636
CTN_035,ALLSKY_SFC_SW_DWN,2021,11,5.5058
CTN_035,ALLSKY_SFC_SW_DWN,2021,12,5.1216
CTN_035,ALLSKY_SFC_SW_DWN,2022,1,5.2169
CTN_035,ALLSKY_SFC_SW_DWN,2022,2,5.8219
CTN_035,ALLSKY_SFC_SW_DWN,2022,3,7.1266
CTN_035,ALLSKY_SFC_SW_DWN,2022,4,7.1834
CTN_035,ALLSKY_SFC_SW_DWN,2022,5,6.9103
CTN_035,ALLSKY_SFC_SW_DWN,2022,6,5.7257
CTN_035,ALLSKY_SFC_SW_DWN,2022,7,6.0175
CTN_035,ALLSKY_SFC_SW_DWN,2022,8,5.7478
CTN_035,ALLSKY_SFC_SW_DWN,2022,9,5.0993
CTN_035,ALLSKY_SFC_SW_DWN,2022,10,4.9054
CTN_035,ALLSKY_SFC_SW_DWN,2022,11,5.0659
CTN_035,ALLSKY_SFC_SW_DWN,2022,12,4.9238
CTN_035,ALLSKY_SFC_SW_DWN,2023,1,5.3666
CTN_035,ALLSKY_SFC_SW_DWN,2023,2,6.0384
CTN_035,ALLSKY_SFC_SW_DWN,2023,3,6.8532
CTN_035,ALLSKY_SFC_SW_DWN,2023,4,7.1774
CTN_035,ALLSKY_SFC_SW_DWN,2023,5,6.3259
CTN_035,ALLSKY_SFC_SW_DWN,2023,6,6.707
CTN_035,ALLSKY_SFC_SW_DWN,2023,7,5.9026
CTN_035,ALLSKY_SFC_SW_DWN,2023,8,5.7641
CTN_035,ALLSKY_SFC_SW_DWN,2023,9,6.0046
CTN_035,ALLSKY_SFC_SW_DWN,2023,10,4.8019
CTN_035,ALLSKY_SFC_SW_DWN,2023,11,5.0902
CTN_035,ALLSKY_SFC_SW_DWN,2023,12,4.6488
CTN_035,ALLSKY_SFC_SW_DWN,2024,1,5.0803
CTN_035,ALLSKY_SFC_SW_DWN,2024,2,5.9758
CTN_035,ALLSKY_SFC_SW_DWN,2024,3,7.1664
CTN_035,ALLSKY_SFC_SW_DWN,2024,4,7.3092
CTN_035,ALLSKY_SFC_SW_DWN,2024,5,6.9641
CTN_035,ALLSKY_SFC_SW_DWN,2024,6,5.947
CTN_035,ALLSKY_SFC_SW_DWN,2024,7,5.6215
CTN_035,ALLSKY_SFC_SW_DWN,2024,8,5.9333
CTN_035,ALLSKY_SFC_SW_DWN,2024,9,4.6392
CTN_035,ALLSKY_SFC_SW_DWN,2024,10,5.2361
CTN_035,ALLSKY_SFC_SW_DWN,2024,11,5.2152
CTN_035,ALLSKY_SFC_SW_DWN,2024,12,4.8943
CTN_035,PRECTOTCORR,2015,1,0.01
CTN_035,PRECTOTCORR,2015,2,0.13
CTN_035,PRECTOTCORR,2015,3,0.57
CTN_035,PRECTOTCORR,2015,4,0.07
CTN_035,PRECTOTCORR,2015,5,3.08
CTN_035,PRECTOTCORR,2015,6,3.69
CTN_035,PRECTOTCORR,2015,7,4.25
CTN_035,PRECTOTCORR,2015,8,4.27
CTN_035,PRECTOTCORR,2015,9,7.85
CTN_035,PRECTOTCORR,2015,10,2.96
CTN_035,PRECTOTCORR,2015,11,1.31
CTN_035,PRECTOTCORR,2015,12,0.05
CTN_035,PRECTOTCORR,2016,1,0.08
CTN_035,PRECTOTCORR,2016,2,0.03
CTN_035,PRECTOTCORR,2016,3,1.67
CTN_035,PRECTOTCORR,2016,4,0.42
CTN_035,PRECTOTCORR,2016,5,1.65
CTN_035,PRECTOTCORR,2016,6,5.55
CTN_035,PRECTOTCORR,2016,7,5.58
CTN_035,PRECTOTCORR,2016,8,5.31
CTN_035,PRECTOTCORR,2016,9,7.95
CTN_035,PRECTOTCORR,2016,10,1.31
CTN_035,PRECTOTCORR,2016,11,0.96
CTN_035,PRECTOTCORR,2016,12,0.01
CTN_035,PRECTOTCORR,2017,1,0.0
CTN_035,PRECTOTCORR,2017,2,0.0
CTN_035,PRECTOTCORR,2017,3,0.08
CTN_035,PRECTOTCORR,2017,4,0.15
CTN_035,PRECTOTCORR,2017,5,3.01
CTN_035,PRECTOTCORR,2017,6,6.86
CTN_035,PRECTOTCORR,2017,7,5.81
CTN_035,PRECTOTCORR,2017,8,7.33
CTN_035,PRECTOTCORR,2017,9,11.22
CTN_035,PRECTOTCORR,2017,10,1.95
CTN_035,PRECTOTCORR,2017,11,0.13
CTN_035,PRECTOTCORR,2017,12,0.01
CTN_035,PRECTOTCORR,2018,1,0.09
CTN_035,PRECTOTCORR,2018,2,0.08
CTN_035,PRECTOTCORR,2018,3,0.05
CTN_035,PRECTOTCORR,2018,4,0.7
CTN_035,PRECTOTCORR,2018,5,1.74
CTN_035,PRECTOTCORR,2018,6,7.52
CTN_035,PRECTOTCORR,2018,7,2.86
CTN_035,PRECTOTCORR,2018,8,9.16
CTN_035,PRECTOTCORR,2018,9,7.19
CTN_035,PRECTOTCORR,2018,10,5.07
CTN_035,PRECTOTCORR,2018,11,1.47
CTN_035,PRECTOTCORR,2018,12,0.17
CTN_035,PRECTOTCORR,2019,1,0.04
CTN_035,PRECTOTCORR,2019,2,0.0
CTN_035,PRECTOTCORR,2019,3,0.0
CTN_035,PRECTOTCORR,2019,4,0.01
CTN_035,PRECTOTCORR,2019,5,1.25
CTN_035,PRECTOTCORR,2019,6,5.52
CTN_035,PRECTOTCORR,2019,7,5.51
CTN_035,PRECTOTCORR,2019,8,5.76
CTN_035,PRECTOTCORR,2019,9,8.85
CTN_035,PRECTOTCORR,2019,10,5.38
CTN_035,PRECTOTCORR,2019,11,1.43
CTN_035,PRECTOTCORR,2019,12,0.01
CTN_035,PRECTOTCORR,2020,1,0.16
CTN_035,PRECTOTCORR,2020,2,0.04
CTN_035,PRECTOTCORR,2020,3,0.02
CTN_035,PRECTOTCORR,2020,4,0.29
CTN_035,PRECTOTCORR,2020,5,0.54
CTN_035,PRECTOTCORR,2020,6,5.18
CTN_035,PRECTOTCORR,2020,7,4.63
CTN_035,PRECTOTCORR,2020,8,8.22
CTN_035,PRECTOTCORR,2020,9,7.21
CTN_035,PRECTOTCORR,2020,10,2.14
CTN_035,PRECTOTCORR,2020,11,0.14
CTN_035,PRECTOTCORR,2020,12,0.12
CTN_035,PRECTOTCORR,2021,1,0.08
CTN_035,PRECTOTCORR,2021,2,0.27
CTN_035,PRECTOTCORR,2021,3,0.46
CTN_035,PRECTOTCORR,2021,4,0.03
CTN_035,PRECTOTCORR,2021,5,2.26
CTN_035,PRECTOTCORR,2021,6,8.4
CTN_035,PRECTOTCORR,2021,7,4.91
CTN_035,PRECTOTCORR,2021,8,8.73
CTN_035,PRECTOTCORR,2021,9,7.0
CTN_035,PRECTOTCORR,2021,10,3.87
CTN_035,PRECTOTCORR,2021,11,0.04
CTN_035,PRECTOTCORR,2021,12,0.01
CTN_035,PRECTOTCORR,2022,1,0.19
CTN_035,PRECTOTCORR,2022,2,0.03
CTN_035,PRECTOTCORR,2022,3,0.02
CTN_035,PRECTOTCORR,2022,4,0.52
CTN_035,PRECTOTCORR,2022,5,2.16
CTN_035,PRECTOTCORR,2022,6,8.0
CTN_035,PRECTOTCORR,2022,7,6.54
CTN_035,PRECTOTCORR,2022,8,6.27
CTN_035,PRECTOTCORR,2022,9,11.75
CTN_035,PRECTOTCORR,2022,10,2.77
CTN_035,PRECTOTCORR,2022,11,0.34
CTN_035,PRECTOTCORR,2022,12,0.09
CTN_035,PRECTOTCORR,2023,1,0.0
CTN_035,PRECTOTCORR,2023,2,0.0
CTN_035,PRECTOTCORR,2023,3,0.04
CTN_035,PRECTOTCORR,2023,4,0.91
CTN_035,PRECTOTCORR,2023,5,1.29
CTN_035,PRECTOTCORR,2023,6,0.49
CTN_035,PRECTOTCORR,2023,7,5.28
CTN_035,PRECTOTCORR,2023,8,7.32
CTN_035,PRECTOTCORR,2023,9,4.48
CTN_035,PRECTOTCORR,2023,10,7.43
CTN_035,PRECTOTCORR,2023,11,1.72
CTN_035,PRECTOTCORR,2023,12,0.13
CTN_035,PRECTOTCORR,2024,1,0.01
CTN_035,PRECTOTCORR,2024,2,0.29
CTN_035,PRECTOTCORR,2024,3,0.0
CTN_035,PRECTOTCORR,2024,4,0.01
CTN_035,PRECTOTCORR,2024,5,0.39
CTN_035,PRECTOTCORR,2024,6,3.22
CTN_035,PRECTOTCORR,2024,7,7.3
CTN_035,PRECTOTCORR,2024,8,6.33
CTN_035,PRECTOTCORR,2024,9,15.13
CTN_035,PRECTOTCORR,2024,10,3.0
CTN_035,PRECTOTCORR,2024,11,0.35
CTN_035,PRECTOTCORR,2024,12,0.04
CTN_035,T2M,2015,1,19.7
CTN_035,T2M,2015,2,20.67
CTN_035,T2M,2015,3,22.18
CTN_035,T2M,2015,4,24.67
CTN_035,T2M,2015,5,24.13
CTN_035,T2M,2015,6,23.0
CTN_035,T2M,2015,7,22.6
CTN_035,T2M,2015,8,22.77
CTN_035,T2M,2015,9,21.46
CTN_035,T2M,2015,10,21.78
CTN_035,T2M,2015,11,21.57
CTN_035,T2M,2015,12,20.93
CTN_035,T2M,2016,1,20.14
CTN_035,T2M,2016,2,20.8
CTN_035,T2M,2016,3,21.29
CTN_035,T2M,2016,4,24.52
CTN_035,T2M,2016,5,25.39
CTN_035,T2M,2016,6,22.6
CTN_035,T2M,2016,7,22.32
CTN_035,T2M,2016,8,22.17
CTN_035,T2M,2016,9,21.45
CTN_035,T2M,2016,10,21.52
CTN_035,T2M,2016,11,20.41
CTN_035,T2M,2016,12,21.11
CTN_035,T2M,2017,1,20.09
CTN_035,T2M,2017,2,21.1
CTN_035,T2M,2017,3,23.19
CTN_035,T2M,2017,4,23.93
CTN_035,T2M,2017,5,24.46
CTN_035,T2M,2017,6,22.44
CTN_035,T2M,2017,7,22.16
CTN_035,T2M,2017,8,21.79
CTN_035,T2M,2017,9,21.25
CTN_035,T2M,2017,10,21.15
CTN_035,T2M,2017,11,19.75
CTN_035,T2M,2017,12,19.12
CTN_035,T2M,2018,1,19.18
CTN_035,T2M,2018,2,21.7
CTN_035,T2M,2018,3,23.45
CTN_035,T2M,2018,4,24.27
CTN_035,T2M,2018,5,24.62
CTN_035,T2M,2018,6,22.0
CTN_035,T2M,2018,7,22.86
CTN_035,T2M,2018,8,21.58
CTN_035,T2M,2018,9,21.51
CTN_035,T2M,2018,10,21.17
CTN_035,T2M,2018,11,20.04
CTN_035,T2M,2018,12,19.1
CTN_035,T2M,2019,1,19.52
CTN_035,T2M,2019,2,21.56
CTN_035,T2M,2019,3,23.06
CTN_035,T2M,2019,4,23.88
CTN_035,T2M,2019,5,24.48
CTN_035,T2M,2019,6,23.33
CTN_035,T2M,2019,7,22.55
CTN_035,T2M,2019,8,22.45
CTN_035,T2M,2019,9,21.79
CTN_035,T2M,2019,10,21.15
CTN_035,T2M,2019,11,20.9
CTN_035,T2M,2019,12,19.76
CTN_035,T2M,2020,1,20.09
CTN_035,T2M,2020,2,21.7
CTN_035,T2M,2020,3,23.53
CTN_035,T2M,2020,4,25.36
CTN_035,T2M,2020,5,25.27
CTN_035,T2M,2020,6,23.87
CTN_035,T2M,2020,7,22.61
CTN_035,T2M,2020,8,21.96
CTN_035,T2M,2020,9,21.47
CTN_035,T2M,2020,10,20.87
CTN_035,T2M,2020,11,20.31
CTN_035,T2M,2020,12,20.28
CTN_035,T2M,2021,1,21.01
CTN_035,T2M,2021,2,20.91
CTN_035,T2M,2021,3,22.93
CTN_035,T2M,2021,4,24.21
CTN_035,T2M,2021,5,24.2
CTN_035,T2M,2021,6,21.69
CTN_035,T2M,2021,7,22.14
CTN_035,T2M,2021,8,21.4
CTN_035,T2M,2021,9,21.51
CTN_035,T2M,2021,10,21.8
CTN_035,T2M,2021,11,19.52
CTN_035,T2M,2021,12,20.41
CTN_035,T2M,2022,1,20.29
CTN_035,T2M,2022,2,21.59
CTN_035,T2M,2022,3,22.83
CTN_035,T2M,2022,4,24.61
CTN_035,T2M,2022,5,24.76
CTN_035,T2M,2022,6,22.2
CTN_035,T2M,2022,7,22.38
CTN_035,T2M,2022,8,21.8
CTN_035,T2M,2022,9,21.51
CTN_035,T2M,2022,10,21.27
CTN_035,T2M,2022,11,20.95
CTN_035,T2M,2022,12,19.3
CTN_035,T2M,2023,1,20.17
CTN_035,T2M,2023,2,21.53
CTN_035,T2M,2023,3,23.13
CTN_035,T2M,2023,4,24.38
CTN_035,T2M,2023,5,25.29
CTN_035,T2M,2023,6,26.11
CTN_035,T2M,2023,7,23.76
CTN_035,T2M,2023,8,22.91
CTN_035,T2M,2023,9,22.98
CTN_035,T2M,2023,10,21.82
CTN_035,T2M,2023,11,21.2
CTN_035,T2M,2023,12,19.71
CTN_035,T2M,2024,1,20.9
CTN_035,T2M,2024,2,22.14
CTN_035,T2M,2024,3,23.68
CTN_035,T2M,2024,4,25.43
CTN_035,T2M,2024,5,26.78
CTN_035,T2M,2024,6,24.57
CTN_035,T2M,2024,7,23.19
CTN_035,T2M,2024,8,22.71
CTN_035,T2M,2024,9,22.2
CTN_035,T2M,2024,10,21.31
CTN_035,T2M,2024,11,21.08
CTN_035,T2M,2024,12,19.58
CTN_035,T2M_MAX,2015,1,30.5
CTN_035,T2M_MAX,2015,2,33.6
CTN_035,T2M_MAX,2015,3,34.83
CTN_035,T2M_MAX,2015,4,36.34
CTN_035,T2M_MAX,2015,5,35.64
CTN_035,T2M_MAX,2015,6,32.46
CTN_035,T2M_MAX,2015,7,31.6
CTN_035,T2M_MAX,2015,8,31.89
CTN_035,T2M_MAX,2015,9,28.92
CTN_035,T2M_MAX,2015,10,29.97
CTN_035,T2M_MAX,2015,11,29.22
CTN_035,T2M_MAX,2015,12,31.23
CTN_035,T2M_MAX,2016,1,31.14
CTN_035,T2M_MAX,2016,2,33.47
CTN_035,T2M_MAX,2016,3,35.11
CTN_035,T2M_MAX,2016,4,36.92
CTN_035,T2M_MAX,2016,5,37.72
CTN_035,T2M_MAX,2016,6,32.72
CTN_035,T2M_MAX,2016,7,30.08
CTN_035,T2M_MAX,2016,8,30.2
CTN_035,T2M_MAX,2016,9,28.46
CTN_035,T2M_MAX,2016,10,28.97
CTN_035,T2M_MAX,2016,11,30.1
CTN_035,T2M_MAX,2016,12,31.16
CTN_035,T2M_MAX,2017,1,31.65
CTN_035,T2M_MAX,2017,2,33.39
CTN_035,T2M_MAX,2017,3,34.6
CTN_035,T2M_MAX,2017,4,36.8
CTN_035,T2M_MAX,2017,5,36.08
CTN_035,T2M_MAX,2017,6,31.07
CTN_035,T2M_MAX,2017,7,29.43
CTN_035,T2M_MAX,2017,8,29.68
CTN_035,T2M_MAX,2017,9,27.91
CTN_035,T2M_MAX,2017,10,28.78
CTN_035,T2M_MAX,2017,11,29.32
CTN_035,T2M_MAX,2017,12,29.86
CTN_035,T2M_MAX,2018,1,31.57
CTN_035,T2M_MAX,2018,2,32.57
CTN_035,T2M_MAX,2018,3,35.81
CTN_035,T2M_MAX,2018,4,35.33
CTN_035,T2M_MAX,2018,5,36.5
CTN_035,T2M_MAX,2018,6,34.76
CTN_035,T2M_MAX,2018,7,30.96
CTN_035,T2M_MAX,2018,8,29.36
CTN_035,T2M_MAX,2018,9,28.3
CTN_035,T2M_MAX,2018,10,27.33
CTN_035,T2M_MAX,2018,11,28.34
CTN_035,T2M_MAX,2018,12,28.11
CTN_035,T2M_MAX,2019,1,30.28
CTN_035,T2M_MAX,2019,2,34.06
CTN_035,T2M_MAX,2019,3,35.31
CTN_035,T2M_MAX,2019,4,36.09
CTN_035,T2M_MAX,2019,5,36.46
CTN_035,T2M_MAX,2019,6,33.45
CTN_035,T2M_MAX,2019,7,31.84
CTN_035,T2M_MAX,2019,8,29.56
CTN_035,T2M_MAX,2019,9,29.69
CTN_035,T2M_MAX,2019,10,28.18
CTN_035,T2M_MAX,2019,11,29.04
CTN_035,T2M_MAX,2019,12,28.13
CTN_035,T2M_MAX,2020,1,30.55
CTN_035,T2M_MAX,2020,2,33.85
CTN_035,T2M_MAX,2020,3,35.76
CTN_035,T2M_MAX,2020,4,36.94
CTN_035,T2M_MAX,2020,5,36.45
CTN_035,T2M_MAX,2020,6,35.27
CTN_035,T2M_MAX,2020,7,31.05
CTN_035,T2M_MAX,2020,8,30.5
CTN_035,T2M_MAX,2020,9,28.97
CTN_035,T2M_MAX,2020,10,28.54
CTN_035,T2M_MAX,2020,11,29.92
CTN_035,T2M_MAX,2020,12,30.75
CTN_035,T2M_MAX,2021,1,32.58
CTN_035,T2M_MAX,2021,2,33.89
CTN_035,T2M_MAX,2021,3,35.65
CTN_035,T2M_MAX,2021,4,36.66
CTN_035,T2M_MAX,2021,5,34.04
CTN_035,T2M_MAX,2021,6,30.49
CTN_035,T2M_MAX,2021,7,29.21
CTN_035,T2M_MAX,2021,8,29.94
CTN_035,T2M_MAX,2021,9,28.46
CTN_035,T2M_MAX,2021,10,28.61
CTN_035,T2M_MAX,2021,11,27.76
CTN_035,T2M_MAX,2021,12,29.36
CTN_035,T2M_MAX,2022,1,30.52
CTN_035,T2M_MAX,2022,2,33.5
CTN_035,T2M_MAX,2022,3,35.22
CTN_035,T2M_MAX,2022,4,37.18
CTN_035,T2M_MAX,2022,5,37.31
CTN_035,T2M_MAX,2022,6,31.3
CTN_035,T2M_MAX,2022,7,30.76
CTN_035,T2M_MAX,2022,8,29.47
CTN_035,T2M_MAX,2022,9,28.35
CTN_035,T2M_MAX,2022,10,28.37
CTN_035,T2M_MAX,2022,11,28.99
CTN_035,T2M_MAX,2022,12,28.57
CTN_035,T2M_MAX,2023,1,30.98
CTN_035,T2M_MAX,2023,2,33.63
CTN_035,T2M_MAX,2023,3,35.17
CTN_035,T2M_MAX,2023,4,36.33
CTN_035,T2M_MAX,2023,5,37.85
CTN_035,T2M_MAX,2023,6,38.3
CTN_035,T2M_MAX,2023,7,34.01
CTN_035,T2M_MAX,2023,8,30.71
CTN_035,T2M_MAX,2023,9,30.37
CTN_035,T2M_MAX,2023,10,28.72
CTN_035,T2M_MAX,2023,11,29.32
CTN_035,T2M_MAX,2023,12,28.0
CTN_035,T2M_MAX,2024,1,32.45
CTN_035,T2M_MAX,2024,2,34.62
CTN_035,T2M_MAX,2024,3,37.3
CTN_035,T2M_MAX,2024,4,37.76
CTN_035,T2M_MAX,2024,5,39.27
CTN_035,T2M_MAX,2024,6,37.77
CTN_035,T2M_MAX,2024,7,32.27
CTN_035,T2M_MAX,2024,8,29.68
CTN_035,T2M_MAX,2024,9,29.03
CTN_035,T2M_MAX,2024,10,28.09
CTN_035,T2M_MAX,2024,11,28.75
CTN_035,T2M_MAX,2024,12,29.31
CTN_035,WS10M,2015,1,2.52
CTN_035,WS10M,2015,2,2.18
CTN_035,WS10M,2015,3,2.4
CTN_035,WS10M,2015,4,2.72
CTN_035,WS10M,2015,5,2.15
CTN_035,WS10M,2015,6,2.04
CTN_035,WS10M,2015,7,1.82
CTN_035,WS10M,2015,8,1.58
CTN_035,WS10M,2015,9,1.65
CTN_035,WS10M,2015,10,1.99
CTN_035,WS10M,2015,11,1.89
CTN_035,WS10M,2015,12,2.14
CTN_035,WS10M,2016,1,1.96
CTN_035,WS10M,2016,2,2.58
CTN_035,WS10M,2016,3,2.55
CTN_035,WS10M,2016,4,2.51
CTN_035,WS10M,2016,5,2.55
CTN_035,WS10M,2016,6,2.1
CTN_035,WS10M,2016,7,1.61
CTN_035,WS10M,2016,8,1.85
CTN_035,WS10M,2016,9,1.58
CTN_035,WS10M,2016,10,1.87
CTN_035,WS10M,2016,11,1.99
CTN_035,WS10M,2016,12,2.16
CTN_035,WS10M,2017,1,2.27
CTN_035,WS10M,2017,2,2.35
CTN_035,WS10M,2017,3,2.61
CTN_035,WS10M,2017,4,2.78
CTN_035,WS10M,2017,5,2.57
CTN_035,WS10M,2017,6,2.01
CTN_035,WS10M,2017,7,1.57
CTN_035,WS10M,2017,8,1.82
CTN_035,WS10M,2017,9,1.72
CTN_035,WS10M,2017,10,2.02
CTN_035,WS10M,2017,11,1.94
CTN_035,WS10M,2017,12,2.05
CTN_035,WS10M,2018,1,2.61
CTN_035,WS10M,2018,2,2.17
CTN_035,WS10M,2018,3,2.51
CTN_035,WS10M,2018,4,2.66
CTN_035,WS10M,2018,5,2.39
CTN_035,WS10M,2018,6,2.26
CTN_035,WS10M,2018,7,1.7
CTN_035,WS10M,2018,8,1.56
CTN_035,WS10M,2018,9,1.61
CTN_035,WS10M,2018,10,1.72
CTN_035,WS10M,2018,11,1.77
CTN_035,WS10M,2018,12,1.95
CTN_035,WS10M,2019,1,2.04
CTN_035,WS10M,2019,2,2.18
CTN_035,WS10M,2019,3,2.62
CTN_035,WS10M,2019,4,2.86
CTN_035,WS10M,2019,5,2.75
CTN_035,WS10M,2019,6,2.1
CTN_035,WS10M,2019,7,1.56
CTN_035,WS10M,2019,8,1.62
CTN_035,WS10M,2019,9,1.75
CTN_035,WS10M,2019,10,1.71
CTN_035,WS10M,2019,11,1.93
CTN_035,WS10M,2019,12,1.87
CTN_035,WS10M,2020,1,2.3
CTN_035,WS10M,2020,2,2.39
CTN_035,WS10M,2020,3,2.6
CTN_035,WS10M,2020,4,2.91
CTN_035,WS10M,2020,5,2.64
CTN_035,WS10M,2020,6,2.31
CTN_035,WS10M,2020,7,1.83
CTN_035,WS10M,2020,8,1.87
CTN_035,WS10M,2020,9,1.71
CTN_035,WS10M,2020,10,1.91
CTN_035,WS10M,2020,11,2.75
CTN_035,WS10M,2020,12,1.94
CTN_035,WS10M,2021,1,2.0
CTN_035,WS10M,2021,2,2.48
CTN_035,WS10M,2021,3,2.46
CTN_035,WS10M,2021,4,3.08
CTN_035,WS10M,2021,5,2.46
CTN_035,WS10M,2021,6,1.98
CTN_035,WS10M,2021,7,1.69
CTN_035,WS10M,2021,8,1.92
CTN_035,WS10M,2021,9,1.69
CTN_035,WS10M,2021,10,1.73
CTN_035,WS10M,2021,11,2.05
CTN_035,WS10M,2021,12,1.72
CTN_035,WS10M,2022,1,2.08
CTN_035,WS10M,2022,2,2.33
CTN_035,WS10M,2022,3,2.67
CTN_035,WS10M,2022,4,2.68
CTN_035,WS10M,2022,5,2.61
CTN_035,WS10M,2022,6,2.08
CTN_035,WS10M,2022,7,1.61
CTN_035,WS10M,2022,8,1.64
CTN_035,WS10M,2022,9,1.83
CTN_035,WS10M,2022,10,1.79
CTN_035,WS10M,2022,11,1.64
CTN_035,WS10M,2022,12,1.99
CTN_035,WS10M,2023,1,2.02
CTN_035,WS10M,2023,2,2.39
CTN_035,WS10M,2023,3,2.65
CTN_035,WS10M,2023,4,2.89
CTN_035,WS10M,2023,5,2.43
CTN_035,WS10M,2023,6,2.92
CTN_035,WS10M,2023,7,1.98
CTN_035,WS10M,2023,8,1.66
CTN_035,WS10M,2023,9,1.5
CTN_035,WS10M,2023,10,1.91
CTN_035,WS10M,2023,11,2.04
CTN_035,WS10M,2023,12,2.11
CTN_035,WS10M,2024,1,2.04
CTN_035,WS10M,2024,2,2.26
CTN_035,WS10M,2024,3,2.62
CTN_035,WS10M,2024,4,2.87
CTN_035,WS10M,2024,5,2.77
CTN_035,WS10M,2024,6,2.76
CTN_035,WS10M,2024,7,1.71
CTN_035,WS10M,2024,8,1.54
CTN_035,WS10M,2024,9,1.9
CTN_035,WS10M,2024,10,2.04
CTN_035,WS10M,2024,11,1.84
CTN_035,WS10M,2024,12,2.05
CTN_036,ALLSKY_SFC_SW_DWN,2015,1,5.1029
CTN_036,ALLSKY_SFC_SW_DWN,2015,2,5.6297
CTN_036,ALLSKY_SFC_SW_DWN,2015,3,5.9503
CTN_036,ALLSKY_SFC_SW_DWN,2015,4,6.8688
CTN_036,ALLSKY_SFC_SW_DWN,2015,5,5.8577
CTN_036,ALLSKY_SFC_SW_DWN,2015,6,5.7233
CTN_036,ALLSKY_SFC_SW_DWN,2015,7,6.055
CTN_036,ALLSKY_SFC_SW_DWN,2015,8,6.1942
CTN_036,ALLSKY_SFC_SW_DWN,2015,9,5.2015
CTN_036,ALLSKY_SFC_SW_DWN,2015,10,5.1828
CTN_036,ALLSKY_SFC_SW_DWN,2015,11,5.0066
CTN_036,ALLSKY_SFC_SW_DWN,2015,12,4.6522
CTN_036,ALLSKY_SFC_SW_DWN,2016,1,4.2511
CTN_036,ALLSKY_SFC_SW_DWN,2016,2,5.9885
CTN_036,ALLSKY_SFC_SW_DWN,2016,3,6.1937
CTN_036,ALLSKY_SFC_SW_DWN,2016,4,6.8832
CTN_036,ALLSKY_SFC_SW_DWN,2016,5,6.5422
CTN_036,ALLSKY_SFC_SW_DWN,2016,6,5.7854
CTN_036,ALLSKY_SFC_SW_DWN,2016,7,6.1217
CTN_036,ALLSKY_SFC_SW_DWN,2016,8,5.8781
CTN_036,ALLSKY_SFC_SW_DWN,2016,9,5.4631
CTN_036,ALLSKY_SFC_SW_DWN,2016,10,5.7979
CTN_036,ALLSKY_SFC_SW_DWN,2016,11,5.0378
CTN_036,ALLSKY_SFC_SW_DWN,2016,12,5.0592
CTN_036,ALLSKY_SFC_SW_DWN,2017,1,5.4516
CTN_036,ALLSKY_SFC_SW_DWN,2017,2,6.253
CTN_036,ALLSKY_SFC_SW_DWN,2017,3,6.6667
CTN_036,ALLSKY_SFC_SW_DWN,2017,4,7.1045
CTN_036,ALLSKY_SFC_SW_DWN,2017,5,6.0158
CTN_036,ALLSKY_SFC_SW_DWN,2017,6,5.5135
CTN_036,ALLSKY_SFC_SW_DWN,2017,7,5.9371
CTN_036,ALLSKY_SFC_SW_DWN,2017,8,5.7149
CTN_036,ALLSKY_SFC_SW_DWN,2017,9,4.7688
CTN_036,ALLSKY_SFC_SW_DWN,2017,10,5.4187
CTN_036,ALLSKY_SFC_SW_DWN,2017,11,5.4818
CTN_036,ALLSKY_SFC_SW_DWN,2017,12,5.2145
CTN_036,ALLSKY_SFC_SW_DWN,2018,1,4.9625
CTN_036,ALLSKY_SFC_SW_DWN,2018,2,5.7168
CTN_036,ALLSKY_SFC_SW_DWN,2018,3,6.8376
CTN_036,ALLSKY_SFC_SW_DWN,2018,4,6.7886
CTN_036,ALLSKY_SFC_SW_DWN,2018,5,6.5208
CTN_036,ALLSKY_SFC_SW_DWN,2018,6,5.4682
CTN_036,ALLSKY_SFC_SW_DWN,2018,7,6.8988
CTN_036,ALLSKY_SFC_SW_DWN,2018,8,5.8337
CTN_036,ALLSKY_SFC_SW_DWN,2018,9,5.8049
CTN_036,ALLSKY_SFC_SW_DWN,2018,10,4.9438
CTN_036,ALLSKY_SFC_SW_DWN,2018,11,4.6474
CTN_036,ALLSKY_SFC_SW_DWN,2018,12,4.9735
CTN_036,ALLSKY_SFC_SW_DWN,2019,1,5.2416
CTN_036,ALLSKY_SFC_SW_DWN,2019,2,6.223
CTN_036,ALLSKY_SFC_SW_DWN,2019,3,6.8825
CTN_036,ALLSKY_SFC_SW_DWN,2019,4,7.3212
CTN_036,ALLSKY_SFC_SW_DWN,2019,5,6.6302
CTN_036,ALLSKY_SFC_SW_DWN,2019,6,5.8466
CTN_036,ALLSKY_SFC_SW_DWN,2019,7,6.3396
CTN_036,ALLSKY_SFC_SW_DWN,2019,8,6.1735
CTN_036,ALLSKY_SFC_SW_DWN,2019,9,5.5022
CTN_036,ALLSKY_SFC_SW_DWN,2019,10,4.9346
CTN_036,ALLSKY_SFC_SW_DWN,2019,11,5.035
CTN_036,ALLSKY_SFC_SW_DWN,2019,12,4.9406
CTN_036,ALLSKY_SFC_SW_DWN,2020,1,5.3014
CTN_036,ALLSKY_SFC_SW_DWN,2020,2,5.9935
CTN_036,ALLSKY_SFC_SW_DWN,2020,3,6.8522
CTN_036,ALLSKY_SFC_SW_DWN,2020,4,7.3094
CTN_036,ALLSKY_SFC_SW_DWN,2020,5,7.1126
CTN_036,ALLSKY_SFC_SW_DWN,2020,6,5.9875
CTN_036,ALLSKY_SFC_SW_DWN,2020,7,6.0348
CTN_036,ALLSKY_SFC_SW_DWN,2020,8,5.5555
CTN_036,ALLSKY_SFC_SW_DWN,2020,9,5.2063
CTN_036,ALLSKY_SFC_SW_DWN,2020,10,5.7372
CTN_036,ALLSKY_SFC_SW_DWN,2020,11,5.4557
CTN_036,ALLSKY_SFC_SW_DWN,2020,12,4.8254
CTN_036,ALLSKY_SFC_SW_DWN,2021,1,4.8883
CTN_036,ALLSKY_SFC_SW_DWN,2021,2,6.3473
CTN_036,ALLSKY_SFC_SW_DWN,2021,3,6.919
CTN_036,ALLSKY_SFC_SW_DWN,2021,4,7.3584
CTN_036,ALLSKY_SFC_SW_DWN,2021,5,6.642
CTN_036,ALLSKY_SFC_SW_DWN,2021,6,4.9135
CTN_036,ALLSKY_SFC_SW_DWN,2021,7,6.2009
CTN_036,ALLSKY_SFC_SW_DWN,2021,8,5.4379
CTN_036,ALLSKY_SFC_SW_DWN,2021,9,5.5039
CTN_036,ALLSKY_SFC_SW_DWN,2021,10,5.1636
CTN_036,ALLSKY_SFC_SW_DWN,2021,11,5.5058
CTN_036,ALLSKY_SFC_SW_DWN,2021,12,5.1216
CTN_036,ALLSKY_SFC_SW_DWN,2022,1,5.2169
CTN_036,ALLSKY_SFC_SW_DWN,2022,2,5.8219
CTN_036,ALLSKY_SFC_SW_DWN,2022,3,7.1266
CTN_036,ALLSKY_SFC_SW_DWN,2022,4,7.1834
CTN_036,ALLSKY_SFC_SW_DWN,2022,5,6.9103
CTN_036,ALLSKY_SFC_SW_DWN,2022,6,5.7257
CTN_036,ALLSKY_SFC_SW_DWN,2022,7,6.0175
CTN_036,ALLSKY_SFC_SW_DWN,2022,8,5.7478
CTN_036,ALLSKY_SFC_SW_DWN,2022,9,5.0993
CTN_036,ALLSKY_SFC_SW_DWN,2022,10,4.9054
CTN_036,ALLSKY_SFC_SW_DWN,2022,11,5.0659
CTN_036,ALLSKY_SFC_SW_DWN,2022,12,4.9238
CTN_036,ALLSKY_SFC_SW_DWN,2023,1,5.3666
CTN_036,ALLSKY_SFC_SW_DWN,2023,2,6.0384
CTN_036,ALLSKY_SFC_SW_DWN,2023,3,6.8532
CTN_036,ALLSKY_SFC_SW_DWN,2023,4,7.1774
CTN_036,ALLSKY_SFC_SW_DWN,2023,5,6.3259
CTN_036,ALLSKY_SFC_SW_DWN,2023,6,6.707
CTN_036,ALLSKY_SFC_SW_DWN,2023,7,5.9026
CTN_036,ALLSKY_SFC_SW_DWN,2023,8,5.7641
CTN_036,ALLSKY_SFC_SW_DWN,2023,9,6.0046
CTN_036,ALLSKY_SFC_SW_DWN,2023,10,4.8019
CTN_036,ALLSKY_SFC_SW_DWN,2023,11,5.0902
CTN_036,ALLSKY_SFC_SW_DWN,2023,12,4.6488
CTN_036,ALLSKY_SFC_SW_DWN,2024,1,5.0803
CTN_036,ALLSKY_SFC_SW_DWN,2024,2,5.9758
CTN_036,ALLSKY_SFC_SW_DWN,2024,3,7.1664
CTN_036,ALLSKY_SFC_SW_DWN,2024,4,7.3092
CTN_036,ALLSKY_SFC_SW_DWN,2024,5,6.9641
CTN_036,ALLSKY_SFC_SW_DWN,2024,6,5.947
CTN_036,ALLSKY_SFC_SW_DWN,2024,7,5.6215
CTN_036,ALLSKY_SFC_SW_DWN,2024,8,5.9333
CTN_036,ALLSKY_SFC_SW_DWN,2024,9,4.6392
CTN_036,ALLSKY_SFC_SW_DWN,2024,10,5.2361
CTN_036,ALLSKY_SFC_SW_DWN,2024,11,5.2152
CTN_036,ALLSKY_SFC_SW_DWN,2024,12,4.8943
CTN_036,PRECTOTCORR,2015,1,0.01
CTN_036,PRECTOTCORR,2015,2,0.13
CTN_036,PRECTOTCORR,2015,3,0.57
CTN_036,PRECTOTCORR,2015,4,0.07
CTN_036,PRECTOTCORR,2015,5,3.08
CTN_036,PRECTOTCORR,2015,6,3.69
CTN_036,PRECTOTCORR,2015,7,4.25
CTN_036,PRECTOTCORR,2015,8,4.27
CTN_036,PRECTOTCORR,2015,9,7.85
CTN_036,PRECTOTCORR,2015,10,2.96
CTN_036,PRECTOTCORR,2015,11,1.31
CTN_036,PRECTOTCORR,2015,12,0.05
CTN_036,PRECTOTCORR,2016,1,0.08
CTN_036,PRECTOTCORR,2016,2,0.03
CTN_036,PRECTOTCORR,2016,3,1.67
CTN_036,PRECTOTCORR,2016,4,0.42
CTN_036,PRECTOTCORR,2016,5,1.65
CTN_036,PRECTOTCORR,2016,6,5.55
CTN_036,PRECTOTCORR,2016,7,5.58
CTN_036,PRECTOTCORR,2016,8,5.31
CTN_036,PRECTOTCORR,2016,9,7.95
CTN_036,PRECTOTCORR,2016,10,1.31
CTN_036,PRECTOTCORR,2016,11,0.96
CTN_036,PRECTOTCORR,2016,12,0.01
CTN_036,PRECTOTCORR,2017,1,0.0
CTN_036,PRECTOTCORR,2017,2,0.0
CTN_036,PRECTOTCORR,2017,3,0.08
CTN_036,PRECTOTCORR,2017,4,0.15
CTN_036,PRECTOTCORR,2017,5,3.01
CTN_036,PRECTOTCORR,2017,6,6.86
CTN_036,PRECTOTCORR,2017,7,5.81
CTN_036,PRECTOTCORR,2017,8,7.33
CTN_036,PRECTOTCORR,2017,9,11.22
CTN_036,PRECTOTCORR,2017,10,1.95
CTN_036,PRECTOTCORR,2017,11,0.13
CTN_036,PRECTOTCORR,2017,12,0.01
CTN_036,PRECTOTCORR,2018,1,0.09
CTN_036,PRECTOTCORR,2018,2,0.08
CTN_036,PRECTOTCORR,2018,3,0.05
CTN_036,PRECTOTCORR,2018,4,0.7
CTN_036,PRECTOTCORR,2018,5,1.74
CTN_036,PRECTOTCORR,2018,6,7.52
CTN_036,PRECTOTCORR,2018,7,2.86
CTN_036,PRECTOTCORR,2018,8,9.16
CTN_036,PRECTOTCORR,2018,9,7.19
CTN_036,PRECTOTCORR,2018,10,5.07
CTN_036,PRECTOTCORR,2018,11,1.47
CTN_036,PRECTOTCORR,2018,12,0.17
CTN_036,PRECTOTCORR,2019,1,0.04
CTN_036,PRECTOTCORR,2019,2,0.0
CTN_036,PRECTOTCORR,2019,3,0.0
CTN_036,PRECTOTCORR,2019,4,0.01
CTN_036,PRECTOTCORR,2019,5,1.25
CTN_036,PRECTOTCORR,2019,6,5.52
CTN_036,PRECTOTCORR,2019,7,5.51
CTN_036,PRECTOTCORR,2019,8,5.76
CTN_036,PRECTOTCORR,2019,9,8.85
CTN_036,PRECTOTCORR,2019,10,5.38
CTN_036,PRECTOTCORR,2019,11,1.43
CTN_036,PRECTOTCORR,2019,12,0.01
CTN_036,PRECTOTCORR,2020,1,0.16
CTN_036,PRECTOTCORR,2020,2,0.04
CTN_036,PRECTOTCORR,2020,3,0.02
CTN_036,PRECTOTCORR,2020,4,0.29
CTN_036,PRECTOTCORR,2020,5,0.54
CTN_036,PRECTOTCORR,2020,6,5.18
CTN_036,PRECTOTCORR,2020,7,4.63
CTN_036,PRECTOTCORR,2020,8,8.22
CTN_036,PRECTOTCORR,2020,9,7.21
CTN_036,PRECTOTCORR,2020,10,2.14
CTN_036,PRECTOTCORR,2020,11,0.14
CTN_036,PRECTOTCORR,2020,12,0.12
CTN_036,PRECTOTCORR,2021,1,0.08
CTN_036,PRECTOTCORR,2021,2,0.27
CTN_036,PRECTOTCORR,2021,3,0.46
CTN_036,PRECTOTCORR,2021,4,0.03
CTN_036,PRECTOTCORR,2021,5,2.26
CTN_036,PRECTOTCORR,2021,6,8.4
CTN_036,PRECTOTCORR,2021,7,4.91
CTN_036,PRECTOTCORR,2021,8,8.73
CTN_036,PRECTOTCORR,2021,9,7.0
CTN_036,PRECTOTCORR,2021,10,3.87
CTN_036,PRECTOTCORR,2021,11,0.04
CTN_036,PRECTOTCORR,2021,12,0.01
CTN_036,PRECTOTCORR,2022,1,0.19
CTN_036,PRECTOTCORR,2022,2,0.03
CTN_036,PRECTOTCORR,2022,3,0.02
CTN_036,PRECTOTCORR,2022,4,0.52
CTN_036,PRECTOTCORR,2022,5,2.16
CTN_036,PRECTOTCORR,2022,6,8.0
CTN_036,PRECTOTCORR,2022,7,6.54
CTN_036,PRECTOTCORR,2022,8,6.27
CTN_036,PRECTOTCORR,2022,9,11.75
CTN_036,PRECTOTCORR,2022,10,2.77
CTN_036,PRECTOTCORR,2022,11,0.34
CTN_036,PRECTOTCORR,2022,12,0.09
CTN_036,PRECTOTCORR,2023,1,0.0
CTN_036,PRECTOTCORR,2023,2,0.0
CTN_036,PRECTOTCORR,2023,3,0.04
CTN_036,PRECTOTCORR,2023,4,0.91
CTN_036,PRECTOTCORR,2023,5,1.29
CTN_036,PRECTOTCORR,2023,6,0.49
CTN_036,PRECTOTCORR,2023,7,5.28
CTN_036,PRECTOTCORR,2023,8,7.32
CTN_036,PRECTOTCORR,2023,9,4.48
CTN_036,PRECTOTCORR,2023,10,7.43
CTN_036,PRECTOTCORR,2023,11,1.72
CTN_036,PRECTOTCORR,2023,12,0.13
CTN_036,PRECTOTCORR,2024,1,0.01
CTN_036,PRECTOTCORR,2024,2,0.29
CTN_036,PRECTOTCORR,2024,3,0.0
CTN_036,PRECTOTCORR,2024,4,0.01
CTN_036,PRECTOTCORR,2024,5,0.39
CTN_036,PRECTOTCORR,2024,6,3.22
CTN_036,PRECTOTCORR,2024,7,7.3
CTN_036,PRECTOTCORR,2024,8,6.33
CTN_036,PRECTOTCORR,2024,9,15.13
CTN_036,PRECTOTCORR,2024,10,3.0
CTN_036,PRECTOTCORR,2024,11,0.35
CTN_036,PRECTOTCORR,2024,12,0.04
CTN_036,T2M,2015,1,19.7
CTN_036,T2M,2015,2,20.67
CTN_036,T2M,2015,3,22.18
CTN_036,T2M,2015,4,24.67
CTN_036,T2M,2015,5,24.13
CTN_036,T2M,2015,6,23.0
CTN_036,T2M,2015,7,22.6
CTN_036,T2M,2015,8,22.77
CTN_036,T2M,2015,9,21.46
CTN_036,T2M,2015,10,21.78
CTN_036,T2M,2015,11,21.57
CTN_036,T2M,2015,12,20.93
CTN_036,T2M,2016,1,20.14
CTN_036,T2M,2016,2,20.8
CTN_036,T2M,2016,3,21.29
CTN_036,T2M,2016,4,24.52
CTN_036,T2M,2016,5,25.39
CTN_036,T2M,2016,6,22.6
CTN_036,T2M,2016,7,22.32
CTN_036,T2M,2016,8,22.17
CTN_036,T2M,2016,9,21.45
CTN_036,T2M,2016,10,21.52
CTN_036,T2M,2016,11,20.41
CTN_036,T2M,2016,12,21.11
CTN_036,T2M,2017,1,20.09
CTN_036,T2M,2017,2,21.1
CTN_036,T2M,2017,3,23.19
CTN_036,T2M,2017,4,23.93
CTN_036,T2M,2017,5,24.46
CTN_036,T2M,2017,6,22.44
CTN_036,T2M,2017,7,22.16
CTN_036,T2M,2017,8,21.79
CTN_036,T2M,2017,9,21.25
CTN_036,T2M,2017,10,21.15
CTN_036,T2M,2017,11,19.75
CTN_036,T2M,2017,12,19.12
CTN_036,T2M,2018,1,19.18
CTN_036,T2M,2018,2,21.7
CTN_036,T2M,2018,3,23.45
CTN_036,T2M,2018,4,24.27
CTN_036,T2M,2018,5,24.62
CTN_036,T2M,2018,6,22.0
CTN_036,T2M,2018,7,22.86
CTN_036,T2M,2018,8,21.58
CTN_036,T2M,2018,9,21.51
CTN_036,T2M,2018,10,21.17
CTN_036,T2M,2018,11,20.04
CTN_036,T2M,2018,12,19.1
CTN_036,T2M,2019,1,19.52
CTN_036,T2M,2019,2,21.56
CTN_036,T2M,2019,3,23.06
CTN_036,T2M,2019,4,23.88
CTN_036,T2M,2019,5,24.48
CTN_036,T2M,2019,6,23.33
CTN_036,T2M,2019,7,22.55
CTN_036,T2M,2019,8,22.45
CTN_036,T2M,2019,9,21.79
CTN_036,T2M,2019,10,21.15
CTN_036,T2M,2019,11,20.9
CTN_036,T2M,2019,12,19.76
CTN_036,T2M,2020,1,20.09
CTN_036,T2M,2020,2,21.7
CTN_036,T2M,2020,3,23.53
CTN_036,T2M,2020,4,25.36
CTN_036,T2M,2020,5,25.27
CTN_036,T2M,2020,6,23.87
CTN_036,T2M,2020,7,22.61
CTN_036,T2M,2020,8,21.96
CTN_036,T2M,2020,9,21.47
CTN_036,T2M,2020,10,20.87
CTN_036,T2M,2020,11,20.31
CTN_036,T2M,2020,12,20.28
CTN_036,T2M,2021,1,21.01
CTN_036,T2M,2021,2,20.91
CTN_036,T2M,2021,3,22.93
CTN_036,T2M,2021,4,24.21
CTN_036,T2M,2021,5,24.2
CTN_036,T2M,2021,6,21.69
CTN_036,T2M,2021,7,22.14
CTN_036,T2M,2021,8,21.4
CTN_036,T2M,2021,9,21.51
CTN_036,T2M,2021,10,21.8
CTN_036,T2M,2021,11,19.52
CTN_036,T2M,2021,12,20.41
CTN_036,T2M,2022,1,20.29
CTN_036,T2M,2022,2,21.59
CTN_036,T2M,2022,3,22.83
CTN_036,T2M,2022,4,24.61
CTN_036,T2M,2022,5,24.76
CTN_036,T2M,2022,6,22.2
CTN_036,T2M,2022,7,22.38
CTN_036,T2M,2022,8,21.8
CTN_036,T2M,2022,9,21.51
CTN_036,T2M,2022,10,21.27
CTN_036,T2M,2022,11,20.95
CTN_036,T2M,2022,12,19.3
CTN_036,T2M,2023,1,20.17
CTN_036,T2M,2023,2,21.53
CTN_036,T2M,2023,3,23.13
CTN_036,T2M,2023,4,24.38
CTN_036,T2M,2023,5,25.29
CTN_036,T2M,2023,6,26.11
CTN_036,T2M,2023,7,23.76
CTN_036,T2M,2023,8,22.91
CTN_036,T2M,2023,9,22.98
CTN_036,T2M,2023,10,21.82
CTN_036,T2M,2023,11,21.2
CTN_036,T2M,2023,12,19.71
CTN_036,T2M,2024,1,20.9
CTN_036,T2M,2024,2,22.14
CTN_036,T2M,2024,3,23.68
CTN_036,T2M,2024,4,25.43
CTN_036,T2M,2024,5,26.78
CTN_036,T2M,2024,6,24.57
CTN_036,T2M,2024,7,23.19
CTN_036,T2M,2024,8,22.71
CTN_036,T2M,2024,9,22.2
CTN_036,T2M,2024,10,21.31
CTN_036,T2M,2024,11,21.08
CTN_036,T2M,2024,12,19.58
CTN_036,T2M_MAX,2015,1,30.5
CTN_036,T2M_MAX,2015,2,33.6
CTN_036,T2M_MAX,2015,3,34.83
CTN_036,T2M_MAX,2015,4,36.34
CTN_036,T2M_MAX,2015,5,35.64
CTN_036,T2M_MAX,2015,6,32.46
CTN_036,T2M_MAX,2015,7,31.6
CTN_036,T2M_MAX,2015,8,31.89
CTN_036,T2M_MAX,2015,9,28.92
CTN_036,T2M_MAX,2015,10,29.97
CTN_036,T2M_MAX,2015,11,29.22
CTN_036,T2M_MAX,2015,12,31.23
CTN_036,T2M_MAX,2016,1,31.14
CTN_036,T2M_MAX,2016,2,33.47
CTN_036,T2M_MAX,2016,3,35.11
CTN_036,T2M_MAX,2016,4,36.92
CTN_036,T2M_MAX,2016,5,37.72
CTN_036,T2M_MAX,2016,6,32.72
CTN_036,T2M_MAX,2016,7,30.08
CTN_036,T2M_MAX,2016,8,30.2
CTN_036,T2M_MAX,2016,9,28.46
CTN_036,T2M_MAX,2016,10,28.97
CTN_036,T2M_MAX,2016,11,30.1
CTN_036,T2M_MAX,2016,12,31.16
CTN_036,T2M_MAX,2017,1,31.65
CTN_036,T2M_MAX,2017,2,33.39
CTN_036,T2M_MAX,2017,3,34.6
CTN_036,T2M_MAX,2017,4,36.8
CTN_036,T2M_MAX,2017,5,36.08
CTN_036,T2M_MAX,2017,6,31.07
CTN_036,T2M_MAX,2017,7,29.43
CTN_036,T2M_MAX,2017,8,29.68
CTN_036,T2M_MAX,2017,9,27.91
CTN_036,T2M_MAX,2017,10,28.78
CTN_036,T2M_MAX,2017,11,29.32
CTN_036,T2M_MAX,2017,12,29.86
CTN_036,T2M_MAX,2018,1,31.57
CTN_036,T2M_MAX,2018,2,32.57
CTN_036,T2M_MAX,2018,3,35.81
CTN_036,T2M_MAX,2018,4,35.33
CTN_036,T2M_MAX,2018,5,36.5
CTN_036,T2M_MAX,2018,6,34.76
CTN_036,T2M_MAX,2018,7,30.96
CTN_036,T2M_MAX,2018,8,29.36
CTN_036,T2M_MAX,2018,9,28.3
CTN_036,T2M_MAX,2018,10,27.33
CTN_036,T2M_MAX,2018,11,28.34
CTN_036,T2M_MAX,2018,12,28.11
CTN_036,T2M_MAX,2019,1,30.28
CTN_036,T2M_MAX,2019,2,34.06
CTN_036,T2M_MAX,2019,3,35.31
CTN_036,T2M_MAX,2019,4,36.09
CTN_036,T2M_MAX,2019,5,36.46
CTN_036,T2M_MAX,2019,6,33.45
CTN_036,T2M_MAX,2019,7,31.84
CTN_036,T2M_MAX,2019,8,29.56
CTN_036,T2M_MAX,2019,9,29.69
CTN_036,T2M_MAX,2019,10,28.18
CTN_036,T2M_MAX,2019,11,29.04
CTN_036,T2M_MAX,2019,12,28.13
CTN_036,T2M_MAX,2020,1,30.55
CTN_036,T2M_MAX,2020,2,33.85
CTN_036,T2M_MAX,2020,3,35.76
CTN_036,T2M_MAX,2020,4,36.94
CTN_036,T2M_MAX,2020,5,36.45
CTN_036,T2M_MAX,2020,6,35.27
CTN_036,T2M_MAX,2020,7,31.05
CTN_036,T2M_MAX,2020,8,30.5
CTN_036,T2M_MAX,2020,9,28.97
CTN_036,T2M_MAX,2020,10,28.54
CTN_036,T2M_MAX,2020,11,29.92
CTN_036,T2M_MAX,2020,12,30.75
CTN_036,T2M_MAX,2021,1,32.58
CTN_036,T2M_MAX,2021,2,33.89
CTN_036,T2M_MAX,2021,3,35.65
CTN_036,T2M_MAX,2021,4,36.66
CTN_036,T2M_MAX,2021,5,34.04
CTN_036,T2M_MAX,2021,6,30.49
CTN_036,T2M_MAX,2021,7,29.21
CTN_036,T2M_MAX,2021,8,29.94
CTN_036,T2M_MAX,2021,9,28.46
CTN_036,T2M_MAX,2021,10,28.61
CTN_036,T2M_MAX,2021,11,27.76
CTN_036,T2M_MAX,2021,12,29.36
CTN_036,T2M_MAX,2022,1,30.52
CTN_036,T2M_MAX,2022,2,33.5
CTN_036,T2M_MAX,2022,3,35.22
CTN_036,T2M_MAX,2022,4,37.18
CTN_036,T2M_MAX,2022,5,37.31
CTN_036,T2M_MAX,2022,6,31.3
CTN_036,T2M_MAX,2022,7,30.76
CTN_036,T2M_MAX,2022,8,29.47
CTN_036,T2M_MAX,2022,9,28.35
CTN_036,T2M_MAX,2022,10,28.37
CTN_036,T2M_MAX,2022,11,28.99
CTN_036,T2M_MAX,2022,12,28.57
CTN_036,T2M_MAX,2023,1,30.98
CTN_036,T2M_MAX,2023,2,33.63
CTN_036,T2M_MAX,2023,3,35.17
CTN_036,T2M_MAX,2023,4,36.33
CTN_036,T2M_MAX,2023,5,37.85
CTN_036,T2M_MAX,2023,6,38.3
CTN_036,T2M_MAX,2023,7,34.01
CTN_036,T2M_MAX,2023,8,30.71
CTN_036,T2M_MAX,2023,9,30.37
CTN_036,T2M_MAX,2023,10,28.72
CTN_036,T2M_MAX,2023,11,29.32
CTN_036,T2M_MAX,2023,12,28.0
CTN_036,T2M_MAX,2024,1,32.45
CTN_036,T2M_MAX,2024,2,34.62
CTN_036,T2M_MAX,2024,3,37.3
CTN_036,T2M_MAX,2024,4,37.76
CTN_036,T2M_MAX,2024,5,39.27
CTN_036,T2M_MAX,2024,6,37.77
CTN_036,T2M_MAX,2024,7,32.27
CTN_036,T2M_MAX,2024,8,29.68
CTN_036,T2M_MAX,2024,9,29.03
CTN_036,T2M_MAX,2024,10,28.09
CTN_036,T2M_MAX,2024,11,28.75
CTN_036,T2M_MAX,2024,12,29.31
CTN_036,WS10M,2015,1,2.52
CTN_036,WS10M,2015,2,2.18
CTN_036,WS10M,2015,3,2.4
CTN_036,WS10M,2015,4,2.72
CTN_036,WS10M,2015,5,2.15
CTN_036,WS10M,2015,6,2.04
CTN_036,WS10M,2015,7,1.82
CTN_036,WS10M,2015,8,1.58
CTN_036,WS10M,2015,9,1.65
CTN_036,WS10M,2015,10,1.99
CTN_036,WS10M,2015,11,1.89
CTN_036,WS10M,2015,12,2.14
CTN_036,WS10M,2016,1,1.96
CTN_036,WS10M,2016,2,2.58
CTN_036,WS10M,2016,3,2.55
CTN_036,WS10M,2016,4,2.51
CTN_036,WS10M,2016,5,2.55
CTN_036,WS10M,2016,6,2.1
CTN_036,WS10M,2016,7,1.61
CTN_036,WS10M,2016,8,1.85
CTN_036,WS10M,2016,9,1.58
CTN_036,WS10M,2016,10,1.87
CTN_036,WS10M,2016,11,1.99
CTN_036,WS10M,2016,12,2.16
CTN_036,WS10M,2017,1,2.27
CTN_036,WS10M,2017,2,2.35
CTN_036,WS10M,2017,3,2.61
CTN_036,WS10M,2017,4,2.78
CTN_036,WS10M,2017,5,2.57
CTN_036,WS10M,2017,6,2.01
CTN_036,WS10M,2017,7,1.57
CTN_036,WS10M,2017,8,1.82
CTN_036,WS10M,2017,9,1.72
CTN_036,WS10M,2017,10,2.02
CTN_036,WS10M,2017,11,1.94
CTN_036,WS10M,2017,12,2.05
CTN_036,WS10M,2018,1,2.61
CTN_036,WS10M,2018,2,2.17
CTN_036,WS10M,2018,3,2.51
CTN_036,WS10M,2018,4,2.66
CTN_036,WS10M,2018,5,2.39
CTN_036,WS10M,2018,6,2.26
CTN_036,WS10M,2018,7,1.7
CTN_036,WS10M,2018,8,1.56
CTN_036,WS10M,2018,9,1.61
CTN_036,WS10M,2018,10,1.72
CTN_036,WS10M,2018,11,1.77
CTN_036,WS10M,2018,12,1.95
CTN_036,WS10M,2019,1,2.04
CTN_036,WS10M,2019,2,2.18
CTN_036,WS10M,2019,3,2.62
CTN_036,WS10M,2019,4,2.86
CTN_036,WS10M,2019,5,2.75
CTN_036,WS10M,2019,6,2.1
CTN_036,WS10M,2019,7,1.56
CTN_036,WS10M,2019,8,1.62
CTN_036,WS10M,2019,9,1.75
CTN_036,WS10M,2019,10,1.71
CTN_036,WS10M,2019,11,1.93
CTN_036,WS10M,2019,12,1.87
CTN_036,WS10M,2020,1,2.3
CTN_036,WS10M,2020,2,2.39
CTN_036,WS10M,2020,3,2.6
CTN_036,WS10M,2020,4,2.91
CTN_036,WS10M,2020,5,2.64
CTN_036,WS10M,2020,6,2.31
CTN_036,WS10M,2020,7,1.83
CTN_036,WS10M,2020,8,1.87
CTN_036,WS10M,2020,9,1.71
CTN_036,WS10M,2020,10,1.91
CTN_036,WS10M,2020,11,2.75
CTN_036,WS10M,2020,12,1.94
CTN_036,WS10M,2021,1,2.0
CTN_036,WS10M,2021,2,2.48
CTN_036,WS10M,2021,3,2.46
CTN_036,WS10M,2021,4,3.08
CTN_036,WS10M,2021,5,2.46
CTN_036,WS10M,2021,6,1.98
CTN_036,WS10M,2021,7,1.69
CTN_036,WS10M,2021,8,1.92
CTN_036,WS10M,2021,9,1.69
CTN_036,WS10M,2021,10,1.73
CTN_036,WS10M,2021,11,2.05
CTN_036,WS10M,2021,12,1.72
CTN_036,WS10M,2022,1,2.08
CTN_036,WS10M,2022,2,2.33
CTN_036,WS10M,2022,3,2.67
CTN_036,WS10M,2022,4,2.68
CTN_036,WS10M,2022,5,2.61
CTN_036,WS10M,2022,6,2.08
CTN_036,WS10M,2022,7,1.61
CTN_036,WS10M,2022,8,1.64
CTN_036,WS10M,2022,9,1.83
CTN_036,WS10M,2022,10,1.79
CTN_036,WS10M,2022,11,1.64
CTN_036,WS10M,2022,12,1.99
CTN_036,WS10M,2023,1,2.02
CTN_036,WS10M,2023,2,2.39
CTN_036,WS10M,2023,3,2.65
CTN_036,WS10M,2023,4,2.89
CTN_036,WS10M,2023,5,2.43
CTN_036,WS10M,2023,6,2.92
CTN_036,WS10M,2023,7,1.98
CTN_036,WS10M,2023,8,1.66
CTN_036,WS10M,2023,9,1.5
CTN_036,WS10M,2023,10,1.91
CTN_036,WS10M,2023,11,2.04
CTN_036,WS10M,2023,12,2.11
CTN_036,WS10M,2024,1,2.04
CTN_036,WS10M,2024,2,2.26
CTN_036,WS10M,2024,3,2.62
CTN_036,WS10M,2024,4,2.87
CTN_036,WS10M,2024,5,2.77
CTN_036,WS10M,2024,6,2.76
CTN_036,WS10M,2024,7,1.71
CTN_036,WS10M,2024,8,1.54
CTN_036,WS10M,2024,9,1.9
CTN_036,WS10M,2024,10,2.04
CTN_036,WS10M,2024,11,1.84
CTN_036,WS10M,2024,12,2.05
CTN_037,ALLSKY_SFC_SW_DWN,2015,1,5.1029
CTN_037,ALLSKY_SFC_SW_DWN,2015,2,5.6297
CTN_037,ALLSKY_SFC_SW_DWN,2015,3,5.9503
CTN_037,ALLSKY_SFC_SW_DWN,2015,4,6.8688
CTN_037,ALLSKY_SFC_SW_DWN,2015,5,5.8577
CTN_037,ALLSKY_SFC_SW_DWN,2015,6,5.7233
CTN_037,ALLSKY_SFC_SW_DWN,2015,7,6.055
CTN_037,ALLSKY_SFC_SW_DWN,2015,8,6.1942
CTN_037,ALLSKY_SFC_SW_DWN,2015,9,5.2015
CTN_037,ALLSKY_SFC_SW_DWN,2015,10,5.1828
CTN_037,ALLSKY_SFC_SW_DWN,2015,11,5.0066
CTN_037,ALLSKY_SFC_SW_DWN,2015,12,4.6522
CTN_037,ALLSKY_SFC_SW_DWN,2016,1,4.2511
CTN_037,ALLSKY_SFC_SW_DWN,2016,2,5.9885
CTN_037,ALLSKY_SFC_SW_DWN,2016,3,6.1937
CTN_037,ALLSKY_SFC_SW_DWN,2016,4,6.8832
CTN_037,ALLSKY_SFC_SW_DWN,2016,5,6.5422
CTN_037,ALLSKY_SFC_SW_DWN,2016,6,5.7854
CTN_037,ALLSKY_SFC_SW_DWN,2016,7,6.1217
CTN_037,ALLSKY_SFC_SW_DWN,2016,8,5.8781
CTN_037,ALLSKY_SFC_SW_DWN,2016,9,5.4631
CTN_037,ALLSKY_SFC_SW_DWN,2016,10,5.7979
CTN_037,ALLSKY_SFC_SW_DWN,2016,11,5.0378
CTN_037,ALLSKY_SFC_SW_DWN,2016,12,5.0592
CTN_037,ALLSKY_SFC_SW_DWN,2017,1,5.4516
CTN_037,ALLSKY_SFC_SW_DWN,2017,2,6.253
CTN_037,ALLSKY_SFC_SW_DWN,2017,3,6.6667
CTN_037,ALLSKY_SFC_SW_DWN,2017,4,7.1045
CTN_037,ALLSKY_SFC_SW_DWN,2017,5,6.0158
CTN_037,ALLSKY_SFC_SW_DWN,2017,6,5.5135
CTN_037,ALLSKY_SFC_SW_DWN,2017,7,5.9371
CTN_037,ALLSKY_SFC_SW_DWN,2017,8,5.7149
CTN_037,ALLSKY_SFC_SW_DWN,2017,9,4.7688
CTN_037,ALLSKY_SFC_SW_DWN,2017,10,5.4187
CTN_037,ALLSKY_SFC_SW_DWN,2017,11,5.4818
CTN_037,ALLSKY_SFC_SW_DWN,2017,12,5.2145
CTN_037,ALLSKY_SFC_SW_DWN,2018,1,4.9625
CTN_037,ALLSKY_SFC_SW_DWN,2018,2,5.7168
CTN_037,ALLSKY_SFC_SW_DWN,2018,3,6.8376
CTN_037,ALLSKY_SFC_SW_DWN,2018,4,6.7886
CTN_037,ALLSKY_SFC_SW_DWN,2018,5,6.5208
CTN_037,ALLSKY_SFC_SW_DWN,2018,6,5.4682
CTN_037,ALLSKY_SFC_SW_DWN,2018,7,6.8988
CTN_037,ALLSKY_SFC_SW_DWN,2018,8,5.8337
CTN_037,ALLSKY_SFC_SW_DWN,2018,9,5.8049
CTN_037,ALLSKY_SFC_SW_DWN,2018,10,4.9438
CTN_037,ALLSKY_SFC_SW_DWN,2018,11,4.6474
CTN_037,ALLSKY_SFC_SW_DWN,2018,12,4.9735
CTN_037,ALLSKY_SFC_SW_DWN,2019,1,5.2416
CTN_037,ALLSKY_SFC_SW_DWN,2019,2,6.223
CTN_037,ALLSKY_SFC_SW_DWN,2019,3,6.8825
CTN_037,ALLSKY_SFC_SW_DWN,2019,4,7.3212
CTN_037,ALLSKY_SFC_SW_DWN,2019,5,6.6302
CTN_037,ALLSKY_SFC_SW_DWN,2019,6,5.8466
CTN_037,ALLSKY_SFC_SW_DWN,2019,7,6.3396
CTN_037,ALLSKY_SFC_SW_DWN,2019,8,6.1735
CTN_037,ALLSKY_SFC_SW_DWN,2019,9,5.5022
CTN_037,ALLSKY_SFC_SW_DWN,2019,10,4.9346
CTN_037,ALLSKY_SFC_SW_DWN,2019,11,5.035
CTN_037,ALLSKY_SFC_SW_DWN,2019,12,4.9406
CTN_037,ALLSKY_SFC_SW_DWN,2020,1,5.3014
CTN_037,ALLSKY_SFC_SW_DWN,2020,2,5.9935
CTN_037,ALLSKY_SFC_SW_DWN,2020,3,6.8522
CTN_037,ALLSKY_SFC_SW_DWN,2020,4,7.3094
CTN_037,ALLSKY_SFC_SW_DWN,2020,5,7.1126
CTN_037,ALLSKY_SFC_SW_DWN,2020,6,5.9875
CTN_037,ALLSKY_SFC_SW_DWN,2020,7,6.0348
CTN_037,ALLSKY_SFC_SW_DWN,2020,8,5.5555
CTN_037,ALLSKY_SFC_SW_DWN,2020,9,5.2063
CTN_037,ALLSKY_SFC_SW_DWN,2020,10,5.7372
CTN_037,ALLSKY_SFC_SW_DWN,2020,11,5.4557
CTN_037,ALLSKY_SFC_SW_DWN,2020,12,4.8254
CTN_037,ALLSKY_SFC_SW_DWN,2021,1,4.8883
CTN_037,ALLSKY_SFC_SW_DWN,2021,2,6.3473
CTN_037,ALLSKY_SFC_SW_DWN,2021,3,6.919
CTN_037,ALLSKY_SFC_SW_DWN,2021,4,7.3584
CTN_037,ALLSKY_SFC_SW_DWN,2021,5,6.642
CTN_037,ALLSKY_SFC_SW_DWN,2021,6,4.9135
CTN_037,ALLSKY_SFC_SW_DWN,2021,7,6.2009
CTN_037,ALLSKY_SFC_SW_DWN,2021,8,5.4379
CTN_037,ALLSKY_SFC_SW_DWN,2021,9,5.5039
CTN_037,ALLSKY_SFC_SW_DWN,2021,10,5.1636
CTN_037,ALLSKY_SFC_SW_DWN,2021,11,5.5058
CTN_037,ALLSKY_SFC_SW_DWN,2021,12,5.1216
CTN_037,ALLSKY_SFC_SW_DWN,2022,1,5.2169
CTN_037,ALLSKY_SFC_SW_DWN,2022,2,5.8219
CTN_037,ALLSKY_SFC_SW_DWN,2022,3,7.1266
CTN_037,ALLSKY_SFC_SW_DWN,2022,4,7.1834
CTN_037,ALLSKY_SFC_SW_DWN,2022,5,6.9103
CTN_037,ALLSKY_SFC_SW_DWN,2022,6,5.7257
CTN_037,ALLSKY_SFC_SW_DWN,2022,7,6.0175
CTN_037,ALLSKY_SFC_SW_DWN,2022,8,5.7478
CTN_037,ALLSKY_SFC_SW_DWN,2022,9,5.0993
CTN_037,ALLSKY_SFC_SW_DWN,2022,10,4.9054
CTN_037,ALLSKY_SFC_SW_DWN,2022,11,5.0659
CTN_037,ALLSKY_SFC_SW_DWN,2022,12,4.9238
CTN_037,ALLSKY_SFC_SW_DWN,2023,1,5.3666
CTN_037,ALLSKY_SFC_SW_DWN,2023,2,6.0384
CTN_037,ALLSKY_SFC_SW_DWN,2023,3,6.8532
CTN_037,ALLSKY_SFC_SW_DWN,2023,4,7.1774
CTN_037,ALLSKY_SFC_SW_DWN,2023,5,6.3259
CTN_037,ALLSKY_SFC_SW_DWN,2023,6,6.707
CTN_037,ALLSKY_SFC_SW_DWN,2023,7,5.9026
CTN_037,ALLSKY_SFC_SW_DWN,2023,8,5.7641
CTN_037,ALLSKY_SFC_SW_DWN,2023,9,6.0046
CTN_037,ALLSKY_SFC_SW_DWN,2023,10,4.8019
CTN_037,ALLSKY_SFC_SW_DWN,2023,11,5.0902
CTN_037,ALLSKY_SFC_SW_DWN,2023,12,4.6488
CTN_037,ALLSKY_SFC_SW_DWN,2024,1,5.0803
CTN_037,ALLSKY_SFC_SW_DWN,2024,2,5.9758
CTN_037,ALLSKY_SFC_SW_DWN,2024,3,7.1664
CTN_037,ALLSKY_SFC_SW_DWN,2024,4,7.3092
CTN_037,ALLSKY_SFC_SW_DWN,2024,5,6.9641
CTN_037,ALLSKY_SFC_SW_DWN,2024,6,5.947
CTN_037,ALLSKY_SFC_SW_DWN,2024,7,5.6215
CTN_037,ALLSKY_SFC_SW_DWN,2024,8,5.9333
CTN_037,ALLSKY_SFC_SW_DWN,2024,9,4.6392
CTN_037,ALLSKY_SFC_SW_DWN,2024,10,5.2361
CTN_037,ALLSKY_SFC_SW_DWN,2024,11,5.2152
CTN_037,ALLSKY_SFC_SW_DWN,2024,12,4.8943
CTN_037,PRECTOTCORR,2015,1,0.0
CTN_037,PRECTOTCORR,2015,2,0.12
CTN_037,PRECTOTCORR,2015,3,0.51
CTN_037,PRECTOTCORR,2015,4,0.06
CTN_037,PRECTOTCORR,2015,5,2.7
CTN_037,PRECTOTCORR,2015,6,4.02
CTN_037,PRECTOTCORR,2015,7,4.39
CTN_037,PRECTOTCORR,2015,8,5.49
CTN_037,PRECTOTCORR,2015,9,9.52
CTN_037,PRECTOTCORR,2015,10,4.92
CTN_037,PRECTOTCORR,2015,11,1.43
CTN_037,PRECTOTCORR,2015,12,0.1
CTN_037,PRECTOTCORR,2016,1,0.15
CTN_037,PRECTOTCORR,2016,2,0.06
CTN_037,PRECTOTCORR,2016,3,1.97
CTN_037,PRECTOTCORR,2016,4,0.28
CTN_037,PRECTOTCORR,2016,5,1.32
CTN_037,PRECTOTCORR,2016,6,7.26
CTN_037,PRECTOTCORR,2016,7,6.45
CTN_037,PRECTOTCORR,2016,8,7.88
CTN_037,PRECTOTCORR,2016,9,11.13
CTN_037,PRECTOTCORR,2016,10,1.61
CTN_037,PRECTOTCORR,2016,11,1.48
CTN_037,PRECTOTCORR,2016,12,0.04
CTN_037,PRECTOTCORR,2017,1,0.0
CTN_037,PRECTOTCORR,2017,2,0.0
CTN_037,PRECTOTCORR,2017,3,0.03
CTN_037,PRECTOTCORR,2017,4,0.11
CTN_037,PRECTOTCORR,2017,5,3.84
CTN_037,PRECTOTCORR,2017,6,8.22
CTN_037,PRECTOTCORR,2017,7,6.06
CTN_037,PRECTOTCORR,2017,8,10.32
CTN_037,PRECTOTCORR,2017,9,17.57
CTN_037,PRECTOTCORR,2017,10,3.25
CTN_037,PRECTOTCORR,2017,11,0.28
CTN_037,PRECTOTCORR,2017,12,0.01
CTN_037,PRECTOTCORR,2018,1,0.06
CTN_037,PRECTOTCORR,2018,2,0.13
CTN_037,PRECTOTCORR,2018,3,0.05
CTN_037,PRECTOTCORR,2018,4,0.4
CTN_037,PRECTOTCORR,2018,5,1.17
CTN_037,PRECTOTCORR,2018,6,9.99
CTN_037,PRECTOTCORR,2018,7,3.8
CTN_037,PRECTOTCORR,2018,8,10.48
CTN_037,PRECTOTCORR,2018,9,8.6
CTN_037,PRECTOTCORR,2018,10,7.39
CTN_037,PRECTOTCORR,2018,11,2.3
CTN_037,PRECTOTCORR,2018,12,0.31
CTN_037,PRECTOTCORR,2019,1,0.03
CTN_037,PRECTOTCORR,2019,2,0.0
CTN_037,PRECTOTCORR,2019,3,0.0
CTN_037,PRECTOTCORR,2019,4,0.0
CTN_037,PRECTOTCORR,2019,5,1.16
CTN_037,PRECTOTCORR,2019,6,5.48
CTN_037,PRECTOTCORR,2019,7,5.91
CTN_037,PRECTOTCORR,2019,8,7.58
CTN_037,PRECTOTCORR,2019,9,12.06
CTN_037,PRECTOTCORR,2019,10,7.48
CTN_037,PRECTOTCORR,2019,11,2.18
CTN_037,PRECTOTCORR,2019,12,0.02
CTN_037,PRECTOTCORR,2020,1,0.14
CTN_037,PRECTOTCORR,2020,2,0.05
CTN_037,PRECTOTCORR,2020,3,0.0
CTN_037,PRECTOTCORR,2020,4,0.2
CTN_037,PRECTOTCORR,2020,5,0.28
CTN_037,PRECTOTCORR,2020,6,5.28
CTN_037,PRECTOTCORR,2020,7,4.86
CTN_037,PRECTOTCORR,2020,8,12.98
CTN_037,PRECTOTCORR,2020,9,9.41
CTN_037,PRECTOTCORR,2020,10,3.15
CTN_037,PRECTOTCORR,2020,11,0.19
CTN_037,PRECTOTCORR,2020,12,0.21
CTN_037,PRECTOTCORR,2021,1,0.08
CTN_037,PRECTOTCORR,2021,2,0.22
CTN_037,PRECTOTCORR,2021,3,0.32
CTN_037,PRECTOTCORR,2021,4,0.04
CTN_037,PRECTOTCORR,2021,5,1.61
CTN_037,PRECTOTCORR,2021,6,11.78
CTN_037,PRECTOTCORR,2021,7,6.57
CTN_037,PRECTOTCORR,2021,8,11.36
CTN_037,PRECTOTCORR,2021,9,9.36
CTN_037,PRECTOTCORR,2021,10,6.79
CTN_037,PRECTOTCORR,2021,11,0.12
CTN_037,PRECTOTCORR,2021,12,0.01
CTN_037,PRECTOTCORR,2022,1,0.22
CTN_037,PRECTOTCORR,2022,2,0.02
CTN_037,PRECTOTCORR,2022,3,0.01
CTN_037,PRECTOTCORR,2022,4,0.41
CTN_037,PRECTOTCORR,2022,5,2.34
CTN_037,PRECTOTCORR,2022,6,10.73
CTN_037,PRECTOTCORR,2022,7,6.74
CTN_037,PRECTOTCORR,2022,8,6.24
CTN_037,PRECTOTCORR,2022,9,14.94
CTN_037,PRECTOTCORR,2022,10,3.75
CTN_037,PRECTOTCORR,2022,11,0.32
CTN_037,PRECTOTCORR,2022,12,0.11
CTN_037,PRECTOTCORR,2023,1,0.0
CTN_037,PRECTOTCORR,2023,2,0.0
CTN_037,PRECTOTCORR,2023,3,0.02
CTN_037,PRECTOTCORR,2023,4,0.93
CTN_037,PRECTOTCORR,2023,5,1.68
CTN_037,PRECTOTCORR,2023,6,1.54
CTN_037,PRECTOTCORR,2023,7,4.54
CTN_037,PRECTOTCORR,2023,8,6.93
CTN_037,PRECTOTCORR,2023,9,4.12
CTN_037,PRECTOTCORR,2023,10,11.32
CTN_037,PRECTOTCORR,2023,11,2.17
CTN_037,PRECTOTCORR,2023,12,0.19
CTN_037,PRECTOTCORR,2024,1,0.06
CTN_037,PRECTOTCORR,2024,2,0.22
CTN_037,PRECTOTCORR,2024,3,0.0
CTN_037,PRECTOTCORR,2024,4,0.01
CTN_037,PRECTOTCORR,2024,5,0.31
CTN_037,PRECTOTCORR,2024,6,3.23
CTN_037,PRECTOTCORR,2024,7,5.93
CTN_037,PRECTOTCORR,2024,8,6.71
CTN_037,PRECTOTCORR,2024,9,16.93
CTN_037,PRECTOTCORR,2024,10,3.49
CTN_037,PRECTOTCORR,2024,11,0.37
CTN_037,PRECTOTCORR,2024,12,0.1
CTN_037,T2M,2015,1,23.94
CTN_037,T2M,2015,2,24.28
CTN_037,T2M,2015,3,25.3
CTN_037,T2M,2015,4,26.81
CTN_037,T2M,2015,5,26.7
CTN_037,T2M,2015,6,25.82
CTN_037,T2M,2015,7,25.63
CTN_037,T2M,2015,8,25.73
CTN_037,T2M,2015,9,24.53
CTN_037,T2M,2015,10,24.9
CTN_037,T2M,2015,11,24.83
CTN_037,T2M,2015,12,24.56
CTN_037,T2M,2016,1,24.16
CTN_037,T2M,2016,2,24.85
CTN_037,T2M,2016,3,24.31
CTN_037,T2M,2016,4,26.49
CTN_037,T2M,2016,5,27.28
CTN_037,T2M,2016,6,25.26
CTN_037,T2M,2016,7,25.1
CTN_037,T2M,2016,8,24.95
CTN_037,T2M,2016,9,24.33
CTN_037,T2M,2016,10,24.69
CTN_037,T2M,2016,11,24.1
CTN_037,T2M,2016,12,24.84
CTN_037,T2M,2017,1,23.86
CTN_037,T2M,2017,2,24.31
CTN_037,T2M,2017,3,25.6
CTN_037,T2M,2017,4,25.67
CTN_037,T2M,2017,5,26.15
CTN_037,T2M,2017,6,24.53
CTN_037,T2M,2017,7,24.94
CTN_037,T2M,2017,8,24.35
CTN_037,T2M,2017,9,23.96
CTN_037,T2M,2017,10,24.32
CTN_037,T2M,2017,11,23.48
CTN_037,T2M,2017,12,23.34
CTN_037,T2M,2018,1,23.9
CTN_037,T2M,2018,2,24.93
CTN_037,T2M,2018,3,25.66
CTN_037,T2M,2018,4,26.3
CTN_037,T2M,2018,5,26.85
CTN_037,T2M,2018,6,24.44
CTN_037,T2M,2018,7,25.57
CTN_037,T2M,2018,8,24.57
CTN_037,T2M,2018,9,24.27
CTN_037,T2M,2018,10,24.01
CTN_037,T2M,2018,11,23.32
CTN_037,T2M,2018,12,22.67
CTN_037,T2M,2019,1,23.2
CTN_037,T2M,2019,2,24.28
CTN_037,T2M,2019,3,25.59
CTN_037,T2M,2019,4,25.64
CTN_037,T2M,2019,5,25.95
CTN_037,T2M,2019,6,25.75
CTN_037,T2M,2019,7,25.39
CTN_037,T2M,2019,8,25.21
CTN_037,T2M,2019,9,24.64
CTN_037,T2M,2019,10,23.99
CTN_037,T2M,2019,11,24.23
CTN_037,T2M,2019,12,23.33
CTN_037,T2M,2020,1,23.98
CTN_037,T2M,2020,2,24.95
CTN_037,T2M,2020,3,25.97
CTN_037,T2M,2020,4,26.87
CTN_037,T2M,2020,5,27.2
CTN_037,T2M,2020,6,26.03
CTN_037,T2M,2020,7,25.28
CTN_037,T2M,2020,8,24.66
CTN_037,T2M,2020,9,24.19
CTN_037,T2M,2020,10,24.14
CTN_037,T2M,2020,11,23.99
CTN_037,T2M,2020,12,23.78
CTN_037,T2M,2021,1,24.47
CTN_037,T2M,2021,2,23.67
CTN_037,T2M,2021,3,25.08
CTN_037,T2M,2021,4,26.11
CTN_037,T2M,2021,5,26.61
CTN_037,T2M,2021,6,24.45
CTN_037,T2M,2021,7,24.83
CTN_037,T2M,2021,8,24.14
CTN_037,T2M,2021,9,24.22
CTN_037,T2M,2021,10,24.59
CTN_037,T2M,2021,11,23.22
CTN_037,T2M,2021,12,23.86
CTN_037,T2M,2022,1,23.93
CTN_037,T2M,2022,2,24.94
CTN_037,T2M,2022,3,25.21
CTN_037,T2M,2022,4,26.22
CTN_037,T2M,2022,5,26.49
CTN_037,T2M,2022,6,24.36
CTN_037,T2M,2022,7,24.86
CTN_037,T2M,2022,8,24.52
CTN_037,T2M,2022,9,24.2
CTN_037,T2M,2022,10,24.1
CTN_037,T2M,2022,11,23.98
CTN_037,T2M,2022,12,23.2
CTN_037,T2M,2023,1,24.07
CTN_037,T2M,2023,2,25.0
CTN_037,T2M,2023,3,25.31
CTN_037,T2M,2023,4,26.25
CTN_037,T2M,2023,5,27.44
CTN_037,T2M,2023,6,27.69
CTN_037,T2M,2023,7,26.57
CTN_037,T2M,2023,8,25.77
CTN_037,T2M,2023,9,25.8
CTN_037,T2M,2023,10,24.67
CTN_037,T2M,2023,11,24.69
CTN_037,T2M,2023,12,23.87
CTN_037,T2M,2024,1,24.52
CTN_037,T2M,2024,2,24.91
CTN_037,T2M,2024,3,25.44
CTN_037,T2M,2024,4,26.79
CTN_037,T2M,2024,5,27.96
CTN_037,T2M,2024,6,26.26
CTN_037,T2M,2024,7,26.13
CTN_037,T2M,2024,8,25.46
CTN_037,T2M,2024,9,24.93
CTN_037,T2M,2024,10,24.58
CTN_037,T2M,2024,11,24.25
CTN_037,T2M,2024,12,23.51
CTN_037,T2M_MAX,2015,1,33.35
CTN_037,T2M_MAX,2015,2,34.66
CTN_037,T2M_MAX,2015,3,35.73
CTN_037,T2M_MAX,2015,4,36.5
CTN_037,T2M_MAX,2015,5,35.72
CTN_037,T2M_MAX,2015,6,34.61
CTN_037,T2M_MAX,2015,7,32.45
CTN_037,T2M_MAX,2015,8,33.72
CTN_037,T2M_MAX,2015,9,30.62
CTN_037,T2M_MAX,2015,10,31.67
CTN_037,T2M_MAX,2015,11,30.9
CTN_037,T2M_MAX,2015,12,32.67
CTN_037,T2M_MAX,2016,1,33.36
CTN_037,T2M_MAX,2016,2,35.8
CTN_037,T2M_MAX,2016,3,35.0
CTN_037,T2M_MAX,2016,4,35.73
CTN_037,T2M_MAX,2016,5,35.81
CTN_037,T2M_MAX,2016,6,34.41
CTN_037,T2M_MAX,2016,7,31.77
CTN_037,T2M_MAX,2016,8,31.62
CTN_037,T2M_MAX,2016,9,29.84
CTN_037,T2M_MAX,2016,10,30.49
CTN_037,T2M_MAX,2016,11,31.3
CTN_037,T2M_MAX,2016,12,33.89
CTN_037,T2M_MAX,2017,1,33.09
CTN_037,T2M_MAX,2017,2,34.52
CTN_037,T2M_MAX,2017,3,34.77
CTN_037,T2M_MAX,2017,4,35.6
CTN_037,T2M_MAX,2017,5,35.7
CTN_037,T2M_MAX,2017,6,30.78
CTN_037,T2M_MAX,2017,7,31.33
CTN_037,T2M_MAX,2017,8,30.92
CTN_037,T2M_MAX,2017,9,29.36
CTN_037,T2M_MAX,2017,10,31.64
CTN_037,T2M_MAX,2017,11,30.4
CTN_037,T2M_MAX,2017,12,31.91
CTN_037,T2M_MAX,2018,1,33.4
CTN_037,T2M_MAX,2018,2,34.66
CTN_037,T2M_MAX,2018,3,35.33
CTN_037,T2M_MAX,2018,4,35.44
CTN_037,T2M_MAX,2018,5,35.18
CTN_037,T2M_MAX,2018,6,34.88
CTN_037,T2M_MAX,2018,7,32.02
CTN_037,T2M_MAX,2018,8,31.05
CTN_037,T2M_MAX,2018,9,29.71
CTN_037,T2M_MAX,2018,10,28.7
CTN_037,T2M_MAX,2018,11,29.98
CTN_037,T2M_MAX,2018,12,29.53
CTN_037,T2M_MAX,2019,1,31.9
CTN_037,T2M_MAX,2019,2,34.9
CTN_037,T2M_MAX,2019,3,35.73
CTN_037,T2M_MAX,2019,4,35.03
CTN_037,T2M_MAX,2019,5,35.44
CTN_037,T2M_MAX,2019,6,33.53
CTN_037,T2M_MAX,2019,7,32.75
CTN_037,T2M_MAX,2019,8,31.07
CTN_037,T2M_MAX,2019,9,30.68
CTN_037,T2M_MAX,2019,10,29.77
CTN_037,T2M_MAX,2019,11,31.03
CTN_037,T2M_MAX,2019,12,29.82
CTN_037,T2M_MAX,2020,1,33.08
CTN_037,T2M_MAX,2020,2,35.15
CTN_037,T2M_MAX,2020,3,34.95
CTN_037,T2M_MAX,2020,4,36.96
CTN_037,T2M_MAX,2020,5,36.31
CTN_037,T2M_MAX,2020,6,35.6
CTN_037,T2M_MAX,2020,7,31.99
CTN_037,T2M_MAX,2020,8,32.29
CTN_037,T2M_MAX,2020,9,29.64
CTN_037,T2M_MAX,2020,10,30.42
CTN_037,T2M_MAX,2020,11,31.62
CTN_037,T2M_MAX,2020,12,32.38
CTN_037,T2M_MAX,2021,1,33.87
CTN_037,T2M_MAX,2021,2,33.65
CTN_037,T2M_MAX,2021,3,34.51
CTN_037,T2M_MAX,2021,4,35.94
CTN_037,T2M_MAX,2021,5,35.34
CTN_037,T2M_MAX,2021,6,30.99
CTN_037,T2M_MAX,2021,7,30.53
CTN_037,T2M_MAX,2021,8,31.03
CTN_037,T2M_MAX,2021,9,30.53
CTN_037,T2M_MAX,2021,10,29.88
CTN_037,T2M_MAX,2021,11,29.97
CTN_037,T2M_MAX,2021,12,31.23
CTN_037,T2M_MAX,2022,1,32.2
CTN_037,T2M_MAX,2022,2,34.52
CTN_037,T2M_MAX,2022,3,35.67
CTN_037,T2M_MAX,2022,4,36.12
CTN_037,T2M_MAX,2022,5,37.29
CTN_037,T2M_MAX,2022,6,31.27
CTN_037,T2M_MAX,2022,7,30.55
CTN_037,T2M_MAX,2022,8,31.26
CTN_037,T2M_MAX,2022,9,30.15
CTN_037,T2M_MAX,2022,10,30.21
CTN_037,T2M_MAX,2022,11,29.8
CTN_037,T2M_MAX,2022,12,30.68
CTN_037,T2M_MAX,2023,1,33.15
CTN_037,T2M_MAX,2023,2,33.79
CTN_037,T2M_MAX,2023,3,35.61
CTN_037,T2M_MAX,2023,4,35.79
CTN_037,T2M_MAX,2023,5,37.45
CTN_037,T2M_MAX,2023,6,37.72
CTN_037,T2M_MAX,2023,7,34.74
CTN_037,T2M_MAX,2023,8,32.58
CTN_037,T2M_MAX,2023,9,32.35
CTN_037,T2M_MAX,2023,10,30.46
CTN_037,T2M_MAX,2023,11,31.12
CTN_037,T2M_MAX,2023,12,30.92
CTN_037,T2M_MAX,2024,1,34.24
CTN_037,T2M_MAX,2024,2,34.47
CTN_037,T2M_MAX,2024,3,36.86
CTN_037,T2M_MAX,2024,4,36.72
CTN_037,T2M_MAX,2024,5,38.25
CTN_037,T2M_MAX,2024,6,36.86
CTN_037,T2M_MAX,2024,7,33.91
CTN_037,T2M_MAX,2024,8,31.31
CTN_037,T2M_MAX,2024,9,30.18
CTN_037,T2M_MAX,2024,10,30.86
CTN_037,T2M_MAX,2024,11,30.2
CTN_037,T2M_MAX,2024,12,31.96
CTN_037,WS10M,2015,1,2.68
CTN_037,WS10M,2015,2,2.66
CTN_037,WS10M,2015,3,2.8
CTN_037,WS10M,2015,4,2.88
CTN_037,WS10M,2015,5,2.54
CTN_037,WS10M,2015,6,2.59
CTN_037,WS10M,2015,7,2.38
CTN_037,WS10M,2015,8,2.14
CTN_037,WS10M,2015,9,2.15
CTN_037,WS10M,2015,10,2.18
CTN_037,WS10M,2015,11,2.02
CTN_037,WS10M,2015,12,2.3
CTN_037,WS10M,2016,1,2.22
CTN_037,WS10M,2016,2,2.92
CTN_037,WS10M,2016,3,2.5
CTN_037,WS10M,2016,4,2.67
CTN_037,WS10M,2016,5,2.69
CTN_037,WS10M,2016,6,2.44
CTN_037,WS10M,2016,7,2.02
CTN_037,WS10M,2016,8,2.45
CTN_037,WS10M,2016,9,2.21
CTN_037,WS10M,2016,10,2.15
CTN_037,WS10M,2016,11,2.21
CTN_037,WS10M,2016,12,2.36
CTN_037,WS10M,2017,1,2.68
CTN_037,WS10M,2017,2,2.69
CTN_037,WS10M,2017,3,2.91
CTN_037,WS10M,2017,4,2.89
CTN_037,WS10M,2017,5,2.73
CTN_037,WS10M,2017,6,2.56
CTN_037,WS10M,2017,7,2.12
CTN_037,WS10M,2017,8,2.43
CTN_037,WS10M,2017,9,2.35
CTN_037,WS10M,2017,10,2.24
CTN_037,WS10M,2017,11,2.23
CTN_037,WS10M,2017,12,2.29
CTN_037,WS10M,2018,1,2.87
CTN_037,WS10M,2018,2,2.59
CTN_037,WS10M,2018,3,2.75
CTN_037,WS10M,2018,4,2.83
CTN_037,WS10M,2018,5,2.87
CTN_037,WS10M,2018,6,2.71
CTN_037,WS10M,2018,7,2.25
CTN_037,WS10M,2018,8,2.11
CTN_037,WS10M,2018,9,2.29
CTN_037,WS10M,2018,10,2.25
CTN_037,WS10M,2018,11,2.0
CTN_037,WS10M,2018,12,1.94
CTN_037,WS10M,2019,1,2.34
CTN_037,WS10M,2019,2,2.5
CTN_037,WS10M,2019,3,2.87
CTN_037,WS10M,2019,4,2.85
CTN_037,WS10M,2019,5,2.85
CTN_037,WS10M,2019,6,2.37
CTN_037,WS10M,2019,7,2.1
CTN_037,WS10M,2019,8,2.24
CTN_037,WS10M,2019,9,2.49
CTN_037,WS10M,2019,10,2.26
CTN_037,WS10M,2019,11,2.19
CTN_037,WS10M,2019,12,1.96
CTN_037,WS10M,2020,1,2.36
CTN_037,WS10M,2020,2,2.65
CTN_037,WS10M,2020,3,2.92
CTN_037,WS10M,2020,4,2.88
CTN_037,WS10M,2020,5,2.84
CTN_037,WS10M,2020,6,2.75
CTN_037,WS10M,2020,7,2.32
CTN_037,WS10M,2020,8,2.55
CTN_037,WS10M,2020,9,2.27
CTN_037,WS10M,2020,10,2.24
CTN_037,WS10M,2020,11,2.75
CTN_037,WS10M,2020,12,2.25
CTN_037,WS10M,2021,1,2.31
CTN_037,WS10M,2021,2,2.77
CTN_037,WS10M,2021,3,2.79
CTN_037,WS10M,2021,4,2.99
CTN_037,WS10M,2021,5,2.74
CTN_037,WS10M,2021,6,2.52
CTN_037,WS10M,2021,7,2.24
CTN_037,WS10M,2021,8,2.39
CTN_037,WS10M,2021,9,2.05
CTN_037,WS10M,2021,10,2.23
CTN_037,WS10M,2021,11,2.07
CTN_037,WS10M,2021,12,2.09
CTN_037,WS10M,2022,1,2.42
CTN_037,WS10M,2022,2,2.71
CTN_037,WS10M,2022,3,2.87
CTN_037,WS10M,2022,4,2.92
CTN_037,WS10M,2022,5,2.92
CTN_037,WS10M,2022,6,2.6
CTN_037,WS10M,2022,7,2.18
CTN_037,WS10M,2022,8,2.05
CTN_037,WS10M,2022,9,2.66
CTN_037,WS10M,2022,10,2.31
CTN_037,WS10M,2022,11,1.95
CTN_037,WS10M,2022,12,2.16
CTN_037,WS10M,2023,1,2.44
CTN_037,WS10M,2023,2,2.88
CTN_037,WS10M,2023,3,2.87
CTN_037,WS10M,2023,4,2.92
CTN_037,WS10M,2023,5,2.66
CTN_037,WS10M,2023,6,3.1
CTN_037,WS10M,2023,7,2.44
CTN_037,WS10M,2023,8,2.31
CTN_037,WS10M,2023,9,2.2
CTN_037,WS10M,2023,10,2.41
CTN_037,WS10M,2023,11,2.19
CTN_037,WS10M,2023,12,2.18
CTN_037,WS10M,2024,1,2.3
CTN_037,WS10M,2024,2,2.92
CTN_037,WS10M,2024,3,2.9
CTN_037,WS10M,2024,4,2.98
CTN_037,WS10M,2024,5,2.89
CTN_037,WS10M,2024,6,3.03
CTN_037,WS10M,2024,7,2.1
CTN_037,WS10M,2024,8,2.21
CTN_037,WS10M,2024,9,2.59
CTN_037,WS10M,2024,10,2.19
CTN_037,WS10M,2024,11,2.23
CTN_037,WS10M,2024,12,2.16
CTN_038,ALLSKY_SFC_SW_DWN,2015,1,5.1029
CTN_038,ALLSKY_SFC_SW_DWN,2015,2,5.6297
CTN_038,ALLSKY_SFC_SW_DWN,2015,3,5.9503
CTN_038,ALLSKY_SFC_SW_DWN,2015,4,6.8688
CTN_038,ALLSKY_SFC_SW_DWN,2015,5,5.8577
CTN_038,ALLSKY_SFC_SW_DWN,2015,6,5.7233
CTN_038,ALLSKY_SFC_SW_DWN,2015,7,6.055
CTN_038,ALLSKY_SFC_SW_DWN,2015,8,6.1942
CTN_038,ALLSKY_SFC_SW_DWN,2015,9,5.2015
CTN_038,ALLSKY_SFC_SW_DWN,2015,10,5.1828
CTN_038,ALLSKY_SFC_SW_DWN,2015,11,5.0066
CTN_038,ALLSKY_SFC_SW_DWN,2015,12,4.6522
CTN_038,ALLSKY_SFC_SW_DWN,2016,1,4.2511
CTN_038,ALLSKY_SFC_SW_DWN,2016,2,5.9885
CTN_038,ALLSKY_SFC_SW_DWN,2016,3,6.1937
CTN_038,ALLSKY_SFC_SW_DWN,2016,4,6.8832
CTN_038,ALLSKY_SFC_SW_DWN,2016,5,6.5422
CTN_038,ALLSKY_SFC_SW_DWN,2016,6,5.7854
CTN_038,ALLSKY_SFC_SW_DWN,2016,7,6.1217
CTN_038,ALLSKY_SFC_SW_DWN,2016,8,5.8781
CTN_038,ALLSKY_SFC_SW_DWN,2016,9,5.4631
CTN_038,ALLSKY_SFC_SW_DWN,2016,10,5.7979
CTN_038,ALLSKY_SFC_SW_DWN,2016,11,5.0378
CTN_038,ALLSKY_SFC_SW_DWN,2016,12,5.0592
CTN_038,ALLSKY_SFC_SW_DWN,2017,1,5.4516
CTN_038,ALLSKY_SFC_SW_DWN,2017,2,6.253
CTN_038,ALLSKY_SFC_SW_DWN,2017,3,6.6667
CTN_038,ALLSKY_SFC_SW_DWN,2017,4,7.1045
CTN_038,ALLSKY_SFC_SW_DWN,2017,5,6.0158
CTN_038,ALLSKY_SFC_SW_DWN,2017,6,5.5135
CTN_038,ALLSKY_SFC_SW_DWN,2017,7,5.9371
CTN_038,ALLSKY_SFC_SW_DWN,2017,8,5.7149
CTN_038,ALLSKY_SFC_SW_DWN,2017,9,4.7688
CTN_038,ALLSKY_SFC_SW_DWN,2017,10,5.4187
CTN_038,ALLSKY_SFC_SW_DWN,2017,11,5.4818
CTN_038,ALLSKY_SFC_SW_DWN,2017,12,5.2145
CTN_038,ALLSKY_SFC_SW_DWN,2018,1,4.9625
CTN_038,ALLSKY_SFC_SW_DWN,2018,2,5.7168
CTN_038,ALLSKY_SFC_SW_DWN,2018,3,6.8376
CTN_038,ALLSKY_SFC_SW_DWN,2018,4,6.7886
CTN_038,ALLSKY_SFC_SW_DWN,2018,5,6.5208
CTN_038,ALLSKY_SFC_SW_DWN,2018,6,5.4682
CTN_038,ALLSKY_SFC_SW_DWN,2018,7,6.8988
CTN_038,ALLSKY_SFC_SW_DWN,2018,8,5.8337
CTN_038,ALLSKY_SFC_SW_DWN,2018,9,5.8049
CTN_038,ALLSKY_SFC_SW_DWN,2018,10,4.9438
CTN_038,ALLSKY_SFC_SW_DWN,2018,11,4.6474
CTN_038,ALLSKY_SFC_SW_DWN,2018,12,4.9735
CTN_038,ALLSKY_SFC_SW_DWN,2019,1,5.2416
CTN_038,ALLSKY_SFC_SW_DWN,2019,2,6.223
CTN_038,ALLSKY_SFC_SW_DWN,2019,3,6.8825
CTN_038,ALLSKY_SFC_SW_DWN,2019,4,7.3212
CTN_038,ALLSKY_SFC_SW_DWN,2019,5,6.6302
CTN_038,ALLSKY_SFC_SW_DWN,2019,6,5.8466
CTN_038,ALLSKY_SFC_SW_DWN,2019,7,6.3396
CTN_038,ALLSKY_SFC_SW_DWN,2019,8,6.1735
CTN_038,ALLSKY_SFC_SW_DWN,2019,9,5.5022
CTN_038,ALLSKY_SFC_SW_DWN,2019,10,4.9346
CTN_038,ALLSKY_SFC_SW_DWN,2019,11,5.035
CTN_038,ALLSKY_SFC_SW_DWN,2019,12,4.9406
CTN_038,ALLSKY_SFC_SW_DWN,2020,1,5.3014
CTN_038,ALLSKY_SFC_SW_DWN,2020,2,5.9935
CTN_038,ALLSKY_SFC_SW_DWN,2020,3,6.8522
CTN_038,ALLSKY_SFC_SW_DWN,2020,4,7.3094
CTN_038,ALLSKY_SFC_SW_DWN,2020,5,7.1126
CTN_038,ALLSKY_SFC_SW_DWN,2020,6,5.9875
CTN_038,ALLSKY_SFC_SW_DWN,2020,7,6.0348
CTN_038,ALLSKY_SFC_SW_DWN,2020,8,5.5555
CTN_038,ALLSKY_SFC_SW_DWN,2020,9,5.2063
CTN_038,ALLSKY_SFC_SW_DWN,2020,10,5.7372
CTN_038,ALLSKY_SFC_SW_DWN,2020,11,5.4557
CTN_038,ALLSKY_SFC_SW_DWN,2020,12,4.8254
CTN_038,ALLSKY_SFC_SW_DWN,2021,1,4.8883
CTN_038,ALLSKY_SFC_SW_DWN,2021,2,6.3473
CTN_038,ALLSKY_SFC_SW_DWN,2021,3,6.919
CTN_038,ALLSKY_SFC_SW_DWN,2021,4,7.3584
CTN_038,ALLSKY_SFC_SW_DWN,2021,5,6.642
CTN_038,ALLSKY_SFC_SW_DWN,2021,6,4.9135
CTN_038,ALLSKY_SFC_SW_DWN,2021,7,6.2009
CTN_038,ALLSKY_SFC_SW_DWN,2021,8,5.4379
CTN_038,ALLSKY_SFC_SW_DWN,2021,9,5.5039
CTN_038,ALLSKY_SFC_SW_DWN,2021,10,5.1636
CTN_038,ALLSKY_SFC_SW_DWN,2021,11,5.5058
CTN_038,ALLSKY_SFC_SW_DWN,2021,12,5.1216
CTN_038,ALLSKY_SFC_SW_DWN,2022,1,5.2169
CTN_038,ALLSKY_SFC_SW_DWN,2022,2,5.8219
CTN_038,ALLSKY_SFC_SW_DWN,2022,3,7.1266
CTN_038,ALLSKY_SFC_SW_DWN,2022,4,7.1834
CTN_038,ALLSKY_SFC_SW_DWN,2022,5,6.9103
CTN_038,ALLSKY_SFC_SW_DWN,2022,6,5.7257
CTN_038,ALLSKY_SFC_SW_DWN,2022,7,6.0175
CTN_038,ALLSKY_SFC_SW_DWN,2022,8,5.7478
CTN_038,ALLSKY_SFC_SW_DWN,2022,9,5.0993
CTN_038,ALLSKY_SFC_SW_DWN,2022,10,4.9054
CTN_038,ALLSKY_SFC_SW_DWN,2022,11,5.0659
CTN_038,ALLSKY_SFC_SW_DWN,2022,12,4.9238
CTN_038,ALLSKY_SFC_SW_DWN,2023,1,5.3666
CTN_038,ALLSKY_SFC_SW_DWN,2023,2,6.0384
CTN_038,ALLSKY_SFC_SW_DWN,2023,3,6.8532
CTN_038,ALLSKY_SFC_SW_DWN,2023,4,7.1774
CTN_038,ALLSKY_SFC_SW_DWN,2023,5,6.3259
CTN_038,ALLSKY_SFC_SW_DWN,2023,6,6.707
CTN_038,ALLSKY_SFC_SW_DWN,2023,7,5.9026
CTN_038,ALLSKY_SFC_SW_DWN,2023,8,5.7641
CTN_038,ALLSKY_SFC_SW_DWN,2023,9,6.0046
CTN_038,ALLSKY_SFC_SW_DWN,2023,10,4.8019
CTN_038,ALLSKY_SFC_SW_DWN,2023,11,5.0902
CTN_038,ALLSKY_SFC_SW_DWN,2023,12,4.6488
CTN_038,ALLSKY_SFC_SW_DWN,2024,1,5.0803
CTN_038,ALLSKY_SFC_SW_DWN,2024,2,5.9758
CTN_038,ALLSKY_SFC_SW_DWN,2024,3,7.1664
CTN_038,ALLSKY_SFC_SW_DWN,2024,4,7.3092
CTN_038,ALLSKY_SFC_SW_DWN,2024,5,6.9641
CTN_038,ALLSKY_SFC_SW_DWN,2024,6,5.947
CTN_038,ALLSKY_SFC_SW_DWN,2024,7,5.6215
CTN_038,ALLSKY_SFC_SW_DWN,2024,8,5.9333
CTN_038,ALLSKY_SFC_SW_DWN,2024,9,4.6392
CTN_038,ALLSKY_SFC_SW_DWN,2024,10,5.2361
CTN_038,ALLSKY_SFC_SW_DWN,2024,11,5.2152
CTN_038,ALLSKY_SFC_SW_DWN,2024,12,4.8943
CTN_038,PRECTOTCORR,2015,1,0.0
CTN_038,PRECTOTCORR,2015,2,0.12
CTN_038,PRECTOTCORR,2015,3,0.51
CTN_038,PRECTOTCORR,2015,4,0.06
CTN_038,PRECTOTCORR,2015,5,2.7
CTN_038,PRECTOTCORR,2015,6,4.02
CTN_038,PRECTOTCORR,2015,7,4.39
CTN_038,PRECTOTCORR,2015,8,5.49
CTN_038,PRECTOTCORR,2015,9,9.52
CTN_038,PRECTOTCORR,2015,10,4.92
CTN_038,PRECTOTCORR,2015,11,1.43
CTN_038,PRECTOTCORR,2015,12,0.1
CTN_038,PRECTOTCORR,2016,1,0.15
CTN_038,PRECTOTCORR,2016,2,0.06
CTN_038,PRECTOTCORR,2016,3,1.97
CTN_038,PRECTOTCORR,2016,4,0.28
CTN_038,PRECTOTCORR,2016,5,1.32
CTN_038,PRECTOTCORR,2016,6,7.26
CTN_038,PRECTOTCORR,2016,7,6.45
CTN_038,PRECTOTCORR,2016,8,7.88
CTN_038,PRECTOTCORR,2016,9,11.13
CTN_038,PRECTOTCORR,2016,10,1.61
CTN_038,PRECTOTCORR,2016,11,1.48
CTN_038,PRECTOTCORR,2016,12,0.04
CTN_038,PRECTOTCORR,2017,1,0.0
CTN_038,PRECTOTCORR,2017,2,0.0
CTN_038,PRECTOTCORR,2017,3,0.03
CTN_038,PRECTOTCORR,2017,4,0.11
CTN_038,PRECTOTCORR,2017,5,3.84
CTN_038,PRECTOTCORR,2017,6,8.22
CTN_038,PRECTOTCORR,2017,7,6.06
CTN_038,PRECTOTCORR,2017,8,10.32
CTN_038,PRECTOTCORR,2017,9,17.57
CTN_038,PRECTOTCORR,2017,10,3.25
CTN_038,PRECTOTCORR,2017,11,0.28
CTN_038,PRECTOTCORR,2017,12,0.01
CTN_038,PRECTOTCORR,2018,1,0.06
CTN_038,PRECTOTCORR,2018,2,0.13
CTN_038,PRECTOTCORR,2018,3,0.05
CTN_038,PRECTOTCORR,2018,4,0.4
CTN_038,PRECTOTCORR,2018,5,1.17
CTN_038,PRECTOTCORR,2018,6,9.99
CTN_038,PRECTOTCORR,2018,7,3.8
CTN_038,PRECTOTCORR,2018,8,10.48
CTN_038,PRECTOTCORR,2018,9,8.6
CTN_038,PRECTOTCORR,2018,10,7.39
CTN_038,PRECTOTCORR,2018,11,2.3
CTN_038,PRECTOTCORR,2018,12,0.31
CTN_038,PRECTOTCORR,2019,1,0.03
CTN_038,PRECTOTCORR,2019,2,0.0
CTN_038,PRECTOTCORR,2019,3,0.0
CTN_038,PRECTOTCORR,2019,4,0.0
CTN_038,PRECTOTCORR,2019,5,1.16
CTN_038,PRECTOTCORR,2019,6,5.48
CTN_038,PRECTOTCORR,2019,7,5.91
CTN_038,PRECTOTCORR,2019,8,7.58
CTN_038,PRECTOTCORR,2019,9,12.06
CTN_038,PRECTOTCORR,2019,10,7.48
CTN_038,PRECTOTCORR,2019,11,2.18
CTN_038,PRECTOTCORR,2019,12,0.02
CTN_038,PRECTOTCORR,2020,1,0.14
CTN_038,PRECTOTCORR,2020,2,0.05
CTN_038,PRECTOTCORR,2020,3,0.0
CTN_038,PRECTOTCORR,2020,4,0.2
CTN_038,PRECTOTCORR,2020,5,0.28
CTN_038,PRECTOTCORR,2020,6,5.28
CTN_038,PRECTOTCORR,2020,7,4.86
CTN_038,PRECTOTCORR,2020,8,12.98
CTN_038,PRECTOTCORR,2020,9,9.41
CTN_038,PRECTOTCORR,2020,10,3.15
CTN_038,PRECTOTCORR,2020,11,0.19
CTN_038,PRECTOTCORR,2020,12,0.21
CTN_038,PRECTOTCORR,2021,1,0.08
CTN_038,PRECTOTCORR,2021,2,0.22
CTN_038,PRECTOTCORR,2021,3,0.32
CTN_038,PRECTOTCORR,2021,4,0.04
CTN_038,PRECTOTCORR,2021,5,1.61
CTN_038,PRECTOTCORR,2021,6,11.78
CTN_038,PRECTOTCORR,2021,7,6.57
CTN_038,PRECTOTCORR,2021,8,11.36
CTN_038,PRECTOTCORR,2021,9,9.36
CTN_038,PRECTOTCORR,2021,10,6.79
CTN_038,PRECTOTCORR,2021,11,0.12
CTN_038,PRECTOTCORR,2021,12,0.01
CTN_038,PRECTOTCORR,2022,1,0.22
CTN_038,PRECTOTCORR,2022,2,0.02
CTN_038,PRECTOTCORR,2022,3,0.01
CTN_038,PRECTOTCORR,2022,4,0.41
CTN_038,PRECTOTCORR,2022,5,2.34
CTN_038,PRECTOTCORR,2022,6,10.73
CTN_038,PRECTOTCORR,2022,7,6.74
CTN_038,PRECTOTCORR,2022,8,6.24
CTN_038,PRECTOTCORR,2022,9,14.94
CTN_038,PRECTOTCORR,2022,10,3.75
CTN_038,PRECTOTCORR,2022,11,0.32
CTN_038,PRECTOTCORR,2022,12,0.11
CTN_038,PRECTOTCORR,2023,1,0.0
CTN_038,PRECTOTCORR,2023,2,0.0
CTN_038,PRECTOTCORR,2023,3,0.02
CTN_038,PRECTOTCORR,2023,4,0.93
CTN_038,PRECTOTCORR,2023,5,1.68
CTN_038,PRECTOTCORR,2023,6,1.54
CTN_038,PRECTOTCORR,2023,7,4.54
CTN_038,PRECTOTCORR,2023,8,6.93
CTN_038,PRECTOTCORR,2023,9,4.12
CTN_038,PRECTOTCORR,2023,10,11.32
CTN_038,PRECTOTCORR,2023,11,2.17
CTN_038,PRECTOTCORR,2023,12,0.19
CTN_038,PRECTOTCORR,2024,1,0.06
CTN_038,PRECTOTCORR,2024,2,0.22
CTN_038,PRECTOTCORR,2024,3,0.0
CTN_038,PRECTOTCORR,2024,4,0.01
CTN_038,PRECTOTCORR,2024,5,0.31
CTN_038,PRECTOTCORR,2024,6,3.23
CTN_038,PRECTOTCORR,2024,7,5.93
CTN_038,PRECTOTCORR,2024,8,6.71
CTN_038,PRECTOTCORR,2024,9,16.93
CTN_038,PRECTOTCORR,2024,10,3.49
CTN_038,PRECTOTCORR,2024,11,0.37
CTN_038,PRECTOTCORR,2024,12,0.1
CTN_038,T2M,2015,1,23.94
CTN_038,T2M,2015,2,24.28
CTN_038,T2M,2015,3,25.3
CTN_038,T2M,2015,4,26.81
CTN_038,T2M,2015,5,26.7
CTN_038,T2M,2015,6,25.82
CTN_038,T2M,2015,7,25.63
CTN_038,T2M,2015,8,25.73
CTN_038,T2M,2015,9,24.53
CTN_038,T2M,2015,10,24.9
CTN_038,T2M,2015,11,24.83
CTN_038,T2M,2015,12,24.56
CTN_038,T2M,2016,1,24.16
CTN_038,T2M,2016,2,24.85
CTN_038,T2M,2016,3,24.31
CTN_038,T2M,2016,4,26.49
CTN_038,T2M,2016,5,27.28
CTN_038,T2M,2016,6,25.26
CTN_038,T2M,2016,7,25.1
CTN_038,T2M,2016,8,24.95
CTN_038,T2M,2016,9,24.33
CTN_038,T2M,2016,10,24.69
CTN_038,T2M,2016,11,24.1
CTN_038,T2M,2016,12,24.84
CTN_038,T2M,2017,1,23.86
CTN_038,T2M,2017,2,24.31
CTN_038,T2M,2017,3,25.6
CTN_038,T2M,2017,4,25.67
CTN_038,T2M,2017,5,26.15
CTN_038,T2M,2017,6,24.53
CTN_038,T2M,2017,7,24.94
CTN_038,T2M,2017,8,24.35
CTN_038,T2M,2017,9,23.96
CTN_038,T2M,2017,10,24.32
CTN_038,T2M,2017,11,23.48
CTN_038,T2M,2017,12,23.34
CTN_038,T2M,2018,1,23.9
CTN_038,T2M,2018,2,24.93
CTN_038,T2M,2018,3,25.66
CTN_038,T2M,2018,4,26.3
CTN_038,T2M,2018,5,26.85
CTN_038,T2M,2018,6,24.44
CTN_038,T2M,2018,7,25.57
CTN_038,T2M,2018,8,24.57
CTN_038,T2M,2018,9,24.27
CTN_038,T2M,2018,10,24.01
CTN_038,T2M,2018,11,23.32
CTN_038,T2M,2018,12,22.67
CTN_038,T2M,2019,1,23.2
CTN_038,T2M,2019,2,24.28
CTN_038,T2M,2019,3,25.59
CTN_038,T2M,2019,4,25.64
CTN_038,T2M,2019,5,25.95
CTN_038,T2M,2019,6,25.75
CTN_038,T2M,2019,7,25.39
CTN_038,T2M,2019,8,25.21
CTN_038,T2M,2019,9,24.64
CTN_038,T2M,2019,10,23.99
CTN_038,T2M,2019,11,24.23
CTN_038,T2M,2019,12,23.33
CTN_038,T2M,2020,1,23.98
CTN_038,T2M,2020,2,24.95
CTN_038,T2M,2020,3,25.97
CTN_038,T2M,2020,4,26.87
CTN_038,T2M,2020,5,27.2
CTN_038,T2M,2020,6,26.03
CTN_038,T2M,2020,7,25.28
CTN_038,T2M,2020,8,24.66
CTN_038,T2M,2020,9,24.19
CTN_038,T2M,2020,10,24.14
CTN_038,T2M,2020,11,23.99
CTN_038,T2M,2020,12,23.78
CTN_038,T2M,2021,1,24.47
CTN_038,T2M,2021,2,23.67
CTN_038,T2M,2021,3,25.08
CTN_038,T2M,2021,4,26.11
CTN_038,T2M,2021,5,26.61
CTN_038,T2M,2021,6,24.45
CTN_038,T2M,2021,7,24.83
CTN_038,T2M,2021,8,24.14
CTN_038,T2M,2021,9,24.22
CTN_038,T2M,2021,10,24.59
CTN_038,T2M,2021,11,23.22
CTN_038,T2M,2021,12,23.86
CTN_038,T2M,2022,1,23.93
CTN_038,T2M,2022,2,24.94
CTN_038,T2M,2022,3,25.21
CTN_038,T2M,2022,4,26.22
CTN_038,T2M,2022,5,26.49
CTN_038,T2M,2022,6,24.36
CTN_038,T2M,2022,7,24.86
CTN_038,T2M,2022,8,24.52
CTN_038,T2M,2022,9,24.2
CTN_038,T2M,2022,10,24.1
CTN_038,T2M,2022,11,23.98
CTN_038,T2M,2022,12,23.2
CTN_038,T2M,2023,1,24.07
CTN_038,T2M,2023,2,25.0
CTN_038,T2M,2023,3,25.31
CTN_038,T2M,2023,4,26.25
CTN_038,T2M,2023,5,27.44
CTN_038,T2M,2023,6,27.69
CTN_038,T2M,2023,7,26.57
CTN_038,T2M,2023,8,25.77
CTN_038,T2M,2023,9,25.8
CTN_038,T2M,2023,10,24.67
CTN_038,T2M,2023,11,24.69
CTN_038,T2M,2023,12,23.87
CTN_038,T2M,2024,1,24.52
CTN_038,T2M,2024,2,24.91
CTN_038,T2M,2024,3,25.44
CTN_038,T2M,2024,4,26.79
CTN_038,T2M,2024,5,27.96
CTN_038,T2M,2024,6,26.26
CTN_038,T2M,2024,7,26.13
CTN_038,T2M,2024,8,25.46
CTN_038,T2M,2024,9,24.93
CTN_038,T2M,2024,10,24.58
CTN_038,T2M,2024,11,24.25
CTN_038,T2M,2024,12,23.51
CTN_038,T2M_MAX,2015,1,33.35
CTN_038,T2M_MAX,2015,2,34.66
CTN_038,T2M_MAX,2015,3,35.73
CTN_038,T2M_MAX,2015,4,36.5
CTN_038,T2M_MAX,2015,5,35.72
CTN_038,T2M_MAX,2015,6,34.61
CTN_038,T2M_MAX,2015,7,32.45
CTN_038,T2M_MAX,2015,8,33.72
CTN_038,T2M_MAX,2015,9,30.62
CTN_038,T2M_MAX,2015,10,31.67
CTN_038,T2M_MAX,2015,11,30.9
CTN_038,T2M_MAX,2015,12,32.67
CTN_038,T2M_MAX,2016,1,33.36
CTN_038,T2M_MAX,2016,2,35.8
CTN_038,T2M_MAX,2016,3,35.0
CTN_038,T2M_MAX,2016,4,35.73
CTN_038,T2M_MAX,2016,5,35.81
CTN_038,T2M_MAX,2016,6,34.41
CTN_038,T2M_MAX,2016,7,31.77
CTN_038,T2M_MAX,2016,8,31.62
CTN_038,T2M_MAX,2016,9,29.84
CTN_038,T2M_MAX,2016,10,30.49
CTN_038,T2M_MAX,2016,11,31.3
CTN_038,T2M_MAX,2016,12,33.89
CTN_038,T2M_MAX,2017,1,33.09
CTN_038,T2M_MAX,2017,2,34.52
CTN_038,T2M_MAX,2017,3,34.77
CTN_038,T2M_MAX,2017,4,35.6
CTN_038,T2M_MAX,2017,5,35.7
CTN_038,T2M_MAX,2017,6,30.78
CTN_038,T2M_MAX,2017,7,31.33
CTN_038,T2M_MAX,2017,8,30.92
CTN_038,T2M_MAX,2017,9,29.36
CTN_038,T2M_MAX,2017,10,31.64
CTN_038,T2M_MAX,2017,11,30.4
CTN_038,T2M_MAX,2017,12,31.91
CTN_038,T2M_MAX,2018,1,33.4
CTN_038,T2M_MAX,2018,2,34.66
CTN_038,T2M_MAX,2018,3,35.33
CTN_038,T2M_MAX,2018,4,35.44
CTN_038,T2M_MAX,2018,5,35.18
CTN_038,T2M_MAX,2018,6,34.88
CTN_038,T2M_MAX,2018,7,32.02
CTN_038,T2M_MAX,2018,8,31.05
CTN_038,T2M_MAX,2018,9,29.71
CTN_038,T2M_MAX,2018,10,28.7
CTN_038,T2M_MAX,2018,11,29.98
CTN_038,T2M_MAX,2018,12,29.53
CTN_038,T2M_MAX,2019,1,31.9
CTN_038,T2M_MAX,2019,2,34.9
CTN_038,T2M_MAX,2019,3,35.73
CTN_038,T2M_MAX,2019,4,35.03
CTN_038,T2M_MAX,2019,5,35.44
CTN_038,T2M_MAX,2019,6,33.53
CTN_038,T2M_MAX,2019,7,32.75
CTN_038,T2M_MAX,2019,8,31.07
CTN_038,T2M_MAX,2019,9,30.68
CTN_038,T2M_MAX,2019,10,29.77
CTN_038,T2M_MAX,2019,11,31.03
CTN_038,T2M_MAX,2019,12,29.82
CTN_038,T2M_MAX,2020,1,33.08
CTN_038,T2M_MAX,2020,2,35.15
CTN_038,T2M_MAX,2020,3,34.95
CTN_038,T2M_MAX,2020,4,36.96
CTN_038,T2M_MAX,2020,5,36.31
CTN_038,T2M_MAX,2020,6,35.6
CTN_038,T2M_MAX,2020,7,31.99
CTN_038,T2M_MAX,2020,8,32.29
CTN_038,T2M_MAX,2020,9,29.64
CTN_038,T2M_MAX,2020,10,30.42
CTN_038,T2M_MAX,2020,11,31.62
CTN_038,T2M_MAX,2020,12,32.38
CTN_038,T2M_MAX,2021,1,33.87
CTN_038,T2M_MAX,2021,2,33.65
CTN_038,T2M_MAX,2021,3,34.51
CTN_038,T2M_MAX,2021,4,35.94
CTN_038,T2M_MAX,2021,5,35.34
CTN_038,T2M_MAX,2021,6,30.99
CTN_038,T2M_MAX,2021,7,30.53
CTN_038,T2M_MAX,2021,8,31.03
CTN_038,T2M_MAX,2021,9,30.53
CTN_038,T2M_MAX,2021,10,29.88
CTN_038,T2M_MAX,2021,11,29.97
CTN_038,T2M_MAX,2021,12,31.23
CTN_038,T2M_MAX,2022,1,32.2
CTN_038,T2M_MAX,2022,2,34.52
CTN_038,T2M_MAX,2022,3,35.67
CTN_038,T2M_MAX,2022,4,36.12
CTN_038,T2M_MAX,2022,5,37.29
CTN_038,T2M_MAX,2022,6,31.27
CTN_038,T2M_MAX,2022,7,30.55
CTN_038,T2M_MAX,2022,8,31.26
CTN_038,T2M_MAX,2022,9,30.15
CTN_038,T2M_MAX,2022,10,30.21
CTN_038,T2M_MAX,2022,11,29.8
CTN_038,T2M_MAX,2022,12,30.68
CTN_038,T2M_MAX,2023,1,33.15
CTN_038,T2M_MAX,2023,2,33.79
CTN_038,T2M_MAX,2023,3,35.61
CTN_038,T2M_MAX,2023,4,35.79
CTN_038,T2M_MAX,2023,5,37.45
CTN_038,T2M_MAX,2023,6,37.72
CTN_038,T2M_MAX,2023,7,34.74
CTN_038,T2M_MAX,2023,8,32.58
CTN_038,T2M_MAX,2023,9,32.35
CTN_038,T2M_MAX,2023,10,30.46
CTN_038,T2M_MAX,2023,11,31.12
CTN_038,T2M_MAX,2023,12,30.92
CTN_038,T2M_MAX,2024,1,34.24
CTN_038,T2M_MAX,2024,2,34.47
CTN_038,T2M_MAX,2024,3,36.86
CTN_038,T2M_MAX,2024,4,36.72
CTN_038,T2M_MAX,2024,5,38.25
CTN_038,T2M_MAX,2024,6,36.86
CTN_038,T2M_MAX,2024,7,33.91
CTN_038,T2M_MAX,2024,8,31.31
CTN_038,T2M_MAX,2024,9,30.18
CTN_038,T2M_MAX,2024,10,30.86
CTN_038,T2M_MAX,2024,11,30.2
CTN_038,T2M_MAX,2024,12,31.96
CTN_038,WS10M,2015,1,2.68
CTN_038,WS10M,2015,2,2.66
CTN_038,WS10M,2015,3,2.8
CTN_038,WS10M,2015,4,2.88
CTN_038,WS10M,2015,5,2.54
CTN_038,WS10M,2015,6,2.59
CTN_038,WS10M,2015,7,2.38
CTN_038,WS10M,2015,8,2.14
CTN_038,WS10M,2015,9,2.15
CTN_038,WS10M,2015,10,2.18
CTN_038,WS10M,2015,11,2.02
CTN_038,WS10M,2015,12,2.3
CTN_038,WS10M,2016,1,2.22
CTN_038,WS10M,2016,2,2.92
CTN_038,WS10M,2016,3,2.5
CTN_038,WS10M,2016,4,2.67
CTN_038,WS10M,2016,5,2.69
CTN_038,WS10M,2016,6,2.44
CTN_038,WS10M,2016,7,2.02
CTN_038,WS10M,2016,8,2.45
CTN_038,WS10M,2016,9,2.21
CTN_038,WS10M,2016,10,2.15
CTN_038,WS10M,2016,11,2.21
CTN_038,WS10M,2016,12,2.36
CTN_038,WS10M,2017,1,2.68
CTN_038,WS10M,2017,2,2.69
CTN_038,WS10M,2017,3,2.91
CTN_038,WS10M,2017,4,2.89
CTN_038,WS10M,2017,5,2.73
CTN_038,WS10M,2017,6,2.56
CTN_038,WS10M,2017,7,2.12
CTN_038,WS10M,2017,8,2.43
CTN_038,WS10M,2017,9,2.35
CTN_038,WS10M,2017,10,2.24
CTN_038,WS10M,2017,11,2.23
CTN_038,WS10M,2017,12,2.29
CTN_038,WS10M,2018,1,2.87
CTN_038,WS10M,2018,2,2.59
CTN_038,WS10M,2018,3,2.75
CTN_038,WS10M,2018,4,2.83
CTN_038,WS10M,2018,5,2.87
CTN_038,WS10M,2018,6,2.71
CTN_038,WS10M,2018,7,2.25
CTN_038,WS10M,2018,8,2.11
CTN_038,WS10M,2018,9,2.29
CTN_038,WS10M,2018,10,2.25
CTN_038,WS10M,2018,11,2.0
CTN_038,WS10M,2018,12,1.94
CTN_038,WS10M,2019,1,2.34
CTN_038,WS10M,2019,2,2.5
CTN_038,WS10M,2019,3,2.87
CTN_038,WS10M,2019,4,2.85
CTN_038,WS10M,2019,5,2.85
CTN_038,WS10M,2019,6,2.37
CTN_038,WS10M,2019,7,2.1
CTN_038,WS10M,2019,8,2.24
CTN_038,WS10M,2019,9,2.49
CTN_038,WS10M,2019,10,2.26
CTN_038,WS10M,2019,11,2.19
CTN_038,WS10M,2019,12,1.96
CTN_038,WS10M,2020,1,2.36
CTN_038,WS10M,2020,2,2.65
CTN_038,WS10M,2020,3,2.92
CTN_038,WS10M,2020,4,2.88
CTN_038,WS10M,2020,5,2.84
CTN_038,WS10M,2020,6,2.75
CTN_038,WS10M,2020,7,2.32
CTN_038,WS10M,2020,8,2.55
CTN_038,WS10M,2020,9,2.27
CTN_038,WS10M,2020,10,2.24
CTN_038,WS10M,2020,11,2.75
CTN_038,WS10M,2020,12,2.25
CTN_038,WS10M,2021,1,2.31
CTN_038,WS10M,2021,2,2.77
CTN_038,WS10M,2021,3,2.79
CTN_038,WS10M,2021,4,2.99
CTN_038,WS10M,2021,5,2.74
CTN_038,WS10M,2021,6,2.52
CTN_038,WS10M,2021,7,2.24
CTN_038,WS10M,2021,8,2.39
CTN_038,WS10M,2021,9,2.05
CTN_038,WS10M,2021,10,2.23
CTN_038,WS10M,2021,11,2.07
CTN_038,WS10M,2021,12,2.09
CTN_038,WS10M,2022,1,2.42
CTN_038,WS10M,2022,2,2.71
CTN_038,WS10M,2022,3,2.87
CTN_038,WS10M,2022,4,2.92
CTN_038,WS10M,2022,5,2.92
CTN_038,WS10M,2022,6,2.6
CTN_038,WS10M,2022,7,2.18
CTN_038,WS10M,2022,8,2.05
CTN_038,WS10M,2022,9,2.66
CTN_038,WS10M,2022,10,2.31
CTN_038,WS10M,2022,11,1.95
CTN_038,WS10M,2022,12,2.16
CTN_038,WS10M,2023,1,2.44
CTN_038,WS10M,2023,2,2.88
CTN_038,WS10M,2023,3,2.87
CTN_038,WS10M,2023,4,2.92
CTN_038,WS10M,2023,5,2.66
CTN_038,WS10M,2023,6,3.1
CTN_038,WS10M,2023,7,2.44
CTN_038,WS10M,2023,8,2.31
CTN_038,WS10M,2023,9,2.2
CTN_038,WS10M,2023,10,2.41
CTN_038,WS10M,2023,11,2.19
CTN_038,WS10M,2023,12,2.18
CTN_038,WS10M,2024,1,2.3
CTN_038,WS10M,2024,2,2.92
CTN_038,WS10M,2024,3,2.9
CTN_038,WS10M,2024,4,2.98
CTN_038,WS10M,2024,5,2.89
CTN_038,WS10M,2024,6,3.03
CTN_038,WS10M,2024,7,2.1
CTN_038,WS10M,2024,8,2.21
CTN_038,WS10M,2024,9,2.59
CTN_038,WS10M,2024,10,2.19
CTN_038,WS10M,2024,11,2.23
CTN_038,WS10M,2024,12,2.16
CTN_039,ALLSKY_SFC_SW_DWN,2015,1,5.1029
CTN_039,ALLSKY_SFC_SW_DWN,2015,2,5.6297
CTN_039,ALLSKY_SFC_SW_DWN,2015,3,5.9503
CTN_039,ALLSKY_SFC_SW_DWN,2015,4,6.8688
CTN_039,ALLSKY_SFC_SW_DWN,2015,5,5.8577
CTN_039,ALLSKY_SFC_SW_DWN,2015,6,5.7233
CTN_039,ALLSKY_SFC_SW_DWN,2015,7,6.055
CTN_039,ALLSKY_SFC_SW_DWN,2015,8,6.1942
CTN_039,ALLSKY_SFC_SW_DWN,2015,9,5.2015
CTN_039,ALLSKY_SFC_SW_DWN,2015,10,5.1828
CTN_039,ALLSKY_SFC_SW_DWN,2015,11,5.0066
CTN_039,ALLSKY_SFC_SW_DWN,2015,12,4.6522
CTN_039,ALLSKY_SFC_SW_DWN,2016,1,4.2511
CTN_039,ALLSKY_SFC_SW_DWN,2016,2,5.9885
CTN_039,ALLSKY_SFC_SW_DWN,2016,3,6.1937
CTN_039,ALLSKY_SFC_SW_DWN,2016,4,6.8832
CTN_039,ALLSKY_SFC_SW_DWN,2016,5,6.5422
CTN_039,ALLSKY_SFC_SW_DWN,2016,6,5.7854
CTN_039,ALLSKY_SFC_SW_DWN,2016,7,6.1217
CTN_039,ALLSKY_SFC_SW_DWN,2016,8,5.8781
CTN_039,ALLSKY_SFC_SW_DWN,2016,9,5.4631
CTN_039,ALLSKY_SFC_SW_DWN,2016,10,5.7979
CTN_039,ALLSKY_SFC_SW_DWN,2016,11,5.0378
CTN_039,ALLSKY_SFC_SW_DWN,2016,12,5.0592
CTN_039,ALLSKY_SFC_SW_DWN,2017,1,5.4516
CTN_039,ALLSKY_SFC_SW_DWN,2017,2,6.253
CTN_039,ALLSKY_SFC_SW_DWN,2017,3,6.6667
CTN_039,ALLSKY_SFC_SW_DWN,2017,4,7.1045
CTN_039,ALLSKY_SFC_SW_DWN,2017,5,6.0158
CTN_039,ALLSKY_SFC_SW_DWN,2017,6,5.5135
CTN_039,ALLSKY_SFC_SW_DWN,2017,7,5.9371
CTN_039,ALLSKY_SFC_SW_DWN,2017,8,5.7149
CTN_039,ALLSKY_SFC_SW_DWN,2017,9,4.7688
CTN_039,ALLSKY_SFC_SW_DWN,2017,10,5.4187
CTN_039,ALLSKY_SFC_SW_DWN,2017,11,5.4818
CTN_039,ALLSKY_SFC_SW_DWN,2017,12,5.2145
CTN_039,ALLSKY_SFC_SW_DWN,2018,1,4.9625
CTN_039,ALLSKY_SFC_SW_DWN,2018,2,5.7168
CTN_039,ALLSKY_SFC_SW_DWN,2018,3,6.8376
CTN_039,ALLSKY_SFC_SW_DWN,2018,4,6.7886
CTN_039,ALLSKY_SFC_SW_DWN,2018,5,6.5208
CTN_039,ALLSKY_SFC_SW_DWN,2018,6,5.4682
CTN_039,ALLSKY_SFC_SW_DWN,2018,7,6.8988
CTN_039,ALLSKY_SFC_SW_DWN,2018,8,5.8337
CTN_039,ALLSKY_SFC_SW_DWN,2018,9,5.8049
CTN_039,ALLSKY_SFC_SW_DWN,2018,10,4.9438
CTN_039,ALLSKY_SFC_SW_DWN,2018,11,4.6474
CTN_039,ALLSKY_SFC_SW_DWN,2018,12,4.9735
CTN_039,ALLSKY_SFC_SW_DWN,2019,1,5.2416
CTN_039,ALLSKY_SFC_SW_DWN,2019,2,6.223
CTN_039,ALLSKY_SFC_SW_DWN,2019,3,6.8825
CTN_039,ALLSKY_SFC_SW_DWN,2019,4,7.3212
CTN_039,ALLSKY_SFC_SW_DWN,2019,5,6.6302
CTN_039,ALLSKY_SFC_SW_DWN,2019,6,5.8466
CTN_039,ALLSKY_SFC_SW_DWN,2019,7,6.3396
CTN_039,ALLSKY_SFC_SW_DWN,2019,8,6.1735
CTN_039,ALLSKY_SFC_SW_DWN,2019,9,5.5022
CTN_039,ALLSKY_SFC_SW_DWN,2019,10,4.9346
CTN_039,ALLSKY_SFC_SW_DWN,2019,11,5.035
CTN_039,ALLSKY_SFC_SW_DWN,2019,12,4.9406
CTN_039,ALLSKY_SFC_SW_DWN,2020,1,5.3014
CTN_039,ALLSKY_SFC_SW_DWN,2020,2,5.9935
CTN_039,ALLSKY_SFC_SW_DWN,2020,3,6.8522
CTN_039,ALLSKY_SFC_SW_DWN,2020,4,7.3094
CTN_039,ALLSKY_SFC_SW_DWN,2020,5,7.1126
CTN_039,ALLSKY_SFC_SW_DWN,2020,6,5.9875
CTN_039,ALLSKY_SFC_SW_DWN,2020,7,6.0348
CTN_039,ALLSKY_SFC_SW_DWN,2020,8,5.5555
CTN_039,ALLSKY_SFC_SW_DWN,2020,9,5.2063
CTN_039,ALLSKY_SFC_SW_DWN,2020,10,5.7372
CTN_039,ALLSKY_SFC_SW_DWN,2020,11,5.4557
CTN_039,ALLSKY_SFC_SW_DWN,2020,12,4.8254
CTN_039,ALLSKY_SFC_SW_DWN,2021,1,4.8883
CTN_039,ALLSKY_SFC_SW_DWN,2021,2,6.3473
CTN_039,ALLSKY_SFC_SW_DWN,2021,3,6.919
CTN_039,ALLSKY_SFC_SW_DWN,2021,4,7.3584
CTN_039,ALLSKY_SFC_SW_DWN,2021,5,6.642
CTN_039,ALLSKY_SFC_SW_DWN,2021,6,4.9135
CTN_039,ALLSKY_SFC_SW_DWN,2021,7,6.2009
CTN_039,ALLSKY_SFC_SW_DWN,2021,8,5.4379
CTN_039,ALLSKY_SFC_SW_DWN,2021,9,5.5039
CTN_039,ALLSKY_SFC_SW_DWN,2021,10,5.1636
CTN_039,ALLSKY_SFC_SW_DWN,2021,11,5.5058
CTN_039,ALLSKY_SFC_SW_DWN,2021,12,5.1216
CTN_039,ALLSKY_SFC_SW_DWN,2022,1,5.2169
CTN_039,ALLSKY_SFC_SW_DWN,2022,2,5.8219
CTN_039,ALLSKY_SFC_SW_DWN,2022,3,7.1266
CTN_039,ALLSKY_SFC_SW_DWN,2022,4,7.1834
CTN_039,ALLSKY_SFC_SW_DWN,2022,5,6.9103
CTN_039,ALLSKY_SFC_SW_DWN,2022,6,5.7257
CTN_039,ALLSKY_SFC_SW_DWN,2022,7,6.0175
CTN_039,ALLSKY_SFC_SW_DWN,2022,8,5.7478
CTN_039,ALLSKY_SFC_SW_DWN,2022,9,5.0993
CTN_039,ALLSKY_SFC_SW_DWN,2022,10,4.9054
CTN_039,ALLSKY_SFC_SW_DWN,2022,11,5.0659
CTN_039,ALLSKY_SFC_SW_DWN,2022,12,4.9238
CTN_039,ALLSKY_SFC_SW_DWN,2023,1,5.3666
CTN_039,ALLSKY_SFC_SW_DWN,2023,2,6.0384
CTN_039,ALLSKY_SFC_SW_DWN,2023,3,6.8532
CTN_039,ALLSKY_SFC_SW_DWN,2023,4,7.1774
CTN_039,ALLSKY_SFC_SW_DWN,2023,5,6.3259
CTN_039,ALLSKY_SFC_SW_DWN,2023,6,6.707
CTN_039,ALLSKY_SFC_SW_DWN,2023,7,5.9026
CTN_039,ALLSKY_SFC_SW_DWN,2023,8,5.7641
CTN_039,ALLSKY_SFC_SW_DWN,2023,9,6.0046
CTN_039,ALLSKY_SFC_SW_DWN,2023,10,4.8019
CTN_039,ALLSKY_SFC_SW_DWN,2023,11,5.0902
CTN_039,ALLSKY_SFC_SW_DWN,2023,12,4.6488
CTN_039,ALLSKY_SFC_SW_DWN,2024,1,5.0803
CTN_039,ALLSKY_SFC_SW_DWN,2024,2,5.9758
CTN_039,ALLSKY_SFC_SW_DWN,2024,3,7.1664
CTN_039,ALLSKY_SFC_SW_DWN,2024,4,7.3092
CTN_039,ALLSKY_SFC_SW_DWN,2024,5,6.9641
CTN_039,ALLSKY_SFC_SW_DWN,2024,6,5.947
CTN_039,ALLSKY_SFC_SW_DWN,2024,7,5.6215
CTN_039,ALLSKY_SFC_SW_DWN,2024,8,5.9333
CTN_039,ALLSKY_SFC_SW_DWN,2024,9,4.6392
CTN_039,ALLSKY_SFC_SW_DWN,2024,10,5.2361
CTN_039,ALLSKY_SFC_SW_DWN,2024,11,5.2152
CTN_039,ALLSKY_SFC_SW_DWN,2024,12,4.8943
CTN_039,PRECTOTCORR,2015,1,0.0
CTN_039,PRECTOTCORR,2015,2,0.12
CTN_039,PRECTOTCORR,2015,3,0.51
CTN_039,PRECTOTCORR,2015,4,0.06
CTN_039,PRECTOTCORR,2015,5,2.7
CTN_039,PRECTOTCORR,2015,6,4.02
CTN_039,PRECTOTCORR,2015,7,4.39
CTN_039,PRECTOTCORR,2015,8,5.49
CTN_039,PRECTOTCORR,2015,9,9.52
CTN_039,PRECTOTCORR,2015,10,4.92
CTN_039,PRECTOTCORR,2015,11,1.43
CTN_039,PRECTOTCORR,2015,12,0.1
CTN_039,PRECTOTCORR,2016,1,0.15
CTN_039,PRECTOTCORR,2016,2,0.06
CTN_039,PRECTOTCORR,2016,3,1.97
CTN_039,PRECTOTCORR,2016,4,0.28
CTN_039,PRECTOTCORR,2016,5,1.32
CTN_039,PRECTOTCORR,2016,6,7.26
CTN_039,PRECTOTCORR,2016,7,6.45
CTN_039,PRECTOTCORR,2016,8,7.88
CTN_039,PRECTOTCORR,2016,9,11.13
CTN_039,PRECTOTCORR,2016,10,1.61
CTN_039,PRECTOTCORR,2016,11,1.48
CTN_039,PRECTOTCORR,2016,12,0.04
CTN_039,PRECTOTCORR,2017,1,0.0
CTN_039,PRECTOTCORR,2017,2,0.0
CTN_039,PRECTOTCORR,2017,3,0.03
CTN_039,PRECTOTCORR,2017,4,0.11
CTN_039,PRECTOTCORR,2017,5,3.84
CTN_039,PRECTOTCORR,2017,6,8.22
CTN_039,PRECTOTCORR,2017,7,6.06
CTN_039,PRECTOTCORR,2017,8,10.32
CTN_039,PRECTOTCORR,2017,9,17.57
CTN_039,PRECTOTCORR,2017,10,3.25
CTN_039,PRECTOTCORR,2017,11,0.28
CTN_039,PRECTOTCORR,2017,12,0.01
CTN_039,PRECTOTCORR,2018,1,0.06
CTN_039,PRECTOTCORR,2018,2,0.13
CTN_039,PRECTOTCORR,2018,3,0.05
CTN_039,PRECTOTCORR,2018,4,0.4
CTN_039,PRECTOTCORR,2018,5,1.17
CTN_039,PRECTOTCORR,2018,6,9.99
CTN_039,PRECTOTCORR,2018,7,3.8
CTN_039,PRECTOTCORR,2018,8,10.48
CTN_039,PRECTOTCORR,2018,9,8.6
CTN_039,PRECTOTCORR,2018,10,7.39
CTN_039,PRECTOTCORR,2018,11,2.3
CTN_039,PRECTOTCORR,2018,12,0.31
CTN_039,PRECTOTCORR,2019,1,0.03
CTN_039,PRECTOTCORR,2019,2,0.0
CTN_039,PRECTOTCORR,2019,3,0.0
CTN_039,PRECTOTCORR,2019,4,0.0
CTN_039,PRECTOTCORR,2019,5,1.16
CTN_039,PRECTOTCORR,2019,6,5.48
CTN_039,PRECTOTCORR,2019,7,5.91
CTN_039,PRECTOTCORR,2019,8,7.58
CTN_039,PRECTOTCORR,2019,9,12.06
CTN_039,PRECTOTCORR,2019,10,7.48
CTN_039,PRECTOTCORR,2019,11,2.18
CTN_039,PRECTOTCORR,2019,12,0.02
CTN_039,PRECTOTCORR,2020,1,0.14
CTN_039,PRECTOTCORR,2020,2,0.05
CTN_039,PRECTOTCORR,2020,3,0.0
CTN_039,PRECTOTCORR,2020,4,0.2
CTN_039,PRECTOTCORR,2020,5,0.28
CTN_039,PRECTOTCORR,2020,6,5.28
CTN_039,PRECTOTCORR,2020,7,4.86
CTN_039,PRECTOTCORR,2020,8,12.98
CTN_039,PRECTOTCORR,2020,9,9.41
CTN_039,PRECTOTCORR,2020,10,3.15
CTN_039,PRECTOTCORR,2020,11,0.19
CTN_039,PRECTOTCORR,2020,12,0.21
CTN_039,PRECTOTCORR,2021,1,0.08
CTN_039,PRECTOTCORR,2021,2,0.22
CTN_039,PRECTOTCORR,2021,3,0.32
CTN_039,PRECTOTCORR,2021,4,0.04
CTN_039,PRECTOTCORR,2021,5,1.61
CTN_039,PRECTOTCORR,2021,6,11.78
CTN_039,PRECTOTCORR,2021,7,6.57
CTN_039,PRECTOTCORR,2021,8,11.36
CTN_039,PRECTOTCORR,2021,9,9.36
CTN_039,PRECTOTCORR,2021,10,6.79
CTN_039,PRECTOTCORR,2021,11,0.12
CTN_039,PRECTOTCORR,2021,12,0.01
CTN_039,PRECTOTCORR,2022,1,0.22
CTN_039,PRECTOTCORR,2022,2,0.02
CTN_039,PRECTOTCORR,2022,3,0.01
CTN_039,PRECTOTCORR,2022,4,0.41
CTN_039,PRECTOTCORR,2022,5,2.34
CTN_039,PRECTOTCORR,2022,6,10.73
CTN_039,PRECTOTCORR,2022,7,6.74
CTN_039,PRECTOTCORR,2022,8,6.24
CTN_039,PRECTOTCORR,2022,9,14.94
CTN_039,PRECTOTCORR,2022,10,3.75
CTN_039,PRECTOTCORR,2022,11,0.32
CTN_039,PRECTOTCORR,2022,12,0.11
CTN_039,PRECTOTCORR,2023,1,0.0
CTN_039,PRECTOTCORR,2023,2,0.0
CTN_039,PRECTOTCORR,2023,3,0.02
CTN_039,PRECTOTCORR,2023,4,0.93
CTN_039,PRECTOTCORR,2023,5,1.68
CTN_039,PRECTOTCORR,2023,6,1.54
CTN_039,PRECTOTCORR,2023,7,4.54
CTN_039,PRECTOTCORR,2023,8,6.93
CTN_039,PRECTOTCORR,2023,9,4.12
CTN_039,PRECTOTCORR,2023,10,11.32
CTN_039,PRECTOTCORR,2023,11,2.17
CTN_039,PRECTOTCORR,2023,12,0.19
CTN_039,PRECTOTCORR,2024,1,0.06
CTN_039,PRECTOTCORR,2024,2,0.22
CTN_039,PRECTOTCORR,2024,3,0.0
CTN_039,PRECTOTCORR,2024,4,0.01
CTN_039,PRECTOTCORR,2024,5,0.31
CTN_039,PRECTOTCORR,2024,6,3.23
CTN_039,PRECTOTCORR,2024,7,5.93
CTN_039,PRECTOTCORR,2024,8,6.71
CTN_039,PRECTOTCORR,2024,9,16.93
CTN_039,PRECTOTCORR,2024,10,3.49
CTN_039,PRECTOTCORR,2024,11,0.37
CTN_039,PRECTOTCORR,2024,12,0.1
CTN_039,T2M,2015,1,23.94
CTN_039,T2M,2015,2,24.28
CTN_039,T2M,2015,3,25.3
CTN_039,T2M,2015,4,26.81
CTN_039,T2M,2015,5,26.7
CTN_039,T2M,2015,6,25.82
CTN_039,T2M,2015,7,25.63
CTN_039,T2M,2015,8,25.73
CTN_039,T2M,2015,9,24.53
CTN_039,T2M,2015,10,24.9
CTN_039,T2M,2015,11,24.83
CTN_039,T2M,2015,12,24.56
CTN_039,T2M,2016,1,24.16
CTN_039,T2M,2016,2,24.85
CTN_039,T2M,2016,3,24.31
CTN_039,T2M,2016,4,26.49
CTN_039,T2M,2016,5,27.28
CTN_039,T2M,2016,6,25.26
CTN_039,T2M,2016,7,25.1
CTN_039,T2M,2016,8,24.95
CTN_039,T2M,2016,9,24.33
CTN_039,T2M,2016,10,24.69
CTN_039,T2M,2016,11,24.1
CTN_039,T2M,2016,12,24.84
CTN_039,T2M,2017,1,23.86
CTN_039,T2M,2017,2,24.31
CTN_039,T2M,2017,3,25.6
CTN_039,T2M,2017,4,25.67
CTN_039,T2M,2017,5,26.15
CTN_039,T2M,2017,6,24.53
CTN_039,T2M,2017,7,24.94
CTN_039,T2M,2017,8,24.35
CTN_039,T2M,2017,9,23.96
CTN_039,T2M,2017,10,24.32
CTN_039,T2M,2017,11,23.48
CTN_039,T2M,2017,12,23.34
CTN_039,T2M,2018,1,23.9
CTN_039,T2M,2018,2,24.93
CTN_039,T2M,2018,3,25.66
CTN_039,T2M,2018,4,26.3
CTN_039,T2M,2018,5,26.85
CTN_039,T2M,2018,6,24.44
CTN_039,T2M,2018,7,25.57
CTN_039,T2M,2018,8,24.57
CTN_039,T2M,2018,9,24.27
CTN_039,T2M,2018,10,24.01
CTN_039,T2M,2018,11,23.32
CTN_039,T2M,2018,12,22.67
CTN_039,T2M,2019,1,23.2
CTN_039,T2M,2019,2,24.28
CTN_039,T2M,2019,3,25.59
CTN_039,T2M,2019,4,25.64
CTN_039,T2M,2019,5,25.95
CTN_039,T2M,2019,6,25.75
CTN_039,T2M,2019,7,25.39
CTN_039,T2M,2019,8,25.21
CTN_039,T2M,2019,9,24.64
CTN_039,T2M,2019,10,23.99
CTN_039,T2M,2019,11,24.23
CTN_039,T2M,2019,12,23.33
CTN_039,T2M,2020,1,23.98
CTN_039,T2M,2020,2,24.95
CTN_039,T2M,2020,3,25.97
CTN_039,T2M,2020,4,26.87
CTN_039,T2M,2020,5,27.2
CTN_039,T2M,2020,6,26.03
CTN_039,T2M,2020,7,25.28
CTN_039,T2M,2020,8,24.66
CTN_039,T2M,2020,9,24.19
CTN_039,T2M,2020,10,24.14
CTN_039,T2M,2020,11,23.99
CTN_039,T2M,2020,12,23.78
CTN_039,T2M,2021,1,24.47
CTN_039,T2M,2021,2,23.67
CTN_039,T2M,2021,3,25.08
CTN_039,T2M,2021,4,26.11
CTN_039,T2M,2021,5,26.61
CTN_039,T2M,2021,6,24.45
CTN_039,T2M,2021,7,24.83
CTN_039,T2M,2021,8,24.14
CTN_039,T2M,2021,9,24.22
CTN_039,T2M,2021,10,24.59
CTN_039,T2M,2021,11,23.22
CTN_039,T2M,2021,12,23.86
CTN_039,T2M,2022,1,23.93
CTN_039,T2M,2022,2,24.94
CTN_039,T2M,2022,3,25.21
CTN_039,T2M,2022,4,26.22
CTN_039,T2M,2022,5,26.49
CTN_039,T2M,2022,6,24.36
CTN_039,T2M,2022,7,24.86
CTN_039,T2M,2022,8,24.52
CTN_039,T2M,2022,9,24.2
CTN_039,T2M,2022,10,24.1
CTN_039,T2M,2022,11,23.98
CTN_039,T2M,2022,12,23.2
CTN_039,T2M,2023,1,24.07
CTN_039,T2M,2023,2,25.0
CTN_039,T2M,2023,3,25.31
CTN_039,T2M,2023,4,26.25
CTN_039,T2M,2023,5,27.44
CTN_039,T2M,2023,6,27.69
CTN_039,T2M,2023,7,26.57
CTN_039,T2M,2023,8,25.77
CTN_039,T2M,2023,9,25.8
CTN_039,T2M,2023,10,24.67
CTN_039,T2M,2023,11,24.69
CTN_039,T2M,2023,12,23.87
CTN_039,T2M,2024,1,24.52
CTN_039,T2M,2024,2,24.91
CTN_039,T2M,2024,3,25.44
CTN_039,T2M,2024,4,26.79
CTN_039,T2M,2024,5,27.96
CTN_039,T2M,2024,6,26.26
CTN_039,T2M,2024,7,26.13
CTN_039,T2M,2024,8,25.46
CTN_039,T2M,2024,9,24.93
CTN_039,T2M,2024,10,24.58
CTN_039,T2M,2024,11,24.25
CTN_039,T2M,2024,12,23.51
CTN_039,T2M_MAX,2015,1,33.35
CTN_039,T2M_MAX,2015,2,34.66
CTN_039,T2M_MAX,2015,3,35.73
CTN_039,T2M_MAX,2015,4,36.5
CTN_039,T2M_MAX,2015,5,35.72
CTN_039,T2M_MAX,2015,6,34.61
CTN_039,T2M_MAX,2015,7,32.45
CTN_039,T2M_MAX,2015,8,33.72
CTN_039,T2M_MAX,2015,9,30.62
CTN_039,T2M_MAX,2015,10,31.67
CTN_039,T2M_MAX,2015,11,30.9
CTN_039,T2M_MAX,2015,12,32.67
CTN_039,T2M_MAX,2016,1,33.36
CTN_039,T2M_MAX,2016,2,35.8
CTN_039,T2M_MAX,2016,3,35.0
CTN_039,T2M_MAX,2016,4,35.73
CTN_039,T2M_MAX,2016,5,35.81
CTN_039,T2M_MAX,2016,6,34.41
CTN_039,T2M_MAX,2016,7,31.77
CTN_039,T2M_MAX,2016,8,31.62
CTN_039,T2M_MAX,2016,9,29.84
CTN_039,T2M_MAX,2016,10,30.49
CTN_039,T2M_MAX,2016,11,31.3
CTN_039,T2M_MAX,2016,12,33.89
CTN_039,T2M_MAX,2017,1,33.09
CTN_039,T2M_MAX,2017,2,34.52
CTN_039,T2M_MAX,2017,3,34.77
CTN_039,T2M_MAX,2017,4,35.6
CTN_039,T2M_MAX,2017,5,35.7
CTN_039,T2M_MAX,2017,6,30.78
CTN_039,T2M_MAX,2017,7,31.33
CTN_039,T2M_MAX,2017,8,30.92
CTN_039,T2M_MAX,2017,9,29.36
CTN_039,T2M_MAX,2017,10,31.64
CTN_039,T2M_MAX,2017,11,30.4
CTN_039,T2M_MAX,2017,12,31.91
CTN_039,T2M_MAX,2018,1,33.4
CTN_039,T2M_MAX,2018,2,34.66
CTN_039,T2M_MAX,2018,3,35.33
CTN_039,T2M_MAX,2018,4,35.44
CTN_039,T2M_MAX,2018,5,35.18
CTN_039,T2M_MAX,2018,6,34.88
CTN_039,T2M_MAX,2018,7,32.02
CTN_039,T2M_MAX,2018,8,31.05
CTN_039,T2M_MAX,2018,9,29.71
CTN_039,T2M_MAX,2018,10,28.7
CTN_039,T2M_MAX,2018,11,29.98
CTN_039,T2M_MAX,2018,12,29.53
CTN_039,T2M_MAX,2019,1,31.9
CTN_039,T2M_MAX,2019,2,34.9
CTN_039,T2M_MAX,2019,3,35.73
CTN_039,T2M_MAX,2019,4,35.03
CTN_039,T2M_MAX,2019,5,35.44
CTN_039,T2M_MAX,2019,6,33.53
CTN_039,T2M_MAX,2019,7,32.75
CTN_039,T2M_MAX,2019,8,31.07
CTN_039,T2M_MAX,2019,9,30.68
CTN_039,T2M_MAX,2019,10,29.77
CTN_039,T2M_MAX,2019,11,31.03
CTN_039,T2M_MAX,2019,12,29.82
CTN_039,T2M_MAX,2020,1,33.08
CTN_039,T2M_MAX,2020,2,35.15
CTN_039,T2M_MAX,2020,3,34.95
CTN_039,T2M_MAX,2020,4,36.96
CTN_039,T2M_MAX,2020,5,36.31
CTN_039,T2M_MAX,2020,6,35.6
CTN_039,T2M_MAX,2020,7,31.99
CTN_039,T2M_MAX,2020,8,32.29
CTN_039,T2M_MAX,2020,9,29.64
CTN_039,T2M_MAX,2020,10,30.42
CTN_039,T2M_MAX,2020,11,31.62
CTN_039,T2M_MAX,2020,12,32.38
CTN_039,T2M_MAX,2021,1,33.87
CTN_039,T2M_MAX,2021,2,33.65
CTN_039,T2M_MAX,2021,3,34.51
CTN_039,T2M_MAX,2021,4,35.94
CTN_039,T2M_MAX,2021,5,35.34
CTN_039,T2M_MAX,2021,6,30.99
CTN_039,T2M_MAX,2021,7,30.53
CTN_039,T2M_MAX,2021,8,31.03
CTN_039,T2M_MAX,2021,9,30.53
CTN_039,T2M_MAX,2021,10,29.88
CTN_039,T2M_MAX,2021,11,29.97
CTN_039,T2M_MAX,2021,12,31.23
CTN_039,T2M_MAX,2022,1,32.2
CTN_039,T2M_MAX,2022,2,34.52
CTN_039,T2M_MAX,2022,3,35.67
CTN_039,T2M_MAX,2022,4,36.12
CTN_039,T2M_MAX,2022,5,37.29
CTN_039,T2M_MAX,2022,6,31.27
CTN_039,T2M_MAX,2022,7,30.55
CTN_039,T2M_MAX,2022,8,31.26
CTN_039,T2M_MAX,2022,9,30.15
CTN_039,T2M_MAX,2022,10,30.21
CTN_039,T2M_MAX,2022,11,29.8
CTN_039,T2M_MAX,2022,12,30.68
CTN_039,T2M_MAX,2023,1,33.15
CTN_039,T2M_MAX,2023,2,33.79
CTN_039,T2M_MAX,2023,3,35.61
CTN_039,T2M_MAX,2023,4,35.79
CTN_039,T2M_MAX,2023,5,37.45
CTN_039,T2M_MAX,2023,6,37.72
CTN_039,T2M_MAX,2023,7,34.74
CTN_039,T2M_MAX,2023,8,32.58
CTN_039,T2M_MAX,2023,9,32.35
CTN_039,T2M_MAX,2023,10,30.46
CTN_039,T2M_MAX,2023,11,31.12
CTN_039,T2M_MAX,2023,12,30.92
CTN_039,T2M_MAX,2024,1,34.24
CTN_039,T2M_MAX,2024,2,34.47
CTN_039,T2M_MAX,2024,3,36.86
CTN_039,T2M_MAX,2024,4,36.72
CTN_039,T2M_MAX,2024,5,38.25
CTN_039,T2M_MAX,2024,6,36.86
CTN_039,T2M_MAX,2024,7,33.91
CTN_039,T2M_MAX,2024,8,31.31
CTN_039,T2M_MAX,2024,9,30.18
CTN_039,T2M_MAX,2024,10,30.86
CTN_039,T2M_MAX,2024,11,30.2
CTN_039,T2M_MAX,2024,12,31.96
CTN_039,WS10M,2015,1,2.68
CTN_039,WS10M,2015,2,2.66
CTN_039,WS10M,2015,3,2.8
CTN_039,WS10M,2015,4,2.88
CTN_039,WS10M,2015,5,2.54
CTN_039,WS10M,2015,6,2.59
CTN_039,WS10M,2015,7,2.38
CTN_039,WS10M,2015,8,2.14
CTN_039,WS10M,2015,9,2.15
CTN_039,WS10M,2015,10,2.18
CTN_039,WS10M,2015,11,2.02
CTN_039,WS10M,2015,12,2.3
CTN_039,WS10M,2016,1,2.22
CTN_039,WS10M,2016,2,2.92
CTN_039,WS10M,2016,3,2.5
CTN_039,WS10M,2016,4,2.67
CTN_039,WS10M,2016,5,2.69
CTN_039,WS10M,2016,6,2.44
CTN_039,WS10M,2016,7,2.02
CTN_039,WS10M,2016,8,2.45
CTN_039,WS10M,2016,9,2.21
CTN_039,WS10M,2016,10,2.15
CTN_039,WS10M,2016,11,2.21
CTN_039,WS10M,2016,12,2.36
CTN_039,WS10M,2017,1,2.68
CTN_039,WS10M,2017,2,2.69
CTN_039,WS10M,2017,3,2.91
CTN_039,WS10M,2017,4,2.89
CTN_039,WS10M,2017,5,2.73
CTN_039,WS10M,2017,6,2.56
CTN_039,WS10M,2017,7,2.12
CTN_039,WS10M,2017,8,2.43
CTN_039,WS10M,2017,9,2.35
CTN_039,WS10M,2017,10,2.24
CTN_039,WS10M,2017,11,2.23
CTN_039,WS10M,2017,12,2.29
CTN_039,WS10M,2018,1,2.87
CTN_039,WS10M,2018,2,2.59
CTN_039,WS10M,2018,3,2.75
CTN_039,WS10M,2018,4,2.83
CTN_039,WS10M,2018,5,2.87
CTN_039,WS10M,2018,6,2.71
CTN_039,WS10M,2018,7,2.25
CTN_039,WS10M,2018,8,2.11
CTN_039,WS10M,2018,9,2.29
CTN_039,WS10M,2018,10,2.25
CTN_039,WS10M,2018,11,2.0
CTN_039,WS10M,2018,12,1.94
CTN_039,WS10M,2019,1,2.34
CTN_039,WS10M,2019,2,2.5
CTN_039,WS10M,2019,3,2.87
CTN_039,WS10M,2019,4,2.85
CTN_039,WS10M,2019,5,2.85
CTN_039,WS10M,2019,6,2.37
CTN_039,WS10M,2019,7,2.1
CTN_039,WS10M,2019,8,2.24
CTN_039,WS10M,2019,9,2.49
CTN_039,WS10M,2019,10,2.26
CTN_039,WS10M,2019,11,2.19
CTN_039,WS10M,2019,12,1.96
CTN_039,WS10M,2020,1,2.36
CTN_039,WS10M,2020,2,2.65
CTN_039,WS10M,2020,3,2.92
CTN_039,WS10M,2020,4,2.88
CTN_039,WS10M,2020,5,2.84
CTN_039,WS10M,2020,6,2.75
CTN_039,WS10M,2020,7,2.32
CTN_039,WS10M,2020,8,2.55
CTN_039,WS10M,2020,9,2.27
CTN_039,WS10M,2020,10,2.24
CTN_039,WS10M,2020,11,2.75
CTN_039,WS10M,2020,12,2.25
CTN_039,WS10M,2021,1,2.31
CTN_039,WS10M,2021,2,2.77
CTN_039,WS10M,2021,3,2.79
CTN_039,WS10M,2021,4,2.99
CTN_039,WS10M,2021,5,2.74
CTN_039,WS10M,2021,6,2.52
CTN_039,WS10M,2021,7,2.24
CTN_039,WS10M,2021,8,2.39
CTN_039,WS10M,2021,9,2.05
CTN_039,WS10M,2021,10,2.23
CTN_039,WS10M,2021,11,2.07
CTN_039,WS10M,2021,12,2.09
CTN_039,WS10M,2022,1,2.42
CTN_039,WS10M,2022,2,2.71
CTN_039,WS10M,2022,3,2.87
CTN_039,WS10M,2022,4,2.92
CTN_039,WS10M,2022,5,2.92
CTN_039,WS10M,2022,6,2.6
CTN_039,WS10M,2022,7,2.18
CTN_039,WS10M,2022,8,2.05
CTN_039,WS10M,2022,9,2.66
CTN_039,WS10M,2022,10,2.31
CTN_039,WS10M,2022,11,1.95
CTN_039,WS10M,2022,12,2.16
CTN_039,WS10M,2023,1,2.44
CTN_039,WS10M,2023,2,2.88
CTN_039,WS10M,2023,3,2.87
CTN_039,WS10M,2023,4,2.92
CTN_039,WS10M,2023,5,2.66
CTN_039,WS10M,2023,6,3.1
CTN_039,WS10M,2023,7,2.44
CTN_039,WS10M,2023,8,2.31
CTN_039,WS10M,2023,9,2.2
CTN_039,WS10M,2023,10,2.41
CTN_039,WS10M,2023,11,2.19
CTN_039,WS10M,2023,12,2.18
CTN_039,WS10M,2024,1,2.3
CTN_039,WS10M,2024,2,2.92
CTN_039,WS10M,2024,3,2.9
CTN_039,WS10M,2024,4,2.98
CTN_039,WS10M,2024,5,2.89
CTN_039,WS10M,2024,6,3.03
CTN_039,WS10M,2024,7,2.1
CTN_039,WS10M,2024,8,2.21
CTN_039,WS10M,2024,9,2.59
CTN_039,WS10M,2024,10,2.19
CTN_039,WS10M,2024,11,2.23
CTN_039,WS10M,2024,12,2.16
CTN_040,ALLSKY_SFC_SW_DWN,2015,1,5.1029
CTN_040,ALLSKY_SFC_SW_DWN,2015,2,5.6297
CTN_040,ALLSKY_SFC_SW_DWN,2015,3,5.9503
CTN_040,ALLSKY_SFC_SW_DWN,2015,4,6.8688
CTN_040,ALLSKY_SFC_SW_DWN,2015,5,5.8577
CTN_040,ALLSKY_SFC_SW_DWN,2015,6,5.7233
CTN_040,ALLSKY_SFC_SW_DWN,2015,7,6.055
CTN_040,ALLSKY_SFC_SW_DWN,2015,8,6.1942
CTN_040,ALLSKY_SFC_SW_DWN,2015,9,5.2015
CTN_040,ALLSKY_SFC_SW_DWN,2015,10,5.1828
CTN_040,ALLSKY_SFC_SW_DWN,2015,11,5.0066
CTN_040,ALLSKY_SFC_SW_DWN,2015,12,4.6522
CTN_040,ALLSKY_SFC_SW_DWN,2016,1,4.2511
CTN_040,ALLSKY_SFC_SW_DWN,2016,2,5.9885
CTN_040,ALLSKY_SFC_SW_DWN,2016,3,6.1937
CTN_040,ALLSKY_SFC_SW_DWN,2016,4,6.8832
CTN_040,ALLSKY_SFC_SW_DWN,2016,5,6.5422
CTN_040,ALLSKY_SFC_SW_DWN,2016,6,5.7854
CTN_040,ALLSKY_SFC_SW_DWN,2016,7,6.1217
CTN_040,ALLSKY_SFC_SW_DWN,2016,8,5.8781
CTN_040,ALLSKY_SFC_SW_DWN,2016,9,5.4631
CTN_040,ALLSKY_SFC_SW_DWN,2016,10,5.7979
CTN_040,ALLSKY_SFC_SW_DWN,2016,11,5.0378
CTN_040,ALLSKY_SFC_SW_DWN,2016,12,5.0592
CTN_040,ALLSKY_SFC_SW_DWN,2017,1,5.4516
CTN_040,ALLSKY_SFC_SW_DWN,2017,2,6.253
CTN_040,ALLSKY_SFC_SW_DWN,2017,3,6.6667
CTN_040,ALLSKY_SFC_SW_DWN,2017,4,7.1045
CTN_040,ALLSKY_SFC_SW_DWN,2017,5,6.0158
CTN_040,ALLSKY_SFC_SW_DWN,2017,6,5.5135
CTN_040,ALLSKY_SFC_SW_DWN,2017,7,5.9371
CTN_040,ALLSKY_SFC_SW_DWN,2017,8,5.7149
CTN_040,ALLSKY_SFC_SW_DWN,2017,9,4.7688
CTN_040,ALLSKY_SFC_SW_DWN,2017,10,5.4187
CTN_040,ALLSKY_SFC_SW_DWN,2017,11,5.4818
CTN_040,ALLSKY_SFC_SW_DWN,2017,12,5.2145
CTN_040,ALLSKY_SFC_SW_DWN,2018,1,4.9625
CTN_040,ALLSKY_SFC_SW_DWN,2018,2,5.7168
CTN_040,ALLSKY_SFC_SW_DWN,2018,3,6.8376
CTN_040,ALLSKY_SFC_SW_DWN,2018,4,6.7886
CTN_040,ALLSKY_SFC_SW_DWN,2018,5,6.5208
CTN_040,ALLSKY_SFC_SW_DWN,2018,6,5.4682
CTN_040,ALLSKY_SFC_SW_DWN,2018,7,6.8988
CTN_040,ALLSKY_SFC_SW_DWN,2018,8,5.8337
CTN_040,ALLSKY_SFC_SW_DWN,2018,9,5.8049
CTN_040,ALLSKY_SFC_SW_DWN,2018,10,4.9438
CTN_040,ALLSKY_SFC_SW_DWN,2018,11,4.6474
CTN_040,ALLSKY_SFC_SW_DWN,2018,12,4.9735
CTN_040,ALLSKY_SFC_SW_DWN,2019,1,5.2416
CTN_040,ALLSKY_SFC_SW_DWN,2019,2,6.223
CTN_040,ALLSKY_SFC_SW_DWN,2019,3,6.8825
CTN_040,ALLSKY_SFC_SW_DWN,2019,4,7.3212
CTN_040,ALLSKY_SFC_SW_DWN,2019,5,6.6302
CTN_040,ALLSKY_SFC_SW_DWN,2019,6,5.8466
CTN_040,ALLSKY_SFC_SW_DWN,2019,7,6.3396
CTN_040,ALLSKY_SFC_SW_DWN,2019,8,6.1735
CTN_040,ALLSKY_SFC_SW_DWN,2019,9,5.5022
CTN_040,ALLSKY_SFC_SW_DWN,2019,10,4.9346
CTN_040,ALLSKY_SFC_SW_DWN,2019,11,5.035
CTN_040,ALLSKY_SFC_SW_DWN,2019,12,4.9406
CTN_040,ALLSKY_SFC_SW_DWN,2020,1,5.3014
CTN_040,ALLSKY_SFC_SW_DWN,2020,2,5.9935
CTN_040,ALLSKY_SFC_SW_DWN,2020,3,6.8522
CTN_040,ALLSKY_SFC_SW_DWN,2020,4,7.3094
CTN_040,ALLSKY_SFC_SW_DWN,2020,5,7.1126
CTN_040,ALLSKY_SFC_SW_DWN,2020,6,5.9875
CTN_040,ALLSKY_SFC_SW_DWN,2020,7,6.0348
CTN_040,ALLSKY_SFC_SW_DWN,2020,8,5.5555
CTN_040,ALLSKY_SFC_SW_DWN,2020,9,5.2063
CTN_040,ALLSKY_SFC_SW_DWN,2020,10,5.7372
CTN_040,ALLSKY_SFC_SW_DWN,2020,11,5.4557
CTN_040,ALLSKY_SFC_SW_DWN,2020,12,4.8254
CTN_040,ALLSKY_SFC_SW_DWN,2021,1,4.8883
CTN_040,ALLSKY_SFC_SW_DWN,2021,2,6.3473
CTN_040,ALLSKY_SFC_SW_DWN,2021,3,6.919
CTN_040,ALLSKY_SFC_SW_DWN,2021,4,7.3584
CTN_040,ALLSKY_SFC_SW_DWN,2021,5,6.642
CTN_040,ALLSKY_SFC_SW_DWN,2021,6,4.9135
CTN_040,ALLSKY_SFC_SW_DWN,2021,7,6.2009
CTN_040,ALLSKY_SFC_SW_DWN,2021,8,5.4379
CTN_040,ALLSKY_SFC_SW_DWN,2021,9,5.5039
CTN_040,ALLSKY_SFC_SW_DWN,2021,10,5.1636
CTN_040,ALLSKY_SFC_SW_DWN,2021,11,5.5058
CTN_040,ALLSKY_SFC_SW_DWN,2021,12,5.1216
CTN_040,ALLSKY_SFC_SW_DWN,2022,1,5.2169
CTN_040,ALLSKY_SFC_SW_DWN,2022,2,5.8219
CTN_040,ALLSKY_SFC_SW_DWN,2022,3,7.1266
CTN_040,ALLSKY_SFC_SW_DWN,2022,4,7.1834
CTN_040,ALLSKY_SFC_SW_DWN,2022,5,6.9103
CTN_040,ALLSKY_SFC_SW_DWN,2022,6,5.7257
CTN_040,ALLSKY_SFC_SW_DWN,2022,7,6.0175
CTN_040,ALLSKY_SFC_SW_DWN,2022,8,5.7478
CTN_040,ALLSKY_SFC_SW_DWN,2022,9,5.0993
CTN_040,ALLSKY_SFC_SW_DWN,2022,10,4.9054
CTN_040,ALLSKY_SFC_SW_DWN,2022,11,5.0659
CTN_040,ALLSKY_SFC_SW_DWN,2022,12,4.9238
CTN_040,ALLSKY_SFC_SW_DWN,2023,1,5.3666
CTN_040,ALLSKY_SFC_SW_DWN,2023,2,6.0384
CTN_040,ALLSKY_SFC_SW_DWN,2023,3,6.8532
CTN_040,ALLSKY_SFC_SW_DWN,2023,4,7.1774
CTN_040,ALLSKY_SFC_SW_DWN,2023,5,6.3259
CTN_040,ALLSKY_SFC_SW_DWN,2023,6,6.707
CTN_040,ALLSKY_SFC_SW_DWN,2023,7,5.9026
CTN_040,ALLSKY_SFC_SW_DWN,2023,8,5.7641
CTN_040,ALLSKY_SFC_SW_DWN,2023,9,6.0046
CTN_040,ALLSKY_SFC_SW_DWN,2023,10,4.8019
CTN_040,ALLSKY_SFC_SW_DWN,2023,11,5.0902
CTN_040,ALLSKY_SFC_SW_DWN,2023,12,4.6488
CTN_040,ALLSKY_SFC_SW_DWN,2024,1,5.0803
CTN_040,ALLSKY_SFC_SW_DWN,2024,2,5.9758
CTN_040,ALLSKY_SFC_SW_DWN,2024,3,7.1664
CTN_040,ALLSKY_SFC_SW_DWN,2024,4,7.3092
CTN_040,ALLSKY_SFC_SW_DWN,2024,5,6.9641
CTN_040,ALLSKY_SFC_SW_DWN,2024,6,5.947
CTN_040,ALLSKY_SFC_SW_DWN,2024,7,5.6215
CTN_040,ALLSKY_SFC_SW_DWN,2024,8,5.9333
CTN_040,ALLSKY_SFC_SW_DWN,2024,9,4.6392
CTN_040,ALLSKY_SFC_SW_DWN,2024,10,5.2361
CTN_040,ALLSKY_SFC_SW_DWN,2024,11,5.2152
CTN_040,ALLSKY_SFC_SW_DWN,2024,12,4.8943
CTN_040,PRECTOTCORR,2015,1,0.0
CTN_040,PRECTOTCORR,2015,2,0.12
CTN_040,PRECTOTCORR,2015,3,0.51
CTN_040,PRECTOTCORR,2015,4,0.06
CTN_040,PRECTOTCORR,2015,5,2.7
CTN_040,PRECTOTCORR,2015,6,4.02
CTN_040,PRECTOTCORR,2015,7,4.39
CTN_040,PRECTOTCORR,2015,8,5.49
CTN_040,PRECTOTCORR,2015,9,9.52
CTN_040,PRECTOTCORR,2015,10,4.92
CTN_040,PRECTOTCORR,2015,11,1.43
CTN_040,PRECTOTCORR,2015,12,0.1
CTN_040,PRECTOTCORR,2016,1,0.15
CTN_040,PRECTOTCORR,2016,2,0.06
CTN_040,PRECTOTCORR,2016,3,1.97
CTN_040,PRECTOTCORR,2016,4,0.28
CTN_040,PRECTOTCORR,2016,5,1.32
CTN_040,PRECTOTCORR,2016,6,7.26
CTN_040,PRECTOTCORR,2016,7,6.45
CTN_040,PRECTOTCORR,2016,8,7.88
CTN_040,PRECTOTCORR,2016,9,11.13
CTN_040,PRECTOTCORR,2016,10,1.61
CTN_040,PRECTOTCORR,2016,11,1.48
CTN_040,PRECTOTCORR,2016,12,0.04
CTN_040,PRECTOTCORR,2017,1,0.0
CTN_040,PRECTOTCORR,2017,2,0.0
CTN_040,PRECTOTCORR,2017,3,0.03
CTN_040,PRECTOTCORR,2017,4,0.11
CTN_040,PRECTOTCORR,2017,5,3.84
CTN_040,PRECTOTCORR,2017,6,8.22
CTN_040,PRECTOTCORR,2017,7,6.06
CTN_040,PRECTOTCORR,2017,8,10.32
CTN_040,PRECTOTCORR,2017,9,17.57
CTN_040,PRECTOTCORR,2017,10,3.25
CTN_040,PRECTOTCORR,2017,11,0.28
CTN_040,PRECTOTCORR,2017,12,0.01
CTN_040,PRECTOTCORR,2018,1,0.06
CTN_040,PRECTOTCORR,2018,2,0.13
CTN_040,PRECTOTCORR,2018,3,0.05
CTN_040,PRECTOTCORR,2018,4,0.4
CTN_040,PRECTOTCORR,2018,5,1.17
CTN_040,PRECTOTCORR,2018,6,9.99
CTN_040,PRECTOTCORR,2018,7,3.8
CTN_040,PRECTOTCORR,2018,8,10.48
CTN_040,PRECTOTCORR,2018,9,8.6
CTN_040,PRECTOTCORR,2018,10,7.39
CTN_040,PRECTOTCORR,2018,11,2.3
CTN_040,PRECTOTCORR,2018,12,0.31
CTN_040,PRECTOTCORR,2019,1,0.03
CTN_040,PRECTOTCORR,2019,2,0.0
CTN_040,PRECTOTCORR,2019,3,0.0
CTN_040,PRECTOTCORR,2019,4,0.0
CTN_040,PRECTOTCORR,2019,5,1.16
CTN_040,PRECTOTCORR,2019,6,5.48
CTN_040,PRECTOTCORR,2019,7,5.91
CTN_040,PRECTOTCORR,2019,8,7.58
CTN_040,PRECTOTCORR,2019,9,12.06
CTN_040,PRECTOTCORR,2019,10,7.48
CTN_040,PRECTOTCORR,2019,11,2.18
CTN_040,PRECTOTCORR,2019,12,0.02
CTN_040,PRECTOTCORR,2020,1,0.14
CTN_040,PRECTOTCORR,2020,2,0.05
CTN_040,PRECTOTCORR,2020,3,0.0
CTN_040,PRECTOTCORR,2020,4,0.2
CTN_040,PRECTOTCORR,2020,5,0.28
CTN_040,PRECTOTCORR,2020,6,5.28
CTN_040,PRECTOTCORR,2020,7,4.86
CTN_040,PRECTOTCORR,2020,8,12.98
CTN_040,PRECTOTCORR,2020,9,9.41
CTN_040,PRECTOTCORR,2020,10,3.15
CTN_040,PRECTOTCORR,2020,11,0.19
CTN_040,PRECTOTCORR,2020,12,0.21
CTN_040,PRECTOTCORR,2021,1,0.08
CTN_040,PRECTOTCORR,2021,2,0.22
CTN_040,PRECTOTCORR,2021,3,0.32
CTN_040,PRECTOTCORR,2021,4,0.04
CTN_040,PRECTOTCORR,2021,5,1.61
CTN_040,PRECTOTCORR,2021,6,11.78
CTN_040,PRECTOTCORR,2021,7,6.57
CTN_040,PRECTOTCORR,2021,8,11.36
CTN_040,PRECTOTCORR,2021,9,9.36
CTN_040,PRECTOTCORR,2021,10,6.79
CTN_040,PRECTOTCORR,2021,11,0.12
CTN_040,PRECTOTCORR,2021,12,0.01
CTN_040,PRECTOTCORR,2022,1,0.22
CTN_040,PRECTOTCORR,2022,2,0.02
CTN_040,PRECTOTCORR,2022,3,0.01
CTN_040,PRECTOTCORR,2022,4,0.41
CTN_040,PRECTOTCORR,2022,5,2.34
CTN_040,PRECTOTCORR,2022,6,10.73
CTN_040,PRECTOTCORR,2022,7,6.74
CTN_040,PRECTOTCORR,2022,8,6.24
CTN_040,PRECTOTCORR,2022,9,14.94
CTN_040,PRECTOTCORR,2022,10,3.75
CTN_040,PRECTOTCORR,2022,11,0.32
CTN_040,PRECTOTCORR,2022,12,0.11
CTN_040,PRECTOTCORR,2023,1,0.0
CTN_040,PRECTOTCORR,2023,2,0.0
CTN_040,PRECTOTCORR,2023,3,0.02
CTN_040,PRECTOTCORR,2023,4,0.93
CTN_040,PRECTOTCORR,2023,5,1.68
CTN_040,PRECTOTCORR,2023,6,1.54
CTN_040,PRECTOTCORR,2023,7,4.54
CTN_040,PRECTOTCORR,2023,8,6.93
CTN_040,PRECTOTCORR,2023,9,4.12
CTN_040,PRECTOTCORR,2023,10,11.32
CTN_040,PRECTOTCORR,2023,11,2.17
CTN_040,PRECTOTCORR,2023,12,0.19
CTN_040,PRECTOTCORR,2024,1,0.06
CTN_040,PRECTOTCORR,2024,2,0.22
CTN_040,PRECTOTCORR,2024,3,0.0
CTN_040,PRECTOTCORR,2024,4,0.01
CTN_040,PRECTOTCORR,2024,5,0.31
CTN_040,PRECTOTCORR,2024,6,3.23
CTN_040,PRECTOTCORR,2024,7,5.93
CTN_040,PRECTOTCORR,2024,8,6.71
CTN_040,PRECTOTCORR,2024,9,16.93
CTN_040,PRECTOTCORR,2024,10,3.49
CTN_040,PRECTOTCORR,2024,11,0.37
CTN_040,PRECTOTCORR,2024,12,0.1
CTN_040,T2M,2015,1,23.94
CTN_040,T2M,2015,2,24.28
CTN_040,T2M,2015,3,25.3
CTN_040,T2M,2015,4,26.81
CTN_040,T2M,2015,5,26.7
CTN_040,T2M,2015,6,25.82
CTN_040,T2M,2015,7,25.63
CTN_040,T2M,2015,8,25.73
CTN_040,T2M,2015,9,24.53
CTN_040,T2M,2015,10,24.9
CTN_040,T2M,2015,11,24.83
CTN_040,T2M,2015,12,24.56
CTN_040,T2M,2016,1,24.16
CTN_040,T2M,2016,2,24.85
CTN_040,T2M,2016,3,24.31
CTN_040,T2M,2016,4,26.49
CTN_040,T2M,2016,5,27.28
CTN_040,T2M,2016,6,25.26
CTN_040,T2M,2016,7,25.1
CTN_040,T2M,2016,8,24.95
CTN_040,T2M,2016,9,24.33
CTN_040,T2M,2016,10,24.69
CTN_040,T2M,2016,11,24.1
CTN_040,T2M,2016,12,24.84
CTN_040,T2M,2017,1,23.86
CTN_040,T2M,2017,2,24.31
CTN_040,T2M,2017,3,25.6
CTN_040,T2M,2017,4,25.67
CTN_040,T2M,2017,5,26.15
CTN_040,T2M,2017,6,24.53
CTN_040,T2M,2017,7,24.94
CTN_040,T2M,2017,8,24.35
CTN_040,T2M,2017,9,23.96
CTN_040,T2M,2017,10,24.32
CTN_040,T2M,2017,11,23.48
CTN_040,T2M,2017,12,23.34
CTN_040,T2M,2018,1,23.9
CTN_040,T2M,2018,2,24.93
CTN_040,T2M,2018,3,25.66
CTN_040,T2M,2018,4,26.3
CTN_040,T2M,2018,5,26.85
CTN_040,T2M,2018,6,24.44
CTN_040,T2M,2018,7,25.57
CTN_040,T2M,2018,8,24.57
CTN_040,T2M,2018,9,24.27
CTN_040,T2M,2018,10,24.01
CTN_040,T2M,2018,11,23.32
CTN_040,T2M,2018,12,22.67
CTN_040,T2M,2019,1,23.2
CTN_040,T2M,2019,2,24.28
CTN_040,T2M,2019,3,25.59
CTN_040,T2M,2019,4,25.64
CTN_040,T2M,2019,5,25.95
CTN_040,T2M,2019,6,25.75
CTN_040,T2M,2019,7,25.39
CTN_040,T2M,2019,8,25.21
CTN_040,T2M,2019,9,24.64
CTN_040,T2M,2019,10,23.99
CTN_040,T2M,2019,11,24.23
CTN_040,T2M,2019,12,23.33
CTN_040,T2M,2020,1,23.98
CTN_040,T2M,2020,2,24.95
CTN_040,T2M,2020,3,25.97
CTN_040,T2M,2020,4,26.87
CTN_040,T2M,2020,5,27.2
CTN_040,T2M,2020,6,26.03
CTN_040,T2M,2020,7,25.28
CTN_040,T2M,2020,8,24.66
CTN_040,T2M,2020,9,24.19
CTN_040,T2M,2020,10,24.14
CTN_040,T2M,2020,11,23.99
CTN_040,T2M,2020,12,23.78
CTN_040,T2M,2021,1,24.47
CTN_040,T2M,2021,2,23.67
CTN_040,T2M,2021,3,25.08
CTN_040,T2M,2021,4,26.11
CTN_040,T2M,2021,5,26.61
CTN_040,T2M,2021,6,24.45
CTN_040,T2M,2021,7,24.83
CTN_040,T2M,2021,8,24.14
CTN_040,T2M,2021,9,24.22
CTN_040,T2M,2021,10,24.59
CTN_040,T2M,2021,11,23.22
CTN_040,T2M,2021,12,23.86
CTN_040,T2M,2022,1,23.93
CTN_040,T2M,2022,2,24.94
CTN_040,T2M,2022,3,25.21
CTN_040,T2M,2022,4,26.22
CTN_040,T2M,2022,5,26.49
CTN_040,T2M,2022,6,24.36
CTN_040,T2M,2022,7,24.86
CTN_040,T2M,2022,8,24.52
CTN_040,T2M,2022,9,24.2
CTN_040,T2M,2022,10,24.1
CTN_040,T2M,2022,11,23.98
CTN_040,T2M,2022,12,23.2
CTN_040,T2M,2023,1,24.07
CTN_040,T2M,2023,2,25.0
CTN_040,T2M,2023,3,25.31
CTN_040,T2M,2023,4,26.25
CTN_040,T2M,2023,5,27.44
CTN_040,T2M,2023,6,27.69
CTN_040,T2M,2023,7,26.57
CTN_040,T2M,2023,8,25.77
CTN_040,T2M,2023,9,25.8
CTN_040,T2M,2023,10,24.67
CTN_040,T2M,2023,11,24.69
CTN_040,T2M,2023,12,23.87
CTN_040,T2M,2024,1,24.52
CTN_040,T2M,2024,2,24.91
CTN_040,T2M,2024,3,25.44
CTN_040,T2M,2024,4,26.79
CTN_040,T2M,2024,5,27.96
CTN_040,T2M,2024,6,26.26
CTN_040,T2M,2024,7,26.13
CTN_040,T2M,2024,8,25.46
CTN_040,T2M,2024,9,24.93
CTN_040,T2M,2024,10,24.58
CTN_040,T2M,2024,11,24.25
CTN_040,T2M,2024,12,23.51
CTN_040,T2M_MAX,2015,1,33.35
CTN_040,T2M_MAX,2015,2,34.66
CTN_040,T2M_MAX,2015,3,35.73
CTN_040,T2M_MAX,2015,4,36.5
CTN_040,T2M_MAX,2015,5,35.72
CTN_040,T2M_MAX,2015,6,34.61
CTN_040,T2M_MAX,2015,7,32.45
CTN_040,T2M_MAX,2015,8,33.72
CTN_040,T2M_MAX,2015,9,30.62
CTN_040,T2M_MAX,2015,10,31.67
CTN_040,T2M_MAX,2015,11,30.9
CTN_040,T2M_MAX,2015,12,32.67
CTN_040,T2M_MAX,2016,1,33.36
CTN_040,T2M_MAX,2016,2,35.8
CTN_040,T2M_MAX,2016,3,35.0
CTN_040,T2M_MAX,2016,4,35.73
CTN_040,T2M_MAX,2016,5,35.81
CTN_040,T2M_MAX,2016,6,34.41
CTN_040,T2M_MAX,2016,7,31.77
CTN_040,T2M_MAX,2016,8,31.62
CTN_040,T2M_MAX,2016,9,29.84
CTN_040,T2M_MAX,2016,10,30.49
CTN_040,T2M_MAX,2016,11,31.3
CTN_040,T2M_MAX,2016,12,33.89
CTN_040,T2M_MAX,2017,1,33.09
CTN_040,T2M_MAX,2017,2,34.52
CTN_040,T2M_MAX,2017,3,34.77
CTN_040,T2M_MAX,2017,4,35.6
CTN_040,T2M_MAX,2017,5,35.7
CTN_040,T2M_MAX,2017,6,30.78
CTN_040,T2M_MAX,2017,7,31.33
CTN_040,T2M_MAX,2017,8,30.92
CTN_040,T2M_MAX,2017,9,29.36
CTN_040,T2M_MAX,2017,10,31.64
CTN_040,T2M_MAX,2017,11,30.4
CTN_040,T2M_MAX,2017,12,31.91
CTN_040,T2M_MAX,2018,1,33.4
CTN_040,T2M_MAX,2018,2,34.66
CTN_040,T2M_MAX,2018,3,35.33
CTN_040,T2M_MAX,2018,4,35.44
CTN_040,T2M_MAX,2018,5,35.18
CTN_040,T2M_MAX,2018,6,34.88
CTN_040,T2M_MAX,2018,7,32.02
CTN_040,T2M_MAX,2018,8,31.05
CTN_040,T2M_MAX,2018,9,29.71
CTN_040,T2M_MAX,2018,10,28.7
CTN_040,T2M_MAX,2018,11,29.98
CTN_040,T2M_MAX,2018,12,29.53
CTN_040,T2M_MAX,2019,1,31.9
CTN_040,T2M_MAX,2019,2,34.9
CTN_040,T2M_MAX,2019,3,35.73
CTN_040,T2M_MAX,2019,4,35.03
CTN_040,T2M_MAX,2019,5,35.44
CTN_040,T2M_MAX,2019,6,33.53
CTN_040,T2M_MAX,2019,7,32.75
CTN_040,T2M_MAX,2019,8,31.07
CTN_040,T2M_MAX,2019,9,30.68
CTN_040,T2M_MAX,2019,10,29.77
CTN_040,T2M_MAX,2019,11,31.03
CTN_040,T2M_MAX,2019,12,29.82
CTN_040,T2M_MAX,2020,1,33.08
CTN_040,T2M_MAX,2020,2,35.15
CTN_040,T2M_MAX,2020,3,34.95
CTN_040,T2M_MAX,2020,4,36.96
CTN_040,T2M_MAX,2020,5,36.31
CTN_040,T2M_MAX,2020,6,35.6
CTN_040,T2M_MAX,2020,7,31.99
CTN_040,T2M_MAX,2020,8,32.29
CTN_040,T2M_MAX,2020,9,29.64
CTN_040,T2M_MAX,2020,10,30.42
CTN_040,T2M_MAX,2020,11,31.62
CTN_040,T2M_MAX,2020,12,32.38
CTN_040,T2M_MAX,2021,1,33.87
CTN_040,T2M_MAX,2021,2,33.65
CTN_040,T2M_MAX,2021,3,34.51
CTN_040,T2M_MAX,2021,4,35.94
CTN_040,T2M_MAX,2021,5,35.34
CTN_040,T2M_MAX,2021,6,30.99
CTN_040,T2M_MAX,2021,7,30.53
CTN_040,T2M_MAX,2021,8,31.03
CTN_040,T2M_MAX,2021,9,30.53
CTN_040,T2M_MAX,2021,10,29.88
CTN_040,T2M_MAX,2021,11,29.97
CTN_040,T2M_MAX,2021,12,31.23
CTN_040,T2M_MAX,2022,1,32.2
CTN_040,T2M_MAX,2022,2,34.52
CTN_040,T2M_MAX,2022,3,35.67
CTN_040,T2M_MAX,2022,4,36.12
CTN_040,T2M_MAX,2022,5,37.29
CTN_040,T2M_MAX,2022,6,31.27
CTN_040,T2M_MAX,2022,7,30.55
CTN_040,T2M_MAX,2022,8,31.26
CTN_040,T2M_MAX,2022,9,30.15
CTN_040,T2M_MAX,2022,10,30.21
CTN_040,T2M_MAX,2022,11,29.8
CTN_040,T2M_MAX,2022,12,30.68
CTN_040,T2M_MAX,2023,1,33.15
CTN_040,T2M_MAX,2023,2,33.79
CTN_040,T2M_MAX,2023,3,35.61
CTN_040,T2M_MAX,2023,4,35.79
CTN_040,T2M_MAX,2023,5,37.45
CTN_040,T2M_MAX,2023,6,37.72
CTN_040,T2M_MAX,2023,7,34.74
CTN_040,T2M_MAX,2023,8,32.58
CTN_040,T2M_MAX,2023,9,32.35
CTN_040,T2M_MAX,2023,10,30.46
CTN_040,T2M_MAX,2023,11,31.12
CTN_040,T2M_MAX,2023,12,30.92
CTN_040,T2M_MAX,2024,1,34.24
CTN_040,T2M_MAX,2024,2,34.47
CTN_040,T2M_MAX,2024,3,36.86
CTN_040,T2M_MAX,2024,4,36.72
CTN_040,T2M_MAX,2024,5,38.25
CTN_040,T2M_MAX,2024,6,36.86
CTN_040,T2M_MAX,2024,7,33.91
CTN_040,T2M_MAX,2024,8,31.31
CTN_040,T2M_MAX,2024,9,30.18
CTN_040,T2M_MAX,2024,10,30.86
CTN_040,T2M_MAX,2024,11,30.2
CTN_040,T2M_MAX,2024,12,31.96
CTN_040,WS10M,2015,1,2.68
CTN_040,WS10M,2015,2,2.66
CTN_040,WS10M,2015,3,2.8
CTN_040,WS10M,2015,4,2.88
CTN_040,WS10M,2015,5,2.54
CTN_040,WS10M,2015,6,2.59
CTN_040,WS10M,2015,7,2.38
CTN_040,WS10M,2015,8,2.14
CTN_040,WS10M,2015,9,2.15
CTN_040,WS10M,2015,10,2.18
CTN_040,WS10M,2015,11,2.02
CTN_040,WS10M,2015,12,2.3
CTN_040,WS10M,2016,1,2.22
CTN_040,WS10M,2016,2,2.92
CTN_040,WS10M,2016,3,2.5
CTN_040,WS10M,2016,4,2.67
CTN_040,WS10M,2016,5,2.69
CTN_040,WS10M,2016,6,2.44
CTN_040,WS10M,2016,7,2.02
CTN_040,WS10M,2016,8,2.45
CTN_040,WS10M,2016,9,2.21
CTN_040,WS10M,2016,10,2.15
CTN_040,WS10M,2016,11,2.21
CTN_040,WS10M,2016,12,2.36
CTN_040,WS10M,2017,1,2.68
CTN_040,WS10M,2017,2,2.69
CTN_040,WS10M,2017,3,2.91
CTN_040,WS10M,2017,4,2.89
CTN_040,WS10M,2017,5,2.73
CTN_040,WS10M,2017,6,2.56
CTN_040,WS10M,2017,7,2.12
CTN_040,WS10M,2017,8,2.43
CTN_040,WS10M,2017,9,2.35
CTN_040,WS10M,2017,10,2.24
CTN_040,WS10M,2017,11,2.23
CTN_040,WS10M,2017,12,2.29
CTN_040,WS10M,2018,1,2.87
CTN_040,WS10M,2018,2,2.59
CTN_040,WS10M,2018,3,2.75
CTN_040,WS10M,2018,4,2.83
CTN_040,WS10M,2018,5,2.87
CTN_040,WS10M,2018,6,2.71
CTN_040,WS10M,2018,7,2.25
CTN_040,WS10M,2018,8,2.11
CTN_040,WS10M,2018,9,2.29
CTN_040,WS10M,2018,10,2.25
CTN_040,WS10M,2018,11,2.0
CTN_040,WS10M,2018,12,1.94
CTN_040,WS10M,2019,1,2.34
CTN_040,WS10M,2019,2,2.5
CTN_040,WS10M,2019,3,2.87
CTN_040,WS10M,2019,4,2.85
CTN_040,WS10M,2019,5,2.85
CTN_040,WS10M,2019,6,2.37
CTN_040,WS10M,2019,7,2.1
CTN_040,WS10M,2019,8,2.24
CTN_040,WS10M,2019,9,2.49
CTN_040,WS10M,2019,10,2.26
CTN_040,WS10M,2019,11,2.19
CTN_040,WS10M,2019,12,1.96
CTN_040,WS10M,2020,1,2.36
CTN_040,WS10M,2020,2,2.65
CTN_040,WS10M,2020,3,2.92
CTN_040,WS10M,2020,4,2.88
CTN_040,WS10M,2020,5,2.84
CTN_040,WS10M,2020,6,2.75
CTN_040,WS10M,2020,7,2.32
CTN_040,WS10M,2020,8,2.55
CTN_040,WS10M,2020,9,2.27
CTN_040,WS10M,2020,10,2.24
CTN_040,WS10M,2020,11,2.75
CTN_040,WS10M,2020,12,2.25
CTN_040,WS10M,2021,1,2.31
CTN_040,WS10M,2021,2,2.77
CTN_040,WS10M,2021,3,2.79
CTN_040,WS10M,2021,4,2.99
CTN_040,WS10M,2021,5,2.74
CTN_040,WS10M,2021,6,2.52
CTN_040,WS10M,2021,7,2.24
CTN_040,WS10M,2021,8,2.39
CTN_040,WS10M,2021,9,2.05
CTN_040,WS10M,2021,10,2.23
CTN_040,WS10M,2021,11,2.07
CTN_040,WS10M,2021,12,2.09
CTN_040,WS10M,2022,1,2.42
CTN_040,WS10M,2022,2,2.71
CTN_040,WS10M,2022,3,2.87
CTN_040,WS10M,2022,4,2.92
CTN_040,WS10M,2022,5,2.92
CTN_040,WS10M,2022,6,2.6
CTN_040,WS10M,2022,7,2.18
CTN_040,WS10M,2022,8,2.05
CTN_040,WS10M,2022,9,2.66
CTN_040,WS10M,2022,10,2.31
CTN_040,WS10M,2022,11,1.95
CTN_040,WS10M,2022,12,2.16
CTN_040,WS10M,2023,1,2.44
CTN_040,WS10M,2023,2,2.88
CTN_040,WS10M,2023,3,2.87
CTN_040,WS10M,2023,4,2.92
CTN_040,WS10M,2023,5,2.66
CTN_040,WS10M,2023,6,3.1
CTN_040,WS10M,2023,7,2.44
CTN_040,WS10M,2023,8,2.31
CTN_040,WS10M,2023,9,2.2
CTN_040,WS10M,2023,10,2.41
CTN_040,WS10M,2023,11,2.19
CTN_040,WS10M,2023,12,2.18
CTN_040,WS10M,2024,1,2.3
CTN_040,WS10M,2024,2,2.92
CTN_040,WS10M,2024,3,2.9
CTN_040,WS10M,2024,4,2.98
CTN_040,WS10M,2024,5,2.89
CTN_040,WS10M,2024,6,3.03
CTN_040,WS10M,2024,7,2.1
CTN_040,WS10M,2024,8,2.21
CTN_040,WS10M,2024,9,2.59
CTN_040,WS10M,2024,10,2.19
CTN_040,WS10M,2024,11,2.23
CTN_040,WS10M,2024,12,2.16
CTN_041,ALLSKY_SFC_SW_DWN,2015,1,5.238
CTN_041,ALLSKY_SFC_SW_DWN,2015,2,5.8898
CTN_041,ALLSKY_SFC_SW_DWN,2015,3,6.4757
CTN_041,ALLSKY_SFC_SW_DWN,2015,4,6.9578
CTN_041,ALLSKY_SFC_SW_DWN,2015,5,6.263
CTN_041,ALLSKY_SFC_SW_DWN,2015,6,5.8982
CTN_041,ALLSKY_SFC_SW_DWN,2015,7,6.2335
CTN_041,ALLSKY_SFC_SW_DWN,2015,8,6.4318
CTN_041,ALLSKY_SFC_SW_DWN,2015,9,5.4216
CTN_041,ALLSKY_SFC_SW_DWN,2015,10,5.1761
CTN_041,ALLSKY_SFC_SW_DWN,2015,11,5.2102
CTN_041,ALLSKY_SFC_SW_DWN,2015,12,4.8132
CTN_041,ALLSKY_SFC_SW_DWN,2016,1,4.4945
CTN_041,ALLSKY_SFC_SW_DWN,2016,2,6.0811
CTN_041,ALLSKY_SFC_SW_DWN,2016,3,6.4111
CTN_041,ALLSKY_SFC_SW_DWN,2016,4,6.8714
CTN_041,ALLSKY_SFC_SW_DWN,2016,5,6.6991
CTN_041,ALLSKY_SFC_SW_DWN,2016,6,6.2585
CTN_041,ALLSKY_SFC_SW_DWN,2016,7,6.3718
CTN_041,ALLSKY_SFC_SW_DWN,2016,8,6.2777
CTN_041,ALLSKY_SFC_SW_DWN,2016,9,5.707
CTN_041,ALLSKY_SFC_SW_DWN,2016,10,5.8476
CTN_041,ALLSKY_SFC_SW_DWN,2016,11,5.2274
CTN_041,ALLSKY_SFC_SW_DWN,2016,12,5.2325
CTN_041,ALLSKY_SFC_SW_DWN,2017,1,5.5152
CTN_041,ALLSKY_SFC_SW_DWN,2017,2,6.317
CTN_041,ALLSKY_SFC_SW_DWN,2017,3,6.8834
CTN_041,ALLSKY_SFC_SW_DWN,2017,4,7.001
CTN_041,ALLSKY_SFC_SW_DWN,2017,5,6.3115
CTN_041,ALLSKY_SFC_SW_DWN,2017,6,5.9832
CTN_041,ALLSKY_SFC_SW_DWN,2017,7,6.4001
CTN_041,ALLSKY_SFC_SW_DWN,2017,8,6.1066
CTN_041,ALLSKY_SFC_SW_DWN,2017,9,5.1718
CTN_041,ALLSKY_SFC_SW_DWN,2017,10,5.4766
CTN_041,ALLSKY_SFC_SW_DWN,2017,11,5.453
CTN_041,ALLSKY_SFC_SW_DWN,2017,12,5.2234
CTN_041,ALLSKY_SFC_SW_DWN,2018,1,5.1084
CTN_041,ALLSKY_SFC_SW_DWN,2018,2,6.1337
CTN_041,ALLSKY_SFC_SW_DWN,2018,3,6.8784
CTN_041,ALLSKY_SFC_SW_DWN,2018,4,6.9869
CTN_041,ALLSKY_SFC_SW_DWN,2018,5,6.7063
CTN_041,ALLSKY_SFC_SW_DWN,2018,6,5.4118
CTN_041,ALLSKY_SFC_SW_DWN,2018,7,6.8978
CTN_041,ALLSKY_SFC_SW_DWN,2018,8,6.1282
CTN_041,ALLSKY_SFC_SW_DWN,2018,9,6.1418
CTN_041,ALLSKY_SFC_SW_DWN,2018,10,5.2781
CTN_041,ALLSKY_SFC_SW_DWN,2018,11,5.0268
CTN_041,ALLSKY_SFC_SW_DWN,2018,12,5.1178
CTN_041,ALLSKY_SFC_SW_DWN,2019,1,5.2826
CTN_041,ALLSKY_SFC_SW_DWN,2019,2,6.3014
CTN_041,ALLSKY_SFC_SW_DWN,2019,3,6.9667
CTN_041,ALLSKY_SFC_SW_DWN,2019,4,7.1304
CTN_041,ALLSKY_SFC_SW_DWN,2019,5,6.4519
CTN_041,ALLSKY_SFC_SW_DWN,2019,6,6.1709
CTN_041,ALLSKY_SFC_SW_DWN,2019,7,6.6185
CTN_041,ALLSKY_SFC_SW_DWN,2019,8,6.3612
CTN_041,ALLSKY_SFC_SW_DWN,2019,9,5.5584
CTN_041,ALLSKY_SFC_SW_DWN,2019,10,5.1286
CTN_041,ALLSKY_SFC_SW_DWN,2019,11,5.1588
CTN_041,ALLSKY_SFC_SW_DWN,2019,12,4.9884
CTN_041,ALLSKY_SFC_SW_DWN,2020,1,5.471
CTN_041,ALLSKY_SFC_SW_DWN,2020,2,6.1546
CTN_041,ALLSKY_SFC_SW_DWN,2020,3,6.9725
CTN_041,ALLSKY_SFC_SW_DWN,2020,4,7.0262
CTN_041,ALLSKY_SFC_SW_DWN,2020,5,6.7234
CTN_041,ALLSKY_SFC_SW_DWN,2020,6,6.2755
CTN_041,ALLSKY_SFC_SW_DWN,2020,7,6.2702
CTN_041,ALLSKY_SFC_SW_DWN,2020,8,5.7384
CTN_041,ALLSKY_SFC_SW_DWN,2020,9,5.8392
CTN_041,ALLSKY_SFC_SW_DWN,2020,10,5.5457
CTN_041,ALLSKY_SFC_SW_DWN,2020,11,5.5646
CTN_041,ALLSKY_SFC_SW_DWN,2020,12,4.955
CTN_041,ALLSKY_SFC_SW_DWN,2021,1,5.1893
CTN_041,ALLSKY_SFC_SW_DWN,2021,2,6.3679
CTN_041,ALLSKY_SFC_SW_DWN,2021,3,6.972
CTN_041,ALLSKY_SFC_SW_DWN,2021,4,7.1278
CTN_041,ALLSKY_SFC_SW_DWN,2021,5,6.971
CTN_041,ALLSKY_SFC_SW_DWN,2021,6,4.9608
CTN_041,ALLSKY_SFC_SW_DWN,2021,7,6.3437
CTN_041,ALLSKY_SFC_SW_DWN,2021,8,5.5769
CTN_041,ALLSKY_SFC_SW_DWN,2021,9,5.8548
CTN_041,ALLSKY_SFC_SW_DWN,2021,10,5.304
CTN_041,ALLSKY_SFC_SW_DWN,2021,11,5.4926
CTN_041,ALLSKY_SFC_SW_DWN,2021,12,5.1828
CTN_041,ALLSKY_SFC_SW_DWN,2022,1,5.3818
CTN_041,ALLSKY_SFC_SW_DWN,2022,2,6.1368
CTN_041,ALLSKY_SFC_SW_DWN,2022,3,7.0589
CTN_041,ALLSKY_SFC_SW_DWN,2022,4,7.1508
CTN_041,ALLSKY_SFC_SW_DWN,2022,5,6.4692
CTN_041,ALLSKY_SFC_SW_DWN,2022,6,5.8308
CTN_041,ALLSKY_SFC_SW_DWN,2022,7,6.4181
CTN_041,ALLSKY_SFC_SW_DWN,2022,8,6.3528
CTN_041,ALLSKY_SFC_SW_DWN,2022,9,5.1084
CTN_041,ALLSKY_SFC_SW_DWN,2022,10,5.2157
CTN_041,ALLSKY_SFC_SW_DWN,2022,11,5.2572
CTN_041,ALLSKY_SFC_SW_DWN,2022,12,5.0726
CTN_041,ALLSKY_SFC_SW_DWN,2023,1,5.4566
CTN_041,ALLSKY_SFC_SW_DWN,2023,2,6.1829
CTN_041,ALLSKY_SFC_SW_DWN,2023,3,6.8719
CTN_041,ALLSKY_SFC_SW_DWN,2023,4,7.0939
CTN_041,ALLSKY_SFC_SW_DWN,2023,5,6.6902
CTN_041,ALLSKY_SFC_SW_DWN,2023,6,6.4766
CTN_041,ALLSKY_SFC_SW_DWN,2023,7,6.3691
CTN_041,ALLSKY_SFC_SW_DWN,2023,8,6.0516
CTN_041,ALLSKY_SFC_SW_DWN,2023,9,6.3019
CTN_041,ALLSKY_SFC_SW_DWN,2023,10,4.6267
CTN_041,ALLSKY_SFC_SW_DWN,2023,11,5.1912
CTN_041,ALLSKY_SFC_SW_DWN,2023,12,4.7359
CTN_041,ALLSKY_SFC_SW_DWN,2024,1,5.304
CTN_041,ALLSKY_SFC_SW_DWN,2024,2,6.0283
CTN_041,ALLSKY_SFC_SW_DWN,2024,3,6.9569
CTN_041,ALLSKY_SFC_SW_DWN,2024,4,7.0874
CTN_041,ALLSKY_SFC_SW_DWN,2024,5,6.7692
CTN_041,ALLSKY_SFC_SW_DWN,2024,6,5.8834
CTN_041,ALLSKY_SFC_SW_DWN,2024,7,6.354
CTN_041,ALLSKY_SFC_SW_DWN,2024,8,6.2318
CTN_041,ALLSKY_SFC_SW_DWN,2024,9,4.8113
CTN_041,ALLSKY_SFC_SW_DWN,2024,10,5.4012
CTN_041,ALLSKY_SFC_SW_DWN,2024,11,5.267
CTN_041,ALLSKY_SFC_SW_DWN,2024,12,4.9001
CTN_041,PRECTOTCORR,2015,1,0.01
CTN_041,PRECTOTCORR,2015,2,0.09
CTN_041,PRECTOTCORR,2015,3,0.5
CTN_041,PRECTOTCORR,2015,4,0.03
CTN_041,PRECTOTCORR,2015,5,2.74
CTN_041,PRECTOTCORR,2015,6,5.23
CTN_041,PRECTOTCORR,2015,7,4.26
CTN_041,PRECTOTCORR,2015,8,5.89
CTN_041,PRECTOTCORR,2015,9,11.46
CTN_041,PRECTOTCORR,2015,10,7.33
CTN_041,PRECTOTCORR,2015,11,1.76
CTN_041,PRECTOTCORR,2015,12,0.17
CTN_041,PRECTOTCORR,2016,1,0.3
CTN_041,PRECTOTCORR,2016,2,0.09
CTN_041,PRECTOTCORR,2016,3,1.71
CTN_041,PRECTOTCORR,2016,4,0.18
CTN_041,PRECTOTCORR,2016,5,1.79
CTN_041,PRECTOTCORR,2016,6,8.02
CTN_041,PRECTOTCORR,2016,7,8.55
CTN_041,PRECTOTCORR,2016,8,10.7
CTN_041,PRECTOTCORR,2016,9,15.76
CTN_041,PRECTOTCORR,2016,10,1.85
CTN_041,PRECTOTCORR,2016,11,2.05
CTN_041,PRECTOTCORR,2016,12,0.09
CTN_041,PRECTOTCORR,2017,1,0.01
CTN_041,PRECTOTCORR,2017,2,0.0
CTN_041,PRECTOTCORR,2017,3,0.03
CTN_041,PRECTOTCORR,2017,4,0.09
CTN_041,PRECTOTCORR,2017,5,5.43
CTN_041,PRECTOTCORR,2017,6,9.96
CTN_041,PRECTOTCORR,2017,7,5.96
CTN_041,PRECTOTCORR,2017,8,14.16
CTN_041,PRECTOTCORR,2017,9,22.37
CTN_041,PRECTOTCORR,2017,10,4.31
CTN_041,PRECTOTCORR,2017,11,0.36
CTN_041,PRECTOTCORR,2017,12,0.02
CTN_041,PRECTOTCORR,2018,1,0.09
CTN_041,PRECTOTCORR,2018,2,0.18
CTN_041,PRECTOTCORR,2018,3,0.01
CTN_041,PRECTOTCORR,2018,4,0.15
CTN_041,PRECTOTCORR,2018,5,1.17
CTN_041,PRECTOTCORR,2018,6,12.67
CTN_041,PRECTOTCORR,2018,7,5.52
CTN_041,PRECTOTCORR,2018,8,10.03
CTN_041,PRECTOTCORR,2018,9,8.05
CTN_041,PRECTOTCORR,2018,10,8.89
CTN_041,PRECTOTCORR,2018,11,2.64
CTN_041,PRECTOTCORR,2018,12,0.2
CTN_041,PRECTOTCORR,2019,1,0.03
CTN_041,PRECTOTCORR,2019,2,0.01
CTN_041,PRECTOTCORR,2019,3,0.0
CTN_041,PRECTOTCORR,2019,4,0.0
CTN_041,PRECTOTCORR,2019,5,0.72
CTN_041,PRECTOTCORR,2019,6,5.74
CTN_041,PRECTOTCORR,2019,7,4.91
CTN_041,PRECTOTCORR,2019,8,9.02
CTN_041,PRECTOTCORR,2019,9,12.71
CTN_041,PRECTOTCORR,2019,10,7.08
CTN_041,PRECTOTCORR,2019,11,2.45
CTN_041,PRECTOTCORR,2019,12,0.03
CTN_041,PRECTOTCORR,2020,1,0.12
CTN_041,PRECTOTCORR,2020,2,0.09
CTN_041,PRECTOTCORR,2020,3,0.03
CTN_041,PRECTOTCORR,2020,4,0.13
CTN_041,PRECTOTCORR,2020,5,0.19
CTN_041,PRECTOTCORR,2020,6,7.22
CTN_041,PRECTOTCORR,2020,7,5.56
CTN_041,PRECTOTCORR,2020,8,16.68
CTN_041,PRECTOTCORR,2020,9,10.49
CTN_041,PRECTOTCORR,2020,10,2.87
CTN_041,PRECTOTCORR,2020,11,0.24
CTN_041,PRECTOTCORR,2020,12,0.11
CTN_041,PRECTOTCORR,2021,1,0.05
CTN_041,PRECTOTCORR,2021,2,0.19
CTN_041,PRECTOTCORR,2021,3,0.49
CTN_041,PRECTOTCORR,2021,4,0.09
CTN_041,PRECTOTCORR,2021,5,1.45
CTN_041,PRECTOTCORR,2021,6,15.75
CTN_041,PRECTOTCORR,2021,7,7.33
CTN_041,PRECTOTCORR,2021,8,14.25
CTN_041,PRECTOTCORR,2021,9,10.82
CTN_041,PRECTOTCORR,2021,10,8.11
CTN_041,PRECTOTCORR,2021,11,0.17
CTN_041,PRECTOTCORR,2021,12,0.01
CTN_041,PRECTOTCORR,2022,1,0.21
CTN_041,PRECTOTCORR,2022,2,0.02
CTN_041,PRECTOTCORR,2022,3,0.0
CTN_041,PRECTOTCORR,2022,4,0.24
CTN_041,PRECTOTCORR,2022,5,2.93
CTN_041,PRECTOTCORR,2022,6,14.55
CTN_041,PRECTOTCORR,2022,7,8.4
CTN_041,PRECTOTCORR,2022,8,6.64
CTN_041,PRECTOTCORR,2022,9,14.51
CTN_041,PRECTOTCORR,2022,10,5.11
CTN_041,PRECTOTCORR,2022,11,0.2
CTN_041,PRECTOTCORR,2022,12,0.09
CTN_041,PRECTOTCORR,2023,1,0.0
CTN_041,PRECTOTCORR,2023,2,0.0
CTN_041,PRECTOTCORR,2023,3,0.01
CTN_041,PRECTOTCORR,2023,4,2.42
CTN_041,PRECTOTCORR,2023,5,3.22
CTN_041,PRECTOTCORR,2023,6,2.38
CTN_041,PRECTOTCORR,2023,7,4.59
CTN_041,PRECTOTCORR,2023,8,6.45
CTN_041,PRECTOTCORR,2023,9,4.81
CTN_041,PRECTOTCORR,2023,10,14.27
CTN_041,PRECTOTCORR,2023,11,1.47
CTN_041,PRECTOTCORR,2023,12,0.32
CTN_041,PRECTOTCORR,2024,1,0.15
CTN_041,PRECTOTCORR,2024,2,0.2
CTN_041,PRECTOTCORR,2024,3,0.01
CTN_041,PRECTOTCORR,2024,4,0.03
CTN_041,PRECTOTCORR,2024,5,0.17
CTN_041,PRECTOTCORR,2024,6,2.17
CTN_041,PRECTOTCORR,2024,7,4.28
CTN_041,PRECTOTCORR,2024,8,6.07
CTN_041,PRECTOTCORR,2024,9,15.83
CTN_041,PRECTOTCORR,2024,10,3.39
CTN_041,PRECTOTCORR,2024,11,0.42
CTN_041,PRECTOTCORR,2024,12,0.03
CTN_041,T2M,2015,1,25.15
CTN_041,T2M,2015,2,25.09
CTN_041,T2M,2015,3,25.98
CTN_041,T2M,2015,4,27.14
CTN_041,T2M,2015,5,27.48
CTN_041,T2M,2015,6,26.64
CTN_041,T2M,2015,7,26.73
CTN_041,T2M,2015,8,26.87
CTN_041,T2M,2015,9,25.77
CTN_041,T2M,2015,10,26.12
CTN_041,T2M,2015,11,26.1
CTN_041,T2M,2015,12,25.53
CTN_041,T2M,2016,1,25.06
CTN_041,T2M,2016,2,25.77
CTN_041,T2M,2016,3,25.03
CTN_041,T2M,2016,4,26.88
CTN_041,T2M,2016,5,27.61
CTN_041,T2M,2016,6,26.45
CTN_041,T2M,2016,7,26.32
CTN_041,T2M,2016,8,26.17
CTN_041,T2M,2016,9,25.62
CTN_041,T2M,2016,10,26.18
CTN_041,T2M,2016,11,25.53
CTN_041,T2M,2016,12,25.88
CTN_041,T2M,2017,1,24.89
CTN_041,T2M,2017,2,25.06
CTN_041,T2M,2017,3,26.16
CTN_041,T2M,2017,4,25.98
CTN_041,T2M,2017,5,26.55
CTN_041,T2M,2017,6,25.65
CTN_041,T2M,2017,7,26.12
CTN_041,T2M,2017,8,25.58
CTN_041,T2M,2017,9,25.09
CTN_041,T2M,2017,10,25.76
CTN_041,T2M,2017,11,25.24
CTN_041,T2M,2017,12,24.92
CTN_041,T2M,2018,1,25.06
CTN_041,T2M,2018,2,25.79
CTN_041,T2M,2018,3,25.99
CTN_041,T2M,2018,4,26.71
CTN_041,T2M,2018,5,27.56
CTN_041,T2M,2018,6,25.52
CTN_041,T2M,2018,7,26.7
CTN_041,T2M,2018,8,25.82
CTN_041,T2M,2018,9,25.59
CTN_041,T2M,2018,10,25.29
CTN_041,T2M,2018,11,24.74
CTN_041,T2M,2018,12,24.36
CTN_041,T2M,2019,1,24.66
CTN_041,T2M,2019,2,25.02
CTN_041,T2M,2019,3,25.95
CTN_041,T2M,2019,4,25.79
CTN_041,T2M,2019,5,26.28
CTN_041,T2M,2019,6,26.81
CTN_041,T2M,2019,7,26.77
CTN_041,T2M,2019,8,26.57
CTN_041,T2M,2019,9,25.95
CTN_041,T2M,2019,10,25.23
CTN_041,T2M,2019,11,25.65
CTN_041,T2M,2019,12,24.9
CTN_041,T2M,2020,1,25.41
CTN_041,T2M,2020,2,25.68
CTN_041,T2M,2020,3,26.43
CTN_041,T2M,2020,4,26.91
CTN_041,T2M,2020,5,27.46
CTN_041,T2M,2020,6,26.67
CTN_041,T2M,2020,7,26.27
CTN_041,T2M,2020,8,25.78
CTN_041,T2M,2020,9,25.29
CTN_041,T2M,2020,10,25.58
CTN_041,T2M,2020,11,25.57
CTN_041,T2M,2020,12,25.03
CTN_041,T2M,2021,1,25.43
CTN_041,T2M,2021,2,24.4
CTN_041,T2M,2021,3,25.5
CTN_041,T2M,2021,4,26.38
CTN_041,T2M,2021,5,27.34
CTN_041,T2M,2021,6,25.5
CTN_041,T2M,2021,7,26.0
CTN_041,T2M,2021,8,25.4
CTN_041,T2M,2021,9,25.36
CTN_041,T2M,2021,10,25.85
CTN_041,T2M,2021,11,24.93
CTN_041,T2M,2021,12,25.43
CTN_041,T2M,2022,1,25.18
CTN_041,T2M,2022,2,25.68
CTN_041,T2M,2022,3,25.44
CTN_041,T2M,2022,4,26.48
CTN_041,T2M,2022,5,26.96
CTN_041,T2M,2022,6,25.28
CTN_041,T2M,2022,7,26.11
CTN_041,T2M,2022,8,25.72
CTN_041,T2M,2022,9,25.29
CTN_041,T2M,2022,10,25.4
CTN_041,T2M,2022,11,25.2
CTN_041,T2M,2022,12,24.69
CTN_041,T2M,2023,1,25.18
CTN_041,T2M,2023,2,25.75
CTN_041,T2M,2023,3,25.89
CTN_041,T2M,2023,4,26.68
CTN_041,T2M,2023,5,27.71
CTN_041,T2M,2023,6,28.15
CTN_041,T2M,2023,7,27.58
CTN_041,T2M,2023,8,26.89
CTN_041,T2M,2023,9,26.91
CTN_041,T2M,2023,10,25.89
CTN_041,T2M,2023,11,26.12
CTN_041,T2M,2023,12,25.34
CTN_041,T2M,2024,1,25.56
CTN_041,T2M,2024,2,25.56
CTN_041,T2M,2024,3,25.69
CTN_041,T2M,2024,4,26.76
CTN_041,T2M,2024,5,28.05
CTN_041,T2M,2024,6,27.0
CTN_041,T2M,2024,7,27.38
CTN_041,T2M,2024,8,26.69
CTN_041,T2M,2024,9,26.16
CTN_041,T2M,2024,10,25.94
CTN_041,T2M,2024,11,25.71
CTN_041,T2M,2024,12,25.27
CTN_041,T2M_MAX,2015,1,32.26
CTN_041,T2M_MAX,2015,2,33.25
CTN_041,T2M_MAX,2015,3,34.42
CTN_041,T2M_MAX,2015,4,34.76
CTN_041,T2M_MAX,2015,5,35.01
CTN_041,T2M_MAX,2015,6,33.44
CTN_041,T2M_MAX,2015,7,31.86
CTN_041,T2M_MAX,2015,8,32.98
CTN_041,T2M_MAX,2015,9,30.68
CTN_041,T2M_MAX,2015,10,31.38
CTN_041,T2M_MAX,2015,11,30.99
CTN_041,T2M_MAX,2015,12,31.65
CTN_041,T2M_MAX,2016,1,32.26
CTN_041,T2M_MAX,2016,2,34.47
CTN_041,T2M_MAX,2016,3,33.43
CTN_041,T2M_MAX,2016,4,34.06
CTN_041,T2M_MAX,2016,5,34.98
CTN_041,T2M_MAX,2016,6,33.91
CTN_041,T2M_MAX,2016,7,31.84
CTN_041,T2M_MAX,2016,8,31.58
CTN_041,T2M_MAX,2016,9,29.87
CTN_041,T2M_MAX,2016,10,30.83
CTN_041,T2M_MAX,2016,11,31.33
CTN_041,T2M_MAX,2016,12,33.39
CTN_041,T2M_MAX,2017,1,31.98
CTN_041,T2M_MAX,2017,2,33.18
CTN_041,T2M_MAX,2017,3,33.57
CTN_041,T2M_MAX,2017,4,34.13
CTN_041,T2M_MAX,2017,5,34.34
CTN_041,T2M_MAX,2017,6,30.8
CTN_041,T2M_MAX,2017,7,31.22
CTN_041,T2M_MAX,2017,8,31.04
CTN_041,T2M_MAX,2017,9,29.63
CTN_041,T2M_MAX,2017,10,31.35
CTN_041,T2M_MAX,2017,11,31.25
CTN_041,T2M_MAX,2017,12,31.53
CTN_041,T2M_MAX,2018,1,32.27
CTN_041,T2M_MAX,2018,2,33.02
CTN_041,T2M_MAX,2018,3,33.51
CTN_041,T2M_MAX,2018,4,34.76
CTN_041,T2M_MAX,2018,5,34.23
CTN_041,T2M_MAX,2018,6,33.92
CTN_041,T2M_MAX,2018,7,31.71
CTN_041,T2M_MAX,2018,8,31.09
CTN_041,T2M_MAX,2018,9,30.2
CTN_041,T2M_MAX,2018,10,29.32
CTN_041,T2M_MAX,2018,11,30.2
CTN_041,T2M_MAX,2018,12,30.0
CTN_041,T2M_MAX,2019,1,31.73
CTN_041,T2M_MAX,2019,2,33.52
CTN_041,T2M_MAX,2019,3,34.55
CTN_041,T2M_MAX,2019,4,33.53
CTN_041,T2M_MAX,2019,5,33.94
CTN_041,T2M_MAX,2019,6,33.62
CTN_041,T2M_MAX,2019,7,33.0
CTN_041,T2M_MAX,2019,8,31.5
CTN_041,T2M_MAX,2019,9,30.98
CTN_041,T2M_MAX,2019,10,30.01
CTN_041,T2M_MAX,2019,11,31.28
CTN_041,T2M_MAX,2019,12,30.4
CTN_041,T2M_MAX,2020,1,32.79
CTN_041,T2M_MAX,2020,2,33.83
CTN_041,T2M_MAX,2020,3,33.71
CTN_041,T2M_MAX,2020,4,34.97
CTN_041,T2M_MAX,2020,5,35.01
CTN_041,T2M_MAX,2020,6,34.68
CTN_041,T2M_MAX,2020,7,31.57
CTN_041,T2M_MAX,2020,8,31.87
CTN_041,T2M_MAX,2020,9,29.75
CTN_041,T2M_MAX,2020,10,30.85
CTN_041,T2M_MAX,2020,11,32.08
CTN_041,T2M_MAX,2020,12,31.64
CTN_041,T2M_MAX,2021,1,32.91
CTN_041,T2M_MAX,2021,2,32.73
CTN_041,T2M_MAX,2021,3,33.1
CTN_041,T2M_MAX,2021,4,34.64
CTN_041,T2M_MAX,2021,5,34.45
CTN_041,T2M_MAX,2021,6,31.77
CTN_041,T2M_MAX,2021,7,30.88
CTN_041,T2M_MAX,2021,8,31.25
CTN_041,T2M_MAX,2021,9,30.56
CTN_041,T2M_MAX,2021,10,30.13
CTN_041,T2M_MAX,2021,11,30.41
CTN_041,T2M_MAX,2021,12,31.55
CTN_041,T2M_MAX,2022,1,32.03
CTN_041,T2M_MAX,2022,2,33.22
CTN_041,T2M_MAX,2022,3,34.06
CTN_041,T2M_MAX,2022,4,35.04
CTN_041,T2M_MAX,2022,5,35.63
CTN_041,T2M_MAX,2022,6,30.92
CTN_041,T2M_MAX,2022,7,30.74
CTN_041,T2M_MAX,2022,8,31.37
CTN_041,T2M_MAX,2022,9,29.95
CTN_041,T2M_MAX,2022,10,30.24
CTN_041,T2M_MAX,2022,11,29.93
CTN_041,T2M_MAX,2022,12,30.74
CTN_041,T2M_MAX,2023,1,32.4
CTN_041,T2M_MAX,2023,2,32.8
CTN_041,T2M_MAX,2023,3,34.35
CTN_041,T2M_MAX,2023,4,34.22
CTN_041,T2M_MAX,2023,5,35.4
CTN_041,T2M_MAX,2023,6,36.22
CTN_041,T2M_MAX,2023,7,33.91
CTN_041,T2M_MAX,2023,8,32.24
CTN_041,T2M_MAX,2023,9,32.18
CTN_041,T2M_MAX,2023,10,30.41
CTN_041,T2M_MAX,2023,11,31.19
CTN_041,T2M_MAX,2023,12,31.31
CTN_041,T2M_MAX,2024,1,33.23
CTN_041,T2M_MAX,2024,2,33.09
CTN_041,T2M_MAX,2024,3,34.73
CTN_041,T2M_MAX,2024,4,34.92
CTN_041,T2M_MAX,2024,5,36.94
CTN_041,T2M_MAX,2024,6,35.42
CTN_041,T2M_MAX,2024,7,34.0
CTN_041,T2M_MAX,2024,8,31.62
CTN_041,T2M_MAX,2024,9,30.58
CTN_041,T2M_MAX,2024,10,30.76
CTN_041,T2M_MAX,2024,11,30.49
CTN_041,T2M_MAX,2024,12,32.23
CTN_041,WS10M,2015,1,2.66
CTN_041,WS10M,2015,2,2.7
CTN_041,WS10M,2015,3,2.86
CTN_041,WS10M,2015,4,3.04
CTN_041,WS10M,2015,5,2.65
CTN_041,WS10M,2015,6,2.81
CTN_041,WS10M,2015,7,2.56
CTN_041,WS10M,2015,8,2.35
CTN_041,WS10M,2015,9,2.63
CTN_041,WS10M,2015,10,2.42
CTN_041,WS10M,2015,11,2.1
CTN_041,WS10M,2015,12,2.29
CTN_041,WS10M,2016,1,2.28
CTN_041,WS10M,2016,2,2.81
CTN_041,WS10M,2016,3,2.58
CTN_041,WS10M,2016,4,2.83
CTN_041,WS10M,2016,5,2.87
CTN_041,WS10M,2016,6,2.62
CTN_041,WS10M,2016,7,2.28
CTN_041,WS10M,2016,8,2.81
CTN_041,WS10M,2016,9,2.46
CTN_041,WS10M,2016,10,2.46
CTN_041,WS10M,2016,11,2.38
CTN_041,WS10M,2016,12,2.34
CTN_041,WS10M,2017,1,2.78
CTN_041,WS10M,2017,2,2.77
CTN_041,WS10M,2017,3,2.94
CTN_041,WS10M,2017,4,2.98
CTN_041,WS10M,2017,5,2.84
CTN_041,WS10M,2017,6,2.91
CTN_041,WS10M,2017,7,2.39
CTN_041,WS10M,2017,8,2.69
CTN_041,WS10M,2017,9,2.67
CTN_041,WS10M,2017,10,2.36
CTN_041,WS10M,2017,11,2.33
CTN_041,WS10M,2017,12,2.21
CTN_041,WS10M,2018,1,2.8
CTN_041,WS10M,2018,2,2.68
CTN_041,WS10M,2018,3,2.86
CTN_041,WS10M,2018,4,3.02
CTN_041,WS10M,2018,5,3.18
CTN_041,WS10M,2018,6,2.91
CTN_041,WS10M,2018,7,2.54
CTN_041,WS10M,2018,8,2.29
CTN_041,WS10M,2018,9,2.49
CTN_041,WS10M,2018,10,2.47
CTN_041,WS10M,2018,11,2.09
CTN_041,WS10M,2018,12,1.92
CTN_041,WS10M,2019,1,2.52
CTN_041,WS10M,2019,2,2.57
CTN_041,WS10M,2019,3,2.9
CTN_041,WS10M,2019,4,2.94
CTN_041,WS10M,2019,5,2.98
CTN_041,WS10M,2019,6,2.57
CTN_041,WS10M,2019,7,2.32
CTN_041,WS10M,2019,8,2.61
CTN_041,WS10M,2019,9,2.9
CTN_041,WS10M,2019,10,2.58
CTN_041,WS10M,2019,11,2.31
CTN_041,WS10M,2019,12,2.04
CTN_041,WS10M,2020,1,2.54
CTN_041,WS10M,2020,2,2.66
CTN_041,WS10M,2020,3,3.06
CTN_041,WS10M,2020,4,2.98
CTN_041,WS10M,2020,5,2.99
CTN_041,WS10M,2020,6,3.01
CTN_041,WS10M,2020,7,2.55
CTN_041,WS10M,2020,8,2.87
CTN_041,WS10M,2020,9,2.61
CTN_041,WS10M,2020,10,2.55
CTN_041,WS10M,2020,11,2.67
CTN_041,WS10M,2020,12,2.4
CTN_041,WS10M,2021,1,2.43
CTN_041,WS10M,2021,2,2.91
CTN_041,WS10M,2021,3,2.83
CTN_041,WS10M,2021,4,3.23
CTN_041,WS10M,2021,5,2.98
CTN_041,WS10M,2021,6,2.87
CTN_041,WS10M,2021,7,2.51
CTN_041,WS10M,2021,8,2.82
CTN_041,WS10M,2021,9,2.33
CTN_041,WS10M,2021,10,2.57
CTN_041,WS10M,2021,11,2.03
CTN_041,WS10M,2021,12,2.17
CTN_041,WS10M,2022,1,2.55
CTN_041,WS10M,2022,2,2.79
CTN_041,WS10M,2022,3,2.93
CTN_041,WS10M,2022,4,3.13
CTN_041,WS10M,2022,5,3.17
CTN_041,WS10M,2022,6,3.05
CTN_041,WS10M,2022,7,2.55
CTN_041,WS10M,2022,8,2.25
CTN_041,WS10M,2022,9,3.13
CTN_041,WS10M,2022,10,2.46
CTN_041,WS10M,2022,11,2.13
CTN_041,WS10M,2022,12,2.17
CTN_041,WS10M,2023,1,2.51
CTN_041,WS10M,2023,2,2.93
CTN_041,WS10M,2023,3,2.99
CTN_041,WS10M,2023,4,3.03
CTN_041,WS10M,2023,5,2.78
CTN_041,WS10M,2023,6,3.25
CTN_041,WS10M,2023,7,2.59
CTN_041,WS10M,2023,8,2.64
CTN_041,WS10M,2023,9,2.5
CTN_041,WS10M,2023,10,2.58
CTN_041,WS10M,2023,11,2.17
CTN_041,WS10M,2023,12,2.23
CTN_041,WS10M,2024,1,2.37
CTN_041,WS10M,2024,2,3.24
CTN_041,WS10M,2024,3,3.01
CTN_041,WS10M,2024,4,3.06
CTN_041,WS10M,2024,5,3.08
CTN_041,WS10M,2024,6,3.39
CTN_041,WS10M,2024,7,2.31
CTN_041,WS10M,2024,8,2.43
CTN_041,WS10M,2024,9,2.85
CTN_041,WS10M,2024,10,2.39
CTN_041,WS10M,2024,11,2.37
CTN_041,WS10M,2024,12,2.23
CTN_042,ALLSKY_SFC_SW_DWN,2015,1,5.238
CTN_042,ALLSKY_SFC_SW_DWN,2015,2,5.8898
CTN_042,ALLSKY_SFC_SW_DWN,2015,3,6.4757
CTN_042,ALLSKY_SFC_SW_DWN,2015,4,6.9578
CTN_042,ALLSKY_SFC_SW_DWN,2015,5,6.263
CTN_042,ALLSKY_SFC_SW_DWN,2015,6,5.8982
CTN_042,ALLSKY_SFC_SW_DWN,2015,7,6.2335
CTN_042,ALLSKY_SFC_SW_DWN,2015,8,6.4318
CTN_042,ALLSKY_SFC_SW_DWN,2015,9,5.4216
CTN_042,ALLSKY_SFC_SW_DWN,2015,10,5.1761
CTN_042,ALLSKY_SFC_SW_DWN,2015,11,5.2102
CTN_042,ALLSKY_SFC_SW_DWN,2015,12,4.8132
CTN_042,ALLSKY_SFC_SW_DWN,2016,1,4.4945
CTN_042,ALLSKY_SFC_SW_DWN,2016,2,6.0811
CTN_042,ALLSKY_SFC_SW_DWN,2016,3,6.4111
CTN_042,ALLSKY_SFC_SW_DWN,2016,4,6.8714
CTN_042,ALLSKY_SFC_SW_DWN,2016,5,6.6991
CTN_042,ALLSKY_SFC_SW_DWN,2016,6,6.2585
CTN_042,ALLSKY_SFC_SW_DWN,2016,7,6.3718
CTN_042,ALLSKY_SFC_SW_DWN,2016,8,6.2777
CTN_042,ALLSKY_SFC_SW_DWN,2016,9,5.707
CTN_042,ALLSKY_SFC_SW_DWN,2016,10,5.8476
CTN_042,ALLSKY_SFC_SW_DWN,2016,11,5.2274
CTN_042,ALLSKY_SFC_SW_DWN,2016,12,5.2325
CTN_042,ALLSKY_SFC_SW_DWN,2017,1,5.5152
CTN_042,ALLSKY_SFC_SW_DWN,2017,2,6.317
CTN_042,ALLSKY_SFC_SW_DWN,2017,3,6.8834
CTN_042,ALLSKY_SFC_SW_DWN,2017,4,7.001
CTN_042,ALLSKY_SFC_SW_DWN,2017,5,6.3115
CTN_042,ALLSKY_SFC_SW_DWN,2017,6,5.9832
CTN_042,ALLSKY_SFC_SW_DWN,2017,7,6.4001
CTN_042,ALLSKY_SFC_SW_DWN,2017,8,6.1066
CTN_042,ALLSKY_SFC_SW_DWN,2017,9,5.1718
CTN_042,ALLSKY_SFC_SW_DWN,2017,10,5.4766
CTN_042,ALLSKY_SFC_SW_DWN,2017,11,5.453
CTN_042,ALLSKY_SFC_SW_DWN,2017,12,5.2234
CTN_042,ALLSKY_SFC_SW_DWN,2018,1,5.1084
CTN_042,ALLSKY_SFC_SW_DWN,2018,2,6.1337
CTN_042,ALLSKY_SFC_SW_DWN,2018,3,6.8784
CTN_042,ALLSKY_SFC_SW_DWN,2018,4,6.9869
CTN_042,ALLSKY_SFC_SW_DWN,2018,5,6.7063
CTN_042,ALLSKY_SFC_SW_DWN,2018,6,5.4118
CTN_042,ALLSKY_SFC_SW_DWN,2018,7,6.8978
CTN_042,ALLSKY_SFC_SW_DWN,2018,8,6.1282
CTN_042,ALLSKY_SFC_SW_DWN,2018,9,6.1418
CTN_042,ALLSKY_SFC_SW_DWN,2018,10,5.2781
CTN_042,ALLSKY_SFC_SW_DWN,2018,11,5.0268
CTN_042,ALLSKY_SFC_SW_DWN,2018,12,5.1178
CTN_042,ALLSKY_SFC_SW_DWN,2019,1,5.2826
CTN_042,ALLSKY_SFC_SW_DWN,2019,2,6.3014
CTN_042,ALLSKY_SFC_SW_DWN,2019,3,6.9667
CTN_042,ALLSKY_SFC_SW_DWN,2019,4,7.1304
CTN_042,ALLSKY_SFC_SW_DWN,2019,5,6.4519
CTN_042,ALLSKY_SFC_SW_DWN,2019,6,6.1709
CTN_042,ALLSKY_SFC_SW_DWN,2019,7,6.6185
CTN_042,ALLSKY_SFC_SW_DWN,2019,8,6.3612
CTN_042,ALLSKY_SFC_SW_DWN,2019,9,5.5584
CTN_042,ALLSKY_SFC_SW_DWN,2019,10,5.1286
CTN_042,ALLSKY_SFC_SW_DWN,2019,11,5.1588
CTN_042,ALLSKY_SFC_SW_DWN,2019,12,4.9884
CTN_042,ALLSKY_SFC_SW_DWN,2020,1,5.471
CTN_042,ALLSKY_SFC_SW_DWN,2020,2,6.1546
CTN_042,ALLSKY_SFC_SW_DWN,2020,3,6.9725
CTN_042,ALLSKY_SFC_SW_DWN,2020,4,7.0262
CTN_042,ALLSKY_SFC_SW_DWN,2020,5,6.7234
CTN_042,ALLSKY_SFC_SW_DWN,2020,6,6.2755
CTN_042,ALLSKY_SFC_SW_DWN,2020,7,6.2702
CTN_042,ALLSKY_SFC_SW_DWN,2020,8,5.7384
CTN_042,ALLSKY_SFC_SW_DWN,2020,9,5.8392
CTN_042,ALLSKY_SFC_SW_DWN,2020,10,5.5457
CTN_042,ALLSKY_SFC_SW_DWN,2020,11,5.5646
CTN_042,ALLSKY_SFC_SW_DWN,2020,12,4.955
CTN_042,ALLSKY_SFC_SW_DWN,2021,1,5.1893
CTN_042,ALLSKY_SFC_SW_DWN,2021,2,6.3679
CTN_042,ALLSKY_SFC_SW_DWN,2021,3,6.972
CTN_042,ALLSKY_SFC_SW_DWN,2021,4,7.1278
CTN_042,ALLSKY_SFC_SW_DWN,2021,5,6.971
CTN_042,ALLSKY_SFC_SW_DWN,2021,6,4.9608
CTN_042,ALLSKY_SFC_SW_DWN,2021,7,6.3437
CTN_042,ALLSKY_SFC_SW_DWN,2021,8,5.5769
CTN_042,ALLSKY_SFC_SW_DWN,2021,9,5.8548
CTN_042,ALLSKY_SFC_SW_DWN,2021,10,5.304
CTN_042,ALLSKY_SFC_SW_DWN,2021,11,5.4926
CTN_042,ALLSKY_SFC_SW_DWN,2021,12,5.1828
CTN_042,ALLSKY_SFC_SW_DWN,2022,1,5.3818
CTN_042,ALLSKY_SFC_SW_DWN,2022,2,6.1368
CTN_042,ALLSKY_SFC_SW_DWN,2022,3,7.0589
CTN_042,ALLSKY_SFC_SW_DWN,2022,4,7.1508
CTN_042,ALLSKY_SFC_SW_DWN,2022,5,6.4692
CTN_042,ALLSKY_SFC_SW_DWN,2022,6,5.8308
CTN_042,ALLSKY_SFC_SW_DWN,2022,7,6.4181
CTN_042,ALLSKY_SFC_SW_DWN,2022,8,6.3528
CTN_042,ALLSKY_SFC_SW_DWN,2022,9,5.1084
CTN_042,ALLSKY_SFC_SW_DWN,2022,10,5.2157
CTN_042,ALLSKY_SFC_SW_DWN,2022,11,5.2572
CTN_042,ALLSKY_SFC_SW_DWN,2022,12,5.0726
CTN_042,ALLSKY_SFC_SW_DWN,2023,1,5.4566
CTN_042,ALLSKY_SFC_SW_DWN,2023,2,6.1829
CTN_042,ALLSKY_SFC_SW_DWN,2023,3,6.8719
CTN_042,ALLSKY_SFC_SW_DWN,2023,4,7.0939
CTN_042,ALLSKY_SFC_SW_DWN,2023,5,6.6902
CTN_042,ALLSKY_SFC_SW_DWN,2023,6,6.4766
CTN_042,ALLSKY_SFC_SW_DWN,2023,7,6.3691
CTN_042,ALLSKY_SFC_SW_DWN,2023,8,6.0516
CTN_042,ALLSKY_SFC_SW_DWN,2023,9,6.3019
CTN_042,ALLSKY_SFC_SW_DWN,2023,10,4.6267
CTN_042,ALLSKY_SFC_SW_DWN,2023,11,5.1912
CTN_042,ALLSKY_SFC_SW_DWN,2023,12,4.7359
CTN_042,ALLSKY_SFC_SW_DWN,2024,1,5.304
CTN_042,ALLSKY_SFC_SW_DWN,2024,2,6.0283
CTN_042,ALLSKY_SFC_SW_DWN,2024,3,6.9569
CTN_042,ALLSKY_SFC_SW_DWN,2024,4,7.0874
CTN_042,ALLSKY_SFC_SW_DWN,2024,5,6.7692
CTN_042,ALLSKY_SFC_SW_DWN,2024,6,5.8834
CTN_042,ALLSKY_SFC_SW_DWN,2024,7,6.354
CTN_042,ALLSKY_SFC_SW_DWN,2024,8,6.2318
CTN_042,ALLSKY_SFC_SW_DWN,2024,9,4.8113
CTN_042,ALLSKY_SFC_SW_DWN,2024,10,5.4012
CTN_042,ALLSKY_SFC_SW_DWN,2024,11,5.267
CTN_042,ALLSKY_SFC_SW_DWN,2024,12,4.9001
CTN_042,PRECTOTCORR,2015,1,0.01
CTN_042,PRECTOTCORR,2015,2,0.09
CTN_042,PRECTOTCORR,2015,3,0.5
CTN_042,PRECTOTCORR,2015,4,0.03
CTN_042,PRECTOTCORR,2015,5,2.74
CTN_042,PRECTOTCORR,2015,6,5.23
CTN_042,PRECTOTCORR,2015,7,4.26
CTN_042,PRECTOTCORR,2015,8,5.89
CTN_042,PRECTOTCORR,2015,9,11.46
CTN_042,PRECTOTCORR,2015,10,7.33
CTN_042,PRECTOTCORR,2015,11,1.76
CTN_042,PRECTOTCORR,2015,12,0.17
CTN_042,PRECTOTCORR,2016,1,0.3
CTN_042,PRECTOTCORR,2016,2,0.09
CTN_042,PRECTOTCORR,2016,3,1.71
CTN_042,PRECTOTCORR,2016,4,0.18
CTN_042,PRECTOTCORR,2016,5,1.79
CTN_042,PRECTOTCORR,2016,6,8.02
CTN_042,PRECTOTCORR,2016,7,8.55
CTN_042,PRECTOTCORR,2016,8,10.7
CTN_042,PRECTOTCORR,2016,9,15.76
CTN_042,PRECTOTCORR,2016,10,1.85
CTN_042,PRECTOTCORR,2016,11,2.05
CTN_042,PRECTOTCORR,2016,12,0.09
CTN_042,PRECTOTCORR,2017,1,0.01
CTN_042,PRECTOTCORR,2017,2,0.0
CTN_042,PRECTOTCORR,2017,3,0.03
CTN_042,PRECTOTCORR,2017,4,0.09
CTN_042,PRECTOTCORR,2017,5,5.43
CTN_042,PRECTOTCORR,2017,6,9.96
CTN_042,PRECTOTCORR,2017,7,5.96
CTN_042,PRECTOTCORR,2017,8,14.16
CTN_042,PRECTOTCORR,2017,9,22.37
CTN_042,PRECTOTCORR,2017,10,4.31
CTN_042,PRECTOTCORR,2017,11,0.36
CTN_042,PRECTOTCORR,2017,12,0.02
CTN_042,PRECTOTCORR,2018,1,0.09
CTN_042,PRECTOTCORR,2018,2,0.18
CTN_042,PRECTOTCORR,2018,3,0.01
CTN_042,PRECTOTCORR,2018,4,0.15
CTN_042,PRECTOTCORR,2018,5,1.17
CTN_042,PRECTOTCORR,2018,6,12.67
CTN_042,PRECTOTCORR,2018,7,5.52
CTN_042,PRECTOTCORR,2018,8,10.03
CTN_042,PRECTOTCORR,2018,9,8.05
CTN_042,PRECTOTCORR,2018,10,8.89
CTN_042,PRECTOTCORR,2018,11,2.64
CTN_042,PRECTOTCORR,2018,12,0.2
CTN_042,PRECTOTCORR,2019,1,0.03
CTN_042,PRECTOTCORR,2019,2,0.01
CTN_042,PRECTOTCORR,2019,3,0.0
CTN_042,PRECTOTCORR,2019,4,0.0
CTN_042,PRECTOTCORR,2019,5,0.72
CTN_042,PRECTOTCORR,2019,6,5.74
CTN_042,PRECTOTCORR,2019,7,4.91
CTN_042,PRECTOTCORR,2019,8,9.02
CTN_042,PRECTOTCORR,2019,9,12.71
CTN_042,PRECTOTCORR,2019,10,7.08
CTN_042,PRECTOTCORR,2019,11,2.45
CTN_042,PRECTOTCORR,2019,12,0.03
CTN_042,PRECTOTCORR,2020,1,0.12
CTN_042,PRECTOTCORR,2020,2,0.09
CTN_042,PRECTOTCORR,2020,3,0.03
CTN_042,PRECTOTCORR,2020,4,0.13
CTN_042,PRECTOTCORR,2020,5,0.19
CTN_042,PRECTOTCORR,2020,6,7.22
CTN_042,PRECTOTCORR,2020,7,5.56
CTN_042,PRECTOTCORR,2020,8,16.68
CTN_042,PRECTOTCORR,2020,9,10.49
CTN_042,PRECTOTCORR,2020,10,2.87
CTN_042,PRECTOTCORR,2020,11,0.24
CTN_042,PRECTOTCORR,2020,12,0.11
CTN_042,PRECTOTCORR,2021,1,0.05
CTN_042,PRECTOTCORR,2021,2,0.19
CTN_042,PRECTOTCORR,2021,3,0.49
CTN_042,PRECTOTCORR,2021,4,0.09
CTN_042,PRECTOTCORR,2021,5,1.45
CTN_042,PRECTOTCORR,2021,6,15.75
CTN_042,PRECTOTCORR,2021,7,7.33
CTN_042,PRECTOTCORR,2021,8,14.25
CTN_042,PRECTOTCORR,2021,9,10.82
CTN_042,PRECTOTCORR,2021,10,8.11
CTN_042,PRECTOTCORR,2021,11,0.17
CTN_042,PRECTOTCORR,2021,12,0.01
CTN_042,PRECTOTCORR,2022,1,0.21
CTN_042,PRECTOTCORR,2022,2,0.02
CTN_042,PRECTOTCORR,2022,3,0.0
CTN_042,PRECTOTCORR,2022,4,0.24
CTN_042,PRECTOTCORR,2022,5,2.93
CTN_042,PRECTOTCORR,2022,6,14.55
CTN_042,PRECTOTCORR,2022,7,8.4
CTN_042,PRECTOTCORR,2022,8,6.64
CTN_042,PRECTOTCORR,2022,9,14.51
CTN_042,PRECTOTCORR,2022,10,5.11
CTN_042,PRECTOTCORR,2022,11,0.2
CTN_042,PRECTOTCORR,2022,12,0.09
CTN_042,PRECTOTCORR,2023,1,0.0
CTN_042,PRECTOTCORR,2023,2,0.0
CTN_042,PRECTOTCORR,2023,3,0.01
CTN_042,PRECTOTCORR,2023,4,2.42
CTN_042,PRECTOTCORR,2023,5,3.22
CTN_042,PRECTOTCORR,2023,6,2.38
CTN_042,PRECTOTCORR,2023,7,4.59
CTN_042,PRECTOTCORR,2023,8,6.45
CTN_042,PRECTOTCORR,2023,9,4.81
CTN_042,PRECTOTCORR,2023,10,14.27
CTN_042,PRECTOTCORR,2023,11,1.47
CTN_042,PRECTOTCORR,2023,12,0.32
CTN_042,PRECTOTCORR,2024,1,0.15
CTN_042,PRECTOTCORR,2024,2,0.2
CTN_042,PRECTOTCORR,2024,3,0.01
CTN_042,PRECTOTCORR,2024,4,0.03
CTN_042,PRECTOTCORR,2024,5,0.17
CTN_042,PRECTOTCORR,2024,6,2.17
CTN_042,PRECTOTCORR,2024,7,4.28
CTN_042,PRECTOTCORR,2024,8,6.07
CTN_042,PRECTOTCORR,2024,9,15.83
CTN_042,PRECTOTCORR,2024,10,3.39
CTN_042,PRECTOTCORR,2024,11,0.42
CTN_042,PRECTOTCORR,2024,12,0.03
CTN_042,T2M,2015,1,25.15
CTN_042,T2M,2015,2,25.09
CTN_042,T2M,2015,3,25.98
CTN_042,T2M,2015,4,27.14
CTN_042,T2M,2015,5,27.48
CTN_042,T2M,2015,6,26.64
CTN_042,T2M,2015,7,26.73
CTN_042,T2M,2015,8,26.87
CTN_042,T2M,2015,9,25.77
CTN_042,T2M,2015,10,26.12
CTN_042,T2M,2015,11,26.1
CTN_042,T2M,2015,12,25.53
CTN_042,T2M,2016,1,25.06
CTN_042,T2M,2016,2,25.77
CTN_042,T2M,2016,3,25.03
CTN_042,T2M,2016,4,26.88
CTN_042,T2M,2016,5,27.61
CTN_042,T2M,2016,6,26.45
CTN_042,T2M,2016,7,26.32
CTN_042,T2M,2016,8,26.17
CTN_042,T2M,2016,9,25.62
CTN_042,T2M,2016,10,26.18
CTN_042,T2M,2016,11,25.53
CTN_042,T2M,2016,12,25.88
CTN_042,T2M,2017,1,24.89
CTN_042,T2M,2017,2,25.06
CTN_042,T2M,2017,3,26.16
CTN_042,T2M,2017,4,25.98
CTN_042,T2M,2017,5,26.55
CTN_042,T2M,2017,6,25.65
CTN_042,T2M,2017,7,26.12
CTN_042,T2M,2017,8,25.58
CTN_042,T2M,2017,9,25.09
CTN_042,T2M,2017,10,25.76
CTN_042,T2M,2017,11,25.24
CTN_042,T2M,2017,12,24.92
CTN_042,T2M,2018,1,25.06
CTN_042,T2M,2018,2,25.79
CTN_042,T2M,2018,3,25.99
CTN_042,T2M,2018,4,26.71
CTN_042,T2M,2018,5,27.56
CTN_042,T2M,2018,6,25.52
CTN_042,T2M,2018,7,26.7
CTN_042,T2M,2018,8,25.82
CTN_042,T2M,2018,9,25.59
CTN_042,T2M,2018,10,25.29
CTN_042,T2M,2018,11,24.74
CTN_042,T2M,2018,12,24.36
CTN_042,T2M,2019,1,24.66
CTN_042,T2M,2019,2,25.02
CTN_042,T2M,2019,3,25.95
CTN_042,T2M,2019,4,25.79
CTN_042,T2M,2019,5,26.28
CTN_042,T2M,2019,6,26.81
CTN_042,T2M,2019,7,26.77
CTN_042,T2M,2019,8,26.57
CTN_042,T2M,2019,9,25.95
CTN_042,T2M,2019,10,25.23
CTN_042,T2M,2019,11,25.65
CTN_042,T2M,2019,12,24.9
CTN_042,T2M,2020,1,25.41
CTN_042,T2M,2020,2,25.68
CTN_042,T2M,2020,3,26.43
CTN_042,T2M,2020,4,26.91
CTN_042,T2M,2020,5,27.46
CTN_042,T2M,2020,6,26.67
CTN_042,T2M,2020,7,26.27
CTN_042,T2M,2020,8,25.78
CTN_042,T2M,2020,9,25.29
CTN_042,T2M,2020,10,25.58
CTN_042,T2M,2020,11,25.57
CTN_042,T2M,2020,12,25.03
CTN_042,T2M,2021,1,25.43
CTN_042,T2M,2021,2,24.4
CTN_042,T2M,2021,3,25.5
CTN_042,T2M,2021,4,26.38
CTN_042,T2M,2021,5,27.34
CTN_042,T2M,2021,6,25.5
CTN_042,T2M,2021,7,26.0
CTN_042,T2M,2021,8,25.4
CTN_042,T2M,2021,9,25.36
CTN_042,T2M,2021,10,25.85
CTN_042,T2M,2021,11,24.93
CTN_042,T2M,2021,12,25.43
CTN_042,T2M,2022,1,25.18
CTN_042,T2M,2022,2,25.68
CTN_042,T2M,2022,3,25.44
CTN_042,T2M,2022,4,26.48
CTN_042,T2M,2022,5,26.96
CTN_042,T2M,2022,6,25.28
CTN_042,T2M,2022,7,26.11
CTN_042,T2M,2022,8,25.72
CTN_042,T2M,2022,9,25.29
CTN_042,T2M,2022,10,25.4
CTN_042,T2M,2022,11,25.2
CTN_042,T2M,2022,12,24.69
CTN_042,T2M,2023,1,25.18
CTN_042,T2M,2023,2,25.75
CTN_042,T2M,2023,3,25.89
CTN_042,T2M,2023,4,26.68
CTN_042,T2M,2023,5,27.71
CTN_042,T2M,2023,6,28.15
CTN_042,T2M,2023,7,27.58
CTN_042,T2M,2023,8,26.89
CTN_042,T2M,2023,9,26.91
CTN_042,T2M,2023,10,25.89
CTN_042,T2M,2023,11,26.12
CTN_042,T2M,2023,12,25.34
CTN_042,T2M,2024,1,25.56
CTN_042,T2M,2024,2,25.56
CTN_042,T2M,2024,3,25.69
CTN_042,T2M,2024,4,26.76
CTN_042,T2M,2024,5,28.05
CTN_042,T2M,2024,6,27.0
CTN_042,T2M,2024,7,27.38
CTN_042,T2M,2024,8,26.69
CTN_042,T2M,2024,9,26.16
CTN_042,T2M,2024,10,25.94
CTN_042,T2M,2024,11,25.71
CTN_042,T2M,2024,12,25.27
CTN_042,T2M_MAX,2015,1,32.26
CTN_042,T2M_MAX,2015,2,33.25
CTN_042,T2M_MAX,2015,3,34.42
CTN_042,T2M_MAX,2015,4,34.76
CTN_042,T2M_MAX,2015,5,35.01
CTN_042,T2M_MAX,2015,6,33.44
CTN_042,T2M_MAX,2015,7,31.86
CTN_042,T2M_MAX,2015,8,32.98
CTN_042,T2M_MAX,2015,9,30.68
CTN_042,T2M_MAX,2015,10,31.38
CTN_042,T2M_MAX,2015,11,30.99
CTN_042,T2M_MAX,2015,12,31.65
CTN_042,T2M_MAX,2016,1,32.26
CTN_042,T2M_MAX,2016,2,34.47
CTN_042,T2M_MAX,2016,3,33.43
CTN_042,T2M_MAX,2016,4,34.06
CTN_042,T2M_MAX,2016,5,34.98
CTN_042,T2M_MAX,2016,6,33.91
CTN_042,T2M_MAX,2016,7,31.84
CTN_042,T2M_MAX,2016,8,31.58
CTN_042,T2M_MAX,2016,9,29.87
CTN_042,T2M_MAX,2016,10,30.83
CTN_042,T2M_MAX,2016,11,31.33
CTN_042,T2M_MAX,2016,12,33.39
CTN_042,T2M_MAX,2017,1,31.98
CTN_042,T2M_MAX,2017,2,33.18
CTN_042,T2M_MAX,2017,3,33.57
CTN_042,T2M_MAX,2017,4,34.13
CTN_042,T2M_MAX,2017,5,34.34
CTN_042,T2M_MAX,2017,6,30.8
CTN_042,T2M_MAX,2017,7,31.22
CTN_042,T2M_MAX,2017,8,31.04
CTN_042,T2M_MAX,2017,9,29.63
CTN_042,T2M_MAX,2017,10,31.35
CTN_042,T2M_MAX,2017,11,31.25
CTN_042,T2M_MAX,2017,12,31.53
CTN_042,T2M_MAX,2018,1,32.27
CTN_042,T2M_MAX,2018,2,33.02
CTN_042,T2M_MAX,2018,3,33.51
CTN_042,T2M_MAX,2018,4,34.76
CTN_042,T2M_MAX,2018,5,34.23
CTN_042,T2M_MAX,2018,6,33.92
CTN_042,T2M_MAX,2018,7,31.71
CTN_042,T2M_MAX,2018,8,31.09
CTN_042,T2M_MAX,2018,9,30.2
CTN_042,T2M_MAX,2018,10,29.32
CTN_042,T2M_MAX,2018,11,30.2
CTN_042,T2M_MAX,2018,12,30.0
CTN_042,T2M_MAX,2019,1,31.73
CTN_042,T2M_MAX,2019,2,33.52
CTN_042,T2M_MAX,2019,3,34.55
CTN_042,T2M_MAX,2019,4,33.53
CTN_042,T2M_MAX,2019,5,33.94
CTN_042,T2M_MAX,2019,6,33.62
CTN_042,T2M_MAX,2019,7,33.0
CTN_042,T2M_MAX,2019,8,31.5
CTN_042,T2M_MAX,2019,9,30.98
CTN_042,T2M_MAX,2019,10,30.01
CTN_042,T2M_MAX,2019,11,31.28
CTN_042,T2M_MAX,2019,12,30.4
CTN_042,T2M_MAX,2020,1,32.79
CTN_042,T2M_MAX,2020,2,33.83
CTN_042,T2M_MAX,2020,3,33.71
CTN_042,T2M_MAX,2020,4,34.97
CTN_042,T2M_MAX,2020,5,35.01
CTN_042,T2M_MAX,2020,6,34.68
CTN_042,T2M_MAX,2020,7,31.57
CTN_042,T2M_MAX,2020,8,31.87
CTN_042,T2M_MAX,2020,9,29.75
CTN_042,T2M_MAX,2020,10,30.85
CTN_042,T2M_MAX,2020,11,32.08
CTN_042,T2M_MAX,2020,12,31.64
CTN_042,T2M_MAX,2021,1,32.91
CTN_042,T2M_MAX,2021,2,32.73
CTN_042,T2M_MAX,2021,3,33.1
CTN_042,T2M_MAX,2021,4,34.64
CTN_042,T2M_MAX,2021,5,34.45
CTN_042,T2M_MAX,2021,6,31.77
CTN_042,T2M_MAX,2021,7,30.88
CTN_042,T2M_MAX,2021,8,31.25
CTN_042,T2M_MAX,2021,9,30.56
CTN_042,T2M_MAX,2021,10,30.13
CTN_042,T2M_MAX,2021,11,30.41
CTN_042,T2M_MAX,2021,12,31.55
CTN_042,T2M_MAX,2022,1,32.03
CTN_042,T2M_MAX,2022,2,33.22
CTN_042,T2M_MAX,2022,3,34.06
CTN_042,T2M_MAX,2022,4,35.04
CTN_042,T2M_MAX,2022,5,35.63
CTN_042,T2M_MAX,2022,6,30.92
CTN_042,T2M_MAX,2022,7,30.74
CTN_042,T2M_MAX,2022,8,31.37
CTN_042,T2M_MAX,2022,9,29.95
CTN_042,T2M_MAX,2022,10,30.24
CTN_042,T2M_MAX,2022,11,29.93
CTN_042,T2M_MAX,2022,12,30.74
CTN_042,T2M_MAX,2023,1,32.4
CTN_042,T2M_MAX,2023,2,32.8
CTN_042,T2M_MAX,2023,3,34.35
CTN_042,T2M_MAX,2023,4,34.22
CTN_042,T2M_MAX,2023,5,35.4
CTN_042,T2M_MAX,2023,6,36.22
CTN_042,T2M_MAX,2023,7,33.91
CTN_042,T2M_MAX,2023,8,32.24
CTN_042,T2M_MAX,2023,9,32.18
CTN_042,T2M_MAX,2023,10,30.41
CTN_042,T2M_MAX,2023,11,31.19
CTN_042,T2M_MAX,2023,12,31.31
CTN_042,T2M_MAX,2024,1,33.23
CTN_042,T2M_MAX,2024,2,33.09
CTN_042,T2M_MAX,2024,3,34.73
CTN_042,T2M_MAX,2024,4,34.92
CTN_042,T2M_MAX,2024,5,36.94
CTN_042,T2M_MAX,2024,6,35.42
CTN_042,T2M_MAX,2024,7,34.0
CTN_042,T2M_MAX,2024,8,31.62
CTN_042,T2M_MAX,2024,9,30.58
CTN_042,T2M_MAX,2024,10,30.76
CTN_042,T2M_MAX,2024,11,30.49
CTN_042,T2M_MAX,2024,12,32.23
CTN_042,WS10M,2015,1,2.66
CTN_042,WS10M,2015,2,2.7
CTN_042,WS10M,2015,3,2.86
CTN_042,WS10M,2015,4,3.04
CTN_042,WS10M,2015,5,2.65
CTN_042,WS10M,2015,6,2.81
CTN_042,WS10M,2015,7,2.56
CTN_042,WS10M,2015,8,2.35
CTN_042,WS10M,2015,9,2.63
CTN_042,WS10M,2015,10,2.42
CTN_042,WS10M,2015,11,2.1
CTN_042,WS10M,2015,12,2.29
CTN_042,WS10M,2016,1,2.28
CTN_042,WS10M,2016,2,2.81
CTN_042,WS10M,2016,3,2.58
CTN_042,WS10M,2016,4,2.83
CTN_042,WS10M,2016,5,2.87
CTN_042,WS10M,2016,6,2.62
CTN_042,WS10M,2016,7,2.28
CTN_042,WS10M,2016,8,2.81
CTN_042,WS10M,2016,9,2.46
CTN_042,WS10M,2016,10,2.46
CTN_042,WS10M,2016,11,2.38
CTN_042,WS10M,2016,12,2.34
CTN_042,WS10M,2017,1,2.78
CTN_042,WS10M,2017,2,2.77
CTN_042,WS10M,2017,3,2.94
CTN_042,WS10M,2017,4,2.98
CTN_042,WS10M,2017,5,2.84
CTN_042,WS10M,2017,6,2.91
CTN_042,WS10M,2017,7,2.39
CTN_042,WS10M,2017,8,2.69
CTN_042,WS10M,2017,9,2.67
CTN_042,WS10M,2017,10,2.36
CTN_042,WS10M,2017,11,2.33
CTN_042,WS10M,2017,12,2.21
CTN_042,WS10M,2018,1,2.8
CTN_042,WS10M,2018,2,2.68
CTN_042,WS10M,2018,3,2.86
CTN_042,WS10M,2018,4,3.02
CTN_042,WS10M,2018,5,3.18
CTN_042,WS10M,2018,6,2.91
CTN_042,WS10M,2018,7,2.54
CTN_042,WS10M,2018,8,2.29
CTN_042,WS10M,2018,9,2.49
CTN_042,WS10M,2018,10,2.47
CTN_042,WS10M,2018,11,2.09
CTN_042,WS10M,2018,12,1.92
CTN_042,WS10M,2019,1,2.52
CTN_042,WS10M,2019,2,2.57
CTN_042,WS10M,2019,3,2.9
CTN_042,WS10M,2019,4,2.94
CTN_042,WS10M,2019,5,2.98
CTN_042,WS10M,2019,6,2.57
CTN_042,WS10M,2019,7,2.32
CTN_042,WS10M,2019,8,2.61
CTN_042,WS10M,2019,9,2.9
CTN_042,WS10M,2019,10,2.58
CTN_042,WS10M,2019,11,2.31
CTN_042,WS10M,2019,12,2.04
CTN_042,WS10M,2020,1,2.54
CTN_042,WS10M,2020,2,2.66
CTN_042,WS10M,2020,3,3.06
CTN_042,WS10M,2020,4,2.98
CTN_042,WS10M,2020,5,2.99
CTN_042,WS10M,2020,6,3.01
CTN_042,WS10M,2020,7,2.55
CTN_042,WS10M,2020,8,2.87
CTN_042,WS10M,2020,9,2.61
CTN_042,WS10M,2020,10,2.55
CTN_042,WS10M,2020,11,2.67
CTN_042,WS10M,2020,12,2.4
CTN_042,WS10M,2021,1,2.43
CTN_042,WS10M,2021,2,2.91
CTN_042,WS10M,2021,3,2.83
CTN_042,WS10M,2021,4,3.23
CTN_042,WS10M,2021,5,2.98
CTN_042,WS10M,2021,6,2.87
CTN_042,WS10M,2021,7,2.51
CTN_042,WS10M,2021,8,2.82
CTN_042,WS10M,2021,9,2.33
CTN_042,WS10M,2021,10,2.57
CTN_042,WS10M,2021,11,2.03
CTN_042,WS10M,2021,12,2.17
CTN_042,WS10M,2022,1,2.55
CTN_042,WS10M,2022,2,2.79
CTN_042,WS10M,2022,3,2.93
CTN_042,WS10M,2022,4,3.13
CTN_042,WS10M,2022,5,3.17
CTN_042,WS10M,2022,6,3.05
CTN_042,WS10M,2022,7,2.55
CTN_042,WS10M,2022,8,2.25
CTN_042,WS10M,2022,9,3.13
CTN_042,WS10M,2022,10,2.46
CTN_042,WS10M,2022,11,2.13
CTN_042,WS10M,2022,12,2.17
CTN_042,WS10M,2023,1,2.51
CTN_042,WS10M,2023,2,2.93
CTN_042,WS10M,2023,3,2.99
CTN_042,WS10M,2023,4,3.03
CTN_042,WS10M,2023,5,2.78
CTN_042,WS10M,2023,6,3.25
CTN_042,WS10M,2023,7,2.59
CTN_042,WS10M,2023,8,2.64
CTN_042,WS10M,2023,9,2.5
CTN_042,WS10M,2023,10,2.58
CTN_042,WS10M,2023,11,2.17
CTN_042,WS10M,2023,12,2.23
CTN_042,WS10M,2024,1,2.37
CTN_042,WS10M,2024,2,3.24
CTN_042,WS10M,2024,3,3.01
CTN_042,WS10M,2024,4,3.06
CTN_042,WS10M,2024,5,3.08
CTN_042,WS10M,2024,6,3.39
CTN_042,WS10M,2024,7,2.31
CTN_042,WS10M,2024,8,2.43
CTN_042,WS10M,2024,9,2.85
CTN_042,WS10M,2024,10,2.39
CTN_042,WS10M,2024,11,2.37
CTN_042,WS10M,2024,12,2.23
CTN_043,ALLSKY_SFC_SW_DWN,2015,1,5.238
CTN_043,ALLSKY_SFC_SW_DWN,2015,2,5.8898
CTN_043,ALLSKY_SFC_SW_DWN,2015,3,6.4757
CTN_043,ALLSKY_SFC_SW_DWN,2015,4,6.9578
CTN_043,ALLSKY_SFC_SW_DWN,2015,5,6.263
CTN_043,ALLSKY_SFC_SW_DWN,2015,6,5.8982
CTN_043,ALLSKY_SFC_SW_DWN,2015,7,6.2335
CTN_043,ALLSKY_SFC_SW_DWN,2015,8,6.4318
CTN_043,ALLSKY_SFC_SW_DWN,2015,9,5.4216
CTN_043,ALLSKY_SFC_SW_DWN,2015,10,5.1761
CTN_043,ALLSKY_SFC_SW_DWN,2015,11,5.2102
CTN_043,ALLSKY_SFC_SW_DWN,2015,12,4.8132
CTN_043,ALLSKY_SFC_SW_DWN,2016,1,4.4945
CTN_043,ALLSKY_SFC_SW_DWN,2016,2,6.0811
CTN_043,ALLSKY_SFC_SW_DWN,2016,3,6.4111
CTN_043,ALLSKY_SFC_SW_DWN,2016,4,6.8714
CTN_043,ALLSKY_SFC_SW_DWN,2016,5,6.6991
CTN_043,ALLSKY_SFC_SW_DWN,2016,6,6.2585
CTN_043,ALLSKY_SFC_SW_DWN,2016,7,6.3718
CTN_043,ALLSKY_SFC_SW_DWN,2016,8,6.2777
CTN_043,ALLSKY_SFC_SW_DWN,2016,9,5.707
CTN_043,ALLSKY_SFC_SW_DWN,2016,10,5.8476
CTN_043,ALLSKY_SFC_SW_DWN,2016,11,5.2274
CTN_043,ALLSKY_SFC_SW_DWN,2016,12,5.2325
CTN_043,ALLSKY_SFC_SW_DWN,2017,1,5.5152
CTN_043,ALLSKY_SFC_SW_DWN,2017,2,6.317
CTN_043,ALLSKY_SFC_SW_DWN,2017,3,6.8834
CTN_043,ALLSKY_SFC_SW_DWN,2017,4,7.001
CTN_043,ALLSKY_SFC_SW_DWN,2017,5,6.3115
CTN_043,ALLSKY_SFC_SW_DWN,2017,6,5.9832
CTN_043,ALLSKY_SFC_SW_DWN,2017,7,6.4001
CTN_043,ALLSKY_SFC_SW_DWN,2017,8,6.1066
CTN_043,ALLSKY_SFC_SW_DWN,2017,9,5.1718
CTN_043,ALLSKY_SFC_SW_DWN,2017,10,5.4766
CTN_043,ALLSKY_SFC_SW_DWN,2017,11,5.453
CTN_043,ALLSKY_SFC_SW_DWN,2017,12,5.2234
CTN_043,ALLSKY_SFC_SW_DWN,2018,1,5.1084
CTN_043,ALLSKY_SFC_SW_DWN,2018,2,6.1337
CTN_043,ALLSKY_SFC_SW_DWN,2018,3,6.8784
CTN_043,ALLSKY_SFC_SW_DWN,2018,4,6.9869
CTN_043,ALLSKY_SFC_SW_DWN,2018,5,6.7063
CTN_043,ALLSKY_SFC_SW_DWN,2018,6,5.4118
CTN_043,ALLSKY_SFC_SW_DWN,2018,7,6.8978
CTN_043,ALLSKY_SFC_SW_DWN,2018,8,6.1282
CTN_043,ALLSKY_SFC_SW_DWN,2018,9,6.1418
CTN_043,ALLSKY_SFC_SW_DWN,2018,10,5.2781
CTN_043,ALLSKY_SFC_SW_DWN,2018,11,5.0268
CTN_043,ALLSKY_SFC_SW_DWN,2018,12,5.1178
CTN_043,ALLSKY_SFC_SW_DWN,2019,1,5.2826
CTN_043,ALLSKY_SFC_SW_DWN,2019,2,6.3014
CTN_043,ALLSKY_SFC_SW_DWN,2019,3,6.9667
CTN_043,ALLSKY_SFC_SW_DWN,2019,4,7.1304
CTN_043,ALLSKY_SFC_SW_DWN,2019,5,6.4519
CTN_043,ALLSKY_SFC_SW_DWN,2019,6,6.1709
CTN_043,ALLSKY_SFC_SW_DWN,2019,7,6.6185
CTN_043,ALLSKY_SFC_SW_DWN,2019,8,6.3612
CTN_043,ALLSKY_SFC_SW_DWN,2019,9,5.5584
CTN_043,ALLSKY_SFC_SW_DWN,2019,10,5.1286
CTN_043,ALLSKY_SFC_SW_DWN,2019,11,5.1588
CTN_043,ALLSKY_SFC_SW_DWN,2019,12,4.9884
CTN_043,ALLSKY_SFC_SW_DWN,2020,1,5.471
CTN_043,ALLSKY_SFC_SW_DWN,2020,2,6.1546
CTN_043,ALLSKY_SFC_SW_DWN,2020,3,6.9725
CTN_043,ALLSKY_SFC_SW_DWN,2020,4,7.0262
CTN_043,ALLSKY_SFC_SW_DWN,2020,5,6.7234
CTN_043,ALLSKY_SFC_SW_DWN,2020,6,6.2755
CTN_043,ALLSKY_SFC_SW_DWN,2020,7,6.2702
CTN_043,ALLSKY_SFC_SW_DWN,2020,8,5.7384
CTN_043,ALLSKY_SFC_SW_DWN,2020,9,5.8392
CTN_043,ALLSKY_SFC_SW_DWN,2020,10,5.5457
CTN_043,ALLSKY_SFC_SW_DWN,2020,11,5.5646
CTN_043,ALLSKY_SFC_SW_DWN,2020,12,4.955
CTN_043,ALLSKY_SFC_SW_DWN,2021,1,5.1893
CTN_043,ALLSKY_SFC_SW_DWN,2021,2,6.3679
CTN_043,ALLSKY_SFC_SW_DWN,2021,3,6.972
CTN_043,ALLSKY_SFC_SW_DWN,2021,4,7.1278
CTN_043,ALLSKY_SFC_SW_DWN,2021,5,6.971
CTN_043,ALLSKY_SFC_SW_DWN,2021,6,4.9608
CTN_043,ALLSKY_SFC_SW_DWN,2021,7,6.3437
CTN_043,ALLSKY_SFC_SW_DWN,2021,8,5.5769
CTN_043,ALLSKY_SFC_SW_DWN,2021,9,5.8548
CTN_043,ALLSKY_SFC_SW_DWN,2021,10,5.304
CTN_043,ALLSKY_SFC_SW_DWN,2021,11,5.4926
CTN_043,ALLSKY_SFC_SW_DWN,2021,12,5.1828
CTN_043,ALLSKY_SFC_SW_DWN,2022,1,5.3818
CTN_043,ALLSKY_SFC_SW_DWN,2022,2,6.1368
CTN_043,ALLSKY_SFC_SW_DWN,2022,3,7.0589
CTN_043,ALLSKY_SFC_SW_DWN,2022,4,7.1508
CTN_043,ALLSKY_SFC_SW_DWN,2022,5,6.4692
CTN_043,ALLSKY_SFC_SW_DWN,2022,6,5.8308
CTN_043,ALLSKY_SFC_SW_DWN,2022,7,6.4181
CTN_043,ALLSKY_SFC_SW_DWN,2022,8,6.3528
CTN_043,ALLSKY_SFC_SW_DWN,2022,9,5.1084
CTN_043,ALLSKY_SFC_SW_DWN,2022,10,5.2157
CTN_043,ALLSKY_SFC_SW_DWN,2022,11,5.2572
CTN_043,ALLSKY_SFC_SW_DWN,2022,12,5.0726
CTN_043,ALLSKY_SFC_SW_DWN,2023,1,5.4566
CTN_043,ALLSKY_SFC_SW_DWN,2023,2,6.1829
CTN_043,ALLSKY_SFC_SW_DWN,2023,3,6.8719
CTN_043,ALLSKY_SFC_SW_DWN,2023,4,7.0939
CTN_043,ALLSKY_SFC_SW_DWN,2023,5,6.6902
CTN_043,ALLSKY_SFC_SW_DWN,2023,6,6.4766
CTN_043,ALLSKY_SFC_SW_DWN,2023,7,6.3691
CTN_043,ALLSKY_SFC_SW_DWN,2023,8,6.0516
CTN_043,ALLSKY_SFC_SW_DWN,2023,9,6.3019
CTN_043,ALLSKY_SFC_SW_DWN,2023,10,4.6267
CTN_043,ALLSKY_SFC_SW_DWN,2023,11,5.1912
CTN_043,ALLSKY_SFC_SW_DWN,2023,12,4.7359
CTN_043,ALLSKY_SFC_SW_DWN,2024,1,5.304
CTN_043,ALLSKY_SFC_SW_DWN,2024,2,6.0283
CTN_043,ALLSKY_SFC_SW_DWN,2024,3,6.9569
CTN_043,ALLSKY_SFC_SW_DWN,2024,4,7.0874
CTN_043,ALLSKY_SFC_SW_DWN,2024,5,6.7692
CTN_043,ALLSKY_SFC_SW_DWN,2024,6,5.8834
CTN_043,ALLSKY_SFC_SW_DWN,2024,7,6.354
CTN_043,ALLSKY_SFC_SW_DWN,2024,8,6.2318
CTN_043,ALLSKY_SFC_SW_DWN,2024,9,4.8113
CTN_043,ALLSKY_SFC_SW_DWN,2024,10,5.4012
CTN_043,ALLSKY_SFC_SW_DWN,2024,11,5.267
CTN_043,ALLSKY_SFC_SW_DWN,2024,12,4.9001
CTN_043,PRECTOTCORR,2015,1,0.01
CTN_043,PRECTOTCORR,2015,2,0.09
CTN_043,PRECTOTCORR,2015,3,0.5
CTN_043,PRECTOTCORR,2015,4,0.03
CTN_043,PRECTOTCORR,2015,5,2.74
CTN_043,PRECTOTCORR,2015,6,5.23
CTN_043,PRECTOTCORR,2015,7,4.26
CTN_043,PRECTOTCORR,2015,8,5.89
CTN_043,PRECTOTCORR,2015,9,11.46
CTN_043,PRECTOTCORR,2015,10,7.33
CTN_043,PRECTOTCORR,2015,11,1.76
CTN_043,PRECTOTCORR,2015,12,0.17
CTN_043,PRECTOTCORR,2016,1,0.3
CTN_043,PRECTOTCORR,2016,2,0.09
CTN_043,PRECTOTCORR,2016,3,1.71
CTN_043,PRECTOTCORR,2016,4,0.18
CTN_043,PRECTOTCORR,2016,5,1.79
CTN_043,PRECTOTCORR,2016,6,8.02
CTN_043,PRECTOTCORR,2016,7,8.55
CTN_043,PRECTOTCORR,2016,8,10.7
CTN_043,PRECTOTCORR,2016,9,15.76
CTN_043,PRECTOTCORR,2016,10,1.85
CTN_043,PRECTOTCORR,2016,11,2.05
CTN_043,PRECTOTCORR,2016,12,0.09
CTN_043,PRECTOTCORR,2017,1,0.01
CTN_043,PRECTOTCORR,2017,2,0.0
CTN_043,PRECTOTCORR,2017,3,0.03
CTN_043,PRECTOTCORR,2017,4,0.09
CTN_043,PRECTOTCORR,2017,5,5.43
CTN_043,PRECTOTCORR,2017,6,9.96
CTN_043,PRECTOTCORR,2017,7,5.96
CTN_043,PRECTOTCORR,2017,8,14.16
CTN_043,PRECTOTCORR,2017,9,22.37
CTN_043,PRECTOTCORR,2017,10,4.31
CTN_043,PRECTOTCORR,2017,11,0.36
CTN_043,PRECTOTCORR,2017,12,0.02
CTN_043,PRECTOTCORR,2018,1,0.09
CTN_043,PRECTOTCORR,2018,2,0.18
CTN_043,PRECTOTCORR,2018,3,0.01
CTN_043,PRECTOTCORR,2018,4,0.15
CTN_043,PRECTOTCORR,2018,5,1.17
CTN_043,PRECTOTCORR,2018,6,12.67
CTN_043,PRECTOTCORR,2018,7,5.52
CTN_043,PRECTOTCORR,2018,8,10.03
CTN_043,PRECTOTCORR,2018,9,8.05
CTN_043,PRECTOTCORR,2018,10,8.89
CTN_043,PRECTOTCORR,2018,11,2.64
CTN_043,PRECTOTCORR,2018,12,0.2
CTN_043,PRECTOTCORR,2019,1,0.03
CTN_043,PRECTOTCORR,2019,2,0.01
CTN_043,PRECTOTCORR,2019,3,0.0
CTN_043,PRECTOTCORR,2019,4,0.0
CTN_043,PRECTOTCORR,2019,5,0.72
CTN_043,PRECTOTCORR,2019,6,5.74
CTN_043,PRECTOTCORR,2019,7,4.91
CTN_043,PRECTOTCORR,2019,8,9.02
CTN_043,PRECTOTCORR,2019,9,12.71
CTN_043,PRECTOTCORR,2019,10,7.08
CTN_043,PRECTOTCORR,2019,11,2.45
CTN_043,PRECTOTCORR,2019,12,0.03
CTN_043,PRECTOTCORR,2020,1,0.12
CTN_043,PRECTOTCORR,2020,2,0.09
CTN_043,PRECTOTCORR,2020,3,0.03
CTN_043,PRECTOTCORR,2020,4,0.13
CTN_043,PRECTOTCORR,2020,5,0.19
CTN_043,PRECTOTCORR,2020,6,7.22
CTN_043,PRECTOTCORR,2020,7,5.56
CTN_043,PRECTOTCORR,2020,8,16.68
CTN_043,PRECTOTCORR,2020,9,10.49
CTN_043,PRECTOTCORR,2020,10,2.87
CTN_043,PRECTOTCORR,2020,11,0.24
CTN_043,PRECTOTCORR,2020,12,0.11
CTN_043,PRECTOTCORR,2021,1,0.05
CTN_043,PRECTOTCORR,2021,2,0.19
CTN_043,PRECTOTCORR,2021,3,0.49
CTN_043,PRECTOTCORR,2021,4,0.09
CTN_043,PRECTOTCORR,2021,5,1.45
CTN_043,PRECTOTCORR,2021,6,15.75
CTN_043,PRECTOTCORR,2021,7,7.33
CTN_043,PRECTOTCORR,2021,8,14.25
CTN_043,PRECTOTCORR,2021,9,10.82
CTN_043,PRECTOTCORR,2021,10,8.11
CTN_043,PRECTOTCORR,2021,11,0.17
CTN_043,PRECTOTCORR,2021,12,0.01
CTN_043,PRECTOTCORR,2022,1,0.21
CTN_043,PRECTOTCORR,2022,2,0.02
CTN_043,PRECTOTCORR,2022,3,0.0
CTN_043,PRECTOTCORR,2022,4,0.24
CTN_043,PRECTOTCORR,2022,5,2.93
CTN_043,PRECTOTCORR,2022,6,14.55
CTN_043,PRECTOTCORR,2022,7,8.4
CTN_043,PRECTOTCORR,2022,8,6.64
CTN_043,PRECTOTCORR,2022,9,14.51
CTN_043,PRECTOTCORR,2022,10,5.11
CTN_043,PRECTOTCORR,2022,11,0.2
CTN_043,PRECTOTCORR,2022,12,0.09
CTN_043,PRECTOTCORR,2023,1,0.0
CTN_043,PRECTOTCORR,2023,2,0.0
CTN_043,PRECTOTCORR,2023,3,0.01
CTN_043,PRECTOTCORR,2023,4,2.42
CTN_043,PRECTOTCORR,2023,5,3.22
CTN_043,PRECTOTCORR,2023,6,2.38
CTN_043,PRECTOTCORR,2023,7,4.59
CTN_043,PRECTOTCORR,2023,8,6.45
CTN_043,PRECTOTCORR,2023,9,4.81
CTN_043,PRECTOTCORR,2023,10,14.27
CTN_043,PRECTOTCORR,2023,11,1.47
CTN_043,PRECTOTCORR,2023,12,0.32
CTN_043,PRECTOTCORR,2024,1,0.15
CTN_043,PRECTOTCORR,2024,2,0.2
CTN_043,PRECTOTCORR,2024,3,0.01
CTN_043,PRECTOTCORR,2024,4,0.03
CTN_043,PRECTOTCORR,2024,5,0.17
CTN_043,PRECTOTCORR,2024,6,2.17
CTN_043,PRECTOTCORR,2024,7,4.28
CTN_043,PRECTOTCORR,2024,8,6.07
CTN_043,PRECTOTCORR,2024,9,15.83
CTN_043,PRECTOTCORR,2024,10,3.39
CTN_043,PRECTOTCORR,2024,11,0.42
CTN_043,PRECTOTCORR,2024,12,0.03
CTN_043,T2M,2015,1,25.15
CTN_043,T2M,2015,2,25.09
CTN_043,T2M,2015,3,25.98
CTN_043,T2M,2015,4,27.14
CTN_043,T2M,2015,5,27.48
CTN_043,T2M,2015,6,26.64
CTN_043,T2M,2015,7,26.73
CTN_043,T2M,2015,8,26.87
CTN_043,T2M,2015,9,25.77
CTN_043,T2M,2015,10,26.12
CTN_043,T2M,2015,11,26.1
CTN_043,T2M,2015,12,25.53
CTN_043,T2M,2016,1,25.06
CTN_043,T2M,2016,2,25.77
CTN_043,T2M,2016,3,25.03
CTN_043,T2M,2016,4,26.88
CTN_043,T2M,2016,5,27.61
CTN_043,T2M,2016,6,26.45
CTN_043,T2M,2016,7,26.32
CTN_043,T2M,2016,8,26.17
CTN_043,T2M,2016,9,25.62
CTN_043,T2M,2016,10,26.18
CTN_043,T2M,2016,11,25.53
CTN_043,T2M,2016,12,25.88
CTN_043,T2M,2017,1,24.89
CTN_043,T2M,2017,2,25.06
CTN_043,T2M,2017,3,26.16
CTN_043,T2M,2017,4,25.98
CTN_043,T2M,2017,5,26.55
CTN_043,T2M,2017,6,25.65
CTN_043,T2M,2017,7,26.12
CTN_043,T2M,2017,8,25.58
CTN_043,T2M,2017,9,25.09
CTN_043,T2M,2017,10,25.76
CTN_043,T2M,2017,11,25.24
CTN_043,T2M,2017,12,24.92
CTN_043,T2M,2018,1,25.06
CTN_043,T2M,2018,2,25.79
CTN_043,T2M,2018,3,25.99
CTN_043,T2M,2018,4,26.71
CTN_043,T2M,2018,5,27.56
CTN_043,T2M,2018,6,25.52
CTN_043,T2M,2018,7,26.7
CTN_043,T2M,2018,8,25.82
CTN_043,T2M,2018,9,25.59
CTN_043,T2M,2018,10,25.29
CTN_043,T2M,2018,11,24.74
CTN_043,T2M,2018,12,24.36
CTN_043,T2M,2019,1,24.66
CTN_043,T2M,2019,2,25.02
CTN_043,T2M,2019,3,25.95
CTN_043,T2M,2019,4,25.79
CTN_043,T2M,2019,5,26.28
CTN_043,T2M,2019,6,26.81
CTN_043,T2M,2019,7,26.77
CTN_043,T2M,2019,8,26.57
CTN_043,T2M,2019,9,25.95
CTN_043,T2M,2019,10,25.23
CTN_043,T2M,2019,11,25.65
CTN_043,T2M,2019,12,24.9
CTN_043,T2M,2020,1,25.41
CTN_043,T2M,2020,2,25.68
CTN_043,T2M,2020,3,26.43
CTN_043,T2M,2020,4,26.91
CTN_043,T2M,2020,5,27.46
CTN_043,T2M,2020,6,26.67
CTN_043,T2M,2020,7,26.27
CTN_043,T2M,2020,8,25.78
CTN_043,T2M,2020,9,25.29
CTN_043,T2M,2020,10,25.58
CTN_043,T2M,2020,11,25.57
CTN_043,T2M,2020,12,25.03
CTN_043,T2M,2021,1,25.43
CTN_043,T2M,2021,2,24.4
CTN_043,T2M,2021,3,25.5
CTN_043,T2M,2021,4,26.38
CTN_043,T2M,2021,5,27.34
CTN_043,T2M,2021,6,25.5
CTN_043,T2M,2021,7,26.0
CTN_043,T2M,2021,8,25.4
CTN_043,T2M,2021,9,25.36
CTN_043,T2M,2021,10,25.85
CTN_043,T2M,2021,11,24.93
CTN_043,T2M,2021,12,25.43
CTN_043,T2M,2022,1,25.18
CTN_043,T2M,2022,2,25.68
CTN_043,T2M,2022,3,25.44
CTN_043,T2M,2022,4,26.48
CTN_043,T2M,2022,5,26.96
CTN_043,T2M,2022,6,25.28
CTN_043,T2M,2022,7,26.11
CTN_043,T2M,2022,8,25.72
CTN_043,T2M,2022,9,25.29
CTN_043,T2M,2022,10,25.4
CTN_043,T2M,2022,11,25.2
CTN_043,T2M,2022,12,24.69
CTN_043,T2M,2023,1,25.18
CTN_043,T2M,2023,2,25.75
CTN_043,T2M,2023,3,25.89
CTN_043,T2M,2023,4,26.68
CTN_043,T2M,2023,5,27.71
CTN_043,T2M,2023,6,28.15
CTN_043,T2M,2023,7,27.58
CTN_043,T2M,2023,8,26.89
CTN_043,T2M,2023,9,26.91
CTN_043,T2M,2023,10,25.89
CTN_043,T2M,2023,11,26.12
CTN_043,T2M,2023,12,25.34
CTN_043,T2M,2024,1,25.56
CTN_043,T2M,2024,2,25.56
CTN_043,T2M,2024,3,25.69
CTN_043,T2M,2024,4,26.76
CTN_043,T2M,2024,5,28.05
CTN_043,T2M,2024,6,27.0
CTN_043,T2M,2024,7,27.38
CTN_043,T2M,2024,8,26.69
CTN_043,T2M,2024,9,26.16
CTN_043,T2M,2024,10,25.94
CTN_043,T2M,2024,11,25.71
CTN_043,T2M,2024,12,25.27
CTN_043,T2M_MAX,2015,1,32.26
CTN_043,T2M_MAX,2015,2,33.25
CTN_043,T2M_MAX,2015,3,34.42
CTN_043,T2M_MAX,2015,4,34.76
CTN_043,T2M_MAX,2015,5,35.01
CTN_043,T2M_MAX,2015,6,33.44
CTN_043,T2M_MAX,2015,7,31.86
CTN_043,T2M_MAX,2015,8,32.98
CTN_043,T2M_MAX,2015,9,30.68
CTN_043,T2M_MAX,2015,10,31.38
CTN_043,T2M_MAX,2015,11,30.99
CTN_043,T2M_MAX,2015,12,31.65
CTN_043,T2M_MAX,2016,1,32.26
CTN_043,T2M_MAX,2016,2,34.47
CTN_043,T2M_MAX,2016,3,33.43
CTN_043,T2M_MAX,2016,4,34.06
CTN_043,T2M_MAX,2016,5,34.98
CTN_043,T2M_MAX,2016,6,33.91
CTN_043,T2M_MAX,2016,7,31.84
CTN_043,T2M_MAX,2016,8,31.58
CTN_043,T2M_MAX,2016,9,29.87
CTN_043,T2M_MAX,2016,10,30.83
CTN_043,T2M_MAX,2016,11,31.33
CTN_043,T2M_MAX,2016,12,33.39
CTN_043,T2M_MAX,2017,1,31.98
CTN_043,T2M_MAX,2017,2,33.18
CTN_043,T2M_MAX,2017,3,33.57
CTN_043,T2M_MAX,2017,4,34.13
CTN_043,T2M_MAX,2017,5,34.34
CTN_043,T2M_MAX,2017,6,30.8
CTN_043,T2M_MAX,2017,7,31.22
CTN_043,T2M_MAX,2017,8,31.04
CTN_043,T2M_MAX,2017,9,29.63
CTN_043,T2M_MAX,2017,10,31.35
CTN_043,T2M_MAX,2017,11,31.25
CTN_043,T2M_MAX,2017,12,31.53
CTN_043,T2M_MAX,2018,1,32.27
CTN_043,T2M_MAX,2018,2,33.02
CTN_043,T2M_MAX,2018,3,33.51
CTN_043,T2M_MAX,2018,4,34.76
CTN_043,T2M_MAX,2018,5,34.23
CTN_043,T2M_MAX,2018,6,33.92
CTN_043,T2M_MAX,2018,7,31.71
CTN_043,T2M_MAX,2018,8,31.09
CTN_043,T2M_MAX,2018,9,30.2
CTN_043,T2M_MAX,2018,10,29.32
CTN_043,T2M_MAX,2018,11,30.2
CTN_043,T2M_MAX,2018,12,30.0
CTN_043,T2M_MAX,2019,1,31.73
CTN_043,T2M_MAX,2019,2,33.52
CTN_043,T2M_MAX,2019,3,34.55
CTN_043,T2M_MAX,2019,4,33.53
CTN_043,T2M_MAX,2019,5,33.94
CTN_043,T2M_MAX,2019,6,33.62
CTN_043,T2M_MAX,2019,7,33.0
CTN_043,T2M_MAX,2019,8,31.5
CTN_043,T2M_MAX,2019,9,30.98
CTN_043,T2M_MAX,2019,10,30.01
CTN_043,T2M_MAX,2019,11,31.28
CTN_043,T2M_MAX,2019,12,30.4
CTN_043,T2M_MAX,2020,1,32.79
CTN_043,T2M_MAX,2020,2,33.83
CTN_043,T2M_MAX,2020,3,33.71
CTN_043,T2M_MAX,2020,4,34.97
CTN_043,T2M_MAX,2020,5,35.01
CTN_043,T2M_MAX,2020,6,34.68
CTN_043,T2M_MAX,2020,7,31.57
CTN_043,T2M_MAX,2020,8,31.87
CTN_043,T2M_MAX,2020,9,29.75
CTN_043,T2M_MAX,2020,10,30.85
CTN_043,T2M_MAX,2020,11,32.08
CTN_043,T2M_MAX,2020,12,31.64
CTN_043,T2M_MAX,2021,1,32.91
CTN_043,T2M_MAX,2021,2,32.73
CTN_043,T2M_MAX,2021,3,33.1
CTN_043,T2M_MAX,2021,4,34.64
CTN_043,T2M_MAX,2021,5,34.45
CTN_043,T2M_MAX,2021,6,31.77
CTN_043,T2M_MAX,2021,7,30.88
CTN_043,T2M_MAX,2021,8,31.25
CTN_043,T2M_MAX,2021,9,30.56
CTN_043,T2M_MAX,2021,10,30.13
CTN_043,T2M_MAX,2021,11,30.41
CTN_043,T2M_MAX,2021,12,31.55
CTN_043,T2M_MAX,2022,1,32.03
CTN_043,T2M_MAX,2022,2,33.22
CTN_043,T2M_MAX,2022,3,34.06
CTN_043,T2M_MAX,2022,4,35.04
CTN_043,T2M_MAX,2022,5,35.63
CTN_043,T2M_MAX,2022,6,30.92
CTN_043,T2M_MAX,2022,7,30.74
CTN_043,T2M_MAX,2022,8,31.37
CTN_043,T2M_MAX,2022,9,29.95
CTN_043,T2M_MAX,2022,10,30.24
CTN_043,T2M_MAX,2022,11,29.93
CTN_043,T2M_MAX,2022,12,30.74
CTN_043,T2M_MAX,2023,1,32.4
CTN_043,T2M_MAX,2023,2,32.8
CTN_043,T2M_MAX,2023,3,34.35
CTN_043,T2M_MAX,2023,4,34.22
CTN_043,T2M_MAX,2023,5,35.4
CTN_043,T2M_MAX,2023,6,36.22
CTN_043,T2M_MAX,2023,7,33.91
CTN_043,T2M_MAX,2023,8,32.24
CTN_043,T2M_MAX,2023,9,32.18
CTN_043,T2M_MAX,2023,10,30.41
CTN_043,T2M_MAX,2023,11,31.19
CTN_043,T2M_MAX,2023,12,31.31
CTN_043,T2M_MAX,2024,1,33.23
CTN_043,T2M_MAX,2024,2,33.09
CTN_043,T2M_MAX,2024,3,34.73
CTN_043,T2M_MAX,2024,4,34.92
CTN_043,T2M_MAX,2024,5,36.94
CTN_043,T2M_MAX,2024,6,35.42
CTN_043,T2M_MAX,2024,7,34.0
CTN_043,T2M_MAX,2024,8,31.62
CTN_043,T2M_MAX,2024,9,30.58
CTN_043,T2M_MAX,2024,10,30.76
CTN_043,T2M_MAX,2024,11,30.49
CTN_043,T2M_MAX,2024,12,32.23
CTN_043,WS10M,2015,1,2.66
CTN_043,WS10M,2015,2,2.7
CTN_043,WS10M,2015,3,2.86
CTN_043,WS10M,2015,4,3.04
CTN_043,WS10M,2015,5,2.65
CTN_043,WS10M,2015,6,2.81
CTN_043,WS10M,2015,7,2.56
CTN_043,WS10M,2015,8,2.35
CTN_043,WS10M,2015,9,2.63
CTN_043,WS10M,2015,10,2.42
CTN_043,WS10M,2015,11,2.1
CTN_043,WS10M,2015,12,2.29
CTN_043,WS10M,2016,1,2.28
CTN_043,WS10M,2016,2,2.81
CTN_043,WS10M,2016,3,2.58
CTN_043,WS10M,2016,4,2.83
CTN_043,WS10M,2016,5,2.87
CTN_043,WS10M,2016,6,2.62
CTN_043,WS10M,2016,7,2.28
CTN_043,WS10M,2016,8,2.81
CTN_043,WS10M,2016,9,2.46
CTN_043,WS10M,2016,10,2.46
CTN_043,WS10M,2016,11,2.38
CTN_043,WS10M,2016,12,2.34
CTN_043,WS10M,2017,1,2.78
CTN_043,WS10M,2017,2,2.77
CTN_043,WS10M,2017,3,2.94
CTN_043,WS10M,2017,4,2.98
CTN_043,WS10M,2017,5,2.84
CTN_043,WS10M,2017,6,2.91
CTN_043,WS10M,2017,7,2.39
CTN_043,WS10M,2017,8,2.69
CTN_043,WS10M,2017,9,2.67
CTN_043,WS10M,2017,10,2.36
CTN_043,WS10M,2017,11,2.33
CTN_043,WS10M,2017,12,2.21
CTN_043,WS10M,2018,1,2.8
CTN_043,WS10M,2018,2,2.68
CTN_043,WS10M,2018,3,2.86
CTN_043,WS10M,2018,4,3.02
CTN_043,WS10M,2018,5,3.18
CTN_043,WS10M,2018,6,2.91
CTN_043,WS10M,2018,7,2.54
CTN_043,WS10M,2018,8,2.29
CTN_043,WS10M,2018,9,2.49
CTN_043,WS10M,2018,10,2.47
CTN_043,WS10M,2018,11,2.09
CTN_043,WS10M,2018,12,1.92
CTN_043,WS10M,2019,1,2.52
CTN_043,WS10M,2019,2,2.57
CTN_043,WS10M,2019,3,2.9
CTN_043,WS10M,2019,4,2.94
CTN_043,WS10M,2019,5,2.98
CTN_043,WS10M,2019,6,2.57
CTN_043,WS10M,2019,7,2.32
CTN_043,WS10M,2019,8,2.61
CTN_043,WS10M,2019,9,2.9
CTN_043,WS10M,2019,10,2.58
CTN_043,WS10M,2019,11,2.31
CTN_043,WS10M,2019,12,2.04
CTN_043,WS10M,2020,1,2.54
CTN_043,WS10M,2020,2,2.66
CTN_043,WS10M,2020,3,3.06
CTN_043,WS10M,2020,4,2.98
CTN_043,WS10M,2020,5,2.99
CTN_043,WS10M,2020,6,3.01
CTN_043,WS10M,2020,7,2.55
CTN_043,WS10M,2020,8,2.87
CTN_043,WS10M,2020,9,2.61
CTN_043,WS10M,2020,10,2.55
CTN_043,WS10M,2020,11,2.67
CTN_043,WS10M,2020,12,2.4
CTN_043,WS10M,2021,1,2.43
CTN_043,WS10M,2021,2,2.91
CTN_043,WS10M,2021,3,2.83
CTN_043,WS10M,2021,4,3.23
CTN_043,WS10M,2021,5,2.98
CTN_043,WS10M,2021,6,2.87
CTN_043,WS10M,2021,7,2.51
CTN_043,WS10M,2021,8,2.82
CTN_043,WS10M,2021,9,2.33
CTN_043,WS10M,2021,10,2.57
CTN_043,WS10M,2021,11,2.03
CTN_043,WS10M,2021,12,2.17
CTN_043,WS10M,2022,1,2.55
CTN_043,WS10M,2022,2,2.79
CTN_043,WS10M,2022,3,2.93
CTN_043,WS10M,2022,4,3.13
CTN_043,WS10M,2022,5,3.17
CTN_043,WS10M,2022,6,3.05
CTN_043,WS10M,2022,7,2.55
CTN_043,WS10M,2022,8,2.25
CTN_043,WS10M,2022,9,3.13
CTN_043,WS10M,2022,10,2.46
CTN_043,WS10M,2022,11,2.13
CTN_043,WS10M,2022,12,2.17
CTN_043,WS10M,2023,1,2.51
CTN_043,WS10M,2023,2,2.93
CTN_043,WS10M,2023,3,2.99
CTN_043,WS10M,2023,4,3.03
CTN_043,WS10M,2023,5,2.78
CTN_043,WS10M,2023,6,3.25
CTN_043,WS10M,2023,7,2.59
CTN_043,WS10M,2023,8,2.64
CTN_043,WS10M,2023,9,2.5
CTN_043,WS10M,2023,10,2.58
CTN_043,WS10M,2023,11,2.17
CTN_043,WS10M,2023,12,2.23
CTN_043,WS10M,2024,1,2.37
CTN_043,WS10M,2024,2,3.24
CTN_043,WS10M,2024,3,3.01
CTN_043,WS10M,2024,4,3.06
CTN_043,WS10M,2024,5,3.08
CTN_043,WS10M,2024,6,3.39
CTN_043,WS10M,2024,7,2.31
CTN_043,WS10M,2024,8,2.43
CTN_043,WS10M,2024,9,2.85
CTN_043,WS10M,2024,10,2.39
CTN_043,WS10M,2024,11,2.37
CTN_043,WS10M,2024,12,2.23
CTN_044,ALLSKY_SFC_SW_DWN,2015,1,5.238
CTN_044,ALLSKY_SFC_SW_DWN,2015,2,5.8898
CTN_044,ALLSKY_SFC_SW_DWN,2015,3,6.4757
CTN_044,ALLSKY_SFC_SW_DWN,2015,4,6.9578
CTN_044,ALLSKY_SFC_SW_DWN,2015,5,6.263
CTN_044,ALLSKY_SFC_SW_DWN,2015,6,5.8982
CTN_044,ALLSKY_SFC_SW_DWN,2015,7,6.2335
CTN_044,ALLSKY_SFC_SW_DWN,2015,8,6.4318
CTN_044,ALLSKY_SFC_SW_DWN,2015,9,5.4216
CTN_044,ALLSKY_SFC_SW_DWN,2015,10,5.1761
CTN_044,ALLSKY_SFC_SW_DWN,2015,11,5.2102
CTN_044,ALLSKY_SFC_SW_DWN,2015,12,4.8132
CTN_044,ALLSKY_SFC_SW_DWN,2016,1,4.4945
CTN_044,ALLSKY_SFC_SW_DWN,2016,2,6.0811
CTN_044,ALLSKY_SFC_SW_DWN,2016,3,6.4111
CTN_044,ALLSKY_SFC_SW_DWN,2016,4,6.8714
CTN_044,ALLSKY_SFC_SW_DWN,2016,5,6.6991
CTN_044,ALLSKY_SFC_SW_DWN,2016,6,6.2585
CTN_044,ALLSKY_SFC_SW_DWN,2016,7,6.3718
CTN_044,ALLSKY_SFC_SW_DWN,2016,8,6.2777
CTN_044,ALLSKY_SFC_SW_DWN,2016,9,5.707
CTN_044,ALLSKY_SFC_SW_DWN,2016,10,5.8476
CTN_044,ALLSKY_SFC_SW_DWN,2016,11,5.2274
CTN_044,ALLSKY_SFC_SW_DWN,2016,12,5.2325
CTN_044,ALLSKY_SFC_SW_DWN,2017,1,5.5152
CTN_044,ALLSKY_SFC_SW_DWN,2017,2,6.317
CTN_044,ALLSKY_SFC_SW_DWN,2017,3,6.8834
CTN_044,ALLSKY_SFC_SW_DWN,2017,4,7.001
CTN_044,ALLSKY_SFC_SW_DWN,2017,5,6.3115
CTN_044,ALLSKY_SFC_SW_DWN,2017,6,5.9832
CTN_044,ALLSKY_SFC_SW_DWN,2017,7,6.4001
CTN_044,ALLSKY_SFC_SW_DWN,2017,8,6.1066
CTN_044,ALLSKY_SFC_SW_DWN,2017,9,5.1718
CTN_044,ALLSKY_SFC_SW_DWN,2017,10,5.4766
CTN_044,ALLSKY_SFC_SW_DWN,2017,11,5.453
CTN_044,ALLSKY_SFC_SW_DWN,2017,12,5.2234
CTN_044,ALLSKY_SFC_SW_DWN,2018,1,5.1084
CTN_044,ALLSKY_SFC_SW_DWN,2018,2,6.1337
CTN_044,ALLSKY_SFC_SW_DWN,2018,3,6.8784
CTN_044,ALLSKY_SFC_SW_DWN,2018,4,6.9869
CTN_044,ALLSKY_SFC_SW_DWN,2018,5,6.7063
CTN_044,ALLSKY_SFC_SW_DWN,2018,6,5.4118
CTN_044,ALLSKY_SFC_SW_DWN,2018,7,6.8978
CTN_044,ALLSKY_SFC_SW_DWN,2018,8,6.1282
CTN_044,ALLSKY_SFC_SW_DWN,2018,9,6.1418
CTN_044,ALLSKY_SFC_SW_DWN,2018,10,5.2781
CTN_044,ALLSKY_SFC_SW_DWN,2018,11,5.0268
CTN_044,ALLSKY_SFC_SW_DWN,2018,12,5.1178
CTN_044,ALLSKY_SFC_SW_DWN,2019,1,5.2826
CTN_044,ALLSKY_SFC_SW_DWN,2019,2,6.3014
CTN_044,ALLSKY_SFC_SW_DWN,2019,3,6.9667
CTN_044,ALLSKY_SFC_SW_DWN,2019,4,7.1304
CTN_044,ALLSKY_SFC_SW_DWN,2019,5,6.4519
CTN_044,ALLSKY_SFC_SW_DWN,2019,6,6.1709
CTN_044,ALLSKY_SFC_SW_DWN,2019,7,6.6185
CTN_044,ALLSKY_SFC_SW_DWN,2019,8,6.3612
CTN_044,ALLSKY_SFC_SW_DWN,2019,9,5.5584
CTN_044,ALLSKY_SFC_SW_DWN,2019,10,5.1286
CTN_044,ALLSKY_SFC_SW_DWN,2019,11,5.1588
CTN_044,ALLSKY_SFC_SW_DWN,2019,12,4.9884
CTN_044,ALLSKY_SFC_SW_DWN,2020,1,5.471
CTN_044,ALLSKY_SFC_SW_DWN,2020,2,6.1546
CTN_044,ALLSKY_SFC_SW_DWN,2020,3,6.9725
CTN_044,ALLSKY_SFC_SW_DWN,2020,4,7.0262
CTN_044,ALLSKY_SFC_SW_DWN,2020,5,6.7234
CTN_044,ALLSKY_SFC_SW_DWN,2020,6,6.2755
CTN_044,ALLSKY_SFC_SW_DWN,2020,7,6.2702
CTN_044,ALLSKY_SFC_SW_DWN,2020,8,5.7384
CTN_044,ALLSKY_SFC_SW_DWN,2020,9,5.8392
CTN_044,ALLSKY_SFC_SW_DWN,2020,10,5.5457
CTN_044,ALLSKY_SFC_SW_DWN,2020,11,5.5646
CTN_044,ALLSKY_SFC_SW_DWN,2020,12,4.955
CTN_044,ALLSKY_SFC_SW_DWN,2021,1,5.1893
CTN_044,ALLSKY_SFC_SW_DWN,2021,2,6.3679
CTN_044,ALLSKY_SFC_SW_DWN,2021,3,6.972
CTN_044,ALLSKY_SFC_SW_DWN,2021,4,7.1278
CTN_044,ALLSKY_SFC_SW_DWN,2021,5,6.971
CTN_044,ALLSKY_SFC_SW_DWN,2021,6,4.9608
CTN_044,ALLSKY_SFC_SW_DWN,2021,7,6.3437
CTN_044,ALLSKY_SFC_SW_DWN,2021,8,5.5769
CTN_044,ALLSKY_SFC_SW_DWN,2021,9,5.8548
CTN_044,ALLSKY_SFC_SW_DWN,2021,10,5.304
CTN_044,ALLSKY_SFC_SW_DWN,2021,11,5.4926
CTN_044,ALLSKY_SFC_SW_DWN,2021,12,5.1828
CTN_044,ALLSKY_SFC_SW_DWN,2022,1,5.3818
CTN_044,ALLSKY_SFC_SW_DWN,2022,2,6.1368
CTN_044,ALLSKY_SFC_SW_DWN,2022,3,7.0589
CTN_044,ALLSKY_SFC_SW_DWN,2022,4,7.1508
CTN_044,ALLSKY_SFC_SW_DWN,2022,5,6.4692
CTN_044,ALLSKY_SFC_SW_DWN,2022,6,5.8308
CTN_044,ALLSKY_SFC_SW_DWN,2022,7,6.4181
CTN_044,ALLSKY_SFC_SW_DWN,2022,8,6.3528
CTN_044,ALLSKY_SFC_SW_DWN,2022,9,5.1084
CTN_044,ALLSKY_SFC_SW_DWN,2022,10,5.2157
CTN_044,ALLSKY_SFC_SW_DWN,2022,11,5.2572
CTN_044,ALLSKY_SFC_SW_DWN,2022,12,5.0726
CTN_044,ALLSKY_SFC_SW_DWN,2023,1,5.4566
CTN_044,ALLSKY_SFC_SW_DWN,2023,2,6.1829
CTN_044,ALLSKY_SFC_SW_DWN,2023,3,6.8719
CTN_044,ALLSKY_SFC_SW_DWN,2023,4,7.0939
CTN_044,ALLSKY_SFC_SW_DWN,2023,5,6.6902
CTN_044,ALLSKY_SFC_SW_DWN,2023,6,6.4766
CTN_044,ALLSKY_SFC_SW_DWN,2023,7,6.3691
CTN_044,ALLSKY_SFC_SW_DWN,2023,8,6.0516
CTN_044,ALLSKY_SFC_SW_DWN,2023,9,6.3019
CTN_044,ALLSKY_SFC_SW_DWN,2023,10,4.6267
CTN_044,ALLSKY_SFC_SW_DWN,2023,11,5.1912
CTN_044,ALLSKY_SFC_SW_DWN,2023,12,4.7359
CTN_044,ALLSKY_SFC_SW_DWN,2024,1,5.304
CTN_044,ALLSKY_SFC_SW_DWN,2024,2,6.0283
CTN_044,ALLSKY_SFC_SW_DWN,2024,3,6.9569
CTN_044,ALLSKY_SFC_SW_DWN,2024,4,7.0874
CTN_044,ALLSKY_SFC_SW_DWN,2024,5,6.7692
CTN_044,ALLSKY_SFC_SW_DWN,2024,6,5.8834
CTN_044,ALLSKY_SFC_SW_DWN,2024,7,6.354
CTN_044,ALLSKY_SFC_SW_DWN,2024,8,6.2318
CTN_044,ALLSKY_SFC_SW_DWN,2024,9,4.8113
CTN_044,ALLSKY_SFC_SW_DWN,2024,10,5.4012
CTN_044,ALLSKY_SFC_SW_DWN,2024,11,5.267
CTN_044,ALLSKY_SFC_SW_DWN,2024,12,4.9001
CTN_044,PRECTOTCORR,2015,1,0.01
CTN_044,PRECTOTCORR,2015,2,0.09
CTN_044,PRECTOTCORR,2015,3,0.5
CTN_044,PRECTOTCORR,2015,4,0.03
CTN_044,PRECTOTCORR,2015,5,2.74
CTN_044,PRECTOTCORR,2015,6,5.23
CTN_044,PRECTOTCORR,2015,7,4.26
CTN_044,PRECTOTCORR,2015,8,5.89
CTN_044,PRECTOTCORR,2015,9,11.46
CTN_044,PRECTOTCORR,2015,10,7.33
CTN_044,PRECTOTCORR,2015,11,1.76
CTN_044,PRECTOTCORR,2015,12,0.17
CTN_044,PRECTOTCORR,2016,1,0.3
CTN_044,PRECTOTCORR,2016,2,0.09
CTN_044,PRECTOTCORR,2016,3,1.71
CTN_044,PRECTOTCORR,2016,4,0.18
CTN_044,PRECTOTCORR,2016,5,1.79
CTN_044,PRECTOTCORR,2016,6,8.02
CTN_044,PRECTOTCORR,2016,7,8.55
CTN_044,PRECTOTCORR,2016,8,10.7
CTN_044,PRECTOTCORR,2016,9,15.76
CTN_044,PRECTOTCORR,2016,10,1.85
CTN_044,PRECTOTCORR,2016,11,2.05
CTN_044,PRECTOTCORR,2016,12,0.09
CTN_044,PRECTOTCORR,2017,1,0.01
CTN_044,PRECTOTCORR,2017,2,0.0
CTN_044,PRECTOTCORR,2017,3,0.03
CTN_044,PRECTOTCORR,2017,4,0.09
CTN_044,PRECTOTCORR,2017,5,5.43
CTN_044,PRECTOTCORR,2017,6,9.96
CTN_044,PRECTOTCORR,2017,7,5.96
CTN_044,PRECTOTCORR,2017,8,14.16
CTN_044,PRECTOTCORR,2017,9,22.37
CTN_044,PRECTOTCORR,2017,10,4.31
CTN_044,PRECTOTCORR,2017,11,0.36
CTN_044,PRECTOTCORR,2017,12,0.02
CTN_044,PRECTOTCORR,2018,1,0.09
CTN_044,PRECTOTCORR,2018,2,0.18
CTN_044,PRECTOTCORR,2018,3,0.01
CTN_044,PRECTOTCORR,2018,4,0.15
CTN_044,PRECTOTCORR,2018,5,1.17
CTN_044,PRECTOTCORR,2018,6,12.67
CTN_044,PRECTOTCORR,2018,7,5.52
CTN_044,PRECTOTCORR,2018,8,10.03
CTN_044,PRECTOTCORR,2018,9,8.05
CTN_044,PRECTOTCORR,2018,10,8.89
CTN_044,PRECTOTCORR,2018,11,2.64
CTN_044,PRECTOTCORR,2018,12,0.2
CTN_044,PRECTOTCORR,2019,1,0.03
CTN_044,PRECTOTCORR,2019,2,0.01
CTN_044,PRECTOTCORR,2019,3,0.0
CTN_044,PRECTOTCORR,2019,4,0.0
CTN_044,PRECTOTCORR,2019,5,0.72
CTN_044,PRECTOTCORR,2019,6,5.74
CTN_044,PRECTOTCORR,2019,7,4.91
CTN_044,PRECTOTCORR,2019,8,9.02
CTN_044,PRECTOTCORR,2019,9,12.71
CTN_044,PRECTOTCORR,2019,10,7.08
CTN_044,PRECTOTCORR,2019,11,2.45
CTN_044,PRECTOTCORR,2019,12,0.03
CTN_044,PRECTOTCORR,2020,1,0.12
CTN_044,PRECTOTCORR,2020,2,0.09
CTN_044,PRECTOTCORR,2020,3,0.03
CTN_044,PRECTOTCORR,2020,4,0.13
CTN_044,PRECTOTCORR,2020,5,0.19
CTN_044,PRECTOTCORR,2020,6,7.22
CTN_044,PRECTOTCORR,2020,7,5.56
CTN_044,PRECTOTCORR,2020,8,16.68
CTN_044,PRECTOTCORR,2020,9,10.49
CTN_044,PRECTOTCORR,2020,10,2.87
CTN_044,PRECTOTCORR,2020,11,0.24
CTN_044,PRECTOTCORR,2020,12,0.11
CTN_044,PRECTOTCORR,2021,1,0.05
CTN_044,PRECTOTCORR,2021,2,0.19
CTN_044,PRECTOTCORR,2021,3,0.49
CTN_044,PRECTOTCORR,2021,4,0.09
CTN_044,PRECTOTCORR,2021,5,1.45
CTN_044,PRECTOTCORR,2021,6,15.75
CTN_044,PRECTOTCORR,2021,7,7.33
CTN_044,PRECTOTCORR,2021,8,14.25
CTN_044,PRECTOTCORR,2021,9,10.82
CTN_044,PRECTOTCORR,2021,10,8.11
CTN_044,PRECTOTCORR,2021,11,0.17
CTN_044,PRECTOTCORR,2021,12,0.01
CTN_044,PRECTOTCORR,2022,1,0.21
CTN_044,PRECTOTCORR,2022,2,0.02
CTN_044,PRECTOTCORR,2022,3,0.0
CTN_044,PRECTOTCORR,2022,4,0.24
CTN_044,PRECTOTCORR,2022,5,2.93
CTN_044,PRECTOTCORR,2022,6,14.55
CTN_044,PRECTOTCORR,2022,7,8.4
CTN_044,PRECTOTCORR,2022,8,6.64
CTN_044,PRECTOTCORR,2022,9,14.51
CTN_044,PRECTOTCORR,2022,10,5.11
CTN_044,PRECTOTCORR,2022,11,0.2
CTN_044,PRECTOTCORR,2022,12,0.09
CTN_044,PRECTOTCORR,2023,1,0.0
CTN_044,PRECTOTCORR,2023,2,0.0
CTN_044,PRECTOTCORR,2023,3,0.01
CTN_044,PRECTOTCORR,2023,4,2.42
CTN_044,PRECTOTCORR,2023,5,3.22
CTN_044,PRECTOTCORR,2023,6,2.38
CTN_044,PRECTOTCORR,2023,7,4.59
CTN_044,PRECTOTCORR,2023,8,6.45
CTN_044,PRECTOTCORR,2023,9,4.81
CTN_044,PRECTOTCORR,2023,10,14.27
CTN_044,PRECTOTCORR,2023,11,1.47
CTN_044,PRECTOTCORR,2023,12,0.32
CTN_044,PRECTOTCORR,2024,1,0.15
CTN_044,PRECTOTCORR,2024,2,0.2
CTN_044,PRECTOTCORR,2024,3,0.01
CTN_044,PRECTOTCORR,2024,4,0.03
CTN_044,PRECTOTCORR,2024,5,0.17
CTN_044,PRECTOTCORR,2024,6,2.17
CTN_044,PRECTOTCORR,2024,7,4.28
CTN_044,PRECTOTCORR,2024,8,6.07
CTN_044,PRECTOTCORR,2024,9,15.83
CTN_044,PRECTOTCORR,2024,10,3.39
CTN_044,PRECTOTCORR,2024,11,0.42
CTN_044,PRECTOTCORR,2024,12,0.03
CTN_044,T2M,2015,1,25.15
CTN_044,T2M,2015,2,25.09
CTN_044,T2M,2015,3,25.98
CTN_044,T2M,2015,4,27.14
CTN_044,T2M,2015,5,27.48
CTN_044,T2M,2015,6,26.64
CTN_044,T2M,2015,7,26.73
CTN_044,T2M,2015,8,26.87
CTN_044,T2M,2015,9,25.77
CTN_044,T2M,2015,10,26.12
CTN_044,T2M,2015,11,26.1
CTN_044,T2M,2015,12,25.53
CTN_044,T2M,2016,1,25.06
CTN_044,T2M,2016,2,25.77
CTN_044,T2M,2016,3,25.03
CTN_044,T2M,2016,4,26.88
CTN_044,T2M,2016,5,27.61
CTN_044,T2M,2016,6,26.45
CTN_044,T2M,2016,7,26.32
CTN_044,T2M,2016,8,26.17
CTN_044,T2M,2016,9,25.62
CTN_044,T2M,2016,10,26.18
CTN_044,T2M,2016,11,25.53
CTN_044,T2M,2016,12,25.88
CTN_044,T2M,2017,1,24.89
CTN_044,T2M,2017,2,25.06
CTN_044,T2M,2017,3,26.16
CTN_044,T2M,2017,4,25.98
CTN_044,T2M,2017,5,26.55
CTN_044,T2M,2017,6,25.65
CTN_044,T2M,2017,7,26.12
CTN_044,T2M,2017,8,25.58
CTN_044,T2M,2017,9,25.09
CTN_044,T2M,2017,10,25.76
CTN_044,T2M,2017,11,25.24
CTN_044,T2M,2017,12,24.92
CTN_044,T2M,2018,1,25.06
CTN_044,T2M,2018,2,25.79
CTN_044,T2M,2018,3,25.99
CTN_044,T2M,2018,4,26.71
CTN_044,T2M,2018,5,27.56
CTN_044,T2M,2018,6,25.52
CTN_044,T2M,2018,7,26.7
CTN_044,T2M,2018,8,25.82
CTN_044,T2M,2018,9,25.59
CTN_044,T2M,2018,10,25.29
CTN_044,T2M,2018,11,24.74
CTN_044,T2M,2018,12,24.36
CTN_044,T2M,2019,1,24.66
CTN_044,T2M,2019,2,25.02
CTN_044,T2M,2019,3,25.95
CTN_044,T2M,2019,4,25.79
CTN_044,T2M,2019,5,26.28
CTN_044,T2M,2019,6,26.81
CTN_044,T2M,2019,7,26.77
CTN_044,T2M,2019,8,26.57
CTN_044,T2M,2019,9,25.95
CTN_044,T2M,2019,10,25.23
CTN_044,T2M,2019,11,25.65
CTN_044,T2M,2019,12,24.9
CTN_044,T2M,2020,1,25.41
CTN_044,T2M,2020,2,25.68
CTN_044,T2M,2020,3,26.43
CTN_044,T2M,2020,4,26.91
CTN_044,T2M,2020,5,27.46
CTN_044,T2M,2020,6,26.67
CTN_044,T2M,2020,7,26.27
CTN_044,T2M,2020,8,25.78
CTN_044,T2M,2020,9,25.29
CTN_044,T2M,2020,10,25.58
CTN_044,T2M,2020,11,25.57
CTN_044,T2M,2020,12,25.03
CTN_044,T2M,2021,1,25.43
CTN_044,T2M,2021,2,24.4
CTN_044,T2M,2021,3,25.5
CTN_044,T2M,2021,4,26.38
CTN_044,T2M,2021,5,27.34
CTN_044,T2M,2021,6,25.5
CTN_044,T2M,2021,7,26.0
CTN_044,T2M,2021,8,25.4
CTN_044,T2M,2021,9,25.36
CTN_044,T2M,2021,10,25.85
CTN_044,T2M,2021,11,24.93
CTN_044,T2M,2021,12,25.43
CTN_044,T2M,2022,1,25.18
CTN_044,T2M,2022,2,25.68
CTN_044,T2M,2022,3,25.44
CTN_044,T2M,2022,4,26.48
CTN_044,T2M,2022,5,26.96
CTN_044,T2M,2022,6,25.28
CTN_044,T2M,2022,7,26.11
CTN_044,T2M,2022,8,25.72
CTN_044,T2M,2022,9,25.29
CTN_044,T2M,2022,10,25.4
CTN_044,T2M,2022,11,25.2
CTN_044,T2M,2022,12,24.69
CTN_044,T2M,2023,1,25.18
CTN_044,T2M,2023,2,25.75
CTN_044,T2M,2023,3,25.89
CTN_044,T2M,2023,4,26.68
CTN_044,T2M,2023,5,27.71
CTN_044,T2M,2023,6,28.15
CTN_044,T2M,2023,7,27.58
CTN_044,T2M,2023,8,26.89
CTN_044,T2M,2023,9,26.91
CTN_044,T2M,2023,10,25.89
CTN_044,T2M,2023,11,26.12
CTN_044,T2M,2023,12,25.34
CTN_044,T2M,2024,1,25.56
CTN_044,T2M,2024,2,25.56
CTN_044,T2M,2024,3,25.69
CTN_044,T2M,2024,4,26.76
CTN_044,T2M,2024,5,28.05
CTN_044,T2M,2024,6,27.0
CTN_044,T2M,2024,7,27.38
CTN_044,T2M,2024,8,26.69
CTN_044,T2M,2024,9,26.16
CTN_044,T2M,2024,10,25.94
CTN_044,T2M,2024,11,25.71
CTN_044,T2M,2024,12,25.27
CTN_044,T2M_MAX,2015,1,32.26
CTN_044,T2M_MAX,2015,2,33.25
CTN_044,T2M_MAX,2015,3,34.42
CTN_044,T2M_MAX,2015,4,34.76
CTN_044,T2M_MAX,2015,5,35.01
CTN_044,T2M_MAX,2015,6,33.44
CTN_044,T2M_MAX,2015,7,31.86
CTN_044,T2M_MAX,2015,8,32.98
CTN_044,T2M_MAX,2015,9,30.68
CTN_044,T2M_MAX,2015,10,31.38
CTN_044,T2M_MAX,2015,11,30.99
CTN_044,T2M_MAX,2015,12,31.65
CTN_044,T2M_MAX,2016,1,32.26
CTN_044,T2M_MAX,2016,2,34.47
CTN_044,T2M_MAX,2016,3,33.43
CTN_044,T2M_MAX,2016,4,34.06
CTN_044,T2M_MAX,2016,5,34.98
CTN_044,T2M_MAX,2016,6,33.91
CTN_044,T2M_MAX,2016,7,31.84
CTN_044,T2M_MAX,2016,8,31.58
CTN_044,T2M_MAX,2016,9,29.87
CTN_044,T2M_MAX,2016,10,30.83
CTN_044,T2M_MAX,2016,11,31.33
CTN_044,T2M_MAX,2016,12,33.39
CTN_044,T2M_MAX,2017,1,31.98
CTN_044,T2M_MAX,2017,2,33.18
CTN_044,T2M_MAX,2017,3,33.57
CTN_044,T2M_MAX,2017,4,34.13
CTN_044,T2M_MAX,2017,5,34.34
CTN_044,T2M_MAX,2017,6,30.8
CTN_044,T2M_MAX,2017,7,31.22
CTN_044,T2M_MAX,2017,8,31.04
CTN_044,T2M_MAX,2017,9,29.63
CTN_044,T2M_MAX,2017,10,31.35
CTN_044,T2M_MAX,2017,11,31.25
CTN_044,T2M_MAX,2017,12,31.53
CTN_044,T2M_MAX,2018,1,32.27
CTN_044,T2M_MAX,2018,2,33.02
CTN_044,T2M_MAX,2018,3,33.51
CTN_044,T2M_MAX,2018,4,34.76
CTN_044,T2M_MAX,2018,5,34.23
CTN_044,T2M_MAX,2018,6,33.92
CTN_044,T2M_MAX,2018,7,31.71
CTN_044,T2M_MAX,2018,8,31.09
CTN_044,T2M_MAX,2018,9,30.2
CTN_044,T2M_MAX,2018,10,29.32
CTN_044,T2M_MAX,2018,11,30.2
CTN_044,T2M_MAX,2018,12,30.0
CTN_044,T2M_MAX,2019,1,31.73
CTN_044,T2M_MAX,2019,2,33.52
CTN_044,T2M_MAX,2019,3,34.55
CTN_044,T2M_MAX,2019,4,33.53
CTN_044,T2M_MAX,2019,5,33.94
CTN_044,T2M_MAX,2019,6,33.62
CTN_044,T2M_MAX,2019,7,33.0
CTN_044,T2M_MAX,2019,8,31.5
CTN_044,T2M_MAX,2019,9,30.98
CTN_044,T2M_MAX,2019,10,30.01
CTN_044,T2M_MAX,2019,11,31.28
CTN_044,T2M_MAX,2019,12,30.4
CTN_044,T2M_MAX,2020,1,32.79
CTN_044,T2M_MAX,2020,2,33.83
CTN_044,T2M_MAX,2020,3,33.71
CTN_044,T2M_MAX,2020,4,34.97
CTN_044,T2M_MAX,2020,5,35.01
CTN_044,T2M_MAX,2020,6,34.68
CTN_044,T2M_MAX,2020,7,31.57
CTN_044,T2M_MAX,2020,8,31.87
CTN_044,T2M_MAX,2020,9,29.75
CTN_044,T2M_MAX,2020,10,30.85
CTN_044,T2M_MAX,2020,11,32.08
CTN_044,T2M_MAX,2020,12,31.64
CTN_044,T2M_MAX,2021,1,32.91
CTN_044,T2M_MAX,2021,2,32.73
CTN_044,T2M_MAX,2021,3,33.1
CTN_044,T2M_MAX,2021,4,34.64
CTN_044,T2M_MAX,2021,5,34.45
CTN_044,T2M_MAX,2021,6,31.77
CTN_044,T2M_MAX,2021,7,30.88
CTN_044,T2M_MAX,2021,8,31.25
CTN_044,T2M_MAX,2021,9,30.56
CTN_044,T2M_MAX,2021,10,30.13
CTN_044,T2M_MAX,2021,11,30.41
CTN_044,T2M_MAX,2021,12,31.55
CTN_044,T2M_MAX,2022,1,32.03
CTN_044,T2M_MAX,2022,2,33.22
CTN_044,T2M_MAX,2022,3,34.06
CTN_044,T2M_MAX,2022,4,35.04
CTN_044,T2M_MAX,2022,5,35.63
CTN_044,T2M_MAX,2022,6,30.92
CTN_044,T2M_MAX,2022,7,30.74
CTN_044,T2M_MAX,2022,8,31.37
CTN_044,T2M_MAX,2022,9,29.95
CTN_044,T2M_MAX,2022,10,30.24
CTN_044,T2M_MAX,2022,11,29.93
CTN_044,T2M_MAX,2022,12,30.74
CTN_044,T2M_MAX,2023,1,32.4
CTN_044,T2M_MAX,2023,2,32.8
CTN_044,T2M_MAX,2023,3,34.35
CTN_044,T2M_MAX,2023,4,34.22
CTN_044,T2M_MAX,2023,5,35.4
CTN_044,T2M_MAX,2023,6,36.22
CTN_044,T2M_MAX,2023,7,33.91
CTN_044,T2M_MAX,2023,8,32.24
CTN_044,T2M_MAX,2023,9,32.18
CTN_044,T2M_MAX,2023,10,30.41
CTN_044,T2M_MAX,2023,11,31.19
CTN_044,T2M_MAX,2023,12,31.31
CTN_044,T2M_MAX,2024,1,33.23
CTN_044,T2M_MAX,2024,2,33.09
CTN_044,T2M_MAX,2024,3,34.73
CTN_044,T2M_MAX,2024,4,34.92
CTN_044,T2M_MAX,2024,5,36.94
CTN_044,T2M_MAX,2024,6,35.42
CTN_044,T2M_MAX,2024,7,34.0
CTN_044,T2M_MAX,2024,8,31.62
CTN_044,T2M_MAX,2024,9,30.58
CTN_044,T2M_MAX,2024,10,30.76
CTN_044,T2M_MAX,2024,11,30.49
CTN_044,T2M_MAX,2024,12,32.23
CTN_044,WS10M,2015,1,2.66
CTN_044,WS10M,2015,2,2.7
CTN_044,WS10M,2015,3,2.86
CTN_044,WS10M,2015,4,3.04
CTN_044,WS10M,2015,5,2.65
CTN_044,WS10M,2015,6,2.81
CTN_044,WS10M,2015,7,2.56
CTN_044,WS10M,2015,8,2.35
CTN_044,WS10M,2015,9,2.63
CTN_044,WS10M,2015,10,2.42
CTN_044,WS10M,2015,11,2.1
CTN_044,WS10M,2015,12,2.29
CTN_044,WS10M,2016,1,2.28
CTN_044,WS10M,2016,2,2.81
CTN_044,WS10M,2016,3,2.58
CTN_044,WS10M,2016,4,2.83
CTN_044,WS10M,2016,5,2.87
CTN_044,WS10M,2016,6,2.62
CTN_044,WS10M,2016,7,2.28
CTN_044,WS10M,2016,8,2.81
CTN_044,WS10M,2016,9,2.46
CTN_044,WS10M,2016,10,2.46
CTN_044,WS10M,2016,11,2.38
CTN_044,WS10M,2016,12,2.34
CTN_044,WS10M,2017,1,2.78
CTN_044,WS10M,2017,2,2.77
CTN_044,WS10M,2017,3,2.94
CTN_044,WS10M,2017,4,2.98
CTN_044,WS10M,2017,5,2.84
CTN_044,WS10M,2017,6,2.91
CTN_044,WS10M,2017,7,2.39
CTN_044,WS10M,2017,8,2.69
CTN_044,WS10M,2017,9,2.67
CTN_044,WS10M,2017,10,2.36
CTN_044,WS10M,2017,11,2.33
CTN_044,WS10M,2017,12,2.21
CTN_044,WS10M,2018,1,2.8
CTN_044,WS10M,2018,2,2.68
CTN_044,WS10M,2018,3,2.86
CTN_044,WS10M,2018,4,3.02
CTN_044,WS10M,2018,5,3.18
CTN_044,WS10M,2018,6,2.91
CTN_044,WS10M,2018,7,2.54
CTN_044,WS10M,2018,8,2.29
CTN_044,WS10M,2018,9,2.49
CTN_044,WS10M,2018,10,2.47
CTN_044,WS10M,2018,11,2.09
CTN_044,WS10M,2018,12,1.92
CTN_044,WS10M,2019,1,2.52
CTN_044,WS10M,2019,2,2.57
CTN_044,WS10M,2019,3,2.9
CTN_044,WS10M,2019,4,2.94
CTN_044,WS10M,2019,5,2.98
CTN_044,WS10M,2019,6,2.57
CTN_044,WS10M,2019,7,2.32
CTN_044,WS10M,2019,8,2.61
CTN_044,WS10M,2019,9,2.9
CTN_044,WS10M,2019,10,2.58
CTN_044,WS10M,2019,11,2.31
CTN_044,WS10M,2019,12,2.04
CTN_044,WS10M,2020,1,2.54
CTN_044,WS10M,2020,2,2.66
CTN_044,WS10M,2020,3,3.06
CTN_044,WS10M,2020,4,2.98
CTN_044,WS10M,2020,5,2.99
CTN_044,WS10M,2020,6,3.01
CTN_044,WS10M,2020,7,2.55
CTN_044,WS10M,2020,8,2.87
CTN_044,WS10M,2020,9,2.61
CTN_044,WS10M,2020,10,2.55
CTN_044,WS10M,2020,11,2.67
CTN_044,WS10M,2020,12,2.4
CTN_044,WS10M,2021,1,2.43
CTN_044,WS10M,2021,2,2.91
CTN_044,WS10M,2021,3,2.83
CTN_044,WS10M,2021,4,3.23
CTN_044,WS10M,2021,5,2.98
CTN_044,WS10M,2021,6,2.87
CTN_044,WS10M,2021,7,2.51
CTN_044,WS10M,2021,8,2.82
CTN_044,WS10M,2021,9,2.33
CTN_044,WS10M,2021,10,2.57
CTN_044,WS10M,2021,11,2.03
CTN_044,WS10M,2021,12,2.17
CTN_044,WS10M,2022,1,2.55
CTN_044,WS10M,2022,2,2.79
CTN_044,WS10M,2022,3,2.93
CTN_044,WS10M,2022,4,3.13
CTN_044,WS10M,2022,5,3.17
CTN_044,WS10M,2022,6,3.05
CTN_044,WS10M,2022,7,2.55
CTN_044,WS10M,2022,8,2.25
CTN_044,WS10M,2022,9,3.13
CTN_044,WS10M,2022,10,2.46
CTN_044,WS10M,2022,11,2.13
CTN_044,WS10M,2022,12,2.17
CTN_044,WS10M,2023,1,2.51
CTN_044,WS10M,2023,2,2.93
CTN_044,WS10M,2023,3,2.99
CTN_044,WS10M,2023,4,3.03
CTN_044,WS10M,2023,5,2.78
CTN_044,WS10M,2023,6,3.25
CTN_044,WS10M,2023,7,2.59
CTN_044,WS10M,2023,8,2.64
CTN_044,WS10M,2023,9,2.5
CTN_044,WS10M,2023,10,2.58
CTN_044,WS10M,2023,11,2.17
CTN_044,WS10M,2023,12,2.23
CTN_044,WS10M,2024,1,2.37
CTN_044,WS10M,2024,2,3.24
CTN_044,WS10M,2024,3,3.01
CTN_044,WS10M,2024,4,3.06
CTN_044,WS10M,2024,5,3.08
CTN_044,WS10M,2024,6,3.39
CTN_044,WS10M,2024,7,2.31
CTN_044,WS10M,2024,8,2.43
CTN_044,WS10M,2024,9,2.85
CTN_044,WS10M,2024,10,2.39
CTN_044,WS10M,2024,11,2.37
CTN_044,WS10M,2024,12,2.23
CTN_045,ALLSKY_SFC_SW_DWN,2015,1,5.238
CTN_045,ALLSKY_SFC_SW_DWN,2015,2,5.8898
CTN_045,ALLSKY_SFC_SW_DWN,2015,3,6.4757
CTN_045,ALLSKY_SFC_SW_DWN,2015,4,6.9578
CTN_045,ALLSKY_SFC_SW_DWN,2015,5,6.263
CTN_045,ALLSKY_SFC_SW_DWN,2015,6,5.8982
CTN_045,ALLSKY_SFC_SW_DWN,2015,7,6.2335
CTN_045,ALLSKY_SFC_SW_DWN,2015,8,6.4318
CTN_045,ALLSKY_SFC_SW_DWN,2015,9,5.4216
CTN_045,ALLSKY_SFC_SW_DWN,2015,10,5.1761
CTN_045,ALLSKY_SFC_SW_DWN,2015,11,5.2102
CTN_045,ALLSKY_SFC_SW_DWN,2015,12,4.8132
CTN_045,ALLSKY_SFC_SW_DWN,2016,1,4.4945
CTN_045,ALLSKY_SFC_SW_DWN,2016,2,6.0811
CTN_045,ALLSKY_SFC_SW_DWN,2016,3,6.4111
CTN_045,ALLSKY_SFC_SW_DWN,2016,4,6.8714
CTN_045,ALLSKY_SFC_SW_DWN,2016,5,6.6991
CTN_045,ALLSKY_SFC_SW_DWN,2016,6,6.2585
CTN_045,ALLSKY_SFC_SW_DWN,2016,7,6.3718
CTN_045,ALLSKY_SFC_SW_DWN,2016,8,6.2777
CTN_045,ALLSKY_SFC_SW_DWN,2016,9,5.707
CTN_045,ALLSKY_SFC_SW_DWN,2016,10,5.8476
CTN_045,ALLSKY_SFC_SW_DWN,2016,11,5.2274
CTN_045,ALLSKY_SFC_SW_DWN,2016,12,5.2325
CTN_045,ALLSKY_SFC_SW_DWN,2017,1,5.5152
CTN_045,ALLSKY_SFC_SW_DWN,2017,2,6.317
CTN_045,ALLSKY_SFC_SW_DWN,2017,3,6.8834
CTN_045,ALLSKY_SFC_SW_DWN,2017,4,7.001
CTN_045,ALLSKY_SFC_SW_DWN,2017,5,6.3115
CTN_045,ALLSKY_SFC_SW_DWN,2017,6,5.9832
CTN_045,ALLSKY_SFC_SW_DWN,2017,7,6.4001
CTN_045,ALLSKY_SFC_SW_DWN,2017,8,6.1066
CTN_045,ALLSKY_SFC_SW_DWN,2017,9,5.1718
CTN_045,ALLSKY_SFC_SW_DWN,2017,10,5.4766
CTN_045,ALLSKY_SFC_SW_DWN,2017,11,5.453
CTN_045,ALLSKY_SFC_SW_DWN,2017,12,5.2234
CTN_045,ALLSKY_SFC_SW_DWN,2018,1,5.1084
CTN_045,ALLSKY_SFC_SW_DWN,2018,2,6.1337
CTN_045,ALLSKY_SFC_SW_DWN,2018,3,6.8784
CTN_045,ALLSKY_SFC_SW_DWN,2018,4,6.9869
CTN_045,ALLSKY_SFC_SW_DWN,2018,5,6.7063
CTN_045,ALLSKY_SFC_SW_DWN,2018,6,5.4118
CTN_045,ALLSKY_SFC_SW_DWN,2018,7,6.8978
CTN_045,ALLSKY_SFC_SW_DWN,2018,8,6.1282
CTN_045,ALLSKY_SFC_SW_DWN,2018,9,6.1418
CTN_045,ALLSKY_SFC_SW_DWN,2018,10,5.2781
CTN_045,ALLSKY_SFC_SW_DWN,2018,11,5.0268
CTN_045,ALLSKY_SFC_SW_DWN,2018,12,5.1178
CTN_045,ALLSKY_SFC_SW_DWN,2019,1,5.2826
CTN_045,ALLSKY_SFC_SW_DWN,2019,2,6.3014
CTN_045,ALLSKY_SFC_SW_DWN,2019,3,6.9667
CTN_045,ALLSKY_SFC_SW_DWN,2019,4,7.1304
CTN_045,ALLSKY_SFC_SW_DWN,2019,5,6.4519
CTN_045,ALLSKY_SFC_SW_DWN,2019,6,6.1709
CTN_045,ALLSKY_SFC_SW_DWN,2019,7,6.6185
CTN_045,ALLSKY_SFC_SW_DWN,2019,8,6.3612
CTN_045,ALLSKY_SFC_SW_DWN,2019,9,5.5584
CTN_045,ALLSKY_SFC_SW_DWN,2019,10,5.1286
CTN_045,ALLSKY_SFC_SW_DWN,2019,11,5.1588
CTN_045,ALLSKY_SFC_SW_DWN,2019,12,4.9884
CTN_045,ALLSKY_SFC_SW_DWN,2020,1,5.471
CTN_045,ALLSKY_SFC_SW_DWN,2020,2,6.1546
CTN_045,ALLSKY_SFC_SW_DWN,2020,3,6.9725
CTN_045,ALLSKY_SFC_SW_DWN,2020,4,7.0262
CTN_045,ALLSKY_SFC_SW_DWN,2020,5,6.7234
CTN_045,ALLSKY_SFC_SW_DWN,2020,6,6.2755
CTN_045,ALLSKY_SFC_SW_DWN,2020,7,6.2702
CTN_045,ALLSKY_SFC_SW_DWN,2020,8,5.7384
CTN_045,ALLSKY_SFC_SW_DWN,2020,9,5.8392
CTN_045,ALLSKY_SFC_SW_DWN,2020,10,5.5457
CTN_045,ALLSKY_SFC_SW_DWN,2020,11,5.5646
CTN_045,ALLSKY_SFC_SW_DWN,2020,12,4.955
CTN_045,ALLSKY_SFC_SW_DWN,2021,1,5.1893
CTN_045,ALLSKY_SFC_SW_DWN,2021,2,6.3679
CTN_045,ALLSKY_SFC_SW_DWN,2021,3,6.972
CTN_045,ALLSKY_SFC_SW_DWN,2021,4,7.1278
CTN_045,ALLSKY_SFC_SW_DWN,2021,5,6.971
CTN_045,ALLSKY_SFC_SW_DWN,2021,6,4.9608
CTN_045,ALLSKY_SFC_SW_DWN,2021,7,6.3437
CTN_045,ALLSKY_SFC_SW_DWN,2021,8,5.5769
CTN_045,ALLSKY_SFC_SW_DWN,2021,9,5.8548
CTN_045,ALLSKY_SFC_SW_DWN,2021,10,5.304
CTN_045,ALLSKY_SFC_SW_DWN,2021,11,5.4926
CTN_045,ALLSKY_SFC_SW_DWN,2021,12,5.1828
CTN_045,ALLSKY_SFC_SW_DWN,2022,1,5.3818
CTN_045,ALLSKY_SFC_SW_DWN,2022,2,6.1368
CTN_045,ALLSKY_SFC_SW_DWN,2022,3,7.0589
CTN_045,ALLSKY_SFC_SW_DWN,2022,4,7.1508
CTN_045,ALLSKY_SFC_SW_DWN,2022,5,6.4692
CTN_045,ALLSKY_SFC_SW_DWN,2022,6,5.8308
CTN_045,ALLSKY_SFC_SW_DWN,2022,7,6.4181
CTN_045,ALLSKY_SFC_SW_DWN,2022,8,6.3528
CTN_045,ALLSKY_SFC_SW_DWN,2022,9,5.1084
CTN_045,ALLSKY_SFC_SW_DWN,2022,10,5.2157
CTN_045,ALLSKY_SFC_SW_DWN,2022,11,5.2572
CTN_045,ALLSKY_SFC_SW_DWN,2022,12,5.0726
CTN_045,ALLSKY_SFC_SW_DWN,2023,1,5.4566
CTN_045,ALLSKY_SFC_SW_DWN,2023,2,6.1829
CTN_045,ALLSKY_SFC_SW_DWN,2023,3,6.8719
CTN_045,ALLSKY_SFC_SW_DWN,2023,4,7.0939
CTN_045,ALLSKY_SFC_SW_DWN,2023,5,6.6902
CTN_045,ALLSKY_SFC_SW_DWN,2023,6,6.4766
CTN_045,ALLSKY_SFC_SW_DWN,2023,7,6.3691
CTN_045,ALLSKY_SFC_SW_DWN,2023,8,6.0516
CTN_045,ALLSKY_SFC_SW_DWN,2023,9,6.3019
CTN_045,ALLSKY_SFC_SW_DWN,2023,10,4.6267
CTN_045,ALLSKY_SFC_SW_DWN,2023,11,5.1912
CTN_045,ALLSKY_SFC_SW_DWN,2023,12,4.7359
CTN_045,ALLSKY_SFC_SW_DWN,2024,1,5.304
CTN_045,ALLSKY_SFC_SW_DWN,2024,2,6.0283
CTN_045,ALLSKY_SFC_SW_DWN,2024,3,6.9569
CTN_045,ALLSKY_SFC_SW_DWN,2024,4,7.0874
CTN_045,ALLSKY_SFC_SW_DWN,2024,5,6.7692
CTN_045,ALLSKY_SFC_SW_DWN,2024,6,5.8834
CTN_045,ALLSKY_SFC_SW_DWN,2024,7,6.354
CTN_045,ALLSKY_SFC_SW_DWN,2024,8,6.2318
CTN_045,ALLSKY_SFC_SW_DWN,2024,9,4.8113
CTN_045,ALLSKY_SFC_SW_DWN,2024,10,5.4012
CTN_045,ALLSKY_SFC_SW_DWN,2024,11,5.267
CTN_045,ALLSKY_SFC_SW_DWN,2024,12,4.9001
CTN_045,PRECTOTCORR,2015,1,0.01
CTN_045,PRECTOTCORR,2015,2,0.09
CTN_045,PRECTOTCORR,2015,3,0.5
CTN_045,PRECTOTCORR,2015,4,0.03
CTN_045,PRECTOTCORR,2015,5,2.74
CTN_045,PRECTOTCORR,2015,6,5.23
CTN_045,PRECTOTCORR,2015,7,4.26
CTN_045,PRECTOTCORR,2015,8,5.89
CTN_045,PRECTOTCORR,2015,9,11.46
CTN_045,PRECTOTCORR,2015,10,7.33
CTN_045,PRECTOTCORR,2015,11,1.76
CTN_045,PRECTOTCORR,2015,12,0.17
CTN_045,PRECTOTCORR,2016,1,0.3
CTN_045,PRECTOTCORR,2016,2,0.09
CTN_045,PRECTOTCORR,2016,3,1.71
CTN_045,PRECTOTCORR,2016,4,0.18
CTN_045,PRECTOTCORR,2016,5,1.79
CTN_045,PRECTOTCORR,2016,6,8.02
CTN_045,PRECTOTCORR,2016,7,8.55
CTN_045,PRECTOTCORR,2016,8,10.7
CTN_045,PRECTOTCORR,2016,9,15.76
CTN_045,PRECTOTCORR,2016,10,1.85
CTN_045,PRECTOTCORR,2016,11,2.05
CTN_045,PRECTOTCORR,2016,12,0.09
CTN_045,PRECTOTCORR,2017,1,0.01
CTN_045,PRECTOTCORR,2017,2,0.0
CTN_045,PRECTOTCORR,2017,3,0.03
CTN_045,PRECTOTCORR,2017,4,0.09
CTN_045,PRECTOTCORR,2017,5,5.43
CTN_045,PRECTOTCORR,2017,6,9.96
CTN_045,PRECTOTCORR,2017,7,5.96
CTN_045,PRECTOTCORR,2017,8,14.16
CTN_045,PRECTOTCORR,2017,9,22.37
CTN_045,PRECTOTCORR,2017,10,4.31
CTN_045,PRECTOTCORR,2017,11,0.36
CTN_045,PRECTOTCORR,2017,12,0.02
CTN_045,PRECTOTCORR,2018,1,0.09
CTN_045,PRECTOTCORR,2018,2,0.18
CTN_045,PRECTOTCORR,2018,3,0.01
CTN_045,PRECTOTCORR,2018,4,0.15
CTN_045,PRECTOTCORR,2018,5,1.17
CTN_045,PRECTOTCORR,2018,6,12.67
CTN_045,PRECTOTCORR,2018,7,5.52
CTN_045,PRECTOTCORR,2018,8,10.03
CTN_045,PRECTOTCORR,2018,9,8.05
CTN_045,PRECTOTCORR,2018,10,8.89
CTN_045,PRECTOTCORR,2018,11,2.64
CTN_045,PRECTOTCORR,2018,12,0.2
CTN_045,PRECTOTCORR,2019,1,0.03
CTN_045,PRECTOTCORR,2019,2,0.01
CTN_045,PRECTOTCORR,2019,3,0.0
CTN_045,PRECTOTCORR,2019,4,0.0
CTN_045,PRECTOTCORR,2019,5,0.72
CTN_045,PRECTOTCORR,2019,6,5.74
CTN_045,PRECTOTCORR,2019,7,4.91
CTN_045,PRECTOTCORR,2019,8,9.02
CTN_045,PRECTOTCORR,2019,9,12.71
CTN_045,PRECTOTCORR,2019,10,7.08
CTN_045,PRECTOTCORR,2019,11,2.45
CTN_045,PRECTOTCORR,2019,12,0.03
CTN_045,PRECTOTCORR,2020,1,0.12
CTN_045,PRECTOTCORR,2020,2,0.09
CTN_045,PRECTOTCORR,2020,3,0.03
CTN_045,PRECTOTCORR,2020,4,0.13
CTN_045,PRECTOTCORR,2020,5,0.19
CTN_045,PRECTOTCORR,2020,6,7.22
CTN_045,PRECTOTCORR,2020,7,5.56
CTN_045,PRECTOTCORR,2020,8,16.68
CTN_045,PRECTOTCORR,2020,9,10.49
CTN_045,PRECTOTCORR,2020,10,2.87
CTN_045,PRECTOTCORR,2020,11,0.24
CTN_045,PRECTOTCORR,2020,12,0.11
CTN_045,PRECTOTCORR,2021,1,0.05
CTN_045,PRECTOTCORR,2021,2,0.19
CTN_045,PRECTOTCORR,2021,3,0.49
CTN_045,PRECTOTCORR,2021,4,0.09
CTN_045,PRECTOTCORR,2021,5,1.45
CTN_045,PRECTOTCORR,2021,6,15.75
CTN_045,PRECTOTCORR,2021,7,7.33
CTN_045,PRECTOTCORR,2021,8,14.25
CTN_045,PRECTOTCORR,2021,9,10.82
CTN_045,PRECTOTCORR,2021,10,8.11
CTN_045,PRECTOTCORR,2021,11,0.17
CTN_045,PRECTOTCORR,2021,12,0.01
CTN_045,PRECTOTCORR,2022,1,0.21
CTN_045,PRECTOTCORR,2022,2,0.02
CTN_045,PRECTOTCORR,2022,3,0.0
CTN_045,PRECTOTCORR,2022,4,0.24
CTN_045,PRECTOTCORR,2022,5,2.93
CTN_045,PRECTOTCORR,2022,6,14.55
CTN_045,PRECTOTCORR,2022,7,8.4
CTN_045,PRECTOTCORR,2022,8,6.64
CTN_045,PRECTOTCORR,2022,9,14.51
CTN_045,PRECTOTCORR,2022,10,5.11
CTN_045,PRECTOTCORR,2022,11,0.2
CTN_045,PRECTOTCORR,2022,12,0.09
CTN_045,PRECTOTCORR,2023,1,0.0
CTN_045,PRECTOTCORR,2023,2,0.0
CTN_045,PRECTOTCORR,2023,3,0.01
CTN_045,PRECTOTCORR,2023,4,2.42
CTN_045,PRECTOTCORR,2023,5,3.22
CTN_045,PRECTOTCORR,2023,6,2.38
CTN_045,PRECTOTCORR,2023,7,4.59
CTN_045,PRECTOTCORR,2023,8,6.45
CTN_045,PRECTOTCORR,2023,9,4.81
CTN_045,PRECTOTCORR,2023,10,14.27
CTN_045,PRECTOTCORR,2023,11,1.47
CTN_045,PRECTOTCORR,2023,12,0.32
CTN_045,PRECTOTCORR,2024,1,0.15
CTN_045,PRECTOTCORR,2024,2,0.2
CTN_045,PRECTOTCORR,2024,3,0.01
CTN_045,PRECTOTCORR,2024,4,0.03
CTN_045,PRECTOTCORR,2024,5,0.17
CTN_045,PRECTOTCORR,2024,6,2.17
CTN_045,PRECTOTCORR,2024,7,4.28
CTN_045,PRECTOTCORR,2024,8,6.07
CTN_045,PRECTOTCORR,2024,9,15.83
CTN_045,PRECTOTCORR,2024,10,3.39
CTN_045,PRECTOTCORR,2024,11,0.42
CTN_045,PRECTOTCORR,2024,12,0.03
CTN_045,T2M,2015,1,25.15
CTN_045,T2M,2015,2,25.09
CTN_045,T2M,2015,3,25.98
CTN_045,T2M,2015,4,27.14
CTN_045,T2M,2015,5,27.48
CTN_045,T2M,2015,6,26.64
CTN_045,T2M,2015,7,26.73
CTN_045,T2M,2015,8,26.87
CTN_045,T2M,2015,9,25.77
CTN_045,T2M,2015,10,26.12
CTN_045,T2M,2015,11,26.1
CTN_045,T2M,2015,12,25.53
CTN_045,T2M,2016,1,25.06
CTN_045,T2M,2016,2,25.77
CTN_045,T2M,2016,3,25.03
CTN_045,T2M,2016,4,26.88
CTN_045,T2M,2016,5,27.61
CTN_045,T2M,2016,6,26.45
CTN_045,T2M,2016,7,26.32
CTN_045,T2M,2016,8,26.17
CTN_045,T2M,2016,9,25.62
CTN_045,T2M,2016,10,26.18
CTN_045,T2M,2016,11,25.53
CTN_045,T2M,2016,12,25.88
CTN_045,T2M,2017,1,24.89
CTN_045,T2M,2017,2,25.06
CTN_045,T2M,2017,3,26.16
CTN_045,T2M,2017,4,25.98
CTN_045,T2M,2017,5,26.55
CTN_045,T2M,2017,6,25.65
CTN_045,T2M,2017,7,26.12
CTN_045,T2M,2017,8,25.58
CTN_045,T2M,2017,9,25.09
CTN_045,T2M,2017,10,25.76
CTN_045,T2M,2017,11,25.24
CTN_045,T2M,2017,12,24.92
CTN_045,T2M,2018,1,25.06
CTN_045,T2M,2018,2,25.79
CTN_045,T2M,2018,3,25.99
CTN_045,T2M,2018,4,26.71
CTN_045,T2M,2018,5,27.56
CTN_045,T2M,2018,6,25.52
CTN_045,T2M,2018,7,26.7
CTN_045,T2M,2018,8,25.82
CTN_045,T2M,2018,9,25.59
CTN_045,T2M,2018,10,25.29
CTN_045,T2M,2018,11,24.74
CTN_045,T2M,2018,12,24.36
CTN_045,T2M,2019,1,24.66
CTN_045,T2M,2019,2,25.02
CTN_045,T2M,2019,3,25.95
CTN_045,T2M,2019,4,25.79
CTN_045,T2M,2019,5,26.28
CTN_045,T2M,2019,6,26.81
CTN_045,T2M,2019,7,26.77
CTN_045,T2M,2019,8,26.57
CTN_045,T2M,2019,9,25.95
CTN_045,T2M,2019,10,25.23
CTN_045,T2M,2019,11,25.65
CTN_045,T2M,2019,12,24.9
CTN_045,T2M,2020,1,25.41
CTN_045,T2M,2020,2,25.68
CTN_045,T2M,2020,3,26.43
CTN_045,T2M,2020,4,26.91
CTN_045,T2M,2020,5,27.46
CTN_045,T2M,2020,6,26.67
CTN_045,T2M,2020,7,26.27
CTN_045,T2M,2020,8,25.78
CTN_045,T2M,2020,9,25.29
CTN_045,T2M,2020,10,25.58
CTN_045,T2M,2020,11,25.57
CTN_045,T2M,2020,12,25.03
CTN_045,T2M,2021,1,25.43
CTN_045,T2M,2021,2,24.4
CTN_045,T2M,2021,3,25.5
CTN_045,T2M,2021,4,26.38
CTN_045,T2M,2021,5,27.34
CTN_045,T2M,2021,6,25.5
CTN_045,T2M,2021,7,26.0
CTN_045,T2M,2021,8,25.4
CTN_045,T2M,2021,9,25.36
CTN_045,T2M,2021,10,25.85
CTN_045,T2M,2021,11,24.93
CTN_045,T2M,2021,12,25.43
CTN_045,T2M,2022,1,25.18
CTN_045,T2M,2022,2,25.68
CTN_045,T2M,2022,3,25.44
CTN_045,T2M,2022,4,26.48
CTN_045,T2M,2022,5,26.96
CTN_045,T2M,2022,6,25.28
CTN_045,T2M,2022,7,26.11
CTN_045,T2M,2022,8,25.72
CTN_045,T2M,2022,9,25.29
CTN_045,T2M,2022,10,25.4
CTN_045,T2M,2022,11,25.2
CTN_045,T2M,2022,12,24.69
CTN_045,T2M,2023,1,25.18
CTN_045,T2M,2023,2,25.75
CTN_045,T2M,2023,3,25.89
CTN_045,T2M,2023,4,26.68
CTN_045,T2M,2023,5,27.71
CTN_045,T2M,2023,6,28.15
CTN_045,T2M,2023,7,27.58
CTN_045,T2M,2023,8,26.89
CTN_045,T2M,2023,9,26.91
CTN_045,T2M,2023,10,25.89
CTN_045,T2M,2023,11,26.12
CTN_045,T2M,2023,12,25.34
CTN_045,T2M,2024,1,25.56
CTN_045,T2M,2024,2,25.56
CTN_045,T2M,2024,3,25.69
CTN_045,T2M,2024,4,26.76
CTN_045,T2M,2024,5,28.05
CTN_045,T2M,2024,6,27.0
CTN_045,T2M,2024,7,27.38
CTN_045,T2M,2024,8,26.69
CTN_045,T2M,2024,9,26.16
CTN_045,T2M,2024,10,25.94
CTN_045,T2M,2024,11,25.71
CTN_045,T2M,2024,12,25.27
CTN_045,T2M_MAX,2015,1,32.26
CTN_045,T2M_MAX,2015,2,33.25
CTN_045,T2M_MAX,2015,3,34.42
CTN_045,T2M_MAX,2015,4,34.76
CTN_045,T2M_MAX,2015,5,35.01
CTN_045,T2M_MAX,2015,6,33.44
CTN_045,T2M_MAX,2015,7,31.86
CTN_045,T2M_MAX,2015,8,32.98
CTN_045,T2M_MAX,2015,9,30.68
CTN_045,T2M_MAX,2015,10,31.38
CTN_045,T2M_MAX,2015,11,30.99
CTN_045,T2M_MAX,2015,12,31.65
CTN_045,T2M_MAX,2016,1,32.26
CTN_045,T2M_MAX,2016,2,34.47
CTN_045,T2M_MAX,2016,3,33.43
CTN_045,T2M_MAX,2016,4,34.06
CTN_045,T2M_MAX,2016,5,34.98
CTN_045,T2M_MAX,2016,6,33.91
CTN_045,T2M_MAX,2016,7,31.84
CTN_045,T2M_MAX,2016,8,31.58
CTN_045,T2M_MAX,2016,9,29.87
CTN_045,T2M_MAX,2016,10,30.83
CTN_045,T2M_MAX,2016,11,31.33
CTN_045,T2M_MAX,2016,12,33.39
CTN_045,T2M_MAX,2017,1,31.98
CTN_045,T2M_MAX,2017,2,33.18
CTN_045,T2M_MAX,2017,3,33.57
CTN_045,T2M_MAX,2017,4,34.13
CTN_045,T2M_MAX,2017,5,34.34
CTN_045,T2M_MAX,2017,6,30.8
CTN_045,T2M_MAX,2017,7,31.22
CTN_045,T2M_MAX,2017,8,31.04
CTN_045,T2M_MAX,2017,9,29.63
CTN_045,T2M_MAX,2017,10,31.35
CTN_045,T2M_MAX,2017,11,31.25
CTN_045,T2M_MAX,2017,12,31.53
CTN_045,T2M_MAX,2018,1,32.27
CTN_045,T2M_MAX,2018,2,33.02
CTN_045,T2M_MAX,2018,3,33.51
CTN_045,T2M_MAX,2018,4,34.76
CTN_045,T2M_MAX,2018,5,34.23
CTN_045,T2M_MAX,2018,6,33.92
CTN_045,T2M_MAX,2018,7,31.71
CTN_045,T2M_MAX,2018,8,31.09
CTN_045,T2M_MAX,2018,9,30.2
CTN_045,T2M_MAX,2018,10,29.32
CTN_045,T2M_MAX,2018,11,30.2
CTN_045,T2M_MAX,2018,12,30.0
CTN_045,T2M_MAX,2019,1,31.73
CTN_045,T2M_MAX,2019,2,33.52
CTN_045,T2M_MAX,2019,3,34.55
CTN_045,T2M_MAX,2019,4,33.53
CTN_045,T2M_MAX,2019,5,33.94
CTN_045,T2M_MAX,2019,6,33.62
CTN_045,T2M_MAX,2019,7,33.0
CTN_045,T2M_MAX,2019,8,31.5
CTN_045,T2M_MAX,2019,9,30.98
CTN_045,T2M_MAX,2019,10,30.01
CTN_045,T2M_MAX,2019,11,31.28
CTN_045,T2M_MAX,2019,12,30.4
CTN_045,T2M_MAX,2020,1,32.79
CTN_045,T2M_MAX,2020,2,33.83
CTN_045,T2M_MAX,2020,3,33.71
CTN_045,T2M_MAX,2020,4,34.97
CTN_045,T2M_MAX,2020,5,35.01
CTN_045,T2M_MAX,2020,6,34.68
CTN_045,T2M_MAX,2020,7,31.57
CTN_045,T2M_MAX,2020,8,31.87
CTN_045,T2M_MAX,2020,9,29.75
CTN_045,T2M_MAX,2020,10,30.85
CTN_045,T2M_MAX,2020,11,32.08
CTN_045,T2M_MAX,2020,12,31.64
CTN_045,T2M_MAX,2021,1,32.91
CTN_045,T2M_MAX,2021,2,32.73
CTN_045,T2M_MAX,2021,3,33.1
CTN_045,T2M_MAX,2021,4,34.64
CTN_045,T2M_MAX,2021,5,34.45
CTN_045,T2M_MAX,2021,6,31.77
CTN_045,T2M_MAX,2021,7,30.88
CTN_045,T2M_MAX,2021,8,31.25
CTN_045,T2M_MAX,2021,9,30.56
CTN_045,T2M_MAX,2021,10,30.13
CTN_045,T2M_MAX,2021,11,30.41
CTN_045,T2M_MAX,2021,12,31.55
CTN_045,T2M_MAX,2022,1,32.03
CTN_045,T2M_MAX,2022,2,33.22
CTN_045,T2M_MAX,2022,3,34.06
CTN_045,T2M_MAX,2022,4,35.04
CTN_045,T2M_MAX,2022,5,35.63
CTN_045,T2M_MAX,2022,6,30.92
CTN_045,T2M_MAX,2022,7,30.74
CTN_045,T2M_MAX,2022,8,31.37
CTN_045,T2M_MAX,2022,9,29.95
CTN_045,T2M_MAX,2022,10,30.24
CTN_045,T2M_MAX,2022,11,29.93
CTN_045,T2M_MAX,2022,12,30.74
CTN_045,T2M_MAX,2023,1,32.4
CTN_045,T2M_MAX,2023,2,32.8
CTN_045,T2M_MAX,2023,3,34.35
CTN_045,T2M_MAX,2023,4,34.22
CTN_045,T2M_MAX,2023,5,35.4
CTN_045,T2M_MAX,2023,6,36.22
CTN_045,T2M_MAX,2023,7,33.91
CTN_045,T2M_MAX,2023,8,32.24
CTN_045,T2M_MAX,2023,9,32.18
CTN_045,T2M_MAX,2023,10,30.41
CTN_045,T2M_MAX,2023,11,31.19
CTN_045,T2M_MAX,2023,12,31.31
CTN_045,T2M_MAX,2024,1,33.23
CTN_045,T2M_MAX,2024,2,33.09
CTN_045,T2M_MAX,2024,3,34.73
CTN_045,T2M_MAX,2024,4,34.92
CTN_045,T2M_MAX,2024,5,36.94
CTN_045,T2M_MAX,2024,6,35.42
CTN_045,T2M_MAX,2024,7,34.0
CTN_045,T2M_MAX,2024,8,31.62
CTN_045,T2M_MAX,2024,9,30.58
CTN_045,T2M_MAX,2024,10,30.76
CTN_045,T2M_MAX,2024,11,30.49
CTN_045,T2M_MAX,2024,12,32.23
CTN_045,WS10M,2015,1,2.66
CTN_045,WS10M,2015,2,2.7
CTN_045,WS10M,2015,3,2.86
CTN_045,WS10M,2015,4,3.04
CTN_045,WS10M,2015,5,2.65
CTN_045,WS10M,2015,6,2.81
CTN_045,WS10M,2015,7,2.56
CTN_045,WS10M,2015,8,2.35
CTN_045,WS10M,2015,9,2.63
CTN_045,WS10M,2015,10,2.42
CTN_045,WS10M,2015,11,2.1
CTN_045,WS10M,2015,12,2.29
CTN_045,WS10M,2016,1,2.28
CTN_045,WS10M,2016,2,2.81
CTN_045,WS10M,2016,3,2.58
CTN_045,WS10M,2016,4,2.83
CTN_045,WS10M,2016,5,2.87
CTN_045,WS10M,2016,6,2.62
CTN_045,WS10M,2016,7,2.28
CTN_045,WS10M,2016,8,2.81
CTN_045,WS10M,2016,9,2.46
CTN_045,WS10M,2016,10,2.46
CTN_045,WS10M,2016,11,2.38
CTN_045,WS10M,2016,12,2.34
CTN_045,WS10M,2017,1,2.78
CTN_045,WS10M,2017,2,2.77
CTN_045,WS10M,2017,3,2.94
CTN_045,WS10M,2017,4,2.98
CTN_045,WS10M,2017,5,2.84
CTN_045,WS10M,2017,6,2.91
CTN_045,WS10M,2017,7,2.39
CTN_045,WS10M,2017,8,2.69
CTN_045,WS10M,2017,9,2.67
CTN_045,WS10M,2017,10,2.36
CTN_045,WS10M,2017,11,2.33
CTN_045,WS10M,2017,12,2.21
CTN_045,WS10M,2018,1,2.8
CTN_045,WS10M,2018,2,2.68
CTN_045,WS10M,2018,3,2.86
CTN_045,WS10M,2018,4,3.02
CTN_045,WS10M,2018,5,3.18
CTN_045,WS10M,2018,6,2.91
CTN_045,WS10M,2018,7,2.54
CTN_045,WS10M,2018,8,2.29
CTN_045,WS10M,2018,9,2.49
CTN_045,WS10M,2018,10,2.47
CTN_045,WS10M,2018,11,2.09
CTN_045,WS10M,2018,12,1.92
CTN_045,WS10M,2019,1,2.52
CTN_045,WS10M,2019,2,2.57
CTN_045,WS10M,2019,3,2.9
CTN_045,WS10M,2019,4,2.94
CTN_045,WS10M,2019,5,2.98
CTN_045,WS10M,2019,6,2.57
CTN_045,WS10M,2019,7,2.32
CTN_045,WS10M,2019,8,2.61
CTN_045,WS10M,2019,9,2.9
CTN_045,WS10M,2019,10,2.58
CTN_045,WS10M,2019,11,2.31
CTN_045,WS10M,2019,12,2.04
CTN_045,WS10M,2020,1,2.54
CTN_045,WS10M,2020,2,2.66
CTN_045,WS10M,2020,3,3.06
CTN_045,WS10M,2020,4,2.98
CTN_045,WS10M,2020,5,2.99
CTN_045,WS10M,2020,6,3.01
CTN_045,WS10M,2020,7,2.55
CTN_045,WS10M,2020,8,2.87
CTN_045,WS10M,2020,9,2.61
CTN_045,WS10M,2020,10,2.55
CTN_045,WS10M,2020,11,2.67
CTN_045,WS10M,2020,12,2.4
CTN_045,WS10M,2021,1,2.43
CTN_045,WS10M,2021,2,2.91
CTN_045,WS10M,2021,3,2.83
CTN_045,WS10M,2021,4,3.23
CTN_045,WS10M,2021,5,2.98
CTN_045,WS10M,2021,6,2.87
CTN_045,WS10M,2021,7,2.51
CTN_045,WS10M,2021,8,2.82
CTN_045,WS10M,2021,9,2.33
CTN_045,WS10M,2021,10,2.57
CTN_045,WS10M,2021,11,2.03
CTN_045,WS10M,2021,12,2.17
CTN_045,WS10M,2022,1,2.55
CTN_045,WS10M,2022,2,2.79
CTN_045,WS10M,2022,3,2.93
CTN_045,WS10M,2022,4,3.13
CTN_045,WS10M,2022,5,3.17
CTN_045,WS10M,2022,6,3.05
CTN_045,WS10M,2022,7,2.55
CTN_045,WS10M,2022,8,2.25
CTN_045,WS10M,2022,9,3.13
CTN_045,WS10M,2022,10,2.46
CTN_045,WS10M,2022,11,2.13
CTN_045,WS10M,2022,12,2.17
CTN_045,WS10M,2023,1,2.51
CTN_045,WS10M,2023,2,2.93
CTN_045,WS10M,2023,3,2.99
CTN_045,WS10M,2023,4,3.03
CTN_045,WS10M,2023,5,2.78
CTN_045,WS10M,2023,6,3.25
CTN_045,WS10M,2023,7,2.59
CTN_045,WS10M,2023,8,2.64
CTN_045,WS10M,2023,9,2.5
CTN_045,WS10M,2023,10,2.58
CTN_045,WS10M,2023,11,2.17
CTN_045,WS10M,2023,12,2.23
CTN_045,WS10M,2024,1,2.37
CTN_045,WS10M,2024,2,3.24
CTN_045,WS10M,2024,3,3.01
CTN_045,WS10M,2024,4,3.06
CTN_045,WS10M,2024,5,3.08
CTN_045,WS10M,2024,6,3.39
CTN_045,WS10M,2024,7,2.31
CTN_045,WS10M,2024,8,2.43
CTN_045,WS10M,2024,9,2.85
CTN_045,WS10M,2024,10,2.39
CTN_045,WS10M,2024,11,2.37
CTN_045,WS10M,2024,12,2.23
