site_id,allsky_sfc_sw_dwn_mean,prectotcorr_mean,t2m_mean,t2m_max_mean,ws10m_mean,allsky_sfc_sw_dwn_std,prectotcorr_std,t2m_std,t2m_max_std,ws10m_std,allsky_sfc_sw_dwn_p10,prectotcorr_p10,t2m_p10,t2m_max_p10,ws10m_p10,allsky_sfc_sw_dwn_p90,prectotcorr_p90,t2m_p90,t2m_max_p90,ws10m_p90,allsky_sfc_sw_dwn_seasonal_amplitude,prectotcorr_seasonal_amplitude,t2m_seasonal_amplitude,t2m_max_seasonal_amplitude,ws10m_seasonal_amplitude,allsky_sfc_sw_dwn_min_month,prectotcorr_min_month,t2m_min_month,t2m_max_min_month,ws10m_min_month,allsky_sfc_sw_dwn_missing_pct,prectotcorr_missing_pct,t2m_missing_pct,t2m_max_missing_pct,ws10m_missing_pct
S0000,5.588563333333334,2.3124166666666666,17.799333333333333,28.51991666666667,2.4070833333333335,0.725445751805278,2.3172045589000367,2.1222735285471543,2.7776301778245975,0.3181971162061416,4.696700000000001,0.089,15.109,25.297,2.0,6.6182,5.857,20.551000000000005,32.482,2.8009999999999997,1.771139999999999,5.501,6.393000000000001,6.944000000000003,0.762,12,12,1,9,9,0.0,0.0,0.0,0.0,0.0
S0001,5.588563333333334,2.3124166666666666,17.799333333333333,28.51991666666667,2.4070833333333335,0.725445751805278,2.3172045589000367,2.1222735285471543,2.7776301778245975,0.3181971162061416,4.696700000000001,0.089,15.109,25.297,2.0,6.6182,5.857,20.551000000000005,32.482,2.8009999999999997,1.771139999999999,5.501,6.393000000000001,6.944000000000003,0.762,12,12,1,9,9,0.0,0.0,0.0,0.0,0.0
S0002,5.588563333333334,2.3124166666666666,17.799333333333333,28.51991666666667,2.4070833333333335,0.725445751805278,2.3172045589000367,2.1222735285471543,2.7776301778245975,0.3181971162061416,4.696700000000001,0.089,15.109,25.297,2.0,6.6182,5.857,20.551000000000005,32.482,2.8009999999999997,1.771139999999999,5.501,6.393000000000001,6.944000000000003,0.762,12,12,1,9,9,0.0,0.0,0.0,0.0,0.0
S0003,5.588563333333334,2.3124166666666666,17.799333333333333,28.51991666666667,2.4070833333333335,0.725445751805278,2.3172045589000367,2.1222735285471543,2.7776301778245975,0.3181971162061416,4.696700000000001,0.089,15.109,25.297,2.0,6.6182,5.857,20.551000000000005,32.482,2.8009999999999997,1.771139999999999,5.501,6.393000000000001,6.944000000000003,0.762,12,12,1,9,9,0.0,0.0,0.0,0.0,0.0
S0004,5.588563333333334,2.2965,14.3085,25.30933333333333,2.2546666666666666,0.725445751805278,2.0615302507578965,2.305495316729614,2.816233772445822,0.2956915646422133,4.696700000000001,0.21,11.145,22.222,1.909,6.6182,5.541,17.095,29.501,2.671,1.771139999999999,4.819,6.891999999999998,6.940000000000001,0.47699999999999987,12,2,1,12,7,0.0,0.0,0.0,0.0,0.0
S0005,5.539947499999999,2.504916666666667,18.08575,28.60758333333333,1.9055833333333334,0.7447629756571307,2.6355006846031017,2.096486321195057,2.9627258615694303,0.2973547123049709,4.6852599999999995,0.079,15.603,25.427,1.54,6.63251,6.454000000000001,20.811000000000003,32.772000000000006,2.322,1.8665400000000005,6.281999999999999,6.352000000000002,7.376000000000001,0.752,12,12,1,9,8,0.0,0.0,0.0,0.0,0.0
S0006,5.539947499999999,2.504916666666667,18.08575,28.60758333333333,1.9055833333333334,0.7447629756571307,2.6355006846031017,2.096486321195057,2.9627258615694303,0.2973547123049709,4.6852599999999995,0.079,15.603,25.427,1.54,6.63251,6.454000000000001,20.811000000000003,32.772000000000006,2.322,1.8665400000000005,6.281999999999999,6.352000000000002,7.376000000000001,0.752,12,12,1,9,8,0.0,0.0,0.0,0.0,0.0
S0007,5.539947499999999,2.165166666666667,14.43975,25.465,1.884083333333333,0.7447629756571307,2.1474013935680585,2.265251748303768,2.8625266502740914,0.2897825781116436,4.6852599999999995,0.119,11.318,22.136,1.53,6.63251,5.259000000000002,17.036000000000005,29.601000000000003,2.26,1.8665400000000005,5.106999999999999,6.838999999999997,7.350000000000001,0.583,12,12,1,12,7,0.0,0.0,0.0,0.0,0.0
S0008,5.539947499999999,2.165166666666667,14.43975,25.465,1.884083333333333,0.7447629756571307,2.1474013935680585,2.265251748303768,2.8625266502740914,0.2897825781116436,4.6852599999999995,0.119,11.318,22.136,1.53,6.63251,5.259000000000002,17.036000000000005,29.601000000000003,2.26,1.8665400000000005,5.106999999999999,6.838999999999997,7.350000000000001,0.583,12,12,1,12,7,0.0,0.0,0.0,0.0,0.0
S0009,5.539947499999999,2.165166666666667,14.43975,25.465,1.884083333333333,0.7447629756571307,2.1474013935680585,2.265251748303768,2.8625266502740914,0.2897825781116436,4.6852599999999995,0.119,11.318,22.136,1.53,6.63251,5.259000000000002,17.036000000000005,29.601000000000003,2.26,1.8665400000000005,5.106999999999999,6.838999999999997,7.350000000000001,0.583,12,12,1,12,7,0.0,0.0,0.0,0.0,0.0
S0010,5.539947499999999,2.165166666666667,14.43975,25.465,1.884083333333333,0.7447629756571307,2.1474013935680585,2.265251748303768,2.8625266502740914,0.2897825781116436,4.6852599999999995,0.119,11.318,22.136,1.53,6.63251,5.259000000000002,17.036000000000005,29.601000000000003,2.26,1.8665400000000005,5.106999999999999,6.838999999999997,7.350000000000001,0.583,12,12,1,12,7,0.0,0.0,0.0,0.0,0.0
S0011,5.539947499999999,2.165166666666667,14.43975,25.465,1.884083333333333,0.7447629756571307,2.1474013935680585,2.265251748303768,2.8625266502740914,0.2897825781116436,4.6852599999999995,0.119,11.318,22.136,1.53,6.63251,5.259000000000002,17.036000000000005,29.601000000000003,2.26,1.8665400000000005,5.106999999999999,6.838999999999997,7.350000000000001,0.583,12,12,1,12,7,0.0,0.0,0.0,0.0,0.0
S0012,5.539947499999999,2.165166666666667,14.43975,25.465,1.884083333333333,0.7447629756571307,2.1474013935680585,2.265251748303768,2.8625266502740914,0.2897825781116436,4.6852599999999995,0.119,11.318,22.136,1.53,6.63251,5.259000000000002,17.036000000000005,29.601000000000003,2.26,1.8665400000000005,5.106999999999999,6.838999999999997,7.350000000000001,0.583,12,12,1,12,7,0.0,0.0,0.0,0.0,0.0
S0013,5.539947499999999,2.165166666666667,14.43975,25.465,1.884083333333333,0.7447629756571307,2.1474013935680585,2.265251748303768,2.8625266502740914,0.2897825781116436,4.6852599999999995,0.119,11.318,22.136,1.53,6.63251,5.259000000000002,17.036000000000005,29.601000000000003,2.26,1.8665400000000005,5.106999999999999,6.838999999999997,7.350000000000001,0.583,12,12,1,12,7,0.0,0.0,0.0,0.0,0.0
S0014,5.539947499999999,2.165166666666667,14.43975,25.465,1.884083333333333,0.7447629756571307,2.1474013935680585,2.265251748303768,2.8625266502740914,0.2897825781116436,4.6852599999999995,0.119,11.318,22.136,1.53,6.63251,5.259000000000002,17.036000000000005,29.601000000000003,2.26,1.8665400000000005,5.106999999999999,6.838999999999997,7.350000000000001,0.583,12,12,1,12,7,0.0,0.0,0.0,0.0,0.0
S0015,5.539947499999999,2.165166666666667,14.43975,25.465,1.884083333333333,0.7447629756571307,2.1474013935680585,2.265251748303768,2.8625266502740914,0.2897825781116436,4.6852599999999995,0.119,11.318,22.136,1.53,6.63251,5.259000000000002,17.036000000000005,29.601000000000003,2.26,1.8665400000000005,5.106999999999999,6.838999999999997,7.350000000000001,0.583,12,12,1,12,7,0.0,0.0,0.0,0.0,0.0
S0016,5.539947499999999,2.165166666666667,14.43975,25.465,1.884083333333333,0.7447629756571307,2.1474013935680585,2.265251748303768,2.8625266502740914,0.2897825781116436,4.6852599999999995,0.119,11.318,22.136,1.53,6.63251,5.259000000000002,17.036000000000005,29.601000000000003,2.26,1.8665400000000005,5.106999999999999,6.838999999999997,7.350000000000001,0.583,12,12,1,12,7,0.0,0.0,0.0,0.0,0.0
S0017,5.539947499999999,2.165166666666667,14.43975,25.465,1.884083333333333,0.7447629756571307,2.1474013935680585,2.265251748303768,2.8625266502740914,0.2897825781116436,4.6852599999999995,0.119,11.318,22.136,1.53,6.63251,5.259000000000002,17.036000000000005,29.601000000000003,2.26,1.8665400000000005,5.106999999999999,6.838999999999997,7.350000000000001,0.583,12,12,1,12,7,0.0,0.0,0.0,0.0,0.0
S0018,5.539947499999999,2.165166666666667,14.43975,25.465,1.884083333333333,0.7447629756571307,2.1474013935680585,2.265251748303768,2.8625266502740914,0.2897825781116436,4.6852599999999995,0.119,11.318,22.136,1.53,6.63251,5.259000000000002,17.036000000000005,29.601000000000003,2.26,1.8665400000000005,5.106999999999999,6.838999999999997,7.350000000000001,0.583,12,12,1,12,7,0.0,0.0,0.0,0.0,0.0
S0019,5.539947499999999,2.165166666666667,14.43975,25.465,1.884083333333333,0.7447629756571307,2.1474013935680585,2.265251748303768,2.8625266502740914,0.2897825781116436,4.6852599999999995,0.119,11.318,22.136,1.53,6.63251,5.259000000000002,17.036000000000005,29.601000000000003,2.26,1.8665400000000005,5.106999999999999,6.838999999999997,7.350000000000001,0.583,12,12,1,12,7,0.0,0.0,0.0,0.0,0.0
S0020,5.539947499999999,2.165166666666667,14.43975,25.465,1.884083333333333,0.7447629756571307,2.1474013935680585,2.265251748303768,2.8625266502740914,0.2897825781116436,4.6852599999999995,0.119,11.318,22.136,1.53,6.63251,5.259000000000002,17.036000000000005,29.601000000000003,2.26,1.8665400000000005,5.106999999999999,6.838999999999997,7.350000000000001,0.583,12,12,1,12,7,0.0,0.0,0.0,0.0,0.0
S0021,5.539947499999999,2.165166666666667,14.43975,25.465,1.884083333333333,0.7447629756571307,2.1474013935680585,2.265251748303768,2.8625266502740914,0.2897825781116436,4.6852599999999995,0.119,11.318,22.136,1.53,6.63251,5.259000000000002,17.036000000000005,29.601000000000003,2.26,1.8665400000000005,5.106999999999999,6.838999999999997,7.350000000000001,0.583,12,12,1,12,7,0.0,0.0,0.0,0.0,0.0
S0022,5.539947499999999,2.165166666666667,14.43975,25.465,1.884083333333333,0.7447629756571307,2.1474013935680585,2.265251748303768,2.8625266502740914,0.2897825781116436,4.6852599999999995,0.119,11.318,22.136,1.53,6.63251,5.259000000000002,17.036000000000005,29.601000000000003,2.26,1.8665400000000005,5.106999999999999,6.838999999999997,7.350000000000001,0.583,12,12,1,12,7,0.0,0.0,0.0,0.0,0.0
S0023,5.539947499999999,2.165166666666667,14.43975,25.465,1.884083333333333,0.7447629756571307,2.1474013935680585,2.265251748303768,2.8625266502740914,0.2897825781116436,4.6852599999999995,0.119,11.318,22.136,1.53,6.63251,5.259000000000002,17.036000000000005,29.601000000000003,2.26,1.8665400000000005,5.106999999999999,6.838999999999997,7.350000000000001,0.583,12,12,1,12,7,0.0,0.0,0.0,0.0,0.0
S0024,5.539947499999999,2.165166666666667,14.43975,25.465,1.884083333333333,0.7447629756571307,2.1474013935680585,2.265251748303768,2.8625266502740914,0.2897825781116436,4.6852599999999995,0.119,11.318,22.136,1.53,6.63251,5.259000000000002,17.036000000000005,29.601000000000003,2.26,1.8665400000000005,5.106999999999999,6.838999999999997,7.350000000000001,0.583,12,12,1,12,7,0.0,0.0,0.0,0.0,0.0
S0025,5.539947499999999,1.8448333333333333,15.88475,27.53891666666667,2.986833333333333,0.7447629756571307,1.7147030922809556,2.5609028615678797,2.9424099183239205,0.31134563822635614,4.6852599999999995,0.159,12.29,24.204,2.58,6.63251,4.202000000000002,18.936000000000003,31.767000000000003,3.38,1.8665400000000005,3.7959999999999994,7.5070000000000014,7.226000000000003,0.6990000000000003,12,1,1,12,12,0.0,0.0,0.0,0.0,0.0
S0026,5.539947499999999,1.8448333333333333,15.88475,27.53891666666667,2.986833333333333,0.7447629756571307,1.7147030922809556,2.5609028615678797,2.9424099183239205,0.31134563822635614,4.6852599999999995,0.159,12.29,24.204,2.58,6.63251,4.202000000000002,18.936000000000003,31.767000000000003,3.38,1.8665400000000005,3.7959999999999994,7.5070000000000014,7.226000000000003,0.6990000000000003,12,1,1,12,12,0.0,0.0,0.0,0.0,0.0
S0027,5.539947499999999,1.8448333333333333,15.88475,27.53891666666667,2.986833333333333,0.7447629756571307,1.7147030922809556,2.5609028615678797,2.9424099183239205,0.31134563822635614,4.6852599999999995,0.159,12.29,24.204,2.58,6.63251,4.202000000000002,18.936000000000003,31.767000000000003,3.38,1.8665400000000005,3.7959999999999994,7.5070000000000014,7.226000000000003,0.6990000000000003,12,1,1,12,12,0.0,0.0,0.0,0.0,0.0
S0028,5.662869166666667,1.8448333333333333,15.88475,27.53891666666667,2.986833333333333,0.8728107831362785,1.7147030922809556,2.5609028615678797,2.9424099183239205,0.31134563822635614,4.50326,0.159,12.29,24.204,2.58,6.82537,4.202000000000002,18.936000000000003,31.767000000000003,3.38,2.26734,3.7959999999999994,7.5070000000000014,7.226000000000003,0.6990000000000003,12,1,1,12,12,0.0,0.0,0.0,0.0,0.0
S0029,5.662869166666667,1.8448333333333333,15.88475,27.53891666666667,2.986833333333333,0.8728107831362785,1.7147030922809556,2.5609028615678797,2.9424099183239205,0.31134563822635614,4.50326,0.159,12.29,24.204,2.58,6.82537,4.202000000000002,18.936000000000003,31.767000000000003,3.38,2.26734,3.7959999999999994,7.5070000000000014,7.226000000000003,0.6990000000000003,12,1,1,12,12,0.0,0.0,0.0,0.0,0.0
S0030,5.662869166666667,1.8448333333333333,15.88475,27.53891666666667,2.986833333333333,0.8728107831362785,1.7147030922809556,2.5609028615678797,2.9424099183239205,0.31134563822635614,4.50326,0.159,12.29,24.204,2.58,6.82537,4.202000000000002,18.936000000000003,31.767000000000003,3.38,2.26734,3.7959999999999994,7.5070000000000014,7.226000000000003,0.6990000000000003,12,1,1,12,12,0.0,0.0,0.0,0.0,0.0
S0031,5.662869166666667,1.9444166666666665,15.418666666666667,26.735416666666666,2.98125,0.8728107831362785,2.0176039520388818,2.48987021137002,2.7865308982278862,0.361478203487622,4.50326,0.09,11.994,23.147,2.53,6.82537,5.043,18.354000000000003,30.634,3.428000000000001,2.26734,4.664000000000001,7.552,7.786999999999999,0.7099999999999995,12,1,1,12,7,0.0,0.0,0.0,0.0,0.0
S0032,5.662869166666667,1.9444166666666665,15.418666666666667,26.735416666666666,2.98125,0.8728107831362785,2.0176039520388818,2.48987021137002,2.7865308982278862,0.361478203487622,4.50326,0.09,11.994,23.147,2.53,6.82537,5.043,18.354000000000003,30.634,3.428000000000001,2.26734,4.664000000000001,7.552,7.786999999999999,0.7099999999999995,12,1,1,12,7,0.0,0.0,0.0,0.0,0.0
S0033,5.662869166666667,1.9444166666666665,15.418666666666667,26.735416666666666,2.98125,0.8728107831362785,2.0176039520388818,2.48987021137002,2.7865308982278862,0.361478203487622,4.50326,0.09,11.994,23.147,2.53,6.82537,5.043,18.354000000000003,30.634,3.428000000000001,2.26734,4.664000000000001,7.552,7.786999999999999,0.7099999999999995,12,1,1,12,7,0.0,0.0,0.0,0.0,0.0
S0034,5.662869166666667,1.5553333333333332,16.92008333333333,28.842750000000002,3.4947500000000002,0.8728107831362785,1.6036460208612402,2.7744017436222186,2.890737151923814,0.3177017323785039,4.50326,0.06,13.167,25.484,3.089,6.82537,3.616000000000002,20.120000000000005,32.783,3.911,2.26734,3.3169999999999997,8.286,7.831999999999994,0.5719999999999996,12,1,1,12,12,0.0,0.0,0.0,0.0,0.0
S0035,5.662869166666667,1.5553333333333332,16.92008333333333,28.842750000000002,3.4947500000000002,0.8728107831362785,1.6036460208612402,2.7744017436222186,2.890737151923814,0.3177017323785039,4.50326,0.06,13.167,25.484,3.089,6.82537,3.616000000000002,20.120000000000005,32.783,3.911,2.26734,3.3169999999999997,8.286,7.831999999999994,0.5719999999999996,12,1,1,12,12,0.0,0.0,0.0,0.0,0.0
S0036,5.662869166666667,1.5553333333333332,16.92008333333333,28.842750000000002,3.4947500000000002,0.8728107831362785,1.6036460208612402,2.7744017436222186,2.890737151923814,0.3177017323785039,4.50326,0.06,13.167,25.484,3.089,6.82537,3.616000000000002,20.120000000000005,32.783,3.911,2.26734,3.3169999999999997,8.286,7.831999999999994,0.5719999999999996,12,1,1,12,12,0.0,0.0,0.0,0.0,0.0
S0037,5.662869166666667,1.5553333333333332,16.92008333333333,28.842750000000002,3.4947500000000002,0.8728107831362785,1.6036460208612402,2.7744017436222186,2.890737151923814,0.3177017323785039,4.50326,0.06,13.167,25.484,3.089,6.82537,3.616000000000002,20.120000000000005,32.783,3.911,2.26734,3.3169999999999997,8.286,7.831999999999994,0.5719999999999996,12,1,1,12,12,0.0,0.0,0.0,0.0,0.0
S0038,5.936544166666666,1.5553333333333332,16.92008333333333,28.842750000000002,3.4947500000000002,0.9045720861962026,1.6036460208612402,2.7744017436222186,2.890737151923814,0.3177017323785039,4.78108,0.06,13.167,25.484,3.089,7.2179199999999994,3.616000000000002,20.120000000000005,32.783,3.911,2.5373800000000006,3.3169999999999997,8.286,7.831999999999994,0.5719999999999996,12,1,1,12,12,0.0,0.0,0.0,0.0,0.0
S0039,5.936544166666666,1.5553333333333332,16.92008333333333,28.842750000000002,3.4947500000000002,0.9045720861962026,1.6036460208612402,2.7744017436222186,2.890737151923814,0.3177017323785039,4.78108,0.06,13.167,25.484,3.089,7.2179199999999994,3.616000000000002,20.120000000000005,32.783,3.911,2.5373800000000006,3.3169999999999997,8.286,7.831999999999994,0.5719999999999996,12,1,1,12,12,0.0,0.0,0.0,0.0,0.0
S0040,5.936544166666666,1.5553333333333332,16.92008333333333,28.842750000000002,3.4947500000000002,0.9045720861962026,1.6036460208612402,2.7744017436222186,2.890737151923814,0.3177017323785039,4.78108,0.06,13.167,25.484,3.089,7.2179199999999994,3.616000000000002,20.120000000000005,32.783,3.911,2.5373800000000006,3.3169999999999997,8.286,7.831999999999994,0.5719999999999996,12,1,1,12,12,0.0,0.0,0.0,0.0,0.0
S0041,5.936544166666666,1.5553333333333332,16.92008333333333,28.842750000000002,3.4947500000000002,0.9045720861962026,1.6036460208612402,2.7744017436222186,2.890737151923814,0.3177017323785039,4.78108,0.06,13.167,25.484,3.089,7.2179199999999994,3.616000000000002,20.120000000000005,32.783,3.911,2.5373800000000006,3.3169999999999997,8.286,7.831999999999994,0.5719999999999996,12,1,1,12,12,0.0,0.0,0.0,0.0,0.0
S0042,5.936544166666666,1.5553333333333332,16.92008333333333,28.842750000000002,3.4947500000000002,0.9045720861962026,1.6036460208612402,2.7744017436222186,2.890737151923814,0.3177017323785039,4.78108,0.06,13.167,25.484,3.089,7.2179199999999994,3.616000000000002,20.120000000000005,32.783,3.911,2.5373800000000006,3.3169999999999997,8.286,7.831999999999994,0.5719999999999996,12,1,1,12,12,0.0,0.0,0.0,0.0,0.0
S0043,5.936544166666666,1.75,17.996916666666667,29.8935,3.126,0.9045720861962026,2.001993964010075,2.8131443563151515,2.9528410048629437,0.3152227437087313,4.78108,0.04900000000000001,14.205,26.359,2.748,7.2179199999999994,4.804,21.503,34.015,3.501,2.5373800000000006,4.459,8.572999999999999,8.486,0.4890000000000003,12,1,1,12,7,0.0,0.0,0.0,0.0,0.0
S0044,5.539947499999999,2.2965,14.3085,25.30933333333333,2.2546666666666666,0.7447629756571307,2.0615302507578965,2.305495316729614,2.816233772445822,0.2956915646422133,4.6852599999999995,0.21,11.145,22.222,1.909,6.63251,5.541,17.095,29.501,2.671,1.8665400000000005,4.819,6.891999999999998,6.940000000000001,0.47699999999999987,12,2,1,12,7,0.0,0.0,0.0,0.0,0.0
S0045,5.539947499999999,2.2965,14.3085,25.30933333333333,2.2546666666666666,0.7447629756571307,2.0615302507578965,2.305495316729614,2.816233772445822,0.2956915646422133,4.6852599999999995,0.21,11.145,22.222,1.909,6.63251,5.541,17.095,29.501,2.671,1.8665400000000005,4.819,6.891999999999998,6.940000000000001,0.47699999999999987,12,2,1,12,7,0.0,0.0,0.0,0.0,0.0
S0046,5.588563333333334,2.2965,14.3085,25.30933333333333,2.2546666666666666,0.725445751805278,2.0615302507578965,2.305495316729614,2.816233772445822,0.2956915646422133,4.696700000000001,0.21,11.145,22.222,1.909,6.6182,5.541,17.095,29.501,2.671,1.771139999999999,4.819,6.891999999999998,6.940000000000001,0.47699999999999987,12,2,1,12,7,0.0,0.0,0.0,0.0,0.0
S0047,5.588563333333334,2.2965,14.3085,25.30933333333333,2.2546666666666666,0.725445751805278,2.0615302507578965,2.305495316729614,2.816233772445822,0.2956915646422133,4.696700000000001,0.21,11.145,22.222,1.909,6.6182,5.541,17.095,29.501,2.671,1.771139999999999,4.819,6.891999999999998,6.940000000000001,0.47699999999999987,12,2,1,12,7,0.0,0.0,0.0,0.0,0.0
S0048,5.588563333333334,2.4379166666666663,15.211666666666668,26.801166666666667,2.8332499999999996,0.725445751805278,2.0178871951853496,2.5848697879638523,2.999233006528666,0.30827839240999483,4.696700000000001,0.39,11.658,23.614,2.4490000000000003,6.6182,5.372,18.234,31.237000000000002,3.151,1.771139999999999,4.7509999999999994,7.4990000000000006,7.171999999999997,0.782,12,2,1,12,12,0.0,0.0,0.0,0.0,0.0
S0049,5.588563333333334,2.4379166666666663,15.211666666666668,26.801166666666667,2.8332499999999996,0.725445751805278,2.0178871951853496,2.5848697879638523,2.999233006528666,0.30827839240999483,4.696700000000001,0.39,11.658,23.614,2.4490000000000003,6.6182,5.372,18.234,31.237000000000002,3.151,1.771139999999999,4.7509999999999994,7.4990000000000006,7.171999999999997,0.782,12,2,1,12,12,0.0,0.0,0.0,0.0,0.0
S0050,5.588563333333334,2.4379166666666663,15.211666666666668,26.801166666666667,2.8332499999999996,0.725445751805278,2.0178871951853496,2.5848697879638523,2.999233006528666,0.30827839240999483,4.696700000000001,0.39,11.658,23.614,2.4490000000000003,6.6182,5.372,18.234,31.237000000000002,3.151,1.771139999999999,4.7509999999999994,7.4990000000000006,7.171999999999997,0.782,12,2,1,12,12,0.0,0.0,0.0,0.0,0.0
S0051,5.588563333333334,2.4379166666666663,15.211666666666668,26.801166666666667,2.8332499999999996,0.725445751805278,2.0178871951853496,2.5848697879638523,2.999233006528666,0.30827839240999483,4.696700000000001,0.39,11.658,23.614,2.4490000000000003,6.6182,5.372,18.234,31.237000000000002,3.151,1.771139999999999,4.7509999999999994,7.4990000000000006,7.171999999999997,0.782,12,2,1,12,12,0.0,0.0,0.0,0.0,0.0
S0052,5.588563333333334,2.4379166666666663,15.211666666666668,26.801166666666667,2.8332499999999996,0.725445751805278,2.0178871951853496,2.5848697879638523,2.999233006528666,0.30827839240999483,4.696700000000001,0.39,11.658,23.614,2.4490000000000003,6.6182,5.372,18.234,31.237000000000002,3.151,1.771139999999999,4.7509999999999994,7.4990000000000006,7.171999999999997,0.782,12,2,1,12,12,0.0,0.0,0.0,0.0,0.0
S0053,5.1255625,2.4379166666666663,15.211666666666668,26.801166666666667,2.8332499999999996,0.877350327876858,2.0178871951853496,2.5848697879638523,2.999233006528666,0.30827839240999483,3.9681,0.39,11.658,23.614,2.4490000000000003,6.22875,5.372,18.234,31.237000000000002,3.151,2.2522700000000007,4.7509999999999994,7.4990000000000006,7.171999999999997,0.782,12,2,1,12,12,0.0,0.0,0.0,0.0,0.0
S0054,5.1255625,2.4379166666666663,15.211666666666668,26.801166666666667,2.8332499999999996,0.877350327876858,2.0178871951853496,2.5848697879638523,2.999233006528666,0.30827839240999483,3.9681,0.39,11.658,23.614,2.4490000000000003,6.22875,5.372,18.234,31.237000000000002,3.151,2.2522700000000007,4.7509999999999994,7.4990000000000006,7.171999999999997,0.782,12,2,1,12,12,0.0,0.0,0.0,0.0,0.0
S0055,5.539947499999999,2.2965,14.3085,25.30933333333333,2.2546666666666666,0.7447629756571307,2.0615302507578965,2.305495316729614,2.816233772445822,0.2956915646422133,4.6852599999999995,0.21,11.145,22.222,1.909,6.63251,5.541,17.095,29.501,2.671,1.8665400000000005,4.819,6.891999999999998,6.940000000000001,0.47699999999999987,12,2,1,12,7,0.0,0.0,0.0,0.0,0.0
S0056,5.588563333333334,2.2965,14.3085,25.30933333333333,2.2546666666666666,0.725445751805278,2.0615302507578965,2.305495316729614,2.816233772445822,0.2956915646422133,4.696700000000001,0.21,11.145,22.222,1.909,6.6182,5.541,17.095,29.501,2.671,1.771139999999999,4.819,6.891999999999998,6.940000000000001,0.47699999999999987,12,2,1,12,7,0.0,0.0,0.0,0.0,0.0
S0057,5.588563333333334,2.2965,14.3085,25.30933333333333,2.2546666666666666,0.725445751805278,2.0615302507578965,2.305495316729614,2.816233772445822,0.2956915646422133,4.696700000000001,0.21,11.145,22.222,1.909,6.6182,5.541,17.095,29.501,2.671,1.771139999999999,4.819,6.891999999999998,6.940000000000001,0.47699999999999987,12,2,1,12,7,0.0,0.0,0.0,0.0,0.0
S0058,5.588563333333334,2.2965,14.3085,25.30933333333333,2.2546666666666666,0.725445751805278,2.0615302507578965,2.305495316729614,2.816233772445822,0.2956915646422133,4.696700000000001,0.21,11.145,22.222,1.909,6.6182,5.541,17.095,29.501,2.671,1.771139999999999,4.819,6.891999999999998,6.940000000000001,0.47699999999999987,12,2,1,12,7,0.0,0.0,0.0,0.0,0.0
S0059,5.588563333333334,2.4379166666666663,15.211666666666668,26.801166666666667,2.8332499999999996,0.725445751805278,2.0178871951853496,2.5848697879638523,2.999233006528666,0.30827839240999483,4.696700000000001,0.39,11.658,23.614,2.4490000000000003,6.6182,5.372,18.234,31.237000000000002,3.151,1.771139999999999,4.7509999999999994,7.4990000000000006,7.171999999999997,0.782,12,2,1,12,12,0.0,0.0,0.0,0.0,0.0
S0060,5.588563333333334,2.4379166666666663,15.211666666666668,26.801166666666667,2.8332499999999996,0.725445751805278,2.0178871951853496,2.5848697879638523,2.999233006528666,0.30827839240999483,4.696700000000001,0.39,11.658,23.614,2.4490000000000003,6.6182,5.372,18.234,31.237000000000002,3.151,1.771139999999999,4.7509999999999994,7.4990000000000006,7.171999999999997,0.782,12,2,1,12,12,0.0,0.0,0.0,0.0,0.0
S0061,5.539947499999999,2.504916666666667,18.08575,28.60758333333333,1.9055833333333334,0.7447629756571307,2.6355006846031017,2.096486321195057,2.9627258615694303,0.2973547123049709,4.6852599999999995,0.079,15.603,25.427,1.54,6.63251,6.454000000000001,20.811000000000003,32.772000000000006,2.322,1.8665400000000005,6.281999999999999,6.352000000000002,7.376000000000001,0.752,12,12,1,9,8,0.0,0.0,0.0,0.0,0.0
S0062,5.539947499999999,2.504916666666667,18.08575,28.60758333333333,1.9055833333333334,0.7447629756571307,2.6355006846031017,2.096486321195057,2.9627258615694303,0.2973547123049709,4.6852599999999995,0.079,15.603,25.427,1.54,6.63251,6.454000000000001,20.811000000000003,32.772000000000006,2.322,1.8665400000000005,6.281999999999999,6.352000000000002,7.376000000000001,0.752,12,12,1,9,8,0.0,0.0,0.0,0.0,0.0
S0063,5.539947499999999,2.504916666666667,18.08575,28.60758333333333,1.9055833333333334,0.7447629756571307,2.6355006846031017,2.096486321195057,2.9627258615694303,0.2973547123049709,4.6852599999999995,0.079,15.603,25.427,1.54,6.63251,6.454000000000001,20.811000000000003,32.772000000000006,2.322,1.8665400000000005,6.281999999999999,6.352000000000002,7.376000000000001,0.752,12,12,1,9,8,0.0,0.0,0.0,0.0,0.0
S0064,5.539947499999999,2.504916666666667,18.08575,28.60758333333333,1.9055833333333334,0.7447629756571307,2.6355006846031017,2.096486321195057,2.9627258615694303,0.2973547123049709,4.6852599999999995,0.079,15.603,25.427,1.54,6.63251,6.454000000000001,20.811000000000003,32.772000000000006,2.322,1.8665400000000005,6.281999999999999,6.352000000000002,7.376000000000001,0.752,12,12,1,9,8,0.0,0.0,0.0,0.0,0.0
S0065,5.539947499999999,2.504916666666667,18.08575,28.60758333333333,1.9055833333333334,0.7447629756571307,2.6355006846031017,2.096486321195057,2.9627258615694303,0.2973547123049709,4.6852599999999995,0.079,15.603,25.427,1.54,6.63251,6.454000000000001,20.811000000000003,32.772000000000006,2.322,1.8665400000000005,6.281999999999999,6.352000000000002,7.376000000000001,0.752,12,12,1,9,8,0.0,0.0,0.0,0.0,0.0
S0066,5.9687,2.504916666666667,18.08575,28.60758333333333,1.9055833333333334,0.7676433462610247,2.6355006846031017,2.096486321195057,2.9627258615694303,0.2973547123049709,4.98873,0.079,15.603,25.427,1.54,7.01062,6.454000000000001,20.811000000000003,32.772000000000006,2.322,2.2429500000000004,6.281999999999999,6.352000000000002,7.376000000000001,0.752,12,12,1,9,8,0.0,0.0,0.0,0.0,0.0
S0067,5.9687,2.504916666666667,18.08575,28.60758333333333,1.9055833333333334,0.7676433462610247,2.6355006846031017,2.096486321195057,2.9627258615694303,0.2973547123049709,4.98873,0.079,15.603,25.427,1.54,7.01062,6.454000000000001,20.811000000000003,32.772000000000006,2.322,2.2429500000000004,6.281999999999999,6.352000000000002,7.376000000000001,0.752,12,12,1,9,8,0.0,0.0,0.0,0.0,0.0
S0068,5.539947499999999,2.165166666666667,14.43975,25.465,1.884083333333333,0.7447629756571307,2.1474013935680585,2.265251748303768,2.8625266502740914,0.2897825781116436,4.6852599999999995,0.119,11.318,22.136,1.53,6.63251,5.259000000000002,17.036000000000005,29.601000000000003,2.26,1.8665400000000005,5.106999999999999,6.838999999999997,7.350000000000001,0.583,12,12,1,12,7,0.0,0.0,0.0,0.0,0.0
S0069,5.539947499999999,2.504916666666667,18.08575,28.60758333333333,1.9055833333333334,0.7447629756571307,2.6355006846031017,2.096486321195057,2.9627258615694303,0.2973547123049709,4.6852599999999995,0.079,15.603,25.427,1.54,6.63251,6.454000000000001,20.811000000000003,32.772000000000006,2.322,1.8665400000000005,6.281999999999999,6.352000000000002,7.376000000000001,0.752,12,12,1,9,8,0.0,0.0,0.0,0.0,0.0
S0070,5.539947499999999,2.504916666666667,18.08575,28.60758333333333,1.9055833333333334,0.7447629756571307,2.6355006846031017,2.096486321195057,2.9627258615694303,0.2973547123049709,4.6852599999999995,0.079,15.603,25.427,1.54,6.63251,6.454000000000001,20.811000000000003,32.772000000000006,2.322,1.8665400000000005,6.281999999999999,6.352000000000002,7.376000000000001,0.752,12,12,1,9,8,0.0,0.0,0.0,0.0,0.0
S0071,5.539947499999999,2.504916666666667,18.08575,28.60758333333333,1.9055833333333334,0.7447629756571307,2.6355006846031017,2.096486321195057,2.9627258615694303,0.2973547123049709,4.6852599999999995,0.079,15.603,25.427,1.54,6.63251,6.454000000000001,20.811000000000003,32.772000000000006,2.322,1.8665400000000005,6.281999999999999,6.352000000000002,7.376000000000001,0.752,12,12,1,9,8,0.0,0.0,0.0,0.0,0.0
S0072,5.9687,2.504916666666667,18.08575,28.60758333333333,1.9055833333333334,0.7676433462610247,2.6355006846031017,2.096486321195057,2.9627258615694303,0.2973547123049709,4.98873,0.079,15.603,25.427,1.54,7.01062,6.454000000000001,20.811000000000003,32.772000000000006,2.322,2.2429500000000004,6.281999999999999,6.352000000000002,7.376000000000001,0.752,12,12,1,9,8,0.0,0.0,0.0,0.0,0.0
S0073,5.9687,2.504916666666667,18.08575,28.60758333333333,1.9055833333333334,0.7676433462610247,2.6355006846031017,2.096486321195057,2.9627258615694303,0.2973547123049709,4.98873,0.079,15.603,25.427,1.54,7.01062,6.454000000000001,20.811000000000003,32.772000000000006,2.322,2.2429500000000004,6.281999999999999,6.352000000000002,7.376000000000001,0.752,12,12,1,9,8,0.0,0.0,0.0,0.0,0.0
S0074,5.539947499999999,2.3124166666666666,17.799333333333333,28.51991666666667,2.4070833333333335,0.7447629756571307,2.3172045589000367,2.1222735285471543,2.7776301778245975,0.3181971162061416,4.6852599999999995,0.089,15.109,25.297,2.0,6.63251,5.857,20.551000000000005,32.482,2.8009999999999997,1.8665400000000005,5.501,6.393000000000001,6.944000000000003,0.762,12,12,1,9,9,0.0,0.0,0.0,0.0,0.0
S0075,5.539947499999999,2.3124166666666666,17.799333333333333,28.51991666666667,2.4070833333333335,0.7447629756571307,2.3172045589000367,2.1222735285471543,2.7776301778245975,0.3181971162061416,4.6852599999999995,0.089,15.109,25.297,2.0,6.63251,5.857,20.551000000000005,32.482,2.8009999999999997,1.8665400000000005,5.501,6.393000000000001,6.944000000000003,0.762,12,12,1,9,9,0.0,0.0,0.0,0.0,0.0
S0076,5.588563333333334,2.3124166666666666,17.799333333333333,28.51991666666667,2.4070833333333335,0.725445751805278,2.3172045589000367,2.1222735285471543,2.7776301778245975,0.3181971162061416,4.696700000000001,0.089,15.109,25.297,2.0,6.6182,5.857,20.551000000000005,32.482,2.8009999999999997,1.771139999999999,5.501,6.393000000000001,6.944000000000003,0.762,12,12,1,9,9,0.0,0.0,0.0,0.0,0.0
S0077,5.588563333333334,2.3124166666666666,17.799333333333333,28.51991666666667,2.4070833333333335,0.725445751805278,2.3172045589000367,2.1222735285471543,2.7776301778245975,0.3181971162061416,4.696700000000001,0.089,15.109,25.297,2.0,6.6182,5.857,20.551000000000005,32.482,2.8009999999999997,1.771139999999999,5.501,6.393000000000001,6.944000000000003,0.762,12,12,1,9,9,0.0,0.0,0.0,0.0,0.0
S0078,6.031936666666667,2.3124166666666666,17.799333333333333,28.51991666666667,2.4070833333333335,0.7714467673007072,2.3172045589000367,2.1222735285471543,2.7776301778245975,0.3181971162061416,4.99142,0.089,15.109,25.297,2.0,7.05445,5.857,20.551000000000005,32.482,2.8009999999999997,2.23198,5.501,6.393000000000001,6.944000000000003,0.762,12,12,1,9,9,0.0,0.0,0.0,0.0,0.0
S0079,6.031936666666667,2.3124166666666666,17.799333333333333,28.51991666666667,2.4070833333333335,0.7714467673007072,2.3172045589000367,2.1222735285471543,2.7776301778245975,0.3181971162061416,4.99142,0.089,15.109,25.297,2.0,7.05445,5.857,20.551000000000005,32.482,2.8009999999999997,2.23198,5.501,6.393000000000001,6.944000000000003,0.762,12,12,1,9,9,0.0,0.0,0.0,0.0,0.0
S0080,5.588563333333334,2.2965,14.3085,25.30933333333333,2.2546666666666666,0.725445751805278,2.0615302507578965,2.305495316729614,2.816233772445822,0.2956915646422133,4.696700000000001,0.21,11.145,22.222,1.909,6.6182,5.541,17.095,29.501,2.671,1.771139999999999,4.819,6.891999999999998,6.940000000000001,0.47699999999999987,12,2,1,12,7,0.0,0.0,0.0,0.0,0.0
S0081,5.588563333333334,2.2965,14.3085,25.30933333333333,2.2546666666666666,0.725445751805278,2.0615302507578965,2.305495316729614,2.816233772445822,0.2956915646422133,4.696700000000001,0.21,11.145,22.222,1.909,6.6182,5.541,17.095,29.501,2.671,1.771139999999999,4.819,6.891999999999998,6.940000000000001,0.47699999999999987,12,2,1,12,7,0.0,0.0,0.0,0.0,0.0
S0082,5.588563333333334,2.2965,14.3085,25.30933333333333,2.2546666666666666,0.725445751805278,2.0615302507578965,2.305495316729614,2.816233772445822,0.2956915646422133,4.696700000000001,0.21,11.145,22.222,1.909,6.6182,5.541,17.095,29.501,2.671,1.771139999999999,4.819,6.891999999999998,6.940000000000001,0.47699999999999987,12,2,1,12,7,0.0,0.0,0.0,0.0,0.0
S0083,5.588563333333334,2.2965,14.3085,25.30933333333333,2.2546666666666666,0.725445751805278,2.0615302507578965,2.305495316729614,2.816233772445822,0.2956915646422133,4.696700000000001,0.21,11.145,22.222,1.909,6.6182,5.541,17.095,29.501,2.671,1.771139999999999,4.819,6.891999999999998,6.940000000000001,0.47699999999999987,12,2,1,12,7,0.0,0.0,0.0,0.0,0.0
S0084,5.588563333333334,3.042083333333333,14.098500000000001,25.002083333333335,2.3571666666666666,0.725445751805278,2.4130036012305953,2.4208869303236296,3.1147806742143795,0.3061421192826619,4.696700000000001,0.51,10.665,21.599,1.998,6.6182,6.509,17.016000000000002,29.907999999999998,2.7450000000000006,1.771139999999999,5.939,7.163999999999998,7.836999999999996,0.6480000000000001,12,2,1,12,7,0.0,0.0,0.0,0.0,0.0
S0085,5.588563333333334,2.61475,17.140666666666668,28.001249999999995,2.8485833333333335,0.725445751805278,2.334490015925059,2.244759249816304,2.876114489867107,0.38906113199055276,4.696700000000001,0.27,14.165,24.762999999999998,2.3369999999999997,6.6182,6.246,20.022000000000002,32.285000000000004,3.2809999999999997,1.771139999999999,5.795,6.776999999999999,7.195,0.7599999999999998,12,2,1,12,5,0.0,0.0,0.0,0.0,0.0
S0086,5.588563333333334,2.61475,17.140666666666668,28.001249999999995,2.8485833333333335,0.725445751805278,2.334490015925059,2.244759249816304,2.876114489867107,0.38906113199055276,4.696700000000001,0.27,14.165,24.762999999999998,2.3369999999999997,6.6182,6.246,20.022000000000002,32.285000000000004,3.2809999999999997,1.771139999999999,5.795,6.776999999999999,7.195,0.7599999999999998,12,2,1,12,5,0.0,0.0,0.0,0.0,0.0
S0087,5.588563333333334,2.61475,17.140666666666668,28.001249999999995,2.8485833333333335,0.725445751805278,2.334490015925059,2.244759249816304,2.876114489867107,0.38906113199055276,4.696700000000001,0.27,14.165,24.762999999999998,2.3369999999999997,6.6182,6.246,20.022000000000002,32.285000000000004,3.2809999999999997,1.771139999999999,5.795,6.776999999999999,7.195,0.7599999999999998,12,2,1,12,5,0.0,0.0,0.0,0.0,0.0
S0088,5.588563333333334,2.2965,14.3085,25.30933333333333,2.2546666666666666,0.725445751805278,2.0615302507578965,2.305495316729614,2.816233772445822,0.2956915646422133,4.696700000000001,0.21,11.145,22.222,1.909,6.6182,5.541,17.095,29.501,2.671,1.771139999999999,4.819,6.891999999999998,6.940000000000001,0.47699999999999987,12,2,1,12,7,0.0,0.0,0.0,0.0,0.0
S0089,5.588563333333334,2.2965,14.3085,25.30933333333333,2.2546666666666666,0.725445751805278,2.0615302507578965,2.305495316729614,2.816233772445822,0.2956915646422133,4.696700000000001,0.21,11.145,22.222,1.909,6.6182,5.541,17.095,29.501,2.671,1.771139999999999,4.819,6.891999999999998,6.940000000000001,0.47699999999999987,12,2,1,12,7,0.0,0.0,0.0,0.0,0.0
S0090,5.588563333333334,2.2965,14.3085,25.30933333333333,2.2546666666666666,0.725445751805278,2.0615302507578965,2.305495316729614,2.816233772445822,0.2956915646422133,4.696700000000001,0.21,11.145,22.222,1.909,6.6182,5.541,17.095,29.501,2.671,1.771139999999999,4.819,6.891999999999998,6.940000000000001,0.47699999999999987,12,2,1,12,7,0.0,0.0,0.0,0.0,0.0
S0091,5.588563333333334,2.2965,14.3085,25.30933333333333,2.2546666666666666,0.725445751805278,2.0615302507578965,2.305495316729614,2.816233772445822,0.2956915646422133,4.696700000000001,0.21,11.145,22.222,1.909,6.6182,5.541,17.095,29.501,2.671,1.771139999999999,4.819,6.891999999999998,6.940000000000001,0.47699999999999987,12,2,1,12,7,0.0,0.0,0.0,0.0,0.0
S0092,5.588563333333334,2.2965,14.3085,25.30933333333333,2.2546666666666666,0.725445751805278,2.0615302507578965,2.305495316729614,2.816233772445822,0.2956915646422133,4.696700000000001,0.21,11.145,22.222,1.909,6.6182,5.541,17.095,29.501,2.671,1.771139999999999,4.819,6.891999999999998,6.940000000000001,0.47699999999999987,12,2,1,12,7,0.0,0.0,0.0,0.0,0.0
S0093,5.588563333333334,2.2965,14.3085,25.30933333333333,2.2546666666666666,0.725445751805278,2.0615302507578965,2.305495316729614,2.816233772445822,0.2956915646422133,4.696700000000001,0.21,11.145,22.222,1.909,6.6182,5.541,17.095,29.501,2.671,1.771139999999999,4.819,6.891999999999998,6.940000000000001,0.47699999999999987,12,2,1,12,7,0.0,0.0,0.0,0.0,0.0
S0094,5.588563333333334,2.2965,14.3085,25.30933333333333,2.2546666666666666,0.725445751805278,2.0615302507578965,2.305495316729614,2.816233772445822,0.2956915646422133,4.696700000000001,0.21,11.145,22.222,1.909,6.6182,5.541,17.095,29.501,2.671,1.771139999999999,4.819,6.891999999999998,6.940000000000001,0.47699999999999987,12,2,1,12,7,0.0,0.0,0.0,0.0,0.0
S0095,5.588563333333334,2.2965,14.3085,25.30933333333333,2.2546666666666666,0.725445751805278,2.0615302507578965,2.305495316729614,2.816233772445822,0.2956915646422133,4.696700000000001,0.21,11.145,22.222,1.909,6.6182,5.541,17.095,29.501,2.671,1.771139999999999,4.819,6.891999999999998,6.940000000000001,0.47699999999999987,12,2,1,12,7,0.0,0.0,0.0,0.0,0.0
S0096,5.588563333333334,2.2965,14.3085,25.30933333333333,2.2546666666666666,0.725445751805278,2.0615302507578965,2.305495316729614,2.816233772445822,0.2956915646422133,4.696700000000001,0.21,11.145,22.222,1.909,6.6182,5.541,17.095,29.501,2.671,1.771139999999999,4.819,6.891999999999998,6.940000000000001,0.47699999999999987,12,2,1,12,7,0.0,0.0,0.0,0.0,0.0
S0097,5.588563333333334,3.042083333333333,14.098500000000001,25.002083333333335,2.3571666666666666,0.725445751805278,2.4130036012305953,2.4208869303236296,3.1147806742143795,0.3061421192826619,4.696700000000001,0.51,10.665,21.599,1.998,6.6182,6.509,17.016000000000002,29.907999999999998,2.7450000000000006,1.771139999999999,5.939,7.163999999999998,7.836999999999996,0.6480000000000001,12,2,1,12,7,0.0,0.0,0.0,0.0,0.0
S0098,5.588563333333334,2.61475,17.140666666666668,28.001249999999995,2.8485833333333335,0.725445751805278,2.334490015925059,2.244759249816304,2.876114489867107,0.38906113199055276,4.696700000000001,0.27,14.165,24.762999999999998,2.3369999999999997,6.6182,6.246,20.022000000000002,32.285000000000004,3.2809999999999997,1.771139999999999,5.795,6.776999999999999,7.195,0.7599999999999998,12,2,1,12,5,0.0,0.0,0.0,0.0,0.0
S0099,5.588563333333334,2.61475,17.140666666666668,28.001249999999995,2.8485833333333335,0.725445751805278,2.334490015925059,2.244759249816304,2.876114489867107,0.38906113199055276,4.696700000000001,0.27,14.165,24.762999999999998,2.3369999999999997,6.6182,6.246,20.022000000000002,32.285000000000004,3.2809999999999997,1.771139999999999,5.795,6.776999999999999,7.195,0.7599999999999998,12,2,1,12,5,0.0,0.0,0.0,0.0,0.0
S0100,5.588563333333334,2.61475,17.140666666666668,28.001249999999995,2.8485833333333335,0.725445751805278,2.334490015925059,2.244759249816304,2.876114489867107,0.38906113199055276,4.696700000000001,0.27,14.165,24.762999999999998,2.3369999999999997,6.6182,6.246,20.022000000000002,32.285000000000004,3.2809999999999997,1.771139999999999,5.795,6.776999999999999,7.195,0.7599999999999998,12,2,1,12,5,0.0,0.0,0.0,0.0,0.0
S0101,5.588563333333334,2.61475,17.140666666666668,28.001249999999995,2.8485833333333335,0.725445751805278,2.334490015925059,2.244759249816304,2.876114489867107,0.38906113199055276,4.696700000000001,0.27,14.165,24.762999999999998,2.3369999999999997,6.6182,6.246,20.022000000000002,32.285000000000004,3.2809999999999997,1.771139999999999,5.795,6.776999999999999,7.195,0.7599999999999998,12,2,1,12,5,0.0,0.0,0.0,0.0,0.0
S0102,5.588563333333334,2.61475,17.140666666666668,28.001249999999995,2.8485833333333335,0.725445751805278,2.334490015925059,2.244759249816304,2.876114489867107,0.38906113199055276,4.696700000000001,0.27,14.165,24.762999999999998,2.3369999999999997,6.6182,6.246,20.022000000000002,32.285000000000004,3.2809999999999997,1.771139999999999,5.795,6.776999999999999,7.195,0.7599999999999998,12,2,1,12,5,0.0,0.0,0.0,0.0,0.0
S0103,5.588563333333334,2.61475,17.140666666666668,28.001249999999995,2.8485833333333335,0.725445751805278,2.334490015925059,2.244759249816304,2.876114489867107,0.38906113199055276,4.696700000000001,0.27,14.165,24.762999999999998,2.3369999999999997,6.6182,6.246,20.022000000000002,32.285000000000004,3.2809999999999997,1.771139999999999,5.795,6.776999999999999,7.195,0.7599999999999998,12,2,1,12,5,0.0,0.0,0.0,0.0,0.0
S0104,5.539947499999999,2.504916666666667,18.08575,28.60758333333333,1.9055833333333334,0.7447629756571307,2.6355006846031017,2.096486321195057,2.9627258615694303,0.2973547123049709,4.6852599999999995,0.079,15.603,25.427,1.54,6.63251,6.454000000000001,20.811000000000003,32.772000000000006,2.322,1.8665400000000005,6.281999999999999,6.352000000000002,7.376000000000001,0.752,12,12,1,9,8,0.0,0.0,0.0,0.0,0.0
S0105,5.539947499999999,2.504916666666667,18.08575,28.60758333333333,1.9055833333333334,0.7447629756571307,2.6355006846031017,2.096486321195057,2.9627258615694303,0.2973547123049709,4.6852599999999995,0.079,15.603,25.427,1.54,6.63251,6.454000000000001,20.811000000000003,32.772000000000006,2.322,1.8665400000000005,6.281999999999999,6.352000000000002,7.376000000000001,0.752,12,12,1,9,8,0.0,0.0,0.0,0.0,0.0
S0106,5.539947499999999,2.504916666666667,18.08575,28.60758333333333,1.9055833333333334,0.7447629756571307,2.6355006846031017,2.096486321195057,2.9627258615694303,0.2973547123049709,4.6852599999999995,0.079,15.603,25.427,1.54,6.63251,6.454000000000001,20.811000000000003,32.772000000000006,2.322,1.8665400000000005,6.281999999999999,6.352000000000002,7.376000000000001,0.752,12,12,1,9,8,0.0,0.0,0.0,0.0,0.0
S0107,5.539947499999999,2.504916666666667,18.08575,28.60758333333333,1.9055833333333334,0.7447629756571307,2.6355006846031017,2.096486321195057,2.9627258615694303,0.2973547123049709,4.6852599999999995,0.079,15.603,25.427,1.54,6.63251,6.454000000000001,20.811000000000003,32.772000000000006,2.322,1.8665400000000005,6.281999999999999,6.352000000000002,7.376000000000001,0.752,12,12,1,9,8,0.0,0.0,0.0,0.0,0.0
S0108,5.539947499999999,2.504916666666667,18.08575,28.60758333333333,1.9055833333333334,0.7447629756571307,2.6355006846031017,2.096486321195057,2.9627258615694303,0.2973547123049709,4.6852599999999995,0.079,15.603,25.427,1.54,6.63251,6.454000000000001,20.811000000000003,32.772000000000006,2.322,1.8665400000000005,6.281999999999999,6.352000000000002,7.376000000000001,0.752,12,12,1,9,8,0.0,0.0,0.0,0.0,0.0
S0109,5.539947499999999,2.504916666666667,18.08575,28.60758333333333,1.9055833333333334,0.7447629756571307,2.6355006846031017,2.096486321195057,2.9627258615694303,0.2973547123049709,4.6852599999999995,0.079,15.603,25.427,1.54,6.63251,6.454000000000001,20.811000000000003,32.772000000000006,2.322,1.8665400000000005,6.281999999999999,6.352000000000002,7.376000000000001,0.752,12,12,1,9,8,0.0,0.0,0.0,0.0,0.0
S0110,5.539947499999999,2.504916666666667,18.08575,28.60758333333333,1.9055833333333334,0.7447629756571307,2.6355006846031017,2.096486321195057,2.9627258615694303,0.2973547123049709,4.6852599999999995,0.079,15.603,25.427,1.54,6.63251,6.454000000000001,20.811000000000003,32.772000000000006,2.322,1.8665400000000005,6.281999999999999,6.352000000000002,7.376000000000001,0.752,12,12,1,9,8,0.0,0.0,0.0,0.0,0.0
S0111,5.9687,2.504916666666667,18.08575,28.60758333333333,1.9055833333333334,0.7676433462610247,2.6355006846031017,2.096486321195057,2.9627258615694303,0.2973547123049709,4.98873,0.079,15.603,25.427,1.54,7.01062,6.454000000000001,20.811000000000003,32.772000000000006,2.322,2.2429500000000004,6.281999999999999,6.352000000000002,7.376000000000001,0.752,12,12,1,9,8,0.0,0.0,0.0,0.0,0.0
S0112,5.9687,2.504916666666667,18.08575,28.60758333333333,1.9055833333333334,0.7676433462610247,2.6355006846031017,2.096486321195057,2.9627258615694303,0.2973547123049709,4.98873,0.079,15.603,25.427,1.54,7.01062,6.454000000000001,20.811000000000003,32.772000000000006,2.322,2.2429500000000004,6.281999999999999,6.352000000000002,7.376000000000001,0.752,12,12,1,9,8,0.0,0.0,0.0,0.0,0.0
S0113,5.9687,2.504916666666667,18.08575,28.60758333333333,1.9055833333333334,0.7676433462610247,2.6355006846031017,2.096486321195057,2.9627258615694303,0.2973547123049709,4.98873,0.079,15.603,25.427,1.54,7.01062,6.454000000000001,20.811000000000003,32.772000000000006,2.322,2.2429500000000004,6.281999999999999,6.352000000000002,7.376000000000001,0.752,12,12,1,9,8,0.0,0.0,0.0,0.0,0.0
S0114,5.9687,2.504916666666667,18.08575,28.60758333333333,1.9055833333333334,0.7676433462610247,2.6355006846031017,2.096486321195057,2.9627258615694303,0.2973547123049709,4.98873,0.079,15.603,25.427,1.54,7.01062,6.454000000000001,20.811000000000003,32.772000000000006,2.322,2.2429500000000004,6.281999999999999,6.352000000000002,7.376000000000001,0.752,12,12,1,9,8,0.0,0.0,0.0,0.0,0.0
S0115,5.9687,2.6145,22.450249999999997,32.3785,2.0364166666666668,0.7676433462610247,2.8859435781273435,2.220664773849292,3.3329497496382157,0.31039902709642786,4.98873,0.04,19.878,28.455000000000002,1.65,7.01062,6.903000000000002,25.969,37.283,2.442,2.2429500000000004,6.947,6.235999999999997,8.855999999999998,0.7699999999999998,12,12,12,9,9,0.0,0.0,0.0,0.0,0.0
S0116,5.9687,2.6145,22.450249999999997,32.3785,2.0364166666666668,0.7676433462610247,2.8859435781273435,2.220664773849292,3.3329497496382157,0.31039902709642786,4.98873,0.04,19.878,28.455000000000002,1.65,7.01062,6.903000000000002,25.969,37.283,2.442,2.2429500000000004,6.947,6.235999999999997,8.855999999999998,0.7699999999999998,12,12,12,9,9,0.0,0.0,0.0,0.0,0.0
S0117,5.963677499999999,3.9465833333333338,25.947499999999998,32.471500000000006,2.6496666666666666,0.7040065529754342,5.0066816692830605,0.8006722490633532,1.7096786518047695,0.3139847808047881,5.1084,0.01,25.057,30.384,2.248,6.96713,11.581000000000012,26.964000000000002,34.76,3.041,2.02119,12.594000000000001,2.1650000000000027,4.555000000000003,0.8239999999999998,12,2,12,9,12,0.0,0.0,0.0,0.0,0.0
S0118,5.963677499999999,3.9465833333333338,25.947499999999998,32.471500000000006,2.6496666666666666,0.7040065529754342,5.0066816692830605,0.8006722490633532,1.7096786518047695,0.3139847808047881,5.1084,0.01,25.057,30.384,2.248,6.96713,11.581000000000012,26.964000000000002,34.76,3.041,2.02119,12.594000000000001,2.1650000000000027,4.555000000000003,0.8239999999999998,12,2,12,9,12,0.0,0.0,0.0,0.0,0.0
S0119,5.963677499999999,3.9465833333333338,25.947499999999998,32.471500000000006,2.6496666666666666,0.7040065529754342,5.0066816692830605,0.8006722490633532,1.7096786518047695,0.3139847808047881,5.1084,0.01,25.057,30.384,2.248,6.96713,11.581000000000012,26.964000000000002,34.76,3.041,2.02119,12.594000000000001,2.1650000000000027,4.555000000000003,0.8239999999999998,12,2,12,9,12,0.0,0.0,0.0,0.0,0.0
S0120,5.8184691666666675,2.7813333333333334,22.12183333333333,32.05233333333334,2.135583333333334,0.756473187003189,3.2920471864587766,1.6752278075780958,3.1622002587107727,0.39852626798557433,4.92277,0.01,20.085,28.451,1.64,6.91117,7.439,24.525,36.674,2.6840000000000006,2.20502,8.799,5.007999999999999,8.175999999999998,1.102,12,12,12,10,9,0.0,0.0,0.0,0.0,0.0
S0121,5.963677499999999,3.9465833333333338,25.947499999999998,32.471500000000006,2.6496666666666666,0.7040065529754342,5.0066816692830605,0.8006722490633532,1.7096786518047695,0.3139847808047881,5.1084,0.01,25.057,30.384,2.248,6.96713,11.581000000000012,26.964000000000002,34.76,3.041,2.02119,12.594000000000001,2.1650000000000027,4.555000000000003,0.8239999999999998,12,2,12,9,12,0.0,0.0,0.0,0.0,0.0
S0122,5.887910000000001,3.9465833333333338,25.947499999999998,32.471500000000006,2.6496666666666666,0.7339330180780873,5.0066816692830605,0.8006722490633532,1.7096786518047695,0.3139847808047881,5.03773,0.01,25.057,30.384,2.248,6.937740000000001,11.581000000000012,26.964000000000002,34.76,3.041,2.0703699999999996,12.594000000000001,2.1650000000000027,4.555000000000003,0.8239999999999998,12,2,12,9,12,0.0,0.0,0.0,0.0,0.0
S0123,5.9687,2.6145,22.450249999999997,32.3785,2.0364166666666668,0.7676433462610247,2.8859435781273435,2.220664773849292,3.3329497496382157,0.31039902709642786,4.98873,0.04,19.878,28.455000000000002,1.65,7.01062,6.903000000000002,25.969,37.283,2.442,2.2429500000000004,6.947,6.235999999999997,8.855999999999998,0.7699999999999998,12,12,12,9,9,0.0,0.0,0.0,0.0,0.0
S0124,5.9687,2.6145,22.450249999999997,32.3785,2.0364166666666668,0.7676433462610247,2.8859435781273435,2.220664773849292,3.3329497496382157,0.31039902709642786,4.98873,0.04,19.878,28.455000000000002,1.65,7.01062,6.903000000000002,25.969,37.283,2.442,2.2429500000000004,6.947,6.235999999999997,8.855999999999998,0.7699999999999998,12,12,12,9,9,0.0,0.0,0.0,0.0,0.0
S0125,5.9687,2.6191666666666666,22.959833333333336,32.34758333333333,1.9168333333333334,0.7676433462610247,2.915073138115101,2.052673593037096,3.25131880051419,0.29680365389190444,4.98873,0.03,20.6,28.657,1.56,7.01062,6.946000000000001,26.251,37.144,2.33,2.2429500000000004,7.0649999999999995,5.781000000000002,8.367999999999991,0.7690000000000001,12,12,12,9,9,0.0,0.0,0.0,0.0,0.0
S0126,5.9687,2.6191666666666666,22.959833333333336,32.34758333333333,1.9168333333333334,0.7676433462610247,2.915073138115101,2.052673593037096,3.25131880051419,0.29680365389190444,4.98873,0.03,20.6,28.657,1.56,7.01062,6.946000000000001,26.251,37.144,2.33,2.2429500000000004,7.0649999999999995,5.781000000000002,8.367999999999991,0.7690000000000001,12,12,12,9,9,0.0,0.0,0.0,0.0,0.0
S0127,5.8153999999999995,2.6398333333333333,20.999083333333335,31.437666666666665,2.1559999999999997,0.70554659113974,3.0141693347772422,1.6789462460718865,3.004905718213159,0.42141099521815556,4.976970000000001,0.019000000000000003,18.925,28.12,1.608,6.83072,7.181000000000001,23.426000000000002,35.865,2.6830000000000003,2.0221,8.139000000000001,4.811,7.819000000000003,1.1930000000000005,12,1,1,9,8,0.0,0.0,0.0,0.0,0.0
S0128,5.952304166666666,3.903916666666667,27.743083333333335,33.75933333333333,2.7633333333333336,0.6681261877486934,4.773650065828075,0.8751045995902945,1.3161535077727102,0.2780040908148726,5.13977,0.01,26.748,32.153,2.43,6.9394,10.473000000000003,28.932,35.529,3.1020000000000003,1.9481399999999995,13.057,2.3439999999999976,3.236000000000004,0.6760000000000002,12,2,12,9,12,0.0,0.0,0.0,0.0,0.0
S0129,5.9687,2.6145,22.450249999999997,32.3785,2.0364166666666668,0.7676433462610247,2.8859435781273435,2.220664773849292,3.3329497496382157,0.31039902709642786,4.98873,0.04,19.878,28.455000000000002,1.65,7.01062,6.903000000000002,25.969,37.283,2.442,2.2429500000000004,6.947,6.235999999999997,8.855999999999998,0.7699999999999998,12,12,12,9,9,0.0,0.0,0.0,0.0,0.0
S0130,5.9687,2.6145,22.450249999999997,32.3785,2.0364166666666668,0.7676433462610247,2.8859435781273435,2.220664773849292,3.3329497496382157,0.31039902709642786,4.98873,0.04,19.878,28.455000000000002,1.65,7.01062,6.903000000000002,25.969,37.283,2.442,2.2429500000000004,6.947,6.235999999999997,8.855999999999998,0.7699999999999998,12,12,12,9,9,0.0,0.0,0.0,0.0,0.0
S0131,5.9687,2.6145,22.450249999999997,32.3785,2.0364166666666668,0.7676433462610247,2.8859435781273435,2.220664773849292,3.3329497496382157,0.31039902709642786,4.98873,0.04,19.878,28.455000000000002,1.65,7.01062,6.903000000000002,25.969,37.283,2.442,2.2429500000000004,6.947,6.235999999999997,8.855999999999998,0.7699999999999998,12,12,12,9,9,0.0,0.0,0.0,0.0,0.0
S0132,5.9687,2.600916666666667,22.51758333333333,32.531083333333335,1.9939999999999998,0.7676433462610247,2.9462387347383836,2.135284601436458,3.4028425576257266,0.32210025058756386,4.98873,0.02,20.11,28.747,1.5890000000000002,7.01062,7.167000000000001,25.849,37.748000000000005,2.43,2.2429500000000004,7.485,6.122,9.003,0.8509999999999998,12,12,12,9,9,0.0,0.0,0.0,0.0,0.0
S0133,5.963677499999999,3.9465833333333338,25.947499999999998,32.471500000000006,2.6496666666666666,0.7040065529754342,5.0066816692830605,0.8006722490633532,1.7096786518047695,0.3139847808047881,5.1084,0.01,25.057,30.384,2.248,6.96713,11.581000000000012,26.964000000000002,34.76,3.041,2.02119,12.594000000000001,2.1650000000000027,4.555000000000003,0.8239999999999998,12,2,12,9,12,0.0,0.0,0.0,0.0,0.0
S0134,5.785024166666667,2.0178333333333334,24.44316666666667,34.54416666666666,2.337916666666667,0.903771382837648,2.4460268532758955,1.667477833414877,2.4794078255232854,0.35731467155688407,4.77368,0.01,22.424,31.72,1.95,7.144760000000001,5.898000000000002,26.799,38.293,2.902,2.6626200000000004,5.274,5.230999999999998,6.620999999999995,0.9729999999999999,12,4,1,12,11,0.0,0.0,0.0,0.0,0.0
S0135,5.906080000000001,2.2709166666666665,26.441083333333335,36.47325,2.4803333333333333,0.8393463839212513,3.019617649521164,1.3874956557329723,2.438864649239667,0.5263971937636455,4.87908,0.01,24.807,33.459,1.89,7.12103,6.368000000000005,28.445,40.186,3.311,2.5453,6.559,4.27,6.222999999999999,1.4209999999999996,12,4,1,10,11,0.0,0.0,0.0,0.0,0.0
S0136,5.906080000000001,2.8651666666666666,26.6615,33.59766666666667,2.7172500000000004,0.8393463839212513,3.6718470115447994,0.9176840140156259,1.3663813051811196,0.3836971023953069,4.87908,0.03,25.505000000000003,31.924,2.23,7.12103,7.947000000000002,27.876,35.52,3.211,2.5453,8.467,2.368999999999996,3.389000000000003,0.9550000000000001,12,4,1,10,12,0.0,0.0,0.0,0.0,0.0
S0137,5.906080000000001,2.8651666666666666,26.6615,33.59766666666667,2.7172500000000004,0.8393463839212513,3.6718470115447994,0.9176840140156259,1.3663813051811196,0.3836971023953069,4.87908,0.03,25.505000000000003,31.924,2.23,7.12103,7.947000000000002,27.876,35.52,3.211,2.5453,8.467,2.368999999999996,3.389000000000003,0.9550000000000001,12,4,1,10,12,0.0,0.0,0.0,0.0,0.0
S0138,5.854233333333334,2.8651666666666666,26.6615,33.59766666666667,2.7172500000000004,0.8435136675139966,3.6718470115447994,0.9176840140156259,1.3663813051811196,0.3836971023953069,4.84538,0.03,25.505000000000003,31.924,2.23,7.048100000000001,7.947000000000002,27.876,35.52,3.211,2.4679599999999997,8.467,2.368999999999996,3.389000000000003,0.9550000000000001,12,4,1,10,12,0.0,0.0,0.0,0.0,0.0
S0139,5.854233333333334,2.623083333333333,26.12383333333333,31.791083333333333,3.1544999999999996,0.8435136675139966,3.3204648848949945,1.0377425267477132,0.9957158615944676,0.3458246750628893,4.84538,0.04,24.669,30.61,2.709,7.048100000000001,7.560000000000003,27.392,33.108000000000004,3.59,2.4679599999999997,7.561000000000001,2.700999999999997,2.225999999999999,0.9060000000000001,12,4,2,1,12,0.0,0.0,0.0,0.0,0.0
S0140,5.9687,2.6145,22.450249999999997,32.3785,2.0364166666666668,0.7676433462610247,2.8859435781273435,2.220664773849292,3.3329497496382157,0.31039902709642786,4.98873,0.04,19.878,28.455000000000002,1.65,7.01062,6.903000000000002,25.969,37.283,2.442,2.2429500000000004,6.947,6.235999999999997,8.855999999999998,0.7699999999999998,12,12,12,9,9,0.0,0.0,0.0,0.0,0.0
S0141,5.9687,2.6191666666666666,22.959833333333336,32.34758333333333,1.9168333333333334,0.7676433462610247,2.915073138115101,2.052673593037096,3.25131880051419,0.29680365389190444,4.98873,0.03,20.6,28.657,1.56,7.01062,6.946000000000001,26.251,37.144,2.33,2.2429500000000004,7.0649999999999995,5.781000000000002,8.367999999999991,0.7690000000000001,12,12,12,9,9,0.0,0.0,0.0,0.0,0.0
S0142,6.010198333333333,2.6191666666666666,22.959833333333336,32.34758333333333,1.9168333333333334,0.8126564119372621,2.915073138115101,2.052673593037096,3.25131880051419,0.29680365389190444,4.98296,0.03,20.6,28.657,1.56,7.19045,6.946000000000001,26.251,37.144,2.33,2.453550000000001,7.0649999999999995,5.781000000000002,8.367999999999991,0.7690000000000001,12,12,12,9,9,0.0,0.0,0.0,0.0,0.0
S0143,6.010198333333333,2.6191666666666666,22.959833333333336,32.34758333333333,1.9168333333333334,0.8126564119372621,2.915073138115101,2.052673593037096,3.25131880051419,0.29680365389190444,4.98296,0.03,20.6,28.657,1.56,7.19045,6.946000000000001,26.251,37.144,2.33,2.453550000000001,7.0649999999999995,5.781000000000002,8.367999999999991,0.7690000000000001,12,12,12,9,9,0.0,0.0,0.0,0.0,0.0
S0144,6.010198333333333,2.2253333333333334,26.289333333333335,35.9,1.7415833333333335,0.8126564119372621,2.573724350199983,1.8725005675166402,3.30487569529393,0.4293007717918341,4.98296,0.02,24.483999999999998,31.726,1.3,7.19045,5.932000000000001,29.31,40.654,2.43,2.453550000000001,6.215000000000001,5.097999999999999,8.742999999999999,1.0980000000000003,12,1,12,9,10,0.0,0.0,0.0,0.0,0.0
S0145,5.9687,2.6145,22.450249999999997,32.3785,2.0364166666666668,0.7676433462610247,2.8859435781273435,2.220664773849292,3.3329497496382157,0.31039902709642786,4.98873,0.04,19.878,28.455000000000002,1.65,7.01062,6.903000000000002,25.969,37.283,2.442,2.2429500000000004,6.947,6.235999999999997,8.855999999999998,0.7699999999999998,12,12,12,9,9,0.0,0.0,0.0,0.0,0.0
S0146,5.9687,2.6145,22.450249999999997,32.3785,2.0364166666666668,0.7676433462610247,2.8859435781273435,2.220664773849292,3.3329497496382157,0.31039902709642786,4.98873,0.04,19.878,28.455000000000002,1.65,7.01062,6.903000000000002,25.969,37.283,2.442,2.2429500000000004,6.947,6.235999999999997,8.855999999999998,0.7699999999999998,12,12,12,9,9,0.0,0.0,0.0,0.0,0.0
S0147,5.9687,2.6145,22.450249999999997,32.3785,2.0364166666666668,0.7676433462610247,2.8859435781273435,2.220664773849292,3.3329497496382157,0.31039902709642786,4.98873,0.04,19.878,28.455000000000002,1.65,7.01062,6.903000000000002,25.969,37.283,2.442,2.2429500000000004,6.947,6.235999999999997,8.855999999999998,0.7699999999999998,12,12,12,9,9,0.0,0.0,0.0,0.0,0.0
S0148,5.9687,2.6145,22.450249999999997,32.3785,2.0364166666666668,0.7676433462610247,2.8859435781273435,2.220664773849292,3.3329497496382157,0.31039902709642786,4.98873,0.04,19.878,28.455000000000002,1.65,7.01062,6.903000000000002,25.969,37.283,2.442,2.2429500000000004,6.947,6.235999999999997,8.855999999999998,0.7699999999999998,12,12,12,9,9,0.0,0.0,0.0,0.0,0.0
S0149,5.9687,2.6145,22.450249999999997,32.3785,2.0364166666666668,0.7676433462610247,2.8859435781273435,2.220664773849292,3.3329497496382157,0.31039902709642786,4.98873,0.04,19.878,28.455000000000002,1.65,7.01062,6.903000000000002,25.969,37.283,2.442,2.2429500000000004,6.947,6.235999999999997,8.855999999999998,0.7699999999999998,12,12,12,9,9,0.0,0.0,0.0,0.0,0.0
S0150,5.9687,2.6145,22.450249999999997,32.3785,2.0364166666666668,0.7676433462610247,2.8859435781273435,2.220664773849292,3.3329497496382157,0.31039902709642786,4.98873,0.04,19.878,28.455000000000002,1.65,7.01062,6.903000000000002,25.969,37.283,2.442,2.2429500000000004,6.947,6.235999999999997,8.855999999999998,0.7699999999999998,12,12,12,9,9,0.0,0.0,0.0,0.0,0.0
S0151,5.9687,2.6145,22.450249999999997,32.3785,2.0364166666666668,0.7676433462610247,2.8859435781273435,2.220664773849292,3.3329497496382157,0.31039902709642786,4.98873,0.04,19.878,28.455000000000002,1.65,7.01062,6.903000000000002,25.969,37.283,2.442,2.2429500000000004,6.947,6.235999999999997,8.855999999999998,0.7699999999999998,12,12,12,9,9,0.0,0.0,0.0,0.0,0.0
S0152,5.9687,2.6145,22.450249999999997,32.3785,2.0364166666666668,0.7676433462610247,2.8859435781273435,2.220664773849292,3.3329497496382157,0.31039902709642786,4.98873,0.04,19.878,28.455000000000002,1.65,7.01062,6.903000000000002,25.969,37.283,2.442,2.2429500000000004,6.947,6.235999999999997,8.855999999999998,0.7699999999999998,12,12,12,9,9,0.0,0.0,0.0,0.0,0.0
S0153,5.9687,2.6145,22.450249999999997,32.3785,2.0364166666666668,0.7676433462610247,2.8859435781273435,2.220664773849292,3.3329497496382157,0.31039902709642786,4.98873,0.04,19.878,28.455000000000002,1.65,7.01062,6.903000000000002,25.969,37.283,2.442,2.2429500000000004,6.947,6.235999999999997,8.855999999999998,0.7699999999999998,12,12,12,9,9,0.0,0.0,0.0,0.0,0.0
S0154,5.8184691666666675,2.7813333333333334,22.12183333333333,32.05233333333334,2.135583333333334,0.756473187003189,3.2920471864587766,1.6752278075780958,3.1622002587107727,0.39852626798557433,4.92277,0.01,20.085,28.451,1.64,6.91117,7.439,24.525,36.674,2.6840000000000006,2.20502,8.799,5.007999999999999,8.175999999999998,1.102,12,12,12,10,9,0.0,0.0,0.0,0.0,0.0
S0155,5.8184691666666675,2.7813333333333334,22.12183333333333,32.05233333333334,2.135583333333334,0.756473187003189,3.2920471864587766,1.6752278075780958,3.1622002587107727,0.39852626798557433,4.92277,0.01,20.085,28.451,1.64,6.91117,7.439,24.525,36.674,2.6840000000000006,2.20502,8.799,5.007999999999999,8.175999999999998,1.102,12,12,12,10,9,0.0,0.0,0.0,0.0,0.0
S0156,5.8184691666666675,2.7813333333333334,22.12183333333333,32.05233333333334,2.135583333333334,0.756473187003189,3.2920471864587766,1.6752278075780958,3.1622002587107727,0.39852626798557433,4.92277,0.01,20.085,28.451,1.64,6.91117,7.439,24.525,36.674,2.6840000000000006,2.20502,8.799,5.007999999999999,8.175999999999998,1.102,12,12,12,10,9,0.0,0.0,0.0,0.0,0.0
S0157,5.8184691666666675,2.7813333333333334,22.12183333333333,32.05233333333334,2.135583333333334,0.756473187003189,3.2920471864587766,1.6752278075780958,3.1622002587107727,0.39852626798557433,4.92277,0.01,20.085,28.451,1.64,6.91117,7.439,24.525,36.674,2.6840000000000006,2.20502,8.799,5.007999999999999,8.175999999999998,1.102,12,12,12,10,9,0.0,0.0,0.0,0.0,0.0
S0158,5.8153999999999995,2.6398333333333333,20.999083333333335,31.437666666666665,2.1559999999999997,0.70554659113974,3.0141693347772422,1.6789462460718865,3.004905718213159,0.42141099521815556,4.976970000000001,0.019000000000000003,18.925,28.12,1.608,6.83072,7.181000000000001,23.426000000000002,35.865,2.6830000000000003,2.0221,8.139000000000001,4.811,7.819000000000003,1.1930000000000005,12,1,1,9,8,0.0,0.0,0.0,0.0,0.0
S0159,5.8153999999999995,2.3209166666666667,22.738416666666662,33.501333333333335,2.1712499999999997,0.70554659113974,2.5663969432471125,2.059363936979079,2.9569865802628086,0.4133884625971114,4.976970000000001,0.02,20.322,30.041,1.61,6.83072,6.196000000000003,25.873,38.047,2.671,2.0221,6.548,5.709000000000003,8.163000000000004,1.025,12,12,1,9,9,0.0,0.0,0.0,0.0,0.0
S0160,5.8153999999999995,2.3209166666666667,22.738416666666662,33.501333333333335,2.1712499999999997,0.70554659113974,2.5663969432471125,2.059363936979079,2.9569865802628086,0.4133884625971114,4.976970000000001,0.02,20.322,30.041,1.61,6.83072,6.196000000000003,25.873,38.047,2.671,2.0221,6.548,5.709000000000003,8.163000000000004,1.025,12,12,1,9,9,0.0,0.0,0.0,0.0,0.0
S0161,5.8153999999999995,2.3209166666666667,22.738416666666662,33.501333333333335,2.1712499999999997,0.70554659113974,2.5663969432471125,2.059363936979079,2.9569865802628086,0.4133884625971114,4.976970000000001,0.02,20.322,30.041,1.61,6.83072,6.196000000000003,25.873,38.047,2.671,2.0221,6.548,5.709000000000003,8.163000000000004,1.025,12,12,1,9,9,0.0,0.0,0.0,0.0,0.0
S0162,5.8184691666666675,2.7813333333333334,22.12183333333333,32.05233333333334,2.135583333333334,0.756473187003189,3.2920471864587766,1.6752278075780958,3.1622002587107727,0.39852626798557433,4.92277,0.01,20.085,28.451,1.64,6.91117,7.439,24.525,36.674,2.6840000000000006,2.20502,8.799,5.007999999999999,8.175999999999998,1.102,12,12,12,10,9,0.0,0.0,0.0,0.0,0.0
S0163,5.8184691666666675,2.7813333333333334,22.12183333333333,32.05233333333334,2.135583333333334,0.756473187003189,3.2920471864587766,1.6752278075780958,3.1622002587107727,0.39852626798557433,4.92277,0.01,20.085,28.451,1.64,6.91117,7.439,24.525,36.674,2.6840000000000006,2.20502,8.799,5.007999999999999,8.175999999999998,1.102,12,12,12,10,9,0.0,0.0,0.0,0.0,0.0
S0164,5.8184691666666675,2.7813333333333334,22.12183333333333,32.05233333333334,2.135583333333334,0.756473187003189,3.2920471864587766,1.6752278075780958,3.1622002587107727,0.39852626798557433,4.92277,0.01,20.085,28.451,1.64,6.91117,7.439,24.525,36.674,2.6840000000000006,2.20502,8.799,5.007999999999999,8.175999999999998,1.102,12,12,12,10,9,0.0,0.0,0.0,0.0,0.0
S0165,5.8184691666666675,2.7813333333333334,22.12183333333333,32.05233333333334,2.135583333333334,0.756473187003189,3.2920471864587766,1.6752278075780958,3.1622002587107727,0.39852626798557433,4.92277,0.01,20.085,28.451,1.64,6.91117,7.439,24.525,36.674,2.6840000000000006,2.20502,8.799,5.007999999999999,8.175999999999998,1.102,12,12,12,10,9,0.0,0.0,0.0,0.0,0.0
S0166,5.8184691666666675,3.423333333333333,24.964666666666666,33.01875,2.4798333333333336,0.756473187003189,4.232617112266077,1.074566110078841,2.3675692468554033,0.3061799968583684,4.92277,0.01,23.86,30.133,2.109,6.91117,10.023000000000003,26.497999999999998,35.823,2.891,2.20502,11.290000000000001,3.166999999999998,5.943000000000001,0.7119999999999997,12,1,12,9,12,0.0,0.0,0.0,0.0,0.0
S0167,5.8184691666666675,3.423333333333333,24.964666666666666,33.01875,2.4798333333333336,0.756473187003189,4.232617112266077,1.074566110078841,2.3675692468554033,0.3061799968583684,4.92277,0.01,23.86,30.133,2.109,6.91117,10.023000000000003,26.497999999999998,35.823,2.891,2.20502,11.290000000000001,3.166999999999998,5.943000000000001,0.7119999999999997,12,1,12,9,12,0.0,0.0,0.0,0.0,0.0
S0168,5.8184691666666675,3.423333333333333,24.964666666666666,33.01875,2.4798333333333336,0.756473187003189,4.232617112266077,1.074566110078841,2.3675692468554033,0.3061799968583684,4.92277,0.01,23.86,30.133,2.109,6.91117,10.023000000000003,26.497999999999998,35.823,2.891,2.20502,11.290000000000001,3.166999999999998,5.943000000000001,0.7119999999999997,12,1,12,9,12,0.0,0.0,0.0,0.0,0.0
S0169,5.8184691666666675,3.423333333333333,24.964666666666666,33.01875,2.4798333333333336,0.756473187003189,4.232617112266077,1.074566110078841,2.3675692468554033,0.3061799968583684,4.92277,0.01,23.86,30.133,2.109,6.91117,10.023000000000003,26.497999999999998,35.823,2.891,2.20502,11.290000000000001,3.166999999999998,5.943000000000001,0.7119999999999997,12,1,12,9,12,0.0,0.0,0.0,0.0,0.0
S0170,5.8184691666666675,3.9465833333333338,25.947499999999998,32.471500000000006,2.6496666666666666,0.756473187003189,5.0066816692830605,0.8006722490633532,1.7096786518047695,0.3139847808047881,4.92277,0.01,25.057,30.384,2.248,6.91117,11.581000000000012,26.964000000000002,34.76,3.041,2.20502,12.594000000000001,2.1650000000000027,4.555000000000003,0.8239999999999998,12,2,12,9,12,0.0,0.0,0.0,0.0,0.0
S0171,5.963677499999999,3.9465833333333338,25.947499999999998,32.471500000000006,2.6496666666666666,0.7040065529754342,5.0066816692830605,0.8006722490633532,1.7096786518047695,0.3139847808047881,5.1084,0.01,25.057,30.384,2.248,6.96713,11.581000000000012,26.964000000000002,34.76,3.041,2.02119,12.594000000000001,2.1650000000000027,4.555000000000003,0.8239999999999998,12,2,12,9,12,0.0,0.0,0.0,0.0,0.0
S0172,5.8184691666666675,2.7813333333333334,22.12183333333333,32.05233333333334,2.135583333333334,0.756473187003189,3.2920471864587766,1.6752278075780958,3.1622002587107727,0.39852626798557433,4.92277,0.01,20.085,28.451,1.64,6.91117,7.439,24.525,36.674,2.6840000000000006,2.20502,8.799,5.007999999999999,8.175999999999998,1.102,12,12,12,10,9,0.0,0.0,0.0,0.0,0.0
S0173,5.8184691666666675,2.7813333333333334,22.12183333333333,32.05233333333334,2.135583333333334,0.756473187003189,3.2920471864587766,1.6752278075780958,3.1622002587107727,0.39852626798557433,4.92277,0.01,20.085,28.451,1.64,6.91117,7.439,24.525,36.674,2.6840000000000006,2.20502,8.799,5.007999999999999,8.175999999999998,1.102,12,12,12,10,9,0.0,0.0,0.0,0.0,0.0
S0174,5.8184691666666675,2.7813333333333334,22.12183333333333,32.05233333333334,2.135583333333334,0.756473187003189,3.2920471864587766,1.6752278075780958,3.1622002587107727,0.39852626798557433,4.92277,0.01,20.085,28.451,1.64,6.91117,7.439,24.525,36.674,2.6840000000000006,2.20502,8.799,5.007999999999999,8.175999999999998,1.102,12,12,12,10,9,0.0,0.0,0.0,0.0,0.0
S0175,5.9687,2.504916666666667,18.08575,28.60758333333333,1.9055833333333334,0.7676433462610247,2.6355006846031017,2.096486321195057,2.9627258615694303,0.2973547123049709,4.98873,0.079,15.603,25.427,1.54,7.01062,6.454000000000001,20.811000000000003,32.772000000000006,2.322,2.2429500000000004,6.281999999999999,6.352000000000002,7.376000000000001,0.752,12,12,1,9,8,0.0,0.0,0.0,0.0,0.0
S0176,5.9687,2.504916666666667,18.08575,28.60758333333333,1.9055833333333334,0.7676433462610247,2.6355006846031017,2.096486321195057,2.9627258615694303,0.2973547123049709,4.98873,0.079,15.603,25.427,1.54,7.01062,6.454000000000001,20.811000000000003,32.772000000000006,2.322,2.2429500000000004,6.281999999999999,6.352000000000002,7.376000000000001,0.752,12,12,1,9,8,0.0,0.0,0.0,0.0,0.0
S0177,5.9687,2.504916666666667,18.08575,28.60758333333333,1.9055833333333334,0.7676433462610247,2.6355006846031017,2.096486321195057,2.9627258615694303,0.2973547123049709,4.98873,0.079,15.603,25.427,1.54,7.01062,6.454000000000001,20.811000000000003,32.772000000000006,2.322,2.2429500000000004,6.281999999999999,6.352000000000002,7.376000000000001,0.752,12,12,1,9,8,0.0,0.0,0.0,0.0,0.0
S0178,5.9687,2.504916666666667,18.08575,28.60758333333333,1.9055833333333334,0.7676433462610247,2.6355006846031017,2.096486321195057,2.9627258615694303,0.2973547123049709,4.98873,0.079,15.603,25.427,1.54,7.01062,6.454000000000001,20.811000000000003,32.772000000000006,2.322,2.2429500000000004,6.281999999999999,6.352000000000002,7.376000000000001,0.752,12,12,1,9,8,0.0,0.0,0.0,0.0,0.0
S0179,5.9687,2.504916666666667,18.08575,28.60758333333333,1.9055833333333334,0.7676433462610247,2.6355006846031017,2.096486321195057,2.9627258615694303,0.2973547123049709,4.98873,0.079,15.603,25.427,1.54,7.01062,6.454000000000001,20.811000000000003,32.772000000000006,2.322,2.2429500000000004,6.281999999999999,6.352000000000002,7.376000000000001,0.752,12,12,1,9,8,0.0,0.0,0.0,0.0,0.0
S0180,5.9687,2.6145,22.450249999999997,32.3785,2.0364166666666668,0.7676433462610247,2.8859435781273435,2.220664773849292,3.3329497496382157,0.31039902709642786,4.98873,0.04,19.878,28.455000000000002,1.65,7.01062,6.903000000000002,25.969,37.283,2.442,2.2429500000000004,6.947,6.235999999999997,8.855999999999998,0.7699999999999998,12,12,12,9,9,0.0,0.0,0.0,0.0,0.0
S0181,5.9687,2.6145,22.450249999999997,32.3785,2.0364166666666668,0.7676433462610247,2.8859435781273435,2.220664773849292,3.3329497496382157,0.31039902709642786,4.98873,0.04,19.878,28.455000000000002,1.65,7.01062,6.903000000000002,25.969,37.283,2.442,2.2429500000000004,6.947,6.235999999999997,8.855999999999998,0.7699999999999998,12,12,12,9,9,0.0,0.0,0.0,0.0,0.0
S0182,5.9687,2.6145,22.450249999999997,32.3785,2.0364166666666668,0.7676433462610247,2.8859435781273435,2.220664773849292,3.3329497496382157,0.31039902709642786,4.98873,0.04,19.878,28.455000000000002,1.65,7.01062,6.903000000000002,25.969,37.283,2.442,2.2429500000000004,6.947,6.235999999999997,8.855999999999998,0.7699999999999998,12,12,12,9,9,0.0,0.0,0.0,0.0,0.0
S0183,5.9687,2.6145,22.450249999999997,32.3785,2.0364166666666668,0.7676433462610247,2.8859435781273435,2.220664773849292,3.3329497496382157,0.31039902709642786,4.98873,0.04,19.878,28.455000000000002,1.65,7.01062,6.903000000000002,25.969,37.283,2.442,2.2429500000000004,6.947,6.235999999999997,8.855999999999998,0.7699999999999998,12,12,12,9,9,0.0,0.0,0.0,0.0,0.0
S0184,5.9687,2.6145,22.450249999999997,32.3785,2.0364166666666668,0.7676433462610247,2.8859435781273435,2.220664773849292,3.3329497496382157,0.31039902709642786,4.98873,0.04,19.878,28.455000000000002,1.65,7.01062,6.903000000000002,25.969,37.283,2.442,2.2429500000000004,6.947,6.235999999999997,8.855999999999998,0.7699999999999998,12,12,12,9,9,0.0,0.0,0.0,0.0,0.0
S0185,5.9687,2.6145,22.450249999999997,32.3785,2.0364166666666668,0.7676433462610247,2.8859435781273435,2.220664773849292,3.3329497496382157,0.31039902709642786,4.98873,0.04,19.878,28.455000000000002,1.65,7.01062,6.903000000000002,25.969,37.283,2.442,2.2429500000000004,6.947,6.235999999999997,8.855999999999998,0.7699999999999998,12,12,12,9,9,0.0,0.0,0.0,0.0,0.0
S0186,5.9687,2.6145,22.450249999999997,32.3785,2.0364166666666668,0.7676433462610247,2.8859435781273435,2.220664773849292,3.3329497496382157,0.31039902709642786,4.98873,0.04,19.878,28.455000000000002,1.65,7.01062,6.903000000000002,25.969,37.283,2.442,2.2429500000000004,6.947,6.235999999999997,8.855999999999998,0.7699999999999998,12,12,12,9,9,0.0,0.0,0.0,0.0,0.0
S0187,5.9687,2.6145,22.450249999999997,32.3785,2.0364166666666668,0.7676433462610247,2.8859435781273435,2.220664773849292,3.3329497496382157,0.31039902709642786,4.98873,0.04,19.878,28.455000000000002,1.65,7.01062,6.903000000000002,25.969,37.283,2.442,2.2429500000000004,6.947,6.235999999999997,8.855999999999998,0.7699999999999998,12,12,12,9,9,0.0,0.0,0.0,0.0,0.0
S0188,5.9687,2.6145,22.450249999999997,32.3785,2.0364166666666668,0.7676433462610247,2.8859435781273435,2.220664773849292,3.3329497496382157,0.31039902709642786,4.98873,0.04,19.878,28.455000000000002,1.65,7.01062,6.903000000000002,25.969,37.283,2.442,2.2429500000000004,6.947,6.235999999999997,8.855999999999998,0.7699999999999998,12,12,12,9,9,0.0,0.0,0.0,0.0,0.0
S0189,5.9687,2.600916666666667,22.51758333333333,32.531083333333335,1.9939999999999998,0.7676433462610247,2.9462387347383836,2.135284601436458,3.4028425576257266,0.32210025058756386,4.98873,0.02,20.11,28.747,1.5890000000000002,7.01062,7.167000000000001,25.849,37.748000000000005,2.43,2.2429500000000004,7.485,6.122,9.003,0.8509999999999998,12,12,12,9,9,0.0,0.0,0.0,0.0,0.0
S0190,5.9687,2.600916666666667,22.51758333333333,32.531083333333335,1.9939999999999998,0.7676433462610247,2.9462387347383836,2.135284601436458,3.4028425576257266,0.32210025058756386,4.98873,0.02,20.11,28.747,1.5890000000000002,7.01062,7.167000000000001,25.849,37.748000000000005,2.43,2.2429500000000004,7.485,6.122,9.003,0.8509999999999998,12,12,12,9,9,0.0,0.0,0.0,0.0,0.0
S0191,5.8184691666666675,2.600916666666667,22.51758333333333,32.531083333333335,1.9939999999999998,0.756473187003189,2.9462387347383836,2.135284601436458,3.4028425576257266,0.32210025058756386,4.92277,0.02,20.11,28.747,1.5890000000000002,6.91117,7.167000000000001,25.849,37.748000000000005,2.43,2.20502,7.485,6.122,9.003,0.8509999999999998,12,12,12,9,9,0.0,0.0,0.0,0.0,0.0
S0192,5.8184691666666675,2.600916666666667,22.51758333333333,32.531083333333335,1.9939999999999998,0.756473187003189,2.9462387347383836,2.135284601436458,3.4028425576257266,0.32210025058756386,4.92277,0.02,20.11,28.747,1.5890000000000002,6.91117,7.167000000000001,25.849,37.748000000000005,2.43,2.20502,7.485,6.122,9.003,0.8509999999999998,12,12,12,9,9,0.0,0.0,0.0,0.0,0.0
S0193,5.8184691666666675,2.7813333333333334,22.12183333333333,32.05233333333334,2.135583333333334,0.756473187003189,3.2920471864587766,1.6752278075780958,3.1622002587107727,0.39852626798557433,4.92277,0.01,20.085,28.451,1.64,6.91117,7.439,24.525,36.674,2.6840000000000006,2.20502,8.799,5.007999999999999,8.175999999999998,1.102,12,12,12,10,9,0.0,0.0,0.0,0.0,0.0
S0194,5.963677499999999,3.9465833333333338,25.947499999999998,32.471500000000006,2.6496666666666666,0.7040065529754342,5.0066816692830605,0.8006722490633532,1.7096786518047695,0.3139847808047881,5.1084,0.01,25.057,30.384,2.248,6.96713,11.581000000000012,26.964000000000002,34.76,3.041,2.02119,12.594000000000001,2.1650000000000027,4.555000000000003,0.8239999999999998,12,2,12,9,12,0.0,0.0,0.0,0.0,0.0
S0195,5.963677499999999,3.9465833333333338,25.947499999999998,32.471500000000006,2.6496666666666666,0.7040065529754342,5.0066816692830605,0.8006722490633532,1.7096786518047695,0.3139847808047881,5.1084,0.01,25.057,30.384,2.248,6.96713,11.581000000000012,26.964000000000002,34.76,3.041,2.02119,12.594000000000001,2.1650000000000027,4.555000000000003,0.8239999999999998,12,2,12,9,12,0.0,0.0,0.0,0.0,0.0
S0196,5.963677499999999,3.9465833333333338,25.947499999999998,32.471500000000006,2.6496666666666666,0.7040065529754342,5.0066816692830605,0.8006722490633532,1.7096786518047695,0.3139847808047881,5.1084,0.01,25.057,30.384,2.248,6.96713,11.581000000000012,26.964000000000002,34.76,3.041,2.02119,12.594000000000001,2.1650000000000027,4.555000000000003,0.8239999999999998,12,2,12,9,12,0.0,0.0,0.0,0.0,0.0
S0197,5.9687,2.504916666666667,18.08575,28.60758333333333,1.9055833333333334,0.7676433462610247,2.6355006846031017,2.096486321195057,2.9627258615694303,0.2973547123049709,4.98873,0.079,15.603,25.427,1.54,7.01062,6.454000000000001,20.811000000000003,32.772000000000006,2.322,2.2429500000000004,6.281999999999999,6.352000000000002,7.376000000000001,0.752,12,12,1,9,8,0.0,0.0,0.0,0.0,0.0
S0198,5.9687,2.504916666666667,18.08575,28.60758333333333,1.9055833333333334,0.7676433462610247,2.6355006846031017,2.096486321195057,2.9627258615694303,0.2973547123049709,4.98873,0.079,15.603,25.427,1.54,7.01062,6.454000000000001,20.811000000000003,32.772000000000006,2.322,2.2429500000000004,6.281999999999999,6.352000000000002,7.376000000000001,0.752,12,12,1,9,8,0.0,0.0,0.0,0.0,0.0
S0199,5.9687,2.504916666666667,18.08575,28.60758333333333,1.9055833333333334,0.7676433462610247,2.6355006846031017,2.096486321195057,2.9627258615694303,0.2973547123049709,4.98873,0.079,15.603,25.427,1.54,7.01062,6.454000000000001,20.811000000000003,32.772000000000006,2.322,2.2429500000000004,6.281999999999999,6.352000000000002,7.376000000000001,0.752,12,12,1,9,8,0.0,0.0,0.0,0.0,0.0
S0200,5.9687,2.504916666666667,18.08575,28.60758333333333,1.9055833333333334,0.7676433462610247,2.6355006846031017,2.096486321195057,2.9627258615694303,0.2973547123049709,4.98873,0.079,15.603,25.427,1.54,7.01062,6.454000000000001,20.811000000000003,32.772000000000006,2.322,2.2429500000000004,6.281999999999999,6.352000000000002,7.376000000000001,0.752,12,12,1,9,8,0.0,0.0,0.0,0.0,0.0
S0201,5.9687,2.504916666666667,18.08575,28.60758333333333,1.9055833333333334,0.7676433462610247,2.6355006846031017,2.096486321195057,2.9627258615694303,0.2973547123049709,4.98873,0.079,15.603,25.427,1.54,7.01062,6.454000000000001,20.811000000000003,32.772000000000006,2.322,2.2429500000000004,6.281999999999999,6.352000000000002,7.376000000000001,0.752,12,12,1,9,8,0.0,0.0,0.0,0.0,0.0
S0202,5.9687,2.6145,22.450249999999997,32.3785,2.0364166666666668,0.7676433462610247,2.8859435781273435,2.220664773849292,3.3329497496382157,0.31039902709642786,4.98873,0.04,19.878,28.455000000000002,1.65,7.01062,6.903000000000002,25.969,37.283,2.442,2.2429500000000004,6.947,6.235999999999997,8.855999999999998,0.7699999999999998,12,12,12,9,9,0.0,0.0,0.0,0.0,0.0
S0203,5.9687,2.6145,22.450249999999997,32.3785,2.0364166666666668,0.7676433462610247,2.8859435781273435,2.220664773849292,3.3329497496382157,0.31039902709642786,4.98873,0.04,19.878,28.455000000000002,1.65,7.01062,6.903000000000002,25.969,37.283,2.442,2.2429500000000004,6.947,6.235999999999997,8.855999999999998,0.7699999999999998,12,12,12,9,9,0.0,0.0,0.0,0.0,0.0
S0204,5.9687,2.6145,22.450249999999997,32.3785,2.0364166666666668,0.7676433462610247,2.8859435781273435,2.220664773849292,3.3329497496382157,0.31039902709642786,4.98873,0.04,19.878,28.455000000000002,1.65,7.01062,6.903000000000002,25.969,37.283,2.442,2.2429500000000004,6.947,6.235999999999997,8.855999999999998,0.7699999999999998,12,12,12,9,9,0.0,0.0,0.0,0.0,0.0
S0205,5.9687,2.6145,22.450249999999997,32.3785,2.0364166666666668,0.7676433462610247,2.8859435781273435,2.220664773849292,3.3329497496382157,0.31039902709642786,4.98873,0.04,19.878,28.455000000000002,1.65,7.01062,6.903000000000002,25.969,37.283,2.442,2.2429500000000004,6.947,6.235999999999997,8.855999999999998,0.7699999999999998,12,12,12,9,9,0.0,0.0,0.0,0.0,0.0
S0206,5.9687,2.6145,22.450249999999997,32.3785,2.0364166666666668,0.7676433462610247,2.8859435781273435,2.220664773849292,3.3329497496382157,0.31039902709642786,4.98873,0.04,19.878,28.455000000000002,1.65,7.01062,6.903000000000002,25.969,37.283,2.442,2.2429500000000004,6.947,6.235999999999997,8.855999999999998,0.7699999999999998,12,12,12,9,9,0.0,0.0,0.0,0.0,0.0
S0207,5.9687,2.6145,22.450249999999997,32.3785,2.0364166666666668,0.7676433462610247,2.8859435781273435,2.220664773849292,3.3329497496382157,0.31039902709642786,4.98873,0.04,19.878,28.455000000000002,1.65,7.01062,6.903000000000002,25.969,37.283,2.442,2.2429500000000004,6.947,6.235999999999997,8.855999999999998,0.7699999999999998,12,12,12,9,9,0.0,0.0,0.0,0.0,0.0
S0208,5.9687,2.600916666666667,22.51758333333333,32.531083333333335,1.9939999999999998,0.7676433462610247,2.9462387347383836,2.135284601436458,3.4028425576257266,0.32210025058756386,4.98873,0.02,20.11,28.747,1.5890000000000002,7.01062,7.167000000000001,25.849,37.748000000000005,2.43,2.2429500000000004,7.485,6.122,9.003,0.8509999999999998,12,12,12,9,9,0.0,0.0,0.0,0.0,0.0
S0209,5.8184691666666675,2.7813333333333334,22.12183333333333,32.05233333333334,2.135583333333334,0.756473187003189,3.2920471864587766,1.6752278075780958,3.1622002587107727,0.39852626798557433,4.92277,0.01,20.085,28.451,1.64,6.91117,7.439,24.525,36.674,2.6840000000000006,2.20502,8.799,5.007999999999999,8.175999999999998,1.102,12,12,12,10,9,0.0,0.0,0.0,0.0,0.0
S0210,5.8184691666666675,2.7813333333333334,22.12183333333333,32.05233333333334,2.135583333333334,0.756473187003189,3.2920471864587766,1.6752278075780958,3.1622002587107727,0.39852626798557433,4.92277,0.01,20.085,28.451,1.64,6.91117,7.439,24.525,36.674,2.6840000000000006,2.20502,8.799,5.007999999999999,8.175999999999998,1.102,12,12,12,10,9,0.0,0.0,0.0,0.0,0.0
S0211,5.8184691666666675,3.423333333333333,24.964666666666666,33.01875,2.4798333333333336,0.756473187003189,4.232617112266077,1.074566110078841,2.3675692468554033,0.3061799968583684,4.92277,0.01,23.86,30.133,2.109,6.91117,10.023000000000003,26.497999999999998,35.823,2.891,2.20502,11.290000000000001,3.166999999999998,5.943000000000001,0.7119999999999997,12,1,12,9,12,0.0,0.0,0.0,0.0,0.0
S0212,5.963677499999999,3.9465833333333338,25.947499999999998,32.471500000000006,2.6496666666666666,0.7040065529754342,5.0066816692830605,0.8006722490633532,1.7096786518047695,0.3139847808047881,5.1084,0.01,25.057,30.384,2.248,6.96713,11.581000000000012,26.964000000000002,34.76,3.041,2.02119,12.594000000000001,2.1650000000000027,4.555000000000003,0.8239999999999998,12,2,12,9,12,0.0,0.0,0.0,0.0,0.0
S0213,5.963677499999999,3.9465833333333338,25.947499999999998,32.471500000000006,2.6496666666666666,0.7040065529754342,5.0066816692830605,0.8006722490633532,1.7096786518047695,0.3139847808047881,5.1084,0.01,25.057,30.384,2.248,6.96713,11.581000000000012,26.964000000000002,34.76,3.041,2.02119,12.594000000000001,2.1650000000000027,4.555000000000003,0.8239999999999998,12,2,12,9,12,0.0,0.0,0.0,0.0,0.0
S0214,6.010198333333333,2.2253333333333334,26.289333333333335,35.9,1.7415833333333335,0.8126564119372621,2.573724350199983,1.8725005675166402,3.30487569529393,0.4293007717918341,4.98296,0.02,24.483999999999998,31.726,1.3,7.19045,5.932000000000001,29.31,40.654,2.43,2.453550000000001,6.215000000000001,5.097999999999999,8.742999999999999,1.0980000000000003,12,1,12,9,10,0.0,0.0,0.0,0.0,0.0
S0215,6.010198333333333,2.2253333333333334,26.289333333333335,35.9,1.7415833333333335,0.8126564119372621,2.573724350199983,1.8725005675166402,3.30487569529393,0.4293007717918341,4.98296,0.02,24.483999999999998,31.726,1.3,7.19045,5.932000000000001,29.31,40.654,2.43,2.453550000000001,6.215000000000001,5.097999999999999,8.742999999999999,1.0980000000000003,12,1,12,9,10,0.0,0.0,0.0,0.0,0.0
S0216,5.8666608333333325,3.5165,27.890499999999996,30.525083333333335,3.2295000000000003,0.835584117968371,4.529554980274302,1.0079906378783585,0.9467929022335815,0.3658117484364296,4.9043600000000005,0.05,26.509,29.308999999999997,2.8280000000000003,7.0992500000000005,9.648000000000001,29.077,31.783,3.7560000000000007,2.49665,10.443000000000001,2.5519999999999996,2.026,0.9390000000000001,12,4,3,3,12,0.0,0.0,0.0,0.0,0.0
S0217,5.539947499999999,2.165166666666667,14.43975,25.465,1.884083333333333,0.7447629756571307,2.1474013935680585,2.265251748303768,2.8625266502740914,0.2897825781116436,4.6852599999999995,0.119,11.318,22.136,1.53,6.63251,5.259000000000002,17.036000000000005,29.601000000000003,2.26,1.8665400000000005,5.106999999999999,6.838999999999997,7.350000000000001,0.583,12,12,1,12,7,0.0,0.0,0.0,0.0,0.0
S0218,5.539947499999999,2.344333333333333,15.44941666666667,26.162750000000003,2.1184166666666666,0.7447629756571307,2.418187297113598,2.213259999396811,2.791806728791298,0.3731424488246358,4.6852599999999995,0.109,12.602,23.047,1.648,6.63251,5.775000000000001,18.284000000000002,30.262,2.6140000000000003,1.8665400000000005,5.757,6.878,7.464000000000002,1.0040000000000004,12,1,1,12,7,0.0,0.0,0.0,0.0,0.0
S0219,5.539947499999999,2.55275,18.733083333333337,28.90366666666667,2.0609166666666665,0.7447629756571307,2.7021404408699548,2.00074053342077,2.7913633105800937,0.2972704844015943,4.6852599999999995,0.079,16.227,26.034,1.739,6.63251,6.299,21.290000000000003,32.829,2.5220000000000002,1.8665400000000005,6.359999999999999,6.185999999999998,6.994999999999997,0.8589999999999995,12,12,1,12,7,0.0,0.0,0.0,0.0,0.0
S0220,5.539947499999999,2.55275,18.733083333333337,28.90366666666667,2.0609166666666665,0.7447629756571307,2.7021404408699548,2.00074053342077,2.7913633105800937,0.2972704844015943,4.6852599999999995,0.079,16.227,26.034,1.739,6.63251,6.299,21.290000000000003,32.829,2.5220000000000002,1.8665400000000005,6.359999999999999,6.185999999999998,6.994999999999997,0.8589999999999995,12,12,1,12,7,0.0,0.0,0.0,0.0,0.0
S0221,5.743599166666668,2.55275,18.733083333333337,28.90366666666667,2.0609166666666665,0.8719444768284095,2.7021404408699548,2.00074053342077,2.7913633105800937,0.2972704844015943,4.80248,0.079,16.227,26.034,1.739,7.22527,6.299,21.290000000000003,32.829,2.5220000000000002,2.5217,6.359999999999999,6.185999999999998,6.994999999999997,0.8589999999999995,12,12,1,12,7,0.0,0.0,0.0,0.0,0.0
S0222,6.010198333333333,2.55275,18.733083333333337,28.90366666666667,2.0609166666666665,0.8126564119372621,2.7021404408699548,2.00074053342077,2.7913633105800937,0.2972704844015943,4.98296,0.079,16.227,26.034,1.739,7.19045,6.299,21.290000000000003,32.829,2.5220000000000002,2.453550000000001,6.359999999999999,6.185999999999998,6.994999999999997,0.8589999999999995,12,12,1,12,7,0.0,0.0,0.0,0.0,0.0
S0223,6.010198333333333,2.55275,18.733083333333337,28.90366666666667,2.0609166666666665,0.8126564119372621,2.7021404408699548,2.00074053342077,2.7913633105800937,0.2972704844015943,4.98296,0.079,16.227,26.034,1.739,7.19045,6.299,21.290000000000003,32.829,2.5220000000000002,2.453550000000001,6.359999999999999,6.185999999999998,6.994999999999997,0.8589999999999995,12,12,1,12,7,0.0,0.0,0.0,0.0,0.0
S0224,6.010198333333333,2.55275,18.733083333333337,28.90366666666667,2.0609166666666665,0.8126564119372621,2.7021404408699548,2.00074053342077,2.7913633105800937,0.2972704844015943,4.98296,0.079,16.227,26.034,1.739,7.19045,6.299,21.290000000000003,32.829,2.5220000000000002,2.453550000000001,6.359999999999999,6.185999999999998,6.994999999999997,0.8589999999999995,12,12,1,12,7,0.0,0.0,0.0,0.0,0.0
S0225,6.010198333333333,2.164416666666667,23.867666666666665,33.82841666666666,2.0273333333333334,0.8126564119372621,2.367915722095442,1.8456479508680461,2.873442287785243,0.3492458461663156,4.98296,0.04,21.994,30.808,1.69,7.19045,5.420000000000002,26.632,38.049,2.58,2.453550000000001,5.532,5.504000000000001,7.094999999999999,0.8740000000000001,12,1,1,9,12,0.0,0.0,0.0,0.0,0.0
S0226,6.010198333333333,2.2253333333333334,26.289333333333335,35.9,1.7415833333333335,0.8126564119372621,2.573724350199983,1.8725005675166402,3.30487569529393,0.4293007717918341,4.98296,0.02,24.483999999999998,31.726,1.3,7.19045,5.932000000000001,29.31,40.654,2.43,2.453550000000001,6.215000000000001,5.097999999999999,8.742999999999999,1.0980000000000003,12,1,12,9,10,0.0,0.0,0.0,0.0,0.0
S0227,6.010198333333333,2.2253333333333334,26.289333333333335,35.9,1.7415833333333335,0.8126564119372621,2.573724350199983,1.8725005675166402,3.30487569529393,0.4293007717918341,4.98296,0.02,24.483999999999998,31.726,1.3,7.19045,5.932000000000001,29.31,40.654,2.43,2.453550000000001,6.215000000000001,5.097999999999999,8.742999999999999,1.0980000000000003,12,1,12,9,10,0.0,0.0,0.0,0.0,0.0
S0228,5.9687,2.504916666666667,18.08575,28.60758333333333,1.9055833333333334,0.7676433462610247,2.6355006846031017,2.096486321195057,2.9627258615694303,0.2973547123049709,4.98873,0.079,15.603,25.427,1.54,7.01062,6.454000000000001,20.811000000000003,32.772000000000006,2.322,2.2429500000000004,6.281999999999999,6.352000000000002,7.376000000000001,0.752,12,12,1,9,8,0.0,0.0,0.0,0.0,0.0
S0229,5.9687,2.504916666666667,18.08575,28.60758333333333,1.9055833333333334,0.7676433462610247,2.6355006846031017,2.096486321195057,2.9627258615694303,0.2973547123049709,4.98873,0.079,15.603,25.427,1.54,7.01062,6.454000000000001,20.811000000000003,32.772000000000006,2.322,2.2429500000000004,6.281999999999999,6.352000000000002,7.376000000000001,0.752,12,12,1,9,8,0.0,0.0,0.0,0.0,0.0
S0230,5.9687,2.504916666666667,18.08575,28.60758333333333,1.9055833333333334,0.7676433462610247,2.6355006846031017,2.096486321195057,2.9627258615694303,0.2973547123049709,4.98873,0.079,15.603,25.427,1.54,7.01062,6.454000000000001,20.811000000000003,32.772000000000006,2.322,2.2429500000000004,6.281999999999999,6.352000000000002,7.376000000000001,0.752,12,12,1,9,8,0.0,0.0,0.0,0.0,0.0
S0231,5.9687,2.6145,22.450249999999997,32.3785,2.0364166666666668,0.7676433462610247,2.8859435781273435,2.220664773849292,3.3329497496382157,0.31039902709642786,4.98873,0.04,19.878,28.455000000000002,1.65,7.01062,6.903000000000002,25.969,37.283,2.442,2.2429500000000004,6.947,6.235999999999997,8.855999999999998,0.7699999999999998,12,12,12,9,9,0.0,0.0,0.0,0.0,0.0
S0232,5.9687,2.6145,22.450249999999997,32.3785,2.0364166666666668,0.7676433462610247,2.8859435781273435,2.220664773849292,3.3329497496382157,0.31039902709642786,4.98873,0.04,19.878,28.455000000000002,1.65,7.01062,6.903000000000002,25.969,37.283,2.442,2.2429500000000004,6.947,6.235999999999997,8.855999999999998,0.7699999999999998,12,12,12,9,9,0.0,0.0,0.0,0.0,0.0
S0233,5.9687,2.6145,22.450249999999997,32.3785,2.0364166666666668,0.7676433462610247,2.8859435781273435,2.220664773849292,3.3329497496382157,0.31039902709642786,4.98873,0.04,19.878,28.455000000000002,1.65,7.01062,6.903000000000002,25.969,37.283,2.442,2.2429500000000004,6.947,6.235999999999997,8.855999999999998,0.7699999999999998,12,12,12,9,9,0.0,0.0,0.0,0.0,0.0
S0234,5.9687,2.6145,22.450249999999997,32.3785,2.0364166666666668,0.7676433462610247,2.8859435781273435,2.220664773849292,3.3329497496382157,0.31039902709642786,4.98873,0.04,19.878,28.455000000000002,1.65,7.01062,6.903000000000002,25.969,37.283,2.442,2.2429500000000004,6.947,6.235999999999997,8.855999999999998,0.7699999999999998,12,12,12,9,9,0.0,0.0,0.0,0.0,0.0
S0235,5.8184691666666675,2.600916666666667,22.51758333333333,32.531083333333335,1.9939999999999998,0.756473187003189,2.9462387347383836,2.135284601436458,3.4028425576257266,0.32210025058756386,4.92277,0.02,20.11,28.747,1.5890000000000002,6.91117,7.167000000000001,25.849,37.748000000000005,2.43,2.20502,7.485,6.122,9.003,0.8509999999999998,12,12,12,9,9,0.0,0.0,0.0,0.0,0.0
S0236,5.8184691666666675,3.0453333333333332,22.221,31.27091666666667,1.9264166666666667,0.756473187003189,3.727361455153893,1.6200800893160558,3.3329964805285477,0.3280315516525077,4.92277,0.01,20.224,27.384,1.53,6.91117,8.891,24.73,35.928000000000004,2.381,2.20502,9.761,4.805,8.672000000000004,0.8319999999999999,12,1,12,10,7,0.0,0.0,0.0,0.0,0.0
S0237,5.615295000000001,4.634166666666667,27.23225,31.680083333333332,2.963416666666667,0.8085430353263763,6.1078613874490735,0.6875916592833033,0.9702217504766831,0.3519656587367182,4.75333,0.01,26.423,30.411,2.55,6.8421,13.066000000000003,28.231,32.863,3.4330000000000003,2.3578099999999997,14.467999999999998,1.654999999999994,2.4019999999999975,1.0089999999999995,12,2,2,10,12,0.0,0.0,0.0,0.0,0.0
S0238,5.615295000000001,4.634166666666667,27.23225,31.680083333333332,2.963416666666667,0.8085430353263763,6.1078613874490735,0.6875916592833033,0.9702217504766831,0.3519656587367182,4.75333,0.01,26.423,30.411,2.55,6.8421,13.066000000000003,28.231,32.863,3.4330000000000003,2.3578099999999997,14.467999999999998,1.654999999999994,2.4019999999999975,1.0089999999999995,12,2,2,10,12,0.0,0.0,0.0,0.0,0.0
S0239,5.8184691666666675,3.423333333333333,24.964666666666666,33.01875,2.4798333333333336,0.756473187003189,4.232617112266077,1.074566110078841,2.3675692468554033,0.3061799968583684,4.92277,0.01,23.86,30.133,2.109,6.91117,10.023000000000003,26.497999999999998,35.823,2.891,2.20502,11.290000000000001,3.166999999999998,5.943000000000001,0.7119999999999997,12,1,12,9,12,0.0,0.0,0.0,0.0,0.0
S0240,5.963677499999999,3.423333333333333,24.964666666666666,33.01875,2.4798333333333336,0.7040065529754342,4.232617112266077,1.074566110078841,2.3675692468554033,0.3061799968583684,5.1084,0.01,23.86,30.133,2.109,6.96713,10.023000000000003,26.497999999999998,35.823,2.891,2.02119,11.290000000000001,3.166999999999998,5.943000000000001,0.7119999999999997,12,1,12,9,12,0.0,0.0,0.0,0.0,0.0
S0241,5.963677499999999,3.423333333333333,24.964666666666666,33.01875,2.4798333333333336,0.7040065529754342,4.232617112266077,1.074566110078841,2.3675692468554033,0.3061799968583684,5.1084,0.01,23.86,30.133,2.109,6.96713,10.023000000000003,26.497999999999998,35.823,2.891,2.02119,11.290000000000001,3.166999999999998,5.943000000000001,0.7119999999999997,12,1,12,9,12,0.0,0.0,0.0,0.0,0.0
S0242,5.963677499999999,4.256083333333333,28.25975,32.17341666666667,3.0645,0.7040065529754342,5.39736245823849,0.6546003495622799,0.9009103666822345,0.36315806684225677,5.1084,0.01,27.52,31.08,2.628,6.96713,12.69500000000001,29.211000000000002,33.513999999999996,3.51,2.02119,13.507,1.5449999999999982,1.6920000000000037,0.9979999999999998,12,2,2,9,12,0.0,0.0,0.0,0.0,0.0
S0243,5.963677499999999,3.9465833333333338,25.947499999999998,32.471500000000006,2.6496666666666666,0.7040065529754342,5.0066816692830605,0.8006722490633532,1.7096786518047695,0.3139847808047881,5.1084,0.01,25.057,30.384,2.248,6.96713,11.581000000000012,26.964000000000002,34.76,3.041,2.02119,12.594000000000001,2.1650000000000027,4.555000000000003,0.8239999999999998,12,2,12,9,12,0.0,0.0,0.0,0.0,0.0
S0244,5.963677499999999,3.9465833333333338,25.947499999999998,32.471500000000006,2.6496666666666666,0.7040065529754342,5.0066816692830605,0.8006722490633532,1.7096786518047695,0.3139847808047881,5.1084,0.01,25.057,30.384,2.248,6.96713,11.581000000000012,26.964000000000002,34.76,3.041,2.02119,12.594000000000001,2.1650000000000027,4.555000000000003,0.8239999999999998,12,2,12,9,12,0.0,0.0,0.0,0.0,0.0
S0245,5.615295000000001,3.9465833333333338,25.947499999999998,32.471500000000006,2.6496666666666666,0.8085430353263763,5.0066816692830605,0.8006722490633532,1.7096786518047695,0.3139847808047881,4.75333,0.01,25.057,30.384,2.248,6.8421,11.581000000000012,26.964000000000002,34.76,3.041,2.3578099999999997,12.594000000000001,2.1650000000000027,4.555000000000003,0.8239999999999998,12,2,12,9,12,0.0,0.0,0.0,0.0,0.0
S0246,5.615295000000001,3.9465833333333338,25.947499999999998,32.471500000000006,2.6496666666666666,0.8085430353263763,5.0066816692830605,0.8006722490633532,1.7096786518047695,0.3139847808047881,4.75333,0.01,25.057,30.384,2.248,6.8421,11.581000000000012,26.964000000000002,34.76,3.041,2.3578099999999997,12.594000000000001,2.1650000000000027,4.555000000000003,0.8239999999999998,12,2,12,9,12,0.0,0.0,0.0,0.0,0.0
S0247,5.615295000000001,4.634166666666667,27.23225,31.680083333333332,2.963416666666667,0.8085430353263763,6.1078613874490735,0.6875916592833033,0.9702217504766831,0.3519656587367182,4.75333,0.01,26.423,30.411,2.55,6.8421,13.066000000000003,28.231,32.863,3.4330000000000003,2.3578099999999997,14.467999999999998,1.654999999999994,2.4019999999999975,1.0089999999999995,12,2,2,10,12,0.0,0.0,0.0,0.0,0.0
S0248,5.615295000000001,4.634166666666667,27.23225,31.680083333333332,2.963416666666667,0.8085430353263763,6.1078613874490735,0.6875916592833033,0.9702217504766831,0.3519656587367182,4.75333,0.01,26.423,30.411,2.55,6.8421,13.066000000000003,28.231,32.863,3.4330000000000003,2.3578099999999997,14.467999999999998,1.654999999999994,2.4019999999999975,1.0089999999999995,12,2,2,10,12,0.0,0.0,0.0,0.0,0.0
S0249,5.615295000000001,4.634166666666667,27.23225,31.680083333333332,2.963416666666667,0.8085430353263763,6.1078613874490735,0.6875916592833033,0.9702217504766831,0.3519656587367182,4.75333,0.01,26.423,30.411,2.55,6.8421,13.066000000000003,28.231,32.863,3.4330000000000003,2.3578099999999997,14.467999999999998,1.654999999999994,2.4019999999999975,1.0089999999999995,12,2,2,10,12,0.0,0.0,0.0,0.0,0.0
S0250,5.615295000000001,4.634166666666667,27.23225,31.680083333333332,2.963416666666667,0.8085430353263763,6.1078613874490735,0.6875916592833033,0.9702217504766831,0.3519656587367182,4.75333,0.01,26.423,30.411,2.55,6.8421,13.066000000000003,28.231,32.863,3.4330000000000003,2.3578099999999997,14.467999999999998,1.654999999999994,2.4019999999999975,1.0089999999999995,12,2,2,10,12,0.0,0.0,0.0,0.0,0.0
S0251,5.615295000000001,4.634166666666667,27.23225,31.680083333333332,2.963416666666667,0.8085430353263763,6.1078613874490735,0.6875916592833033,0.9702217504766831,0.3519656587367182,4.75333,0.01,26.423,30.411,2.55,6.8421,13.066000000000003,28.231,32.863,3.4330000000000003,2.3578099999999997,14.467999999999998,1.654999999999994,2.4019999999999975,1.0089999999999995,12,2,2,10,12,0.0,0.0,0.0,0.0,0.0
S0252,5.615295000000001,4.634166666666667,27.23225,31.680083333333332,2.963416666666667,0.8085430353263763,6.1078613874490735,0.6875916592833033,0.9702217504766831,0.3519656587367182,4.75333,0.01,26.423,30.411,2.55,6.8421,13.066000000000003,28.231,32.863,3.4330000000000003,2.3578099999999997,14.467999999999998,1.654999999999994,2.4019999999999975,1.0089999999999995,12,2,2,10,12,0.0,0.0,0.0,0.0,0.0
S0253,5.615295000000001,4.634166666666667,27.23225,31.680083333333332,2.963416666666667,0.8085430353263763,6.1078613874490735,0.6875916592833033,0.9702217504766831,0.3519656587367182,4.75333,0.01,26.423,30.411,2.55,6.8421,13.066000000000003,28.231,32.863,3.4330000000000003,2.3578099999999997,14.467999999999998,1.654999999999994,2.4019999999999975,1.0089999999999995,12,2,2,10,12,0.0,0.0,0.0,0.0,0.0
S0254,5.615295000000001,4.634166666666667,27.23225,31.680083333333332,2.963416666666667,0.8085430353263763,6.1078613874490735,0.6875916592833033,0.9702217504766831,0.3519656587367182,4.75333,0.01,26.423,30.411,2.55,6.8421,13.066000000000003,28.231,32.863,3.4330000000000003,2.3578099999999997,14.467999999999998,1.654999999999994,2.4019999999999975,1.0089999999999995,12,2,2,10,12,0.0,0.0,0.0,0.0,0.0
S0255,5.615295000000001,3.4765000000000006,25.96375,31.7535,2.5864166666666666,0.8085430353263763,4.5682767377799225,0.8020813916452179,1.2385099817078244,0.3157378868068672,4.75333,0.02,24.99,30.189,2.1780000000000004,6.8421,10.099000000000006,27.072,33.440999999999995,3.0020000000000002,2.3578099999999997,11.046999999999999,2.1000000000000014,3.347000000000005,0.988,12,2,1,10,12,0.0,0.0,0.0,0.0,0.0
S0256,5.8666608333333325,3.4765000000000006,25.96375,31.7535,2.5864166666666666,0.835584117968371,4.5682767377799225,0.8020813916452179,1.2385099817078244,0.3157378868068672,4.9043600000000005,0.02,24.99,30.189,2.1780000000000004,7.0992500000000005,10.099000000000006,27.072,33.440999999999995,3.0020000000000002,2.49665,11.046999999999999,2.1000000000000014,3.347000000000005,0.988,12,2,1,10,12,0.0,0.0,0.0,0.0,0.0
S0257,5.8666608333333325,3.4765000000000006,25.96375,31.7535,2.5864166666666666,0.835584117968371,4.5682767377799225,0.8020813916452179,1.2385099817078244,0.3157378868068672,4.9043600000000005,0.02,24.99,30.189,2.1780000000000004,7.0992500000000005,10.099000000000006,27.072,33.440999999999995,3.0020000000000002,2.49665,11.046999999999999,2.1000000000000014,3.347000000000005,0.988,12,2,1,10,12,0.0,0.0,0.0,0.0,0.0
S0258,5.8666608333333325,3.4765000000000006,25.96375,31.7535,2.5864166666666666,0.835584117968371,4.5682767377799225,0.8020813916452179,1.2385099817078244,0.3157378868068672,4.9043600000000005,0.02,24.99,30.189,2.1780000000000004,7.0992500000000005,10.099000000000006,27.072,33.440999999999995,3.0020000000000002,2.49665,11.046999999999999,2.1000000000000014,3.347000000000005,0.988,12,2,1,10,12,0.0,0.0,0.0,0.0,0.0
S0259,5.8666608333333325,3.4765000000000006,25.96375,31.7535,2.5864166666666666,0.835584117968371,4.5682767377799225,0.8020813916452179,1.2385099817078244,0.3157378868068672,4.9043600000000005,0.02,24.99,30.189,2.1780000000000004,7.0992500000000005,10.099000000000006,27.072,33.440999999999995,3.0020000000000002,2.49665,11.046999999999999,2.1000000000000014,3.347000000000005,0.988,12,2,1,10,12,0.0,0.0,0.0,0.0,0.0
S0260,5.8666608333333325,3.4765000000000006,25.96375,31.7535,2.5864166666666666,0.835584117968371,4.5682767377799225,0.8020813916452179,1.2385099817078244,0.3157378868068672,4.9043600000000005,0.02,24.99,30.189,2.1780000000000004,7.0992500000000005,10.099000000000006,27.072,33.440999999999995,3.0020000000000002,2.49665,11.046999999999999,2.1000000000000014,3.347000000000005,0.988,12,2,1,10,12,0.0,0.0,0.0,0.0,0.0
S0261,5.8666608333333325,3.4765000000000006,25.96375,31.7535,2.5864166666666666,0.835584117968371,4.5682767377799225,0.8020813916452179,1.2385099817078244,0.3157378868068672,4.9043600000000005,0.02,24.99,30.189,2.1780000000000004,7.0992500000000005,10.099000000000006,27.072,33.440999999999995,3.0020000000000002,2.49665,11.046999999999999,2.1000000000000014,3.347000000000005,0.988,12,2,1,10,12,0.0,0.0,0.0,0.0,0.0
S0262,5.963677499999999,3.9465833333333338,25.947499999999998,32.471500000000006,2.6496666666666666,0.7040065529754342,5.0066816692830605,0.8006722490633532,1.7096786518047695,0.3139847808047881,5.1084,0.01,25.057,30.384,2.248,6.96713,11.581000000000012,26.964000000000002,34.76,3.041,2.02119,12.594000000000001,2.1650000000000027,4.555000000000003,0.8239999999999998,12,2,12,9,12,0.0,0.0,0.0,0.0,0.0
S0263,5.963677499999999,3.9465833333333338,25.947499999999998,32.471500000000006,2.6496666666666666,0.7040065529754342,5.0066816692830605,0.8006722490633532,1.7096786518047695,0.3139847808047881,5.1084,0.01,25.057,30.384,2.248,6.96713,11.581000000000012,26.964000000000002,34.76,3.041,2.02119,12.594000000000001,2.1650000000000027,4.555000000000003,0.8239999999999998,12,2,12,9,12,0.0,0.0,0.0,0.0,0.0
S0264,5.963677499999999,3.9465833333333338,25.947499999999998,32.471500000000006,2.6496666666666666,0.7040065529754342,5.0066816692830605,0.8006722490633532,1.7096786518047695,0.3139847808047881,5.1084,0.01,25.057,30.384,2.248,6.96713,11.581000000000012,26.964000000000002,34.76,3.041,2.02119,12.594000000000001,2.1650000000000027,4.555000000000003,0.8239999999999998,12,2,12,9,12,0.0,0.0,0.0,0.0,0.0
S0265,5.963677499999999,3.9465833333333338,25.947499999999998,32.471500000000006,2.6496666666666666,0.7040065529754342,5.0066816692830605,0.8006722490633532,1.7096786518047695,0.3139847808047881,5.1084,0.01,25.057,30.384,2.248,6.96713,11.581000000000012,26.964000000000002,34.76,3.041,2.02119,12.594000000000001,2.1650000000000027,4.555000000000003,0.8239999999999998,12,2,12,9,12,0.0,0.0,0.0,0.0,0.0
S0266,5.963677499999999,3.9465833333333338,25.947499999999998,32.471500000000006,2.6496666666666666,0.7040065529754342,5.0066816692830605,0.8006722490633532,1.7096786518047695,0.3139847808047881,5.1084,0.01,25.057,30.384,2.248,6.96713,11.581000000000012,26.964000000000002,34.76,3.041,2.02119,12.594000000000001,2.1650000000000027,4.555000000000003,0.8239999999999998,12,2,12,9,12,0.0,0.0,0.0,0.0,0.0
S0267,5.963677499999999,3.9465833333333338,25.947499999999998,32.471500000000006,2.6496666666666666,0.7040065529754342,5.0066816692830605,0.8006722490633532,1.7096786518047695,0.3139847808047881,5.1084,0.01,25.057,30.384,2.248,6.96713,11.581000000000012,26.964000000000002,34.76,3.041,2.02119,12.594000000000001,2.1650000000000027,4.555000000000003,0.8239999999999998,12,2,12,9,12,0.0,0.0,0.0,0.0,0.0
S0268,5.963677499999999,3.423333333333333,24.964666666666666,33.01875,2.4798333333333336,0.7040065529754342,4.232617112266077,1.074566110078841,2.3675692468554033,0.3061799968583684,5.1084,0.01,23.86,30.133,2.109,6.96713,10.023000000000003,26.497999999999998,35.823,2.891,2.02119,11.290000000000001,3.166999999999998,5.943000000000001,0.7119999999999997,12,1,12,9,12,0.0,0.0,0.0,0.0,0.0
S0269,5.963677499999999,3.423333333333333,24.964666666666666,33.01875,2.4798333333333336,0.7040065529754342,4.232617112266077,1.074566110078841,2.3675692468554033,0.3061799968583684,5.1084,0.01,23.86,30.133,2.109,6.96713,10.023000000000003,26.497999999999998,35.823,2.891,2.02119,11.290000000000001,3.166999999999998,5.943000000000001,0.7119999999999997,12,1,12,9,12,0.0,0.0,0.0,0.0,0.0
S0270,5.963677499999999,3.423333333333333,24.964666666666666,33.01875,2.4798333333333336,0.7040065529754342,4.232617112266077,1.074566110078841,2.3675692468554033,0.3061799968583684,5.1084,0.01,23.86,30.133,2.109,6.96713,10.023000000000003,26.497999999999998,35.823,2.891,2.02119,11.290000000000001,3.166999999999998,5.943000000000001,0.7119999999999997,12,1,12,9,12,0.0,0.0,0.0,0.0,0.0
S0271,5.963677499999999,3.423333333333333,24.964666666666666,33.01875,2.4798333333333336,0.7040065529754342,4.232617112266077,1.074566110078841,2.3675692468554033,0.3061799968583684,5.1084,0.01,23.86,30.133,2.109,6.96713,10.023000000000003,26.497999999999998,35.823,2.891,2.02119,11.290000000000001,3.166999999999998,5.943000000000001,0.7119999999999997,12,1,12,9,12,0.0,0.0,0.0,0.0,0.0
S0272,5.963677499999999,4.256083333333333,28.25975,32.17341666666667,3.0645,0.7040065529754342,5.39736245823849,0.6546003495622799,0.9009103666822345,0.36315806684225677,5.1084,0.01,27.52,31.08,2.628,6.96713,12.69500000000001,29.211000000000002,33.513999999999996,3.51,2.02119,13.507,1.5449999999999982,1.6920000000000037,0.9979999999999998,12,2,2,9,12,0.0,0.0,0.0,0.0,0.0
S0273,5.952304166666666,3.903916666666667,27.743083333333335,33.75933333333333,2.7633333333333336,0.6681261877486934,4.773650065828075,0.8751045995902945,1.3161535077727102,0.2780040908148726,5.13977,0.01,26.748,32.153,2.43,6.9394,10.473000000000003,28.932,35.529,3.1020000000000003,1.9481399999999995,13.057,2.3439999999999976,3.236000000000004,0.6760000000000002,12,2,12,9,12,0.0,0.0,0.0,0.0,0.0
S0274,5.952304166666666,3.903916666666667,27.743083333333335,33.75933333333333,2.7633333333333336,0.6681261877486934,4.773650065828075,0.8751045995902945,1.3161535077727102,0.2780040908148726,5.13977,0.01,26.748,32.153,2.43,6.9394,10.473000000000003,28.932,35.529,3.1020000000000003,1.9481399999999995,13.057,2.3439999999999976,3.236000000000004,0.6760000000000002,12,2,12,9,12,0.0,0.0,0.0,0.0,0.0
S0275,5.952304166666666,3.903916666666667,27.743083333333335,33.75933333333333,2.7633333333333336,0.6681261877486934,4.773650065828075,0.8751045995902945,1.3161535077727102,0.2780040908148726,5.13977,0.01,26.748,32.153,2.43,6.9394,10.473000000000003,28.932,35.529,3.1020000000000003,1.9481399999999995,13.057,2.3439999999999976,3.236000000000004,0.6760000000000002,12,2,12,9,12,0.0,0.0,0.0,0.0,0.0
S0276,5.952304166666666,3.903916666666667,27.743083333333335,33.75933333333333,2.7633333333333336,0.6681261877486934,4.773650065828075,0.8751045995902945,1.3161535077727102,0.2780040908148726,5.13977,0.01,26.748,32.153,2.43,6.9394,10.473000000000003,28.932,35.529,3.1020000000000003,1.9481399999999995,13.057,2.3439999999999976,3.236000000000004,0.6760000000000002,12,2,12,9,12,0.0,0.0,0.0,0.0,0.0
S0277,5.952304166666666,3.903916666666667,27.743083333333335,33.75933333333333,2.7633333333333336,0.6681261877486934,4.773650065828075,0.8751045995902945,1.3161535077727102,0.2780040908148726,5.13977,0.01,26.748,32.153,2.43,6.9394,10.473000000000003,28.932,35.529,3.1020000000000003,1.9481399999999995,13.057,2.3439999999999976,3.236000000000004,0.6760000000000002,12,2,12,9,12,0.0,0.0,0.0,0.0,0.0
S0278,5.952304166666666,3.7316666666666665,26.435833333333335,34.39575,2.505666666666666,0.6681261877486934,4.425541667143023,1.081887227019894,1.9805570316105987,0.3019369774892604,5.13977,0.02,25.218999999999998,31.818,2.12,6.9394,9.228000000000002,27.993,36.724,2.9140000000000006,1.9481399999999995,12.092,2.875,4.8089999999999975,0.6999999999999997,12,2,12,9,11,0.0,0.0,0.0,0.0,0.0
S0279,5.952304166666666,3.7316666666666665,26.435833333333335,34.39575,2.505666666666666,0.6681261877486934,4.425541667143023,1.081887227019894,1.9805570316105987,0.3019369774892604,5.13977,0.02,25.218999999999998,31.818,2.12,6.9394,9.228000000000002,27.993,36.724,2.9140000000000006,1.9481399999999995,12.092,2.875,4.8089999999999975,0.6999999999999997,12,2,12,9,11,0.0,0.0,0.0,0.0,0.0
S0280,5.952304166666666,3.7316666666666665,26.435833333333335,34.39575,2.505666666666666,0.6681261877486934,4.425541667143023,1.081887227019894,1.9805570316105987,0.3019369774892604,5.13977,0.02,25.218999999999998,31.818,2.12,6.9394,9.228000000000002,27.993,36.724,2.9140000000000006,1.9481399999999995,12.092,2.875,4.8089999999999975,0.6999999999999997,12,2,12,9,11,0.0,0.0,0.0,0.0,0.0
S0281,5.8666608333333325,3.4765000000000006,25.96375,31.7535,2.5864166666666666,0.835584117968371,4.5682767377799225,0.8020813916452179,1.2385099817078244,0.3157378868068672,4.9043600000000005,0.02,24.99,30.189,2.1780000000000004,7.0992500000000005,10.099000000000006,27.072,33.440999999999995,3.0020000000000002,2.49665,11.046999999999999,2.1000000000000014,3.347000000000005,0.988,12,2,1,10,12,0.0,0.0,0.0,0.0,0.0
S0282,5.8666608333333325,2.8651666666666666,26.6615,33.59766666666667,2.7172500000000004,0.835584117968371,3.6718470115447994,0.9176840140156259,1.3663813051811196,0.3836971023953069,4.9043600000000005,0.03,25.505000000000003,31.924,2.23,7.0992500000000005,7.947000000000002,27.876,35.52,3.211,2.49665,8.467,2.368999999999996,3.389000000000003,0.9550000000000001,12,4,1,10,12,0.0,0.0,0.0,0.0,0.0
S0283,5.952304166666666,3.903916666666667,27.743083333333335,33.75933333333333,2.7633333333333336,0.6681261877486934,4.773650065828075,0.8751045995902945,1.3161535077727102,0.2780040908148726,5.13977,0.01,26.748,32.153,2.43,6.9394,10.473000000000003,28.932,35.529,3.1020000000000003,1.9481399999999995,13.057,2.3439999999999976,3.236000000000004,0.6760000000000002,12,2,12,9,12,0.0,0.0,0.0,0.0,0.0
S0284,5.952304166666666,3.7316666666666665,26.435833333333335,34.39575,2.505666666666666,0.6681261877486934,4.425541667143023,1.081887227019894,1.9805570316105987,0.3019369774892604,5.13977,0.02,25.218999999999998,31.818,2.12,6.9394,9.228000000000002,27.993,36.724,2.9140000000000006,1.9481399999999995,12.092,2.875,4.8089999999999975,0.6999999999999997,12,2,12,9,11,0.0,0.0,0.0,0.0,0.0
S0285,5.8666608333333325,3.4765000000000006,25.96375,31.7535,2.5864166666666666,0.835584117968371,4.5682767377799225,0.8020813916452179,1.2385099817078244,0.3157378868068672,4.9043600000000005,0.02,24.99,30.189,2.1780000000000004,7.0992500000000005,10.099000000000006,27.072,33.440999999999995,3.0020000000000002,2.49665,11.046999999999999,2.1000000000000014,3.347000000000005,0.988,12,2,1,10,12,0.0,0.0,0.0,0.0,0.0
S0286,5.8666608333333325,3.5165,27.890499999999996,30.525083333333335,3.2295000000000003,0.835584117968371,4.529554980274302,1.0079906378783585,0.9467929022335815,0.3658117484364296,4.9043600000000005,0.05,26.509,29.308999999999997,2.8280000000000003,7.0992500000000005,9.648000000000001,29.077,31.783,3.7560000000000007,2.49665,10.443000000000001,2.5519999999999996,2.026,0.9390000000000001,12,4,3,3,12,0.0,0.0,0.0,0.0,0.0
S0287,5.8666608333333325,3.5165,27.890499999999996,30.525083333333335,3.2295000000000003,0.835584117968371,4.529554980274302,1.0079906378783585,0.9467929022335815,0.3658117484364296,4.9043600000000005,0.05,26.509,29.308999999999997,2.8280000000000003,7.0992500000000005,9.648000000000001,29.077,31.783,3.7560000000000007,2.49665,10.443000000000001,2.5519999999999996,2.026,0.9390000000000001,12,4,3,3,12,0.0,0.0,0.0,0.0,0.0
S0288,5.8666608333333325,3.5165,27.890499999999996,30.525083333333335,3.2295000000000003,0.835584117968371,4.529554980274302,1.0079906378783585,0.9467929022335815,0.3658117484364296,4.9043600000000005,0.05,26.509,29.308999999999997,2.8280000000000003,7.0992500000000005,9.648000000000001,29.077,31.783,3.7560000000000007,2.49665,10.443000000000001,2.5519999999999996,2.026,0.9390000000000001,12,4,3,3,12,0.0,0.0,0.0,0.0,0.0
S0289,5.8666608333333325,3.5165,27.890499999999996,30.525083333333335,3.2295000000000003,0.835584117968371,4.529554980274302,1.0079906378783585,0.9467929022335815,0.3658117484364296,4.9043600000000005,0.05,26.509,29.308999999999997,2.8280000000000003,7.0992500000000005,9.648000000000001,29.077,31.783,3.7560000000000007,2.49665,10.443000000000001,2.5519999999999996,2.026,0.9390000000000001,12,4,3,3,12,0.0,0.0,0.0,0.0,0.0
S0290,5.8666608333333325,3.5165,27.890499999999996,30.525083333333335,3.2295000000000003,0.835584117968371,4.529554980274302,1.0079906378783585,0.9467929022335815,0.3658117484364296,4.9043600000000005,0.05,26.509,29.308999999999997,2.8280000000000003,7.0992500000000005,9.648000000000001,29.077,31.783,3.7560000000000007,2.49665,10.443000000000001,2.5519999999999996,2.026,0.9390000000000001,12,4,3,3,12,0.0,0.0,0.0,0.0,0.0
S0291,5.8666608333333325,2.8651666666666666,26.6615,33.59766666666667,2.7172500000000004,0.835584117968371,3.6718470115447994,0.9176840140156259,1.3663813051811196,0.3836971023953069,4.9043600000000005,0.03,25.505000000000003,31.924,2.23,7.0992500000000005,7.947000000000002,27.876,35.52,3.211,2.49665,8.467,2.368999999999996,3.389000000000003,0.9550000000000001,12,4,1,10,12,0.0,0.0,0.0,0.0,0.0
S0292,5.8666608333333325,2.8651666666666666,26.6615,33.59766666666667,2.7172500000000004,0.835584117968371,3.6718470115447994,0.9176840140156259,1.3663813051811196,0.3836971023953069,4.9043600000000005,0.03,25.505000000000003,31.924,2.23,7.0992500000000005,7.947000000000002,27.876,35.52,3.211,2.49665,8.467,2.368999999999996,3.389000000000003,0.9550000000000001,12,4,1,10,12,0.0,0.0,0.0,0.0,0.0
S0293,5.8666608333333325,2.8651666666666666,26.6615,33.59766666666667,2.7172500000000004,0.835584117968371,3.6718470115447994,0.9176840140156259,1.3663813051811196,0.3836971023953069,4.9043600000000005,0.03,25.505000000000003,31.924,2.23,7.0992500000000005,7.947000000000002,27.876,35.52,3.211,2.49665,8.467,2.368999999999996,3.389000000000003,0.9550000000000001,12,4,1,10,12,0.0,0.0,0.0,0.0,0.0
S0294,5.8666608333333325,2.8651666666666666,26.6615,33.59766666666667,2.7172500000000004,0.835584117968371,3.6718470115447994,0.9176840140156259,1.3663813051811196,0.3836971023953069,4.9043600000000005,0.03,25.505000000000003,31.924,2.23,7.0992500000000005,7.947000000000002,27.876,35.52,3.211,2.49665,8.467,2.368999999999996,3.389000000000003,0.9550000000000001,12,4,1,10,12,0.0,0.0,0.0,0.0,0.0
S0295,5.8666608333333325,2.8651666666666666,26.6615,33.59766666666667,2.7172500000000004,0.835584117968371,3.6718470115447994,0.9176840140156259,1.3663813051811196,0.3836971023953069,4.9043600000000005,0.03,25.505000000000003,31.924,2.23,7.0992500000000005,7.947000000000002,27.876,35.52,3.211,2.49665,8.467,2.368999999999996,3.389000000000003,0.9550000000000001,12,4,1,10,12,0.0,0.0,0.0,0.0,0.0
S0296,5.8666608333333325,2.8651666666666666,26.6615,33.59766666666667,2.7172500000000004,0.835584117968371,3.6718470115447994,0.9176840140156259,1.3663813051811196,0.3836971023953069,4.9043600000000005,0.03,25.505000000000003,31.924,2.23,7.0992500000000005,7.947000000000002,27.876,35.52,3.211,2.49665,8.467,2.368999999999996,3.389000000000003,0.9550000000000001,12,4,1,10,12,0.0,0.0,0.0,0.0,0.0
S0297,5.906080000000001,2.8651666666666666,26.6615,33.59766666666667,2.7172500000000004,0.8393463839212513,3.6718470115447994,0.9176840140156259,1.3663813051811196,0.3836971023953069,4.87908,0.03,25.505000000000003,31.924,2.23,7.12103,7.947000000000002,27.876,35.52,3.211,2.5453,8.467,2.368999999999996,3.389000000000003,0.9550000000000001,12,4,1,10,12,0.0,0.0,0.0,0.0,0.0
S0298,5.854233333333334,2.8651666666666666,26.6615,33.59766666666667,2.7172500000000004,0.8435136675139966,3.6718470115447994,0.9176840140156259,1.3663813051811196,0.3836971023953069,4.84538,0.03,25.505000000000003,31.924,2.23,7.048100000000001,7.947000000000002,27.876,35.52,3.211,2.4679599999999997,8.467,2.368999999999996,3.389000000000003,0.9550000000000001,12,4,1,10,12,0.0,0.0,0.0,0.0,0.0
S0299,5.785024166666667,2.8651666666666666,26.6615,33.59766666666667,2.7172500000000004,0.903771382837648,3.6718470115447994,0.9176840140156259,1.3663813051811196,0.3836971023953069,4.77368,0.03,25.505000000000003,31.924,2.23,7.144760000000001,7.947000000000002,27.876,35.52,3.211,2.6626200000000004,8.467,2.368999999999996,3.389000000000003,0.9550000000000001,12,4,1,10,12,0.0,0.0,0.0,0.0,0.0
S0300,5.785024166666667,2.8651666666666666,26.6615,33.59766666666667,2.7172500000000004,0.903771382837648,3.6718470115447994,0.9176840140156259,1.3663813051811196,0.3836971023953069,4.77368,0.03,25.505000000000003,31.924,2.23,7.144760000000001,7.947000000000002,27.876,35.52,3.211,2.6626200000000004,8.467,2.368999999999996,3.389000000000003,0.9550000000000001,12,4,1,10,12,0.0,0.0,0.0,0.0,0.0
S0301,5.785024166666667,2.623083333333333,26.12383333333333,31.791083333333333,3.1544999999999996,0.903771382837648,3.3204648848949945,1.0377425267477132,0.9957158615944676,0.3458246750628893,4.77368,0.04,24.669,30.61,2.709,7.144760000000001,7.560000000000003,27.392,33.108000000000004,3.59,2.6626200000000004,7.561000000000001,2.700999999999997,2.225999999999999,0.9060000000000001,12,4,2,1,12,0.0,0.0,0.0,0.0,0.0
S0302,5.785024166666667,2.623083333333333,26.12383333333333,31.791083333333333,3.1544999999999996,0.903771382837648,3.3204648848949945,1.0377425267477132,0.9957158615944676,0.3458246750628893,4.77368,0.04,24.669,30.61,2.709,7.144760000000001,7.560000000000003,27.392,33.108000000000004,3.59,2.6626200000000004,7.561000000000001,2.700999999999997,2.225999999999999,0.9060000000000001,12,4,2,1,12,0.0,0.0,0.0,0.0,0.0
S0303,5.785024166666667,2.623083333333333,26.12383333333333,31.791083333333333,3.1544999999999996,0.903771382837648,3.3204648848949945,1.0377425267477132,0.9957158615944676,0.3458246750628893,4.77368,0.04,24.669,30.61,2.709,7.144760000000001,7.560000000000003,27.392,33.108000000000004,3.59,2.6626200000000004,7.561000000000001,2.700999999999997,2.225999999999999,0.9060000000000001,12,4,2,1,12,0.0,0.0,0.0,0.0,0.0
S0304,5.785024166666667,2.623083333333333,26.12383333333333,31.791083333333333,3.1544999999999996,0.903771382837648,3.3204648848949945,1.0377425267477132,0.9957158615944676,0.3458246750628893,4.77368,0.04,24.669,30.61,2.709,7.144760000000001,7.560000000000003,27.392,33.108000000000004,3.59,2.6626200000000004,7.561000000000001,2.700999999999997,2.225999999999999,0.9060000000000001,12,4,2,1,12,0.0,0.0,0.0,0.0,0.0
S0305,5.963677499999999,3.9465833333333338,25.947499999999998,32.471500000000006,2.6496666666666666,0.7040065529754342,5.0066816692830605,0.8006722490633532,1.7096786518047695,0.3139847808047881,5.1084,0.01,25.057,30.384,2.248,6.96713,11.581000000000012,26.964000000000002,34.76,3.041,2.02119,12.594000000000001,2.1650000000000027,4.555000000000003,0.8239999999999998,12,2,12,9,12,0.0,0.0,0.0,0.0,0.0
S0306,5.963677499999999,3.9465833333333338,25.947499999999998,32.471500000000006,2.6496666666666666,0.7040065529754342,5.0066816692830605,0.8006722490633532,1.7096786518047695,0.3139847808047881,5.1084,0.01,25.057,30.384,2.248,6.96713,11.581000000000012,26.964000000000002,34.76,3.041,2.02119,12.594000000000001,2.1650000000000027,4.555000000000003,0.8239999999999998,12,2,12,9,12,0.0,0.0,0.0,0.0,0.0
S0307,5.615295000000001,4.634166666666667,27.23225,31.680083333333332,2.963416666666667,0.8085430353263763,6.1078613874490735,0.6875916592833033,0.9702217504766831,0.3519656587367182,4.75333,0.01,26.423,30.411,2.55,6.8421,13.066000000000003,28.231,32.863,3.4330000000000003,2.3578099999999997,14.467999999999998,1.654999999999994,2.4019999999999975,1.0089999999999995,12,2,2,10,12,0.0,0.0,0.0,0.0,0.0
S0308,5.615295000000001,4.634166666666667,27.23225,31.680083333333332,2.963416666666667,0.8085430353263763,6.1078613874490735,0.6875916592833033,0.9702217504766831,0.3519656587367182,4.75333,0.01,26.423,30.411,2.55,6.8421,13.066000000000003,28.231,32.863,3.4330000000000003,2.3578099999999997,14.467999999999998,1.654999999999994,2.4019999999999975,1.0089999999999995,12,2,2,10,12,0.0,0.0,0.0,0.0,0.0
S0309,5.743599166666668,1.9444166666666665,15.418666666666667,26.735416666666666,2.98125,0.8719444768284095,2.0176039520388818,2.48987021137002,2.7865308982278862,0.361478203487622,4.80248,0.09,11.994,23.147,2.53,7.22527,5.043,18.354000000000003,30.634,3.428000000000001,2.5217,4.664000000000001,7.552,7.786999999999999,0.7099999999999995,12,1,1,12,7,0.0,0.0,0.0,0.0,0.0
S0310,5.743599166666668,1.9444166666666665,15.418666666666667,26.735416666666666,2.98125,0.8719444768284095,2.0176039520388818,2.48987021137002,2.7865308982278862,0.361478203487622,4.80248,0.09,11.994,23.147,2.53,7.22527,5.043,18.354000000000003,30.634,3.428000000000001,2.5217,4.664000000000001,7.552,7.786999999999999,0.7099999999999995,12,1,1,12,7,0.0,0.0,0.0,0.0,0.0
S0311,5.539947499999999,2.165166666666667,14.43975,25.465,1.884083333333333,0.7447629756571307,2.1474013935680585,2.265251748303768,2.8625266502740914,0.2897825781116436,4.6852599999999995,0.119,11.318,22.136,1.53,6.63251,5.259000000000002,17.036000000000005,29.601000000000003,2.26,1.8665400000000005,5.106999999999999,6.838999999999997,7.350000000000001,0.583,12,12,1,12,7,0.0,0.0,0.0,0.0,0.0
S0312,5.539947499999999,2.504916666666667,18.08575,28.60758333333333,1.9055833333333334,0.7447629756571307,2.6355006846031017,2.096486321195057,2.9627258615694303,0.2973547123049709,4.6852599999999995,0.079,15.603,25.427,1.54,6.63251,6.454000000000001,20.811000000000003,32.772000000000006,2.322,1.8665400000000005,6.281999999999999,6.352000000000002,7.376000000000001,0.752,12,12,1,9,8,0.0,0.0,0.0,0.0,0.0
S0313,5.539947499999999,2.504916666666667,18.08575,28.60758333333333,1.9055833333333334,0.7447629756571307,2.6355006846031017,2.096486321195057,2.9627258615694303,0.2973547123049709,4.6852599999999995,0.079,15.603,25.427,1.54,6.63251,6.454000000000001,20.811000000000003,32.772000000000006,2.322,1.8665400000000005,6.281999999999999,6.352000000000002,7.376000000000001,0.752,12,12,1,9,8,0.0,0.0,0.0,0.0,0.0
S0314,5.539947499999999,2.504916666666667,18.08575,28.60758333333333,1.9055833333333334,0.7447629756571307,2.6355006846031017,2.096486321195057,2.9627258615694303,0.2973547123049709,4.6852599999999995,0.079,15.603,25.427,1.54,6.63251,6.454000000000001,20.811000000000003,32.772000000000006,2.322,1.8665400000000005,6.281999999999999,6.352000000000002,7.376000000000001,0.752,12,12,1,9,8,0.0,0.0,0.0,0.0,0.0
S0315,5.539947499999999,2.504916666666667,18.08575,28.60758333333333,1.9055833333333334,0.7447629756571307,2.6355006846031017,2.096486321195057,2.9627258615694303,0.2973547123049709,4.6852599999999995,0.079,15.603,25.427,1.54,6.63251,6.454000000000001,20.811000000000003,32.772000000000006,2.322,1.8665400000000005,6.281999999999999,6.352000000000002,7.376000000000001,0.752,12,12,1,9,8,0.0,0.0,0.0,0.0,0.0
S0316,5.588563333333334,2.2965,14.3085,25.30933333333333,2.2546666666666666,0.725445751805278,2.0615302507578965,2.305495316729614,2.816233772445822,0.2956915646422133,4.696700000000001,0.21,11.145,22.222,1.909,6.6182,5.541,17.095,29.501,2.671,1.771139999999999,4.819,6.891999999999998,6.940000000000001,0.47699999999999987,12,2,1,12,7,0.0,0.0,0.0,0.0,0.0
S0317,5.588563333333334,2.2965,14.3085,25.30933333333333,2.2546666666666666,0.725445751805278,2.0615302507578965,2.305495316729614,2.816233772445822,0.2956915646422133,4.696700000000001,0.21,11.145,22.222,1.909,6.6182,5.541,17.095,29.501,2.671,1.771139999999999,4.819,6.891999999999998,6.940000000000001,0.47699999999999987,12,2,1,12,7,0.0,0.0,0.0,0.0,0.0
S0318,5.588563333333334,2.2965,14.3085,25.30933333333333,2.2546666666666666,0.725445751805278,2.0615302507578965,2.305495316729614,2.816233772445822,0.2956915646422133,4.696700000000001,0.21,11.145,22.222,1.909,6.6182,5.541,17.095,29.501,2.671,1.771139999999999,4.819,6.891999999999998,6.940000000000001,0.47699999999999987,12,2,1,12,7,0.0,0.0,0.0,0.0,0.0
S0319,5.588563333333334,2.3124166666666666,17.799333333333333,28.51991666666667,2.4070833333333335,0.725445751805278,2.3172045589000367,2.1222735285471543,2.7776301778245975,0.3181971162061416,4.696700000000001,0.089,15.109,25.297,2.0,6.6182,5.857,20.551000000000005,32.482,2.8009999999999997,1.771139999999999,5.501,6.393000000000001,6.944000000000003,0.762,12,12,1,9,9,0.0,0.0,0.0,0.0,0.0
S0320,5.539947499999999,2.344333333333333,15.44941666666667,26.162750000000003,2.1184166666666666,0.7447629756571307,2.418187297113598,2.213259999396811,2.791806728791298,0.3731424488246358,4.6852599999999995,0.109,12.602,23.047,1.648,6.63251,5.775000000000001,18.284000000000002,30.262,2.6140000000000003,1.8665400000000005,5.757,6.878,7.464000000000002,1.0040000000000004,12,1,1,12,7,0.0,0.0,0.0,0.0,0.0
S0321,5.539947499999999,2.344333333333333,15.44941666666667,26.162750000000003,2.1184166666666666,0.7447629756571307,2.418187297113598,2.213259999396811,2.791806728791298,0.3731424488246358,4.6852599999999995,0.109,12.602,23.047,1.648,6.63251,5.775000000000001,18.284000000000002,30.262,2.6140000000000003,1.8665400000000005,5.757,6.878,7.464000000000002,1.0040000000000004,12,1,1,12,7,0.0,0.0,0.0,0.0,0.0
S0322,5.539947499999999,2.344333333333333,15.44941666666667,26.162750000000003,2.1184166666666666,0.7447629756571307,2.418187297113598,2.213259999396811,2.791806728791298,0.3731424488246358,4.6852599999999995,0.109,12.602,23.047,1.648,6.63251,5.775000000000001,18.284000000000002,30.262,2.6140000000000003,1.8665400000000005,5.757,6.878,7.464000000000002,1.0040000000000004,12,1,1,12,7,0.0,0.0,0.0,0.0,0.0
S0323,5.539947499999999,1.8448333333333333,15.88475,27.53891666666667,2.986833333333333,0.7447629756571307,1.7147030922809556,2.5609028615678797,2.9424099183239205,0.31134563822635614,4.6852599999999995,0.159,12.29,24.204,2.58,6.63251,4.202000000000002,18.936000000000003,31.767000000000003,3.38,1.8665400000000005,3.7959999999999994,7.5070000000000014,7.226000000000003,0.6990000000000003,12,1,1,12,12,0.0,0.0,0.0,0.0,0.0
S0324,5.662869166666667,1.8448333333333333,15.88475,27.53891666666667,2.986833333333333,0.8728107831362785,1.7147030922809556,2.5609028615678797,2.9424099183239205,0.31134563822635614,4.50326,0.159,12.29,24.204,2.58,6.82537,4.202000000000002,18.936000000000003,31.767000000000003,3.38,2.26734,3.7959999999999994,7.5070000000000014,7.226000000000003,0.6990000000000003,12,1,1,12,12,0.0,0.0,0.0,0.0,0.0
S0325,5.539947499999999,2.165166666666667,14.43975,25.465,1.884083333333333,0.7447629756571307,2.1474013935680585,2.265251748303768,2.8625266502740914,0.2897825781116436,4.6852599999999995,0.119,11.318,22.136,1.53,6.63251,5.259000000000002,17.036000000000005,29.601000000000003,2.26,1.8665400000000005,5.106999999999999,6.838999999999997,7.350000000000001,0.583,12,12,1,12,7,0.0,0.0,0.0,0.0,0.0
S0326,5.539947499999999,2.165166666666667,14.43975,25.465,1.884083333333333,0.7447629756571307,2.1474013935680585,2.265251748303768,2.8625266502740914,0.2897825781116436,4.6852599999999995,0.119,11.318,22.136,1.53,6.63251,5.259000000000002,17.036000000000005,29.601000000000003,2.26,1.8665400000000005,5.106999999999999,6.838999999999997,7.350000000000001,0.583,12,12,1,12,7,0.0,0.0,0.0,0.0,0.0
S0327,5.539947499999999,2.504916666666667,18.08575,28.60758333333333,1.9055833333333334,0.7447629756571307,2.6355006846031017,2.096486321195057,2.9627258615694303,0.2973547123049709,4.6852599999999995,0.079,15.603,25.427,1.54,6.63251,6.454000000000001,20.811000000000003,32.772000000000006,2.322,1.8665400000000005,6.281999999999999,6.352000000000002,7.376000000000001,0.752,12,12,1,9,8,0.0,0.0,0.0,0.0,0.0
S0328,5.539947499999999,2.504916666666667,18.08575,28.60758333333333,1.9055833333333334,0.7447629756571307,2.6355006846031017,2.096486321195057,2.9627258615694303,0.2973547123049709,4.6852599999999995,0.079,15.603,25.427,1.54,6.63251,6.454000000000001,20.811000000000003,32.772000000000006,2.322,1.8665400000000005,6.281999999999999,6.352000000000002,7.376000000000001,0.752,12,12,1,9,8,0.0,0.0,0.0,0.0,0.0
S0329,5.588563333333334,2.3124166666666666,17.799333333333333,28.51991666666667,2.4070833333333335,0.725445751805278,2.3172045589000367,2.1222735285471543,2.7776301778245975,0.3181971162061416,4.696700000000001,0.089,15.109,25.297,2.0,6.6182,5.857,20.551000000000005,32.482,2.8009999999999997,1.771139999999999,5.501,6.393000000000001,6.944000000000003,0.762,12,12,1,9,9,0.0,0.0,0.0,0.0,0.0
S0330,5.588563333333334,2.2965,14.3085,25.30933333333333,2.2546666666666666,0.725445751805278,2.0615302507578965,2.305495316729614,2.816233772445822,0.2956915646422133,4.696700000000001,0.21,11.145,22.222,1.909,6.6182,5.541,17.095,29.501,2.671,1.771139999999999,4.819,6.891999999999998,6.940000000000001,0.47699999999999987,12,2,1,12,7,0.0,0.0,0.0,0.0,0.0
S0331,5.588563333333334,2.4379166666666663,15.211666666666668,26.801166666666667,2.8332499999999996,0.725445751805278,2.0178871951853496,2.5848697879638523,2.999233006528666,0.30827839240999483,4.696700000000001,0.39,11.658,23.614,2.4490000000000003,6.6182,5.372,18.234,31.237000000000002,3.151,1.771139999999999,4.7509999999999994,7.4990000000000006,7.171999999999997,0.782,12,2,1,12,12,0.0,0.0,0.0,0.0,0.0
S0332,5.588563333333334,2.4379166666666663,15.211666666666668,26.801166666666667,2.8332499999999996,0.725445751805278,2.0178871951853496,2.5848697879638523,2.999233006528666,0.30827839240999483,4.696700000000001,0.39,11.658,23.614,2.4490000000000003,6.6182,5.372,18.234,31.237000000000002,3.151,1.771139999999999,4.7509999999999994,7.4990000000000006,7.171999999999997,0.782,12,2,1,12,12,0.0,0.0,0.0,0.0,0.0
S0333,5.539947499999999,2.165166666666667,14.43975,25.465,1.884083333333333,0.7447629756571307,2.1474013935680585,2.265251748303768,2.8625266502740914,0.2897825781116436,4.6852599999999995,0.119,11.318,22.136,1.53,6.63251,5.259000000000002,17.036000000000005,29.601000000000003,2.26,1.8665400000000005,5.106999999999999,6.838999999999997,7.350000000000001,0.583,12,12,1,12,7,0.0,0.0,0.0,0.0,0.0
S0334,5.539947499999999,2.165166666666667,14.43975,25.465,1.884083333333333,0.7447629756571307,2.1474013935680585,2.265251748303768,2.8625266502740914,0.2897825781116436,4.6852599999999995,0.119,11.318,22.136,1.53,6.63251,5.259000000000002,17.036000000000005,29.601000000000003,2.26,1.8665400000000005,5.106999999999999,6.838999999999997,7.350000000000001,0.583,12,12,1,12,7,0.0,0.0,0.0,0.0,0.0
S0335,5.539947499999999,2.165166666666667,14.43975,25.465,1.884083333333333,0.7447629756571307,2.1474013935680585,2.265251748303768,2.8625266502740914,0.2897825781116436,4.6852599999999995,0.119,11.318,22.136,1.53,6.63251,5.259000000000002,17.036000000000005,29.601000000000003,2.26,1.8665400000000005,5.106999999999999,6.838999999999997,7.350000000000001,0.583,12,12,1,12,7,0.0,0.0,0.0,0.0,0.0
S0336,5.539947499999999,2.165166666666667,14.43975,25.465,1.884083333333333,0.7447629756571307,2.1474013935680585,2.265251748303768,2.8625266502740914,0.2897825781116436,4.6852599999999995,0.119,11.318,22.136,1.53,6.63251,5.259000000000002,17.036000000000005,29.601000000000003,2.26,1.8665400000000005,5.106999999999999,6.838999999999997,7.350000000000001,0.583,12,12,1,12,7,0.0,0.0,0.0,0.0,0.0
S0337,5.539947499999999,2.165166666666667,14.43975,25.465,1.884083333333333,0.7447629756571307,2.1474013935680585,2.265251748303768,2.8625266502740914,0.2897825781116436,4.6852599999999995,0.119,11.318,22.136,1.53,6.63251,5.259000000000002,17.036000000000005,29.601000000000003,2.26,1.8665400000000005,5.106999999999999,6.838999999999997,7.350000000000001,0.583,12,12,1,12,7,0.0,0.0,0.0,0.0,0.0
S0338,5.539947499999999,2.4379166666666663,15.211666666666668,26.801166666666667,2.8332499999999996,0.7447629756571307,2.0178871951853496,2.5848697879638523,2.999233006528666,0.30827839240999483,4.6852599999999995,0.39,11.658,23.614,2.4490000000000003,6.63251,5.372,18.234,31.237000000000002,3.151,1.8665400000000005,4.7509999999999994,7.4990000000000006,7.171999999999997,0.782,12,2,1,12,12,0.0,0.0,0.0,0.0,0.0
S0339,5.539947499999999,1.9444166666666665,15.418666666666667,26.735416666666666,2.98125,0.7447629756571307,2.0176039520388818,2.48987021137002,2.7865308982278862,0.361478203487622,4.6852599999999995,0.09,11.994,23.147,2.53,6.63251,5.043,18.354000000000003,30.634,3.428000000000001,1.8665400000000005,4.664000000000001,7.552,7.786999999999999,0.7099999999999995,12,1,1,12,7,0.0,0.0,0.0,0.0,0.0
S0340,5.539947499999999,2.344333333333333,15.44941666666667,26.162750000000003,2.1184166666666666,0.7447629756571307,2.418187297113598,2.213259999396811,2.791806728791298,0.3731424488246358,4.6852599999999995,0.109,12.602,23.047,1.648,6.63251,5.775000000000001,18.284000000000002,30.262,2.6140000000000003,1.8665400000000005,5.757,6.878,7.464000000000002,1.0040000000000004,12,1,1,12,7,0.0,0.0,0.0,0.0,0.0
S0341,5.588563333333334,2.3124166666666666,17.799333333333333,28.51991666666667,2.4070833333333335,0.725445751805278,2.3172045589000367,2.1222735285471543,2.7776301778245975,0.3181971162061416,4.696700000000001,0.089,15.109,25.297,2.0,6.6182,5.857,20.551000000000005,32.482,2.8009999999999997,1.771139999999999,5.501,6.393000000000001,6.944000000000003,0.762,12,12,1,9,9,0.0,0.0,0.0,0.0,0.0
S0342,5.588563333333334,2.3124166666666666,17.799333333333333,28.51991666666667,2.4070833333333335,0.725445751805278,2.3172045589000367,2.1222735285471543,2.7776301778245975,0.3181971162061416,4.696700000000001,0.089,15.109,25.297,2.0,6.6182,5.857,20.551000000000005,32.482,2.8009999999999997,1.771139999999999,5.501,6.393000000000001,6.944000000000003,0.762,12,12,1,9,9,0.0,0.0,0.0,0.0,0.0
S0343,5.588563333333334,2.3124166666666666,17.799333333333333,28.51991666666667,2.4070833333333335,0.725445751805278,2.3172045589000367,2.1222735285471543,2.7776301778245975,0.3181971162061416,4.696700000000001,0.089,15.109,25.297,2.0,6.6182,5.857,20.551000000000005,32.482,2.8009999999999997,1.771139999999999,5.501,6.393000000000001,6.944000000000003,0.762,12,12,1,9,9,0.0,0.0,0.0,0.0,0.0
S0344,5.743599166666668,2.344333333333333,15.44941666666667,26.162750000000003,2.1184166666666666,0.8719444768284095,2.418187297113598,2.213259999396811,2.791806728791298,0.3731424488246358,4.80248,0.109,12.602,23.047,1.648,7.22527,5.775000000000001,18.284000000000002,30.262,2.6140000000000003,2.5217,5.757,6.878,7.464000000000002,1.0040000000000004,12,1,1,12,7,0.0,0.0,0.0,0.0,0.0
S0345,5.743599166666668,2.344333333333333,15.44941666666667,26.162750000000003,2.1184166666666666,0.8719444768284095,2.418187297113598,2.213259999396811,2.791806728791298,0.3731424488246358,4.80248,0.109,12.602,23.047,1.648,7.22527,5.775000000000001,18.284000000000002,30.262,2.6140000000000003,2.5217,5.757,6.878,7.464000000000002,1.0040000000000004,12,1,1,12,7,0.0,0.0,0.0,0.0,0.0
S0346,5.539947499999999,2.165166666666667,14.43975,25.465,1.884083333333333,0.7447629756571307,2.1474013935680585,2.265251748303768,2.8625266502740914,0.2897825781116436,4.6852599999999995,0.119,11.318,22.136,1.53,6.63251,5.259000000000002,17.036000000000005,29.601000000000003,2.26,1.8665400000000005,5.106999999999999,6.838999999999997,7.350000000000001,0.583,12,12,1,12,7,0.0,0.0,0.0,0.0,0.0
S0347,5.539947499999999,2.165166666666667,14.43975,25.465,1.884083333333333,0.7447629756571307,2.1474013935680585,2.265251748303768,2.8625266502740914,0.2897825781116436,4.6852599999999995,0.119,11.318,22.136,1.53,6.63251,5.259000000000002,17.036000000000005,29.601000000000003,2.26,1.8665400000000005,5.106999999999999,6.838999999999997,7.350000000000001,0.583,12,12,1,12,7,0.0,0.0,0.0,0.0,0.0
S0348,5.539947499999999,2.165166666666667,14.43975,25.465,1.884083333333333,0.7447629756571307,2.1474013935680585,2.265251748303768,2.8625266502740914,0.2897825781116436,4.6852599999999995,0.119,11.318,22.136,1.53,6.63251,5.259000000000002,17.036000000000005,29.601000000000003,2.26,1.8665400000000005,5.106999999999999,6.838999999999997,7.350000000000001,0.583,12,12,1,12,7,0.0,0.0,0.0,0.0,0.0
S0349,5.539947499999999,1.8448333333333333,15.88475,27.53891666666667,2.986833333333333,0.7447629756571307,1.7147030922809556,2.5609028615678797,2.9424099183239205,0.31134563822635614,4.6852599999999995,0.159,12.29,24.204,2.58,6.63251,4.202000000000002,18.936000000000003,31.767000000000003,3.38,1.8665400000000005,3.7959999999999994,7.5070000000000014,7.226000000000003,0.6990000000000003,12,1,1,12,12,0.0,0.0,0.0,0.0,0.0
S0350,5.539947499999999,2.4379166666666663,15.211666666666668,26.801166666666667,2.8332499999999996,0.7447629756571307,2.0178871951853496,2.5848697879638523,2.999233006528666,0.30827839240999483,4.6852599999999995,0.39,11.658,23.614,2.4490000000000003,6.63251,5.372,18.234,31.237000000000002,3.151,1.8665400000000005,4.7509999999999994,7.4990000000000006,7.171999999999997,0.782,12,2,1,12,12,0.0,0.0,0.0,0.0,0.0
S0351,5.539947499999999,2.4379166666666663,15.211666666666668,26.801166666666667,2.8332499999999996,0.7447629756571307,2.0178871951853496,2.5848697879638523,2.999233006528666,0.30827839240999483,4.6852599999999995,0.39,11.658,23.614,2.4490000000000003,6.63251,5.372,18.234,31.237000000000002,3.151,1.8665400000000005,4.7509999999999994,7.4990000000000006,7.171999999999997,0.782,12,2,1,12,12,0.0,0.0,0.0,0.0,0.0
S0352,5.588563333333334,2.2965,14.3085,25.30933333333333,2.2546666666666666,0.725445751805278,2.0615302507578965,2.305495316729614,2.816233772445822,0.2956915646422133,4.696700000000001,0.21,11.145,22.222,1.909,6.6182,5.541,17.095,29.501,2.671,1.771139999999999,4.819,6.891999999999998,6.940000000000001,0.47699999999999987,12,2,1,12,7,0.0,0.0,0.0,0.0,0.0
S0353,5.588563333333334,2.2965,14.3085,25.30933333333333,2.2546666666666666,0.725445751805278,2.0615302507578965,2.305495316729614,2.816233772445822,0.2956915646422133,4.696700000000001,0.21,11.145,22.222,1.909,6.6182,5.541,17.095,29.501,2.671,1.771139999999999,4.819,6.891999999999998,6.940000000000001,0.47699999999999987,12,2,1,12,7,0.0,0.0,0.0,0.0,0.0
S0354,5.588563333333334,2.3124166666666666,17.799333333333333,28.51991666666667,2.4070833333333335,0.725445751805278,2.3172045589000367,2.1222735285471543,2.7776301778245975,0.3181971162061416,4.696700000000001,0.089,15.109,25.297,2.0,6.6182,5.857,20.551000000000005,32.482,2.8009999999999997,1.771139999999999,5.501,6.393000000000001,6.944000000000003,0.762,12,12,1,9,9,0.0,0.0,0.0,0.0,0.0
S0355,5.588563333333334,2.3124166666666666,17.799333333333333,28.51991666666667,2.4070833333333335,0.725445751805278,2.3172045589000367,2.1222735285471543,2.7776301778245975,0.3181971162061416,4.696700000000001,0.089,15.109,25.297,2.0,6.6182,5.857,20.551000000000005,32.482,2.8009999999999997,1.771139999999999,5.501,6.393000000000001,6.944000000000003,0.762,12,12,1,9,9,0.0,0.0,0.0,0.0,0.0
S0356,5.588563333333334,2.3124166666666666,17.799333333333333,28.51991666666667,2.4070833333333335,0.725445751805278,2.3172045589000367,2.1222735285471543,2.7776301778245975,0.3181971162061416,4.696700000000001,0.089,15.109,25.297,2.0,6.6182,5.857,20.551000000000005,32.482,2.8009999999999997,1.771139999999999,5.501,6.393000000000001,6.944000000000003,0.762,12,12,1,9,9,0.0,0.0,0.0,0.0,0.0
S0357,5.588563333333334,2.3124166666666666,17.799333333333333,28.51991666666667,2.4070833333333335,0.725445751805278,2.3172045589000367,2.1222735285471543,2.7776301778245975,0.3181971162061416,4.696700000000001,0.089,15.109,25.297,2.0,6.6182,5.857,20.551000000000005,32.482,2.8009999999999997,1.771139999999999,5.501,6.393000000000001,6.944000000000003,0.762,12,12,1,9,9,0.0,0.0,0.0,0.0,0.0
S0358,5.588563333333334,2.3124166666666666,17.799333333333333,28.51991666666667,2.4070833333333335,0.725445751805278,2.3172045589000367,2.1222735285471543,2.7776301778245975,0.3181971162061416,4.696700000000001,0.089,15.109,25.297,2.0,6.6182,5.857,20.551000000000005,32.482,2.8009999999999997,1.771139999999999,5.501,6.393000000000001,6.944000000000003,0.762,12,12,1,9,9,0.0,0.0,0.0,0.0,0.0
S0359,5.539947499999999,2.55275,18.733083333333337,28.90366666666667,2.0609166666666665,0.7447629756571307,2.7021404408699548,2.00074053342077,2.7913633105800937,0.2972704844015943,4.6852599999999995,0.079,16.227,26.034,1.739,6.63251,6.299,21.290000000000003,32.829,2.5220000000000002,1.8665400000000005,6.359999999999999,6.185999999999998,6.994999999999997,0.8589999999999995,12,12,1,12,7,0.0,0.0,0.0,0.0,0.0
S0360,5.743599166666668,2.55275,18.733083333333337,28.90366666666667,2.0609166666666665,0.8719444768284095,2.7021404408699548,2.00074053342077,2.7913633105800937,0.2972704844015943,4.80248,0.079,16.227,26.034,1.739,7.22527,6.299,21.290000000000003,32.829,2.5220000000000002,2.5217,6.359999999999999,6.185999999999998,6.994999999999997,0.8589999999999995,12,12,1,12,7,0.0,0.0,0.0,0.0,0.0
S0361,5.743599166666668,2.55275,18.733083333333337,28.90366666666667,2.0609166666666665,0.8719444768284095,2.7021404408699548,2.00074053342077,2.7913633105800937,0.2972704844015943,4.80248,0.079,16.227,26.034,1.739,7.22527,6.299,21.290000000000003,32.829,2.5220000000000002,2.5217,6.359999999999999,6.185999999999998,6.994999999999997,0.8589999999999995,12,12,1,12,7,0.0,0.0,0.0,0.0,0.0
S0362,5.662869166666667,1.9444166666666665,15.418666666666667,26.735416666666666,2.98125,0.8728107831362785,2.0176039520388818,2.48987021137002,2.7865308982278862,0.361478203487622,4.50326,0.09,11.994,23.147,2.53,6.82537,5.043,18.354000000000003,30.634,3.428000000000001,2.26734,4.664000000000001,7.552,7.786999999999999,0.7099999999999995,12,1,1,12,7,0.0,0.0,0.0,0.0,0.0
S0363,5.539947499999999,2.344333333333333,15.44941666666667,26.162750000000003,2.1184166666666666,0.7447629756571307,2.418187297113598,2.213259999396811,2.791806728791298,0.3731424488246358,4.6852599999999995,0.109,12.602,23.047,1.648,6.63251,5.775000000000001,18.284000000000002,30.262,2.6140000000000003,1.8665400000000005,5.757,6.878,7.464000000000002,1.0040000000000004,12,1,1,12,7,0.0,0.0,0.0,0.0,0.0
S0364,5.539947499999999,2.344333333333333,15.44941666666667,26.162750000000003,2.1184166666666666,0.7447629756571307,2.418187297113598,2.213259999396811,2.791806728791298,0.3731424488246358,4.6852599999999995,0.109,12.602,23.047,1.648,6.63251,5.775000000000001,18.284000000000002,30.262,2.6140000000000003,1.8665400000000005,5.757,6.878,7.464000000000002,1.0040000000000004,12,1,1,12,7,0.0,0.0,0.0,0.0,0.0
S0365,5.539947499999999,2.344333333333333,15.44941666666667,26.162750000000003,2.1184166666666666,0.7447629756571307,2.418187297113598,2.213259999396811,2.791806728791298,0.3731424488246358,4.6852599999999995,0.109,12.602,23.047,1.648,6.63251,5.775000000000001,18.284000000000002,30.262,2.6140000000000003,1.8665400000000005,5.757,6.878,7.464000000000002,1.0040000000000004,12,1,1,12,7,0.0,0.0,0.0,0.0,0.0
S0366,5.588563333333334,2.2965,14.3085,25.30933333333333,2.2546666666666666,0.725445751805278,2.0615302507578965,2.305495316729614,2.816233772445822,0.2956915646422133,4.696700000000001,0.21,11.145,22.222,1.909,6.6182,5.541,17.095,29.501,2.671,1.771139999999999,4.819,6.891999999999998,6.940000000000001,0.47699999999999987,12,2,1,12,7,0.0,0.0,0.0,0.0,0.0
S0367,5.588563333333334,2.2965,14.3085,25.30933333333333,2.2546666666666666,0.725445751805278,2.0615302507578965,2.305495316729614,2.816233772445822,0.2956915646422133,4.696700000000001,0.21,11.145,22.222,1.909,6.6182,5.541,17.095,29.501,2.671,1.771139999999999,4.819,6.891999999999998,6.940000000000001,0.47699999999999987,12,2,1,12,7,0.0,0.0,0.0,0.0,0.0
S0368,5.9687,2.504916666666667,18.08575,28.60758333333333,1.9055833333333334,0.7676433462610247,2.6355006846031017,2.096486321195057,2.9627258615694303,0.2973547123049709,4.98873,0.079,15.603,25.427,1.54,7.01062,6.454000000000001,20.811000000000003,32.772000000000006,2.322,2.2429500000000004,6.281999999999999,6.352000000000002,7.376000000000001,0.752,12,12,1,9,8,0.0,0.0,0.0,0.0,0.0
S0369,5.9687,2.504916666666667,18.08575,28.60758333333333,1.9055833333333334,0.7676433462610247,2.6355006846031017,2.096486321195057,2.9627258615694303,0.2973547123049709,4.98873,0.079,15.603,25.427,1.54,7.01062,6.454000000000001,20.811000000000003,32.772000000000006,2.322,2.2429500000000004,6.281999999999999,6.352000000000002,7.376000000000001,0.752,12,12,1,9,8,0.0,0.0,0.0,0.0,0.0
S0370,5.9687,2.504916666666667,18.08575,28.60758333333333,1.9055833333333334,0.7676433462610247,2.6355006846031017,2.096486321195057,2.9627258615694303,0.2973547123049709,4.98873,0.079,15.603,25.427,1.54,7.01062,6.454000000000001,20.811000000000003,32.772000000000006,2.322,2.2429500000000004,6.281999999999999,6.352000000000002,7.376000000000001,0.752,12,12,1,9,8,0.0,0.0,0.0,0.0,0.0
S0371,5.9687,2.504916666666667,18.08575,28.60758333333333,1.9055833333333334,0.7676433462610247,2.6355006846031017,2.096486321195057,2.9627258615694303,0.2973547123049709,4.98873,0.079,15.603,25.427,1.54,7.01062,6.454000000000001,20.811000000000003,32.772000000000006,2.322,2.2429500000000004,6.281999999999999,6.352000000000002,7.376000000000001,0.752,12,12,1,9,8,0.0,0.0,0.0,0.0,0.0
S0372,5.9687,2.504916666666667,18.08575,28.60758333333333,1.9055833333333334,0.7676433462610247,2.6355006846031017,2.096486321195057,2.9627258615694303,0.2973547123049709,4.98873,0.079,15.603,25.427,1.54,7.01062,6.454000000000001,20.811000000000003,32.772000000000006,2.322,2.2429500000000004,6.281999999999999,6.352000000000002,7.376000000000001,0.752,12,12,1,9,8,0.0,0.0,0.0,0.0,0.0
S0373,5.9687,2.504916666666667,18.08575,28.60758333333333,1.9055833333333334,0.7676433462610247,2.6355006846031017,2.096486321195057,2.9627258615694303,0.2973547123049709,4.98873,0.079,15.603,25.427,1.54,7.01062,6.454000000000001,20.811000000000003,32.772000000000006,2.322,2.2429500000000004,6.281999999999999,6.352000000000002,7.376000000000001,0.752,12,12,1,9,8,0.0,0.0,0.0,0.0,0.0
S0374,5.9687,2.504916666666667,18.08575,28.60758333333333,1.9055833333333334,0.7676433462610247,2.6355006846031017,2.096486321195057,2.9627258615694303,0.2973547123049709,4.98873,0.079,15.603,25.427,1.54,7.01062,6.454000000000001,20.811000000000003,32.772000000000006,2.322,2.2429500000000004,6.281999999999999,6.352000000000002,7.376000000000001,0.752,12,12,1,9,8,0.0,0.0,0.0,0.0,0.0
S0375,5.9687,2.504916666666667,18.08575,28.60758333333333,1.9055833333333334,0.7676433462610247,2.6355006846031017,2.096486321195057,2.9627258615694303,0.2973547123049709,4.98873,0.079,15.603,25.427,1.54,7.01062,6.454000000000001,20.811000000000003,32.772000000000006,2.322,2.2429500000000004,6.281999999999999,6.352000000000002,7.376000000000001,0.752,12,12,1,9,8,0.0,0.0,0.0,0.0,0.0
S0376,5.9687,2.504916666666667,18.08575,28.60758333333333,1.9055833333333334,0.7676433462610247,2.6355006846031017,2.096486321195057,2.9627258615694303,0.2973547123049709,4.98873,0.079,15.603,25.427,1.54,7.01062,6.454000000000001,20.811000000000003,32.772000000000006,2.322,2.2429500000000004,6.281999999999999,6.352000000000002,7.376000000000001,0.752,12,12,1,9,8,0.0,0.0,0.0,0.0,0.0
S0377,5.9687,2.504916666666667,18.08575,28.60758333333333,1.9055833333333334,0.7676433462610247,2.6355006846031017,2.096486321195057,2.9627258615694303,0.2973547123049709,4.98873,0.079,15.603,25.427,1.54,7.01062,6.454000000000001,20.811000000000003,32.772000000000006,2.322,2.2429500000000004,6.281999999999999,6.352000000000002,7.376000000000001,0.752,12,12,1,9,8,0.0,0.0,0.0,0.0,0.0
S0378,5.588563333333334,2.3124166666666666,17.799333333333333,28.51991666666667,2.4070833333333335,0.725445751805278,2.3172045589000367,2.1222735285471543,2.7776301778245975,0.3181971162061416,4.696700000000001,0.089,15.109,25.297,2.0,6.6182,5.857,20.551000000000005,32.482,2.8009999999999997,1.771139999999999,5.501,6.393000000000001,6.944000000000003,0.762,12,12,1,9,9,0.0,0.0,0.0,0.0,0.0
S0379,5.588563333333334,2.3124166666666666,17.799333333333333,28.51991666666667,2.4070833333333335,0.725445751805278,2.3172045589000367,2.1222735285471543,2.7776301778245975,0.3181971162061416,4.696700000000001,0.089,15.109,25.297,2.0,6.6182,5.857,20.551000000000005,32.482,2.8009999999999997,1.771139999999999,5.501,6.393000000000001,6.944000000000003,0.762,12,12,1,9,9,0.0,0.0,0.0,0.0,0.0
S0380,5.539947499999999,1.8448333333333333,15.88475,27.53891666666667,2.986833333333333,0.7447629756571307,1.7147030922809556,2.5609028615678797,2.9424099183239205,0.31134563822635614,4.6852599999999995,0.159,12.29,24.204,2.58,6.63251,4.202000000000002,18.936000000000003,31.767000000000003,3.38,1.8665400000000005,3.7959999999999994,7.5070000000000014,7.226000000000003,0.6990000000000003,12,1,1,12,12,0.0,0.0,0.0,0.0,0.0
S0381,5.539947499999999,1.8448333333333333,15.88475,27.53891666666667,2.986833333333333,0.7447629756571307,1.7147030922809556,2.5609028615678797,2.9424099183239205,0.31134563822635614,4.6852599999999995,0.159,12.29,24.204,2.58,6.63251,4.202000000000002,18.936000000000003,31.767000000000003,3.38,1.8665400000000005,3.7959999999999994,7.5070000000000014,7.226000000000003,0.6990000000000003,12,1,1,12,12,0.0,0.0,0.0,0.0,0.0
S0382,5.588563333333334,2.2965,14.3085,25.30933333333333,2.2546666666666666,0.725445751805278,2.0615302507578965,2.305495316729614,2.816233772445822,0.2956915646422133,4.696700000000001,0.21,11.145,22.222,1.909,6.6182,5.541,17.095,29.501,2.671,1.771139999999999,4.819,6.891999999999998,6.940000000000001,0.47699999999999987,12,2,1,12,7,0.0,0.0,0.0,0.0,0.0
S0383,5.588563333333334,2.2965,14.3085,25.30933333333333,2.2546666666666666,0.725445751805278,2.0615302507578965,2.305495316729614,2.816233772445822,0.2956915646422133,4.696700000000001,0.21,11.145,22.222,1.909,6.6182,5.541,17.095,29.501,2.671,1.771139999999999,4.819,6.891999999999998,6.940000000000001,0.47699999999999987,12,2,1,12,7,0.0,0.0,0.0,0.0,0.0
S0384,5.588563333333334,2.2965,14.3085,25.30933333333333,2.2546666666666666,0.725445751805278,2.0615302507578965,2.305495316729614,2.816233772445822,0.2956915646422133,4.696700000000001,0.21,11.145,22.222,1.909,6.6182,5.541,17.095,29.501,2.671,1.771139999999999,4.819,6.891999999999998,6.940000000000001,0.47699999999999987,12,2,1,12,7,0.0,0.0,0.0,0.0,0.0
S0385,5.588563333333334,2.2965,14.3085,25.30933333333333,2.2546666666666666,0.725445751805278,2.0615302507578965,2.305495316729614,2.816233772445822,0.2956915646422133,4.696700000000001,0.21,11.145,22.222,1.909,6.6182,5.541,17.095,29.501,2.671,1.771139999999999,4.819,6.891999999999998,6.940000000000001,0.47699999999999987,12,2,1,12,7,0.0,0.0,0.0,0.0,0.0
S0386,5.588563333333334,2.2965,14.3085,25.30933333333333,2.2546666666666666,0.725445751805278,2.0615302507578965,2.305495316729614,2.816233772445822,0.2956915646422133,4.696700000000001,0.21,11.145,22.222,1.909,6.6182,5.541,17.095,29.501,2.671,1.771139999999999,4.819,6.891999999999998,6.940000000000001,0.47699999999999987,12,2,1,12,7,0.0,0.0,0.0,0.0,0.0
S0387,5.539947499999999,2.165166666666667,14.43975,25.465,1.884083333333333,0.7447629756571307,2.1474013935680585,2.265251748303768,2.8625266502740914,0.2897825781116436,4.6852599999999995,0.119,11.318,22.136,1.53,6.63251,5.259000000000002,17.036000000000005,29.601000000000003,2.26,1.8665400000000005,5.106999999999999,6.838999999999997,7.350000000000001,0.583,12,12,1,12,7,0.0,0.0,0.0,0.0,0.0
S0388,5.539947499999999,2.165166666666667,14.43975,25.465,1.884083333333333,0.7447629756571307,2.1474013935680585,2.265251748303768,2.8625266502740914,0.2897825781116436,4.6852599999999995,0.119,11.318,22.136,1.53,6.63251,5.259000000000002,17.036000000000005,29.601000000000003,2.26,1.8665400000000005,5.106999999999999,6.838999999999997,7.350000000000001,0.583,12,12,1,12,7,0.0,0.0,0.0,0.0,0.0
S0389,5.539947499999999,2.344333333333333,15.44941666666667,26.162750000000003,2.1184166666666666,0.7447629756571307,2.418187297113598,2.213259999396811,2.791806728791298,0.3731424488246358,4.6852599999999995,0.109,12.602,23.047,1.648,6.63251,5.775000000000001,18.284000000000002,30.262,2.6140000000000003,1.8665400000000005,5.757,6.878,7.464000000000002,1.0040000000000004,12,1,1,12,7,0.0,0.0,0.0,0.0,0.0
S0390,5.539947499999999,2.344333333333333,15.44941666666667,26.162750000000003,2.1184166666666666,0.7447629756571307,2.418187297113598,2.213259999396811,2.791806728791298,0.3731424488246358,4.6852599999999995,0.109,12.602,23.047,1.648,6.63251,5.775000000000001,18.284000000000002,30.262,2.6140000000000003,1.8665400000000005,5.757,6.878,7.464000000000002,1.0040000000000004,12,1,1,12,7,0.0,0.0,0.0,0.0,0.0
S0391,5.539947499999999,2.344333333333333,15.44941666666667,26.162750000000003,2.1184166666666666,0.7447629756571307,2.418187297113598,2.213259999396811,2.791806728791298,0.3731424488246358,4.6852599999999995,0.109,12.602,23.047,1.648,6.63251,5.775000000000001,18.284000000000002,30.262,2.6140000000000003,1.8665400000000005,5.757,6.878,7.464000000000002,1.0040000000000004,12,1,1,12,7,0.0,0.0,0.0,0.0,0.0
S0392,5.539947499999999,2.344333333333333,15.44941666666667,26.162750000000003,2.1184166666666666,0.7447629756571307,2.418187297113598,2.213259999396811,2.791806728791298,0.3731424488246358,4.6852599999999995,0.109,12.602,23.047,1.648,6.63251,5.775000000000001,18.284000000000002,30.262,2.6140000000000003,1.8665400000000005,5.757,6.878,7.464000000000002,1.0040000000000004,12,1,1,12,7,0.0,0.0,0.0,0.0,0.0
S0393,5.539947499999999,2.344333333333333,15.44941666666667,26.162750000000003,2.1184166666666666,0.7447629756571307,2.418187297113598,2.213259999396811,2.791806728791298,0.3731424488246358,4.6852599999999995,0.109,12.602,23.047,1.648,6.63251,5.775000000000001,18.284000000000002,30.262,2.6140000000000003,1.8665400000000005,5.757,6.878,7.464000000000002,1.0040000000000004,12,1,1,12,7,0.0,0.0,0.0,0.0,0.0
S0394,5.539947499999999,2.344333333333333,15.44941666666667,26.162750000000003,2.1184166666666666,0.7447629756571307,2.418187297113598,2.213259999396811,2.791806728791298,0.3731424488246358,4.6852599999999995,0.109,12.602,23.047,1.648,6.63251,5.775000000000001,18.284000000000002,30.262,2.6140000000000003,1.8665400000000005,5.757,6.878,7.464000000000002,1.0040000000000004,12,1,1,12,7,0.0,0.0,0.0,0.0,0.0
S0395,5.539947499999999,1.9444166666666665,15.418666666666667,26.735416666666666,2.98125,0.7447629756571307,2.0176039520388818,2.48987021137002,2.7865308982278862,0.361478203487622,4.6852599999999995,0.09,11.994,23.147,2.53,6.63251,5.043,18.354000000000003,30.634,3.428000000000001,1.8665400000000005,4.664000000000001,7.552,7.786999999999999,0.7099999999999995,12,1,1,12,7,0.0,0.0,0.0,0.0,0.0
S0396,5.539947499999999,1.9444166666666665,15.418666666666667,26.735416666666666,2.98125,0.7447629756571307,2.0176039520388818,2.48987021137002,2.7865308982278862,0.361478203487622,4.6852599999999995,0.09,11.994,23.147,2.53,6.63251,5.043,18.354000000000003,30.634,3.428000000000001,1.8665400000000005,4.664000000000001,7.552,7.786999999999999,0.7099999999999995,12,1,1,12,7,0.0,0.0,0.0,0.0,0.0
S0397,5.539947499999999,1.9444166666666665,15.418666666666667,26.735416666666666,2.98125,0.7447629756571307,2.0176039520388818,2.48987021137002,2.7865308982278862,0.361478203487622,4.6852599999999995,0.09,11.994,23.147,2.53,6.63251,5.043,18.354000000000003,30.634,3.428000000000001,1.8665400000000005,4.664000000000001,7.552,7.786999999999999,0.7099999999999995,12,1,1,12,7,0.0,0.0,0.0,0.0,0.0
S0398,5.662869166666667,1.9444166666666665,15.418666666666667,26.735416666666666,2.98125,0.8728107831362785,2.0176039520388818,2.48987021137002,2.7865308982278862,0.361478203487622,4.50326,0.09,11.994,23.147,2.53,6.82537,5.043,18.354000000000003,30.634,3.428000000000001,2.26734,4.664000000000001,7.552,7.786999999999999,0.7099999999999995,12,1,1,12,7,0.0,0.0,0.0,0.0,0.0
S0399,5.662869166666667,1.9444166666666665,15.418666666666667,26.735416666666666,2.98125,0.8728107831362785,2.0176039520388818,2.48987021137002,2.7865308982278862,0.361478203487622,4.50326,0.09,11.994,23.147,2.53,6.82537,5.043,18.354000000000003,30.634,3.428000000000001,2.26734,4.664000000000001,7.552,7.786999999999999,0.7099999999999995,12,1,1,12,7,0.0,0.0,0.0,0.0,0.0
S0400,5.662869166666667,1.5553333333333332,16.92008333333333,28.842750000000002,3.4947500000000002,0.8728107831362785,1.6036460208612402,2.7744017436222186,2.890737151923814,0.3177017323785039,4.50326,0.06,13.167,25.484,3.089,6.82537,3.616000000000002,20.120000000000005,32.783,3.911,2.26734,3.3169999999999997,8.286,7.831999999999994,0.5719999999999996,12,1,1,12,12,0.0,0.0,0.0,0.0,0.0
S0401,5.662869166666667,1.5553333333333332,16.92008333333333,28.842750000000002,3.4947500000000002,0.8728107831362785,1.6036460208612402,2.7744017436222186,2.890737151923814,0.3177017323785039,4.50326,0.06,13.167,25.484,3.089,6.82537,3.616000000000002,20.120000000000005,32.783,3.911,2.26734,3.3169999999999997,8.286,7.831999999999994,0.5719999999999996,12,1,1,12,12,0.0,0.0,0.0,0.0,0.0
S0402,5.539947499999999,2.344333333333333,15.44941666666667,26.162750000000003,2.1184166666666666,0.7447629756571307,2.418187297113598,2.213259999396811,2.791806728791298,0.3731424488246358,4.6852599999999995,0.109,12.602,23.047,1.648,6.63251,5.775000000000001,18.284000000000002,30.262,2.6140000000000003,1.8665400000000005,5.757,6.878,7.464000000000002,1.0040000000000004,12,1,1,12,7,0.0,0.0,0.0,0.0,0.0
S0403,5.539947499999999,2.344333333333333,15.44941666666667,26.162750000000003,2.1184166666666666,0.7447629756571307,2.418187297113598,2.213259999396811,2.791806728791298,0.3731424488246358,4.6852599999999995,0.109,12.602,23.047,1.648,6.63251,5.775000000000001,18.284000000000002,30.262,2.6140000000000003,1.8665400000000005,5.757,6.878,7.464000000000002,1.0040000000000004,12,1,1,12,7,0.0,0.0,0.0,0.0,0.0
S0404,5.743599166666668,2.55275,18.733083333333337,28.90366666666667,2.0609166666666665,0.8719444768284095,2.7021404408699548,2.00074053342077,2.7913633105800937,0.2972704844015943,4.80248,0.079,16.227,26.034,1.739,7.22527,6.299,21.290000000000003,32.829,2.5220000000000002,2.5217,6.359999999999999,6.185999999999998,6.994999999999997,0.8589999999999995,12,12,1,12,7,0.0,0.0,0.0,0.0,0.0
S0405,5.743599166666668,2.344333333333333,15.44941666666667,26.162750000000003,2.1184166666666666,0.8719444768284095,2.418187297113598,2.213259999396811,2.791806728791298,0.3731424488246358,4.80248,0.109,12.602,23.047,1.648,7.22527,5.775000000000001,18.284000000000002,30.262,2.6140000000000003,2.5217,5.757,6.878,7.464000000000002,1.0040000000000004,12,1,1,12,7,0.0,0.0,0.0,0.0,0.0
S0406,5.743599166666668,2.344333333333333,15.44941666666667,26.162750000000003,2.1184166666666666,0.8719444768284095,2.418187297113598,2.213259999396811,2.791806728791298,0.3731424488246358,4.80248,0.109,12.602,23.047,1.648,7.22527,5.775000000000001,18.284000000000002,30.262,2.6140000000000003,2.5217,5.757,6.878,7.464000000000002,1.0040000000000004,12,1,1,12,7,0.0,0.0,0.0,0.0,0.0
S0407,5.539947499999999,2.344333333333333,15.44941666666667,26.162750000000003,2.1184166666666666,0.7447629756571307,2.418187297113598,2.213259999396811,2.791806728791298,0.3731424488246358,4.6852599999999995,0.109,12.602,23.047,1.648,6.63251,5.775000000000001,18.284000000000002,30.262,2.6140000000000003,1.8665400000000005,5.757,6.878,7.464000000000002,1.0040000000000004,12,1,1,12,7,0.0,0.0,0.0,0.0,0.0
S0408,5.539947499999999,2.344333333333333,15.44941666666667,26.162750000000003,2.1184166666666666,0.7447629756571307,2.418187297113598,2.213259999396811,2.791806728791298,0.3731424488246358,4.6852599999999995,0.109,12.602,23.047,1.648,6.63251,5.775000000000001,18.284000000000002,30.262,2.6140000000000003,1.8665400000000005,5.757,6.878,7.464000000000002,1.0040000000000004,12,1,1,12,7,0.0,0.0,0.0,0.0,0.0
S0409,5.539947499999999,2.165166666666667,14.43975,25.465,1.884083333333333,0.7447629756571307,2.1474013935680585,2.265251748303768,2.8625266502740914,0.2897825781116436,4.6852599999999995,0.119,11.318,22.136,1.53,6.63251,5.259000000000002,17.036000000000005,29.601000000000003,2.26,1.8665400000000005,5.106999999999999,6.838999999999997,7.350000000000001,0.583,12,12,1,12,7,0.0,0.0,0.0,0.0,0.0
S0410,5.539947499999999,2.165166666666667,14.43975,25.465,1.884083333333333,0.7447629756571307,2.1474013935680585,2.265251748303768,2.8625266502740914,0.2897825781116436,4.6852599999999995,0.119,11.318,22.136,1.53,6.63251,5.259000000000002,17.036000000000005,29.601000000000003,2.26,1.8665400000000005,5.106999999999999,6.838999999999997,7.350000000000001,0.583,12,12,1,12,7,0.0,0.0,0.0,0.0,0.0
S0411,5.539947499999999,2.165166666666667,14.43975,25.465,1.884083333333333,0.7447629756571307,2.1474013935680585,2.265251748303768,2.8625266502740914,0.2897825781116436,4.6852599999999995,0.119,11.318,22.136,1.53,6.63251,5.259000000000002,17.036000000000005,29.601000000000003,2.26,1.8665400000000005,5.106999999999999,6.838999999999997,7.350000000000001,0.583,12,12,1,12,7,0.0,0.0,0.0,0.0,0.0
S0412,5.539947499999999,2.165166666666667,14.43975,25.465,1.884083333333333,0.7447629756571307,2.1474013935680585,2.265251748303768,2.8625266502740914,0.2897825781116436,4.6852599999999995,0.119,11.318,22.136,1.53,6.63251,5.259000000000002,17.036000000000005,29.601000000000003,2.26,1.8665400000000005,5.106999999999999,6.838999999999997,7.350000000000001,0.583,12,12,1,12,7,0.0,0.0,0.0,0.0,0.0
S0413,5.539947499999999,2.165166666666667,14.43975,25.465,1.884083333333333,0.7447629756571307,2.1474013935680585,2.265251748303768,2.8625266502740914,0.2897825781116436,4.6852599999999995,0.119,11.318,22.136,1.53,6.63251,5.259000000000002,17.036000000000005,29.601000000000003,2.26,1.8665400000000005,5.106999999999999,6.838999999999997,7.350000000000001,0.583,12,12,1,12,7,0.0,0.0,0.0,0.0,0.0
S0414,5.539947499999999,2.344333333333333,15.44941666666667,26.162750000000003,2.1184166666666666,0.7447629756571307,2.418187297113598,2.213259999396811,2.791806728791298,0.3731424488246358,4.6852599999999995,0.109,12.602,23.047,1.648,6.63251,5.775000000000001,18.284000000000002,30.262,2.6140000000000003,1.8665400000000005,5.757,6.878,7.464000000000002,1.0040000000000004,12,1,1,12,7,0.0,0.0,0.0,0.0,0.0
S0415,5.743599166666668,2.344333333333333,15.44941666666667,26.162750000000003,2.1184166666666666,0.8719444768284095,2.418187297113598,2.213259999396811,2.791806728791298,0.3731424488246358,4.80248,0.109,12.602,23.047,1.648,7.22527,5.775000000000001,18.284000000000002,30.262,2.6140000000000003,2.5217,5.757,6.878,7.464000000000002,1.0040000000000004,12,1,1,12,7,0.0,0.0,0.0,0.0,0.0
S0416,5.743599166666668,2.344333333333333,15.44941666666667,26.162750000000003,2.1184166666666666,0.8719444768284095,2.418187297113598,2.213259999396811,2.791806728791298,0.3731424488246358,4.80248,0.109,12.602,23.047,1.648,7.22527,5.775000000000001,18.284000000000002,30.262,2.6140000000000003,2.5217,5.757,6.878,7.464000000000002,1.0040000000000004,12,1,1,12,7,0.0,0.0,0.0,0.0,0.0
S0417,5.743599166666668,2.344333333333333,15.44941666666667,26.162750000000003,2.1184166666666666,0.8719444768284095,2.418187297113598,2.213259999396811,2.791806728791298,0.3731424488246358,4.80248,0.109,12.602,23.047,1.648,7.22527,5.775000000000001,18.284000000000002,30.262,2.6140000000000003,2.5217,5.757,6.878,7.464000000000002,1.0040000000000004,12,1,1,12,7,0.0,0.0,0.0,0.0,0.0
S0418,5.539947499999999,2.504916666666667,18.08575,28.60758333333333,1.9055833333333334,0.7447629756571307,2.6355006846031017,2.096486321195057,2.9627258615694303,0.2973547123049709,4.6852599999999995,0.079,15.603,25.427,1.54,6.63251,6.454000000000001,20.811000000000003,32.772000000000006,2.322,1.8665400000000005,6.281999999999999,6.352000000000002,7.376000000000001,0.752,12,12,1,9,8,0.0,0.0,0.0,0.0,0.0
S0419,5.539947499999999,2.504916666666667,18.08575,28.60758333333333,1.9055833333333334,0.7447629756571307,2.6355006846031017,2.096486321195057,2.9627258615694303,0.2973547123049709,4.6852599999999995,0.079,15.603,25.427,1.54,6.63251,6.454000000000001,20.811000000000003,32.772000000000006,2.322,1.8665400000000005,6.281999999999999,6.352000000000002,7.376000000000001,0.752,12,12,1,9,8,0.0,0.0,0.0,0.0,0.0
S0420,5.539947499999999,2.504916666666667,18.08575,28.60758333333333,1.9055833333333334,0.7447629756571307,2.6355006846031017,2.096486321195057,2.9627258615694303,0.2973547123049709,4.6852599999999995,0.079,15.603,25.427,1.54,6.63251,6.454000000000001,20.811000000000003,32.772000000000006,2.322,1.8665400000000005,6.281999999999999,6.352000000000002,7.376000000000001,0.752,12,12,1,9,8,0.0,0.0,0.0,0.0,0.0
S0421,5.9687,2.504916666666667,18.08575,28.60758333333333,1.9055833333333334,0.7676433462610247,2.6355006846031017,2.096486321195057,2.9627258615694303,0.2973547123049709,4.98873,0.079,15.603,25.427,1.54,7.01062,6.454000000000001,20.811000000000003,32.772000000000006,2.322,2.2429500000000004,6.281999999999999,6.352000000000002,7.376000000000001,0.752,12,12,1,9,8,0.0,0.0,0.0,0.0,0.0
S0422,5.539947499999999,2.165166666666667,14.43975,25.465,1.884083333333333,0.7447629756571307,2.1474013935680585,2.265251748303768,2.8625266502740914,0.2897825781116436,4.6852599999999995,0.119,11.318,22.136,1.53,6.63251,5.259000000000002,17.036000000000005,29.601000000000003,2.26,1.8665400000000005,5.106999999999999,6.838999999999997,7.350000000000001,0.583,12,12,1,12,7,0.0,0.0,0.0,0.0,0.0
S0423,5.539947499999999,2.165166666666667,14.43975,25.465,1.884083333333333,0.7447629756571307,2.1474013935680585,2.265251748303768,2.8625266502740914,0.2897825781116436,4.6852599999999995,0.119,11.318,22.136,1.53,6.63251,5.259000000000002,17.036000000000005,29.601000000000003,2.26,1.8665400000000005,5.106999999999999,6.838999999999997,7.350000000000001,0.583,12,12,1,12,7,0.0,0.0,0.0,0.0,0.0
S0424,5.539947499999999,2.165166666666667,14.43975,25.465,1.884083333333333,0.7447629756571307,2.1474013935680585,2.265251748303768,2.8625266502740914,0.2897825781116436,4.6852599999999995,0.119,11.318,22.136,1.53,6.63251,5.259000000000002,17.036000000000005,29.601000000000003,2.26,1.8665400000000005,5.106999999999999,6.838999999999997,7.350000000000001,0.583,12,12,1,12,7,0.0,0.0,0.0,0.0,0.0
S0425,5.539947499999999,2.504916666666667,18.08575,28.60758333333333,1.9055833333333334,0.7447629756571307,2.6355006846031017,2.096486321195057,2.9627258615694303,0.2973547123049709,4.6852599999999995,0.079,15.603,25.427,1.54,6.63251,6.454000000000001,20.811000000000003,32.772000000000006,2.322,1.8665400000000005,6.281999999999999,6.352000000000002,7.376000000000001,0.752,12,12,1,9,8,0.0,0.0,0.0,0.0,0.0
S0426,5.539947499999999,2.504916666666667,18.08575,28.60758333333333,1.9055833333333334,0.7447629756571307,2.6355006846031017,2.096486321195057,2.9627258615694303,0.2973547123049709,4.6852599999999995,0.079,15.603,25.427,1.54,6.63251,6.454000000000001,20.811000000000003,32.772000000000006,2.322,1.8665400000000005,6.281999999999999,6.352000000000002,7.376000000000001,0.752,12,12,1,9,8,0.0,0.0,0.0,0.0,0.0
S0427,5.539947499999999,2.165166666666667,14.43975,25.465,1.884083333333333,0.7447629756571307,2.1474013935680585,2.265251748303768,2.8625266502740914,0.2897825781116436,4.6852599999999995,0.119,11.318,22.136,1.53,6.63251,5.259000000000002,17.036000000000005,29.601000000000003,2.26,1.8665400000000005,5.106999999999999,6.838999999999997,7.350000000000001,0.583,12,12,1,12,7,0.0,0.0,0.0,0.0,0.0
S0428,5.539947499999999,2.165166666666667,14.43975,25.465,1.884083333333333,0.7447629756571307,2.1474013935680585,2.265251748303768,2.8625266502740914,0.2897825781116436,4.6852599999999995,0.119,11.318,22.136,1.53,6.63251,5.259000000000002,17.036000000000005,29.601000000000003,2.26,1.8665400000000005,5.106999999999999,6.838999999999997,7.350000000000001,0.583,12,12,1,12,7,0.0,0.0,0.0,0.0,0.0
S0429,5.539947499999999,2.165166666666667,14.43975,25.465,1.884083333333333,0.7447629756571307,2.1474013935680585,2.265251748303768,2.8625266502740914,0.2897825781116436,4.6852599999999995,0.119,11.318,22.136,1.53,6.63251,5.259000000000002,17.036000000000005,29.601000000000003,2.26,1.8665400000000005,5.106999999999999,6.838999999999997,7.350000000000001,0.583,12,12,1,12,7,0.0,0.0,0.0,0.0,0.0
S0430,5.539947499999999,2.165166666666667,14.43975,25.465,1.884083333333333,0.7447629756571307,2.1474013935680585,2.265251748303768,2.8625266502740914,0.2897825781116436,4.6852599999999995,0.119,11.318,22.136,1.53,6.63251,5.259000000000002,17.036000000000005,29.601000000000003,2.26,1.8665400000000005,5.106999999999999,6.838999999999997,7.350000000000001,0.583,12,12,1,12,7,0.0,0.0,0.0,0.0,0.0
S0431,5.539947499999999,1.8448333333333333,15.88475,27.53891666666667,2.986833333333333,0.7447629756571307,1.7147030922809556,2.5609028615678797,2.9424099183239205,0.31134563822635614,4.6852599999999995,0.159,12.29,24.204,2.58,6.63251,4.202000000000002,18.936000000000003,31.767000000000003,3.38,1.8665400000000005,3.7959999999999994,7.5070000000000014,7.226000000000003,0.6990000000000003,12,1,1,12,12,0.0,0.0,0.0,0.0,0.0
S0432,5.539947499999999,1.9444166666666665,15.418666666666667,26.735416666666666,2.98125,0.7447629756571307,2.0176039520388818,2.48987021137002,2.7865308982278862,0.361478203487622,4.6852599999999995,0.09,11.994,23.147,2.53,6.63251,5.043,18.354000000000003,30.634,3.428000000000001,1.8665400000000005,4.664000000000001,7.552,7.786999999999999,0.7099999999999995,12,1,1,12,7,0.0,0.0,0.0,0.0,0.0
S0433,5.539947499999999,1.9444166666666665,15.418666666666667,26.735416666666666,2.98125,0.7447629756571307,2.0176039520388818,2.48987021137002,2.7865308982278862,0.361478203487622,4.6852599999999995,0.09,11.994,23.147,2.53,6.63251,5.043,18.354000000000003,30.634,3.428000000000001,1.8665400000000005,4.664000000000001,7.552,7.786999999999999,0.7099999999999995,12,1,1,12,7,0.0,0.0,0.0,0.0,0.0
S0434,5.539947499999999,1.9444166666666665,15.418666666666667,26.735416666666666,2.98125,0.7447629756571307,2.0176039520388818,2.48987021137002,2.7865308982278862,0.361478203487622,4.6852599999999995,0.09,11.994,23.147,2.53,6.63251,5.043,18.354000000000003,30.634,3.428000000000001,1.8665400000000005,4.664000000000001,7.552,7.786999999999999,0.7099999999999995,12,1,1,12,7,0.0,0.0,0.0,0.0,0.0
S0435,5.539947499999999,2.165166666666667,14.43975,25.465,1.884083333333333,0.7447629756571307,2.1474013935680585,2.265251748303768,2.8625266502740914,0.2897825781116436,4.6852599999999995,0.119,11.318,22.136,1.53,6.63251,5.259000000000002,17.036000000000005,29.601000000000003,2.26,1.8665400000000005,5.106999999999999,6.838999999999997,7.350000000000001,0.583,12,12,1,12,7,0.0,0.0,0.0,0.0,0.0
S0436,5.539947499999999,2.165166666666667,14.43975,25.465,1.884083333333333,0.7447629756571307,2.1474013935680585,2.265251748303768,2.8625266502740914,0.2897825781116436,4.6852599999999995,0.119,11.318,22.136,1.53,6.63251,5.259000000000002,17.036000000000005,29.601000000000003,2.26,1.8665400000000005,5.106999999999999,6.838999999999997,7.350000000000001,0.583,12,12,1,12,7,0.0,0.0,0.0,0.0,0.0
S0437,5.539947499999999,2.165166666666667,14.43975,25.465,1.884083333333333,0.7447629756571307,2.1474013935680585,2.265251748303768,2.8625266502740914,0.2897825781116436,4.6852599999999995,0.119,11.318,22.136,1.53,6.63251,5.259000000000002,17.036000000000005,29.601000000000003,2.26,1.8665400000000005,5.106999999999999,6.838999999999997,7.350000000000001,0.583,12,12,1,12,7,0.0,0.0,0.0,0.0,0.0
S0438,5.539947499999999,2.165166666666667,14.43975,25.465,1.884083333333333,0.7447629756571307,2.1474013935680585,2.265251748303768,2.8625266502740914,0.2897825781116436,4.6852599999999995,0.119,11.318,22.136,1.53,6.63251,5.259000000000002,17.036000000000005,29.601000000000003,2.26,1.8665400000000005,5.106999999999999,6.838999999999997,7.350000000000001,0.583,12,12,1,12,7,0.0,0.0,0.0,0.0,0.0
S0439,5.539947499999999,2.165166666666667,14.43975,25.465,1.884083333333333,0.7447629756571307,2.1474013935680585,2.265251748303768,2.8625266502740914,0.2897825781116436,4.6852599999999995,0.119,11.318,22.136,1.53,6.63251,5.259000000000002,17.036000000000005,29.601000000000003,2.26,1.8665400000000005,5.106999999999999,6.838999999999997,7.350000000000001,0.583,12,12,1,12,7,0.0,0.0,0.0,0.0,0.0
S0440,5.539947499999999,2.165166666666667,14.43975,25.465,1.884083333333333,0.7447629756571307,2.1474013935680585,2.265251748303768,2.8625266502740914,0.2897825781116436,4.6852599999999995,0.119,11.318,22.136,1.53,6.63251,5.259000000000002,17.036000000000005,29.601000000000003,2.26,1.8665400000000005,5.106999999999999,6.838999999999997,7.350000000000001,0.583,12,12,1,12,7,0.0,0.0,0.0,0.0,0.0
S0441,5.539947499999999,1.8448333333333333,15.88475,27.53891666666667,2.986833333333333,0.7447629756571307,1.7147030922809556,2.5609028615678797,2.9424099183239205,0.31134563822635614,4.6852599999999995,0.159,12.29,24.204,2.58,6.63251,4.202000000000002,18.936000000000003,31.767000000000003,3.38,1.8665400000000005,3.7959999999999994,7.5070000000000014,7.226000000000003,0.6990000000000003,12,1,1,12,12,0.0,0.0,0.0,0.0,0.0
S0442,5.539947499999999,1.9444166666666665,15.418666666666667,26.735416666666666,2.98125,0.7447629756571307,2.0176039520388818,2.48987021137002,2.7865308982278862,0.361478203487622,4.6852599999999995,0.09,11.994,23.147,2.53,6.63251,5.043,18.354000000000003,30.634,3.428000000000001,1.8665400000000005,4.664000000000001,7.552,7.786999999999999,0.7099999999999995,12,1,1,12,7,0.0,0.0,0.0,0.0,0.0
S0443,5.539947499999999,1.9444166666666665,15.418666666666667,26.735416666666666,2.98125,0.7447629756571307,2.0176039520388818,2.48987021137002,2.7865308982278862,0.361478203487622,4.6852599999999995,0.09,11.994,23.147,2.53,6.63251,5.043,18.354000000000003,30.634,3.428000000000001,1.8665400000000005,4.664000000000001,7.552,7.786999999999999,0.7099999999999995,12,1,1,12,7,0.0,0.0,0.0,0.0,0.0
S0444,5.539947499999999,1.9444166666666665,15.418666666666667,26.735416666666666,2.98125,0.7447629756571307,2.0176039520388818,2.48987021137002,2.7865308982278862,0.361478203487622,4.6852599999999995,0.09,11.994,23.147,2.53,6.63251,5.043,18.354000000000003,30.634,3.428000000000001,1.8665400000000005,4.664000000000001,7.552,7.786999999999999,0.7099999999999995,12,1,1,12,7,0.0,0.0,0.0,0.0,0.0
S0445,5.743599166666668,1.9444166666666665,15.418666666666667,26.735416666666666,2.98125,0.8719444768284095,2.0176039520388818,2.48987021137002,2.7865308982278862,0.361478203487622,4.80248,0.09,11.994,23.147,2.53,7.22527,5.043,18.354000000000003,30.634,3.428000000000001,2.5217,4.664000000000001,7.552,7.786999999999999,0.7099999999999995,12,1,1,12,7,0.0,0.0,0.0,0.0,0.0
S0446,5.743599166666668,1.9444166666666665,15.418666666666667,26.735416666666666,2.98125,0.8719444768284095,2.0176039520388818,2.48987021137002,2.7865308982278862,0.361478203487622,4.80248,0.09,11.994,23.147,2.53,7.22527,5.043,18.354000000000003,30.634,3.428000000000001,2.5217,4.664000000000001,7.552,7.786999999999999,0.7099999999999995,12,1,1,12,7,0.0,0.0,0.0,0.0,0.0
S0447,5.743599166666668,1.9444166666666665,15.418666666666667,26.735416666666666,2.98125,0.8719444768284095,2.0176039520388818,2.48987021137002,2.7865308982278862,0.361478203487622,4.80248,0.09,11.994,23.147,2.53,7.22527,5.043,18.354000000000003,30.634,3.428000000000001,2.5217,4.664000000000001,7.552,7.786999999999999,0.7099999999999995,12,1,1,12,7,0.0,0.0,0.0,0.0,0.0
S0448,5.743599166666668,2.03875,17.23825,28.68558333333333,2.3419999999999996,0.8719444768284095,2.269459848554647,2.5288897695207186,2.87628752195666,0.34677772407691704,4.80248,0.05,13.948,25.182000000000002,1.8490000000000002,7.22527,5.433000000000001,20.581,32.623,2.77,2.5217,5.295,7.838999999999999,7.950999999999997,0.8649999999999998,12,1,1,12,7,0.0,0.0,0.0,0.0,0.0
S0449,5.743599166666668,2.03875,17.23825,28.68558333333333,2.3419999999999996,0.8719444768284095,2.269459848554647,2.5288897695207186,2.87628752195666,0.34677772407691704,4.80248,0.05,13.948,25.182000000000002,1.8490000000000002,7.22527,5.433000000000001,20.581,32.623,2.77,2.5217,5.295,7.838999999999999,7.950999999999997,0.8649999999999998,12,1,1,12,7,0.0,0.0,0.0,0.0,0.0
S0450,5.743599166666668,2.03875,17.23825,28.68558333333333,2.3419999999999996,0.8719444768284095,2.269459848554647,2.5288897695207186,2.87628752195666,0.34677772407691704,4.80248,0.05,13.948,25.182000000000002,1.8490000000000002,7.22527,5.433000000000001,20.581,32.623,2.77,2.5217,5.295,7.838999999999999,7.950999999999997,0.8649999999999998,12,1,1,12,7,0.0,0.0,0.0,0.0,0.0
S0451,5.702802500000001,1.965,18.959999999999997,30.017,2.1386666666666665,0.8928484064411235,2.237578598215776,2.2165781031569716,2.8453298312743107,0.27747945138041363,4.731990000000001,0.03900000000000001,16.162000000000003,27.098000000000003,1.79,7.22171,4.6880000000000015,21.877000000000002,34.296,2.51,2.5968899999999993,5.153,7.053000000000001,7.677,0.7500000000000002,12,1,1,12,7,0.0,0.0,0.0,0.0,0.0
S0452,5.539947499999999,2.165166666666667,14.43975,25.465,1.884083333333333,0.7447629756571307,2.1474013935680585,2.265251748303768,2.8625266502740914,0.2897825781116436,4.6852599999999995,0.119,11.318,22.136,1.53,6.63251,5.259000000000002,17.036000000000005,29.601000000000003,2.26,1.8665400000000005,5.106999999999999,6.838999999999997,7.350000000000001,0.583,12,12,1,12,7,0.0,0.0,0.0,0.0,0.0
S0453,5.539947499999999,2.165166666666667,14.43975,25.465,1.884083333333333,0.7447629756571307,2.1474013935680585,2.265251748303768,2.8625266502740914,0.2897825781116436,4.6852599999999995,0.119,11.318,22.136,1.53,6.63251,5.259000000000002,17.036000000000005,29.601000000000003,2.26,1.8665400000000005,5.106999999999999,6.838999999999997,7.350000000000001,0.583,12,12,1,12,7,0.0,0.0,0.0,0.0,0.0
S0454,5.539947499999999,2.504916666666667,18.08575,28.60758333333333,1.9055833333333334,0.7447629756571307,2.6355006846031017,2.096486321195057,2.9627258615694303,0.2973547123049709,4.6852599999999995,0.079,15.603,25.427,1.54,6.63251,6.454000000000001,20.811000000000003,32.772000000000006,2.322,1.8665400000000005,6.281999999999999,6.352000000000002,7.376000000000001,0.752,12,12,1,9,8,0.0,0.0,0.0,0.0,0.0
S0455,5.539947499999999,2.504916666666667,18.08575,28.60758333333333,1.9055833333333334,0.7447629756571307,2.6355006846031017,2.096486321195057,2.9627258615694303,0.2973547123049709,4.6852599999999995,0.079,15.603,25.427,1.54,6.63251,6.454000000000001,20.811000000000003,32.772000000000006,2.322,1.8665400000000005,6.281999999999999,6.352000000000002,7.376000000000001,0.752,12,12,1,9,8,0.0,0.0,0.0,0.0,0.0
S0456,5.539947499999999,2.504916666666667,18.08575,28.60758333333333,1.9055833333333334,0.7447629756571307,2.6355006846031017,2.096486321195057,2.9627258615694303,0.2973547123049709,4.6852599999999995,0.079,15.603,25.427,1.54,6.63251,6.454000000000001,20.811000000000003,32.772000000000006,2.322,1.8665400000000005,6.281999999999999,6.352000000000002,7.376000000000001,0.752,12,12,1,9,8,0.0,0.0,0.0,0.0,0.0
S0457,5.539947499999999,2.504916666666667,18.08575,28.60758333333333,1.9055833333333334,0.7447629756571307,2.6355006846031017,2.096486321195057,2.9627258615694303,0.2973547123049709,4.6852599999999995,0.079,15.603,25.427,1.54,6.63251,6.454000000000001,20.811000000000003,32.772000000000006,2.322,1.8665400000000005,6.281999999999999,6.352000000000002,7.376000000000001,0.752,12,12,1,9,8,0.0,0.0,0.0,0.0,0.0
S0458,5.539947499999999,2.165166666666667,14.43975,25.465,1.884083333333333,0.7447629756571307,2.1474013935680585,2.265251748303768,2.8625266502740914,0.2897825781116436,4.6852599999999995,0.119,11.318,22.136,1.53,6.63251,5.259000000000002,17.036000000000005,29.601000000000003,2.26,1.8665400000000005,5.106999999999999,6.838999999999997,7.350000000000001,0.583,12,12,1,12,7,0.0,0.0,0.0,0.0,0.0
S0459,5.539947499999999,2.165166666666667,14.43975,25.465,1.884083333333333,0.7447629756571307,2.1474013935680585,2.265251748303768,2.8625266502740914,0.2897825781116436,4.6852599999999995,0.119,11.318,22.136,1.53,6.63251,5.259000000000002,17.036000000000005,29.601000000000003,2.26,1.8665400000000005,5.106999999999999,6.838999999999997,7.350000000000001,0.583,12,12,1,12,7,0.0,0.0,0.0,0.0,0.0
S0460,5.539947499999999,2.165166666666667,14.43975,25.465,1.884083333333333,0.7447629756571307,2.1474013935680585,2.265251748303768,2.8625266502740914,0.2897825781116436,4.6852599999999995,0.119,11.318,22.136,1.53,6.63251,5.259000000000002,17.036000000000005,29.601000000000003,2.26,1.8665400000000005,5.106999999999999,6.838999999999997,7.350000000000001,0.583,12,12,1,12,7,0.0,0.0,0.0,0.0,0.0
S0461,5.539947499999999,1.8448333333333333,15.88475,27.53891666666667,2.986833333333333,0.7447629756571307,1.7147030922809556,2.5609028615678797,2.9424099183239205,0.31134563822635614,4.6852599999999995,0.159,12.29,24.204,2.58,6.63251,4.202000000000002,18.936000000000003,31.767000000000003,3.38,1.8665400000000005,3.7959999999999994,7.5070000000000014,7.226000000000003,0.6990000000000003,12,1,1,12,12,0.0,0.0,0.0,0.0,0.0
S0462,5.539947499999999,1.8448333333333333,15.88475,27.53891666666667,2.986833333333333,0.7447629756571307,1.7147030922809556,2.5609028615678797,2.9424099183239205,0.31134563822635614,4.6852599999999995,0.159,12.29,24.204,2.58,6.63251,4.202000000000002,18.936000000000003,31.767000000000003,3.38,1.8665400000000005,3.7959999999999994,7.5070000000000014,7.226000000000003,0.6990000000000003,12,1,1,12,12,0.0,0.0,0.0,0.0,0.0
S0463,5.539947499999999,1.8448333333333333,15.88475,27.53891666666667,2.986833333333333,0.7447629756571307,1.7147030922809556,2.5609028615678797,2.9424099183239205,0.31134563822635614,4.6852599999999995,0.159,12.29,24.204,2.58,6.63251,4.202000000000002,18.936000000000003,31.767000000000003,3.38,1.8665400000000005,3.7959999999999994,7.5070000000000014,7.226000000000003,0.6990000000000003,12,1,1,12,12,0.0,0.0,0.0,0.0,0.0
S0464,5.9687,2.55275,18.733083333333337,28.90366666666667,2.0609166666666665,0.7676433462610247,2.7021404408699548,2.00074053342077,2.7913633105800937,0.2972704844015943,4.98873,0.079,16.227,26.034,1.739,7.01062,6.299,21.290000000000003,32.829,2.5220000000000002,2.2429500000000004,6.359999999999999,6.185999999999998,6.994999999999997,0.8589999999999995,12,12,1,12,7,0.0,0.0,0.0,0.0,0.0
S0465,5.9687,2.55275,18.733083333333337,28.90366666666667,2.0609166666666665,0.7676433462610247,2.7021404408699548,2.00074053342077,2.7913633105800937,0.2972704844015943,4.98873,0.079,16.227,26.034,1.739,7.01062,6.299,21.290000000000003,32.829,2.5220000000000002,2.2429500000000004,6.359999999999999,6.185999999999998,6.994999999999997,0.8589999999999995,12,12,1,12,7,0.0,0.0,0.0,0.0,0.0
S0466,5.9687,2.55275,18.733083333333337,28.90366666666667,2.0609166666666665,0.7676433462610247,2.7021404408699548,2.00074053342077,2.7913633105800937,0.2972704844015943,4.98873,0.079,16.227,26.034,1.739,7.01062,6.299,21.290000000000003,32.829,2.5220000000000002,2.2429500000000004,6.359999999999999,6.185999999999998,6.994999999999997,0.8589999999999995,12,12,1,12,7,0.0,0.0,0.0,0.0,0.0
S0467,5.9687,2.6191666666666666,22.959833333333336,32.34758333333333,1.9168333333333334,0.7676433462610247,2.915073138115101,2.052673593037096,3.25131880051419,0.29680365389190444,4.98873,0.03,20.6,28.657,1.56,7.01062,6.946000000000001,26.251,37.144,2.33,2.2429500000000004,7.0649999999999995,5.781000000000002,8.367999999999991,0.7690000000000001,12,12,12,9,9,0.0,0.0,0.0,0.0,0.0
S0468,6.010198333333333,2.55275,18.733083333333337,28.90366666666667,2.0609166666666665,0.8126564119372621,2.7021404408699548,2.00074053342077,2.7913633105800937,0.2972704844015943,4.98296,0.079,16.227,26.034,1.739,7.19045,6.299,21.290000000000003,32.829,2.5220000000000002,2.453550000000001,6.359999999999999,6.185999999999998,6.994999999999997,0.8589999999999995,12,12,1,12,7,0.0,0.0,0.0,0.0,0.0
S0469,5.588563333333334,2.2965,14.3085,25.30933333333333,2.2546666666666666,0.725445751805278,2.0615302507578965,2.305495316729614,2.816233772445822,0.2956915646422133,4.696700000000001,0.21,11.145,22.222,1.909,6.6182,5.541,17.095,29.501,2.671,1.771139999999999,4.819,6.891999999999998,6.940000000000001,0.47699999999999987,12,2,1,12,7,0.0,0.0,0.0,0.0,0.0
S0470,5.588563333333334,2.2965,14.3085,25.30933333333333,2.2546666666666666,0.725445751805278,2.0615302507578965,2.305495316729614,2.816233772445822,0.2956915646422133,4.696700000000001,0.21,11.145,22.222,1.909,6.6182,5.541,17.095,29.501,2.671,1.771139999999999,4.819,6.891999999999998,6.940000000000001,0.47699999999999987,12,2,1,12,7,0.0,0.0,0.0,0.0,0.0
S0471,5.588563333333334,2.2965,14.3085,25.30933333333333,2.2546666666666666,0.725445751805278,2.0615302507578965,2.305495316729614,2.816233772445822,0.2956915646422133,4.696700000000001,0.21,11.145,22.222,1.909,6.6182,5.541,17.095,29.501,2.671,1.771139999999999,4.819,6.891999999999998,6.940000000000001,0.47699999999999987,12,2,1,12,7,0.0,0.0,0.0,0.0,0.0
S0472,5.588563333333334,2.4379166666666663,15.211666666666668,26.801166666666667,2.8332499999999996,0.725445751805278,2.0178871951853496,2.5848697879638523,2.999233006528666,0.30827839240999483,4.696700000000001,0.39,11.658,23.614,2.4490000000000003,6.6182,5.372,18.234,31.237000000000002,3.151,1.771139999999999,4.7509999999999994,7.4990000000000006,7.171999999999997,0.782,12,2,1,12,12,0.0,0.0,0.0,0.0,0.0
S0473,5.539947499999999,2.55275,18.733083333333337,28.90366666666667,2.0609166666666665,0.7447629756571307,2.7021404408699548,2.00074053342077,2.7913633105800937,0.2972704844015943,4.6852599999999995,0.079,16.227,26.034,1.739,6.63251,6.299,21.290000000000003,32.829,2.5220000000000002,1.8665400000000005,6.359999999999999,6.185999999999998,6.994999999999997,0.8589999999999995,12,12,1,12,7,0.0,0.0,0.0,0.0,0.0
S0474,5.539947499999999,2.55275,18.733083333333337,28.90366666666667,2.0609166666666665,0.7447629756571307,2.7021404408699548,2.00074053342077,2.7913633105800937,0.2972704844015943,4.6852599999999995,0.079,16.227,26.034,1.739,6.63251,6.299,21.290000000000003,32.829,2.5220000000000002,1.8665400000000005,6.359999999999999,6.185999999999998,6.994999999999997,0.8589999999999995,12,12,1,12,7,0.0,0.0,0.0,0.0,0.0
S0475,5.539947499999999,2.55275,18.733083333333337,28.90366666666667,2.0609166666666665,0.7447629756571307,2.7021404408699548,2.00074053342077,2.7913633105800937,0.2972704844015943,4.6852599999999995,0.079,16.227,26.034,1.739,6.63251,6.299,21.290000000000003,32.829,2.5220000000000002,1.8665400000000005,6.359999999999999,6.185999999999998,6.994999999999997,0.8589999999999995,12,12,1,12,7,0.0,0.0,0.0,0.0,0.0
S0476,5.9687,2.55275,18.733083333333337,28.90366666666667,2.0609166666666665,0.7676433462610247,2.7021404408699548,2.00074053342077,2.7913633105800937,0.2972704844015943,4.98873,0.079,16.227,26.034,1.739,7.01062,6.299,21.290000000000003,32.829,2.5220000000000002,2.2429500000000004,6.359999999999999,6.185999999999998,6.994999999999997,0.8589999999999995,12,12,1,12,7,0.0,0.0,0.0,0.0,0.0
S0477,5.9687,2.55275,18.733083333333337,28.90366666666667,2.0609166666666665,0.7676433462610247,2.7021404408699548,2.00074053342077,2.7913633105800937,0.2972704844015943,4.98873,0.079,16.227,26.034,1.739,7.01062,6.299,21.290000000000003,32.829,2.5220000000000002,2.2429500000000004,6.359999999999999,6.185999999999998,6.994999999999997,0.8589999999999995,12,12,1,12,7,0.0,0.0,0.0,0.0,0.0
S0478,5.539947499999999,2.344333333333333,15.44941666666667,26.162750000000003,2.1184166666666666,0.7447629756571307,2.418187297113598,2.213259999396811,2.791806728791298,0.3731424488246358,4.6852599999999995,0.109,12.602,23.047,1.648,6.63251,5.775000000000001,18.284000000000002,30.262,2.6140000000000003,1.8665400000000005,5.757,6.878,7.464000000000002,1.0040000000000004,12,1,1,12,7,0.0,0.0,0.0,0.0,0.0
S0479,5.539947499999999,2.344333333333333,15.44941666666667,26.162750000000003,2.1184166666666666,0.7447629756571307,2.418187297113598,2.213259999396811,2.791806728791298,0.3731424488246358,4.6852599999999995,0.109,12.602,23.047,1.648,6.63251,5.775000000000001,18.284000000000002,30.262,2.6140000000000003,1.8665400000000005,5.757,6.878,7.464000000000002,1.0040000000000004,12,1,1,12,7,0.0,0.0,0.0,0.0,0.0
S0480,5.539947499999999,1.9444166666666665,15.418666666666667,26.735416666666666,2.98125,0.7447629756571307,2.0176039520388818,2.48987021137002,2.7865308982278862,0.361478203487622,4.6852599999999995,0.09,11.994,23.147,2.53,6.63251,5.043,18.354000000000003,30.634,3.428000000000001,1.8665400000000005,4.664000000000001,7.552,7.786999999999999,0.7099999999999995,12,1,1,12,7,0.0,0.0,0.0,0.0,0.0
S0481,5.539947499999999,1.8448333333333333,15.88475,27.53891666666667,2.986833333333333,0.7447629756571307,1.7147030922809556,2.5609028615678797,2.9424099183239205,0.31134563822635614,4.6852599999999995,0.159,12.29,24.204,2.58,6.63251,4.202000000000002,18.936000000000003,31.767000000000003,3.38,1.8665400000000005,3.7959999999999994,7.5070000000000014,7.226000000000003,0.6990000000000003,12,1,1,12,12,0.0,0.0,0.0,0.0,0.0
S0482,5.539947499999999,1.8448333333333333,15.88475,27.53891666666667,2.986833333333333,0.7447629756571307,1.7147030922809556,2.5609028615678797,2.9424099183239205,0.31134563822635614,4.6852599999999995,0.159,12.29,24.204,2.58,6.63251,4.202000000000002,18.936000000000003,31.767000000000003,3.38,1.8665400000000005,3.7959999999999994,7.5070000000000014,7.226000000000003,0.6990000000000003,12,1,1,12,12,0.0,0.0,0.0,0.0,0.0
S0483,5.539947499999999,2.55275,18.733083333333337,28.90366666666667,2.0609166666666665,0.7447629756571307,2.7021404408699548,2.00074053342077,2.7913633105800937,0.2972704844015943,4.6852599999999995,0.079,16.227,26.034,1.739,6.63251,6.299,21.290000000000003,32.829,2.5220000000000002,1.8665400000000005,6.359999999999999,6.185999999999998,6.994999999999997,0.8589999999999995,12,12,1,12,7,0.0,0.0,0.0,0.0,0.0
S0484,5.9687,2.55275,18.733083333333337,28.90366666666667,2.0609166666666665,0.7676433462610247,2.7021404408699548,2.00074053342077,2.7913633105800937,0.2972704844015943,4.98873,0.079,16.227,26.034,1.739,7.01062,6.299,21.290000000000003,32.829,2.5220000000000002,2.2429500000000004,6.359999999999999,6.185999999999998,6.994999999999997,0.8589999999999995,12,12,1,12,7,0.0,0.0,0.0,0.0,0.0
S0485,5.9687,2.504916666666667,18.08575,28.60758333333333,1.9055833333333334,0.7676433462610247,2.6355006846031017,2.096486321195057,2.9627258615694303,0.2973547123049709,4.98873,0.079,15.603,25.427,1.54,7.01062,6.454000000000001,20.811000000000003,32.772000000000006,2.322,2.2429500000000004,6.281999999999999,6.352000000000002,7.376000000000001,0.752,12,12,1,9,8,0.0,0.0,0.0,0.0,0.0
S0486,5.743599166666668,2.344333333333333,15.44941666666667,26.162750000000003,2.1184166666666666,0.8719444768284095,2.418187297113598,2.213259999396811,2.791806728791298,0.3731424488246358,4.80248,0.109,12.602,23.047,1.648,7.22527,5.775000000000001,18.284000000000002,30.262,2.6140000000000003,2.5217,5.757,6.878,7.464000000000002,1.0040000000000004,12,1,1,12,7,0.0,0.0,0.0,0.0,0.0
S0487,5.743599166666668,2.344333333333333,15.44941666666667,26.162750000000003,2.1184166666666666,0.8719444768284095,2.418187297113598,2.213259999396811,2.791806728791298,0.3731424488246358,4.80248,0.109,12.602,23.047,1.648,7.22527,5.775000000000001,18.284000000000002,30.262,2.6140000000000003,2.5217,5.757,6.878,7.464000000000002,1.0040000000000004,12,1,1,12,7,0.0,0.0,0.0,0.0,0.0
S0488,5.743599166666668,1.9444166666666665,15.418666666666667,26.735416666666666,2.98125,0.8719444768284095,2.0176039520388818,2.48987021137002,2.7865308982278862,0.361478203487622,4.80248,0.09,11.994,23.147,2.53,7.22527,5.043,18.354000000000003,30.634,3.428000000000001,2.5217,4.664000000000001,7.552,7.786999999999999,0.7099999999999995,12,1,1,12,7,0.0,0.0,0.0,0.0,0.0
S0489,5.539947499999999,2.165166666666667,14.43975,25.465,1.884083333333333,0.7447629756571307,2.1474013935680585,2.265251748303768,2.8625266502740914,0.2897825781116436,4.6852599999999995,0.119,11.318,22.136,1.53,6.63251,5.259000000000002,17.036000000000005,29.601000000000003,2.26,1.8665400000000005,5.106999999999999,6.838999999999997,7.350000000000001,0.583,12,12,1,12,7,0.0,0.0,0.0,0.0,0.0
S0490,5.539947499999999,2.165166666666667,14.43975,25.465,1.884083333333333,0.7447629756571307,2.1474013935680585,2.265251748303768,2.8625266502740914,0.2897825781116436,4.6852599999999995,0.119,11.318,22.136,1.53,6.63251,5.259000000000002,17.036000000000005,29.601000000000003,2.26,1.8665400000000005,5.106999999999999,6.838999999999997,7.350000000000001,0.583,12,12,1,12,7,0.0,0.0,0.0,0.0,0.0
S0491,5.539947499999999,2.165166666666667,14.43975,25.465,1.884083333333333,0.7447629756571307,2.1474013935680585,2.265251748303768,2.8625266502740914,0.2897825781116436,4.6852599999999995,0.119,11.318,22.136,1.53,6.63251,5.259000000000002,17.036000000000005,29.601000000000003,2.26,1.8665400000000005,5.106999999999999,6.838999999999997,7.350000000000001,0.583,12,12,1,12,7,0.0,0.0,0.0,0.0,0.0
S0492,5.743599166666668,1.9444166666666665,15.418666666666667,26.735416666666666,2.98125,0.8719444768284095,2.0176039520388818,2.48987021137002,2.7865308982278862,0.361478203487622,4.80248,0.09,11.994,23.147,2.53,7.22527,5.043,18.354000000000003,30.634,3.428000000000001,2.5217,4.664000000000001,7.552,7.786999999999999,0.7099999999999995,12,1,1,12,7,0.0,0.0,0.0,0.0,0.0
S0493,5.743599166666668,1.9444166666666665,15.418666666666667,26.735416666666666,2.98125,0.8719444768284095,2.0176039520388818,2.48987021137002,2.7865308982278862,0.361478203487622,4.80248,0.09,11.994,23.147,2.53,7.22527,5.043,18.354000000000003,30.634,3.428000000000001,2.5217,4.664000000000001,7.552,7.786999999999999,0.7099999999999995,12,1,1,12,7,0.0,0.0,0.0,0.0,0.0
S0494,5.743599166666668,1.9444166666666665,15.418666666666667,26.735416666666666,2.98125,0.8719444768284095,2.0176039520388818,2.48987021137002,2.7865308982278862,0.361478203487622,4.80248,0.09,11.994,23.147,2.53,7.22527,5.043,18.354000000000003,30.634,3.428000000000001,2.5217,4.664000000000001,7.552,7.786999999999999,0.7099999999999995,12,1,1,12,7,0.0,0.0,0.0,0.0,0.0
S0495,5.539947499999999,2.165166666666667,14.43975,25.465,1.884083333333333,0.7447629756571307,2.1474013935680585,2.265251748303768,2.8625266502740914,0.2897825781116436,4.6852599999999995,0.119,11.318,22.136,1.53,6.63251,5.259000000000002,17.036000000000005,29.601000000000003,2.26,1.8665400000000005,5.106999999999999,6.838999999999997,7.350000000000001,0.583,12,12,1,12,7,0.0,0.0,0.0,0.0,0.0
S0496,5.539947499999999,2.165166666666667,14.43975,25.465,1.884083333333333,0.7447629756571307,2.1474013935680585,2.265251748303768,2.8625266502740914,0.2897825781116436,4.6852599999999995,0.119,11.318,22.136,1.53,6.63251,5.259000000000002,17.036000000000005,29.601000000000003,2.26,1.8665400000000005,5.106999999999999,6.838999999999997,7.350000000000001,0.583,12,12,1,12,7,0.0,0.0,0.0,0.0,0.0
S0497,5.539947499999999,1.8448333333333333,15.88475,27.53891666666667,2.986833333333333,0.7447629756571307,1.7147030922809556,2.5609028615678797,2.9424099183239205,0.31134563822635614,4.6852599999999995,0.159,12.29,24.204,2.58,6.63251,4.202000000000002,18.936000000000003,31.767000000000003,3.38,1.8665400000000005,3.7959999999999994,7.5070000000000014,7.226000000000003,0.6990000000000003,12,1,1,12,12,0.0,0.0,0.0,0.0,0.0
S0498,5.539947499999999,2.165166666666667,14.43975,25.465,1.884083333333333,0.7447629756571307,2.1474013935680585,2.265251748303768,2.8625266502740914,0.2897825781116436,4.6852599999999995,0.119,11.318,22.136,1.53,6.63251,5.259000000000002,17.036000000000005,29.601000000000003,2.26,1.8665400000000005,5.106999999999999,6.838999999999997,7.350000000000001,0.583,12,12,1,12,7,0.0,0.0,0.0,0.0,0.0
S0499,5.539947499999999,2.165166666666667,14.43975,25.465,1.884083333333333,0.7447629756571307,2.1474013935680585,2.265251748303768,2.8625266502740914,0.2897825781116436,4.6852599999999995,0.119,11.318,22.136,1.53,6.63251,5.259000000000002,17.036000000000005,29.601000000000003,2.26,1.8665400000000005,5.106999999999999,6.838999999999997,7.350000000000001,0.583,12,12,1,12,7,0.0,0.0,0.0,0.0,0.0
S0500,5.539947499999999,2.165166666666667,14.43975,25.465,1.884083333333333,0.7447629756571307,2.1474013935680585,2.265251748303768,2.8625266502740914,0.2897825781116436,4.6852599999999995,0.119,11.318,22.136,1.53,6.63251,5.259000000000002,17.036000000000005,29.601000000000003,2.26,1.8665400000000005,5.106999999999999,6.838999999999997,7.350000000000001,0.583,12,12,1,12,7,0.0,0.0,0.0,0.0,0.0
S0501,5.539947499999999,2.165166666666667,14.43975,25.465,1.884083333333333,0.7447629756571307,2.1474013935680585,2.265251748303768,2.8625266502740914,0.2897825781116436,4.6852599999999995,0.119,11.318,22.136,1.53,6.63251,5.259000000000002,17.036000000000005,29.601000000000003,2.26,1.8665400000000005,5.106999999999999,6.838999999999997,7.350000000000001,0.583,12,12,1,12,7,0.0,0.0,0.0,0.0,0.0
S0502,5.539947499999999,2.165166666666667,14.43975,25.465,1.884083333333333,0.7447629756571307,2.1474013935680585,2.265251748303768,2.8625266502740914,0.2897825781116436,4.6852599999999995,0.119,11.318,22.136,1.53,6.63251,5.259000000000002,17.036000000000005,29.601000000000003,2.26,1.8665400000000005,5.106999999999999,6.838999999999997,7.350000000000001,0.583,12,12,1,12,7,0.0,0.0,0.0,0.0,0.0
S0503,5.539947499999999,2.165166666666667,14.43975,25.465,1.884083333333333,0.7447629756571307,2.1474013935680585,2.265251748303768,2.8625266502740914,0.2897825781116436,4.6852599999999995,0.119,11.318,22.136,1.53,6.63251,5.259000000000002,17.036000000000005,29.601000000000003,2.26,1.8665400000000005,5.106999999999999,6.838999999999997,7.350000000000001,0.583,12,12,1,12,7,0.0,0.0,0.0,0.0,0.0
S0504,5.539947499999999,2.165166666666667,14.43975,25.465,1.884083333333333,0.7447629756571307,2.1474013935680585,2.265251748303768,2.8625266502740914,0.2897825781116436,4.6852599999999995,0.119,11.318,22.136,1.53,6.63251,5.259000000000002,17.036000000000005,29.601000000000003,2.26,1.8665400000000005,5.106999999999999,6.838999999999997,7.350000000000001,0.583,12,12,1,12,7,0.0,0.0,0.0,0.0,0.0
S0505,5.539947499999999,2.165166666666667,14.43975,25.465,1.884083333333333,0.7447629756571307,2.1474013935680585,2.265251748303768,2.8625266502740914,0.2897825781116436,4.6852599999999995,0.119,11.318,22.136,1.53,6.63251,5.259000000000002,17.036000000000005,29.601000000000003,2.26,1.8665400000000005,5.106999999999999,6.838999999999997,7.350000000000001,0.583,12,12,1,12,7,0.0,0.0,0.0,0.0,0.0
S0506,5.539947499999999,2.165166666666667,14.43975,25.465,1.884083333333333,0.7447629756571307,2.1474013935680585,2.265251748303768,2.8625266502740914,0.2897825781116436,4.6852599999999995,0.119,11.318,22.136,1.53,6.63251,5.259000000000002,17.036000000000005,29.601000000000003,2.26,1.8665400000000005,5.106999999999999,6.838999999999997,7.350000000000001,0.583,12,12,1,12,7,0.0,0.0,0.0,0.0,0.0
S0507,5.539947499999999,2.344333333333333,15.44941666666667,26.162750000000003,2.1184166666666666,0.7447629756571307,2.418187297113598,2.213259999396811,2.791806728791298,0.3731424488246358,4.6852599999999995,0.109,12.602,23.047,1.648,6.63251,5.775000000000001,18.284000000000002,30.262,2.6140000000000003,1.8665400000000005,5.757,6.878,7.464000000000002,1.0040000000000004,12,1,1,12,7,0.0,0.0,0.0,0.0,0.0
S0508,5.539947499999999,2.344333333333333,15.44941666666667,26.162750000000003,2.1184166666666666,0.7447629756571307,2.418187297113598,2.213259999396811,2.791806728791298,0.3731424488246358,4.6852599999999995,0.109,12.602,23.047,1.648,6.63251,5.775000000000001,18.284000000000002,30.262,2.6140000000000003,1.8665400000000005,5.757,6.878,7.464000000000002,1.0040000000000004,12,1,1,12,7,0.0,0.0,0.0,0.0,0.0
S0509,5.539947499999999,2.165166666666667,14.43975,25.465,1.884083333333333,0.7447629756571307,2.1474013935680585,2.265251748303768,2.8625266502740914,0.2897825781116436,4.6852599999999995,0.119,11.318,22.136,1.53,6.63251,5.259000000000002,17.036000000000005,29.601000000000003,2.26,1.8665400000000005,5.106999999999999,6.838999999999997,7.350000000000001,0.583,12,12,1,12,7,0.0,0.0,0.0,0.0,0.0
S0510,5.539947499999999,2.165166666666667,14.43975,25.465,1.884083333333333,0.7447629756571307,2.1474013935680585,2.265251748303768,2.8625266502740914,0.2897825781116436,4.6852599999999995,0.119,11.318,22.136,1.53,6.63251,5.259000000000002,17.036000000000005,29.601000000000003,2.26,1.8665400000000005,5.106999999999999,6.838999999999997,7.350000000000001,0.583,12,12,1,12,7,0.0,0.0,0.0,0.0,0.0
S0511,5.539947499999999,2.165166666666667,14.43975,25.465,1.884083333333333,0.7447629756571307,2.1474013935680585,2.265251748303768,2.8625266502740914,0.2897825781116436,4.6852599999999995,0.119,11.318,22.136,1.53,6.63251,5.259000000000002,17.036000000000005,29.601000000000003,2.26,1.8665400000000005,5.106999999999999,6.838999999999997,7.350000000000001,0.583,12,12,1,12,7,0.0,0.0,0.0,0.0,0.0
S0512,5.539947499999999,2.504916666666667,18.08575,28.60758333333333,1.9055833333333334,0.7447629756571307,2.6355006846031017,2.096486321195057,2.9627258615694303,0.2973547123049709,4.6852599999999995,0.079,15.603,25.427,1.54,6.63251,6.454000000000001,20.811000000000003,32.772000000000006,2.322,1.8665400000000005,6.281999999999999,6.352000000000002,7.376000000000001,0.752,12,12,1,9,8,0.0,0.0,0.0,0.0,0.0
S0513,5.539947499999999,2.504916666666667,18.08575,28.60758333333333,1.9055833333333334,0.7447629756571307,2.6355006846031017,2.096486321195057,2.9627258615694303,0.2973547123049709,4.6852599999999995,0.079,15.603,25.427,1.54,6.63251,6.454000000000001,20.811000000000003,32.772000000000006,2.322,1.8665400000000005,6.281999999999999,6.352000000000002,7.376000000000001,0.752,12,12,1,9,8,0.0,0.0,0.0,0.0,0.0
S0514,5.539947499999999,2.504916666666667,18.08575,28.60758333333333,1.9055833333333334,0.7447629756571307,2.6355006846031017,2.096486321195057,2.9627258615694303,0.2973547123049709,4.6852599999999995,0.079,15.603,25.427,1.54,6.63251,6.454000000000001,20.811000000000003,32.772000000000006,2.322,1.8665400000000005,6.281999999999999,6.352000000000002,7.376000000000001,0.752,12,12,1,9,8,0.0,0.0,0.0,0.0,0.0
S0515,5.539947499999999,2.344333333333333,15.44941666666667,26.162750000000003,2.1184166666666666,0.7447629756571307,2.418187297113598,2.213259999396811,2.791806728791298,0.3731424488246358,4.6852599999999995,0.109,12.602,23.047,1.648,6.63251,5.775000000000001,18.284000000000002,30.262,2.6140000000000003,1.8665400000000005,5.757,6.878,7.464000000000002,1.0040000000000004,12,1,1,12,7,0.0,0.0,0.0,0.0,0.0
S0516,5.539947499999999,2.344333333333333,15.44941666666667,26.162750000000003,2.1184166666666666,0.7447629756571307,2.418187297113598,2.213259999396811,2.791806728791298,0.3731424488246358,4.6852599999999995,0.109,12.602,23.047,1.648,6.63251,5.775000000000001,18.284000000000002,30.262,2.6140000000000003,1.8665400000000005,5.757,6.878,7.464000000000002,1.0040000000000004,12,1,1,12,7,0.0,0.0,0.0,0.0,0.0
S0517,6.010198333333333,2.55275,18.733083333333337,28.90366666666667,2.0609166666666665,0.8126564119372621,2.7021404408699548,2.00074053342077,2.7913633105800937,0.2972704844015943,4.98296,0.079,16.227,26.034,1.739,7.19045,6.299,21.290000000000003,32.829,2.5220000000000002,2.453550000000001,6.359999999999999,6.185999999999998,6.994999999999997,0.8589999999999995,12,12,1,12,7,0.0,0.0,0.0,0.0,0.0
S0518,6.010198333333333,2.55275,18.733083333333337,28.90366666666667,2.0609166666666665,0.8126564119372621,2.7021404408699548,2.00074053342077,2.7913633105800937,0.2972704844015943,4.98296,0.079,16.227,26.034,1.739,7.19045,6.299,21.290000000000003,32.829,2.5220000000000002,2.453550000000001,6.359999999999999,6.185999999999998,6.994999999999997,0.8589999999999995,12,12,1,12,7,0.0,0.0,0.0,0.0,0.0
S0519,5.743599166666668,2.55275,18.733083333333337,28.90366666666667,2.0609166666666665,0.8719444768284095,2.7021404408699548,2.00074053342077,2.7913633105800937,0.2972704844015943,4.80248,0.079,16.227,26.034,1.739,7.22527,6.299,21.290000000000003,32.829,2.5220000000000002,2.5217,6.359999999999999,6.185999999999998,6.994999999999997,0.8589999999999995,12,12,1,12,7,0.0,0.0,0.0,0.0,0.0
S0520,5.539947499999999,2.165166666666667,14.43975,25.465,1.884083333333333,0.7447629756571307,2.1474013935680585,2.265251748303768,2.8625266502740914,0.2897825781116436,4.6852599999999995,0.119,11.318,22.136,1.53,6.63251,5.259000000000002,17.036000000000005,29.601000000000003,2.26,1.8665400000000005,5.106999999999999,6.838999999999997,7.350000000000001,0.583,12,12,1,12,7,0.0,0.0,0.0,0.0,0.0
S0521,5.539947499999999,2.165166666666667,14.43975,25.465,1.884083333333333,0.7447629756571307,2.1474013935680585,2.265251748303768,2.8625266502740914,0.2897825781116436,4.6852599999999995,0.119,11.318,22.136,1.53,6.63251,5.259000000000002,17.036000000000005,29.601000000000003,2.26,1.8665400000000005,5.106999999999999,6.838999999999997,7.350000000000001,0.583,12,12,1,12,7,0.0,0.0,0.0,0.0,0.0
S0522,5.539947499999999,2.165166666666667,14.43975,25.465,1.884083333333333,0.7447629756571307,2.1474013935680585,2.265251748303768,2.8625266502740914,0.2897825781116436,4.6852599999999995,0.119,11.318,22.136,1.53,6.63251,5.259000000000002,17.036000000000005,29.601000000000003,2.26,1.8665400000000005,5.106999999999999,6.838999999999997,7.350000000000001,0.583,12,12,1,12,7,0.0,0.0,0.0,0.0,0.0
S0523,5.539947499999999,2.165166666666667,14.43975,25.465,1.884083333333333,0.7447629756571307,2.1474013935680585,2.265251748303768,2.8625266502740914,0.2897825781116436,4.6852599999999995,0.119,11.318,22.136,1.53,6.63251,5.259000000000002,17.036000000000005,29.601000000000003,2.26,1.8665400000000005,5.106999999999999,6.838999999999997,7.350000000000001,0.583,12,12,1,12,7,0.0,0.0,0.0,0.0,0.0
S0524,5.539947499999999,2.165166666666667,14.43975,25.465,1.884083333333333,0.7447629756571307,2.1474013935680585,2.265251748303768,2.8625266502740914,0.2897825781116436,4.6852599999999995,0.119,11.318,22.136,1.53,6.63251,5.259000000000002,17.036000000000005,29.601000000000003,2.26,1.8665400000000005,5.106999999999999,6.838999999999997,7.350000000000001,0.583,12,12,1,12,7,0.0,0.0,0.0,0.0,0.0
S0525,5.743599166666668,2.344333333333333,15.44941666666667,26.162750000000003,2.1184166666666666,0.8719444768284095,2.418187297113598,2.213259999396811,2.791806728791298,0.3731424488246358,4.80248,0.109,12.602,23.047,1.648,7.22527,5.775000000000001,18.284000000000002,30.262,2.6140000000000003,2.5217,5.757,6.878,7.464000000000002,1.0040000000000004,12,1,1,12,7,0.0,0.0,0.0,0.0,0.0
S0526,5.743599166666668,2.344333333333333,15.44941666666667,26.162750000000003,2.1184166666666666,0.8719444768284095,2.418187297113598,2.213259999396811,2.791806728791298,0.3731424488246358,4.80248,0.109,12.602,23.047,1.648,7.22527,5.775000000000001,18.284000000000002,30.262,2.6140000000000003,2.5217,5.757,6.878,7.464000000000002,1.0040000000000004,12,1,1,12,7,0.0,0.0,0.0,0.0,0.0
S0527,5.743599166666668,2.55275,18.733083333333337,28.90366666666667,2.0609166666666665,0.8719444768284095,2.7021404408699548,2.00074053342077,2.7913633105800937,0.2972704844015943,4.80248,0.079,16.227,26.034,1.739,7.22527,6.299,21.290000000000003,32.829,2.5220000000000002,2.5217,6.359999999999999,6.185999999999998,6.994999999999997,0.8589999999999995,12,12,1,12,7,0.0,0.0,0.0,0.0,0.0
S0528,5.743599166666668,2.55275,18.733083333333337,28.90366666666667,2.0609166666666665,0.8719444768284095,2.7021404408699548,2.00074053342077,2.7913633105800937,0.2972704844015943,4.80248,0.079,16.227,26.034,1.739,7.22527,6.299,21.290000000000003,32.829,2.5220000000000002,2.5217,6.359999999999999,6.185999999999998,6.994999999999997,0.8589999999999995,12,12,1,12,7,0.0,0.0,0.0,0.0,0.0
S0529,5.743599166666668,2.55275,18.733083333333337,28.90366666666667,2.0609166666666665,0.8719444768284095,2.7021404408699548,2.00074053342077,2.7913633105800937,0.2972704844015943,4.80248,0.079,16.227,26.034,1.739,7.22527,6.299,21.290000000000003,32.829,2.5220000000000002,2.5217,6.359999999999999,6.185999999999998,6.994999999999997,0.8589999999999995,12,12,1,12,7,0.0,0.0,0.0,0.0,0.0
S0530,5.743599166666668,2.55275,18.733083333333337,28.90366666666667,2.0609166666666665,0.8719444768284095,2.7021404408699548,2.00074053342077,2.7913633105800937,0.2972704844015943,4.80248,0.079,16.227,26.034,1.739,7.22527,6.299,21.290000000000003,32.829,2.5220000000000002,2.5217,6.359999999999999,6.185999999999998,6.994999999999997,0.8589999999999995,12,12,1,12,7,0.0,0.0,0.0,0.0,0.0
S0531,5.743599166666668,2.55275,18.733083333333337,28.90366666666667,2.0609166666666665,0.8719444768284095,2.7021404408699548,2.00074053342077,2.7913633105800937,0.2972704844015943,4.80248,0.079,16.227,26.034,1.739,7.22527,6.299,21.290000000000003,32.829,2.5220000000000002,2.5217,6.359999999999999,6.185999999999998,6.994999999999997,0.8589999999999995,12,12,1,12,7,0.0,0.0,0.0,0.0,0.0
S0532,5.743599166666668,2.55275,18.733083333333337,28.90366666666667,2.0609166666666665,0.8719444768284095,2.7021404408699548,2.00074053342077,2.7913633105800937,0.2972704844015943,4.80248,0.079,16.227,26.034,1.739,7.22527,6.299,21.290000000000003,32.829,2.5220000000000002,2.5217,6.359999999999999,6.185999999999998,6.994999999999997,0.8589999999999995,12,12,1,12,7,0.0,0.0,0.0,0.0,0.0
S0533,5.539947499999999,2.344333333333333,15.44941666666667,26.162750000000003,2.1184166666666666,0.7447629756571307,2.418187297113598,2.213259999396811,2.791806728791298,0.3731424488246358,4.6852599999999995,0.109,12.602,23.047,1.648,6.63251,5.775000000000001,18.284000000000002,30.262,2.6140000000000003,1.8665400000000005,5.757,6.878,7.464000000000002,1.0040000000000004,12,1,1,12,7,0.0,0.0,0.0,0.0,0.0
S0534,5.539947499999999,2.344333333333333,15.44941666666667,26.162750000000003,2.1184166666666666,0.7447629756571307,2.418187297113598,2.213259999396811,2.791806728791298,0.3731424488246358,4.6852599999999995,0.109,12.602,23.047,1.648,6.63251,5.775000000000001,18.284000000000002,30.262,2.6140000000000003,1.8665400000000005,5.757,6.878,7.464000000000002,1.0040000000000004,12,1,1,12,7,0.0,0.0,0.0,0.0,0.0
S0535,5.539947499999999,2.344333333333333,15.44941666666667,26.162750000000003,2.1184166666666666,0.7447629756571307,2.418187297113598,2.213259999396811,2.791806728791298,0.3731424488246358,4.6852599999999995,0.109,12.602,23.047,1.648,6.63251,5.775000000000001,18.284000000000002,30.262,2.6140000000000003,1.8665400000000005,5.757,6.878,7.464000000000002,1.0040000000000004,12,1,1,12,7,0.0,0.0,0.0,0.0,0.0
S0536,5.743599166666668,2.344333333333333,15.44941666666667,26.162750000000003,2.1184166666666666,0.8719444768284095,2.418187297113598,2.213259999396811,2.791806728791298,0.3731424488246358,4.80248,0.109,12.602,23.047,1.648,7.22527,5.775000000000001,18.284000000000002,30.262,2.6140000000000003,2.5217,5.757,6.878,7.464000000000002,1.0040000000000004,12,1,1,12,7,0.0,0.0,0.0,0.0,0.0
S0537,5.662869166666667,1.9444166666666665,15.418666666666667,26.735416666666666,2.98125,0.8728107831362785,2.0176039520388818,2.48987021137002,2.7865308982278862,0.361478203487622,4.50326,0.09,11.994,23.147,2.53,6.82537,5.043,18.354000000000003,30.634,3.428000000000001,2.26734,4.664000000000001,7.552,7.786999999999999,0.7099999999999995,12,1,1,12,7,0.0,0.0,0.0,0.0,0.0
S0538,5.662869166666667,1.9444166666666665,15.418666666666667,26.735416666666666,2.98125,0.8728107831362785,2.0176039520388818,2.48987021137002,2.7865308982278862,0.361478203487622,4.50326,0.09,11.994,23.147,2.53,6.82537,5.043,18.354000000000003,30.634,3.428000000000001,2.26734,4.664000000000001,7.552,7.786999999999999,0.7099999999999995,12,1,1,12,7,0.0,0.0,0.0,0.0,0.0
S0539,5.539947499999999,2.165166666666667,14.43975,25.465,1.884083333333333,0.7447629756571307,2.1474013935680585,2.265251748303768,2.8625266502740914,0.2897825781116436,4.6852599999999995,0.119,11.318,22.136,1.53,6.63251,5.259000000000002,17.036000000000005,29.601000000000003,2.26,1.8665400000000005,5.106999999999999,6.838999999999997,7.350000000000001,0.583,12,12,1,12,7,0.0,0.0,0.0,0.0,0.0
S0540,5.539947499999999,2.504916666666667,18.08575,28.60758333333333,1.9055833333333334,0.7447629756571307,2.6355006846031017,2.096486321195057,2.9627258615694303,0.2973547123049709,4.6852599999999995,0.079,15.603,25.427,1.54,6.63251,6.454000000000001,20.811000000000003,32.772000000000006,2.322,1.8665400000000005,6.281999999999999,6.352000000000002,7.376000000000001,0.752,12,12,1,9,8,0.0,0.0,0.0,0.0,0.0
S0541,5.539947499999999,2.165166666666667,14.43975,25.465,1.884083333333333,0.7447629756571307,2.1474013935680585,2.265251748303768,2.8625266502740914,0.2897825781116436,4.6852599999999995,0.119,11.318,22.136,1.53,6.63251,5.259000000000002,17.036000000000005,29.601000000000003,2.26,1.8665400000000005,5.106999999999999,6.838999999999997,7.350000000000001,0.583,12,12,1,12,7,0.0,0.0,0.0,0.0,0.0
S0542,5.539947499999999,2.165166666666667,14.43975,25.465,1.884083333333333,0.7447629756571307,2.1474013935680585,2.265251748303768,2.8625266502740914,0.2897825781116436,4.6852599999999995,0.119,11.318,22.136,1.53,6.63251,5.259000000000002,17.036000000000005,29.601000000000003,2.26,1.8665400000000005,5.106999999999999,6.838999999999997,7.350000000000001,0.583,12,12,1,12,7,0.0,0.0,0.0,0.0,0.0
S0543,5.539947499999999,2.165166666666667,14.43975,25.465,1.884083333333333,0.7447629756571307,2.1474013935680585,2.265251748303768,2.8625266502740914,0.2897825781116436,4.6852599999999995,0.119,11.318,22.136,1.53,6.63251,5.259000000000002,17.036000000000005,29.601000000000003,2.26,1.8665400000000005,5.106999999999999,6.838999999999997,7.350000000000001,0.583,12,12,1,12,7,0.0,0.0,0.0,0.0,0.0
S0544,5.539947499999999,2.344333333333333,15.44941666666667,26.162750000000003,2.1184166666666666,0.7447629756571307,2.418187297113598,2.213259999396811,2.791806728791298,0.3731424488246358,4.6852599999999995,0.109,12.602,23.047,1.648,6.63251,5.775000000000001,18.284000000000002,30.262,2.6140000000000003,1.8665400000000005,5.757,6.878,7.464000000000002,1.0040000000000004,12,1,1,12,7,0.0,0.0,0.0,0.0,0.0
S0545,5.539947499999999,2.165166666666667,14.43975,25.465,1.884083333333333,0.7447629756571307,2.1474013935680585,2.265251748303768,2.8625266502740914,0.2897825781116436,4.6852599999999995,0.119,11.318,22.136,1.53,6.63251,5.259000000000002,17.036000000000005,29.601000000000003,2.26,1.8665400000000005,5.106999999999999,6.838999999999997,7.350000000000001,0.583,12,12,1,12,7,0.0,0.0,0.0,0.0,0.0
S0546,5.539947499999999,2.165166666666667,14.43975,25.465,1.884083333333333,0.7447629756571307,2.1474013935680585,2.265251748303768,2.8625266502740914,0.2897825781116436,4.6852599999999995,0.119,11.318,22.136,1.53,6.63251,5.259000000000002,17.036000000000005,29.601000000000003,2.26,1.8665400000000005,5.106999999999999,6.838999999999997,7.350000000000001,0.583,12,12,1,12,7,0.0,0.0,0.0,0.0,0.0
S0547,5.539947499999999,2.165166666666667,14.43975,25.465,1.884083333333333,0.7447629756571307,2.1474013935680585,2.265251748303768,2.8625266502740914,0.2897825781116436,4.6852599999999995,0.119,11.318,22.136,1.53,6.63251,5.259000000000002,17.036000000000005,29.601000000000003,2.26,1.8665400000000005,5.106999999999999,6.838999999999997,7.350000000000001,0.583,12,12,1,12,7,0.0,0.0,0.0,0.0,0.0
S0548,5.539947499999999,2.165166666666667,14.43975,25.465,1.884083333333333,0.7447629756571307,2.1474013935680585,2.265251748303768,2.8625266502740914,0.2897825781116436,4.6852599999999995,0.119,11.318,22.136,1.53,6.63251,5.259000000000002,17.036000000000005,29.601000000000003,2.26,1.8665400000000005,5.106999999999999,6.838999999999997,7.350000000000001,0.583,12,12,1,12,7,0.0,0.0,0.0,0.0,0.0
S0549,5.539947499999999,2.504916666666667,18.08575,28.60758333333333,1.9055833333333334,0.7447629756571307,2.6355006846031017,2.096486321195057,2.9627258615694303,0.2973547123049709,4.6852599999999995,0.079,15.603,25.427,1.54,6.63251,6.454000000000001,20.811000000000003,32.772000000000006,2.322,1.8665400000000005,6.281999999999999,6.352000000000002,7.376000000000001,0.752,12,12,1,9,8,0.0,0.0,0.0,0.0,0.0
S0550,5.9687,2.504916666666667,18.08575,28.60758333333333,1.9055833333333334,0.7676433462610247,2.6355006846031017,2.096486321195057,2.9627258615694303,0.2973547123049709,4.98873,0.079,15.603,25.427,1.54,7.01062,6.454000000000001,20.811000000000003,32.772000000000006,2.322,2.2429500000000004,6.281999999999999,6.352000000000002,7.376000000000001,0.752,12,12,1,9,8,0.0,0.0,0.0,0.0,0.0
S0551,5.539947499999999,2.165166666666667,14.43975,25.465,1.884083333333333,0.7447629756571307,2.1474013935680585,2.265251748303768,2.8625266502740914,0.2897825781116436,4.6852599999999995,0.119,11.318,22.136,1.53,6.63251,5.259000000000002,17.036000000000005,29.601000000000003,2.26,1.8665400000000005,5.106999999999999,6.838999999999997,7.350000000000001,0.583,12,12,1,12,7,0.0,0.0,0.0,0.0,0.0
S0552,5.539947499999999,2.165166666666667,14.43975,25.465,1.884083333333333,0.7447629756571307,2.1474013935680585,2.265251748303768,2.8625266502740914,0.2897825781116436,4.6852599999999995,0.119,11.318,22.136,1.53,6.63251,5.259000000000002,17.036000000000005,29.601000000000003,2.26,1.8665400000000005,5.106999999999999,6.838999999999997,7.350000000000001,0.583,12,12,1,12,7,0.0,0.0,0.0,0.0,0.0
S0553,5.539947499999999,2.165166666666667,14.43975,25.465,1.884083333333333,0.7447629756571307,2.1474013935680585,2.265251748303768,2.8625266502740914,0.2897825781116436,4.6852599999999995,0.119,11.318,22.136,1.53,6.63251,5.259000000000002,17.036000000000005,29.601000000000003,2.26,1.8665400000000005,5.106999999999999,6.838999999999997,7.350000000000001,0.583,12,12,1,12,7,0.0,0.0,0.0,0.0,0.0
S0554,5.539947499999999,2.344333333333333,15.44941666666667,26.162750000000003,2.1184166666666666,0.7447629756571307,2.418187297113598,2.213259999396811,2.791806728791298,0.3731424488246358,4.6852599999999995,0.109,12.602,23.047,1.648,6.63251,5.775000000000001,18.284000000000002,30.262,2.6140000000000003,1.8665400000000005,5.757,6.878,7.464000000000002,1.0040000000000004,12,1,1,12,7,0.0,0.0,0.0,0.0,0.0
S0555,5.539947499999999,2.344333333333333,15.44941666666667,26.162750000000003,2.1184166666666666,0.7447629756571307,2.418187297113598,2.213259999396811,2.791806728791298,0.3731424488246358,4.6852599999999995,0.109,12.602,23.047,1.648,6.63251,5.775000000000001,18.284000000000002,30.262,2.6140000000000003,1.8665400000000005,5.757,6.878,7.464000000000002,1.0040000000000004,12,1,1,12,7,0.0,0.0,0.0,0.0,0.0
S0556,5.743599166666668,2.344333333333333,15.44941666666667,26.162750000000003,2.1184166666666666,0.8719444768284095,2.418187297113598,2.213259999396811,2.791806728791298,0.3731424488246358,4.80248,0.109,12.602,23.047,1.648,7.22527,5.775000000000001,18.284000000000002,30.262,2.6140000000000003,2.5217,5.757,6.878,7.464000000000002,1.0040000000000004,12,1,1,12,7,0.0,0.0,0.0,0.0,0.0
S0557,5.539947499999999,2.165166666666667,14.43975,25.465,1.884083333333333,0.7447629756571307,2.1474013935680585,2.265251748303768,2.8625266502740914,0.2897825781116436,4.6852599999999995,0.119,11.318,22.136,1.53,6.63251,5.259000000000002,17.036000000000005,29.601000000000003,2.26,1.8665400000000005,5.106999999999999,6.838999999999997,7.350000000000001,0.583,12,12,1,12,7,0.0,0.0,0.0,0.0,0.0
S0558,5.539947499999999,2.165166666666667,14.43975,25.465,1.884083333333333,0.7447629756571307,2.1474013935680585,2.265251748303768,2.8625266502740914,0.2897825781116436,4.6852599999999995,0.119,11.318,22.136,1.53,6.63251,5.259000000000002,17.036000000000005,29.601000000000003,2.26,1.8665400000000005,5.106999999999999,6.838999999999997,7.350000000000001,0.583,12,12,1,12,7,0.0,0.0,0.0,0.0,0.0
S0559,5.539947499999999,1.8448333333333333,15.88475,27.53891666666667,2.986833333333333,0.7447629756571307,1.7147030922809556,2.5609028615678797,2.9424099183239205,0.31134563822635614,4.6852599999999995,0.159,12.29,24.204,2.58,6.63251,4.202000000000002,18.936000000000003,31.767000000000003,3.38,1.8665400000000005,3.7959999999999994,7.5070000000000014,7.226000000000003,0.6990000000000003,12,1,1,12,12,0.0,0.0,0.0,0.0,0.0
S0560,5.539947499999999,2.165166666666667,14.43975,25.465,1.884083333333333,0.7447629756571307,2.1474013935680585,2.265251748303768,2.8625266502740914,0.2897825781116436,4.6852599999999995,0.119,11.318,22.136,1.53,6.63251,5.259000000000002,17.036000000000005,29.601000000000003,2.26,1.8665400000000005,5.106999999999999,6.838999999999997,7.350000000000001,0.583,12,12,1,12,7,0.0,0.0,0.0,0.0,0.0
S0561,5.539947499999999,2.165166666666667,14.43975,25.465,1.884083333333333,0.7447629756571307,2.1474013935680585,2.265251748303768,2.8625266502740914,0.2897825781116436,4.6852599999999995,0.119,11.318,22.136,1.53,6.63251,5.259000000000002,17.036000000000005,29.601000000000003,2.26,1.8665400000000005,5.106999999999999,6.838999999999997,7.350000000000001,0.583,12,12,1,12,7,0.0,0.0,0.0,0.0,0.0
S0562,5.539947499999999,2.2965,14.3085,25.30933333333333,2.2546666666666666,0.7447629756571307,2.0615302507578965,2.305495316729614,2.816233772445822,0.2956915646422133,4.6852599999999995,0.21,11.145,22.222,1.909,6.63251,5.541,17.095,29.501,2.671,1.8665400000000005,4.819,6.891999999999998,6.940000000000001,0.47699999999999987,12,2,1,12,7,0.0,0.0,0.0,0.0,0.0
S0563,5.539947499999999,2.2965,14.3085,25.30933333333333,2.2546666666666666,0.7447629756571307,2.0615302507578965,2.305495316729614,2.816233772445822,0.2956915646422133,4.6852599999999995,0.21,11.145,22.222,1.909,6.63251,5.541,17.095,29.501,2.671,1.8665400000000005,4.819,6.891999999999998,6.940000000000001,0.47699999999999987,12,2,1,12,7,0.0,0.0,0.0,0.0,0.0
S0564,5.539947499999999,2.2965,14.3085,25.30933333333333,2.2546666666666666,0.7447629756571307,2.0615302507578965,2.305495316729614,2.816233772445822,0.2956915646422133,4.6852599999999995,0.21,11.145,22.222,1.909,6.63251,5.541,17.095,29.501,2.671,1.8665400000000005,4.819,6.891999999999998,6.940000000000001,0.47699999999999987,12,2,1,12,7,0.0,0.0,0.0,0.0,0.0
S0565,5.539947499999999,2.2965,14.3085,25.30933333333333,2.2546666666666666,0.7447629756571307,2.0615302507578965,2.305495316729614,2.816233772445822,0.2956915646422133,4.6852599999999995,0.21,11.145,22.222,1.909,6.63251,5.541,17.095,29.501,2.671,1.8665400000000005,4.819,6.891999999999998,6.940000000000001,0.47699999999999987,12,2,1,12,7,0.0,0.0,0.0,0.0,0.0
S0566,5.539947499999999,1.8448333333333333,15.88475,27.53891666666667,2.986833333333333,0.7447629756571307,1.7147030922809556,2.5609028615678797,2.9424099183239205,0.31134563822635614,4.6852599999999995,0.159,12.29,24.204,2.58,6.63251,4.202000000000002,18.936000000000003,31.767000000000003,3.38,1.8665400000000005,3.7959999999999994,7.5070000000000014,7.226000000000003,0.6990000000000003,12,1,1,12,12,0.0,0.0,0.0,0.0,0.0
S0567,5.662869166666667,1.8448333333333333,15.88475,27.53891666666667,2.986833333333333,0.8728107831362785,1.7147030922809556,2.5609028615678797,2.9424099183239205,0.31134563822635614,4.50326,0.159,12.29,24.204,2.58,6.82537,4.202000000000002,18.936000000000003,31.767000000000003,3.38,2.26734,3.7959999999999994,7.5070000000000014,7.226000000000003,0.6990000000000003,12,1,1,12,12,0.0,0.0,0.0,0.0,0.0
S0568,5.662869166666667,1.8448333333333333,15.88475,27.53891666666667,2.986833333333333,0.8728107831362785,1.7147030922809556,2.5609028615678797,2.9424099183239205,0.31134563822635614,4.50326,0.159,12.29,24.204,2.58,6.82537,4.202000000000002,18.936000000000003,31.767000000000003,3.38,2.26734,3.7959999999999994,7.5070000000000014,7.226000000000003,0.6990000000000003,12,1,1,12,12,0.0,0.0,0.0,0.0,0.0
S0569,5.662869166666667,1.8448333333333333,15.88475,27.53891666666667,2.986833333333333,0.8728107831362785,1.7147030922809556,2.5609028615678797,2.9424099183239205,0.31134563822635614,4.50326,0.159,12.29,24.204,2.58,6.82537,4.202000000000002,18.936000000000003,31.767000000000003,3.38,2.26734,3.7959999999999994,7.5070000000000014,7.226000000000003,0.6990000000000003,12,1,1,12,12,0.0,0.0,0.0,0.0,0.0
S0570,5.662869166666667,1.8448333333333333,15.88475,27.53891666666667,2.986833333333333,0.8728107831362785,1.7147030922809556,2.5609028615678797,2.9424099183239205,0.31134563822635614,4.50326,0.159,12.29,24.204,2.58,6.82537,4.202000000000002,18.936000000000003,31.767000000000003,3.38,2.26734,3.7959999999999994,7.5070000000000014,7.226000000000003,0.6990000000000003,12,1,1,12,12,0.0,0.0,0.0,0.0,0.0
S0571,5.588563333333334,2.4379166666666663,15.211666666666668,26.801166666666667,2.8332499999999996,0.725445751805278,2.0178871951853496,2.5848697879638523,2.999233006528666,0.30827839240999483,4.696700000000001,0.39,11.658,23.614,2.4490000000000003,6.6182,5.372,18.234,31.237000000000002,3.151,1.771139999999999,4.7509999999999994,7.4990000000000006,7.171999999999997,0.782,12,2,1,12,12,0.0,0.0,0.0,0.0,0.0
S0572,5.539947499999999,1.8448333333333333,15.88475,27.53891666666667,2.986833333333333,0.7447629756571307,1.7147030922809556,2.5609028615678797,2.9424099183239205,0.31134563822635614,4.6852599999999995,0.159,12.29,24.204,2.58,6.63251,4.202000000000002,18.936000000000003,31.767000000000003,3.38,1.8665400000000005,3.7959999999999994,7.5070000000000014,7.226000000000003,0.6990000000000003,12,1,1,12,12,0.0,0.0,0.0,0.0,0.0
S0573,5.539947499999999,1.8448333333333333,15.88475,27.53891666666667,2.986833333333333,0.7447629756571307,1.7147030922809556,2.5609028615678797,2.9424099183239205,0.31134563822635614,4.6852599999999995,0.159,12.29,24.204,2.58,6.63251,4.202000000000002,18.936000000000003,31.767000000000003,3.38,1.8665400000000005,3.7959999999999994,7.5070000000000014,7.226000000000003,0.6990000000000003,12,1,1,12,12,0.0,0.0,0.0,0.0,0.0
S0574,5.539947499999999,1.8448333333333333,15.88475,27.53891666666667,2.986833333333333,0.7447629756571307,1.7147030922809556,2.5609028615678797,2.9424099183239205,0.31134563822635614,4.6852599999999995,0.159,12.29,24.204,2.58,6.63251,4.202000000000002,18.936000000000003,31.767000000000003,3.38,1.8665400000000005,3.7959999999999994,7.5070000000000014,7.226000000000003,0.6990000000000003,12,1,1,12,12,0.0,0.0,0.0,0.0,0.0
S0575,5.539947499999999,1.8448333333333333,15.88475,27.53891666666667,2.986833333333333,0.7447629756571307,1.7147030922809556,2.5609028615678797,2.9424099183239205,0.31134563822635614,4.6852599999999995,0.159,12.29,24.204,2.58,6.63251,4.202000000000002,18.936000000000003,31.767000000000003,3.38,1.8665400000000005,3.7959999999999994,7.5070000000000014,7.226000000000003,0.6990000000000003,12,1,1,12,12,0.0,0.0,0.0,0.0,0.0
S0576,5.662869166666667,1.8448333333333333,15.88475,27.53891666666667,2.986833333333333,0.8728107831362785,1.7147030922809556,2.5609028615678797,2.9424099183239205,0.31134563822635614,4.50326,0.159,12.29,24.204,2.58,6.82537,4.202000000000002,18.936000000000003,31.767000000000003,3.38,2.26734,3.7959999999999994,7.5070000000000014,7.226000000000003,0.6990000000000003,12,1,1,12,12,0.0,0.0,0.0,0.0,0.0
S0577,5.662869166666667,1.8448333333333333,15.88475,27.53891666666667,2.986833333333333,0.8728107831362785,1.7147030922809556,2.5609028615678797,2.9424099183239205,0.31134563822635614,4.50326,0.159,12.29,24.204,2.58,6.82537,4.202000000000002,18.936000000000003,31.767000000000003,3.38,2.26734,3.7959999999999994,7.5070000000000014,7.226000000000003,0.6990000000000003,12,1,1,12,12,0.0,0.0,0.0,0.0,0.0
S0578,5.662869166666667,1.8448333333333333,15.88475,27.53891666666667,2.986833333333333,0.8728107831362785,1.7147030922809556,2.5609028615678797,2.9424099183239205,0.31134563822635614,4.50326,0.159,12.29,24.204,2.58,6.82537,4.202000000000002,18.936000000000003,31.767000000000003,3.38,2.26734,3.7959999999999994,7.5070000000000014,7.226000000000003,0.6990000000000003,12,1,1,12,12,0.0,0.0,0.0,0.0,0.0
S0579,5.662869166666667,1.8448333333333333,15.88475,27.53891666666667,2.986833333333333,0.8728107831362785,1.7147030922809556,2.5609028615678797,2.9424099183239205,0.31134563822635614,4.50326,0.159,12.29,24.204,2.58,6.82537,4.202000000000002,18.936000000000003,31.767000000000003,3.38,2.26734,3.7959999999999994,7.5070000000000014,7.226000000000003,0.6990000000000003,12,1,1,12,12,0.0,0.0,0.0,0.0,0.0
S0580,5.662869166666667,1.8483333333333334,17.112583333333337,29.33575,3.0817499999999995,0.8728107831362785,1.6280892204679451,2.8697408590392293,3.0942656810690994,0.30198409023705625,4.50326,0.268,13.167,25.93,2.68,6.82537,4.439000000000002,20.264000000000003,33.775000000000006,3.43,2.26734,3.624999999999999,8.434000000000001,7.524000000000001,0.7069999999999994,12,2,1,12,12,0.0,0.0,0.0,0.0,0.0
S0581,5.588563333333334,2.2965,14.3085,25.30933333333333,2.2546666666666666,0.725445751805278,2.0615302507578965,2.305495316729614,2.816233772445822,0.2956915646422133,4.696700000000001,0.21,11.145,22.222,1.909,6.6182,5.541,17.095,29.501,2.671,1.771139999999999,4.819,6.891999999999998,6.940000000000001,0.47699999999999987,12,2,1,12,7,0.0,0.0,0.0,0.0,0.0
S0582,5.588563333333334,2.4379166666666663,15.211666666666668,26.801166666666667,2.8332499999999996,0.725445751805278,2.0178871951853496,2.5848697879638523,2.999233006528666,0.30827839240999483,4.696700000000001,0.39,11.658,23.614,2.4490000000000003,6.6182,5.372,18.234,31.237000000000002,3.151,1.771139999999999,4.7509999999999994,7.4990000000000006,7.171999999999997,0.782,12,2,1,12,12,0.0,0.0,0.0,0.0,0.0
S0583,5.588563333333334,2.4379166666666663,15.211666666666668,26.801166666666667,2.8332499999999996,0.725445751805278,2.0178871951853496,2.5848697879638523,2.999233006528666,0.30827839240999483,4.696700000000001,0.39,11.658,23.614,2.4490000000000003,6.6182,5.372,18.234,31.237000000000002,3.151,1.771139999999999,4.7509999999999994,7.4990000000000006,7.171999999999997,0.782,12,2,1,12,12,0.0,0.0,0.0,0.0,0.0
S0584,5.588563333333334,2.4379166666666663,15.211666666666668,26.801166666666667,2.8332499999999996,0.725445751805278,2.0178871951853496,2.5848697879638523,2.999233006528666,0.30827839240999483,4.696700000000001,0.39,11.658,23.614,2.4490000000000003,6.6182,5.372,18.234,31.237000000000002,3.151,1.771139999999999,4.7509999999999994,7.4990000000000006,7.171999999999997,0.782,12,2,1,12,12,0.0,0.0,0.0,0.0,0.0
S0585,5.539947499999999,2.4379166666666663,15.211666666666668,26.801166666666667,2.8332499999999996,0.7447629756571307,2.0178871951853496,2.5848697879638523,2.999233006528666,0.30827839240999483,4.6852599999999995,0.39,11.658,23.614,2.4490000000000003,6.63251,5.372,18.234,31.237000000000002,3.151,1.8665400000000005,4.7509999999999994,7.4990000000000006,7.171999999999997,0.782,12,2,1,12,12,0.0,0.0,0.0,0.0,0.0
S0586,5.588563333333334,2.4379166666666663,15.211666666666668,26.801166666666667,2.8332499999999996,0.725445751805278,2.0178871951853496,2.5848697879638523,2.999233006528666,0.30827839240999483,4.696700000000001,0.39,11.658,23.614,2.4490000000000003,6.6182,5.372,18.234,31.237000000000002,3.151,1.771139999999999,4.7509999999999994,7.4990000000000006,7.171999999999997,0.782,12,2,1,12,12,0.0,0.0,0.0,0.0,0.0
S0587,5.539947499999999,2.165166666666667,14.43975,25.465,1.884083333333333,0.7447629756571307,2.1474013935680585,2.265251748303768,2.8625266502740914,0.2897825781116436,4.6852599999999995,0.119,11.318,22.136,1.53,6.63251,5.259000000000002,17.036000000000005,29.601000000000003,2.26,1.8665400000000005,5.106999999999999,6.838999999999997,7.350000000000001,0.583,12,12,1,12,7,0.0,0.0,0.0,0.0,0.0
S0588,5.539947499999999,2.344333333333333,15.44941666666667,26.162750000000003,2.1184166666666666,0.7447629756571307,2.418187297113598,2.213259999396811,2.791806728791298,0.3731424488246358,4.6852599999999995,0.109,12.602,23.047,1.648,6.63251,5.775000000000001,18.284000000000002,30.262,2.6140000000000003,1.8665400000000005,5.757,6.878,7.464000000000002,1.0040000000000004,12,1,1,12,7,0.0,0.0,0.0,0.0,0.0
S0589,5.539947499999999,2.344333333333333,15.44941666666667,26.162750000000003,2.1184166666666666,0.7447629756571307,2.418187297113598,2.213259999396811,2.791806728791298,0.3731424488246358,4.6852599999999995,0.109,12.602,23.047,1.648,6.63251,5.775000000000001,18.284000000000002,30.262,2.6140000000000003,1.8665400000000005,5.757,6.878,7.464000000000002,1.0040000000000004,12,1,1,12,7,0.0,0.0,0.0,0.0,0.0
S0590,5.539947499999999,2.344333333333333,15.44941666666667,26.162750000000003,2.1184166666666666,0.7447629756571307,2.418187297113598,2.213259999396811,2.791806728791298,0.3731424488246358,4.6852599999999995,0.109,12.602,23.047,1.648,6.63251,5.775000000000001,18.284000000000002,30.262,2.6140000000000003,1.8665400000000005,5.757,6.878,7.464000000000002,1.0040000000000004,12,1,1,12,7,0.0,0.0,0.0,0.0,0.0
S0591,5.539947499999999,2.344333333333333,15.44941666666667,26.162750000000003,2.1184166666666666,0.7447629756571307,2.418187297113598,2.213259999396811,2.791806728791298,0.3731424488246358,4.6852599999999995,0.109,12.602,23.047,1.648,6.63251,5.775000000000001,18.284000000000002,30.262,2.6140000000000003,1.8665400000000005,5.757,6.878,7.464000000000002,1.0040000000000004,12,1,1,12,7,0.0,0.0,0.0,0.0,0.0
S0592,5.743599166666668,2.344333333333333,15.44941666666667,26.162750000000003,2.1184166666666666,0.8719444768284095,2.418187297113598,2.213259999396811,2.791806728791298,0.3731424488246358,4.80248,0.109,12.602,23.047,1.648,7.22527,5.775000000000001,18.284000000000002,30.262,2.6140000000000003,2.5217,5.757,6.878,7.464000000000002,1.0040000000000004,12,1,1,12,7,0.0,0.0,0.0,0.0,0.0
S0593,5.743599166666668,2.344333333333333,15.44941666666667,26.162750000000003,2.1184166666666666,0.8719444768284095,2.418187297113598,2.213259999396811,2.791806728791298,0.3731424488246358,4.80248,0.109,12.602,23.047,1.648,7.22527,5.775000000000001,18.284000000000002,30.262,2.6140000000000003,2.5217,5.757,6.878,7.464000000000002,1.0040000000000004,12,1,1,12,7,0.0,0.0,0.0,0.0,0.0
S0594,5.743599166666668,2.344333333333333,15.44941666666667,26.162750000000003,2.1184166666666666,0.8719444768284095,2.418187297113598,2.213259999396811,2.791806728791298,0.3731424488246358,4.80248,0.109,12.602,23.047,1.648,7.22527,5.775000000000001,18.284000000000002,30.262,2.6140000000000003,2.5217,5.757,6.878,7.464000000000002,1.0040000000000004,12,1,1,12,7,0.0,0.0,0.0,0.0,0.0
S0595,5.743599166666668,2.344333333333333,15.44941666666667,26.162750000000003,2.1184166666666666,0.8719444768284095,2.418187297113598,2.213259999396811,2.791806728791298,0.3731424488246358,4.80248,0.109,12.602,23.047,1.648,7.22527,5.775000000000001,18.284000000000002,30.262,2.6140000000000003,2.5217,5.757,6.878,7.464000000000002,1.0040000000000004,12,1,1,12,7,0.0,0.0,0.0,0.0,0.0
S0596,5.743599166666668,2.189416666666667,19.59175,30.500999999999998,2.061583333333333,0.8719444768284095,2.3611979924148154,2.120062890497323,2.810890704851729,0.3176277506062436,4.80248,0.059000000000000004,16.928,27.421000000000003,1.67,7.22527,5.341,22.425,34.848000000000006,2.5100000000000007,2.5217,5.592,6.713999999999999,7.537000000000003,0.9100000000000001,12,1,1,12,7,0.0,0.0,0.0,0.0,0.0
S0597,5.743599166666668,2.189416666666667,19.59175,30.500999999999998,2.061583333333333,0.8719444768284095,2.3611979924148154,2.120062890497323,2.810890704851729,0.3176277506062436,4.80248,0.059000000000000004,16.928,27.421000000000003,1.67,7.22527,5.341,22.425,34.848000000000006,2.5100000000000007,2.5217,5.592,6.713999999999999,7.537000000000003,0.9100000000000001,12,1,1,12,7,0.0,0.0,0.0,0.0,0.0
S0598,5.743599166666668,2.189416666666667,19.59175,30.500999999999998,2.061583333333333,0.8719444768284095,2.3611979924148154,2.120062890497323,2.810890704851729,0.3176277506062436,4.80248,0.059000000000000004,16.928,27.421000000000003,1.67,7.22527,5.341,22.425,34.848000000000006,2.5100000000000007,2.5217,5.592,6.713999999999999,7.537000000000003,0.9100000000000001,12,1,1,12,7,0.0,0.0,0.0,0.0,0.0
S0599,5.743599166666668,2.189416666666667,19.59175,30.500999999999998,2.061583333333333,0.8719444768284095,2.3611979924148154,2.120062890497323,2.810890704851729,0.3176277506062436,4.80248,0.059000000000000004,16.928,27.421000000000003,1.67,7.22527,5.341,22.425,34.848000000000006,2.5100000000000007,2.5217,5.592,6.713999999999999,7.537000000000003,0.9100000000000001,12,1,1,12,7,0.0,0.0,0.0,0.0,0.0
S0600,5.743599166666668,2.189416666666667,19.59175,30.500999999999998,2.061583333333333,0.8719444768284095,2.3611979924148154,2.120062890497323,2.810890704851729,0.3176277506062436,4.80248,0.059000000000000004,16.928,27.421000000000003,1.67,7.22527,5.341,22.425,34.848000000000006,2.5100000000000007,2.5217,5.592,6.713999999999999,7.537000000000003,0.9100000000000001,12,1,1,12,7,0.0,0.0,0.0,0.0,0.0
S0601,5.743599166666668,2.189416666666667,19.59175,30.500999999999998,2.061583333333333,0.8719444768284095,2.3611979924148154,2.120062890497323,2.810890704851729,0.3176277506062436,4.80248,0.059000000000000004,16.928,27.421000000000003,1.67,7.22527,5.341,22.425,34.848000000000006,2.5100000000000007,2.5217,5.592,6.713999999999999,7.537000000000003,0.9100000000000001,12,1,1,12,7,0.0,0.0,0.0,0.0,0.0
S0602,5.743599166666668,2.189416666666667,19.59175,30.500999999999998,2.061583333333333,0.8719444768284095,2.3611979924148154,2.120062890497323,2.810890704851729,0.3176277506062436,4.80248,0.059000000000000004,16.928,27.421000000000003,1.67,7.22527,5.341,22.425,34.848000000000006,2.5100000000000007,2.5217,5.592,6.713999999999999,7.537000000000003,0.9100000000000001,12,1,1,12,7,0.0,0.0,0.0,0.0,0.0
S0603,5.743599166666668,1.965,18.959999999999997,30.017,2.1386666666666665,0.8719444768284095,2.237578598215776,2.2165781031569716,2.8453298312743107,0.27747945138041363,4.80248,0.03900000000000001,16.162000000000003,27.098000000000003,1.79,7.22527,4.6880000000000015,21.877000000000002,34.296,2.51,2.5217,5.153,7.053000000000001,7.677,0.7500000000000002,12,1,1,12,7,0.0,0.0,0.0,0.0,0.0
S0604,5.702802500000001,1.965,18.959999999999997,30.017,2.1386666666666665,0.8928484064411235,2.237578598215776,2.2165781031569716,2.8453298312743107,0.27747945138041363,4.731990000000001,0.03900000000000001,16.162000000000003,27.098000000000003,1.79,7.22171,4.6880000000000015,21.877000000000002,34.296,2.51,2.5968899999999993,5.153,7.053000000000001,7.677,0.7500000000000002,12,1,1,12,7,0.0,0.0,0.0,0.0,0.0
S0605,5.702802500000001,1.965,18.959999999999997,30.017,2.1386666666666665,0.8928484064411235,2.237578598215776,2.2165781031569716,2.8453298312743107,0.27747945138041363,4.731990000000001,0.03900000000000001,16.162000000000003,27.098000000000003,1.79,7.22171,4.6880000000000015,21.877000000000002,34.296,2.51,2.5968899999999993,5.153,7.053000000000001,7.677,0.7500000000000002,12,1,1,12,7,0.0,0.0,0.0,0.0,0.0
S0606,5.539947499999999,1.9444166666666665,15.418666666666667,26.735416666666666,2.98125,0.7447629756571307,2.0176039520388818,2.48987021137002,2.7865308982278862,0.361478203487622,4.6852599999999995,0.09,11.994,23.147,2.53,6.63251,5.043,18.354000000000003,30.634,3.428000000000001,1.8665400000000005,4.664000000000001,7.552,7.786999999999999,0.7099999999999995,12,1,1,12,7,0.0,0.0,0.0,0.0,0.0
S0607,5.539947499999999,1.9444166666666665,15.418666666666667,26.735416666666666,2.98125,0.7447629756571307,2.0176039520388818,2.48987021137002,2.7865308982278862,0.361478203487622,4.6852599999999995,0.09,11.994,23.147,2.53,6.63251,5.043,18.354000000000003,30.634,3.428000000000001,1.8665400000000005,4.664000000000001,7.552,7.786999999999999,0.7099999999999995,12,1,1,12,7,0.0,0.0,0.0,0.0,0.0
S0608,5.743599166666668,1.9444166666666665,15.418666666666667,26.735416666666666,2.98125,0.8719444768284095,2.0176039520388818,2.48987021137002,2.7865308982278862,0.361478203487622,4.80248,0.09,11.994,23.147,2.53,7.22527,5.043,18.354000000000003,30.634,3.428000000000001,2.5217,4.664000000000001,7.552,7.786999999999999,0.7099999999999995,12,1,1,12,7,0.0,0.0,0.0,0.0,0.0
S0609,5.743599166666668,1.9444166666666665,15.418666666666667,26.735416666666666,2.98125,0.8719444768284095,2.0176039520388818,2.48987021137002,2.7865308982278862,0.361478203487622,4.80248,0.09,11.994,23.147,2.53,7.22527,5.043,18.354000000000003,30.634,3.428000000000001,2.5217,4.664000000000001,7.552,7.786999999999999,0.7099999999999995,12,1,1,12,7,0.0,0.0,0.0,0.0,0.0
S0610,5.743599166666668,1.9444166666666665,15.418666666666667,26.735416666666666,2.98125,0.8719444768284095,2.0176039520388818,2.48987021137002,2.7865308982278862,0.361478203487622,4.80248,0.09,11.994,23.147,2.53,7.22527,5.043,18.354000000000003,30.634,3.428000000000001,2.5217,4.664000000000001,7.552,7.786999999999999,0.7099999999999995,12,1,1,12,7,0.0,0.0,0.0,0.0,0.0
S0611,5.743599166666668,2.03875,17.23825,28.68558333333333,2.3419999999999996,0.8719444768284095,2.269459848554647,2.5288897695207186,2.87628752195666,0.34677772407691704,4.80248,0.05,13.948,25.182000000000002,1.8490000000000002,7.22527,5.433000000000001,20.581,32.623,2.77,2.5217,5.295,7.838999999999999,7.950999999999997,0.8649999999999998,12,1,1,12,7,0.0,0.0,0.0,0.0,0.0
S0612,5.743599166666668,2.03875,17.23825,28.68558333333333,2.3419999999999996,0.8719444768284095,2.269459848554647,2.5288897695207186,2.87628752195666,0.34677772407691704,4.80248,0.05,13.948,25.182000000000002,1.8490000000000002,7.22527,5.433000000000001,20.581,32.623,2.77,2.5217,5.295,7.838999999999999,7.950999999999997,0.8649999999999998,12,1,1,12,7,0.0,0.0,0.0,0.0,0.0
S0613,5.539947499999999,2.165166666666667,14.43975,25.465,1.884083333333333,0.7447629756571307,2.1474013935680585,2.265251748303768,2.8625266502740914,0.2897825781116436,4.6852599999999995,0.119,11.318,22.136,1.53,6.63251,5.259000000000002,17.036000000000005,29.601000000000003,2.26,1.8665400000000005,5.106999999999999,6.838999999999997,7.350000000000001,0.583,12,12,1,12,7,0.0,0.0,0.0,0.0,0.0
S0614,5.539947499999999,2.165166666666667,14.43975,25.465,1.884083333333333,0.7447629756571307,2.1474013935680585,2.265251748303768,2.8625266502740914,0.2897825781116436,4.6852599999999995,0.119,11.318,22.136,1.53,6.63251,5.259000000000002,17.036000000000005,29.601000000000003,2.26,1.8665400000000005,5.106999999999999,6.838999999999997,7.350000000000001,0.583,12,12,1,12,7,0.0,0.0,0.0,0.0,0.0
S0615,5.539947499999999,1.9444166666666665,15.418666666666667,26.735416666666666,2.98125,0.7447629756571307,2.0176039520388818,2.48987021137002,2.7865308982278862,0.361478203487622,4.6852599999999995,0.09,11.994,23.147,2.53,6.63251,5.043,18.354000000000003,30.634,3.428000000000001,1.8665400000000005,4.664000000000001,7.552,7.786999999999999,0.7099999999999995,12,1,1,12,7,0.0,0.0,0.0,0.0,0.0
S0616,5.539947499999999,1.9444166666666665,15.418666666666667,26.735416666666666,2.98125,0.7447629756571307,2.0176039520388818,2.48987021137002,2.7865308982278862,0.361478203487622,4.6852599999999995,0.09,11.994,23.147,2.53,6.63251,5.043,18.354000000000003,30.634,3.428000000000001,1.8665400000000005,4.664000000000001,7.552,7.786999999999999,0.7099999999999995,12,1,1,12,7,0.0,0.0,0.0,0.0,0.0
S0617,5.539947499999999,1.8448333333333333,15.88475,27.53891666666667,2.986833333333333,0.7447629756571307,1.7147030922809556,2.5609028615678797,2.9424099183239205,0.31134563822635614,4.6852599999999995,0.159,12.29,24.204,2.58,6.63251,4.202000000000002,18.936000000000003,31.767000000000003,3.38,1.8665400000000005,3.7959999999999994,7.5070000000000014,7.226000000000003,0.6990000000000003,12,1,1,12,12,0.0,0.0,0.0,0.0,0.0
S0618,5.662869166666667,1.8448333333333333,15.88475,27.53891666666667,2.986833333333333,0.8728107831362785,1.7147030922809556,2.5609028615678797,2.9424099183239205,0.31134563822635614,4.50326,0.159,12.29,24.204,2.58,6.82537,4.202000000000002,18.936000000000003,31.767000000000003,3.38,2.26734,3.7959999999999994,7.5070000000000014,7.226000000000003,0.6990000000000003,12,1,1,12,12,0.0,0.0,0.0,0.0,0.0
S0619,5.539947499999999,1.8448333333333333,15.88475,27.53891666666667,2.986833333333333,0.7447629756571307,1.7147030922809556,2.5609028615678797,2.9424099183239205,0.31134563822635614,4.6852599999999995,0.159,12.29,24.204,2.58,6.63251,4.202000000000002,18.936000000000003,31.767000000000003,3.38,1.8665400000000005,3.7959999999999994,7.5070000000000014,7.226000000000003,0.6990000000000003,12,1,1,12,12,0.0,0.0,0.0,0.0,0.0
S0620,5.662869166666667,1.8448333333333333,15.88475,27.53891666666667,2.986833333333333,0.8728107831362785,1.7147030922809556,2.5609028615678797,2.9424099183239205,0.31134563822635614,4.50326,0.159,12.29,24.204,2.58,6.82537,4.202000000000002,18.936000000000003,31.767000000000003,3.38,2.26734,3.7959999999999994,7.5070000000000014,7.226000000000003,0.6990000000000003,12,1,1,12,12,0.0,0.0,0.0,0.0,0.0
S0621,5.662869166666667,1.8448333333333333,15.88475,27.53891666666667,2.986833333333333,0.8728107831362785,1.7147030922809556,2.5609028615678797,2.9424099183239205,0.31134563822635614,4.50326,0.159,12.29,24.204,2.58,6.82537,4.202000000000002,18.936000000000003,31.767000000000003,3.38,2.26734,3.7959999999999994,7.5070000000000014,7.226000000000003,0.6990000000000003,12,1,1,12,12,0.0,0.0,0.0,0.0,0.0
S0622,5.539947499999999,2.4379166666666663,15.211666666666668,26.801166666666667,2.8332499999999996,0.7447629756571307,2.0178871951853496,2.5848697879638523,2.999233006528666,0.30827839240999483,4.6852599999999995,0.39,11.658,23.614,2.4490000000000003,6.63251,5.372,18.234,31.237000000000002,3.151,1.8665400000000005,4.7509999999999994,7.4990000000000006,7.171999999999997,0.782,12,2,1,12,12,0.0,0.0,0.0,0.0,0.0
S0623,5.588563333333334,2.4379166666666663,15.211666666666668,26.801166666666667,2.8332499999999996,0.725445751805278,2.0178871951853496,2.5848697879638523,2.999233006528666,0.30827839240999483,4.696700000000001,0.39,11.658,23.614,2.4490000000000003,6.6182,5.372,18.234,31.237000000000002,3.151,1.771139999999999,4.7509999999999994,7.4990000000000006,7.171999999999997,0.782,12,2,1,12,12,0.0,0.0,0.0,0.0,0.0
S0624,5.588563333333334,2.4379166666666663,15.211666666666668,26.801166666666667,2.8332499999999996,0.725445751805278,2.0178871951853496,2.5848697879638523,2.999233006528666,0.30827839240999483,4.696700000000001,0.39,11.658,23.614,2.4490000000000003,6.6182,5.372,18.234,31.237000000000002,3.151,1.771139999999999,4.7509999999999994,7.4990000000000006,7.171999999999997,0.782,12,2,1,12,12,0.0,0.0,0.0,0.0,0.0
S0625,5.588563333333334,2.4379166666666663,15.211666666666668,26.801166666666667,2.8332499999999996,0.725445751805278,2.0178871951853496,2.5848697879638523,2.999233006528666,0.30827839240999483,4.696700000000001,0.39,11.658,23.614,2.4490000000000003,6.6182,5.372,18.234,31.237000000000002,3.151,1.771139999999999,4.7509999999999994,7.4990000000000006,7.171999999999997,0.782,12,2,1,12,12,0.0,0.0,0.0,0.0,0.0
S0626,5.588563333333334,2.2965,14.3085,25.30933333333333,2.2546666666666666,0.725445751805278,2.0615302507578965,2.305495316729614,2.816233772445822,0.2956915646422133,4.696700000000001,0.21,11.145,22.222,1.909,6.6182,5.541,17.095,29.501,2.671,1.771139999999999,4.819,6.891999999999998,6.940000000000001,0.47699999999999987,12,2,1,12,7,0.0,0.0,0.0,0.0,0.0
S0627,5.588563333333334,2.2965,14.3085,25.30933333333333,2.2546666666666666,0.725445751805278,2.0615302507578965,2.305495316729614,2.816233772445822,0.2956915646422133,4.696700000000001,0.21,11.145,22.222,1.909,6.6182,5.541,17.095,29.501,2.671,1.771139999999999,4.819,6.891999999999998,6.940000000000001,0.47699999999999987,12,2,1,12,7,0.0,0.0,0.0,0.0,0.0
S0628,5.588563333333334,3.042083333333333,14.098500000000001,25.002083333333335,2.3571666666666666,0.725445751805278,2.4130036012305953,2.4208869303236296,3.1147806742143795,0.3061421192826619,4.696700000000001,0.51,10.665,21.599,1.998,6.6182,6.509,17.016000000000002,29.907999999999998,2.7450000000000006,1.771139999999999,5.939,7.163999999999998,7.836999999999996,0.6480000000000001,12,2,1,12,7,0.0,0.0,0.0,0.0,0.0
S0629,5.588563333333334,3.042083333333333,14.098500000000001,25.002083333333335,2.3571666666666666,0.725445751805278,2.4130036012305953,2.4208869303236296,3.1147806742143795,0.3061421192826619,4.696700000000001,0.51,10.665,21.599,1.998,6.6182,6.509,17.016000000000002,29.907999999999998,2.7450000000000006,1.771139999999999,5.939,7.163999999999998,7.836999999999996,0.6480000000000001,12,2,1,12,7,0.0,0.0,0.0,0.0,0.0
S0630,5.588563333333334,3.042083333333333,14.098500000000001,25.002083333333335,2.3571666666666666,0.725445751805278,2.4130036012305953,2.4208869303236296,3.1147806742143795,0.3061421192826619,4.696700000000001,0.51,10.665,21.599,1.998,6.6182,6.509,17.016000000000002,29.907999999999998,2.7450000000000006,1.771139999999999,5.939,7.163999999999998,7.836999999999996,0.6480000000000001,12,2,1,12,7,0.0,0.0,0.0,0.0,0.0
S0631,5.539947499999999,2.165166666666667,14.43975,25.465,1.884083333333333,0.7447629756571307,2.1474013935680585,2.265251748303768,2.8625266502740914,0.2897825781116436,4.6852599999999995,0.119,11.318,22.136,1.53,6.63251,5.259000000000002,17.036000000000005,29.601000000000003,2.26,1.8665400000000005,5.106999999999999,6.838999999999997,7.350000000000001,0.583,12,12,1,12,7,0.0,0.0,0.0,0.0,0.0
S0632,5.539947499999999,2.165166666666667,14.43975,25.465,1.884083333333333,0.7447629756571307,2.1474013935680585,2.265251748303768,2.8625266502740914,0.2897825781116436,4.6852599999999995,0.119,11.318,22.136,1.53,6.63251,5.259000000000002,17.036000000000005,29.601000000000003,2.26,1.8665400000000005,5.106999999999999,6.838999999999997,7.350000000000001,0.583,12,12,1,12,7,0.0,0.0,0.0,0.0,0.0
S0633,5.539947499999999,2.165166666666667,14.43975,25.465,1.884083333333333,0.7447629756571307,2.1474013935680585,2.265251748303768,2.8625266502740914,0.2897825781116436,4.6852599999999995,0.119,11.318,22.136,1.53,6.63251,5.259000000000002,17.036000000000005,29.601000000000003,2.26,1.8665400000000005,5.106999999999999,6.838999999999997,7.350000000000001,0.583,12,12,1,12,7,0.0,0.0,0.0,0.0,0.0
S0634,5.539947499999999,2.165166666666667,14.43975,25.465,1.884083333333333,0.7447629756571307,2.1474013935680585,2.265251748303768,2.8625266502740914,0.2897825781116436,4.6852599999999995,0.119,11.318,22.136,1.53,6.63251,5.259000000000002,17.036000000000005,29.601000000000003,2.26,1.8665400000000005,5.106999999999999,6.838999999999997,7.350000000000001,0.583,12,12,1,12,7,0.0,0.0,0.0,0.0,0.0
S0635,5.588563333333334,2.2965,14.3085,25.30933333333333,2.2546666666666666,0.725445751805278,2.0615302507578965,2.305495316729614,2.816233772445822,0.2956915646422133,4.696700000000001,0.21,11.145,22.222,1.909,6.6182,5.541,17.095,29.501,2.671,1.771139999999999,4.819,6.891999999999998,6.940000000000001,0.47699999999999987,12,2,1,12,7,0.0,0.0,0.0,0.0,0.0
S0636,5.539947499999999,2.2965,14.3085,25.30933333333333,2.2546666666666666,0.7447629756571307,2.0615302507578965,2.305495316729614,2.816233772445822,0.2956915646422133,4.6852599999999995,0.21,11.145,22.222,1.909,6.63251,5.541,17.095,29.501,2.671,1.8665400000000005,4.819,6.891999999999998,6.940000000000001,0.47699999999999987,12,2,1,12,7,0.0,0.0,0.0,0.0,0.0
S0637,5.539947499999999,2.2965,14.3085,25.30933333333333,2.2546666666666666,0.7447629756571307,2.0615302507578965,2.305495316729614,2.816233772445822,0.2956915646422133,4.6852599999999995,0.21,11.145,22.222,1.909,6.63251,5.541,17.095,29.501,2.671,1.8665400000000005,4.819,6.891999999999998,6.940000000000001,0.47699999999999987,12,2,1,12,7,0.0,0.0,0.0,0.0,0.0
S0638,5.588563333333334,2.4379166666666663,15.211666666666668,26.801166666666667,2.8332499999999996,0.725445751805278,2.0178871951853496,2.5848697879638523,2.999233006528666,0.30827839240999483,4.696700000000001,0.39,11.658,23.614,2.4490000000000003,6.6182,5.372,18.234,31.237000000000002,3.151,1.771139999999999,4.7509999999999994,7.4990000000000006,7.171999999999997,0.782,12,2,1,12,12,0.0,0.0,0.0,0.0,0.0
S0639,5.539947499999999,1.8448333333333333,15.88475,27.53891666666667,2.986833333333333,0.7447629756571307,1.7147030922809556,2.5609028615678797,2.9424099183239205,0.31134563822635614,4.6852599999999995,0.159,12.29,24.204,2.58,6.63251,4.202000000000002,18.936000000000003,31.767000000000003,3.38,1.8665400000000005,3.7959999999999994,7.5070000000000014,7.226000000000003,0.6990000000000003,12,1,1,12,12,0.0,0.0,0.0,0.0,0.0
S0640,5.662869166666667,1.8448333333333333,15.88475,27.53891666666667,2.986833333333333,0.8728107831362785,1.7147030922809556,2.5609028615678797,2.9424099183239205,0.31134563822635614,4.50326,0.159,12.29,24.204,2.58,6.82537,4.202000000000002,18.936000000000003,31.767000000000003,3.38,2.26734,3.7959999999999994,7.5070000000000014,7.226000000000003,0.6990000000000003,12,1,1,12,12,0.0,0.0,0.0,0.0,0.0
S0641,5.662869166666667,1.8448333333333333,15.88475,27.53891666666667,2.986833333333333,0.8728107831362785,1.7147030922809556,2.5609028615678797,2.9424099183239205,0.31134563822635614,4.50326,0.159,12.29,24.204,2.58,6.82537,4.202000000000002,18.936000000000003,31.767000000000003,3.38,2.26734,3.7959999999999994,7.5070000000000014,7.226000000000003,0.6990000000000003,12,1,1,12,12,0.0,0.0,0.0,0.0,0.0
S0642,5.539947499999999,2.504916666666667,18.08575,28.60758333333333,1.9055833333333334,0.7447629756571307,2.6355006846031017,2.096486321195057,2.9627258615694303,0.2973547123049709,4.6852599999999995,0.079,15.603,25.427,1.54,6.63251,6.454000000000001,20.811000000000003,32.772000000000006,2.322,1.8665400000000005,6.281999999999999,6.352000000000002,7.376000000000001,0.752,12,12,1,9,8,0.0,0.0,0.0,0.0,0.0
S0643,5.539947499999999,2.504916666666667,18.08575,28.60758333333333,1.9055833333333334,0.7447629756571307,2.6355006846031017,2.096486321195057,2.9627258615694303,0.2973547123049709,4.6852599999999995,0.079,15.603,25.427,1.54,6.63251,6.454000000000001,20.811000000000003,32.772000000000006,2.322,1.8665400000000005,6.281999999999999,6.352000000000002,7.376000000000001,0.752,12,12,1,9,8,0.0,0.0,0.0,0.0,0.0
S0644,5.588563333333334,2.3124166666666666,17.799333333333333,28.51991666666667,2.4070833333333335,0.725445751805278,2.3172045589000367,2.1222735285471543,2.7776301778245975,0.3181971162061416,4.696700000000001,0.089,15.109,25.297,2.0,6.6182,5.857,20.551000000000005,32.482,2.8009999999999997,1.771139999999999,5.501,6.393000000000001,6.944000000000003,0.762,12,12,1,9,9,0.0,0.0,0.0,0.0,0.0
S0645,5.588563333333334,2.3124166666666666,17.799333333333333,28.51991666666667,2.4070833333333335,0.725445751805278,2.3172045589000367,2.1222735285471543,2.7776301778245975,0.3181971162061416,4.696700000000001,0.089,15.109,25.297,2.0,6.6182,5.857,20.551000000000005,32.482,2.8009999999999997,1.771139999999999,5.501,6.393000000000001,6.944000000000003,0.762,12,12,1,9,9,0.0,0.0,0.0,0.0,0.0
S0646,5.588563333333334,2.3124166666666666,17.799333333333333,28.51991666666667,2.4070833333333335,0.725445751805278,2.3172045589000367,2.1222735285471543,2.7776301778245975,0.3181971162061416,4.696700000000001,0.089,15.109,25.297,2.0,6.6182,5.857,20.551000000000005,32.482,2.8009999999999997,1.771139999999999,5.501,6.393000000000001,6.944000000000003,0.762,12,12,1,9,9,0.0,0.0,0.0,0.0,0.0
S0647,5.588563333333334,2.3124166666666666,17.799333333333333,28.51991666666667,2.4070833333333335,0.725445751805278,2.3172045589000367,2.1222735285471543,2.7776301778245975,0.3181971162061416,4.696700000000001,0.089,15.109,25.297,2.0,6.6182,5.857,20.551000000000005,32.482,2.8009999999999997,1.771139999999999,5.501,6.393000000000001,6.944000000000003,0.762,12,12,1,9,9,0.0,0.0,0.0,0.0,0.0
S0648,5.588563333333334,2.3124166666666666,17.799333333333333,28.51991666666667,2.4070833333333335,0.725445751805278,2.3172045589000367,2.1222735285471543,2.7776301778245975,0.3181971162061416,4.696700000000001,0.089,15.109,25.297,2.0,6.6182,5.857,20.551000000000005,32.482,2.8009999999999997,1.771139999999999,5.501,6.393000000000001,6.944000000000003,0.762,12,12,1,9,9,0.0,0.0,0.0,0.0,0.0
S0649,5.588563333333334,2.3124166666666666,17.799333333333333,28.51991666666667,2.4070833333333335,0.725445751805278,2.3172045589000367,2.1222735285471543,2.7776301778245975,0.3181971162061416,4.696700000000001,0.089,15.109,25.297,2.0,6.6182,5.857,20.551000000000005,32.482,2.8009999999999997,1.771139999999999,5.501,6.393000000000001,6.944000000000003,0.762,12,12,1,9,9,0.0,0.0,0.0,0.0,0.0
S0650,5.588563333333334,2.3124166666666666,17.799333333333333,28.51991666666667,2.4070833333333335,0.725445751805278,2.3172045589000367,2.1222735285471543,2.7776301778245975,0.3181971162061416,4.696700000000001,0.089,15.109,25.297,2.0,6.6182,5.857,20.551000000000005,32.482,2.8009999999999997,1.771139999999999,5.501,6.393000000000001,6.944000000000003,0.762,12,12,1,9,9,0.0,0.0,0.0,0.0,0.0
S0651,5.588563333333334,2.2965,14.3085,25.30933333333333,2.2546666666666666,0.725445751805278,2.0615302507578965,2.305495316729614,2.816233772445822,0.2956915646422133,4.696700000000001,0.21,11.145,22.222,1.909,6.6182,5.541,17.095,29.501,2.671,1.771139999999999,4.819,6.891999999999998,6.940000000000001,0.47699999999999987,12,2,1,12,7,0.0,0.0,0.0,0.0,0.0
S0652,5.588563333333334,2.2965,14.3085,25.30933333333333,2.2546666666666666,0.725445751805278,2.0615302507578965,2.305495316729614,2.816233772445822,0.2956915646422133,4.696700000000001,0.21,11.145,22.222,1.909,6.6182,5.541,17.095,29.501,2.671,1.771139999999999,4.819,6.891999999999998,6.940000000000001,0.47699999999999987,12,2,1,12,7,0.0,0.0,0.0,0.0,0.0
S0653,5.588563333333334,2.3124166666666666,17.799333333333333,28.51991666666667,2.4070833333333335,0.725445751805278,2.3172045589000367,2.1222735285471543,2.7776301778245975,0.3181971162061416,4.696700000000001,0.089,15.109,25.297,2.0,6.6182,5.857,20.551000000000005,32.482,2.8009999999999997,1.771139999999999,5.501,6.393000000000001,6.944000000000003,0.762,12,12,1,9,9,0.0,0.0,0.0,0.0,0.0
S0654,5.588563333333334,2.3124166666666666,17.799333333333333,28.51991666666667,2.4070833333333335,0.725445751805278,2.3172045589000367,2.1222735285471543,2.7776301778245975,0.3181971162061416,4.696700000000001,0.089,15.109,25.297,2.0,6.6182,5.857,20.551000000000005,32.482,2.8009999999999997,1.771139999999999,5.501,6.393000000000001,6.944000000000003,0.762,12,12,1,9,9,0.0,0.0,0.0,0.0,0.0
S0655,5.588563333333334,2.3124166666666666,17.799333333333333,28.51991666666667,2.4070833333333335,0.725445751805278,2.3172045589000367,2.1222735285471543,2.7776301778245975,0.3181971162061416,4.696700000000001,0.089,15.109,25.297,2.0,6.6182,5.857,20.551000000000005,32.482,2.8009999999999997,1.771139999999999,5.501,6.393000000000001,6.944000000000003,0.762,12,12,1,9,9,0.0,0.0,0.0,0.0,0.0
S0656,5.588563333333334,2.3124166666666666,17.799333333333333,28.51991666666667,2.4070833333333335,0.725445751805278,2.3172045589000367,2.1222735285471543,2.7776301778245975,0.3181971162061416,4.696700000000001,0.089,15.109,25.297,2.0,6.6182,5.857,20.551000000000005,32.482,2.8009999999999997,1.771139999999999,5.501,6.393000000000001,6.944000000000003,0.762,12,12,1,9,9,0.0,0.0,0.0,0.0,0.0
S0657,5.588563333333334,2.3124166666666666,17.799333333333333,28.51991666666667,2.4070833333333335,0.725445751805278,2.3172045589000367,2.1222735285471543,2.7776301778245975,0.3181971162061416,4.696700000000001,0.089,15.109,25.297,2.0,6.6182,5.857,20.551000000000005,32.482,2.8009999999999997,1.771139999999999,5.501,6.393000000000001,6.944000000000003,0.762,12,12,1,9,9,0.0,0.0,0.0,0.0,0.0
S0658,5.588563333333334,2.3124166666666666,17.799333333333333,28.51991666666667,2.4070833333333335,0.725445751805278,2.3172045589000367,2.1222735285471543,2.7776301778245975,0.3181971162061416,4.696700000000001,0.089,15.109,25.297,2.0,6.6182,5.857,20.551000000000005,32.482,2.8009999999999997,1.771139999999999,5.501,6.393000000000001,6.944000000000003,0.762,12,12,1,9,9,0.0,0.0,0.0,0.0,0.0
S0659,5.588563333333334,2.3124166666666666,17.799333333333333,28.51991666666667,2.4070833333333335,0.725445751805278,2.3172045589000367,2.1222735285471543,2.7776301778245975,0.3181971162061416,4.696700000000001,0.089,15.109,25.297,2.0,6.6182,5.857,20.551000000000005,32.482,2.8009999999999997,1.771139999999999,5.501,6.393000000000001,6.944000000000003,0.762,12,12,1,9,9,0.0,0.0,0.0,0.0,0.0
S0660,6.031936666666667,2.3124166666666666,17.799333333333333,28.51991666666667,2.4070833333333335,0.7714467673007072,2.3172045589000367,2.1222735285471543,2.7776301778245975,0.3181971162061416,4.99142,0.089,15.109,25.297,2.0,7.05445,5.857,20.551000000000005,32.482,2.8009999999999997,2.23198,5.501,6.393000000000001,6.944000000000003,0.762,12,12,1,9,9,0.0,0.0,0.0,0.0,0.0
S0661,6.031936666666667,2.3124166666666666,17.799333333333333,28.51991666666667,2.4070833333333335,0.7714467673007072,2.3172045589000367,2.1222735285471543,2.7776301778245975,0.3181971162061416,4.99142,0.089,15.109,25.297,2.0,7.05445,5.857,20.551000000000005,32.482,2.8009999999999997,2.23198,5.501,6.393000000000001,6.944000000000003,0.762,12,12,1,9,9,0.0,0.0,0.0,0.0,0.0
S0662,6.031936666666667,2.3124166666666666,17.799333333333333,28.51991666666667,2.4070833333333335,0.7714467673007072,2.3172045589000367,2.1222735285471543,2.7776301778245975,0.3181971162061416,4.99142,0.089,15.109,25.297,2.0,7.05445,5.857,20.551000000000005,32.482,2.8009999999999997,2.23198,5.501,6.393000000000001,6.944000000000003,0.762,12,12,1,9,9,0.0,0.0,0.0,0.0,0.0
S0663,6.031936666666667,2.3124166666666666,17.799333333333333,28.51991666666667,2.4070833333333335,0.7714467673007072,2.3172045589000367,2.1222735285471543,2.7776301778245975,0.3181971162061416,4.99142,0.089,15.109,25.297,2.0,7.05445,5.857,20.551000000000005,32.482,2.8009999999999997,2.23198,5.501,6.393000000000001,6.944000000000003,0.762,12,12,1,9,9,0.0,0.0,0.0,0.0,0.0
S0664,6.031936666666667,2.3124166666666666,17.799333333333333,28.51991666666667,2.4070833333333335,0.7714467673007072,2.3172045589000367,2.1222735285471543,2.7776301778245975,0.3181971162061416,4.99142,0.089,15.109,25.297,2.0,7.05445,5.857,20.551000000000005,32.482,2.8009999999999997,2.23198,5.501,6.393000000000001,6.944000000000003,0.762,12,12,1,9,9,0.0,0.0,0.0,0.0,0.0
S0665,6.031936666666667,2.3124166666666666,17.799333333333333,28.51991666666667,2.4070833333333335,0.7714467673007072,2.3172045589000367,2.1222735285471543,2.7776301778245975,0.3181971162061416,4.99142,0.089,15.109,25.297,2.0,7.05445,5.857,20.551000000000005,32.482,2.8009999999999997,2.23198,5.501,6.393000000000001,6.944000000000003,0.762,12,12,1,9,9,0.0,0.0,0.0,0.0,0.0
S0666,6.031936666666667,2.288833333333334,22.313499999999998,32.964083333333335,2.320666666666667,0.7714467673007072,2.459880841321669,2.174945049049873,2.8836177370624907,0.37936863368508694,4.99142,0.04,19.831000000000003,29.749,1.838,7.05445,5.9920000000000035,25.415,37.012,2.7809999999999997,2.23198,6.0089999999999995,6.140000000000001,7.7379999999999995,1.0169999999999997,12,12,1,9,9,0.0,0.0,0.0,0.0,0.0
S0667,6.031936666666667,2.288833333333334,22.313499999999998,32.964083333333335,2.320666666666667,0.7714467673007072,2.459880841321669,2.174945049049873,2.8836177370624907,0.37936863368508694,4.99142,0.04,19.831000000000003,29.749,1.838,7.05445,5.9920000000000035,25.415,37.012,2.7809999999999997,2.23198,6.0089999999999995,6.140000000000001,7.7379999999999995,1.0169999999999997,12,12,1,9,9,0.0,0.0,0.0,0.0,0.0
S0668,6.031936666666667,2.288833333333334,22.313499999999998,32.964083333333335,2.320666666666667,0.7714467673007072,2.459880841321669,2.174945049049873,2.8836177370624907,0.37936863368508694,4.99142,0.04,19.831000000000003,29.749,1.838,7.05445,5.9920000000000035,25.415,37.012,2.7809999999999997,2.23198,6.0089999999999995,6.140000000000001,7.7379999999999995,1.0169999999999997,12,12,1,9,9,0.0,0.0,0.0,0.0,0.0
S0669,6.031936666666667,2.288833333333334,22.313499999999998,32.964083333333335,2.320666666666667,0.7714467673007072,2.459880841321669,2.174945049049873,2.8836177370624907,0.37936863368508694,4.99142,0.04,19.831000000000003,29.749,1.838,7.05445,5.9920000000000035,25.415,37.012,2.7809999999999997,2.23198,6.0089999999999995,6.140000000000001,7.7379999999999995,1.0169999999999997,12,12,1,9,9,0.0,0.0,0.0,0.0,0.0
S0670,5.588563333333334,2.3124166666666666,17.799333333333333,28.51991666666667,2.4070833333333335,0.725445751805278,2.3172045589000367,2.1222735285471543,2.7776301778245975,0.3181971162061416,4.696700000000001,0.089,15.109,25.297,2.0,6.6182,5.857,20.551000000000005,32.482,2.8009999999999997,1.771139999999999,5.501,6.393000000000001,6.944000000000003,0.762,12,12,1,9,9,0.0,0.0,0.0,0.0,0.0
S0671,5.588563333333334,2.3124166666666666,17.799333333333333,28.51991666666667,2.4070833333333335,0.725445751805278,2.3172045589000367,2.1222735285471543,2.7776301778245975,0.3181971162061416,4.696700000000001,0.089,15.109,25.297,2.0,6.6182,5.857,20.551000000000005,32.482,2.8009999999999997,1.771139999999999,5.501,6.393000000000001,6.944000000000003,0.762,12,12,1,9,9,0.0,0.0,0.0,0.0,0.0
S0672,6.031936666666667,2.3124166666666666,17.799333333333333,28.51991666666667,2.4070833333333335,0.7714467673007072,2.3172045589000367,2.1222735285471543,2.7776301778245975,0.3181971162061416,4.99142,0.089,15.109,25.297,2.0,7.05445,5.857,20.551000000000005,32.482,2.8009999999999997,2.23198,5.501,6.393000000000001,6.944000000000003,0.762,12,12,1,9,9,0.0,0.0,0.0,0.0,0.0
S0673,5.588563333333334,2.2965,14.3085,25.30933333333333,2.2546666666666666,0.725445751805278,2.0615302507578965,2.305495316729614,2.816233772445822,0.2956915646422133,4.696700000000001,0.21,11.145,22.222,1.909,6.6182,5.541,17.095,29.501,2.671,1.771139999999999,4.819,6.891999999999998,6.940000000000001,0.47699999999999987,12,2,1,12,7,0.0,0.0,0.0,0.0,0.0
S0674,5.588563333333334,2.2965,14.3085,25.30933333333333,2.2546666666666666,0.725445751805278,2.0615302507578965,2.305495316729614,2.816233772445822,0.2956915646422133,4.696700000000001,0.21,11.145,22.222,1.909,6.6182,5.541,17.095,29.501,2.671,1.771139999999999,4.819,6.891999999999998,6.940000000000001,0.47699999999999987,12,2,1,12,7,0.0,0.0,0.0,0.0,0.0
S0675,5.588563333333334,2.2965,14.3085,25.30933333333333,2.2546666666666666,0.725445751805278,2.0615302507578965,2.305495316729614,2.816233772445822,0.2956915646422133,4.696700000000001,0.21,11.145,22.222,1.909,6.6182,5.541,17.095,29.501,2.671,1.771139999999999,4.819,6.891999999999998,6.940000000000001,0.47699999999999987,12,2,1,12,7,0.0,0.0,0.0,0.0,0.0
S0676,5.588563333333334,2.2965,14.3085,25.30933333333333,2.2546666666666666,0.725445751805278,2.0615302507578965,2.305495316729614,2.816233772445822,0.2956915646422133,4.696700000000001,0.21,11.145,22.222,1.909,6.6182,5.541,17.095,29.501,2.671,1.771139999999999,4.819,6.891999999999998,6.940000000000001,0.47699999999999987,12,2,1,12,7,0.0,0.0,0.0,0.0,0.0
S0677,5.588563333333334,2.2965,14.3085,25.30933333333333,2.2546666666666666,0.725445751805278,2.0615302507578965,2.305495316729614,2.816233772445822,0.2956915646422133,4.696700000000001,0.21,11.145,22.222,1.909,6.6182,5.541,17.095,29.501,2.671,1.771139999999999,4.819,6.891999999999998,6.940000000000001,0.47699999999999987,12,2,1,12,7,0.0,0.0,0.0,0.0,0.0
S0678,5.588563333333334,2.2965,14.3085,25.30933333333333,2.2546666666666666,0.725445751805278,2.0615302507578965,2.305495316729614,2.816233772445822,0.2956915646422133,4.696700000000001,0.21,11.145,22.222,1.909,6.6182,5.541,17.095,29.501,2.671,1.771139999999999,4.819,6.891999999999998,6.940000000000001,0.47699999999999987,12,2,1,12,7,0.0,0.0,0.0,0.0,0.0
S0679,5.588563333333334,2.2965,14.3085,25.30933333333333,2.2546666666666666,0.725445751805278,2.0615302507578965,2.305495316729614,2.816233772445822,0.2956915646422133,4.696700000000001,0.21,11.145,22.222,1.909,6.6182,5.541,17.095,29.501,2.671,1.771139999999999,4.819,6.891999999999998,6.940000000000001,0.47699999999999987,12,2,1,12,7,0.0,0.0,0.0,0.0,0.0
S0680,5.588563333333334,2.4379166666666663,15.211666666666668,26.801166666666667,2.8332499999999996,0.725445751805278,2.0178871951853496,2.5848697879638523,2.999233006528666,0.30827839240999483,4.696700000000001,0.39,11.658,23.614,2.4490000000000003,6.6182,5.372,18.234,31.237000000000002,3.151,1.771139999999999,4.7509999999999994,7.4990000000000006,7.171999999999997,0.782,12,2,1,12,12,0.0,0.0,0.0,0.0,0.0
S0681,5.588563333333334,2.4379166666666663,15.211666666666668,26.801166666666667,2.8332499999999996,0.725445751805278,2.0178871951853496,2.5848697879638523,2.999233006528666,0.30827839240999483,4.696700000000001,0.39,11.658,23.614,2.4490000000000003,6.6182,5.372,18.234,31.237000000000002,3.151,1.771139999999999,4.7509999999999994,7.4990000000000006,7.171999999999997,0.782,12,2,1,12,12,0.0,0.0,0.0,0.0,0.0
S0682,5.588563333333334,2.4379166666666663,15.211666666666668,26.801166666666667,2.8332499999999996,0.725445751805278,2.0178871951853496,2.5848697879638523,2.999233006528666,0.30827839240999483,4.696700000000001,0.39,11.658,23.614,2.4490000000000003,6.6182,5.372,18.234,31.237000000000002,3.151,1.771139999999999,4.7509999999999994,7.4990000000000006,7.171999999999997,0.782,12,2,1,12,12,0.0,0.0,0.0,0.0,0.0
S0683,5.588563333333334,2.4379166666666663,15.211666666666668,26.801166666666667,2.8332499999999996,0.725445751805278,2.0178871951853496,2.5848697879638523,2.999233006528666,0.30827839240999483,4.696700000000001,0.39,11.658,23.614,2.4490000000000003,6.6182,5.372,18.234,31.237000000000002,3.151,1.771139999999999,4.7509999999999994,7.4990000000000006,7.171999999999997,0.782,12,2,1,12,12,0.0,0.0,0.0,0.0,0.0
S0684,5.1255625,2.4379166666666663,15.211666666666668,26.801166666666667,2.8332499999999996,0.877350327876858,2.0178871951853496,2.5848697879638523,2.999233006528666,0.30827839240999483,3.9681,0.39,11.658,23.614,2.4490000000000003,6.22875,5.372,18.234,31.237000000000002,3.151,2.2522700000000007,4.7509999999999994,7.4990000000000006,7.171999999999997,0.782,12,2,1,12,12,0.0,0.0,0.0,0.0,0.0
S0685,5.539947499999999,2.2965,14.3085,25.30933333333333,2.2546666666666666,0.7447629756571307,2.0615302507578965,2.305495316729614,2.816233772445822,0.2956915646422133,4.6852599999999995,0.21,11.145,22.222,1.909,6.63251,5.541,17.095,29.501,2.671,1.8665400000000005,4.819,6.891999999999998,6.940000000000001,0.47699999999999987,12,2,1,12,7,0.0,0.0,0.0,0.0,0.0
S0686,5.539947499999999,2.2965,14.3085,25.30933333333333,2.2546666666666666,0.7447629756571307,2.0615302507578965,2.305495316729614,2.816233772445822,0.2956915646422133,4.6852599999999995,0.21,11.145,22.222,1.909,6.63251,5.541,17.095,29.501,2.671,1.8665400000000005,4.819,6.891999999999998,6.940000000000001,0.47699999999999987,12,2,1,12,7,0.0,0.0,0.0,0.0,0.0
S0687,5.588563333333334,2.2965,14.3085,25.30933333333333,2.2546666666666666,0.725445751805278,2.0615302507578965,2.305495316729614,2.816233772445822,0.2956915646422133,4.696700000000001,0.21,11.145,22.222,1.909,6.6182,5.541,17.095,29.501,2.671,1.771139999999999,4.819,6.891999999999998,6.940000000000001,0.47699999999999987,12,2,1,12,7,0.0,0.0,0.0,0.0,0.0
S0688,5.588563333333334,2.2965,14.3085,25.30933333333333,2.2546666666666666,0.725445751805278,2.0615302507578965,2.305495316729614,2.816233772445822,0.2956915646422133,4.696700000000001,0.21,11.145,22.222,1.909,6.6182,5.541,17.095,29.501,2.671,1.771139999999999,4.819,6.891999999999998,6.940000000000001,0.47699999999999987,12,2,1,12,7,0.0,0.0,0.0,0.0,0.0
S0689,5.588563333333334,2.2965,14.3085,25.30933333333333,2.2546666666666666,0.725445751805278,2.0615302507578965,2.305495316729614,2.816233772445822,0.2956915646422133,4.696700000000001,0.21,11.145,22.222,1.909,6.6182,5.541,17.095,29.501,2.671,1.771139999999999,4.819,6.891999999999998,6.940000000000001,0.47699999999999987,12,2,1,12,7,0.0,0.0,0.0,0.0,0.0
S0690,5.539947499999999,2.165166666666667,14.43975,25.465,1.884083333333333,0.7447629756571307,2.1474013935680585,2.265251748303768,2.8625266502740914,0.2897825781116436,4.6852599999999995,0.119,11.318,22.136,1.53,6.63251,5.259000000000002,17.036000000000005,29.601000000000003,2.26,1.8665400000000005,5.106999999999999,6.838999999999997,7.350000000000001,0.583,12,12,1,12,7,0.0,0.0,0.0,0.0,0.0
S0691,5.539947499999999,2.165166666666667,14.43975,25.465,1.884083333333333,0.7447629756571307,2.1474013935680585,2.265251748303768,2.8625266502740914,0.2897825781116436,4.6852599999999995,0.119,11.318,22.136,1.53,6.63251,5.259000000000002,17.036000000000005,29.601000000000003,2.26,1.8665400000000005,5.106999999999999,6.838999999999997,7.350000000000001,0.583,12,12,1,12,7,0.0,0.0,0.0,0.0,0.0
S0692,5.539947499999999,2.165166666666667,14.43975,25.465,1.884083333333333,0.7447629756571307,2.1474013935680585,2.265251748303768,2.8625266502740914,0.2897825781116436,4.6852599999999995,0.119,11.318,22.136,1.53,6.63251,5.259000000000002,17.036000000000005,29.601000000000003,2.26,1.8665400000000005,5.106999999999999,6.838999999999997,7.350000000000001,0.583,12,12,1,12,7,0.0,0.0,0.0,0.0,0.0
S0693,5.539947499999999,2.165166666666667,14.43975,25.465,1.884083333333333,0.7447629756571307,2.1474013935680585,2.265251748303768,2.8625266502740914,0.2897825781116436,4.6852599999999995,0.119,11.318,22.136,1.53,6.63251,5.259000000000002,17.036000000000005,29.601000000000003,2.26,1.8665400000000005,5.106999999999999,6.838999999999997,7.350000000000001,0.583,12,12,1,12,7,0.0,0.0,0.0,0.0,0.0
S0694,5.539947499999999,2.165166666666667,14.43975,25.465,1.884083333333333,0.7447629756571307,2.1474013935680585,2.265251748303768,2.8625266502740914,0.2897825781116436,4.6852599999999995,0.119,11.318,22.136,1.53,6.63251,5.259000000000002,17.036000000000005,29.601000000000003,2.26,1.8665400000000005,5.106999999999999,6.838999999999997,7.350000000000001,0.583,12,12,1,12,7,0.0,0.0,0.0,0.0,0.0
S0695,5.539947499999999,2.165166666666667,14.43975,25.465,1.884083333333333,0.7447629756571307,2.1474013935680585,2.265251748303768,2.8625266502740914,0.2897825781116436,4.6852599999999995,0.119,11.318,22.136,1.53,6.63251,5.259000000000002,17.036000000000005,29.601000000000003,2.26,1.8665400000000005,5.106999999999999,6.838999999999997,7.350000000000001,0.583,12,12,1,12,7,0.0,0.0,0.0,0.0,0.0
S0696,5.539947499999999,2.165166666666667,14.43975,25.465,1.884083333333333,0.7447629756571307,2.1474013935680585,2.265251748303768,2.8625266502740914,0.2897825781116436,4.6852599999999995,0.119,11.318,22.136,1.53,6.63251,5.259000000000002,17.036000000000005,29.601000000000003,2.26,1.8665400000000005,5.106999999999999,6.838999999999997,7.350000000000001,0.583,12,12,1,12,7,0.0,0.0,0.0,0.0,0.0
S0697,5.588563333333334,2.2965,14.3085,25.30933333333333,2.2546666666666666,0.725445751805278,2.0615302507578965,2.305495316729614,2.816233772445822,0.2956915646422133,4.696700000000001,0.21,11.145,22.222,1.909,6.6182,5.541,17.095,29.501,2.671,1.771139999999999,4.819,6.891999999999998,6.940000000000001,0.47699999999999987,12,2,1,12,7,0.0,0.0,0.0,0.0,0.0
S0698,5.588563333333334,2.2965,14.3085,25.30933333333333,2.2546666666666666,0.725445751805278,2.0615302507578965,2.305495316729614,2.816233772445822,0.2956915646422133,4.696700000000001,0.21,11.145,22.222,1.909,6.6182,5.541,17.095,29.501,2.671,1.771139999999999,4.819,6.891999999999998,6.940000000000001,0.47699999999999987,12,2,1,12,7,0.0,0.0,0.0,0.0,0.0
S0699,5.588563333333334,2.2965,14.3085,25.30933333333333,2.2546666666666666,0.725445751805278,2.0615302507578965,2.305495316729614,2.816233772445822,0.2956915646422133,4.696700000000001,0.21,11.145,22.222,1.909,6.6182,5.541,17.095,29.501,2.671,1.771139999999999,4.819,6.891999999999998,6.940000000000001,0.47699999999999987,12,2,1,12,7,0.0,0.0,0.0,0.0,0.0
S0700,5.588563333333334,2.2965,14.3085,25.30933333333333,2.2546666666666666,0.725445751805278,2.0615302507578965,2.305495316729614,2.816233772445822,0.2956915646422133,4.696700000000001,0.21,11.145,22.222,1.909,6.6182,5.541,17.095,29.501,2.671,1.771139999999999,4.819,6.891999999999998,6.940000000000001,0.47699999999999987,12,2,1,12,7,0.0,0.0,0.0,0.0,0.0
S0701,5.588563333333334,2.2965,14.3085,25.30933333333333,2.2546666666666666,0.725445751805278,2.0615302507578965,2.305495316729614,2.816233772445822,0.2956915646422133,4.696700000000001,0.21,11.145,22.222,1.909,6.6182,5.541,17.095,29.501,2.671,1.771139999999999,4.819,6.891999999999998,6.940000000000001,0.47699999999999987,12,2,1,12,7,0.0,0.0,0.0,0.0,0.0
S0702,5.588563333333334,2.2965,14.3085,25.30933333333333,2.2546666666666666,0.725445751805278,2.0615302507578965,2.305495316729614,2.816233772445822,0.2956915646422133,4.696700000000001,0.21,11.145,22.222,1.909,6.6182,5.541,17.095,29.501,2.671,1.771139999999999,4.819,6.891999999999998,6.940000000000001,0.47699999999999987,12,2,1,12,7,0.0,0.0,0.0,0.0,0.0
S0703,5.588563333333334,2.2965,14.3085,25.30933333333333,2.2546666666666666,0.725445751805278,2.0615302507578965,2.305495316729614,2.816233772445822,0.2956915646422133,4.696700000000001,0.21,11.145,22.222,1.909,6.6182,5.541,17.095,29.501,2.671,1.771139999999999,4.819,6.891999999999998,6.940000000000001,0.47699999999999987,12,2,1,12,7,0.0,0.0,0.0,0.0,0.0
S0704,5.588563333333334,2.2965,14.3085,25.30933333333333,2.2546666666666666,0.725445751805278,2.0615302507578965,2.305495316729614,2.816233772445822,0.2956915646422133,4.696700000000001,0.21,11.145,22.222,1.909,6.6182,5.541,17.095,29.501,2.671,1.771139999999999,4.819,6.891999999999998,6.940000000000001,0.47699999999999987,12,2,1,12,7,0.0,0.0,0.0,0.0,0.0
S0705,5.588563333333334,2.2965,14.3085,25.30933333333333,2.2546666666666666,0.725445751805278,2.0615302507578965,2.305495316729614,2.816233772445822,0.2956915646422133,4.696700000000001,0.21,11.145,22.222,1.909,6.6182,5.541,17.095,29.501,2.671,1.771139999999999,4.819,6.891999999999998,6.940000000000001,0.47699999999999987,12,2,1,12,7,0.0,0.0,0.0,0.0,0.0
S0706,5.588563333333334,2.2965,14.3085,25.30933333333333,2.2546666666666666,0.725445751805278,2.0615302507578965,2.305495316729614,2.816233772445822,0.2956915646422133,4.696700000000001,0.21,11.145,22.222,1.909,6.6182,5.541,17.095,29.501,2.671,1.771139999999999,4.819,6.891999999999998,6.940000000000001,0.47699999999999987,12,2,1,12,7,0.0,0.0,0.0,0.0,0.0
S0707,5.588563333333334,3.042083333333333,14.098500000000001,25.002083333333335,2.3571666666666666,0.725445751805278,2.4130036012305953,2.4208869303236296,3.1147806742143795,0.3061421192826619,4.696700000000001,0.51,10.665,21.599,1.998,6.6182,6.509,17.016000000000002,29.907999999999998,2.7450000000000006,1.771139999999999,5.939,7.163999999999998,7.836999999999996,0.6480000000000001,12,2,1,12,7,0.0,0.0,0.0,0.0,0.0
S0708,5.588563333333334,3.042083333333333,14.098500000000001,25.002083333333335,2.3571666666666666,0.725445751805278,2.4130036012305953,2.4208869303236296,3.1147806742143795,0.3061421192826619,4.696700000000001,0.51,10.665,21.599,1.998,6.6182,6.509,17.016000000000002,29.907999999999998,2.7450000000000006,1.771139999999999,5.939,7.163999999999998,7.836999999999996,0.6480000000000001,12,2,1,12,7,0.0,0.0,0.0,0.0,0.0
S0709,5.588563333333334,3.042083333333333,14.098500000000001,25.002083333333335,2.3571666666666666,0.725445751805278,2.4130036012305953,2.4208869303236296,3.1147806742143795,0.3061421192826619,4.696700000000001,0.51,10.665,21.599,1.998,6.6182,6.509,17.016000000000002,29.907999999999998,2.7450000000000006,1.771139999999999,5.939,7.163999999999998,7.836999999999996,0.6480000000000001,12,2,1,12,7,0.0,0.0,0.0,0.0,0.0
S0710,5.588563333333334,3.042083333333333,14.098500000000001,25.002083333333335,2.3571666666666666,0.725445751805278,2.4130036012305953,2.4208869303236296,3.1147806742143795,0.3061421192826619,4.696700000000001,0.51,10.665,21.599,1.998,6.6182,6.509,17.016000000000002,29.907999999999998,2.7450000000000006,1.771139999999999,5.939,7.163999999999998,7.836999999999996,0.6480000000000001,12,2,1,12,7,0.0,0.0,0.0,0.0,0.0
S0711,5.588563333333334,3.042083333333333,14.098500000000001,25.002083333333335,2.3571666666666666,0.725445751805278,2.4130036012305953,2.4208869303236296,3.1147806742143795,0.3061421192826619,4.696700000000001,0.51,10.665,21.599,1.998,6.6182,6.509,17.016000000000002,29.907999999999998,2.7450000000000006,1.771139999999999,5.939,7.163999999999998,7.836999999999996,0.6480000000000001,12,2,1,12,7,0.0,0.0,0.0,0.0,0.0
S0712,5.588563333333334,3.042083333333333,14.098500000000001,25.002083333333335,2.3571666666666666,0.725445751805278,2.4130036012305953,2.4208869303236296,3.1147806742143795,0.3061421192826619,4.696700000000001,0.51,10.665,21.599,1.998,6.6182,6.509,17.016000000000002,29.907999999999998,2.7450000000000006,1.771139999999999,5.939,7.163999999999998,7.836999999999996,0.6480000000000001,12,2,1,12,7,0.0,0.0,0.0,0.0,0.0
S0713,5.588563333333334,3.042083333333333,14.098500000000001,25.002083333333335,2.3571666666666666,0.725445751805278,2.4130036012305953,2.4208869303236296,3.1147806742143795,0.3061421192826619,4.696700000000001,0.51,10.665,21.599,1.998,6.6182,6.509,17.016000000000002,29.907999999999998,2.7450000000000006,1.771139999999999,5.939,7.163999999999998,7.836999999999996,0.6480000000000001,12,2,1,12,7,0.0,0.0,0.0,0.0,0.0
S0714,5.588563333333334,3.042083333333333,14.098500000000001,25.002083333333335,2.3571666666666666,0.725445751805278,2.4130036012305953,2.4208869303236296,3.1147806742143795,0.3061421192826619,4.696700000000001,0.51,10.665,21.599,1.998,6.6182,6.509,17.016000000000002,29.907999999999998,2.7450000000000006,1.771139999999999,5.939,7.163999999999998,7.836999999999996,0.6480000000000001,12,2,1,12,7,0.0,0.0,0.0,0.0,0.0
S0715,5.588563333333334,3.042083333333333,14.098500000000001,25.002083333333335,2.3571666666666666,0.725445751805278,2.4130036012305953,2.4208869303236296,3.1147806742143795,0.3061421192826619,4.696700000000001,0.51,10.665,21.599,1.998,6.6182,6.509,17.016000000000002,29.907999999999998,2.7450000000000006,1.771139999999999,5.939,7.163999999999998,7.836999999999996,0.6480000000000001,12,2,1,12,7,0.0,0.0,0.0,0.0,0.0
S0716,5.168168333333333,3.042083333333333,14.098500000000001,25.002083333333335,2.3571666666666666,0.6970436564439816,2.4130036012305953,2.4208869303236296,3.1147806742143795,0.3061421192826619,4.225280000000001,0.51,10.665,21.599,1.998,6.06832,6.509,17.016000000000002,29.907999999999998,2.7450000000000006,1.61477,5.939,7.163999999999998,7.836999999999996,0.6480000000000001,12,2,1,12,7,0.0,0.0,0.0,0.0,0.0
S0717,5.168168333333333,3.042083333333333,14.098500000000001,25.002083333333335,2.3571666666666666,0.6970436564439816,2.4130036012305953,2.4208869303236296,3.1147806742143795,0.3061421192826619,4.225280000000001,0.51,10.665,21.599,1.998,6.06832,6.509,17.016000000000002,29.907999999999998,2.7450000000000006,1.61477,5.939,7.163999999999998,7.836999999999996,0.6480000000000001,12,2,1,12,7,0.0,0.0,0.0,0.0,0.0
S0718,5.168168333333333,2.8827499999999997,14.750333333333334,25.850916666666663,2.7228333333333334,0.6970436564439816,2.3849059536097066,2.4284112914743714,2.7868098673384014,0.28888712381849635,4.225280000000001,0.429,11.315,23.016,2.399,6.06832,6.459000000000002,17.668,30.201,3.131,1.61477,5.849,7.162000000000001,6.911000000000001,0.6139999999999999,12,2,1,12,12,0.0,0.0,0.0,0.0,0.0
S0719,5.168168333333333,2.8827499999999997,14.750333333333334,25.850916666666663,2.7228333333333334,0.6970436564439816,2.3849059536097066,2.4284112914743714,2.7868098673384014,0.28888712381849635,4.225280000000001,0.429,11.315,23.016,2.399,6.06832,6.459000000000002,17.668,30.201,3.131,1.61477,5.849,7.162000000000001,6.911000000000001,0.6139999999999999,12,2,1,12,12,0.0,0.0,0.0,0.0,0.0
S0720,5.168168333333333,2.8827499999999997,14.750333333333334,25.850916666666663,2.7228333333333334,0.6970436564439816,2.3849059536097066,2.4284112914743714,2.7868098673384014,0.28888712381849635,4.225280000000001,0.429,11.315,23.016,2.399,6.06832,6.459000000000002,17.668,30.201,3.131,1.61477,5.849,7.162000000000001,6.911000000000001,0.6139999999999999,12,2,1,12,12,0.0,0.0,0.0,0.0,0.0
S0721,5.168168333333333,2.8827499999999997,14.750333333333334,25.850916666666663,2.7228333333333334,0.6970436564439816,2.3849059536097066,2.4284112914743714,2.7868098673384014,0.28888712381849635,4.225280000000001,0.429,11.315,23.016,2.399,6.06832,6.459000000000002,17.668,30.201,3.131,1.61477,5.849,7.162000000000001,6.911000000000001,0.6139999999999999,12,2,1,12,12,0.0,0.0,0.0,0.0,0.0
S0722,5.588563333333334,2.2965,14.3085,25.30933333333333,2.2546666666666666,0.725445751805278,2.0615302507578965,2.305495316729614,2.816233772445822,0.2956915646422133,4.696700000000001,0.21,11.145,22.222,1.909,6.6182,5.541,17.095,29.501,2.671,1.771139999999999,4.819,6.891999999999998,6.940000000000001,0.47699999999999987,12,2,1,12,7,0.0,0.0,0.0,0.0,0.0
S0723,5.588563333333334,2.2965,14.3085,25.30933333333333,2.2546666666666666,0.725445751805278,2.0615302507578965,2.305495316729614,2.816233772445822,0.2956915646422133,4.696700000000001,0.21,11.145,22.222,1.909,6.6182,5.541,17.095,29.501,2.671,1.771139999999999,4.819,6.891999999999998,6.940000000000001,0.47699999999999987,12,2,1,12,7,0.0,0.0,0.0,0.0,0.0
S0724,5.539947499999999,2.2965,14.3085,25.30933333333333,2.2546666666666666,0.7447629756571307,2.0615302507578965,2.305495316729614,2.816233772445822,0.2956915646422133,4.6852599999999995,0.21,11.145,22.222,1.909,6.63251,5.541,17.095,29.501,2.671,1.8665400000000005,4.819,6.891999999999998,6.940000000000001,0.47699999999999987,12,2,1,12,7,0.0,0.0,0.0,0.0,0.0
S0725,5.588563333333334,2.2965,14.3085,25.30933333333333,2.2546666666666666,0.725445751805278,2.0615302507578965,2.305495316729614,2.816233772445822,0.2956915646422133,4.696700000000001,0.21,11.145,22.222,1.909,6.6182,5.541,17.095,29.501,2.671,1.771139999999999,4.819,6.891999999999998,6.940000000000001,0.47699999999999987,12,2,1,12,7,0.0,0.0,0.0,0.0,0.0
S0726,5.588563333333334,2.2965,14.3085,25.30933333333333,2.2546666666666666,0.725445751805278,2.0615302507578965,2.305495316729614,2.816233772445822,0.2956915646422133,4.696700000000001,0.21,11.145,22.222,1.909,6.6182,5.541,17.095,29.501,2.671,1.771139999999999,4.819,6.891999999999998,6.940000000000001,0.47699999999999987,12,2,1,12,7,0.0,0.0,0.0,0.0,0.0
S0727,5.588563333333334,2.2965,14.3085,25.30933333333333,2.2546666666666666,0.725445751805278,2.0615302507578965,2.305495316729614,2.816233772445822,0.2956915646422133,4.696700000000001,0.21,11.145,22.222,1.909,6.6182,5.541,17.095,29.501,2.671,1.771139999999999,4.819,6.891999999999998,6.940000000000001,0.47699999999999987,12,2,1,12,7,0.0,0.0,0.0,0.0,0.0
S0728,5.588563333333334,2.2965,14.3085,25.30933333333333,2.2546666666666666,0.725445751805278,2.0615302507578965,2.305495316729614,2.816233772445822,0.2956915646422133,4.696700000000001,0.21,11.145,22.222,1.909,6.6182,5.541,17.095,29.501,2.671,1.771139999999999,4.819,6.891999999999998,6.940000000000001,0.47699999999999987,12,2,1,12,7,0.0,0.0,0.0,0.0,0.0
S0729,5.588563333333334,2.2965,14.3085,25.30933333333333,2.2546666666666666,0.725445751805278,2.0615302507578965,2.305495316729614,2.816233772445822,0.2956915646422133,4.696700000000001,0.21,11.145,22.222,1.909,6.6182,5.541,17.095,29.501,2.671,1.771139999999999,4.819,6.891999999999998,6.940000000000001,0.47699999999999987,12,2,1,12,7,0.0,0.0,0.0,0.0,0.0
S0730,5.588563333333334,2.2965,14.3085,25.30933333333333,2.2546666666666666,0.725445751805278,2.0615302507578965,2.305495316729614,2.816233772445822,0.2956915646422133,4.696700000000001,0.21,11.145,22.222,1.909,6.6182,5.541,17.095,29.501,2.671,1.771139999999999,4.819,6.891999999999998,6.940000000000001,0.47699999999999987,12,2,1,12,7,0.0,0.0,0.0,0.0,0.0
S0731,5.588563333333334,2.2965,14.3085,25.30933333333333,2.2546666666666666,0.725445751805278,2.0615302507578965,2.305495316729614,2.816233772445822,0.2956915646422133,4.696700000000001,0.21,11.145,22.222,1.909,6.6182,5.541,17.095,29.501,2.671,1.771139999999999,4.819,6.891999999999998,6.940000000000001,0.47699999999999987,12,2,1,12,7,0.0,0.0,0.0,0.0,0.0
S0732,5.743599166666668,2.344333333333333,15.44941666666667,26.162750000000003,2.1184166666666666,0.8719444768284095,2.418187297113598,2.213259999396811,2.791806728791298,0.3731424488246358,4.80248,0.109,12.602,23.047,1.648,7.22527,5.775000000000001,18.284000000000002,30.262,2.6140000000000003,2.5217,5.757,6.878,7.464000000000002,1.0040000000000004,12,1,1,12,7,0.0,0.0,0.0,0.0,0.0
S0733,5.743599166666668,2.344333333333333,15.44941666666667,26.162750000000003,2.1184166666666666,0.8719444768284095,2.418187297113598,2.213259999396811,2.791806728791298,0.3731424488246358,4.80248,0.109,12.602,23.047,1.648,7.22527,5.775000000000001,18.284000000000002,30.262,2.6140000000000003,2.5217,5.757,6.878,7.464000000000002,1.0040000000000004,12,1,1,12,7,0.0,0.0,0.0,0.0,0.0
S0734,5.743599166666668,2.344333333333333,15.44941666666667,26.162750000000003,2.1184166666666666,0.8719444768284095,2.418187297113598,2.213259999396811,2.791806728791298,0.3731424488246358,4.80248,0.109,12.602,23.047,1.648,7.22527,5.775000000000001,18.284000000000002,30.262,2.6140000000000003,2.5217,5.757,6.878,7.464000000000002,1.0040000000000004,12,1,1,12,7,0.0,0.0,0.0,0.0,0.0
S0735,5.743599166666668,2.55275,18.733083333333337,28.90366666666667,2.0609166666666665,0.8719444768284095,2.7021404408699548,2.00074053342077,2.7913633105800937,0.2972704844015943,4.80248,0.079,16.227,26.034,1.739,7.22527,6.299,21.290000000000003,32.829,2.5220000000000002,2.5217,6.359999999999999,6.185999999999998,6.994999999999997,0.8589999999999995,12,12,1,12,7,0.0,0.0,0.0,0.0,0.0
S0736,5.743599166666668,2.55275,18.733083333333337,28.90366666666667,2.0609166666666665,0.8719444768284095,2.7021404408699548,2.00074053342077,2.7913633105800937,0.2972704844015943,4.80248,0.079,16.227,26.034,1.739,7.22527,6.299,21.290000000000003,32.829,2.5220000000000002,2.5217,6.359999999999999,6.185999999999998,6.994999999999997,0.8589999999999995,12,12,1,12,7,0.0,0.0,0.0,0.0,0.0
S0737,5.743599166666668,2.55275,18.733083333333337,28.90366666666667,2.0609166666666665,0.8719444768284095,2.7021404408699548,2.00074053342077,2.7913633105800937,0.2972704844015943,4.80248,0.079,16.227,26.034,1.739,7.22527,6.299,21.290000000000003,32.829,2.5220000000000002,2.5217,6.359999999999999,6.185999999999998,6.994999999999997,0.8589999999999995,12,12,1,12,7,0.0,0.0,0.0,0.0,0.0
S0738,6.031936666666667,2.288833333333334,22.313499999999998,32.964083333333335,2.320666666666667,0.7714467673007072,2.459880841321669,2.174945049049873,2.8836177370624907,0.37936863368508694,4.99142,0.04,19.831000000000003,29.749,1.838,7.05445,5.9920000000000035,25.415,37.012,2.7809999999999997,2.23198,6.0089999999999995,6.140000000000001,7.7379999999999995,1.0169999999999997,12,12,1,9,9,0.0,0.0,0.0,0.0,0.0
S0739,5.9687,2.288833333333334,22.313499999999998,32.964083333333335,2.320666666666667,0.7676433462610247,2.459880841321669,2.174945049049873,2.8836177370624907,0.37936863368508694,4.98873,0.04,19.831000000000003,29.749,1.838,7.01062,5.9920000000000035,25.415,37.012,2.7809999999999997,2.2429500000000004,6.0089999999999995,6.140000000000001,7.7379999999999995,1.0169999999999997,12,12,1,9,9,0.0,0.0,0.0,0.0,0.0
S0740,6.031936666666667,2.288833333333334,22.313499999999998,32.964083333333335,2.320666666666667,0.7714467673007072,2.459880841321669,2.174945049049873,2.8836177370624907,0.37936863368508694,4.99142,0.04,19.831000000000003,29.749,1.838,7.05445,5.9920000000000035,25.415,37.012,2.7809999999999997,2.23198,6.0089999999999995,6.140000000000001,7.7379999999999995,1.0169999999999997,12,12,1,9,9,0.0,0.0,0.0,0.0,0.0
S0741,5.9687,2.6145,22.450249999999997,32.3785,2.0364166666666668,0.7676433462610247,2.8859435781273435,2.220664773849292,3.3329497496382157,0.31039902709642786,4.98873,0.04,19.878,28.455000000000002,1.65,7.01062,6.903000000000002,25.969,37.283,2.442,2.2429500000000004,6.947,6.235999999999997,8.855999999999998,0.7699999999999998,12,12,12,9,9,0.0,0.0,0.0,0.0,0.0
S0742,5.9687,2.6145,22.450249999999997,32.3785,2.0364166666666668,0.7676433462610247,2.8859435781273435,2.220664773849292,3.3329497496382157,0.31039902709642786,4.98873,0.04,19.878,28.455000000000002,1.65,7.01062,6.903000000000002,25.969,37.283,2.442,2.2429500000000004,6.947,6.235999999999997,8.855999999999998,0.7699999999999998,12,12,12,9,9,0.0,0.0,0.0,0.0,0.0
S0743,5.9687,2.504916666666667,18.08575,28.60758333333333,1.9055833333333334,0.7676433462610247,2.6355006846031017,2.096486321195057,2.9627258615694303,0.2973547123049709,4.98873,0.079,15.603,25.427,1.54,7.01062,6.454000000000001,20.811000000000003,32.772000000000006,2.322,2.2429500000000004,6.281999999999999,6.352000000000002,7.376000000000001,0.752,12,12,1,9,8,0.0,0.0,0.0,0.0,0.0
S0744,5.9687,2.504916666666667,18.08575,28.60758333333333,1.9055833333333334,0.7676433462610247,2.6355006846031017,2.096486321195057,2.9627258615694303,0.2973547123049709,4.98873,0.079,15.603,25.427,1.54,7.01062,6.454000000000001,20.811000000000003,32.772000000000006,2.322,2.2429500000000004,6.281999999999999,6.352000000000002,7.376000000000001,0.752,12,12,1,9,8,0.0,0.0,0.0,0.0,0.0
S0745,5.9687,2.504916666666667,18.08575,28.60758333333333,1.9055833333333334,0.7676433462610247,2.6355006846031017,2.096486321195057,2.9627258615694303,0.2973547123049709,4.98873,0.079,15.603,25.427,1.54,7.01062,6.454000000000001,20.811000000000003,32.772000000000006,2.322,2.2429500000000004,6.281999999999999,6.352000000000002,7.376000000000001,0.752,12,12,1,9,8,0.0,0.0,0.0,0.0,0.0
S0746,5.9687,2.504916666666667,18.08575,28.60758333333333,1.9055833333333334,0.7676433462610247,2.6355006846031017,2.096486321195057,2.9627258615694303,0.2973547123049709,4.98873,0.079,15.603,25.427,1.54,7.01062,6.454000000000001,20.811000000000003,32.772000000000006,2.322,2.2429500000000004,6.281999999999999,6.352000000000002,7.376000000000001,0.752,12,12,1,9,8,0.0,0.0,0.0,0.0,0.0
S0747,5.9687,2.504916666666667,18.08575,28.60758333333333,1.9055833333333334,0.7676433462610247,2.6355006846031017,2.096486321195057,2.9627258615694303,0.2973547123049709,4.98873,0.079,15.603,25.427,1.54,7.01062,6.454000000000001,20.811000000000003,32.772000000000006,2.322,2.2429500000000004,6.281999999999999,6.352000000000002,7.376000000000001,0.752,12,12,1,9,8,0.0,0.0,0.0,0.0,0.0
S0748,5.9687,2.504916666666667,18.08575,28.60758333333333,1.9055833333333334,0.7676433462610247,2.6355006846031017,2.096486321195057,2.9627258615694303,0.2973547123049709,4.98873,0.079,15.603,25.427,1.54,7.01062,6.454000000000001,20.811000000000003,32.772000000000006,2.322,2.2429500000000004,6.281999999999999,6.352000000000002,7.376000000000001,0.752,12,12,1,9,8,0.0,0.0,0.0,0.0,0.0
S0749,5.9687,2.504916666666667,18.08575,28.60758333333333,1.9055833333333334,0.7676433462610247,2.6355006846031017,2.096486321195057,2.9627258615694303,0.2973547123049709,4.98873,0.079,15.603,25.427,1.54,7.01062,6.454000000000001,20.811000000000003,32.772000000000006,2.322,2.2429500000000004,6.281999999999999,6.352000000000002,7.376000000000001,0.752,12,12,1,9,8,0.0,0.0,0.0,0.0,0.0
S0750,5.9687,2.504916666666667,18.08575,28.60758333333333,1.9055833333333334,0.7676433462610247,2.6355006846031017,2.096486321195057,2.9627258615694303,0.2973547123049709,4.98873,0.079,15.603,25.427,1.54,7.01062,6.454000000000001,20.811000000000003,32.772000000000006,2.322,2.2429500000000004,6.281999999999999,6.352000000000002,7.376000000000001,0.752,12,12,1,9,8,0.0,0.0,0.0,0.0,0.0
S0751,5.9687,2.504916666666667,18.08575,28.60758333333333,1.9055833333333334,0.7676433462610247,2.6355006846031017,2.096486321195057,2.9627258615694303,0.2973547123049709,4.98873,0.079,15.603,25.427,1.54,7.01062,6.454000000000001,20.811000000000003,32.772000000000006,2.322,2.2429500000000004,6.281999999999999,6.352000000000002,7.376000000000001,0.752,12,12,1,9,8,0.0,0.0,0.0,0.0,0.0
S0752,5.9687,2.3124166666666666,17.799333333333333,28.51991666666667,2.4070833333333335,0.7676433462610247,2.3172045589000367,2.1222735285471543,2.7776301778245975,0.3181971162061416,4.98873,0.089,15.109,25.297,2.0,7.01062,5.857,20.551000000000005,32.482,2.8009999999999997,2.2429500000000004,5.501,6.393000000000001,6.944000000000003,0.762,12,12,1,9,9,0.0,0.0,0.0,0.0,0.0
S0753,6.031936666666667,2.3124166666666666,17.799333333333333,28.51991666666667,2.4070833333333335,0.7714467673007072,2.3172045589000367,2.1222735285471543,2.7776301778245975,0.3181971162061416,4.99142,0.089,15.109,25.297,2.0,7.05445,5.857,20.551000000000005,32.482,2.8009999999999997,2.23198,5.501,6.393000000000001,6.944000000000003,0.762,12,12,1,9,9,0.0,0.0,0.0,0.0,0.0
S0754,6.031936666666667,2.3124166666666666,17.799333333333333,28.51991666666667,2.4070833333333335,0.7714467673007072,2.3172045589000367,2.1222735285471543,2.7776301778245975,0.3181971162061416,4.99142,0.089,15.109,25.297,2.0,7.05445,5.857,20.551000000000005,32.482,2.8009999999999997,2.23198,5.501,6.393000000000001,6.944000000000003,0.762,12,12,1,9,9,0.0,0.0,0.0,0.0,0.0
S0755,6.031936666666667,2.3124166666666666,17.799333333333333,28.51991666666667,2.4070833333333335,0.7714467673007072,2.3172045589000367,2.1222735285471543,2.7776301778245975,0.3181971162061416,4.99142,0.089,15.109,25.297,2.0,7.05445,5.857,20.551000000000005,32.482,2.8009999999999997,2.23198,5.501,6.393000000000001,6.944000000000003,0.762,12,12,1,9,9,0.0,0.0,0.0,0.0,0.0
S0756,5.539947499999999,2.504916666666667,18.08575,28.60758333333333,1.9055833333333334,0.7447629756571307,2.6355006846031017,2.096486321195057,2.9627258615694303,0.2973547123049709,4.6852599999999995,0.079,15.603,25.427,1.54,6.63251,6.454000000000001,20.811000000000003,32.772000000000006,2.322,1.8665400000000005,6.281999999999999,6.352000000000002,7.376000000000001,0.752,12,12,1,9,8,0.0,0.0,0.0,0.0,0.0
S0757,5.9687,2.504916666666667,18.08575,28.60758333333333,1.9055833333333334,0.7676433462610247,2.6355006846031017,2.096486321195057,2.9627258615694303,0.2973547123049709,4.98873,0.079,15.603,25.427,1.54,7.01062,6.454000000000001,20.811000000000003,32.772000000000006,2.322,2.2429500000000004,6.281999999999999,6.352000000000002,7.376000000000001,0.752,12,12,1,9,8,0.0,0.0,0.0,0.0,0.0
S0758,5.9687,2.504916666666667,18.08575,28.60758333333333,1.9055833333333334,0.7676433462610247,2.6355006846031017,2.096486321195057,2.9627258615694303,0.2973547123049709,4.98873,0.079,15.603,25.427,1.54,7.01062,6.454000000000001,20.811000000000003,32.772000000000006,2.322,2.2429500000000004,6.281999999999999,6.352000000000002,7.376000000000001,0.752,12,12,1,9,8,0.0,0.0,0.0,0.0,0.0
S0759,5.9687,2.504916666666667,18.08575,28.60758333333333,1.9055833333333334,0.7676433462610247,2.6355006846031017,2.096486321195057,2.9627258615694303,0.2973547123049709,4.98873,0.079,15.603,25.427,1.54,7.01062,6.454000000000001,20.811000000000003,32.772000000000006,2.322,2.2429500000000004,6.281999999999999,6.352000000000002,7.376000000000001,0.752,12,12,1,9,8,0.0,0.0,0.0,0.0,0.0
S0760,5.9687,2.3124166666666666,17.799333333333333,28.51991666666667,2.4070833333333335,0.7676433462610247,2.3172045589000367,2.1222735285471543,2.7776301778245975,0.3181971162061416,4.98873,0.089,15.109,25.297,2.0,7.01062,5.857,20.551000000000005,32.482,2.8009999999999997,2.2429500000000004,5.501,6.393000000000001,6.944000000000003,0.762,12,12,1,9,9,0.0,0.0,0.0,0.0,0.0
S0761,6.031936666666667,2.3124166666666666,17.799333333333333,28.51991666666667,2.4070833333333335,0.7714467673007072,2.3172045589000367,2.1222735285471543,2.7776301778245975,0.3181971162061416,4.99142,0.089,15.109,25.297,2.0,7.05445,5.857,20.551000000000005,32.482,2.8009999999999997,2.23198,5.501,6.393000000000001,6.944000000000003,0.762,12,12,1,9,9,0.0,0.0,0.0,0.0,0.0
S0762,6.031936666666667,2.3124166666666666,17.799333333333333,28.51991666666667,2.4070833333333335,0.7714467673007072,2.3172045589000367,2.1222735285471543,2.7776301778245975,0.3181971162061416,4.99142,0.089,15.109,25.297,2.0,7.05445,5.857,20.551000000000005,32.482,2.8009999999999997,2.23198,5.501,6.393000000000001,6.944000000000003,0.762,12,12,1,9,9,0.0,0.0,0.0,0.0,0.0
S0763,5.9687,2.504916666666667,18.08575,28.60758333333333,1.9055833333333334,0.7676433462610247,2.6355006846031017,2.096486321195057,2.9627258615694303,0.2973547123049709,4.98873,0.079,15.603,25.427,1.54,7.01062,6.454000000000001,20.811000000000003,32.772000000000006,2.322,2.2429500000000004,6.281999999999999,6.352000000000002,7.376000000000001,0.752,12,12,1,9,8,0.0,0.0,0.0,0.0,0.0
S0764,5.9687,2.504916666666667,18.08575,28.60758333333333,1.9055833333333334,0.7676433462610247,2.6355006846031017,2.096486321195057,2.9627258615694303,0.2973547123049709,4.98873,0.079,15.603,25.427,1.54,7.01062,6.454000000000001,20.811000000000003,32.772000000000006,2.322,2.2429500000000004,6.281999999999999,6.352000000000002,7.376000000000001,0.752,12,12,1,9,8,0.0,0.0,0.0,0.0,0.0
S0765,5.9687,2.504916666666667,18.08575,28.60758333333333,1.9055833333333334,0.7676433462610247,2.6355006846031017,2.096486321195057,2.9627258615694303,0.2973547123049709,4.98873,0.079,15.603,25.427,1.54,7.01062,6.454000000000001,20.811000000000003,32.772000000000006,2.322,2.2429500000000004,6.281999999999999,6.352000000000002,7.376000000000001,0.752,12,12,1,9,8,0.0,0.0,0.0,0.0,0.0
S0766,5.9687,2.504916666666667,18.08575,28.60758333333333,1.9055833333333334,0.7676433462610247,2.6355006846031017,2.096486321195057,2.9627258615694303,0.2973547123049709,4.98873,0.079,15.603,25.427,1.54,7.01062,6.454000000000001,20.811000000000003,32.772000000000006,2.322,2.2429500000000004,6.281999999999999,6.352000000000002,7.376000000000001,0.752,12,12,1,9,8,0.0,0.0,0.0,0.0,0.0
S0767,5.9687,2.6145,22.450249999999997,32.3785,2.0364166666666668,0.7676433462610247,2.8859435781273435,2.220664773849292,3.3329497496382157,0.31039902709642786,4.98873,0.04,19.878,28.455000000000002,1.65,7.01062,6.903000000000002,25.969,37.283,2.442,2.2429500000000004,6.947,6.235999999999997,8.855999999999998,0.7699999999999998,12,12,12,9,9,0.0,0.0,0.0,0.0,0.0
S0768,5.9687,2.6145,22.450249999999997,32.3785,2.0364166666666668,0.7676433462610247,2.8859435781273435,2.220664773849292,3.3329497496382157,0.31039902709642786,4.98873,0.04,19.878,28.455000000000002,1.65,7.01062,6.903000000000002,25.969,37.283,2.442,2.2429500000000004,6.947,6.235999999999997,8.855999999999998,0.7699999999999998,12,12,12,9,9,0.0,0.0,0.0,0.0,0.0
S0769,5.9687,2.6145,22.450249999999997,32.3785,2.0364166666666668,0.7676433462610247,2.8859435781273435,2.220664773849292,3.3329497496382157,0.31039902709642786,4.98873,0.04,19.878,28.455000000000002,1.65,7.01062,6.903000000000002,25.969,37.283,2.442,2.2429500000000004,6.947,6.235999999999997,8.855999999999998,0.7699999999999998,12,12,12,9,9,0.0,0.0,0.0,0.0,0.0
S0770,6.031936666666667,2.3124166666666666,17.799333333333333,28.51991666666667,2.4070833333333335,0.7714467673007072,2.3172045589000367,2.1222735285471543,2.7776301778245975,0.3181971162061416,4.99142,0.089,15.109,25.297,2.0,7.05445,5.857,20.551000000000005,32.482,2.8009999999999997,2.23198,5.501,6.393000000000001,6.944000000000003,0.762,12,12,1,9,9,0.0,0.0,0.0,0.0,0.0
S0771,6.031936666666667,2.3124166666666666,17.799333333333333,28.51991666666667,2.4070833333333335,0.7714467673007072,2.3172045589000367,2.1222735285471543,2.7776301778245975,0.3181971162061416,4.99142,0.089,15.109,25.297,2.0,7.05445,5.857,20.551000000000005,32.482,2.8009999999999997,2.23198,5.501,6.393000000000001,6.944000000000003,0.762,12,12,1,9,9,0.0,0.0,0.0,0.0,0.0
S0772,6.031936666666667,2.3124166666666666,17.799333333333333,28.51991666666667,2.4070833333333335,0.7714467673007072,2.3172045589000367,2.1222735285471543,2.7776301778245975,0.3181971162061416,4.99142,0.089,15.109,25.297,2.0,7.05445,5.857,20.551000000000005,32.482,2.8009999999999997,2.23198,5.501,6.393000000000001,6.944000000000003,0.762,12,12,1,9,9,0.0,0.0,0.0,0.0,0.0
S0773,5.9687,2.504916666666667,18.08575,28.60758333333333,1.9055833333333334,0.7676433462610247,2.6355006846031017,2.096486321195057,2.9627258615694303,0.2973547123049709,4.98873,0.079,15.603,25.427,1.54,7.01062,6.454000000000001,20.811000000000003,32.772000000000006,2.322,2.2429500000000004,6.281999999999999,6.352000000000002,7.376000000000001,0.752,12,12,1,9,8,0.0,0.0,0.0,0.0,0.0
S0774,5.9687,2.504916666666667,18.08575,28.60758333333333,1.9055833333333334,0.7676433462610247,2.6355006846031017,2.096486321195057,2.9627258615694303,0.2973547123049709,4.98873,0.079,15.603,25.427,1.54,7.01062,6.454000000000001,20.811000000000003,32.772000000000006,2.322,2.2429500000000004,6.281999999999999,6.352000000000002,7.376000000000001,0.752,12,12,1,9,8,0.0,0.0,0.0,0.0,0.0
S0775,5.9687,2.3124166666666666,17.799333333333333,28.51991666666667,2.4070833333333335,0.7676433462610247,2.3172045589000367,2.1222735285471543,2.7776301778245975,0.3181971162061416,4.98873,0.089,15.109,25.297,2.0,7.01062,5.857,20.551000000000005,32.482,2.8009999999999997,2.2429500000000004,5.501,6.393000000000001,6.944000000000003,0.762,12,12,1,9,9,0.0,0.0,0.0,0.0,0.0
S0776,5.9687,2.3124166666666666,17.799333333333333,28.51991666666667,2.4070833333333335,0.7676433462610247,2.3172045589000367,2.1222735285471543,2.7776301778245975,0.3181971162061416,4.98873,0.089,15.109,25.297,2.0,7.01062,5.857,20.551000000000005,32.482,2.8009999999999997,2.2429500000000004,5.501,6.393000000000001,6.944000000000003,0.762,12,12,1,9,9,0.0,0.0,0.0,0.0,0.0
S0777,5.9687,2.6145,22.450249999999997,32.3785,2.0364166666666668,0.7676433462610247,2.8859435781273435,2.220664773849292,3.3329497496382157,0.31039902709642786,4.98873,0.04,19.878,28.455000000000002,1.65,7.01062,6.903000000000002,25.969,37.283,2.442,2.2429500000000004,6.947,6.235999999999997,8.855999999999998,0.7699999999999998,12,12,12,9,9,0.0,0.0,0.0,0.0,0.0
S0778,5.9687,2.6145,22.450249999999997,32.3785,2.0364166666666668,0.7676433462610247,2.8859435781273435,2.220664773849292,3.3329497496382157,0.31039902709642786,4.98873,0.04,19.878,28.455000000000002,1.65,7.01062,6.903000000000002,25.969,37.283,2.442,2.2429500000000004,6.947,6.235999999999997,8.855999999999998,0.7699999999999998,12,12,12,9,9,0.0,0.0,0.0,0.0,0.0
S0779,5.9687,2.6145,22.450249999999997,32.3785,2.0364166666666668,0.7676433462610247,2.8859435781273435,2.220664773849292,3.3329497496382157,0.31039902709642786,4.98873,0.04,19.878,28.455000000000002,1.65,7.01062,6.903000000000002,25.969,37.283,2.442,2.2429500000000004,6.947,6.235999999999997,8.855999999999998,0.7699999999999998,12,12,12,9,9,0.0,0.0,0.0,0.0,0.0
S0780,5.9687,2.6145,22.450249999999997,32.3785,2.0364166666666668,0.7676433462610247,2.8859435781273435,2.220664773849292,3.3329497496382157,0.31039902709642786,4.98873,0.04,19.878,28.455000000000002,1.65,7.01062,6.903000000000002,25.969,37.283,2.442,2.2429500000000004,6.947,6.235999999999997,8.855999999999998,0.7699999999999998,12,12,12,9,9,0.0,0.0,0.0,0.0,0.0
S0781,5.9687,2.288833333333334,22.313499999999998,32.964083333333335,2.320666666666667,0.7676433462610247,2.459880841321669,2.174945049049873,2.8836177370624907,0.37936863368508694,4.98873,0.04,19.831000000000003,29.749,1.838,7.01062,5.9920000000000035,25.415,37.012,2.7809999999999997,2.2429500000000004,6.0089999999999995,6.140000000000001,7.7379999999999995,1.0169999999999997,12,12,1,9,9,0.0,0.0,0.0,0.0,0.0
S0782,6.031936666666667,2.288833333333334,22.313499999999998,32.964083333333335,2.320666666666667,0.7714467673007072,2.459880841321669,2.174945049049873,2.8836177370624907,0.37936863368508694,4.99142,0.04,19.831000000000003,29.749,1.838,7.05445,5.9920000000000035,25.415,37.012,2.7809999999999997,2.23198,6.0089999999999995,6.140000000000001,7.7379999999999995,1.0169999999999997,12,12,1,9,9,0.0,0.0,0.0,0.0,0.0
S0783,6.031936666666667,2.3124166666666666,17.799333333333333,28.51991666666667,2.4070833333333335,0.7714467673007072,2.3172045589000367,2.1222735285471543,2.7776301778245975,0.3181971162061416,4.99142,0.089,15.109,25.297,2.0,7.05445,5.857,20.551000000000005,32.482,2.8009999999999997,2.23198,5.501,6.393000000000001,6.944000000000003,0.762,12,12,1,9,9,0.0,0.0,0.0,0.0,0.0
S0784,5.9687,2.6145,22.450249999999997,32.3785,2.0364166666666668,0.7676433462610247,2.8859435781273435,2.220664773849292,3.3329497496382157,0.31039902709642786,4.98873,0.04,19.878,28.455000000000002,1.65,7.01062,6.903000000000002,25.969,37.283,2.442,2.2429500000000004,6.947,6.235999999999997,8.855999999999998,0.7699999999999998,12,12,12,9,9,0.0,0.0,0.0,0.0,0.0
S0785,5.9687,2.6145,22.450249999999997,32.3785,2.0364166666666668,0.7676433462610247,2.8859435781273435,2.220664773849292,3.3329497496382157,0.31039902709642786,4.98873,0.04,19.878,28.455000000000002,1.65,7.01062,6.903000000000002,25.969,37.283,2.442,2.2429500000000004,6.947,6.235999999999997,8.855999999999998,0.7699999999999998,12,12,12,9,9,0.0,0.0,0.0,0.0,0.0
S0786,6.031936666666667,2.288833333333334,22.313499999999998,32.964083333333335,2.320666666666667,0.7714467673007072,2.459880841321669,2.174945049049873,2.8836177370624907,0.37936863368508694,4.99142,0.04,19.831000000000003,29.749,1.838,7.05445,5.9920000000000035,25.415,37.012,2.7809999999999997,2.23198,6.0089999999999995,6.140000000000001,7.7379999999999995,1.0169999999999997,12,12,1,9,9,0.0,0.0,0.0,0.0,0.0
S0787,5.9687,2.288833333333334,22.313499999999998,32.964083333333335,2.320666666666667,0.7676433462610247,2.459880841321669,2.174945049049873,2.8836177370624907,0.37936863368508694,4.98873,0.04,19.831000000000003,29.749,1.838,7.01062,5.9920000000000035,25.415,37.012,2.7809999999999997,2.2429500000000004,6.0089999999999995,6.140000000000001,7.7379999999999995,1.0169999999999997,12,12,1,9,9,0.0,0.0,0.0,0.0,0.0
S0788,5.9687,2.504916666666667,18.08575,28.60758333333333,1.9055833333333334,0.7676433462610247,2.6355006846031017,2.096486321195057,2.9627258615694303,0.2973547123049709,4.98873,0.079,15.603,25.427,1.54,7.01062,6.454000000000001,20.811000000000003,32.772000000000006,2.322,2.2429500000000004,6.281999999999999,6.352000000000002,7.376000000000001,0.752,12,12,1,9,8,0.0,0.0,0.0,0.0,0.0
S0789,5.9687,2.3124166666666666,17.799333333333333,28.51991666666667,2.4070833333333335,0.7676433462610247,2.3172045589000367,2.1222735285471543,2.7776301778245975,0.3181971162061416,4.98873,0.089,15.109,25.297,2.0,7.01062,5.857,20.551000000000005,32.482,2.8009999999999997,2.2429500000000004,5.501,6.393000000000001,6.944000000000003,0.762,12,12,1,9,9,0.0,0.0,0.0,0.0,0.0
S0790,5.9687,2.504916666666667,18.08575,28.60758333333333,1.9055833333333334,0.7676433462610247,2.6355006846031017,2.096486321195057,2.9627258615694303,0.2973547123049709,4.98873,0.079,15.603,25.427,1.54,7.01062,6.454000000000001,20.811000000000003,32.772000000000006,2.322,2.2429500000000004,6.281999999999999,6.352000000000002,7.376000000000001,0.752,12,12,1,9,8,0.0,0.0,0.0,0.0,0.0
S0791,5.9687,2.6145,22.450249999999997,32.3785,2.0364166666666668,0.7676433462610247,2.8859435781273435,2.220664773849292,3.3329497496382157,0.31039902709642786,4.98873,0.04,19.878,28.455000000000002,1.65,7.01062,6.903000000000002,25.969,37.283,2.442,2.2429500000000004,6.947,6.235999999999997,8.855999999999998,0.7699999999999998,12,12,12,9,9,0.0,0.0,0.0,0.0,0.0
S0792,5.9687,2.6145,22.450249999999997,32.3785,2.0364166666666668,0.7676433462610247,2.8859435781273435,2.220664773849292,3.3329497496382157,0.31039902709642786,4.98873,0.04,19.878,28.455000000000002,1.65,7.01062,6.903000000000002,25.969,37.283,2.442,2.2429500000000004,6.947,6.235999999999997,8.855999999999998,0.7699999999999998,12,12,12,9,9,0.0,0.0,0.0,0.0,0.0
S0793,5.539947499999999,2.504916666666667,18.08575,28.60758333333333,1.9055833333333334,0.7447629756571307,2.6355006846031017,2.096486321195057,2.9627258615694303,0.2973547123049709,4.6852599999999995,0.079,15.603,25.427,1.54,6.63251,6.454000000000001,20.811000000000003,32.772000000000006,2.322,1.8665400000000005,6.281999999999999,6.352000000000002,7.376000000000001,0.752,12,12,1,9,8,0.0,0.0,0.0,0.0,0.0
S0794,5.539947499999999,2.504916666666667,18.08575,28.60758333333333,1.9055833333333334,0.7447629756571307,2.6355006846031017,2.096486321195057,2.9627258615694303,0.2973547123049709,4.6852599999999995,0.079,15.603,25.427,1.54,6.63251,6.454000000000001,20.811000000000003,32.772000000000006,2.322,1.8665400000000005,6.281999999999999,6.352000000000002,7.376000000000001,0.752,12,12,1,9,8,0.0,0.0,0.0,0.0,0.0
S0795,5.9687,2.6145,22.450249999999997,32.3785,2.0364166666666668,0.7676433462610247,2.8859435781273435,2.220664773849292,3.3329497496382157,0.31039902709642786,4.98873,0.04,19.878,28.455000000000002,1.65,7.01062,6.903000000000002,25.969,37.283,2.442,2.2429500000000004,6.947,6.235999999999997,8.855999999999998,0.7699999999999998,12,12,12,9,9,0.0,0.0,0.0,0.0,0.0
S0796,5.9687,2.6145,22.450249999999997,32.3785,2.0364166666666668,0.7676433462610247,2.8859435781273435,2.220664773849292,3.3329497496382157,0.31039902709642786,4.98873,0.04,19.878,28.455000000000002,1.65,7.01062,6.903000000000002,25.969,37.283,2.442,2.2429500000000004,6.947,6.235999999999997,8.855999999999998,0.7699999999999998,12,12,12,9,9,0.0,0.0,0.0,0.0,0.0
S0797,5.9687,2.6145,22.450249999999997,32.3785,2.0364166666666668,0.7676433462610247,2.8859435781273435,2.220664773849292,3.3329497496382157,0.31039902709642786,4.98873,0.04,19.878,28.455000000000002,1.65,7.01062,6.903000000000002,25.969,37.283,2.442,2.2429500000000004,6.947,6.235999999999997,8.855999999999998,0.7699999999999998,12,12,12,9,9,0.0,0.0,0.0,0.0,0.0
S0798,5.9687,2.6145,22.450249999999997,32.3785,2.0364166666666668,0.7676433462610247,2.8859435781273435,2.220664773849292,3.3329497496382157,0.31039902709642786,4.98873,0.04,19.878,28.455000000000002,1.65,7.01062,6.903000000000002,25.969,37.283,2.442,2.2429500000000004,6.947,6.235999999999997,8.855999999999998,0.7699999999999998,12,12,12,9,9,0.0,0.0,0.0,0.0,0.0
S0799,5.9687,2.6145,22.450249999999997,32.3785,2.0364166666666668,0.7676433462610247,2.8859435781273435,2.220664773849292,3.3329497496382157,0.31039902709642786,4.98873,0.04,19.878,28.455000000000002,1.65,7.01062,6.903000000000002,25.969,37.283,2.442,2.2429500000000004,6.947,6.235999999999997,8.855999999999998,0.7699999999999998,12,12,12,9,9,0.0,0.0,0.0,0.0,0.0
S0800,6.031936666666667,2.3124166666666666,17.799333333333333,28.51991666666667,2.4070833333333335,0.7714467673007072,2.3172045589000367,2.1222735285471543,2.7776301778245975,0.3181971162061416,4.99142,0.089,15.109,25.297,2.0,7.05445,5.857,20.551000000000005,32.482,2.8009999999999997,2.23198,5.501,6.393000000000001,6.944000000000003,0.762,12,12,1,9,9,0.0,0.0,0.0,0.0,0.0
S0801,6.031936666666667,2.3124166666666666,17.799333333333333,28.51991666666667,2.4070833333333335,0.7714467673007072,2.3172045589000367,2.1222735285471543,2.7776301778245975,0.3181971162061416,4.99142,0.089,15.109,25.297,2.0,7.05445,5.857,20.551000000000005,32.482,2.8009999999999997,2.23198,5.501,6.393000000000001,6.944000000000003,0.762,12,12,1,9,9,0.0,0.0,0.0,0.0,0.0
S0802,6.031936666666667,2.3124166666666666,17.799333333333333,28.51991666666667,2.4070833333333335,0.7714467673007072,2.3172045589000367,2.1222735285471543,2.7776301778245975,0.3181971162061416,4.99142,0.089,15.109,25.297,2.0,7.05445,5.857,20.551000000000005,32.482,2.8009999999999997,2.23198,5.501,6.393000000000001,6.944000000000003,0.762,12,12,1,9,9,0.0,0.0,0.0,0.0,0.0
S0803,6.031936666666667,2.3124166666666666,17.799333333333333,28.51991666666667,2.4070833333333335,0.7714467673007072,2.3172045589000367,2.1222735285471543,2.7776301778245975,0.3181971162061416,4.99142,0.089,15.109,25.297,2.0,7.05445,5.857,20.551000000000005,32.482,2.8009999999999997,2.23198,5.501,6.393000000000001,6.944000000000003,0.762,12,12,1,9,9,0.0,0.0,0.0,0.0,0.0
S0804,5.9687,2.3124166666666666,17.799333333333333,28.51991666666667,2.4070833333333335,0.7676433462610247,2.3172045589000367,2.1222735285471543,2.7776301778245975,0.3181971162061416,4.98873,0.089,15.109,25.297,2.0,7.01062,5.857,20.551000000000005,32.482,2.8009999999999997,2.2429500000000004,5.501,6.393000000000001,6.944000000000003,0.762,12,12,1,9,9,0.0,0.0,0.0,0.0,0.0
S0805,5.9687,2.3124166666666666,17.799333333333333,28.51991666666667,2.4070833333333335,0.7676433462610247,2.3172045589000367,2.1222735285471543,2.7776301778245975,0.3181971162061416,4.98873,0.089,15.109,25.297,2.0,7.01062,5.857,20.551000000000005,32.482,2.8009999999999997,2.2429500000000004,5.501,6.393000000000001,6.944000000000003,0.762,12,12,1,9,9,0.0,0.0,0.0,0.0,0.0
S0806,5.9687,2.504916666666667,18.08575,28.60758333333333,1.9055833333333334,0.7676433462610247,2.6355006846031017,2.096486321195057,2.9627258615694303,0.2973547123049709,4.98873,0.079,15.603,25.427,1.54,7.01062,6.454000000000001,20.811000000000003,32.772000000000006,2.322,2.2429500000000004,6.281999999999999,6.352000000000002,7.376000000000001,0.752,12,12,1,9,8,0.0,0.0,0.0,0.0,0.0
S0807,5.9687,2.6145,22.450249999999997,32.3785,2.0364166666666668,0.7676433462610247,2.8859435781273435,2.220664773849292,3.3329497496382157,0.31039902709642786,4.98873,0.04,19.878,28.455000000000002,1.65,7.01062,6.903000000000002,25.969,37.283,2.442,2.2429500000000004,6.947,6.235999999999997,8.855999999999998,0.7699999999999998,12,12,12,9,9,0.0,0.0,0.0,0.0,0.0
S0808,5.9687,2.6145,22.450249999999997,32.3785,2.0364166666666668,0.7676433462610247,2.8859435781273435,2.220664773849292,3.3329497496382157,0.31039902709642786,4.98873,0.04,19.878,28.455000000000002,1.65,7.01062,6.903000000000002,25.969,37.283,2.442,2.2429500000000004,6.947,6.235999999999997,8.855999999999998,0.7699999999999998,12,12,12,9,9,0.0,0.0,0.0,0.0,0.0
S0809,5.9687,2.6145,22.450249999999997,32.3785,2.0364166666666668,0.7676433462610247,2.8859435781273435,2.220664773849292,3.3329497496382157,0.31039902709642786,4.98873,0.04,19.878,28.455000000000002,1.65,7.01062,6.903000000000002,25.969,37.283,2.442,2.2429500000000004,6.947,6.235999999999997,8.855999999999998,0.7699999999999998,12,12,12,9,9,0.0,0.0,0.0,0.0,0.0
S0810,5.9687,2.6145,22.450249999999997,32.3785,2.0364166666666668,0.7676433462610247,2.8859435781273435,2.220664773849292,3.3329497496382157,0.31039902709642786,4.98873,0.04,19.878,28.455000000000002,1.65,7.01062,6.903000000000002,25.969,37.283,2.442,2.2429500000000004,6.947,6.235999999999997,8.855999999999998,0.7699999999999998,12,12,12,9,9,0.0,0.0,0.0,0.0,0.0
S0811,5.9687,2.6145,22.450249999999997,32.3785,2.0364166666666668,0.7676433462610247,2.8859435781273435,2.220664773849292,3.3329497496382157,0.31039902709642786,4.98873,0.04,19.878,28.455000000000002,1.65,7.01062,6.903000000000002,25.969,37.283,2.442,2.2429500000000004,6.947,6.235999999999997,8.855999999999998,0.7699999999999998,12,12,12,9,9,0.0,0.0,0.0,0.0,0.0
S0812,5.9687,2.6145,22.450249999999997,32.3785,2.0364166666666668,0.7676433462610247,2.8859435781273435,2.220664773849292,3.3329497496382157,0.31039902709642786,4.98873,0.04,19.878,28.455000000000002,1.65,7.01062,6.903000000000002,25.969,37.283,2.442,2.2429500000000004,6.947,6.235999999999997,8.855999999999998,0.7699999999999998,12,12,12,9,9,0.0,0.0,0.0,0.0,0.0
S0813,5.9687,2.6145,22.450249999999997,32.3785,2.0364166666666668,0.7676433462610247,2.8859435781273435,2.220664773849292,3.3329497496382157,0.31039902709642786,4.98873,0.04,19.878,28.455000000000002,1.65,7.01062,6.903000000000002,25.969,37.283,2.442,2.2429500000000004,6.947,6.235999999999997,8.855999999999998,0.7699999999999998,12,12,12,9,9,0.0,0.0,0.0,0.0,0.0
S0814,5.9687,2.288833333333334,22.313499999999998,32.964083333333335,2.320666666666667,0.7676433462610247,2.459880841321669,2.174945049049873,2.8836177370624907,0.37936863368508694,4.98873,0.04,19.831000000000003,29.749,1.838,7.01062,5.9920000000000035,25.415,37.012,2.7809999999999997,2.2429500000000004,6.0089999999999995,6.140000000000001,7.7379999999999995,1.0169999999999997,12,12,1,9,9,0.0,0.0,0.0,0.0,0.0
S0815,6.031936666666667,2.3124166666666666,17.799333333333333,28.51991666666667,2.4070833333333335,0.7714467673007072,2.3172045589000367,2.1222735285471543,2.7776301778245975,0.3181971162061416,4.99142,0.089,15.109,25.297,2.0,7.05445,5.857,20.551000000000005,32.482,2.8009999999999997,2.23198,5.501,6.393000000000001,6.944000000000003,0.762,12,12,1,9,9,0.0,0.0,0.0,0.0,0.0
S0816,6.031936666666667,2.3124166666666666,17.799333333333333,28.51991666666667,2.4070833333333335,0.7714467673007072,2.3172045589000367,2.1222735285471543,2.7776301778245975,0.3181971162061416,4.99142,0.089,15.109,25.297,2.0,7.05445,5.857,20.551000000000005,32.482,2.8009999999999997,2.23198,5.501,6.393000000000001,6.944000000000003,0.762,12,12,1,9,9,0.0,0.0,0.0,0.0,0.0
S0817,6.031936666666667,2.3124166666666666,17.799333333333333,28.51991666666667,2.4070833333333335,0.7714467673007072,2.3172045589000367,2.1222735285471543,2.7776301778245975,0.3181971162061416,4.99142,0.089,15.109,25.297,2.0,7.05445,5.857,20.551000000000005,32.482,2.8009999999999997,2.23198,5.501,6.393000000000001,6.944000000000003,0.762,12,12,1,9,9,0.0,0.0,0.0,0.0,0.0
S0818,5.9687,2.6145,22.450249999999997,32.3785,2.0364166666666668,0.7676433462610247,2.8859435781273435,2.220664773849292,3.3329497496382157,0.31039902709642786,4.98873,0.04,19.878,28.455000000000002,1.65,7.01062,6.903000000000002,25.969,37.283,2.442,2.2429500000000004,6.947,6.235999999999997,8.855999999999998,0.7699999999999998,12,12,12,9,9,0.0,0.0,0.0,0.0,0.0
S0819,5.9687,2.6145,22.450249999999997,32.3785,2.0364166666666668,0.7676433462610247,2.8859435781273435,2.220664773849292,3.3329497496382157,0.31039902709642786,4.98873,0.04,19.878,28.455000000000002,1.65,7.01062,6.903000000000002,25.969,37.283,2.442,2.2429500000000004,6.947,6.235999999999997,8.855999999999998,0.7699999999999998,12,12,12,9,9,0.0,0.0,0.0,0.0,0.0
S0820,5.9687,2.6145,22.450249999999997,32.3785,2.0364166666666668,0.7676433462610247,2.8859435781273435,2.220664773849292,3.3329497496382157,0.31039902709642786,4.98873,0.04,19.878,28.455000000000002,1.65,7.01062,6.903000000000002,25.969,37.283,2.442,2.2429500000000004,6.947,6.235999999999997,8.855999999999998,0.7699999999999998,12,12,12,9,9,0.0,0.0,0.0,0.0,0.0
S0821,5.9687,2.6145,22.450249999999997,32.3785,2.0364166666666668,0.7676433462610247,2.8859435781273435,2.220664773849292,3.3329497496382157,0.31039902709642786,4.98873,0.04,19.878,28.455000000000002,1.65,7.01062,6.903000000000002,25.969,37.283,2.442,2.2429500000000004,6.947,6.235999999999997,8.855999999999998,0.7699999999999998,12,12,12,9,9,0.0,0.0,0.0,0.0,0.0
S0822,5.9687,2.6145,22.450249999999997,32.3785,2.0364166666666668,0.7676433462610247,2.8859435781273435,2.220664773849292,3.3329497496382157,0.31039902709642786,4.98873,0.04,19.878,28.455000000000002,1.65,7.01062,6.903000000000002,25.969,37.283,2.442,2.2429500000000004,6.947,6.235999999999997,8.855999999999998,0.7699999999999998,12,12,12,9,9,0.0,0.0,0.0,0.0,0.0
S0823,5.9687,2.6145,22.450249999999997,32.3785,2.0364166666666668,0.7676433462610247,2.8859435781273435,2.220664773849292,3.3329497496382157,0.31039902709642786,4.98873,0.04,19.878,28.455000000000002,1.65,7.01062,6.903000000000002,25.969,37.283,2.442,2.2429500000000004,6.947,6.235999999999997,8.855999999999998,0.7699999999999998,12,12,12,9,9,0.0,0.0,0.0,0.0,0.0
S0824,6.031936666666667,2.288833333333334,22.313499999999998,32.964083333333335,2.320666666666667,0.7714467673007072,2.459880841321669,2.174945049049873,2.8836177370624907,0.37936863368508694,4.99142,0.04,19.831000000000003,29.749,1.838,7.05445,5.9920000000000035,25.415,37.012,2.7809999999999997,2.23198,6.0089999999999995,6.140000000000001,7.7379999999999995,1.0169999999999997,12,12,1,9,9,0.0,0.0,0.0,0.0,0.0
S0825,6.031936666666667,2.3124166666666666,17.799333333333333,28.51991666666667,2.4070833333333335,0.7714467673007072,2.3172045589000367,2.1222735285471543,2.7776301778245975,0.3181971162061416,4.99142,0.089,15.109,25.297,2.0,7.05445,5.857,20.551000000000005,32.482,2.8009999999999997,2.23198,5.501,6.393000000000001,6.944000000000003,0.762,12,12,1,9,9,0.0,0.0,0.0,0.0,0.0
S0826,6.031936666666667,2.3124166666666666,17.799333333333333,28.51991666666667,2.4070833333333335,0.7714467673007072,2.3172045589000367,2.1222735285471543,2.7776301778245975,0.3181971162061416,4.99142,0.089,15.109,25.297,2.0,7.05445,5.857,20.551000000000005,32.482,2.8009999999999997,2.23198,5.501,6.393000000000001,6.944000000000003,0.762,12,12,1,9,9,0.0,0.0,0.0,0.0,0.0
S0827,6.031936666666667,2.3124166666666666,17.799333333333333,28.51991666666667,2.4070833333333335,0.7714467673007072,2.3172045589000367,2.1222735285471543,2.7776301778245975,0.3181971162061416,4.99142,0.089,15.109,25.297,2.0,7.05445,5.857,20.551000000000005,32.482,2.8009999999999997,2.23198,5.501,6.393000000000001,6.944000000000003,0.762,12,12,1,9,9,0.0,0.0,0.0,0.0,0.0
S0828,6.031936666666667,2.3124166666666666,17.799333333333333,28.51991666666667,2.4070833333333335,0.7714467673007072,2.3172045589000367,2.1222735285471543,2.7776301778245975,0.3181971162061416,4.99142,0.089,15.109,25.297,2.0,7.05445,5.857,20.551000000000005,32.482,2.8009999999999997,2.23198,5.501,6.393000000000001,6.944000000000003,0.762,12,12,1,9,9,0.0,0.0,0.0,0.0,0.0
S0829,5.9687,2.504916666666667,18.08575,28.60758333333333,1.9055833333333334,0.7676433462610247,2.6355006846031017,2.096486321195057,2.9627258615694303,0.2973547123049709,4.98873,0.079,15.603,25.427,1.54,7.01062,6.454000000000001,20.811000000000003,32.772000000000006,2.322,2.2429500000000004,6.281999999999999,6.352000000000002,7.376000000000001,0.752,12,12,1,9,8,0.0,0.0,0.0,0.0,0.0
S0830,5.9687,2.504916666666667,18.08575,28.60758333333333,1.9055833333333334,0.7676433462610247,2.6355006846031017,2.096486321195057,2.9627258615694303,0.2973547123049709,4.98873,0.079,15.603,25.427,1.54,7.01062,6.454000000000001,20.811000000000003,32.772000000000006,2.322,2.2429500000000004,6.281999999999999,6.352000000000002,7.376000000000001,0.752,12,12,1,9,8,0.0,0.0,0.0,0.0,0.0
S0831,5.9687,2.504916666666667,18.08575,28.60758333333333,1.9055833333333334,0.7676433462610247,2.6355006846031017,2.096486321195057,2.9627258615694303,0.2973547123049709,4.98873,0.079,15.603,25.427,1.54,7.01062,6.454000000000001,20.811000000000003,32.772000000000006,2.322,2.2429500000000004,6.281999999999999,6.352000000000002,7.376000000000001,0.752,12,12,1,9,8,0.0,0.0,0.0,0.0,0.0
S0832,5.9687,2.504916666666667,18.08575,28.60758333333333,1.9055833333333334,0.7676433462610247,2.6355006846031017,2.096486321195057,2.9627258615694303,0.2973547123049709,4.98873,0.079,15.603,25.427,1.54,7.01062,6.454000000000001,20.811000000000003,32.772000000000006,2.322,2.2429500000000004,6.281999999999999,6.352000000000002,7.376000000000001,0.752,12,12,1,9,8,0.0,0.0,0.0,0.0,0.0
S0833,5.9687,2.504916666666667,18.08575,28.60758333333333,1.9055833333333334,0.7676433462610247,2.6355006846031017,2.096486321195057,2.9627258615694303,0.2973547123049709,4.98873,0.079,15.603,25.427,1.54,7.01062,6.454000000000001,20.811000000000003,32.772000000000006,2.322,2.2429500000000004,6.281999999999999,6.352000000000002,7.376000000000001,0.752,12,12,1,9,8,0.0,0.0,0.0,0.0,0.0
S0834,5.9687,2.6145,22.450249999999997,32.3785,2.0364166666666668,0.7676433462610247,2.8859435781273435,2.220664773849292,3.3329497496382157,0.31039902709642786,4.98873,0.04,19.878,28.455000000000002,1.65,7.01062,6.903000000000002,25.969,37.283,2.442,2.2429500000000004,6.947,6.235999999999997,8.855999999999998,0.7699999999999998,12,12,12,9,9,0.0,0.0,0.0,0.0,0.0
S0835,5.9687,2.6145,22.450249999999997,32.3785,2.0364166666666668,0.7676433462610247,2.8859435781273435,2.220664773849292,3.3329497496382157,0.31039902709642786,4.98873,0.04,19.878,28.455000000000002,1.65,7.01062,6.903000000000002,25.969,37.283,2.442,2.2429500000000004,6.947,6.235999999999997,8.855999999999998,0.7699999999999998,12,12,12,9,9,0.0,0.0,0.0,0.0,0.0
S0836,6.031936666666667,2.288833333333334,22.313499999999998,32.964083333333335,2.320666666666667,0.7714467673007072,2.459880841321669,2.174945049049873,2.8836177370624907,0.37936863368508694,4.99142,0.04,19.831000000000003,29.749,1.838,7.05445,5.9920000000000035,25.415,37.012,2.7809999999999997,2.23198,6.0089999999999995,6.140000000000001,7.7379999999999995,1.0169999999999997,12,12,1,9,9,0.0,0.0,0.0,0.0,0.0
S0837,6.031936666666667,2.3124166666666666,17.799333333333333,28.51991666666667,2.4070833333333335,0.7714467673007072,2.3172045589000367,2.1222735285471543,2.7776301778245975,0.3181971162061416,4.99142,0.089,15.109,25.297,2.0,7.05445,5.857,20.551000000000005,32.482,2.8009999999999997,2.23198,5.501,6.393000000000001,6.944000000000003,0.762,12,12,1,9,9,0.0,0.0,0.0,0.0,0.0
S0838,6.031936666666667,2.3124166666666666,17.799333333333333,28.51991666666667,2.4070833333333335,0.7714467673007072,2.3172045589000367,2.1222735285471543,2.7776301778245975,0.3181971162061416,4.99142,0.089,15.109,25.297,2.0,7.05445,5.857,20.551000000000005,32.482,2.8009999999999997,2.23198,5.501,6.393000000000001,6.944000000000003,0.762,12,12,1,9,9,0.0,0.0,0.0,0.0,0.0
S0839,6.031936666666667,2.3124166666666666,17.799333333333333,28.51991666666667,2.4070833333333335,0.7714467673007072,2.3172045589000367,2.1222735285471543,2.7776301778245975,0.3181971162061416,4.99142,0.089,15.109,25.297,2.0,7.05445,5.857,20.551000000000005,32.482,2.8009999999999997,2.23198,5.501,6.393000000000001,6.944000000000003,0.762,12,12,1,9,9,0.0,0.0,0.0,0.0,0.0
S0840,5.9687,2.6145,22.450249999999997,32.3785,2.0364166666666668,0.7676433462610247,2.8859435781273435,2.220664773849292,3.3329497496382157,0.31039902709642786,4.98873,0.04,19.878,28.455000000000002,1.65,7.01062,6.903000000000002,25.969,37.283,2.442,2.2429500000000004,6.947,6.235999999999997,8.855999999999998,0.7699999999999998,12,12,12,9,9,0.0,0.0,0.0,0.0,0.0
S0841,5.9687,2.6145,22.450249999999997,32.3785,2.0364166666666668,0.7676433462610247,2.8859435781273435,2.220664773849292,3.3329497496382157,0.31039902709642786,4.98873,0.04,19.878,28.455000000000002,1.65,7.01062,6.903000000000002,25.969,37.283,2.442,2.2429500000000004,6.947,6.235999999999997,8.855999999999998,0.7699999999999998,12,12,12,9,9,0.0,0.0,0.0,0.0,0.0
S0842,5.9687,2.6145,22.450249999999997,32.3785,2.0364166666666668,0.7676433462610247,2.8859435781273435,2.220664773849292,3.3329497496382157,0.31039902709642786,4.98873,0.04,19.878,28.455000000000002,1.65,7.01062,6.903000000000002,25.969,37.283,2.442,2.2429500000000004,6.947,6.235999999999997,8.855999999999998,0.7699999999999998,12,12,12,9,9,0.0,0.0,0.0,0.0,0.0
S0843,5.9687,2.6145,22.450249999999997,32.3785,2.0364166666666668,0.7676433462610247,2.8859435781273435,2.220664773849292,3.3329497496382157,0.31039902709642786,4.98873,0.04,19.878,28.455000000000002,1.65,7.01062,6.903000000000002,25.969,37.283,2.442,2.2429500000000004,6.947,6.235999999999997,8.855999999999998,0.7699999999999998,12,12,12,9,9,0.0,0.0,0.0,0.0,0.0
S0844,6.031936666666667,2.288833333333334,22.313499999999998,32.964083333333335,2.320666666666667,0.7714467673007072,2.459880841321669,2.174945049049873,2.8836177370624907,0.37936863368508694,4.99142,0.04,19.831000000000003,29.749,1.838,7.05445,5.9920000000000035,25.415,37.012,2.7809999999999997,2.23198,6.0089999999999995,6.140000000000001,7.7379999999999995,1.0169999999999997,12,12,1,9,9,0.0,0.0,0.0,0.0,0.0
S0845,6.031936666666667,2.288833333333334,22.313499999999998,32.964083333333335,2.320666666666667,0.7714467673007072,2.459880841321669,2.174945049049873,2.8836177370624907,0.37936863368508694,4.99142,0.04,19.831000000000003,29.749,1.838,7.05445,5.9920000000000035,25.415,37.012,2.7809999999999997,2.23198,6.0089999999999995,6.140000000000001,7.7379999999999995,1.0169999999999997,12,12,1,9,9,0.0,0.0,0.0,0.0,0.0
S0846,6.031936666666667,2.288833333333334,22.313499999999998,32.964083333333335,2.320666666666667,0.7714467673007072,2.459880841321669,2.174945049049873,2.8836177370624907,0.37936863368508694,4.99142,0.04,19.831000000000003,29.749,1.838,7.05445,5.9920000000000035,25.415,37.012,2.7809999999999997,2.23198,6.0089999999999995,6.140000000000001,7.7379999999999995,1.0169999999999997,12,12,1,9,9,0.0,0.0,0.0,0.0,0.0
S0847,6.031936666666667,2.288833333333334,22.313499999999998,32.964083333333335,2.320666666666667,0.7714467673007072,2.459880841321669,2.174945049049873,2.8836177370624907,0.37936863368508694,4.99142,0.04,19.831000000000003,29.749,1.838,7.05445,5.9920000000000035,25.415,37.012,2.7809999999999997,2.23198,6.0089999999999995,6.140000000000001,7.7379999999999995,1.0169999999999997,12,12,1,9,9,0.0,0.0,0.0,0.0,0.0
S0848,6.031936666666667,2.288833333333334,22.313499999999998,32.964083333333335,2.320666666666667,0.7714467673007072,2.459880841321669,2.174945049049873,2.8836177370624907,0.37936863368508694,4.99142,0.04,19.831000000000003,29.749,1.838,7.05445,5.9920000000000035,25.415,37.012,2.7809999999999997,2.23198,6.0089999999999995,6.140000000000001,7.7379999999999995,1.0169999999999997,12,12,1,9,9,0.0,0.0,0.0,0.0,0.0
S0849,6.031936666666667,2.288833333333334,22.313499999999998,32.964083333333335,2.320666666666667,0.7714467673007072,2.459880841321669,2.174945049049873,2.8836177370624907,0.37936863368508694,4.99142,0.04,19.831000000000003,29.749,1.838,7.05445,5.9920000000000035,25.415,37.012,2.7809999999999997,2.23198,6.0089999999999995,6.140000000000001,7.7379999999999995,1.0169999999999997,12,12,1,9,9,0.0,0.0,0.0,0.0,0.0
S0850,6.031936666666667,2.288833333333334,22.313499999999998,32.964083333333335,2.320666666666667,0.7714467673007072,2.459880841321669,2.174945049049873,2.8836177370624907,0.37936863368508694,4.99142,0.04,19.831000000000003,29.749,1.838,7.05445,5.9920000000000035,25.415,37.012,2.7809999999999997,2.23198,6.0089999999999995,6.140000000000001,7.7379999999999995,1.0169999999999997,12,12,1,9,9,0.0,0.0,0.0,0.0,0.0
S0851,5.9687,2.6145,22.450249999999997,32.3785,2.0364166666666668,0.7676433462610247,2.8859435781273435,2.220664773849292,3.3329497496382157,0.31039902709642786,4.98873,0.04,19.878,28.455000000000002,1.65,7.01062,6.903000000000002,25.969,37.283,2.442,2.2429500000000004,6.947,6.235999999999997,8.855999999999998,0.7699999999999998,12,12,12,9,9,0.0,0.0,0.0,0.0,0.0
S0852,5.9687,2.6145,22.450249999999997,32.3785,2.0364166666666668,0.7676433462610247,2.8859435781273435,2.220664773849292,3.3329497496382157,0.31039902709642786,4.98873,0.04,19.878,28.455000000000002,1.65,7.01062,6.903000000000002,25.969,37.283,2.442,2.2429500000000004,6.947,6.235999999999997,8.855999999999998,0.7699999999999998,12,12,12,9,9,0.0,0.0,0.0,0.0,0.0
S0853,6.031936666666667,2.288833333333334,22.313499999999998,32.964083333333335,2.320666666666667,0.7714467673007072,2.459880841321669,2.174945049049873,2.8836177370624907,0.37936863368508694,4.99142,0.04,19.831000000000003,29.749,1.838,7.05445,5.9920000000000035,25.415,37.012,2.7809999999999997,2.23198,6.0089999999999995,6.140000000000001,7.7379999999999995,1.0169999999999997,12,12,1,9,9,0.0,0.0,0.0,0.0,0.0
S0854,6.031936666666667,2.61475,17.140666666666668,28.001249999999995,2.8485833333333335,0.7714467673007072,2.334490015925059,2.244759249816304,2.876114489867107,0.38906113199055276,4.99142,0.27,14.165,24.762999999999998,2.3369999999999997,7.05445,6.246,20.022000000000002,32.285000000000004,3.2809999999999997,2.23198,5.795,6.776999999999999,7.195,0.7599999999999998,12,2,1,12,5,0.0,0.0,0.0,0.0,0.0
S0855,6.031936666666667,2.288833333333334,22.313499999999998,32.964083333333335,2.320666666666667,0.7714467673007072,2.459880841321669,2.174945049049873,2.8836177370624907,0.37936863368508694,4.99142,0.04,19.831000000000003,29.749,1.838,7.05445,5.9920000000000035,25.415,37.012,2.7809999999999997,2.23198,6.0089999999999995,6.140000000000001,7.7379999999999995,1.0169999999999997,12,12,1,9,9,0.0,0.0,0.0,0.0,0.0
S0856,5.588563333333334,3.042083333333333,14.098500000000001,25.002083333333335,2.3571666666666666,0.725445751805278,2.4130036012305953,2.4208869303236296,3.1147806742143795,0.3061421192826619,4.696700000000001,0.51,10.665,21.599,1.998,6.6182,6.509,17.016000000000002,29.907999999999998,2.7450000000000006,1.771139999999999,5.939,7.163999999999998,7.836999999999996,0.6480000000000001,12,2,1,12,7,0.0,0.0,0.0,0.0,0.0
S0857,5.588563333333334,3.042083333333333,14.098500000000001,25.002083333333335,2.3571666666666666,0.725445751805278,2.4130036012305953,2.4208869303236296,3.1147806742143795,0.3061421192826619,4.696700000000001,0.51,10.665,21.599,1.998,6.6182,6.509,17.016000000000002,29.907999999999998,2.7450000000000006,1.771139999999999,5.939,7.163999999999998,7.836999999999996,0.6480000000000001,12,2,1,12,7,0.0,0.0,0.0,0.0,0.0
S0858,5.588563333333334,3.042083333333333,14.098500000000001,25.002083333333335,2.3571666666666666,0.725445751805278,2.4130036012305953,2.4208869303236296,3.1147806742143795,0.3061421192826619,4.696700000000001,0.51,10.665,21.599,1.998,6.6182,6.509,17.016000000000002,29.907999999999998,2.7450000000000006,1.771139999999999,5.939,7.163999999999998,7.836999999999996,0.6480000000000001,12,2,1,12,7,0.0,0.0,0.0,0.0,0.0
S0859,5.588563333333334,3.042083333333333,14.098500000000001,25.002083333333335,2.3571666666666666,0.725445751805278,2.4130036012305953,2.4208869303236296,3.1147806742143795,0.3061421192826619,4.696700000000001,0.51,10.665,21.599,1.998,6.6182,6.509,17.016000000000002,29.907999999999998,2.7450000000000006,1.771139999999999,5.939,7.163999999999998,7.836999999999996,0.6480000000000001,12,2,1,12,7,0.0,0.0,0.0,0.0,0.0
S0860,5.588563333333334,3.042083333333333,14.098500000000001,25.002083333333335,2.3571666666666666,0.725445751805278,2.4130036012305953,2.4208869303236296,3.1147806742143795,0.3061421192826619,4.696700000000001,0.51,10.665,21.599,1.998,6.6182,6.509,17.016000000000002,29.907999999999998,2.7450000000000006,1.771139999999999,5.939,7.163999999999998,7.836999999999996,0.6480000000000001,12,2,1,12,7,0.0,0.0,0.0,0.0,0.0
S0861,5.588563333333334,3.042083333333333,14.098500000000001,25.002083333333335,2.3571666666666666,0.725445751805278,2.4130036012305953,2.4208869303236296,3.1147806742143795,0.3061421192826619,4.696700000000001,0.51,10.665,21.599,1.998,6.6182,6.509,17.016000000000002,29.907999999999998,2.7450000000000006,1.771139999999999,5.939,7.163999999999998,7.836999999999996,0.6480000000000001,12,2,1,12,7,0.0,0.0,0.0,0.0,0.0
S0862,5.588563333333334,3.042083333333333,14.098500000000001,25.002083333333335,2.3571666666666666,0.725445751805278,2.4130036012305953,2.4208869303236296,3.1147806742143795,0.3061421192826619,4.696700000000001,0.51,10.665,21.599,1.998,6.6182,6.509,17.016000000000002,29.907999999999998,2.7450000000000006,1.771139999999999,5.939,7.163999999999998,7.836999999999996,0.6480000000000001,12,2,1,12,7,0.0,0.0,0.0,0.0,0.0
S0863,5.588563333333334,3.042083333333333,14.098500000000001,25.002083333333335,2.3571666666666666,0.725445751805278,2.4130036012305953,2.4208869303236296,3.1147806742143795,0.3061421192826619,4.696700000000001,0.51,10.665,21.599,1.998,6.6182,6.509,17.016000000000002,29.907999999999998,2.7450000000000006,1.771139999999999,5.939,7.163999999999998,7.836999999999996,0.6480000000000001,12,2,1,12,7,0.0,0.0,0.0,0.0,0.0
S0864,5.588563333333334,3.042083333333333,14.098500000000001,25.002083333333335,2.3571666666666666,0.725445751805278,2.4130036012305953,2.4208869303236296,3.1147806742143795,0.3061421192826619,4.696700000000001,0.51,10.665,21.599,1.998,6.6182,6.509,17.016000000000002,29.907999999999998,2.7450000000000006,1.771139999999999,5.939,7.163999999999998,7.836999999999996,0.6480000000000001,12,2,1,12,7,0.0,0.0,0.0,0.0,0.0
S0865,5.588563333333334,3.042083333333333,14.098500000000001,25.002083333333335,2.3571666666666666,0.725445751805278,2.4130036012305953,2.4208869303236296,3.1147806742143795,0.3061421192826619,4.696700000000001,0.51,10.665,21.599,1.998,6.6182,6.509,17.016000000000002,29.907999999999998,2.7450000000000006,1.771139999999999,5.939,7.163999999999998,7.836999999999996,0.6480000000000001,12,2,1,12,7,0.0,0.0,0.0,0.0,0.0
S0866,5.588563333333334,3.042083333333333,14.098500000000001,25.002083333333335,2.3571666666666666,0.725445751805278,2.4130036012305953,2.4208869303236296,3.1147806742143795,0.3061421192826619,4.696700000000001,0.51,10.665,21.599,1.998,6.6182,6.509,17.016000000000002,29.907999999999998,2.7450000000000006,1.771139999999999,5.939,7.163999999999998,7.836999999999996,0.6480000000000001,12,2,1,12,7,0.0,0.0,0.0,0.0,0.0
S0867,5.588563333333334,3.042083333333333,14.098500000000001,25.002083333333335,2.3571666666666666,0.725445751805278,2.4130036012305953,2.4208869303236296,3.1147806742143795,0.3061421192826619,4.696700000000001,0.51,10.665,21.599,1.998,6.6182,6.509,17.016000000000002,29.907999999999998,2.7450000000000006,1.771139999999999,5.939,7.163999999999998,7.836999999999996,0.6480000000000001,12,2,1,12,7,0.0,0.0,0.0,0.0,0.0
S0868,5.588563333333334,3.042083333333333,14.098500000000001,25.002083333333335,2.3571666666666666,0.725445751805278,2.4130036012305953,2.4208869303236296,3.1147806742143795,0.3061421192826619,4.696700000000001,0.51,10.665,21.599,1.998,6.6182,6.509,17.016000000000002,29.907999999999998,2.7450000000000006,1.771139999999999,5.939,7.163999999999998,7.836999999999996,0.6480000000000001,12,2,1,12,7,0.0,0.0,0.0,0.0,0.0
S0869,5.588563333333334,3.042083333333333,14.098500000000001,25.002083333333335,2.3571666666666666,0.725445751805278,2.4130036012305953,2.4208869303236296,3.1147806742143795,0.3061421192826619,4.696700000000001,0.51,10.665,21.599,1.998,6.6182,6.509,17.016000000000002,29.907999999999998,2.7450000000000006,1.771139999999999,5.939,7.163999999999998,7.836999999999996,0.6480000000000001,12,2,1,12,7,0.0,0.0,0.0,0.0,0.0
S0870,5.588563333333334,3.042083333333333,14.098500000000001,25.002083333333335,2.3571666666666666,0.725445751805278,2.4130036012305953,2.4208869303236296,3.1147806742143795,0.3061421192826619,4.696700000000001,0.51,10.665,21.599,1.998,6.6182,6.509,17.016000000000002,29.907999999999998,2.7450000000000006,1.771139999999999,5.939,7.163999999999998,7.836999999999996,0.6480000000000001,12,2,1,12,7,0.0,0.0,0.0,0.0,0.0
S0871,5.588563333333334,3.042083333333333,14.098500000000001,25.002083333333335,2.3571666666666666,0.725445751805278,2.4130036012305953,2.4208869303236296,3.1147806742143795,0.3061421192826619,4.696700000000001,0.51,10.665,21.599,1.998,6.6182,6.509,17.016000000000002,29.907999999999998,2.7450000000000006,1.771139999999999,5.939,7.163999999999998,7.836999999999996,0.6480000000000001,12,2,1,12,7,0.0,0.0,0.0,0.0,0.0
S0872,5.588563333333334,3.042083333333333,14.098500000000001,25.002083333333335,2.3571666666666666,0.725445751805278,2.4130036012305953,2.4208869303236296,3.1147806742143795,0.3061421192826619,4.696700000000001,0.51,10.665,21.599,1.998,6.6182,6.509,17.016000000000002,29.907999999999998,2.7450000000000006,1.771139999999999,5.939,7.163999999999998,7.836999999999996,0.6480000000000001,12,2,1,12,7,0.0,0.0,0.0,0.0,0.0
S0873,5.588563333333334,3.428916666666667,15.389583333333333,26.62875,2.313,0.725445751805278,2.6252416602114566,2.728787521507494,3.3878712392317163,0.2752709894759323,4.696700000000001,0.75,11.459000000000001,23.245,1.95,6.6182,7.37,18.392,31.744,2.7,1.771139999999999,6.157000000000001,8.000999999999998,8.149999999999999,0.7440000000000002,12,2,1,12,12,0.0,0.0,0.0,0.0,0.0
S0874,5.168168333333333,3.428916666666667,15.389583333333333,26.62875,2.313,0.6970436564439816,2.6252416602114566,2.728787521507494,3.3878712392317163,0.2752709894759323,4.225280000000001,0.75,11.459000000000001,23.245,1.95,6.06832,7.37,18.392,31.744,2.7,1.61477,6.157000000000001,8.000999999999998,8.149999999999999,0.7440000000000002,12,2,1,12,12,0.0,0.0,0.0,0.0,0.0
S0875,5.1255625,3.428916666666667,15.389583333333333,26.62875,2.313,0.877350327876858,2.6252416602114566,2.728787521507494,3.3878712392317163,0.2752709894759323,3.9681,0.75,11.459000000000001,23.245,1.95,6.22875,7.37,18.392,31.744,2.7,2.2522700000000007,6.157000000000001,8.000999999999998,8.149999999999999,0.7440000000000002,12,2,1,12,12,0.0,0.0,0.0,0.0,0.0
S0876,5.588563333333334,2.61475,17.140666666666668,28.001249999999995,2.8485833333333335,0.725445751805278,2.334490015925059,2.244759249816304,2.876114489867107,0.38906113199055276,4.696700000000001,0.27,14.165,24.762999999999998,2.3369999999999997,6.6182,6.246,20.022000000000002,32.285000000000004,3.2809999999999997,1.771139999999999,5.795,6.776999999999999,7.195,0.7599999999999998,12,2,1,12,5,0.0,0.0,0.0,0.0,0.0
S0877,5.588563333333334,2.61475,17.140666666666668,28.001249999999995,2.8485833333333335,0.725445751805278,2.334490015925059,2.244759249816304,2.876114489867107,0.38906113199055276,4.696700000000001,0.27,14.165,24.762999999999998,2.3369999999999997,6.6182,6.246,20.022000000000002,32.285000000000004,3.2809999999999997,1.771139999999999,5.795,6.776999999999999,7.195,0.7599999999999998,12,2,1,12,5,0.0,0.0,0.0,0.0,0.0
S0878,5.588563333333334,2.61475,17.140666666666668,28.001249999999995,2.8485833333333335,0.725445751805278,2.334490015925059,2.244759249816304,2.876114489867107,0.38906113199055276,4.696700000000001,0.27,14.165,24.762999999999998,2.3369999999999997,6.6182,6.246,20.022000000000002,32.285000000000004,3.2809999999999997,1.771139999999999,5.795,6.776999999999999,7.195,0.7599999999999998,12,2,1,12,5,0.0,0.0,0.0,0.0,0.0
S0879,5.588563333333334,2.61475,17.140666666666668,28.001249999999995,2.8485833333333335,0.725445751805278,2.334490015925059,2.244759249816304,2.876114489867107,0.38906113199055276,4.696700000000001,0.27,14.165,24.762999999999998,2.3369999999999997,6.6182,6.246,20.022000000000002,32.285000000000004,3.2809999999999997,1.771139999999999,5.795,6.776999999999999,7.195,0.7599999999999998,12,2,1,12,5,0.0,0.0,0.0,0.0,0.0
S0880,5.588563333333334,2.61475,17.140666666666668,28.001249999999995,2.8485833333333335,0.725445751805278,2.334490015925059,2.244759249816304,2.876114489867107,0.38906113199055276,4.696700000000001,0.27,14.165,24.762999999999998,2.3369999999999997,6.6182,6.246,20.022000000000002,32.285000000000004,3.2809999999999997,1.771139999999999,5.795,6.776999999999999,7.195,0.7599999999999998,12,2,1,12,5,0.0,0.0,0.0,0.0,0.0
S0881,5.588563333333334,2.61475,17.140666666666668,28.001249999999995,2.8485833333333335,0.725445751805278,2.334490015925059,2.244759249816304,2.876114489867107,0.38906113199055276,4.696700000000001,0.27,14.165,24.762999999999998,2.3369999999999997,6.6182,6.246,20.022000000000002,32.285000000000004,3.2809999999999997,1.771139999999999,5.795,6.776999999999999,7.195,0.7599999999999998,12,2,1,12,5,0.0,0.0,0.0,0.0,0.0
S0882,5.588563333333334,3.042083333333333,14.098500000000001,25.002083333333335,2.3571666666666666,0.725445751805278,2.4130036012305953,2.4208869303236296,3.1147806742143795,0.3061421192826619,4.696700000000001,0.51,10.665,21.599,1.998,6.6182,6.509,17.016000000000002,29.907999999999998,2.7450000000000006,1.771139999999999,5.939,7.163999999999998,7.836999999999996,0.6480000000000001,12,2,1,12,7,0.0,0.0,0.0,0.0,0.0
S0883,5.588563333333334,3.042083333333333,14.098500000000001,25.002083333333335,2.3571666666666666,0.725445751805278,2.4130036012305953,2.4208869303236296,3.1147806742143795,0.3061421192826619,4.696700000000001,0.51,10.665,21.599,1.998,6.6182,6.509,17.016000000000002,29.907999999999998,2.7450000000000006,1.771139999999999,5.939,7.163999999999998,7.836999999999996,0.6480000000000001,12,2,1,12,7,0.0,0.0,0.0,0.0,0.0
S0884,5.588563333333334,3.042083333333333,14.098500000000001,25.002083333333335,2.3571666666666666,0.725445751805278,2.4130036012305953,2.4208869303236296,3.1147806742143795,0.3061421192826619,4.696700000000001,0.51,10.665,21.599,1.998,6.6182,6.509,17.016000000000002,29.907999999999998,2.7450000000000006,1.771139999999999,5.939,7.163999999999998,7.836999999999996,0.6480000000000001,12,2,1,12,7,0.0,0.0,0.0,0.0,0.0
S0885,5.588563333333334,3.042083333333333,14.098500000000001,25.002083333333335,2.3571666666666666,0.725445751805278,2.4130036012305953,2.4208869303236296,3.1147806742143795,0.3061421192826619,4.696700000000001,0.51,10.665,21.599,1.998,6.6182,6.509,17.016000000000002,29.907999999999998,2.7450000000000006,1.771139999999999,5.939,7.163999999999998,7.836999999999996,0.6480000000000001,12,2,1,12,7,0.0,0.0,0.0,0.0,0.0
S0886,5.588563333333334,2.61475,17.140666666666668,28.001249999999995,2.8485833333333335,0.725445751805278,2.334490015925059,2.244759249816304,2.876114489867107,0.38906113199055276,4.696700000000001,0.27,14.165,24.762999999999998,2.3369999999999997,6.6182,6.246,20.022000000000002,32.285000000000004,3.2809999999999997,1.771139999999999,5.795,6.776999999999999,7.195,0.7599999999999998,12,2,1,12,5,0.0,0.0,0.0,0.0,0.0
S0887,5.588563333333334,2.61475,17.140666666666668,28.001249999999995,2.8485833333333335,0.725445751805278,2.334490015925059,2.244759249816304,2.876114489867107,0.38906113199055276,4.696700000000001,0.27,14.165,24.762999999999998,2.3369999999999997,6.6182,6.246,20.022000000000002,32.285000000000004,3.2809999999999997,1.771139999999999,5.795,6.776999999999999,7.195,0.7599999999999998,12,2,1,12,5,0.0,0.0,0.0,0.0,0.0
S0888,5.588563333333334,3.042083333333333,14.098500000000001,25.002083333333335,2.3571666666666666,0.725445751805278,2.4130036012305953,2.4208869303236296,3.1147806742143795,0.3061421192826619,4.696700000000001,0.51,10.665,21.599,1.998,6.6182,6.509,17.016000000000002,29.907999999999998,2.7450000000000006,1.771139999999999,5.939,7.163999999999998,7.836999999999996,0.6480000000000001,12,2,1,12,7,0.0,0.0,0.0,0.0,0.0
S0889,5.728445,2.4730833333333333,16.292333333333332,27.32275,3.878666666666667,0.7315652161776204,2.38009102143345,2.405216925639713,2.961354721358839,0.4671456925191708,4.7664800000000005,0.168,12.891,23.973,3.329,6.73346,6.154000000000001,19.31,32.061,4.4510000000000005,1.9214600000000006,5.804,7.158999999999997,7.297000000000001,0.8900000000000001,12,2,1,12,5,0.0,0.0,0.0,0.0,0.0
S0890,5.728445,2.4730833333333333,16.292333333333332,27.32275,3.878666666666667,0.7315652161776204,2.38009102143345,2.405216925639713,2.961354721358839,0.4671456925191708,4.7664800000000005,0.168,12.891,23.973,3.329,6.73346,6.154000000000001,19.31,32.061,4.4510000000000005,1.9214600000000006,5.804,7.158999999999997,7.297000000000001,0.8900000000000001,12,2,1,12,5,0.0,0.0,0.0,0.0,0.0
S0891,5.728445,2.3989166666666666,16.991666666666667,28.271833333333333,3.7248333333333337,0.7315652161776204,2.4780677603588592,2.408952257806733,3.1888914286029504,0.5338617567780446,4.7664800000000005,0.13,13.745,24.755000000000003,3.105,6.73346,6.041,20.421000000000003,33.224,4.38,1.9214600000000006,6.126,6.997,7.671000000000003,0.8620000000000001,12,2,1,10,5,0.0,0.0,0.0,0.0,0.0
S0892,5.644790833333333,2.3989166666666666,16.991666666666667,28.271833333333333,3.7248333333333337,0.6704167872083219,2.4780677603588592,2.408952257806733,3.1888914286029504,0.5338617567780446,4.71329,0.13,13.745,24.755000000000003,3.105,6.639390000000001,6.041,20.421000000000003,33.224,4.38,1.6568600000000009,6.126,6.997,7.671000000000003,0.8620000000000001,12,2,1,10,5,0.0,0.0,0.0,0.0,0.0
S0893,5.644790833333333,2.3989166666666666,16.991666666666667,28.271833333333333,3.7248333333333337,0.6704167872083219,2.4780677603588592,2.408952257806733,3.1888914286029504,0.5338617567780446,4.71329,0.13,13.745,24.755000000000003,3.105,6.639390000000001,6.041,20.421000000000003,33.224,4.38,1.6568600000000009,6.126,6.997,7.671000000000003,0.8620000000000001,12,2,1,10,5,0.0,0.0,0.0,0.0,0.0
S0894,5.588563333333334,2.61475,17.140666666666668,28.001249999999995,2.8485833333333335,0.725445751805278,2.334490015925059,2.244759249816304,2.876114489867107,0.38906113199055276,4.696700000000001,0.27,14.165,24.762999999999998,2.3369999999999997,6.6182,6.246,20.022000000000002,32.285000000000004,3.2809999999999997,1.771139999999999,5.795,6.776999999999999,7.195,0.7599999999999998,12,2,1,12,5,0.0,0.0,0.0,0.0,0.0
S0895,5.168168333333333,2.61475,17.140666666666668,28.001249999999995,2.8485833333333335,0.6970436564439816,2.334490015925059,2.244759249816304,2.876114489867107,0.38906113199055276,4.225280000000001,0.27,14.165,24.762999999999998,2.3369999999999997,6.06832,6.246,20.022000000000002,32.285000000000004,3.2809999999999997,1.61477,5.795,6.776999999999999,7.195,0.7599999999999998,12,2,1,12,5,0.0,0.0,0.0,0.0,0.0
S0896,5.168168333333333,2.571833333333333,14.367666666666667,25.212583333333335,3.4979999999999998,0.6970436564439816,2.3159566995463603,2.2625529320455957,2.5404689224508092,0.3487976948501425,4.225280000000001,0.2,11.14,22.445,3.06,6.06832,6.101999999999999,17.118,29.313000000000002,3.9720000000000004,1.61477,5.633,6.793999999999999,6.456999999999997,0.5740000000000003,12,2,1,12,12,0.0,0.0,0.0,0.0,0.0
S0897,5.168168333333333,2.8827499999999997,14.750333333333334,25.850916666666663,2.7228333333333334,0.6970436564439816,2.3849059536097066,2.4284112914743714,2.7868098673384014,0.28888712381849635,4.225280000000001,0.429,11.315,23.016,2.399,6.06832,6.459000000000002,17.668,30.201,3.131,1.61477,5.849,7.162000000000001,6.911000000000001,0.6139999999999999,12,2,1,12,12,0.0,0.0,0.0,0.0,0.0
S0898,5.168168333333333,2.8827499999999997,14.750333333333334,25.850916666666663,2.7228333333333334,0.6970436564439816,2.3849059536097066,2.4284112914743714,2.7868098673384014,0.28888712381849635,4.225280000000001,0.429,11.315,23.016,2.399,6.06832,6.459000000000002,17.668,30.201,3.131,1.61477,5.849,7.162000000000001,6.911000000000001,0.6139999999999999,12,2,1,12,12,0.0,0.0,0.0,0.0,0.0
S0899,5.168168333333333,2.8827499999999997,14.750333333333334,25.850916666666663,2.7228333333333334,0.6970436564439816,2.3849059536097066,2.4284112914743714,2.7868098673384014,0.28888712381849635,4.225280000000001,0.429,11.315,23.016,2.399,6.06832,6.459000000000002,17.668,30.201,3.131,1.61477,5.849,7.162000000000001,6.911000000000001,0.6139999999999999,12,2,1,12,12,0.0,0.0,0.0,0.0,0.0
S0900,5.168168333333333,2.8827499999999997,14.750333333333334,25.850916666666663,2.7228333333333334,0.6970436564439816,2.3849059536097066,2.4284112914743714,2.7868098673384014,0.28888712381849635,4.225280000000001,0.429,11.315,23.016,2.399,6.06832,6.459000000000002,17.668,30.201,3.131,1.61477,5.849,7.162000000000001,6.911000000000001,0.6139999999999999,12,2,1,12,12,0.0,0.0,0.0,0.0,0.0
S0901,5.168168333333333,2.8827499999999997,14.750333333333334,25.850916666666663,2.7228333333333334,0.6970436564439816,2.3849059536097066,2.4284112914743714,2.7868098673384014,0.28888712381849635,4.225280000000001,0.429,11.315,23.016,2.399,6.06832,6.459000000000002,17.668,30.201,3.131,1.61477,5.849,7.162000000000001,6.911000000000001,0.6139999999999999,12,2,1,12,12,0.0,0.0,0.0,0.0,0.0
S0902,5.168168333333333,3.43425,19.339750000000002,30.680666666666664,2.3964166666666666,0.6970436564439816,2.7216504083695523,3.0360153182428187,3.69878284166615,0.26991376099663783,4.225280000000001,0.689,14.934,26.686,2.079,6.06832,7.498000000000001,22.653,36.091,2.7920000000000003,1.61477,6.433000000000001,8.758000000000001,9.087999999999997,0.746,12,2,1,12,12,0.0,0.0,0.0,0.0,0.0
S0903,5.168168333333333,3.43425,19.339750000000002,30.680666666666664,2.3964166666666666,0.6970436564439816,2.7216504083695523,3.0360153182428187,3.69878284166615,0.26991376099663783,4.225280000000001,0.689,14.934,26.686,2.079,6.06832,7.498000000000001,22.653,36.091,2.7920000000000003,1.61477,6.433000000000001,8.758000000000001,9.087999999999997,0.746,12,2,1,12,12,0.0,0.0,0.0,0.0,0.0
S0904,5.168168333333333,3.43425,19.339750000000002,30.680666666666664,2.3964166666666666,0.6970436564439816,2.7216504083695523,3.0360153182428187,3.69878284166615,0.26991376099663783,4.225280000000001,0.689,14.934,26.686,2.079,6.06832,7.498000000000001,22.653,36.091,2.7920000000000003,1.61477,6.433000000000001,8.758000000000001,9.087999999999997,0.746,12,2,1,12,12,0.0,0.0,0.0,0.0,0.0
S0905,5.168168333333333,3.43425,19.339750000000002,30.680666666666664,2.3964166666666666,0.6970436564439816,2.7216504083695523,3.0360153182428187,3.69878284166615,0.26991376099663783,4.225280000000001,0.689,14.934,26.686,2.079,6.06832,7.498000000000001,22.653,36.091,2.7920000000000003,1.61477,6.433000000000001,8.758000000000001,9.087999999999997,0.746,12,2,1,12,12,0.0,0.0,0.0,0.0,0.0
S0906,5.168168333333333,3.43425,19.339750000000002,30.680666666666664,2.3964166666666666,0.6970436564439816,2.7216504083695523,3.0360153182428187,3.69878284166615,0.26991376099663783,4.225280000000001,0.689,14.934,26.686,2.079,6.06832,7.498000000000001,22.653,36.091,2.7920000000000003,1.61477,6.433000000000001,8.758000000000001,9.087999999999997,0.746,12,2,1,12,12,0.0,0.0,0.0,0.0,0.0
S0907,4.642835833333334,4.2411666666666665,22.4225,31.38225,3.6293333333333333,0.9775415060753891,3.0811282947367595,3.0418548769520504,3.283951417388008,0.4702703197837046,3.19661,1.0170000000000001,18.189,27.866,3.037,5.804900000000001,8.35,25.488000000000003,35.936,4.144,2.48875,6.792999999999999,8.678999999999995,7.951999999999998,1.037,1,2,1,12,8,0.0,0.0,0.0,0.0,0.0
S0908,4.8537625,4.2411666666666665,22.4225,31.38225,3.6293333333333333,1.1590545703949238,3.0811282947367595,3.0418548769520504,3.283951417388008,0.4702703197837046,3.24366,1.0170000000000001,18.189,27.866,3.037,6.2724400000000005,8.35,25.488000000000003,35.936,4.144,2.9906099999999998,6.792999999999999,8.678999999999995,7.951999999999998,1.037,1,2,1,12,8,0.0,0.0,0.0,0.0,0.0
S0909,4.8537625,4.2411666666666665,22.4225,31.38225,3.6293333333333333,1.1590545703949238,3.0811282947367595,3.0418548769520504,3.283951417388008,0.4702703197837046,3.24366,1.0170000000000001,18.189,27.866,3.037,6.2724400000000005,8.35,25.488000000000003,35.936,4.144,2.9906099999999998,6.792999999999999,8.678999999999995,7.951999999999998,1.037,1,2,1,12,8,0.0,0.0,0.0,0.0,0.0
S0910,5.168168333333333,2.8827499999999997,14.750333333333334,25.850916666666663,2.7228333333333334,0.6970436564439816,2.3849059536097066,2.4284112914743714,2.7868098673384014,0.28888712381849635,4.225280000000001,0.429,11.315,23.016,2.399,6.06832,6.459000000000002,17.668,30.201,3.131,1.61477,5.849,7.162000000000001,6.911000000000001,0.6139999999999999,12,2,1,12,12,0.0,0.0,0.0,0.0,0.0
S0911,5.168168333333333,2.8827499999999997,14.750333333333334,25.850916666666663,2.7228333333333334,0.6970436564439816,2.3849059536097066,2.4284112914743714,2.7868098673384014,0.28888712381849635,4.225280000000001,0.429,11.315,23.016,2.399,6.06832,6.459000000000002,17.668,30.201,3.131,1.61477,5.849,7.162000000000001,6.911000000000001,0.6139999999999999,12,2,1,12,12,0.0,0.0,0.0,0.0,0.0
S0912,5.168168333333333,3.43425,19.339750000000002,30.680666666666664,2.3964166666666666,0.6970436564439816,2.7216504083695523,3.0360153182428187,3.69878284166615,0.26991376099663783,4.225280000000001,0.689,14.934,26.686,2.079,6.06832,7.498000000000001,22.653,36.091,2.7920000000000003,1.61477,6.433000000000001,8.758000000000001,9.087999999999997,0.746,12,2,1,12,12,0.0,0.0,0.0,0.0,0.0
S0913,5.168168333333333,3.43425,19.339750000000002,30.680666666666664,2.3964166666666666,0.6970436564439816,2.7216504083695523,3.0360153182428187,3.69878284166615,0.26991376099663783,4.225280000000001,0.689,14.934,26.686,2.079,6.06832,7.498000000000001,22.653,36.091,2.7920000000000003,1.61477,6.433000000000001,8.758000000000001,9.087999999999997,0.746,12,2,1,12,12,0.0,0.0,0.0,0.0,0.0
S0914,5.1255625,2.4379166666666663,15.211666666666668,26.801166666666667,2.8332499999999996,0.877350327876858,2.0178871951853496,2.5848697879638523,2.999233006528666,0.30827839240999483,3.9681,0.39,11.658,23.614,2.4490000000000003,6.22875,5.372,18.234,31.237000000000002,3.151,2.2522700000000007,4.7509999999999994,7.4990000000000006,7.171999999999997,0.782,12,2,1,12,12,0.0,0.0,0.0,0.0,0.0
S0915,5.1255625,2.4379166666666663,15.211666666666668,26.801166666666667,2.8332499999999996,0.877350327876858,2.0178871951853496,2.5848697879638523,2.999233006528666,0.30827839240999483,3.9681,0.39,11.658,23.614,2.4490000000000003,6.22875,5.372,18.234,31.237000000000002,3.151,2.2522700000000007,4.7509999999999994,7.4990000000000006,7.171999999999997,0.782,12,2,1,12,12,0.0,0.0,0.0,0.0,0.0
S0916,5.1255625,2.4379166666666663,15.211666666666668,26.801166666666667,2.8332499999999996,0.877350327876858,2.0178871951853496,2.5848697879638523,2.999233006528666,0.30827839240999483,3.9681,0.39,11.658,23.614,2.4490000000000003,6.22875,5.372,18.234,31.237000000000002,3.151,2.2522700000000007,4.7509999999999994,7.4990000000000006,7.171999999999997,0.782,12,2,1,12,12,0.0,0.0,0.0,0.0,0.0
S0917,5.1255625,2.4379166666666663,15.211666666666668,26.801166666666667,2.8332499999999996,0.877350327876858,2.0178871951853496,2.5848697879638523,2.999233006528666,0.30827839240999483,3.9681,0.39,11.658,23.614,2.4490000000000003,6.22875,5.372,18.234,31.237000000000002,3.151,2.2522700000000007,4.7509999999999994,7.4990000000000006,7.171999999999997,0.782,12,2,1,12,12,0.0,0.0,0.0,0.0,0.0
S0918,5.1255625,2.4379166666666663,15.211666666666668,26.801166666666667,2.8332499999999996,0.877350327876858,2.0178871951853496,2.5848697879638523,2.999233006528666,0.30827839240999483,3.9681,0.39,11.658,23.614,2.4490000000000003,6.22875,5.372,18.234,31.237000000000002,3.151,2.2522700000000007,4.7509999999999994,7.4990000000000006,7.171999999999997,0.782,12,2,1,12,12,0.0,0.0,0.0,0.0,0.0
S0919,5.1255625,3.428916666666667,15.389583333333333,26.62875,2.313,0.877350327876858,2.6252416602114566,2.728787521507494,3.3878712392317163,0.2752709894759323,3.9681,0.75,11.459000000000001,23.245,1.95,6.22875,7.37,18.392,31.744,2.7,2.2522700000000007,6.157000000000001,8.000999999999998,8.149999999999999,0.7440000000000002,12,2,1,12,12,0.0,0.0,0.0,0.0,0.0
S0920,5.1255625,3.428916666666667,15.389583333333333,26.62875,2.313,0.877350327876858,2.6252416602114566,2.728787521507494,3.3878712392317163,0.2752709894759323,3.9681,0.75,11.459000000000001,23.245,1.95,6.22875,7.37,18.392,31.744,2.7,2.2522700000000007,6.157000000000001,8.000999999999998,8.149999999999999,0.7440000000000002,12,2,1,12,12,0.0,0.0,0.0,0.0,0.0
S0921,5.1255625,3.428916666666667,15.389583333333333,26.62875,2.313,0.877350327876858,2.6252416602114566,2.728787521507494,3.3878712392317163,0.2752709894759323,3.9681,0.75,11.459000000000001,23.245,1.95,6.22875,7.37,18.392,31.744,2.7,2.2522700000000007,6.157000000000001,8.000999999999998,8.149999999999999,0.7440000000000002,12,2,1,12,12,0.0,0.0,0.0,0.0,0.0
S0922,5.1255625,3.428916666666667,15.389583333333333,26.62875,2.313,0.877350327876858,2.6252416602114566,2.728787521507494,3.3878712392317163,0.2752709894759323,3.9681,0.75,11.459000000000001,23.245,1.95,6.22875,7.37,18.392,31.744,2.7,2.2522700000000007,6.157000000000001,8.000999999999998,8.149999999999999,0.7440000000000002,12,2,1,12,12,0.0,0.0,0.0,0.0,0.0
S0923,5.1255625,3.428916666666667,15.389583333333333,26.62875,2.313,0.877350327876858,2.6252416602114566,2.728787521507494,3.3878712392317163,0.2752709894759323,3.9681,0.75,11.459000000000001,23.245,1.95,6.22875,7.37,18.392,31.744,2.7,2.2522700000000007,6.157000000000001,8.000999999999998,8.149999999999999,0.7440000000000002,12,2,1,12,12,0.0,0.0,0.0,0.0,0.0
S0924,4.642835833333334,3.3673333333333333,20.301416666666668,31.706000000000003,2.4995833333333333,0.9775415060753891,2.6919518186322606,3.291977846866182,4.108794094081988,0.2910958600184619,3.19661,0.708,15.639000000000001,27.169,2.1390000000000002,5.804900000000001,7.0550000000000015,23.938,37.741,2.922,2.48875,6.056,9.547,9.911000000000001,0.831,1,2,1,12,12,0.0,0.0,0.0,0.0,0.0
S0925,4.642835833333334,3.582333333333333,24.72575,35.15716666666667,2.9258333333333337,0.9775415060753891,2.8658521935923718,3.5022820081635175,4.097180867917081,0.36270131085558344,3.19661,0.779,19.852999999999998,30.63,2.478,5.804900000000001,7.390000000000003,28.528000000000002,41.068,3.42,2.48875,6.4529999999999985,9.849999999999994,10.341999999999999,0.9460000000000002,1,2,1,11,8,0.0,0.0,0.0,0.0,0.0
S0926,4.642835833333334,3.582333333333333,24.72575,35.15716666666667,2.9258333333333337,0.9775415060753891,2.8658521935923718,3.5022820081635175,4.097180867917081,0.36270131085558344,3.19661,0.779,19.852999999999998,30.63,2.478,5.804900000000001,7.390000000000003,28.528000000000002,41.068,3.42,2.48875,6.4529999999999985,9.849999999999994,10.341999999999999,0.9460000000000002,1,2,1,11,8,0.0,0.0,0.0,0.0,0.0
S0927,4.642835833333334,3.582333333333333,24.72575,35.15716666666667,2.9258333333333337,0.9775415060753891,2.8658521935923718,3.5022820081635175,4.097180867917081,0.36270131085558344,3.19661,0.779,19.852999999999998,30.63,2.478,5.804900000000001,7.390000000000003,28.528000000000002,41.068,3.42,2.48875,6.4529999999999985,9.849999999999994,10.341999999999999,0.9460000000000002,1,2,1,11,8,0.0,0.0,0.0,0.0,0.0
S0928,4.642835833333334,3.582333333333333,24.72575,35.15716666666667,2.9258333333333337,0.9775415060753891,2.8658521935923718,3.5022820081635175,4.097180867917081,0.36270131085558344,3.19661,0.779,19.852999999999998,30.63,2.478,5.804900000000001,7.390000000000003,28.528000000000002,41.068,3.42,2.48875,6.4529999999999985,9.849999999999994,10.341999999999999,0.9460000000000002,1,2,1,11,8,0.0,0.0,0.0,0.0,0.0
S0929,4.642835833333334,3.0563333333333333,25.179916666666667,34.05716666666667,3.64425,0.9775415060753891,2.60747823482729,3.3786453691993663,3.5704624334664996,0.5079562981599265,3.19661,0.52,20.31,29.751,3.0,5.804900000000001,6.819000000000001,28.683,38.772000000000006,4.282,2.48875,5.707999999999999,9.058,9.576999999999998,1.177,1,2,1,12,8,0.0,0.0,0.0,0.0,0.0
S0930,4.642835833333334,3.428916666666667,15.389583333333333,26.62875,2.313,0.9775415060753891,2.6252416602114566,2.728787521507494,3.3878712392317163,0.2752709894759323,3.19661,0.75,11.459000000000001,23.245,1.95,5.804900000000001,7.37,18.392,31.744,2.7,2.48875,6.157000000000001,8.000999999999998,8.149999999999999,0.7440000000000002,1,2,1,12,12,0.0,0.0,0.0,0.0,0.0
S0931,5.168168333333333,3.43425,19.339750000000002,30.680666666666664,2.3964166666666666,0.6970436564439816,2.7216504083695523,3.0360153182428187,3.69878284166615,0.26991376099663783,4.225280000000001,0.689,14.934,26.686,2.079,6.06832,7.498000000000001,22.653,36.091,2.7920000000000003,1.61477,6.433000000000001,8.758000000000001,9.087999999999997,0.746,12,2,1,12,12,0.0,0.0,0.0,0.0,0.0
S0932,5.168168333333333,3.43425,19.339750000000002,30.680666666666664,2.3964166666666666,0.6970436564439816,2.7216504083695523,3.0360153182428187,3.69878284166615,0.26991376099663783,4.225280000000001,0.689,14.934,26.686,2.079,6.06832,7.498000000000001,22.653,36.091,2.7920000000000003,1.61477,6.433000000000001,8.758000000000001,9.087999999999997,0.746,12,2,1,12,12,0.0,0.0,0.0,0.0,0.0
S0933,5.168168333333333,3.43425,19.339750000000002,30.680666666666664,2.3964166666666666,0.6970436564439816,2.7216504083695523,3.0360153182428187,3.69878284166615,0.26991376099663783,4.225280000000001,0.689,14.934,26.686,2.079,6.06832,7.498000000000001,22.653,36.091,2.7920000000000003,1.61477,6.433000000000001,8.758000000000001,9.087999999999997,0.746,12,2,1,12,12,0.0,0.0,0.0,0.0,0.0
S0934,5.168168333333333,2.8827499999999997,14.750333333333334,25.850916666666663,2.7228333333333334,0.6970436564439816,2.3849059536097066,2.4284112914743714,2.7868098673384014,0.28888712381849635,4.225280000000001,0.429,11.315,23.016,2.399,6.06832,6.459000000000002,17.668,30.201,3.131,1.61477,5.849,7.162000000000001,6.911000000000001,0.6139999999999999,12,2,1,12,12,0.0,0.0,0.0,0.0,0.0
S0935,5.168168333333333,2.8827499999999997,14.750333333333334,25.850916666666663,2.7228333333333334,0.6970436564439816,2.3849059536097066,2.4284112914743714,2.7868098673384014,0.28888712381849635,4.225280000000001,0.429,11.315,23.016,2.399,6.06832,6.459000000000002,17.668,30.201,3.131,1.61477,5.849,7.162000000000001,6.911000000000001,0.6139999999999999,12,2,1,12,12,0.0,0.0,0.0,0.0,0.0
S0936,5.168168333333333,2.8827499999999997,14.750333333333334,25.850916666666663,2.7228333333333334,0.6970436564439816,2.3849059536097066,2.4284112914743714,2.7868098673384014,0.28888712381849635,4.225280000000001,0.429,11.315,23.016,2.399,6.06832,6.459000000000002,17.668,30.201,3.131,1.61477,5.849,7.162000000000001,6.911000000000001,0.6139999999999999,12,2,1,12,12,0.0,0.0,0.0,0.0,0.0
S0937,4.642835833333334,3.3673333333333333,20.301416666666668,31.706000000000003,2.4995833333333333,0.9775415060753891,2.6919518186322606,3.291977846866182,4.108794094081988,0.2910958600184619,3.19661,0.708,15.639000000000001,27.169,2.1390000000000002,5.804900000000001,7.0550000000000015,23.938,37.741,2.922,2.48875,6.056,9.547,9.911000000000001,0.831,1,2,1,12,12,0.0,0.0,0.0,0.0,0.0
S0938,4.642835833333334,3.582333333333333,24.72575,35.15716666666667,2.9258333333333337,0.9775415060753891,2.8658521935923718,3.5022820081635175,4.097180867917081,0.36270131085558344,3.19661,0.779,19.852999999999998,30.63,2.478,5.804900000000001,7.390000000000003,28.528000000000002,41.068,3.42,2.48875,6.4529999999999985,9.849999999999994,10.341999999999999,0.9460000000000002,1,2,1,11,8,0.0,0.0,0.0,0.0,0.0
S0939,4.642835833333334,3.582333333333333,24.72575,35.15716666666667,2.9258333333333337,0.9775415060753891,2.8658521935923718,3.5022820081635175,4.097180867917081,0.36270131085558344,3.19661,0.779,19.852999999999998,30.63,2.478,5.804900000000001,7.390000000000003,28.528000000000002,41.068,3.42,2.48875,6.4529999999999985,9.849999999999994,10.341999999999999,0.9460000000000002,1,2,1,11,8,0.0,0.0,0.0,0.0,0.0
S0940,4.642835833333334,3.3673333333333333,20.301416666666668,31.706000000000003,2.4995833333333333,0.9775415060753891,2.6919518186322606,3.291977846866182,4.108794094081988,0.2910958600184619,3.19661,0.708,15.639000000000001,27.169,2.1390000000000002,5.804900000000001,7.0550000000000015,23.938,37.741,2.922,2.48875,6.056,9.547,9.911000000000001,0.831,1,2,1,12,12,0.0,0.0,0.0,0.0,0.0
S0941,4.642835833333334,3.3673333333333333,20.301416666666668,31.706000000000003,2.4995833333333333,0.9775415060753891,2.6919518186322606,3.291977846866182,4.108794094081988,0.2910958600184619,3.19661,0.708,15.639000000000001,27.169,2.1390000000000002,5.804900000000001,7.0550000000000015,23.938,37.741,2.922,2.48875,6.056,9.547,9.911000000000001,0.831,1,2,1,12,12,0.0,0.0,0.0,0.0,0.0
S0942,5.1255625,3.428916666666667,15.389583333333333,26.62875,2.313,0.877350327876858,2.6252416602114566,2.728787521507494,3.3878712392317163,0.2752709894759323,3.9681,0.75,11.459000000000001,23.245,1.95,6.22875,7.37,18.392,31.744,2.7,2.2522700000000007,6.157000000000001,8.000999999999998,8.149999999999999,0.7440000000000002,12,2,1,12,12,0.0,0.0,0.0,0.0,0.0
S0943,5.1255625,3.428916666666667,15.389583333333333,26.62875,2.313,0.877350327876858,2.6252416602114566,2.728787521507494,3.3878712392317163,0.2752709894759323,3.9681,0.75,11.459000000000001,23.245,1.95,6.22875,7.37,18.392,31.744,2.7,2.2522700000000007,6.157000000000001,8.000999999999998,8.149999999999999,0.7440000000000002,12,2,1,12,12,0.0,0.0,0.0,0.0,0.0
S0944,5.728445,2.571833333333333,14.367666666666667,25.212583333333335,3.4979999999999998,0.7315652161776204,2.3159566995463603,2.2625529320455957,2.5404689224508092,0.3487976948501425,4.7664800000000005,0.2,11.14,22.445,3.06,6.73346,6.101999999999999,17.118,29.313000000000002,3.9720000000000004,1.9214600000000006,5.633,6.793999999999999,6.456999999999997,0.5740000000000003,12,2,1,12,12,0.0,0.0,0.0,0.0,0.0
S0945,5.728445,2.571833333333333,14.367666666666667,25.212583333333335,3.4979999999999998,0.7315652161776204,2.3159566995463603,2.2625529320455957,2.5404689224508092,0.3487976948501425,4.7664800000000005,0.2,11.14,22.445,3.06,6.73346,6.101999999999999,17.118,29.313000000000002,3.9720000000000004,1.9214600000000006,5.633,6.793999999999999,6.456999999999997,0.5740000000000003,12,2,1,12,12,0.0,0.0,0.0,0.0,0.0
S0946,5.728445,2.4730833333333333,16.292333333333332,27.32275,3.878666666666667,0.7315652161776204,2.38009102143345,2.405216925639713,2.961354721358839,0.4671456925191708,4.7664800000000005,0.168,12.891,23.973,3.329,6.73346,6.154000000000001,19.31,32.061,4.4510000000000005,1.9214600000000006,5.804,7.158999999999997,7.297000000000001,0.8900000000000001,12,2,1,12,5,0.0,0.0,0.0,0.0,0.0
S0947,5.728445,2.4730833333333333,16.292333333333332,27.32275,3.878666666666667,0.7315652161776204,2.38009102143345,2.405216925639713,2.961354721358839,0.4671456925191708,4.7664800000000005,0.168,12.891,23.973,3.329,6.73346,6.154000000000001,19.31,32.061,4.4510000000000005,1.9214600000000006,5.804,7.158999999999997,7.297000000000001,0.8900000000000001,12,2,1,12,5,0.0,0.0,0.0,0.0,0.0
S0948,5.728445,2.4730833333333333,16.292333333333332,27.32275,3.878666666666667,0.7315652161776204,2.38009102143345,2.405216925639713,2.961354721358839,0.4671456925191708,4.7664800000000005,0.168,12.891,23.973,3.329,6.73346,6.154000000000001,19.31,32.061,4.4510000000000005,1.9214600000000006,5.804,7.158999999999997,7.297000000000001,0.8900000000000001,12,2,1,12,5,0.0,0.0,0.0,0.0,0.0
S0949,5.728445,2.4730833333333333,16.292333333333332,27.32275,3.878666666666667,0.7315652161776204,2.38009102143345,2.405216925639713,2.961354721358839,0.4671456925191708,4.7664800000000005,0.168,12.891,23.973,3.329,6.73346,6.154000000000001,19.31,32.061,4.4510000000000005,1.9214600000000006,5.804,7.158999999999997,7.297000000000001,0.8900000000000001,12,2,1,12,5,0.0,0.0,0.0,0.0,0.0
S0950,5.644790833333333,2.3989166666666666,16.991666666666667,28.271833333333333,3.7248333333333337,0.6704167872083219,2.4780677603588592,2.408952257806733,3.1888914286029504,0.5338617567780446,4.71329,0.13,13.745,24.755000000000003,3.105,6.639390000000001,6.041,20.421000000000003,33.224,4.38,1.6568600000000009,6.126,6.997,7.671000000000003,0.8620000000000001,12,2,1,10,5,0.0,0.0,0.0,0.0,0.0
S0951,5.644790833333333,2.3989166666666666,16.991666666666667,28.271833333333333,3.7248333333333337,0.6704167872083219,2.4780677603588592,2.408952257806733,3.1888914286029504,0.5338617567780446,4.71329,0.13,13.745,24.755000000000003,3.105,6.639390000000001,6.041,20.421000000000003,33.224,4.38,1.6568600000000009,6.126,6.997,7.671000000000003,0.8620000000000001,12,2,1,10,5,0.0,0.0,0.0,0.0,0.0
S0952,5.644790833333333,2.4165833333333335,16.31825,27.37525,2.9581666666666666,0.6704167872083219,2.6547127891727196,2.180908245963347,3.294758241472035,0.5304524520836609,4.71329,0.08,13.529,23.686,2.318,6.639390000000001,6.275000000000002,19.592,32.365,3.612,1.6568600000000009,6.721,6.140999999999998,8.109000000000005,1.0860000000000003,12,2,1,10,5,0.0,0.0,0.0,0.0,0.0
S0953,5.644790833333333,2.4165833333333335,16.31825,27.37525,2.9581666666666666,0.6704167872083219,2.6547127891727196,2.180908245963347,3.294758241472035,0.5304524520836609,4.71329,0.08,13.529,23.686,2.318,6.639390000000001,6.275000000000002,19.592,32.365,3.612,1.6568600000000009,6.721,6.140999999999998,8.109000000000005,1.0860000000000003,12,2,1,10,5,0.0,0.0,0.0,0.0,0.0
S0954,5.0825225,3.5677499999999998,17.16,28.846166666666665,2.097083333333333,0.7299276473252894,3.319216385830605,2.4851559307214504,3.590812314955001,0.24663583822039709,4.0421,0.36,13.871,25.264,1.81,6.01207,9.000000000000004,20.544,34.642,2.4320000000000004,1.7328900000000003,8.068,7.3309999999999995,8.829,0.42100000000000004,12,2,1,12,9,0.0,0.0,0.0,0.0,0.0
S0955,5.0825225,2.548,17.461250000000003,28.593083333333333,2.688916666666666,0.7299276473252894,2.637581525284291,2.195223830971964,3.2883935941386317,0.515598364688512,4.0421,0.128,14.692,25.192,2.119,6.01207,6.084000000000001,20.633000000000003,33.555,3.39,1.7328900000000003,6.421,6.260999999999999,7.986999999999998,1.0350000000000001,12,2,1,10,5,0.0,0.0,0.0,0.0,0.0
S0956,5.168168333333333,2.8827499999999997,14.750333333333334,25.850916666666663,2.7228333333333334,0.6970436564439816,2.3849059536097066,2.4284112914743714,2.7868098673384014,0.28888712381849635,4.225280000000001,0.429,11.315,23.016,2.399,6.06832,6.459000000000002,17.668,30.201,3.131,1.61477,5.849,7.162000000000001,6.911000000000001,0.6139999999999999,12,2,1,12,12,0.0,0.0,0.0,0.0,0.0
S0957,5.728445,2.61475,17.140666666666668,28.001249999999995,2.8485833333333335,0.7315652161776204,2.334490015925059,2.244759249816304,2.876114489867107,0.38906113199055276,4.7664800000000005,0.27,14.165,24.762999999999998,2.3369999999999997,6.73346,6.246,20.022000000000002,32.285000000000004,3.2809999999999997,1.9214600000000006,5.795,6.776999999999999,7.195,0.7599999999999998,12,2,1,12,5,0.0,0.0,0.0,0.0,0.0
S0958,5.728445,2.571833333333333,14.367666666666667,25.212583333333335,3.4979999999999998,0.7315652161776204,2.3159566995463603,2.2625529320455957,2.5404689224508092,0.3487976948501425,4.7664800000000005,0.2,11.14,22.445,3.06,6.73346,6.101999999999999,17.118,29.313000000000002,3.9720000000000004,1.9214600000000006,5.633,6.793999999999999,6.456999999999997,0.5740000000000003,12,2,1,12,12,0.0,0.0,0.0,0.0,0.0
S0959,5.168168333333333,2.571833333333333,14.367666666666667,25.212583333333335,3.4979999999999998,0.6970436564439816,2.3159566995463603,2.2625529320455957,2.5404689224508092,0.3487976948501425,4.225280000000001,0.2,11.14,22.445,3.06,6.06832,6.101999999999999,17.118,29.313000000000002,3.9720000000000004,1.61477,5.633,6.793999999999999,6.456999999999997,0.5740000000000003,12,2,1,12,12,0.0,0.0,0.0,0.0,0.0
S0960,5.168168333333333,2.8827499999999997,14.750333333333334,25.850916666666663,2.7228333333333334,0.6970436564439816,2.3849059536097066,2.4284112914743714,2.7868098673384014,0.28888712381849635,4.225280000000001,0.429,11.315,23.016,2.399,6.06832,6.459000000000002,17.668,30.201,3.131,1.61477,5.849,7.162000000000001,6.911000000000001,0.6139999999999999,12,2,1,12,12,0.0,0.0,0.0,0.0,0.0
S0961,5.168168333333333,2.8827499999999997,14.750333333333334,25.850916666666663,2.7228333333333334,0.6970436564439816,2.3849059536097066,2.4284112914743714,2.7868098673384014,0.28888712381849635,4.225280000000001,0.429,11.315,23.016,2.399,6.06832,6.459000000000002,17.668,30.201,3.131,1.61477,5.849,7.162000000000001,6.911000000000001,0.6139999999999999,12,2,1,12,12,0.0,0.0,0.0,0.0,0.0
S0962,5.168168333333333,2.8827499999999997,14.750333333333334,25.850916666666663,2.7228333333333334,0.6970436564439816,2.3849059536097066,2.4284112914743714,2.7868098673384014,0.28888712381849635,4.225280000000001,0.429,11.315,23.016,2.399,6.06832,6.459000000000002,17.668,30.201,3.131,1.61477,5.849,7.162000000000001,6.911000000000001,0.6139999999999999,12,2,1,12,12,0.0,0.0,0.0,0.0,0.0
S0963,5.168168333333333,2.8827499999999997,14.750333333333334,25.850916666666663,2.7228333333333334,0.6970436564439816,2.3849059536097066,2.4284112914743714,2.7868098673384014,0.28888712381849635,4.225280000000001,0.429,11.315,23.016,2.399,6.06832,6.459000000000002,17.668,30.201,3.131,1.61477,5.849,7.162000000000001,6.911000000000001,0.6139999999999999,12,2,1,12,12,0.0,0.0,0.0,0.0,0.0
S0964,5.168168333333333,2.8827499999999997,14.750333333333334,25.850916666666663,2.7228333333333334,0.6970436564439816,2.3849059536097066,2.4284112914743714,2.7868098673384014,0.28888712381849635,4.225280000000001,0.429,11.315,23.016,2.399,6.06832,6.459000000000002,17.668,30.201,3.131,1.61477,5.849,7.162000000000001,6.911000000000001,0.6139999999999999,12,2,1,12,12,0.0,0.0,0.0,0.0,0.0
S0965,5.168168333333333,3.9494166666666666,19.82633333333333,30.153250000000003,3.0849166666666665,0.6970436564439816,3.0871395739907386,2.8372267005193743,3.8968239949860655,0.4268882833278246,4.225280000000001,0.789,15.965,26.198,2.529,6.06832,8.082000000000003,22.98,36.094,3.691,1.61477,7.124999999999999,8.404000000000003,9.369,1.0430000000000001,12,2,1,12,8,0.0,0.0,0.0,0.0,0.0
S0966,4.934536666666667,3.9494166666666666,19.82633333333333,30.153250000000003,3.0849166666666665,0.8860351604394795,3.0871395739907386,2.8372267005193743,3.8968239949860655,0.4268882833278246,3.58458,0.789,15.965,26.198,2.529,5.95973,8.082000000000003,22.98,36.094,3.691,2.3002999999999996,7.124999999999999,8.404000000000003,9.369,1.0430000000000001,1,2,1,12,8,0.0,0.0,0.0,0.0,0.0
S0967,4.934536666666667,3.9494166666666666,19.82633333333333,30.153250000000003,3.0849166666666665,0.8860351604394795,3.0871395739907386,2.8372267005193743,3.8968239949860655,0.4268882833278246,3.58458,0.789,15.965,26.198,2.529,5.95973,8.082000000000003,22.98,36.094,3.691,2.3002999999999996,7.124999999999999,8.404000000000003,9.369,1.0430000000000001,1,2,1,12,8,0.0,0.0,0.0,0.0,0.0
S0968,4.934536666666667,3.9494166666666666,19.82633333333333,30.153250000000003,3.0849166666666665,0.8860351604394795,3.0871395739907386,2.8372267005193743,3.8968239949860655,0.4268882833278246,3.58458,0.789,15.965,26.198,2.529,5.95973,8.082000000000003,22.98,36.094,3.691,2.3002999999999996,7.124999999999999,8.404000000000003,9.369,1.0430000000000001,1,2,1,12,8,0.0,0.0,0.0,0.0,0.0
S0969,5.588563333333334,2.61475,17.140666666666668,28.001249999999995,2.8485833333333335,0.725445751805278,2.334490015925059,2.244759249816304,2.876114489867107,0.38906113199055276,4.696700000000001,0.27,14.165,24.762999999999998,2.3369999999999997,6.6182,6.246,20.022000000000002,32.285000000000004,3.2809999999999997,1.771139999999999,5.795,6.776999999999999,7.195,0.7599999999999998,12,2,1,12,5,0.0,0.0,0.0,0.0,0.0
S0970,5.588563333333334,2.61475,17.140666666666668,28.001249999999995,2.8485833333333335,0.725445751805278,2.334490015925059,2.244759249816304,2.876114489867107,0.38906113199055276,4.696700000000001,0.27,14.165,24.762999999999998,2.3369999999999997,6.6182,6.246,20.022000000000002,32.285000000000004,3.2809999999999997,1.771139999999999,5.795,6.776999999999999,7.195,0.7599999999999998,12,2,1,12,5,0.0,0.0,0.0,0.0,0.0
S0971,5.168168333333333,2.61475,17.140666666666668,28.001249999999995,2.8485833333333335,0.6970436564439816,2.334490015925059,2.244759249816304,2.876114489867107,0.38906113199055276,4.225280000000001,0.27,14.165,24.762999999999998,2.3369999999999997,6.06832,6.246,20.022000000000002,32.285000000000004,3.2809999999999997,1.61477,5.795,6.776999999999999,7.195,0.7599999999999998,12,2,1,12,5,0.0,0.0,0.0,0.0,0.0
S0972,5.168168333333333,2.8827499999999997,14.750333333333334,25.850916666666663,2.7228333333333334,0.6970436564439816,2.3849059536097066,2.4284112914743714,2.7868098673384014,0.28888712381849635,4.225280000000001,0.429,11.315,23.016,2.399,6.06832,6.459000000000002,17.668,30.201,3.131,1.61477,5.849,7.162000000000001,6.911000000000001,0.6139999999999999,12,2,1,12,12,0.0,0.0,0.0,0.0,0.0
S0973,5.168168333333333,2.8827499999999997,14.750333333333334,25.850916666666663,2.7228333333333334,0.6970436564439816,2.3849059536097066,2.4284112914743714,2.7868098673384014,0.28888712381849635,4.225280000000001,0.429,11.315,23.016,2.399,6.06832,6.459000000000002,17.668,30.201,3.131,1.61477,5.849,7.162000000000001,6.911000000000001,0.6139999999999999,12,2,1,12,12,0.0,0.0,0.0,0.0,0.0
S0974,5.168168333333333,2.8827499999999997,14.750333333333334,25.850916666666663,2.7228333333333334,0.6970436564439816,2.3849059536097066,2.4284112914743714,2.7868098673384014,0.28888712381849635,4.225280000000001,0.429,11.315,23.016,2.399,6.06832,6.459000000000002,17.668,30.201,3.131,1.61477,5.849,7.162000000000001,6.911000000000001,0.6139999999999999,12,2,1,12,12,0.0,0.0,0.0,0.0,0.0
S0975,5.168168333333333,2.8827499999999997,14.750333333333334,25.850916666666663,2.7228333333333334,0.6970436564439816,2.3849059536097066,2.4284112914743714,2.7868098673384014,0.28888712381849635,4.225280000000001,0.429,11.315,23.016,2.399,6.06832,6.459000000000002,17.668,30.201,3.131,1.61477,5.849,7.162000000000001,6.911000000000001,0.6139999999999999,12,2,1,12,12,0.0,0.0,0.0,0.0,0.0
S0976,5.168168333333333,2.571833333333333,14.367666666666667,25.212583333333335,3.4979999999999998,0.6970436564439816,2.3159566995463603,2.2625529320455957,2.5404689224508092,0.3487976948501425,4.225280000000001,0.2,11.14,22.445,3.06,6.06832,6.101999999999999,17.118,29.313000000000002,3.9720000000000004,1.61477,5.633,6.793999999999999,6.456999999999997,0.5740000000000003,12,2,1,12,12,0.0,0.0,0.0,0.0,0.0
S0977,5.728445,2.571833333333333,14.367666666666667,25.212583333333335,3.4979999999999998,0.7315652161776204,2.3159566995463603,2.2625529320455957,2.5404689224508092,0.3487976948501425,4.7664800000000005,0.2,11.14,22.445,3.06,6.73346,6.101999999999999,17.118,29.313000000000002,3.9720000000000004,1.9214600000000006,5.633,6.793999999999999,6.456999999999997,0.5740000000000003,12,2,1,12,12,0.0,0.0,0.0,0.0,0.0
S0978,5.728445,2.571833333333333,14.367666666666667,25.212583333333335,3.4979999999999998,0.7315652161776204,2.3159566995463603,2.2625529320455957,2.5404689224508092,0.3487976948501425,4.7664800000000005,0.2,11.14,22.445,3.06,6.73346,6.101999999999999,17.118,29.313000000000002,3.9720000000000004,1.9214600000000006,5.633,6.793999999999999,6.456999999999997,0.5740000000000003,12,2,1,12,12,0.0,0.0,0.0,0.0,0.0
S0979,5.728445,2.4730833333333333,16.292333333333332,27.32275,3.878666666666667,0.7315652161776204,2.38009102143345,2.405216925639713,2.961354721358839,0.4671456925191708,4.7664800000000005,0.168,12.891,23.973,3.329,6.73346,6.154000000000001,19.31,32.061,4.4510000000000005,1.9214600000000006,5.804,7.158999999999997,7.297000000000001,0.8900000000000001,12,2,1,12,5,0.0,0.0,0.0,0.0,0.0
S0980,5.588563333333334,2.61475,17.140666666666668,28.001249999999995,2.8485833333333335,0.725445751805278,2.334490015925059,2.244759249816304,2.876114489867107,0.38906113199055276,4.696700000000001,0.27,14.165,24.762999999999998,2.3369999999999997,6.6182,6.246,20.022000000000002,32.285000000000004,3.2809999999999997,1.771139999999999,5.795,6.776999999999999,7.195,0.7599999999999998,12,2,1,12,5,0.0,0.0,0.0,0.0,0.0
S0981,5.588563333333334,2.61475,17.140666666666668,28.001249999999995,2.8485833333333335,0.725445751805278,2.334490015925059,2.244759249816304,2.876114489867107,0.38906113199055276,4.696700000000001,0.27,14.165,24.762999999999998,2.3369999999999997,6.6182,6.246,20.022000000000002,32.285000000000004,3.2809999999999997,1.771139999999999,5.795,6.776999999999999,7.195,0.7599999999999998,12,2,1,12,5,0.0,0.0,0.0,0.0,0.0
S0982,5.588563333333334,2.61475,17.140666666666668,28.001249999999995,2.8485833333333335,0.725445751805278,2.334490015925059,2.244759249816304,2.876114489867107,0.38906113199055276,4.696700000000001,0.27,14.165,24.762999999999998,2.3369999999999997,6.6182,6.246,20.022000000000002,32.285000000000004,3.2809999999999997,1.771139999999999,5.795,6.776999999999999,7.195,0.7599999999999998,12,2,1,12,5,0.0,0.0,0.0,0.0,0.0
S0983,5.728445,2.61475,17.140666666666668,28.001249999999995,2.8485833333333335,0.7315652161776204,2.334490015925059,2.244759249816304,2.876114489867107,0.38906113199055276,4.7664800000000005,0.27,14.165,24.762999999999998,2.3369999999999997,6.73346,6.246,20.022000000000002,32.285000000000004,3.2809999999999997,1.9214600000000006,5.795,6.776999999999999,7.195,0.7599999999999998,12,2,1,12,5,0.0,0.0,0.0,0.0,0.0
S0984,5.728445,2.61475,17.140666666666668,28.001249999999995,2.8485833333333335,0.7315652161776204,2.334490015925059,2.244759249816304,2.876114489867107,0.38906113199055276,4.7664800000000005,0.27,14.165,24.762999999999998,2.3369999999999997,6.73346,6.246,20.022000000000002,32.285000000000004,3.2809999999999997,1.9214600000000006,5.795,6.776999999999999,7.195,0.7599999999999998,12,2,1,12,5,0.0,0.0,0.0,0.0,0.0
S0985,5.728445,2.61475,17.140666666666668,28.001249999999995,2.8485833333333335,0.7315652161776204,2.334490015925059,2.244759249816304,2.876114489867107,0.38906113199055276,4.7664800000000005,0.27,14.165,24.762999999999998,2.3369999999999997,6.73346,6.246,20.022000000000002,32.285000000000004,3.2809999999999997,1.9214600000000006,5.795,6.776999999999999,7.195,0.7599999999999998,12,2,1,12,5,0.0,0.0,0.0,0.0,0.0
S0986,5.728445,2.571833333333333,14.367666666666667,25.212583333333335,3.4979999999999998,0.7315652161776204,2.3159566995463603,2.2625529320455957,2.5404689224508092,0.3487976948501425,4.7664800000000005,0.2,11.14,22.445,3.06,6.73346,6.101999999999999,17.118,29.313000000000002,3.9720000000000004,1.9214600000000006,5.633,6.793999999999999,6.456999999999997,0.5740000000000003,12,2,1,12,12,0.0,0.0,0.0,0.0,0.0
S0987,5.728445,2.4730833333333333,16.292333333333332,27.32275,3.878666666666667,0.7315652161776204,2.38009102143345,2.405216925639713,2.961354721358839,0.4671456925191708,4.7664800000000005,0.168,12.891,23.973,3.329,6.73346,6.154000000000001,19.31,32.061,4.4510000000000005,1.9214600000000006,5.804,7.158999999999997,7.297000000000001,0.8900000000000001,12,2,1,12,5,0.0,0.0,0.0,0.0,0.0
S0988,5.728445,2.4730833333333333,16.292333333333332,27.32275,3.878666666666667,0.7315652161776204,2.38009102143345,2.405216925639713,2.961354721358839,0.4671456925191708,4.7664800000000005,0.168,12.891,23.973,3.329,6.73346,6.154000000000001,19.31,32.061,4.4510000000000005,1.9214600000000006,5.804,7.158999999999997,7.297000000000001,0.8900000000000001,12,2,1,12,5,0.0,0.0,0.0,0.0,0.0
S0989,5.728445,2.4730833333333333,16.292333333333332,27.32275,3.878666666666667,0.7315652161776204,2.38009102143345,2.405216925639713,2.961354721358839,0.4671456925191708,4.7664800000000005,0.168,12.891,23.973,3.329,6.73346,6.154000000000001,19.31,32.061,4.4510000000000005,1.9214600000000006,5.804,7.158999999999997,7.297000000000001,0.8900000000000001,12,2,1,12,5,0.0,0.0,0.0,0.0,0.0
S0990,5.728445,2.4730833333333333,16.292333333333332,27.32275,3.878666666666667,0.7315652161776204,2.38009102143345,2.405216925639713,2.961354721358839,0.4671456925191708,4.7664800000000005,0.168,12.891,23.973,3.329,6.73346,6.154000000000001,19.31,32.061,4.4510000000000005,1.9214600000000006,5.804,7.158999999999997,7.297000000000001,0.8900000000000001,12,2,1,12,5,0.0,0.0,0.0,0.0,0.0
S0991,5.728445,2.4730833333333333,16.292333333333332,27.32275,3.878666666666667,0.7315652161776204,2.38009102143345,2.405216925639713,2.961354721358839,0.4671456925191708,4.7664800000000005,0.168,12.891,23.973,3.329,6.73346,6.154000000000001,19.31,32.061,4.4510000000000005,1.9214600000000006,5.804,7.158999999999997,7.297000000000001,0.8900000000000001,12,2,1,12,5,0.0,0.0,0.0,0.0,0.0
S0992,5.728445,2.4730833333333333,16.292333333333332,27.32275,3.878666666666667,0.7315652161776204,2.38009102143345,2.405216925639713,2.961354721358839,0.4671456925191708,4.7664800000000005,0.168,12.891,23.973,3.329,6.73346,6.154000000000001,19.31,32.061,4.4510000000000005,1.9214600000000006,5.804,7.158999999999997,7.297000000000001,0.8900000000000001,12,2,1,12,5,0.0,0.0,0.0,0.0,0.0
S0993,5.728445,3.8931666666666667,19.828833333333332,30.983083333333333,2.4051666666666667,0.7315652161776204,3.367338919764422,2.7067302310014876,3.85031086725602,0.32265959723255483,4.7664800000000005,0.568,16.108999999999998,27.232,2.02,6.73346,8.668000000000003,22.878,37.132,2.8320000000000003,1.9214600000000006,7.9639999999999995,8.062999999999999,9.479000000000003,0.891,12,2,1,11,7,0.0,0.0,0.0,0.0,0.0
S0994,5.728445,3.8931666666666667,19.828833333333332,30.983083333333333,2.4051666666666667,0.7315652161776204,3.367338919764422,2.7067302310014876,3.85031086725602,0.32265959723255483,4.7664800000000005,0.568,16.108999999999998,27.232,2.02,6.73346,8.668000000000003,22.878,37.132,2.8320000000000003,1.9214600000000006,7.9639999999999995,8.062999999999999,9.479000000000003,0.891,12,2,1,11,7,0.0,0.0,0.0,0.0,0.0
S0995,5.728445,3.8931666666666667,19.828833333333332,30.983083333333333,2.4051666666666667,0.7315652161776204,3.367338919764422,2.7067302310014876,3.85031086725602,0.32265959723255483,4.7664800000000005,0.568,16.108999999999998,27.232,2.02,6.73346,8.668000000000003,22.878,37.132,2.8320000000000003,1.9214600000000006,7.9639999999999995,8.062999999999999,9.479000000000003,0.891,12,2,1,11,7,0.0,0.0,0.0,0.0,0.0
S0996,4.908191666666666,3.8931666666666667,19.828833333333332,30.983083333333333,2.4051666666666667,0.8825927273952467,3.367338919764422,2.7067302310014876,3.85031086725602,0.32265959723255483,3.5502700000000003,0.568,16.108999999999998,27.232,2.02,5.96695,8.668000000000003,22.878,37.132,2.8320000000000003,2.2332899999999993,7.9639999999999995,8.062999999999999,9.479000000000003,0.891,1,2,1,11,7,0.0,0.0,0.0,0.0,0.0
S0997,5.728445,2.571833333333333,14.367666666666667,25.212583333333335,3.4979999999999998,0.7315652161776204,2.3159566995463603,2.2625529320455957,2.5404689224508092,0.3487976948501425,4.7664800000000005,0.2,11.14,22.445,3.06,6.73346,6.101999999999999,17.118,29.313000000000002,3.9720000000000004,1.9214600000000006,5.633,6.793999999999999,6.456999999999997,0.5740000000000003,12,2,1,12,12,0.0,0.0,0.0,0.0,0.0
S0998,5.728445,2.571833333333333,14.367666666666667,25.212583333333335,3.4979999999999998,0.7315652161776204,2.3159566995463603,2.2625529320455957,2.5404689224508092,0.3487976948501425,4.7664800000000005,0.2,11.14,22.445,3.06,6.73346,6.101999999999999,17.118,29.313000000000002,3.9720000000000004,1.9214600000000006,5.633,6.793999999999999,6.456999999999997,0.5740000000000003,12,2,1,12,12,0.0,0.0,0.0,0.0,0.0
S0999,5.728445,2.571833333333333,14.367666666666667,25.212583333333335,3.4979999999999998,0.7315652161776204,2.3159566995463603,2.2625529320455957,2.5404689224508092,0.3487976948501425,4.7664800000000005,0.2,11.14,22.445,3.06,6.73346,6.101999999999999,17.118,29.313000000000002,3.9720000000000004,1.9214600000000006,5.633,6.793999999999999,6.456999999999997,0.5740000000000003,12,2,1,12,12,0.0,0.0,0.0,0.0,0.0
S1000,5.728445,2.571833333333333,14.367666666666667,25.212583333333335,3.4979999999999998,0.7315652161776204,2.3159566995463603,2.2625529320455957,2.5404689224508092,0.3487976948501425,4.7664800000000005,0.2,11.14,22.445,3.06,6.73346,6.101999999999999,17.118,29.313000000000002,3.9720000000000004,1.9214600000000006,5.633,6.793999999999999,6.456999999999997,0.5740000000000003,12,2,1,12,12,0.0,0.0,0.0,0.0,0.0
S1001,5.728445,2.571833333333333,14.367666666666667,25.212583333333335,3.4979999999999998,0.7315652161776204,2.3159566995463603,2.2625529320455957,2.5404689224508092,0.3487976948501425,4.7664800000000005,0.2,11.14,22.445,3.06,6.73346,6.101999999999999,17.118,29.313000000000002,3.9720000000000004,1.9214600000000006,5.633,6.793999999999999,6.456999999999997,0.5740000000000003,12,2,1,12,12,0.0,0.0,0.0,0.0,0.0
S1002,5.728445,2.571833333333333,14.367666666666667,25.212583333333335,3.4979999999999998,0.7315652161776204,2.3159566995463603,2.2625529320455957,2.5404689224508092,0.3487976948501425,4.7664800000000005,0.2,11.14,22.445,3.06,6.73346,6.101999999999999,17.118,29.313000000000002,3.9720000000000004,1.9214600000000006,5.633,6.793999999999999,6.456999999999997,0.5740000000000003,12,2,1,12,12,0.0,0.0,0.0,0.0,0.0
S1003,5.588563333333334,2.61475,17.140666666666668,28.001249999999995,2.8485833333333335,0.725445751805278,2.334490015925059,2.244759249816304,2.876114489867107,0.38906113199055276,4.696700000000001,0.27,14.165,24.762999999999998,2.3369999999999997,6.6182,6.246,20.022000000000002,32.285000000000004,3.2809999999999997,1.771139999999999,5.795,6.776999999999999,7.195,0.7599999999999998,12,2,1,12,5,0.0,0.0,0.0,0.0,0.0
S1004,5.588563333333334,2.61475,17.140666666666668,28.001249999999995,2.8485833333333335,0.725445751805278,2.334490015925059,2.244759249816304,2.876114489867107,0.38906113199055276,4.696700000000001,0.27,14.165,24.762999999999998,2.3369999999999997,6.6182,6.246,20.022000000000002,32.285000000000004,3.2809999999999997,1.771139999999999,5.795,6.776999999999999,7.195,0.7599999999999998,12,2,1,12,5,0.0,0.0,0.0,0.0,0.0
S1005,5.588563333333334,2.61475,17.140666666666668,28.001249999999995,2.8485833333333335,0.725445751805278,2.334490015925059,2.244759249816304,2.876114489867107,0.38906113199055276,4.696700000000001,0.27,14.165,24.762999999999998,2.3369999999999997,6.6182,6.246,20.022000000000002,32.285000000000004,3.2809999999999997,1.771139999999999,5.795,6.776999999999999,7.195,0.7599999999999998,12,2,1,12,5,0.0,0.0,0.0,0.0,0.0
S1006,5.588563333333334,2.61475,17.140666666666668,28.001249999999995,2.8485833333333335,0.725445751805278,2.334490015925059,2.244759249816304,2.876114489867107,0.38906113199055276,4.696700000000001,0.27,14.165,24.762999999999998,2.3369999999999997,6.6182,6.246,20.022000000000002,32.285000000000004,3.2809999999999997,1.771139999999999,5.795,6.776999999999999,7.195,0.7599999999999998,12,2,1,12,5,0.0,0.0,0.0,0.0,0.0
S1007,5.588563333333334,2.61475,17.140666666666668,28.001249999999995,2.8485833333333335,0.725445751805278,2.334490015925059,2.244759249816304,2.876114489867107,0.38906113199055276,4.696700000000001,0.27,14.165,24.762999999999998,2.3369999999999997,6.6182,6.246,20.022000000000002,32.285000000000004,3.2809999999999997,1.771139999999999,5.795,6.776999999999999,7.195,0.7599999999999998,12,2,1,12,5,0.0,0.0,0.0,0.0,0.0
S1008,5.588563333333334,2.61475,17.140666666666668,28.001249999999995,2.8485833333333335,0.725445751805278,2.334490015925059,2.244759249816304,2.876114489867107,0.38906113199055276,4.696700000000001,0.27,14.165,24.762999999999998,2.3369999999999997,6.6182,6.246,20.022000000000002,32.285000000000004,3.2809999999999997,1.771139999999999,5.795,6.776999999999999,7.195,0.7599999999999998,12,2,1,12,5,0.0,0.0,0.0,0.0,0.0
S1009,5.728445,2.61475,17.140666666666668,28.001249999999995,2.8485833333333335,0.7315652161776204,2.334490015925059,2.244759249816304,2.876114489867107,0.38906113199055276,4.7664800000000005,0.27,14.165,24.762999999999998,2.3369999999999997,6.73346,6.246,20.022000000000002,32.285000000000004,3.2809999999999997,1.9214600000000006,5.795,6.776999999999999,7.195,0.7599999999999998,12,2,1,12,5,0.0,0.0,0.0,0.0,0.0
S1010,5.588563333333334,2.61475,17.140666666666668,28.001249999999995,2.8485833333333335,0.725445751805278,2.334490015925059,2.244759249816304,2.876114489867107,0.38906113199055276,4.696700000000001,0.27,14.165,24.762999999999998,2.3369999999999997,6.6182,6.246,20.022000000000002,32.285000000000004,3.2809999999999997,1.771139999999999,5.795,6.776999999999999,7.195,0.7599999999999998,12,2,1,12,5,0.0,0.0,0.0,0.0,0.0
S1011,5.588563333333334,2.61475,17.140666666666668,28.001249999999995,2.8485833333333335,0.725445751805278,2.334490015925059,2.244759249816304,2.876114489867107,0.38906113199055276,4.696700000000001,0.27,14.165,24.762999999999998,2.3369999999999997,6.6182,6.246,20.022000000000002,32.285000000000004,3.2809999999999997,1.771139999999999,5.795,6.776999999999999,7.195,0.7599999999999998,12,2,1,12,5,0.0,0.0,0.0,0.0,0.0
S1012,5.588563333333334,2.61475,17.140666666666668,28.001249999999995,2.8485833333333335,0.725445751805278,2.334490015925059,2.244759249816304,2.876114489867107,0.38906113199055276,4.696700000000001,0.27,14.165,24.762999999999998,2.3369999999999997,6.6182,6.246,20.022000000000002,32.285000000000004,3.2809999999999997,1.771139999999999,5.795,6.776999999999999,7.195,0.7599999999999998,12,2,1,12,5,0.0,0.0,0.0,0.0,0.0
S1013,6.031936666666667,2.61475,17.140666666666668,28.001249999999995,2.8485833333333335,0.7714467673007072,2.334490015925059,2.244759249816304,2.876114489867107,0.38906113199055276,4.99142,0.27,14.165,24.762999999999998,2.3369999999999997,7.05445,6.246,20.022000000000002,32.285000000000004,3.2809999999999997,2.23198,5.795,6.776999999999999,7.195,0.7599999999999998,12,2,1,12,5,0.0,0.0,0.0,0.0,0.0
S1014,6.031936666666667,2.61475,17.140666666666668,28.001249999999995,2.8485833333333335,0.7714467673007072,2.334490015925059,2.244759249816304,2.876114489867107,0.38906113199055276,4.99142,0.27,14.165,24.762999999999998,2.3369999999999997,7.05445,6.246,20.022000000000002,32.285000000000004,3.2809999999999997,2.23198,5.795,6.776999999999999,7.195,0.7599999999999998,12,2,1,12,5,0.0,0.0,0.0,0.0,0.0
S1015,6.031936666666667,2.288833333333334,22.313499999999998,32.964083333333335,2.320666666666667,0.7714467673007072,2.459880841321669,2.174945049049873,2.8836177370624907,0.37936863368508694,4.99142,0.04,19.831000000000003,29.749,1.838,7.05445,5.9920000000000035,25.415,37.012,2.7809999999999997,2.23198,6.0089999999999995,6.140000000000001,7.7379999999999995,1.0169999999999997,12,12,1,9,9,0.0,0.0,0.0,0.0,0.0
S1016,6.031936666666667,2.288833333333334,22.313499999999998,32.964083333333335,2.320666666666667,0.7714467673007072,2.459880841321669,2.174945049049873,2.8836177370624907,0.37936863368508694,4.99142,0.04,19.831000000000003,29.749,1.838,7.05445,5.9920000000000035,25.415,37.012,2.7809999999999997,2.23198,6.0089999999999995,6.140000000000001,7.7379999999999995,1.0169999999999997,12,12,1,9,9,0.0,0.0,0.0,0.0,0.0
S1017,6.031936666666667,2.288833333333334,22.313499999999998,32.964083333333335,2.320666666666667,0.7714467673007072,2.459880841321669,2.174945049049873,2.8836177370624907,0.37936863368508694,4.99142,0.04,19.831000000000003,29.749,1.838,7.05445,5.9920000000000035,25.415,37.012,2.7809999999999997,2.23198,6.0089999999999995,6.140000000000001,7.7379999999999995,1.0169999999999997,12,12,1,9,9,0.0,0.0,0.0,0.0,0.0
S1018,6.031936666666667,2.4264999999999994,20.42725,31.6185,2.9172500000000006,0.7714467673007072,2.373921214525265,2.268260712454339,2.820938710798949,0.49903093065249887,4.99142,0.149,17.61,28.415,2.269,7.05445,6.104000000000001,23.532000000000004,35.759,3.471,2.23198,5.873,6.670999999999999,6.965,1.2560000000000002,12,2,1,9,9,0.0,0.0,0.0,0.0,0.0
S1019,6.031936666666667,2.4680000000000004,20.961333333333336,32.184749999999994,2.6830833333333337,0.7714467673007072,2.543479255407654,2.3272257561070333,3.214314873350465,0.5316911276127079,4.99142,0.129,18.208000000000002,28.462999999999997,2.03,7.05445,6.408000000000001,24.502,36.885000000000005,3.271,2.23198,6.369,6.492000000000001,8.139,1.2429999999999999,12,2,12,10,9,0.0,0.0,0.0,0.0,0.0
S1020,5.644790833333333,2.4680000000000004,20.961333333333336,32.184749999999994,2.6830833333333337,0.6704167872083219,2.543479255407654,2.3272257561070333,3.214314873350465,0.5316911276127079,4.71329,0.129,18.208000000000002,28.462999999999997,2.03,6.639390000000001,6.408000000000001,24.502,36.885000000000005,3.271,1.6568600000000009,6.369,6.492000000000001,8.139,1.2429999999999999,12,2,12,10,9,0.0,0.0,0.0,0.0,0.0
S1021,5.644790833333333,2.4680000000000004,20.961333333333336,32.184749999999994,2.6830833333333337,0.6704167872083219,2.543479255407654,2.3272257561070333,3.214314873350465,0.5316911276127079,4.71329,0.129,18.208000000000002,28.462999999999997,2.03,6.639390000000001,6.408000000000001,24.502,36.885000000000005,3.271,1.6568600000000009,6.369,6.492000000000001,8.139,1.2429999999999999,12,2,12,10,9,0.0,0.0,0.0,0.0,0.0
S1022,5.644790833333333,2.3989166666666666,16.991666666666667,28.271833333333333,3.7248333333333337,0.6704167872083219,2.4780677603588592,2.408952257806733,3.1888914286029504,0.5338617567780446,4.71329,0.13,13.745,24.755000000000003,3.105,6.639390000000001,6.041,20.421000000000003,33.224,4.38,1.6568600000000009,6.126,6.997,7.671000000000003,0.8620000000000001,12,2,1,10,5,0.0,0.0,0.0,0.0,0.0
S1023,5.728445,4.482249999999999,18.58733333333333,29.977583333333335,1.8436666666666668,0.7315652161776204,4.03269734001133,2.6689949429705258,3.4755336923670748,0.18943495517167985,4.7664800000000005,0.548,14.85,26.531,1.62,6.73346,10.176000000000002,21.642,35.427,2.1140000000000003,1.9214600000000006,9.588000000000001,8.058000000000002,8.940999999999999,0.5289999999999997,12,2,1,12,12,0.0,0.0,0.0,0.0,0.0
S1024,4.908191666666666,4.482249999999999,18.58733333333333,29.977583333333335,1.8436666666666668,0.8825927273952467,4.03269734001133,2.6689949429705258,3.4755336923670748,0.18943495517167985,3.5502700000000003,0.548,14.85,26.531,1.62,5.96695,10.176000000000002,21.642,35.427,2.1140000000000003,2.2332899999999993,9.588000000000001,8.058000000000002,8.940999999999999,0.5289999999999997,1,2,1,12,12,0.0,0.0,0.0,0.0,0.0
S1025,4.908191666666666,5.782916666666667,24.01358333333333,34.04833333333333,2.35075,0.8825927273952467,5.197719020705841,3.1487662772310445,4.500096046282825,0.28918652205421874,3.5502700000000003,0.75,19.829,29.246,2.0,5.96695,13.561000000000003,28.076,41.419999999999995,2.7430000000000003,2.2332899999999993,12.229,9.815000000000001,11.474999999999998,0.7460000000000004,1,2,1,11,8,0.0,0.0,0.0,0.0,0.0
S1026,4.908191666666666,5.782916666666667,24.01358333333333,34.04833333333333,2.35075,0.8825927273952467,5.197719020705841,3.1487662772310445,4.500096046282825,0.28918652205421874,3.5502700000000003,0.75,19.829,29.246,2.0,5.96695,13.561000000000003,28.076,41.419999999999995,2.7430000000000003,2.2332899999999993,12.229,9.815000000000001,11.474999999999998,0.7460000000000004,1,2,1,11,8,0.0,0.0,0.0,0.0,0.0
S1027,5.728445,2.4730833333333333,16.292333333333332,27.32275,3.878666666666667,0.7315652161776204,2.38009102143345,2.405216925639713,2.961354721358839,0.4671456925191708,4.7664800000000005,0.168,12.891,23.973,3.329,6.73346,6.154000000000001,19.31,32.061,4.4510000000000005,1.9214600000000006,5.804,7.158999999999997,7.297000000000001,0.8900000000000001,12,2,1,12,5,0.0,0.0,0.0,0.0,0.0
S1028,5.588563333333334,2.61475,17.140666666666668,28.001249999999995,2.8485833333333335,0.725445751805278,2.334490015925059,2.244759249816304,2.876114489867107,0.38906113199055276,4.696700000000001,0.27,14.165,24.762999999999998,2.3369999999999997,6.6182,6.246,20.022000000000002,32.285000000000004,3.2809999999999997,1.771139999999999,5.795,6.776999999999999,7.195,0.7599999999999998,12,2,1,12,5,0.0,0.0,0.0,0.0,0.0
S1029,5.588563333333334,2.61475,17.140666666666668,28.001249999999995,2.8485833333333335,0.725445751805278,2.334490015925059,2.244759249816304,2.876114489867107,0.38906113199055276,4.696700000000001,0.27,14.165,24.762999999999998,2.3369999999999997,6.6182,6.246,20.022000000000002,32.285000000000004,3.2809999999999997,1.771139999999999,5.795,6.776999999999999,7.195,0.7599999999999998,12,2,1,12,5,0.0,0.0,0.0,0.0,0.0
S1030,5.728445,2.571833333333333,14.367666666666667,25.212583333333335,3.4979999999999998,0.7315652161776204,2.3159566995463603,2.2625529320455957,2.5404689224508092,0.3487976948501425,4.7664800000000005,0.2,11.14,22.445,3.06,6.73346,6.101999999999999,17.118,29.313000000000002,3.9720000000000004,1.9214600000000006,5.633,6.793999999999999,6.456999999999997,0.5740000000000003,12,2,1,12,12,0.0,0.0,0.0,0.0,0.0
S1031,5.728445,2.571833333333333,14.367666666666667,25.212583333333335,3.4979999999999998,0.7315652161776204,2.3159566995463603,2.2625529320455957,2.5404689224508092,0.3487976948501425,4.7664800000000005,0.2,11.14,22.445,3.06,6.73346,6.101999999999999,17.118,29.313000000000002,3.9720000000000004,1.9214600000000006,5.633,6.793999999999999,6.456999999999997,0.5740000000000003,12,2,1,12,12,0.0,0.0,0.0,0.0,0.0
S1032,5.728445,2.61475,17.140666666666668,28.001249999999995,2.8485833333333335,0.7315652161776204,2.334490015925059,2.244759249816304,2.876114489867107,0.38906113199055276,4.7664800000000005,0.27,14.165,24.762999999999998,2.3369999999999997,6.73346,6.246,20.022000000000002,32.285000000000004,3.2809999999999997,1.9214600000000006,5.795,6.776999999999999,7.195,0.7599999999999998,12,2,1,12,5,0.0,0.0,0.0,0.0,0.0
S1033,5.728445,2.4264999999999994,20.42725,31.6185,2.9172500000000006,0.7315652161776204,2.373921214525265,2.268260712454339,2.820938710798949,0.49903093065249887,4.7664800000000005,0.149,17.61,28.415,2.269,6.73346,6.104000000000001,23.532000000000004,35.759,3.471,1.9214600000000006,5.873,6.670999999999999,6.965,1.2560000000000002,12,2,1,9,9,0.0,0.0,0.0,0.0,0.0
S1034,5.728445,2.4264999999999994,20.42725,31.6185,2.9172500000000006,0.7315652161776204,2.373921214525265,2.268260712454339,2.820938710798949,0.49903093065249887,4.7664800000000005,0.149,17.61,28.415,2.269,6.73346,6.104000000000001,23.532000000000004,35.759,3.471,1.9214600000000006,5.873,6.670999999999999,6.965,1.2560000000000002,12,2,1,9,9,0.0,0.0,0.0,0.0,0.0
S1035,5.728445,2.4264999999999994,20.42725,31.6185,2.9172500000000006,0.7315652161776204,2.373921214525265,2.268260712454339,2.820938710798949,0.49903093065249887,4.7664800000000005,0.149,17.61,28.415,2.269,6.73346,6.104000000000001,23.532000000000004,35.759,3.471,1.9214600000000006,5.873,6.670999999999999,6.965,1.2560000000000002,12,2,1,9,9,0.0,0.0,0.0,0.0,0.0
S1036,6.031936666666667,2.4680000000000004,20.961333333333336,32.184749999999994,2.6830833333333337,0.7714467673007072,2.543479255407654,2.3272257561070333,3.214314873350465,0.5316911276127079,4.99142,0.129,18.208000000000002,28.462999999999997,2.03,7.05445,6.408000000000001,24.502,36.885000000000005,3.271,2.23198,6.369,6.492000000000001,8.139,1.2429999999999999,12,2,12,10,9,0.0,0.0,0.0,0.0,0.0
S1037,6.031936666666667,2.288833333333334,22.313499999999998,32.964083333333335,2.320666666666667,0.7714467673007072,2.459880841321669,2.174945049049873,2.8836177370624907,0.37936863368508694,4.99142,0.04,19.831000000000003,29.749,1.838,7.05445,5.9920000000000035,25.415,37.012,2.7809999999999997,2.23198,6.0089999999999995,6.140000000000001,7.7379999999999995,1.0169999999999997,12,12,1,9,9,0.0,0.0,0.0,0.0,0.0
S1038,6.031936666666667,2.4264999999999994,20.42725,31.6185,2.9172500000000006,0.7714467673007072,2.373921214525265,2.268260712454339,2.820938710798949,0.49903093065249887,4.99142,0.149,17.61,28.415,2.269,7.05445,6.104000000000001,23.532000000000004,35.759,3.471,2.23198,5.873,6.670999999999999,6.965,1.2560000000000002,12,2,1,9,9,0.0,0.0,0.0,0.0,0.0
S1039,5.728445,2.4264999999999994,20.42725,31.6185,2.9172500000000006,0.7315652161776204,2.373921214525265,2.268260712454339,2.820938710798949,0.49903093065249887,4.7664800000000005,0.149,17.61,28.415,2.269,6.73346,6.104000000000001,23.532000000000004,35.759,3.471,1.9214600000000006,5.873,6.670999999999999,6.965,1.2560000000000002,12,2,1,9,9,0.0,0.0,0.0,0.0,0.0
S1040,5.588563333333334,2.61475,17.140666666666668,28.001249999999995,2.8485833333333335,0.725445751805278,2.334490015925059,2.244759249816304,2.876114489867107,0.38906113199055276,4.696700000000001,0.27,14.165,24.762999999999998,2.3369999999999997,6.6182,6.246,20.022000000000002,32.285000000000004,3.2809999999999997,1.771139999999999,5.795,6.776999999999999,7.195,0.7599999999999998,12,2,1,12,5,0.0,0.0,0.0,0.0,0.0
S1041,5.588563333333334,2.61475,17.140666666666668,28.001249999999995,2.8485833333333335,0.725445751805278,2.334490015925059,2.244759249816304,2.876114489867107,0.38906113199055276,4.696700000000001,0.27,14.165,24.762999999999998,2.3369999999999997,6.6182,6.246,20.022000000000002,32.285000000000004,3.2809999999999997,1.771139999999999,5.795,6.776999999999999,7.195,0.7599999999999998,12,2,1,12,5,0.0,0.0,0.0,0.0,0.0
S1042,5.588563333333334,3.428916666666667,15.389583333333333,26.62875,2.313,0.725445751805278,2.6252416602114566,2.728787521507494,3.3878712392317163,0.2752709894759323,4.696700000000001,0.75,11.459000000000001,23.245,1.95,6.6182,7.37,18.392,31.744,2.7,1.771139999999999,6.157000000000001,8.000999999999998,8.149999999999999,0.7440000000000002,12,2,1,12,12,0.0,0.0,0.0,0.0,0.0
S1043,5.168168333333333,3.428916666666667,15.389583333333333,26.62875,2.313,0.6970436564439816,2.6252416602114566,2.728787521507494,3.3878712392317163,0.2752709894759323,4.225280000000001,0.75,11.459000000000001,23.245,1.95,6.06832,7.37,18.392,31.744,2.7,1.61477,6.157000000000001,8.000999999999998,8.149999999999999,0.7440000000000002,12,2,1,12,12,0.0,0.0,0.0,0.0,0.0
S1044,4.642835833333334,3.428916666666667,15.389583333333333,26.62875,2.313,0.9775415060753891,2.6252416602114566,2.728787521507494,3.3878712392317163,0.2752709894759323,3.19661,0.75,11.459000000000001,23.245,1.95,5.804900000000001,7.37,18.392,31.744,2.7,2.48875,6.157000000000001,8.000999999999998,8.149999999999999,0.7440000000000002,1,2,1,12,12,0.0,0.0,0.0,0.0,0.0
S1045,5.728445,4.37125,19.89183333333333,31.246249999999996,1.945,0.7315652161776204,3.891889338875197,2.744978297608514,3.52985848801027,0.21549630034454156,4.7664800000000005,0.527,16.161,27.52,1.7,6.73346,9.843,22.924,36.692,2.27,1.9214600000000006,9.254,8.244000000000002,8.767,0.5960000000000001,12,2,1,12,12,0.0,0.0,0.0,0.0,0.0
S1046,5.728445,2.4264999999999994,20.42725,31.6185,2.9172500000000006,0.7315652161776204,2.373921214525265,2.268260712454339,2.820938710798949,0.49903093065249887,4.7664800000000005,0.149,17.61,28.415,2.269,6.73346,6.104000000000001,23.532000000000004,35.759,3.471,1.9214600000000006,5.873,6.670999999999999,6.965,1.2560000000000002,12,2,1,9,9,0.0,0.0,0.0,0.0,0.0
S1047,5.728445,2.4730833333333333,16.292333333333332,27.32275,3.878666666666667,0.7315652161776204,2.38009102143345,2.405216925639713,2.961354721358839,0.4671456925191708,4.7664800000000005,0.168,12.891,23.973,3.329,6.73346,6.154000000000001,19.31,32.061,4.4510000000000005,1.9214600000000006,5.804,7.158999999999997,7.297000000000001,0.8900000000000001,12,2,1,12,5,0.0,0.0,0.0,0.0,0.0
S1048,5.728445,2.4730833333333333,16.292333333333332,27.32275,3.878666666666667,0.7315652161776204,2.38009102143345,2.405216925639713,2.961354721358839,0.4671456925191708,4.7664800000000005,0.168,12.891,23.973,3.329,6.73346,6.154000000000001,19.31,32.061,4.4510000000000005,1.9214600000000006,5.804,7.158999999999997,7.297000000000001,0.8900000000000001,12,2,1,12,5,0.0,0.0,0.0,0.0,0.0
S1049,5.728445,2.4730833333333333,16.292333333333332,27.32275,3.878666666666667,0.7315652161776204,2.38009102143345,2.405216925639713,2.961354721358839,0.4671456925191708,4.7664800000000005,0.168,12.891,23.973,3.329,6.73346,6.154000000000001,19.31,32.061,4.4510000000000005,1.9214600000000006,5.804,7.158999999999997,7.297000000000001,0.8900000000000001,12,2,1,12,5,0.0,0.0,0.0,0.0,0.0
S1050,5.728445,2.571833333333333,14.367666666666667,25.212583333333335,3.4979999999999998,0.7315652161776204,2.3159566995463603,2.2625529320455957,2.5404689224508092,0.3487976948501425,4.7664800000000005,0.2,11.14,22.445,3.06,6.73346,6.101999999999999,17.118,29.313000000000002,3.9720000000000004,1.9214600000000006,5.633,6.793999999999999,6.456999999999997,0.5740000000000003,12,2,1,12,12,0.0,0.0,0.0,0.0,0.0
S1051,5.728445,2.571833333333333,14.367666666666667,25.212583333333335,3.4979999999999998,0.7315652161776204,2.3159566995463603,2.2625529320455957,2.5404689224508092,0.3487976948501425,4.7664800000000005,0.2,11.14,22.445,3.06,6.73346,6.101999999999999,17.118,29.313000000000002,3.9720000000000004,1.9214600000000006,5.633,6.793999999999999,6.456999999999997,0.5740000000000003,12,2,1,12,12,0.0,0.0,0.0,0.0,0.0
S1052,5.728445,2.571833333333333,14.367666666666667,25.212583333333335,3.4979999999999998,0.7315652161776204,2.3159566995463603,2.2625529320455957,2.5404689224508092,0.3487976948501425,4.7664800000000005,0.2,11.14,22.445,3.06,6.73346,6.101999999999999,17.118,29.313000000000002,3.9720000000000004,1.9214600000000006,5.633,6.793999999999999,6.456999999999997,0.5740000000000003,12,2,1,12,12,0.0,0.0,0.0,0.0,0.0
S1053,5.728445,2.4730833333333333,16.292333333333332,27.32275,3.878666666666667,0.7315652161776204,2.38009102143345,2.405216925639713,2.961354721358839,0.4671456925191708,4.7664800000000005,0.168,12.891,23.973,3.329,6.73346,6.154000000000001,19.31,32.061,4.4510000000000005,1.9214600000000006,5.804,7.158999999999997,7.297000000000001,0.8900000000000001,12,2,1,12,5,0.0,0.0,0.0,0.0,0.0
S1054,5.728445,2.571833333333333,14.367666666666667,25.212583333333335,3.4979999999999998,0.7315652161776204,2.3159566995463603,2.2625529320455957,2.5404689224508092,0.3487976948501425,4.7664800000000005,0.2,11.14,22.445,3.06,6.73346,6.101999999999999,17.118,29.313000000000002,3.9720000000000004,1.9214600000000006,5.633,6.793999999999999,6.456999999999997,0.5740000000000003,12,2,1,12,12,0.0,0.0,0.0,0.0,0.0
S1055,5.168168333333333,3.428916666666667,15.389583333333333,26.62875,2.313,0.6970436564439816,2.6252416602114566,2.728787521507494,3.3878712392317163,0.2752709894759323,4.225280000000001,0.75,11.459000000000001,23.245,1.95,6.06832,7.37,18.392,31.744,2.7,1.61477,6.157000000000001,8.000999999999998,8.149999999999999,0.7440000000000002,12,2,1,12,12,0.0,0.0,0.0,0.0,0.0
S1056,5.588563333333334,2.61475,17.140666666666668,28.001249999999995,2.8485833333333335,0.725445751805278,2.334490015925059,2.244759249816304,2.876114489867107,0.38906113199055276,4.696700000000001,0.27,14.165,24.762999999999998,2.3369999999999997,6.6182,6.246,20.022000000000002,32.285000000000004,3.2809999999999997,1.771139999999999,5.795,6.776999999999999,7.195,0.7599999999999998,12,2,1,12,5,0.0,0.0,0.0,0.0,0.0
S1057,6.031936666666667,2.61475,17.140666666666668,28.001249999999995,2.8485833333333335,0.7714467673007072,2.334490015925059,2.244759249816304,2.876114489867107,0.38906113199055276,4.99142,0.27,14.165,24.762999999999998,2.3369999999999997,7.05445,6.246,20.022000000000002,32.285000000000004,3.2809999999999997,2.23198,5.795,6.776999999999999,7.195,0.7599999999999998,12,2,1,12,5,0.0,0.0,0.0,0.0,0.0
S1058,5.588563333333334,2.61475,17.140666666666668,28.001249999999995,2.8485833333333335,0.725445751805278,2.334490015925059,2.244759249816304,2.876114489867107,0.38906113199055276,4.696700000000001,0.27,14.165,24.762999999999998,2.3369999999999997,6.6182,6.246,20.022000000000002,32.285000000000004,3.2809999999999997,1.771139999999999,5.795,6.776999999999999,7.195,0.7599999999999998,12,2,1,12,5,0.0,0.0,0.0,0.0,0.0
S1059,5.588563333333334,2.61475,17.140666666666668,28.001249999999995,2.8485833333333335,0.725445751805278,2.334490015925059,2.244759249816304,2.876114489867107,0.38906113199055276,4.696700000000001,0.27,14.165,24.762999999999998,2.3369999999999997,6.6182,6.246,20.022000000000002,32.285000000000004,3.2809999999999997,1.771139999999999,5.795,6.776999999999999,7.195,0.7599999999999998,12,2,1,12,5,0.0,0.0,0.0,0.0,0.0
S1060,5.588563333333334,3.042083333333333,14.098500000000001,25.002083333333335,2.3571666666666666,0.725445751805278,2.4130036012305953,2.4208869303236296,3.1147806742143795,0.3061421192826619,4.696700000000001,0.51,10.665,21.599,1.998,6.6182,6.509,17.016000000000002,29.907999999999998,2.7450000000000006,1.771139999999999,5.939,7.163999999999998,7.836999999999996,0.6480000000000001,12,2,1,12,7,0.0,0.0,0.0,0.0,0.0
S1061,6.031936666666667,2.4680000000000004,20.961333333333336,32.184749999999994,2.6830833333333337,0.7714467673007072,2.543479255407654,2.3272257561070333,3.214314873350465,0.5316911276127079,4.99142,0.129,18.208000000000002,28.462999999999997,2.03,7.05445,6.408000000000001,24.502,36.885000000000005,3.271,2.23198,6.369,6.492000000000001,8.139,1.2429999999999999,12,2,12,10,9,0.0,0.0,0.0,0.0,0.0
S1062,6.031936666666667,2.4680000000000004,20.961333333333336,32.184749999999994,2.6830833333333337,0.7714467673007072,2.543479255407654,2.3272257561070333,3.214314873350465,0.5316911276127079,4.99142,0.129,18.208000000000002,28.462999999999997,2.03,7.05445,6.408000000000001,24.502,36.885000000000005,3.271,2.23198,6.369,6.492000000000001,8.139,1.2429999999999999,12,2,12,10,9,0.0,0.0,0.0,0.0,0.0
S1063,6.031936666666667,2.4680000000000004,20.961333333333336,32.184749999999994,2.6830833333333337,0.7714467673007072,2.543479255407654,2.3272257561070333,3.214314873350465,0.5316911276127079,4.99142,0.129,18.208000000000002,28.462999999999997,2.03,7.05445,6.408000000000001,24.502,36.885000000000005,3.271,2.23198,6.369,6.492000000000001,8.139,1.2429999999999999,12,2,12,10,9,0.0,0.0,0.0,0.0,0.0
S1064,6.031936666666667,2.4680000000000004,20.961333333333336,32.184749999999994,2.6830833333333337,0.7714467673007072,2.543479255407654,2.3272257561070333,3.214314873350465,0.5316911276127079,4.99142,0.129,18.208000000000002,28.462999999999997,2.03,7.05445,6.408000000000001,24.502,36.885000000000005,3.271,2.23198,6.369,6.492000000000001,8.139,1.2429999999999999,12,2,12,10,9,0.0,0.0,0.0,0.0,0.0
S1065,5.728445,2.4730833333333333,16.292333333333332,27.32275,3.878666666666667,0.7315652161776204,2.38009102143345,2.405216925639713,2.961354721358839,0.4671456925191708,4.7664800000000005,0.168,12.891,23.973,3.329,6.73346,6.154000000000001,19.31,32.061,4.4510000000000005,1.9214600000000006,5.804,7.158999999999997,7.297000000000001,0.8900000000000001,12,2,1,12,5,0.0,0.0,0.0,0.0,0.0
S1066,5.728445,2.4730833333333333,16.292333333333332,27.32275,3.878666666666667,0.7315652161776204,2.38009102143345,2.405216925639713,2.961354721358839,0.4671456925191708,4.7664800000000005,0.168,12.891,23.973,3.329,6.73346,6.154000000000001,19.31,32.061,4.4510000000000005,1.9214600000000006,5.804,7.158999999999997,7.297000000000001,0.8900000000000001,12,2,1,12,5,0.0,0.0,0.0,0.0,0.0
S1067,5.728445,2.4730833333333333,16.292333333333332,27.32275,3.878666666666667,0.7315652161776204,2.38009102143345,2.405216925639713,2.961354721358839,0.4671456925191708,4.7664800000000005,0.168,12.891,23.973,3.329,6.73346,6.154000000000001,19.31,32.061,4.4510000000000005,1.9214600000000006,5.804,7.158999999999997,7.297000000000001,0.8900000000000001,12,2,1,12,5,0.0,0.0,0.0,0.0,0.0
S1068,5.728445,4.482249999999999,18.58733333333333,29.977583333333335,1.8436666666666668,0.7315652161776204,4.03269734001133,2.6689949429705258,3.4755336923670748,0.18943495517167985,4.7664800000000005,0.548,14.85,26.531,1.62,6.73346,10.176000000000002,21.642,35.427,2.1140000000000003,1.9214600000000006,9.588000000000001,8.058000000000002,8.940999999999999,0.5289999999999997,12,2,1,12,12,0.0,0.0,0.0,0.0,0.0
S1069,5.644790833333333,4.482249999999999,18.58733333333333,29.977583333333335,1.8436666666666668,0.6704167872083219,4.03269734001133,2.6689949429705258,3.4755336923670748,0.18943495517167985,4.71329,0.548,14.85,26.531,1.62,6.639390000000001,10.176000000000002,21.642,35.427,2.1140000000000003,1.6568600000000009,9.588000000000001,8.058000000000002,8.940999999999999,0.5289999999999997,12,2,1,12,12,0.0,0.0,0.0,0.0,0.0
S1070,5.0825225,4.482249999999999,18.58733333333333,29.977583333333335,1.8436666666666668,0.7299276473252894,4.03269734001133,2.6689949429705258,3.4755336923670748,0.18943495517167985,4.0421,0.548,14.85,26.531,1.62,6.01207,10.176000000000002,21.642,35.427,2.1140000000000003,1.7328900000000003,9.588000000000001,8.058000000000002,8.940999999999999,0.5289999999999997,12,2,1,12,12,0.0,0.0,0.0,0.0,0.0
S1071,5.0825225,3.5677499999999998,17.16,28.846166666666665,2.097083333333333,0.7299276473252894,3.319216385830605,2.4851559307214504,3.590812314955001,0.24663583822039709,4.0421,0.36,13.871,25.264,1.81,6.01207,9.000000000000004,20.544,34.642,2.4320000000000004,1.7328900000000003,8.068,7.3309999999999995,8.829,0.42100000000000004,12,2,1,12,9,0.0,0.0,0.0,0.0,0.0
S1072,5.0825225,3.5677499999999998,17.16,28.846166666666665,2.097083333333333,0.7299276473252894,3.319216385830605,2.4851559307214504,3.590812314955001,0.24663583822039709,4.0421,0.36,13.871,25.264,1.81,6.01207,9.000000000000004,20.544,34.642,2.4320000000000004,1.7328900000000003,8.068,7.3309999999999995,8.829,0.42100000000000004,12,2,1,12,9,0.0,0.0,0.0,0.0,0.0
S1073,5.588563333333334,3.042083333333333,14.098500000000001,25.002083333333335,2.3571666666666666,0.725445751805278,2.4130036012305953,2.4208869303236296,3.1147806742143795,0.3061421192826619,4.696700000000001,0.51,10.665,21.599,1.998,6.6182,6.509,17.016000000000002,29.907999999999998,2.7450000000000006,1.771139999999999,5.939,7.163999999999998,7.836999999999996,0.6480000000000001,12,2,1,12,7,0.0,0.0,0.0,0.0,0.0
S1074,5.588563333333334,3.428916666666667,15.389583333333333,26.62875,2.313,0.725445751805278,2.6252416602114566,2.728787521507494,3.3878712392317163,0.2752709894759323,4.696700000000001,0.75,11.459000000000001,23.245,1.95,6.6182,7.37,18.392,31.744,2.7,1.771139999999999,6.157000000000001,8.000999999999998,8.149999999999999,0.7440000000000002,12,2,1,12,12,0.0,0.0,0.0,0.0,0.0
