site_id,mun_agri_sown_ha,mun_agri_harvested_ha,mun_agri_value_mxn,mun_agri_n_crops,mun_agri_crop_shannon,mun_agri_top_crop,mun_agri_top_crop_share,mun_agri_irrigated_share,mun_agri_loss_share
S0000,5532.65,5517.75,882795720.8399999,30.0,1.7128035927911285,NOPALITOS,0.3621230332661564,0.002937109703306734,0.0
S0001,4932.84,4932.84,128235502.65,15.0,0.8171944282528031,MAÍZ GRANO,0.8153518054508153,0.045782956674045784,0.0
S0002,1486.4699999999998,1481.37,134756186.22,41.0,2.4125924289523364,MAÍZ GRANO,0.2499209536687589,0.5869408733442316,0.0
S0003,4932.84,4932.84,128235502.65,15.0,0.8171944282528031,MAÍZ GRANO,0.8153518054508153,0.045782956674045784,0.0
S0004,1486.4699999999998,1481.37,134756186.22,41.0,2.4125924289523364,MAÍZ GRANO,0.2499209536687589,0.5869408733442316,0.0
S0005,2283.39,2283.39,71120028.97,6.0,1.0831267861925682,AVENA FORRAJERA EN VERDE,0.5140908911749635,0.0,0.0
S0006,287.85,267.35,7052455.39,17.0,1.505238252871413,MAÍZ GRANO,0.5627931214174049,0.006426958485322216,0.05558450581900295
S0007,67.46,64.35000000000001,2068728.94,15.0,2.0673013464223,MAÍZ GRANO,0.44470797509635346,0.0,0.0
S0008,1851.83,1851.83,38156490.879999995,4.0,0.3475076136024802,MAÍZ GRANO,0.9093707305746208,0.0,0.0
S0009,1851.83,1851.83,38156490.879999995,4.0,0.3475076136024802,MAÍZ GRANO,0.9093707305746208,0.0,0.0
S0010,1851.83,1851.83,38156490.879999995,4.0,0.3475076136024802,MAÍZ GRANO,0.9093707305746208,0.0,0.0
S0011,1851.83,1851.83,38156490.879999995,4.0,0.3475076136024802,MAÍZ GRANO,0.9093707305746208,0.0,0.0
S0012,67.46,64.35000000000001,2068728.94,15.0,2.0673013464223,MAÍZ GRANO,0.44470797509635346,0.0,0.0
S0013,2831.0,2831.0,72583309.68,4.0,0.3084718573231709,MAÍZ GRANO,0.935005298481102,0.0,0.0
S0014,2831.0,2831.0,72583309.68,4.0,0.3084718573231709,MAÍZ GRANO,0.935005298481102,0.0,0.0
S0015,2831.0,2831.0,72583309.68,4.0,0.3084718573231709,MAÍZ GRANO,0.935005298481102,0.0,0.0
S0016,8196.130000000001,8196.130000000001,199429802.28000003,8.0,0.22487499427390342,MAÍZ GRANO,0.9592331990829818,0.059373143178548894,0.0
S0017,8196.130000000001,8196.130000000001,199429802.28000003,8.0,0.22487499427390342,MAÍZ GRANO,0.9592331990829818,0.059373143178548894,0.0
S0018,14497.51,14497.51,409268212.86999995,11.0,0.44000076528191884,MAÍZ GRANO,0.9132602771096554,0.22336594353099257,0.0
S0019,14497.51,14497.51,409268212.86999995,11.0,0.44000076528191884,MAÍZ GRANO,0.9132602771096554,0.22336594353099257,0.0
S0020,1851.83,1851.83,38156490.879999995,4.0,0.3475076136024802,MAÍZ GRANO,0.9093707305746208,0.0,0.0
S0021,1851.83,1851.83,38156490.879999995,4.0,0.3475076136024802,MAÍZ GRANO,0.9093707305746208,0.0,0.0
S0022,67.46,64.35000000000001,2068728.94,15.0,2.0673013464223,MAÍZ GRANO,0.44470797509635346,0.0,0.0
S0023,2831.0,2831.0,72583309.68,4.0,0.3084718573231709,MAÍZ GRANO,0.935005298481102,0.0,0.0
S0024,3673.4,3673.4,104393228.33,9.0,1.339994251818693,MAÍZ GRANO,0.5077040344095388,0.4021887080089291,0.0
S0025,1535.25,1535.25,33238843.169999998,9.0,1.6127946400157502,MAÍZ GRANO,0.3895587037941703,0.14753948868262498,0.0
S0026,6120.6,6120.6,176962552.20000002,16.0,0.42529093250362854,MAÍZ GRANO,0.9126556219978433,0.3890631637421168,0.0
S0027,5630.92,5630.92,123931608.70000002,7.0,0.5364032816520048,MAÍZ GRANO,0.8688935378233041,0.44687724208477475,0.0
S0028,5630.92,5630.92,123931608.70000002,7.0,0.5364032816520048,MAÍZ GRANO,0.8688935378233041,0.44687724208477475,0.0
S0029,5630.92,5630.92,123931608.70000002,7.0,0.5364032816520048,MAÍZ GRANO,0.8688935378233041,0.44687724208477475,0.0
S0030,18458.429999999997,18458.429999999997,466394893.12,11.0,0.4767321085200613,MAÍZ GRANO,0.8879227539937038,0.2551858419161327,0.0
S0031,18458.429999999997,18458.429999999997,466394893.12,11.0,0.4767321085200613,MAÍZ GRANO,0.8879227539937038,0.2551858419161327,0.0
S0032,17730.010000000002,17730.010000000002,376669392.98,9.0,0.713687855633374,MAÍZ GRANO,0.8093627696769488,0.1807483470116486,0.0
S0033,7818.360000000001,7818.360000000001,269255268.75,13.0,1.3512253175817932,MAÍZ FORRAJERO EN VERDE,0.4731593326477675,0.2557198696401803,0.0
S0034,7818.360000000001,7818.360000000001,269255268.75,13.0,1.3512253175817932,MAÍZ FORRAJERO EN VERDE,0.4731593326477675,0.2557198696401803,0.0
S0035,7818.360000000001,7818.360000000001,269255268.75,13.0,1.3512253175817932,MAÍZ FORRAJERO EN VERDE,0.4731593326477675,0.2557198696401803,0.0
S0036,7818.360000000001,7818.360000000001,269255268.75,13.0,1.3512253175817932,MAÍZ FORRAJERO EN VERDE,0.4731593326477675,0.2557198696401803,0.0
S0037,7818.360000000001,7818.360000000001,269255268.75,13.0,1.3512253175817932,MAÍZ FORRAJERO EN VERDE,0.4731593326477675,0.2557198696401803,0.0
S0038,17730.010000000002,17730.010000000002,376669392.98,9.0,0.713687855633374,MAÍZ GRANO,0.8093627696769488,0.1807483470116486,0.0
S0039,17730.010000000002,17730.010000000002,376669392.98,9.0,0.713687855633374,MAÍZ GRANO,0.8093627696769488,0.1807483470116486,0.0
S0040,17730.010000000002,17730.010000000002,376669392.98,9.0,0.713687855633374,MAÍZ GRANO,0.8093627696769488,0.1807483470116486,0.0
S0041,17730.010000000002,17730.010000000002,376669392.98,9.0,0.713687855633374,MAÍZ GRANO,0.8093627696769488,0.1807483470116486,0.0
S0042,17730.010000000002,17730.010000000002,376669392.98,9.0,0.713687855633374,MAÍZ GRANO,0.8093627696769488,0.1807483470116486,0.0
S0043,17730.010000000002,17730.010000000002,376669392.98,9.0,0.713687855633374,MAÍZ GRANO,0.8093627696769488,0.1807483470116486,0.0
S0044,3884.86,3884.86,125656002.17,11.0,1.2249063973730476,MAÍZ GRANO,0.6493567335759847,0.5286007732582384,0.0
S0045,3884.86,3884.86,125656002.17,11.0,1.2249063973730476,MAÍZ GRANO,0.6493567335759847,0.5286007732582384,0.0
S0046,6104.8099999999995,6104.8099999999995,131970748.97000001,12.0,1.4841250647568165,MAÍZ GRANO,0.4282967037467178,0.2304314139178779,0.0
S0047,11398.14,11398.14,293941536.89000005,15.0,1.5227504971936927,MAÍZ GRANO,0.35736883386236706,0.38314496926691555,0.0
S0048,11398.14,11398.14,293941536.89000005,15.0,1.5227504971936927,MAÍZ GRANO,0.35736883386236706,0.38314496926691555,0.0
S0049,6104.8099999999995,6104.8099999999995,131970748.97000001,12.0,1.4841250647568165,MAÍZ GRANO,0.4282967037467178,0.2304314139178779,0.0
S0050,11398.14,11398.14,293941536.89000005,15.0,1.5227504971936927,MAÍZ GRANO,0.35736883386236706,0.38314496926691555,0.0
S0051,11358.55,11358.55,158164287.32,9.0,1.2703315627533405,MAÍZ GRANO,0.44226595824290954,0.1094373841731559,0.0
S0052,13129.83,13129.83,200246570.72,9.0,1.12888990968119,CEBADA GRANO,0.6408308409172091,0.0,0.0
S0053,20265.659999999996,20265.659999999996,320954791.40999997,9.0,0.9828682392627215,CEBADA GRANO,0.6830273477399701,0.0,0.0
S0054,20265.659999999996,20265.659999999996,320954791.40999997,9.0,0.9828682392627215,CEBADA GRANO,0.6830273477399701,0.0,0.0
S0055,9.35,9.35,224154.08000000002,5.0,1.383840188176137,MAÍZ GRANO,0.42780748663101603,0.5614973262032086,0.0
S0056,6104.8099999999995,6104.8099999999995,131970748.97000001,12.0,1.4841250647568165,MAÍZ GRANO,0.4282967037467178,0.2304314139178779,0.0
S0057,6104.8099999999995,6104.8099999999995,131970748.97000001,12.0,1.4841250647568165,MAÍZ GRANO,0.4282967037467178,0.2304314139178779,0.0
S0058,6104.8099999999995,6104.8099999999995,131970748.97000001,12.0,1.4841250647568165,MAÍZ GRANO,0.4282967037467178,0.2304314139178779,0.0
S0059,13129.83,13129.83,200246570.72,9.0,1.12888990968119,CEBADA GRANO,0.6408308409172091,0.0,0.0
S0060,11358.55,11358.55,158164287.32,9.0,1.2703315627533405,MAÍZ GRANO,0.44226595824290954,0.1094373841731559,0.0
S0061,1729.3999999999999,1716.1,496301415.37,43.0,2.4032721585231687,MAÍZ GRANO,0.38683936625419224,0.25743032265525617,0.0
S0062,5569.65,5557.2,538971405.27,23.0,1.397886378473185,AVENA FORRAJERA EN VERDE,0.5488675230939107,0.0010952214232492167,0.0
S0063,5569.65,5557.2,538971405.27,23.0,1.397886378473185,AVENA FORRAJERA EN VERDE,0.5488675230939107,0.0010952214232492167,0.0
S0064,738.3000000000001,738.3000000000001,17261827.2,8.0,0.9544555988940548,AVENA FORRAJERA EN VERDE,0.7625626439116889,0.0,0.0
S0065,738.3000000000001,738.3000000000001,17261827.2,8.0,0.9544555988940548,AVENA FORRAJERA EN VERDE,0.7625626439116889,0.0,0.0
S0066,1390.5,1390.5,241844517.28000003,14.0,1.4191974838322117,MAÍZ GRANO,0.5688601222581805,0.11326860841423948,0.0
S0067,1390.5,1390.5,241844517.28000003,14.0,1.4191974838322117,MAÍZ GRANO,0.5688601222581805,0.11326860841423948,0.0
S0068,5569.65,5557.2,538971405.27,23.0,1.397886378473185,AVENA FORRAJERA EN VERDE,0.5488675230939107,0.0010952214232492167,0.0
S0069,1729.3999999999999,1716.1,496301415.37,43.0,2.4032721585231687,MAÍZ GRANO,0.38683936625419224,0.25743032265525617,0.0
S0070,738.3000000000001,738.3000000000001,17261827.2,8.0,0.9544555988940548,AVENA FORRAJERA EN VERDE,0.7625626439116889,0.0,0.0
S0071,1419.6,1399.1,191039573.19,17.0,1.813548092977176,MAÍZ GRANO,0.4146942800788955,0.1019301211608904,0.00035221189067342917
S0072,1390.5,1390.5,241844517.28000003,14.0,1.4191974838322117,MAÍZ GRANO,0.5688601222581805,0.11326860841423948,0.0
S0073,1390.5,1390.5,241844517.28000003,14.0,1.4191974838322117,MAÍZ GRANO,0.5688601222581805,0.11326860841423948,0.0
S0074,1729.3999999999999,1716.1,496301415.37,43.0,2.4032721585231687,MAÍZ GRANO,0.38683936625419224,0.25743032265525617,0.0
S0075,5532.65,5517.75,882795720.8399999,30.0,1.7128035927911285,NOPALITOS,0.3621230332661564,0.002937109703306734,0.0
S0076,4378.5,4358.5,1341403972.85,14.0,1.1170458347174588,NOPALITOS,0.6920178143199726,0.0018271097407788054,0.0
S0077,4378.5,4358.5,1341403972.85,14.0,1.1170458347174588,NOPALITOS,0.6920178143199726,0.0018271097407788054,0.0
S0078,1376.7,1332.2,334626104.9,19.0,2.065355833312385,NOPALITOS,0.41766543182973775,0.36187985763056585,0.0018159366601292945
S0079,3107.5,3082.7,388428270.82000005,24.0,1.3373268856194227,CAÑA DE AZÚCAR,0.7079646017699115,0.8941271118262268,0.0031536604987932424
S0080,4684.4,4670.4,145547077.22,23.0,1.991695644204148,AVENA GRANO,0.23482196225770643,0.06818375885919221,0.0
S0081,4684.4,4670.4,145547077.22,23.0,1.991695644204148,AVENA GRANO,0.23482196225770643,0.06818375885919221,0.0
S0082,4684.4,4670.4,145547077.22,23.0,1.991695644204148,AVENA GRANO,0.23482196225770643,0.06818375885919221,0.0
S0083,4592.2,4576.7,148165740.88,30.0,1.1274928659734111,MAÍZ GRANO,0.7643395322503376,0.4912678019250033,0.0
S0084,4592.2,4576.7,148165740.88,30.0,1.1274928659734111,MAÍZ GRANO,0.7643395322503376,0.4912678019250033,0.0
S0085,6105.4,6030.0,190505687.86,29.0,1.4980857504494351,MAÍZ GRANO,0.6548301503586988,0.31922560356405805,0.0
S0086,1778.0,1749.5,33888907.230000004,14.0,0.5395740032889463,MAÍZ GRANO,0.9043869516310461,0.10911136107986502,0.0
S0087,2256.5,2256.5,57915498.0,25.0,1.0714600742468408,MAÍZ GRANO,0.8056725016618658,0.1923332594726346,0.0
S0088,51.0,51.0,818199.42,5.0,1.3082932036484165,AVENA GRANO,0.47058823529411764,0.0,0.0
S0089,51.0,51.0,818199.42,5.0,1.3082932036484165,AVENA GRANO,0.47058823529411764,0.0,0.0
S0090,51.0,51.0,818199.42,5.0,1.3082932036484165,AVENA GRANO,0.47058823529411764,0.0,0.0
S0091,51.0,51.0,818199.42,5.0,1.3082932036484165,AVENA GRANO,0.47058823529411764,0.0,0.0
S0092,1486.4699999999998,1481.37,134756186.22,41.0,2.4125924289523364,MAÍZ GRANO,0.2499209536687589,0.5869408733442316,0.0
S0093,4932.84,4932.84,128235502.65,15.0,0.8171944282528031,MAÍZ GRANO,0.8153518054508153,0.045782956674045784,0.0
S0094,4932.84,4932.84,128235502.65,15.0,0.8171944282528031,MAÍZ GRANO,0.8153518054508153,0.045782956674045784,0.0
S0095,4684.4,4670.4,145547077.22,23.0,1.991695644204148,AVENA GRANO,0.23482196225770643,0.06818375885919221,0.0
S0096,2839.3,2829.3,79469718.84,27.0,1.0021027184719506,MAÍZ GRANO,0.8040714260557179,0.29056457577571937,0.0
S0097,4592.2,4576.7,148165740.88,30.0,1.1274928659734111,MAÍZ GRANO,0.7643395322503376,0.4912678019250033,0.0
S0098,4592.2,4576.7,148165740.88,30.0,1.1274928659734111,MAÍZ GRANO,0.7643395322503376,0.4912678019250033,0.0
S0099,6105.4,6030.0,190505687.86,29.0,1.4980857504494351,MAÍZ GRANO,0.6548301503586988,0.31922560356405805,0.0
S0100,345.5,340.0,5599228.22,7.0,0.5734910924512169,MAÍZ GRANO,0.8654124457308249,0.12735166425470332,0.0
S0101,1148.3,1147.3,30745452.6,21.0,1.1867968627924579,MAÍZ GRANO,0.7724462248541323,0.23495602194548465,0.0
S0102,1148.3,1147.3,30745452.6,21.0,1.1867968627924579,MAÍZ GRANO,0.7724462248541323,0.23495602194548465,0.0
S0103,7583.8,7563.3,83814698.17,10.0,0.39095344235181095,MAÍZ GRANO,0.91642712096838,0.038067987024974284,0.0
S0104,1748.73,1748.73,46975427.870000005,10.0,0.4107368367030617,MAÍZ GRANO,0.9120904885259589,0.006804938441040069,0.0
S0105,746.82,746.82,22914474.57,4.0,0.3169051685402573,MAÍZ GRANO,0.9336252376744061,0.0,0.0
S0106,6497.75,6497.75,375041742.23,9.0,0.9023560383450457,MAÍZ GRANO,0.6949436343349621,0.0,0.0
S0107,1436.65,1436.65,58136666.1,13.0,0.6835544071626424,MAÍZ GRANO,0.8561584241116486,0.004176382556642188,0.0
S0108,9796.45,9796.45,613557850.6099999,29.0,1.4339672540876527,MAÍZ GRANO,0.6665679914662964,0.0014035696604382199,0.0
S0109,9796.45,9796.45,613557850.6099999,29.0,1.4339672540876527,MAÍZ GRANO,0.6665679914662964,0.0014035696604382199,0.0
S0110,2361.0,2361.0,211280641.5,18.0,1.7030267971279853,MAÍZ GRANO,0.493434985175773,0.0,0.0
S0111,6723.969999999999,6723.969999999999,1608222243.71,38.0,1.6584857602433007,MAÍZ GRANO,0.5917977028451942,0.22897038505525757,0.0
S0112,5511.07,5511.07,4855538954.28,32.0,2.1877833414494146,CRISANTEMO (GRUESA),0.3101103778395121,0.6898442589188669,0.0
S0113,2095.83,2095.83,195793570.98000002,21.0,1.7764046326303302,MAÍZ GRANO,0.5302147597849063,0.3027344775101034,0.0
S0114,3129.34,3129.34,236881775.46,23.0,1.4025624998195796,MAÍZ GRANO,0.6725188058823905,0.2222065994746496,0.0
S0115,2736.9799999999996,2727.9799999999996,128041732.72,23.0,1.1540582552395393,MAÍZ GRANO,0.7163004479389693,0.1254156040599493,0.0
S0116,7424.09,7418.09,93817764.38,27.0,0.5239674397413201,MAÍZ GRANO,0.9049930698577199,0.019861020003798448,0.0
S0117,34574.079999999994,34511.079999999994,928257625.2500001,34.0,1.5354146820901975,MAÍZ GRANO,0.596786089463552,0.054349385435563294,0.0
S0118,34574.079999999994,34511.079999999994,928257625.2500001,34.0,1.5354146820901975,MAÍZ GRANO,0.596786089463552,0.054349385435563294,0.0
S0119,34574.079999999994,34511.079999999994,928257625.2500001,34.0,1.5354146820901975,MAÍZ GRANO,0.596786089463552,0.054349385435563294,0.0
S0120,11375.460000000003,11322.46,258219671.22000003,23.0,1.082361031881395,MAÍZ GRANO,0.7389652814040045,0.08031763111118143,0.0
S0121,34574.079999999994,34511.079999999994,928257625.2500001,34.0,1.5354146820901975,MAÍZ GRANO,0.596786089463552,0.054349385435563294,0.0
S0122,32400.43,32073.93,753053212.5199999,21.0,1.429964232917772,MAÍZ GRANO,0.48225193307619685,0.11243276709599224,0.0
S0123,6828.24,6828.24,183290856.60999998,23.0,1.295633084894875,MAÍZ GRANO,0.6988931261935726,0.12919434583435851,0.0
S0124,7424.09,7418.09,93817764.38,27.0,0.5239674397413201,MAÍZ GRANO,0.9049930698577199,0.019861020003798448,0.0
S0125,2388.7299999999996,2386.7299999999996,24680224.320000004,14.0,0.2674681624580508,MAÍZ GRANO,0.9570106290790505,0.007736328509291548,0.0
S0126,12394.569999999998,12392.569999999998,251858799.61999997,16.0,0.5897471514757036,MAÍZ GRANO,0.881653820987739,0.022780136785705358,0.0
S0127,5324.040000000001,5320.74,44017004.730000004,11.0,0.2945524421445159,MAÍZ GRANO,0.9374234603797115,0.13902788108278671,0.0
S0128,7008.4,6999.4,209762344.60000002,14.0,1.6541889847636646,MAÍZ GRANO,0.44869014325666345,0.0,0.0
S0129,5400.71,5400.71,136163855.85000002,22.0,0.7683957085743187,MAÍZ GRANO,0.8416948882646911,0.08330201029123949,0.0
S0130,5400.71,5400.71,136163855.85000002,22.0,0.7683957085743187,MAÍZ GRANO,0.8416948882646911,0.08330201029123949,0.0
S0131,10598.960000000003,10593.960000000003,207684599.15,16.0,0.6946537362390816,MAÍZ GRANO,0.8560122879980675,0.02305886615290556,0.0
S0132,3851.98,3836.98,61314180.16,11.0,0.5404856523992932,MAÍZ GRANO,0.8721099278812454,0.02084642184019647,0.0
S0133,34574.079999999994,34511.079999999994,928257625.2500001,34.0,1.5354146820901975,MAÍZ GRANO,0.596786089463552,0.054349385435563294,0.0
S0134,8519.83,8510.83,191174434.85,13.0,0.6832761309240379,MAÍZ GRANO,0.8599936853200123,0.1235353287565597,0.0
S0135,8519.83,8510.83,191174434.85,13.0,0.6832761309240379,MAÍZ GRANO,0.8599936853200123,0.1235353287565597,0.0
S0136,15382.42,14680.42,872475670.28,16.0,1.6398747325907828,MAÍZ GRANO,0.4377510170701359,0.3734893469298069,0.0
S0137,15382.42,14680.42,872475670.28,16.0,1.6398747325907828,MAÍZ GRANO,0.4377510170701359,0.3734893469298069,0.0
S0138,15382.42,14680.42,872475670.28,16.0,1.6398747325907828,MAÍZ GRANO,0.4377510170701359,0.3734893469298069,0.0
S0139,15382.42,14680.42,872475670.28,16.0,1.6398747325907828,MAÍZ GRANO,0.4377510170701359,0.3734893469298069,0.0
S0140,6828.24,6828.24,183290856.60999998,23.0,1.295633084894875,MAÍZ GRANO,0.6988931261935726,0.12919434583435851,0.0
S0141,12394.569999999998,12392.569999999998,251858799.61999997,16.0,0.5897471514757036,MAÍZ GRANO,0.881653820987739,0.022780136785705358,0.0
S0142,13122.689999999999,13112.689999999999,457537476.88,18.0,1.329482929138479,MAÍZ GRANO,0.6343364051120618,0.5327375713363648,0.0
S0143,13122.689999999999,13112.689999999999,457537476.88,18.0,1.329482929138479,MAÍZ GRANO,0.6343364051120618,0.5327375713363648,0.0
S0144,2239.4300000000003,2223.4300000000003,110642061.75999999,14.0,1.5190999599621946,MAÍZ GRANO,0.5596692015378913,0.5849211629745068,0.0
S0145,3736.0,3462.0,185613683.43,22.0,1.6583129407820751,MAÍZ GRANO,0.4550321199143469,0.48340471092077086,0.0
S0146,1368.0,1304.0,72887654.17,18.0,1.6215460189070319,MAÍZ GRANO,0.4817251461988304,0.695906432748538,0.0
S0147,1575.9899999999998,1575.9899999999998,84101798.65,25.0,1.618978926856962,MAÍZ GRANO,0.5653589172520131,0.15221543283904088,0.0
S0148,6828.24,6828.24,183290856.60999998,23.0,1.295633084894875,MAÍZ GRANO,0.6988931261935726,0.12919434583435851,0.0
S0149,6828.24,6828.24,183290856.60999998,23.0,1.295633084894875,MAÍZ GRANO,0.6988931261935726,0.12919434583435851,0.0
S0150,7424.09,7418.09,93817764.38,27.0,0.5239674397413201,MAÍZ GRANO,0.9049930698577199,0.019861020003798448,0.0
S0151,7424.09,7418.09,93817764.38,27.0,0.5239674397413201,MAÍZ GRANO,0.9049930698577199,0.019861020003798448,0.0
S0152,1575.9899999999998,1575.9899999999998,84101798.65,25.0,1.618978926856962,MAÍZ GRANO,0.5653589172520131,0.15221543283904088,0.0
S0153,7424.09,7418.09,93817764.38,27.0,0.5239674397413201,MAÍZ GRANO,0.9049930698577199,0.019861020003798448,0.0
S0154,11375.460000000003,11322.46,258219671.22000003,23.0,1.082361031881395,MAÍZ GRANO,0.7389652814040045,0.08031763111118143,0.0
S0155,5201.6,5151.6,134132731.41,21.0,0.7069367997803682,MAÍZ GRANO,0.8686384958474316,0.05935673638880344,0.0
S0156,5201.6,5151.6,134132731.41,21.0,0.7069367997803682,MAÍZ GRANO,0.8686384958474316,0.05935673638880344,0.0
S0157,11546.550000000001,11525.550000000001,242075400.0,24.0,0.44762024617228635,MAÍZ GRANO,0.9213825774798533,0.035621895717768505,0.0
S0158,5324.040000000001,5320.74,44017004.730000004,11.0,0.2945524421445159,MAÍZ GRANO,0.9374234603797115,0.13902788108278671,0.0
S0159,3658.28,3623.2500000000005,71510151.0,19.0,0.9650964033830468,MAÍZ GRANO,0.8014968783143991,0.7457329674054475,0.0
S0160,1830.54,1830.54,13070496.159999998,5.0,0.34400387247704106,MAÍZ GRANO,0.9306707310411136,0.10162028690987358,0.0
S0161,3658.28,3623.2500000000005,71510151.0,19.0,0.9650964033830468,MAÍZ GRANO,0.8014968783143991,0.7457329674054475,0.0
S0162,11375.460000000003,11322.46,258219671.22000003,23.0,1.082361031881395,MAÍZ GRANO,0.7389652814040045,0.08031763111118143,0.0
S0163,11375.460000000003,11322.46,258219671.22000003,23.0,1.082361031881395,MAÍZ GRANO,0.7389652814040045,0.08031763111118143,0.0
S0164,11375.460000000003,11322.46,258219671.22000003,23.0,1.082361031881395,MAÍZ GRANO,0.7389652814040045,0.08031763111118143,0.0
S0165,11375.460000000003,11322.46,258219671.22000003,23.0,1.082361031881395,MAÍZ GRANO,0.7389652814040045,0.08031763111118143,0.0
S0166,11375.460000000003,11322.46,258219671.22000003,23.0,1.082361031881395,MAÍZ GRANO,0.7389652814040045,0.08031763111118143,0.0
S0167,15553.970000000001,15514.470000000001,328917968.03999996,21.0,1.2559761733693706,PASTOS Y PRADERAS,0.48077757640010876,0.025023193435502314,0.0
S0168,15553.970000000001,15514.470000000001,328917968.03999996,21.0,1.2559761733693706,PASTOS Y PRADERAS,0.48077757640010876,0.025023193435502314,0.0
S0169,15553.970000000001,15514.470000000001,328917968.03999996,21.0,1.2559761733693706,PASTOS Y PRADERAS,0.48077757640010876,0.025023193435502314,0.0
S0170,34574.079999999994,34511.079999999994,928257625.2500001,34.0,1.5354146820901975,MAÍZ GRANO,0.596786089463552,0.054349385435563294,0.0
S0171,34574.079999999994,34511.079999999994,928257625.2500001,34.0,1.5354146820901975,MAÍZ GRANO,0.596786089463552,0.054349385435563294,0.0
S0172,11375.460000000003,11322.46,258219671.22000003,23.0,1.082361031881395,MAÍZ GRANO,0.7389652814040045,0.08031763111118143,0.0
S0173,7060.94,7053.94,149238988.46,13.0,0.3771458626926474,MAÍZ GRANO,0.9314623831954386,0.012171184006662002,0.0
S0174,8092.52,8008.52,175386147.43,15.0,1.024294228973174,MAÍZ GRANO,0.7178567368384632,0.05703044292754296,0.0
S0175,558.5,548.5,110580641.41999999,18.0,2.354922738068928,ROSA (GRUESA),0.24529991047448524,0.6436884512085944,0.0
S0176,558.5,548.5,110580641.41999999,18.0,2.354922738068928,ROSA (GRUESA),0.24529991047448524,0.6436884512085944,0.0
S0177,558.5,548.5,110580641.41999999,18.0,2.354922738068928,ROSA (GRUESA),0.24529991047448524,0.6436884512085944,0.0
S0178,558.5,548.5,110580641.41999999,18.0,2.354922738068928,ROSA (GRUESA),0.24529991047448524,0.6436884512085944,0.0
S0179,1376.5,1334.5,135641901.98999998,18.0,1.5431803337753023,CAÑA DE AZÚCAR,0.6116963312749728,0.9019251725390484,0.0
S0180,1376.5,1334.5,135641901.98999998,18.0,1.5431803337753023,CAÑA DE AZÚCAR,0.6116963312749728,0.9019251725390484,0.0
S0181,151.0,151.0,3059501.7800000003,4.0,0.49313185329656056,MAÍZ GRANO,0.8807947019867549,0.32450331125827814,0.0
S0182,1368.0,1304.0,72887654.17,18.0,1.6215460189070319,MAÍZ GRANO,0.4817251461988304,0.695906432748538,0.0
S0183,1368.0,1304.0,72887654.17,18.0,1.6215460189070319,MAÍZ GRANO,0.4817251461988304,0.695906432748538,0.0
S0184,1368.0,1304.0,72887654.17,18.0,1.6215460189070319,MAÍZ GRANO,0.4817251461988304,0.695906432748538,0.0
S0185,7424.09,7418.09,93817764.38,27.0,0.5239674397413201,MAÍZ GRANO,0.9049930698577199,0.019861020003798448,0.0
S0186,7424.09,7418.09,93817764.38,27.0,0.5239674397413201,MAÍZ GRANO,0.9049930698577199,0.019861020003798448,0.0
S0187,6828.24,6828.24,183290856.60999998,23.0,1.295633084894875,MAÍZ GRANO,0.6988931261935726,0.12919434583435851,0.0
S0188,6828.24,6828.24,183290856.60999998,23.0,1.295633084894875,MAÍZ GRANO,0.6988931261935726,0.12919434583435851,0.0
S0189,5400.71,5400.71,136163855.85000002,22.0,0.7683957085743187,MAÍZ GRANO,0.8416948882646911,0.08330201029123949,0.0
S0190,5400.71,5400.71,136163855.85000002,22.0,0.7683957085743187,MAÍZ GRANO,0.8416948882646911,0.08330201029123949,0.0
S0191,5400.71,5400.71,136163855.85000002,22.0,0.7683957085743187,MAÍZ GRANO,0.8416948882646911,0.08330201029123949,0.0
S0192,7060.94,7053.94,149238988.46,13.0,0.3771458626926474,MAÍZ GRANO,0.9314623831954386,0.012171184006662002,0.0
S0193,11375.460000000003,11322.46,258219671.22000003,23.0,1.082361031881395,MAÍZ GRANO,0.7389652814040045,0.08031763111118143,0.0
S0194,34574.079999999994,34511.079999999994,928257625.2500001,34.0,1.5354146820901975,MAÍZ GRANO,0.596786089463552,0.054349385435563294,0.0
S0195,34574.079999999994,34511.079999999994,928257625.2500001,34.0,1.5354146820901975,MAÍZ GRANO,0.596786089463552,0.054349385435563294,0.0
S0196,32400.43,32073.93,753053212.5199999,21.0,1.429964232917772,MAÍZ GRANO,0.48225193307619685,0.11243276709599224,0.0
S0197,558.5,548.5,110580641.41999999,18.0,2.354922738068928,ROSA (GRUESA),0.24529991047448524,0.6436884512085944,0.0
S0198,692.5,673.5,121480483.43,19.0,2.3257968883476567,CAÑA DE AZÚCAR,0.2527075812274368,0.8382671480144405,0.0
S0199,558.5,548.5,110580641.41999999,18.0,2.354922738068928,ROSA (GRUESA),0.24529991047448524,0.6436884512085944,0.0
S0200,558.5,548.5,110580641.41999999,18.0,2.354922738068928,ROSA (GRUESA),0.24529991047448524,0.6436884512085944,0.0
S0201,1376.5,1334.5,135641901.98999998,18.0,1.5431803337753023,CAÑA DE AZÚCAR,0.6116963312749728,0.9019251725390484,0.0
S0202,1376.5,1334.5,135641901.98999998,18.0,1.5431803337753023,CAÑA DE AZÚCAR,0.6116963312749728,0.9019251725390484,0.0
S0203,151.0,151.0,3059501.7800000003,4.0,0.49313185329656056,MAÍZ GRANO,0.8807947019867549,0.32450331125827814,0.0
S0204,151.0,151.0,3059501.7800000003,4.0,0.49313185329656056,MAÍZ GRANO,0.8807947019867549,0.32450331125827814,0.0
S0205,3736.0,3462.0,185613683.43,22.0,1.6583129407820751,MAÍZ GRANO,0.4550321199143469,0.48340471092077086,0.0
S0206,3758.0,3538.0,326196816.1,19.0,1.6719313345270979,CAÑA DE AZÚCAR,0.5215540180947312,0.8153273017562533,0.0
S0207,3758.0,3538.0,326196816.1,19.0,1.6719313345270979,CAÑA DE AZÚCAR,0.5215540180947312,0.8153273017562533,0.0
S0208,10598.960000000003,10593.960000000003,207684599.15,16.0,0.6946537362390816,MAÍZ GRANO,0.8560122879980675,0.02305886615290556,0.0
S0209,11375.460000000003,11322.46,258219671.22000003,23.0,1.082361031881395,MAÍZ GRANO,0.7389652814040045,0.08031763111118143,0.0
S0210,11375.460000000003,11322.46,258219671.22000003,23.0,1.082361031881395,MAÍZ GRANO,0.7389652814040045,0.08031763111118143,0.0
S0211,15553.970000000001,15514.470000000001,328917968.03999996,21.0,1.2559761733693706,PASTOS Y PRADERAS,0.48077757640010876,0.025023193435502314,0.0
S0212,34574.079999999994,34511.079999999994,928257625.2500001,34.0,1.5354146820901975,MAÍZ GRANO,0.596786089463552,0.054349385435563294,0.0
S0213,34574.079999999994,34511.079999999994,928257625.2500001,34.0,1.5354146820901975,MAÍZ GRANO,0.596786089463552,0.054349385435563294,0.0
S0214,2239.4300000000003,2223.4300000000003,110642061.75999999,14.0,1.5190999599621946,MAÍZ GRANO,0.5596692015378913,0.5849211629745068,0.0
S0215,20050.569999999996,20036.569999999996,386770136.2200001,15.0,0.6355708625516316,MAÍZ GRANO,0.83423064780702,0.08286048725796825,0.0
S0216,17759.66,17303.66,569890112.47,21.0,1.4651036836324427,MAÍZ GRANO,0.5543276166323005,0.18427379803442182,0.0
S0217,14497.51,14497.51,409268212.86999995,11.0,0.44000076528191884,MAÍZ GRANO,0.9132602771096554,0.22336594353099257,0.0
S0218,10550.16,10550.16,437047498.54,7.0,0.6135752771245727,MAÍZ GRANO,0.8205581716296246,0.15341189138363778,0.0
S0219,10550.16,10550.16,437047498.54,7.0,0.6135752771245727,MAÍZ GRANO,0.8205581716296246,0.15341189138363778,0.0
S0220,8886.5,8629.5,636205086.8900001,20.0,1.457933032738953,MAÍZ GRANO,0.5643672987115287,0.2007618297417431,0.0
S0221,8886.5,8629.5,636205086.8900001,20.0,1.457933032738953,MAÍZ GRANO,0.5643672987115287,0.2007618297417431,0.0
S0222,1740.34,1607.4599999999998,105706579.9,11.0,1.0087566713735807,MAÍZ GRANO,0.6276991852166819,0.030494041394210324,0.0
S0223,13795.149999999998,13761.149999999998,283880990.16,20.0,0.7797885372455923,MAÍZ GRANO,0.6604843006418923,0.021129889852593127,0.0
S0224,13795.149999999998,13761.149999999998,283880990.16,20.0,0.7797885372455923,MAÍZ GRANO,0.6604843006418923,0.021129889852593127,0.0
S0225,13795.149999999998,13761.149999999998,283880990.16,20.0,0.7797885372455923,MAÍZ GRANO,0.6604843006418923,0.021129889852593127,0.0
S0226,12335.969999999996,12325.809999999996,286847019.23,14.0,0.8270637619848179,MAÍZ GRANO,0.8021096030551309,0.16885417198647537,0.0
S0227,2239.4300000000003,2223.4300000000003,110642061.75999999,14.0,1.5190999599621946,MAÍZ GRANO,0.5596692015378913,0.5849211629745068,0.0
S0228,1376.5,1334.5,135641901.98999998,18.0,1.5431803337753023,CAÑA DE AZÚCAR,0.6116963312749728,0.9019251725390484,0.0
S0229,99.0,99.0,2921628.1399999997,5.0,0.9791390458047099,MAÍZ GRANO,0.696969696969697,0.35353535353535354,0.0
S0230,1233.0,1208.0,126896764.99,27.0,2.291359390525369,CAÑA DE AZÚCAR,0.35279805352798055,0.7575020275750203,0.0
S0231,1233.0,1208.0,126896764.99,27.0,2.291359390525369,CAÑA DE AZÚCAR,0.35279805352798055,0.7575020275750203,0.0
S0232,517.5,508.5,55320568.970000006,23.0,2.4217830927548127,CAÑA DE AZÚCAR,0.25120772946859904,0.7381642512077294,0.0
S0233,1154.0,1111.0,100398006.81,27.0,2.3929231428700812,MAÍZ GRANO,0.3266897746967071,0.542894280762565,0.0
S0234,1154.0,1111.0,100398006.81,27.0,2.3929231428700812,MAÍZ GRANO,0.3266897746967071,0.542894280762565,0.0
S0235,7060.94,7053.94,149238988.46,13.0,0.3771458626926474,MAÍZ GRANO,0.9314623831954386,0.012171184006662002,0.0
S0236,8092.52,8008.52,175386147.43,15.0,1.024294228973174,MAÍZ GRANO,0.7178567368384632,0.05703044292754296,0.0
S0237,47436.869999999995,42917.869999999995,945911678.6,22.0,1.3334132848526656,CAFÉ CEREZA,0.5076220248089724,0.09000298712794501,0.0
S0238,47436.869999999995,42917.869999999995,945911678.6,22.0,1.3334132848526656,CAFÉ CEREZA,0.5076220248089724,0.09000298712794501,0.0
S0239,15553.970000000001,15514.470000000001,328917968.03999996,21.0,1.2559761733693706,PASTOS Y PRADERAS,0.48077757640010876,0.025023193435502314,0.0
S0240,19633.739999999998,19609.739999999998,371893487.37,15.0,1.5258435744747822,MAÍZ GRANO,0.39081295769425495,0.034282311979276496,0.0
S0241,24498.739999999998,24430.739999999998,468852322.5300001,20.0,1.6232245852344567,MAÍZ GRANO,0.3740167861694112,0.03457524754334305,0.0
S0242,14847.340000000002,14831.340000000002,364940128.91,20.0,1.5507885742413412,COPRA,0.4290330793259937,0.16590513856354067,0.0
S0243,34574.079999999994,34511.079999999994,928257625.2500001,34.0,1.5354146820901975,MAÍZ GRANO,0.596786089463552,0.054349385435563294,0.0
S0244,32400.43,32073.93,753053212.5199999,21.0,1.429964232917772,MAÍZ GRANO,0.48225193307619685,0.11243276709599224,0.0
S0245,32400.43,32073.93,753053212.5199999,21.0,1.429964232917772,MAÍZ GRANO,0.48225193307619685,0.11243276709599224,0.0
S0246,32400.43,32073.93,753053212.5199999,21.0,1.429964232917772,MAÍZ GRANO,0.48225193307619685,0.11243276709599224,0.0
S0247,47436.869999999995,42917.869999999995,945911678.6,22.0,1.3334132848526656,CAFÉ CEREZA,0.5076220248089724,0.09000298712794501,0.0
S0248,10506.8,10442.3,342678105.19,17.0,1.0352388057517574,COPRA,0.7288613088666388,0.18619846194845247,0.0
S0249,10506.8,10442.3,342678105.19,17.0,1.0352388057517574,COPRA,0.7288613088666388,0.18619846194845247,0.0
S0250,48813.82,46969.82,2462628528.7999997,27.0,1.7721249608354055,COPRA,0.31497227629388563,0.4094926395844456,0.0
S0251,48813.82,46969.82,2462628528.7999997,27.0,1.7721249608354055,COPRA,0.31497227629388563,0.4094926395844456,0.0
S0252,48813.82,46969.82,2462628528.7999997,27.0,1.7721249608354055,COPRA,0.31497227629388563,0.4094926395844456,0.0
S0253,48813.82,46969.82,2462628528.7999997,27.0,1.7721249608354055,COPRA,0.31497227629388563,0.4094926395844456,0.0
S0254,48813.82,46969.82,2462628528.7999997,27.0,1.7721249608354055,COPRA,0.31497227629388563,0.4094926395844456,0.0
S0255,48813.82,46969.82,2462628528.7999997,27.0,1.7721249608354055,COPRA,0.31497227629388563,0.4094926395844456,0.0
S0256,48813.82,46969.82,2462628528.7999997,27.0,1.7721249608354055,COPRA,0.31497227629388563,0.4094926395844456,0.0
S0257,28045.379999999997,27145.379999999997,843695752.25,21.0,1.5389912649857658,MAÍZ GRANO,0.41431672525029084,0.27353275298819274,0.0
S0258,28045.379999999997,27145.379999999997,843695752.25,21.0,1.5389912649857658,MAÍZ GRANO,0.41431672525029084,0.27353275298819274,0.0
S0259,17759.66,17303.66,569890112.47,21.0,1.4651036836324427,MAÍZ GRANO,0.5543276166323005,0.18427379803442182,0.0
S0260,17759.66,17303.66,569890112.47,21.0,1.4651036836324427,MAÍZ GRANO,0.5543276166323005,0.18427379803442182,0.0
S0261,17759.66,17303.66,569890112.47,21.0,1.4651036836324427,MAÍZ GRANO,0.5543276166323005,0.18427379803442182,0.0
S0262,34574.079999999994,34511.079999999994,928257625.2500001,34.0,1.5354146820901975,MAÍZ GRANO,0.596786089463552,0.054349385435563294,0.0
S0263,34574.079999999994,34511.079999999994,928257625.2500001,34.0,1.5354146820901975,MAÍZ GRANO,0.596786089463552,0.054349385435563294,0.0
S0264,34574.079999999994,34511.079999999994,928257625.2500001,34.0,1.5354146820901975,MAÍZ GRANO,0.596786089463552,0.054349385435563294,0.0
S0265,34574.079999999994,34511.079999999994,928257625.2500001,34.0,1.5354146820901975,MAÍZ GRANO,0.596786089463552,0.054349385435563294,0.0
S0266,34574.079999999994,34511.079999999994,928257625.2500001,34.0,1.5354146820901975,MAÍZ GRANO,0.596786089463552,0.054349385435563294,0.0
S0267,34574.079999999994,34511.079999999994,928257625.2500001,34.0,1.5354146820901975,MAÍZ GRANO,0.596786089463552,0.054349385435563294,0.0
S0268,34574.079999999994,34511.079999999994,928257625.2500001,34.0,1.5354146820901975,MAÍZ GRANO,0.596786089463552,0.054349385435563294,0.0
S0269,39363.43,39362.93,1030422563.1099999,20.0,1.6129257732968332,MAÍZ GRANO,0.5075076028689574,0.08979654466086924,0.0
S0270,39363.43,39362.93,1030422563.1099999,20.0,1.6129257732968332,MAÍZ GRANO,0.5075076028689574,0.08979654466086924,0.0
S0271,39363.43,39362.93,1030422563.1099999,20.0,1.6129257732968332,MAÍZ GRANO,0.5075076028689574,0.08979654466086924,0.0
S0272,14847.340000000002,14831.340000000002,364940128.91,20.0,1.5507885742413412,COPRA,0.4290330793259937,0.16590513856354067,0.0
S0273,10587.86,10529.66,250222374.34,19.0,1.5800367952836993,MAÍZ GRANO,0.31595525441401756,0.10009104767157857,0.0
S0274,10587.86,10529.66,250222374.34,19.0,1.5800367952836993,MAÍZ GRANO,0.31595525441401756,0.10009104767157857,0.0
S0275,7008.4,6999.4,209762344.60000002,14.0,1.6541889847636646,MAÍZ GRANO,0.44869014325666345,0.0,0.0
S0276,13313.5,13302.0,344953444.25,10.0,1.239805138370528,PASTOS Y PRADERAS,0.6046494160063094,0.06604574304277612,0.0
S0277,19527.010000000002,19500.79,403998114.05,25.0,0.9043952313805335,PASTOS Y PRADERAS,0.6760379597286015,0.15503653657165126,0.0
S0278,29292.710000000003,29265.710000000003,904162371.61,22.0,1.8092565216169365,PASTOS Y PRADERAS,0.4288097618827346,0.1991362356026465,0.0
S0279,29292.710000000003,29265.710000000003,904162371.61,22.0,1.8092565216169365,PASTOS Y PRADERAS,0.4288097618827346,0.1991362356026465,0.0
S0280,29292.710000000003,29265.710000000003,904162371.61,22.0,1.8092565216169365,PASTOS Y PRADERAS,0.4288097618827346,0.1991362356026465,0.0
S0281,17759.66,17303.66,569890112.47,21.0,1.4651036836324427,MAÍZ GRANO,0.5543276166323005,0.18427379803442182,0.0
S0282,15382.42,14680.42,872475670.28,16.0,1.6398747325907828,MAÍZ GRANO,0.4377510170701359,0.3734893469298069,0.0
S0283,19527.010000000002,19500.79,403998114.05,25.0,0.9043952313805335,PASTOS Y PRADERAS,0.6760379597286015,0.15503653657165126,0.0
S0284,38357.200000000004,38340.450000000004,722859405.9000001,34.0,1.1202432372469289,PASTOS Y PRADERAS,0.6215401541301242,0.12400175195269725,0.0
S0285,17759.66,17303.66,569890112.47,21.0,1.4651036836324427,MAÍZ GRANO,0.5543276166323005,0.18427379803442182,0.0
S0286,17759.66,17303.66,569890112.47,21.0,1.4651036836324427,MAÍZ GRANO,0.5543276166323005,0.18427379803442182,0.0
S0287,17759.66,17303.66,569890112.47,21.0,1.4651036836324427,MAÍZ GRANO,0.5543276166323005,0.18427379803442182,0.0
S0288,17759.66,17303.66,569890112.47,21.0,1.4651036836324427,MAÍZ GRANO,0.5543276166323005,0.18427379803442182,0.0
S0289,17759.66,17303.66,569890112.47,21.0,1.4651036836324427,MAÍZ GRANO,0.5543276166323005,0.18427379803442182,0.0
S0290,17759.66,17303.66,569890112.47,21.0,1.4651036836324427,MAÍZ GRANO,0.5543276166323005,0.18427379803442182,0.0
S0291,17759.66,17303.66,569890112.47,21.0,1.4651036836324427,MAÍZ GRANO,0.5543276166323005,0.18427379803442182,0.0
S0292,17759.66,17303.66,569890112.47,21.0,1.4651036836324427,MAÍZ GRANO,0.5543276166323005,0.18427379803442182,0.0
S0293,15382.42,14680.42,872475670.28,16.0,1.6398747325907828,MAÍZ GRANO,0.4377510170701359,0.3734893469298069,0.0
S0294,15382.42,14680.42,872475670.28,16.0,1.6398747325907828,MAÍZ GRANO,0.4377510170701359,0.3734893469298069,0.0
S0295,15382.42,14680.42,872475670.28,16.0,1.6398747325907828,MAÍZ GRANO,0.4377510170701359,0.3734893469298069,0.0
S0296,15382.42,14680.42,872475670.28,16.0,1.6398747325907828,MAÍZ GRANO,0.4377510170701359,0.3734893469298069,0.0
S0297,15382.42,14680.42,872475670.28,16.0,1.6398747325907828,MAÍZ GRANO,0.4377510170701359,0.3734893469298069,0.0
S0298,15382.42,14680.42,872475670.28,16.0,1.6398747325907828,MAÍZ GRANO,0.4377510170701359,0.3734893469298069,0.0
S0299,15382.42,14680.42,872475670.28,16.0,1.6398747325907828,MAÍZ GRANO,0.4377510170701359,0.3734893469298069,0.0
S0300,15382.42,14680.42,872475670.28,16.0,1.6398747325907828,MAÍZ GRANO,0.4377510170701359,0.3734893469298069,0.0
S0301,15382.42,14680.42,872475670.28,16.0,1.6398747325907828,MAÍZ GRANO,0.4377510170701359,0.3734893469298069,0.0
S0302,15382.42,14680.42,872475670.28,16.0,1.6398747325907828,MAÍZ GRANO,0.4377510170701359,0.3734893469298069,0.0
S0303,15382.42,14680.42,872475670.28,16.0,1.6398747325907828,MAÍZ GRANO,0.4377510170701359,0.3734893469298069,0.0
S0304,15382.42,14680.42,872475670.28,16.0,1.6398747325907828,MAÍZ GRANO,0.4377510170701359,0.3734893469298069,0.0
S0305,34574.079999999994,34511.079999999994,928257625.2500001,34.0,1.5354146820901975,MAÍZ GRANO,0.596786089463552,0.054349385435563294,0.0
S0306,32400.43,32073.93,753053212.5199999,21.0,1.429964232917772,MAÍZ GRANO,0.48225193307619685,0.11243276709599224,0.0
S0307,48813.82,46969.82,2462628528.7999997,27.0,1.7721249608354055,COPRA,0.31497227629388563,0.4094926395844456,0.0
S0308,48813.82,46969.82,2462628528.7999997,27.0,1.7721249608354055,COPRA,0.31497227629388563,0.4094926395844456,0.0
S0309,15931.369999999999,15931.369999999999,517074551.09000003,8.0,0.33407960966057726,MAÍZ GRANO,0.9342573802504117,0.2175814132745646,0.0
S0310,15931.369999999999,15931.369999999999,517074551.09000003,8.0,0.33407960966057726,MAÍZ GRANO,0.9342573802504117,0.2175814132745646,0.0
S0311,2831.0,2831.0,72583309.68,4.0,0.3084718573231709,MAÍZ GRANO,0.935005298481102,0.0,0.0
S0312,5623.89,5623.89,161999820.65000004,9.0,0.8456145484719514,MAÍZ GRANO,0.7636493601404011,0.0,0.0
S0313,483.81,483.81,11348384.860000001,5.0,0.5558495122550393,MAÍZ GRANO,0.8495070378867737,0.0010541328207354127,0.0
S0314,278.94,278.94,7586448.11,6.0,0.9185335628869713,MAÍZ GRANO,0.7535670753567075,0.020685452068545204,0.0
S0315,923.98,923.98,28286963.45,8.0,0.6372322466192555,MAÍZ GRANO,0.8536656637589558,0.002218662741617784,0.0
S0316,4932.84,4932.84,128235502.65,15.0,0.8171944282528031,MAÍZ GRANO,0.8153518054508153,0.045782956674045784,0.0
S0317,4932.84,4932.84,128235502.65,15.0,0.8171944282528031,MAÍZ GRANO,0.8153518054508153,0.045782956674045784,0.0
S0318,4932.84,4932.84,128235502.65,15.0,0.8171944282528031,MAÍZ GRANO,0.8153518054508153,0.045782956674045784,0.0
S0319,4932.84,4932.84,128235502.65,15.0,0.8171944282528031,MAÍZ GRANO,0.8153518054508153,0.045782956674045784,0.0
S0320,22922.95,22922.95,569896260.4100001,16.0,0.34374821130866745,MAÍZ GRANO,0.9359070276731398,0.3866116708364325,0.0
S0321,22922.95,22922.95,569896260.4100001,16.0,0.34374821130866745,MAÍZ GRANO,0.9359070276731398,0.3866116708364325,0.0
S0322,20987.0,20987.0,450026270.46000004,16.0,0.2645034365030447,MAÍZ GRANO,0.9527326440177253,0.24967837232572546,0.0
S0323,18458.429999999997,18458.429999999997,466394893.12,11.0,0.4767321085200613,MAÍZ GRANO,0.8879227539937038,0.2551858419161327,0.0
S0324,5630.92,5630.92,123931608.70000002,7.0,0.5364032816520048,MAÍZ GRANO,0.8688935378233041,0.44687724208477475,0.0
S0325,2831.0,2831.0,72583309.68,4.0,0.3084718573231709,MAÍZ GRANO,0.935005298481102,0.0,0.0
S0326,2831.0,2831.0,72583309.68,4.0,0.3084718573231709,MAÍZ GRANO,0.935005298481102,0.0,0.0
S0327,2831.0,2831.0,72583309.68,4.0,0.3084718573231709,MAÍZ GRANO,0.935005298481102,0.0,0.0
S0328,918.05,918.05,37384930.08,7.0,1.04364231055581,MAÍZ GRANO,0.7040901911660585,0.0022112085398398778,0.0
S0329,8768.029999999999,8738.029999999999,341829965.28000003,19.0,1.9451270186662717,MAÍZ GRANO,0.3421521139868363,0.0,0.0
S0330,3920.66,3920.66,155094278.98000002,13.0,1.3998898711763619,MAÍZ GRANO,0.4159172180194151,0.2801824182663123,0.0
S0331,4119.51,4119.51,220943336.83,10.0,0.5013840330527685,TUNA,0.887993960446752,0.060162495054023414,0.0
S0332,13129.83,13129.83,200246570.72,9.0,1.12888990968119,CEBADA GRANO,0.6408308409172091,0.0,0.0
S0333,488.75,488.75,22212662.96,4.0,1.1867438739677765,MAÍZ FORRAJERO EN VERDE,0.5019539641943734,0.7113657289002557,0.0
S0334,12.77,12.77,366195.72,4.0,1.3078279307343432,AVENA FORRAJERA EN VERDE,0.39154267815191857,1.0,0.0
S0335,9.35,9.35,224154.08000000002,5.0,1.383840188176137,MAÍZ GRANO,0.42780748663101603,0.5614973262032086,0.0
S0336,223.63,223.63,14892025.390000002,7.0,1.43382789532496,ALFALFA VERDE,0.43822385189822477,0.9077046907838842,0.0
S0337,12.77,12.77,366195.72,4.0,1.3078279307343432,AVENA FORRAJERA EN VERDE,0.39154267815191857,1.0,0.0
S0338,11358.55,11358.55,158164287.32,9.0,1.2703315627533405,MAÍZ GRANO,0.44226595824290954,0.1094373841731559,0.0
S0339,18383.0,18383.0,803738465.52,14.0,0.34859382118854426,MAÍZ GRANO,0.9362818908774411,0.3491541097753359,0.0
S0340,20987.0,20987.0,450026270.46000004,16.0,0.2645034365030447,MAÍZ GRANO,0.9527326440177253,0.24967837232572546,0.0
S0341,4932.84,4932.84,128235502.65,15.0,0.8171944282528031,MAÍZ GRANO,0.8153518054508153,0.045782956674045784,0.0
S0342,864.4,864.4,25280981.36,10.0,1.6873732272217097,MAÍZ GRANO,0.4049051365108746,0.0,0.0
S0343,864.4,864.4,25280981.36,10.0,1.6873732272217097,MAÍZ GRANO,0.4049051365108746,0.0,0.0
S0344,6776.639999999999,6706.639999999999,454380578.6,21.0,1.2309301786872175,MAÍZ GRANO,0.5855527222930538,0.2574505949851254,0.0
S0345,6776.639999999999,6706.639999999999,454380578.6,21.0,1.2309301786872175,MAÍZ GRANO,0.5855527222930538,0.2574505949851254,0.0
S0346,825.21,825.21,22312583.229999997,3.0,0.6514611272783496,MAÍZ GRANO,0.6467202287902474,0.4970977084620884,0.0
S0347,7913.96,7913.96,224207377.19,5.0,0.20856982126932616,MAÍZ GRANO,0.9593124049148594,0.47566325834348416,0.0
S0348,7913.96,7913.96,224207377.19,5.0,0.20856982126932616,MAÍZ GRANO,0.9593124049148594,0.47566325834348416,0.0
S0349,11398.14,11398.14,293941536.89000005,15.0,1.5227504971936927,MAÍZ GRANO,0.35736883386236706,0.38314496926691555,0.0
S0350,11358.55,11358.55,158164287.32,9.0,1.2703315627533405,MAÍZ GRANO,0.44226595824290954,0.1094373841731559,0.0
S0351,11358.55,11358.55,158164287.32,9.0,1.2703315627533405,MAÍZ GRANO,0.44226595824290954,0.1094373841731559,0.0
S0352,4684.4,4670.4,145547077.22,23.0,1.991695644204148,AVENA GRANO,0.23482196225770643,0.06818375885919221,0.0
S0353,1660.1600000000003,1660.1600000000003,42623210.84000001,23.0,1.9354602877914278,AVENA FORRAJERA EN VERDE,0.28997205088666145,0.10845942559753274,0.0
S0354,4932.84,4932.84,128235502.65,15.0,0.8171944282528031,MAÍZ GRANO,0.8153518054508153,0.045782956674045784,0.0
S0355,864.4,864.4,25280981.36,10.0,1.6873732272217097,MAÍZ GRANO,0.4049051365108746,0.0,0.0
S0356,2056.64,2056.64,59937784.629999995,13.0,1.5293030931267462,MAÍZ GRANO,0.4619184689590789,0.0,0.0
S0357,8768.029999999999,8738.029999999999,341829965.28000003,19.0,1.9451270186662717,MAÍZ GRANO,0.3421521139868363,0.0,0.0
S0358,3343.69,3322.52,223268967.59999996,31.0,1.9280765370617425,MAÍZ GRANO,0.5458041863928773,0.0,0.0
S0359,8886.5,8629.5,636205086.8900001,20.0,1.457933032738953,MAÍZ GRANO,0.5643672987115287,0.2007618297417431,0.0
S0360,5087.16,5087.16,478699993.56,24.0,1.773947203186079,MAÍZ GRANO,0.3783427295386817,0.45279094819113214,0.0
S0361,5087.16,5087.16,478699993.56,24.0,1.773947203186079,MAÍZ GRANO,0.3783427295386817,0.45279094819113214,0.0
S0362,19684.33,19684.33,413873098.99000007,11.0,0.38794442962856485,MAÍZ GRANO,0.8997004216043929,0.18674752963397787,0.0
S0363,22922.95,22922.95,569896260.4100001,16.0,0.34374821130866745,MAÍZ GRANO,0.9359070276731398,0.3866116708364325,0.0
S0364,22922.95,22922.95,569896260.4100001,16.0,0.34374821130866745,MAÍZ GRANO,0.9359070276731398,0.3866116708364325,0.0
S0365,18383.0,18383.0,803738465.52,14.0,0.34859382118854426,MAÍZ GRANO,0.9362818908774411,0.3491541097753359,0.0
S0366,6104.8099999999995,6104.8099999999995,131970748.97000001,12.0,1.4841250647568165,MAÍZ GRANO,0.4282967037467178,0.2304314139178779,0.0
S0367,3920.66,3920.66,155094278.98000002,13.0,1.3998898711763619,MAÍZ GRANO,0.4159172180194151,0.2801824182663123,0.0
S0368,6723.969999999999,6723.969999999999,1608222243.71,38.0,1.6584857602433007,MAÍZ GRANO,0.5917977028451942,0.22897038505525757,0.0
S0369,6452.139999999999,6384.139999999999,594731449.7,33.0,1.6331774536060701,MAÍZ GRANO,0.6262325368017434,0.37460439482094315,0.0
S0370,6452.139999999999,6384.139999999999,594731449.7,33.0,1.6331774536060701,MAÍZ GRANO,0.6262325368017434,0.37460439482094315,0.0
S0371,6723.969999999999,6723.969999999999,1608222243.71,38.0,1.6584857602433007,MAÍZ GRANO,0.5917977028451942,0.22897038505525757,0.0
S0372,6723.969999999999,6723.969999999999,1608222243.71,38.0,1.6584857602433007,MAÍZ GRANO,0.5917977028451942,0.22897038505525757,0.0
S0373,6452.139999999999,6384.139999999999,594731449.7,33.0,1.6331774536060701,MAÍZ GRANO,0.6262325368017434,0.37460439482094315,0.0
S0374,6723.969999999999,6723.969999999999,1608222243.71,38.0,1.6584857602433007,MAÍZ GRANO,0.5917977028451942,0.22897038505525757,0.0
S0375,2602.39,2602.39,320966372.78999996,33.0,2.099275349259785,MAÍZ GRANO,0.5163868597712103,0.36091054761200286,0.0
S0376,2602.39,2602.39,320966372.78999996,33.0,2.099275349259785,MAÍZ GRANO,0.5163868597712103,0.36091054761200286,0.0
S0377,2602.39,2602.39,320966372.78999996,33.0,2.099275349259785,MAÍZ GRANO,0.5163868597712103,0.36091054761200286,0.0
S0378,2056.64,2056.64,59937784.629999995,13.0,1.5293030931267462,MAÍZ GRANO,0.4619184689590789,0.0,0.0
S0379,3865.5,3865.5,84908047.18,12.0,0.6283863182831982,MAÍZ GRANO,0.8725908679342905,0.002069589962488682,0.0
S0380,1722.06,1722.06,96405328.22,7.0,1.2941935031280383,MAÍZ FORRAJERO EN VERDE,0.47520411600060397,1.0,0.0
S0381,2460.9300000000003,2460.9300000000003,71310305.53,9.0,1.1562154160899547,MAÍZ FORRAJERO EN VERDE,0.5993669060070785,0.7510412730146733,0.0
S0382,303.38,303.38,7190588.62,4.0,0.7750940872479968,MAÍZ GRANO,0.7636297712439845,0.6687322829454809,0.0
S0383,3884.86,3884.86,125656002.17,11.0,1.2249063973730476,MAÍZ GRANO,0.6493567335759847,0.5286007732582384,0.0
S0384,3920.66,3920.66,155094278.98000002,13.0,1.3998898711763619,MAÍZ GRANO,0.4159172180194151,0.2801824182663123,0.0
S0385,6094.349999999999,6084.349999999999,271439850.65,37.0,1.7022564873874177,AVENA FORRAJERA EN VERDE,0.3707122170535004,0.46278110052753785,0.0
S0386,6094.349999999999,6084.349999999999,271439850.65,37.0,1.7022564873874177,AVENA FORRAJERA EN VERDE,0.3707122170535004,0.46278110052753785,0.0
S0387,14497.51,14497.51,409268212.86999995,11.0,0.44000076528191884,MAÍZ GRANO,0.9132602771096554,0.22336594353099257,0.0
S0388,14497.51,14497.51,409268212.86999995,11.0,0.44000076528191884,MAÍZ GRANO,0.9132602771096554,0.22336594353099257,0.0
S0389,14497.51,14497.51,409268212.86999995,11.0,0.44000076528191884,MAÍZ GRANO,0.9132602771096554,0.22336594353099257,0.0
S0390,14497.51,14497.51,409268212.86999995,11.0,0.44000076528191884,MAÍZ GRANO,0.9132602771096554,0.22336594353099257,0.0
S0391,23633.36,23633.36,428615938.20000005,11.0,0.515301534076823,MAÍZ GRANO,0.8909016745820315,0.2407719427114892,0.0
S0392,22922.95,22922.95,569896260.4100001,16.0,0.34374821130866745,MAÍZ GRANO,0.9359070276731398,0.3866116708364325,0.0
S0393,22922.95,22922.95,569896260.4100001,16.0,0.34374821130866745,MAÍZ GRANO,0.9359070276731398,0.3866116708364325,0.0
S0394,18383.0,18383.0,803738465.52,14.0,0.34859382118854426,MAÍZ GRANO,0.9362818908774411,0.3491541097753359,0.0
S0395,11999.86,11946.86,673956570.38,27.0,0.5982198530193642,MAÍZ GRANO,0.8876211889138707,0.22194925607465416,0.004416718195045609
S0396,19684.33,19684.33,413873098.99000007,11.0,0.38794442962856485,MAÍZ GRANO,0.8997004216043929,0.18674752963397787,0.0
S0397,19684.33,19684.33,413873098.99000007,11.0,0.38794442962856485,MAÍZ GRANO,0.8997004216043929,0.18674752963397787,0.0
S0398,17730.010000000002,17730.010000000002,376669392.98,9.0,0.713687855633374,MAÍZ GRANO,0.8093627696769488,0.1807483470116486,0.0
S0399,7818.360000000001,7818.360000000001,269255268.75,13.0,1.3512253175817932,MAÍZ FORRAJERO EN VERDE,0.4731593326477675,0.2557198696401803,0.0
S0400,7818.360000000001,7818.360000000001,269255268.75,13.0,1.3512253175817932,MAÍZ FORRAJERO EN VERDE,0.4731593326477675,0.2557198696401803,0.0
S0401,7818.360000000001,7818.360000000001,269255268.75,13.0,1.3512253175817932,MAÍZ FORRAJERO EN VERDE,0.4731593326477675,0.2557198696401803,0.0
S0402,10550.16,10550.16,437047498.54,7.0,0.6135752771245727,MAÍZ GRANO,0.8205581716296246,0.15341189138363778,0.0
S0403,6119.700000000001,6116.200000000001,278113686.40000004,19.0,1.0408232103095367,MAÍZ GRANO,0.7483062895239961,0.10082356978283248,0.0
S0404,5087.16,5087.16,478699993.56,24.0,1.773947203186079,MAÍZ GRANO,0.3783427295386817,0.45279094819113214,0.0
S0405,14487.27,14483.77,409565667.22,13.0,0.8345614668661597,MAÍZ GRANO,0.7100799529517984,0.035907386277745916,0.0
S0406,1991.6100000000001,1858.6100000000001,74593849.3,13.0,1.1606137116549027,MAÍZ GRANO,0.6352097047112638,0.14179482930895104,0.0
S0407,22922.95,22922.95,569896260.4100001,16.0,0.34374821130866745,MAÍZ GRANO,0.9359070276731398,0.3866116708364325,0.0
S0408,22922.95,22922.95,569896260.4100001,16.0,0.34374821130866745,MAÍZ GRANO,0.9359070276731398,0.3866116708364325,0.0
S0409,17416.37,17221.37,342072308.0,12.0,1.005215245217492,MAÍZ GRANO,0.7288183473364427,0.5241046211122066,0.0
S0410,17416.37,17221.37,342072308.0,12.0,1.005215245217492,MAÍZ GRANO,0.7288183473364427,0.5241046211122066,0.0
S0411,825.21,825.21,22312583.229999997,3.0,0.6514611272783496,MAÍZ GRANO,0.6467202287902474,0.4970977084620884,0.0
S0412,739.87,739.87,14168449.379999999,3.0,0.6264156217716043,MAÍZ GRANO,0.6834579047670537,0.06784975738981172,0.0
S0413,739.87,739.87,14168449.379999999,3.0,0.6264156217716043,MAÍZ GRANO,0.6834579047670537,0.06784975738981172,0.0
S0414,20987.0,20987.0,450026270.46000004,16.0,0.2645034365030447,MAÍZ GRANO,0.9527326440177253,0.24967837232572546,0.0
S0415,20987.0,20987.0,450026270.46000004,16.0,0.2645034365030447,MAÍZ GRANO,0.9527326440177253,0.24967837232572546,0.0
S0416,20880.83,20880.83,588487759.0,5.0,0.15360380678240723,MAÍZ GRANO,0.9680328799190454,0.0013648882731194113,0.0
S0417,20880.83,20880.83,588487759.0,5.0,0.15360380678240723,MAÍZ GRANO,0.9680328799190454,0.0013648882731194113,0.0
S0418,278.94,278.94,7586448.11,6.0,0.9185335628869713,MAÍZ GRANO,0.7535670753567075,0.020685452068545204,0.0
S0419,5623.89,5623.89,161999820.65000004,9.0,0.8456145484719514,MAÍZ GRANO,0.7636493601404011,0.0,0.0
S0420,6640.47,6640.47,340323056.52000004,18.0,1.6960575529416195,MAÍZ GRANO,0.4254382596412603,0.018673377035059266,0.0
S0421,6640.47,6640.47,340323056.52000004,18.0,1.6960575529416195,MAÍZ GRANO,0.4254382596412603,0.018673377035059266,0.0
S0422,825.21,825.21,22312583.229999997,3.0,0.6514611272783496,MAÍZ GRANO,0.6467202287902474,0.4970977084620884,0.0
S0423,4124.25,4124.25,134458008.48,11.0,0.15728377187314044,MAÍZ GRANO,0.9745384009213796,0.4464132872643511,0.0
S0424,1585.16,1535.16,72048363.42,10.0,0.735987785475517,MAÍZ GRANO,0.8219170304574933,0.07765146735976179,0.0
S0425,2831.0,2831.0,72583309.68,4.0,0.3084718573231709,MAÍZ GRANO,0.935005298481102,0.0,0.0
S0426,5623.89,5623.89,161999820.65000004,9.0,0.8456145484719514,MAÍZ GRANO,0.7636493601404011,0.0,0.0
S0427,1851.83,1851.83,38156490.879999995,4.0,0.3475076136024802,MAÍZ GRANO,0.9093707305746208,0.0,0.0
S0428,1851.83,1851.83,38156490.879999995,4.0,0.3475076136024802,MAÍZ GRANO,0.9093707305746208,0.0,0.0
S0429,1851.83,1851.83,38156490.879999995,4.0,0.3475076136024802,MAÍZ GRANO,0.9093707305746208,0.0,0.0
S0430,6120.6,6120.6,176962552.20000002,16.0,0.42529093250362854,MAÍZ GRANO,0.9126556219978433,0.3890631637421168,0.0
S0431,10064.17,10064.17,208907445.51000002,12.0,0.8335526173226284,MAÍZ GRANO,0.7585990697692905,0.072153987859903,0.0
S0432,10064.17,10064.17,208907445.51000002,12.0,0.8335526173226284,MAÍZ GRANO,0.7585990697692905,0.072153987859903,0.0
S0433,11999.86,11946.86,673956570.38,27.0,0.5982198530193642,MAÍZ GRANO,0.8876211889138707,0.22194925607465416,0.004416718195045609
S0434,11999.86,11946.86,673956570.38,27.0,0.5982198530193642,MAÍZ GRANO,0.8876211889138707,0.22194925607465416,0.004416718195045609
S0435,11.0,11.0,147785.2,2.0,0.6890092384766586,AVENA FORRAJERA EN VERDE,0.5454545454545454,0.0,0.0
S0436,4730.33,4730.33,110451258.22,5.0,0.6944816247322388,MAÍZ GRANO,0.6233877974686756,0.18455372035354828,0.0
S0437,4730.33,4730.33,110451258.22,5.0,0.6944816247322388,MAÍZ GRANO,0.6233877974686756,0.18455372035354828,0.0
S0438,4730.33,4730.33,110451258.22,5.0,0.6944816247322388,MAÍZ GRANO,0.6233877974686756,0.18455372035354828,0.0
S0439,4730.33,4730.33,110451258.22,5.0,0.6944816247322388,MAÍZ GRANO,0.6233877974686756,0.18455372035354828,0.0
S0440,6120.6,6120.6,176962552.20000002,16.0,0.42529093250362854,MAÍZ GRANO,0.9126556219978433,0.3890631637421168,0.0
S0441,4546.5,4546.5,92053416.55,6.0,0.47323940360495703,MAÍZ GRANO,0.88287693830419,0.32211591333993184,0.0
S0442,11999.86,11946.86,673956570.38,27.0,0.5982198530193642,MAÍZ GRANO,0.8876211889138707,0.22194925607465416,0.004416718195045609
S0443,11999.86,11946.86,673956570.38,27.0,0.5982198530193642,MAÍZ GRANO,0.8876211889138707,0.22194925607465416,0.004416718195045609
S0444,7501.8,7501.8,137741468.32999998,5.0,0.5066693013025476,MAÍZ GRANO,0.8279346290223679,0.17459809645685034,0.0
S0445,7501.8,7501.8,137741468.32999998,5.0,0.5066693013025476,MAÍZ GRANO,0.8279346290223679,0.17459809645685034,0.0
S0446,7501.8,7501.8,137741468.32999998,5.0,0.5066693013025476,MAÍZ GRANO,0.8279346290223679,0.17459809645685034,0.0
S0447,7501.8,7501.8,137741468.32999998,5.0,0.5066693013025476,MAÍZ GRANO,0.8279346290223679,0.17459809645685034,0.0
S0448,20880.83,20880.83,588487759.0,5.0,0.15360380678240723,MAÍZ GRANO,0.9680328799190454,0.0013648882731194113,0.0
S0449,20880.83,20880.83,588487759.0,5.0,0.15360380678240723,MAÍZ GRANO,0.9680328799190454,0.0013648882731194113,0.0
S0450,20880.83,20880.83,588487759.0,5.0,0.15360380678240723,MAÍZ GRANO,0.9680328799190454,0.0013648882731194113,0.0
S0451,20880.83,20880.83,588487759.0,5.0,0.15360380678240723,MAÍZ GRANO,0.9680328799190454,0.0013648882731194113,0.0
S0452,2831.0,2831.0,72583309.68,4.0,0.3084718573231709,MAÍZ GRANO,0.935005298481102,0.0,0.0
S0453,2831.0,2831.0,72583309.68,4.0,0.3084718573231709,MAÍZ GRANO,0.935005298481102,0.0,0.0
S0454,2831.0,2831.0,72583309.68,4.0,0.3084718573231709,MAÍZ GRANO,0.935005298481102,0.0,0.0
S0455,2283.39,2283.39,71120028.97,6.0,1.0831267861925682,AVENA FORRAJERA EN VERDE,0.5140908911749635,0.0,0.0
S0456,278.94,278.94,7586448.11,6.0,0.9185335628869713,MAÍZ GRANO,0.7535670753567075,0.020685452068545204,0.0
S0457,9796.45,9796.45,613557850.6099999,29.0,1.4339672540876527,MAÍZ GRANO,0.6665679914662964,0.0014035696604382199,0.0
S0458,488.75,488.75,22212662.96,4.0,1.1867438739677765,MAÍZ FORRAJERO EN VERDE,0.5019539641943734,0.7113657289002557,0.0
S0459,1722.06,1722.06,96405328.22,7.0,1.2941935031280383,MAÍZ FORRAJERO EN VERDE,0.47520411600060397,1.0,0.0
S0460,1722.06,1722.06,96405328.22,7.0,1.2941935031280383,MAÍZ FORRAJERO EN VERDE,0.47520411600060397,1.0,0.0
S0461,1207.6399999999999,1207.6399999999999,63666970.38999999,7.0,1.300590724731951,ALFALFA VERDE,0.4401146036898414,0.9428637673478851,0.0
S0462,1535.25,1535.25,33238843.169999998,9.0,1.6127946400157502,MAÍZ GRANO,0.3895587037941703,0.14753948868262498,0.0
S0463,2851.92,2851.92,66095732.74,9.0,1.7073984681841505,MAÍZ GRANO,0.40855634099133215,0.41413854526073657,0.0
S0464,2095.83,2095.83,195793570.98000002,21.0,1.7764046326303302,MAÍZ GRANO,0.5302147597849063,0.3027344775101034,0.0
S0465,4956.71,4956.71,251813081.49999997,16.0,0.8286967746229168,MAÍZ GRANO,0.8349812678167575,0.041469038939135026,0.0
S0466,4489.290000000001,4462.01,298067658.96,20.0,1.5046061417648164,MAÍZ GRANO,0.6121569335017341,0.30319048223661194,0.0
S0467,4956.71,4956.71,251813081.49999997,16.0,0.8286967746229168,MAÍZ GRANO,0.8349812678167575,0.041469038939135026,0.0
S0468,13795.149999999998,13761.149999999998,283880990.16,20.0,0.7797885372455923,MAÍZ GRANO,0.6604843006418923,0.021129889852593127,0.0
S0469,8724.119999999999,8724.119999999999,370629452.39,11.0,1.4030086212326756,CEBADA GRANO,0.4288489841955407,0.05684928680485826,0.0
S0470,20265.659999999996,20265.659999999996,320954791.40999997,9.0,0.9828682392627215,CEBADA GRANO,0.6830273477399701,0.0,0.0
S0471,20265.659999999996,20265.659999999996,320954791.40999997,9.0,0.9828682392627215,CEBADA GRANO,0.6830273477399701,0.0,0.0
S0472,20265.659999999996,20265.659999999996,320954791.40999997,9.0,0.9828682392627215,CEBADA GRANO,0.6830273477399701,0.0,0.0
S0473,10550.16,10550.16,437047498.54,7.0,0.6135752771245727,MAÍZ GRANO,0.8205581716296246,0.15341189138363778,0.0
S0474,10550.16,10550.16,437047498.54,7.0,0.6135752771245727,MAÍZ GRANO,0.8205581716296246,0.15341189138363778,0.0
S0475,8886.5,8629.5,636205086.8900001,20.0,1.457933032738953,MAÍZ GRANO,0.5643672987115287,0.2007618297417431,0.0
S0476,4489.290000000001,4462.01,298067658.96,20.0,1.5046061417648164,MAÍZ GRANO,0.6121569335017341,0.30319048223661194,0.0
S0477,9943.04,9943.04,260227278.93000004,16.0,1.1675130341624729,PASTOS Y PRADERAS,0.5115387245751802,0.0022749581616889804,0.0
S0478,22922.95,22922.95,569896260.4100001,16.0,0.34374821130866745,MAÍZ GRANO,0.9359070276731398,0.3866116708364325,0.0
S0479,18383.0,18383.0,803738465.52,14.0,0.34859382118854426,MAÍZ GRANO,0.9362818908774411,0.3491541097753359,0.0
S0480,10064.17,10064.17,208907445.51000002,12.0,0.8335526173226284,MAÍZ GRANO,0.7585990697692905,0.072153987859903,0.0
S0481,18458.429999999997,18458.429999999997,466394893.12,11.0,0.4767321085200613,MAÍZ GRANO,0.8879227539937038,0.2551858419161327,0.0
S0482,18458.429999999997,18458.429999999997,466394893.12,11.0,0.4767321085200613,MAÍZ GRANO,0.8879227539937038,0.2551858419161327,0.0
S0483,8886.5,8629.5,636205086.8900001,20.0,1.457933032738953,MAÍZ GRANO,0.5643672987115287,0.2007618297417431,0.0
S0484,13324.78,13324.78,2681138721.59,36.0,2.2194154169984395,MAÍZ GRANO,0.28825616633070117,0.46649775831195706,0.0
S0485,2095.83,2095.83,195793570.98000002,21.0,1.7764046326303302,MAÍZ GRANO,0.5302147597849063,0.3027344775101034,0.0
S0486,20662.06,20662.06,639471516.6899999,11.0,0.7177999896549188,MAÍZ GRANO,0.7589359434635269,0.08563473341961061,0.0
S0487,20880.83,20880.83,588487759.0,5.0,0.15360380678240723,MAÍZ GRANO,0.9680328799190454,0.0013648882731194113,0.0
S0488,7501.8,7501.8,137741468.32999998,5.0,0.5066693013025476,MAÍZ GRANO,0.8279346290223679,0.17459809645685034,0.0
S0489,3673.4,3673.4,104393228.33,9.0,1.339994251818693,MAÍZ GRANO,0.5077040344095388,0.4021887080089291,0.0
S0490,3673.4,3673.4,104393228.33,9.0,1.339994251818693,MAÍZ GRANO,0.5077040344095388,0.4021887080089291,0.0
S0491,4730.33,4730.33,110451258.22,5.0,0.6944816247322388,MAÍZ GRANO,0.6233877974686756,0.18455372035354828,0.0
S0492,15931.369999999999,15931.369999999999,517074551.09000003,8.0,0.33407960966057726,MAÍZ GRANO,0.9342573802504117,0.2175814132745646,0.0
S0493,15931.369999999999,15931.369999999999,517074551.09000003,8.0,0.33407960966057726,MAÍZ GRANO,0.9342573802504117,0.2175814132745646,0.0
S0494,15931.369999999999,15931.369999999999,517074551.09000003,8.0,0.33407960966057726,MAÍZ GRANO,0.9342573802504117,0.2175814132745646,0.0
S0495,1722.06,1722.06,96405328.22,7.0,1.2941935031280383,MAÍZ FORRAJERO EN VERDE,0.47520411600060397,1.0,0.0
S0496,1722.06,1722.06,96405328.22,7.0,1.2941935031280383,MAÍZ FORRAJERO EN VERDE,0.47520411600060397,1.0,0.0
S0497,11398.14,11398.14,293941536.89000005,15.0,1.5227504971936927,MAÍZ GRANO,0.35736883386236706,0.38314496926691555,0.0
S0498,8196.130000000001,8196.130000000001,199429802.28000003,8.0,0.22487499427390342,MAÍZ GRANO,0.9592331990829818,0.059373143178548894,0.0
S0499,8196.130000000001,8196.130000000001,199429802.28000003,8.0,0.22487499427390342,MAÍZ GRANO,0.9592331990829818,0.059373143178548894,0.0
S0500,8196.130000000001,8196.130000000001,199429802.28000003,8.0,0.22487499427390342,MAÍZ GRANO,0.9592331990829818,0.059373143178548894,0.0
S0501,8196.130000000001,8196.130000000001,199429802.28000003,8.0,0.22487499427390342,MAÍZ GRANO,0.9592331990829818,0.059373143178548894,0.0
S0502,1585.16,1535.16,72048363.42,10.0,0.735987785475517,MAÍZ GRANO,0.8219170304574933,0.07765146735976179,0.0
S0503,4124.25,4124.25,134458008.48,11.0,0.15728377187314044,MAÍZ GRANO,0.9745384009213796,0.4464132872643511,0.0
S0504,7913.96,7913.96,224207377.19,5.0,0.20856982126932616,MAÍZ GRANO,0.9593124049148594,0.47566325834348416,0.0
S0505,7913.96,7913.96,224207377.19,5.0,0.20856982126932616,MAÍZ GRANO,0.9593124049148594,0.47566325834348416,0.0
S0506,7913.96,7913.96,224207377.19,5.0,0.20856982126932616,MAÍZ GRANO,0.9593124049148594,0.47566325834348416,0.0
S0507,7913.96,7913.96,224207377.19,5.0,0.20856982126932616,MAÍZ GRANO,0.9593124049148594,0.47566325834348416,0.0
S0508,23633.36,23633.36,428615938.20000005,11.0,0.515301534076823,MAÍZ GRANO,0.8909016745820315,0.2407719427114892,0.0
S0509,4730.33,4730.33,110451258.22,5.0,0.6944816247322388,MAÍZ GRANO,0.6233877974686756,0.18455372035354828,0.0
S0510,825.21,825.21,22312583.229999997,3.0,0.6514611272783496,MAÍZ GRANO,0.6467202287902474,0.4970977084620884,0.0
S0511,825.21,825.21,22312583.229999997,3.0,0.6514611272783496,MAÍZ GRANO,0.6467202287902474,0.4970977084620884,0.0
S0512,6497.75,6497.75,375041742.23,9.0,0.9023560383450457,MAÍZ GRANO,0.6949436343349621,0.0,0.0
S0513,5623.89,5623.89,161999820.65000004,9.0,0.8456145484719514,MAÍZ GRANO,0.7636493601404011,0.0,0.0
S0514,2283.39,2283.39,71120028.97,6.0,1.0831267861925682,AVENA FORRAJERA EN VERDE,0.5140908911749635,0.0,0.0
S0515,10550.16,10550.16,437047498.54,7.0,0.6135752771245727,MAÍZ GRANO,0.8205581716296246,0.15341189138363778,0.0
S0516,23633.36,23633.36,428615938.20000005,11.0,0.515301534076823,MAÍZ GRANO,0.8909016745820315,0.2407719427114892,0.0
S0517,13795.149999999998,13761.149999999998,283880990.16,20.0,0.7797885372455923,MAÍZ GRANO,0.6604843006418923,0.021129889852593127,0.0
S0518,16389.670000000002,16389.670000000002,473265435.77,19.0,1.0193561607639183,MAÍZ GRANO,0.6284458442421353,0.051155392390450805,0.0
S0519,1505.08,1505.08,35308512.64,10.0,0.892806226024578,PASTOS Y PRADERAS,0.6659446673930954,0.030051558721131102,0.0
S0520,14497.51,14497.51,409268212.86999995,11.0,0.44000076528191884,MAÍZ GRANO,0.9132602771096554,0.22336594353099257,0.0
S0521,7913.96,7913.96,224207377.19,5.0,0.20856982126932616,MAÍZ GRANO,0.9593124049148594,0.47566325834348416,0.0
S0522,7913.96,7913.96,224207377.19,5.0,0.20856982126932616,MAÍZ GRANO,0.9593124049148594,0.47566325834348416,0.0
S0523,7913.96,7913.96,224207377.19,5.0,0.20856982126932616,MAÍZ GRANO,0.9593124049148594,0.47566325834348416,0.0
S0524,17416.37,17221.37,342072308.0,12.0,1.005215245217492,MAÍZ GRANO,0.7288183473364427,0.5241046211122066,0.0
S0525,14487.27,14483.77,409565667.22,13.0,0.8345614668661597,MAÍZ GRANO,0.7100799529517984,0.035907386277745916,0.0
S0526,6776.639999999999,6706.639999999999,454380578.6,21.0,1.2309301786872175,MAÍZ GRANO,0.5855527222930538,0.2574505949851254,0.0
S0527,8886.5,8629.5,636205086.8900001,20.0,1.457933032738953,MAÍZ GRANO,0.5643672987115287,0.2007618297417431,0.0
S0528,1505.08,1505.08,35308512.64,10.0,0.892806226024578,PASTOS Y PRADERAS,0.6659446673930954,0.030051558721131102,0.0
S0529,4543.8099999999995,4542.8099999999995,103549776.63,14.0,0.6961882430638756,PASTOS Y PRADERAS,0.7706550229873169,0.009577865271655286,0.0
S0530,8886.5,8629.5,636205086.8900001,20.0,1.457933032738953,MAÍZ GRANO,0.5643672987115287,0.2007618297417431,0.0
S0531,8886.5,8629.5,636205086.8900001,20.0,1.457933032738953,MAÍZ GRANO,0.5643672987115287,0.2007618297417431,0.0
S0532,5087.16,5087.16,478699993.56,24.0,1.773947203186079,MAÍZ GRANO,0.3783427295386817,0.45279094819113214,0.0
S0533,20662.06,20662.06,639471516.6899999,11.0,0.7177999896549188,MAÍZ GRANO,0.7589359434635269,0.08563473341961061,0.0
S0534,23633.36,23633.36,428615938.20000005,11.0,0.515301534076823,MAÍZ GRANO,0.8909016745820315,0.2407719427114892,0.0
S0535,20987.0,20987.0,450026270.46000004,16.0,0.2645034365030447,MAÍZ GRANO,0.9527326440177253,0.24967837232572546,0.0
S0536,20987.0,20987.0,450026270.46000004,16.0,0.2645034365030447,MAÍZ GRANO,0.9527326440177253,0.24967837232572546,0.0
S0537,7818.360000000001,7818.360000000001,269255268.75,13.0,1.3512253175817932,MAÍZ FORRAJERO EN VERDE,0.4731593326477675,0.2557198696401803,0.0
S0538,7818.360000000001,7818.360000000001,269255268.75,13.0,1.3512253175817932,MAÍZ FORRAJERO EN VERDE,0.4731593326477675,0.2557198696401803,0.0
S0539,8196.130000000001,8196.130000000001,199429802.28000003,8.0,0.22487499427390342,MAÍZ GRANO,0.9592331990829818,0.059373143178548894,0.0
S0540,1685.65,1685.65,65368907.50000001,10.0,0.7654446792518685,MAÍZ GRANO,0.8186752884643905,0.0,0.0
S0541,8196.130000000001,8196.130000000001,199429802.28000003,8.0,0.22487499427390342,MAÍZ GRANO,0.9592331990829818,0.059373143178548894,0.0
S0542,14497.51,14497.51,409268212.86999995,11.0,0.44000076528191884,MAÍZ GRANO,0.9132602771096554,0.22336594353099257,0.0
S0543,14497.51,14497.51,409268212.86999995,11.0,0.44000076528191884,MAÍZ GRANO,0.9132602771096554,0.22336594353099257,0.0
S0544,6119.700000000001,6116.200000000001,278113686.40000004,19.0,1.0408232103095367,MAÍZ GRANO,0.7483062895239961,0.10082356978283248,0.0
S0545,1157.33,1157.33,53596967.019999996,8.0,1.3087711404095514,ALFALFA VERDE,0.5063378638763361,0.8215634261619417,0.0
S0546,488.75,488.75,22212662.96,4.0,1.1867438739677765,MAÍZ FORRAJERO EN VERDE,0.5019539641943734,0.7113657289002557,0.0
S0547,223.63,223.63,14892025.390000002,7.0,1.43382789532496,ALFALFA VERDE,0.43822385189822477,0.9077046907838842,0.0
S0548,488.75,488.75,22212662.96,4.0,1.1867438739677765,MAÍZ FORRAJERO EN VERDE,0.5019539641943734,0.7113657289002557,0.0
S0549,9796.45,9796.45,613557850.6099999,29.0,1.4339672540876527,MAÍZ GRANO,0.6665679914662964,0.0014035696604382199,0.0
S0550,2095.83,2095.83,195793570.98000002,21.0,1.7764046326303302,MAÍZ GRANO,0.5302147597849063,0.3027344775101034,0.0
S0551,8196.130000000001,8196.130000000001,199429802.28000003,8.0,0.22487499427390342,MAÍZ GRANO,0.9592331990829818,0.059373143178548894,0.0
S0552,8196.130000000001,8196.130000000001,199429802.28000003,8.0,0.22487499427390342,MAÍZ GRANO,0.9592331990829818,0.059373143178548894,0.0
S0553,1851.83,1851.83,38156490.879999995,4.0,0.3475076136024802,MAÍZ GRANO,0.9093707305746208,0.0,0.0
S0554,23633.36,23633.36,428615938.20000005,11.0,0.515301534076823,MAÍZ GRANO,0.8909016745820315,0.2407719427114892,0.0
S0555,23633.36,23633.36,428615938.20000005,11.0,0.515301534076823,MAÍZ GRANO,0.8909016745820315,0.2407719427114892,0.0
S0556,14487.27,14483.77,409565667.22,13.0,0.8345614668661597,MAÍZ GRANO,0.7100799529517984,0.035907386277745916,0.0
S0557,739.87,739.87,14168449.379999999,3.0,0.6264156217716043,MAÍZ GRANO,0.6834579047670537,0.06784975738981172,0.0
S0558,739.87,739.87,14168449.379999999,3.0,0.6264156217716043,MAÍZ GRANO,0.6834579047670537,0.06784975738981172,0.0
S0559,1535.25,1535.25,33238843.169999998,9.0,1.6127946400157502,MAÍZ GRANO,0.3895587037941703,0.14753948868262498,0.0
S0560,1722.06,1722.06,96405328.22,7.0,1.2941935031280383,MAÍZ FORRAJERO EN VERDE,0.47520411600060397,1.0,0.0
S0561,756.42,756.42,21281615.189999998,7.0,1.0422620511482759,MAÍZ FORRAJERO EN VERDE,0.579479654160387,0.9687607413870601,0.0
S0562,9.35,9.35,224154.08000000002,5.0,1.383840188176137,MAÍZ GRANO,0.42780748663101603,0.5614973262032086,0.0
S0563,2747.58,2747.58,74850929.0,13.0,1.0255696959886735,MAÍZ GRANO,0.7002525859119662,0.6564249266627359,0.0
S0564,2747.58,2747.58,74850929.0,13.0,1.0255696959886735,MAÍZ GRANO,0.7002525859119662,0.6564249266627359,0.0
S0565,,,,,,,,,
S0566,18458.429999999997,18458.429999999997,466394893.12,11.0,0.4767321085200613,MAÍZ GRANO,0.8879227539937038,0.2551858419161327,0.0
S0567,18458.429999999997,18458.429999999997,466394893.12,11.0,0.4767321085200613,MAÍZ GRANO,0.8879227539937038,0.2551858419161327,0.0
S0568,18458.429999999997,18458.429999999997,466394893.12,11.0,0.4767321085200613,MAÍZ GRANO,0.8879227539937038,0.2551858419161327,0.0
S0569,18458.429999999997,18458.429999999997,466394893.12,11.0,0.4767321085200613,MAÍZ GRANO,0.8879227539937038,0.2551858419161327,0.0
S0570,18458.429999999997,18458.429999999997,466394893.12,11.0,0.4767321085200613,MAÍZ GRANO,0.8879227539937038,0.2551858419161327,0.0
S0571,6104.8099999999995,6104.8099999999995,131970748.97000001,12.0,1.4841250647568165,MAÍZ GRANO,0.4282967037467178,0.2304314139178779,0.0
S0572,11398.14,11398.14,293941536.89000005,15.0,1.5227504971936927,MAÍZ GRANO,0.35736883386236706,0.38314496926691555,0.0
S0573,5248.110000000001,5248.110000000001,101588065.50999999,10.0,1.2526254115907418,MAÍZ GRANO,0.6459468265718515,0.3309019818563254,0.0
S0574,2851.92,2851.92,66095732.74,9.0,1.7073984681841505,MAÍZ GRANO,0.40855634099133215,0.41413854526073657,0.0
S0575,2851.92,2851.92,66095732.74,9.0,1.7073984681841505,MAÍZ GRANO,0.40855634099133215,0.41413854526073657,0.0
S0576,2851.92,2851.92,66095732.74,9.0,1.7073984681841505,MAÍZ GRANO,0.40855634099133215,0.41413854526073657,0.0
S0577,2851.92,2851.92,66095732.74,9.0,1.7073984681841505,MAÍZ GRANO,0.40855634099133215,0.41413854526073657,0.0
S0578,2851.92,2851.92,66095732.74,9.0,1.7073984681841505,MAÍZ GRANO,0.40855634099133215,0.41413854526073657,0.0
S0579,2851.92,2851.92,66095732.74,9.0,1.7073984681841505,MAÍZ GRANO,0.40855634099133215,0.41413854526073657,0.0
S0580,2851.92,2851.92,66095732.74,9.0,1.7073984681841505,MAÍZ GRANO,0.40855634099133215,0.41413854526073657,0.0
S0581,20265.659999999996,20265.659999999996,320954791.40999997,9.0,0.9828682392627215,CEBADA GRANO,0.6830273477399701,0.0,0.0
S0582,20265.659999999996,20265.659999999996,320954791.40999997,9.0,0.9828682392627215,CEBADA GRANO,0.6830273477399701,0.0,0.0
S0583,13129.83,13129.83,200246570.72,9.0,1.12888990968119,CEBADA GRANO,0.6408308409172091,0.0,0.0
S0584,11398.14,11398.14,293941536.89000005,15.0,1.5227504971936927,MAÍZ GRANO,0.35736883386236706,0.38314496926691555,0.0
S0585,11398.14,11398.14,293941536.89000005,15.0,1.5227504971936927,MAÍZ GRANO,0.35736883386236706,0.38314496926691555,0.0
S0586,11398.14,11398.14,293941536.89000005,15.0,1.5227504971936927,MAÍZ GRANO,0.35736883386236706,0.38314496926691555,0.0
S0587,14497.51,14497.51,409268212.86999995,11.0,0.44000076528191884,MAÍZ GRANO,0.9132602771096554,0.22336594353099257,0.0
S0588,10550.16,10550.16,437047498.54,7.0,0.6135752771245727,MAÍZ GRANO,0.8205581716296246,0.15341189138363778,0.0
S0589,10550.16,10550.16,437047498.54,7.0,0.6135752771245727,MAÍZ GRANO,0.8205581716296246,0.15341189138363778,0.0
S0590,23633.36,23633.36,428615938.20000005,11.0,0.515301534076823,MAÍZ GRANO,0.8909016745820315,0.2407719427114892,0.0
S0591,23633.36,23633.36,428615938.20000005,11.0,0.515301534076823,MAÍZ GRANO,0.8909016745820315,0.2407719427114892,0.0
S0592,20662.06,20662.06,639471516.6899999,11.0,0.7177999896549188,MAÍZ GRANO,0.7589359434635269,0.08563473341961061,0.0
S0593,14487.27,14483.77,409565667.22,13.0,0.8345614668661597,MAÍZ GRANO,0.7100799529517984,0.035907386277745916,0.0
S0594,14487.27,14483.77,409565667.22,13.0,0.8345614668661597,MAÍZ GRANO,0.7100799529517984,0.035907386277745916,0.0
S0595,14487.27,14483.77,409565667.22,13.0,0.8345614668661597,MAÍZ GRANO,0.7100799529517984,0.035907386277745916,0.0
S0596,6776.639999999999,6706.639999999999,454380578.6,21.0,1.2309301786872175,MAÍZ GRANO,0.5855527222930538,0.2574505949851254,0.0
S0597,6776.639999999999,6706.639999999999,454380578.6,21.0,1.2309301786872175,MAÍZ GRANO,0.5855527222930538,0.2574505949851254,0.0
S0598,6776.639999999999,6706.639999999999,454380578.6,21.0,1.2309301786872175,MAÍZ GRANO,0.5855527222930538,0.2574505949851254,0.0
S0599,6776.639999999999,6706.639999999999,454380578.6,21.0,1.2309301786872175,MAÍZ GRANO,0.5855527222930538,0.2574505949851254,0.0
S0600,20880.83,20880.83,588487759.0,5.0,0.15360380678240723,MAÍZ GRANO,0.9680328799190454,0.0013648882731194113,0.0
S0601,20880.83,20880.83,588487759.0,5.0,0.15360380678240723,MAÍZ GRANO,0.9680328799190454,0.0013648882731194113,0.0
S0602,20880.83,20880.83,588487759.0,5.0,0.15360380678240723,MAÍZ GRANO,0.9680328799190454,0.0013648882731194113,0.0
S0603,20880.83,20880.83,588487759.0,5.0,0.15360380678240723,MAÍZ GRANO,0.9680328799190454,0.0013648882731194113,0.0
S0604,20880.83,20880.83,588487759.0,5.0,0.15360380678240723,MAÍZ GRANO,0.9680328799190454,0.0013648882731194113,0.0
S0605,20880.83,20880.83,588487759.0,5.0,0.15360380678240723,MAÍZ GRANO,0.9680328799190454,0.0013648882731194113,0.0
S0606,11999.86,11946.86,673956570.38,27.0,0.5982198530193642,MAÍZ GRANO,0.8876211889138707,0.22194925607465416,0.004416718195045609
S0607,15931.369999999999,15931.369999999999,517074551.09000003,8.0,0.33407960966057726,MAÍZ GRANO,0.9342573802504117,0.2175814132745646,0.0
S0608,15931.369999999999,15931.369999999999,517074551.09000003,8.0,0.33407960966057726,MAÍZ GRANO,0.9342573802504117,0.2175814132745646,0.0
S0609,7501.8,7501.8,137741468.32999998,5.0,0.5066693013025476,MAÍZ GRANO,0.8279346290223679,0.17459809645685034,0.0
S0610,7501.8,7501.8,137741468.32999998,5.0,0.5066693013025476,MAÍZ GRANO,0.8279346290223679,0.17459809645685034,0.0
S0611,20880.83,20880.83,588487759.0,5.0,0.15360380678240723,MAÍZ GRANO,0.9680328799190454,0.0013648882731194113,0.0
S0612,20880.83,20880.83,588487759.0,5.0,0.15360380678240723,MAÍZ GRANO,0.9680328799190454,0.0013648882731194113,0.0
S0613,8196.130000000001,8196.130000000001,199429802.28000003,8.0,0.22487499427390342,MAÍZ GRANO,0.9592331990829818,0.059373143178548894,0.0
S0614,2831.0,2831.0,72583309.68,4.0,0.3084718573231709,MAÍZ GRANO,0.935005298481102,0.0,0.0
S0615,19684.33,19684.33,413873098.99000007,11.0,0.38794442962856485,MAÍZ GRANO,0.8997004216043929,0.18674752963397787,0.0
S0616,19684.33,19684.33,413873098.99000007,11.0,0.38794442962856485,MAÍZ GRANO,0.8997004216043929,0.18674752963397787,0.0
S0617,18458.429999999997,18458.429999999997,466394893.12,11.0,0.4767321085200613,MAÍZ GRANO,0.8879227539937038,0.2551858419161327,0.0
S0618,5630.92,5630.92,123931608.70000002,7.0,0.5364032816520048,MAÍZ GRANO,0.8688935378233041,0.44687724208477475,0.0
S0619,5630.92,5630.92,123931608.70000002,7.0,0.5364032816520048,MAÍZ GRANO,0.8688935378233041,0.44687724208477475,0.0
S0620,2851.92,2851.92,66095732.74,9.0,1.7073984681841505,MAÍZ GRANO,0.40855634099133215,0.41413854526073657,0.0
S0621,2851.92,2851.92,66095732.74,9.0,1.7073984681841505,MAÍZ GRANO,0.40855634099133215,0.41413854526073657,0.0
S0622,11358.55,11358.55,158164287.32,9.0,1.2703315627533405,MAÍZ GRANO,0.44226595824290954,0.1094373841731559,0.0
S0623,13129.83,13129.83,200246570.72,9.0,1.12888990968119,CEBADA GRANO,0.6408308409172091,0.0,0.0
S0624,6026.33,6026.33,211750445.13,8.0,1.182209450543058,TUNA,0.47740498777863144,0.0,0.0
S0625,20265.659999999996,20265.659999999996,320954791.40999997,9.0,0.9828682392627215,CEBADA GRANO,0.6830273477399701,0.0,0.0
S0626,20265.659999999996,20265.659999999996,320954791.40999997,9.0,0.9828682392627215,CEBADA GRANO,0.6830273477399701,0.0,0.0
S0627,10355.5,10333.0,230784370.42000002,25.0,1.089025642775035,MAÍZ GRANO,0.7834484090579885,0.17937327989957028,0.0
S0628,4592.2,4576.7,148165740.88,30.0,1.1274928659734111,MAÍZ GRANO,0.7643395322503376,0.4912678019250033,0.0
S0629,4592.2,4576.7,148165740.88,30.0,1.1274928659734111,MAÍZ GRANO,0.7643395322503376,0.4912678019250033,0.0
S0630,4592.2,4576.7,148165740.88,30.0,1.1274928659734111,MAÍZ GRANO,0.7643395322503376,0.4912678019250033,0.0
S0631,739.87,739.87,14168449.379999999,3.0,0.6264156217716043,MAÍZ GRANO,0.6834579047670537,0.06784975738981172,0.0
S0632,11.0,11.0,147785.2,2.0,0.6890092384766586,AVENA FORRAJERA EN VERDE,0.5454545454545454,0.0,0.0
S0633,488.75,488.75,22212662.96,4.0,1.1867438739677765,MAÍZ FORRAJERO EN VERDE,0.5019539641943734,0.7113657289002557,0.0
S0634,2460.9300000000003,2460.9300000000003,71310305.53,9.0,1.1562154160899547,MAÍZ FORRAJERO EN VERDE,0.5993669060070785,0.7510412730146733,0.0
S0635,6104.8099999999995,6104.8099999999995,131970748.97000001,12.0,1.4841250647568165,MAÍZ GRANO,0.4282967037467178,0.2304314139178779,0.0
S0636,2460.9300000000003,2460.9300000000003,71310305.53,9.0,1.1562154160899547,MAÍZ FORRAJERO EN VERDE,0.5993669060070785,0.7510412730146733,0.0
S0637,2460.9300000000003,2460.9300000000003,71310305.53,9.0,1.1562154160899547,MAÍZ FORRAJERO EN VERDE,0.5993669060070785,0.7510412730146733,0.0
S0638,6104.8099999999995,6104.8099999999995,131970748.97000001,12.0,1.4841250647568165,MAÍZ GRANO,0.4282967037467178,0.2304314139178779,0.0
S0639,1535.25,1535.25,33238843.169999998,9.0,1.6127946400157502,MAÍZ GRANO,0.3895587037941703,0.14753948868262498,0.0
S0640,2851.92,2851.92,66095732.74,9.0,1.7073984681841505,MAÍZ GRANO,0.40855634099133215,0.41413854526073657,0.0
S0641,2851.92,2851.92,66095732.74,9.0,1.7073984681841505,MAÍZ GRANO,0.40855634099133215,0.41413854526073657,0.0
S0642,738.3000000000001,738.3000000000001,17261827.2,8.0,0.9544555988940548,AVENA FORRAJERA EN VERDE,0.7625626439116889,0.0,0.0
S0643,6640.47,6640.47,340323056.52000004,18.0,1.6960575529416195,MAÍZ GRANO,0.4254382596412603,0.018673377035059266,0.0
S0644,8768.029999999999,8738.029999999999,341829965.28000003,19.0,1.9451270186662717,MAÍZ GRANO,0.3421521139868363,0.0,0.0
S0645,4797.7,4517.7,245529595.26,15.0,1.0954969215726253,MAÍZ GRANO,0.7147174687871272,0.00583612981220168,0.0
S0646,4797.7,4517.7,245529595.26,15.0,1.0954969215726253,MAÍZ GRANO,0.7147174687871272,0.00583612981220168,0.0
S0647,2731.0,2618.0,107958167.7,11.0,1.1118329135962968,MAÍZ GRANO,0.7067008421823507,0.004760161113145368,0.0
S0648,2731.0,2618.0,107958167.7,11.0,1.1118329135962968,MAÍZ GRANO,0.7067008421823507,0.004760161113145368,0.0
S0649,4797.7,4517.7,245529595.26,15.0,1.0954969215726253,MAÍZ GRANO,0.7147174687871272,0.00583612981220168,0.0
S0650,4797.7,4517.7,245529595.26,15.0,1.0954969215726253,MAÍZ GRANO,0.7147174687871272,0.00583612981220168,0.0
S0651,4684.4,4670.4,145547077.22,23.0,1.991695644204148,AVENA GRANO,0.23482196225770643,0.06818375885919221,0.0
S0652,4684.4,4670.4,145547077.22,23.0,1.991695644204148,AVENA GRANO,0.23482196225770643,0.06818375885919221,0.0
S0653,614.0,614.0,13695227.049999999,12.0,1.1742466430200869,MAÍZ GRANO,0.6856677524429967,0.013029315960912053,0.0
S0654,614.0,614.0,13695227.049999999,12.0,1.1742466430200869,MAÍZ GRANO,0.6856677524429967,0.013029315960912053,0.0
S0655,4932.84,4932.84,128235502.65,15.0,0.8171944282528031,MAÍZ GRANO,0.8153518054508153,0.045782956674045784,0.0
S0656,2731.0,2618.0,107958167.7,11.0,1.1118329135962968,MAÍZ GRANO,0.7067008421823507,0.004760161113145368,0.0
S0657,3865.5,3865.5,84908047.18,12.0,0.6283863182831982,MAÍZ GRANO,0.8725908679342905,0.002069589962488682,0.0
S0658,3343.69,3322.52,223268967.59999996,31.0,1.9280765370617425,MAÍZ GRANO,0.5458041863928773,0.0,0.0
S0659,2634.0,2614.0,223639479.7,23.0,1.7349551495223252,MAÍZ GRANO,0.5315110098709187,0.0,0.0
S0660,522.73,522.73,97376548.08999999,13.0,2.0014422164563754,TOMATE ROJO (JITOMATE),0.2867637212327588,0.435215120616762,0.0
S0661,522.73,522.73,97376548.08999999,13.0,2.0014422164563754,TOMATE ROJO (JITOMATE),0.2867637212327588,0.435215120616762,0.0
S0662,9526.9,9526.7,702461742.05,19.0,1.2859069780784103,SORGO GRANO,0.45135353577764015,0.029957278863008953,0.0
S0663,9526.9,9526.7,702461742.05,19.0,1.2859069780784103,SORGO GRANO,0.45135353577764015,0.029957278863008953,0.0
S0664,5800.5,5788.5,563950989.53,30.0,2.2380972762988702,SORGO GRANO,0.2891130074993535,0.6108956124472028,0.0
S0665,14769.0,14639.0,1125623172.71,32.0,2.1522413292919644,CAÑA DE AZÚCAR,0.2600040625634776,0.6842033990114429,0.0
S0666,5336.5,5318.5,239941494.07,23.0,1.6021476024005485,SORGO GRANO,0.547175114775602,0.25194415815609483,0.0
S0667,5336.5,5318.5,239941494.07,23.0,1.6021476024005485,SORGO GRANO,0.547175114775602,0.25194415815609483,0.0
S0668,5336.5,5318.5,239941494.07,23.0,1.6021476024005485,SORGO GRANO,0.547175114775602,0.25194415815609483,0.0
S0669,14205.6,13594.3,875976992.8599999,21.0,1.4721918868544799,CAÑA DE AZÚCAR,0.43609562426085485,0.6033747254603817,0.0
S0670,4797.7,4517.7,245529595.26,15.0,1.0954969215726253,MAÍZ GRANO,0.7147174687871272,0.00583612981220168,0.0
S0671,2634.0,2614.0,223639479.7,23.0,1.7349551495223252,MAÍZ GRANO,0.5315110098709187,0.0,0.0
S0672,522.73,522.73,97376548.08999999,13.0,2.0014422164563754,TOMATE ROJO (JITOMATE),0.2867637212327588,0.435215120616762,0.0
S0673,3884.86,3884.86,125656002.17,11.0,1.2249063973730476,MAÍZ GRANO,0.6493567335759847,0.5286007732582384,0.0
S0674,8724.119999999999,8724.119999999999,370629452.39,11.0,1.4030086212326756,CEBADA GRANO,0.4288489841955407,0.05684928680485826,0.0
S0675,303.38,303.38,7190588.62,4.0,0.7750940872479968,MAÍZ GRANO,0.7636297712439845,0.6687322829454809,0.0
S0676,3884.86,3884.86,125656002.17,11.0,1.2249063973730476,MAÍZ GRANO,0.6493567335759847,0.5286007732582384,0.0
S0677,3884.86,3884.86,125656002.17,11.0,1.2249063973730476,MAÍZ GRANO,0.6493567335759847,0.5286007732582384,0.0
S0678,3920.66,3920.66,155094278.98000002,13.0,1.3998898711763619,MAÍZ GRANO,0.4159172180194151,0.2801824182663123,0.0
S0679,8724.119999999999,8724.119999999999,370629452.39,11.0,1.4030086212326756,CEBADA GRANO,0.4288489841955407,0.05684928680485826,0.0
S0680,20265.659999999996,20265.659999999996,320954791.40999997,9.0,0.9828682392627215,CEBADA GRANO,0.6830273477399701,0.0,0.0
S0681,6026.33,6026.33,211750445.13,8.0,1.182209450543058,TUNA,0.47740498777863144,0.0,0.0
S0682,6026.33,6026.33,211750445.13,8.0,1.182209450543058,TUNA,0.47740498777863144,0.0,0.0
S0683,6026.33,6026.33,211750445.13,8.0,1.182209450543058,TUNA,0.47740498777863144,0.0,0.0
S0684,21199.940000000002,21025.940000000002,379282728.39,20.0,1.418899716973783,MAÍZ GRANO,0.48745420977606535,0.04280672492469318,0.0
S0685,9.35,9.35,224154.08000000002,5.0,1.383840188176137,MAÍZ GRANO,0.42780748663101603,0.5614973262032086,0.0
S0686,9.35,9.35,224154.08000000002,5.0,1.383840188176137,MAÍZ GRANO,0.42780748663101603,0.5614973262032086,0.0
S0687,3884.86,3884.86,125656002.17,11.0,1.2249063973730476,MAÍZ GRANO,0.6493567335759847,0.5286007732582384,0.0
S0688,3884.86,3884.86,125656002.17,11.0,1.2249063973730476,MAÍZ GRANO,0.6493567335759847,0.5286007732582384,0.0
S0689,3920.66,3920.66,155094278.98000002,13.0,1.3998898711763619,MAÍZ GRANO,0.4159172180194151,0.2801824182663123,0.0
S0690,739.87,739.87,14168449.379999999,3.0,0.6264156217716043,MAÍZ GRANO,0.6834579047670537,0.06784975738981172,0.0
S0691,739.87,739.87,14168449.379999999,3.0,0.6264156217716043,MAÍZ GRANO,0.6834579047670537,0.06784975738981172,0.0
S0692,1585.16,1535.16,72048363.42,10.0,0.735987785475517,MAÍZ GRANO,0.8219170304574933,0.07765146735976179,0.0
S0693,14497.51,14497.51,409268212.86999995,11.0,0.44000076528191884,MAÍZ GRANO,0.9132602771096554,0.22336594353099257,0.0
S0694,14497.51,14497.51,409268212.86999995,11.0,0.44000076528191884,MAÍZ GRANO,0.9132602771096554,0.22336594353099257,0.0
S0695,14497.51,14497.51,409268212.86999995,11.0,0.44000076528191884,MAÍZ GRANO,0.9132602771096554,0.22336594353099257,0.0
S0696,14497.51,14497.51,409268212.86999995,11.0,0.44000076528191884,MAÍZ GRANO,0.9132602771096554,0.22336594353099257,0.0
S0697,51.0,51.0,818199.42,5.0,1.3082932036484165,AVENA GRANO,0.47058823529411764,0.0,0.0
S0698,6094.349999999999,6084.349999999999,271439850.65,37.0,1.7022564873874177,AVENA FORRAJERA EN VERDE,0.3707122170535004,0.46278110052753785,0.0
S0699,6094.349999999999,6084.349999999999,271439850.65,37.0,1.7022564873874177,AVENA FORRAJERA EN VERDE,0.3707122170535004,0.46278110052753785,0.0
S0700,6094.349999999999,6084.349999999999,271439850.65,37.0,1.7022564873874177,AVENA FORRAJERA EN VERDE,0.3707122170535004,0.46278110052753785,0.0
S0701,6094.349999999999,6084.349999999999,271439850.65,37.0,1.7022564873874177,AVENA FORRAJERA EN VERDE,0.3707122170535004,0.46278110052753785,0.0
S0702,3292.0,3292.0,56606462.309999995,16.0,1.6420303616275715,MAÍZ GRANO,0.3159173754556501,0.04495747266099635,0.0
S0703,3292.0,3292.0,56606462.309999995,16.0,1.6420303616275715,MAÍZ GRANO,0.3159173754556501,0.04495747266099635,0.0
S0704,10355.5,10333.0,230784370.42000002,25.0,1.089025642775035,MAÍZ GRANO,0.7834484090579885,0.17937327989957028,0.0
S0705,10355.5,10333.0,230784370.42000002,25.0,1.089025642775035,MAÍZ GRANO,0.7834484090579885,0.17937327989957028,0.0
S0706,10355.5,10333.0,230784370.42000002,25.0,1.089025642775035,MAÍZ GRANO,0.7834484090579885,0.17937327989957028,0.0
S0707,10355.5,10333.0,230784370.42000002,25.0,1.089025642775035,MAÍZ GRANO,0.7834484090579885,0.17937327989957028,0.0
S0708,4592.2,4576.7,148165740.88,30.0,1.1274928659734111,MAÍZ GRANO,0.7643395322503376,0.4912678019250033,0.0
S0709,4592.2,4576.7,148165740.88,30.0,1.1274928659734111,MAÍZ GRANO,0.7643395322503376,0.4912678019250033,0.0
S0710,4592.2,4576.7,148165740.88,30.0,1.1274928659734111,MAÍZ GRANO,0.7643395322503376,0.4912678019250033,0.0
S0711,4592.2,4576.7,148165740.88,30.0,1.1274928659734111,MAÍZ GRANO,0.7643395322503376,0.4912678019250033,0.0
S0712,7583.8,7563.3,83814698.17,10.0,0.39095344235181095,MAÍZ GRANO,0.91642712096838,0.038067987024974284,0.0
S0713,12896.3,12800.3,158156312.62999997,15.0,0.8711060536681146,MAÍZ GRANO,0.8069756441770121,0.04123663376317238,0.0
S0714,12896.3,12800.3,158156312.62999997,15.0,0.8711060536681146,MAÍZ GRANO,0.8069756441770121,0.04123663376317238,0.0
S0715,12896.3,12800.3,158156312.62999997,15.0,0.8711060536681146,MAÍZ GRANO,0.8069756441770121,0.04123663376317238,0.0
S0716,5311.0,5306.0,139076816.15,13.0,1.0797107885792319,MAÍZ GRANO,0.7399736396158916,0.14385238184899266,0.0
S0717,5311.0,5306.0,139076816.15,13.0,1.0797107885792319,MAÍZ GRANO,0.7399736396158916,0.14385238184899266,0.0
S0718,5311.0,5306.0,139076816.15,13.0,1.0797107885792319,MAÍZ GRANO,0.7399736396158916,0.14385238184899266,0.0
S0719,5311.0,5306.0,139076816.15,13.0,1.0797107885792319,MAÍZ GRANO,0.7399736396158916,0.14385238184899266,0.0
S0720,6702.5,6702.5,185067700.23,16.0,1.0961937263121695,MAÍZ GRANO,0.7361432301380082,0.11383812010443864,0.0
S0721,6702.5,6702.5,185067700.23,16.0,1.0961937263121695,MAÍZ GRANO,0.7361432301380082,0.11383812010443864,0.0
S0722,3292.0,3292.0,56606462.309999995,16.0,1.6420303616275715,MAÍZ GRANO,0.3159173754556501,0.04495747266099635,0.0
S0723,3292.0,3292.0,56606462.309999995,16.0,1.6420303616275715,MAÍZ GRANO,0.3159173754556501,0.04495747266099635,0.0
S0724,,,,,,,,,
S0725,6094.349999999999,6084.349999999999,271439850.65,37.0,1.7022564873874177,AVENA FORRAJERA EN VERDE,0.3707122170535004,0.46278110052753785,0.0
S0726,303.38,303.38,7190588.62,4.0,0.7750940872479968,MAÍZ GRANO,0.7636297712439845,0.6687322829454809,0.0
S0727,6094.349999999999,6084.349999999999,271439850.65,37.0,1.7022564873874177,AVENA FORRAJERA EN VERDE,0.3707122170535004,0.46278110052753785,0.0
S0728,6094.349999999999,6084.349999999999,271439850.65,37.0,1.7022564873874177,AVENA FORRAJERA EN VERDE,0.3707122170535004,0.46278110052753785,0.0
S0729,2747.58,2747.58,74850929.0,13.0,1.0255696959886735,MAÍZ GRANO,0.7002525859119662,0.6564249266627359,0.0
S0730,303.38,303.38,7190588.62,4.0,0.7750940872479968,MAÍZ GRANO,0.7636297712439845,0.6687322829454809,0.0
S0731,303.38,303.38,7190588.62,4.0,0.7750940872479968,MAÍZ GRANO,0.7636297712439845,0.6687322829454809,0.0
S0732,14487.27,14483.77,409565667.22,13.0,0.8345614668661597,MAÍZ GRANO,0.7100799529517984,0.035907386277745916,0.0
S0733,14487.27,14483.77,409565667.22,13.0,0.8345614668661597,MAÍZ GRANO,0.7100799529517984,0.035907386277745916,0.0
S0734,6776.639999999999,6706.639999999999,454380578.6,21.0,1.2309301786872175,MAÍZ GRANO,0.5855527222930538,0.2574505949851254,0.0
S0735,5087.16,5087.16,478699993.56,24.0,1.773947203186079,MAÍZ GRANO,0.3783427295386817,0.45279094819113214,0.0
S0736,5087.16,5087.16,478699993.56,24.0,1.773947203186079,MAÍZ GRANO,0.3783427295386817,0.45279094819113214,0.0
S0737,1644.6000000000001,1644.6000000000001,39030655.08,10.0,0.9447432433694578,PASTOS Y PRADERAS,0.7104341481211237,0.07455916332238842,0.0
S0738,5336.5,5318.5,239941494.07,23.0,1.6021476024005485,SORGO GRANO,0.547175114775602,0.25194415815609483,0.0
S0739,4798.0,4610.0,453264190.65999997,22.0,1.3128301732657974,CAÑA DE AZÚCAR,0.6617340558566069,0.8320133388912047,0.0
S0740,14769.0,14639.0,1125623172.71,32.0,2.1522413292919644,CAÑA DE AZÚCAR,0.2600040625634776,0.6842033990114429,0.0
S0741,4680.0,4248.0,299764842.45,20.0,1.3628675927228877,CAÑA DE AZÚCAR,0.4683760683760684,0.5912393162393162,0.0
S0742,3758.0,3538.0,326196816.1,19.0,1.6719313345270979,CAÑA DE AZÚCAR,0.5215540180947312,0.8153273017562533,0.0
S0743,1390.5,1390.5,241844517.28000003,14.0,1.4191974838322117,MAÍZ GRANO,0.5688601222581805,0.11326860841423948,0.0
S0744,1390.5,1390.5,241844517.28000003,14.0,1.4191974838322117,MAÍZ GRANO,0.5688601222581805,0.11326860841423948,0.0
S0745,1419.6,1399.1,191039573.19,17.0,1.813548092977176,MAÍZ GRANO,0.4146942800788955,0.1019301211608904,0.00035221189067342917
S0746,558.5,548.5,110580641.41999999,18.0,2.354922738068928,ROSA (GRUESA),0.24529991047448524,0.6436884512085944,0.0
S0747,1419.6,1399.1,191039573.19,17.0,1.813548092977176,MAÍZ GRANO,0.4146942800788955,0.1019301211608904,0.00035221189067342917
S0748,319.5,319.5,91191812.49000001,10.0,1.5816183638206132,MAÍZ GRANO,0.5101721439749609,1.0,0.0
S0749,319.5,319.5,91191812.49000001,10.0,1.5816183638206132,MAÍZ GRANO,0.5101721439749609,1.0,0.0
S0750,3107.5,3082.7,388428270.82000005,24.0,1.3373268856194227,CAÑA DE AZÚCAR,0.7079646017699115,0.8941271118262268,0.0031536604987932424
S0751,3107.5,3082.7,388428270.82000005,24.0,1.3373268856194227,CAÑA DE AZÚCAR,0.7079646017699115,0.8941271118262268,0.0031536604987932424
S0752,3107.5,3082.7,388428270.82000005,24.0,1.3373268856194227,CAÑA DE AZÚCAR,0.7079646017699115,0.8941271118262268,0.0031536604987932424
S0753,3107.5,3082.7,388428270.82000005,24.0,1.3373268856194227,CAÑA DE AZÚCAR,0.7079646017699115,0.8941271118262268,0.0031536604987932424
S0754,5800.5,5788.5,563950989.53,30.0,2.2380972762988702,SORGO GRANO,0.2891130074993535,0.6108956124472028,0.0
S0755,5800.5,5788.5,563950989.53,30.0,2.2380972762988702,SORGO GRANO,0.2891130074993535,0.6108956124472028,0.0
S0756,1419.6,1399.1,191039573.19,17.0,1.813548092977176,MAÍZ GRANO,0.4146942800788955,0.1019301211608904,0.00035221189067342917
S0757,1419.6,1399.1,191039573.19,17.0,1.813548092977176,MAÍZ GRANO,0.4146942800788955,0.1019301211608904,0.00035221189067342917
S0758,1419.6,1399.1,191039573.19,17.0,1.813548092977176,MAÍZ GRANO,0.4146942800788955,0.1019301211608904,0.00035221189067342917
S0759,1419.6,1399.1,191039573.19,17.0,1.813548092977176,MAÍZ GRANO,0.4146942800788955,0.1019301211608904,0.00035221189067342917
S0760,1376.7,1332.2,334626104.9,19.0,2.065355833312385,NOPALITOS,0.41766543182973775,0.36187985763056585,0.0018159366601292945
S0761,3107.5,3082.7,388428270.82000005,24.0,1.3373268856194227,CAÑA DE AZÚCAR,0.7079646017699115,0.8941271118262268,0.0031536604987932424
S0762,5800.5,5788.5,563950989.53,30.0,2.2380972762988702,SORGO GRANO,0.2891130074993535,0.6108956124472028,0.0
S0763,1390.5,1390.5,241844517.28000003,14.0,1.4191974838322117,MAÍZ GRANO,0.5688601222581805,0.11326860841423948,0.0
S0764,1419.6,1399.1,191039573.19,17.0,1.813548092977176,MAÍZ GRANO,0.4146942800788955,0.1019301211608904,0.00035221189067342917
S0765,1419.6,1399.1,191039573.19,17.0,1.813548092977176,MAÍZ GRANO,0.4146942800788955,0.1019301211608904,0.00035221189067342917
S0766,1419.6,1399.1,191039573.19,17.0,1.813548092977176,MAÍZ GRANO,0.4146942800788955,0.1019301211608904,0.00035221189067342917
S0767,1154.0,1111.0,100398006.81,27.0,2.3929231428700812,MAÍZ GRANO,0.3266897746967071,0.542894280762565,0.0
S0768,1368.0,1304.0,72887654.17,18.0,1.6215460189070319,MAÍZ GRANO,0.4817251461988304,0.695906432748538,0.0
S0769,99.0,99.0,2921628.1399999997,5.0,0.9791390458047099,MAÍZ GRANO,0.696969696969697,0.35353535353535354,0.0
S0770,3107.5,3082.7,388428270.82000005,24.0,1.3373268856194227,CAÑA DE AZÚCAR,0.7079646017699115,0.8941271118262268,0.0031536604987932424
S0771,3107.5,3082.7,388428270.82000005,24.0,1.3373268856194227,CAÑA DE AZÚCAR,0.7079646017699115,0.8941271118262268,0.0031536604987932424
S0772,3107.5,3082.7,388428270.82000005,24.0,1.3373268856194227,CAÑA DE AZÚCAR,0.7079646017699115,0.8941271118262268,0.0031536604987932424
S0773,1376.5,1334.5,135641901.98999998,18.0,1.5431803337753023,CAÑA DE AZÚCAR,0.6116963312749728,0.9019251725390484,0.0
S0774,692.5,673.5,121480483.43,19.0,2.3257968883476567,CAÑA DE AZÚCAR,0.2527075812274368,0.8382671480144405,0.0
S0775,3107.5,3082.7,388428270.82000005,24.0,1.3373268856194227,CAÑA DE AZÚCAR,0.7079646017699115,0.8941271118262268,0.0031536604987932424
S0776,3107.5,3082.7,388428270.82000005,24.0,1.3373268856194227,CAÑA DE AZÚCAR,0.7079646017699115,0.8941271118262268,0.0031536604987932424
S0777,151.0,151.0,3059501.7800000003,4.0,0.49313185329656056,MAÍZ GRANO,0.8807947019867549,0.32450331125827814,0.0
S0778,3736.0,3462.0,185613683.43,22.0,1.6583129407820751,MAÍZ GRANO,0.4550321199143469,0.48340471092077086,0.0
S0779,3736.0,3462.0,185613683.43,22.0,1.6583129407820751,MAÍZ GRANO,0.4550321199143469,0.48340471092077086,0.0
S0780,4680.0,4248.0,299764842.45,20.0,1.3628675927228877,CAÑA DE AZÚCAR,0.4683760683760684,0.5912393162393162,0.0
S0781,14769.0,14639.0,1125623172.71,32.0,2.1522413292919644,CAÑA DE AZÚCAR,0.2600040625634776,0.6842033990114429,0.0
S0782,14769.0,14639.0,1125623172.71,32.0,2.1522413292919644,CAÑA DE AZÚCAR,0.2600040625634776,0.6842033990114429,0.0
S0783,6526.7,6510.7,589647775.0,18.0,1.3033911088885821,MAÍZ GRANO,0.503623576999096,0.012257342914489712,0.0
S0784,1233.0,1208.0,126896764.99,27.0,2.291359390525369,CAÑA DE AZÚCAR,0.35279805352798055,0.7575020275750203,0.0
S0785,1233.0,1208.0,126896764.99,27.0,2.291359390525369,CAÑA DE AZÚCAR,0.35279805352798055,0.7575020275750203,0.0
S0786,14769.0,14639.0,1125623172.71,32.0,2.1522413292919644,CAÑA DE AZÚCAR,0.2600040625634776,0.6842033990114429,0.0
S0787,4798.0,4610.0,453264190.65999997,22.0,1.3128301732657974,CAÑA DE AZÚCAR,0.6617340558566069,0.8320133388912047,0.0
S0788,3107.5,3082.7,388428270.82000005,24.0,1.3373268856194227,CAÑA DE AZÚCAR,0.7079646017699115,0.8941271118262268,0.0031536604987932424
S0789,3107.5,3082.7,388428270.82000005,24.0,1.3373268856194227,CAÑA DE AZÚCAR,0.7079646017699115,0.8941271118262268,0.0031536604987932424
S0790,1376.5,1334.5,135641901.98999998,18.0,1.5431803337753023,CAÑA DE AZÚCAR,0.6116963312749728,0.9019251725390484,0.0
S0791,151.0,151.0,3059501.7800000003,4.0,0.49313185329656056,MAÍZ GRANO,0.8807947019867549,0.32450331125827814,0.0
S0792,1233.0,1208.0,126896764.99,27.0,2.291359390525369,CAÑA DE AZÚCAR,0.35279805352798055,0.7575020275750203,0.0
S0793,738.3000000000001,738.3000000000001,17261827.2,8.0,0.9544555988940548,AVENA FORRAJERA EN VERDE,0.7625626439116889,0.0,0.0
S0794,738.3000000000001,738.3000000000001,17261827.2,8.0,0.9544555988940548,AVENA FORRAJERA EN VERDE,0.7625626439116889,0.0,0.0
S0795,3758.0,3538.0,326196816.1,19.0,1.6719313345270979,CAÑA DE AZÚCAR,0.5215540180947312,0.8153273017562533,0.0
S0796,3736.0,3462.0,185613683.43,22.0,1.6583129407820751,MAÍZ GRANO,0.4550321199143469,0.48340471092077086,0.0
S0797,3758.0,3538.0,326196816.1,19.0,1.6719313345270979,CAÑA DE AZÚCAR,0.5215540180947312,0.8153273017562533,0.0
S0798,3758.0,3538.0,326196816.1,19.0,1.6719313345270979,CAÑA DE AZÚCAR,0.5215540180947312,0.8153273017562533,0.0
S0799,4680.0,4248.0,299764842.45,20.0,1.3628675927228877,CAÑA DE AZÚCAR,0.4683760683760684,0.5912393162393162,0.0
S0800,522.73,522.73,97376548.08999999,13.0,2.0014422164563754,TOMATE ROJO (JITOMATE),0.2867637212327588,0.435215120616762,0.0
S0801,1856.8,1848.2,336597327.57,19.0,1.9987210801795543,NOPALITOS,0.29782421370099094,0.042707884532529085,0.0003231365790607497
S0802,1376.7,1332.2,334626104.9,19.0,2.065355833312385,NOPALITOS,0.41766543182973775,0.36187985763056585,0.0018159366601292945
S0803,3107.5,3082.7,388428270.82000005,24.0,1.3373268856194227,CAÑA DE AZÚCAR,0.7079646017699115,0.8941271118262268,0.0031536604987932424
S0804,1376.7,1332.2,334626104.9,19.0,2.065355833312385,NOPALITOS,0.41766543182973775,0.36187985763056585,0.0018159366601292945
S0805,3107.5,3082.7,388428270.82000005,24.0,1.3373268856194227,CAÑA DE AZÚCAR,0.7079646017699115,0.8941271118262268,0.0031536604987932424
S0806,4798.0,4610.0,453264190.65999997,22.0,1.3128301732657974,CAÑA DE AZÚCAR,0.6617340558566069,0.8320133388912047,0.0
S0807,4798.0,4610.0,453264190.65999997,22.0,1.3128301732657974,CAÑA DE AZÚCAR,0.6617340558566069,0.8320133388912047,0.0
S0808,4680.0,4248.0,299764842.45,20.0,1.3628675927228877,CAÑA DE AZÚCAR,0.4683760683760684,0.5912393162393162,0.0
S0809,3758.0,3538.0,326196816.1,19.0,1.6719313345270979,CAÑA DE AZÚCAR,0.5215540180947312,0.8153273017562533,0.0
S0810,855.0,691.0,73207420.55,9.0,0.5527818581868892,CAÑA DE AZÚCAR,0.8807017543859649,0.9532163742690059,0.0
S0811,855.0,691.0,73207420.55,9.0,0.5527818581868892,CAÑA DE AZÚCAR,0.8807017543859649,0.9532163742690059,0.0
S0812,4798.0,4610.0,453264190.65999997,22.0,1.3128301732657974,CAÑA DE AZÚCAR,0.6617340558566069,0.8320133388912047,0.0
S0813,4798.0,4610.0,453264190.65999997,22.0,1.3128301732657974,CAÑA DE AZÚCAR,0.6617340558566069,0.8320133388912047,0.0
S0814,14769.0,14639.0,1125623172.71,32.0,2.1522413292919644,CAÑA DE AZÚCAR,0.2600040625634776,0.6842033990114429,0.0
S0815,14769.0,14639.0,1125623172.71,32.0,2.1522413292919644,CAÑA DE AZÚCAR,0.2600040625634776,0.6842033990114429,0.0
S0816,14769.0,14639.0,1125623172.71,32.0,2.1522413292919644,CAÑA DE AZÚCAR,0.2600040625634776,0.6842033990114429,0.0
S0817,5800.5,5788.5,563950989.53,30.0,2.2380972762988702,SORGO GRANO,0.2891130074993535,0.6108956124472028,0.0
S0818,151.0,151.0,3059501.7800000003,4.0,0.49313185329656056,MAÍZ GRANO,0.8807947019867549,0.32450331125827814,0.0
S0819,3758.0,3538.0,326196816.1,19.0,1.6719313345270979,CAÑA DE AZÚCAR,0.5215540180947312,0.8153273017562533,0.0
S0820,3736.0,3462.0,185613683.43,22.0,1.6583129407820751,MAÍZ GRANO,0.4550321199143469,0.48340471092077086,0.0
S0821,3758.0,3538.0,326196816.1,19.0,1.6719313345270979,CAÑA DE AZÚCAR,0.5215540180947312,0.8153273017562533,0.0
S0822,3758.0,3538.0,326196816.1,19.0,1.6719313345270979,CAÑA DE AZÚCAR,0.5215540180947312,0.8153273017562533,0.0
S0823,4798.0,4610.0,453264190.65999997,22.0,1.3128301732657974,CAÑA DE AZÚCAR,0.6617340558566069,0.8320133388912047,0.0
S0824,10209.6,10208.1,630623606.82,29.0,1.7927823207631473,MAÍZ GRANO,0.36965209214856604,0.3244495376900172,0.0
S0825,522.73,522.73,97376548.08999999,13.0,2.0014422164563754,TOMATE ROJO (JITOMATE),0.2867637212327588,0.435215120616762,0.0
S0826,9526.9,9526.7,702461742.05,19.0,1.2859069780784103,SORGO GRANO,0.45135353577764015,0.029957278863008953,0.0
S0827,6526.7,6510.7,589647775.0,18.0,1.3033911088885821,MAÍZ GRANO,0.503623576999096,0.012257342914489712,0.0
S0828,6526.7,6510.7,589647775.0,18.0,1.3033911088885821,MAÍZ GRANO,0.503623576999096,0.012257342914489712,0.0
S0829,1419.6,1399.1,191039573.19,17.0,1.813548092977176,MAÍZ GRANO,0.4146942800788955,0.1019301211608904,0.00035221189067342917
S0830,3107.5,3082.7,388428270.82000005,24.0,1.3373268856194227,CAÑA DE AZÚCAR,0.7079646017699115,0.8941271118262268,0.0031536604987932424
S0831,319.5,319.5,91191812.49000001,10.0,1.5816183638206132,MAÍZ GRANO,0.5101721439749609,1.0,0.0
S0832,692.5,673.5,121480483.43,19.0,2.3257968883476567,CAÑA DE AZÚCAR,0.2527075812274368,0.8382671480144405,0.0
S0833,1376.5,1334.5,135641901.98999998,18.0,1.5431803337753023,CAÑA DE AZÚCAR,0.6116963312749728,0.9019251725390484,0.0
S0834,855.0,691.0,73207420.55,9.0,0.5527818581868892,CAÑA DE AZÚCAR,0.8807017543859649,0.9532163742690059,0.0
S0835,3758.0,3538.0,326196816.1,19.0,1.6719313345270979,CAÑA DE AZÚCAR,0.5215540180947312,0.8153273017562533,0.0
S0836,5336.5,5318.5,239941494.07,23.0,1.6021476024005485,SORGO GRANO,0.547175114775602,0.25194415815609483,0.0
S0837,2923.6,2923.5,171865275.16,17.0,1.2301262114493443,MAÍZ GRANO,0.48125598577096734,0.04166096593241209,0.0
S0838,2506.5,2506.5,172991483.51,17.0,1.5432880213697278,SORGO GRANO,0.471573907839617,0.12375822860562537,0.0
S0839,2506.5,2506.5,172991483.51,17.0,1.5432880213697278,SORGO GRANO,0.471573907839617,0.12375822860562537,0.0
S0840,1376.5,1334.5,135641901.98999998,18.0,1.5431803337753023,CAÑA DE AZÚCAR,0.6116963312749728,0.9019251725390484,0.0
S0841,151.0,151.0,3059501.7800000003,4.0,0.49313185329656056,MAÍZ GRANO,0.8807947019867549,0.32450331125827814,0.0
S0842,855.0,691.0,73207420.55,9.0,0.5527818581868892,CAÑA DE AZÚCAR,0.8807017543859649,0.9532163742690059,0.0
S0843,3758.0,3538.0,326196816.1,19.0,1.6719313345270979,CAÑA DE AZÚCAR,0.5215540180947312,0.8153273017562533,0.0
S0844,5336.5,5318.5,239941494.07,23.0,1.6021476024005485,SORGO GRANO,0.547175114775602,0.25194415815609483,0.0
S0845,5918.0,5903.0,271075795.41999996,21.0,1.5377720519076767,MAÍZ GRANO,0.3776613720851639,0.2794018249408584,0.0
S0846,10209.6,10208.1,630623606.82,29.0,1.7927823207631473,MAÍZ GRANO,0.36965209214856604,0.3244495376900172,0.0
S0847,10575.8,10467.8,698761379.82,23.0,1.9498793100587306,SORGO GRANO,0.27421093439739785,0.6209270220692525,0.0
S0848,10144.0,9729.0,646405048.3899999,17.0,1.3511492200233814,CAÑA DE AZÚCAR,0.5364747634069401,0.6923304416403786,0.0
S0849,10144.0,9729.0,646405048.3899999,17.0,1.3511492200233814,CAÑA DE AZÚCAR,0.5364747634069401,0.6923304416403786,0.0
S0850,14205.6,13594.3,875976992.8599999,21.0,1.4721918868544799,CAÑA DE AZÚCAR,0.43609562426085485,0.6033747254603817,0.0
S0851,3758.0,3538.0,326196816.1,19.0,1.6719313345270979,CAÑA DE AZÚCAR,0.5215540180947312,0.8153273017562533,0.0
S0852,3758.0,3538.0,326196816.1,19.0,1.6719313345270979,CAÑA DE AZÚCAR,0.5215540180947312,0.8153273017562533,0.0
S0853,10575.8,10467.8,698761379.82,23.0,1.9498793100587306,SORGO GRANO,0.27421093439739785,0.6209270220692525,0.0
S0854,12003.470000000001,11872.470000000001,1026793813.6999999,59.0,2.6022463119922556,MAÍZ GRANO,0.3893874021428803,0.49852834222104103,0.0
S0855,5336.5,5318.5,239941494.07,23.0,1.6021476024005485,SORGO GRANO,0.547175114775602,0.25194415815609483,0.0
S0856,4592.2,4576.7,148165740.88,30.0,1.1274928659734111,MAÍZ GRANO,0.7643395322503376,0.4912678019250033,0.0
S0857,4592.2,4576.7,148165740.88,30.0,1.1274928659734111,MAÍZ GRANO,0.7643395322503376,0.4912678019250033,0.0
S0858,4592.2,4576.7,148165740.88,30.0,1.1274928659734111,MAÍZ GRANO,0.7643395322503376,0.4912678019250033,0.0
S0859,4592.2,4576.7,148165740.88,30.0,1.1274928659734111,MAÍZ GRANO,0.7643395322503376,0.4912678019250033,0.0
S0860,4592.2,4576.7,148165740.88,30.0,1.1274928659734111,MAÍZ GRANO,0.7643395322503376,0.4912678019250033,0.0
S0861,4592.2,4576.7,148165740.88,30.0,1.1274928659734111,MAÍZ GRANO,0.7643395322503376,0.4912678019250033,0.0
S0862,4592.2,4576.7,148165740.88,30.0,1.1274928659734111,MAÍZ GRANO,0.7643395322503376,0.4912678019250033,0.0
S0863,4592.2,4576.7,148165740.88,30.0,1.1274928659734111,MAÍZ GRANO,0.7643395322503376,0.4912678019250033,0.0
S0864,4592.2,4576.7,148165740.88,30.0,1.1274928659734111,MAÍZ GRANO,0.7643395322503376,0.4912678019250033,0.0
S0865,4592.2,4576.7,148165740.88,30.0,1.1274928659734111,MAÍZ GRANO,0.7643395322503376,0.4912678019250033,0.0
S0866,345.5,340.0,5599228.22,7.0,0.5734910924512169,MAÍZ GRANO,0.8654124457308249,0.12735166425470332,0.0
S0867,345.5,340.0,5599228.22,7.0,0.5734910924512169,MAÍZ GRANO,0.8654124457308249,0.12735166425470332,0.0
S0868,7583.8,7563.3,83814698.17,10.0,0.39095344235181095,MAÍZ GRANO,0.91642712096838,0.038067987024974284,0.0
S0869,12896.3,12800.3,158156312.62999997,15.0,0.8711060536681146,MAÍZ GRANO,0.8069756441770121,0.04123663376317238,0.0
S0870,12896.3,12800.3,158156312.62999997,15.0,0.8711060536681146,MAÍZ GRANO,0.8069756441770121,0.04123663376317238,0.0
S0871,12896.3,12800.3,158156312.62999997,15.0,0.8711060536681146,MAÍZ GRANO,0.8069756441770121,0.04123663376317238,0.0
S0872,21199.940000000002,21025.940000000002,379282728.39,20.0,1.418899716973783,MAÍZ GRANO,0.48745420977606535,0.04280672492469318,0.0
S0873,21199.940000000002,21025.940000000002,379282728.39,20.0,1.418899716973783,MAÍZ GRANO,0.48745420977606535,0.04280672492469318,0.0
S0874,15009.63,14417.23,351055874.92,30.0,1.6117126201233283,MAÍZ GRANO,0.5984158170454569,0.025225805033168708,0.0
S0875,3300.42,3247.42,166921892.94,12.0,1.1973398865429534,MAÍZ GRANO,0.6683997794220129,0.003187473109483035,0.0
S0876,1148.3,1147.3,30745452.6,21.0,1.1867968627924579,MAÍZ GRANO,0.7724462248541323,0.23495602194548465,0.0
S0877,1148.3,1147.3,30745452.6,21.0,1.1867968627924579,MAÍZ GRANO,0.7724462248541323,0.23495602194548465,0.0
S0878,1148.3,1147.3,30745452.6,21.0,1.1867968627924579,MAÍZ GRANO,0.7724462248541323,0.23495602194548465,0.0
S0879,1148.3,1147.3,30745452.6,21.0,1.1867968627924579,MAÍZ GRANO,0.7724462248541323,0.23495602194548465,0.0
S0880,1148.3,1147.3,30745452.6,21.0,1.1867968627924579,MAÍZ GRANO,0.7724462248541323,0.23495602194548465,0.0
S0881,345.5,340.0,5599228.22,7.0,0.5734910924512169,MAÍZ GRANO,0.8654124457308249,0.12735166425470332,0.0
S0882,345.5,340.0,5599228.22,7.0,0.5734910924512169,MAÍZ GRANO,0.8654124457308249,0.12735166425470332,0.0
S0883,345.5,340.0,5599228.22,7.0,0.5734910924512169,MAÍZ GRANO,0.8654124457308249,0.12735166425470332,0.0
S0884,345.5,340.0,5599228.22,7.0,0.5734910924512169,MAÍZ GRANO,0.8654124457308249,0.12735166425470332,0.0
S0885,345.5,340.0,5599228.22,7.0,0.5734910924512169,MAÍZ GRANO,0.8654124457308249,0.12735166425470332,0.0
S0886,7583.8,7563.3,83814698.17,10.0,0.39095344235181095,MAÍZ GRANO,0.91642712096838,0.038067987024974284,0.0
S0887,1148.3,1147.3,30745452.6,21.0,1.1867968627924579,MAÍZ GRANO,0.7724462248541323,0.23495602194548465,0.0
S0888,345.5,340.0,5599228.22,7.0,0.5734910924512169,MAÍZ GRANO,0.8654124457308249,0.12735166425470332,0.0
S0889,2837.5,2786.5,155793434.22,18.0,1.588782767034817,ALFALFA VERDE,0.42784140969163,0.9670484581497797,0.0
S0890,63.0,42.0,1759481.45,4.0,0.9909202301638502,MAÍZ GRANO,0.5238095238095238,0.5238095238095238,0.0
S0891,135.75,89.75,9106816.28,6.0,1.4900491902095523,MAGUEY PULQUERO (MILES DE LTS.),0.3756906077348066,0.13259668508287292,0.0
S0892,450.0,450.0,3160276.59,1.0,-0.0,MAÍZ GRANO,1.0,0.0,0.0
S0893,1023.0,1023.0,8772793.02,5.0,0.20599302881648388,MAÍZ GRANO,0.9599217986314761,0.03714565004887586,0.0
S0894,3263.2,3258.2,40930428.76,12.0,0.6375998509550694,MAÍZ GRANO,0.8580534444716843,0.0,0.0
S0895,9241.51,9217.5,149735321.15999997,13.0,0.7551309644374158,MAÍZ GRANO,0.8022498487801236,0.0032462227493126124,0.0
S0896,10613.0,10610.0,264310091.69,15.0,0.8967266692989188,MAÍZ GRANO,0.7519080373127297,0.04635823989446905,0.0
S0897,6702.5,6702.5,185067700.23,16.0,1.0961937263121695,MAÍZ GRANO,0.7361432301380082,0.11383812010443864,0.0
S0898,6702.5,6702.5,185067700.23,16.0,1.0961937263121695,MAÍZ GRANO,0.7361432301380082,0.11383812010443864,0.0
S0899,6702.5,6702.5,185067700.23,16.0,1.0961937263121695,MAÍZ GRANO,0.7361432301380082,0.11383812010443864,0.0
S0900,13417.199999999999,13400.199999999999,361617361.34999996,20.0,1.3166116994671642,MAÍZ GRANO,0.6265837879736458,0.2962764213099604,0.0
S0901,3926.2,3895.7,68136561.45,8.0,1.0939823082006181,MAÍZ GRANO,0.5628852325403698,0.0004329886404156691,0.005093984004890225
S0902,2946.0,2871.0,83513483.44000001,8.0,0.9529061712231203,MAÍZ GRANO,0.7399864222674813,0.019687712152070606,0.02376103190767142
S0903,15418.51,15282.0,1010950571.61,21.0,1.4845636282192682,MAÍZ GRANO,0.5504422930620404,0.09326452426336916,0.005188568804638061
S0904,3487.0,3446.0,60424763.720000006,14.0,1.4686149072259227,MAÍZ GRANO,0.5248064238600516,0.0017206767995411529,0.008603383997705764
S0905,2862.75,2836.75,73373581.81,11.0,0.9521676575446893,MAÍZ GRANO,0.7649986900707362,0.0004366430879399179,0.0
S0906,12655.32,12432.9,752156470.7700001,14.0,1.7157743891935429,CAFÉ CEREZA,0.3811045473366142,3.160726081995556e-05,0.006321452163991112
S0907,8831.900000000001,8712.0,605394030.0500001,9.0,1.6315343642044118,NARANJA,0.3723094690836625,0.0,0.0011322591967753257
S0908,8831.900000000001,8712.0,605394030.0500001,9.0,1.6315343642044118,NARANJA,0.3723094690836625,0.0,0.0011322591967753257
S0909,8831.900000000001,8712.0,605394030.0500001,9.0,1.6315343642044118,NARANJA,0.3723094690836625,0.0,0.0011322591967753257
S0910,6702.5,6702.5,185067700.23,16.0,1.0961937263121695,MAÍZ GRANO,0.7361432301380082,0.11383812010443864,0.0
S0911,19573.120000000003,19570.620000000003,431786901.68,20.0,0.8223183150818204,CEBADA GRANO,0.7086248896445737,0.03639276722362096,0.0
S0912,2946.0,2871.0,83513483.44000001,8.0,0.9529061712231203,MAÍZ GRANO,0.7399864222674813,0.019687712152070606,0.02376103190767142
S0913,3487.0,3446.0,60424763.720000006,14.0,1.4686149072259227,MAÍZ GRANO,0.5248064238600516,0.0017206767995411529,0.008603383997705764
S0914,20265.659999999996,20265.659999999996,320954791.40999997,9.0,0.9828682392627215,CEBADA GRANO,0.6830273477399701,0.0,0.0
S0915,20265.659999999996,20265.659999999996,320954791.40999997,9.0,0.9828682392627215,CEBADA GRANO,0.6830273477399701,0.0,0.0
S0916,20265.659999999996,20265.659999999996,320954791.40999997,9.0,0.9828682392627215,CEBADA GRANO,0.6830273477399701,0.0,0.0
S0917,6026.33,6026.33,211750445.13,8.0,1.182209450543058,TUNA,0.47740498777863144,0.0,0.0
S0918,21199.940000000002,21025.940000000002,379282728.39,20.0,1.418899716973783,MAÍZ GRANO,0.48745420977606535,0.04280672492469318,0.0
S0919,2613.37,2613.37,42413840.879999995,5.0,0.19368604765296535,MAÍZ GRANO,0.965420128033918,0.004312439493833632,0.0
S0920,2613.37,2613.37,42413840.879999995,5.0,0.19368604765296535,MAÍZ GRANO,0.965420128033918,0.004312439493833632,0.0
S0921,2613.37,2613.37,42413840.879999995,5.0,0.19368604765296535,MAÍZ GRANO,0.965420128033918,0.004312439493833632,0.0
S0922,3300.42,3247.42,166921892.94,12.0,1.1973398865429534,MAÍZ GRANO,0.6683997794220129,0.003187473109483035,0.0
S0923,3300.42,3247.42,166921892.94,12.0,1.1973398865429534,MAÍZ GRANO,0.6683997794220129,0.003187473109483035,0.0
S0924,9017.51,8092.01,503851835.84,14.0,0.7763396491419879,CAFÉ CEREZA,0.796894042812262,6.6537214818724895e-06,0.0
S0925,5210.75,4878.75,220746843.36,19.0,1.0573874069575104,CAFÉ CEREZA,0.677445665211342,0.0,0.0
S0926,7479.4,5933.099999999999,337239593.31,30.0,1.4996929818105031,NARANJA,0.4940235847795278,0.0,0.0
S0927,7479.4,5933.099999999999,337239593.31,30.0,1.4996929818105031,NARANJA,0.4940235847795278,0.0,0.0
S0928,7479.4,5933.099999999999,337239593.31,30.0,1.4996929818105031,NARANJA,0.4940235847795278,0.0,0.0
S0929,25001.0,20876.5,1235184035.1399999,20.0,0.540200229027398,NARANJA,0.8753649854005839,0.0,0.0
S0930,57.6,57.6,513365.97,2.0,0.27843002578622605,MAÍZ GRANO,0.9201388888888888,0.0,0.0
S0931,2862.75,2836.75,73373581.81,11.0,0.9521676575446893,MAÍZ GRANO,0.7649986900707362,0.0004366430879399179,0.0
S0932,3777.1,3731.1,81483763.04,14.0,1.7045176677384466,MAÍZ GRANO,0.42625294538137726,0.00015885202933467476,0.007942601466733737
S0933,3777.1,3731.1,81483763.04,14.0,1.7045176677384466,MAÍZ GRANO,0.42625294538137726,0.00015885202933467476,0.007942601466733737
S0934,3777.1,3731.1,81483763.04,14.0,1.7045176677384466,MAÍZ GRANO,0.42625294538137726,0.00015885202933467476,0.007942601466733737
S0935,3777.1,3731.1,81483763.04,14.0,1.7045176677384466,MAÍZ GRANO,0.42625294538137726,0.00015885202933467476,0.007942601466733737
S0936,3777.1,3731.1,81483763.04,14.0,1.7045176677384466,MAÍZ GRANO,0.42625294538137726,0.00015885202933467476,0.007942601466733737
S0937,5210.75,4878.75,220746843.36,19.0,1.0573874069575104,CAFÉ CEREZA,0.677445665211342,0.0,0.0
S0938,7479.4,5933.099999999999,337239593.31,30.0,1.4996929818105031,NARANJA,0.4940235847795278,0.0,0.0
S0939,7479.4,5933.099999999999,337239593.31,30.0,1.4996929818105031,NARANJA,0.4940235847795278,0.0,0.0
S0940,5210.75,4878.75,220746843.36,19.0,1.0573874069575104,CAFÉ CEREZA,0.677445665211342,0.0,0.0
S0941,5210.75,4878.75,220746843.36,19.0,1.0573874069575104,CAFÉ CEREZA,0.677445665211342,0.0,0.0
S0942,3300.42,3247.42,166921892.94,12.0,1.1973398865429534,MAÍZ GRANO,0.6683997794220129,0.003187473109483035,0.0
S0943,3300.42,3247.42,166921892.94,12.0,1.1973398865429534,MAÍZ GRANO,0.6683997794220129,0.003187473109483035,0.0
S0944,19880.7,19875.7,570383061.52,36.0,1.856867751408281,MAÍZ GRANO,0.5614490435447443,0.37809030869134386,0.0
S0945,19880.7,19875.7,570383061.52,36.0,1.856867751408281,MAÍZ GRANO,0.5614490435447443,0.37809030869134386,0.0
S0946,2837.5,2786.5,155793434.22,18.0,1.588782767034817,ALFALFA VERDE,0.42784140969163,0.9670484581497797,0.0
S0947,2837.5,2786.5,155793434.22,18.0,1.588782767034817,ALFALFA VERDE,0.42784140969163,0.9670484581497797,0.0
S0948,2171.75,2168.75,181776763.47,8.0,0.9276696028410398,ELOTE,0.7459422125014389,0.9743294578105215,0.0009209163117301715
S0949,1913.0,1908.0,69311944.42,10.0,1.1088961821529022,MAÍZ GRANO,0.6602195504443282,0.7177208572922111,0.0
S0950,135.75,89.75,9106816.28,6.0,1.4900491902095523,MAGUEY PULQUERO (MILES DE LTS.),0.3756906077348066,0.13259668508287292,0.0
S0951,135.75,89.75,9106816.28,6.0,1.4900491902095523,MAGUEY PULQUERO (MILES DE LTS.),0.3756906077348066,0.13259668508287292,0.0
S0952,135.75,89.75,9106816.28,6.0,1.4900491902095523,MAGUEY PULQUERO (MILES DE LTS.),0.3756906077348066,0.13259668508287292,0.0
S0953,135.75,89.75,9106816.28,6.0,1.4900491902095523,MAGUEY PULQUERO (MILES DE LTS.),0.3756906077348066,0.13259668508287292,0.0
S0954,5402.8,5394.8,171832373.72,11.0,1.3386527871024518,MAÍZ GRANO,0.43718072110757383,0.4027541274894499,0.0
S0955,5402.8,5394.8,171832373.72,11.0,1.3386527871024518,MAÍZ GRANO,0.43718072110757383,0.4027541274894499,0.0
S0956,6702.5,6702.5,185067700.23,16.0,1.0961937263121695,MAÍZ GRANO,0.7361432301380082,0.11383812010443864,0.0
S0957,1331.1,1327.1,71208145.42999999,28.0,2.4025915568417235,MAÍZ GRANO,0.404928254826835,0.617609495905642,0.00225377507324769
S0958,9972.5,9880.5,754716479.09,32.0,1.7620588340455567,TUNA,0.44642767610930056,0.18395587866633242,0.0
S0959,4642.0,4636.0,162044842.01999998,16.0,1.2805112877306644,MAÍZ GRANO,0.6245152951314089,0.22684187850064627,0.0
S0960,6702.5,6702.5,185067700.23,16.0,1.0961937263121695,MAÍZ GRANO,0.7361432301380082,0.11383812010443864,0.0
S0961,15351.5,15302.5,413106254.77000004,16.0,1.0454208336527095,MAÍZ GRANO,0.7523043350812624,0.09328078689378888,0.0
S0962,15351.5,15302.5,413106254.77000004,16.0,1.0454208336527095,MAÍZ GRANO,0.7523043350812624,0.09328078689378888,0.0
S0963,3777.1,3731.1,81483763.04,14.0,1.7045176677384466,MAÍZ GRANO,0.42625294538137726,0.00015885202933467476,0.007942601466733737
S0964,3777.1,3731.1,81483763.04,14.0,1.7045176677384466,MAÍZ GRANO,0.42625294538137726,0.00015885202933467476,0.007942601466733737
S0965,3777.1,3731.1,81483763.04,14.0,1.7045176677384466,MAÍZ GRANO,0.42625294538137726,0.00015885202933467476,0.007942601466733737
S0966,3615.3999999999996,3433.3999999999996,225106533.55,13.0,1.4843157340320654,MAÍZ GRANO,0.48127454776788187,0.0,0.0
S0967,3615.3999999999996,3433.3999999999996,225106533.55,13.0,1.4843157340320654,MAÍZ GRANO,0.48127454776788187,0.0,0.0
S0968,3615.3999999999996,3433.3999999999996,225106533.55,13.0,1.4843157340320654,MAÍZ GRANO,0.48127454776788187,0.0,0.0
S0969,3263.2,3258.2,40930428.76,12.0,0.6375998509550694,MAÍZ GRANO,0.8580534444716843,0.0,0.0
S0970,3263.2,3258.2,40930428.76,12.0,0.6375998509550694,MAÍZ GRANO,0.8580534444716843,0.0,0.0
S0971,10613.0,10610.0,264310091.69,15.0,0.8967266692989188,MAÍZ GRANO,0.7519080373127297,0.04635823989446905,0.0
S0972,5311.0,5306.0,139076816.15,13.0,1.0797107885792319,MAÍZ GRANO,0.7399736396158916,0.14385238184899266,0.0
S0973,6702.5,6702.5,185067700.23,16.0,1.0961937263121695,MAÍZ GRANO,0.7361432301380082,0.11383812010443864,0.0
S0974,13417.199999999999,13400.199999999999,361617361.34999996,20.0,1.3166116994671642,MAÍZ GRANO,0.6265837879736458,0.2962764213099604,0.0
S0975,15351.5,15302.5,413106254.77000004,16.0,1.0454208336527095,MAÍZ GRANO,0.7523043350812624,0.09328078689378888,0.0
S0976,13760.0,13700.0,347227738.13,17.0,0.9129381269100402,MAÍZ GRANO,0.7683139534883721,0.16947674418604652,0.0
S0977,17321.75,17306.75,440391871.71999997,18.0,0.7652622512806925,MAÍZ GRANO,0.792414161386696,0.0359519101707391,0.0
S0978,5242.75,5241.5,128021037.55,12.0,0.596111515431812,MAÍZ GRANO,0.842496781269372,0.019884602546373562,0.0
S0979,916.75,779.75,25361729.78,7.0,0.7141383962308963,MAÍZ GRANO,0.7417507499318243,0.0019089173711480775,0.0
S0980,3263.2,3258.2,40930428.76,12.0,0.6375998509550694,MAÍZ GRANO,0.8580534444716843,0.0,0.0
S0981,3263.2,3258.2,40930428.76,12.0,0.6375998509550694,MAÍZ GRANO,0.8580534444716843,0.0,0.0
S0982,3263.2,3258.2,40930428.76,12.0,0.6375998509550694,MAÍZ GRANO,0.8580534444716843,0.0,0.0
S0983,5537.5,5509.5,237848430.28,38.0,2.1068005823409233,MAÍZ GRANO,0.516117381489842,0.5978329571106095,0.0
S0984,5537.5,5509.5,237848430.28,38.0,2.1068005823409233,MAÍZ GRANO,0.516117381489842,0.5978329571106095,0.0
S0985,1331.1,1327.1,71208145.42999999,28.0,2.4025915568417235,MAÍZ GRANO,0.404928254826835,0.617609495905642,0.00225377507324769
S0986,13896.79,13877.79,553214742.4200001,36.0,1.9103630696127183,MAÍZ GRANO,0.45334210274459064,0.6663949012685663,0.000719590639277128
S0987,6442.0,6437.0,284979316.84,23.0,1.469419695092666,MAÍZ GRANO,0.6213908723998758,0.6372244644520335,0.0
S0988,2837.5,2786.5,155793434.22,18.0,1.588782767034817,ALFALFA VERDE,0.42784140969163,0.9670484581497797,0.0
S0989,2837.5,2786.5,155793434.22,18.0,1.588782767034817,ALFALFA VERDE,0.42784140969163,0.9670484581497797,0.0
S0990,377.0,377.0,20587193.71,8.0,1.0810295776412677,ALFALFA VERDE,0.7002652519893899,0.9787798408488063,0.0
S0991,916.75,779.75,25361729.78,7.0,0.7141383962308963,MAÍZ GRANO,0.7417507499318243,0.0019089173711480775,0.0
S0992,916.75,779.75,25361729.78,7.0,0.7141383962308963,MAÍZ GRANO,0.7417507499318243,0.0019089173711480775,0.0
S0993,5053.0,5053.0,122793416.86,9.0,0.594900437473585,MAÍZ GRANO,0.8701761329903028,0.0,0.0
S0994,5053.0,5053.0,122793416.86,9.0,0.594900437473585,MAÍZ GRANO,0.8701761329903028,0.0,0.0
S0995,5053.0,5053.0,122793416.86,9.0,0.594900437473585,MAÍZ GRANO,0.8701761329903028,0.0,0.0
S0996,3689.0,3594.0,133300728.87999998,12.0,1.2485627758879727,MAÍZ GRANO,0.6695581458389808,0.0,0.0
S0997,9972.5,9880.5,754716479.09,32.0,1.7620588340455567,TUNA,0.44642767610930056,0.18395587866633242,0.0
S0998,8829.0,8807.0,502435230.87,34.0,2.5404007428075905,MAÍZ GRANO,0.34284743459055383,0.5892513308415449,0.0
S0999,19880.7,19875.7,570383061.52,36.0,1.856867751408281,MAÍZ GRANO,0.5614490435447443,0.37809030869134386,0.0
S1000,5242.75,5241.5,128021037.55,12.0,0.596111515431812,MAÍZ GRANO,0.842496781269372,0.019884602546373562,0.0
S1001,5242.75,5241.5,128021037.55,12.0,0.596111515431812,MAÍZ GRANO,0.842496781269372,0.019884602546373562,0.0
S1002,5053.0,5053.0,122793416.86,9.0,0.594900437473585,MAÍZ GRANO,0.8701761329903028,0.0,0.0
S1003,1148.3,1147.3,30745452.6,21.0,1.1867968627924579,MAÍZ GRANO,0.7724462248541323,0.23495602194548465,0.0
S1004,1148.3,1147.3,30745452.6,21.0,1.1867968627924579,MAÍZ GRANO,0.7724462248541323,0.23495602194548465,0.0
S1005,7583.8,7563.3,83814698.17,10.0,0.39095344235181095,MAÍZ GRANO,0.91642712096838,0.038067987024974284,0.0
S1006,7583.8,7563.3,83814698.17,10.0,0.39095344235181095,MAÍZ GRANO,0.91642712096838,0.038067987024974284,0.0
S1007,3263.2,3258.2,40930428.76,12.0,0.6375998509550694,MAÍZ GRANO,0.8580534444716843,0.0,0.0
S1008,3263.2,3258.2,40930428.76,12.0,0.6375998509550694,MAÍZ GRANO,0.8580534444716843,0.0,0.0
S1009,3070.5,3066.5,248972889.59999996,38.0,3.1922774548047848,MAÍZ GRANO,0.12310698583292623,0.8768930141670738,0.0
S1010,1478.0000000000002,1468.3000000000002,42277418.36,25.0,1.290476530131224,MAÍZ GRANO,0.7313937753721244,0.2560216508795669,0.0
S1011,1478.0000000000002,1468.3000000000002,42277418.36,25.0,1.290476530131224,MAÍZ GRANO,0.7313937753721244,0.2560216508795669,0.0
S1012,1478.0000000000002,1468.3000000000002,42277418.36,25.0,1.290476530131224,MAÍZ GRANO,0.7313937753721244,0.2560216508795669,0.0
S1013,544.0,544.0,11960302.200000001,7.0,1.0964260026671506,MAÍZ GRANO,0.6764705882352942,0.3161764705882353,0.0
S1014,12003.470000000001,11872.470000000001,1026793813.6999999,59.0,2.6022463119922556,MAÍZ GRANO,0.3893874021428803,0.49852834222104103,0.0
S1015,2884.3,2743.0,180068721.44,13.0,1.6234859086163629,CAÑA DE AZÚCAR,0.42748673855008146,0.6259057656970495,0.0
S1016,14205.6,13594.3,875976992.8599999,21.0,1.4721918868544799,CAÑA DE AZÚCAR,0.43609562426085485,0.6033747254603817,0.0
S1017,14205.6,13594.3,875976992.8599999,21.0,1.4721918868544799,CAÑA DE AZÚCAR,0.43609562426085485,0.6033747254603817,0.0
S1018,4717.2,4716.0,50366541.989999995,8.0,0.4244430241522831,MAÍZ GRANO,0.9013821758670398,0.03883659798185365,0.0
S1019,5727.5,5724.0,72233427.33,8.0,0.6424392693572786,MAÍZ GRANO,0.7298123090353558,0.04146660846791794,0.0
S1020,1023.0,1023.0,8772793.02,5.0,0.20599302881648388,MAÍZ GRANO,0.9599217986314761,0.03714565004887586,0.0
S1021,1023.0,1023.0,8772793.02,5.0,0.20599302881648388,MAÍZ GRANO,0.9599217986314761,0.03714565004887586,0.0
S1022,1023.0,1023.0,8772793.02,5.0,0.20599302881648388,MAÍZ GRANO,0.9599217986314761,0.03714565004887586,0.0
S1023,5402.8,5394.8,171832373.72,11.0,1.3386527871024518,MAÍZ GRANO,0.43718072110757383,0.4027541274894499,0.0
S1024,8053.5,8040.5,158683126.64000002,9.0,0.8226518945432848,MAÍZ GRANO,0.6084311169056932,0.0033525796237660645,0.0
S1025,8053.5,8040.5,158683126.64000002,9.0,0.8226518945432848,MAÍZ GRANO,0.6084311169056932,0.0033525796237660645,0.0
S1026,8053.5,8040.5,158683126.64000002,9.0,0.8226518945432848,MAÍZ GRANO,0.6084311169056932,0.0033525796237660645,0.0
S1027,916.75,779.75,25361729.78,7.0,0.7141383962308963,MAÍZ GRANO,0.7417507499318243,0.0019089173711480775,0.0
S1028,1478.0000000000002,1468.3000000000002,42277418.36,25.0,1.290476530131224,MAÍZ GRANO,0.7313937753721244,0.2560216508795669,0.0
S1029,2256.5,2256.5,57915498.0,25.0,1.0714600742468408,MAÍZ GRANO,0.8056725016618658,0.1923332594726346,0.0
S1030,19880.7,19875.7,570383061.52,36.0,1.856867751408281,MAÍZ GRANO,0.5614490435447443,0.37809030869134386,0.0
S1031,5242.75,5241.5,128021037.55,12.0,0.596111515431812,MAÍZ GRANO,0.842496781269372,0.019884602546373562,0.0
S1032,1331.1,1327.1,71208145.42999999,28.0,2.4025915568417235,MAÍZ GRANO,0.404928254826835,0.617609495905642,0.00225377507324769
S1033,4252.2,3791.0,146834324.26000002,16.0,1.1247007071723287,MAÍZ GRANO,0.6636564601853159,0.20036686891491465,0.0
S1034,11023.7,10406.5,167583696.46000004,20.0,1.2207764375865255,MAÍZ GRANO,0.6036993024120758,0.0716184221268721,0.0
S1035,4357.0,4046.0,224239476.77,17.0,1.8628188488618278,MAÍZ GRANO,0.4021115446408079,0.2740417718613725,0.0
S1036,5727.5,5724.0,72233427.33,8.0,0.6424392693572786,MAÍZ GRANO,0.7298123090353558,0.04146660846791794,0.0
S1037,14205.6,13594.3,875976992.8599999,21.0,1.4721918868544799,CAÑA DE AZÚCAR,0.43609562426085485,0.6033747254603817,0.0
S1038,4462.55,4300.55,96897675.23,18.0,1.3738350476737078,MAÍZ GRANO,0.523915698423547,0.14577987921703958,0.0
S1039,4462.55,4300.55,96897675.23,18.0,1.3738350476737078,MAÍZ GRANO,0.523915698423547,0.14577987921703958,0.0
S1040,6105.4,6030.0,190505687.86,29.0,1.4980857504494351,MAÍZ GRANO,0.6548301503586988,0.31922560356405805,0.0
S1041,1778.0,1749.5,33888907.230000004,14.0,0.5395740032889463,MAÍZ GRANO,0.9043869516310461,0.10911136107986502,0.0
S1042,21199.940000000002,21025.940000000002,379282728.39,20.0,1.418899716973783,MAÍZ GRANO,0.48745420977606535,0.04280672492469318,0.0
S1043,4112.9,4062.4,150709220.33,17.0,1.2422406867848979,MAÍZ GRANO,0.7279535121204017,0.16493228622140096,0.0
S1044,57.6,57.6,513365.97,2.0,0.27843002578622605,MAÍZ GRANO,0.9201388888888888,0.0,0.0
S1045,5402.8,5394.8,171832373.72,11.0,1.3386527871024518,MAÍZ GRANO,0.43718072110757383,0.4027541274894499,0.0
S1046,3697.62,3289.62,79485761.16,14.0,1.578801305699515,MAÍZ GRANO,0.36834504356856573,0.13863512205148176,0.0
S1047,3363.2,2847.2,37213065.86,11.0,1.1877692907642095,MAÍZ GRANO,0.559437440532826,0.053877259752616556,0.0
S1048,6442.0,6437.0,284979316.84,23.0,1.469419695092666,MAÍZ GRANO,0.6213908723998758,0.6372244644520335,0.0
S1049,6442.0,6437.0,284979316.84,23.0,1.469419695092666,MAÍZ GRANO,0.6213908723998758,0.6372244644520335,0.0
S1050,13896.79,13877.79,553214742.4200001,36.0,1.9103630696127183,MAÍZ GRANO,0.45334210274459064,0.6663949012685663,0.000719590639277128
S1051,8829.0,8807.0,502435230.87,34.0,2.5404007428075905,MAÍZ GRANO,0.34284743459055383,0.5892513308415449,0.0
S1052,19880.7,19875.7,570383061.52,36.0,1.856867751408281,MAÍZ GRANO,0.5614490435447443,0.37809030869134386,0.0
S1053,7224.0,7221.0,273532923.59000003,8.0,0.29573640596840806,MAÍZ GRANO,0.9406146179401993,0.021733111849390918,0.0
S1054,8829.0,8807.0,502435230.87,34.0,2.5404007428075905,MAÍZ GRANO,0.34284743459055383,0.5892513308415449,0.0
S1055,15009.63,14417.23,351055874.92,30.0,1.6117126201233283,MAÍZ GRANO,0.5984158170454569,0.025225805033168708,0.0
S1056,1478.0000000000002,1468.3000000000002,42277418.36,25.0,1.290476530131224,MAÍZ GRANO,0.7313937753721244,0.2560216508795669,0.0
S1057,12003.470000000001,11872.470000000001,1026793813.6999999,59.0,2.6022463119922556,MAÍZ GRANO,0.3893874021428803,0.49852834222104103,0.0
S1058,1148.3,1147.3,30745452.6,21.0,1.1867968627924579,MAÍZ GRANO,0.7724462248541323,0.23495602194548465,0.0
S1059,345.5,340.0,5599228.22,7.0,0.5734910924512169,MAÍZ GRANO,0.8654124457308249,0.12735166425470332,0.0
S1060,345.5,340.0,5599228.22,7.0,0.5734910924512169,MAÍZ GRANO,0.8654124457308249,0.12735166425470332,0.0
S1061,1885.1,1884.5,17990095.92,5.0,0.4319201896099875,MAÍZ GRANO,0.8614927590048274,0.006949233462415787,0.0
S1062,2111.3,2111.0,15891105.15,3.0,0.12608113905491947,MAÍZ GRANO,0.9752285321839624,0.019087765831478233,0.0
S1063,2211.55,2211.25,24443119.38,4.0,0.1527405931474747,MAÍZ GRANO,0.971716669304334,0.025118129818453117,0.0
S1064,1646.6,1646.3,14272091.520000001,4.0,0.1122746082220655,MAÍZ GRANO,0.9808089396331836,0.01797643629296733,0.0
S1065,2837.5,2786.5,155793434.22,18.0,1.588782767034817,ALFALFA VERDE,0.42784140969163,0.9670484581497797,0.0
S1066,2837.5,2786.5,155793434.22,18.0,1.588782767034817,ALFALFA VERDE,0.42784140969163,0.9670484581497797,0.0
S1067,2474.6800000000003,2471.6800000000003,171353129.23000002,11.0,0.5711001254288467,ELOTE,0.8902161087494139,0.9963631661467341,0.0
S1068,5402.8,5394.8,171832373.72,11.0,1.3386527871024518,MAÍZ GRANO,0.43718072110757383,0.4027541274894499,0.0
S1069,5402.8,5394.8,171832373.72,11.0,1.3386527871024518,MAÍZ GRANO,0.43718072110757383,0.4027541274894499,0.0
S1070,5402.8,5394.8,171832373.72,11.0,1.3386527871024518,MAÍZ GRANO,0.43718072110757383,0.4027541274894499,0.0
S1071,5402.8,5394.8,171832373.72,11.0,1.3386527871024518,MAÍZ GRANO,0.43718072110757383,0.4027541274894499,0.0
S1072,5402.8,5394.8,171832373.72,11.0,1.3386527871024518,MAÍZ GRANO,0.43718072110757383,0.4027541274894499,0.0
S1073,21199.940000000002,21025.940000000002,379282728.39,20.0,1.418899716973783,MAÍZ GRANO,0.48745420977606535,0.04280672492469318,0.0
S1074,21199.940000000002,21025.940000000002,379282728.39,20.0,1.418899716973783,MAÍZ GRANO,0.48745420977606535,0.04280672492469318,0.0
