site_id,pop_5km,n_localities_5km,rural_pop_share_5km,pop_10km,n_localities_10km,rural_pop_share_10km,schooling_mean_10km,pct_dwellings_electricity_10km,pop_20km,n_localities_20km,rural_pop_share_20km,dist_nearest_locality_m,pop_nearest_locality,cve_mun,mun_assignment_method
S0000,150485.0,80,0.0820148187526996,1127258.0,265,0.028244643196144982,9.765672650713153,99.48570149981465,2742930.0,663,0.035742800581859545,308.4947007035328,4078,09009,nearest_locality_proxy
S0001,238712.0,33,0.03000687020342505,1366964.0,149,0.02210958006209381,9.794666211607092,99.52899932243933,3251641.0,648,0.033222609753044696,273.16756885140956,1,15025,nearest_locality_proxy
S0002,98475.0,49,0.08472201066260472,1156780.0,199,0.024218088141219594,9.795747058264093,99.49302337689385,2708618.0,664,0.038696855739716714,513.2023855686222,90,09011,nearest_locality_proxy
S0003,634477.0,31,0.007393491017010861,1679833.0,166,0.02175811524121743,9.980148947088926,99.53998318360844,3658697.0,669,0.02997733892694585,268.6253105257592,14,15025,nearest_locality_proxy
S0004,364968.0,38,0.009715920299861906,1001257.0,243,0.029166337913243055,9.767344694903773,99.47432116990704,7521831.0,647,0.013288652722987262,296.90949952287775,77,09011,nearest_locality_proxy
S0005,60543.0,33,0.4154072312240887,167301.0,79,0.29381175247009883,9.701678532360166,99.27949104473798,637438.0,324,0.21931074080930224,516.187265445432,1661,15043,nearest_locality_proxy
S0006,69.0,15,1.0,48953.0,114,0.15551651584172574,9.49672561100842,98.09839094618523,1874308.0,431,0.04860353794573784,1627.9042856293422,11,09008,nearest_locality_proxy
S0007,303602.0,37,0.03133049189399279,753968.0,102,0.05115469091526431,11.131840387530989,99.72903958008229,5603604.0,362,0.023153135018106206,815.0115083637302,186693,09004,nearest_locality_proxy
S0008,404685.0,28,0.02722611413815684,542985.0,111,0.08835787360608488,11.11226757945958,99.72935247744059,7130799.0,280,0.015724184625032903,1486.6859982556246,1312,15037,nearest_locality_proxy
S0009,204885.0,35,0.06004831978915001,1295138.0,110,0.038131843865286945,10.96946284223848,99.72529613990007,6503161.0,262,0.017791501702018448,741.4691340196204,10,15037,nearest_locality_proxy
S0010,134948.0,1,0.0,2900710.0,62,0.005552778457687945,12.293075886182274,99.51448293728109,10488038.0,255,0.007818430863808845,4000.3238263239227,134948,15037,nearest_locality_proxy
S0011,370895.0,19,0.007942948813006376,1506704.0,94,0.019918975459015175,11.220098583472382,99.69891651860873,8196974.0,321,0.011737990141239926,2310.4194083119137,30396,15037,nearest_locality_proxy
S0012,282057.0,38,0.039438836830853335,745234.0,98,0.04512542369242412,11.157655237847287,99.72914875322442,4638059.0,380,0.030276673927606353,505.673563905871,486,09004,nearest_locality_proxy
S0013,5919.0,16,1.0,300928.0,86,0.10947801467460655,10.955049408198471,99.68582789259241,1354643.0,427,0.12621185064994983,492.686797890599,1,15062,nearest_locality_proxy
S0014,133543.0,42,0.2171435417805501,367323.0,93,0.13315801079703693,10.412589105838025,99.34351780033498,1830838.0,433,0.12127888977615715,630.4373664389922,28,15062,nearest_locality_proxy
S0015,179312.0,27,0.10910033907379317,522786.0,98,0.10174143913570753,10.929488311504478,99.42562218039497,1996317.0,447,0.11662426358138513,945.9105392674361,1310,15062,nearest_locality_proxy
S0016,271271.0,15,0.02540632798935382,754646.0,106,0.07163093688961447,11.197029334555992,99.48348724370011,1995171.0,454,0.120460351518742,2183.132217945869,1790,15051,nearest_locality_proxy
S0017,178884.0,13,0.038527761007133114,751792.0,104,0.07185631132015238,11.176268015456547,99.47472961783278,1994699.0,453,0.12025222853172333,2067.052536083383,1790,15051,nearest_locality_proxy
S0018,584108.0,15,0.0018010367945653885,1165073.0,95,0.027687535459151487,11.202896736942664,99.47865828038036,2122383.0,432,0.10276090601931885,1156.4904785400674,33089,15106,nearest_locality_proxy
S0019,513619.0,13,0.0011214538402979641,1083941.0,96,0.03146112196143517,11.274246476514866,99.49827251579512,2099093.0,428,0.10361999206323874,1028.6353972712757,33089,15106,nearest_locality_proxy
S0020,165344.0,2,0.0,2928020.0,66,0.005934044166364984,12.2709685370441,99.51660129570566,10489801.0,280,0.007985184847643916,4094.3847304614565,134948,15037,nearest_locality_proxy
S0021,366230.0,14,0.00386915326434208,1913069.0,90,0.014570828339176474,11.637729124880359,99.36891597736178,8167316.0,325,0.011478189407634037,2901.153079446639,30396,15037,nearest_locality_proxy
S0022,237154.0,33,0.031000952967270214,744272.0,97,0.043891211815035365,11.160484629741854,99.73075212457138,4685606.0,390,0.03077424777072592,608.3583511655677,486,09004,nearest_locality_proxy
S0023,5919.0,16,1.0,312048.0,92,0.11136748192585756,10.90746639998205,99.66326360629209,1362460.0,426,0.12757365353845251,581.1427432248042,1106,15062,nearest_locality_proxy
S0024,140493.0,20,0.049618130440662524,1101535.0,91,0.032398425833042074,10.868420160545005,99.62521283605264,4008774.0,274,0.02460527832200069,1533.6934781167665,5,15095,nearest_locality_proxy
S0025,94959.0,17,0.0721153339862467,241617.0,50,0.07917489249514728,9.77367962716158,99.58136065399077,1501671.0,222,0.05515256004810641,550.3113688241293,2983,15035,nearest_locality_proxy
S0026,0.0,0,,4872.0,3,0.4665435139573071,7.867740147783252,98.3704974271012,258452.0,96,0.1449785646851253,5944.8930686380645,211,15112,nearest_locality_proxy
S0027,9358.0,9,0.5285317375507587,35895.0,23,0.3651204903189859,10.114301156149882,98.88172476324803,91976.0,72,0.4676437331477777,1003.660778121346,327,15079,nearest_locality_proxy
S0028,16364.0,9,0.38169151796626744,58493.0,37,0.3772759133571538,9.545677602448155,98.34544510770827,112630.0,88,0.4854745627275149,2479.2217601228676,258,15079,nearest_locality_proxy
S0029,7461.0,3,0.23522316043425814,63035.0,37,0.30519552629491553,9.45025398588086,98.01144923169629,116383.0,99,0.577876493989672,2483.9420668896432,5706,15079,nearest_locality_proxy
S0030,8903.0,10,0.6214759069976412,25554.0,27,0.7599984346873287,7.990191750802223,95.83147238350455,124023.0,122,0.60387992549769,1843.0026023520822,831,15045,nearest_locality_proxy
S0031,7953.0,12,1.0,27708.0,44,1.0,7.903932000288747,96.51829601310759,99360.0,138,0.8392210144927537,1523.6908924893698,1298,15045,nearest_locality_proxy
S0032,6497.0,14,1.0,24990.0,44,1.0,7.920431910975902,97.1114788626448,88842.0,132,0.8629477049143424,1216.4702528551354,761,15003,nearest_locality_proxy
S0033,7813.0,13,0.589018302828619,17880.0,36,0.820413870246085,8.462758196262728,98.26794657762939,63789.0,97,0.9052657981783693,1241.531934025245,85,15071,nearest_locality_proxy
S0034,1001.0,2,1.0,6772.0,12,1.0,7.782095392793858,98.59708193041526,25829.0,42,0.7660381741453405,2983.879983252375,303,15071,nearest_locality_proxy
S0035,303.0,1,1.0,6832.0,12,1.0,7.810223946135832,98.60956618464961,25140.0,41,0.7596260938743039,3169.3724142151864,303,15071,nearest_locality_proxy
S0036,0.0,0,,2360.0,4,1.0,7.241970338983052,97.77424483306837,19534.0,30,0.6906419576123681,7511.219066405121,303,15071,nearest_locality_proxy
S0037,0.0,0,,0.0,0,,,,7055.0,13,1.0,13712.407733541937,303,15071,nearest_locality_proxy
S0038,0.0,0,,0.0,0,,,,0.0,0,,21043.015114798338,1282,15003,nearest_locality_proxy
S0039,0.0,0,,0.0,0,,,,0.0,0,,24766.13858381347,1282,15003,nearest_locality_proxy
S0040,0.0,0,,0.0,0,,,,0.0,0,,30646.928027976282,1282,15003,nearest_locality_proxy
S0041,0.0,0,,0.0,0,,,,0.0,0,,36029.576687975445,1282,15003,nearest_locality_proxy
S0042,0.0,0,,0.0,0,,,,0.0,0,,43069.45881798151,1282,15003,nearest_locality_proxy
S0043,0.0,0,,0.0,0,,,,0.0,0,,53697.94358817638,1282,15003,nearest_locality_proxy
S0044,1682911.0,8,0.0002620459430118408,2339243.0,59,0.004955876751581601,10.347363489344492,99.7082908277267,5285167.0,324,0.017690074883158848,3277.052517405613,175,15002,nearest_locality_proxy
S0045,39367.0,9,0.013209032946376407,2351306.0,66,0.005517784584396926,10.347979110066193,99.70793586547572,5330740.0,342,0.018986857359391002,2658.3482971176722,175,15002,nearest_locality_proxy
S0046,477308.0,28,0.009253982753274615,667393.0,96,0.030249043666924887,10.768737120662681,99.74464491909517,3818311.0,352,0.02835180266877161,630.6070486178103,29,15081,nearest_locality_proxy
S0047,86346.0,29,0.082273643249253,666726.0,94,0.03586330816557327,10.70062084978918,99.73386627539276,3680108.0,341,0.027632884687079837,944.8822245319077,3036,15120,nearest_locality_proxy
S0048,67149.0,25,0.09133419708409656,665894.0,93,0.035358480478875014,10.737573987690997,99.74134770402142,3681436.0,327,0.026159629014330277,1077.4979254838565,3036,15120,nearest_locality_proxy
S0049,84074.0,27,0.09615338868139972,284060.0,89,0.07394916566922481,9.830404381474153,99.58515871656184,1695250.0,313,0.05444683674974193,1192.126512033057,21565,15081,nearest_locality_proxy
S0050,28460.0,10,0.07182009838369642,184766.0,58,0.09047119058701276,9.652978911130118,99.58934181143788,1010835.0,222,0.07090474706554482,3046.5471461431357,9057,15120,nearest_locality_proxy
S0051,1839.0,2,1.0,43239.0,17,0.13950368879946345,9.17212238950947,99.69327766891028,366411.0,149,0.14543504425358408,2023.6956432292618,1150,15036,nearest_locality_proxy
S0052,1196.0,1,1.0,16665.0,8,0.22748274827482748,8.819261326132613,99.58362248438584,216328.0,83,0.12245294182907437,3442.2193611053526,1196,15084,nearest_locality_proxy
S0053,0.0,0,,0.0,0,,,,5776.0,3,0.33708448753462605,18772.02143609503,751,15016,nearest_locality_proxy
S0054,0.0,0,,0.0,0,,,,0.0,0,,24678.131287508426,751,15016,nearest_locality_proxy
S0055,1662593.0,4,0.00016359987080421967,2799999.0,57,0.0036660727378831207,10.48447819243713,99.72322257591745,5808812.0,316,0.015610937313860391,3936.9311885121433,1643623,15033,nearest_locality_proxy
S0056,478189.0,17,0.005970442649245382,783599.0,90,0.01992345574713597,10.629881553120509,99.71464123500108,4250910.0,360,0.025828822534469092,265.6374866399782,1592,15081,nearest_locality_proxy
S0057,478226.0,30,0.011413013930652034,630212.0,93,0.034340824992224836,10.788079933225005,99.731946951437,3807581.0,354,0.02913503350289856,667.6058170201217,18226,15081,nearest_locality_proxy
S0058,102624.0,31,0.06944769254755223,609471.0,88,0.049451081347594884,10.8133997610898,99.76223814622628,3152176.0,330,0.0324585302343524,320.1941195481467,518,15081,nearest_locality_proxy
S0059,15622.0,11,0.2560491614389963,165574.0,55,0.09709857827919842,9.711834528246044,99.55271565495208,1086696.0,238,0.07191339620280189,2538.964117168695,289,15084,nearest_locality_proxy
S0060,1839.0,2,1.0,49408.0,22,0.16199805699481865,9.106454825129534,99.67683751690967,440225.0,157,0.12610596853881537,2005.4159096378967,1150,15036,nearest_locality_proxy
S0061,50069.0,70,0.17939243843495975,1162891.0,287,0.02516830898166724,11.207583376200644,99.56703029557029,6370265.0,602,0.009115162399052473,878.9366663989312,48,09013,nearest_locality_proxy
S0062,52136.0,107,0.21192649992327758,1184344.0,288,0.025169207595090615,11.183318107529422,99.5740661695925,4801461.0,598,0.012476827365670575,388.4402005965757,44,09012,nearest_locality_proxy
S0063,3862.0,14,0.17219057483169342,92399.0,143,0.11724152858797172,9.446606214523708,98.80114017437961,1330079.0,645,0.0591664104162234,188.10788165210005,3197,09012,nearest_locality_proxy
S0064,23962.0,62,0.4628995910191136,31400.0,90,0.474171974522293,9.656700544811546,98.51607584501237,734801.0,364,0.10979435248455024,445.56378269417917,121,17009,nearest_locality_proxy
S0065,15517.0,36,0.5151769027518206,64616.0,122,0.46945029094961,10.14363695470448,98.94789301733208,732349.0,369,0.11654416132199266,894.5674747977242,2452,17009,nearest_locality_proxy
S0066,24778.0,67,0.39991121155864073,403426.0,133,0.08345272738990546,11.270885698774661,99.49406035078482,935790.0,310,0.10825398860855534,241.21428126172873,43,17007,nearest_locality_proxy
S0067,356494.0,36,0.016670687304695172,416351.0,144,0.09293360650028462,11.201197770918656,99.47806596221582,953279.0,366,0.11515096839435254,2244.960002577539,517,17007,nearest_locality_proxy
S0068,602827.0,22,0.004797396267917661,1996438.0,215,0.011881160346577255,11.582883834846738,99.65204710267295,7734843.0,598,0.007728275803400276,2472.4072688489496,599935,09012,nearest_locality_proxy
S0069,48868.0,55,0.15922485061799133,1164218.0,286,0.02627944250990794,11.205251681427487,99.56777428349211,6828087.0,612,0.008534454818750845,1048.3657634061176,102,09013,nearest_locality_proxy
S0070,13784.0,32,0.4542222867092281,27461.0,84,0.5313353483121518,9.684486992640092,98.39464882943143,565573.0,389,0.14502106713014942,546.21971569296,108,17009,nearest_locality_proxy
S0071,811.0,8,1.0,65290.0,100,0.5262674222698729,9.97444950052093,99.00897428838849,872175.0,421,0.10973027202109668,698.9162432683222,3,17020,nearest_locality_proxy
S0072,25650.0,61,0.7529044834307992,418879.0,146,0.08515346914025292,11.192660939697305,99.47034320167579,987178.0,355,0.10054721640879355,539.6622158671961,132,17007,nearest_locality_proxy
S0073,17007.0,41,0.4401128946904216,415191.0,143,0.09039935836759468,11.21095265623683,99.4768724676054,951046.0,368,0.11301135802053738,1509.9856985468898,209,17007,nearest_locality_proxy
S0074,27001.0,117,0.4753157290470723,971660.0,388,0.04095259658728362,10.581527553299908,99.56127150232676,7352660.0,655,0.010684296567500742,405.8154996003633,14,09013,nearest_locality_proxy
S0075,97491.0,183,0.17923705777969248,226795.0,345,0.16800194007804406,9.89565280131328,99.25099436954387,2472314.0,631,0.03227704895090187,125.55161541342595,31,09009,nearest_locality_proxy
S0076,3164.0,12,1.0,52899.0,77,0.260439705854553,8.783756269280996,98.86748899949505,521351.0,589,0.2456003728773897,448.0183108763556,11,17023,nearest_locality_proxy
S0077,12726.0,24,0.44554455445544555,58178.0,124,0.6179311767334731,8.988047047081498,98.64839378889796,345193.0,458,0.30217009035525055,599.088264580312,648,17023,nearest_locality_proxy
S0078,31679.0,62,0.4325262792386123,123176.0,196,0.46139670065597194,9.174287489744694,98.61676159479251,554283.0,510,0.24163108015219661,98.79320731456761,58,17026,nearest_locality_proxy
S0079,42208.0,59,0.3329463608794541,120271.0,202,0.48483009204213817,9.189344810657436,98.51814456257053,563658.0,529,0.25424459512683223,320.6640685718416,419,17029,nearest_locality_proxy
S0080,442817.0,20,0.02306822005478561,1578164.0,111,0.02041929736073057,9.725337888915854,99.5200621180147,4292112.0,498,0.02293509582228982,1406.2093899348956,368585,15039,nearest_locality_proxy
S0081,533277.0,30,0.026215268987786835,1412565.0,113,0.023540155674252158,9.690484672657288,99.52903320169665,4256938.0,417,0.021252130052164257,711.019627337413,766,15039,nearest_locality_proxy
S0082,6894.0,6,0.06643458079489412,23281.0,28,0.30454018298183066,8.134497117783704,98.94914618127228,224897.0,152,0.12769401103616324,230.93861273155403,71,15039,nearest_locality_proxy
S0083,128604.0,37,0.04090074958788218,225491.0,109,0.056751710711292244,9.386444981808502,99.463096987176,391341.0,250,0.11751132643909021,956.8610454328392,11,21132,nearest_locality_proxy
S0084,137997.0,39,0.023688920773640005,253409.0,115,0.07351356897347766,9.636326505638866,99.50827000447028,460456.0,290,0.09748814218948174,459.2898609619925,25,21132,nearest_locality_proxy
S0085,61847.0,44,0.18848125212217245,199247.0,127,0.11843591120568941,9.35626424776806,99.26072997634336,912396.0,339,0.07018662948982679,746.4623293003565,29613,21074,nearest_locality_proxy
S0086,65873.0,34,0.09651905940218299,199924.0,129,0.1405834217002461,9.42163952720285,99.09338545673826,922529.0,337,0.0772452681704315,227.77606962802184,17,21090,nearest_locality_proxy
S0087,214643.0,31,0.041636577945705196,473229.0,106,0.05402247115033102,11.114526871516762,98.97435897435898,2344746.0,374,0.044270893307846566,1520.7253773190341,48,21140,nearest_locality_proxy
S0088,225234.0,12,0.008306916362538516,2823255.0,64,0.004851138136654323,9.839383904599456,99.61835845223003,10110644.0,502,0.009691964230962934,1415.8742054131137,84298,15070,nearest_locality_proxy
S0089,225359.0,13,0.008856979308569882,2823332.0,65,0.004878278572976894,9.839303338778826,99.6182373617135,10115688.0,510,0.0097618669140448,1332.8460145464767,27295,15070,nearest_locality_proxy
S0090,228938.0,17,0.02568817758519774,2823332.0,65,0.004878278572976894,9.839303338778826,99.6182373617135,8435322.0,537,0.011663336621885923,519.0553531476583,27295,15070,nearest_locality_proxy
S0091,228951.0,18,0.025743499700809344,2823340.0,66,0.004881098273675859,9.839303338778826,99.61810567725766,8435684.0,548,0.011705749053662987,461.0046269676102,27295,15070,nearest_locality_proxy
S0092,205991.0,23,0.037064726128811454,1620134.0,79,0.012079247765925534,9.82530353196795,99.55195660273871,7383634.0,575,0.013913744912058209,1399.608154412405,405,09011,nearest_locality_proxy
S0093,698276.0,25,0.013501824493466767,1404239.0,117,0.025293415152263965,9.694333839915338,99.51343477026731,4264442.0,497,0.023969607278044817,794.96616601383,11,15025,nearest_locality_proxy
S0094,724439.0,35,0.01916379432912916,1351782.0,107,0.024959645860057316,9.705791237098147,99.51587427166005,4259005.0,449,0.022828101868863738,437.4253136728769,128,15025,nearest_locality_proxy
S0095,8021.0,7,0.1976062835057973,23281.0,28,0.30454018298183066,8.134497117783704,98.94914618127228,154471.0,149,0.16898964854244486,385.64343359940324,193,15039,nearest_locality_proxy
S0096,29484.0,34,0.12288020621353955,118067.0,107,0.15651282746237305,8.659442701621108,99.28686289589596,298884.0,195,0.10919620990083109,226.94591774571794,29,21134,nearest_locality_proxy
S0097,158665.0,44,0.026937257744304038,242272.0,108,0.054397536653018094,9.508397421869514,99.47955643241036,455498.0,280,0.10366675594623906,296.1957798313002,133,21132,nearest_locality_proxy
S0098,55137.0,25,0.04053539365580282,251849.0,94,0.06883489710104071,9.770050757993987,99.48891575977429,520069.0,295,0.11006039583209151,1136.6697386551145,87,21132,nearest_locality_proxy
S0099,26801.0,14,0.06910189918286631,171540.0,83,0.09561035327037426,9.537135650551116,99.36405415476338,772746.0,294,0.07386773920537926,1350.6651732850642,245,21074,nearest_locality_proxy
S0100,63765.0,24,0.053163961420842155,258078.0,97,0.1032207317167678,10.605986217908967,99.44195484907415,2365888.0,275,0.024282637216977303,279.98586413919014,148,21136,nearest_locality_proxy
S0101,170293.0,36,0.0702671278326179,382712.0,73,0.05176999937289659,10.994506625969198,99.42220036691695,2353672.0,287,0.0333640371300674,1869.4502243769916,1826,21041,nearest_locality_proxy
S0102,44332.0,6,0.006676892538121447,1994597.0,60,0.009854120907631967,11.401417704739185,99.4931509496612,2371303.0,306,0.037383666279678304,3253.4729235621026,3855,21041,nearest_locality_proxy
S0103,1554958.0,4,0.00032219519755517513,1741609.0,53,0.010772222697517066,11.334991418696964,99.59555085852517,2371092.0,307,0.03889937632112124,4480.3111803183365,8370,21114,nearest_locality_proxy
S0104,287872.0,30,0.03094430858159182,1008756.0,103,0.04238785196816673,11.567823487543071,99.52684451839663,2068733.0,408,0.09321357565234373,528.1884516779372,476,15054,nearest_locality_proxy
S0105,178256.0,53,0.1352605241899291,643646.0,115,0.07725519928656435,11.285698220908174,99.47571465086281,1953943.0,394,0.09141566565657237,232.55662455657813,10854,15055,nearest_locality_proxy
S0106,109382.0,42,0.161543946901684,401518.0,132,0.13772732480237498,10.76328936619578,99.42671318856193,1687119.0,358,0.09737665215079672,703.2498062969838,914,15018,nearest_locality_proxy
S0107,115316.0,33,0.11239550452669188,246092.0,121,0.1951505940867643,10.239374319338117,99.34806883867577,1520740.0,350,0.11697726107026842,540.9784834422178,9540,15072,nearest_locality_proxy
S0108,60655.0,29,0.14109306734811639,221929.0,110,0.1686124841728661,9.930244362935062,99.36243527612449,1099802.0,343,0.15526249270323203,1017.9278731430023,2562,15090,nearest_locality_proxy
S0109,44817.0,21,0.15650311265814312,148753.0,96,0.2496151338124273,8.847733176470587,99.06373475347878,680200.0,325,0.24459276683328432,875.4408532393123,346,15090,nearest_locality_proxy
S0110,32681.0,26,0.25972277470089655,162581.0,99,0.29338606602247497,9.186923133699509,99.06167928810015,510890.0,335,0.35845289592671614,756.1122830775101,1297,15049,nearest_locality_proxy
S0111,94918.0,45,0.3264818053477739,175998.0,100,0.394430618529756,8.625333575775485,99.04346828764767,417802.0,321,0.41090995256126106,352.0166605487297,647,15088,nearest_locality_proxy
S0112,56842.0,25,0.32205059638999334,156766.0,95,0.4381370960539913,8.382850873276091,99.0016894486254,405129.0,318,0.4126784308208003,496.5964156119489,10336,15113,nearest_locality_proxy
S0113,37024.0,29,0.2883805099394987,74750.0,80,0.5829030100334448,8.33852989966555,98.77297515653403,283853.0,311,0.5247821936002086,794.5032692601003,19326,15040,nearest_locality_proxy
S0114,15473.0,23,0.5462418406256059,65888.0,76,0.4329468188440991,8.62297352280318,98.61483212677422,247783.0,296,0.5017172283812852,1306.9056028137143,7021,15107,nearest_locality_proxy
S0115,3149.0,9,1.0,22056.0,49,0.8015959376133478,7.257352011697561,98.79395277730593,176534.0,263,0.46162212378352047,908.5306279118656,973,12049,nearest_locality_proxy
S0116,9584.0,12,0.5434056761268782,32695.0,49,0.7347300810521487,7.732465069546925,99.08845374746792,185176.0,242,0.42183652309154535,207.93896575805394,15,12055,nearest_locality_proxy
S0117,557.0,1,1.0,679860.0,57,0.01879504603889036,10.210924636274035,98.08910740534239,715350.0,128,0.048170825470049625,4656.302865610374,557,12001,nearest_locality_proxy
S0118,621.0,4,1.0,20931.0,30,0.38354593664898956,7.951211047819634,99.09009812667261,725774.0,139,0.061841565005084226,3614.1312761998315,557,12001,nearest_locality_proxy
S0119,559.0,2,1.0,20922.0,28,0.3832807570977918,7.951211047819634,99.1431631560157,724499.0,133,0.060190559269232946,3335.092015076854,557,12001,nearest_locality_proxy
S0120,14034.0,7,0.10617072823143793,57790.0,42,0.09529330333967814,9.89393192569918,99.14004914004914,314703.0,137,0.09650686520306448,1181.178801499032,1469,12029,nearest_locality_proxy
S0121,4520.0,9,1.0,16508.0,23,0.6467773200872304,8.293532727272726,98.86506935687264,733796.0,131,0.06695593870776075,3422.530646523574,21,12001,nearest_locality_proxy
S0122,5046.0,7,1.0,29440.0,39,0.5290081521739131,9.25144042437432,98.13876651982379,56262.0,92,0.5858839003234866,665.6304768916989,1506,12021,nearest_locality_proxy
S0123,5639.0,16,1.0,144580.0,49,0.08110388712131691,10.14361385590523,99.0379370195884,193501.0,147,0.22775076097797944,918.2136227588703,1606,12035,nearest_locality_proxy
S0124,60848.0,26,0.17172298185642915,89274.0,76,0.3019356139525506,9.111043996682877,99.26721464019852,129891.0,230,0.4677152381612275,992.0337136087145,23,12055,nearest_locality_proxy
S0125,3430.0,14,1.0,9465.0,73,1.0,6.771358955303111,97.43589743589743,117663.0,279,0.3341322250835012,1099.2372414279193,2493,12037,nearest_locality_proxy
S0126,29937.0,13,0.06640611951765374,37875.0,39,0.26207260726072606,8.5862657793271,99.10318632622916,61467.0,163,0.5453007304732621,800.6821504463369,2801,12058,nearest_locality_proxy
S0127,66623.0,27,0.10571424282905303,88216.0,89,0.2746667271243312,8.572415652529289,97.95208070617906,139217.0,209,0.4606764978414992,32.71048949050229,129,12066,nearest_locality_proxy
S0128,13171.0,22,0.479386531015109,16722.0,42,0.5899413945700275,8.045021028598896,96.2429008300568,37786.0,94,0.5441168686815222,697.4499825312821,6857,12077,nearest_locality_proxy
S0129,10123.0,22,0.31996443741973724,156867.0,61,0.09128752382591622,10.085776904667442,98.95911971267128,205912.0,140,0.1914555732545942,13.435869894452512,6,12059,nearest_locality_proxy
S0130,3577.0,6,1.0,37355.0,40,0.34589747021817696,8.46987857550322,98.73345935727788,202475.0,128,0.15997036671193973,299.2123039152145,20,12059,nearest_locality_proxy
S0131,17805.0,12,0.014321819713563605,23557.0,25,0.2549985142420512,8.078831378548362,98.75169198375696,49413.0,71,0.4497601845668144,210.71535270386653,19,12034,nearest_locality_proxy
S0132,3879.0,9,0.18638824439288476,7039.0,20,0.5516408580764313,6.752208089181077,97.42183214481624,24427.0,45,0.4052073525197527,548.076976130169,4,12008,nearest_locality_proxy
S0133,18300.0,19,0.2949180327868852,34560.0,80,0.5482638888888889,7.764907670866964,98.90913057706993,742037.0,161,0.07386693655437666,264.65390932178417,105,12001,nearest_locality_proxy
S0134,0.0,0,,0.0,0,,,,0.0,0,,54350.65651276306,1,12016,nearest_locality_proxy
S0135,0.0,0,,0.0,0,,,,943.0,8,1.0,13607.016089687799,11,12016,nearest_locality_proxy
S0136,1773.0,9,1.0,3182.0,22,1.0,6.2313031071655045,97.57127771911298,14927.0,61,0.5540966034702217,1829.7502362936332,482,12068,nearest_locality_proxy
S0137,1773.0,9,1.0,3209.0,23,1.0,6.209987425337944,97.59162303664921,15105.0,62,0.5593512082092023,1609.0454581459749,482,12068,nearest_locality_proxy
S0138,3486.0,8,1.0,9174.0,16,0.6229561805101373,7.945497764693054,99.2357661444402,10561.0,31,0.6724741975191744,687.3554994247511,3,12068,nearest_locality_proxy
S0139,2753.0,3,1.0,8063.0,13,0.5710033486295424,8.032181141439207,99.1239597021463,10463.0,26,0.669406479977062,3118.2504394180596,3,12068,nearest_locality_proxy
S0140,5253.0,17,1.0,144084.0,52,0.0779406457344327,10.15835063501212,99.02758088985053,192990.0,147,0.2257059951292813,733.8635685375117,12,12035,nearest_locality_proxy
S0141,29603.0,11,0.055872715603148326,36471.0,36,0.23366510378108635,8.738630392452624,99.1775781841792,62100.0,152,0.5499355877616747,83.03782743637231,108,12058,nearest_locality_proxy
S0142,2468.0,18,1.0,5593.0,58,1.0,6.32304426377597,97.55940912010276,49501.0,238,0.5447768731944809,916.8159970568706,670,12007,nearest_locality_proxy
S0143,25420.0,17,0.1135326514555468,31806.0,41,0.2915173237753883,8.709928899515509,98.57651245551601,58438.0,155,0.4923337554331086,330.1558479583612,39,12007,nearest_locality_proxy
S0144,39414.0,15,0.1595372202770589,56493.0,52,0.3050820455631671,8.52740271477176,98.95430931130944,100116.0,145,0.4164469215709777,1696.4338396892988,201,12050,nearest_locality_proxy
S0145,28721.0,37,0.18564813202882907,64308.0,111,0.3291503389935933,8.930612559573872,98.7820862916439,337942.0,431,0.2837469151511206,220.24659959779171,6,17017,nearest_locality_proxy
S0146,14951.0,28,0.42946960069560564,52966.0,76,0.45315863006456975,8.800909915699542,98.88488247863248,205722.0,323,0.36206142269664887,208.45596407563312,197,17001,nearest_locality_proxy
S0147,8315.0,8,0.1301262778111846,18160.0,26,0.22615638766519824,6.393234239699962,98.82858258492776,247037.0,172,0.203669895602683,1364.1185108347809,6,12015,nearest_locality_proxy
S0148,137761.0,23,0.035619660136032696,155800.0,72,0.10309370988446727,10.137046929267807,98.9497927222478,220702.0,142,0.16725267555346124,299.95717050981705,20,12035,nearest_locality_proxy
S0149,137066.0,22,0.030729721448061516,153318.0,65,0.08857407479878422,10.177234167932536,98.97409472056964,220290.0,147,0.17820146170956466,321.87845676564535,2,12035,nearest_locality_proxy
S0150,20578.0,22,0.5785304694333755,82853.0,63,0.2870264202865316,9.168402047542587,99.31870428422152,135330.0,225,0.48910810611098793,456.5765295639238,583,12055,nearest_locality_proxy
S0151,65169.0,25,0.16070524329052158,89979.0,68,0.30740506118094224,9.118111290232918,99.28403710689403,134428.0,228,0.4856800666527807,706.8596075340954,723,12055,nearest_locality_proxy
S0152,4872.0,13,1.0,29683.0,41,0.5265640265471819,6.868659182090962,98.88727624576681,180037.0,220,0.3514222076573149,403.1274694196118,1016,12015,nearest_locality_proxy
S0153,17733.0,17,0.5109118592454746,81073.0,56,0.27137271348044356,9.217666674891435,99.33820076000171,142225.0,223,0.4746774477060995,1716.5841710460757,583,12055,nearest_locality_proxy
S0154,225873.0,11,0.0006419536642272428,266296.0,46,0.011656202120948117,11.143219392070982,99.20512933116683,331432.0,116,0.05779767795505564,1443.6686839832691,16,12029,nearest_locality_proxy
S0155,27503.0,22,0.09391702723339272,38160.0,40,0.18131551362683437,9.521697116907804,98.87260428410372,357080.0,138,0.1026156603562227,313.64926131421504,1,12061,nearest_locality_proxy
S0156,2280.0,5,1.0,25190.0,39,0.7490670901151251,6.295368324856961,98.73516552154904,176459.0,180,0.4005349684629291,1026.4828807134613,110,12061,nearest_locality_proxy
S0157,47027.0,26,0.1888914878686712,82487.0,91,0.46077563737316185,7.314092915524725,98.61063881467088,152907.0,225,0.5848783901325643,672.3213434009967,395,12028,nearest_locality_proxy
S0158,9533.0,25,1.0,89527.0,96,0.28528823706814704,8.526347627624938,97.89478923008012,138156.0,215,0.4565346419988998,125.88894124082367,8,12066,nearest_locality_proxy
S0159,9681.0,9,0.19605412663980995,17504.0,24,0.5553587751371115,7.554198455819274,98.53982300884955,63829.0,132,0.5429663632518135,405.1849461070554,5,12033,nearest_locality_proxy
S0160,5437.0,3,0.002942799337870149,11336.0,17,0.5217889908256881,6.169414569536423,98.19420783645656,47689.0,92,0.5052108452683008,1656.6921534226951,5421,12070,nearest_locality_proxy
S0161,859.0,4,1.0,10416.0,21,0.47955069124423966,6.294260098332209,98.27833572453372,35557.0,76,0.4585594960204742,940.2285519035861,354,12033,nearest_locality_proxy
S0162,12657.0,13,0.00892786600300229,246935.0,39,0.010407597140948023,11.126801012050537,99.18652956135779,333938.0,129,0.06486832885146344,206.31209120595588,31,12029,nearest_locality_proxy
S0163,225838.0,11,0.00048707480583427056,240872.0,41,0.010794114716529942,11.186857592989806,99.1707561990833,331528.0,121,0.0580705098815183,1601.3634500588146,31,12029,nearest_locality_proxy
S0164,225838.0,11,0.00048707480583427056,240872.0,41,0.010794114716529942,11.186857592989806,99.1707561990833,331528.0,121,0.0580705098815183,1602.8946382077822,31,12029,nearest_locality_proxy
S0165,12628.0,11,0.0066518847006651885,256000.0,36,0.01136328125,11.064492507078382,99.21397779030268,326543.0,131,0.06304835810291447,491.1384505135779,8,12029,nearest_locality_proxy
S0166,14960.0,14,0.5483288770053476,30048.0,29,0.36704605963791265,8.441962501665113,98.88275015346838,47953.0,92,0.5476195441369675,455.0777142916869,6757,12029,nearest_locality_proxy
S0167,18127.0,13,0.32355050477188724,31058.0,31,0.3876295962392942,8.421190967076866,98.94711936590559,54969.0,89,0.6030126071058233,809.5840341389692,12262,12039,nearest_locality_proxy
S0168,15205.0,12,0.1935547517264058,30247.0,33,0.3712103679703772,8.376819489927557,98.9225181598063,56111.0,84,0.5440644436919677,670.5009929628827,22,12039,nearest_locality_proxy
S0169,14816.0,11,0.17238120950323974,29928.0,32,0.36450815290029404,8.390617812249264,98.94685280431055,57388.0,86,0.554209939360145,1442.507816310934,40,12039,nearest_locality_proxy
S0170,8988.0,9,0.2696929238985314,11513.0,20,0.4298618952488491,7.921062701104444,99.07496012759171,53862.0,75,0.5328803237904274,456.11739324384655,94,12001,nearest_locality_proxy
S0171,18271.0,18,0.5024902851513328,32650.0,60,0.7215926493108729,8.152323669274429,98.71654234313296,754536.0,166,0.0731946520775682,584.8568530578723,400,12001,nearest_locality_proxy
S0172,225929.0,10,0.000889660025937352,256009.0,33,0.009128585323172232,11.040064389336688,99.17131303228969,336775.0,104,0.0481270878182763,914.4806427262977,66,12029,nearest_locality_proxy
S0173,2546.0,7,1.0,44502.0,24,0.09156891825086513,8.657974313412357,98.68236613400617,285728.0,72,0.040580552133497594,873.5318434257202,959,12075,nearest_locality_proxy
S0174,13575.0,6,0.08044198895027624,16544.0,12,0.2454666344294004,7.280140981424337,98.43444227005871,59717.0,69,0.2653515749284123,1044.4584428671742,5,12040,nearest_locality_proxy
S0175,475653.0,28,0.01936916197311906,821054.0,135,0.05639336754951562,10.652887889558267,99.45592494830666,1060585.0,484,0.10861175671916914,1074.128061640043,70,17018,nearest_locality_proxy
S0176,217862.0,37,0.04845269023510296,826180.0,141,0.04678520419279092,10.608706462964243,99.4543283090355,1106011.0,497,0.10597543785730883,1048.5815388974113,104461,17018,nearest_locality_proxy
S0177,185847.0,62,0.07829558723035615,489386.0,162,0.08772012276607831,9.95070033868235,99.3579846174838,1132423.0,481,0.10527514895052467,774.429561575256,6,17018,nearest_locality_proxy
S0178,227778.0,56,0.06260481697091028,836876.0,157,0.04874318298051324,10.574311363147451,99.45869433974579,1099539.0,509,0.11177138782708025,83.81711670661376,50,17018,nearest_locality_proxy
S0179,64229.0,65,0.21843715455635304,307582.0,162,0.12503982677789988,9.521156000364288,99.26053507865427,1097105.0,488,0.11060108193837417,583.6608991395958,11,17028,nearest_locality_proxy
S0180,21171.0,42,0.3981389636767276,145574.0,171,0.24134117356121285,8.863622636319878,98.93149125530374,781330.0,521,0.1454583850613697,312.1609011658266,43,17028,nearest_locality_proxy
S0181,37695.0,38,0.14521819870009284,125314.0,156,0.2550313612206138,8.778739944881575,98.86664033301936,604740.0,520,0.18916559182458578,176.46172142454643,106,17035,nearest_locality_proxy
S0182,36510.0,44,0.20668310052040537,53225.0,86,0.39445749178017847,8.929087214225232,98.92229909526344,271489.0,382,0.3057324606153472,351.16416276923115,22,17001,nearest_locality_proxy
S0183,15900.0,29,0.46352201257861636,52011.0,75,0.4431178020034224,8.843377228447114,98.89788420981019,216782.0,334,0.3570222619959222,1003.1608226816862,46,17001,nearest_locality_proxy
S0184,4398.0,8,1.0,31770.0,65,0.7315077116776834,8.065870050827156,98.7027765134274,218991.0,292,0.3499139234032449,752.6514591630398,1788,17001,nearest_locality_proxy
S0185,9299.0,12,0.5294117647058824,30879.0,44,0.7191295054891674,7.759011045965469,99.11442554183174,194484.0,238,0.4123166944324469,792.0908445750847,298,12055,nearest_locality_proxy
S0186,61559.0,28,0.18128949463116684,87009.0,66,0.28376374857773334,9.186465001839588,99.28886416908347,132950.0,233,0.47996239187664536,1015.2939957211418,434,12055,nearest_locality_proxy
S0187,136359.0,18,0.02570420727638073,145122.0,54,0.08453576990394289,10.208900496032433,98.98726636383945,207909.0,162,0.23116844388650803,843.7884906659357,235,12035,nearest_locality_proxy
S0188,11726.0,24,0.4129285348797544,159499.0,72,0.1062827980112728,10.060383714929454,98.92705310749713,217542.0,143,0.17008209908891156,894.822399357085,25,12035,nearest_locality_proxy
S0189,3407.0,7,1.0,11930.0,25,0.7645431684828164,7.314711522287636,98.25598581140999,185504.0,109,0.18342461618078315,144.22752495488558,1,12059,nearest_locality_proxy
S0190,3445.0,10,1.0,8921.0,20,0.6851249859881179,7.290767067821392,98.26051779935275,50064.0,97,0.6279961649089166,549.3481641368717,1028,12059,nearest_locality_proxy
S0191,6145.0,3,0.07990235964198536,11518.0,10,0.5091161660010418,6.464019973947027,99.56395348837209,33161.0,39,0.6490757214800519,631.5325864093106,370,12059,nearest_locality_proxy
S0192,103.0,2,1.0,4216.0,8,0.18311195445920303,7.241526753864446,97.94392523364486,66857.0,42,0.19142348594761954,2254.515755791703,3,12075,nearest_locality_proxy
S0193,225953.0,10,0.0009957823087102186,256021.0,35,0.00917502861093426,11.039676189285492,99.16523710329616,343153.0,106,0.048182589107482666,1455.5141013332652,66,12029,nearest_locality_proxy
S0194,17109.0,15,0.4687006838506049,28194.0,46,0.6775909768035753,8.17967684659091,98.66515552197457,752820.0,165,0.07696660556308281,329.6299119163187,122,12001,nearest_locality_proxy
S0195,1301.0,10,1.0,29192.0,45,0.6886133187174568,8.184749528544488,98.74198621023346,744601.0,159,0.07559350578363445,1488.0364844801622,195,12001,nearest_locality_proxy
S0196,16393.0,19,0.6442993960836942,19525.0,29,0.7013572343149808,8.136795614080032,98.88495575221239,740642.0,133,0.07558037486396937,472.9971184285791,5831,12021,nearest_locality_proxy
S0197,138292.0,34,0.0931434934775692,807433.0,137,0.05560832911213686,10.621891849378354,99.4497634911325,1073418.0,498,0.11025807281040564,1563.3866819321713,125,17018,nearest_locality_proxy
S0198,217804.0,36,0.04819929845181907,837192.0,144,0.04988819768941891,10.591028554841207,99.4471989513877,1110560.0,504,0.10963748019017433,1459.5255573924737,20950,17008,nearest_locality_proxy
S0199,219995.0,43,0.05767858360417282,833597.0,154,0.05051241787098562,10.588801594786108,99.44821714374598,1104660.0,508,0.10972244853620118,581.5930155834318,104461,17018,nearest_locality_proxy
S0200,229694.0,56,0.044276298031293806,497169.0,157,0.08470761451337473,9.961840190245875,99.37051820975661,1130241.0,504,0.10745053488592256,267.49537277493766,15,17018,nearest_locality_proxy
S0201,73001.0,70,0.22033944740483008,310144.0,164,0.12354261246388774,9.528486138799105,99.26526706687778,1154639.0,489,0.10476088197263388,557.0983770455479,30,17028,nearest_locality_proxy
S0202,50779.0,57,0.2514031390929321,163330.0,178,0.2374211718606502,8.923911207794596,99.05457375698197,1136612.0,521,0.10143830964304441,481.62063428756016,595,17028,nearest_locality_proxy
S0203,38392.0,39,0.16073661179412377,155927.0,157,0.19159606739050966,9.155949266338883,99.00028631418209,604694.0,520,0.18910391040757804,389.1833088576075,106,17035,nearest_locality_proxy
S0204,35044.0,39,0.1871932427805045,94943.0,149,0.2743540861358921,8.762631689977429,98.76288659793815,598579.0,515,0.1908536717793307,1381.9588350862011,106,17035,nearest_locality_proxy
S0205,30269.0,36,0.179193234001784,110304.0,143,0.22983753988975922,9.012968864851132,98.83548234658745,375673.0,467,0.27158459617805913,600.1592226500218,10,17017,nearest_locality_proxy
S0206,16049.0,41,0.39148856626581097,110844.0,149,0.21999386525206596,9.610580011199222,99.0709275136399,293571.0,375,0.25387044360648703,830.9869943182999,13,17012,nearest_locality_proxy
S0207,16367.0,38,0.2964501741308731,98228.0,123,0.21609927922791872,9.637047200766299,99.17751171264966,271404.0,332,0.2439610322618679,853.5529614025178,253,17012,nearest_locality_proxy
S0208,2671.0,4,1.0,4712.0,14,1.0,6.4611120561343816,98.82697947214076,38242.0,59,0.45855342293813084,1509.480372784052,1,12034,nearest_locality_proxy
S0209,180.0,8,1.0,255933.0,28,0.008834343363302114,11.040221303435422,99.17878318956932,333446.0,102,0.03862394510655399,155.04089831262598,30,12029,nearest_locality_proxy
S0210,9093.0,3,0.03585175409655779,26180.0,34,0.1859816653934301,9.208310922116231,98.84223525779562,300431.0,126,0.07462612047358629,1056.4583522462392,6093,12029,nearest_locality_proxy
S0211,15277.0,12,0.19735550173463376,30055.0,33,0.3671934786225254,8.386110260336908,98.93785862532047,53943.0,84,0.525740133103461,662.171687219791,22,12039,nearest_locality_proxy
S0212,12051.0,34,0.7713052858683926,38529.0,90,0.6912715097718601,8.162300841167738,98.7004487658938,760013.0,171,0.08809980881905967,182.8793736592102,407,12001,nearest_locality_proxy
S0213,14136.0,48,0.8050367855121675,38770.0,90,0.6931906112973949,8.159586438923395,98.72451354622474,755368.0,166,0.08249224219188528,969.7099032346438,40,12001,nearest_locality_proxy
S0214,36496.0,18,0.09233888645330995,53305.0,51,0.26352124566175783,8.598379530516434,99.01128953088843,94670.0,127,0.3828773634731171,186.6863201491857,1034,12050,nearest_locality_proxy
S0215,2189.0,7,1.0,15768.0,33,0.5385591070522577,8.07944356221813,99.32975871313673,69916.0,117,0.43849762572229534,117.59754070770384,4,12022,nearest_locality_proxy
S0216,16490.0,17,0.19945421467556096,34197.0,42,0.2102523613182443,9.452705052397402,93.89935884981543,121307.0,97,0.1371314103885184,860.9060338528923,26,12038,nearest_locality_proxy
S0217,428389.0,29,0.027433010651534005,964525.0,95,0.04023327544646328,11.538643685239675,99.56125406299411,1877363.0,348,0.09154383036205571,916.6862266283737,20703,15106,nearest_locality_proxy
S0218,130942.0,21,0.10018175986314551,329014.0,74,0.13188496538141234,10.249302537635979,99.40077061649319,1391525.0,266,0.09976177215644706,483.2782882637603,3610,15118,nearest_locality_proxy
S0219,3877.0,6,1.0,76802.0,27,0.25692039269810685,8.499448451863232,98.788090660141,475338.0,192,0.21975310200320614,725.7024947302081,828,15118,nearest_locality_proxy
S0220,7978.0,9,1.0,16596.0,32,1.0,7.344811400337432,98.1118373275236,109577.0,173,0.750504211650255,823.6949937090793,1820,15086,nearest_locality_proxy
S0221,10358.0,18,1.0,22363.0,50,1.0,8.640925072690674,98.45195729537366,148140.0,225,0.6081476981233968,363.40675184792417,516,15086,nearest_locality_proxy
S0222,4218.0,13,1.0,20199.0,56,1.0,8.601722070844685,98.0990099009901,141268.0,260,0.6910482204037716,736.2931365164225,128,15077,nearest_locality_proxy
S0223,47102.0,27,0.2741921786760647,61916.0,78,0.4478486982363202,9.139448401737983,99.20675537359263,120395.0,269,0.6437476639395324,223.52199206343693,822,15082,nearest_locality_proxy
S0224,1798.0,13,1.0,57662.0,76,0.31200790815441715,9.056255160450998,99.38009568088404,110499.0,302,0.6118426411098743,69.0296359744816,39,15082,nearest_locality_proxy
S0225,3762.0,11,1.0,5988.0,48,1.0,5.993389915966386,98.40895698291102,33630.0,248,0.6513232233125186,718.3625392824587,533,15082,nearest_locality_proxy
S0226,6251.0,19,0.24540073588225883,12697.0,46,0.6284949200598566,6.588962413139608,98.38004628439188,58642.0,124,0.40544319770812726,451.5553432431751,28,12027,nearest_locality_proxy
S0227,29109.0,8,0.11195850080731046,45431.0,48,0.270850300455636,8.87691446208113,98.94426712496931,97759.0,142,0.3584017839789687,2852.181795524946,25850,12050,nearest_locality_proxy
S0228,50182.0,58,0.24249730979235581,144355.0,170,0.25623636174708186,8.897259515043094,98.99492226351882,1122767.0,512,0.10189380343383801,111.38021350566923,5,17028,nearest_locality_proxy
S0229,7044.0,16,1.0,108287.0,145,0.3061493992815389,8.640435618667258,98.89437860622603,1046893.0,440,0.09927948701538744,488.8826260526581,578,17034,nearest_locality_proxy
S0230,34945.0,46,0.2531978823866075,50660.0,85,0.48485984998026055,8.363640135946886,98.80739004549841,369825.0,394,0.2729155681741364,160.97543428271646,99,17014,nearest_locality_proxy
S0231,25588.0,40,0.27188525871502267,51324.0,94,0.4915244330137947,8.362038550011901,98.74801134398561,307404.0,410,0.3270094078151228,103.56529811542913,13,17014,nearest_locality_proxy
S0232,16863.0,34,0.4687184961157564,54455.0,97,0.5207602607657699,8.24027560451872,98.85654885654886,221349.0,309,0.37942344442486753,266.28356532221545,264,17021,nearest_locality_proxy
S0233,11191.0,19,1.0,41566.0,83,0.6048453062599239,8.532409004890757,98.98001839311094,153495.0,265,0.5021531645981954,36.264086753013125,45,17005,nearest_locality_proxy
S0234,6963.0,20,1.0,25265.0,51,0.8107658816544627,8.005084586081185,99.106529209622,154001.0,262,0.5547756183401407,1080.8613439773837,1127,17005,nearest_locality_proxy
S0235,103.0,2,1.0,4212.0,7,0.18233618233618235,7.241526753864446,98.0355472404116,66857.0,42,0.19142348594761954,2272.26716125246,100,12075,nearest_locality_proxy
S0236,410.0,2,1.0,4923.0,16,1.0,6.672330353514831,98.81516587677726,36366.0,79,0.5670406423582467,1739.6425278088486,354,12040,nearest_locality_proxy
S0237,28369.0,27,0.09810003877471889,41194.0,78,0.3788901296305287,8.940211617046119,98.93438025799215,69942.0,184,0.4881616196276915,973.3995046711552,22271,12011,nearest_locality_proxy
S0238,19100.0,37,0.6076439790575916,51218.0,84,0.35413331250732166,9.076274997064923,98.89652563213318,68516.0,181,0.4775089030299492,244.68182932716155,953,12011,nearest_locality_proxy
S0239,15340.0,11,0.20065189048239895,23655.0,32,0.4816317903191714,8.24076805954999,98.92572130141191,58321.0,84,0.6258294610860582,2351.994195945905,358,12039,nearest_locality_proxy
S0240,11914.0,21,0.6147389625650496,40511.0,44,0.6533287255313371,7.930734287338424,98.07673143996014,91729.0,112,0.6482246617754472,606.4280284451435,4590,12056,nearest_locality_proxy
S0241,23948.0,20,0.2390178720561216,36088.0,49,0.49501219241853245,8.08956972841013,96.7270601987142,93026.0,173,0.7272267968094941,578.0611602465866,21,12012,nearest_locality_proxy
S0242,14847.0,11,0.09476661951909476,24120.0,56,0.4427860696517413,8.15128305176207,98.75319693094629,67647.0,159,0.6707171049713956,2584.809251312041,13440,12030,nearest_locality_proxy
S0243,947.0,4,1.0,676059.0,24,0.0171863698286688,10.227884701006285,98.08837817353131,737115.0,137,0.06735177007658236,2248.54089259729,21,12001,nearest_locality_proxy
S0244,16241.0,18,0.6409703835970691,19370.0,30,0.6989674754775426,8.16844977263332,98.82373908394226,740405.0,123,0.07528447268724549,913.8027866560487,5831,12021,nearest_locality_proxy
S0245,24210.0,25,0.4272614622057001,31540.0,49,0.5603677869372226,9.022611070532566,98.08956450287593,61920.0,108,0.6237241602067184,425.35246067846265,11,12021,nearest_locality_proxy
S0246,22914.0,21,0.39486776643100285,31441.0,49,0.5589834928914474,9.040304295182256,97.9722079258878,62605.0,114,0.6278412267390784,247.3388158856484,504,12021,nearest_locality_proxy
S0247,5463.0,16,1.0,27232.0,71,0.6249632784958872,8.751002283777812,98.43659525188188,69217.0,161,0.4828004680930985,261.2237688253929,104,12011,nearest_locality_proxy
S0248,17944.0,38,0.5823673651359786,51321.0,87,0.3554295512558212,9.0803154296875,98.70089117610142,68478.0,177,0.4772189608341365,125.25539773722917,5,12014,nearest_locality_proxy
S0249,14817.0,29,0.49422960113383274,50260.0,80,0.3418225228810187,9.120913841244514,98.70761356365963,90613.0,172,0.3309127829340161,495.0650936328288,2,12014,nearest_locality_proxy
S0250,27554.0,16,0.09889671191115627,33726.0,46,0.2638024076380241,8.727711605260813,98.9351403678606,84144.0,164,0.3117869366799772,483.21795345365,27,12057,nearest_locality_proxy
S0251,27538.0,17,0.0983731570920183,33684.0,56,0.26288445552784706,8.706489171822943,98.837547224644,51239.0,149,0.3691719198266945,635.6047171451785,16447,12057,nearest_locality_proxy
S0252,29335.0,16,0.1536049088119993,34584.0,48,0.2820668517233403,8.643095272558838,98.91886810190843,41105.0,139,0.39596156185378906,131.06424971618574,37,12057,nearest_locality_proxy
S0253,3640.0,10,1.0,6161.0,37,1.0,7.084641226353555,98.39195979899498,50179.0,111,0.3015803423743,1036.3558268576442,2033,12057,nearest_locality_proxy
S0254,5409.0,11,0.06951377334072842,12491.0,29,0.1820510767752782,7.541341060935362,98.64371413667189,25483.0,99,0.5990660440293529,964.3217095338365,2,12057,nearest_locality_proxy
S0255,2388.0,12,1.0,13746.0,25,0.2567292303215481,7.500654478976233,98.46264712947394,24338.0,87,0.4490097789465034,657.7781627877545,309,12057,nearest_locality_proxy
S0256,4572.0,11,0.3016185476815398,8668.0,30,0.6316335948315643,7.098398193189716,97.04280155642023,23315.0,85,0.4248337979841304,677.9547425656714,89,12057,nearest_locality_proxy
S0257,24002.0,18,0.026622781434880425,33672.0,44,0.09847944880019006,8.350360416666668,98.67996775493752,42963.0,106,0.2934385401391895,746.166717524951,23363,12048,nearest_locality_proxy
S0258,8913.0,11,0.21541568495456076,37140.0,49,0.18266020463112548,8.302498111171074,98.6477843764276,55516.0,120,0.3288241227754161,1195.5645984649104,6993,12048,nearest_locality_proxy
S0259,17179.0,24,0.5980557657605216,19243.0,45,0.6411682170139791,8.75761387946778,98.77529286474973,119340.0,125,0.17492877492877493,170.4255027521403,5,12038,nearest_locality_proxy
S0260,12774.0,16,0.459448880538594,90780.0,51,0.14447014760960564,9.331590866492466,99.30083003065879,133571.0,124,0.16400266524919332,189.52277851290373,861,12038,nearest_locality_proxy
S0261,80168.0,13,0.03122193393872867,101574.0,43,0.0994644298737866,9.753015749505057,97.60993001452529,124609.0,115,0.1599964689548909,1046.426037444378,23,12038,nearest_locality_proxy
S0262,16455.0,49,0.4850805226374962,690273.0,78,0.02717910160183,10.173389594997161,98.10147773896443,741627.0,157,0.07335493448863108,2163.857190455091,2805,12001,nearest_locality_proxy
S0263,574.0,4,1.0,684897.0,63,0.01954308458060117,10.191722264732855,98.0956696878147,721702.0,133,0.05654827061584976,4266.640317058475,557,12001,nearest_locality_proxy
S0264,9519.0,47,1.0,688937.0,83,0.027722418740755685,10.182531822906684,98.08509041794852,747721.0,156,0.07310882000104317,1755.6340114967943,1012,12001,nearest_locality_proxy
S0265,18262.0,54,0.536031102836491,695749.0,82,0.026980994582816505,10.15377257835669,98.1011057041237,746001.0,167,0.07878809813927863,739.167691656098,1,12001,nearest_locality_proxy
S0266,18300.0,19,0.2949180327868852,40026.0,82,0.5121670913905961,7.593974391099528,98.89122538711527,742408.0,163,0.07432974860184696,243.2687508266719,105,12001,nearest_locality_proxy
S0267,12006.0,15,0.6310178244211228,42571.0,58,0.5413309529961711,7.406558487371243,98.93091366454047,746319.0,175,0.08766760594330307,723.8443683124422,1,12001,nearest_locality_proxy
S0268,13827.0,15,0.7169306429449628,36039.0,46,0.6933044757068731,6.994915324819545,98.91669374932293,80749.0,167,0.7581889559003827,453.0199551093182,1552,12001,nearest_locality_proxy
S0269,2526.0,13,1.0,20345.0,43,1.0,6.920150449874625,98.29232464193903,59520.0,112,0.8142977150537635,370.7375070172417,457,12053,nearest_locality_proxy
S0270,14867.0,13,0.08185915114010897,16745.0,32,0.18483129292326067,8.287517955470433,98.41732611411912,50733.0,106,0.575818500778586,772.674119400705,21,12053,nearest_locality_proxy
S0271,7063.0,15,0.32578224550474305,13334.0,48,0.6428678566071696,7.526668420261536,98.6027397260274,62933.0,166,0.7107717731555782,391.21822140717813,439,12053,nearest_locality_proxy
S0272,15579.0,16,0.13730021182360871,23197.0,53,0.42061473466396515,8.21426987140761,98.88296098699567,68982.0,151,0.5779478704589603,757.6720932934729,35,12030,nearest_locality_proxy
S0273,7241.0,8,0.055517193757768264,13348.0,28,0.487638597542703,7.597222055288461,98.58823529411765,43421.0,97,0.5907740494230902,991.0645485034908,6839,12018,nearest_locality_proxy
S0274,1930.0,11,1.0,12810.0,30,0.46612021857923497,7.827173776662485,98.37881653607133,42355.0,97,0.5804745602644316,75.83761130989011,11,12018,nearest_locality_proxy
S0275,12569.0,22,0.4544514281167953,16528.0,40,0.5851282671829623,8.060266820640614,96.19721423833738,37156.0,93,0.5363871245559264,277.0714359600082,6857,12077,nearest_locality_proxy
S0276,4782.0,5,0.26181514010874113,9797.0,26,0.6396856180463407,6.856513601963591,97.50445632798574,46934.0,164,0.6844505049644182,1648.9486197358574,3530,12080,nearest_locality_proxy
S0277,4429.0,20,1.0,12893.0,64,1.0,7.0293727514468936,96.70143783478996,87113.0,207,0.44986396978636944,577.0180074255591,1041,12036,nearest_locality_proxy
S0278,11293.0,11,0.004250420614539981,12970.0,38,0.13299922898997688,7.9509073915413975,96.73731176798661,29925.0,125,0.5156558061821219,181.71196601084944,11245,12023,nearest_locality_proxy
S0279,6.0,3,1.0,11381.0,15,0.011949740796063615,8.17129732592004,97.5640620056944,21950.0,61,0.3396810933940774,683.296041054644,1,12023,nearest_locality_proxy
S0280,0.0,0,,0.0,0,,,,0.0,0,,28477.243847241953,1,12023,nearest_locality_proxy
S0281,16343.0,23,0.5774949519672031,90003.0,46,0.13708431941157517,9.35751871003614,99.29505786557093,128082.0,125,0.16106869037023158,464.23119637610927,1784,12038,nearest_locality_proxy
S0282,3904.0,8,0.18109631147540983,5006.0,17,0.3613663603675589,7.433822231139648,98.15910585141354,13310.0,70,0.7598046581517656,1398.449356614517,186,12068,nearest_locality_proxy
S0283,5408.0,19,1.0,15726.0,64,0.8022383314256645,7.318551578408145,96.94797687861272,87021.0,204,0.4492823571321865,517.6259467052943,1041,12036,nearest_locality_proxy
S0284,30156.0,27,0.08452712561347658,51268.0,84,0.22528672856362644,9.091514653519585,97.84112504751045,99451.0,184,0.4145257463474475,130.79540107342396,4,12046,nearest_locality_proxy
S0285,85787.0,9,0.014232925734668424,107148.0,40,0.06242767013850002,9.651082037303262,97.73498366423725,124955.0,105,0.1623224360769877,1243.6556694006558,13,12038,nearest_locality_proxy
S0286,86686.0,10,0.024456082873820454,101519.0,38,0.0784582196436135,9.631434342240087,97.61786436073287,124734.0,102,0.1608382638254205,553.794141141891,15,12038,nearest_locality_proxy
S0287,86720.0,11,0.024838560885608856,105557.0,39,0.07379899011908259,9.555453029355467,97.63285331974002,124994.0,103,0.1625838040225931,773.6136913275736,698,12038,nearest_locality_proxy
S0288,25868.0,11,0.11883408071748879,103287.0,33,0.0534433181329693,9.543931186086146,97.60369863905711,122821.0,86,0.14776788985596925,226.63680265784808,224,12038,nearest_locality_proxy
S0289,17375.0,15,0.24023021582733814,34181.0,41,0.20988268336210175,9.454960171030281,93.9061133249101,121199.0,93,0.13636251124184193,114.87045809420552,26,12038,nearest_locality_proxy
S0290,16393.0,12,0.1947172573659489,33734.0,38,0.1994130550779629,9.504460762498145,93.86430678466077,120533.0,93,0.13159051877908953,219.24093738038167,404,12038,nearest_locality_proxy
S0291,7212.0,7,0.41583471991125903,19749.0,31,0.33156109170084563,7.751450517136483,98.74669020300088,111919.0,90,0.12644859228549218,1880.9941041856048,4213,12038,nearest_locality_proxy
S0292,1718.0,3,1.0,9975.0,20,0.5776441102756892,7.413055304627121,98.48586810228802,40548.0,88,0.3339498865542074,1500.2624722457435,1016,12038,nearest_locality_proxy
S0293,2372.0,7,1.0,6120.0,22,1.0,6.939822979839371,98.6856516976999,25792.0,83,0.4881746277915633,1382.8714634684895,1345,12068,nearest_locality_proxy
S0294,2894.0,8,1.0,6444.0,25,1.0,6.874492211838006,98.43668577384054,27932.0,85,0.41293140484032653,1638.109643977184,1345,12068,nearest_locality_proxy
S0295,672.0,8,1.0,5013.0,18,0.3622581288649511,7.433822231139648,98.0946123521682,13227.0,68,0.7582974219399713,31.64556606307534,186,12068,nearest_locality_proxy
S0296,1328.0,6,1.0,3691.0,23,1.0,6.242162606077197,97.74571686203787,14023.0,59,0.5253512087285175,360.6157150131081,38,12068,nearest_locality_proxy
S0297,714.0,8,1.0,3209.0,23,1.0,6.209987425337944,97.59162303664921,16277.0,62,0.5910794372427352,1217.1620847457414,482,12068,nearest_locality_proxy
S0298,4141.0,8,1.0,9174.0,16,0.6229561805101373,7.945497764693054,99.2357661444402,10574.0,33,0.6728768677889162,278.9309052393806,3,12068,nearest_locality_proxy
S0299,3515.0,9,1.0,8316.0,15,0.584054834054834,8.010056537952606,99.14821124361158,10561.0,31,0.6724741975191744,463.5994151863482,1518,12068,nearest_locality_proxy
S0300,2419.0,7,1.0,4982.0,17,1.0,7.826175226586103,99.16897506925208,10555.0,31,0.6722880151586925,834.5873609039222,29,12068,nearest_locality_proxy
S0301,2419.0,7,1.0,4978.0,16,1.0,7.826175226586103,99.30651872399446,10433.0,30,0.6684558612096233,2212.1757857614107,386,12068,nearest_locality_proxy
S0302,1518.0,1,1.0,3908.0,10,1.0,8.124340588988476,99.5507637017071,9859.0,25,0.6491530581194848,4485.882256504851,1518,12068,nearest_locality_proxy
S0303,0.0,0,,1956.0,3,1.0,8.31916155419223,99.81981981981981,9564.0,22,0.6383312421580929,9242.01504332688,1518,12068,nearest_locality_proxy
S0304,0.0,0,,0.0,0,,,,4084.0,12,1.0,14941.05071288127,386,12068,nearest_locality_proxy
S0305,9452.0,23,0.7084214980956411,38761.0,92,0.6931193725652073,8.15510056690223,98.69900566861816,749151.0,165,0.08010267622949178,892.1265017871934,574,12001,nearest_locality_proxy
S0306,14437.0,16,0.5961072244926231,21585.0,35,0.7298586981700255,8.025212534186252,98.76382563435263,747924.0,151,0.07611201138083548,1438.4888448879603,4,12021,nearest_locality_proxy
S0307,29478.0,16,0.15771083519913157,33881.0,49,0.26717039048434227,8.695363972218116,98.90321339234174,42500.0,144,0.4157882352941176,723.3874219513614,3,12057,nearest_locality_proxy
S0308,31151.0,20,0.20294693589290874,33911.0,48,0.2678187018961399,8.708270832102993,98.92110586648685,59766.0,156,0.40370779372887594,1274.7107355501714,27,12057,nearest_locality_proxy
S0309,28698.0,16,0.3320788905150185,62180.0,59,0.5598584753940173,8.08288340302348,98.50968703427719,246455.0,221,0.537518005315372,1142.7812868265553,99,15085,nearest_locality_proxy
S0310,9301.0,14,1.0,29348.0,45,0.8270069510699196,7.638942006269593,98.56435643564356,110966.0,123,0.6618603896689076,604.2204217427834,335,15085,nearest_locality_proxy
S0311,123852.0,39,0.20708587669153505,379883.0,98,0.14289399630939,10.509178837304804,99.37421912024472,1828711.0,430,0.12120559235439607,288.7290572890012,28,15062,nearest_locality_proxy
S0312,112608.0,43,0.20383986928104575,425118.0,130,0.17992886680874487,10.160706996810223,99.3269420834157,1156783.0,336,0.14046195353839053,1029.5606702304563,2373,15101,nearest_locality_proxy
S0313,98274.0,35,0.1976209373791644,313754.0,130,0.24104234527687296,10.067428827324187,99.373492048681,1190347.0,340,0.13893847760358954,483.9637687652099,10873,15012,nearest_locality_proxy
S0314,101610.0,32,0.1737329003050881,273828.0,118,0.23029419927837913,9.937969746327855,99.3626688622572,1101582.0,341,0.15431987813889478,201.70962325770284,10792,15006,nearest_locality_proxy
S0315,56025.0,24,0.2476929941990183,245655.0,110,0.24921129225946959,9.862234525433045,99.32941015464623,960146.0,340,0.18201398537305785,867.5458138909452,112,15098,nearest_locality_proxy
S0316,310076.0,40,0.03219533275713051,1343459.0,140,0.02815567873675341,9.756859827109157,99.5192455251887,3229298.0,579,0.032109145702874126,942.6222580649334,32,15025,nearest_locality_proxy
S0317,420453.0,41,0.02349846475111368,1334553.0,132,0.02419536728777351,9.775329092410551,99.51757988243638,3198452.0,469,0.029357326606746014,782.9319497752103,3802,15025,nearest_locality_proxy
S0318,194862.0,34,0.04854204513963728,915454.0,137,0.03280995003571998,10.08896880117729,99.53338250816071,2438712.0,419,0.03631794160196038,630.4325422674307,15154,15025,nearest_locality_proxy
S0319,126524.0,45,0.07609623470645885,549809.0,144,0.05574663201220788,10.046057586812346,99.45440533591581,1735646.0,401,0.04877261837955436,485.87794070184594,43,15025,nearest_locality_proxy
S0320,66875.0,16,0.12602616822429907,124364.0,57,0.3011804059052459,8.836610861838826,98.89587282583392,421911.0,288,0.44922033319823373,1200.22806431076,251,15042,nearest_locality_proxy
S0321,31799.0,16,0.3258593037516903,105984.0,61,0.4155344202898551,7.925341749698069,98.49391541828989,440996.0,298,0.4701244455732025,365.4089426552911,2464,15042,nearest_locality_proxy
S0322,38649.0,26,0.5333385081114648,129439.0,75,0.364928653651527,8.273000100433409,97.90847975057646,457630.0,334,0.49853374997268535,445.0157903986049,2607,15074,nearest_locality_proxy
S0323,40992.0,15,0.1755464480874317,72064.0,43,0.403377553285968,9.500837172513322,98.39660207061323,133091.0,112,0.5467086429585772,597.8996843922305,164,15045,nearest_locality_proxy
S0324,9021.0,6,0.36747588959095445,54765.0,34,0.3295718068109194,9.444604765817585,97.99889594258902,106608.0,84,0.5391715443493922,2271.618221709742,5706,15079,nearest_locality_proxy
S0325,126372.0,39,0.22289747728927295,396480.0,98,0.13080861581920905,10.462079384977034,99.33824214745083,1850503.0,436,0.12031161257236546,493.23439102268975,28,15062,nearest_locality_proxy
S0326,89469.0,38,0.27040650951726297,415256.0,115,0.16065993025988787,10.474275359003196,99.35434037749302,1496481.0,405,0.1396101921775151,637.7714976993075,5800,15062,nearest_locality_proxy
S0327,72083.0,32,0.23108083736803406,443364.0,127,0.168166562914445,10.367208979731773,99.36092087191322,1380106.0,373,0.13620837819703704,302.1533176119872,914,15062,nearest_locality_proxy
S0328,113346.0,39,0.20455066786653256,421251.0,127,0.17948206651141482,10.208538501895598,99.34406442613057,1159375.0,330,0.13527374663072778,197.86365816616765,811,15019,nearest_locality_proxy
S0329,283.0,8,1.0,33416.0,48,0.160761311946373,8.976278219157548,99.03665413533835,793290.0,668,0.14613571329526404,1340.7130098427326,2,15050,nearest_locality_proxy
S0330,61792.0,28,0.22428469704816156,163057.0,94,0.22995026279153916,9.697664513437743,99.35094408133624,1165063.0,324,0.09493048873751891,651.2033367695414,246,15092,nearest_locality_proxy
S0331,21247.0,13,0.3773709229538288,163234.0,83,0.1825355011823517,9.859229209173515,99.46970701312475,1115438.0,289,0.07929530821076564,438.4064096527187,537,15075,nearest_locality_proxy
S0332,57818.0,26,0.14137465841087551,234869.0,87,0.1257807543779724,9.815989771411052,99.54710144927536,1501762.0,324,0.0665098730691015,1040.7825279739093,2216,15084,nearest_locality_proxy
S0333,239764.0,6,0.0031280759413423198,2547677.0,29,0.0016006738687832092,11.105390286026052,99.6565048222473,8179760.0,217,0.010056652028910384,2711.416112643053,216776,15109,nearest_locality_proxy
S0334,640657.0,19,0.007590645228257867,3409682.0,74,0.004710116661905715,10.618786769547247,99.69891825855407,7339722.0,233,0.009475154508576755,1481.7647591584177,293245,15020,nearest_locality_proxy
S0335,1938796.0,8,0.0009944315956913466,2759221.0,55,0.005459874363090162,10.58413393099514,99.72346633224988,7342744.0,258,0.008384195336239422,1361.1515792240289,71,15033,nearest_locality_proxy
S0336,467770.0,27,0.01367552429612844,1891686.0,96,0.013503298116072118,10.940694338936405,99.6802678816733,6000193.0,264,0.013735224850267316,1128.0903078690874,11,15108,nearest_locality_proxy
S0337,640659.0,20,0.007593743317427836,2914471.0,84,0.00769024636031719,10.457834713590847,99.68340830477523,7372612.0,247,0.009618165176737905,1607.088339643568,293245,15020,nearest_locality_proxy
S0338,14104.0,3,0.07260351673284175,43800.0,15,0.08773972602739726,8.594494748858448,99.58438742320202,230334.0,80,0.14768987644029974,874.9984008007526,10563,15036,nearest_locality_proxy
S0339,48477.0,16,0.13631206551560535,152568.0,82,0.358640081799591,9.7191570024715,98.67564996014092,409444.0,298,0.4577255986166606,355.74642373757524,1244,15048,nearest_locality_proxy
S0340,41835.0,24,0.4362136966654715,107864.0,73,0.451225617444189,8.683045147291997,98.1701118264995,451687.0,334,0.481379805041987,448.2083299252377,670,15074,nearest_locality_proxy
S0341,241264.0,44,0.040267093308574836,1307533.0,166,0.025203952787424867,9.805263208617994,99.53058243930712,2353767.0,658,0.04541698477376903,856.0740457379601,259,15025,nearest_locality_proxy
S0342,93367.0,52,0.14550108710786466,965605.0,161,0.03272041880479078,9.643508315647628,99.46285772156632,2334336.0,611,0.04330739019575588,492.2847159619781,2747,15083,nearest_locality_proxy
S0343,72905.0,51,0.1683423633495645,465052.0,156,0.06488306683983727,9.825079998795394,99.32642144885426,2181024.0,583,0.04617830890444122,84.44211295579885,18,15083,nearest_locality_proxy
S0344,24009.0,14,0.5633304177600067,67962.0,61,0.7073805950384038,7.318817133103794,97.10071851758477,209608.0,247,0.6955459715278043,2646.9639639208026,285,15032,nearest_locality_proxy
S0345,12021.0,10,0.6181682056401298,60990.0,59,0.7846860141006723,7.234112641416625,97.06792293629589,194429.0,240,0.6847641041202701,381.92014092962734,1702,15032,nearest_locality_proxy
S0346,723.0,4,1.0,66741.0,49,0.4929353770545841,7.576133445211944,98.75623545061524,556768.0,371,0.4094003247313064,1195.604956957554,119,15038,nearest_locality_proxy
S0347,65244.0,41,0.4382778493041506,191667.0,113,0.40306364684583157,8.571041649273669,98.9965273079872,788592.0,340,0.2678672875200357,240.20724174583404,207,15087,nearest_locality_proxy
S0348,73210.0,44,0.4302964075945909,241414.0,121,0.353247947509258,8.714455067792887,99.07492894512934,959254.0,343,0.21379321848019398,355.6546651748311,1042,15087,nearest_locality_proxy
S0349,83045.0,22,0.13820217954121258,341554.0,85,0.08424143766432247,9.709771255896486,99.48922049190995,1306574.0,265,0.06298303808280281,1008.4692016995242,1512,15120,nearest_locality_proxy
S0350,14160.0,4,0.04343220338983051,57326.0,22,0.13189477723894916,8.552756340927328,99.52708811461159,426150.0,112,0.09084359967147718,2475.5219567015865,10563,15036,nearest_locality_proxy
S0351,14104.0,3,0.07260351673284175,36087.0,11,0.09701554576440269,8.487940809709867,99.58333333333333,167730.0,63,0.17668276396589758,775.8600115281724,2517,15036,nearest_locality_proxy
S0352,533277.0,30,0.026215268987786835,1383860.0,111,0.024129608486407585,9.692277885529789,99.5263479145473,4259299.0,403,0.021082577203431832,617.724290405456,615,15039,nearest_locality_proxy
S0353,964342.0,36,0.011142312582050767,1342035.0,110,0.027819691736802692,9.445903847787436,99.5093025065047,4305023.0,309,0.023510908071803564,656.8347947721606,193532,15029,nearest_locality_proxy
S0354,333709.0,58,0.03920181954936786,1307091.0,145,0.024015925440539335,9.781711883418364,99.51731320564689,2296311.0,509,0.04134936426294174,776.8778096332227,6283,15025,nearest_locality_proxy
S0355,72966.0,51,0.16903763396650495,507595.0,156,0.059220441493710536,9.822303634070394,99.36064444644087,2189558.0,569,0.04515386210367572,511.25855774130963,6364,15083,nearest_locality_proxy
S0356,21370.0,41,0.27159569489939167,195729.0,170,0.16514670794823455,9.671501864669501,99.00475726029579,2049771.0,508,0.042933088623070575,402.7761670808137,9,15089,nearest_locality_proxy
S0357,37727.0,33,0.08633074455959923,56954.0,99,0.21324226568809918,9.42205338592105,98.89449979527774,1277592.0,556,0.07682499577329852,347.4069841412098,11,15050,nearest_locality_proxy
S0358,67465.0,32,0.11282887423108279,110267.0,112,0.20668921798906292,9.063120490129341,98.83869994721364,343924.0,415,0.2480635256626464,582.3476576678967,26,15068,nearest_locality_proxy
S0359,8486.0,9,1.0,15010.0,29,1.0,7.330122584943372,98.12130971551261,122175.0,174,0.6901411909146716,915.3586933930919,1820,15086,nearest_locality_proxy
S0360,6296.0,21,1.0,46211.0,58,0.47702927874315637,9.020313494554982,99.00460058552906,148798.0,194,0.6839003212408769,801.7055536378641,982,15110,nearest_locality_proxy
S0361,32861.0,24,0.2645689419068196,55401.0,63,0.5159834660024187,8.90995900084888,98.77296311877717,166193.0,221,0.6684457227440386,515.5018627010691,324,15110,nearest_locality_proxy
S0362,11062.0,16,1.0,27391.0,41,1.0,7.391239458216203,97.63522696384887,123281.0,145,0.710287878910781,829.0912136620594,587,15001,nearest_locality_proxy
S0363,60366.0,18,0.15972567339230692,138741.0,67,0.31363475829062787,8.743078625282916,98.91118509853325,481284.0,321,0.4434221790044963,745.6541998872655,3457,15042,nearest_locality_proxy
S0364,67903.0,21,0.12423604259016538,127501.0,66,0.34479729570748463,8.889859213477859,98.88432558289946,426099.0,294,0.44765183677971554,818.2652513667116,3976,15042,nearest_locality_proxy
S0365,18004.0,18,0.5003332592757165,95506.0,73,0.45409712478797143,8.957462300506847,98.53199498117942,373332.0,282,0.43019350069107387,916.4920788249765,179,15048,nearest_locality_proxy
S0366,96698.0,32,0.07429316014808993,643336.0,96,0.03608378825372745,10.773275215880735,99.731865278137,3711960.0,354,0.02999682108643412,403.3090713461616,238,15081,nearest_locality_proxy
S0367,75810.0,34,0.10320538187574199,755516.0,114,0.04681171543686699,10.681218930760169,99.71699229236243,3198065.0,365,0.038382897158125304,612.9637336345568,3866,15092,nearest_locality_proxy
S0368,82696.0,46,0.4103100512721292,167599.0,108,0.3822755505701108,8.913909349118077,99.17105893627216,389580.0,309,0.4120257713434981,318.00519544462367,1492,15088,nearest_locality_proxy
S0369,22683.0,18,0.3261914208878896,100772.0,88,0.49229944825943717,8.805403578765592,99.0253799029358,329052.0,277,0.45521072657209194,1044.2533676511034,621,15052,nearest_locality_proxy
S0370,11611.0,18,1.0,41814.0,64,0.7116037690725594,8.116683088991463,98.93209200438116,247635.0,263,0.5107557493892221,650.3481034473845,82,15052,nearest_locality_proxy
S0371,75935.0,43,0.4050569566076249,167942.0,104,0.3914803920401091,8.783319518135427,99.11368753892589,390525.0,308,0.42759618462326354,666.6612260452204,1270,15088,nearest_locality_proxy
S0372,39899.0,21,0.3000827088398205,138911.0,104,0.3905882183556378,9.072042476601872,99.08285986214057,374448.0,307,0.4281796137247361,588.0567784426847,1230,15088,nearest_locality_proxy
S0373,21699.0,15,0.41246140375132495,131452.0,94,0.35587134467334086,9.148922116057571,99.1032071743426,426724.0,304,0.3863762056973594,895.6540238692776,3094,15052,nearest_locality_proxy
S0374,97242.0,46,0.34646551901441763,179129.0,105,0.4050153799775581,8.602672595719024,99.05620002252506,414508.0,322,0.41369527246760013,711.7791580562837,618,15088,nearest_locality_proxy
S0375,14683.0,20,0.6709800449499421,67012.0,70,0.5347400465588252,8.456886762884132,98.73183160576757,298755.0,297,0.5071948586634534,321.18422369628104,148,15119,nearest_locality_proxy
S0376,3797.0,9,1.0,21975.0,44,0.7801592718998862,7.24638126450908,98.55253752680485,198933.0,279,0.5651148879270911,784.0653490034122,2199,15119,nearest_locality_proxy
S0377,9628.0,19,1.0,26967.0,55,0.8227092372158564,7.846574513878581,98.95443397444171,125489.0,246,0.6867852959223517,498.5274782231536,700,15119,nearest_locality_proxy
S0378,13570.0,34,0.32188651436993365,159675.0,159,0.19799592923125098,9.9956960937451,99.15925782759953,1676014.0,473,0.051948850069271496,187.55726370205335,4,15089,nearest_locality_proxy
S0379,60467.0,61,0.2802024244629302,145381.0,149,0.2014706185815203,10.003325800584248,99.22524565381708,689244.0,324,0.09573097480718004,219.68547722901806,6,15017,nearest_locality_proxy
S0380,137255.0,34,0.05465738953043605,567161.0,121,0.0677726430413939,10.009880797878342,99.47342640215528,4731816.0,299,0.02028333307973091,820.4343592604483,12,15024,nearest_locality_proxy
S0381,51064.0,35,0.18059689801033996,720649.0,132,0.05188378808546185,10.117204755606933,99.55221695517626,4763456.0,310,0.020181145789947466,313.4007900551715,5,15059,nearest_locality_proxy
S0382,219905.0,40,0.03901230076623997,496041.0,108,0.06591592227255408,9.752682324953126,99.44778414651195,3484159.0,353,0.03424413179765906,1418.043797700247,113,15100,nearest_locality_proxy
S0383,63530.0,28,0.0902723122934047,444807.0,126,0.10369890761611215,9.812489292001773,99.43511133410613,3017692.0,366,0.04077718998492888,346.50139642371084,3605,15002,nearest_locality_proxy
S0384,70733.0,32,0.15736643433757935,289914.0,108,0.12069786212463006,9.882869917408971,99.49799069508005,1298311.0,355,0.09499572906645634,160.23635998529755,753,15092,nearest_locality_proxy
S0385,156493.0,46,0.12504712670854287,390757.0,143,0.15379379000248236,10.37479465167826,99.39916561869973,2911614.0,307,0.036162760585709504,440.6662181248081,2564,15099,nearest_locality_proxy
S0386,54931.0,33,0.20500263967522891,329983.0,122,0.14897434110242042,10.451858189819783,99.39058237176837,1752512.0,299,0.05685267775627214,102.5601601700309,245,15099,nearest_locality_proxy
S0387,170568.0,29,0.08044885324328127,900300.0,100,0.04198822614683994,10.970619565555452,99.5048056832428,1928917.0,390,0.11104106604897981,676.2180202561105,520,15106,nearest_locality_proxy
S0388,170568.0,29,0.08044885324328127,900300.0,100,0.04198822614683994,10.970619565555452,99.5048056832428,1930180.0,390,0.11162275020982498,696.6315121508993,520,15106,nearest_locality_proxy
S0389,49291.0,28,0.31119271266559817,411321.0,105,0.12357501805159474,9.65382380401272,99.31649331352155,1708928.0,373,0.12652610291363942,592.6379404535652,4,15106,nearest_locality_proxy
S0390,39510.0,22,0.317717033662364,268026.0,102,0.21043107758202562,9.250205192692318,99.24591922752701,1597828.0,383,0.14373324287720582,894.9498373628549,3988,15106,nearest_locality_proxy
S0391,29564.0,12,0.20271275876065484,171723.0,83,0.3209587533411366,8.92135128838358,99.19717328077301,1380638.0,376,0.16470791040084368,1071.1608814992364,76,15005,nearest_locality_proxy
S0392,68484.0,17,0.06855615910285615,127074.0,58,0.29093284228087574,8.830132287207253,98.92455543933055,428885.0,292,0.45343157256607247,650.3220392135565,7077,15042,nearest_locality_proxy
S0393,69405.0,17,0.08091636049275988,129762.0,62,0.3056210600946348,8.819867677771873,98.92449096827727,428177.0,292,0.4563089563428208,1019.1865614361919,7077,15042,nearest_locality_proxy
S0394,13133.0,14,0.6651184040204066,136714.0,70,0.2871249469695861,9.214386147160813,98.79850480598077,442203.0,294,0.40486835231782686,2598.587822420169,337,15048,nearest_locality_proxy
S0395,50658.0,25,0.2977417189782463,118576.0,76,0.38827418701929567,9.876717986788936,98.83375181710056,394950.0,293,0.4666666666666667,797.9459783599134,23219,15014,nearest_locality_proxy
S0396,16969.0,18,0.6471212210501502,60499.0,66,0.6877138465098597,8.754773955733343,97.73564681449722,271389.0,255,0.5470929182833497,301.88213658171895,1315,15001,nearest_locality_proxy
S0397,19922.0,19,0.6994277682963558,52681.0,72,0.7978018640496574,8.601048465174554,97.50619695034928,242227.0,244,0.6311641559363738,302.7957844903416,566,15001,nearest_locality_proxy
S0398,14228.0,14,1.0,32331.0,44,0.9124060499211283,8.100176312289275,97.16336690980664,120385.0,179,0.8613199318852016,1776.6138751805333,343,15003,nearest_locality_proxy
S0399,5279.0,10,1.0,22638.0,32,0.7330594575492535,8.043361604382012,98.13274486504838,49070.0,70,0.876849398818015,696.0610902183732,604,15071,nearest_locality_proxy
S0400,1078.0,3,1.0,7617.0,14,1.0,7.810768018905081,98.31516352824579,27877.0,47,0.7832263156006743,2056.4326607583994,303,15071,nearest_locality_proxy
S0401,1001.0,2,1.0,6772.0,12,1.0,7.782095392793858,98.59708193041526,25829.0,42,0.7660381741453405,3127.869560211682,303,15071,nearest_locality_proxy
S0402,155151.0,34,0.13093051285521848,417344.0,116,0.16069477457445178,10.048468041261817,99.34233809130589,1473892.0,279,0.10220491053618583,907.2864517439367,7859,15118,nearest_locality_proxy
S0403,4897.0,10,1.0,30976.0,46,0.913384555785124,7.192677233987602,97.212183789365,286213.0,221,0.5372816748365727,1291.1663145085151,646,15007,nearest_locality_proxy
S0404,41290.0,16,0.3505691450714459,69115.0,51,0.48359979743905085,8.453910388144376,98.34758829347763,180517.0,233,0.6604696510577951,601.2498220347019,1464,15110,nearest_locality_proxy
S0405,17860.0,23,0.7887458006718925,47751.0,70,0.868191242068229,7.1902247355744064,97.67648891658506,199978.0,243,0.8198201802198242,83.22862671590225,6,15111,nearest_locality_proxy
S0406,5134.0,17,1.0,28869.0,53,0.8831965083653747,7.1835823429541605,97.27691663175534,130029.0,171,0.6456252066846626,499.5050588956527,944,15041,nearest_locality_proxy
S0407,69645.0,18,0.0840835666594874,131032.0,65,0.3123511813908053,8.848053255386215,98.88755451614942,434984.0,299,0.44735668438379345,1063.4136848465212,2255,15042,nearest_locality_proxy
S0408,55580.0,20,0.17794170564951423,128867.0,69,0.3517424941994459,8.88532514899429,98.87352790578598,427964.0,299,0.4594989298165266,1083.9557316512319,3976,15042,nearest_locality_proxy
S0409,31047.0,34,0.7663220278931941,110260.0,91,0.5048068202430619,8.433986830290332,98.67454310503969,407459.0,283,0.4114082643897914,379.8100290545418,772,15047,nearest_locality_proxy
S0410,22916.0,27,0.8787746552626986,99651.0,91,0.630078975624931,7.63041398205576,98.49472510506905,487535.0,304,0.3758007117437722,564.8578481014728,690,15047,nearest_locality_proxy
S0411,9908.0,16,1.0,54733.0,51,0.506275921290629,8.562813031006193,99.01882404244495,901844.0,357,0.24236453311215686,2992.8796302265187,43,15038,nearest_locality_proxy
S0412,32975.0,34,0.49925701288855195,1024564.0,92,0.04228530379751777,10.825975027353179,99.70824412942615,5172218.0,258,0.02567679861908373,425.99005729339996,88,15057,nearest_locality_proxy
S0413,27461.0,28,0.5296238301591347,1529041.0,84,0.02483779048436242,10.9180471904557,99.65683765136518,6972579.0,250,0.01838860484764676,737.7054551288466,1128,15057,nearest_locality_proxy
S0414,36564.0,23,0.5264467782518324,119348.0,79,0.41040486644099605,8.169752907463888,97.85294428214424,466859.0,349,0.5117947817221046,955.7891430532507,2389,15074,nearest_locality_proxy
S0415,20561.0,21,0.8334224989056952,120586.0,97,0.5748262650722306,7.201177334018875,97.51196521866208,423879.0,363,0.5844097018252851,1145.4307995120353,300,15074,nearest_locality_proxy
S0416,19717.0,22,0.729776335142263,84183.0,106,0.936709311856313,6.442697813097655,97.89524943187966,254182.0,285,0.7621704133258846,757.152290055557,376,15124,nearest_locality_proxy
S0417,842.0,3,1.0,4842.0,19,1.0,6.557348203221809,98.77589453860641,88018.0,122,0.9394669272194324,1828.140946176167,144,15124,nearest_locality_proxy
S0418,96606.0,38,0.25936277249860257,206475.0,105,0.2793364814142148,9.663975443779817,99.27324678551463,949956.0,326,0.17093423274341127,412.1370970624333,173,15006,nearest_locality_proxy
S0419,30406.0,29,0.6842728408866671,163755.0,78,0.3092363591951391,9.707993795495627,99.27033929222911,686603.0,297,0.22567043837559697,376.4247932888155,4133,15101,nearest_locality_proxy
S0420,4391.0,3,1.0,36912.0,43,0.7668779800606849,8.182970930075044,98.85255306942054,313316.0,281,0.3772932119649172,477.36351464501666,2009,15063,nearest_locality_proxy
S0421,17316.0,23,0.8187803187803188,52820.0,56,0.7131200302915562,8.217948844165926,99.06301949523953,251331.0,282,0.4804023379527396,494.3753189610498,203,15063,nearest_locality_proxy
S0422,402.0,4,1.0,61715.0,49,0.5212833184801102,8.152313775055498,98.95974061064577,895169.0,368,0.2544134124394388,1157.093622600568,43,15038,nearest_locality_proxy
S0423,68660.0,35,0.35349548499854355,243513.0,117,0.31372863050432626,9.204962445228347,99.02332488861711,1161749.0,397,0.20062164891039286,921.8396153659982,608,15067,nearest_locality_proxy
S0424,111332.0,48,0.3003269500233536,265152.0,116,0.287763245232923,9.33618510626261,99.09943054578028,1355239.0,406,0.17585532883867716,740.3606684560472,545,15115,nearest_locality_proxy
S0425,14737.0,13,0.33636425324014385,172979.0,84,0.2658415183345955,10.072737601036089,99.35766423357664,1217347.0,391,0.13159353906486812,1043.133326339429,4535,15062,nearest_locality_proxy
S0426,54129.0,25,0.3788542186258752,223274.0,88,0.22820391088975878,9.866243292633769,99.30857482139778,787876.0,359,0.18462676867933533,606.8959717371939,57,15101,nearest_locality_proxy
S0427,9351.0,19,0.6903005026200406,334694.0,90,0.10627916843445057,10.869285842358172,99.65246348631645,1390324.0,414,0.12720847802382754,214.66640441463582,137,15037,nearest_locality_proxy
S0428,334807.0,47,0.06030339867446021,535360.0,119,0.0997497011356844,11.151754190632934,99.72167050836649,4060643.0,333,0.0385325673791072,663.8091240377474,4553,15037,nearest_locality_proxy
S0429,238264.0,39,0.06415572642111271,554792.0,120,0.10151912788937115,11.063224335875605,99.71791164658634,6724233.0,288,0.018622346965073935,325.10129223398246,1312,15037,nearest_locality_proxy
S0430,17287.0,19,0.4447850986290276,43970.0,63,0.6707527859904481,8.13651015719193,97.01202263083451,214004.0,197,0.41288013308162463,364.62195347213947,2,15112,nearest_locality_proxy
S0431,10738.0,19,0.5974110635127584,40456.0,55,0.6179305912596401,7.9160602463273495,96.50452934226074,215065.0,244,0.5953083951363541,851.8314654421765,4323,15056,nearest_locality_proxy
S0432,13945.0,10,0.4719971315883829,41803.0,58,0.647704710188264,7.9932082066505465,96.46159652764672,263401.0,248,0.4853360465601877,1476.569174400388,149,15056,nearest_locality_proxy
S0433,19150.0,15,0.36840731070496086,72163.0,63,0.5055360780455358,8.645605688859318,97.7003977984851,309538.0,265,0.4729403175054436,346.02344750787654,7364,15014,nearest_locality_proxy
S0434,52088.0,26,0.3170211949009369,116767.0,76,0.3787970916440433,9.9202431293263,98.82947058626802,395506.0,294,0.46741642351822726,1078.0056136927744,23219,15014,nearest_locality_proxy
S0435,1182063.0,3,7.698405245744093e-05,2623361.0,23,0.0025070891882588786,11.013018936035417,99.65821969918652,10244761.0,212,0.009164781882173728,1302.3746844881223,523065,15013,nearest_locality_proxy
S0436,337442.0,9,0.015504886765725666,447970.0,58,0.07967051365046766,9.782100475478268,99.6109243697479,4363314.0,251,0.027444277445996323,2271.2067099732317,323545,15060,nearest_locality_proxy
S0437,74592.0,25,0.23178088803088803,463263.0,80,0.09804150126386092,9.684394726957962,99.5505362735076,1808052.0,218,0.06427746547112582,820.3188420182152,1834,15060,nearest_locality_proxy
S0438,72999.0,27,0.22948259565199522,456215.0,82,0.0978902491150006,9.660426006216381,99.51744923335364,1679452.0,215,0.06689860740289094,273.9698321155588,1292,15060,nearest_locality_proxy
S0439,27968.0,23,0.33506149885583525,129508.0,80,0.3912962905766439,8.80680171728169,99.11342738191512,591918.0,213,0.18994860774634326,500.89598096670187,888,15060,nearest_locality_proxy
S0440,26173.0,26,0.44687273144079775,42392.0,63,0.6584968862049443,8.115519218517733,97.11828743939256,549872.0,195,0.1729475223324701,348.19825316654595,9598,15112,nearest_locality_proxy
S0441,7850.0,13,1.0,22815.0,45,0.8580758273065965,8.195059416794564,96.83863123154421,165520.0,178,0.5096181730304495,727.7686909185712,865,15026,nearest_locality_proxy
S0442,66530.0,23,0.12967082519164286,138242.0,79,0.3530981901303511,9.698992062975261,98.68248819076888,400446.0,298,0.4614330022025442,671.703466050128,5,15014,nearest_locality_proxy
S0443,64107.0,22,0.15190228836164538,153044.0,81,0.3457306395546379,9.681265954318203,98.71413171808429,402147.0,303,0.463711031040888,1064.9070273812947,5,15014,nearest_locality_proxy
S0444,22938.0,18,0.4416252506757346,97741.0,79,0.516794385160782,8.551313775249165,98.55242239143168,375826.0,307,0.5220953313501461,1091.937711044817,940,15064,nearest_locality_proxy
S0445,18221.0,26,1.0,65261.0,74,0.6591992154579305,7.902733792004414,98.37509302902505,337864.0,287,0.5534593801056046,944.7232097207742,498,15064,nearest_locality_proxy
S0446,19856.0,16,0.6993352135374697,43892.0,58,0.8639843251617607,7.947368768796135,98.68348875479978,185760.0,205,0.6978251507321275,362.4894180033227,1222,15064,nearest_locality_proxy
S0447,0.0,0,,21352.0,23,0.7204008992131885,8.462834394904457,98.83051791349546,113582.0,161,0.8693983201563628,5538.897964068494,1123,15064,nearest_locality_proxy
S0448,0.0,0,,0.0,0,,,,0.0,0,,27491.204553397394,221,15124,nearest_locality_proxy
S0449,0.0,0,,0.0,0,,,,0.0,0,,61027.42086491522,221,15124,nearest_locality_proxy
S0450,0.0,0,,0.0,0,,,,0.0,0,,65976.11490534649,144,15124,nearest_locality_proxy
S0451,0.0,0,,0.0,0,,,,0.0,0,,92158.92936739343,144,15124,nearest_locality_proxy
S0452,5311.0,16,1.0,169535.0,84,0.2005780517297313,10.021495253211237,99.42012453063359,1413924.0,432,0.1268972023956026,955.5807131341095,1106,15062,nearest_locality_proxy
S0453,12425.0,11,0.21287726358148892,132642.0,64,0.195752476591125,9.89791246908367,99.38891990818288,1374242.0,425,0.12532217760772849,1251.4168795730493,17,15062,nearest_locality_proxy
S0454,14737.0,13,0.33636425324014385,174322.0,88,0.27149757345601816,10.071206304037268,99.3489897285046,1274983.0,396,0.12927152754193585,946.7821976088867,4535,15062,nearest_locality_proxy
S0455,119623.0,43,0.26753216354714393,238615.0,102,0.256434004568028,9.841989622930141,99.2787213860004,874419.0,292,0.16987965723526136,729.9172051470575,203,15043,nearest_locality_proxy
S0456,101942.0,39,0.24806262384493144,208790.0,108,0.2873269792614589,9.664603362391032,99.26259729619008,982335.0,328,0.16600243297856637,442.0936693780272,173,15006,nearest_locality_proxy
S0457,70335.0,31,0.13142816520935524,211969.0,105,0.18086607003854338,9.911777454874839,99.43176345950111,1080675.0,358,0.1730214911976311,231.69901612685007,642,15090,nearest_locality_proxy
S0458,244237.0,7,0.0030707878003742267,2581540.0,34,0.0028471377549834594,11.107371507350873,99.65557745525493,8243069.0,222,0.010376960328731932,2180.5389631667003,216776,15109,nearest_locality_proxy
S0459,729402.0,21,0.004587319475405881,1489509.0,100,0.025108945296738724,10.788268161338035,99.62748194673836,5651391.0,274,0.017479236527785814,1789.8336154879603,6241,15024,nearest_locality_proxy
S0460,162740.0,30,0.05678997173405432,1167034.0,101,0.03248234413050519,10.923121336710702,99.62487442049088,5701590.0,286,0.017894131286185083,1051.6899784206066,2899,15024,nearest_locality_proxy
S0461,131614.0,25,0.08992964274317322,453477.0,95,0.0656240559058122,10.012428474076883,99.52300172995851,2872882.0,276,0.032968635676648046,1326.0807133629255,604,15091,nearest_locality_proxy
S0462,144699.0,22,0.03759528400334487,293168.0,52,0.05924589313976969,9.696552120536095,99.55810756997701,943596.0,222,0.0825543982806201,442.02901146844965,4185,15035,nearest_locality_proxy
S0463,32023.0,19,0.280548355869219,93593.0,29,0.10558481937751756,9.656096930325985,99.47751373945351,407488.0,94,0.07672863986178734,1229.5861368536112,681,15010,nearest_locality_proxy
S0464,10750.0,16,1.0,64382.0,82,0.5907707123108944,8.412272995557764,98.71520342612419,243814.0,297,0.5277752713133782,150.95184384645168,1277,15040,nearest_locality_proxy
S0465,5332.0,17,1.0,28565.0,73,1.0,7.1177745492735855,98.37452094621382,170210.0,294,0.6452206098349098,1282.0859921302012,175,15117,nearest_locality_proxy
S0466,10757.0,19,0.7064237240866412,38601.0,71,0.6731690888837076,8.333374264915415,98.11377545901475,113559.0,260,0.8277547354238766,243.33481753634177,190,15004,nearest_locality_proxy
S0467,9554.0,30,0.6766799246388947,25343.0,70,0.6341001459969222,7.512508884150675,97.68751852949896,112615.0,320,0.6556586600364073,827.7942261428001,153,15117,nearest_locality_proxy
S0468,46191.0,31,0.25987746530709444,61663.0,82,0.4455832508959992,9.056802847967822,99.20532368523065,121002.0,279,0.591461298160361,704.1048236867067,489,15082,nearest_locality_proxy
S0469,47539.0,34,0.21832600601611307,124502.0,94,0.3266051950972675,9.736520060541801,99.28895612708018,561856.0,293,0.17159734878687777,602.4049208562458,158,15065,nearest_locality_proxy
S0470,30681.0,36,0.42935367165346633,75242.0,80,0.3166050875840621,9.61147364453777,99.08427672955975,251140.0,213,0.28759655968782355,524.9799881016854,33,15016,nearest_locality_proxy
S0471,8484.0,13,0.34252710985384255,22645.0,29,0.369529697504968,9.125536748132763,98.99216125419933,99675.0,111,0.3419613744670178,1648.0559100762023,1057,15016,nearest_locality_proxy
S0472,7160.0,6,0.22094972067039106,8484.0,13,0.34252710985384255,9.16571748878924,99.26724137931035,62441.0,74,0.3494658958056405,3394.1993119451504,10,15016,nearest_locality_proxy
S0473,6511.0,7,0.5954538473352787,112272.0,37,0.21656334615932735,8.916053318369272,99.04509073619145,827603.0,219,0.13988832809934232,747.633533788692,33,15118,nearest_locality_proxy
S0474,1385.0,3,1.0,9878.0,15,0.733346831342377,8.045156582547886,98.80085653104925,475467.0,190,0.2054884986760385,803.9674218530207,768,15118,nearest_locality_proxy
S0475,4742.0,14,1.0,26414.0,57,0.8896418565912017,7.692814452903081,97.5776397515528,112375.0,213,0.8496373748609566,1584.0369644603227,330,15086,nearest_locality_proxy
S0476,14541.0,22,0.7995323567842652,39356.0,67,0.6794389673747332,8.442542058449808,97.75336994508238,123007.0,276,0.8409846594096271,1123.0745569501594,158,15004,nearest_locality_proxy
S0477,10760.0,14,0.39191449814126395,36632.0,67,0.6556016597510373,8.338288108757371,98.11402090742537,97253.0,253,0.8371669768541844,582.661102044158,3880,15080,nearest_locality_proxy
S0478,30991.0,13,0.24916911361362976,139968.0,69,0.25040723593964337,9.202342895930835,98.85412457426543,395407.0,289,0.4538083544297395,826.3787178605284,1824,15042,nearest_locality_proxy
S0479,19524.0,19,0.5392337635730383,95395.0,73,0.45346192148435455,8.939928914424708,98.53033538500189,369713.0,278,0.43565414253759,437.6279565627761,275,15048,nearest_locality_proxy
S0480,14130.0,11,0.4789101203113942,42432.0,58,0.652927036199095,8.015556132075472,96.49708090075063,254794.0,248,0.5024490372614739,1235.499044644873,149,15056,nearest_locality_proxy
S0481,16891.0,13,0.6656799479012492,77203.0,47,0.393274872738106,9.070471743326037,98.17553488844844,160194.0,157,0.5774373572043897,134.8346092650508,935,15045,nearest_locality_proxy
S0482,10042.0,10,0.5606452897829117,38086.0,22,0.3305414062910256,10.03337814419997,98.93453637934344,99890.0,81,0.5098208028831714,1631.3215607870113,1549,15045,nearest_locality_proxy
S0483,4079.0,13,1.0,26260.0,58,0.888994668697639,7.6787675720979855,97.57547317378382,113011.0,212,0.8504835812443037,1100.0546916877984,330,15086,nearest_locality_proxy
S0484,22958.0,26,0.6975346284519558,56448.0,79,0.8032171201814059,7.2313304280045365,98.93816364772017,245603.0,278,0.5767722706970192,802.543076751725,1037,15021,nearest_locality_proxy
S0485,37314.0,28,0.2939111325507852,73097.0,77,0.5734708674774615,8.346396568942637,98.78111499691421,285724.0,316,0.5278940516022456,825.2784834394787,19326,15040,nearest_locality_proxy
S0486,23731.0,19,0.553790400741646,84863.0,88,0.7757562188468473,6.844891753974521,97.55194839528367,287587.0,309,0.7691237781958156,873.0441519267973,1143,15114,nearest_locality_proxy
S0487,22628.0,24,0.7645395085734489,87443.0,111,0.9390688791555643,6.437438903056848,97.88893510815308,257757.0,290,0.7654690270293338,1268.1198137776348,376,15124,nearest_locality_proxy
S0488,16877.0,14,0.6462641464715293,41248.0,55,0.8552657098525989,7.896257515515903,98.63572993427604,180662.0,206,0.7174004494581041,390.99500375563207,149,15064,nearest_locality_proxy
S0489,106800.0,21,0.13347378277153557,960242.0,74,0.03430281116635182,10.989656166426446,99.63827347708695,3903545.0,263,0.026587627400222105,952.1072654174607,10787,15095,nearest_locality_proxy
S0490,28855.0,23,0.2764512216253682,476153.0,65,0.0822760751271125,9.766908640710023,99.57735310443263,2398436.0,254,0.048936890540335454,222.20301519734164,18,15095,nearest_locality_proxy
S0491,72999.0,27,0.22948259565199522,456215.0,82,0.0978902491150006,9.660426006216381,99.51744923335364,1679452.0,215,0.06689860740289094,276.8427031260637,1292,15060,nearest_locality_proxy
S0492,25294.0,27,0.7196963706807938,64850.0,74,0.6570393215111796,7.906976561295298,98.40408952060345,332386.0,285,0.5585734657897745,1000.603134267043,235,15085,nearest_locality_proxy
S0493,12619.0,20,0.7197876218400824,60075.0,64,0.5885642946317103,8.148944153141906,98.81327039076842,284826.0,248,0.5669004936347103,480.7459069191104,1898,15085,nearest_locality_proxy
S0494,21498.0,13,0.1800632616987627,61932.0,62,0.5189239811406058,8.038363043337855,98.74897843716603,259593.0,230,0.5352686705727813,1542.8812651094693,528,15085,nearest_locality_proxy
S0495,395598.0,29,0.016208373146476978,1875076.0,94,0.013127467899967788,10.943199397769954,99.67843563685385,5984082.0,264,0.014248133631858654,1230.7508516218707,3983,15024,nearest_locality_proxy
S0496,192410.0,45,0.05640559222493633,913193.0,111,0.03459509654585613,10.464147356985707,99.54981679989096,4726704.0,306,0.020371489308406026,139.54196189553093,23,15024,nearest_locality_proxy
S0497,136562.0,25,0.07791332874445307,324267.0,101,0.09716684090579676,9.67016372255997,99.47812353365302,2834640.0,295,0.03334779725115006,1598.7952487778,53362,15120,nearest_locality_proxy
S0498,158782.0,43,0.1735650136665365,372007.0,90,0.12342240871811552,10.385973548387096,99.29025028016436,1882427.0,441,0.12243768284241567,890.4549106544845,1430,15051,nearest_locality_proxy
S0499,56522.0,29,0.35591451116379463,348936.0,102,0.17546197583511017,10.255817570588437,99.18929778534118,2059378.0,439,0.11218241624412809,541.4568939833392,945,15051,nearest_locality_proxy
S0500,62568.0,24,0.26356923667050247,278181.0,115,0.2543128394822076,10.138448267804566,99.22616650365342,2043428.0,448,0.1168805556153679,281.8161930749038,5265,15051,nearest_locality_proxy
S0501,95634.0,39,0.31967710228579793,296349.0,122,0.2522498810524078,9.783155156006398,99.18705954164585,1753865.0,431,0.13142060534875832,392.6955381448877,4716,15051,nearest_locality_proxy
S0502,115244.0,42,0.23081461941619522,351612.0,131,0.22651388462282288,9.623372818930333,99.21034749396631,1635366.0,398,0.14360821981134497,944.6601015988265,22953,15115,nearest_locality_proxy
S0503,112506.0,42,0.21826391481343219,403941.0,147,0.227973887275617,9.358864544495772,99.12622457056507,1572884.0,362,0.13156659995269834,148.47950281769585,1136,15067,nearest_locality_proxy
S0504,68534.0,40,0.43308430851839963,358228.0,134,0.2289212456871043,9.278752282308274,99.20593398672294,1486862.0,375,0.14596310888300326,93.84364512818956,809,15087,nearest_locality_proxy
S0505,56088.0,36,0.45161175295963485,234845.0,119,0.3091996848985501,8.57593285520813,99.06681391496411,1329278.0,377,0.16788136115996805,614.5806756576986,477,15087,nearest_locality_proxy
S0506,25385.0,15,0.41532401024226906,175089.0,98,0.34439627846409543,8.412213793221635,99.01706186442735,1291303.0,378,0.17088940395863714,808.0318201849117,266,15087,nearest_locality_proxy
S0507,37522.0,14,0.18149352379937103,100653.0,61,0.4336482767528042,8.443652173913044,99.0525481030093,1200192.0,377,0.18853733402655576,1431.5905722640284,1875,15087,nearest_locality_proxy
S0508,25757.0,11,0.23970182862911052,134860.0,73,0.341428147708735,8.949886890413499,99.1960217967424,1307745.0,377,0.17969405350431467,1569.92807806841,8079,15005,nearest_locality_proxy
S0509,382327.0,18,0.0315462941408794,462521.0,68,0.0820438423336454,9.696116824965783,99.55657890454648,3575468.0,243,0.034126441629459416,1815.4072740939198,5213,15060,nearest_locality_proxy
S0510,20831.0,24,0.8009217032307618,101358.0,64,0.3726691529035695,9.13661707249694,99.34500325583177,1270174.0,296,0.13410052480998666,350.0543730344716,1639,15038,nearest_locality_proxy
S0511,6195.0,10,1.0,48956.0,45,0.5629953427567612,8.449628018139478,99.03596889176929,887077.0,359,0.24544092564681533,1305.0481299766482,43,15038,nearest_locality_proxy
S0512,108805.0,44,0.20223335324663388,627977.0,115,0.0807242940426162,11.243047370021863,99.45391067451236,1912916.0,386,0.09271499637203097,529.1946384781833,1491,15018,nearest_locality_proxy
S0513,100306.0,35,0.21387554084501426,316527.0,130,0.23871897184126473,10.033767443770794,99.3572193786454,1144675.0,336,0.14217048507218205,639.6720614077917,2373,15101,nearest_locality_proxy
S0514,123421.0,45,0.2565851840448546,209604.0,102,0.2921986221636992,9.73382657735028,99.28038434018195,844128.0,291,0.17662961067515828,607.8298374050978,2094,15043,nearest_locality_proxy
S0515,170029.0,33,0.07837486546412671,717156.0,118,0.09039734729961124,10.921034200989203,99.44572649800408,1611573.0,319,0.10523693310821167,124.22017076556206,2102,15118,nearest_locality_proxy
S0516,85833.0,33,0.20811342956671677,276428.0,107,0.23732038722560667,9.936383532204026,99.33291670905577,1443720.0,318,0.1329634555176904,686.0226269493279,3021,15005,nearest_locality_proxy
S0517,2727.0,13,1.0,59769.0,77,0.33626127256604593,9.022512550200801,99.38754235079489,113690.0,298,0.6227372680094995,44.63998946484967,276,15082,nearest_locality_proxy
S0518,14794.0,22,0.41165337298904964,26555.0,76,0.6722274524571644,7.194333509155301,99.03374461126802,101963.0,260,0.545246805213656,883.1368413657655,496,15123,nearest_locality_proxy
S0519,5759.0,13,0.3962493488452856,21055.0,64,0.8348610781287105,7.302869437048308,98.71673900735988,107010.0,238,0.6097934772451172,616.1279293201467,25,15116,nearest_locality_proxy
S0520,214483.0,22,0.020999333280493093,822296.0,109,0.057923180947006915,10.715492714688953,99.43914543475454,2036249.0,445,0.12464290958522263,575.655698449541,5399,15106,nearest_locality_proxy
S0521,93145.0,35,0.21778946803371088,448101.0,119,0.14341186473585196,9.332581304623407,99.25203373805266,1811343.0,401,0.12973798998864378,846.0946917332934,1001,15087,nearest_locality_proxy
S0522,77869.0,42,0.4109465897854088,348877.0,130,0.2225139519085523,9.293964120984178,99.22832880110681,1476302.0,377,0.14801239854718073,290.6715590171373,809,15087,nearest_locality_proxy
S0523,65253.0,40,0.4673195102140898,327431.0,132,0.25278608317477574,9.323001035408527,99.23843443337249,1430645.0,368,0.15002114430903543,400.88304982823485,5119,15087,nearest_locality_proxy
S0524,30324.0,33,0.7776348766653476,108751.0,100,0.6254287316898235,7.8126218592502665,98.57052847129243,547708.0,315,0.33399366085578447,322.9138081029704,607,15047,nearest_locality_proxy
S0525,15050.0,15,0.7759468438538206,44259.0,57,0.8201043855487019,7.223534157420171,97.08883272489001,164361.0,195,0.6632108590237343,563.4652701360116,1601,15111,nearest_locality_proxy
S0526,14650.0,11,0.6866894197952218,59780.0,57,0.780327868852459,7.225922549347608,97.07803862445257,192316.0,238,0.6813005678154703,810.3010500875324,1702,15032,nearest_locality_proxy
S0527,8138.0,13,1.0,20345.0,49,1.0,8.713948947471966,98.52168838747325,145673.0,219,0.6015116047586032,1264.4593525153482,476,15086,nearest_locality_proxy
S0528,5748.0,12,0.39509394572025053,19578.0,59,0.8224026969046889,7.341771413960624,98.96928051738075,107489.0,234,0.6115323428443841,360.4328029691997,3477,15116,nearest_locality_proxy
S0529,4096.0,24,1.0,20652.0,71,0.8316385822196397,7.824582929194954,99.1046957792801,89372.0,186,0.5924450610929598,875.761201300549,230,15066,nearest_locality_proxy
S0530,8930.0,15,1.0,23858.0,53,1.0,8.639503144654089,98.53504245047445,146492.0,221,0.6037394533489884,1384.4705134563467,99,15086,nearest_locality_proxy
S0531,8138.0,13,1.0,20345.0,49,1.0,8.713948947471966,98.52168838747325,145702.0,219,0.6015909184499869,1160.1104462275177,476,15086,nearest_locality_proxy
S0532,6296.0,21,1.0,44360.0,57,0.45520739404869254,9.072093463845912,99.02727114816744,148033.0,194,0.6822667918639763,568.1914835860586,982,15110,nearest_locality_proxy
S0533,22527.0,14,0.6691525724685933,64831.0,63,0.8850395644059169,6.855867398883165,97.7660887070589,416687.0,279,0.49016168011001066,1296.8183081117936,1420,15114,nearest_locality_proxy
S0534,18482.0,15,0.7814089384265772,86540.0,73,0.6740120175641322,6.897709267390802,97.86255684689237,406971.0,276,0.5056429082170474,439.1987585332615,2374,15005,nearest_locality_proxy
S0535,30486.0,19,0.5701961556124122,132366.0,87,0.46511188673828624,6.925720200051373,97.72548739555809,422564.0,328,0.5634389110288619,1069.0890183125464,2904,15074,nearest_locality_proxy
S0536,31974.0,24,0.503753049352599,104183.0,93,0.6424752598792509,6.482924469443192,97.3444169849472,386807.0,363,0.658121492113638,952.413008880955,406,15074,nearest_locality_proxy
S0537,11317.0,17,0.7162675620747548,18168.0,37,0.8232606781153676,8.46815989428477,98.35830084137082,56772.0,87,0.8935566828718382,1551.1148266185694,3211,15071,nearest_locality_proxy
S0538,5279.0,10,1.0,22821.0,34,0.7352000350554314,8.038213049384337,98.06266846361186,48063.0,69,0.8742691883569482,1169.695658491835,604,15071,nearest_locality_proxy
S0539,194196.0,21,0.07948670415456549,613969.0,112,0.09864178810330815,11.046855489427685,99.45995677133548,1943528.0,432,0.11372102691600018,972.013562502339,15052,15051,nearest_locality_proxy
S0540,90993.0,31,0.15974855208642422,324398.0,127,0.1894802064131098,10.466920511121046,99.4792127517033,1517098.0,347,0.10716380879811324,1624.9524752037041,59,15073,nearest_locality_proxy
S0541,173777.0,15,0.055128123974979425,586337.0,97,0.09111142568181779,11.021216124025718,99.4544760601195,1981533.0,451,0.12490329457041593,458.83529007289724,1790,15051,nearest_locality_proxy
S0542,136736.0,32,0.12354464076761058,518009.0,117,0.12345538397981502,10.005817796070287,99.29817743753158,1785376.0,416,0.12745550517089957,656.2717056138385,5229,15106,nearest_locality_proxy
S0543,100459.0,25,0.12967479270150012,476700.0,107,0.10389343402559262,9.641900548174533,99.369297289936,1816992.0,407,0.1304887418326553,712.588257068525,3300,15106,nearest_locality_proxy
S0544,6088.0,11,1.0,54618.0,65,0.8450877000256326,7.241729466476253,97.03215169002473,249879.0,248,0.6998507277522321,1165.8602256850525,232,15007,nearest_locality_proxy
S0545,546282.0,2,0.0,1212861.0,49,0.018000413897388077,11.014840537409665,99.6735134132056,7719878.0,241,0.011987106531994418,2802.119965613068,515353,15121,nearest_locality_proxy
S0546,989939.0,10,0.0027062273534025835,1777184.0,58,0.010303378828528728,10.99175206283255,99.68567544571691,8188067.0,232,0.010038633049778416,1669.6305957946472,30929,15109,nearest_locality_proxy
S0547,651677.0,22,0.0077338927106526695,1746385.0,79,0.011050255241541813,11.005588418534284,99.68678979387275,7472669.0,233,0.009705635295769156,1108.914410366895,1251,15108,nearest_locality_proxy
S0548,408029.0,36,0.024824215925828803,1087167.0,101,0.02227440678387037,10.890059911250768,99.62451311016619,5435011.0,301,0.017185429799498105,579.1647631508486,453,15109,nearest_locality_proxy
S0549,30578.0,24,0.29730525214206294,146689.0,69,0.16440223875000853,9.724016048103405,99.26843153999431,903577.0,300,0.15847127582928738,1025.7956568312575,6404,15090,nearest_locality_proxy
S0550,31443.0,24,0.3853639919854976,79669.0,83,0.5695565401850154,8.329731890697762,98.84147794994041,293673.0,306,0.5178310569919604,927.2405666503536,600,15040,nearest_locality_proxy
S0551,83422.0,17,0.13781736232648462,669517.0,113,0.10021851573597086,10.948421995190513,99.4151607874834,1987069.0,461,0.1283402841068931,1733.4310151601508,22,15051,nearest_locality_proxy
S0552,67521.0,28,0.2787725300276951,302003.0,116,0.24301414224362008,10.18373271080647,99.23517910110267,1802942.0,441,0.12964920668551733,716.3173117654768,2478,15051,nearest_locality_proxy
S0553,60202.0,34,0.328793063353377,578254.0,136,0.12208994663244872,10.977885711913915,99.70695788761338,3156484.0,351,0.05600503598307484,1105.6051446753984,16,15037,nearest_locality_proxy
S0554,62945.0,24,0.2659146874255302,219831.0,103,0.2823669091256465,9.614438721888323,99.28386130293397,1305312.0,323,0.15186637370988698,788.7178018287336,2887,15005,nearest_locality_proxy
S0555,20099.0,16,0.6761530424399224,124138.0,80,0.519832766759574,8.588104184457729,98.93704544706618,973543.0,278,0.19020012469916583,800.5586679407949,2195,15005,nearest_locality_proxy
S0556,21050.0,21,0.7009976247030879,69652.0,77,0.7576092574513295,7.345631901664298,97.76187299084127,251910.0,277,0.781918145369378,622.910394775616,1551,15111,nearest_locality_proxy
S0557,1208425.0,2,0.0,4268338.0,30,0.0025112819087897914,11.524849306685647,99.50694963338253,10101509.0,186,0.007064885058262088,2173.713453652602,776220,15057,nearest_locality_proxy
S0558,779591.0,2,0.0,3512068.0,35,0.003830221966089495,11.573256443146695,99.47553927946745,9255783.0,197,0.009246867606986897,431.4615444048398,776220,15057,nearest_locality_proxy
S0559,121774.0,23,0.05406737070310575,266220.0,54,0.07435955225001878,9.72771307506508,99.57587581643905,1577193.0,239,0.05587204609708514,1245.0420710914557,2983,15035,nearest_locality_proxy
S0560,121128.0,43,0.07601875701737006,767631.0,124,0.046392081612128745,10.278965260271116,99.56034040020543,4753835.0,309,0.020384174040537797,898.4788918209002,6,15024,nearest_locality_proxy
S0561,199561.0,18,0.023195915033498528,2876348.0,72,0.006190141109490228,10.560809006975617,99.7185148518509,5446104.0,315,0.015625665613436687,687.9354519226565,9,15125,nearest_locality_proxy
S0562,1652754.0,4,0.00041506479488175496,2056137.0,31,0.002279517366790248,10.350587986967666,99.70525366848257,5852849.0,280,0.013209976884761592,2118.4283760513076,1643623,15033,nearest_locality_proxy
S0563,8445.0,1,0.0,1857007.0,28,0.005455014439902488,10.140334640634096,99.67742255857144,9043301.0,283,0.00920206017691991,3495.581785096718,8445,15011,nearest_locality_proxy
S0564,0.0,0,,26678.0,8,0.0906364794962141,8.616759016270525,99.0351788629954,11245035.0,243,0.006664096643540905,8280.360751308284,8445,15011,nearest_locality_proxy
S0565,0.0,0,,1782202.0,10,0.0010610469520290068,9.919179807602525,99.67414394899934,10099873.0,233,0.007617521527250887,5941.177310095674,4,15058,nearest_locality_proxy
S0566,43332.0,21,0.3336333425643866,70721.0,42,0.39204762376097624,9.486978973713606,98.26157595450853,138880.0,131,0.5656033986175115,610.4940744261294,3079,15045,nearest_locality_proxy
S0567,8903.0,10,0.6214759069976412,24989.0,28,0.7545720116851414,7.955203889711474,95.79908675799086,121341.0,119,0.5951244838925013,1739.0975061513275,831,15045,nearest_locality_proxy
S0568,5641.0,5,0.5101932281510371,19330.0,19,0.6827211588204863,8.044734092084841,96.17908143573909,74939.0,80,0.6477401619984254,893.217295987421,706,15045,nearest_locality_proxy
S0569,0.0,0,,7027.0,6,0.6068023338551302,7.897784260708694,97.2462203023758,34632.0,48,0.8229094479094479,5684.964727542703,2763,15045,nearest_locality_proxy
S0570,0.0,0,,2763.0,1,0.0,8.27,97.56427604871448,25857.0,37,0.7628108442588081,9216.572763586812,2763,15045,nearest_locality_proxy
S0571,94531.0,26,0.06219123885286308,302728.0,91,0.07098781744668481,9.882308040478259,99.58583557672397,3714498.0,323,0.026033935137399454,1433.3626704307494,21565,15081,nearest_locality_proxy
S0572,138276.0,33,0.11001909225028204,344623.0,99,0.09153480760134988,9.668929616215086,99.52691157624946,2322067.0,298,0.03802775716635222,1027.5367384957892,9,15120,nearest_locality_proxy
S0573,35563.0,7,0.008407614655681466,227189.0,65,0.08324786851476083,9.510474477937809,99.48172931837564,821992.0,208,0.08076477629952603,1325.4927139814738,3340,15096,nearest_locality_proxy
S0574,31770.0,14,0.2748190116462071,58031.0,24,0.16017301097689166,9.491120780272613,99.38521909744931,353889.0,85,0.08768003526529505,1001.931901585221,15171,15010,nearest_locality_proxy
S0575,30828.0,11,0.2526599195536525,57960.0,22,0.15914423740510697,9.494057971014495,99.39104243059194,300236.0,74,0.08038010098722338,1065.2609333128676,354,15010,nearest_locality_proxy
S0576,0.0,0,,354.0,1,1.0,8.89,100.0,58031.0,24,0.16017301097689166,9721.04731947471,354,15010,nearest_locality_proxy
S0577,0.0,0,,0.0,0,,,,31928.0,17,0.27840766725131544,13119.389951595975,3878,15010,nearest_locality_proxy
S0578,0.0,0,,0.0,0,,,,6016.0,4,0.35538563829787234,18274.894852882633,3878,15010,nearest_locality_proxy
S0579,0.0,0,,0.0,0,,,,0.0,0,,26299.26228686774,3878,15010,nearest_locality_proxy
S0580,0.0,0,,0.0,0,,,,0.0,0,,47863.39414240749,3878,15010,nearest_locality_proxy
S0581,36460.0,41,0.3725452550740538,87017.0,85,0.3430823862003976,9.60101118895744,99.1732660342877,300307.0,239,0.2701701925030053,410.53283176624154,237,15016,nearest_locality_proxy
S0582,19466.0,18,0.35353950477756085,75105.0,71,0.343958458158578,9.46341198996791,99.06202723146747,225325.0,189,0.28962609563963165,794.7964393832358,69,15016,nearest_locality_proxy
S0583,12176.0,10,0.4148324572930355,116536.0,45,0.13980229285371043,9.40148188831773,99.40989847715736,965882.0,222,0.07754570434069587,604.1888407116787,80,15084,nearest_locality_proxy
S0584,13164.0,6,0.11713764813126709,164575.0,54,0.10155248367005924,9.601369398495327,99.55616903801231,1034793.0,219,0.06866687347131262,3388.514969672795,2565,15120,nearest_locality_proxy
S0585,149807.0,35,0.06146575260168083,359924.0,93,0.06992865160422757,9.9741715503611,99.60352936603569,2005482.0,310,0.04597448393952177,864.6161475737467,12409,15120,nearest_locality_proxy
S0586,41294.0,18,0.09027945948563956,235806.0,69,0.08149071694528554,9.797237976079396,99.60857055223684,1116147.0,254,0.07199858083209469,1514.0268024393686,1013,15120,nearest_locality_proxy
S0587,359958.0,19,0.018254907516988092,1019486.0,114,0.04484612834310623,11.065988745231634,99.47805038893301,1867557.0,354,0.09717722136459557,541.9629730901501,22500,15106,nearest_locality_proxy
S0588,210653.0,33,0.06909941942436139,717220.0,111,0.08559716683862692,10.93444637631046,99.46064178825789,1624251.0,313,0.10082554974569817,1244.9620324832615,2102,15118,nearest_locality_proxy
S0589,175807.0,39,0.1165084439186153,423070.0,121,0.17828019003947337,10.017587670779557,99.33388923363326,1487498.0,282,0.10620384027407095,794.192536832308,7859,15118,nearest_locality_proxy
S0590,60402.0,30,0.35424323697890797,300806.0,105,0.23341289734912202,9.662500565159574,99.21114007408424,1178052.0,281,0.14627792321561356,392.89263513780423,199,15005,nearest_locality_proxy
S0591,34381.0,23,0.5058898810389459,169710.0,89,0.37748512167815684,9.071368430977383,99.04961497221952,985354.0,279,0.18975515398526824,690.8861906199978,1260,15005,nearest_locality_proxy
S0592,25713.0,19,0.5881849648037958,71824.0,72,0.8174704834038762,7.0730844960592645,97.46653919694073,270730.0,301,0.7817197946293355,326.6977892686412,2525,15114,nearest_locality_proxy
S0593,21741.0,20,0.7105008969228647,72044.0,81,0.7656570984398423,7.35574724771279,97.70337738619676,252877.0,277,0.7827520889602455,1274.4019312535384,1551,15111,nearest_locality_proxy
S0594,22226.0,26,0.7168181409160442,51799.0,74,0.8784918627772736,7.145628173691427,97.60572650979101,206654.0,247,0.8256409263793587,650.4711038002282,6,15111,nearest_locality_proxy
S0595,0.0,0,,1474.0,5,1.0,6.752367706919947,96.81697612732096,70033.0,112,0.8979766681421616,8472.075426403837,410,15111,nearest_locality_proxy
S0596,0.0,0,,0.0,0,,,,41602.0,70,0.9189462045093986,10030.735719460949,176,15032,nearest_locality_proxy
S0597,0.0,0,,0.0,0,,,,2151.0,10,1.0,15317.518718606181,176,15032,nearest_locality_proxy
S0598,0.0,0,,0.0,0,,,,1246.0,6,1.0,15937.074128457409,176,15032,nearest_locality_proxy
S0599,0.0,0,,0.0,0,,,,176.0,1,1.0,19067.52051475169,176,15032,nearest_locality_proxy
S0600,0.0,0,,0.0,0,,,,0.0,0,,24543.400817410966,144,15124,nearest_locality_proxy
S0601,0.0,0,,0.0,0,,,,0.0,0,,31308.020500684463,144,15124,nearest_locality_proxy
S0602,0.0,0,,0.0,0,,,,0.0,0,,50090.45310640164,144,15124,nearest_locality_proxy
S0603,0.0,0,,0.0,0,,,,0.0,0,,71549.5183991215,144,15124,nearest_locality_proxy
S0604,0.0,0,,0.0,0,,,,0.0,0,,80881.48305875724,144,15124,nearest_locality_proxy
S0605,0.0,0,,0.0,0,,,,0.0,0,,92449.04523239302,144,15124,nearest_locality_proxy
S0606,61933.0,26,0.2599421955984693,128016.0,75,0.39097456567929006,9.777229918196094,98.77649649772123,379057.0,298,0.47763792780505304,352.76327590305743,3884,15014,nearest_locality_proxy
S0607,31562.0,18,0.41809771243900895,132382.0,76,0.3590442809445393,9.513291983651516,98.7648427710484,367878.0,301,0.5118762198337492,1173.1154608297961,626,15085,nearest_locality_proxy
S0608,1029.0,6,1.0,31350.0,34,0.6967783094098884,8.059314513556618,98.9501312335958,141650.0,165,0.7071514295799506,2251.994701988717,130,15085,nearest_locality_proxy
S0609,0.0,0,,10065.0,10,0.4068554396423249,9.674077496274215,99.58317544524441,101136.0,121,0.7164807783578547,5431.903811168013,289,15064,nearest_locality_proxy
S0610,0.0,0,,1630.0,3,1.0,8.653889570552145,98.7864077669903,85591.0,103,0.7243051255389001,6915.599389967175,289,15064,nearest_locality_proxy
S0611,0.0,0,,0.0,0,,,,0.0,0,,25439.827268935805,221,15124,nearest_locality_proxy
S0612,0.0,0,,0.0,0,,,,0.0,0,,30754.68629318365,221,15124,nearest_locality_proxy
S0613,5720.0,18,1.0,181144.0,93,0.21886454975047476,10.021299963552423,99.4277602803531,1413246.0,419,0.13142580980239818,1079.3488543403216,1792,15051,nearest_locality_proxy
S0614,84204.0,38,0.22268538311719158,206975.0,94,0.24287957482787775,10.391502998265308,99.3551790843543,1502895.0,423,0.14053144098556453,294.3914260889525,521,15062,nearest_locality_proxy
S0615,18042.0,20,0.6681077485866312,52803.0,69,0.7982690377440675,8.701856285156916,97.62821965405242,265793.0,257,0.5803915076770269,691.7310215416592,951,15001,nearest_locality_proxy
S0616,16969.0,18,0.6471212210501502,60188.0,66,0.6861002193128198,8.759300003323032,97.73706896551724,270867.0,252,0.5462201006397974,158.25488305060315,1315,15001,nearest_locality_proxy
S0617,40992.0,15,0.1755464480874317,71367.0,43,0.39755068869365395,9.47506130284305,98.32557641898036,130993.0,110,0.5394486728298459,758.6205334084717,1512,15045,nearest_locality_proxy
S0618,16486.0,11,0.38626713575154675,51957.0,32,0.3495390419000327,9.692902592528439,98.55292670573765,104206.0,84,0.528549219814598,881.2509481236896,258,15079,nearest_locality_proxy
S0619,17923.0,11,0.4354739719912961,53322.0,33,0.36619031544203146,9.682076628783616,98.57354706588518,101869.0,84,0.5448566295929086,1499.865755107072,638,15079,nearest_locality_proxy
S0620,0.0,0,,0.0,0,,,,33029.0,14,0.3024614732507796,15207.647802591595,354,15010,nearest_locality_proxy
S0621,0.0,0,,4232.0,2,0.08364839319470699,8.926654064272212,98.4186046511628,81013.0,27,0.11856121856985916,9511.238463467149,354,15010,nearest_locality_proxy
S0622,11232.0,4,0.05956196581196581,57682.0,24,0.13725252245067784,8.55308605804237,99.51637418819953,441449.0,116,0.0906401418963459,2616.0327128279223,576,15036,nearest_locality_proxy
S0623,1196.0,1,1.0,16665.0,8,0.22748274827482748,8.819261326132613,99.58362248438584,191126.0,76,0.12085221267645428,3637.4256139122067,1196,15084,nearest_locality_proxy
S0624,5142.0,4,0.07467911318553092,23046.0,25,0.30807949318753797,8.766047763786364,99.13930506853681,103340.0,106,0.32245984130056127,1836.667113216951,146,15061,nearest_locality_proxy
S0625,7286.0,8,0.23442217952237168,17674.0,17,0.19220323639244088,9.095704257246378,99.08163265306122,71006.0,90,0.3746866461989128,2520.6139785796177,1057,15016,nearest_locality_proxy
S0626,0.0,0,,0.0,0,,,,13649.0,24,0.5913253718221115,14153.78342447629,26,15016,nearest_locality_proxy
S0627,0.0,0,,0.0,0,,,,20849.0,30,0.528514557053096,10874.480170874913,887,21180,nearest_locality_proxy
S0628,82231.0,22,0.048242147122131554,195448.0,71,0.047936023904056324,9.54442316155775,99.51809742359445,403195.0,243,0.09976810228301443,1095.194298706273,53,21132,nearest_locality_proxy
S0629,82231.0,22,0.048242147122131554,195448.0,71,0.047936023904056324,9.54442316155775,99.51809742359445,403195.0,243,0.09976810228301443,1040.0062886044454,53,21132,nearest_locality_proxy
S0630,130136.0,40,0.03267351078871335,227229.0,96,0.05557389241690101,9.563273316370102,99.48674235554427,453108.0,276,0.09893888432779822,253.1020551926256,167,21132,nearest_locality_proxy
S0631,58392.0,42,0.40082545554185506,1072474.0,100,0.043972161562891035,10.878191515549355,99.71190193064378,6415133.0,264,0.01934332460449378,318.99552114105063,277,15057,nearest_locality_proxy
S0632,57.0,3,1.0,1561671.0,32,0.01039079293910177,10.721324647748435,99.59480637772529,6467535.0,256,0.0186565669919065,1165.1295696487396,28,15013,nearest_locality_proxy
S0633,0.0,0,,2221572.0,34,0.0069581359505791395,10.996337161253383,99.63005272954784,8252221.0,244,0.011938967703361314,5005.385329430835,216776,15109,nearest_locality_proxy
S0634,246095.0,35,0.03716857311200959,1266451.0,109,0.02237670466524169,10.965194250694301,99.72828853934993,4833960.0,325,0.01912758897467087,431.46579974671664,877,15059,nearest_locality_proxy
S0635,86398.0,30,0.08282599134239219,625137.0,91,0.03891466990435696,10.773376702741182,99.7513826988133,3633868.0,334,0.02815154540561187,419.605818799162,6499,15081,nearest_locality_proxy
S0636,48904.0,17,0.07021920497300835,939186.0,101,0.024898156488704047,10.638069383365456,99.72222627790512,4829816.0,342,0.020860629059160845,1581.03157151769,44,15059,nearest_locality_proxy
S0637,79125.0,20,0.05203159557661927,1051624.0,117,0.029739716856975497,10.5970511939031,99.704088747189,4808583.0,331,0.01892844524052096,1391.6496917288366,4098,15059,nearest_locality_proxy
S0638,81703.0,24,0.06020586759360121,693731.0,97,0.033572090623022466,10.729417472509098,99.75168277112384,3684268.0,330,0.026290975575066742,1476.9638219795784,21565,15081,nearest_locality_proxy
S0639,109729.0,18,0.051700097512963755,236209.0,47,0.07496327404967634,9.777669370612792,99.57252335576938,1440057.0,219,0.057201208007738584,809.0720305785379,56460,15035,nearest_locality_proxy
S0640,0.0,0,,27310.0,9,0.15638960087879897,9.605716221164409,99.3310560774267,182375.0,44,0.07517477724468814,6544.673125481629,354,15010,nearest_locality_proxy
S0641,0.0,0,,0.0,0,,,,33816.0,23,0.31869529216938725,12330.546751395426,354,15010,nearest_locality_proxy
S0642,24275.0,66,0.4698249227600412,41182.0,93,0.36785488805788935,10.555229420194806,98.8604710053178,700630.0,349,0.11648801792672309,199.85767597636857,282,17009,nearest_locality_proxy
S0643,5350.0,4,1.0,38056.0,39,0.6652827412234602,8.358378399684666,98.84087328381725,319849.0,274,0.3583284612426489,310.17463499740506,2009,15063,nearest_locality_proxy
S0644,648.0,9,1.0,55881.0,73,0.1735115692274655,9.32637677262052,98.8816663171874,1560913.0,680,0.07199888783039157,2874.2127706924207,2,15050,nearest_locality_proxy
S0645,53121.0,55,0.2413358182263135,147041.0,141,0.19294618507763142,10.13345848119717,99.32158473565656,742227.0,316,0.08520573894509362,401.5857290315785,76,15009,nearest_locality_proxy
S0646,53184.0,55,0.23070848375451264,138520.0,132,0.18276061218596593,9.767975104454308,99.09510187401483,476676.0,334,0.1413433862833455,460.2938032208274,11,15009,nearest_locality_proxy
S0647,49420.0,44,0.18836503439902874,300277.0,163,0.11015828718150242,10.084821127995227,99.28340414737777,1687283.0,401,0.04754152089483507,181.924714690555,5,15103,nearest_locality_proxy
S0648,40535.0,45,0.24349327741458,255887.0,168,0.13107738962901594,10.191224479417274,99.35885993097703,1577605.0,356,0.04448832248883593,415.72553250815025,309,15103,nearest_locality_proxy
S0649,58666.0,57,0.20984897555654042,128902.0,117,0.19177359544460132,9.724360238895922,99.09560723514213,460020.0,328,0.14823051171688187,50.99755804038481,45,15009,nearest_locality_proxy
S0650,17095.0,24,0.244106463878327,112043.0,90,0.1621609560615121,9.85313564167158,99.1025687606729,286749.0,280,0.20949680731231843,168.85991158702745,5441,15009,nearest_locality_proxy
S0651,444227.0,20,0.02616905320928264,1578164.0,111,0.02041929736073057,9.725337888915854,99.5200621180147,4292115.0,499,0.022935778747773534,1315.8972131860246,368585,15039,nearest_locality_proxy
S0652,698965.0,26,0.014474258367729429,1396933.0,116,0.025425700445189568,9.699116027478459,99.51270439642344,4264324.0,490,0.023942599108322915,772.2203943671423,395,15039,nearest_locality_proxy
S0653,317609.0,50,0.0382105041103999,1308988.0,146,0.02543033244002237,9.779949567183907,99.51422048103602,2501477.0,536,0.03891740759559252,571.150901678949,56,15022,nearest_locality_proxy
S0654,163737.0,57,0.0840433133622822,949257.0,153,0.034501720819546236,10.066261853584523,99.52261940427948,2280107.0,466,0.03927184118990907,762.1477123137588,1732,15022,nearest_locality_proxy
S0655,127926.0,53,0.08114065944374091,503475.0,155,0.06907989473161527,9.904348053300266,99.39516433128705,2069734.0,438,0.04268954368049228,213.33275671821997,215,15025,nearest_locality_proxy
S0656,40783.0,47,0.24809356839859745,273632.0,162,0.11670784118816513,10.222653836868174,99.38818070076097,1655771.0,373,0.044853424779151226,517.5702577751465,16,15103,nearest_locality_proxy
S0657,58187.0,59,0.25199786893979753,151246.0,131,0.17491371672639278,9.884184594812867,99.14308384025391,646483.0,323,0.09664291249731238,743.5161328733884,690,15017,nearest_locality_proxy
S0658,66285.0,30,0.04841215961378894,146507.0,125,0.16295467110786516,9.452634556261529,99.03228497539,348980.0,377,0.2305461631039028,566.2721374485523,3440,15068,nearest_locality_proxy
S0659,62034.0,35,0.15575329657929524,108411.0,115,0.24329634446688989,9.023664499926133,98.70430005682894,350755.0,431,0.2688201166056079,139.82504519496857,68,15094,nearest_locality_proxy
S0660,21510.0,47,0.5807531380753138,102446.0,165,0.4191964547176073,8.913855850221813,98.37521663778163,600510.0,541,0.21473414264541807,374.98115596196254,1099,17002,nearest_locality_proxy
S0661,46748.0,47,0.3448275862068966,126978.0,186,0.3653625037408055,9.108019311866945,98.57463072590379,600269.0,572,0.23790334000256552,657.4988664024432,1537,17002,nearest_locality_proxy
S0662,20470.0,36,0.7510991695163655,281994.0,185,0.19010688170670298,9.762062785995528,99.05648365080982,569445.0,591,0.25921730808067506,584.4739244452715,180,17030,nearest_locality_proxy
S0663,25649.0,40,0.7256423252368513,294167.0,184,0.17931991011908202,9.726400369995034,99.05489178754551,535551.0,574,0.26442112889342007,1292.665758702942,536,17030,nearest_locality_proxy
S0664,33839.0,42,0.4388723071012737,268393.0,167,0.161993792684608,9.692322368519154,99.12298239300519,526787.0,535,0.22714114053687734,469.05803844108505,191,17006,nearest_locality_proxy
S0665,14229.0,35,0.7976667369456744,247264.0,144,0.13462129545748674,9.725296531130002,99.12506507780412,473018.0,474,0.21784583250531692,339.02683328100096,679,17004,nearest_locality_proxy
S0666,36540.0,49,0.09033935413245758,62650.0,110,0.20437350359138068,9.191760239153373,98.6703988803359,405343.0,390,0.19151928120135292,315.5835932017696,16,17010,nearest_locality_proxy
S0667,24360.0,35,0.08908045977011494,65073.0,100,0.21249980790804174,8.833300675208024,98.72799545712664,164163.0,301,0.33063479590407097,1441.9901850500653,4,17010,nearest_locality_proxy
S0668,2991.0,10,0.059846205282514206,41845.0,74,0.20951129167164537,8.814560941761977,98.9723885264945,176311.0,284,0.30879525384122375,225.54207337194586,7,17010,nearest_locality_proxy
S0669,56374.0,21,0.0720899705538014,89748.0,72,0.21612737888309488,8.910957007719425,98.85767473345744,164744.0,202,0.34515976302627105,1421.5481961202559,63,21085,nearest_locality_proxy
S0670,51965.0,52,0.21266236890214568,169099.0,139,0.15263839525958167,9.665984442615867,99.1527446300716,492152.0,350,0.14910027796290576,562.2158351645616,52,15009,nearest_locality_proxy
S0671,51305.0,30,0.07558717473930417,123914.0,125,0.1832077085720742,9.183767226198361,98.94541968329531,395863.0,430,0.24229089356671374,597.3872959913737,38,15094,nearest_locality_proxy
S0672,24614.0,42,0.3574388559356464,85881.0,148,0.44352068559984165,8.568200025647304,98.45751398159841,522257.0,499,0.22109421223650425,603.2663378297648,444,17002,nearest_locality_proxy
S0673,66373.0,25,0.09790125502840011,326043.0,113,0.11974800869823919,9.872941622162166,99.47831609508256,2946284.0,358,0.04103983186956858,1116.1589846312875,7,15002,nearest_locality_proxy
S0674,50083.0,33,0.19150210650320468,124513.0,95,0.32666468561515666,9.736302261212996,99.27996611605252,577622.0,300,0.16908289504208635,502.3477065826981,158,15065,nearest_locality_proxy
S0675,224569.0,33,0.027519381570920296,835610.0,93,0.03340673280597408,10.489566381361332,99.66642051386519,3559182.0,344,0.034103903649771214,782.9543380015065,18,15100,nearest_locality_proxy
S0676,231891.0,43,0.04267953478142748,860798.0,102,0.03498033220337408,10.48692419845395,99.66204938200372,3495320.0,354,0.03478222308687044,796.6410827828873,169,15002,nearest_locality_proxy
S0677,197568.0,38,0.037561750890832524,871994.0,112,0.03648534278905589,10.477231993871326,99.65010383097699,3480460.0,358,0.03547289726070692,576.3163865435365,62,15002,nearest_locality_proxy
S0678,85054.0,34,0.13131657535212923,176530.0,104,0.21557808871013426,9.75220420328534,99.37989692881385,1280544.0,349,0.09407720468800759,506.244308441151,201,15092,nearest_locality_proxy
S0679,46449.0,31,0.19998277680897328,124518.0,96,0.3266917232849869,9.736302261212996,99.27395934172314,558127.0,289,0.16641015396137437,220.92540599346188,158,15065,nearest_locality_proxy
S0680,19893.0,22,0.3674156738551249,74641.0,74,0.33988022668506584,9.480237209933506,99.04795665164329,225977.0,192,0.29167570150944566,310.2591886710914,69,15016,nearest_locality_proxy
S0681,5142.0,4,0.07467911318553092,23041.0,24,0.3079293433444729,8.766047763786364,99.17091836734694,89057.0,105,0.3741760894707884,1899.9943081576855,1,15061,nearest_locality_proxy
S0682,0.0,0,,8976.0,5,0.0427807486631016,8.203973259052924,98.98208469055375,33586.0,47,0.3591377359614125,5054.971504183038,1,15061,nearest_locality_proxy
S0683,0.0,0,,0.0,0,,,,11039.0,11,0.2216686294048374,14030.580466483401,1,15061,nearest_locality_proxy
S0684,0.0,0,,0.0,0,,,,0.0,0,,26646.985865556944,33,21053,nearest_locality_proxy
S0685,1652754.0,4,0.00041506479488175496,2742651.0,43,0.0024884682739437134,10.490934923436656,99.72326965949237,6407857.0,293,0.01297048295553412,2506.7982720242308,1643623,15033,nearest_locality_proxy
S0686,1652754.0,4,0.00041506479488175496,2784266.0,47,0.0028819085532775963,10.474364470668181,99.72272848435533,6424368.0,303,0.013261226629607768,2821.7557613448653,1643623,15033,nearest_locality_proxy
S0687,225742.0,36,0.032572582860079205,823102.0,96,0.03377467191186512,10.488313118635954,99.66658922932638,3561954.0,349,0.03397966397095527,172.38069793972278,120,15002,nearest_locality_proxy
S0688,201876.0,39,0.036760189423210285,485716.0,117,0.06897034481054773,9.756259816093657,99.43665092137641,3183339.0,357,0.03879385764444189,441.499855832681,6449,15002,nearest_locality_proxy
S0689,72479.0,34,0.12792670980559886,321829.0,114,0.13198624114048144,9.8644143998558,99.47742594953428,1298771.0,359,0.09385411284976335,233.73645833113522,6042,15092,nearest_locality_proxy
S0690,791532.0,12,0.00739957449604059,2409987.0,75,0.012705877666560027,11.508718771576905,99.41905578837266,8577807.0,224,0.011257889108486586,2872.4994767998,476,15057,nearest_locality_proxy
S0691,75240.0,49,0.2648325358851675,531477.0,120,0.1184228103944291,11.094487006523549,99.7012431493116,5537717.0,293,0.025643238901518442,338.68086073180893,146,15057,nearest_locality_proxy
S0692,110741.0,45,0.2983809068005526,234749.0,108,0.3038777587976946,9.444351654624768,99.05352011494253,1328978.0,425,0.17855600318440185,478.24119911592857,1820,15115,nearest_locality_proxy
S0693,137872.0,33,0.13076621794127888,521043.0,120,0.12855944710897182,9.992473725423961,99.29555682714465,1788101.0,413,0.12878523081190604,665.9835185459513,5229,15106,nearest_locality_proxy
S0694,137872.0,33,0.13076621794127888,521043.0,120,0.12855944710897182,9.992473725423961,99.29555682714465,1788101.0,413,0.12878523081190604,667.8702560418715,5229,15106,nearest_locality_proxy
S0695,122458.0,25,0.08025608780153196,599375.0,104,0.08475995828988529,10.151814878338515,99.3234883256835,1975010.0,439,0.12165862451329361,637.4490359688808,8406,15106,nearest_locality_proxy
S0696,472524.0,15,0.0013755915043468692,1055717.0,102,0.03381493335808744,11.245258111633353,99.50898614927382,2095662.0,435,0.11230866427887704,806.0072759722055,35292,15106,nearest_locality_proxy
S0697,982246.0,24,0.006560474667242218,2766987.0,87,0.010416384319839595,9.905168351704042,99.62664273142879,7030796.0,354,0.013259665050728254,204.52297340146433,8742,15070,nearest_locality_proxy
S0698,1006443.0,34,0.010912689541285497,1370767.0,105,0.025060422376669413,9.448613867473107,99.51186383123222,6499698.0,303,0.0153596367092748,1707.1395168342897,9641,15099,nearest_locality_proxy
S0699,146721.0,51,0.11966930432589745,1231696.0,116,0.03833088684220782,9.653107341513575,99.51718083772259,3436968.0,297,0.03092464055528012,686.6047390297946,486,15099,nearest_locality_proxy
S0700,156647.0,48,0.1512189828084802,385470.0,142,0.15421174151036396,10.377439656894667,99.41968031867032,1781208.0,315,0.05865289174537729,173.51607536302413,46,15099,nearest_locality_proxy
S0701,66616.0,47,0.3187072174852888,343669.0,116,0.12802143923368126,10.419328492644384,99.42385054205778,1701332.0,318,0.06487152419398448,160.1623918671937,69,15099,nearest_locality_proxy
S0702,27987.0,30,0.3131453889305749,194214.0,89,0.20678220931549735,10.563860690060107,99.30348839471586,981462.0,312,0.10994720121614489,637.6194929567865,1566,15093,nearest_locality_proxy
S0703,7125.0,11,0.40575438596491226,44742.0,37,0.22238612489383577,9.343730238590371,99.0146018095494,464043.0,215,0.16790469848699366,799.3165587511515,2,15093,nearest_locality_proxy
S0704,0.0,0,,0.0,0,,,,14061.0,24,0.6032999075456937,15246.638382376757,887,21180,nearest_locality_proxy
S0705,0.0,0,,0.0,0,,,,20815.0,27,0.527744415085275,11014.094205926096,887,21180,nearest_locality_proxy
S0706,0.0,0,,0.0,0,,,,18394.0,26,0.4655866043274981,12092.419781610495,887,21180,nearest_locality_proxy
S0707,0.0,0,,0.0,0,,,,5053.0,8,1.0,17782.74015099667,5,21180,nearest_locality_proxy
S0708,0.0,0,,0.0,0,,,,0.0,0,,22468.957754426407,721,21132,nearest_locality_proxy
S0709,0.0,0,,0.0,0,,,,0.0,0,,23455.16269188099,721,21132,nearest_locality_proxy
S0710,0.0,0,,0.0,0,,,,0.0,0,,24471.03622276633,721,21132,nearest_locality_proxy
S0711,0.0,0,,0.0,0,,,,0.0,0,,25828.558071042116,134,21132,nearest_locality_proxy
S0712,0.0,0,,0.0,0,,,,0.0,0,,26969.719315665887,35,21114,nearest_locality_proxy
S0713,0.0,0,,0.0,0,,,,0.0,0,,26081.032603362873,52,21083,nearest_locality_proxy
S0714,0.0,0,,0.0,0,,,,0.0,0,,23984.867221010667,52,21083,nearest_locality_proxy
S0715,0.0,0,,0.0,0,,,,0.0,0,,21590.29922110022,52,21083,nearest_locality_proxy
S0716,0.0,0,,0.0,0,,,,38315.0,39,0.21057027273913612,13734.720045990802,3,21128,nearest_locality_proxy
S0717,0.0,0,,5023.0,4,0.006171610591280112,7.399067357512954,99.11268855368235,57133.0,74,0.2084259534769748,6517.658034919615,3,21128,nearest_locality_proxy
S0718,27.0,2,1.0,29594.0,34,0.24907075758599717,8.510098132106119,99.19183326244152,69348.0,103,0.3478543000519121,2765.830300654308,3,21128,nearest_locality_proxy
S0719,696.0,5,1.0,32100.0,40,0.3076947040498442,8.40627870693959,99.20969441517387,75595.0,128,0.33983729082611286,2695.1015338855427,24,21128,nearest_locality_proxy
S0720,6.0,2,1.0,17577.0,36,0.35847983159811114,8.44360477741585,98.72871192132406,96559.0,194,0.4014954587350739,1962.4009556977762,4,21108,nearest_locality_proxy
S0721,3076.0,9,1.0,11520.0,36,0.6935763888888888,6.449820270033316,98.25625473843822,86339.0,168,0.4203314840338665,1309.8942703881398,1694,21108,nearest_locality_proxy
S0722,24589.0,20,0.27626174305583795,108912.0,76,0.2749651094461584,9.791483744131993,99.13462954779791,917963.0,291,0.11222347741684578,675.2179895588265,274,15093,nearest_locality_proxy
S0723,14861.0,13,0.1956799677006931,62871.0,49,0.21652272112738782,9.60376187672083,99.04574082320758,506822.0,239,0.16953486628441544,258.87385300677244,5,15093,nearest_locality_proxy
S0724,4424.0,2,0.0009041591320072332,3100500.0,11,0.0005334623447830995,10.979944607302922,99.73324516226651,12193517.0,202,0.004550860920602317,4138.740185617736,4,15058,nearest_locality_proxy
S0725,167660.0,45,0.08660384110700227,579508.0,130,0.09760866114013957,10.298285498815282,99.51916110079173,4700875.0,297,0.022101204562980297,277.7019874549915,3603,15099,nearest_locality_proxy
S0726,257011.0,42,0.038613133290014826,439517.0,104,0.08088879383505075,9.78865510635006,99.43051483938393,3495734.0,347,0.033678763887641336,469.75638845935083,113,15100,nearest_locality_proxy
S0727,161164.0,49,0.097875456057184,1242133.0,118,0.039213192146090634,9.655511003909492,99.51172937989631,3443666.0,299,0.031071828684895688,483.7989762045363,8537,15099,nearest_locality_proxy
S0728,181139.0,47,0.07614042254842966,395050.0,134,0.14960384761422604,10.351911559941469,99.40958680949795,4714550.0,302,0.0221130330572377,490.44673914415574,1725,15099,nearest_locality_proxy
S0729,160925.0,39,0.11006369426751593,505372.0,125,0.08956174857332816,10.199015025735505,99.43982435297833,4932209.0,328,0.02178455941343929,315.6198793042965,19823,15011,nearest_locality_proxy
S0730,226366.0,35,0.04264332982868452,452237.0,90,0.06295150551591312,9.703726319653443,99.45559158188057,3482668.0,334,0.03320500260145383,779.0668162458072,18,15100,nearest_locality_proxy
S0731,224553.0,32,0.027450089733826757,818065.0,87,0.03206713402969202,10.51158754160804,99.67280554060856,3651390.0,344,0.032718225114271554,962.4147971662345,18,15100,nearest_locality_proxy
S0732,22684.0,22,0.7225357079880091,72629.0,82,0.7675446447011525,7.358359452462268,97.72250698974837,252877.0,277,0.7827520889602455,1132.5776077204503,1551,15111,nearest_locality_proxy
S0733,19465.0,18,0.6766503981505266,64678.0,78,0.8109558118680231,7.150601407252763,97.43606775157755,239005.0,271,0.7980544340076567,1799.6428684001353,366,15111,nearest_locality_proxy
S0734,24009.0,14,0.5633304177600067,67388.0,64,0.7608773075324984,7.373923250430344,97.02770780856423,210022.0,250,0.6961461180257307,2888.8070280057927,2104,15032,nearest_locality_proxy
S0735,38644.0,17,0.3061018528102681,75312.0,51,0.46514499681325683,8.305639816720898,98.1003121300183,180713.0,233,0.6608379031945681,696.6286236765181,1464,15110,nearest_locality_proxy
S0736,16769.0,18,0.6775001490846204,55982.0,59,0.4717051909542353,9.187506075334143,99.39516129032258,144445.0,211,0.6362767835508325,367.9114817299777,2260,15110,nearest_locality_proxy
S0737,19705.0,22,0.7255518903831515,30051.0,61,0.820039266580147,8.455621816002397,99.32844173610248,133019.0,208,0.6274517174238267,655.1805114327292,696,15078,nearest_locality_proxy
S0738,31541.0,47,0.0869027614850512,64076.0,100,0.2002465821836569,8.906448463833309,98.61637386611551,196191.0,327,0.326416604227513,948.2937827071075,5,17010,nearest_locality_proxy
S0739,7284.0,25,0.5676825919824272,35544.0,64,0.5517386900742741,7.907346973283735,98.41352136043136,435267.0,328,0.18231797953899562,605.5320250296655,1,17024,nearest_locality_proxy
S0740,10482.0,28,0.6995802327800038,39467.0,70,0.5317607114804773,7.941603694587531,98.51679104477611,376315.0,327,0.21848185695494465,475.8662402913157,432,17004,nearest_locality_proxy
S0741,61077.0,36,0.13766229513564845,127311.0,115,0.19003071219297626,9.794612754921607,99.1577253218884,292026.0,375,0.25208371857300377,612.0540529748682,8,17025,nearest_locality_proxy
S0742,20562.0,41,0.3168952436533411,120143.0,126,0.1811757655460576,9.788973085989886,99.26268326574596,274621.0,341,0.25281751941767017,680.4200246376734,8,17012,nearest_locality_proxy
S0743,367634.0,34,0.039131309944129215,416921.0,145,0.09890123068878756,11.170934238459049,99.4547576789626,1019035.0,377,0.10286987198673254,1953.317208474771,209,17007,nearest_locality_proxy
S0744,370324.0,32,0.05049362180144954,658219.0,138,0.06381918480019567,10.943644574835307,99.47581556930541,1045602.0,444,0.11069603921951182,1076.9316122463538,272,17007,nearest_locality_proxy
S0745,363314.0,20,0.03217327160527808,830592.0,136,0.055183531746031744,10.637288167019843,99.4515846985563,1056818.0,466,0.11237507309678677,2796.3697075958517,1087,17020,nearest_locality_proxy
S0746,366532.0,19,0.012421834928464636,816652.0,141,0.06287378222302768,10.652852253287078,99.45464779336655,1061557.0,473,0.10942794404822351,1980.1713283200438,70,17018,nearest_locality_proxy
S0747,216498.0,25,0.0667535034965681,819413.0,138,0.05391420443659058,10.605131960657724,99.44492866645258,1062292.0,490,0.11694901213602286,2513.122308630254,3578,17020,nearest_locality_proxy
S0748,240861.0,37,0.05132005596588904,818839.0,125,0.04949446716631719,10.608446158599808,99.44644293735385,1099850.0,522,0.1267845615311179,461.0566066413903,16746,17011,nearest_locality_proxy
S0749,58171.0,41,0.23867562874972065,400424.0,136,0.08157353205602062,10.11220857363369,99.32300892716208,1278984.0,560,0.11701397359153828,292.3783577371372,7937,17011,nearest_locality_proxy
S0750,57302.0,39,0.08746640605912534,131816.0,138,0.264740243976452,9.355094650393175,98.99243659299249,1324348.0,586,0.1301712238777119,565.7539076528534,192,17029,nearest_locality_proxy
S0751,56220.0,44,0.10905371753824261,145361.0,152,0.2512503353719361,9.325575177387941,99.00188962643539,1307859.0,577,0.12461358602112307,770.0096883611639,109,17029,nearest_locality_proxy
S0752,64940.0,55,0.18952879581151832,152406.0,173,0.29422726139390837,9.350363465691649,98.97363747491754,848523.0,553,0.18195853265026404,467.05443734428536,649,17029,nearest_locality_proxy
S0753,45333.0,52,0.33717159684997683,300403.0,193,0.18389629930460083,9.852284441277252,99.11863211704565,573256.0,551,0.2512821496853064,406.58833421898504,10178,17029,nearest_locality_proxy
S0754,193521.0,50,0.0812159920628769,301638.0,179,0.17132125262732148,9.729115505027726,99.05575539568345,553337.0,558,0.24742245683914144,1175.5652936506797,146,17006,nearest_locality_proxy
S0755,194529.0,45,0.08597689804604969,296370.0,177,0.17796673077571953,9.714686727874165,99.04812460036916,545449.0,577,0.2588986321360934,624.6181581047925,217,17006,nearest_locality_proxy
S0756,13683.0,17,0.32814441277497625,75045.0,102,0.43992271303884334,9.967641232770802,99.05692315132757,975816.0,385,0.09723554440591259,2168.8176472566743,3,17020,nearest_locality_proxy
S0757,28534.0,29,0.2895843555057125,74445.0,97,0.4992276177043455,9.876316228058386,98.91204929475762,1015289.0,433,0.1102178788502584,583.7488643118236,269,17020,nearest_locality_proxy
S0758,28534.0,29,0.2895843555057125,74445.0,97,0.4992276177043455,9.876316228058386,98.91204929475762,1015254.0,432,0.11018720438432156,575.439766883916,269,17020,nearest_locality_proxy
S0759,23580.0,38,0.37578456318914333,117905.0,119,0.2499724354353081,9.79352725051124,99.1923076923077,924997.0,447,0.13925234352111412,444.18233484070913,1036,17020,nearest_locality_proxy
S0760,22601.0,53,0.633688774832972,133749.0,179,0.32995386881397243,9.529312328849118,98.96624637794659,793238.0,498,0.17130419873984856,201.36555227449156,941,17026,nearest_locality_proxy
S0761,46751.0,58,0.3590511432910526,316171.0,207,0.19607427626189625,9.810330357312342,99.12139142908374,568912.0,540,0.25576363303990773,563.2016847894787,78,17029,nearest_locality_proxy
S0762,26049.0,41,0.7298552727551921,311919.0,192,0.17164392037676449,9.704509032947087,99.06455273927847,545385.0,562,0.2540443906598091,1014.9008186382134,2589,17006,nearest_locality_proxy
S0763,23400.0,43,0.4778205128205128,420743.0,144,0.08920647521170881,11.172801236965395,99.47557995620576,948298.0,367,0.11044102170414785,1330.598931599496,209,17007,nearest_locality_proxy
S0764,33437.0,39,0.5151777970511708,418006.0,115,0.09496753635115285,11.185374003832747,99.46442234123948,1007720.0,405,0.10197773190965745,181.8040637382741,4,17020,nearest_locality_proxy
S0765,28635.0,31,0.292090099528549,76117.0,101,0.510227675814864,9.861153745037726,98.88951628082063,1020977.0,442,0.11081836319525318,340.96575335345153,269,17020,nearest_locality_proxy
S0766,30539.0,42,0.33622580962048526,78933.0,107,0.5277007081955583,9.77083204461909,98.89025333151407,1030020.0,446,0.11202500922312188,657.94595388581,14719,17020,nearest_locality_proxy
S0767,7390.0,21,1.0,25415.0,51,0.8118827464096007,8.052648292146724,99.1005723630417,155931.0,263,0.560286280470208,502.2914618104661,1127,17005,nearest_locality_proxy
S0768,35399.0,35,0.18178479618068308,51421.0,79,0.43672818498278915,8.886047793401627,98.88229612253346,270270.0,364,0.29944129944129944,821.3423274923716,38,17001,nearest_locality_proxy
S0769,22496.0,33,0.38433499288762446,59143.0,112,0.42097965946942156,8.551836247609051,98.70216105275867,520648.0,464,0.2181761958175197,110.74378127480323,338,17034,nearest_locality_proxy
S0770,42100.0,51,0.3477672209026128,300402.0,193,0.1838935825993169,9.852284441277252,99.11863211704565,746483.0,551,0.19109209452860948,195.13311664133286,219,17029,nearest_locality_proxy
S0771,46765.0,57,0.3592430236287822,305726.0,200,0.19810549315400064,9.8289301700106,99.12326358767942,566760.0,542,0.25355706118992166,209.49461703226228,73,17029,nearest_locality_proxy
S0772,40937.0,57,0.40813933605295943,157205.0,207,0.3839763366305143,9.362501782122763,98.79631921164533,566898.0,539,0.25943114987175825,842.1354681792618,78,17029,nearest_locality_proxy
S0773,236729.0,64,0.0475987310384448,487366.0,162,0.08393896989121112,9.9684388263593,99.35749683070186,1147093.0,498,0.10684748315960432,819.4677678581518,109,17028,nearest_locality_proxy
S0774,30376.0,44,0.21638793784566762,311602.0,169,0.11607114203374817,9.527690912126797,99.24634790394052,1169652.0,493,0.10508852205613294,852.481206861699,2292,17008,nearest_locality_proxy
S0775,57633.0,48,0.13089722901809728,137010.0,158,0.27603824538354865,9.304127388628048,99.00866143744092,1324236.0,575,0.12101317287855035,235.82181665490538,63,17029,nearest_locality_proxy
S0776,67487.0,59,0.22011646687510186,127559.0,178,0.3317994026293715,9.554106122897313,98.94054525151837,824117.0,519,0.17255802270794074,315.9417262734286,3,17029,nearest_locality_proxy
S0777,73091.0,58,0.11856452914859558,183282.0,181,0.1870341877543894,9.52371673444878,99.14054600606673,394303.0,480,0.24988143635731913,399.6519088728226,62,17035,nearest_locality_proxy
S0778,10166.0,32,0.24483572693291364,124158.0,166,0.21406594822725883,9.45635931957433,98.95200840728631,378721.0,465,0.25971097456967,158.6440881669846,18,17017,nearest_locality_proxy
S0779,30248.0,35,0.17862338005818568,110341.0,142,0.23009579394785257,9.012486143239443,98.83917122224472,375579.0,466,0.271402288200352,583.3188125052636,10,17017,nearest_locality_proxy
S0780,61229.0,45,0.13980303450979112,144037.0,126,0.16477016322194993,9.719085187526481,99.18498277295949,295224.0,387,0.25017613744140044,22.07551561722091,2,17025,nearest_locality_proxy
S0781,6115.0,24,0.4850367947669665,17295.0,49,0.8179242555651922,7.564860306051473,97.85598705501619,249437.0,272,0.2577564675649563,452.59728987091006,15,17004,nearest_locality_proxy
S0782,13809.0,26,0.36758635672387574,74932.0,130,0.25413708428975607,9.085004277617365,98.64469578783151,453479.0,441,0.21434730163910568,245.41508042024648,135,17004,nearest_locality_proxy
S0783,11830.0,33,0.053508030431107356,79491.0,120,0.25550062271200513,8.833235776046788,98.61117855581993,477656.0,430,0.2198611553084228,603.1188049499027,67,17016,nearest_locality_proxy
S0784,24772.0,37,0.24790085580494106,50655.0,92,0.4848090020728457,8.36799979903537,98.78715647784632,292072.0,401,0.3505231586732039,218.196362012851,47,17014,nearest_locality_proxy
S0785,12471.0,25,0.3160131505091813,50554.0,78,0.4270680856114254,8.978263199242592,98.9113530326594,237360.0,355,0.35144506235254463,255.67364120025903,5,17014,nearest_locality_proxy
S0786,26015.0,32,0.5085911973861234,81122.0,112,0.3842484159660758,8.588446924339872,98.73473917869035,375822.0,387,0.2561505180644028,378.3339495379479,3949,17004,nearest_locality_proxy
S0787,8532.0,26,0.6309188935771214,21906.0,58,0.6759791837852643,7.623753547560193,98.09508303484208,398157.0,316,0.19352416257908311,440.03312192283533,1297,17024,nearest_locality_proxy
S0788,50358.0,39,0.1192461972278486,134461.0,147,0.27920363525483227,9.343501893699822,98.97654695843367,1333708.0,578,0.12550198394251216,779.3202741553706,308,17029,nearest_locality_proxy
S0789,65170.0,56,0.19238913610557004,153236.0,176,0.2980500665639928,9.365346251526091,98.98050356251002,847348.0,552,0.18082417141481422,139.1803153443958,649,17029,nearest_locality_proxy
S0790,173773.0,68,0.07133444205946839,310027.0,161,0.12321184929054566,9.52925793741711,99.26954064248515,1141651.0,491,0.10645459952297155,207.2097181460015,30,17028,nearest_locality_proxy
S0791,36589.0,34,0.11938014157260379,113342.0,153,0.291110091581232,8.749157085077448,98.79428300480932,605092.0,519,0.18963727829817614,338.0730658181591,79,17035,nearest_locality_proxy
S0792,33371.0,42,0.2179736897306044,49905.0,97,0.4770664262097986,8.402736994161668,98.68744297044992,427478.0,426,0.24669573638877323,275.02181918923196,283,17014,nearest_locality_proxy
S0793,25154.0,74,0.4088812912459251,403522.0,134,0.08367077879273001,11.270159828498494,99.49170525484648,932188.0,303,0.10480825756177939,60.11646419880689,35,17009,nearest_locality_proxy
S0794,23037.0,72,0.441333506967053,45578.0,107,0.42882531045679934,10.478666315466,98.91487085434815,712409.0,288,0.12100773572484345,437.8081307889822,66,17009,nearest_locality_proxy
S0795,11684.0,41,0.4436836699760356,66249.0,125,0.30954429500822656,9.113512900396236,98.7155388471178,268292.0,335,0.2294813114069745,171.95779629082173,41,17012,nearest_locality_proxy
S0796,31367.0,42,0.25434373704849045,66315.0,122,0.3494533665083315,8.899951208459216,98.6829577911774,312775.0,404,0.2718631604188314,327.9616962780556,138,17017,nearest_locality_proxy
S0797,19177.0,44,0.3215831464775512,131834.0,155,0.18204711986285785,9.771120702745383,99.16157342109388,301643.0,386,0.2625355138358921,188.08747615242743,68,17012,nearest_locality_proxy
S0798,85328.0,60,0.1554940933808363,182459.0,161,0.1666401766972306,9.521843141340584,99.11528462224982,350884.0,434,0.2375143922207909,449.05828344407155,24,17012,nearest_locality_proxy
S0799,92393.0,56,0.1303345491541567,183435.0,151,0.1710742224766266,9.51440232568287,99.12466741217753,343570.0,431,0.22834356899612887,481.1724526168296,269,17025,nearest_locality_proxy
S0800,21507.0,46,0.5806946575533547,102299.0,167,0.41836186081975385,8.91858058581173,98.36059640995947,600463.0,545,0.21467267758379785,246.58022234754193,1099,17002,nearest_locality_proxy
S0801,29357.0,47,0.3702013148482474,81429.0,151,0.46722911984673765,9.055850571885376,98.41227246299029,563856.0,493,0.21728065321642406,152.35010857449046,197,17027,nearest_locality_proxy
S0802,23597.0,58,0.6451243802178243,109546.0,180,0.4586201230533292,9.217074271308128,98.64044907362342,542563.0,486,0.22804356360459524,350.72801188688163,56,17026,nearest_locality_proxy
S0803,42154.0,62,0.3320918536793661,169766.0,199,0.3479495305302593,9.317564662411824,98.84022234295983,544009.0,520,0.25477887314364284,476.9371630978113,419,17029,nearest_locality_proxy
S0804,22061.0,53,0.6247223607270749,136270.0,181,0.34234974682615393,9.520325015788158,98.96687858900738,793873.0,500,0.17196705266459497,208.67576036852537,941,17026,nearest_locality_proxy
S0805,61367.0,53,0.1423403457884531,159699.0,158,0.27403427698357535,9.374626356142418,98.99573682591307,1285069.0,553,0.11903718788640921,264.48516520534326,44353,17029,nearest_locality_proxy
S0806,4284.0,19,0.15826330532212884,60500.0,100,0.36879338842975207,9.439920376102899,98.87515930625588,1033925.0,555,0.13403583432067123,516.2561832253905,9,17024,nearest_locality_proxy
S0807,25222.0,33,0.4247878835936881,129311.0,110,0.1948403461422462,9.772523235747064,99.17952776678538,416807.0,448,0.22852783182624092,119.45038803301361,329,17024,nearest_locality_proxy
S0808,69948.0,47,0.1247355178132327,153112.0,136,0.2142745179998955,9.67083357838813,99.16758038891003,332206.0,421,0.24291554035748902,235.20792906844997,188,17025,nearest_locality_proxy
S0809,102377.0,56,0.13447356339802885,149894.0,138,0.17561743632166732,9.68795789361262,99.18810748999428,319216.0,406,0.23804571199438623,828.6423116264981,37,17012,nearest_locality_proxy
S0810,82855.0,55,0.1302878522720415,183683.0,167,0.17219339840921588,9.514991284738487,99.10903691132796,359001.0,451,0.24311631443923554,105.31506192641423,25,17031,nearest_locality_proxy
S0811,101358.0,59,0.11471220821247459,188978.0,165,0.1953878229211866,9.528349065343873,99.11973144349123,359166.0,449,0.2427150676845804,324.6767391788373,32,17031,nearest_locality_proxy
S0812,22026.0,30,0.341323889948243,95358.0,93,0.2133119402672036,9.497527265474929,99.05815785704054,446349.0,486,0.23972944937705698,535.6102126851678,949,17024,nearest_locality_proxy
S0813,18011.0,27,0.40153239686858033,54558.0,83,0.35298214743942224,8.985016063003691,98.75489824295285,721907.0,502,0.15629021466754028,446.9294205352706,733,17024,nearest_locality_proxy
S0814,28134.0,31,0.3204307954787801,75247.0,93,0.38967666485042596,8.602158235090615,98.64164346740904,456628.0,411,0.23459577599271178,252.97699401617214,87,17004,nearest_locality_proxy
S0815,56760.0,56,0.2357646229739253,261934.0,128,0.15735261554437377,9.642145767851481,99.18720288508824,479234.0,461,0.24668950867425934,897.5238747519626,960,17004,nearest_locality_proxy
S0816,204875.0,57,0.08270896888346553,267685.0,144,0.1542036348693427,9.667084753490597,99.17623931852525,508054.0,487,0.24280489869187133,417.2106921261589,13,17004,nearest_locality_proxy
S0817,219335.0,62,0.08194770556454738,285308.0,160,0.1797005341595749,9.625579177317498,99.1211574143724,514968.0,510,0.24539000481583323,75.22873873215272,43,17006,nearest_locality_proxy
S0818,34560.0,41,0.17581018518518518,135821.0,161,0.21005588237459596,9.190788267374161,99.01145500605793,565165.0,502,0.18716304088186636,558.9309759447368,19,17035,nearest_locality_proxy
S0819,11822.0,43,0.4501776349179496,67757.0,119,0.2742004516138554,9.179715852811166,98.852275045909,267715.0,329,0.22782063014773174,558.3967011627395,6500,17012,nearest_locality_proxy
S0820,5878.0,15,0.16093909493024838,17766.0,54,0.35652369694922886,7.796153889610757,98.15641373956919,185655.0,243,0.22482023107376586,726.2558991757704,4932,17017,nearest_locality_proxy
S0821,75222.0,55,0.16552338411634895,175529.0,173,0.15811632265893386,9.487616989984096,99.1358597993095,359614.0,441,0.24440650252771026,631.5397454490283,135,17012,nearest_locality_proxy
S0822,15783.0,39,0.308052968383704,159122.0,171,0.17103228968967207,9.556833325995207,99.10391447885553,352021.0,433,0.2594788379102383,479.30885282051236,3266,17012,nearest_locality_proxy
S0823,20515.0,22,0.29281013892273944,72185.0,79,0.25688162360601235,9.150034807449627,98.93839855279444,441832.0,474,0.24555034492748376,800.4303130242142,949,17024,nearest_locality_proxy
S0824,13767.0,17,0.02644003777148253,45428.0,57,0.14759619617856828,8.501623920324342,98.90647951689245,172825.0,293,0.31632576305511356,1054.997930811796,3,17019,nearest_locality_proxy
S0825,44456.0,43,0.311049127226921,120228.0,182,0.38507668762684233,9.119294883535074,98.50496824576864,605333.0,583,0.23762788415632388,138.1194534093197,1537,17002,nearest_locality_proxy
S0826,24392.0,30,0.09863889799934404,74850.0,121,0.3871743486973948,8.776951978270468,98.23303457106275,580033.0,572,0.22437861294098785,992.0565586481974,56,17030,nearest_locality_proxy
S0827,18465.0,33,0.16176550230165176,92458.0,114,0.20375738173008284,8.668616879529425,98.69178662150719,471783.0,412,0.20800452750523016,361.27298364912014,5373,17016,nearest_locality_proxy
S0828,29460.0,46,0.19402579769178546,70437.0,103,0.26202138080838194,8.397228473476817,98.6437313926563,275561.0,358,0.3164961660031717,303.94818792268507,2942,17016,nearest_locality_proxy
S0829,26928.0,43,0.4533942364824718,53385.0,93,0.4905497799007212,9.69130674467008,98.99557258970462,927841.0,454,0.12979379009981237,508.77652937817476,709,17020,nearest_locality_proxy
S0830,63084.0,52,0.16568385010462242,150887.0,163,0.2611159344410055,9.439048610374456,99.01933509528446,1278936.0,536,0.11690655357265727,51.587928436724624,53,17029,nearest_locality_proxy
S0831,296408.0,39,0.03807926911554344,835029.0,135,0.05384723165303241,10.5769355661584,99.44631276994807,1088537.0,516,0.1267894430781866,724.8283812644747,32,17011,nearest_locality_proxy
S0832,203982.0,50,0.04701885460481807,506816.0,169,0.07935424295996969,9.956734434887641,99.36751390707373,1147955.0,504,0.10616095578659442,617.9609974199288,377,17008,nearest_locality_proxy
S0833,67611.0,70,0.20622383931608762,332893.0,174,0.12097881301198883,9.478334455357464,99.26802876965183,1165358.0,478,0.10032539357004457,498.37080969447265,7622,17028,nearest_locality_proxy
S0834,84602.0,59,0.14824708635729653,184877.0,162,0.1775396615046761,9.510306354377494,99.11062657792058,344106.0,437,0.24387833981389456,384.36971591713444,99,17031,nearest_locality_proxy
S0835,99992.0,62,0.16398311864949197,178377.0,150,0.1475694736429024,9.538111142894001,99.13827336986736,346584.0,415,0.21896856173395193,180.0183777603805,69,17012,nearest_locality_proxy
S0836,35087.0,47,0.11043976401516231,62950.0,102,0.25389992057188243,9.045819616075828,98.61256849714353,408049.0,381,0.16907528262537097,289.706347341314,31,17010,nearest_locality_proxy
S0837,28029.0,28,0.14313746476863248,58510.0,110,0.3098273799350538,8.722339070125868,98.44047166222899,405826.0,380,0.1898769423348923,414.7239499594324,24,17033,nearest_locality_proxy
S0838,28034.0,33,0.14329029036170365,53776.0,105,0.3506210949122285,8.815596065353876,98.67366675877314,397200.0,377,0.2064551863041289,276.4716565146292,250,17032,nearest_locality_proxy
S0839,19515.0,32,0.1997437868306431,56336.0,110,0.26418276057938084,8.69339007470651,98.74043475316584,243894.0,367,0.3442725118289093,605.7331920423119,13,17032,nearest_locality_proxy
S0840,21111.0,42,0.39642840225474874,137480.0,166,0.23668897294151878,8.815666322013165,98.89706896076324,780559.0,522,0.14461430846354983,242.9961002795904,43,17028,nearest_locality_proxy
S0841,38583.0,43,0.16489127335873313,166133.0,167,0.19537960549680075,9.19766913261925,99.0391490883089,598352.0,508,0.1759867101639169,290.608838288508,131,17035,nearest_locality_proxy
S0842,69816.0,57,0.14039761659218516,179555.0,178,0.18760825373840884,9.474063623142374,99.13138324243927,384906.0,468,0.2439894415779437,304.9062583089192,1368,17031,nearest_locality_proxy
S0843,95895.0,53,0.1282652901611137,167785.0,163,0.15799982119974967,9.526846110266273,99.14578829115266,351468.0,434,0.2387813399797421,188.6285135997142,373,17012,nearest_locality_proxy
S0844,36239.0,48,0.08278374127321395,58573.0,100,0.19814590340259164,9.182706011078437,98.66090983042363,373364.0,360,0.18437503347939277,219.01085380200368,340,17010,nearest_locality_proxy
S0845,19302.0,31,0.0947052118951404,62836.0,106,0.1333152969635241,8.960240671968887,98.5884715331916,213595.0,334,0.32207682764109646,241.2162825934634,14,17013,nearest_locality_proxy
S0846,15150.0,16,0.11531353135313531,41380.0,60,0.268994683421943,8.166518561541068,98.57014388489209,150690.0,267,0.3007366115867012,318.9884910567362,7,17019,nearest_locality_proxy
S0847,27685.0,40,0.3106375293480224,52524.0,85,0.3253750666362044,7.757973377576904,98.4431491182764,131351.0,211,0.28160425120478716,552.3364108773465,38,17003,nearest_locality_proxy
S0848,8361.0,21,0.4482717378304031,63625.0,87,0.2541453831041257,7.896547649021213,98.7460440675942,123394.0,210,0.3478775305120184,581.0204522101611,37,21051,nearest_locality_proxy
S0849,24105.0,26,0.27189379796722674,49240.0,55,0.35239642567018686,8.102959169156353,98.9858161240538,182584.0,218,0.28228103229198614,954.4937368368112,933,21051,nearest_locality_proxy
S0850,56339.0,19,0.07151351639184224,92770.0,69,0.2114907836585103,8.835896387258288,98.86517268220739,163054.0,202,0.3589240374354508,1068.039198679153,69,21085,nearest_locality_proxy
S0851,66713.0,53,0.16188748819570398,120424.0,132,0.20609679133727496,9.782880706652708,99.16633584755856,294992.0,391,0.2495864294624939,591.0135849878287,5,17012,nearest_locality_proxy
S0852,40440.0,34,0.151162215628091,115466.0,114,0.20430256525730517,9.839136663835392,99.26078633485496,270248.0,349,0.24970397560759006,370.205312015088,13,17012,nearest_locality_proxy
S0853,27590.0,37,0.18133381660021747,60464.0,89,0.25962556231807354,7.697666396171109,98.5720632100019,121648.0,198,0.2987636459292385,80.94273088220268,24,17003,nearest_locality_proxy
S0854,27882.0,52,0.5631948927623557,170198.0,158,0.2700149237946392,9.136150554321116,99.21501398538302,596220.0,365,0.1721847640132837,333.2901937096924,5552,21019,nearest_locality_proxy
S0855,31409.0,39,0.08306536343086376,62420.0,100,0.24756488305030439,8.957837088110317,98.67973242577162,172093.0,319,0.32539963856751875,960.2499408253345,14,17010,nearest_locality_proxy
S0856,121111.0,35,0.0412018726622685,227692.0,89,0.047067969010768936,9.511618167760528,99.5084840709084,423565.0,257,0.1011344185662177,841.9717367402075,187,21132,nearest_locality_proxy
S0857,82459.0,27,0.05087376756933749,213437.0,78,0.0444768245430736,9.554503161042089,99.50917175139068,422923.0,253,0.09976993447979893,265.11546579917206,116,21132,nearest_locality_proxy
S0858,82218.0,22,0.048091658760855284,200034.0,72,0.03829848925682634,9.62659759585575,99.5221199007322,418567.0,249,0.0974157064460409,1147.5892411945044,116,21132,nearest_locality_proxy
S0859,719.0,3,1.0,130534.0,37,0.03562290284523573,9.78852489159248,99.5553206045152,372113.0,213,0.09214405301615369,4406.159026459003,148,21132,nearest_locality_proxy
S0860,0.0,0,,0.0,0,,,,240754.0,76,0.05794296252606395,13316.189107646158,134,21132,nearest_locality_proxy
S0861,0.0,0,,0.0,0,,,,194624.0,54,0.0472449440973364,15277.933092460375,134,21132,nearest_locality_proxy
S0862,0.0,0,,0.0,0,,,,94161.0,40,0.0868937245781162,16071.980368729342,134,21132,nearest_locality_proxy
S0863,82459.0,27,0.05087376756933749,216471.0,80,0.04388578608681994,9.546036421102244,99.51006456513483,423161.0,251,0.100276254191667,325.7736235595981,116,21132,nearest_locality_proxy
S0864,82193.0,21,0.047802124268490016,180517.0,67,0.05064342970468155,9.620562447708597,99.52954417557682,401479.0,239,0.09592033456295349,1604.679439567295,53,21132,nearest_locality_proxy
S0865,0.0,0,,0.0,0,,,,93485.0,35,0.08029095576830507,16398.005143988677,134,21132,nearest_locality_proxy
S0866,0.0,0,,0.0,0,,,,385.0,2,1.0,19637.802000296386,251,21136,nearest_locality_proxy
S0867,0.0,0,,0.0,0,,,,0.0,0,,21645.78785343552,251,21136,nearest_locality_proxy
S0868,0.0,0,,0.0,0,,,,0.0,0,,24946.731272578447,35,21114,nearest_locality_proxy
S0869,0.0,0,,0.0,0,,,,0.0,0,,24978.34063645815,6,21083,nearest_locality_proxy
S0870,0.0,0,,0.0,0,,,,0.0,0,,20716.6839415854,6,21083,nearest_locality_proxy
S0871,0.0,0,,0.0,0,,,,692.0,5,1.0,17687.569245345032,6,21083,nearest_locality_proxy
S0872,0.0,0,,317.0,1,1.0,6.69,97.29729729729729,20138.0,79,1.0,8064.638534922542,317,21053,nearest_locality_proxy
S0873,34044.0,21,0.23246387028551285,50210.0,70,0.4795857398924517,8.473043825018943,98.74419666641298,141735.0,262,0.506494514410696,436.46780365589177,759,21053,nearest_locality_proxy
S0874,53526.0,19,0.26758958263273924,72130.0,74,0.33393872175239153,9.334915080202032,98.94709133982627,205289.0,281,0.5496397761204935,599.683235783579,672,21208,nearest_locality_proxy
S0875,8344.0,9,1.0,78905.0,51,0.2194411000570306,9.610580502028396,99.43977591036415,187010.0,219,0.43495534998128443,2225.9882901401297,831,21071,nearest_locality_proxy
S0876,47604.0,6,0.006217964876901101,1747474.0,61,0.012317207580770873,11.335266461716655,99.59914821499758,2364904.0,284,0.036133813465578306,3494.9707867091356,3855,21041,nearest_locality_proxy
S0877,47604.0,6,0.006217964876901101,1747474.0,61,0.012317207580770873,11.335266461716655,99.59914821499758,2366384.0,285,0.036736641221374045,3505.1950636901274,3855,21041,nearest_locality_proxy
S0878,54221.0,13,0.10023791519890818,204321.0,54,0.08355969283627233,10.714590423136416,99.44533464809565,2246405.0,213,0.026970203502930237,1373.1565110893782,26,21041,nearest_locality_proxy
S0879,47941.0,6,0.06278550718591602,111022.0,34,0.08056961683269982,10.375074059391668,99.40783379648009,2230084.0,191,0.020872756362540604,3730.712358944841,716,21041,nearest_locality_proxy
S0880,0.0,0,,87499.0,23,0.0694179362049852,10.405699619293692,99.37037037037037,2116568.0,177,0.021236737964478343,5915.137716555175,716,21041,nearest_locality_proxy
S0881,0.0,0,,30142.0,9,0.11658151416627961,11.241531187790311,99.47,401758.0,169,0.10810487905654648,8478.57548580368,251,21136,nearest_locality_proxy
S0882,0.0,0,,0.0,0,,,,366008.0,151,0.10976536031999301,10344.082164810932,251,21136,nearest_locality_proxy
S0883,0.0,0,,0.0,0,,,,147639.0,63,0.08018883899240715,14936.712289434976,251,21136,nearest_locality_proxy
S0884,0.0,0,,0.0,0,,,,147639.0,63,0.08018883899240715,14935.458491146408,251,21136,nearest_locality_proxy
S0885,0.0,0,,0.0,0,,,,146952.0,57,0.07588872557025424,15503.587865739113,251,21136,nearest_locality_proxy
S0886,13069.0,12,0.3595531410207361,1769766.0,51,0.00847117641541311,11.249547333102036,99.58166392874382,2339770.0,261,0.03259508413220103,2356.834442701734,8370,21114,nearest_locality_proxy
S0887,0.0,0,,50366.0,12,0.10791009808203947,11.032564988581075,99.52779018569332,1985275.0,135,0.018073062925791136,7724.883690344135,716,21041,nearest_locality_proxy
S0888,0.0,0,,0.0,0,,,,60776.0,13,0.0622778728445439,18205.923751399383,251,21136,nearest_locality_proxy
S0889,296225.0,20,0.008101949531606043,322246.0,63,0.04334887011786027,9.493199513306473,99.17835789972177,460027.0,208,0.08669056381473261,440.40233013179505,59,21156,nearest_locality_proxy
S0890,3550.0,8,0.09436619718309859,7122.0,27,0.5485818590283629,7.883747699277927,97.62299613045882,394918.0,190,0.08459477663717531,142.06833991346872,2,21209,nearest_locality_proxy
S0891,80.0,1,1.0,572.0,3,1.0,6.3581818181818175,93.04812834224599,7251.0,61,1.0,3982.5751910222825,80,21027,nearest_locality_proxy
S0892,0.0,0,,0.0,0,,,,2938.0,12,1.0,13419.979710109557,12,21135,nearest_locality_proxy
S0893,0.0,0,,0.0,0,,,,2840.0,9,1.0,14633.706883054801,53,21055,nearest_locality_proxy
S0894,110204.0,33,0.047112627490835175,221983.0,95,0.0635003581355329,8.594078016421664,98.88882524772323,1971421.0,319,0.036283472682902336,161.20937822728777,9,21015,nearest_locality_proxy
S0895,37824.0,31,0.05570537225042301,98490.0,82,0.06450401055944766,7.414566317715217,98.38974854932302,399469.0,275,0.1666261962755558,559.6668902652782,87,21001,nearest_locality_proxy
S0896,36667.0,33,0.18395287315569858,49900.0,58,0.22587174348697395,8.232386135432565,99.01170351105331,103675.0,159,0.3112515071135761,387.4530371660449,1981,21104,nearest_locality_proxy
S0897,791.0,3,1.0,15447.0,37,0.27002006862173883,8.663693429706322,98.4771573604061,94250.0,194,0.38683289124668435,2477.421780625222,4,21108,nearest_locality_proxy
S0898,15342.0,28,0.2650241168035458,24807.0,56,0.43854557181440723,8.279680739000082,98.28473413379074,80561.0,162,0.5089931852881667,433.2266219203085,70,21108,nearest_locality_proxy
S0899,6304.0,16,1.0,50934.0,79,0.37098990850905095,8.673257906967583,98.7934006402364,79597.0,156,0.503046597233564,273.5396394705275,6,21108,nearest_locality_proxy
S0900,26764.0,35,0.3233447915109849,47559.0,76,0.5353560840219517,8.414505793132507,98.75803369810666,90891.0,188,0.5751724593194045,658.57409576918,1449,21094,nearest_locality_proxy
S0901,12139.0,22,0.6213032374989702,47482.0,72,0.5190177330356767,8.293703110511675,98.19277108433735,166070.0,252,0.5855964352381526,281.93714738682405,211,21212,nearest_locality_proxy
S0902,24660.0,21,0.3883617193836172,73457.0,84,0.5278326095538887,8.119959009137833,98.12496613016853,255940.0,319,0.4893412518559037,98.1914671863516,1268,21211,nearest_locality_proxy
S0903,29419.0,21,0.3965124579353479,92588.0,91,0.5102929105283622,8.527449607881262,98.33097352726648,338080.0,347,0.4094090156176053,1198.2456357693266,3349,21186,nearest_locality_proxy
S0904,121774.0,41,0.19856455400988718,226681.0,120,0.2978546944825548,8.443664969513003,99.03019887061134,322924.0,292,0.3846663611252183,653.7918306238541,791,21054,nearest_locality_proxy
S0905,116466.0,29,0.19883055999175725,190924.0,98,0.2694527665458507,8.411544783585727,99.10593897151865,299145.0,290,0.3853482424910996,896.71812762478,23,21174,nearest_locality_proxy
S0906,277.0,2,1.0,15083.0,48,0.6088311343897103,7.567979147297116,98.10687754612988,56857.0,209,0.5646270468016251,4468.189413639583,213,21076,nearest_locality_proxy
S0907,0.0,0,,0.0,0,,,,2149.0,21,1.0,14354.51978307372,4,21002,nearest_locality_proxy
S0908,0.0,0,,0.0,0,,,,0.0,0,,30830.05828744272,269,21002,nearest_locality_proxy
S0909,0.0,0,,0.0,0,,,,0.0,0,,39303.36848363405,269,21002,nearest_locality_proxy
S0910,6253.0,18,1.0,50968.0,81,0.3714095118505729,8.670256455676272,98.78608923884515,81845.0,157,0.5166961940252917,1554.17246594694,6,21108,nearest_locality_proxy
S0911,5002.0,13,1.0,21626.0,51,0.6959678165171552,7.825342541948642,98.66415804327376,118426.0,213,0.5763177005049567,1246.7908291721462,1906,21044,nearest_locality_proxy
S0912,25154.0,19,0.29418780313270254,69609.0,80,0.5450588285997501,8.155742473234175,98.29655882016691,258315.0,321,0.5153204420958907,213.38983110878266,378,21211,nearest_locality_proxy
S0913,123001.0,38,0.206559296265884,227168.0,121,0.2993599450626849,8.474042995320088,99.03204915019866,324037.0,307,0.3867799047639621,344.77184988023055,1255,21054,nearest_locality_proxy
S0914,0.0,0,,0.0,0,,,,0.0,0,,24352.74520088836,751,15016,nearest_locality_proxy
S0915,0.0,0,,0.0,0,,,,0.0,0,,23509.877058075155,751,15016,nearest_locality_proxy
S0916,0.0,0,,0.0,0,,,,0.0,0,,23420.051227692227,237,15016,nearest_locality_proxy
S0917,0.0,0,,0.0,0,,,,0.0,0,,23624.333171137234,1,15061,nearest_locality_proxy
S0918,0.0,0,,0.0,0,,,,0.0,0,,27117.353066064243,33,21053,nearest_locality_proxy
S0919,0.0,0,,1133.0,1,1.0,6.26,97.68339768339769,28928.0,53,0.787195796460177,9378.590215705577,1133,21057,nearest_locality_proxy
S0920,0.0,0,,1133.0,1,1.0,6.26,97.68339768339769,37417.0,66,0.7449822273298233,8530.354903273783,1133,21057,nearest_locality_proxy
S0921,0.0,0,,3136.0,5,1.0,7.3557206632653065,98.22888283378747,48428.0,89,0.802965226728339,7773.858627834445,1133,21057,nearest_locality_proxy
S0922,68865.0,40,0.10048645901401293,115099.0,94,0.3038167143068141,9.00636028644928,99.40563188151613,264001.0,300,0.44271423214306005,1112.2314896517814,19,21071,nearest_locality_proxy
S0923,84150.0,40,0.13929887106357694,129447.0,121,0.33002696084111643,8.784747866683157,99.33639313590785,270952.0,327,0.4667284242227406,412.3631699044633,146,21071,nearest_locality_proxy
S0924,19646.0,42,0.5068716278122773,35348.0,101,0.7259250876994455,7.214646258503403,97.13738427157604,146001.0,399,0.6086259683152855,273.4116245599312,9688,21197,nearest_locality_proxy
S0925,5553.0,24,1.0,24260.0,77,0.44995877988458366,8.051764070612668,97.4155069582505,80218.0,330,0.6001894836570346,224.07854206062842,717,21086,nearest_locality_proxy
S0926,7399.0,35,0.1793485606162995,24583.0,85,0.2101859008257739,8.29318295636468,97.23173091233815,36093.0,153,0.4620563544177541,394.5577155634268,3,21194,nearest_locality_proxy
S0927,0.0,0,,298.0,8,1.0,7.88732075471698,90.47619047619048,8068.0,54,0.24739712444224096,8279.455068649993,5,21194,nearest_locality_proxy
S0928,0.0,0,,0.0,0,,,,356.0,4,1.0,18265.29246981697,337,21194,nearest_locality_proxy
S0929,0.0,0,,0.0,0,,,,0.0,0,,23483.878403995546,18,21064,nearest_locality_proxy
S0930,32611.0,35,0.4280457514335654,169756.0,121,0.24491034190249536,9.025655548810315,99.28561949838546,278615.0,380,0.47985571487536566,555.2254785329505,12,21091,nearest_locality_proxy
S0931,135522.0,47,0.20168681099747643,194105.0,95,0.28142500193194403,8.35852335784099,99.0574736195062,297450.0,247,0.3705866532190284,359.301254830357,142,21174,nearest_locality_proxy
S0932,26980.0,15,0.31986656782802075,156511.0,67,0.24419369884544856,8.686490207980576,99.23953436861665,258931.0,198,0.34719674353399166,1997.4419941835683,48,21199,nearest_locality_proxy
S0933,0.0,0,,35043.0,24,0.3159832206146734,7.1625040664326685,99.02771025765678,201440.0,124,0.27830123113582206,7014.0317437134345,48,21199,nearest_locality_proxy
S0934,0.0,0,,15060.0,18,0.39203187250996013,6.095139442231076,98.91922639362912,179410.0,94,0.26766623934005906,7876.257496406152,1155,21199,nearest_locality_proxy
S0935,0.0,0,,0.0,0,,,,46786.0,46,0.4876672508870175,11361.708572075286,274,21199,nearest_locality_proxy
S0936,0.0,0,,0.0,0,,,,5726.0,11,1.0,14748.27750130267,62,21199,nearest_locality_proxy
S0937,6287.0,30,1.0,32632.0,108,0.7031135082127973,7.171055507798109,97.07037826916601,124797.0,349,0.5664078463424601,342.148924289935,2,21086,nearest_locality_proxy
S0938,1147.0,24,1.0,28947.0,96,0.4364873734756624,7.901060089124077,97.32075471698113,86507.0,314,0.6292554359762794,359.2270598215463,15,21194,nearest_locality_proxy
S0939,0.0,0,,0.0,0,,,,1751.0,37,1.0,12931.559013311022,337,21194,nearest_locality_proxy
S0940,6486.0,33,1.0,31911.0,106,0.6964056281533013,7.172275853405773,97.1569414192365,124789.0,354,0.5663800495235958,677.5947282706999,2,21086,nearest_locality_proxy
S0941,17028.0,41,0.4310547333803148,29404.0,96,0.6705210175486328,7.3047182425978985,96.95783892956324,151655.0,395,0.5352279845702417,454.89895960199743,14,21086,nearest_locality_proxy
S0942,6603.0,18,1.0,84172.0,67,0.26406643539419283,9.344795640650808,99.38079135742831,199316.0,248,0.46984185915832144,1268.7183754349628,1869,21071,nearest_locality_proxy
S0943,87060.0,41,0.1680679990810935,126491.0,115,0.29282715766339107,8.760528717632356,99.33373170002987,274764.0,329,0.474126887073998,525.7926610717116,538,21071,nearest_locality_proxy
S0944,15260.0,20,0.04442988204456094,37992.0,57,0.28569172457359443,7.1452878200564305,98.59398658879516,177774.0,209,0.31111973629439627,739.0572101472069,65,21110,nearest_locality_proxy
S0945,15254.0,19,0.04405401861806739,35283.0,54,0.23084771703086474,7.213706774175231,98.59252422704199,187692.0,208,0.2915308057882062,1112.8708315587126,65,21110,nearest_locality_proxy
S0946,10663.0,27,0.5794804464034512,352460.0,77,0.039743516994836296,9.355774278513204,99.16676664012826,405811.0,202,0.07709007395068147,643.1127541727549,221,21156,nearest_locality_proxy
S0947,297215.0,18,0.011405884628972292,322099.0,58,0.04291227231379172,9.49365799051026,99.20153532673079,467944.0,213,0.08336681312293778,323.59754833035737,8,21156,nearest_locality_proxy
S0948,15984.0,7,0.1437062062062062,54162.0,32,0.13295299287323215,7.0411958488754305,99.13516976297245,429435.0,141,0.07692898808900066,1232.0783195904537,114,21124,nearest_locality_proxy
S0949,10950.0,5,0.1976255707762557,28099.0,14,0.20022064842165202,7.078861872552509,99.14261217490711,140612.0,123,0.1911927858219782,1079.3804566586107,1244,21129,nearest_locality_proxy
S0950,0.0,0,,0.0,0,,,,0.0,0,,24073.542030662684,99,21027,nearest_locality_proxy
S0951,0.0,0,,0.0,0,,,,0.0,0,,22396.474897512217,99,21027,nearest_locality_proxy
S0952,0.0,0,,0.0,0,,,,0.0,0,,38244.205182902326,99,21027,nearest_locality_proxy
S0953,0.0,0,,0.0,0,,,,0.0,0,,69781.76990425384,99,21027,nearest_locality_proxy
S0954,0.0,0,,0.0,0,,,,0.0,0,,100613.26906090874,2045,21035,nearest_locality_proxy
S0955,0.0,0,,0.0,0,,,,0.0,0,,117349.22820124328,142,21035,nearest_locality_proxy
S0956,6607.0,10,0.4657181776903284,10956.0,29,0.6778021175611537,6.553041199190729,98.44559585492227,85516.0,167,0.4147527947986342,1431.7193617597547,1694,21108,nearest_locality_proxy
S0957,59638.0,39,0.1213655722861263,195859.0,149,0.11063571242577569,8.33571959530273,98.93011136987249,439629.0,457,0.1905265576201752,158.764765554385,19,21038,nearest_locality_proxy
S0958,74954.0,43,0.12099420978199962,155799.0,165,0.16563649317389714,7.6370924563254174,98.7146300098188,463693.0,476,0.18415632757018113,264.41320575419064,50,21004,nearest_locality_proxy
S0959,23364.0,32,0.15904810820065057,51330.0,72,0.21998831092928112,7.464021065796415,98.87731858119102,169797.0,259,0.2857117616919027,66.98296076629732,4,21096,nearest_locality_proxy
S0960,3087.0,11,1.0,11526.0,38,0.6937359014402221,6.449820270033316,98.18181818181819,94203.0,182,0.4687218029149815,44.36416002903796,1694,21108,nearest_locality_proxy
S0961,3094.0,6,0.05979314802844215,12980.0,20,0.7758859784283513,7.284780962682531,98.9865871833085,40397.0,72,0.5693739634131247,401.8815507765771,28,21170,nearest_locality_proxy
S0962,0.0,0,,4817.0,5,0.3960971559061657,7.4516264559068235,99.01477832512315,24893.0,55,0.8831398385088177,5115.998805471098,4,21170,nearest_locality_proxy
S0963,0.0,0,,0.0,0,,,,4145.0,8,1.0,16596.3426398382,62,21199,nearest_locality_proxy
S0964,0.0,0,,0.0,0,,,,769.0,3,1.0,19013.659659651377,62,21199,nearest_locality_proxy
S0965,0.0,0,,0.0,0,,,,769.0,3,1.0,19493.16680536579,274,21199,nearest_locality_proxy
S0966,0.0,0,,0.0,0,,,,0.0,0,,32575.98385095044,158,21116,nearest_locality_proxy
S0967,0.0,0,,0.0,0,,,,0.0,0,,33275.59284896084,158,21116,nearest_locality_proxy
S0968,0.0,0,,0.0,0,,,,0.0,0,,31759.483290615768,158,21116,nearest_locality_proxy
S0969,131307.0,28,0.05111684830207072,203242.0,103,0.11275720569567314,8.546228144443571,98.7273767210034,1935750.0,290,0.03301046106160403,577.4612249305759,37,21015,nearest_locality_proxy
S0970,133953.0,32,0.06986032414354289,179420.0,103,0.13628915394047486,8.882207617666742,98.71318077072259,1969845.0,295,0.033818904533097785,869.0277587469338,1317,21015,nearest_locality_proxy
S0971,12.0,2,1.0,36219.0,32,0.16488583340235788,8.141744321008126,99.05671934337866,133833.0,145,0.20848370730686752,4446.555197440799,10,21104,nearest_locality_proxy
S0972,27.0,2,1.0,29517.0,32,0.24711183385845445,8.49689317094684,99.20307385797638,68615.0,106,0.34088756102892953,3195.999347816689,3,21128,nearest_locality_proxy
S0973,4804.0,18,1.0,50934.0,79,0.37098990850905095,8.673257906967583,98.7934006402364,79597.0,156,0.503046597233564,260.82932611322303,6,21108,nearest_locality_proxy
S0974,4817.0,16,1.0,50957.0,80,0.37127381910238044,8.670256455676272,98.80229696472519,81135.0,154,0.5124668761939977,1580.6550799155452,209,21094,nearest_locality_proxy
S0975,2818.0,8,1.0,8835.0,18,1.0,7.233650991501416,98.69375907111757,62799.0,124,0.6683864392745107,170.81395734526532,2,21170,nearest_locality_proxy
S0976,28520.0,24,0.11577840112201963,45555.0,72,0.23222478322906376,7.559903062348535,98.7800502332257,149784.0,232,0.2634460289483523,562.220736624214,255,21142,nearest_locality_proxy
S0977,32754.0,21,0.13451792147523967,50785.0,52,0.38127399822782315,8.251093164747616,99.30411134218525,140310.0,182,0.4169909486137838,969.1708762621544,11,21045,nearest_locality_proxy
S0978,13276.0,17,0.3638897258210304,37320.0,61,0.55002679528403,7.356977374594058,99.00465904277848,125106.0,169,0.3920755199590747,656.6858218143136,30,21063,nearest_locality_proxy
S0979,12331.0,9,0.10193820452518045,16081.0,36,0.3113612337541198,7.2561442925794175,97.98850574712644,101290.0,152,0.3484549313851318,681.5650512596493,7,21103,nearest_locality_proxy
S0980,41563.0,23,0.2133387869018117,1742068.0,87,0.016386271948052544,11.149560090653484,99.55257407498003,2176342.0,291,0.038285343020536294,934.5083795241985,654,21015,nearest_locality_proxy
S0981,124011.0,28,0.08477473772487924,184240.0,81,0.10194854537559704,9.16947956540861,98.89579318855955,2006501.0,296,0.03621378708507995,785.7559783718541,163,21015,nearest_locality_proxy
S0982,103179.0,26,0.050029560278738894,190730.0,91,0.07769621978713365,8.869502043128637,98.9269223265191,1976931.0,326,0.03896949362420843,700.8533715701626,95322,21015,nearest_locality_proxy
S0983,62242.0,30,0.050464316699334856,115253.0,111,0.21928279524177244,8.539635411237361,98.96437609499708,503494.0,450,0.14831358467032377,333.21535219199114,69,21164,nearest_locality_proxy
S0984,59377.0,39,0.13847112518315172,204883.0,159,0.10196063118950816,8.363059137524807,98.93372954312059,419091.0,448,0.20149323178021003,551.2676122140911,12,21164,nearest_locality_proxy
S0985,55695.0,45,0.11103330640093366,209131.0,168,0.1108491806571001,8.326044643883376,98.92732750699801,439680.0,447,0.18775700509461427,554.7992536842131,8241,21038,nearest_locality_proxy
S0986,51695.0,30,0.10790211819324887,125103.0,143,0.19260129653165792,8.13865129392165,98.90717709765009,425894.0,434,0.17992035576927592,727.1809944107936,31315,21154,nearest_locality_proxy
S0987,13319.0,19,0.010286057511825212,38020.0,51,0.1347448711204629,7.725342426001163,98.56773637734223,133817.0,165,0.22778122361134984,196.52721319506583,3383,21161,nearest_locality_proxy
S0988,13090.0,26,0.4597402597402597,354000.0,74,0.0349180790960452,9.346075925758464,99.16898409663683,405403.0,198,0.07616125189009455,327.04201053183476,221,21156,nearest_locality_proxy
S0989,10663.0,27,0.5794804464034512,352854.0,80,0.040815748156461315,9.352441611240579,99.1512774418478,404766.0,202,0.0747073617843396,806.1057729884725,2,21156,nearest_locality_proxy
S0990,306992.0,23,0.015247954344087142,333851.0,67,0.03751973185642697,9.452167210953652,99.14773703563696,427825.0,202,0.09144626891836616,713.046389765932,4002,21149,nearest_locality_proxy
S0991,12450.0,10,0.11052208835341365,14912.0,30,0.2573766094420601,7.322573371028543,97.94930219310737,401736.0,161,0.08798315311547882,889.9654331664706,4538,21103,nearest_locality_proxy
S0992,12331.0,9,0.10193820452518045,16022.0,35,0.30882536512295594,7.257748684540216,97.98165137614679,98715.0,150,0.35778757027807323,869.9100513112564,7,21103,nearest_locality_proxy
S0993,0.0,0,,0.0,0,,,,14088.0,30,0.7498580352072686,12430.938733074408,301,21023,nearest_locality_proxy
S0994,0.0,0,,0.0,0,,,,1855.0,3,1.0,17465.678752597472,301,21023,nearest_locality_proxy
S0995,0.0,0,,0.0,0,,,,0.0,0,,26048.262844935623,301,21023,nearest_locality_proxy
S0996,0.0,0,,0.0,0,,,,0.0,0,,27315.72956901613,1735,21050,nearest_locality_proxy
S0997,71284.0,45,0.08725660737332361,174751.0,170,0.13581610405662914,7.735267796726802,98.7457210797251,459388.0,466,0.1941691990213066,1213.0561641209208,31599,21004,nearest_locality_proxy
S0998,28693.0,34,0.18973268741504898,165639.0,138,0.0979781331691208,7.541763966294717,98.93083354446415,380670.0,402,0.177825938476896,227.89220188307047,1055,21115,nearest_locality_proxy
S0999,15273.0,21,0.045243239704052904,38456.0,62,0.2943103806948201,7.179192287649818,98.57112390701643,172018.0,215,0.3031775744398842,835.0479527384265,98,21110,nearest_locality_proxy
S1000,13031.0,16,0.35193001304581384,36608.0,59,0.5412751311188811,7.367902700632064,99.01408450704226,119475.0,167,0.3970202971332915,325.00894379828964,30,21063,nearest_locality_proxy
S1001,0.0,0,,4749.0,13,1.0,6.547718743411344,98.18496110630942,42443.0,76,0.7179982564851684,6615.455711199267,1143,21063,nearest_locality_proxy
S1002,0.0,0,,0.0,0,,,,24497.0,36,0.511409560354329,10532.429929114332,301,21023,nearest_locality_proxy
S1003,153212.0,33,0.07624729133488238,375389.0,68,0.052143243408837234,11.040611550563355,99.42990636236036,2333328.0,296,0.03754722867937984,2184.728411457432,277,21041,nearest_locality_proxy
S1004,39234.0,5,0.0075444767293673855,1846232.0,59,0.011128612222082598,11.40283319620385,99.50006149886937,2371325.0,309,0.03739259696583134,3497.83580401933,3855,21041,nearest_locality_proxy
S1005,25249.0,16,0.25121787001465407,1647521.0,59,0.012663268025111668,11.25040215770919,99.57713172903047,2324841.0,287,0.03501658823119517,1654.4459212659028,501,21114,nearest_locality_proxy
S1006,59890.0,26,0.13838704291200535,1653317.0,73,0.01482171900488533,11.226276345371836,99.57159270981492,2320556.0,286,0.033609186763861765,2522.27569485893,10,21114,nearest_locality_proxy
S1007,110124.0,31,0.04642039882314482,208022.0,95,0.06757458345751892,8.587909643102758,98.8818667963053,1972327.0,321,0.036726161534066104,533.1800283740246,9,21015,nearest_locality_proxy
S1008,110177.0,32,0.046879112700472875,208012.0,94,0.06752975789858277,8.587909643102758,98.88386979156117,1972251.0,320,0.0366890421148221,298.3200343535637,9,21015,nearest_locality_proxy
S1009,75883.0,43,0.1317554656510681,173566.0,156,0.14583501376997798,8.078916967300643,98.81417705472217,474024.0,474,0.17554174472178624,140.13864093730592,31,21118,nearest_locality_proxy
S1010,167741.0,8,0.004328101060563607,1963646.0,64,0.01257405866434174,11.410023237527971,99.49400574903974,2315592.0,371,0.048516750792022084,1665.3361583682033,99736,21119,nearest_locality_proxy
S1011,267017.0,21,0.011407513379297947,442601.0,94,0.06295286273641497,11.18841127661882,98.98497038137046,2459475.0,401,0.05066894357535653,884.1143024269143,287,21119,nearest_locality_proxy
S1012,86745.0,30,0.08732491786270102,407848.0,95,0.06767227006139542,11.08738934363919,98.88700853323304,2441175.0,423,0.049291836922793326,32.88712048848854,386,21119,nearest_locality_proxy
S1013,24297.0,27,0.2769477713297938,212495.0,140,0.18697851714157981,9.34408046545126,99.20692931803231,2280191.0,397,0.04418182511903608,1573.7427296888868,51,21106,nearest_locality_proxy
S1014,113282.0,76,0.1808495612718702,154609.0,155,0.2560264926362631,9.211269723131885,99.16674835800411,331573.0,340,0.30649359266285253,254.25394043569324,12,21019,nearest_locality_proxy
S1015,10339.0,15,0.5021762259406132,33480.0,67,0.6164874551971327,7.329400113694162,98.96168993913355,259918.0,261,0.31238698358713135,1455.540733062005,5147,21166,nearest_locality_proxy
S1016,55095.0,20,0.02615482348670478,90958.0,82,0.20673277776556212,8.740707632343874,98.92305093335585,173818.0,205,0.3585359398911505,368.8138323511254,10,21085,nearest_locality_proxy
S1017,60190.0,19,0.06045854793155009,83251.0,57,0.15794404872013548,8.91954054086553,98.93261257959595,153298.0,192,0.3541272554110295,1073.3294526182362,260,21085,nearest_locality_proxy
S1018,6897.0,10,0.03668261562998405,11677.0,37,0.4310182409865548,7.312789518900344,96.27289955780164,24150.0,113,0.7248861283643893,1035.7412220093602,6644,21157,nearest_locality_proxy
S1019,24925.0,26,0.2240320962888666,37253.0,67,0.4808203366171852,8.91335178715399,98.78992263439794,62183.0,175,0.5980895099946931,879.0127739054129,44,21003,nearest_locality_proxy
S1020,3434.0,12,1.0,7869.0,28,1.0,6.8777029096477795,97.44380784486557,14912.0,46,0.8189377682403434,472.10713983168813,2064,21055,nearest_locality_proxy
S1021,0.0,0,,2686.0,9,1.0,7.976063670411984,96.73366834170854,8963.0,30,1.0,5547.843847743192,53,21055,nearest_locality_proxy
S1022,0.0,0,,0.0,0,,,,4446.0,18,1.0,10899.262054935332,53,21055,nearest_locality_proxy
S1023,0.0,0,,2502.0,6,1.0,8.228585131894482,98.63429438543247,29880.0,71,0.6759705488621152,5373.337690750659,2045,21035,nearest_locality_proxy
S1024,0.0,0,,0.0,0,,,,9540.0,47,1.0,11333.820515991614,56,21145,nearest_locality_proxy
S1025,0.0,0,,0.0,0,,,,0.0,0,,39806.37435496225,149,21145,nearest_locality_proxy
S1026,0.0,0,,0.0,0,,,,0.0,0,,70700.30349639643,53,21145,nearest_locality_proxy
S1027,12450.0,10,0.11052208835341365,15939.0,32,0.3052261747913922,7.30313102058805,97.90949986768986,401735.0,160,0.08798088292033306,820.9337117110173,4538,21103,nearest_locality_proxy
S1028,320485.0,25,0.020259918560931088,1992526.0,89,0.012377755672949813,11.35839631916928,99.48387233899349,2392940.0,382,0.046325022775330765,1610.596428200926,46996,21119,nearest_locality_proxy
S1029,196820.0,5,0.0,1944984.0,52,0.00800829209906097,11.442778300494714,99.50191626136146,2324667.0,341,0.04408545395964239,2711.2473780693053,20283,21140,nearest_locality_proxy
S1030,15432.0,25,0.05508035251425609,36147.0,59,0.2492323014358038,7.1605515368199315,98.49589790337284,180820.0,217,0.31415772591527485,604.9987348414921,102,21110,nearest_locality_proxy
S1031,5315.0,15,1.0,31373.0,64,0.5770567048098684,7.379857471558225,98.9137299482127,143368.0,202,0.3735561631605379,470.91399101689825,757,21063,nearest_locality_proxy
S1032,66225.0,43,0.09195922989807474,197204.0,168,0.11703109470396138,8.32851180982374,98.91765995341828,439181.0,447,0.18683412989177584,633.0022942892142,10,21038,nearest_locality_proxy
S1033,7859.0,13,0.6301056114009416,26222.0,40,0.4988177865914118,7.843400091729094,98.50790367853449,128035.0,224,0.4182293904010622,1103.909991732631,1764,21098,nearest_locality_proxy
S1034,9441.0,17,0.39593263425484587,20055.0,45,0.7156320119670905,7.8868820533306705,98.1931112365895,53582.0,137,0.7964801612481803,171.77534729587492,5703,21169,nearest_locality_proxy
S1035,8298.0,10,0.37310195227765725,18726.0,28,0.7222044216597244,8.199323247982038,98.6483913953931,45692.0,84,0.6644708045172021,751.4765554416288,12,21082,nearest_locality_proxy
S1036,24835.0,17,0.22122005234548017,36311.0,53,0.3860813527581174,8.966692572688439,98.90065146579805,62274.0,173,0.5709605935061182,732.5874155942014,16,21003,nearest_locality_proxy
S1037,55171.0,22,0.024505627956716392,83480.0,67,0.19378294202204122,8.968974512743632,98.92865283793024,164372.0,192,0.3420594748497311,1145.3528283766907,8,21085,nearest_locality_proxy
S1038,2180.0,8,1.0,6619.0,39,1.0,6.152361216154894,97.30279898218829,42096.0,141,0.864523945267959,710.5317196532009,1182,21206,nearest_locality_proxy
S1039,3079.0,10,1.0,14513.0,40,0.6070419623785571,8.013388800662847,97.88029925187033,58005.0,140,0.7485561589518145,2074.2927202995174,745,21206,nearest_locality_proxy
S1040,28686.0,16,0.13027260684654535,148582.0,85,0.10228022236879299,9.563511462716715,99.3953501575496,787043.0,300,0.0759894948560625,1326.2152137959831,79,21074,nearest_locality_proxy
S1041,74183.0,36,0.1022336653950366,203596.0,132,0.1560836165739995,9.525341569731728,99.11769467378987,915006.0,332,0.07309678843635999,387.8846936758896,17,21090,nearest_locality_proxy
S1042,33727.0,21,0.22524979986361077,50896.0,71,0.48660012574662054,8.478705546813533,98.72544609386715,141473.0,263,0.5055805701441265,288.9524875291702,759,21053,nearest_locality_proxy
S1043,15686.0,23,0.6422287390029325,27995.0,67,0.7995356313627433,7.66544200178731,97.76932826362484,133231.0,260,0.6318874736360156,416.8766666826977,1387,21172,nearest_locality_proxy
S1044,76292.0,46,0.21214544119960152,114070.0,122,0.3931445603576751,8.327606818859781,99.04489658651421,289724.0,408,0.4780480733387638,371.24876464620877,3,21091,nearest_locality_proxy
S1045,11838.0,28,0.05778003041054232,18954.0,48,0.411522633744856,8.222701058201059,98.81456392887384,145707.0,182,0.3163952315262822,239.93389143901385,43,21035,nearest_locality_proxy
S1046,2541.0,5,1.0,12595.0,21,0.5869789599047242,8.613417520451117,98.47675040085515,32198.0,66,0.8384371700105596,560.5909065747696,11,21037,nearest_locality_proxy
S1047,1107.0,4,1.0,5261.0,15,1.0,7.4715722433460074,98.51851851851852,26786.0,76,0.8057940715299037,1102.9626013507873,54,21018,nearest_locality_proxy
S1048,9817.0,12,0.039930732402974435,31535.0,55,0.16648168701442842,7.821914764951145,97.60166840458811,394276.0,188,0.0636077265671763,1216.9647819914599,6238,21161,nearest_locality_proxy
S1049,26428.0,25,0.13341910095353413,57847.0,73,0.18414092347053435,7.755062032159688,97.17939609236234,403872.0,184,0.06137340543538547,453.7486439688644,9,21161,nearest_locality_proxy
S1050,53235.0,21,0.11173100403869635,145908.0,148,0.14008827480330072,7.838059098960551,98.8373094479373,409417.0,421,0.17794082805550332,434.34681414407834,45,21154,nearest_locality_proxy
S1051,30163.0,26,0.20286443656135,132408.0,115,0.13117032203492235,7.685906983778878,98.87500776928336,367667.0,393,0.1784332017831353,641.2016926330766,4148,21115,nearest_locality_proxy
S1052,10822.0,20,0.09831824062095731,33793.0,52,0.19693427632941735,7.021395707340211,98.19584422048028,165592.0,225,0.3470095173679888,428.8088337723531,33,21110,nearest_locality_proxy
S1053,13557.0,14,0.3656413660839419,23509.0,36,0.6341826534518695,6.772776099076477,98.84220972543831,94908.0,156,0.3532684283727399,644.008312126607,4213,21099,nearest_locality_proxy
S1054,21702.0,35,0.232651368537462,165833.0,134,0.09903336489118571,7.539758398985781,98.91906943776422,364691.0,394,0.17809049304753888,395.9484380350354,1055,21115,nearest_locality_proxy
S1055,57541.0,19,0.1650649102379173,76921.0,68,0.3754241364516842,9.205421299728195,99.15317189124944,200711.0,279,0.567328148432323,1050.1417406795708,28,21208,nearest_locality_proxy
S1056,119641.0,16,0.023871415317491495,1935216.0,90,0.013416590189415548,11.364724236237391,99.47520187695935,2407485.0,398,0.05213573500977161,1474.5078275524054,71,21119,nearest_locality_proxy
S1057,122775.0,67,0.173341478313989,158874.0,157,0.2666515603560054,9.189998614382706,99.20071047957371,576138.0,345,0.16719952511377484,316.42791699936447,538,21019,nearest_locality_proxy
S1058,107089.0,30,0.08280028761123925,233616.0,71,0.0854950003424423,10.756037548434058,99.4508206836974,2312507.0,255,0.027190836611521607,651.0931338940267,1234,21041,nearest_locality_proxy
S1059,251.0,1,1.0,112393.0,32,0.06305552836920449,10.092143645327212,99.3596835294512,2301578.0,215,0.022532801408425004,4936.11361110171,251,21136,nearest_locality_proxy
S1060,0.0,0,,0.0,0,,,,313806.0,110,0.07975309586177447,12119.770668757015,251,21136,nearest_locality_proxy
S1061,2684.0,17,1.0,9601.0,41,1.0,7.167565108252276,97.58004467609828,59293.0,164,0.44947970249439223,1023.2004946647727,40,21009,nearest_locality_proxy
S1062,3366.0,10,1.0,8077.0,37,1.0,7.170732376793512,97.51818570817287,36826.0,142,0.7189485689458535,1061.023471529785,43,21113,nearest_locality_proxy
S1063,5361.0,20,0.30871106136914755,9466.0,39,0.6084935558842172,8.021631137978575,98.15837937384899,32519.0,137,0.700052277130293,50.9728876095261,12,21155,nearest_locality_proxy
S1064,6462.0,10,0.06406685236768803,9069.0,21,0.33311280185246445,6.854049861495843,98.131910026687,32895.0,90,0.5386836905304757,1018.9309577438329,3,21191,nearest_locality_proxy
S1065,297557.0,16,0.0031825835050091245,326068.0,62,0.046471901566544405,9.43142692810297,99.19092902454182,490280.0,203,0.08676266623154116,424.9980692026082,29,21156,nearest_locality_proxy
S1066,13762.0,19,0.5664874291527394,384475.0,62,0.046804083490474026,9.147317195616493,99.35017829227672,468729.0,177,0.08883384642298642,453.06791255362026,975,21156,nearest_locality_proxy
S1067,18479.0,11,0.03035878564857406,90381.0,56,0.0712207211692723,7.309752416595616,99.01298196139447,161433.0,175,0.29853251813445825,91.3793377141311,11,21214,nearest_locality_proxy
S1068,0.0,0,,2287.0,4,1.0,8.523235679930037,98.53658536585365,22975.0,60,0.6989771490750816,5795.274455223088,2045,21035,nearest_locality_proxy
S1069,0.0,0,,0.0,0,,,,0.0,0,,24757.158842080684,2045,21035,nearest_locality_proxy
S1070,0.0,0,,0.0,0,,,,0.0,0,,43471.32490343533,142,21035,nearest_locality_proxy
S1071,0.0,0,,0.0,0,,,,0.0,0,,74940.22754363752,2045,21035,nearest_locality_proxy
S1072,0.0,0,,0.0,0,,,,0.0,0,,99151.19556451698,2045,21035,nearest_locality_proxy
S1073,0.0,0,,0.0,0,,,,15934.0,62,1.0,10319.09069846317,317,21053,nearest_locality_proxy
S1074,25785.0,25,0.11173162691487298,46248.0,79,0.43500259470679814,8.502324402763639,98.69125030866738,153509.0,254,0.48201734100280763,1752.526674925544,117,21053,nearest_locality_proxy
