site_id,road_dist_m,road_tipo_vial,road_cond_pav,road_recubri,road_carriles,road_nivel,road_peaje,road_administra,road_jurisdi,road_circula,road_velocidad,road_ancho,n_intersections_1km
S0000,0.1724504452884845,Calle,N/A,N/A,2,0,No,N/A,N/A,Dos sentidos,30,8.0,15
S0001,1.0494447409186907,Carretera,Con pavimento,Asfalto,2,0,No,Estatal,Mex.,Un sentido,80,8.0,249
S0002,1.1649046233593894,Carretera,Con pavimento,Asfalto,2,0,No,Estatal,CDMX,Dos sentidos,80,8.0,11
S0003,6.17564990719219,Carretera,Con pavimento,Asfalto,2,0,No,Estatal,Mex.,Un sentido,80,8.0,42
S0004,2.969424494624339,Carretera,Con pavimento,Asfalto,2,0,No,Estatal,Mex.,Dos sentidos,50,8.0,9
S0005,1.192042512887401,Carretera,Con pavimento,Asfalto,2,0,No,Estatal,Mex.,Dos sentidos,60,7.0,8
S0006,0.5336524550325314,Carretera,Con pavimento,Asfalto,2,0,No,Estatal,CDMX,Dos sentidos,60,7.0,4
S0007,15.948804050757808,Enlace,N/A,N/A,2,0,No,N/A,N/A,Un sentido,20,6.0,282
S0008,0.08866832162289379,Carretera,Con pavimento,Asfalto,2,0,Si,Estatal,Mex.,Un sentido,50,6.0,25
S0009,116.94652415461036,Carretera,Con pavimento,Asfalto,2,0,Si,Estatal,Mex.,Un sentido,60,6.0,16
S0010,0.9799148067269134,Enlace,N/A,N/A,1,-1,No,N/A,N/A,Un sentido,20,3.5,303
S0011,3.7942414945498206,Carretera,Con pavimento,Asfalto,3,0,No,Federal,Fed.,Un sentido,60,10.5,234
S0012,0.6313232779027342,Carretera,Con pavimento,Asfalto,2,0,No,Federal,Fed.,Un sentido,60,6.0,76
S0013,2.4603698460896197,Carretera,Con pavimento,Asfalto,2,0,No,Federal,Fed.,Un sentido,80,8.0,6
S0014,3.4277490091002405,Carretera,Con pavimento,Asfalto,4,0,No,Federal,Fed.,Un sentido,80,12.0,26
S0015,108.55370049067892,Calle,N/A,N/A,2,0,No,N/A,N/A,Dos sentidos,30,7.0,220
S0016,18.595635129533527,Avenida,N/A,N/A,3,0,No,N/A,N/A,Un sentido,50,10.0,262
S0017,11.103884055675508,Avenida,N/A,N/A,3,0,No,N/A,N/A,Un sentido,50,10.0,262
S0018,15.087190771446423,Avenida,N/A,N/A,3,0,No,N/A,N/A,Un sentido,50,10.0,247
S0019,17.072758610707453,Avenida,N/A,N/A,3,0,No,N/A,N/A,Un sentido,50,10.0,241
S0020,5.760224096697073,Carretera,Con pavimento,Asfalto,3,0,Si,Federal,Fed.,Un sentido,90,10.5,281
S0021,75.24484133315877,Avenida,N/A,N/A,3,0,No,N/A,N/A,Un sentido,40,10.5,219
S0022,177.36637432084729,Carretera,Con pavimento,Asfalto,2,0,No,Estatal,CDMX,Dos sentidos,50,6.0,52
S0023,6.048783935944858,Carretera,Con pavimento,Asfalto,3,0,Si,Federal,Fed.,Un sentido,80,10.0,26
S0024,10.430320707353925,Carretera,Con pavimento,Asfalto,9,0,Si,Federal,Fed.,Un sentido,80,32.5,126
S0025,383.8348860755357,Camino,Sin pavimento,Tierra,N/A,0,No,Municipal,Mex.,Dos sentidos,30,7.0,24
S0026,55.60885512683823,Calle,N/A,N/A,2,0,No,N/A,N/A,Dos sentidos,30,7.0,112
S0027,442.5438022592718,Carretera,Con pavimento,Asfalto,3,0,Si,Federal,Fed.,Un sentido,100,12.0,13
S0028,11.005992970523863,Carretera,Con pavimento,Asfalto,3,0,Si,Federal,Fed.,Un sentido,100,12.0,5
S0029,20.04820138066538,Carretera,Con pavimento,Asfalto,3,0,Si,Federal,Fed.,Un sentido,100,12.0,29
S0030,225.51901290898695,Carretera,Con pavimento,Asfalto,3,0,Si,Federal,Fed.,Un sentido,100,12.0,10
S0031,44.62013507101624,Carretera,Con pavimento,Asfalto,2,-1,No,Estatal,Mex.,Dos sentidos,70,8.0,11
S0032,24.551354720296928,Carretera,Con pavimento,Asfalto,3,0,Si,Federal,Fed.,Un sentido,100,12.0,0
S0033,10.826726093585382,Carretera,Con pavimento,Asfalto,3,0,Si,Federal,Fed.,Un sentido,100,12.0,30
S0034,16.11931879620819,Carretera,Con pavimento,Concreto,8,0,Si,Federal,Fed.,Un sentido,100,40.0,34
S0035,719.9565627387929,Calle,N/A,N/A,2,0,No,N/A,N/A,Dos sentidos,30,6.0,8
S0036,15.917681790880458,Carretera,Con pavimento,Concreto,3,0,No,Federal,Fed.,Un sentido,100,14.0,9
S0037,12.339361633608345,Carretera,Con pavimento,Concreto,3,0,No,Federal,Fed.,Un sentido,100,14.0,270
S0038,5.0992531877805405,Carretera,Con pavimento,Concreto,4,0,No,Federal,Fed.,Un sentido,100,20.0,184
S0039,10.86360502334509,Carretera,Con pavimento,Concreto,3,0,No,Federal,Fed.,Un sentido,100,10.5,64
S0040,43.282333042452294,Enlace,N/A,N/A,2,1,No,N/A,N/A,Dos sentidos,20,6.0,13
S0041,13.047203200585644,Carretera,Con pavimento,Concreto,4,0,No,Federal,Fed.,Un sentido,100,19.0,21
S0042,11.973423488366317,Camino,Con pavimento,Bloques,N/A,0,No,Municipal,Qro.,Dos sentidos,40,6.0,25
S0043,18.52680993465323,Calle,N/A,N/A,2,0,No,N/A,N/A,Un sentido,30,8.0,49
S0044,6.019602360906841,Carretera,Con pavimento,Asfalto,2,0,No,Federal,Fed.,Un sentido,90,8.0,80
S0045,7.930662385756638,Carretera,Con pavimento,Asfalto,2,0,No,Federal,Fed.,Un sentido,90,8.0,59
S0046,3.6692077970935744,Carretera,Con pavimento,Asfalto,2,0,No,Federal,Fed.,Un sentido,90,8.0,154
S0047,3.2867755270811556,Enlace,N/A,N/A,2,0,No,N/A,N/A,Un sentido,30,8.0,28
S0048,3.862253093348424,Carretera,Con pavimento,Asfalto,2,0,No,Federal,Fed.,Un sentido,60,7.0,118
S0049,2.4905075780361186,Carretera,Con pavimento,Asfalto,2,0,No,Federal,Fed.,Dos sentidos,60,7.0,228
S0050,22.983472124930802,Privada,N/A,N/A,2,0,No,N/A,N/A,Dos sentidos,10,7.0,496
S0051,41.28467927576773,Carretera,Con pavimento,Asfalto,2,0,No,Federal,Fed.,Un sentido,80,7.0,470
S0052,13.652407787768748,Enlace,N/A,N/A,2,0,No,N/A,N/A,Un sentido,20,7.0,9
S0053,12.443899650075585,Carretera,Con pavimento,Asfalto,2,0,No,Federal,Fed.,Un sentido,90,7.0,428
S0054,11.7054490440479,Boulevard,N/A,N/A,3,1,No,N/A,N/A,Un sentido,50,9.0,355
S0055,5.602445116191631,Carretera,Con pavimento,Asfalto,2,0,Si,Federal,Fed.,Un sentido,100,8.0,609
S0056,7.009985016161659,Carretera,Con pavimento,Asfalto,2,0,Si,Federal,Fed.,Un sentido,100,8.0,282
S0057,7.368092732339918,Carretera,Con pavimento,Asfalto,2,0,Si,Federal,Fed.,Un sentido,100,8.0,269
S0058,3.134228005721974,Carretera,Con pavimento,Asfalto,2,0,Si,Federal,Fed.,Un sentido,100,8.0,227
S0059,2.663203068254937,Carretera,Con pavimento,Asfalto,2,0,Si,Federal,Fed.,Un sentido,90,10.0,98
S0060,2.5092438388969094,Carretera,Con pavimento,Asfalto,2,0,Si,Federal,Fed.,Un sentido,90,10.0,516
S0061,26.93476296294837,Carretera,Con pavimento,Asfalto,2,0,No,Federal,Fed.,Dos sentidos,70,7.0,264
S0062,88.87195988477026,Camino,Sin pavimento,Grava,N/A,0,No,Estatal,CDMX,Dos sentidos,40,3.5,193
S0063,28.447796289527165,Carretera,Con pavimento,Asfalto,2,0,No,Federal,Fed.,Dos sentidos,70,7.0,90
S0064,1.6287471140517558,Calle,N/A,N/A,2,0,No,N/A,N/A,Dos sentidos,30,7.0,237
S0065,2.9931740976795775,Carretera,Con pavimento,Asfalto,2,0,No,Federal,Fed.,Dos sentidos,60,6.0,3
S0066,114.13619517420807,Carretera,Con pavimento,Asfalto,2,0,No,Federal,Fed.,Dos sentidos,60,6.0,8
S0067,18.869726365660014,Calle,N/A,N/A,2,0,No,N/A,N/A,Un sentido,30,6.0,60
S0068,2.276813759302201,Carretera,Con pavimento,Concreto,2,1,Si,Estatal,CDMX,Un sentido,50,7.0,290
S0069,3.94096822630984,Carretera,Con pavimento,Asfalto,3,0,Si,Federal,Fed.,Un sentido,90,10.5,309
S0070,413.2348362198817,Calle,N/A,N/A,N/A,0,No,N/A,N/A,Cerrada en ambos sentidos,5,0.5,91
S0071,70.5088855897566,Carretera,Con pavimento,Asfalto,2,0,Si,Federal,Fed.,Un sentido,110,10.0,2
S0072,2.682271850282546,Carretera,Con pavimento,Asfalto,2,0,Si,Federal,Fed.,Un sentido,110,10.0,5
S0073,0.5471757941153689,Carretera,Con pavimento,Asfalto,2,0,Si,Federal,Fed.,Un sentido,110,7.0,83
S0074,0.764926572146544,Carretera,Con pavimento,Asfalto,2,0,No,Federal,Fed.,Dos sentidos,60,6.0,14
S0075,1.8724522526410496,Carretera,Con pavimento,Asfalto,2,0,No,Federal,Fed.,Dos sentidos,60,6.0,26
S0076,0.8553960535742932,Carretera,Con pavimento,Asfalto,2,0,No,Federal,Fed.,Dos sentidos,90,6.0,3
S0077,1.6263429946863388,Carretera,Con pavimento,Asfalto,2,0,No,Federal,Fed.,Dos sentidos,90,6.0,87
S0078,2.538000547212845,Carretera,Con pavimento,Asfalto,2,0,No,Federal,Fed.,Dos sentidos,90,6.0,13
S0079,9.44000684126895,Calle,N/A,N/A,2,0,No,N/A,N/A,Dos sentidos,30,6.0,297
S0080,1.444218852219681,Avenida,N/A,N/A,3,0,No,N/A,N/A,Un sentido,50,11.0,897
S0081,4.427323392549033,Avenida,N/A,N/A,3,0,No,N/A,N/A,Un sentido,50,9.0,254
S0082,51.51113023877738,Carretera,Con pavimento,Asfalto,3,0,Si,Federal,Fed.,Un sentido,110,9.0,19
S0083,4.602947742835659,Carretera,Con pavimento,Asfalto,2,0,No,Federal,Fed.,Dos sentidos,60,6.0,372
S0084,4.444869121751822,Carretera,Con pavimento,Asfalto,3,0,No,Federal,Fed.,Un sentido,80,10.0,83
S0085,2.9069875734375175,Avenida,N/A,N/A,2,0,No,N/A,N/A,Dos sentidos,40,7.0,230
S0086,3.293905273192881,Carretera,Con pavimento,Asfalto,3,0,No,Federal,Fed.,Un sentido,70,10.5,23
S0087,3.7147787931490295,Privada,N/A,N/A,1,0,No,N/A,N/A,Dos sentidos,10,3.5,312
S0088,3.082224345877097,Carretera,Con pavimento,Asfalto,4,0,Si,Federal,Fed.,Un sentido,90,14.0,575
S0089,0.22235234631706227,Carretera,Con pavimento,Asfalto,2,0,No,Federal,Fed.,Un sentido,60,8.0,570
S0090,2.988755076169761,Enlace,N/A,N/A,2,0,No,N/A,N/A,Un sentido,40,7.0,567
S0091,45.598895497195535,Carretera,Con pavimento,Asfalto,2,0,No,Federal,Fed.,Un sentido,60,8.0,526
S0092,7.324627067616524,Carretera,Con pavimento,Asfalto,4,0,Si,Federal,Fed.,Un sentido,90,14.0,138
S0093,27.77127231300386,Avenida,N/A,N/A,3,0,No,N/A,N/A,Dos sentidos,50,10.0,208
S0094,0.9473539312953659,Calle,N/A,N/A,2,0,No,N/A,N/A,Un sentido,30,8.0,205
S0095,2.984356785363817,Carretera,Con pavimento,Asfalto,3,0,Si,Federal,Fed.,Un sentido,110,9.0,16
S0096,6.174626059405793,Carretera,Con pavimento,Asfalto,3,0,Si,Federal,Fed.,Un sentido,110,13.0,4
S0097,1.726955817410624,Calle,N/A,N/A,2,0,No,N/A,N/A,Dos sentidos,30,7.0,170
S0098,3.337100711898347,Carretera,Con pavimento,Asfalto,3,0,Si,Federal,Fed.,Un sentido,110,9.0,4
S0099,6.546705344071775,Carretera,Con pavimento,Asfalto,3,0,Si,Federal,Fed.,Un sentido,110,9.0,7
S0100,26.84929971133539,Avenida,N/A,N/A,2,0,No,N/A,N/A,Dos sentidos,50,7.0,202
S0101,4.058089679993772,Carretera,Con pavimento,Asfalto,2,1,Si,Estatal,Pue.,Un sentido,80,7.0,56
S0102,4.0523384741093045,Carretera,Con pavimento,Asfalto,2,2,Si,Estatal,Pue.,Un sentido,50,7.0,501
S0103,3.5014154776293207,Carretera,Con pavimento,Asfalto,2,2,Si,Estatal,Pue.,Un sentido,50,7.0,336
S0104,7.281640595555574,Carretera,Con pavimento,Asfalto,3,0,No,Estatal,Mex.,Un sentido,80,10.0,113
S0105,6.51937334721044,Calle,N/A,N/A,2,0,No,N/A,N/A,Un sentido,30,7.0,165
S0106,6.209881752012738,Carretera,Con pavimento,Asfalto,3,0,No,Estatal,Mex.,Un sentido,80,12.0,35
S0107,7.5412504748675016,Carretera,Con pavimento,Asfalto,3,0,No,Estatal,Mex.,Un sentido,50,12.0,19
S0108,9.027828599149462,Carretera,Con pavimento,Asfalto,3,0,No,Estatal,Mex.,Un sentido,50,12.0,14
S0109,297.83570282849365,Carretera,Con pavimento,Asfalto,2,0,No,Federal,Fed.,Dos sentidos,50,8.0,6
S0110,115.86930141109352,Carretera,Con pavimento,Asfalto,2,0,No,Federal,Fed.,Un sentido,80,8.0,14
S0111,4.054173427779459,Carretera,Con pavimento,Asfalto,2,0,No,Federal,Fed.,Dos sentidos,90,7.0,4
S0112,1.3939036949000667,Carretera,Con pavimento,Asfalto,2,0,No,Federal,Fed.,Dos sentidos,90,7.0,26
S0113,30.55109044354744,Carretera,Con pavimento,Asfalto,3,0,No,Estatal,Mex.,Un sentido,50,9.0,181
S0114,1.2525631216905544,Carretera,Con pavimento,Asfalto,2,0,No,Federal,Fed.,Dos sentidos,90,7.0,45
S0115,1.562313287318703,Carretera,Con pavimento,Asfalto,2,0,No,Federal,Fed.,Dos sentidos,100,6.0,2
S0116,1.8227981675086458,Carretera,Con pavimento,Asfalto,2,0,No,Federal,Fed.,Dos sentidos,100,6.0,1
S0117,67.78555735612518,Privada,N/A,N/A,2,0,No,N/A,N/A,Dos sentidos,10,6.0,315
S0118,4.4910913816443285,Boulevard,N/A,N/A,2,0,No,N/A,N/A,Un sentido,50,8.0,199
S0119,4.8548755455776345,Avenida,N/A,N/A,2,0,No,N/A,N/A,Un sentido,50,7.0,195
S0120,2.4910900736328836,Carretera,Con pavimento,Asfalto,2,0,No,Estatal,Gro.,Dos sentidos,60,7.0,1
S0121,0.6621454368618495,Carretera,Con pavimento,Concreto,2,0,No,Estatal,Gro.,Dos sentidos,50,8.0,28
S0122,4.712349855563961,Carretera,Con pavimento,Asfalto,2,0,No,Estatal,Gro.,Un sentido,60,7.0,4
S0123,0.0008035826355734586,Carretera,Con pavimento,Asfalto,2,0,No,Estatal,Gro.,Dos sentidos,60,7.0,11
S0124,1.3068423870640273,Calle,N/A,N/A,2,0,No,N/A,N/A,Dos sentidos,30,7.0,462
S0125,7.201010585627032,Carretera,Con pavimento,Asfalto,2,0,No,Estatal,Gro.,Dos sentidos,40,7.0,71
S0126,1.4471736411760174,Carretera,Con pavimento,Asfalto,2,0,No,Estatal,Gro.,Dos sentidos,60,7.0,165
S0127,2.109822871255608,Carretera,Con pavimento,Asfalto,2,0,No,Estatal,Gro.,Dos sentidos,60,7.0,54
S0128,1.0681497121415453,Carretera,Con pavimento,Asfalto,2,0,No,Estatal,Gro.,Dos sentidos,50,7.0,157
S0129,0.23195689385179458,Carretera,Con pavimento,Asfalto,2,0,No,Estatal,Gro.,Dos sentidos,60,7.0,10
S0130,225.72812689077057,Carretera,Con pavimento,Asfalto,2,0,No,Estatal,Gro.,Dos sentidos,60,7.0,1
S0131,1.0899355123148176,Carretera,Con pavimento,Asfalto,2,0,No,Estatal,Gro.,Dos sentidos,50,7.0,27
S0132,3.4150183450933054,Carretera,Con pavimento,Asfalto,2,0,No,Estatal,Gro.,Dos sentidos,60,7.0,2
S0133,221.06350131637498,Carretera,Con pavimento,Asfalto,2,0,No,Federal,Fed.,Un sentido,80,7.0,37
S0134,1.7055455325529167,Carretera,Con pavimento,Asfalto,2,0,Si,Federal,Fed.,Dos sentidos,110,12.0,8
S0135,0.1356140088370392,Carretera,Con pavimento,Asfalto,2,0,Si,Federal,Fed.,Dos sentidos,110,12.0,8
S0136,0.6237920445124491,Enlace,N/A,N/A,1,0,No,N/A,N/A,Un sentido,30,4.0,20
S0137,14.598336739390541,Enlace,N/A,N/A,1,0,No,N/A,N/A,Un sentido,30,4.0,20
S0138,6.727620288633816,Carretera,Con pavimento,Asfalto,2,0,Si,Federal,Fed.,Un sentido,110,12.0,9
S0139,9.180297369071642,Boulevard,N/A,N/A,2,0,No,N/A,N/A,Un sentido,50,8.0,60
S0140,200.98048084232087,Carretera,Con pavimento,Asfalto,2,1,No,Estatal,Gro.,Un sentido,60,7.0,10
S0141,0.2997159679387341,Carretera,Con pavimento,Asfalto,2,0,No,Federal,Fed.,Dos sentidos,60,8.0,7
S0142,4.294810918360483,Carretera,Con pavimento,Asfalto,2,0,No,Federal,Fed.,Dos sentidos,60,8.0,2
S0143,1.592652341297694,Carretera,Con pavimento,Asfalto,2,0,No,Federal,Fed.,Dos sentidos,60,8.0,6
S0144,5.261727173661508,Calzada,N/A,N/A,2,0,No,N/A,N/A,Un sentido,50,8.0,225
S0145,1.004653816945319,Carretera,Con pavimento,Asfalto,2,0,Si,Federal,Fed.,Dos sentidos,110,8.0,161
S0146,1.2984224014896333,Carretera,Con pavimento,Asfalto,2,0,Si,Federal,Fed.,Dos sentidos,110,6.0,17
S0147,2.8356948628836136,Carretera,Con pavimento,Asfalto,2,0,Si,Federal,Fed.,Dos sentidos,90,8.0,11
S0148,4.686493007920306,Carretera,Con pavimento,Asfalto,1,0,Si,Federal,Fed.,Un sentido,40,6.0,144
S0149,1.052726874749616,Carretera,Con pavimento,Asfalto,2,0,Si,Federal,Fed.,Dos sentidos,90,8.0,165
S0150,1.7192151754645204,Carretera,Con pavimento,Asfalto,3,0,Si,Estatal,Gro.,Dos sentidos,80,11.0,14
S0151,1.43608413426046,Carretera,Con pavimento,Asfalto,2,0,Si,Estatal,Gro.,Dos sentidos,80,8.0,62
S0152,0.4542920039398496,Carretera,Con pavimento,Asfalto,4,0,Si,Federal,Fed.,Dos sentidos,110,12.0,12
S0153,0.3209250901490032,Carretera,Con pavimento,Asfalto,2,0,Si,Federal,Fed.,Dos sentidos,110,8.0,2
S0154,0.10763494358759859,Carretera,Con pavimento,Concreto,2,0,No,N/D,N/D,Dos sentidos,30,7.0,263
S0155,1.9210341767787371,Carretera,Con pavimento,Asfalto,2,0,No,Federal,Fed.,Dos sentidos,60,7.0,274
S0156,1.132639905140154,Carretera,Con pavimento,Asfalto,2,0,No,Federal,Fed.,Dos sentidos,60,7.0,2
S0157,1.2632886174389353,Carretera,Con pavimento,Asfalto,2,0,No,Federal,Fed.,Dos sentidos,60,7.0,71
S0158,0.39304401248004045,Carretera,Con pavimento,Asfalto,2,0,No,Federal,Fed.,Dos sentidos,60,7.0,7
S0159,0.16067640429476443,Carretera,Con pavimento,Asfalto,2,0,No,Federal,Fed.,Dos sentidos,60,7.0,55
S0160,1.3502506377573138,Carretera,Con pavimento,Asfalto,2,0,No,Federal,Fed.,Dos sentidos,60,7.0,0
S0161,0.7242220969075013,Carretera,Con pavimento,Asfalto,2,0,No,Federal,Fed.,Dos sentidos,90,8.0,0
S0162,4.626498575529221,Carretera,Con pavimento,Asfalto,2,0,No,Federal,Fed.,Un sentido,60,7.0,222
S0163,4.364128272582748,Boulevard,N/A,N/A,2,0,No,N/A,N/A,Un sentido,50,7.0,467
S0164,2.2830712574124066,Boulevard,N/A,N/A,2,0,No,N/A,N/A,Un sentido,50,7.0,467
S0165,35.88874003938062,Calle,N/A,N/A,2,0,No,N/A,N/A,Dos sentidos,30,6.0,250
S0166,27.74348608591211,Calle,N/A,N/A,2,0,No,N/A,N/A,Dos sentidos,30,6.0,265
S0167,0.5548601930972038,Carretera,Con pavimento,Asfalto,2,0,No,Federal,Fed.,Dos sentidos,80,7.0,97
S0168,2.907097165632713,Carretera,Con pavimento,Asfalto,2,0,No,Federal,Fed.,Dos sentidos,80,7.0,44
S0169,1.5687524206005106,Carretera,Con pavimento,Asfalto,2,0,No,Federal,Fed.,Dos sentidos,80,7.0,6
S0170,0.337401120074855,Carretera,Con pavimento,Asfalto,2,0,No,Federal,Fed.,Dos sentidos,80,7.0,4
S0171,56.87721314856745,Carretera,Con pavimento,Asfalto,2,0,No,Federal,Fed.,Dos sentidos,80,7.0,12
S0172,0.16443183970865416,Calle,N/A,N/A,2,0,No,N/A,N/A,Dos sentidos,30,7.0,246
S0173,6.598264150706987,Carretera,Con pavimento,Asfalto,2,0,No,Federal,Fed.,Dos sentidos,60,7.0,2
S0174,7.316362228932015,Carretera,Con pavimento,Asfalto,2,0,No,Federal,Fed.,Dos sentidos,40,7.0,99
S0175,2.9223547849293308,Carretera,Con pavimento,Concreto,2,2,No,Federal,Fed.,Un sentido,60,7.0,122
S0176,6.306970245591705,Calle,N/A,N/A,2,0,No,N/A,N/A,Dos sentidos,30,6.0,481
S0177,3.2329314503089033,Carretera,Con pavimento,Asfalto,2,0,No,Federal,Fed.,Un sentido,100,6.0,404
S0178,12.862126476875558,Carretera,Con pavimento,Asfalto,2,0,No,Federal,Fed.,Dos sentidos,100,8.0,245
S0179,114.9600608467228,Carretera,Con pavimento,Asfalto,2,0,No,Federal,Fed.,Un sentido,100,6.0,193
S0180,0.5993656478812116,Calle,N/A,N/A,2,0,No,N/A,N/A,Dos sentidos,30,7.0,150
S0181,3.3829166331480742,Carretera,Con pavimento,Asfalto,2,0,No,Federal,Fed.,Dos sentidos,90,6.0,13
S0182,0.0747002600874601,Carretera,Con pavimento,Asfalto,2,0,No,Federal,Fed.,Dos sentidos,100,6.0,132
S0183,12.77126838129965,Enlace,N/A,N/A,2,0,No,N/A,N/A,Un sentido,40,8.0,129
S0184,5.493257314658478,Carretera,Con pavimento,Asfalto,2,0,No,Federal,Fed.,Dos sentidos,90,7.0,3
S0185,1.9112594449590994,Carretera,Con pavimento,Asfalto,2,0,No,Federal,Fed.,Dos sentidos,90,6.0,4
S0186,0.16961152187841697,Carretera,Con pavimento,Asfalto,2,0,No,Estatal,Gro.,Dos sentidos,40,7.0,103
S0187,2.9342412803214892,Carretera,Con pavimento,Asfalto,2,0,No,Federal,Fed.,Dos sentidos,60,7.0,376
S0188,0.8830730332628489,Calle,N/A,N/A,2,0,No,N/A,N/A,Dos sentidos,30,7.0,241
S0189,0.3022548223840949,Carretera,Con pavimento,Asfalto,2,0,No,Federal,Fed.,Dos sentidos,60,7.0,3
S0190,0.7269700556553258,Carretera,Con pavimento,Asfalto,2,0,No,Federal,Fed.,Dos sentidos,60,7.0,15
S0191,7.129792442820449,Carretera,Con pavimento,Asfalto,2,0,No,Federal,Fed.,Dos sentidos,60,7.0,66
S0192,3.420421597820832,Carretera,Con pavimento,Asfalto,2,0,No,Federal,Fed.,Dos sentidos,60,7.0,1
S0193,4.474343866776249,Carretera,Con pavimento,Concreto,2,0,No,N/D,N/D,Un sentido,50,7.0,427
S0194,1.9239229503496937,Carretera,Con pavimento,Asfalto,2,0,No,Federal,Fed.,Dos sentidos,60,7.0,12
S0195,0.9190242221788836,Carretera,Con pavimento,Asfalto,2,0,No,Federal,Fed.,Dos sentidos,60,7.0,1
S0196,0.9068515979642833,Carretera,Con pavimento,Asfalto,2,0,No,Federal,Fed.,Dos sentidos,60,7.0,321
S0197,4.380167919908251,Carretera,Con pavimento,Asfalto,2,0,Si,Federal,Fed.,Un sentido,110,7.0,238
S0198,1.4559515663073364,Carretera,Con pavimento,Asfalto,2,0,Si,Federal,Fed.,Un sentido,110,7.0,470
S0199,0.28951954756925,Carretera,Con pavimento,Asfalto,3,0,Si,Federal,Fed.,Un sentido,110,9.0,330
S0200,4.175436629025564,Carretera,Con pavimento,Asfalto,2,0,Si,Federal,Fed.,Un sentido,110,6.0,119
S0201,4.105634201040909,Carretera,Con pavimento,Asfalto,3,0,Si,Federal,Fed.,Un sentido,110,9.0,76
S0202,4.075020314570511,Carretera,Con pavimento,Asfalto,2,0,Si,Federal,Fed.,Un sentido,110,6.0,104
S0203,38.407383466842575,Camino,Sin pavimento,Tierra,N/A,0,No,N/D,N/D,Dos sentidos,30,3.5,6
S0204,8.645627422260961,Carretera,Con pavimento,Asfalto,4,0,Si,Federal,Fed.,Un sentido,110,12.0,5
S0205,6.12310290171514,Carretera,Con pavimento,Asfalto,2,0,Si,Federal,Fed.,Un sentido,110,6.0,11
S0206,5.0390391458621275,Carretera,Con pavimento,Asfalto,2,0,Si,Federal,Fed.,Un sentido,110,6.0,20
S0207,2.247611381237352,Carretera,Con pavimento,Asfalto,2,0,Si,Federal,Fed.,Un sentido,110,7.0,5
S0208,3.867587546407623,Carretera,Con pavimento,Asfalto,2,0,Si,Federal,Fed.,Un sentido,110,7.0,23
S0209,2.3814386884546144,Carretera,Con pavimento,Asfalto,2,0,Si,Federal,Fed.,Un sentido,110,7.0,32
S0210,2.865206709406421,Carretera,Con pavimento,Asfalto,2,0,Si,Federal,Fed.,Un sentido,110,7.0,30
S0211,5.009178281090447,Carretera,Con pavimento,Asfalto,2,0,Si,Federal,Fed.,Un sentido,110,7.0,15
S0212,1.246074390275647,Carretera,Con pavimento,Asfalto,2,0,Si,Federal,Fed.,Un sentido,110,7.0,17
S0213,4.425345750420511,Carretera,Con pavimento,Asfalto,2,0,Si,Federal,Fed.,Un sentido,50,7.0,490
S0214,2.5922940613206666,Carretera,Con pavimento,Asfalto,3,0,No,Federal,Fed.,Un sentido,60,9.0,29
S0215,9.050543975814616,Carretera,Con pavimento,Asfalto,2,0,No,Federal,Fed.,Dos sentidos,90,7.0,3
S0216,7.455683711873231,Carretera,Con pavimento,Asfalto,2,0,No,Federal,Fed.,Dos sentidos,60,7.0,1
S0217,12.460970596413853,Calzada,N/A,N/A,3,0,No,N/A,N/A,Un sentido,50,10.0,605
S0218,3.6027875770948996,Carretera,Con pavimento,Asfalto,2,0,No,Federal,Fed.,Un sentido,90,8.0,17
S0219,6.026413293976672,Carretera,Con pavimento,Asfalto,2,0,No,Federal,Fed.,Dos sentidos,90,8.0,0
S0220,8.63522761108362,Carretera,Con pavimento,Asfalto,2,0,No,Federal,Fed.,Dos sentidos,90,7.0,3
S0221,9.289411262569786,Calle,N/A,N/A,1,0,No,N/A,N/A,Dos sentidos,30,4.0,11
S0222,3.1645935359303285,Carretera,Con pavimento,Asfalto,2,0,No,Federal,Fed.,Dos sentidos,90,7.0,4
S0223,53.872356257071914,Carretera,Con pavimento,Asfalto,2,0,No,Federal,Fed.,Dos sentidos,90,7.0,6
S0224,8.401117668605936,Carretera,Con pavimento,Asfalto,2,0,No,Federal,Fed.,Dos sentidos,90,7.0,2
S0225,1.1567502601465323,Carretera,Con pavimento,Asfalto,2,0,No,Federal,Fed.,Dos sentidos,90,7.0,16
S0226,2.575270850845199,Calle,N/A,N/A,2,0,No,N/A,N/A,Dos sentidos,30,7.0,131
S0227,1.1539411092638239,Carretera,Con pavimento,Asfalto,2,0,No,Federal,Fed.,Dos sentidos,90,8.0,10
S0228,1.69790873771003,Carretera,Con pavimento,Asfalto,2,0,No,Federal,Fed.,Dos sentidos,90,6.0,54
S0229,2.4014541353472745,Carretera,Con pavimento,Asfalto,2,0,No,Federal,Fed.,Un sentido,90,6.0,21
S0230,3.3859372212450918,Carretera,Con pavimento,Asfalto,2,0,No,Federal,Fed.,Un sentido,90,6.0,23
S0231,0.8035122491605404,Carretera,Con pavimento,Asfalto,2,0,No,Federal,Fed.,Dos sentidos,90,6.0,7
S0232,2.5728786240306403,Carretera,Con pavimento,Asfalto,2,0,No,Federal,Fed.,Dos sentidos,90,6.0,23
S0233,3.160458663884632,Carretera,Con pavimento,Asfalto,2,0,No,Federal,Fed.,Dos sentidos,100,6.0,4
S0234,1.2992636016642325,Carretera,Con pavimento,Asfalto,2,0,No,Federal,Fed.,Dos sentidos,100,6.0,4
S0235,0.9035564339070313,Carretera,Con pavimento,Asfalto,2,0,No,Federal,Fed.,Dos sentidos,40,7.0,1
S0236,2.4721169959710525,Carretera,Con pavimento,Asfalto,2,0,No,Federal,Fed.,Dos sentidos,40,7.0,1
S0237,0.954863908652547,Calle,N/A,N/A,2,0,No,N/A,N/A,Dos sentidos,30,6.0,323
S0238,3.842744752104662,Carretera,Con pavimento,Asfalto,2,0,No,Federal,Fed.,Un sentido,60,6.0,13
S0239,0.059451214109745285,Carretera,Con pavimento,Asfalto,2,0,No,Federal,Fed.,Dos sentidos,60,6.0,1
S0240,1.8813303567337496,Carretera,Con pavimento,Asfalto,2,0,No,Federal,Fed.,Dos sentidos,60,6.0,181
S0241,193.2246566922386,Camino,Sin pavimento,Tierra,N/A,0,No,N/D,N/D,Dos sentidos,30,3.5,180
S0242,0.1250514833105431,Carretera,Con pavimento,Asfalto,2,0,No,Federal,Fed.,Dos sentidos,60,7.0,0
S0243,3.769090626141381,Andador,N/A,N/A,N/A,0,No,N/A,N/A,Cerrada en ambos sentidos,5,2.5,378
S0244,0.6753704536453162,Carretera,Con pavimento,Asfalto,2,0,No,Federal,Fed.,Dos sentidos,80,7.0,167
S0245,4.931648919984042,Carretera,Con pavimento,Asfalto,2,0,No,Federal,Fed.,Dos sentidos,80,6.5,82
S0246,4.968561961812827,Carretera,Con pavimento,Asfalto,2,0,No,Federal,Fed.,Dos sentidos,80,12.0,2
S0247,4.050397294802061,Carretera,Con pavimento,Asfalto,2,0,No,Federal,Fed.,Dos sentidos,80,12.0,3
S0248,4.216088238979213,Carretera,Con pavimento,Asfalto,2,0,No,Federal,Fed.,Dos sentidos,80,7.0,10
S0249,4.8966212811946725,Carretera,Con pavimento,Asfalto,2,0,No,Federal,Fed.,Dos sentidos,80,7.0,99
S0250,6.26855235708288,Carretera,Con pavimento,Asfalto,2,0,No,Federal,Fed.,Dos sentidos,80,12.0,6
S0251,6.917174603643347,Cerrada,N/A,N/A,2,0,No,N/A,N/A,Dos sentidos,10,6.0,473
S0252,11.112495735215576,Carretera,Con pavimento,Asfalto,2,0,No,Federal,Fed.,Dos sentidos,80,6.5,7
S0253,2.684801439543857,Carretera,Con pavimento,Asfalto,2,0,No,Federal,Fed.,Dos sentidos,80,12.0,4
S0254,6.903192195044543,Carretera,Con pavimento,Asfalto,2,0,No,Federal,Fed.,Dos sentidos,80,12.0,3
S0255,3.0683425875946635,Carretera,Con pavimento,Asfalto,2,0,No,Federal,Fed.,Dos sentidos,80,12.0,8
S0256,1.032834821576704,Carretera,Con pavimento,Asfalto,2,0,No,Federal,Fed.,Dos sentidos,80,6.5,92
S0257,39.00682102306671,Camino,Sin pavimento,Tierra,N/A,0,No,N/D,N/D,Dos sentidos,30,3.5,219
S0258,1.210776869422292,Carretera,Con pavimento,Asfalto,2,0,No,Federal,Fed.,Dos sentidos,80,7.0,212
S0259,0.8973676621879444,Carretera,Con pavimento,Asfalto,2,0,No,Federal,Fed.,Dos sentidos,80,7.0,6
S0260,0.40634138710840323,Carretera,Con pavimento,Asfalto,2,0,No,Federal,Fed.,Dos sentidos,80,7.0,197
S0261,7.079419149079126,Carretera,Con pavimento,Asfalto,2,0,No,Federal,Fed.,Un sentido,80,8.0,233
S0262,5.1470554395526795,Carretera,Con pavimento,Concreto,2,0,No,Federal,Fed.,Un sentido,50,7.0,1199
S0263,4.958271761061419,Carretera,Con pavimento,Concreto,2,0,No,Federal,Fed.,Un sentido,50,7.0,446
S0264,3.900556306391221,Carretera,Con pavimento,Concreto,2,0,No,Federal,Fed.,Un sentido,40,7.0,749
S0265,114.94119563327322,Privada,N/A,N/A,1,0,No,N/A,N/A,Dos sentidos,10,3.0,222
S0266,7.76031775745518,Cerrada,N/A,N/A,1,0,No,N/A,N/A,Dos sentidos,10,3.0,27
S0267,6.860347913378632,Carretera,Con pavimento,Asfalto,2,0,No,Federal,Fed.,Un sentido,80,7.0,66
S0268,3.3057807425183996,Carretera,Con pavimento,Asfalto,2,0,No,Federal,Fed.,Dos sentidos,80,12.0,104
S0269,3.9619471198526814,Carretera,Con pavimento,Asfalto,2,0,No,Federal,Fed.,Dos sentidos,80,12.0,12
S0270,27.910919394361095,Calle,N/A,N/A,2,0,No,N/A,N/A,Dos sentidos,30,6.0,278
S0271,0.0182514424232487,Carretera,Con pavimento,Asfalto,2,0,No,Federal,Fed.,Dos sentidos,80,12.0,13
S0272,2.8143498898755657,Carretera,Con pavimento,Asfalto,2,0,No,Federal,Fed.,Dos sentidos,80,12.0,195
S0273,24.80357483050452,Carretera,Con pavimento,Asfalto,2,0,No,Federal,Fed.,Dos sentidos,80,12.0,232
S0274,4.572811219238406,Carretera,Con pavimento,Asfalto,2,0,No,Federal,Fed.,Dos sentidos,80,12.0,1
S0275,2.8321977413420103,Calle,N/A,N/A,2,0,No,N/A,N/A,Dos sentidos,30,6.0,240
S0276,4.436623168733176,Carretera,Con pavimento,Asfalto,2,0,No,Federal,Fed.,Dos sentidos,80,12.0,42
S0277,197.57215683687815,Carretera,Con pavimento,Asfalto,2,0,No,Federal,Fed.,Dos sentidos,80,12.0,6
S0278,10.639614101886446,Calle,N/A,N/A,2,0,No,N/A,N/A,Dos sentidos,30,6.0,244
S0279,0.06056092693988078,Carretera,Con pavimento,Asfalto,2,0,No,Federal,Fed.,Dos sentidos,80,6.0,5
S0280,50.213317985499565,Carretera,Con pavimento,Asfalto,2,0,No,Federal,Fed.,Dos sentidos,80,6.0,4
S0281,1.220098058847172,Carretera,Con pavimento,Asfalto,2,0,No,Federal,Fed.,Dos sentidos,60,7.0,11
S0282,1.75002473964876,Carretera,Con pavimento,Asfalto,2,0,No,Estatal,Gro.,Dos sentidos,60,6.5,0
S0283,3.541031309391143,Carretera,Con pavimento,Asfalto,2,0,No,Federal,Fed.,Dos sentidos,60,6.0,7
S0284,3.0000396743001363,Boulevard,N/A,N/A,2,0,No,N/A,N/A,Un sentido,50,7.0,99
S0285,4.7961264147796685,Calle,N/A,N/A,2,0,No,N/A,N/A,Un sentido,30,8.0,470
S0286,4.046900915763325,Carretera,Con pavimento,Asfalto,2,0,No,Federal,Fed.,Dos sentidos,80,12.0,72
S0287,2.1991450632578946,Carretera,Con pavimento,Asfalto,2,0,No,Federal,Fed.,Dos sentidos,80,12.0,8
S0288,0.09017239600655595,Carretera,Con pavimento,Asfalto,2,0,No,Federal,Fed.,Dos sentidos,80,6.5,83
S0289,42.17936957338401,Carretera,Con pavimento,Asfalto,2,0,No,Federal,Fed.,Dos sentidos,80,6.5,3
S0290,1.5357186856414204,Carretera,Con pavimento,Asfalto,2,0,No,Federal,Fed.,Dos sentidos,80,12.0,2
S0291,3.3000856866847603,Enlace,N/A,N/A,1,0,No,N/A,N/A,Dos sentidos,20,3.5,4
S0292,1.8439570215729744,Carretera,Con pavimento,Asfalto,2,0,No,Federal,Fed.,Dos sentidos,80,12.0,10
S0293,0.6581674286134431,Carretera,Con pavimento,Asfalto,2,0,No,Federal,Fed.,Dos sentidos,80,12.0,7
S0294,1.467110628126634,Carretera,Con pavimento,Asfalto,2,0,No,Federal,Fed.,Dos sentidos,80,12.0,4
S0295,1.9593066007611302,Camino,Sin pavimento,Tierra,N/A,0,No,Municipal,Gro.,Dos sentidos,30,3.5,6
S0296,3.593510926389313,Carretera,Con pavimento,Asfalto,2,0,No,Federal,Fed.,Dos sentidos,80,12.0,5
S0297,5.636467249643774,Carretera,Con pavimento,Asfalto,2,0,No,Federal,Fed.,Dos sentidos,80,7.0,18
S0298,3.4105847399079448,Carretera,Con pavimento,Asfalto,2,0,No,Federal,Fed.,Dos sentidos,70,7.0,9
S0299,2.540718667132717,Carretera,Con pavimento,Asfalto,2,0,No,Federal,Fed.,Dos sentidos,70,10.0,10
S0300,5.471730824367865,Carretera,Con pavimento,Asfalto,2,0,No,Federal,Fed.,Dos sentidos,70,6.0,4
S0301,1.6085414603139538,Avenida,N/A,N/A,2,0,No,N/A,N/A,Dos sentidos,50,6.0,265
S0302,7.639984962450988,Avenida,N/A,N/A,2,0,No,N/A,N/A,Un sentido,50,7.0,399
S0303,1.08614063473145,Carretera,Con pavimento,Asfalto,2,0,No,Federal,Fed.,Dos sentidos,70,7.0,4
S0304,0.0006961946351082757,Carretera,Con pavimento,Asfalto,2,0,No,Federal,Fed.,Dos sentidos,70,7.0,252
S0305,2.349615400705882,Carretera,Con pavimento,Asfalto,2,0,Si,Estatal,Gro.,Un sentido,80,7.0,192
S0306,1.491365550736267,Carretera,Con pavimento,Asfalto,2,0,Si,Federal,Fed.,Un sentido,80,7.0,8
S0307,4.606905815335077,Carretera,Con pavimento,Asfalto,2,0,Si,Federal,Fed.,Dos sentidos,90,12.0,11
S0308,8.600145261580485,Carretera,Con pavimento,Asfalto,4,0,Si,Federal,Fed.,Dos sentidos,60,12.0,47
S0309,2.8986576280939964,Calle,N/A,N/A,2,0,No,N/A,N/A,Dos sentidos,30,8.0,157
S0310,0.45185707072546716,Carretera,Con pavimento,Asfalto,2,0,No,Estatal,Mex.,Dos sentidos,80,8.0,6
S0311,0.5983200289016749,Carretera,Con pavimento,Asfalto,2,0,No,Estatal,Mex.,Dos sentidos,80,7.0,15
S0312,0.9165606867144924,Carretera,Con pavimento,Asfalto,2,0,No,Estatal,Mex.,Dos sentidos,80,7.0,104
S0313,0.9912591060180809,Avenida,N/A,N/A,2,0,No,N/A,N/A,Dos sentidos,50,8.0,281
S0314,32.80490627820822,Avenida,N/A,N/A,2,0,No,N/A,N/A,Dos sentidos,50,7.0,215
S0315,0.41617879885910475,Carretera,Con pavimento,Asfalto,2,0,No,Estatal,Mex.,Dos sentidos,60,7.0,17
S0316,5.089379965929804,Calle,N/A,N/A,2,0,No,N/A,N/A,Un sentido,30,8.0,205
S0317,16.86981924262775,Calle,N/A,N/A,1,0,No,N/A,N/A,Dos sentidos,30,4.0,395
S0318,2.427304589401651,Calle,N/A,N/A,2,0,No,N/A,N/A,Dos sentidos,30,8.0,213
S0319,0.6343165666010111,Calle,N/A,N/A,2,0,No,N/A,N/A,Dos sentidos,30,8.0,18
S0320,2.015545128131328,Carretera,Con pavimento,Asfalto,2,0,No,Estatal,Mex.,Dos sentidos,60,8.0,3
S0321,0.6032620595048543,Carretera,Con pavimento,Asfalto,2,0,No,Estatal,Mex.,Dos sentidos,80,8.0,3
S0322,1.9393478838362086,Carretera,Con pavimento,Asfalto,2,0,No,Estatal,Mex.,Dos sentidos,80,8.0,13
S0323,2.9176081219612255,Carretera,Con pavimento,Asfalto,2,0,No,Estatal,Mex.,Un sentido,70,8.0,96
S0324,0.40209039716021333,Carretera,Con pavimento,Asfalto,2,0,No,Municipal,Mex.,Dos sentidos,50,8.0,38
S0325,4.875755633904137,Carretera,Con pavimento,Asfalto,2,0,No,Estatal,Mex.,Un sentido,80,7.0,26
S0326,2.517323335482061,Avenida,N/A,N/A,2,0,No,N/A,N/A,Un sentido,40,7.0,143
S0327,0.579701467792489,Carretera,Con pavimento,Asfalto,2,0,No,Estatal,Mex.,Dos sentidos,80,7.0,38
S0328,2.3731754314021622,Boulevard,N/A,N/A,2,0,No,N/A,N/A,Un sentido,50,7.0,109
S0329,1.5396650310584818,Carretera,Con pavimento,Asfalto,2,0,No,Estatal,Mex.,Un sentido,80,8.0,7
S0330,0.7341721141256377,Carretera,Con pavimento,Asfalto,2,0,No,Estatal,Mex.,Dos sentidos,80,8.0,45
S0331,0.5877019847047905,Avenida,N/A,N/A,2,0,No,N/A,N/A,Dos sentidos,50,8.0,134
S0332,0.8205901069743614,Carretera,Con pavimento,Asfalto,2,0,No,Estatal,Mex.,Dos sentidos,80,8.0,4
S0333,12.47669088440117,Avenida,N/A,N/A,2,0,No,N/A,N/A,Un sentido,50,7.0,34
S0334,11.288534845672366,Avenida,N/A,N/A,3,0,No,N/A,N/A,Un sentido,50,11.0,475
S0335,0.6894089508198284,Calle,N/A,N/A,3,0,No,N/A,N/A,Un sentido,30,11.0,31
S0336,2.9660944532666322,Avenida,N/A,N/A,2,0,No,N/A,N/A,Un sentido,50,8.0,408
S0337,5.766832265618291,Calle,N/A,N/A,2,0,No,N/A,N/A,Un sentido,30,8.0,531
S0338,1.6515590629585777,Carretera,Con pavimento,Asfalto,2,0,No,Municipal,Mex.,Dos sentidos,60,8.0,105
S0339,4.304503563544487,Carretera,Con pavimento,Asfalto,3,0,No,Estatal,Mex.,Un sentido,80,10.0,9
S0340,7.953958050476386,Carretera,Con pavimento,Asfalto,3,0,No,Estatal,Mex.,Un sentido,80,10.0,21
S0341,2.2780131466902382,Avenida,N/A,N/A,2,0,No,N/A,N/A,Dos sentidos,50,8.0,152
S0342,4.427837410378979,Carretera,Con pavimento,Asfalto,2,0,No,Estatal,Mex.,Dos sentidos,80,8.0,8
S0343,0.7058239517659467,Calle,N/A,N/A,2,0,No,N/A,N/A,Dos sentidos,30,8.0,22
S0344,4.8117864104236086,Carretera,Con pavimento,Asfalto,2,0,No,Estatal,Mex.,Dos sentidos,80,7.0,8
S0345,2.5430560331437633,Carretera,Con pavimento,Asfalto,2,0,No,Estatal,Mex.,Dos sentidos,80,7.0,4
S0346,1.1975502894461707,Carretera,Con pavimento,Asfalto,2,0,No,Estatal,Mex.,Dos sentidos,80,8.0,2
S0347,63.413581123826134,Calle,N/A,N/A,2,0,No,N/A,N/A,Dos sentidos,30,7.0,24
S0348,0.8888916980284616,Carretera,Con pavimento,Asfalto,2,0,No,Estatal,Mex.,Dos sentidos,60,7.0,15
S0349,3.7564950015930147,Carretera,Con pavimento,Asfalto,2,0,No,Estatal,Mex.,Dos sentidos,60,8.0,9
S0350,28.37586213188974,Enlace,N/A,N/A,2,0,No,N/A,N/A,Un sentido,20,7.0,24
S0351,2.238109051146921,Carretera,Con pavimento,Asfalto,2,0,No,Municipal,Mex.,Dos sentidos,60,8.0,0
S0352,1.6077607320551406,Calle,N/A,N/A,2,0,No,N/A,N/A,Dos sentidos,30,8.0,168
S0353,23.86489011046563,Avenida,N/A,N/A,2,0,No,N/A,N/A,Dos sentidos,40,7.0,21
S0354,1.2829588604796132,Carretera,Con pavimento,Asfalto,2,0,No,Estatal,Mex.,Dos sentidos,80,8.0,117
S0355,23.3119366174446,Calle,N/A,N/A,2,0,No,N/A,N/A,Dos sentidos,30,8.0,12
S0356,1.2066275665926351,Carretera,Con pavimento,Asfalto,2,0,No,Estatal,Mex.,Dos sentidos,80,8.0,14
S0357,1.1655737896732457,Carretera,Con pavimento,Asfalto,2,0,No,Estatal,Mex.,Dos sentidos,80,8.0,13
S0358,1.9939871810441887,Carretera,Con pavimento,Asfalto,2,0,No,Estatal,Mex.,Dos sentidos,80,6.0,120
S0359,7.921395930175168,Carretera,Con pavimento,Asfalto,2,0,No,Estatal,Mex.,Dos sentidos,80,7.0,11
S0360,3.5737399419121205,Carretera,Con pavimento,Asfalto,2,0,No,Estatal,Mex.,Dos sentidos,80,7.0,8
S0361,4.7486414273523785,Calle,N/A,N/A,2,0,No,N/A,N/A,Dos sentidos,30,7.0,46
S0362,2.3875135743051814,Carretera,Con pavimento,Asfalto,2,0,No,Estatal,Mex.,Dos sentidos,80,8.0,5
S0363,2.644750850389684,Carretera,Con pavimento,Asfalto,2,0,No,Municipal,Mex.,Dos sentidos,70,8.0,12
S0364,0.3911890800714692,Calle,N/A,N/A,2,0,No,N/A,N/A,Dos sentidos,30,8.0,7
S0365,0.47534665603657644,Carretera,Con pavimento,Asfalto,2,0,No,Estatal,Mex.,Dos sentidos,80,8.0,6
S0366,0.33869424630842965,Calle,N/A,N/A,2,0,No,N/A,N/A,Dos sentidos,30,8.0,197
S0367,0.8138268932895177,Carretera,Con pavimento,Asfalto,2,0,No,Estatal,Mex.,Dos sentidos,80,8.0,62
S0368,6.731589653337952,Prolongación,N/A,N/A,2,0,No,N/A,N/A,Dos sentidos,50,7.0,5
S0369,0.2921831850458127,Carretera,Con pavimento,Asfalto,2,0,No,Estatal,Mex.,Dos sentidos,80,7.0,1
S0370,8.534766504134316,Carretera,Con pavimento,Asfalto,2,0,No,Estatal,Mex.,Dos sentidos,80,7.0,5
S0371,5.755535918299963,Carretera,Con pavimento,Asfalto,2,0,No,Estatal,Mex.,Dos sentidos,80,7.0,4
S0372,4.248882119857567,Calle,N/A,N/A,2,0,No,N/A,N/A,Dos sentidos,30,7.0,3
S0373,3.4695419814814903,Carretera,Con pavimento,Asfalto,2,0,No,Estatal,Mex.,Dos sentidos,80,7.0,2
S0374,1.5749189895724331,Carretera,Con pavimento,Asfalto,2,0,No,Estatal,Mex.,Un sentido,80,7.0,5
S0375,1.987850462536087,Carretera,Con pavimento,Asfalto,2,0,No,Estatal,Mex.,Dos sentidos,80,7.0,12
S0376,6.816279802600523,Carretera,Con pavimento,Asfalto,2,0,No,Estatal,Mex.,Dos sentidos,80,7.0,4
S0377,5.209840989047092,Carretera,Con pavimento,Asfalto,2,0,No,Estatal,Mex.,Dos sentidos,80,6.0,3
S0378,0.05257479094913413,Carretera,Con pavimento,Asfalto,2,0,No,Estatal,Mex.,Dos sentidos,80,8.0,9
S0379,0.39652464753493033,Carretera,Con pavimento,Asfalto,2,0,No,Estatal,Mex.,Dos sentidos,80,8.0,50
S0380,0.07499917270241778,Carretera,Con pavimento,Asfalto,2,0,No,Estatal,Mex.,Dos sentidos,40,7.0,3
S0381,0.07901799794464984,Carretera,Con pavimento,Asfalto,2,0,No,Estatal,Mex.,Dos sentidos,40,7.0,7
S0382,0.4582484735975322,Avenida,N/A,N/A,2,0,No,N/A,N/A,Dos sentidos,50,8.0,296
S0383,0.8166559160335921,Calle,N/A,N/A,2,0,No,N/A,N/A,Dos sentidos,30,8.0,181
S0384,0.23461254602589038,Avenida,N/A,N/A,2,0,No,N/A,N/A,Dos sentidos,50,8.0,208
S0385,3.260787179168703,Calle,N/A,N/A,2,0,No,N/A,N/A,Dos sentidos,30,8.0,19
S0386,0.838168648469032,Avenida,N/A,N/A,2,0,No,N/A,N/A,Dos sentidos,50,8.0,3
S0387,13.920840620238726,Carretera,Con pavimento,Asfalto,3,0,No,Estatal,Mex.,Un sentido,80,10.0,52
S0388,23.22654670916584,Carretera,Con pavimento,Asfalto,3,0,No,Estatal,Mex.,Un sentido,80,10.0,52
S0389,1.776876126533648,Carretera,Con pavimento,Asfalto,2,0,Si,Estatal,Mex.,Un sentido,80,8.0,23
S0390,14.889777516366767,Carretera,Con pavimento,Asfalto,2,0,Si,Estatal,Mex.,Un sentido,80,7.0,19
S0391,8.766265310834058,Carretera,Con pavimento,Asfalto,2,0,Si,Estatal,Mex.,Un sentido,80,8.0,8
S0392,15.236581005065808,Avenida,N/A,N/A,2,0,No,N/A,N/A,Un sentido,50,8.0,75
S0393,4.815708997561088,Carretera,Con pavimento,Asfalto,2,0,Si,Estatal,Mex.,Un sentido,80,8.0,60
S0394,193.49825166263673,Carretera,Con pavimento,Asfalto,2,0,Si,Estatal,Mex.,Un sentido,80,8.0,5
S0395,1.0728756795721879,Circuito,N/A,N/A,3,0,No,N/A,N/A,Un sentido,50,10.0,423
S0396,92.2180926837219,Camino,Sin pavimento,Tierra,N/A,0,No,Municipal,Mex.,Dos sentidos,30,3.5,20
S0397,0.6106545734855569,Carretera,Con pavimento,Asfalto,2,0,No,Federal,Fed.,Dos sentidos,90,8.0,67
S0398,71.93322111628713,Carretera,Con pavimento,Asfalto,2,0,No,Federal,Fed.,Un sentido,90,8.0,5
S0399,3.237919713513155,Carretera,Con pavimento,Asfalto,2,0,No,Federal,Fed.,Un sentido,90,10.0,12
S0400,2.295680550559805,Carretera,Con pavimento,Asfalto,2,0,No,Federal,Fed.,Un sentido,90,10.0,7
S0401,5.884407111039335,Carretera,Con pavimento,Asfalto,2,0,No,Federal,Fed.,Un sentido,90,10.0,34
S0402,2.321017422140057,Avenida,N/A,N/A,4,0,No,N/A,N/A,Un sentido,50,12.0,29
S0403,4.711197500833332,Carretera,Con pavimento,Asfalto,2,0,No,Estatal,Mex.,Dos sentidos,80,7.0,2
S0404,5.877765118252949,Carretera,Con pavimento,Asfalto,2,0,No,Estatal,Mex.,Dos sentidos,80,7.0,6
S0405,2.399839688383207,Carretera,Con pavimento,Asfalto,2,0,No,Estatal,Mex.,Dos sentidos,80,7.0,4
S0406,1.8942104951915242,Carretera,Con pavimento,Asfalto,2,0,No,Estatal,Mex.,Dos sentidos,80,7.0,11
S0407,4.996587827217298,Calle,N/A,N/A,2,0,No,N/A,N/A,Un sentido,30,8.0,32
S0408,1.7659524565456817,Carretera,Con pavimento,Asfalto,2,0,No,Estatal,Mex.,Un sentido,80,8.0,6
S0409,167.49172371132352,Camino,Sin pavimento,Tierra,N/A,0,No,Municipal,Mex.,Dos sentidos,30,7.0,10
S0410,311.775017040391,Carretera,Con pavimento,Asfalto,2,0,No,Municipal,Mex.,Dos sentidos,80,8.0,7
S0411,616.1040360599719,Carretera,Con pavimento,Asfalto,2,0,No,Estatal,Mex.,Dos sentidos,60,7.0,0
S0412,1.6954365179940674,Carretera,Con pavimento,Asfalto,2,0,No,Estatal,Mex.,Dos sentidos,60,7.0,24
S0413,1.2344528708730413,Carretera,Con pavimento,Asfalto,2,0,No,Estatal,Mex.,Dos sentidos,60,7.0,9
S0414,0.16288534048886225,Carretera,Con pavimento,Asfalto,2,0,No,Estatal,Mex.,Dos sentidos,60,7.0,16
S0415,2.6492391247548266,Carretera,Con pavimento,Asfalto,2,0,No,Estatal,Mex.,Dos sentidos,60,7.0,3
S0416,0.14945762089102438,Carretera,Con pavimento,Asfalto,2,0,No,Estatal,Mex.,Un sentido,60,7.0,14
S0417,0.8763126853702766,Carretera,Con pavimento,Asfalto,2,0,No,Estatal,Mich.,Dos sentidos,70,7.0,2
S0418,2.8304053537861136,Carretera,Con pavimento,Asfalto,2,0,No,Estatal,Mex.,Dos sentidos,80,7.0,45
S0419,127.67583964044957,Calle,N/A,N/A,2,0,No,N/A,N/A,Dos sentidos,30,7.0,12
S0420,1.0568831706345023,Carretera,Con pavimento,Asfalto,2,0,No,Estatal,Mex.,Dos sentidos,80,8.0,3
S0421,1.4244298685483838,Carretera,Con pavimento,Asfalto,2,0,No,Estatal,Mex.,Dos sentidos,80,7.0,19
S0422,11.39985487921823,Carretera,Con pavimento,Asfalto,2,0,No,Estatal,Mex.,Dos sentidos,80,8.0,1
S0423,0.9305037881514037,Carretera,Con pavimento,Asfalto,2,0,No,Estatal,Mex.,Dos sentidos,80,7.0,4
S0424,0.03520033718410557,Carretera,Con pavimento,Asfalto,2,0,No,Estatal,Mex.,Dos sentidos,80,7.0,23
S0425,1.8272050263998096,Carretera,Con pavimento,Asfalto,2,0,No,Estatal,Mex.,Dos sentidos,80,7.0,4
S0426,2.8201528928674957,Carretera,Con pavimento,Asfalto,2,0,No,Estatal,Mex.,Dos sentidos,80,7.0,20
S0427,6.794020809296728,Carretera,Con pavimento,Asfalto,4,0,No,Estatal,Mex.,Dos sentidos,80,14.0,21
S0428,1.5852088271312936,Avenida,N/A,N/A,2,0,No,N/A,N/A,Dos sentidos,40,7.0,11
S0429,0.2040637380007468,Carretera,Con pavimento,Asfalto,2,0,No,Estatal,Mex.,Dos sentidos,60,8.0,5
S0430,4.59168562370696,Carretera,Con pavimento,Asfalto,2,0,No,Estatal,Mex.,Dos sentidos,80,8.0,4
S0431,3.278296853960575,Carretera,Con pavimento,Asfalto,2,0,No,Estatal,Mex.,Dos sentidos,50,7.0,5
S0432,2.041874734562493,Carretera,Con pavimento,Asfalto,2,0,No,Estatal,Mex.,Dos sentidos,80,8.0,2
S0433,68.29462179143864,Calle,N/A,N/A,2,0,No,N/A,N/A,Dos sentidos,30,7.0,8
S0434,2.0117801110040903,Avenida,N/A,N/A,2,0,No,N/A,N/A,Dos sentidos,50,8.0,356
S0435,3.3296786859854106,Avenida,N/A,N/A,3,0,No,N/A,N/A,Un sentido,50,10.5,291
S0436,2.668681998574626,Avenida,N/A,N/A,2,0,No,N/A,N/A,Un sentido,50,7.0,37
S0437,7.941462231248889,Carretera,Con pavimento,Asfalto,2,0,No,Estatal,Mex.,Dos sentidos,50,7.0,6
S0438,53.87447339803349,Carretera,Con pavimento,Asfalto,2,0,No,Estatal,Mex.,Dos sentidos,40,7.0,8
S0439,0.3541991957353492,Carretera,Con pavimento,Asfalto,2,0,No,Estatal,Mex.,Dos sentidos,40,7.0,6
S0440,224.25493614985206,Calle,N/A,N/A,2,0,No,N/A,N/A,Dos sentidos,30,7.0,5
S0441,1.06629285796661,Calle,N/A,N/A,2,0,No,N/A,N/A,Dos sentidos,30,6.0,8
S0442,6.892658971901092,Carretera,Con pavimento,Asfalto,2,0,No,Estatal,Mex.,Un sentido,80,8.0,69
S0443,4.467448840455519,Carretera,Con pavimento,Asfalto,2,0,No,Estatal,Mex.,Dos sentidos,80,8.0,4
S0444,1.3393468512398867,Carretera,Con pavimento,Asfalto,2,0,No,Municipal,Mex.,Dos sentidos,40,7.0,4
S0445,111.96726980269837,Carretera,Con pavimento,Asfalto,2,0,No,Estatal,Mex.,Dos sentidos,80,8.0,6
S0446,1.0988292520636211,Carretera,Con pavimento,Asfalto,2,0,No,Federal,Fed.,Dos sentidos,90,7.0,19
S0447,3.038211135723478,Carretera,Con pavimento,Asfalto,2,0,No,Federal,Fed.,Dos sentidos,90,7.0,2
S0448,0.2915242107189687,Carretera,Con pavimento,Asfalto,2,0,No,Federal,Fed.,Dos sentidos,90,7.0,363
S0449,0.41406373541367775,Carretera,Con pavimento,Asfalto,2,0,No,Federal,Fed.,Dos sentidos,90,7.0,51
S0450,0.3721939079250891,Carretera,Con pavimento,Asfalto,2,0,No,Federal,Fed.,Dos sentidos,90,7.0,46
S0451,4.578990590090497,Avenida,N/A,N/A,2,0,No,N/A,N/A,Un sentido,50,6.0,201
S0452,7.006667947157417,Carretera,Con pavimento,Asfalto,2,0,No,Estatal,Mex.,Dos sentidos,80,7.0,8
S0453,1.729950263100062,Carretera,Con pavimento,Asfalto,2,0,No,Estatal,Mex.,Dos sentidos,80,8.0,3
S0454,2.6441012201727765,Carretera,Con pavimento,Asfalto,2,0,No,Estatal,Mex.,Dos sentidos,80,8.0,4
S0455,4.913864909385842,Carretera,Con pavimento,Asfalto,2,0,No,Estatal,Mex.,Dos sentidos,80,8.0,108
S0456,1.6905403085978148,Carretera,Con pavimento,Asfalto,2,0,No,Estatal,Mex.,Dos sentidos,80,8.0,52
S0457,0.2623237716864174,Carretera,Con pavimento,Asfalto,2,0,No,Estatal,Mex.,Dos sentidos,80,8.0,7
S0458,5.938213478108697,Calle,N/A,N/A,2,0,No,N/A,N/A,Un sentido,30,7.0,61
S0459,1.1509396792246187,Calle,N/A,N/A,2,0,No,N/A,N/A,Dos sentidos,30,8.0,2
S0460,4.486411865216964,Calle,N/A,N/A,2,0,No,N/A,N/A,Un sentido,30,8.0,20
S0461,0.39254261747231894,Calle,N/A,N/A,2,0,No,N/A,N/A,Dos sentidos,30,7.0,12
S0462,1.2272021831928805,Calle,N/A,N/A,2,0,No,N/A,N/A,Dos sentidos,30,8.0,19
S0463,0.5744954303230676,Carretera,Con pavimento,Asfalto,2,0,No,Estatal,Mex.,Dos sentidos,40,9.0,77
S0464,4.815787634874256,Carretera,Con pavimento,Asfalto,2,0,No,Estatal,Mex.,Dos sentidos,80,7.0,4
S0465,0.6211381477780092,Carretera,Con pavimento,Asfalto,2,0,No,Estatal,Mex.,Dos sentidos,80,7.0,5
S0466,8.144579514992746,Calle,N/A,N/A,2,0,No,N/A,N/A,Dos sentidos,30,7.0,8
S0467,7.600343411042424,Carretera,Con pavimento,Asfalto,2,0,No,Estatal,Mex.,Dos sentidos,80,7.0,6
S0468,0.07728822754103822,Carretera,Con pavimento,Asfalto,2,0,No,Estatal,Mex.,Dos sentidos,80,7.0,4
S0469,0.9873918733463979,Carretera,Con pavimento,Asfalto,2,0,No,Estatal,Mex.,Dos sentidos,80,8.0,31
S0470,0.2704555917424977,Calle,N/A,N/A,2,0,No,N/A,N/A,Dos sentidos,30,8.0,5
S0471,1.907334756971689,Carretera,Con pavimento,Asfalto,2,0,No,Estatal,Mex.,Dos sentidos,80,8.0,4
S0472,2.074776254934535,Carretera,Con pavimento,Asfalto,2,0,No,Estatal,Mex.,Dos sentidos,80,8.0,6
S0473,1.9921993248752723,Carretera,Con pavimento,Asfalto,2,0,No,Estatal,Mex.,Dos sentidos,80,7.0,8
S0474,3.133510761090524,Carretera,Con pavimento,Asfalto,2,0,No,Estatal,Mex.,Dos sentidos,80,8.0,1
S0475,6.926639544446351,Carretera,Con pavimento,Asfalto,2,0,No,Estatal,Mex.,Dos sentidos,80,7.0,2
S0476,1.4326880985539983,Carretera,Con pavimento,Asfalto,2,0,No,Estatal,Mex.,Dos sentidos,80,7.0,2
S0477,6.175144433567907,Carretera,Con pavimento,Asfalto,2,0,No,Estatal,Mex.,Dos sentidos,80,7.0,13
S0478,0.7005337466312913,Carretera,Con pavimento,Asfalto,2,0,No,Estatal,Mex.,Dos sentidos,80,8.0,11
S0479,0.07001367677272205,Carretera,Con pavimento,Asfalto,2,0,No,Estatal,Mex.,Dos sentidos,80,8.0,5
S0480,2.100940550049824,Carretera,Con pavimento,Asfalto,4,0,No,Estatal,Mex.,Dos sentidos,80,22.0,2
S0481,1.0504496135700028,Carretera,Con pavimento,Asfalto,2,0,No,Estatal,Mex.,Dos sentidos,80,12.0,6
S0482,2.546201508404397,Carretera,Con pavimento,Asfalto,2,0,No,Estatal,Hgo.,Un sentido,80,12.0,10
S0483,4.895327215347546,Carretera,Con pavimento,Asfalto,2,0,No,Estatal,Mex.,Dos sentidos,80,7.0,2
S0484,64.4962489772374,Carretera,Con pavimento,Asfalto,2,0,No,Municipal,Mex.,Dos sentidos,80,7.0,5
S0485,3.5786688063280097,Carretera,Con pavimento,Asfalto,2,0,No,Estatal,Mex.,Un sentido,50,7.0,258
S0486,7.398179836746375,Carretera,Con pavimento,Asfalto,2,0,No,Estatal,Mex.,Dos sentidos,80,7.0,4
S0487,0.8500901283023395,Carretera,Con pavimento,Asfalto,2,0,No,Estatal,Mex.,Dos sentidos,60,7.0,13
S0488,1.5946930062998705,Calle,N/A,N/A,2,0,No,N/A,N/A,Dos sentidos,30,7.0,22
S0489,2.1174548634732693,Calle,N/A,N/A,2,0,No,N/A,N/A,Dos sentidos,30,7.0,12
S0490,2.5898153466240372,Carretera,Con pavimento,Asfalto,2,0,No,Estatal,Mex.,Dos sentidos,40,7.0,5
S0491,0.1850267657415355,Avenida,N/A,N/A,2,0,No,N/A,N/A,Dos sentidos,50,7.0,8
S0492,2.8319207754893987,Carretera,Con pavimento,Asfalto,2,0,No,Estatal,Mex.,Dos sentidos,80,8.0,5
S0493,0.9771768649489183,Carretera,Con pavimento,Asfalto,2,0,No,Estatal,Mex.,Dos sentidos,80,8.0,33
S0494,1.7337760107554,Avenida,N/A,N/A,2,0,No,N/A,N/A,Dos sentidos,40,7.0,45
S0495,3.35989033148079,Avenida,N/A,N/A,2,0,No,N/A,N/A,Un sentido,50,8.0,397
S0496,7.092172876680718,Carretera,Con pavimento,Asfalto,2,0,No,Estatal,Mex.,Un sentido,80,8.0,228
S0497,2.918353572932186,Carretera,Con pavimento,Asfalto,2,0,No,Estatal,Mex.,Un sentido,50,7.0,125
S0498,3.5381566972079246,Carretera,Con pavimento,Asfalto,2,0,No,Estatal,Mex.,Dos sentidos,80,7.0,4
S0499,134.16080946584,Calle,N/A,N/A,2,0,No,N/A,N/A,Dos sentidos,30,7.0,5
S0500,1.4423673503811372,Calle,N/A,N/A,2,0,No,N/A,N/A,Dos sentidos,30,7.0,23
S0501,87.63797592151687,Avenida,N/A,N/A,2,0,No,N/A,N/A,Dos sentidos,50,7.0,10
S0502,20.60423006277231,Calle,N/A,N/A,2,0,No,N/A,N/A,Un sentido,30,7.0,175
S0503,78.30271303884551,Calle,N/A,N/A,2,0,No,N/A,N/A,Dos sentidos,30,7.0,12
S0504,34.35654547633085,Carretera,Con pavimento,Asfalto,2,0,No,Estatal,Mex.,Dos sentidos,80,7.0,19
S0505,0.3898809200626067,Carretera,Con pavimento,Asfalto,2,0,No,Estatal,Mex.,Dos sentidos,80,7.0,11
S0506,294.25636393478544,Calle,N/A,N/A,2,0,No,N/A,N/A,Dos sentidos,30,7.0,3
S0507,5.997880985254099,Carretera,Con pavimento,Asfalto,2,0,No,Estatal,Mex.,Dos sentidos,80,7.0,1
S0508,3.831298560733511,Carretera,Con pavimento,Asfalto,2,0,No,Estatal,Mex.,Dos sentidos,80,7.0,8
S0509,0.2632602931530995,Avenida,N/A,N/A,2,0,No,N/A,N/A,Dos sentidos,50,7.0,10
S0510,0.28825670098218614,Carretera,Con pavimento,Asfalto,2,0,No,Estatal,Mex.,Dos sentidos,80,7.0,12
S0511,6.531477478417743,Carretera,Con pavimento,Asfalto,2,0,No,Estatal,Mex.,Dos sentidos,80,8.0,4
S0512,3.4248905737570894,Calle,N/A,N/A,2,0,No,N/A,N/A,Un sentido,30,7.0,111
S0513,3.023433771330508,Avenida,N/A,N/A,2,0,No,N/A,N/A,Un sentido,50,7.0,233
S0514,3.064583096941594,Carretera,Con pavimento,Asfalto,2,0,No,Estatal,Mex.,Un sentido,80,12.0,59
S0515,3.752139418920752,Calle,N/A,N/A,2,0,No,N/A,N/A,Un sentido,30,7.0,20
S0516,0.4424262861780024,Avenida,N/A,N/A,2,0,No,N/A,N/A,Dos sentidos,50,7.0,40
S0517,7.867091482782819,Carretera,Con pavimento,Asfalto,2,0,No,Estatal,Mex.,Dos sentidos,80,7.0,4
S0518,2.0835382504172992,Carretera,Con pavimento,Asfalto,2,0,No,Estatal,Mex.,Dos sentidos,80,7.0,1
S0519,3.5602727155278067,Carretera,Con pavimento,Asfalto,2,0,No,Estatal,Mex.,Dos sentidos,80,7.0,3
S0520,2.0204560469106427,Avenida,N/A,N/A,2,0,No,N/A,N/A,Un sentido,50,6.0,8
S0521,19.38652444106758,Carretera,Con pavimento,Asfalto,2,0,No,Estatal,Mex.,Un sentido,80,7.0,25
S0522,1.8113361879538787,Carretera,Con pavimento,Asfalto,2,0,No,Estatal,Mex.,Un sentido,80,7.0,19
S0523,1.835300662923118,Carretera,Con pavimento,Asfalto,2,0,No,Estatal,Mex.,Un sentido,80,7.0,17
S0524,0.06752684491119511,Carretera,Con pavimento,Asfalto,2,0,No,Estatal,Mex.,Dos sentidos,80,8.0,9
S0525,1.3848036114123177,Carretera,Con pavimento,Asfalto,2,0,No,Estatal,Mex.,Dos sentidos,80,7.0,7
S0526,4.422695260088859,Carretera,Con pavimento,Asfalto,2,0,No,Estatal,Mex.,Dos sentidos,80,7.0,0
S0527,5.510076275191676,Carretera,Con pavimento,Asfalto,2,0,No,Estatal,Mex.,Dos sentidos,80,7.0,5
S0528,52.33723515451826,Circuito,N/A,N/A,1,0,No,N/A,N/A,Dos sentidos,40,4.0,7
S0529,7.082689693917407,Carretera,Con pavimento,Asfalto,2,0,No,Estatal,Mex.,Dos sentidos,80,7.0,6
S0530,7.0603055081764925,Carretera,Con pavimento,Asfalto,2,0,No,Estatal,Mex.,Dos sentidos,80,7.0,3
S0531,3.27981292113411,Carretera,Con pavimento,Asfalto,2,0,No,Estatal,Mex.,Dos sentidos,80,7.0,5
S0532,7.842592268496749,Carretera,Con pavimento,Asfalto,2,0,No,Estatal,Mex.,Dos sentidos,80,7.0,8
S0533,0.008332610824803029,Carretera,Con pavimento,Asfalto,2,0,No,Estatal,Mex.,Dos sentidos,80,7.0,4
S0534,61.622603108788226,Carretera,Con pavimento,Asfalto,2,0,No,Estatal,Mex.,Dos sentidos,80,7.0,1
S0535,35.860570531650396,Carretera,Con pavimento,Asfalto,2,0,No,Municipal,Mex.,Dos sentidos,60,7.0,5
S0536,6.960685578289106,Carretera,Con pavimento,Asfalto,2,0,No,Municipal,Mex.,Dos sentidos,60,7.0,7
S0537,2.653612557886991,Carretera,Con pavimento,Asfalto,2,0,No,Estatal,Mex.,Un sentido,80,10.0,51
S0538,0.3858552884997538,Carretera,Con pavimento,Asfalto,2,0,No,Estatal,Mex.,Dos sentidos,80,10.0,9
S0539,0.5654268943399522,Carretera,Con pavimento,Asfalto,2,0,Si,Estatal,Mex.,Dos sentidos,80,12.0,137
S0540,0.40309430128821777,Carretera,Con pavimento,Asfalto,2,0,Si,Estatal,Mex.,Dos sentidos,80,12.0,0
S0541,5.648903936560332,Carretera,Con pavimento,Asfalto,2,0,Si,Estatal,Mex.,Un sentido,80,8.0,118
S0542,5.282667211195932,Enlace,N/A,N/A,2,0,No,N/A,N/A,Un sentido,40,7.0,51
S0543,38.176938829194384,Carretera,Con pavimento,Asfalto,2,0,Si,Estatal,Mex.,Un sentido,80,8.0,7
S0544,4.950197224510602,Carretera,Con pavimento,Asfalto,2,0,Si,Estatal,Mex.,Dos sentidos,80,9.0,3
S0545,15.613588891847824,Carretera,Con pavimento,Asfalto,2,0,Si,Estatal,Mex.,Un sentido,50,8.0,30
S0546,4.869861418056854,Carretera,Con pavimento,Asfalto,2,1,Si,Estatal,Mex.,Un sentido,80,8.0,214
S0547,58.51664356076513,Cerrada,N/A,N/A,2,0,No,N/A,N/A,Dos sentidos,10,7.0,43
S0548,4.690668498234454,Carretera,Con pavimento,Asfalto,2,0,Si,Estatal,Mex.,Un sentido,80,8.0,130
S0549,5.563238994313767,Carretera,Con pavimento,Asfalto,2,0,Si,Estatal,Mex.,Un sentido,80,10.0,4
S0550,0.055601274645937525,Carretera,Con pavimento,Asfalto,2,0,Si,Estatal,Mex.,Dos sentidos,80,10.0,15
S0551,206.36750663840127,Carretera,Con pavimento,Asfalto,2,0,Si,Estatal,Mex.,Un sentido,80,7.0,3
S0552,0.601000355301057,Calle,N/A,N/A,1,-1,No,N/A,N/A,Dos sentidos,30,4.0,25
S0553,1.0392041030431143,Carretera,Con pavimento,Asfalto,2,0,Si,Estatal,Mex.,Un sentido,80,7.0,0
S0554,5.059476004162736,Carretera,Con pavimento,Asfalto,2,1,Si,Estatal,Mex.,Dos sentidos,80,12.0,5
S0555,7.07753123611427,Carretera,Con pavimento,Asfalto,2,0,Si,Estatal,Mex.,Dos sentidos,80,12.0,11
S0556,10.318951406327123,Carretera,Con pavimento,Asfalto,2,0,Si,Estatal,Mex.,Dos sentidos,80,12.0,14
S0557,0.3173397647056659,Boulevard,N/A,N/A,3,0,No,N/A,N/A,Un sentido,50,10.5,125
S0558,0.21906898414063478,Boulevard,N/A,N/A,3,0,No,N/A,N/A,Un sentido,50,10.5,136
S0559,3.7879764753302974,Carretera,Con pavimento,Asfalto,2,0,Si,Estatal,Mex.,Un sentido,80,7.0,18
S0560,410.7041548586816,Carretera,Con pavimento,Asfalto,2,0,Si,Estatal,Mex.,Un sentido,80,8.0,0
S0561,0.3128423047421955,Carretera,Con pavimento,Asfalto,2,0,Si,Estatal,Mex.,Un sentido,80,8.0,19
S0562,4.000056886804568,Carretera,Con pavimento,Asfalto,2,0,Si,Estatal,Mex.,Un sentido,50,8.0,30
S0563,3.3992043677807366,Carretera,Con pavimento,Asfalto,3,0,Si,Estatal,Mex.,Un sentido,50,10.5,16
S0564,3.797577009221558,Carretera,Con pavimento,Asfalto,3,0,Si,Estatal,Mex.,Un sentido,50,10.5,390
S0565,4.835276608711604,Carretera,Con pavimento,Asfalto,2,0,Si,Estatal,Mex.,Un sentido,70,8.0,3
S0566,0.4519047488873965,Carretera,Con pavimento,Asfalto,2,0,No,Estatal,Mex.,Dos sentidos,80,8.0,2
S0567,233.7679372848354,Carretera,Con pavimento,Asfalto,2,0,No,Estatal,Mex.,Dos sentidos,80,8.0,10
S0568,3.0252830083096827,Carretera,Con pavimento,Asfalto,2,0,No,Estatal,Mex.,Dos sentidos,80,8.0,3
S0569,3.713882389188505,Carretera,Con pavimento,Asfalto,2,0,No,Estatal,Hgo.,Dos sentidos,40,9.0,9
S0570,2.212712265231778,Carretera,Con pavimento,Asfalto,2,0,No,Estatal,Hgo.,Dos sentidos,40,9.0,15
S0571,2.9314325449948484,Avenida,N/A,N/A,2,0,No,N/A,N/A,Un sentido,40,7.0,173
S0572,135.53382777736246,Calle,N/A,N/A,2,0,No,N/A,N/A,Dos sentidos,30,6.0,337
S0573,0.6650228205897207,Carretera,Con pavimento,Asfalto,2,0,No,Estatal,Mex.,Dos sentidos,60,7.0,0
S0574,1.8855166072097247,Carretera,Con pavimento,Asfalto,2,0,No,Estatal,Mex.,Un sentido,40,8.0,131
S0575,1.6134369232296044,Carretera,Con pavimento,Asfalto,2,0,No,Estatal,Mex.,Dos sentidos,40,9.0,9
S0576,0.44634587842475015,Avenida,N/A,N/A,2,0,No,N/A,N/A,Dos sentidos,40,8.0,119
S0577,3.2964275858350875,Avenida,N/A,N/A,2,0,No,N/A,N/A,Un sentido,40,8.0,114
S0578,4.160915705819596,Carretera,Con pavimento,Asfalto,2,0,No,Estatal,Hgo.,Un sentido,40,9.0,92
S0579,0.7636748539982974,Avenida,N/A,N/A,2,0,No,N/A,N/A,Un sentido,40,8.0,154
S0580,5.116804544475031,Carretera,Con pavimento,Asfalto,4,0,No,Estatal,Hgo.,Dos sentidos,60,18.0,45
S0581,0.2872144612156929,Carretera,Con pavimento,Asfalto,2,0,No,Estatal,Mex.,Dos sentidos,80,8.0,9
S0582,3.4671125168095362,Carretera,Con pavimento,Asfalto,2,0,No,Estatal,Mex.,Un sentido,80,8.0,14
S0583,3.8954048452554644,Carretera,Con pavimento,Asfalto,2,0,No,Estatal,Mex.,Un sentido,50,7.0,85
S0584,3.873375079827573,Boulevard,N/A,N/A,2,0,No,N/A,N/A,Un sentido,50,7.0,506
S0585,0.35795557456683436,Carretera,Con pavimento,Asfalto,2,0,No,Estatal,Mex.,Dos sentidos,40,7.0,28
S0586,0.8022626212342192,Calle,N/A,N/A,2,0,No,N/A,N/A,Dos sentidos,30,7.0,404
S0587,8.13772686085225,Boulevard,N/A,N/A,4,0,No,N/A,N/A,Un sentido,50,12.0,598
S0588,9.072645010930293,Boulevard,N/A,N/A,5,0,No,N/A,N/A,Un sentido,40,16.0,249
S0589,9.976940026150196,Carretera,Con pavimento,Asfalto,2,0,No,Federal,Fed.,Un sentido,60,7.0,8
S0590,2.271593877188008,Carretera,Con pavimento,Asfalto,2,0,No,Federal,Fed.,Dos sentidos,90,7.0,4
S0591,59.93077031674591,Carretera,Con pavimento,Asfalto,2,0,No,Federal,Fed.,Dos sentidos,90,7.0,18
S0592,78.58389900636514,Carretera,Con pavimento,Asfalto,2,0,No,Federal,Fed.,Un sentido,90,7.0,20
S0593,122.43935609330404,Carretera,Con pavimento,Asfalto,2,0,Si,Estatal,Mex.,Dos sentidos,80,12.0,12
S0594,130.20213472048636,Carretera,Con pavimento,Asfalto,2,0,Si,Estatal,Mex.,Dos sentidos,80,12.0,2
S0595,2.4056150427103438,Carretera,Con pavimento,Asfalto,2,0,No,Federal,Fed.,Dos sentidos,70,7.0,14
S0596,501.17140357390593,Calle,N/A,N/A,2,0,No,N/A,N/A,Dos sentidos,30,6.0,2
S0597,11.141064558074689,Calle,N/A,N/A,2,0,No,N/A,N/A,Dos sentidos,30,7.0,7
S0598,0.9298631036434435,Carretera,Con pavimento,Asfalto,2,0,No,Federal,Fed.,Dos sentidos,70,7.0,5
S0599,161.03009393546225,Carretera,Con pavimento,Asfalto,2,0,No,Federal,Fed.,Dos sentidos,70,7.0,6
S0600,2.1550140778633224,Calle,N/A,N/A,2,0,No,N/A,N/A,Dos sentidos,30,7.0,210
S0601,1.839354493063987,Calle,N/A,N/A,2,0,No,N/A,N/A,Dos sentidos,30,7.0,466
S0602,3.251072319458212,Carretera,Con pavimento,Asfalto,2,0,No,Federal,Fed.,Dos sentidos,70,7.0,4
S0603,2.0888229570751973,Carretera,Con pavimento,Asfalto,2,0,No,Federal,Fed.,Dos sentidos,70,7.0,3
S0604,6.353738266890073,Carretera,Con pavimento,Asfalto,2,0,No,Federal,Fed.,Dos sentidos,70,7.0,2
S0605,4.517702149694597,Carretera,Con pavimento,Asfalto,2,1,No,Federal,Fed.,Un sentido,70,7.0,564
S0606,7.649770679436152,Carretera,Con pavimento,Asfalto,2,0,Si,Federal,Fed.,Un sentido,90,7.0,1
S0607,5.919172167860202,Carretera,Con pavimento,Asfalto,2,0,Si,Federal,Fed.,Un sentido,100,7.0,0
S0608,7.623336436860535,Carretera,Con pavimento,Asfalto,2,0,Si,Federal,Fed.,Un sentido,110,8.0,0
S0609,3.9383225261252903,Carretera,Con pavimento,Asfalto,2,0,Si,Federal,Fed.,Un sentido,110,8.0,13
S0610,19.556743182603206,Carretera,Con pavimento,Asfalto,2,0,Si,Federal,Fed.,Un sentido,110,8.0,0
S0611,6.329718212652885,Carretera,Con pavimento,Asfalto,2,0,Si,Federal,Fed.,Un sentido,110,10.0,7
S0612,9.33545136031525,Carretera,Con pavimento,Asfalto,2,0,Si,Federal,Fed.,Un sentido,110,10.0,99
S0613,4.856557055830128,Carretera,Con pavimento,Asfalto,2,0,Si,Federal,Fed.,Un sentido,80,7.0,16
S0614,22.13087760117594,Carretera,Con pavimento,Asfalto,2,0,Si,Federal,Fed.,Un sentido,80,7.0,4
S0615,1.4936691973766196,Carretera,Con pavimento,Asfalto,2,0,No,Estatal,Mex.,Dos sentidos,40,7.0,13
S0616,27.882474565720337,Carretera,Con pavimento,Concreto,2,0,No,N/D,N/D,Dos sentidos,40,7.0,18
S0617,299.65663178273803,Carretera,Con pavimento,Asfalto,3,0,No,Municipal,Mex.,Un sentido,50,12.0,67
S0618,3.17422907137059,Carretera,Con pavimento,Concreto,2,0,Si,Federal,Fed.,Un sentido,100,8.0,15
S0619,0.3585511412818758,Enlace,N/A,N/A,1,1,No,N/A,N/A,Un sentido,40,4.0,20
S0620,327.54784941572404,Enlace,N/A,N/A,2,0,No,N/A,N/A,Un sentido,40,8.0,23
S0621,3.864131522711727,Cerrada,N/A,N/A,2,0,No,N/A,N/A,Dos sentidos,10,7.0,118
S0622,32.309566317055136,Enlace,N/A,N/A,2,0,No,N/A,N/A,Un sentido,20,7.0,23
S0623,7.236186766574917,Carretera,Con pavimento,Concreto,2,1,Si,Federal,Fed.,Un sentido,90,10.0,14
S0624,4.197956254813177,Carretera,Con pavimento,Concreto,2,0,Si,Federal,Fed.,Un sentido,90,10.0,16
S0625,5.251183375735462,Carretera,Con pavimento,Concreto,2,0,Si,Federal,Fed.,Un sentido,90,10.0,25
S0626,65.83824779578548,Carretera,Con pavimento,Concreto,2,0,Si,Federal,Fed.,Un sentido,110,8.0,26
S0627,21.781995422458035,Enlace,N/A,N/A,2,1,No,N/A,N/A,Un sentido,30,8.0,50
S0628,57.52422928367892,Carretera,Con pavimento,Concreto,4,0,Si,Federal,Fed.,Un sentido,40,20.0,83
S0629,1.8578839843018782,Carretera,Con pavimento,Concreto,4,0,Si,Federal,Fed.,Un sentido,40,20.0,77
S0630,6.188361400817726,Carretera,Con pavimento,Concreto,2,1,Si,Federal,Fed.,Un sentido,70,10.0,234
S0631,3.945190809247266,Carretera,Con pavimento,Asfalto,2,0,Si,Federal,Fed.,Un sentido,80,8.0,1
S0632,24.86459588889845,Calle,N/A,N/A,2,0,No,N/A,N/A,Dos sentidos,30,7.0,327
S0633,4.028755468599709,Carretera,Con pavimento,Asfalto,2,0,Si,Federal,Fed.,Un sentido,90,8.0,103
S0634,15.628958244602032,Carretera,Con pavimento,Concreto,2,0,No,Estatal,Mex.,Un sentido,60,7.0,39
S0635,3.802591427539654,Carretera,Con pavimento,Asfalto,2,0,No,Estatal,Mex.,Un sentido,40,7.0,57
S0636,10.044353431084712,Carretera,Con pavimento,Asfalto,3,1,No,N/D,N/D,Un sentido,60,10.5,1
S0637,3.738758805141937,Carretera,Con pavimento,Concreto,2,0,No,Estatal,Mex.,Un sentido,60,7.0,6
S0638,35.938125301624694,Carretera,Con pavimento,Concreto,2,0,No,Estatal,Mex.,Un sentido,60,7.0,64
S0639,0.6076335922131468,Avenida,N/A,N/A,2,0,No,N/A,N/A,Un sentido,50,7.0,28
S0640,5.621670418127459,Carretera,Con pavimento,Asfalto,2,0,No,Federal,Fed.,Un sentido,60,9.0,60
S0641,6.2482709154327924,Carretera,Con pavimento,Asfalto,2,0,No,Federal,Fed.,Un sentido,60,9.0,26
S0642,0.12994489181818378,Carretera,Con pavimento,Asfalto,2,0,No,Federal,Fed.,Dos sentidos,70,8.0,113
S0643,2.2824493523028697,Carretera,Con pavimento,Asfalto,2,0,No,Estatal,Mex.,Dos sentidos,80,8.0,3
S0644,1.3665374680901594,Carretera,Con pavimento,Asfalto,2,0,No,Federal,Fed.,Dos sentidos,80,8.0,1
S0645,3.0331791652682476,Carretera,Con pavimento,Asfalto,2,1,No,Federal,Fed.,Un sentido,80,7.0,58
S0646,0.07140784858408926,Calle,N/A,N/A,2,0,No,N/A,N/A,Dos sentidos,30,8.0,67
S0647,4.169563382308904,Carretera,Con pavimento,Asfalto,2,0,No,Federal,Fed.,Un sentido,80,8.0,21
S0648,3.768101713564519,Carretera,Con pavimento,Asfalto,2,1,No,Federal,Fed.,Un sentido,80,8.0,19
S0649,0.4453788811073459,Calle,N/A,N/A,2,0,No,N/A,N/A,Dos sentidos,30,8.0,88
S0650,33.53393170411104,Calle,N/A,N/A,2,0,No,N/A,N/A,Dos sentidos,30,7.0,19
S0651,4.9102046352925965,Avenida,N/A,N/A,2,0,No,N/A,N/A,Un sentido,50,8.0,976
S0652,59.60982563252156,Avenida,N/A,N/A,3,0,No,N/A,N/A,Dos sentidos,50,10.0,153
S0653,2.031578902729197,Carretera,Con pavimento,Asfalto,2,0,No,Federal,Fed.,Un sentido,80,8.0,53
S0654,3.1806975975199445,Carretera,Con pavimento,Asfalto,2,0,No,Federal,Fed.,Un sentido,80,8.0,160
S0655,4.057937456735633,Carretera,Con pavimento,Asfalto,2,0,No,Federal,Fed.,Un sentido,80,8.0,20
S0656,3.538009408844365,Calle,N/A,N/A,2,0,No,N/A,N/A,Dos sentidos,30,7.0,31
S0657,61.9891542515223,Calle,N/A,N/A,2,0,No,N/A,N/A,Dos sentidos,30,7.0,127
S0658,12.202575326052296,Calle,N/A,N/A,2,0,No,N/A,N/A,Dos sentidos,30,6.0,189
S0659,1.212712799690789,Avenida,N/A,N/A,3,0,No,N/A,N/A,Dos sentidos,50,9.0,113
S0660,4.2393023739905376,Carretera,Con pavimento,Asfalto,2,0,No,Federal,Fed.,Un sentido,90,7.0,90
S0661,4.014144743550235,Carretera,Con pavimento,Asfalto,2,0,No,Federal,Fed.,Un sentido,90,7.0,23
S0662,2.8603133495189166,Carretera,Con pavimento,Asfalto,2,0,No,Federal,Fed.,Un sentido,90,7.0,230
S0663,2.8832297314137074,Carretera,Con pavimento,Asfalto,2,0,No,Federal,Fed.,Un sentido,90,7.0,380
S0664,3.2734894240130252,Carretera,Con pavimento,Asfalto,2,0,No,Federal,Fed.,Un sentido,80,6.0,162
S0665,122.42154677710928,Calle,N/A,N/A,2,0,No,N/A,N/A,Dos sentidos,30,7.0,44
S0666,58.68134485122837,Privada,N/A,N/A,N/A,0,No,N/A,N/A,Cerrada en ambos sentidos,5,1.0,181
S0667,2.773214626183374,Carretera,Con pavimento,Asfalto,2,0,No,Federal,Fed.,Un sentido,80,6.0,12
S0668,172.77942490687502,Carretera,Con pavimento,Asfalto,2,0,No,Federal,Fed.,Dos sentidos,80,6.0,4
S0669,4.077112304629422,Avenida,N/A,N/A,1,1,No,N/A,N/A,Un sentido,50,4.0,290
S0670,3.509911437471986,Carretera,Con pavimento,Asfalto,2,0,Si,Federal,Fed.,Un sentido,80,8.0,3
S0671,0.8753447526923541,Carretera,Con pavimento,Asfalto,2,0,Si,Federal,Fed.,Un sentido,100,7.0,2
S0672,2.9492811837461455,Carretera,Con pavimento,Asfalto,2,0,Si,Federal,Fed.,Un sentido,100,7.0,21
S0673,21.548625614555274,Carretera,Con pavimento,Asfalto,2,0,No,Federal,Fed.,Un sentido,100,10.0,40
S0674,6.036452156994329,Carretera,Con pavimento,Asfalto,2,0,No,Federal,Fed.,Un sentido,100,10.0,31
S0675,4.433909064444022,Carretera,Con pavimento,Asfalto,2,0,No,Federal,Fed.,Un sentido,50,8.0,136
S0676,2.384201419456454,Calle,N/A,N/A,2,0,No,N/A,N/A,Un sentido,30,8.0,220
S0677,1.2302755846264368,Calle,N/A,N/A,2,0,No,N/A,N/A,Dos sentidos,30,8.0,246
S0678,0.6701799149374963,Avenida,N/A,N/A,2,0,No,N/A,N/A,Dos sentidos,50,8.0,227
S0679,38.17750017207326,Enlace,N/A,N/A,2,0,No,N/A,N/A,Un sentido,20,7.0,35
S0680,49.512953165649854,Carretera,Con pavimento,Asfalto,2,0,No,Federal,Fed.,Un sentido,80,10.0,18
S0681,1.0314162711833552,Carretera,Con pavimento,Concreto,2,1,Si,Federal,Fed.,Un sentido,90,10.0,16
S0682,5.27351204293645,Carretera,Con pavimento,Concreto,2,0,No,Federal,Fed.,Un sentido,80,10.0,27
S0683,56.138709830247016,Enlace,N/A,N/A,2,0,No,N/A,N/A,Un sentido,30,8.0,16
S0684,5.1691692007109005,Carretera,Con pavimento,Concreto,2,0,No,Federal,Fed.,Un sentido,80,9.0,18
S0685,7.858624269408949,Carretera,Con pavimento,Asfalto,2,0,Si,Federal,Fed.,Un sentido,100,10.0,122
S0686,1.7876581847436088,Carretera,Con pavimento,Asfalto,2,0,Si,Federal,Fed.,Un sentido,100,10.0,131
S0687,7.196271286734053,Carretera,Con pavimento,Asfalto,2,1,Si,Federal,Fed.,Un sentido,100,10.0,149
S0688,30.05704871310285,Calle,N/A,N/A,2,0,No,N/A,N/A,Dos sentidos,30,7.0,193
S0689,3.825978753906554,Avenida,N/A,N/A,2,-1,No,N/A,N/A,Dos sentidos,50,7.0,223
S0690,5.333053018289549,Carretera,Con pavimento,Asfalto,2,0,No,Federal,Fed.,Un sentido,60,7.0,9
S0691,0.784845496007463,Carretera,Con pavimento,Asfalto,2,0,No,Federal,Fed.,Dos sentidos,60,7.0,12
S0692,1.4746221511963942,Carretera,Con pavimento,Asfalto,2,0,No,Federal,Fed.,Dos sentidos,40,7.0,10
S0693,1.515162545620033,Carretera,Con pavimento,Asfalto,2,1,Si,Estatal,Mex.,Un sentido,80,8.0,48
S0694,3.566711973465233,Carretera,Con pavimento,Asfalto,2,1,Si,Estatal,Mex.,Un sentido,80,8.0,48
S0695,7.05716517122646,Carretera,Con pavimento,Asfalto,3,0,No,Federal,Fed.,Un sentido,60,10.5,199
S0696,9.377855975808986,Avenida,N/A,N/A,2,0,No,N/A,N/A,Un sentido,50,7.0,397
S0697,7.041939647455951,Carretera,Con pavimento,Concreto,3,0,No,Federal,Fed.,Un sentido,50,9.0,40
S0698,6.215045900877658,Calle,N/A,N/A,3,0,No,N/A,N/A,Un sentido,30,9.0,107
S0699,23.780033024096277,Carretera,Con pavimento,Asfalto,1,0,No,Municipal,Mex.,Dos sentidos,40,6.0,23
S0700,0.35235131664500036,Calle,N/A,N/A,2,-1,No,N/A,N/A,Dos sentidos,30,7.0,7
S0701,5.5632055371619655,Carretera,Con pavimento,Asfalto,2,0,No,Federal,Fed.,Un sentido,80,8.0,12
S0702,0.9458467534109011,Carretera,Con pavimento,Asfalto,2,0,No,Federal,Fed.,Un sentido,80,8.0,22
S0703,5.878936629657705,Carretera,Con pavimento,Asfalto,2,0,No,Federal,Fed.,Un sentido,80,8.0,5
S0704,187.44129053384057,Privada,N/A,N/A,2,0,No,N/A,N/A,Dos sentidos,10,7.0,126
S0705,0.7512977117870874,Carretera,Con pavimento,Asfalto,2,0,No,Federal,Fed.,Dos sentidos,50,9.0,6
S0706,4.335154154264971,Carretera,Con pavimento,Asfalto,2,0,No,Federal,Fed.,Un sentido,80,9.0,20
S0707,11.04471744426944,Calle,N/A,N/A,2,0,No,N/A,N/A,Dos sentidos,30,7.0,189
S0708,3.4615654253746664,Carretera,Con pavimento,Asfalto,2,0,No,Federal,Fed.,Un sentido,80,9.0,165
S0709,4.263452624144327,Carretera,Con pavimento,Asfalto,2,0,No,Federal,Fed.,Un sentido,80,9.0,55
S0710,7.497075478215458,Carretera,Con pavimento,Asfalto,2,0,No,Federal,Fed.,Un sentido,50,9.0,71
S0711,0.4108795047614965,Carretera,Con pavimento,Asfalto,2,0,No,Federal,Fed.,Un sentido,80,10.0,136
S0712,7.66750190213604,Calle,N/A,N/A,2,0,No,N/A,N/A,Dos sentidos,30,7.0,779
S0713,2.406400542841777,Prolongación,N/A,N/A,2,0,No,N/A,N/A,Dos sentidos,50,7.0,268
S0714,4.888772642082527,Carretera,Con pavimento,Asfalto,2,0,No,Federal,Fed.,Un sentido,50,10.0,43
S0715,4.350977808953767,Carretera,Con pavimento,Asfalto,2,0,No,Federal,Fed.,Un sentido,50,10.0,50
S0716,4.078421475938148,Carretera,Con pavimento,Asfalto,2,0,No,Federal,Fed.,Un sentido,80,10.0,5
S0717,5.429520729961282,Carretera,Con pavimento,Asfalto,2,0,No,Federal,Fed.,Un sentido,80,7.0,7
S0718,2.370553606235026,Carretera,Con pavimento,Asfalto,2,0,No,Federal,Fed.,Un sentido,80,7.0,20
S0719,4.126520775541488,Carretera,Con pavimento,Asfalto,2,0,No,Federal,Fed.,Dos sentidos,80,7.0,66
S0720,16.045958158014756,Calle,N/A,N/A,2,0,No,N/A,N/A,Dos sentidos,30,7.0,199
S0721,2.9591458688965453,Carretera,Con pavimento,Asfalto,2,0,No,Federal,Fed.,Dos sentidos,80,7.0,0
S0722,0.05124912798195694,Carretera,Con pavimento,Asfalto,2,0,No,Federal,Fed.,Dos sentidos,80,8.0,3
S0723,2.86456100515404,Carretera,Con pavimento,Asfalto,2,0,No,Federal,Fed.,Dos sentidos,80,8.0,11
S0724,8.389097296164444,Carretera,Con pavimento,Asfalto,2,0,Si,Federal,Fed.,Un sentido,80,6.0,10
S0725,13.687128448501554,Carretera,Con pavimento,Asfalto,2,0,Si,Federal,Fed.,Un sentido,90,8.0,49
S0726,3.6016334297544295,Carretera,Con pavimento,Asfalto,2,0,Si,Federal,Fed.,Un sentido,80,7.0,18
S0727,4.398153436002349,Calle,N/A,N/A,3,0,No,N/A,N/A,Un sentido,30,10.0,21
S0728,73.02406892654659,Calle,N/A,N/A,2,0,No,N/A,N/A,Dos sentidos,30,7.0,51
S0729,12.64555259967381,Carretera,Con pavimento,Asfalto,3,0,No,Federal,Fed.,Un sentido,80,10.0,24
S0730,14.485076805483242,Carretera,Con pavimento,Asfalto,2,0,No,Federal,Fed.,Un sentido,50,8.0,29
S0731,3.279046771201787,Carretera,Con pavimento,Asfalto,2,0,No,Federal,Fed.,Un sentido,50,8.0,91
S0732,3.9432091583724453,Carretera,Con pavimento,Asfalto,2,0,No,Federal,Fed.,Dos sentidos,90,7.0,12
S0733,5.3028866255700855,Carretera,Con pavimento,Asfalto,2,0,No,Federal,Fed.,Dos sentidos,90,7.0,5
S0734,11.130490868559182,Carretera,Con pavimento,Asfalto,2,0,No,Federal,Fed.,Dos sentidos,90,7.0,8
S0735,1.7707934762085942,Carretera,Con pavimento,Asfalto,2,0,No,Federal,Fed.,Dos sentidos,90,7.0,3
S0736,4.009430581042678,Carretera,Con pavimento,Asfalto,2,0,No,Estatal,Mex.,Dos sentidos,80,7.0,4
S0737,1.9585398868008588,Carretera,Con pavimento,Asfalto,2,0,No,Estatal,Mex.,Dos sentidos,80,7.0,3
S0738,1.0492975206763335,Carretera,Con pavimento,Asfalto,2,0,Si,Federal,Fed.,Dos sentidos,110,7.0,11
S0739,1.7738929838414759,Carretera,Con pavimento,Asfalto,2,0,Si,Federal,Fed.,Dos sentidos,40,7.0,11
S0740,0.0339129933622356,Carretera,Con pavimento,Asfalto,2,0,Si,Federal,Fed.,Dos sentidos,110,7.0,6
S0741,10.047340487329578,Carretera,Con pavimento,Asfalto,2,0,No,Municipal,Mor.,Dos sentidos,50,6.0,28
S0742,3.233121620698938,Carretera,Con pavimento,Asfalto,2,0,Si,Federal,Fed.,Dos sentidos,110,7.0,7
S0743,3.162881889741994,Carretera,Con pavimento,Asfalto,2,0,No,Federal,Fed.,Un sentido,80,10.0,100
S0744,2.555536877356677,Carretera,Con pavimento,Asfalto,2,1,No,Federal,Fed.,Un sentido,80,7.0,118
S0745,3.3314355174761596,Enlace,N/A,N/A,1,0,No,N/A,N/A,Un sentido,40,4.0,160
S0746,2.26570061787133,Carretera,Con pavimento,Asfalto,2,0,No,Federal,Fed.,Un sentido,80,8.0,107
S0747,68.46821928341072,Boulevard,N/A,N/A,4,0,No,N/A,N/A,Un sentido,50,12.0,383
S0748,8.519719857030639,Boulevard,N/A,N/A,2,0,No,N/A,N/A,Un sentido,50,8.0,394
S0749,17.377418273820403,Calle,N/A,N/A,2,0,No,N/A,N/A,Dos sentidos,30,6.0,469
S0750,5.228081720538439,Carretera,Con pavimento,Asfalto,2,0,No,Federal,Fed.,Un sentido,100,8.0,300
S0751,39.66743220873244,Calle,N/A,N/A,2,0,No,N/A,N/A,Dos sentidos,30,8.0,307
S0752,189.30195106191323,Calle,N/A,N/A,1,0,No,N/A,N/A,Dos sentidos,30,3.5,104
S0753,1.744109117187762,Carretera,Con pavimento,Asfalto,2,0,No,Federal,Fed.,Dos sentidos,80,12.0,208
S0754,4.296276608050203,Carretera,Con pavimento,Asfalto,2,0,No,Federal,Fed.,Un sentido,100,12.0,530
S0755,3.4899871541632326,Carretera,Con pavimento,Asfalto,2,0,No,Federal,Fed.,Un sentido,80,6.0,356
S0756,5.4262095867133,Carretera,Con pavimento,Asfalto,2,0,Si,Federal,Fed.,Un sentido,110,6.0,7
S0757,11.433894490047896,Carretera,Con pavimento,Asfalto,3,0,Si,Federal,Fed.,Un sentido,110,10.5,140
S0758,10.120377850593366,Carretera,Con pavimento,Asfalto,3,0,Si,Federal,Fed.,Un sentido,110,9.0,140
S0759,71.00710106832882,Carretera,Con pavimento,Asfalto,2,0,No,Estatal,Mor.,Dos sentidos,80,6.0,24
S0760,3.5886118609093742,Carretera,Con pavimento,Asfalto,2,1,Si,Federal,Fed.,Un sentido,110,8.0,54
S0761,2.0284981420827553,Carretera,Con pavimento,Asfalto,2,0,Si,Federal,Fed.,Un sentido,90,8.0,161
S0762,4.392636574398241,Carretera,Con pavimento,Asfalto,2,0,Si,Federal,Fed.,Un sentido,90,8.0,336
S0763,3.94355946756568,Boulevard,N/A,N/A,2,0,No,N/A,N/A,Un sentido,50,6.0,100
S0764,1.0629404142253538,Carretera,Con pavimento,Asfalto,4,0,No,Federal,Fed.,Dos sentidos,90,12.0,1
S0765,0.09367454042117504,Carretera,Con pavimento,Asfalto,2,0,No,Federal,Fed.,Dos sentidos,90,7.0,96
S0766,2.311419786894851,Carretera,Con pavimento,Asfalto,2,0,No,Federal,Fed.,Dos sentidos,100,7.0,196
S0767,2.685805499629009,Carretera,Con pavimento,Asfalto,2,0,No,Federal,Fed.,Dos sentidos,100,6.0,4
S0768,1.321706670107767,Carretera,Con pavimento,Asfalto,2,0,No,Federal,Fed.,Dos sentidos,100,6.0,80
S0769,0.025476236646286534,Carretera,Con pavimento,Asfalto,2,0,No,Estatal,Mor.,Dos sentidos,60,7.0,148
S0770,17.232641197727283,Cerrada,N/A,N/A,1,0,No,N/A,N/A,Dos sentidos,10,4.0,114
S0771,78.13444203949307,Carretera,Con pavimento,Asfalto,2,0,No,Estatal,Mor.,Un sentido,80,6.0,89
S0772,2.4975190205176467,Avenida,N/A,N/A,2,0,No,N/A,N/A,Dos sentidos,50,6.0,214
S0773,2.6811042801155804,Avenida,N/A,N/A,2,0,No,N/A,N/A,Dos sentidos,50,6.0,178
S0774,0.3974083745987854,Carretera,Con pavimento,Asfalto,2,0,No,Estatal,Mor.,Dos sentidos,50,6.0,10
S0775,0.8394692173765428,Carretera,Con pavimento,Asfalto,2,0,No,Estatal,Mor.,Dos sentidos,80,6.0,71
S0776,0.12304825738938588,Avenida,N/A,N/A,2,0,No,N/A,N/A,Dos sentidos,50,6.0,113
S0777,0.14661886407914884,Carretera,Con pavimento,Asfalto,2,0,No,Estatal,Mor.,Dos sentidos,80,6.0,13
S0778,0.5965558101877185,Carretera,Con pavimento,Asfalto,2,0,No,Estatal,Mor.,Dos sentidos,80,6.0,161
S0779,0.20556498653618957,Carretera,Con pavimento,Asfalto,2,0,No,Estatal,Mor.,Dos sentidos,80,6.0,10
S0780,0.9459152556824667,Carretera,Con pavimento,Asfalto,2,0,No,Estatal,Mor.,Dos sentidos,80,6.0,64
S0781,2.6660739168109107,Carretera,Con pavimento,Asfalto,2,0,No,Estatal,Mor.,Dos sentidos,80,6.0,50
S0782,0.40334329234599137,Carretera,Con pavimento,Asfalto,2,0,No,Estatal,Mor.,Dos sentidos,80,6.0,76
S0783,1.636405328740156,Calle,N/A,N/A,2,0,No,N/A,N/A,Dos sentidos,30,6.0,42
S0784,6.539531287603906,Carretera,Con pavimento,Asfalto,2,0,No,Estatal,Mor.,Dos sentidos,80,6.0,6
S0785,2.2150570274381405,Carretera,Con pavimento,Asfalto,2,0,No,Estatal,Mor.,Dos sentidos,80,6.0,3
S0786,1.4535332841892448,Avenida,N/A,N/A,2,0,No,N/A,N/A,Dos sentidos,50,6.0,88
S0787,2.399904023173961,Carretera,Con pavimento,Asfalto,2,0,No,Estatal,Mor.,Dos sentidos,80,6.0,11
S0788,6.373122912912685,Calle,N/A,N/A,2,0,No,N/A,N/A,Un sentido,30,6.0,440
S0789,2.346432300049817,Carretera,Con pavimento,Concreto,1,0,No,Estatal,Mor.,Un sentido,50,5.0,95
S0790,0.13487591997166354,Carretera,Con pavimento,Asfalto,2,0,No,Estatal,Mor.,Dos sentidos,80,8.0,214
S0791,3.9268179184719867,Carretera,Con pavimento,Asfalto,2,0,No,Estatal,Mor.,Dos sentidos,80,6.0,11
S0792,1.2444975747102573,Carretera,Con pavimento,Asfalto,2,0,No,Estatal,Mor.,Dos sentidos,80,6.0,7
S0793,3.2542374056181664,Carretera,Con pavimento,Asfalto,2,0,No,Estatal,Mor.,Dos sentidos,70,6.0,11
S0794,2.58564811447633,Avenida,N/A,N/A,2,0,No,N/A,N/A,Dos sentidos,50,7.0,98
S0795,1.6132595590533767,Carretera,Con pavimento,Asfalto,2,0,No,Estatal,Mor.,Dos sentidos,80,6.0,57
S0796,1.105463920277393,Carretera,Con pavimento,Asfalto,2,0,No,Estatal,Mor.,Dos sentidos,50,6.0,275
S0797,1.763065031619159,Carretera,Con pavimento,Asfalto,2,0,No,Estatal,Mor.,Un sentido,80,6.0,63
S0798,1.4774336076622574,Calle,N/A,N/A,2,0,No,N/A,N/A,Dos sentidos,30,6.0,133
S0799,2.2699083714026584,Calle,N/A,N/A,2,0,No,N/A,N/A,Dos sentidos,30,6.0,28
S0800,3.5420510228524926,Carretera,Con pavimento,Asfalto,2,0,No,Estatal,Mor.,Un sentido,60,6.0,129
S0801,1.92801609115353,Carretera,Con pavimento,Asfalto,2,0,No,Estatal,Mor.,Dos sentidos,80,6.0,113
S0802,1.5254124782936498,Carretera,Con pavimento,Asfalto,2,0,No,Estatal,Mor.,Dos sentidos,80,6.0,122
S0803,0.5115068558903233,Carretera,Con pavimento,Asfalto,2,0,No,Estatal,Mor.,Dos sentidos,50,6.0,239
S0804,1.2655110454166272,Carretera,Con pavimento,Asfalto,2,0,No,Estatal,Mor.,Dos sentidos,80,6.0,95
S0805,29.904088616287773,Avenida,N/A,N/A,2,0,No,N/A,N/A,Dos sentidos,50,6.0,397
S0806,0.26336395244438954,Carretera,Con pavimento,Concreto,2,0,No,Estatal,Mor.,Dos sentidos,80,6.0,83
S0807,0.7376411858218989,Avenida,N/A,N/A,2,0,No,N/A,N/A,Dos sentidos,50,6.0,157
S0808,0.4170260240195591,Avenida,N/A,N/A,2,0,No,N/A,N/A,Dos sentidos,40,6.0,170
S0809,5.618263863360077,Avenida,N/A,N/A,4,0,No,N/A,N/A,Dos sentidos,50,12.0,145
S0810,4.2309125126754585,Carretera,Con pavimento,Asfalto,2,0,No,Estatal,Mor.,Un sentido,60,7.0,82
S0811,1.673650779944021,Carretera,Con pavimento,Asfalto,2,0,No,Estatal,Mor.,Dos sentidos,60,7.0,169
S0812,3.48681403410732,Carretera,Con pavimento,Asfalto,2,0,No,Estatal,Mor.,Dos sentidos,60,7.0,94
S0813,5.264218320012411,Carretera,Con pavimento,Asfalto,2,0,No,Estatal,Mor.,Dos sentidos,60,7.0,7
S0814,1.1164446708520301,Avenida,N/A,N/A,2,0,No,N/A,N/A,Dos sentidos,50,6.0,111
S0815,3.6517302535260625,Carretera,Con pavimento,Asfalto,2,0,No,Estatal,Mor.,Dos sentidos,50,6.0,254
S0816,1.986293385723494,Avenida,N/A,N/A,2,0,No,N/A,N/A,Dos sentidos,40,6.0,114
S0817,2.3520898418371012,Carretera,Con pavimento,Asfalto,2,0,No,Estatal,Mor.,Un sentido,60,6.0,221
S0818,2.688781854004057,Carretera,Con pavimento,Asfalto,2,0,No,Estatal,Mor.,Un sentido,50,6.0,259
S0819,101.24329219216094,Camino,Sin pavimento,Tierra,N/A,0,No,N/D,N/D,Dos sentidos,30,3.5,142
S0820,0.3187913222706002,Calle,N/A,N/A,2,0,No,N/A,N/A,Dos sentidos,30,6.0,154
S0821,0.2220600046929406,Carretera,Con pavimento,Asfalto,4,0,No,Estatal,Mor.,Dos sentidos,80,14.0,230
S0822,0.28660024301988807,Carretera,Con pavimento,Asfalto,4,0,No,Estatal,Mor.,Dos sentidos,50,14.0,141
S0823,2.280175307600391,Carretera,Con pavimento,Asfalto,2,0,No,Estatal,Mor.,Dos sentidos,80,6.0,3
S0824,1.8484861938490142,Carretera,Con pavimento,Asfalto,2,0,No,Estatal,Mor.,Dos sentidos,50,7.0,93
S0825,3.2930213886703403,Carretera,Con pavimento,Asfalto,2,0,No,Estatal,Mor.,Un sentido,80,6.0,21
S0826,1.8350022783017015,Carretera,Con pavimento,Asfalto,2,0,No,Estatal,Mor.,Dos sentidos,80,6.0,25
S0827,2.433679941521476,Carretera,Con pavimento,Asfalto,2,0,No,Estatal,Mor.,Dos sentidos,50,6.0,122
S0828,1.9210179728564312,Carretera,Con pavimento,Asfalto,2,0,No,Estatal,Mor.,Dos sentidos,80,6.0,31
S0829,0.9431243245637104,Avenida,N/A,N/A,2,0,No,N/A,N/A,Dos sentidos,40,7.0,67
S0830,0.8618001224611693,Carretera,Con pavimento,Asfalto,2,0,No,Estatal,Mor.,Dos sentidos,80,6.0,218
S0831,1.0056226688141712,Avenida,N/A,N/A,2,0,No,N/A,N/A,Dos sentidos,40,6.0,288
S0832,2.9760948047191023,Carretera,Con pavimento,Asfalto,2,0,No,Estatal,Mor.,Un sentido,50,6.0,337
S0833,1.3030521371254518,Avenida,N/A,N/A,2,0,No,N/A,N/A,Dos sentidos,50,7.0,207
S0834,1.7659429822218708,Avenida,N/A,N/A,2,0,No,N/A,N/A,Dos sentidos,50,6.0,124
S0835,0.004078967325072354,Carretera,Con pavimento,Concreto,2,0,No,Estatal,Mor.,Dos sentidos,80,6.0,56
S0836,1.01371830731244,Carretera,Con pavimento,Asfalto,2,0,No,Estatal,Mor.,Dos sentidos,60,6.0,51
S0837,1.2906869935970695,Carretera,Con pavimento,Asfalto,2,0,No,Estatal,Mor.,Dos sentidos,50,7.0,188
S0838,1.4660034514390314,Carretera,Con pavimento,Asfalto,2,0,No,Estatal,Mor.,Dos sentidos,50,7.0,116
S0839,1.616467054565608,Carretera,Con pavimento,Asfalto,2,0,No,Estatal,Mor.,Dos sentidos,50,7.0,84
S0840,0.8192807374206895,Carretera,Con pavimento,Asfalto,4,0,No,Estatal,Mor.,Dos sentidos,50,12.0,93
S0841,0.9163597307105262,Carretera,Con pavimento,Asfalto,4,0,No,Estatal,Mor.,Dos sentidos,80,12.0,58
S0842,4.902451532720091,Carretera,Con pavimento,Asfalto,2,0,No,Estatal,Mor.,Un sentido,80,6.0,60
S0843,4.222376282882745,Carretera,Con pavimento,Concreto,2,0,No,Estatal,Mor.,Un sentido,80,6.0,94
S0844,3.800555900644775,Carretera,Con pavimento,Asfalto,2,0,No,Estatal,Mor.,Un sentido,50,6.0,113
S0845,2.905472618489208,Carretera,Con pavimento,Asfalto,2,0,No,Estatal,Mor.,Un sentido,80,6.0,74
S0846,3.17231417968163,Carretera,Con pavimento,Asfalto,2,0,No,Estatal,Mor.,Un sentido,60,7.0,67
S0847,26.764416753106197,Privada,N/A,N/A,1,0,No,N/A,N/A,Dos sentidos,10,4.0,231
S0848,1.846288824462087,Carretera,Con pavimento,Asfalto,2,0,No,Estatal,Pue.,Dos sentidos,80,8.0,3
S0849,0.8193303850607162,Carretera,Con pavimento,Asfalto,2,0,No,Estatal,Pue.,Dos sentidos,50,8.0,40
S0850,60.146673780833964,Carretera,Con pavimento,Asfalto,2,0,No,Estatal,Pue.,Dos sentidos,50,8.0,229
S0851,4.649369081000945,Calle,N/A,N/A,2,0,No,N/A,N/A,Dos sentidos,30,7.0,222
S0852,1.7537225947592843,Avenida,N/A,N/A,2,0,No,N/A,N/A,Dos sentidos,50,6.0,234
S0853,0.9057459972001972,Carretera,Con pavimento,Asfalto,2,0,No,Estatal,Mor.,Dos sentidos,70,8.0,23
S0854,1.5919067294027567,Carretera,Con pavimento,Asfalto,2,0,Si,Estatal,Pue.,Dos sentidos,80,9.0,186
S0855,1.2939405863465423,Carretera,Con pavimento,Concreto,2,0,Si,Estatal,Mor.,Dos sentidos,80,7.0,17
S0856,5.909817799552227,Boulevard,N/A,N/A,2,0,No,N/A,N/A,Un sentido,50,7.0,269
S0857,0.10897875587406801,Carretera,Con pavimento,Asfalto,2,1,No,Federal,Fed.,Dos sentidos,50,6.0,157
S0858,1.013912653466775,Carretera,Con pavimento,Asfalto,2,0,No,Federal,Fed.,Un sentido,50,6.0,230
S0859,2.115926335480175,Avenida,N/A,N/A,2,0,No,N/A,N/A,Dos sentidos,40,8.0,136
S0860,27.963021687794036,Privada,N/A,N/A,1,0,No,N/A,N/A,Dos sentidos,10,3.5,239
S0861,56.34582404024784,Privada,N/A,N/A,1,0,No,N/A,N/A,Dos sentidos,10,3.5,286
S0862,0.33608494266843675,Avenida,N/A,N/A,2,0,No,N/A,N/A,Dos sentidos,40,8.0,309
S0863,6.447390380849552,Carretera,Con pavimento,Asfalto,2,0,Si,Federal,Fed.,Un sentido,50,7.0,157
S0864,3.223317545759993,Carretera,Con pavimento,Asfalto,3,0,Si,Federal,Fed.,Un sentido,40,15.0,157
S0865,57.532390436683144,Avenida,N/A,N/A,2,0,No,N/A,N/A,Dos sentidos,40,8.0,251
S0866,4.301586268510653,Carretera,Con pavimento,Asfalto,2,0,Si,Federal,Fed.,Un sentido,90,8.0,250
S0867,4.97706397404522,Carretera,Con pavimento,Asfalto,4,0,Si,Federal,Fed.,Un sentido,90,14.0,172
S0868,2.3088467472709957,Carretera,Con pavimento,Asfalto,3,-1,Si,Federal,Fed.,Un sentido,90,10.5,121
S0869,1.488157454722082,Carretera,Con pavimento,Asfalto,2,0,No,Federal,Fed.,Dos sentidos,50,10.0,193
S0870,0.8722321889416405,Carretera,Con pavimento,Asfalto,2,0,No,Federal,Fed.,Dos sentidos,50,10.0,106
S0871,2.4274905568707092,Carretera,Con pavimento,Asfalto,2,0,No,Federal,Fed.,Dos sentidos,80,10.0,9
S0872,39.94623264884631,Calle,N/A,N/A,2,0,No,N/A,N/A,Dos sentidos,30,7.0,270
S0873,4.08419260573977,Carretera,Con pavimento,Asfalto,2,0,No,Federal,Fed.,Dos sentidos,90,9.0,7
S0874,1.7823051735471935,Carretera,Con pavimento,Asfalto,2,0,No,Federal,Fed.,Dos sentidos,50,8.0,142
S0875,2.041064138016133,Carretera,Con pavimento,Asfalto,2,0,No,Federal,Fed.,Dos sentidos,70,7.0,11
S0876,0.7601996782296263,Carretera,Con pavimento,Asfalto,4,0,No,Federal,Fed.,Dos sentidos,60,14.0,457
S0877,0.4542043950705731,Carretera,Con pavimento,Asfalto,4,0,No,Federal,Fed.,Dos sentidos,60,14.0,456
S0878,2.1832046647359893,Avenida,N/A,N/A,2,0,No,N/A,N/A,Un sentido,40,8.0,141
S0879,2.4551339422267042,Carretera,Con pavimento,Asfalto,2,0,No,Federal,Fed.,Un sentido,40,9.0,214
S0880,2.5553354241263757,Carretera,Con pavimento,Asfalto,2,0,No,Federal,Fed.,Un sentido,40,9.0,400
S0881,1.895211774695634,Carretera,Con pavimento,Asfalto,2,1,No,Federal,Fed.,Un sentido,50,9.0,206
S0882,4.493930460967238,Carretera,Con pavimento,Asfalto,2,0,No,Federal,Fed.,Un sentido,40,9.0,138
S0883,5.530087595207217,Avenida,N/A,N/A,2,0,No,N/A,N/A,Un sentido,40,8.0,428
S0884,5.603489659425315,Avenida,N/A,N/A,2,0,No,N/A,N/A,Un sentido,40,8.0,429
S0885,0.30756025503483675,Avenida,N/A,N/A,2,0,No,N/A,N/A,Dos sentidos,40,8.0,545
S0886,4.590126017852958,Carretera,Con pavimento,Asfalto,2,0,No,Federal,Fed.,Un sentido,60,7.0,402
S0887,6.78073342294048,Carretera,Con pavimento,Asfalto,2,0,No,Federal,Fed.,Un sentido,50,9.0,138
S0888,0.856236834036611,Carretera,Con pavimento,Asfalto,2,2,No,Federal,Fed.,Un sentido,40,9.0,475
S0889,3.2824622698547503,Calle,N/A,N/A,2,0,No,N/A,N/A,Un sentido,30,8.0,348
S0890,1.012026217984597,Carretera,Con pavimento,Asfalto,2,0,No,Federal,Fed.,Dos sentidos,70,8.0,6
S0891,136.3900122722292,Carretera,Con pavimento,Asfalto,2,0,No,Federal,Fed.,Dos sentidos,100,8.0,9
S0892,4.944461391913794,Carretera,Con pavimento,Asfalto,2,0,No,Federal,Fed.,Dos sentidos,100,8.0,5
S0893,0.5311071922852426,Carretera,Con pavimento,Asfalto,2,0,No,Federal,Fed.,Dos sentidos,100,8.0,4
S0894,0.2607502405250259,Carretera,Con pavimento,Asfalto,2,0,No,Federal,Fed.,Dos sentidos,60,7.0,204
S0895,0.9898759606325125,Calle,N/A,N/A,2,0,No,N/A,N/A,Un sentido,30,7.0,231
S0896,240.6376382209779,Calle,N/A,N/A,2,0,No,N/A,N/A,Dos sentidos,30,7.0,117
S0897,2.0468750377480243,Carretera,Con pavimento,Asfalto,2,0,No,Federal,Fed.,Dos sentidos,80,7.0,120
S0898,62.15595848242191,Calle,N/A,N/A,2,0,No,N/A,N/A,Dos sentidos,30,7.0,566
S0899,3.9518560761325934,Enlace,N/A,N/A,1,1,No,N/A,N/A,Un sentido,30,4.0,17
S0900,0.36136821643019945,Carretera,Con pavimento,Asfalto,2,0,No,Federal,Fed.,Dos sentidos,90,7.0,27
S0901,1.3790090310605987,Carretera,Con pavimento,Asfalto,2,0,No,Federal,Fed.,Dos sentidos,90,8.0,10
S0902,10.511189449671582,Carretera,Con pavimento,Asfalto,2,0,No,Federal,Fed.,Dos sentidos,90,8.0,2
S0903,1.6965877282742572,Calle,N/A,N/A,2,0,No,N/A,N/A,Dos sentidos,30,7.0,102
S0904,4.210282374915431,Carretera,Con pavimento,Asfalto,2,0,No,Federal,Fed.,Dos sentidos,70,8.0,268
S0905,0.9058751928112871,Carretera,Con pavimento,Asfalto,2,0,No,Federal,Fed.,Dos sentidos,90,8.0,112
S0906,75.86736035378297,Calle,N/A,N/A,2,0,No,N/A,N/A,Un sentido,30,6.0,12
S0907,1.2418268436749003,Calle,N/A,N/A,2,0,No,N/A,N/A,Dos sentidos,30,7.0,83
S0908,10.948772389484184,Carretera,Con pavimento,Asfalto,2,0,No,Federal,Fed.,Dos sentidos,50,6.0,11
S0909,9.368525361505716,Carretera,Con pavimento,Asfalto,2,0,No,Federal,Fed.,Dos sentidos,80,6.0,6
S0910,3.3240801012220373,Carretera,Con pavimento,Asfalto,2,0,Si,Estatal,Pue.,Dos sentidos,80,10.0,6
S0911,0.8358360132629963,Carretera,Con pavimento,Asfalto,2,0,Si,Estatal,Pue.,Dos sentidos,80,10.0,5
S0912,41.94615216726029,Enlace,N/A,N/A,1,0,No,N/A,N/A,Un sentido,30,4.0,83
S0913,5.963533850508062,Carretera,Con pavimento,Asfalto,2,0,Si,Estatal,Pue.,Dos sentidos,80,10.0,83
S0914,5.567521320250225,Carretera,Con pavimento,Asfalto,3,0,No,Federal,Fed.,Un sentido,90,9.0,335
S0915,8.08685968548617,Carretera,Con pavimento,Asfalto,3,0,No,Federal,Fed.,Un sentido,90,9.0,269
S0916,4.136730862466256,Carretera,Con pavimento,Asfalto,2,0,No,Federal,Fed.,Un sentido,90,9.0,43
S0917,2.0893701827880538,Retorno U,N/A,N/A,2,0,No,N/A,N/A,Un sentido,20,8.0,18
S0918,244.5885353593974,Calle,N/A,N/A,1,0,No,N/A,N/A,Dos sentidos,30,3.5,19
S0919,1.7047447080291516,Carretera,Con pavimento,Asfalto,2,0,No,Federal,Fed.,Dos sentidos,40,9.0,69
S0920,0.22226512009359708,Carretera,Con pavimento,Asfalto,2,0,No,Federal,Fed.,Dos sentidos,40,9.0,105
S0921,0.029753870380163576,Carretera,Con pavimento,Asfalto,2,0,No,Federal,Fed.,Dos sentidos,40,9.0,7
S0922,1.8344308810730565,Carretera,Con pavimento,Asfalto,2,0,No,Federal,Fed.,Dos sentidos,70,7.0,359
S0923,0.6611394792401409,Carretera,Con pavimento,Asfalto,2,0,No,Federal,Fed.,Dos sentidos,70,6.0,47
S0924,157.83306683249882,Carretera,Con pavimento,Asfalto,2,0,No,Federal,Fed.,Dos sentidos,80,8.0,10
S0925,1.8708458472349085,Carretera,Con pavimento,Asfalto,2,0,No,Federal,Fed.,Dos sentidos,80,6.0,7
S0926,4.265144413683067,Carretera,Con pavimento,Asfalto,2,0,No,Federal,Fed.,Dos sentidos,80,6.0,8
S0927,128.49200032419245,Carretera,Con pavimento,Concreto,3,0,No,Federal,Fed.,Un sentido,60,10.5,48
S0928,497.60845101446745,Calle,N/A,N/A,2,0,No,N/A,N/A,Dos sentidos,30,7.0,28
S0929,2.0923376468593657,Carretera,Con pavimento,Asfalto,2,0,No,Federal,Fed.,Dos sentidos,80,6.0,9
S0930,2.325060249717268,Carretera,Con pavimento,Asfalto,2,0,No,Federal,Fed.,Dos sentidos,70,7.0,81
S0931,1.6653529977491208,Carretera,Con pavimento,Asfalto,2,0,No,Federal,Fed.,Dos sentidos,60,8.0,84
S0932,2.9196292260643033,Carretera,Con pavimento,Asfalto,2,0,No,Federal,Fed.,Dos sentidos,50,8.0,98
S0933,3.856357710479597,Carretera,Con pavimento,Asfalto,2,0,No,Federal,Fed.,Dos sentidos,50,8.0,205
S0934,0.9462283692267954,Carretera,Con pavimento,Asfalto,2,0,No,Federal,Fed.,Dos sentidos,50,8.0,53
S0935,1.6627479615463636,Carretera,Con pavimento,Asfalto,2,0,No,Federal,Fed.,Dos sentidos,90,8.0,2
S0936,1.5376935242954481,Carretera,Con pavimento,Asfalto,2,0,No,Federal,Fed.,Dos sentidos,100,8.0,26
S0937,0.9761041243977787,Carretera,Con pavimento,Asfalto,2,0,No,Federal,Fed.,Un sentido,110,7.0,7
S0938,4.988775480817351,Carretera,Con pavimento,Asfalto,2,0,Si,Federal,Fed.,Dos sentidos,110,12.0,17
S0939,0.4168412543358827,Carretera,Con pavimento,Asfalto,2,0,Si,Federal,Fed.,Dos sentidos,110,12.0,6
S0940,0.4657552685164636,Carretera,Con pavimento,Asfalto,2,0,No,Federal,Fed.,Dos sentidos,70,8.0,9
S0941,21.737119287201693,Carretera,Con pavimento,Asfalto,2,0,No,Federal,Fed.,Dos sentidos,70,8.0,2
S0942,2.597819356367992,Carretera,Con pavimento,Asfalto,2,0,Si,Federal,Fed.,Dos sentidos,110,12.0,8
S0943,14.972518123901335,Carretera,Con pavimento,Asfalto,2,0,No,Estatal,Pue.,Dos sentidos,70,7.0,81
S0944,1.9782194211755155,Carretera,Con pavimento,Asfalto,2,0,Si,Federal,Fed.,Dos sentidos,110,8.0,11
S0945,1.1564909788359794,Carretera,Con pavimento,Asfalto,2,0,Si,Federal,Fed.,Dos sentidos,110,6.0,8
S0946,8.074195878004081,Carretera,Con pavimento,Asfalto,4,0,Si,Federal,Fed.,Dos sentidos,80,16.0,46
S0947,1.3508052127384005,Carretera,Con pavimento,Asfalto,2,0,Si,Federal,Fed.,Dos sentidos,110,6.0,111
S0948,0.3067999401328279,Carretera,Con pavimento,Asfalto,2,0,Si,Federal,Fed.,Dos sentidos,110,6.0,8
S0949,7.092134463095589,Carretera,Con pavimento,Asfalto,2,0,Si,Federal,Fed.,Dos sentidos,110,8.0,10
S0950,2.7538498440025783,Carretera,Con pavimento,Asfalto,2,0,Si,Federal,Fed.,Dos sentidos,100,7.0,1
S0951,1.7786644312750237,Carretera,Con pavimento,Asfalto,2,0,Si,Federal,Fed.,Dos sentidos,100,7.0,9
S0952,3.0376644515172506,Enlace,N/A,N/A,2,0,No,N/A,N/A,Dos sentidos,20,8.0,14
S0953,95.52632919668314,Calle,N/A,N/A,2,1,No,N/A,N/A,Dos sentidos,30,7.0,18
S0954,2.621780964539553,Carretera,Con pavimento,Asfalto,2,0,Si,Federal,Fed.,Un sentido,100,12.0,5
S0955,3.5597772421290688,Carretera,Con pavimento,Asfalto,2,0,Si,Federal,Fed.,Un sentido,100,12.0,14
S0956,3.9256887297964367,Carretera,Con pavimento,Asfalto,2,0,No,Federal,Fed.,Dos sentidos,70,7.0,2
S0957,1.7877344724149957,Carretera,Con pavimento,Asfalto,4,0,No,Federal,Fed.,Dos sentidos,80,14.0,19
S0958,1.5936127360705536,Carretera,Con pavimento,Asfalto,2,0,No,Federal,Fed.,Un sentido,80,6.0,140
S0959,0.17587494839425658,Carretera,Con pavimento,Asfalto,2,0,No,Federal,Fed.,Dos sentidos,80,6.0,13
S0960,90.45666685228566,Calle,N/A,N/A,2,0,No,N/A,N/A,Dos sentidos,30,7.0,16
S0961,3.2664197849713834,Carretera,Con pavimento,Asfalto,2,0,No,Federal,Fed.,Un sentido,110,7.0,4
S0962,3.1213291789472626,Carretera,Con pavimento,Asfalto,2,0,No,Federal,Fed.,Dos sentidos,110,7.0,1
S0963,113.89220769040874,Avenida,N/A,N/A,2,0,No,N/A,N/A,Dos sentidos,40,7.0,23
S0964,3.899560101635296,Carretera,Con pavimento,Asfalto,2,0,No,Federal,Fed.,Dos sentidos,90,8.0,12
S0965,3.9814524125788293,Carretera,Con pavimento,Asfalto,2,0,No,Federal,Fed.,Dos sentidos,90,8.0,20
S0966,0.26962550943916225,Carretera,Con pavimento,Asfalto,2,0,No,Federal,Fed.,Dos sentidos,60,11.0,105
S0967,4.745638418405173,Carretera,Con pavimento,Asfalto,2,0,No,Federal,Fed.,Un sentido,60,7.0,178
S0968,4.4146986018662115,Boulevard,N/A,N/A,4,0,No,N/A,N/A,Un sentido,50,14.0,544
S0969,1.9538428064910986,Carretera,Con pavimento,Asfalto,2,0,Si,Federal,Fed.,Dos sentidos,110,8.0,10
S0970,9.365874785500166,Carretera,Con pavimento,Asfalto,2,0,Si,Federal,Fed.,Dos sentidos,110,8.0,14
S0971,0.9754984026138203,Carretera,Con pavimento,Asfalto,2,0,Si,Federal,Fed.,Dos sentidos,90,10.0,8
S0972,4.36392804769722,Carretera,Con pavimento,Asfalto,2,0,Si,Federal,Fed.,Dos sentidos,70,10.0,22
S0973,42.39359521032615,Enlace,N/A,N/A,1,1,No,N/A,N/A,Un sentido,30,4.0,16
S0974,0.929715317863478,Carretera,Con pavimento,Asfalto,2,0,Si,Federal,Fed.,Dos sentidos,110,10.0,4
S0975,0.23051018703262507,Carretera,Con pavimento,Asfalto,2,0,Si,Federal,Fed.,Dos sentidos,100,8.0,21
S0976,0.5023883471844593,Avenida,N/A,N/A,2,0,No,N/A,N/A,Dos sentidos,50,7.0,139
S0977,2.4856915776490087,Carretera,Con pavimento,Asfalto,2,0,No,Federal,Fed.,Dos sentidos,70,7.0,4
S0978,0.10588783574904168,Carretera,Con pavimento,Asfalto,2,0,No,Federal,Fed.,Dos sentidos,70,7.0,24
S0979,5.1507258185032105,Carretera,Con pavimento,Asfalto,2,0,No,Federal,Fed.,Dos sentidos,70,7.0,8
S0980,4.092590111674709,Avenida,N/A,N/A,2,0,No,N/A,N/A,Un sentido,50,8.0,323
S0981,4.139758841450788,Avenida,N/A,N/A,2,0,No,N/A,N/A,Un sentido,50,8.0,402
S0982,37.035587867443404,Calle,N/A,N/A,4,0,No,N/A,N/A,Dos sentidos,30,15.0,420
S0983,20.51999710299794,Privada,N/A,N/A,1,0,No,N/A,N/A,Dos sentidos,10,3.5,190
S0984,2.7416762333107068,Carretera,Con pavimento,Asfalto,2,0,No,Federal,Fed.,Un sentido,80,7.0,21
S0985,5.682655900387714,Avenida,N/A,N/A,6,0,No,N/A,N/A,Dos sentidos,50,21.0,11
S0986,1.676820365769566,Avenida,N/A,N/A,2,0,No,N/A,N/A,Dos sentidos,50,7.0,375
S0987,14.051946824931182,Calle,N/A,N/A,2,0,No,N/A,N/A,Dos sentidos,30,7.0,11
S0988,1.952183218646398,Carretera,Con pavimento,Asfalto,2,0,No,Federal,Fed.,Dos sentidos,80,6.0,37
S0989,3.7719729430260345,Carretera,Con pavimento,Asfalto,2,0,No,Federal,Fed.,Un sentido,60,7.0,49
S0990,0.14923804786105932,Carretera,Con pavimento,Asfalto,2,0,No,Federal,Fed.,Dos sentidos,70,6.0,278
S0991,0.10219910703060729,Carretera,Con pavimento,Asfalto,2,0,No,Federal,Fed.,Dos sentidos,60,6.0,7
S0992,6.533780809587961,Carretera,Con pavimento,Asfalto,2,0,No,Federal,Fed.,Dos sentidos,60,6.0,5
S0993,29.844406710014837,Avenida,N/A,N/A,2,0,No,N/A,N/A,Un sentido,40,8.0,360
S0994,21.767096291131196,Avenida,N/A,N/A,2,0,No,N/A,N/A,Un sentido,40,6.0,433
S0995,23.70044831808178,Privada,N/A,N/A,2,0,No,N/A,N/A,Dos sentidos,10,8.0,214
S0996,3.6803463492692736,Boulevard,N/A,N/A,2,0,No,N/A,N/A,Un sentido,40,7.0,223
S0997,5.0883201928572825,Carretera,Con pavimento,Asfalto,2,0,Si,Federal,Fed.,Un sentido,110,11.0,129
S0998,4.858869767396374,Carretera,Con pavimento,Asfalto,2,0,Si,Federal,Fed.,Un sentido,110,11.0,16
S0999,25.106924147479102,Carretera,Con pavimento,Asfalto,2,0,No,Estatal,Pue.,Dos sentidos,60,6.0,13
S1000,5.509617950409188,Enlace,N/A,N/A,1,0,No,N/A,N/A,Un sentido,40,4.0,23
S1001,1.3636461539857754,Carretera,Con pavimento,Asfalto,2,0,Si,Federal,Fed.,Un sentido,110,11.0,0
S1002,3.398102821349672,Carretera,Con pavimento,Asfalto,2,0,Si,Federal,Fed.,Un sentido,110,11.0,300
S1003,3.0763969700189175,Carretera,Con pavimento,Asfalto,2,1,Si,Estatal,Pue.,Un sentido,80,7.0,64
S1004,3.129422015566897,Carretera,Con pavimento,Asfalto,2,2,Si,Estatal,Pue.,Un sentido,50,7.0,452
S1005,3.6358927748548266,Carretera,Con pavimento,Asfalto,2,2,Si,Estatal,Pue.,Un sentido,50,7.0,250
S1006,4.941287367256626,Carretera,Con pavimento,Asfalto,2,0,Si,Federal,Fed.,Un sentido,110,7.0,547
S1007,2.1260067684845274,Carretera,Con pavimento,Asfalto,4,1,Si,Federal,Fed.,Un sentido,110,20.0,314
S1008,15.847256395376377,Carretera,Con pavimento,Asfalto,4,1,Si,Federal,Fed.,Un sentido,110,20.0,288
S1009,3.6037468767361864,Carretera,Con pavimento,Asfalto,2,0,Si,Federal,Fed.,Un sentido,110,11.0,61
S1010,8.440390094099277,Boulevard,N/A,N/A,3,0,No,N/A,N/A,Un sentido,50,10.5,462
S1011,28.992908769243577,Camino,Sin pavimento,Grava,N/A,0,No,N/D,N/D,Dos sentidos,10,6.0,154
S1012,3.4187709892384794,Carretera,Con pavimento,Asfalto,2,0,No,Federal,Fed.,Un sentido,60,7.0,92
S1013,6.6223245813603695,Carretera,Con pavimento,Asfalto,2,0,No,Federal,Fed.,Dos sentidos,70,7.0,34
S1014,23.957410948522483,Calle,N/A,N/A,2,0,No,N/A,N/A,Dos sentidos,30,7.0,134
S1015,5.9716087076499385,Carretera,Con pavimento,Asfalto,2,0,No,Federal,Fed.,Un sentido,90,7.0,32
S1016,0.510842139298185,Carretera,Con pavimento,Asfalto,2,0,No,Federal,Fed.,Dos sentidos,80,11.0,17
S1017,1.3317861397565098,Carretera,Con pavimento,Asfalto,2,0,No,Federal,Fed.,Dos sentidos,90,12.0,52
S1018,1.804675763677331,Carretera,Con pavimento,Asfalto,2,0,No,Federal,Fed.,Dos sentidos,90,8.0,122
S1019,0.01815612731049212,Carretera,Con pavimento,Asfalto,2,0,No,Federal,Fed.,Dos sentidos,90,8.0,15
S1020,1.7873828044866331,Carretera,Con pavimento,Asfalto,2,0,No,Federal,Fed.,Dos sentidos,90,8.0,5
S1021,3.236466216729748,Carretera,Con pavimento,Asfalto,2,0,No,Federal,Fed.,Dos sentidos,90,8.0,1
S1022,0.6303260269415929,Carretera,Con pavimento,Asfalto,2,0,No,Federal,Fed.,Dos sentidos,100,8.0,5
S1023,2.032605074862159,Calle,N/A,N/A,2,0,No,N/A,N/A,Dos sentidos,30,8.0,175
S1024,1.6111398247293567,Carretera,Con pavimento,Asfalto,2,0,No,Federal,Fed.,Dos sentidos,100,8.0,7
S1025,2.952601071802707,Carretera,Con pavimento,Asfalto,2,0,No,Federal,Fed.,Dos sentidos,80,8.0,1
S1026,2.172537061213407,Carretera,Con pavimento,Asfalto,2,0,No,Federal,Fed.,Dos sentidos,80,8.0,1
S1027,1.2954318117366046,Carretera,Con pavimento,Asfalto,2,0,No,Estatal,Pue.,Dos sentidos,40,6.0,9
S1028,5.229701809470522,Boulevard,N/A,N/A,2,0,No,N/A,N/A,Un sentido,50,7.0,388
S1029,4.646453660145503,Calle,N/A,N/A,2,1,No,N/A,N/A,Dos sentidos,30,7.0,425
S1030,0.9014201758609723,Carretera,Con pavimento,Asfalto,2,0,No,Estatal,Pue.,Dos sentidos,60,6.0,11
S1031,4.617823799198177,Carretera,Con pavimento,Asfalto,2,0,No,Estatal,Pue.,Dos sentidos,60,6.0,4
S1032,2.1278470615174983,Avenida,N/A,N/A,2,0,No,N/A,N/A,Dos sentidos,50,8.0,13
S1033,0.3520977533447238,Carretera,Con pavimento,Asfalto,2,0,No,Estatal,Pue.,Dos sentidos,80,8.0,2
S1034,3.010189132606286,Avenida,N/A,N/A,2,0,No,N/A,N/A,Dos sentidos,40,8.0,12
S1035,1.2864205442285803,Carretera,Con pavimento,Asfalto,2,0,No,Estatal,Pue.,Dos sentidos,80,8.0,4
S1036,3.7076547949028713,Carretera,Con pavimento,Asfalto,2,0,No,Estatal,Pue.,Dos sentidos,70,8.0,43
S1037,2.029365933813772,Carretera,Con pavimento,Asfalto,2,0,No,Estatal,Pue.,Dos sentidos,70,8.0,109
S1038,0.5138871061776306,Carretera,Con pavimento,Asfalto,2,0,No,Estatal,Pue.,Dos sentidos,70,8.0,8
S1039,2.1789663246673463,Carretera,Con pavimento,Asfalto,2,0,No,Estatal,Pue.,Dos sentidos,70,8.0,2
S1040,0.41247483998374795,Carretera,Con pavimento,Asfalto,2,0,No,Estatal,Pue.,Dos sentidos,70,9.0,9
S1041,1.9695025477059485,Carretera,Con pavimento,Asfalto,2,0,No,Estatal,Pue.,Dos sentidos,70,9.0,19
S1042,2.126870608133314,Carretera,Con pavimento,Asfalto,2,0,No,Estatal,Pue.,Dos sentidos,70,8.0,6
S1043,4.79423029304429,Carretera,Con pavimento,Asfalto,2,0,No,Estatal,Pue.,Dos sentidos,70,8.0,8
S1044,4.736317757546214,Carretera,Con pavimento,Asfalto,2,0,No,Estatal,Pue.,Dos sentidos,60,7.0,6
S1045,1.573478850453959,Carretera,Con pavimento,Asfalto,2,0,No,Federal,Fed.,Dos sentidos,60,6.0,30
S1046,0.9657652684079383,Carretera,Con pavimento,Asfalto,2,0,No,Estatal,Pue.,Dos sentidos,60,8.0,4
S1047,5.060373111839818,Carretera,Con pavimento,Asfalto,2,0,No,Estatal,Pue.,Dos sentidos,60,8.0,1
S1048,1.4712377656598707,Carretera,Con pavimento,Asfalto,2,0,No,Estatal,Pue.,Dos sentidos,80,8.0,1
S1049,1.3550206059058356,Carretera,Con pavimento,Asfalto,2,0,No,Estatal,Pue.,Dos sentidos,60,8.0,4
S1050,2.7783211557725926,Carretera,Con pavimento,Asfalto,2,0,No,Estatal,Pue.,Un sentido,80,6.0,27
S1051,0.45618063563956857,Avenida,N/A,N/A,2,0,No,N/A,N/A,Dos sentidos,50,6.0,4
S1052,1.0201156942010834,Carretera,Con pavimento,Asfalto,2,0,No,Estatal,Pue.,Dos sentidos,60,6.0,6
S1053,0.9035040405595601,Carretera,Con pavimento,Asfalto,2,0,No,Estatal,Pue.,Dos sentidos,60,6.0,9
S1054,12.674303057675207,Carretera,Con pavimento,Asfalto,2,1,No,Estatal,Pue.,Dos sentidos,60,6.0,18
S1055,2.007988160812426,Carretera,Con pavimento,Asfalto,2,0,No,Estatal,Pue.,Dos sentidos,50,7.0,238
S1056,9.70577100045576,Carretera,Con pavimento,Asfalto,2,0,Si,Estatal,Pue.,Un sentido,80,9.0,302
S1057,3.4637135679087883,Carretera,Con pavimento,Asfalto,2,0,Si,Estatal,Pue.,Un sentido,70,8.5,149
S1058,0.7980600177101849,Carretera,Con pavimento,Asfalto,2,0,Si,Federal,Fed.,Dos sentidos,80,12.0,302
S1059,142.6180455622358,Enlace,N/A,N/A,1,1,No,N/A,N/A,Un sentido,20,3.5,19
S1060,0.7329088211017127,Carretera,Con pavimento,Asfalto,2,1,Si,Federal,Fed.,Dos sentidos,80,12.0,139
S1061,1.8352771837958564,Carretera,Con pavimento,Asfalto,2,0,No,Estatal,Pue.,Dos sentidos,80,8.0,3
S1062,0.3080603016379575,Carretera,Con pavimento,Asfalto,2,0,No,Estatal,Pue.,Dos sentidos,80,8.0,1
S1063,1.3280549684634906,Carretera,Con pavimento,Asfalto,2,0,No,Estatal,Pue.,Dos sentidos,80,9.0,7
S1064,1.2811399872283569,Carretera,Con pavimento,Asfalto,2,0,No,Federal,Fed.,Dos sentidos,90,9.0,0
S1065,0.28365341781965275,Prolongación,N/A,N/A,4,0,No,N/A,N/A,Dos sentidos,50,14.0,217
S1066,0.5951640655308388,Carretera,Con pavimento,Asfalto,2,0,No,Estatal,Pue.,Dos sentidos,80,6.0,12
S1067,0.9727558302147843,Carretera,Con pavimento,Asfalto,2,0,No,Estatal,Pue.,Dos sentidos,80,6.0,2
S1068,1.662713238743919,Carretera,Con pavimento,Asfalto,2,0,No,Federal,Fed.,Dos sentidos,100,8.0,50
S1069,44.81415444899319,Carretera,Con pavimento,Asfalto,2,0,No,Federal,Fed.,Dos sentidos,100,8.0,2
S1070,2.1895185167093714,Carretera,Con pavimento,Asfalto,2,0,No,Federal,Fed.,Dos sentidos,100,8.0,4
S1071,2.333741004369248,Carretera,Con pavimento,Asfalto,2,0,No,Federal,Fed.,Dos sentidos,100,8.0,10
S1072,1.295955065028752,Avenida,N/A,N/A,2,0,No,N/A,N/A,Dos sentidos,40,8.0,15
S1073,0.6403437883815732,Carretera,Con pavimento,Asfalto,2,0,Si,Estatal,Tlax.,Dos sentidos,80,8.0,20
S1074,5.979745310375624,Carretera,Con pavimento,Asfalto,2,0,Si,Estatal,Pue.,Dos sentidos,80,8.0,5
