site_id,lon,lat,tdpa,log_tdpa,group_state,group_route,group_block25,is_corridor_test,road_carriles,road_nivel,road_velocidad,road_ancho,n_intersections_1km,pop_5km,n_localities_5km,rural_pop_share_5km,pop_10km,rural_pop_share_10km,schooling_mean_10km,n_localities_20km,rural_pop_share_20km,dist_nearest_locality_m,pop_nearest_locality,mun_agri_sown_ha,mun_agri_value_mxn,mun_agri_n_crops,mun_agri_crop_shannon,mun_agri_top_crop_share,mun_agri_irrigated_share,mun_agri_loss_share,toll_road,red,road_tipo_vial,road_cond_pav,road_recubri,road_peaje,road_administra,road_jurisdi,road_circula,mun_agri_top_crop,road_carriles_missing,rural_pop_share_5km_missing,rural_pop_share_10km_missing,schooling_mean_10km_missing,pct_dwellings_electricity_10km_missing,rural_pop_share_20km_missing,mun_agri_sown_ha_missing,mun_agri_harvested_ha_missing,mun_agri_value_mxn_missing,mun_agri_n_crops_missing,mun_agri_crop_shannon_missing,mun_agri_top_crop_share_missing,mun_agri_irrigated_share_missing,mun_agri_loss_share_missing,log1p_road_carriles,log1p_road_nivel,log1p_road_ancho,log1p_n_intersections_1km,log1p_pop_5km,log1p_n_localities_5km,log1p_pop_10km,log1p_pct_dwellings_electricity_10km,log1p_pop_20km,log1p_dist_nearest_locality_m,log1p_pop_nearest_locality,log1p_mun_agri_sown_ha,log1p_mun_agri_harvested_ha,log1p_mun_agri_value_mxn,log1p_mun_agri_loss_share,mun_agri_top_crop_grp
S0000,-98.968923,19.210776,8694.0,9.070388411548738,09,EM-106-CDMX|T. C. (México - Mixquic) - San Pablo Atlazalpan,112_32,False,2.0,0,30,8.0,15,150485.0,80,0.0820148187526996,1127258.0,0.0282446431961449,9.765672650713151,663,0.0357428005818595,308.4947007035328,4078,5744.849999999999,707463859.99,30.0,1.6896694878969285,0.3575376206515401,0.002846027311418,0.0,False,estatal,Calle,FALTANTE,FALTANTE,No,FALTANTE,FALTANTE,Dos sentidos,NOPALITOS,0,0,0,0,0,0,0,0,0,0,0,0,0,0,1.0986122886681098,0.0,2.1972245773362196,2.772588722239781,11.921625335588322,4.394449154672439,13.935299580283395,4.610015443743592,14.824537614663502,5.734940969857009,8.313607139317558,8.656233134081887,8.654142486352276,20.377197106304255,0.0,NOPALITOS
S0001,-98.9091185,19.240338,34271.0,10.442054794483775,15,EM-CDMX|Chalco - Mixquic,112_32,False,2.0,0,80,8.0,249,238712.0,33,0.030006870203425,1366964.0,0.0221095800620938,9.794666211607092,648,0.0332226097530446,273.16756885140956,1,4887.67,124602634.53000002,15.0,0.8427744065821973,0.8081560334474299,0.0512861956719663,0.0,False,estatal,Carretera,Con pavimento,Asfalto,No,Estatal,Mex.,Un sentido,MAÍZ GRANO,0,0,0,0,0,0,0,0,0,0,0,0,0,0,1.0986122886681098,0.0,2.1972245773362196,5.521460917862246,12.383017272511303,3.5263605246161616,14.128103511866973,4.610446236348483,14.994670657489058,5.613739484609442,0.6931471805599453,8.494675561834578,8.494675561834578,18.640640316020093,0.0,MAÍZ GRANO
S0002,-98.945981,19.224835,7625.0,8.939187601475613,09,EM-CDMX|Chalco - Mixquic,112_32,False,2.0,0,80,8.0,11,98475.0,49,0.0847220106626047,1156780.0,0.0242180881412195,9.795747058264093,664,0.0386968557397167,513.2023855686222,90,1612.8200000000002,125708526.0,44.0,2.4698597498074166,0.2542131173968576,0.5319998511923214,0.0099205118984139,False,estatal,Carretera,Con pavimento,Asfalto,No,Estatal,CDMX,Dos sentidos,MAÍZ GRANO,0,0,0,0,0,0,0,0,0,0,0,0,0,0,1.0986122886681098,0.0,2.1972245773362196,2.4849066497880004,11.497568142649186,3.912023005428146,13.961151705632112,4.610088305954126,14.811949468872744,6.242616934199911,4.51085950651685,7.3863593184470435,7.374202592025095,18.64947650737745,0.009871626665395442,MAÍZ GRANO
S0003,-98.9265785,19.2480485,19064.0,9.855557018778578,15,EM-CDMX|Chalco - Tláhuac,112_32,False,2.0,0,80,8.0,42,634477.0,31,0.0073934910170108,1679833.0,0.0217581152412174,9.980148947088926,669,0.0299773389269458,268.6253105257592,14,4887.67,124602634.53000002,15.0,0.8427744065821973,0.8081560334474299,0.0512861956719663,0.0,False,estatal,Carretera,Con pavimento,Asfalto,No,Estatal,Mex.,Un sentido,MAÍZ GRANO,0,0,0,0,0,0,0,0,0,0,0,0,0,0,1.0986122886681098,0.0,2.1972245773362196,3.7612001156935624,13.360557892564614,3.4657359027997265,14.33420553697365,4.610555491003708,15.112617904382963,5.597033256403638,2.70805020110221,8.494675561834578,8.494675561834578,18.640640316020093,0.0,MAÍZ GRANO
S0004,-98.993089,19.2643865,22668.0,10.02870951728951,09,EM-CDMX|Chalco - Tláhuac,112_32,False,2.0,0,50,8.0,9,364968.0,38,0.0097159202998619,1001257.0,0.029166337913243,9.767344694903771,647,0.0132886527229872,296.90949952287775,77,1612.8200000000002,125708526.0,44.0,2.4698597498074166,0.2542131173968576,0.5319998511923214,0.0099205118984139,False,estatal,Carretera,Con pavimento,Asfalto,No,Estatal,Mex.,Dos sentidos,MAÍZ GRANO,0,0,0,0,0,0,0,0,0,0,0,0,0,0,1.0986122886681098,0.0,2.1972245773362196,2.302585092994046,12.807567697450894,3.6635616461296463,13.81676776734527,4.609902184103505,15.83332028327749,5.696789747505135,4.356708826689592,7.3863593184470435,7.374202592025095,18.64947650737745,0.009871626665395442,MAÍZ GRANO
S0005,-99.406236,19.162954,1942.0,7.571473648851271,15,EM-CDMX|Xalatlaco - El Ajusco,110_31,False,2.0,0,60,7.0,8,60543.0,33,0.4154072312240887,167301.0,0.2938117524700988,9.701678532360166,324,0.2193107408093022,516.187265445432,1661,2278.95,73155625.92,6.0,1.0802452485859697,0.5193181070229711,0.0,0.0,False,estatal,Carretera,Con pavimento,Asfalto,No,Estatal,Mex.,Dos sentidos,AVENA FORRAJERA EN VERDE,0,0,0,0,0,0,0,0,0,0,0,0,0,0,1.0986122886681098,0.0,2.0794415416798357,2.1972245773362196,11.01112565241155,3.5263605246161616,12.027555841476085,4.607961197935549,13.365213865161985,6.248405024485973,7.415776975415394,7.731908791883463,7.731908791883463,18.108099605506844,0.0,AVENA FORRAJERA EN VERDE
S0006,-99.280481,19.20123,890.0,6.7912214627261855,09,EM-CDMX|Xalatlaco - El Ajusco,111_32,False,2.0,0,60,7.0,4,69.0,15,1.0,48953.0,0.1555165158417257,9.49672561100842,431,0.0486035379457378,1627.9042856293422,11,281.5,7556502.9,16.0,1.413479899446402,0.5790408525754884,0.0063943161634103,0.0,False,estatal,Carretera,Con pavimento,Asfalto,No,Estatal,CDMX,Dos sentidos,MAÍZ GRANO,0,0,0,0,0,0,0,0,0,0,0,0,0,0,1.0986122886681098,0.0,2.0794415416798357,1.6094379124341003,4.248495242049359,2.772588722239781,10.798636360656856,4.596113204535965,14.443750616128217,7.395662850356072,2.4849066497880004,5.643678550586496,5.627621113690637,15.837919194104137,0.0,MAÍZ GRANO
S0007,-99.30551025,19.35234425,20618.5,9.933944010017056,09,EM-D|La Venta - Chamapa (Cuota),111_32,False,2.0,0,20,6.0,282,303602.0,37,0.0313304918939927,753968.0,0.0511546909152643,11.131840387530987,362,0.0231531350181062,815.0115083637302,186693,64.71000000000001,1784576.93,15.0,2.139571137977068,0.4172461752433935,0.0,0.0,True,estatal,Enlace,FALTANTE,FALTANTE,No,FALTANTE,FALTANTE,Un sentido,MAÍZ GRANO,0,0,0,0,0,0,0,0,0,0,0,0,0,0,1.0986122886681098,0.0,1.9459101490553132,5.645446897643238,12.623476205877715,3.6375861597263857,13.533106532086531,4.612434135312514,15.53892069858723,6.70442845825158,12.137226191895033,4.1852511209097765,4.136765278106052,14.39469249145476,0.0,MAÍZ GRANO
S0008,-99.2968525,19.399414,33799.0,10.428186495234623,15,EM-D|La Venta - Chamapa (Cuota),111_33,False,2.0,0,50,6.0,25,404685.0,28,0.0272261141381568,542985.0,0.0883578736060848,11.11226757945958,280,0.0157241846250329,1486.6859982556246,1312,1894.16,44353619.05,4.0,0.3418396641458337,0.9113960805845336,0.0,0.0,True,estatal,Carretera,Con pavimento,Asfalto,Si,Estatal,Mex.,Un sentido,MAÍZ GRANO,0,0,0,0,0,0,0,0,0,0,0,0,0,0,1.0986122886681098,0.0,1.9459101490553132,3.258096538021482,12.910866736739518,3.367295829986474,13.204838815894927,4.612437241634917,15.779933988059843,7.304977170446947,7.180069874302796,7.547058546669963,7.547058546669963,17.607704887965983,0.0,MAÍZ GRANO
S0009,-99.29628,19.426224,39460.0,10.583042779576608,15,EM-D|La Venta - Chamapa (Cuota),111_33,False,2.0,0,60,6.0,16,204885.0,35,0.06004831978915,1295138.0,0.0381318438652869,10.96946284223848,262,0.0177915017020184,741.4691340196204,10,1894.16,44353619.05,4.0,0.3418396641458337,0.9113960805845336,0.0,0.0,True,estatal,Carretera,Con pavimento,Asfalto,Si,Estatal,Mex.,Un sentido,MAÍZ GRANO,0,0,0,0,0,0,0,0,0,0,0,0,0,0,1.0986122886681098,0.0,1.9459101490553132,2.833213344056216,12.230209005879974,3.58351893845611,14.074128583263025,4.612396971156485,15.687799078120271,6.6099812994688385,2.3978952727983707,7.547058546669963,7.547058546669963,17.607704887965983,0.0,MAÍZ GRANO
S0010,-99.247907,19.3857245,86238.0,11.364866194779289,15,MEX-015|México - Toluca,111_32,False,1.0,-1,20,3.5,303,134948.0,1,0.0,2900710.0,0.0055527784576879,12.293075886182274,255,0.0078184308638088,4000.3238263239223,134948,1894.16,44353619.05,4.0,0.3418396641458337,0.9113960805845336,0.0,0.0,False,federal,Enlace,FALTANTE,FALTANTE,No,FALTANTE,FALTANTE,Un sentido,MAÍZ GRANO,0,0,0,0,0,0,0,0,0,0,0,0,0,0,0.6931471805599453,0.0,1.5040773967762742,5.717027701406222,11.812652208266787,0.6931471805599453,14.880466437320651,4.610301825945118,16.165746022954227,8.294380541928959,11.812652208266787,7.547058546669963,7.547058546669963,17.607704887965983,0.0,MAÍZ GRANO
S0011,-99.2776685,19.364418,86772.0,11.371039267962953,15,MEX-015|México - Toluca,111_32,False,3.0,0,60,10.5,234,370895.0,19,0.0079429488130063,1506704.0,0.0199189754590151,11.220098583472382,321,0.0117379901412399,2310.4194083119137,30396,1894.16,44353619.05,4.0,0.3418396641458337,0.9113960805845336,0.0,0.0,False,federal,Carretera,Con pavimento,Asfalto,No,Federal,Fed.,Un sentido,MAÍZ GRANO,0,0,0,0,0,0,0,0,0,0,0,0,0,0,1.3862943611198906,0.0,2.4423470353692043,5.459585514144159,12.823676978841474,2.995732273553991,14.225435705294526,4.6121350401692025,15.919275741734213,7.745617077283761,10.322099198314179,7.547058546669963,7.547058546669963,17.607704887965983,0.0,MAÍZ GRANO
S0012,-99.311188,19.338862,70839.0,11.16816497547867,09,MEX-015|México - Toluca,111_32,False,2.0,0,60,6.0,76,282057.0,38,0.0394388368308533,745234.0,0.0451254236924241,11.157655237847289,380,0.0302766739276063,505.673563905871,486,64.71000000000001,1784576.93,15.0,2.139571137977068,0.4172461752433935,0.0,0.0,False,federal,Carretera,Con pavimento,Asfalto,No,Federal,Fed.,Un sentido,MAÍZ GRANO,0,0,0,0,0,0,0,0,0,0,0,0,0,0,1.0986122886681098,0.0,1.9459101490553132,4.343805421853684,12.549868002531168,3.6635616461296463,13.521454883863756,4.6124352191417985,15.349806733324545,6.227866938051671,6.18826412308259,4.1852511209097765,4.136765278106052,14.39469249145476,0.0,MAÍZ GRANO
S0013,-99.358795,19.295795,46967.0,10.757200506425557,15,MEX-015|México - Toluca,111_32,False,2.0,0,80,8.0,6,5919.0,16,1.0,300928.0,0.1094780146746065,10.955049408198471,427,0.1262118506499498,492.686797890599,1,2831.0,76042756.32000001,4.0,0.3084718573231709,0.935005298481102,0.0,0.0,False,federal,Carretera,Con pavimento,Asfalto,No,Federal,Fed.,Un sentido,MAÍZ GRANO,0,0,0,0,0,0,0,0,0,0,0,0,0,0,1.0986122886681098,0.0,2.1972245773362196,1.9459101490553132,8.68609172787805,2.833213344056216,12.614629635508186,4.612005053897669,14.119049247148894,6.201901303749881,0.6931471805599453,7.94873845481361,7.94873845481361,18.146806336368417,0.0,MAÍZ GRANO
S0014,-99.480961,19.2821975,99221.0,11.505104964417434,15,MEX-015|México - Toluca,110_32,False,4.0,0,80,12.0,26,133543.0,42,0.2171435417805501,367323.0,0.1331580107970369,10.412589105838023,433,0.1212788897761571,630.4373664389922,28,2831.0,76042756.32000001,4.0,0.3084718573231709,0.935005298481102,0.0,0.0,False,federal,Carretera,Con pavimento,Asfalto,No,Federal,Fed.,Un sentido,MAÍZ GRANO,0,0,0,0,0,0,0,0,0,0,0,0,0,0,1.6094379124341003,0.0,2.5649493574615367,3.295836866004329,11.802186290535223,3.7612001156935624,12.813999571355632,4.608599477244979,14.420284889697726,6.447998754668961,3.367295829986474,7.94873845481361,7.94873845481361,18.146806336368417,0.0,MAÍZ GRANO
S0015,-99.5030645,19.2821505,177573.0,12.0871370709559,15,MEX-015|México - Toluca,110_32,False,2.0,0,30,7.0,220,179312.0,27,0.1091003390737931,522786.0,0.1017414391357075,10.929488311504478,447,0.1166242635813851,945.910539267436,1310,2831.0,76042756.32000001,4.0,0.3084718573231709,0.935005298481102,0.0,0.0,False,federal,Calle,FALTANTE,FALTANTE,No,FALTANTE,FALTANTE,Dos sentidos,MAÍZ GRANO,0,0,0,0,0,0,0,0,0,0,0,0,0,0,1.0986122886681098,0.0,2.0794415416798357,5.3981627015177525,12.096888161147856,3.332204510175204,13.166929394317451,4.609417375699342,14.506815041800955,6.853204621213115,7.1785454837637,7.94873845481361,7.94873845481361,18.146806336368417,0.0,MAÍZ GRANO
S0016,-99.535848,19.285729,153423.0,11.940954091487145,15,MEX-015|México - Toluca,110_32,False,3.0,0,50,10.0,262,271271.0,15,0.0254063279893538,754646.0,0.0716309368896144,11.197029334555992,454,0.120460351518742,2183.132217945869,1790,8196.130000000001,235773242.99,8.0,0.2248749942739034,0.9592331990829818,0.0593731431785488,0.0,False,federal,Avenida,FALTANTE,FALTANTE,No,FALTANTE,FALTANTE,Un sentido,MAÍZ GRANO,0,0,0,0,0,0,0,0,0,0,0,0,0,0,1.3862943611198906,0.0,2.3978952727983707,5.572154032177765,12.510877286538676,2.772588722239781,13.53400536922686,4.609993407966581,14.506240820128601,7.6889738743848675,7.490529402060711,9.011539371988048,9.011539371988048,19.27838107054547,0.0,MAÍZ GRANO
S0017,-99.533913,19.285749,35498.0,10.477231635848293,15,MEX-015|México - Toluca,110_32,False,3.0,0,50,10.0,262,178884.0,13,0.0385277610071331,751792.0,0.0718563113201523,11.176268015456548,453,0.1202522285317233,2067.052536083383,1790,8196.130000000001,235773242.99,8.0,0.2248749942739034,0.9592331990829818,0.0593731431785488,0.0,False,federal,Avenida,FALTANTE,FALTANTE,No,FALTANTE,FALTANTE,Un sentido,MAÍZ GRANO,0,0,0,0,0,0,0,0,0,0,0,0,0,0,1.3862943611198906,0.0,2.3978952727983707,5.572154032177765,12.094498420257693,2.6390573296152584,13.530216299081902,4.6099062492924086,14.506004221058657,7.634362639601276,7.490529402060711,9.011539371988048,9.011539371988048,19.27838107054547,0.0,MAÍZ GRANO
S0018,-99.620991,19.2879295,158231.0,11.971811269607109,15,MEX-015|México - Toluca,109_32,False,3.0,0,50,10.0,247,584108.0,15,0.0018010367945653,1165073.0,0.0276875354591514,11.202896736942664,432,0.1027609060193188,1156.4904785400674,33089,14566.5,466115495.56000006,11.0,0.448786951406549,0.9120241650362132,0.2237668623210792,0.0,False,federal,Avenida,FALTANTE,FALTANTE,No,FALTANTE,FALTANTE,Un sentido,MAÍZ GRANO,0,0,0,0,0,0,0,0,0,0,0,0,0,0,1.3862943611198906,0.0,2.3978952727983707,5.5134287461649825,13.277842888230186,2.772588722239781,13.968295162277977,4.609945349529425,14.568050543141744,7.054009560043245,10.406986400915658,9.58654829901723,9.58654829901723,19.95994400807628,0.0,MAÍZ GRANO
S0019,-99.623917,19.2880455,41194.0,10.626047893664422,15,MEX-015|México - Toluca,109_32,False,3.0,0,50,10.0,241,513619.0,13,0.0011214538402979,1083941.0,0.0314611219614351,11.274246476514866,428,0.1036199920632387,1028.6353972712757,33089,14566.5,466115495.56000006,11.0,0.448786951406549,0.9120241650362132,0.2237668623210792,0.0,False,federal,Avenida,FALTANTE,FALTANTE,No,FALTANTE,FALTANTE,Un sentido,MAÍZ GRANO,0,0,0,0,0,0,0,0,0,0,0,0,0,0,1.3862943611198906,0.0,2.3978952727983707,5.488937726156687,13.149238971409684,2.6390573296152584,13.896114954015202,4.610140538453838,14.55701638103014,6.936960035325057,10.406986400915658,9.58654829901723,9.58654829901723,19.95994400807628,0.0,MAÍZ GRANO
S0020,-99.2510955,19.380561,54451.0,10.905056493665374,15,MEX-015D|México - Toluca (Cuota),111_32,False,3.0,0,90,10.5,281,165344.0,2,0.0,2928020.0,0.0059340441663649,12.2709685370441,280,0.0079851848476439,4094.384730461457,134948,1894.16,44353619.05,4.0,0.3418396641458337,0.9113960805845336,0.0,0.0,True,federal,Carretera,Con pavimento,Asfalto,Si,Federal,Fed.,Un sentido,MAÍZ GRANO,0,0,0,0,0,0,0,0,0,0,0,0,0,0,1.3862943611198906,0.0,2.4423470353692043,5.641907070938114,12.015789479065525,1.0986122886681098,14.889837326168767,4.610322900879203,16.16591410507518,8.317615943146665,11.812652208266787,7.547058546669963,7.547058546669963,17.607704887965983,0.0,MAÍZ GRANO
S0021,-99.2718985,19.36291925,46676.0,10.750985392925998,15,MEX-015D|México - Toluca (Cuota),111_32,False,3.0,0,40,10.5,219,366230.0,14,0.003869153264342,1913069.0,0.0145708283391764,11.63772912488036,325,0.011478189407634,2901.153079446639,30396,1894.16,44353619.05,4.0,0.3418396641458337,0.9113960805845336,0.0,0.0,True,federal,Avenida,FALTANTE,FALTANTE,No,FALTANTE,FALTANTE,Un sentido,MAÍZ GRANO,0,0,0,0,0,0,0,0,0,0,0,0,0,0,1.3862943611198906,0.0,2.4423470353692043,5.393627546352362,12.811019560834643,2.70805020110221,14.46421983949365,4.608852557501986,15.915651016329395,7.973208181689943,10.322099198314179,7.547058546669963,7.547058546669963,17.607704887965983,0.0,MAÍZ GRANO
S0022,-99.31353233333334,19.329854166666667,64980.0,11.081834809223093,09,MEX-015D|México - Toluca (Cuota),111_32,False,2.0,0,50,6.0,52,237154.0,33,0.0310009529672702,744272.0,0.0438912118150353,11.160484629741854,390,0.0307742477707259,608.3583511655677,486,64.71000000000001,1784576.93,15.0,2.139571137977068,0.4172461752433935,0.0,0.0,True,federal,Carretera,Con pavimento,Asfalto,No,Estatal,CDMX,Dos sentidos,MAÍZ GRANO,0,0,0,0,0,0,0,0,0,0,0,0,0,0,1.0986122886681098,0.0,1.9459101490553132,3.970291913552122,12.376469214785768,3.5263605246161616,13.52016318199474,4.6124511366652365,15.360006027695471,6.412406520214685,6.18826412308259,4.1852511209097765,4.136765278106052,14.39469249145476,0.0,MAÍZ GRANO
S0023,-99.364016,19.2998375,60277.0,11.00670588375148,15,MEX-015D|México - Toluca (Cuota),111_32,False,3.0,0,80,10.0,26,5919.0,16,1.0,312048.0,0.1113674819258575,10.90746639998205,426,0.1275736535384525,581.1427432248042,1106,2831.0,76042756.32000001,4.0,0.3084718573231709,0.935005298481102,0.0,0.0,True,federal,Carretera,Con pavimento,Asfalto,Si,Federal,Fed.,Un sentido,MAÍZ GRANO,0,0,0,0,0,0,0,0,0,0,0,0,0,0,1.3862943611198906,0.0,2.3978952727983707,3.295836866004329,8.68609172787805,2.833213344056216,12.65091550574241,4.6117809228998405,14.124803181256654,6.366715680932177,7.009408932708637,7.94873845481361,7.94873845481361,18.146806336368417,0.0,MAÍZ GRANO
S0024,-99.207448,19.715361,66210.0,11.100586787918893,15,MEX-057-MEX-057D|México - Querétaro (Cuota),111_34,False,9.0,0,80,32.5,126,140493.0,20,0.0496181304406625,1101535.0,0.032398425833042,10.868420160545003,274,0.0246052783220006,1533.6934781167663,5,6142.95,140083519.34,9.0,1.0383588207385095,0.6872919362846841,0.2472671924726719,0.0,True,federal,Carretera,Con pavimento,Asfalto,Si,Federal,Fed.,Un sentido,MAÍZ GRANO,0,0,0,0,0,0,0,0,0,0,0,0,0,0,2.302585092994046,0.0,3.5115454388310208,4.844187086458591,11.852920062217734,3.044522437723423,13.912216127395869,4.611402850877386,15.203996266328023,7.33608595155761,1.791759469228055,8.72322313677356,8.72322313677356,18.75774937655128,0.0,MAÍZ GRANO
S0025,-99.25035675,19.81914925,81070.5,11.303074425472293,15,MEX-057-MEX-057D|México - Querétaro (Cuota),111_34,False,2.0,0,30,7.0,24,94959.0,17,0.0721153339862467,241617.0,0.0791748924951472,9.77367962716158,222,0.0551525600481064,550.3113688241293,2983,2468.9,46125249.78999999,9.0,1.2691450931548869,0.6059378670663048,0.0939284701689011,0.0,True,federal,Camino,Sin pavimento,Tierra,No,Municipal,Mex.,Dos sentidos,MAÍZ GRANO,1,0,0,0,0,0,0,0,0,0,0,0,0,0,1.0986122886681098,0.0,2.0794415416798357,3.2188758248682006,11.46121102928355,2.8903717578961645,12.395113245578822,4.610966958729375,14.222089711959482,6.3122997472297895,8.001019961323651,7.81193294297249,7.81193294297249,17.646871097491754,0.0,MAÍZ GRANO
S0026,-99.34815775,19.89388975,73276.5,11.201995236198638,15,MEX-057-MEX-057D|México - Querétaro (Cuota),111_35,False,2.0,0,30,7.0,112,0.0,0,0.2294825956519952,4872.0,0.4665435139573071,7.867740147783252,96,0.1449785646851253,5944.8930686380645,211,5878.43,167222034.88,16.0,0.4396487316816155,0.9089722936226168,0.3988820144154136,0.0,True,federal,Calle,FALTANTE,FALTANTE,No,FALTANTE,FALTANTE,Dos sentidos,MAÍZ GRANO,0,1,0,0,0,0,0,0,0,0,0,0,0,0,1.0986122886681098,0.0,2.0794415416798357,4.727387818712341,0.0,0.0,8.491465042843506,4.598855263038343,12.462469138217873,8.690456019648952,5.356586274672012,8.679215097418295,8.679215097418295,18.93483304347154,0.0,MAÍZ GRANO
S0027,-99.44778825,19.98235875,70883.0,11.168785909439716,15,MEX-057-MEX-057D|México - Querétaro (Cuota),110_35,False,3.0,0,100,12.0,13,9358.0,9,0.5285317375507587,35895.0,0.3651204903189859,10.114301156149882,72,0.4676437331477777,1003.660778121346,327,5544.41,122695589.31,7.0,0.5702588263906698,0.8578009202061175,0.4514456903439681,0.0,True,federal,Carretera,Con pavimento,Asfalto,Si,Federal,Fed.,Un sentido,MAÍZ GRANO,0,0,0,0,0,0,0,0,0,0,0,0,0,0,1.3862943611198906,0.0,2.5649493574615367,2.6390573296152584,9.144093726157257,2.302585092994046,10.488381147655819,4.603986733616982,11.429293824775968,6.912405229308068,5.793013608384144,8.620725837537929,8.620725837537929,18.62521697024152,0.0,MAÍZ GRANO
S0028,-99.499808,20.004358,75889.0,11.23702702534448,15,MEX-057-MEX-057D|México - Querétaro (Cuota),110_35,False,3.0,0,100,12.0,5,16364.0,9,0.3816915179662674,58493.0,0.3772759133571538,9.545677602448157,88,0.4854745627275149,2479.2217601228676,258,5544.41,122695589.31,7.0,0.5702588263906698,0.8578009202061175,0.4514456903439681,0.0,True,federal,Carretera,Con pavimento,Asfalto,Si,Federal,Fed.,Un sentido,MAÍZ GRANO,0,0,0,0,0,0,0,0,0,0,0,0,0,0,1.3862943611198906,0.0,2.5649493574615367,1.791759469228055,9.702900186935281,2.302585092994046,10.976679463857327,4.598603121018875,11.631872267631467,7.816103254565733,5.556828061699537,8.620725837537929,8.620725837537929,18.62521697024152,0.0,MAÍZ GRANO
S0029,-99.545047,20.0295215,71948.0,11.18369891484786,15,MEX-057-MEX-057D|México - Querétaro (Cuota),110_35,False,3.0,0,100,12.0,29,7461.0,3,0.2352231604342581,63035.0,0.3051955262949155,9.45025398588086,99,0.577876493989672,2483.9420668896432,5706,5544.41,122695589.31,7.0,0.5702588263906698,0.8578009202061175,0.4514456903439681,0.0,True,federal,Carretera,Con pavimento,Asfalto,Si,Federal,Fed.,Un sentido,MAÍZ GRANO,0,0,0,0,0,0,0,0,0,0,0,0,0,0,1.3862943611198906,0.0,2.5649493574615367,3.4011973816621555,8.917578753781104,1.3862943611198906,11.051461270741962,4.595235492252796,11.664650347786715,7.818004625136094,8.649448770536708,8.620725837537929,8.620725837537929,18.62521697024152,0.0,MAÍZ GRANO
S0030,-99.625834,20.0804485,65097.5,11.08364142500151,15,MEX-057-MEX-057D|México - Querétaro (Cuota),109_35,False,3.0,0,100,12.0,10,8903.0,10,0.6214759069976412,25554.0,0.7599984346873287,7.990191750802223,122,0.60387992549769,1843.0026023520825,831,17360.67,383192436.29,11.0,0.4932192396591819,0.8850464872611484,0.2379516458754184,0.0,True,federal,Carretera,Con pavimento,Asfalto,Si,Federal,Fed.,Un sentido,MAÍZ GRANO,0,0,0,0,0,0,0,0,0,0,0,0,0,0,1.3862943611198906,0.0,2.5649493574615367,2.3978952727983707,9.094255892955381,2.3978952727983707,10.14858827120238,4.5729720693686655,11.728230374246198,7.519693815369384,6.723832440821209,9.762020181744278,9.762020181744278,19.76404786819295,0.0,MAÍZ GRANO
S0031,-99.697761,20.10181875,70497.5,11.163332527178696,15,MEX-057-MEX-057D|México - Querétaro (Cuota),109_36,False,2.0,-1,70,8.0,11,7953.0,12,1.0,27708.0,1.0,7.903932000288747,138,0.8392210144927537,1523.6908924893698,1298,17360.67,383192436.29,11.0,0.4932192396591819,0.8850464872611484,0.2379516458754184,0.0,True,federal,Carretera,Con pavimento,Asfalto,No,Estatal,Mex.,Dos sentidos,MAÍZ GRANO,0,0,0,0,0,0,0,0,0,0,0,0,0,0,1.0986122886681098,0.0,2.1972245773362196,2.4849066497880004,8.981430225767635,2.5649493574615367,10.22951254915098,4.5800400118159645,11.506514961528898,7.329546975046825,7.1693500166706,9.762020181744278,9.762020181744278,19.76404786819295,0.0,MAÍZ GRANO
S0032,-99.7317145,20.140016000000003,69559.0,11.149930592286676,15,MEX-057-MEX-057D|México - Querétaro (Cuota),109_36,False,3.0,0,100,12.0,0,6497.0,14,1.0,24990.0,1.0,7.920431910975902,132,0.8629477049143424,1216.4702528551354,761,15019.33,294291396.24,10.0,0.7574435030421365,0.7962292592279416,0.2102404035333134,0.0,True,federal,Carretera,Con pavimento,Asfalto,Si,Federal,Fed.,Un sentido,MAÍZ GRANO,0,0,0,0,0,0,0,0,0,0,0,0,0,0,1.3862943611198906,0.0,2.5649493574615367,0.0,8.779249716229046,2.70805020110221,10.126271039034782,4.586104371577593,11.394626046010933,7.10453042168506,6.635946555686647,9.6171598957825,9.6171598957825,19.50008098151584,0.0,MAÍZ GRANO
S0033,-99.8027875,20.219371,72484.0,11.191121126832048,15,MEX-057-MEX-057D|México - Querétaro (Cuota),109_36,False,3.0,0,100,12.0,30,7813.0,13,0.589018302828619,17880.0,0.820413870246085,8.462758196262728,97,0.9052657981783692,1241.531934025245,85,6216.43,188653197.88000005,13.0,1.369642258993548,0.4950590612296768,0.3081994006206134,0.0,True,federal,Carretera,Con pavimento,Asfalto,Si,Federal,Fed.,Un sentido,MAÍZ FORRAJERO EN VERDE,0,0,0,0,0,0,0,0,0,0,0,0,0,0,1.3862943611198906,0.0,2.5649493574615367,3.4339872044851463,8.963672275615016,2.6390573296152584,9.791493975575204,4.5978227251618335,11.063351717236001,7.124906459069276,4.454347296253507,8.735111917069752,8.735111917069752,19.05542096092312,0.0,MAÍZ FORRAJERO EN VERDE
S0034,-99.929069,20.296112,41186.0,10.625853671765292,15,MEX-057-MEX-057D|México - Querétaro (Cuota),108_36,False,8.0,0,100,40.0,34,1001.0,2,1.0,6772.0,1.0,7.782095392793858,42,0.7660381741453405,2983.879983252375,303,6216.43,188653197.88000005,13.0,1.369642258993548,0.4950590612296768,0.3081994006206134,0.0,True,federal,Carretera,Con pavimento,Concreto,Si,Federal,Fed.,Un sentido,MAÍZ FORRAJERO EN VERDE,0,0,0,0,0,0,0,0,0,0,0,0,0,0,2.1972245773362196,0.0,3.713572066704308,3.5553480614894135,6.90975328164481,1.0986122886681098,8.820699399214904,4.601132866273964,10.159291886089886,8.001314818402776,5.717027701406222,8.735111917069752,8.735111917069752,19.05542096092312,0.0,MAÍZ FORRAJERO EN VERDE
S0035,-99.92216175,20.30131025,69046.5,11.142535469645448,15,MEX-057-MEX-057D|México - Querétaro (Cuota),108_36,False,2.0,0,30,6.0,8,303.0,1,1.0,6832.0,1.0,7.810223946135832,41,0.7596260938743039,3169.3724142151864,303,6216.43,188653197.88000005,13.0,1.369642258993548,0.4950590612296768,0.3081994006206134,0.0,True,federal,Calle,FALTANTE,FALTANTE,No,FALTANTE,FALTANTE,Dos sentidos,MAÍZ FORRAJERO EN VERDE,0,0,0,0,0,0,0,0,0,0,0,0,0,0,1.0986122886681098,0.0,1.9459101490553132,2.1972245773362196,5.717027701406222,0.6931471805599453,8.829519094780778,4.601258206009046,10.132255258600559,8.061604340795974,5.717027701406222,8.735111917069752,8.735111917069752,19.05542096092312,0.0,MAÍZ FORRAJERO EN VERDE
S0036,-99.9413285,20.3364935,86359.0,11.36626830512678,15,MEX-057-MEX-057D|México - Querétaro (Cuota),108_37,False,3.0,0,100,14.0,9,0.0,0,0.2294825956519952,2360.0,1.0,7.241970338983052,30,0.6906419576123681,7511.219066405121,303,6216.43,188653197.88000005,13.0,1.369642258993548,0.4950590612296768,0.3081994006206134,0.0,True,federal,Carretera,Con pavimento,Concreto,No,Federal,Fed.,Un sentido,MAÍZ FORRAJERO EN VERDE,0,1,0,0,0,0,0,0,0,0,0,0,0,0,1.3862943611198906,0.0,2.70805020110221,2.302585092994046,0.0,0.0,7.766840537085513,4.592836890943687,9.87996300748917,8.924286182657395,5.717027701406222,8.735111917069752,8.735111917069752,19.05542096092312,0.0,MAÍZ FORRAJERO EN VERDE
S0037,-99.992422,20.372908,99888.0,11.511804837301526,15,MEX-057-MEX-057D|México - Querétaro (Cuota),108_37,False,3.0,0,100,14.0,270,0.0,0,0.2294825956519952,0.0,0.2492112922594695,9.16571748878924,13,1.0,13712.407733541935,303,6216.43,188653197.88000005,13.0,1.369642258993548,0.4950590612296768,0.3081994006206134,0.0,True,federal,Carretera,Con pavimento,Concreto,No,Federal,Fed.,Un sentido,MAÍZ FORRAJERO EN VERDE,0,1,1,1,1,0,0,0,0,0,0,0,0,0,1.3862943611198906,0.0,2.70805020110221,5.602118820879701,0.0,0.0,0.0,4.60540340767597,8.861633597686627,9.526129299916095,5.717027701406222,8.735111917069752,8.735111917069752,19.05542096092312,0.0,MAÍZ FORRAJERO EN VERDE
S0038,-100.052926,20.4241215,114087.0,11.644716594214456,15,MEX-057-MEX-057D|México - Querétaro (Cuota),108_37,False,4.0,0,100,20.0,184,0.0,0,0.2294825956519952,0.0,0.2492112922594695,9.16571748878924,0,0.217280653216424,21043.015114798334,1282,15019.33,294291396.24,10.0,0.7574435030421365,0.7962292592279416,0.2102404035333134,0.0,True,federal,Carretera,Con pavimento,Concreto,No,Federal,Fed.,Un sentido,MAÍZ GRANO,0,1,1,1,1,1,0,0,0,0,0,0,0,0,1.6094379124341003,0.0,3.044522437723423,5.220355825078324,0.0,0.0,0.0,4.60540340767597,0.0,9.954371481097843,7.1569563646156364,9.6171598957825,9.6171598957825,19.50008098151584,0.0,MAÍZ GRANO
S0039,-100.0807985,20.448789,96921.0,11.4816514926651,15,MEX-057-MEX-057D|México - Querétaro (Cuota),107_37,False,3.0,0,100,10.5,64,0.0,0,0.2294825956519952,0.0,0.2492112922594695,9.16571748878924,0,0.217280653216424,24766.13858381347,1282,15019.33,294291396.24,10.0,0.7574435030421365,0.7962292592279416,0.2102404035333134,0.0,True,federal,Carretera,Con pavimento,Concreto,No,Federal,Fed.,Un sentido,MAÍZ GRANO,0,1,1,1,1,1,0,0,0,0,0,0,0,0,1.3862943611198906,0.0,2.4423470353692043,4.174387269895637,0.0,0.0,0.0,4.60540340767597,0.0,10.11727299638434,7.1569563646156364,9.6171598957825,9.6171598957825,19.50008098151584,0.0,MAÍZ GRANO
S0040,-100.1224375,20.4877755,93921.0,11.450209282364696,15,MEX-057-MEX-057D|México - Querétaro (Cuota),107_37,False,2.0,1,20,6.0,13,0.0,0,0.2294825956519952,0.0,0.2492112922594695,9.16571748878924,0,0.217280653216424,30646.92802797628,1282,15019.33,294291396.24,10.0,0.7574435030421365,0.7962292592279416,0.2102404035333134,0.0,True,federal,Enlace,FALTANTE,FALTANTE,No,FALTANTE,FALTANTE,Dos sentidos,MAÍZ GRANO,0,1,1,1,1,1,0,0,0,0,0,0,0,0,1.0986122886681098,0.6931471805599453,1.9459101490553132,2.6390573296152584,0.0,0.0,0.0,4.60540340767597,0.0,10.330320338034484,7.1569563646156364,9.6171598957825,9.6171598957825,19.50008098151584,0.0,MAÍZ GRANO
S0041,-100.1661745,20.5191755,102998.0,11.542464849547525,15,MEX-057-MEX-057D|México - Querétaro (Cuota),107_37,False,4.0,0,100,19.0,21,0.0,0,0.2294825956519952,0.0,0.2492112922594695,9.16571748878924,0,0.217280653216424,36029.576687975445,1282,15019.33,294291396.24,10.0,0.7574435030421365,0.7962292592279416,0.2102404035333134,0.0,True,federal,Carretera,Con pavimento,Concreto,No,Federal,Fed.,Un sentido,MAÍZ GRANO,0,1,1,1,1,1,0,0,0,0,0,0,0,0,1.6094379124341003,0.0,2.995732273553991,3.091042453358316,0.0,0.0,0.0,4.60540340767597,0.0,10.492123209386333,7.1569563646156364,9.6171598957825,9.6171598957825,19.50008098151584,0.0,MAÍZ GRANO
S0042,-100.22556325,20.55716125,117410.0,11.673427361624258,15,MEX-057-MEX-057D|México - Querétaro (Cuota),107_38,False,2.0,0,40,6.0,25,0.0,0,0.2294825956519952,0.0,0.2492112922594695,9.16571748878924,0,0.217280653216424,43069.45881798151,1282,15019.33,294291396.24,10.0,0.7574435030421365,0.7962292592279416,0.2102404035333134,0.0,True,federal,Camino,Con pavimento,Bloques,No,Municipal,Qro.,Dos sentidos,MAÍZ GRANO,1,1,1,1,1,1,0,0,0,0,0,0,0,0,1.0986122886681098,0.0,1.9459101490553132,3.258096538021482,0.0,0.0,0.0,4.60540340767597,0.0,10.670592630835193,7.1569563646156364,9.6171598957825,9.6171598957825,19.50008098151584,0.0,MAÍZ GRANO
S0043,-100.352910375,20.576300625,197122.5,12.19158064187674,15,MEX-057-MEX-057D|México - Querétaro (Cuota),106_38,False,2.0,0,30,8.0,49,0.0,0,0.2294825956519952,0.0,0.2492112922594695,9.16571748878924,0,0.217280653216424,53697.94358817638,1282,15019.33,294291396.24,10.0,0.7574435030421365,0.7962292592279416,0.2102404035333134,0.0,True,federal,Calle,FALTANTE,FALTANTE,No,FALTANTE,FALTANTE,Un sentido,MAÍZ GRANO,0,1,1,1,1,1,0,0,0,0,0,0,0,0,1.0986122886681098,0.0,2.1972245773362196,3.912023005428146,0.0,0.0,0.0,4.60540340767597,0.0,10.891148607830013,7.1569563646156364,9.6171598957825,9.6171598957825,19.50008098151584,0.0,MAÍZ GRANO
S0044,-99.0080975,19.618974,30773.0,10.33439296112607,15,MEX-085|México - Pachuca (Libre),112_33,False,2.0,0,90,8.0,80,1682911.0,8,0.0002620459430118,2339243.0,0.0049558767515816,10.347363489344492,324,0.0176900748831588,3277.052517405613,175,4063.61,119385413.67,11.0,1.2711203394883956,0.629489542549605,0.529885988074643,0.0,False,federal,Carretera,Con pavimento,Asfalto,No,Federal,Fed.,Un sentido,MAÍZ GRANO,0,0,0,0,0,0,0,0,0,0,0,0,0,0,1.0986122886681098,0.0,2.1972245773362196,4.394449154672439,14.3360361842242,2.1972245773362196,14.665338358210215,4.612228128289019,15.480414964860715,8.095004780348596,5.170483995038151,8.310073076419874,8.310073076419874,18.597867596268593,0.0,MAÍZ GRANO
S0045,-99.003099,19.625743,54405.0,10.904211340385112,15,MEX-085|México - Pachuca (Libre),112_34,False,2.0,0,90,8.0,59,39367.0,9,0.0132090329463764,2351306.0,0.0055177845843969,10.347979110066191,342,0.018986857359391,2658.348297117672,175,4063.61,119385413.67,11.0,1.2711203394883956,0.629489542549605,0.529885988074643,0.0,False,federal,Carretera,Con pavimento,Asfalto,No,Federal,Fed.,Un sentido,MAÍZ GRANO,0,0,0,0,0,0,0,0,0,0,0,0,0,0,1.0986122886681098,0.0,2.1972245773362196,4.0943445622221,10.580708582545814,2.302585092994046,14.670481901727777,4.612224603625124,15.489000810869276,7.885836370674494,5.170483995038151,8.310073076419874,8.310073076419874,18.597867596268593,0.0,MAÍZ GRANO
S0046,-98.978494,19.7041405,58222.0,10.972018569165783,15,MEX-085|México - Pachuca (Libre),112_34,False,2.0,0,90,8.0,154,477308.0,28,0.0092539827532746,667393.0,0.0302490436669248,10.76873712066268,352,0.0283518026687716,630.6070486178103,29,6136.75,130371644.41,11.0,1.4710352091633458,0.4372021020898684,0.231179370187803,0.0,False,federal,Carretera,Con pavimento,Asfalto,No,Federal,Fed.,Un sentido,MAÍZ GRANO,0,0,0,0,0,0,0,0,0,0,0,0,0,0,1.0986122886681098,0.0,2.1972245773362196,5.043425116919247,13.075919358881583,3.367295829986474,13.411135855148121,4.6125890472463755,15.155318998106138,6.44826744225875,3.4011973816621555,8.722213504470758,8.722213504470758,18.685899740637787,0.0,MAÍZ GRANO
S0047,-98.97240775,19.7446665,40655.0,10.612877108641936,15,MEX-085|México - Pachuca (Libre),112_34,False,2.0,0,30,8.0,28,86346.0,29,0.082273643249253,666726.0,0.0358633081655732,10.70062084978918,341,0.0276328846870798,944.8822245319076,3036,10891.0,242283610.35,14.0,1.452154264177428,0.41548067211459,0.3956450280047745,0.0,False,federal,Enlace,FALTANTE,FALTANTE,No,FALTANTE,FALTANTE,Un sentido,MAÍZ GRANO,0,0,0,0,0,0,0,0,0,0,0,0,0,0,1.0986122886681098,0.0,2.1972245773362196,3.367295829986474,11.36612934064356,3.4011973816621555,13.410135945761231,4.612482051779229,15.11845292927168,6.852118062920664,8.01862546504575,9.295783853793651,9.295783853793651,19.305619545653567,0.0,MAÍZ GRANO
S0048,-98.9734365,19.7564035,42042.0,10.646424397598588,15,MEX-085|México - Pachuca (Libre),112_34,False,2.0,0,60,7.0,118,67149.0,25,0.0913341970840965,665894.0,0.035358480478875,10.737573987690997,327,0.0261596290143302,1077.4979254838563,3036,10891.0,242283610.35,14.0,1.452154264177428,0.41548067211459,0.3956450280047745,0.0,False,federal,Carretera,Con pavimento,Asfalto,No,Federal,Fed.,Un sentido,MAÍZ GRANO,0,0,0,0,0,0,0,0,0,0,0,0,0,0,1.0986122886681098,0.0,2.0794415416798357,4.77912349311153,11.114684201951384,3.258096538021482,13.408887279435593,4.612556318270718,15.11881372305451,6.983324542307525,8.01862546504575,9.295783853793651,9.295783853793651,19.305619545653567,0.0,MAÍZ GRANO
S0049,-98.9733735,19.766387,31972.0,10.37261579874591,15,MEX-085|México - Pachuca (Libre),112_34,False,2.0,0,60,7.0,228,84074.0,27,0.0961533886813997,284060.0,0.0739491656692248,9.830404381474152,313,0.0544468367497419,1192.126512033057,21565,6136.75,130371644.41,11.0,1.4710352091633458,0.4372021020898684,0.231179370187803,0.0,False,federal,Carretera,Con pavimento,Asfalto,No,Federal,Fed.,Dos sentidos,MAÍZ GRANO,0,0,0,0,0,0,0,0,0,0,0,0,0,0,1.0986122886681098,0.0,2.0794415416798357,5.43372200355424,11.339464536608471,3.332204510175204,12.55694428281194,4.611004719113991,14.343341370429412,7.084332461767261,9.978873279442018,8.722213504470758,8.722213504470758,18.685899740637787,0.0,MAÍZ GRANO
S0050,-98.97221325,19.83803125,32331.0,10.38378180126494,15,MEX-085|México - Pachuca (Libre),112_34,False,2.0,0,10,7.0,496,28460.0,10,0.0718200983836964,184766.0,0.0904711905870127,9.652978911130118,222,0.0709047470655448,3046.5471461431357,9057,10891.0,242283610.35,14.0,1.452154264177428,0.41548067211459,0.3956450280047745,0.0,False,federal,Privada,FALTANTE,FALTANTE,No,FALTANTE,FALTANTE,Dos sentidos,MAÍZ GRANO,0,0,0,0,0,0,0,0,0,0,0,0,0,0,1.0986122886681098,0.0,2.0794415416798357,6.208590026096629,10.256290008060986,2.3978952727983707,12.126850850815373,4.611046305844572,13.826288269216139,8.022092331668292,9.111403624116159,9.295783853793651,9.295783853793651,19.305619545653567,0.0,MAÍZ GRANO
S0051,-98.93620975,19.890459,34645.5,10.452923126054324,15,MEX-085|México - Pachuca (Libre),112_35,False,2.0,0,80,7.0,470,1839.0,2,1.0,43239.0,0.1395036887994634,9.17212238950947,149,0.145435044253584,2023.6956432292616,1150,11188.23,121667278.16,9.0,1.2380765590749252,0.45226099213191,0.1053097764346996,0.0,False,federal,Carretera,Con pavimento,Asfalto,No,Federal,Fed.,Un sentido,MAÍZ GRANO,0,0,0,0,0,0,0,0,0,0,0,0,0,0,1.0986122886681098,0.0,2.0794415416798357,6.154858094016418,7.517520850603031,1.0986122886681098,10.674521271753145,4.612079041477469,12.81151366233751,7.613174668604646,7.048386408721883,9.32270698749957,9.32270698749957,18.616800657057766,0.0,MAÍZ GRANO
S0052,-98.896474,19.926625,68261.0,11.13109387222154,15,MEX-085|México - Pachuca (Libre),112_35,False,2.0,0,20,7.0,9,1196.0,1,1.0,16665.0,0.2274827482748274,8.819261326132613,83,0.1224529418290743,3442.2193611053526,1196,13099.0,177530640.71,9.0,1.1240220095566062,0.649286205053821,0.0,0.0,False,federal,Enlace,FALTANTE,FALTANTE,No,FALTANTE,FALTANTE,Un sentido,CEBADA GRANO,0,0,0,0,0,0,0,0,0,0,0,0,0,0,1.0986122886681098,0.0,2.0794415416798357,2.302585092994046,7.087573705557973,0.6931471805599453,9.721125994942152,4.6109894460466005,12.284555676000856,8.144162173509207,7.087573705557973,9.480367509189243,9.480367509189243,18.994653781333124,0.0,CEBADA GRANO
S0053,-98.7929165,20.043946499999997,127948.0,11.759379210359867,15,MEX-085|México - Pachuca (Libre),113_35,False,2.0,0,90,7.0,428,0.0,0,0.2294825956519952,0.0,0.2492112922594695,9.16571748878924,3,0.337084487534626,18772.02143609503,751,20201.0,275260566.55,9.0,0.989320100864828,0.6839265382901837,0.0,0.0,False,federal,Carretera,Con pavimento,Asfalto,No,Federal,Fed.,Un sentido,CEBADA GRANO,0,1,1,1,1,0,0,0,0,0,0,0,0,0,1.0986122886681098,0.0,2.0794415416798357,6.061456918928017,0.0,0.0,0.0,4.60540340767597,8.661639795781266,9.840176088181433,6.62273632394984,9.91353688838913,9.91353688838913,19.433228725382314,0.0,CEBADA GRANO
S0054,-98.766054,20.097916499999997,108265.0,11.59233720439439,15,MEX-085|México - Pachuca (Libre),113_36,False,3.0,1,50,9.0,355,0.0,0,0.2294825956519952,0.0,0.2492112922594695,9.16571748878924,0,0.217280653216424,24678.131287508422,751,20201.0,275260566.55,9.0,0.989320100864828,0.6839265382901837,0.0,0.0,False,federal,Boulevard,FALTANTE,FALTANTE,No,FALTANTE,FALTANTE,Un sentido,CEBADA GRANO,0,1,1,1,1,1,0,0,0,0,0,0,0,0,1.3862943611198906,0.6931471805599453,2.302585092994046,5.87493073085203,0.0,0.0,0.0,4.60540340767597,0.0,10.113713278352352,6.62273632394984,9.91353688838913,9.91353688838913,19.433228725382314,0.0,CEBADA GRANO
S0055,-99.02525475,19.62663175,75949.0,11.237817341380294,15,MEX-085D|México - Pachuca (Cuota),112_34,False,2.0,0,100,8.0,609,1662593.0,4,0.0001635998708042,2799999.0,0.0036660727378831,10.48447819243713,316,0.0156109373138603,3936.9311885121433,1643623,12.64,307139.3,5.0,1.4292201963220512,0.3045886075949367,0.7349683544303797,0.0,True,federal,Carretera,Con pavimento,Asfalto,Si,Federal,Fed.,Un sentido,MAÍZ GRANO,0,0,0,0,0,0,0,0,0,0,0,0,0,0,1.0986122886681098,0.0,2.1972245773362196,6.413458957167357,14.323889591267127,1.6094379124341003,14.845129975145433,4.612376384616599,15.574886805029418,8.278410785331864,14.312414117977749,2.613006652415316,2.613006652415316,12.63505992543248,0.0,MAÍZ GRANO
S0056,-98.9930645,19.673361,69298.0,11.146171324732675,15,MEX-085D|México - Pachuca (Cuota),112_34,False,2.0,0,100,8.0,282,478189.0,17,0.0059704426492453,783599.0,0.0199234557471359,10.629881553120509,360,0.025828822534469,265.6374866399782,1592,6136.75,130371644.41,11.0,1.4710352091633458,0.4372021020898684,0.231179370187803,0.0,True,federal,Carretera,Con pavimento,Asfalto,Si,Federal,Fed.,Un sentido,MAÍZ GRANO,0,0,0,0,0,0,0,0,0,0,0,0,0,0,1.0986122886681098,0.0,2.1972245773362196,5.645446897643238,13.077763422035304,2.8903717578961645,13.571653965052523,4.612291183743643,15.262643870871466,5.585890007912373,7.373374309910049,8.722213504470758,8.722213504470758,18.685899740637787,0.0,MAÍZ GRANO
S0057,-98.9689605,19.704407,70707.0,11.166299856884498,15,MEX-085D|México - Pachuca (Cuota),112_34,False,2.0,0,100,8.0,269,478226.0,30,0.011413013930652,630212.0,0.0343408249922248,10.788079933225005,354,0.0291350335028985,667.6058170201217,18226,6136.75,130371644.41,11.0,1.4710352091633458,0.4372021020898684,0.231179370187803,0.0,True,federal,Carretera,Con pavimento,Asfalto,Si,Federal,Fed.,Un sentido,MAÍZ GRANO,0,0,0,0,0,0,0,0,0,0,0,0,0,0,1.0986122886681098,0.0,2.1972245773362196,5.598421958998375,13.07784079414395,3.4339872044851463,13.353813136464495,4.612462998184725,15.152504899960782,6.505194674247465,9.810659290224933,8.722213504470758,8.722213504470758,18.685899740637787,0.0,MAÍZ GRANO
S0058,-98.9460535,19.7441175,72063.0,11.185296015408854,15,MEX-085D|México - Pachuca (Cuota),112_34,False,2.0,0,100,8.0,227,102624.0,31,0.0694476925475522,609471.0,0.0494510813475948,10.8133997610898,330,0.0324585302343524,320.1941195481467,518,6136.75,130371644.41,11.0,1.4710352091633458,0.4372021020898684,0.231179370187803,0.0,True,federal,Carretera,Con pavimento,Asfalto,Si,Federal,Fed.,Un sentido,MAÍZ GRANO,0,0,0,0,0,0,0,0,0,0,0,0,0,0,1.0986122886681098,0.0,2.1972245773362196,5.429345628954441,11.53883684675473,3.4657359027997265,13.320348287553719,4.6127636638838645,14.963603883205618,5.772045674147068,6.251903883165888,8.722213504470758,8.722213504470758,18.685899740637787,0.0,MAÍZ GRANO
S0059,-98.949512,19.827097,74804.0,11.222626638468611,15,MEX-085D|México - Pachuca (Cuota),112_34,False,2.0,0,90,10.0,98,15622.0,11,0.2560491614389963,165574.0,0.0970985782791984,9.711834528246044,238,0.0719133962028018,2538.964117168695,289,13099.0,177530640.71,9.0,1.1240220095566062,0.649286205053821,0.0,0.0,True,federal,Carretera,Con pavimento,Asfalto,Si,Federal,Fed.,Un sentido,CEBADA GRANO,0,0,0,0,0,0,0,0,0,0,0,0,0,0,1.0986122886681098,0.0,2.3978952727983707,4.59511985013459,9.656499466411903,2.4849066497880004,12.01717954335318,4.610682123859442,13.898653378395618,7.839905232813855,5.66988092298052,9.480367509189243,9.480367509189243,18.994653781333124,0.0,CEBADA GRANO
S0060,-98.93764,19.882623,48694.0,10.793311098195112,15,MEX-085D|México - Pachuca (Cuota),112_35,False,2.0,0,90,10.0,516,1839.0,2,1.0,49408.0,0.1619980569948186,9.106454825129534,157,0.1261059685388153,2005.415909637897,1150,11188.23,121667278.16,9.0,1.2380765590749252,0.45226099213191,0.1053097764346996,0.0,True,federal,Carretera,Con pavimento,Asfalto,Si,Federal,Fed.,Un sentido,MAÍZ GRANO,0,0,0,0,0,0,0,0,0,0,0,0,0,0,1.0986122886681098,0.0,2.3978952727983707,6.248042874508429,7.517520850603031,1.0986122886681098,10.807887872816934,4.611915758539263,12.995043510392076,7.604105279851889,7.048386408721883,9.32270698749957,9.32270698749957,18.616800657057766,0.0,MAÍZ GRANO
S0061,-99.157266,19.23466,26404.5,10.181289729154138,09,MEX-095|México - Cuernavaca (Libre),111_32,False,2.0,0,70,7.0,264,50069.0,70,0.1793924384349597,1162891.0,0.0251683089816672,11.207583376200644,602,0.0091151623990524,878.9366663989312,48,1562.75,471399650.1,43.0,2.4374005798807494,0.3506638937769957,0.2535594304911214,0.0080627099664053,False,federal,Carretera,Con pavimento,Asfalto,No,Federal,Fed.,Dos sentidos,MAÍZ GRANO,0,0,0,0,0,0,0,0,0,0,0,0,0,0,1.0986122886681098,0.0,2.0794415416798357,5.579729825986222,10.82117730532399,4.2626798770413155,13.966420563904132,4.610824473289874,15.667151784918254,6.779849934881073,3.8918202981106265,7.354842061781121,7.344169807734237,19.971216808330265,0.008030379982333196,MAÍZ GRANO
S0062,-99.15872125,19.20327425,17340.5,9.760800084982248,09,MEX-095|México - Cuernavaca (Libre),111_32,False,2.0,0,40,3.5,193,52136.0,107,0.2119264999232775,1184344.0,0.0251692075950906,11.183318107529422,598,0.0124768273656705,388.4402005965757,44,5405.099999999999,536333485.46,26.0,1.3433018768982412,0.5716823000499529,0.0013320752622523,0.0,False,federal,Camino,Sin pavimento,Grava,No,Estatal,CDMX,Dos sentidos,AVENA FORRAJERA EN VERDE,1,0,0,0,0,0,0,0,0,0,0,0,0,0,1.0986122886681098,0.0,1.5040773967762742,5.267858159063328,10.861630148432843,4.68213122712422,13.98470043711682,4.610894432876938,15.384431012835366,5.96471032488884,3.8066624897703196,8.595283224630531,8.592504724713873,20.100266701795032,0.0,AVENA FORRAJERA EN VERDE
S0063,-99.1752745,19.134511,7543.0,8.928375259853631,09,MEX-095|México - Cuernavaca (Libre),111_31,False,2.0,0,70,7.0,90,3862.0,14,0.1721905748316934,92399.0,0.1172415285879717,9.446606214523708,645,0.0591664104162234,188.10788165210005,3197,5405.099999999999,536333485.46,26.0,1.3433018768982412,0.5716823000499529,0.0013320752622523,0.0,False,federal,Carretera,Con pavimento,Asfalto,No,Federal,Fed.,Dos sentidos,AVENA FORRAJERA EN VERDE,0,0,0,0,0,0,0,0,0,0,0,0,0,0,1.0986122886681098,0.0,2.0794415416798357,4.51085950651685,8.259199362666282,2.70805020110221,11.433882257629776,4.60317960784514,14.100749648764914,5.242317654605986,8.0702808933939,8.595283224630531,8.592504724713873,20.100266701795032,0.0,AVENA FORRAJERA EN VERDE
S0064,-99.2389635,19.050925,7753.0,8.955835144218959,17,MEX-095|México - Cuernavaca (Libre),111_31,False,2.0,0,30,7.0,237,23962.0,62,0.4628995910191136,31400.0,0.474171974522293,9.656700544811546,364,0.1097943524845502,445.5637826941792,121,2111.0,49957764.03,8.0,0.7239941251666636,0.8053055423969683,0.0,0.0,False,federal,Calle,FALTANTE,FALTANTE,No,FALTANTE,FALTANTE,Dos sentidos,AVENA FORRAJERA EN VERDE,0,0,0,0,0,0,0,0,0,0,0,0,0,0,1.0986122886681098,0.0,2.0794415416798357,5.472270673671475,10.084266253072569,4.143134726391533,10.354595018522993,4.6003191973956525,13.507356354148472,6.101582240493311,4.804021044733257,7.655390644826152,7.655390644826152,17.72668850703285,0.0,AVENA FORRAJERA EN VERDE
S0065,-99.207129,19.02712,5532.0,8.61830469278465,17,MEX-095|México - Cuernavaca (Libre),111_31,False,2.0,0,60,6.0,3,15517.0,36,0.5151769027518206,64616.0,0.46945029094961,10.14363695470448,369,0.1165441613219926,894.5674747977242,2452,2111.0,49957764.03,8.0,0.7239941251666636,0.8053055423969683,0.0,0.0,False,federal,Carretera,Con pavimento,Asfalto,No,Federal,Fed.,Dos sentidos,AVENA FORRAJERA EN VERDE,0,0,0,0,0,0,0,0,0,0,0,0,0,0,1.0986122886681098,0.0,1.9459101490553132,1.3862943611198906,9.649755919453895,3.6109179126442243,11.076232813045465,4.604648980357353,13.504013820746453,6.79745756740337,7.8050670442584895,7.655390644826152,7.655390644826152,17.72668850703285,0.0,AVENA FORRAJERA EN VERDE
S0066,-99.259052,18.9992415,12363.0,9.422463420006927,17,MEX-095|México - Cuernavaca (Libre),111_31,False,2.0,0,60,6.0,8,24778.0,67,0.3999112115586407,403426.0,0.0834527273899054,11.27088569877466,310,0.1082539886085553,241.21428126172873,43,1743.9,240955361.53000003,14.0,1.2729920420065166,0.6439589425999197,0.1048798669648489,0.0,False,federal,Carretera,Con pavimento,Asfalto,No,Federal,Fed.,Dos sentidos,MAÍZ GRANO,0,0,0,0,0,0,0,0,0,0,0,0,0,0,1.0986122886681098,0.0,1.9459101490553132,2.1972245773362196,10.117751799243743,4.219507705176107,12.907750833348235,4.610098624765382,13.74914743992838,5.489822794127662,3.784189633918261,7.464452526404185,7.464452526404185,19.300122256582167,0.0,MAÍZ GRANO
S0067,-99.24787975,18.96527625,26982.0,10.202925255998762,17,MEX-095|México - Cuernavaca (Libre),111_31,False,2.0,0,30,6.0,60,356494.0,36,0.0166706873046951,416351.0,0.0929336065002846,11.201197770918656,366,0.1151509683943525,2244.960002577539,517,1743.9,240955361.53000003,14.0,1.2729920420065166,0.6439589425999197,0.1048798669648489,0.0,False,federal,Calle,FALTANTE,FALTANTE,No,FALTANTE,FALTANTE,Un sentido,MAÍZ GRANO,0,0,0,0,0,0,0,0,0,0,0,0,0,0,1.0986122886681098,0.0,1.9459101490553132,4.110873864173311,12.784075493492692,3.6109179126442243,12.939286335303203,4.609939454547142,13.767663948507055,7.716888326848429,6.249975242259483,7.464452526404185,7.464452526404185,19.300122256582167,0.0,MAÍZ GRANO
S0068,-99.1651185,19.26596,69855.0,11.154176944084588,09,MEX-095D|México - Cuernavaca (Cuota),111_32,True,2.0,1,50,7.0,290,602827.0,22,0.0047973962679176,1996438.0,0.0118811603465772,11.582883834846738,598,0.0077282758034002,2472.4072688489496,599935,5405.099999999999,536333485.46,26.0,1.3433018768982412,0.5716823000499529,0.0013320752622523,0.0,True,federal,Carretera,Con pavimento,Concreto,Si,Estatal,CDMX,Un sentido,AVENA FORRAJERA EN VERDE,0,0,0,0,0,0,0,0,0,0,0,0,0,0,1.0986122886681098,0.6931471805599453,2.0794415416798357,5.673323267171493,13.309387194556178,3.1354942159291497,14.506875651550077,4.611669490703341,15.861245873718698,7.813351940112141,13.304578261842323,8.595283224630531,8.592504724713873,20.100266701795032,0.0,AVENA FORRAJERA EN VERDE
S0069,-99.148716,19.242519,29636.0,10.296745117536547,09,MEX-095D|México - Cuernavaca (Cuota),111_32,True,3.0,0,90,10.5,309,48868.0,55,0.1592248506179913,1164218.0,0.0262794425099079,11.205251681427487,612,0.0085344548187508,1048.3657634061176,102,1562.75,471399650.1,43.0,2.4374005798807494,0.3506638937769957,0.2535594304911214,0.0080627099664053,True,federal,Carretera,Con pavimento,Asfalto,Si,Federal,Fed.,Un sentido,MAÍZ GRANO,0,0,0,0,0,0,0,0,0,0,0,0,0,0,1.3862943611198906,0.0,2.4423470353692043,5.736572297479192,10.79689852760344,4.02535169073515,13.967561033906492,4.61083187119322,15.736555250921208,6.955941225797706,4.634728988229636,7.354842061781121,7.344169807734237,19.971216808330265,0.008030379982333196,MAÍZ GRANO
S0070,-99.23339925,19.060909,44578.0,10.70499574276614,17,MEX-095D|México - Cuernavaca (Cuota),111_31,True,2.0,0,5,0.5,91,13784.0,32,0.4542222867092281,27461.0,0.5313353483121518,9.684486992640092,389,0.1450210671301494,546.21971569296,108,2111.0,49957764.03,8.0,0.7239941251666636,0.8053055423969683,0.0,0.0,True,federal,Calle,FALTANTE,FALTANTE,No,FALTANTE,FALTANTE,Cerrada en ambos sentidos,AVENA FORRAJERA EN VERDE,1,0,0,0,0,0,0,0,0,0,0,0,0,0,1.0986122886681098,0.0,0.4054651081081644,4.5217885770490405,9.531336323457896,3.4965075614664802,10.220558509881696,4.599098277499419,13.245596423625296,6.304850395799914,4.6913478822291435,7.655390644826152,7.655390644826152,17.72668850703285,0.0,AVENA FORRAJERA EN VERDE
S0071,-99.1494335,19.0163385,44510.0,10.7034691620099,17,MEX-095D|México - Cuernavaca (Cuota),111_31,True,2.0,0,110,10.0,2,811.0,8,1.0,65290.0,0.5262674222698729,9.97444950052093,421,0.1097302720210966,698.9162432683222,3,2731.8,204632548.78,17.0,1.2610410479373633,0.6999048246577347,0.0500768723918295,0.0,True,federal,Carretera,Con pavimento,Asfalto,Si,Federal,Fed.,Un sentido,MAÍZ GRANO,0,0,0,0,0,0,0,0,0,0,0,0,0,0,1.0986122886681098,0.0,2.3978952727983707,1.0986122886681098,6.699500340161678,2.1972245773362196,11.086609480344594,4.605259924845325,13.678746517387587,6.550960675410651,1.3862943611198906,7.91308200359425,7.90352240435807,19.136726488662177,0.0,MAÍZ GRANO
S0072,-99.2195,18.9822435,42397.0,10.654832883999834,17,MEX-095D|México - Cuernavaca (Cuota),111_31,True,2.0,0,110,10.0,5,25650.0,61,0.7529044834307992,418879.0,0.0851534691402529,11.192660939697303,355,0.1005472164087935,539.6622158671961,132,1743.9,240955361.53000003,14.0,1.2729920420065166,0.6439589425999197,0.1048798669648489,0.0,True,federal,Carretera,Con pavimento,Asfalto,Si,Federal,Fed.,Un sentido,MAÍZ GRANO,0,0,0,0,0,0,0,0,0,0,0,0,0,0,1.0986122886681098,0.0,2.3978952727983707,1.791759469228055,10.152337836193743,4.127134385045092,12.945339761703671,4.609862591430127,13.802606659621752,6.292794713915158,4.890349128221754,7.464452526404185,7.464452526404185,19.300122256582167,0.0,MAÍZ GRANO
S0073,-99.2366205,18.9673,53630.0,10.88986389197697,17,MEX-095D|México - Cuernavaca (Cuota),111_31,True,2.0,0,110,7.0,83,17007.0,41,0.4401128946904216,415191.0,0.0903993583675946,11.21095265623683,368,0.1130113580205373,1509.9856985468898,209,1743.9,240955361.53000003,14.0,1.2729920420065166,0.6439589425999197,0.1048798669648489,0.0,True,federal,Carretera,Con pavimento,Asfalto,Si,Federal,Fed.,Un sentido,MAÍZ GRANO,0,0,0,0,0,0,0,0,0,0,0,0,0,0,1.0986122886681098,0.0,2.0794415416798357,4.430816798843313,9.74143910058173,3.7376696182833684,12.936496342825453,4.609927576315934,13.765318761967727,7.320517497335088,5.3471075307174685,7.464452526404185,7.464452526404185,19.300122256582167,0.0,MAÍZ GRANO
S0074,-99.054879,19.240525,23748.0,10.075253595390564,09,MEX-113|San Gregorio - Oaxtepec,112_32,False,2.0,0,60,6.0,14,27001.0,117,0.4753157290470723,971660.0,0.0409525965872836,10.581527553299908,655,0.0106842965675007,405.8154996003633,14,1562.75,471399650.1,43.0,2.4374005798807494,0.3506638937769957,0.2535594304911214,0.0080627099664053,False,federal,Carretera,Con pavimento,Asfalto,No,Federal,Fed.,Dos sentidos,MAÍZ GRANO,0,0,0,0,0,0,0,0,0,0,0,0,0,0,1.0986122886681098,0.0,1.9459101490553132,2.70805020110221,10.203666216317192,4.770684624465665,13.786762257177669,4.610767208417714,15.810572846484384,6.008359764727732,2.70805020110221,7.354842061781121,7.344169807734237,19.971216808330265,0.008030379982333196,MAÍZ GRANO
S0075,-99.029538,19.180655,7744.0,8.954673628956414,09,MEX-113|San Gregorio - Oaxtepec,112_32,False,2.0,0,60,6.0,26,97491.0,183,0.1792370577796924,226795.0,0.168001940078044,9.89565280131328,631,0.0322770489509018,125.55161541342596,31,5744.849999999999,707463859.99,30.0,1.6896694878969285,0.3575376206515401,0.002846027311418,0.0,False,federal,Carretera,Con pavimento,Asfalto,No,Federal,Fed.,Dos sentidos,NOPALITOS,0,0,0,0,0,0,0,0,0,0,0,0,0,0,1.0986122886681098,0.0,1.9459101490553132,3.295836866004329,11.487525602337497,5.214935757608986,12.331806213995902,4.60767698503568,14.720665516626031,4.840650251930806,3.4657359027997265,8.656233134081887,8.654142486352276,20.377197106304255,0.0,NOPALITOS
S0076,-98.936047,19.04604,4266.0,8.358431899031295,17,MEX-113|San Gregorio - Oaxtepec,112_31,False,2.0,0,90,6.0,3,3164.0,12,1.0,52899.0,0.260439705854553,8.783756269280996,589,0.2456003728773897,448.0183108763556,11,4492.0,1028087098.02,15.0,1.164690275732672,0.6745325022261799,0.0017809439002671,0.0,False,federal,Carretera,Con pavimento,Asfalto,No,Federal,Fed.,Dos sentidos,NOPALITOS,0,0,0,0,0,0,0,0,0,0,0,0,0,0,1.0986122886681098,0.0,1.9459101490553132,1.3862943611198906,8.059908334578276,2.5649493574615367,10.876158617846391,4.603844197248413,13.164180716404877,6.10706366837253,2.4849066497880004,8.41027590907016,8.405591014834934,20.750965727063434,0.0,NOPALITOS
S0077,-98.990106,19.004074,5687.0,8.645938147306799,17,MEX-113|San Gregorio - Oaxtepec,112_31,False,2.0,0,90,6.0,87,12726.0,24,0.4455445544554455,58178.0,0.6179311767334731,8.988047047081498,458,0.3021700903552505,599.088264580312,648,4492.0,1028087098.02,15.0,1.164690275732672,0.6745325022261799,0.0017809439002671,0.0,False,federal,Carretera,Con pavimento,Asfalto,No,Federal,Fed.,Dos sentidos,NOPALITOS,0,0,0,0,0,0,0,0,0,0,0,0,0,0,1.0986122886681098,0.0,1.9459101490553132,4.477336814478207,9.451480999992047,3.2188758248682006,10.97127974386435,4.601647928003038,12.75186185681208,6.397076752030733,6.47543271670409,8.41027590907016,8.405591014834934,20.750965727063434,0.0,NOPALITOS
S0078,-98.973238,18.938501,13218.0,9.489334816030398,17,MEX-113|San Gregorio - Oaxtepec,112_30,False,2.0,0,90,6.0,13,31679.0,62,0.4325262792386123,123176.0,0.4613967006559719,9.174287489744694,510,0.2416310801521966,98.7932073145676,58,2359.5,393810751.48,19.0,2.2665263013258157,0.2436956982411527,0.2443314261496079,0.0,False,federal,Carretera,Con pavimento,Asfalto,No,Federal,Fed.,Dos sentidos,NOPALITOS,0,0,0,0,0,0,0,0,0,0,0,0,0,0,1.0986122886681098,0.0,1.9459101490553132,2.6390573296152584,10.363440845928363,4.143134726391533,11.721377624341436,4.6013304395358725,13.225432469755855,4.603100118020744,4.07753744390572,7.766628739986341,7.74565194342828,19.791381028215028,0.0,NOPALITOS
S0079,-98.96904025,18.9207985,15639.0,9.657523073436217,17,MEX-113|San Gregorio - Oaxtepec,112_30,False,2.0,0,30,6.0,297,42208.0,59,0.3329463608794541,120271.0,0.4848300920421381,9.189344810657436,529,0.2542445951268322,320.6640685718416,419,5268.3,455729535.77,24.0,1.4098125874471306,0.4270827401628608,0.564660326860657,0.0,False,federal,Calle,FALTANTE,FALTANTE,No,FALTANTE,FALTANTE,Dos sentidos,CAÑA DE AZÚCAR,0,0,0,0,0,0,0,0,0,0,0,0,0,0,1.0986122886681098,0.0,1.9459101490553132,5.697093486505405,10.650388747427439,4.0943445622221,11.69751112341725,4.600339984952225,13.24220473770083,5.773507735659527,6.040254711277414,8.5696528053886,8.565278345219491,19.937410070394325,0.0,CAÑA DE AZÚCAR
S0080,-98.89762766666666,19.312155833333332,139174.0,11.843480227827405,15,MEX-150|México - Puebla (Libre),113_32,False,3.0,0,50,11.0,897,442817.0,20,0.0230682200547856,1578164.0,0.0204192973607305,9.725337888915854,498,0.0229350958222898,1406.2093899348956,368585,3995.25,78977792.53,22.0,1.846409072440386,0.2753269507540204,0.0310994305738063,0.0,False,federal,Avenida,FALTANTE,FALTANTE,No,FALTANTE,FALTANTE,Un sentido,TRIGO GRANO,0,0,0,0,0,0,0,0,0,0,0,0,0,0,1.3862943611198906,0.0,2.4849066497880004,6.8001700683022,13.000914129396918,3.044522437723423,14.271773337659297,4.6103573306419205,15.27228971043834,7.249363866180289,12.817429341944726,8.293111700374052,8.292611105907682,18.184677276359853,0.0,TRIGO GRANO
S0081,-98.8747355,19.3158555,46588.0,10.749098276222542,15,MEX-150|México - Puebla (Libre),113_32,False,3.0,0,50,9.0,254,533277.0,30,0.0262152689877868,1412565.0,0.0235401556742521,9.690484672657288,417,0.0212521300521642,711.019627337413,766,3995.25,78977792.53,22.0,1.846409072440386,0.2753269507540204,0.0310994305738063,0.0,False,federal,Avenida,FALTANTE,FALTANTE,No,FALTANTE,FALTANTE,Un sentido,TRIGO GRANO,0,0,0,0,0,0,0,0,0,0,0,0,0,0,1.3862943611198906,0.0,2.302585092994046,5.541263545158426,13.186798143159496,3.4339872044851463,14.16091846657484,4.610446573358219,15.264060915367713,6.5681054775171575,6.642486801367256,8.293111700374052,8.292611105907682,18.184677276359853,0.0,TRIGO GRANO
S0082,-98.666776,19.3512915,2123.0,7.660585461703256,15,MEX-150|México - Puebla (Libre),113_32,False,3.0,0,110,9.0,19,6894.0,6,0.0664345807948941,23281.0,0.3045401829818306,8.134497117783704,152,0.1276940110361632,230.93861273155403,71,3995.25,78977792.53,22.0,1.846409072440386,0.2753269507540204,0.0310994305738063,0.0,False,federal,Carretera,Con pavimento,Asfalto,Si,Federal,Fed.,Un sentido,TRIGO GRANO,0,0,0,0,0,0,0,0,0,0,0,0,0,0,1.3862943611198906,0.0,2.302585092994046,2.995732273553991,8.838551790227402,1.9459101490553132,10.055435808808186,4.604661518451415,12.323402245066603,5.44647273635845,4.276666119016055,8.293111700374052,8.292611105907682,18.184677276359853,0.0,TRIGO GRANO
S0083,-98.452735,19.301515,13470.0,9.50822026940441,21,MEX-150|México - Puebla (Libre),114_32,False,2.0,0,60,6.0,372,128604.0,37,0.0409007495878821,225491.0,0.0567517107112922,9.386444981808502,250,0.1175113264390902,956.8610454328392,11,4990.049999999999,185257485.07,39.0,1.478404954781512,0.7015961763910182,0.4833218104027014,0.0,False,federal,Carretera,Con pavimento,Asfalto,No,Federal,Fed.,Dos sentidos,MAÍZ GRANO,0,0,0,0,0,0,0,0,0,0,0,0,0,0,1.0986122886681098,0.0,1.9459101490553132,5.921578419643816,11.764500970278672,3.6375861597263857,12.326039960577154,4.609790465909396,12.877337136964504,6.864702720929552,2.4849066497880004,8.515401587451887,8.512060039304489,19.03725723195826,0.0,MAÍZ GRANO
S0084,-98.4284965,19.254805,20685.0,9.937164078895512,21,MEX-150|México - Puebla (Libre),114_32,False,3.0,0,80,10.0,83,137997.0,39,0.02368892077364,253409.0,0.0735135689734776,9.636326505638866,290,0.0974881421894817,459.2898609619925,25,4990.049999999999,185257485.07,39.0,1.478404954781512,0.7015961763910182,0.4833218104027014,0.0,False,federal,Carretera,Con pavimento,Asfalto,No,Federal,Fed.,Un sentido,MAÍZ GRANO,0,0,0,0,0,0,0,0,0,0,0,0,0,0,1.3862943611198906,0.0,2.3978952727983707,4.430816798843313,11.834994471280698,3.6888794541139363,12.442764009389652,4.610240012715304,13.039974753553231,6.131856423559073,3.258096538021482,8.515401587451887,8.512060039304489,19.03725723195826,0.0,MAÍZ GRANO
S0085,-98.40154975,19.16156225,13433.0,9.505469645063013,21,MEX-150|México - Puebla (Libre),115_32,False,2.0,0,40,7.0,230,61847.0,44,0.1884812521221724,199247.0,0.1184359112056894,9.35626424776806,339,0.0701866294898267,746.4623293003565,29613,6899.000000000001,186844460.71999997,31.0,1.7631147411767525,0.579214378895492,0.3403536744455718,0.0,False,federal,Avenida,FALTANTE,FALTANTE,No,FALTANTE,FALTANTE,Dos sentidos,MAÍZ GRANO,0,0,0,0,0,0,0,0,0,0,0,0,0,0,1.0986122886681098,0.0,2.0794415416798357,5.442417710521793,11.03243504100031,3.8066624897703196,12.20230555896093,4.607774092642119,13.7238304813554,6.616683908410134,10.296002501468664,8.83927669058535,8.82754143436693,19.0457870732103,0.0,MAÍZ GRANO
S0086,-98.377183,19.13626,14102.0,9.554071910278983,21,MEX-150|México - Puebla (Libre),115_31,False,3.0,0,70,10.5,23,65873.0,34,0.0965190594021829,199924.0,0.1405834217002461,9.42163952720285,337,0.0772452681704315,227.77606962802184,17,1938.6,36431425.73,20.0,0.8581927709087721,0.828948725884659,0.1095636025998142,0.0,False,federal,Carretera,Con pavimento,Asfalto,No,Federal,Fed.,Un sentido,MAÍZ GRANO,0,0,0,0,0,0,0,0,0,0,0,0,0,0,1.3862943611198906,0.0,2.4423470353692043,3.1780538303479458,11.095499105462787,3.5553480614894135,12.205697575200091,4.6061036047845745,13.734875174693249,5.432743663249028,2.8903717578961645,7.570237045231197,7.555852790988358,17.4109423318193,0.0,MAÍZ GRANO
S0087,-98.3175955,19.07349875,33763.5,10.427135616322005,21,MEX-150|México - Puebla (Libre),115_31,False,1.0,0,10,3.5,312,214643.0,31,0.0416365779457051,473229.0,0.054022471150331,11.114526871516762,374,0.0442708933078465,1520.725377319034,48,2461.0,73443737.01,28.0,1.3997511538751464,0.7334416903697684,0.2058512799674929,0.0,False,federal,Privada,FALTANTE,FALTANTE,No,FALTANTE,FALTANTE,Dos sentidos,MAÍZ GRANO,0,0,0,0,0,0,0,0,0,0,0,0,0,0,0.6931471805599453,0.0,1.5040773967762742,5.746203190540153,12.276736120781246,3.4657359027997265,13.067336807217114,4.6049137428529505,14.667688064916266,7.327600086739783,3.8918202981106265,7.808729306744399,7.808729306744399,18.112030201810185,0.0,MAÍZ GRANO
S0088,-98.988857,19.352981,194580.0,12.17859866852942,15,MEX-150D|México - Puebla (Cuota),112_32,False,4.0,0,90,14.0,575,225234.0,12,0.0083069163625385,2823255.0,0.0048511381366543,9.839383904599456,502,0.0096919642309629,1415.8742054131135,84298,59.0,808214.1099999999,5.0,1.4005590952721112,0.4067796610169492,0.0,0.0,True,federal,Carretera,Con pavimento,Asfalto,Si,Federal,Fed.,Un sentido,AVENA GRANO,0,0,0,0,0,0,0,0,0,0,0,0,0,0,1.6094379124341003,0.0,2.70805020110221,6.3561076606958915,12.324899580578387,2.5649493574615367,14.853401386793966,4.611334730601231,16.12909938718122,7.256208460459246,11.342125281523384,4.0943445622221,4.0943445622221,13.602583527319105,0.0,AVENA GRANO
S0089,-98.987199,19.35114,28927.0,10.272530694010324,15,MEX-150D|México - Puebla (Cuota),112_32,False,2.0,0,60,8.0,570,225359.0,13,0.0088569793085698,2823332.0,0.0048782785729768,9.839303338778826,510,0.0097618669140448,1332.846014546477,27295,59.0,808214.1099999999,5.0,1.4005590952721112,0.4067796610169492,0.0,0.0,True,federal,Carretera,Con pavimento,Asfalto,No,Federal,Fed.,Un sentido,AVENA GRANO,0,0,0,0,0,0,0,0,0,0,0,0,0,0,1.0986122886681098,0.0,2.1972245773362196,6.3473892096560105,12.325454402550255,2.6390573296152584,14.853428659896366,4.61133352713706,16.12959814292258,7.1958217884384,10.214495450291405,4.0943445622221,4.0943445622221,13.602583527319105,0.0,AVENA GRANO
S0090,-98.981103,19.345177999999997,189213.0,12.150628643598877,15,MEX-150D|México - Puebla (Cuota),112_32,False,2.0,0,40,7.0,567,228938.0,17,0.0256881775851977,2823332.0,0.0048782785729768,9.839303338778826,537,0.0116633366218859,519.0553531476583,27295,59.0,808214.1099999999,5.0,1.4005590952721112,0.4067796610169492,0.0,0.0,True,federal,Enlace,FALTANTE,FALTANTE,No,FALTANTE,FALTANTE,Un sentido,AVENA GRANO,0,0,0,0,0,0,0,0,0,0,0,0,0,0,1.0986122886681098,0.0,2.0794415416798357,6.342121418721152,12.341210871506258,2.8903717578961645,14.853428659896366,4.61133352713706,15.947938566056559,6.25393525427113,10.214495450291405,4.0943445622221,4.0943445622221,13.602583527319105,0.0,AVENA GRANO
S0091,-98.9803865,19.344033,33920.0,10.43176008990584,15,MEX-150D|México - Puebla (Cuota),112_32,False,2.0,0,60,8.0,526,228951.0,18,0.0257434997008093,2823340.0,0.0048810982736758,9.839303338778826,548,0.0117057490536629,461.0046269676102,27295,59.0,808214.1099999999,5.0,1.4005590952721112,0.4067796610169492,0.0,0.0,True,federal,Carretera,Con pavimento,Asfalto,No,Federal,Fed.,Un sentido,AVENA GRANO,0,0,0,0,0,0,0,0,0,0,0,0,0,0,1.0986122886681098,0.0,2.1972245773362196,6.267200548541362,12.341267653578862,2.9444389791664403,14.853431493422793,4.611332218382848,15.947981479912098,6.135574906112995,10.214495450291405,4.0943445622221,4.0943445622221,13.602583527319105,0.0,AVENA GRANO
S0092,-98.957343625,19.3226795,225051.0,12.324082322168216,09,MEX-150D|México - Puebla (Cuota),112_32,False,4.0,0,90,14.0,138,205991.0,23,0.0370647261288114,1620134.0,0.0120792477659255,9.82530353196795,575,0.0139137449120582,1399.608154412405,405,1612.8200000000002,125708526.0,44.0,2.4698597498074166,0.2542131173968576,0.5319998511923214,0.0099205118984139,True,federal,Carretera,Con pavimento,Asfalto,Si,Federal,Fed.,Un sentido,MAÍZ GRANO,0,0,0,0,0,0,0,0,0,0,0,0,0,0,1.6094379124341003,0.0,2.70805020110221,4.9344739331306915,12.235592612066165,3.1780538303479458,14.29802003706987,4.610674575032209,15.814776622740462,7.244661817289579,6.0063531596017325,7.3863593184470435,7.374202592025095,18.64947650737745,0.009871626665395442,MAÍZ GRANO
S0093,-98.884007625,19.293614375,70381.0,11.16167861935662,15,MEX-150D|México - Puebla (Cuota),113_32,False,3.0,0,50,10.0,208,698276.0,25,0.0135018244934667,1404239.0,0.0252934151522639,9.694333839915338,497,0.0239696072780448,794.96616601383,11,4887.67,124602634.53000002,15.0,0.8427744065821973,0.8081560334474299,0.0512861956719663,0.0,True,federal,Avenida,FALTANTE,FALTANTE,No,FALTANTE,FALTANTE,Dos sentidos,MAÍZ GRANO,0,0,0,0,0,0,0,0,0,0,0,0,0,0,1.3862943611198906,0.0,2.3978952727983707,5.342334251964811,13.45637115115865,3.258096538021482,14.155006789130228,4.6102913978709905,15.265822132489468,6.679556679933269,2.4849066497880004,8.494675561834578,8.494675561834578,18.640640316020093,0.0,MAÍZ GRANO
S0094,-98.870712,19.296272,33718.0,10.425787098375746,15,MEX-150D|México - Puebla (Cuota),113_32,False,2.0,0,30,8.0,205,724439.0,35,0.0191637943291291,1351782.0,0.0249596458600573,9.705791237098149,449,0.0228281018688637,437.4253136728769,128,4887.67,124602634.53000002,15.0,0.8427744065821973,0.8081560334474299,0.0512861956719663,0.0,True,federal,Calle,FALTANTE,FALTANTE,No,FALTANTE,FALTANTE,Un sentido,MAÍZ GRANO,0,0,0,0,0,0,0,0,0,0,0,0,0,0,1.0986122886681098,0.0,2.1972245773362196,5.327876168789581,13.493154221578472,3.58351893845611,14.116935019744488,4.6103156679777175,15.264546357685763,6.083189475009002,4.859812404361672,8.494675561834578,8.494675561834578,18.640640316020093,0.0,MAÍZ GRANO
S0095,-98.6594315,19.351104,42187.0,10.6498673956928,15,MEX-150D|México - Puebla (Cuota),113_32,False,3.0,0,110,9.0,16,8021.0,7,0.1976062835057973,23281.0,0.3045401829818306,8.134497117783704,149,0.1689896485424448,385.6434335994032,193,3995.25,78977792.53,22.0,1.846409072440386,0.2753269507540204,0.0310994305738063,0.0,True,federal,Carretera,Con pavimento,Asfalto,Si,Federal,Fed.,Un sentido,TRIGO GRANO,0,0,0,0,0,0,0,0,0,0,0,0,0,0,1.3862943611198906,0.0,2.302585092994046,2.833213344056216,8.989943046329998,2.0794415416798357,10.055435808808186,4.604661518451415,11.947768129122375,5.957502908108308,5.267858159063328,8.293111700374052,8.292611105907682,18.184677276359853,0.0,TRIGO GRANO
S0096,-98.5335785,19.32755,49667.0,10.813096007646362,21,MEX-150D|México - Puebla (Cuota),114_32,False,3.0,0,110,13.0,4,29484.0,34,0.1228802062135395,118067.0,0.156512827462373,8.659442701621108,195,0.109196209900831,226.9459177457179,29,3361.5,94485305.01,30.0,1.503538797797178,0.677376171352075,0.2549457087609698,0.0,True,federal,Carretera,Con pavimento,Asfalto,Si,Federal,Fed.,Un sentido,MAÍZ GRANO,0,0,0,0,0,0,0,0,0,0,0,0,0,0,1.3862943611198906,0.0,2.6390573296152584,1.6094379124341003,10.291636938434605,3.5553480614894135,11.679016008653766,4.608034708282788,12.60781416300474,5.429108397947732,3.4011973816621555,8.120440023910094,8.117312461601975,18.36395488841617,0.0,MAÍZ GRANO
S0097,-98.4267915,19.2679375,50165.0,10.823072851359711,21,MEX-150D|México - Puebla (Cuota),114_32,False,2.0,0,30,7.0,170,158665.0,44,0.026937257744304,242272.0,0.054397536653018,9.508397421869514,280,0.103666755946239,296.1957798313002,133,4990.049999999999,185257485.07,39.0,1.478404954781512,0.7015961763910182,0.4833218104027014,0.0,True,federal,Calle,FALTANTE,FALTANTE,No,FALTANTE,FALTANTE,Dos sentidos,MAÍZ GRANO,0,0,0,0,0,0,0,0,0,0,0,0,0,0,1.0986122886681098,0.0,2.0794415416798357,5.14166355650266,11.974556642855948,3.8066624897703196,12.397820468486643,4.609954288223783,13.02914880029006,5.694391112982693,4.897839799950911,8.515401587451887,8.512060039304489,19.03725723195826,0.0,MAÍZ GRANO
S0098,-98.385786,19.24119,51170.0,10.842908701799136,21,MEX-150D|México - Puebla (Cuota),115_32,False,3.0,0,110,9.0,4,55137.0,25,0.0405353936558028,251849.0,0.0688348971010407,9.770050757993989,295,0.1100603958320915,1136.6697386551143,87,4990.049999999999,185257485.07,39.0,1.478404954781512,0.7015961763910182,0.4833218104027014,0.0,True,federal,Carretera,Con pavimento,Asfalto,Si,Federal,Fed.,Un sentido,MAÍZ GRANO,0,0,0,0,0,0,0,0,0,0,0,0,0,0,1.3862943611198906,0.0,2.302585092994046,1.6094379124341003,10.917594412610574,3.258096538021482,12.436588951173796,4.610047430469117,13.161718696882387,7.036737360488495,4.477336814478207,8.515401587451887,8.512060039304489,19.03725723195826,0.0,MAÍZ GRANO
S0099,-98.350401,19.210022,71955.0,11.183796202604274,21,MEX-150D|México - Puebla (Cuota),115_32,False,3.0,0,110,9.0,7,26801.0,14,0.0691018991828663,171540.0,0.0956103532703742,9.537135650551116,294,0.0738677392053792,1350.6651732850642,245,6899.000000000001,186844460.71999997,31.0,1.7631147411767525,0.579214378895492,0.3403536744455718,0.0,True,federal,Carretera,Con pavimento,Asfalto,Si,Federal,Fed.,Un sentido,MAÍZ GRANO,0,0,0,0,0,0,0,0,0,0,0,0,0,0,1.3862943611198906,0.0,2.302585092994046,2.0794415416798357,10.196231790580173,2.70805020110221,12.05257758407155,4.608804116803916,13.557706977748069,7.209092573036204,5.5053315359323625,8.83927669058535,8.82754143436693,19.0457870732103,0.0,MAÍZ GRANO
S0100,-98.30662225,19.17308325,81504.5,11.308413512428604,21,MEX-150D|México - Puebla (Cuota),115_32,False,2.0,0,50,7.0,202,63765.0,24,0.0531639614208421,258078.0,0.1032207317167678,10.605986217908969,275,0.0242826372169773,279.98586413919014,148,333.84999999999997,5882597.26,7.0,0.5664663820989528,0.8656582297438971,0.1258050022465179,0.0,True,federal,Avenida,FALTANTE,FALTANTE,No,FALTANTE,FALTANTE,Dos sentidos,MAÍZ GRANO,0,0,0,0,0,0,0,0,0,0,0,0,0,0,1.0986122886681098,0.0,2.0794415416798357,5.313205979041787,11.062975411922519,3.2188758248682006,12.461021018584015,4.609579996954168,14.676664407796107,5.638304362513895,5.003946305945459,5.813682670356059,5.80302430930585,15.587509103226553,0.0,MAÍZ GRANO
S0101,-98.2640745,19.127427249999997,127194.0,11.753468758964308,21,MEX-150D|México - Puebla (Cuota),115_31,False,2.0,1,80,7.0,56,170293.0,36,0.0702671278326179,382712.0,0.0517699993728965,10.994506625969198,287,0.0333640371300674,1869.4502243769916,1826,1207.65,31125997.130000003,22.0,1.3530030042355712,0.7245476752370307,0.221338964103838,0.0,True,federal,Carretera,Con pavimento,Asfalto,Si,Estatal,Pue.,Un sentido,MAÍZ GRANO,0,0,0,0,0,0,0,0,0,0,0,0,0,0,1.0986122886681098,0.6931471805599453,2.0794415416798357,4.04305126783455,12.045281634086491,3.6109179126442243,12.855040640003303,4.609383302006783,14.671487644663745,7.5339344425691115,7.510430556378006,7.09725931325211,7.0964316014141,17.2535539806687,0.0,MAÍZ GRANO
S0102,-98.2168945,19.089433999999997,122034.0,11.71205497341355,21,MEX-150D|México - Puebla (Cuota),115_31,False,2.0,2,50,7.0,501,44332.0,6,0.0066768925381214,1994597.0,0.0098541209076319,11.401417704739185,306,0.0373836662796783,3253.4729235621026,3855,1207.65,31125997.130000003,22.0,1.3530030042355712,0.7245476752370307,0.221338964103838,0.0,True,federal,Carretera,Con pavimento,Asfalto,Si,Estatal,Pue.,Un sentido,MAÍZ GRANO,0,0,0,0,0,0,0,0,0,0,0,0,0,0,1.0986122886681098,1.0986122886681098,2.0794415416798357,6.218600119691729,10.699484599710523,1.9459101490553132,14.505953084242092,4.610089575422215,14.678950572771221,8.087785613285746,8.257385655730436,7.09725931325211,7.0964316014141,17.2535539806687,0.0,MAÍZ GRANO
S0103,-98.19974375,19.0860245,153366.0,11.94058250058489,21,MEX-150D|México - Puebla (Cuota),115_31,False,2.0,2,50,7.0,336,1554958.0,4,0.0003221951975551,1741609.0,0.010772222697517,11.334991418696964,307,0.0388993763211212,4480.3111803183365,8370,7537.150000000001,77685324.42999999,9.0,0.3564393591950904,0.9224972303854904,0.0348341216507565,0.0,True,federal,Carretera,Con pavimento,Asfalto,Si,Estatal,Pue.,Un sentido,MAÍZ GRANO,0,0,0,0,0,0,0,0,0,0,0,0,0,0,1.0986122886681098,1.0986122886681098,2.0794415416798357,5.820082930352362,14.256959736688382,1.6094379124341003,14.370320530732569,4.61110803062924,14.67886158823444,8.407670956766498,9.032528630660057,8.927732072806595,8.925407849378708,18.16817693559646,0.0,MAÍZ GRANO
S0104,-99.6035695,19.243736,105922.0,11.570458253167796,15,EM-MEX-055|Toluca - Axixintla,110_32,False,3.0,0,80,10.0,113,287872.0,30,0.0309443085815918,1008756.0,0.0423878519681667,11.567823487543071,408,0.0932135756523437,528.1884516779372,476,1804.1,61151165.849999994,8.0,0.3728239446285923,0.9201263788038356,0.0061526522920015,0.0,False,estatal,Carretera,Con pavimento,Asfalto,No,Estatal,Mex.,Un sentido,MAÍZ GRANO,0,0,0,0,0,0,0,0,0,0,0,0,0,0,1.3862943611198906,0.0,2.3978952727983707,4.736198448394496,12.570274689639017,3.4339872044851463,13.824229437823508,4.610424801467491,14.54244738393863,6.271344609776572,6.1675164908883415,7.498371270894416,7.498371270894416,17.92885950168155,0.0,MAÍZ GRANO
S0105,-99.58903475,19.21149,107104.5,11.581560272359882,15,EM-MEX-055|Toluca - Axixintla,110_32,False,2.0,0,30,7.0,165,178256.0,53,0.1352605241899291,643646.0,0.0772551992865643,11.285698220908174,394,0.0914156656565723,232.55662455657813,10854,742.6,18737944.93,4.0,0.3076667719159237,0.9360355507675734,0.0,0.0,False,estatal,Calle,FALTANTE,FALTANTE,No,FALTANTE,FALTANTE,Un sentido,MAÍZ GRANO,0,0,0,0,0,0,0,0,0,0,0,0,0,0,1.0986122886681098,0.0,2.0794415416798357,5.111987788356544,12.090981608192706,3.9889840465642745,13.374905718158718,4.609916053033162,14.485360452013488,5.453424551164038,9.292381082312392,6.611503255847289,6.611503255847289,16.746061219909002,0.0,MAÍZ GRANO
S0106,-99.577718,19.1808795,65156.0,11.084539673477495,15,EM-MEX-055|Toluca - Axixintla,110_32,False,3.0,0,80,12.0,35,109382.0,42,0.161543946901684,401518.0,0.1377273248023749,10.76328936619578,358,0.0973766521507967,703.2498062969838,914,6479.379999999999,285937988.52,9.0,0.8631896190791855,0.7028295917201954,0.0,0.0,False,estatal,Carretera,Con pavimento,Asfalto,No,Estatal,Mex.,Un sentido,MAÍZ GRANO,0,0,0,0,0,0,0,0,0,0,0,0,0,0,1.3862943611198906,0.0,2.5649493574615367,3.58351893845611,11.60261076384225,3.7612001156935624,12.903010133789751,4.609428239483076,14.338533491185647,6.557133131707788,6.818924065275521,8.776534429602256,8.776534429602256,19.471285525415162,0.0,MAÍZ GRANO
S0107,-99.58647,19.146063,50844.0,10.83651740041456,15,EM-MEX-055|Toluca - Axixintla,110_31,False,3.0,0,50,12.0,19,115316.0,33,0.1123955045266918,246092.0,0.1951505940867643,10.239374319338117,350,0.1169772610702684,540.9784834422178,9540,1439.15,53756065.4,12.0,0.6036495893908306,0.8734322343049716,0.0055588368133967,0.0,False,estatal,Carretera,Con pavimento,Asfalto,No,Estatal,Mex.,Un sentido,MAÍZ GRANO,0,0,0,0,0,0,0,0,0,0,0,0,0,0,1.3862943611198906,0.0,2.5649493574615367,2.995732273553991,11.655440136845796,3.5263605246161616,12.413464792252553,4.608644830798836,14.23470827403294,6.295226302205549,9.163353580751846,7.2725025538117425,7.2725025538117425,17.799967081859283,0.0,MAÍZ GRANO
S0108,-99.590133,19.1168545,33167.0,10.409310684679328,15,EM-MEX-055|Toluca - Axixintla,110_31,False,3.0,0,50,12.0,14,60655.0,29,0.1410930673481163,221929.0,0.1686124841728661,9.930244362935062,343,0.155262492703232,1017.9278731430024,2562,9826.16,537409327.61,30.0,1.4355590252675396,0.6818533384353603,0.0009708777386079,0.0,False,estatal,Carretera,Con pavimento,Asfalto,No,Estatal,Mex.,Un sentido,MAÍZ GRANO,0,0,0,0,0,0,0,0,0,0,0,0,0,0,1.3862943611198906,0.0,2.5649493574615367,2.70805020110221,11.012973837756116,3.4011973816621555,12.310117295816775,4.608787986609605,13.910641630820816,6.926506248718544,7.848933726364071,9.192905259902824,9.192905259902824,20.10227061277803,0.0,MAÍZ GRANO
S0109,-99.600419,19.067427,16733.0,9.725138096494574,15,EM-MEX-055|Toluca - Axixintla,110_31,False,2.0,0,50,8.0,6,44817.0,21,0.1565031126581431,148753.0,0.2496151338124273,8.847733176470587,325,0.2445927668332843,875.4408532393123,346,9826.16,537409327.61,30.0,1.4355590252675396,0.6818533384353603,0.0009708777386079,0.0,False,estatal,Carretera,Con pavimento,Asfalto,No,Federal,Fed.,Dos sentidos,MAÍZ GRANO,0,0,0,0,0,0,0,0,0,0,0,0,0,0,1.0986122886681098,0.0,2.1972245773362196,1.9459101490553132,10.710365123423095,3.091042453358316,11.910049213802628,4.605807330503198,13.430143621709988,6.775869221467499,5.849324779946859,9.192905259902824,9.192905259902824,20.10227061277803,0.0,MAÍZ GRANO
S0110,-99.5629535,19.023822,15909.5,9.674671694062388,15,EM-MEX-055|Toluca - Axixintla,110_31,False,2.0,0,80,8.0,14,32681.0,26,0.2597227747008965,162581.0,0.2933860660224749,9.186923133699509,335,0.3584528959267161,756.1122830775101,1297,2340.38,176887456.1,17.0,1.6769673020071845,0.50518719182355,0.0,0.0,False,estatal,Carretera,Con pavimento,Asfalto,No,Federal,Fed.,Un sentido,MAÍZ GRANO,0,0,0,0,0,0,0,0,0,0,0,0,0,0,1.0986122886681098,0.0,2.1972245773362196,2.70805020110221,10.39457974661173,3.295836866004329,11.998937768861017,4.605786788730544,13.143911539191912,6.629511568828548,7.168579897264035,7.75849577811108,7.75849577811108,18.991024252715704,0.0,MAÍZ GRANO
S0111,-99.604887,18.965657,17972.0,9.79657027019005,15,EM-MEX-055|Toluca - Axixintla,110_31,False,2.0,0,90,7.0,4,94918.0,45,0.3264818053477739,175998.0,0.394430618529756,8.625333575775485,321,0.410909952561261,352.0166605487297,647,6772.54,1561260753.66,38.0,1.6648460221543342,0.5913586335407395,0.2276900542484798,0.0,False,estatal,Carretera,Con pavimento,Asfalto,No,Federal,Fed.,Dos sentidos,MAÍZ GRANO,0,0,0,0,0,0,0,0,0,0,0,0,0,0,1.0986122886681098,0.0,2.0794415416798357,1.6094379124341003,11.460779175306678,3.828641396489095,12.078233592185965,4.605604774417335,12.942765308547948,5.86651525284145,6.473890696352274,8.820779124369857,8.820779124369857,21.16875950787353,0.0,MAÍZ GRANO
S0112,-99.644742,18.965371,10192.0,9.229358377811945,15,EM-MEX-055|Toluca - Axixintla,109_31,False,2.0,0,90,7.0,26,56842.0,25,0.3220505963899933,156766.0,0.4381370960539913,8.382850873276091,318,0.4126784308208003,496.5964156119489,10336,5383.110000000001,4733795789.78,33.0,2.1961632142182803,0.3182491162172052,0.7017244678262193,0.0,False,estatal,Carretera,Con pavimento,Asfalto,No,Federal,Fed.,Dos sentidos,CRISANTEMO (GRUESA),0,0,0,0,0,0,0,0,0,0,0,0,0,0,1.0986122886681098,0.0,2.0794415416798357,3.295836866004329,10.94804836055082,3.258096538021482,11.962515905565128,4.6051870803316355,12.911963282237481,6.209789338046833,9.243484970568485,8.591207302022244,8.591207302022244,22.277993210390424,0.0,OTROS
S0113,-99.67040025,18.839597,12299.0,9.41727323724241,15,EM-MEX-055|Toluca - Axixintla,109_30,False,3.0,0,50,9.0,181,37024.0,29,0.2883805099394987,74750.0,0.5829030100334448,8.33852989966555,311,0.5247821936002086,794.5032692601003,19326,2012.08,178805539.42,21.0,1.820371222221172,0.5128026718619538,0.3160709315732973,0.0,False,estatal,Carretera,Con pavimento,Asfalto,No,Estatal,Mex.,Un sentido,MAÍZ GRANO,0,0,0,0,0,0,0,0,0,0,0,0,0,0,1.3862943611198906,0.0,2.302585092994046,5.204006687076795,10.519348639136,3.4011973816621555,11.22191786908987,4.602897356632493,12.556215300449555,6.6789749574615405,9.869258360985468,7.607421166529198,7.607421166529198,19.00180940691265,0.0,MAÍZ GRANO
S0114,-99.658546,18.801138,5221.0,8.560444233410552,15,EM-MEX-055|Toluca - Axixintla,109_30,False,2.0,0,90,7.0,45,15473.0,23,0.5462418406256059,65888.0,0.4329468188440991,8.62297352280318,296,0.5017172283812852,1306.9056028137145,7021,2913.7,219106007.7,22.0,1.389937347571406,0.6681641898616879,0.227473658921646,0.0,False,estatal,Carretera,Con pavimento,Asfalto,No,Federal,Fed.,Dos sentidos,MAÍZ GRANO,0,0,0,0,0,0,0,0,0,0,0,0,0,0,1.0986122886681098,0.0,2.0794415416798357,3.828641396489095,9.6469164751094,3.1780538303479458,11.095726786982862,4.60131107043901,12.420312677892401,7.176182360310165,8.856803356728378,7.97752217753641,7.97752217753641,19.205066228653365,0.0,MAÍZ GRANO
S0115,-99.514845,18.685112,2502.0,7.824845691026856,12,EM-MEX-055|Toluca - Axixintla,110_29,False,2.0,0,100,6.0,2,3149.0,9,1.0,22056.0,0.8015959376133478,7.257352011697561,263,0.4616221237835204,908.5306279118656,973,2768.33,127575971.02,23.0,1.184956652031472,0.7082320388104019,0.1227563187914735,0.0,False,estatal,Carretera,Con pavimento,Asfalto,No,Federal,Fed.,Dos sentidos,MAÍZ GRANO,0,0,0,0,0,0,0,0,0,0,0,0,0,0,1.0986122886681098,0.0,1.9459101490553132,1.0986122886681098,8.055157731819678,2.302585092994046,10.001385290812587,4.603107588067795,12.081274435979873,6.812928672940224,6.881411303642535,7.926360692668045,7.918748733468577,18.664222604089673,0.0,MAÍZ GRANO
S0116,-99.508336,18.621644,1560.0,7.352441100243583,12,EM-MEX-055|Toluca - Axixintla,110_29,False,2.0,0,100,6.0,1,9584.0,12,0.5434056761268782,32695.0,0.7347300810521487,7.732465069546925,242,0.4218365230915453,207.9389657580539,15,6875.25,81837107.49,27.0,0.5667904228633851,0.8955732518817497,0.0214464928548052,0.0,False,estatal,Carretera,Con pavimento,Asfalto,No,Federal,Fed.,Dos sentidos,MAÍZ GRANO,0,0,0,0,0,0,0,0,0,0,0,0,0,0,1.0986122886681098,0.0,1.9459101490553132,0.6931471805599453,9.167954655479745,2.5649493574615367,10.395008025244113,4.606054332490035,12.129067403417197,5.342042179450016,2.772588722239781,8.835828724189668,8.834955774656184,18.220241347727374,0.0,MAÍZ GRANO
S0117,-99.82648525,16.80386275,50735.5,10.834381141794216,12,GRO|Acapulco - Aeropuerto Acapulco,109_21,False,2.0,0,10,6.0,315,557.0,1,1.0,679860.0,0.0187950460388903,10.210924636274036,128,0.0481708254700496,4656.302865610374,557,34609.899999999994,1010445679.69,34.0,1.5317762419692391,0.5963033698450444,0.052880823117085,0.0,False,estatal,Privada,FALTANTE,FALTANTE,No,FALTANTE,FALTANTE,Dos sentidos,MAÍZ GRANO,0,0,0,0,0,0,0,0,0,0,0,0,0,0,1.0986122886681098,0.0,1.9459101490553132,5.755742213586912,6.324358962381311,0.6931471805599453,13.429643644492652,4.596019520111601,13.480528610310607,8.446191775355675,6.324358962381311,10.451923940336364,10.450102045872425,20.733657338479382,0.0,MAÍZ GRANO
S0118,-99.767062,16.76766,8787.0,9.081028635495842,12,GRO|Acapulco - Aeropuerto Acapulco,109_21,False,2.0,0,50,8.0,199,621.0,4,1.0,20931.0,0.3835459366489895,7.951211047819634,139,0.0618415650050842,3614.131276199831,557,34609.899999999994,1010445679.69,34.0,1.5317762419692391,0.5963033698450444,0.052880823117085,0.0,False,estatal,Boulevard,FALTANTE,FALTANTE,No,FALTANTE,FALTANTE,Un sentido,MAÍZ GRANO,0,0,0,0,0,0,0,0,0,0,0,0,0,0,1.0986122886681098,0.0,2.1972245773362196,5.298317366548036,6.432940092739179,1.6094379124341003,9.949034367492098,4.606070761614827,13.494995328417254,8.192883448234992,6.324358962381311,10.451923940336364,10.450102045872425,20.733657338479382,0.0,MAÍZ GRANO
S0119,-99.7763985,16.766829,14108.0,9.554497291355943,12,GRO|Ent. Potrero - Lomas de Chapultepec,109_21,False,2.0,0,50,7.0,195,559.0,2,1.0,20922.0,0.3832807570977918,7.951211047819634,133,0.0601905592692329,3335.092015076854,557,34609.899999999994,1010445679.69,34.0,1.5317762419692391,0.5963033698450444,0.052880823117085,0.0,False,estatal,Avenida,FALTANTE,FALTANTE,No,FALTANTE,FALTANTE,Un sentido,MAÍZ GRANO,0,0,0,0,0,0,0,0,0,0,0,0,0,0,1.0986122886681098,0.0,2.0794415416798357,5.278114659230517,6.327936783729195,1.0986122886681098,9.94860431133925,4.606600793740813,13.493237040742875,8.11255534555534,6.324358962381311,10.451923940336364,10.450102045872425,20.733657338479382,0.0,MAÍZ GRANO
S0120,-99.426669,17.482796,4225.0,8.348774539791274,12,GRO|Las Petaquillas - Quechultenango,110_24,False,2.0,0,60,7.0,1,14034.0,7,0.1061707282314379,57790.0,0.0952933033396781,9.89393192569918,137,0.0965068652030644,1181.178801499032,1469,11571.13,228771950.9100001,23.0,1.127096873152788,0.7263499761907435,0.0868368085053058,0.0,False,estatal,Carretera,Con pavimento,Asfalto,No,Estatal,Gro.,Dos sentidos,MAÍZ GRANO,0,0,0,0,0,0,0,0,0,0,0,0,0,0,1.0986122886681098,0.0,2.0794415416798357,0.6931471805599453,9.549309488795982,2.0794415416798357,10.96458833319395,4.60656969761517,12.659387793489675,7.075114456829595,7.293017679772782,9.35635490004606,9.343395526217206,19.248236222149472,0.0,MAÍZ GRANO
S0121,-99.975875,16.903713,6160.0,8.725832056527565,12,GRO|Pie de La Cuesta - Barra de Coyuca,108_21,False,2.0,0,50,8.0,28,4520.0,9,1.0,16508.0,0.6467773200872304,8.293532727272726,131,0.0669559387077607,3422.530646523574,21,34609.899999999994,1010445679.69,34.0,1.5317762419692391,0.5963033698450444,0.052880823117085,0.0,False,estatal,Carretera,Con pavimento,Concreto,No,Estatal,Gro.,Dos sentidos,MAÍZ GRANO,0,0,0,0,0,0,0,0,0,0,0,0,0,0,1.0986122886681098,0.0,2.1972245773362196,3.367295829986474,8.416488487294606,2.302585092994046,9.711660965727868,4.6038199684232035,13.505987702587522,8.138427650331646,3.091042453358316,10.451923940336364,10.450102045872425,20.733657338479382,0.0,MAÍZ GRANO
S0122,-100.0880275,16.9448205,1702.0,7.43955930913332,12,GRO|Pie de La Cuesta - Barra de Coyuca,108_22,False,2.0,0,60,7.0,4,5046.0,7,1.0,29440.0,0.5290081521739131,9.25144042437432,92,0.5858839003234866,665.6304768916989,1506,32706.29,701702503.3399999,21.0,1.425665440684433,0.4602249292108643,0.0923048746892417,0.0,False,estatal,Carretera,Con pavimento,Asfalto,No,Estatal,Gro.,Un sentido,MAÍZ GRANO,0,0,0,0,0,0,0,0,0,0,0,0,0,0,1.0986122886681098,0.0,2.0794415416798357,1.6094379124341003,8.526549286340263,2.0794415416798357,10.290143539657238,4.596520550713775,10.937792404475719,6.502235884738055,7.317876198626496,10.395353267818672,10.386863559165006,20.369020089177244,0.0,MAÍZ GRANO
S0123,-99.605349,18.317454,4295.0,8.365206834418355,12,GRO|Ramal a Cocula,110_28,False,2.0,0,60,7.0,11,5639.0,16,1.0,144580.0,0.0811038871213169,10.14361385590523,147,0.2277507609779794,918.2136227588704,1606,6849.8099999999995,174547010.70999998,23.0,1.303952551454162,0.6970193333829697,0.1286999201437704,0.0,False,estatal,Carretera,Con pavimento,Asfalto,No,Estatal,Gro.,Dos sentidos,MAÍZ GRANO,0,0,0,0,0,0,0,0,0,0,0,0,0,0,1.0986122886681098,0.0,2.0794415416798357,2.4849066497880004,8.637639344492104,2.833213344056216,11.881595183116342,4.605549484241298,12.173043127315871,6.823518546658486,7.382124365737512,8.83212217244069,8.83212217244069,18.977704671403146,0.0,MAÍZ GRANO
S0124,-99.618553,18.552265,3138.0,8.051340933292979,12,GRO|Taxco - Ixcateopan,110_29,False,2.0,0,30,7.0,462,60848.0,26,0.1717229818564291,89274.0,0.3019356139525506,9.111043996682875,230,0.4677152381612275,992.0337136087144,23,6875.25,81837107.49,27.0,0.5667904228633851,0.8955732518817497,0.0214464928548052,0.0,False,estatal,Calle,FALTANTE,FALTANTE,No,FALTANTE,FALTANTE,Dos sentidos,MAÍZ GRANO,0,0,0,0,0,0,0,0,0,0,0,0,0,0,1.0986122886681098,0.0,2.0794415416798357,6.137727054086234,11.016150664426897,3.295836866004329,11.399476772462648,4.6078387685541955,11.774458614926948,6.9007646147364285,3.1780538303479458,8.835828724189668,8.834955774656184,18.220241347727374,0.0,MAÍZ GRANO
S0125,-99.783426,18.504755,395.0,5.978885764901122,12,GRO|Taxco - Ixcateopan,109_29,False,2.0,0,40,7.0,71,3430.0,14,1.0,9465.0,1.0,6.771358955303111,279,0.3341322250835012,1099.2372414279191,2493,2439.89,23920002.34,14.0,0.3311679996958321,0.9408211025906906,0.0075741119476697,0.0,False,estatal,Carretera,Con pavimento,Asfalto,No,Estatal,Gro.,Dos sentidos,MAÍZ GRANO,0,0,0,0,0,0,0,0,0,0,0,0,0,0,1.0986122886681098,0.0,2.0794415416798357,4.276666119016055,8.14060704285845,2.70805020110221,9.155461710466193,4.589405548871151,11.675588384101,7.003281109557544,7.821643126239982,7.800118005879004,7.7992982967478595,16.990225626678804,0.0,MAÍZ GRANO
S0126,-99.855599,18.355395,8077.0,8.996775795442296,12,GRO|Teloloapan - Apaxtla de Castrejón,109_28,False,2.0,0,60,7.0,165,29937.0,13,0.0664061195176537,37875.0,0.262072607260726,8.5862657793271,163,0.5453007304732621,800.6821504463369,2801,12399.87,288680677.63,16.0,0.5900884636332527,0.8815092416291461,0.0219639399445316,0.0,False,estatal,Carretera,Con pavimento,Asfalto,No,Estatal,Gro.,Dos sentidos,MAÍZ GRANO,0,0,0,0,0,0,0,0,0,0,0,0,0,0,1.0986122886681098,0.0,2.0794415416798357,5.111987788356544,10.306883855475181,2.6390573296152584,10.54207294510339,4.6062015172454265,11.026271993175223,6.686712208171305,7.938088726896952,9.425521910422262,9.425360618408368,19.48083171696924,0.0,MAÍZ GRANO
S0127,-98.601338,17.526221,3690.0,8.213381737034572,12,GRO|Tlapa de Comonfort - Marquelia,114_24,False,2.0,0,60,7.0,54,66623.0,27,0.105714242829053,88216.0,0.2746667271243312,8.572415652529289,209,0.4606764978414992,32.71048949050229,129,5325.320000000001,36996232.989999995,11.0,0.2931390663699157,0.9378459885978682,0.1392798930392915,0.0,False,estatal,Carretera,Con pavimento,Asfalto,No,Estatal,Gro.,Dos sentidos,MAÍZ GRANO,0,0,0,0,0,0,0,0,0,0,0,0,0,0,1.0986122886681098,0.0,2.0794415416798357,4.007333185232471,11.10682015197464,3.332204510175204,11.387554967186363,4.594635699681753,11.843796328867422,3.517809049772474,4.867534450455582,8.580415847182584,8.579694639127883,17.426326681374096,0.0,MAÍZ GRANO
S0128,-98.817107,16.589564,3584.0,8.18423477409482,12,GRO|Tlapa de Comonfort - Marquelia,113_20,False,2.0,0,50,7.0,157,13171.0,22,0.479386531015109,16722.0,0.5899413945700275,8.045021028598896,94,0.5441168686815222,697.4499825312821,6857,7011.0,217101105.68,14.0,1.6559862644082328,0.4484096419911567,0.0,0.0,False,estatal,Carretera,Con pavimento,Asfalto,No,Estatal,Gro.,Dos sentidos,MAÍZ GRANO,0,0,0,0,0,0,0,0,0,0,0,0,0,0,1.0986122886681098,0.0,2.0794415416798357,5.062595033026967,9.485848643496254,3.1354942159291497,9.724540296381123,4.577211980657192,10.53972040711132,6.548863569162868,8.833171133022866,8.855378246041125,8.854093907655518,19.195873732394258,0.0,MAÍZ GRANO
S0129,-99.503081,18.289363,7142.0,8.873748128154395,12,GRO-001|T. C. (Iguala - Chilpancingo) - Atenango del Río,110_28,False,2.0,0,60,7.0,10,10123.0,22,0.3199644374197372,156867.0,0.0912875238259162,10.085776904667442,140,0.1914555732545942,13.435869894452512,6,5413.760000000001,125263490.14,22.0,0.7767761704975824,0.8399578112069983,0.0830273229696181,0.0,False,estatal,Carretera,Con pavimento,Asfalto,No,Estatal,Gro.,Dos sentidos,MAÍZ GRANO,0,0,0,0,0,0,0,0,0,0,0,0,0,0,1.0986122886681098,0.0,2.0794415416798357,2.3978952727983707,9.222664121665014,3.1354942159291497,11.963159966358672,4.60476129953213,12.235209028468159,2.669716074163904,1.9459101490553132,8.596883837123233,8.596883837123233,18.64593000582116,0.0,MAÍZ GRANO
S0130,-99.4231075,18.305612,3932.5,8.277030634932434,12,GRO-001|T. C. (Iguala - Chilpancingo) - Atenango del Río,110_28,False,2.0,0,60,7.0,1,3577.0,6,1.0,37355.0,0.3458974702181769,8.46987857550322,128,0.1599703667119397,299.2123039152145,20,5413.760000000001,125263490.14,22.0,0.7767761704975824,0.8399578112069983,0.0830273229696181,0.0,False,estatal,Carretera,Con pavimento,Asfalto,No,Estatal,Gro.,Dos sentidos,MAÍZ GRANO,0,0,0,0,0,0,0,0,0,0,0,0,0,0,1.0986122886681098,0.0,2.0794415416798357,0.6931471805599453,8.182559264068665,1.9459101490553132,10.528248820229608,4.602501221040484,12.218376639986337,5.704489904086366,3.044522437723423,8.596883837123233,8.596883837123233,18.64593000582116,0.0,MAÍZ GRANO
S0131,-99.315409,18.295558,1939.0,7.569927655242652,12,GRO-001|T. C. (Iguala - Chilpancingo) - Atenango del Río,111_28,False,2.0,0,50,7.0,27,17805.0,12,0.0143218197135636,23557.0,0.2549985142420512,8.078831378548362,71,0.4497601845668144,210.71535270386653,19,10616.38,187475986.06,16.0,0.6912368208749855,0.8569776138382386,0.022747866975372,0.0,False,estatal,Carretera,Con pavimento,Asfalto,No,Estatal,Gro.,Dos sentidos,MAÍZ GRANO,0,0,0,0,0,0,0,0,0,0,0,0,0,0,1.0986122886681098,0.0,2.0794415416798357,3.332204510175204,9.787290758133617,2.5649493574615367,10.06722074451873,4.602684017869293,10.807989063835306,5.355242696549872,2.995732273553991,9.27024756002796,9.266473037694134,19.04916132615987,0.0,MAÍZ GRANO
S0132,-99.119545,18.121602,1392.0,7.238496840894365,12,GRO-001|T. C. (Iguala - Chilpancingo) - Atenango del Río,112_27,False,2.0,0,60,7.0,2,3879.0,9,0.1863882443928847,7039.0,0.5516408580764313,6.752208089181077,45,0.4052073525197527,548.076976130169,4,3844.27,54047007.32999999,11.0,0.5443545115646785,0.8712421343974278,0.020888231055571,0.0,False,estatal,Carretera,Con pavimento,Asfalto,No,Estatal,Gro.,Dos sentidos,MAÍZ GRANO,0,0,0,0,0,0,0,0,0,0,0,0,0,0,1.0986122886681098,0.0,2.0794415416798357,1.0986122886681098,8.263590432617319,2.302585092994046,8.859363449152088,4.5892626508387995,10.103485294343026,6.308238643211175,1.6094379124341003,8.25459910054068,8.250690575773511,17.805364750471366,0.0,MAÍZ GRANO
S0133,-99.7625225,16.828825000000002,7192.5,8.880794095425703,12,GRO-D|Puerto Marqués - La Venta (Cuota),109_21,False,2.0,0,80,7.0,37,18300.0,19,0.2949180327868852,34560.0,0.5482638888888889,7.764907670866964,161,0.0738669365543766,264.65390932178417,105,34609.899999999994,1010445679.69,34.0,1.5317762419692391,0.5963033698450444,0.052880823117085,0.0,True,estatal,Carretera,Con pavimento,Asfalto,No,Federal,Fed.,Un sentido,MAÍZ GRANO,0,0,0,0,0,0,0,0,0,0,0,0,0,0,1.0986122886681098,0.0,2.0794415416798357,3.6375861597263857,9.814710982145282,2.995732273553991,10.450481157684562,4.604261078645909,13.517155733776185,5.582194368850348,4.663439094112067,10.451923940336364,10.450102045872425,20.733657338479382,0.0,MAÍZ GRANO
S0134,-102.088395,18.981474,7550.0,8.92930284224307,12,MEX-037D|Nueva Italia - Lázaro Cárdenas (Cuota),99_31,False,2.0,0,110,12.0,8,0.0,0,0.2294825956519952,0.0,0.2492112922594695,9.16571748878924,0,0.217280653216424,54350.65651276306,1,8632.2,178575721.74,13.0,0.6818706681871268,0.861170964528162,0.1329440930469637,0.0,True,federal,Carretera,Con pavimento,Asfalto,Si,Federal,Fed.,Dos sentidos,MAÍZ GRANO,0,1,1,1,1,1,0,0,0,0,0,0,0,0,1.0986122886681098,0.0,2.5649493574615367,2.1972245773362196,0.0,0.0,0.0,4.60540340767597,0.0,10.903230370700587,0.6931471805599453,9.063370514884815,9.062095551512181,19.000523286260176,0.0,MAÍZ GRANO
S0135,-101.970404,18.554183,5380.0,8.59044365315583,12,MEX-037D|Nueva Italia - Lázaro Cárdenas (Cuota),100_29,False,2.0,0,110,12.0,8,0.0,0,0.2294825956519952,0.0,0.2492112922594695,9.16571748878924,8,1.0,13607.0160896878,11,8632.2,178575721.74,13.0,0.6818706681871268,0.861170964528162,0.1329440930469637,0.0,True,federal,Carretera,Con pavimento,Asfalto,Si,Federal,Fed.,Dos sentidos,MAÍZ GRANO,0,1,1,1,1,0,0,0,0,0,0,0,0,0,1.0986122886681098,0.0,2.5649493574615367,2.1972245773362196,0.0,0.0,0.0,4.60540340767597,6.8501261661455,9.518414316444767,2.4849066497880004,9.063370514884815,9.062095551512181,19.000523286260176,0.0,MAÍZ GRANO
S0136,-101.961847,18.00409,5762.0,8.659039915644474,12,MEX-037D|Nueva Italia - Lázaro Cárdenas (Cuota),100_26,False,1.0,0,30,4.0,20,1773.0,9,1.0,3182.0,1.0,6.2313031071655045,61,0.5540966034702217,1829.7502362936332,482,16613.92,1045290618.59,17.0,1.749842832158841,0.4002065737646504,0.4244633415834433,0.0,True,federal,Enlace,FALTANTE,FALTANTE,No,FALTANTE,FALTANTE,Un sentido,MAÍZ GRANO,0,0,0,0,0,0,0,0,0,0,0,0,0,0,0.6931471805599453,0.0,1.6094379124341003,3.044522437723423,7.480992162869525,2.302585092994046,8.065579427282092,4.5907799181490105,9.610993923087126,7.512481127010478,6.180016653652572,9.718056365850831,9.666113222308205,20.76756078857001,0.0,MAÍZ GRANO
S0137,-101.9620415,18.0065895,6351.5,8.756446284463516,12,MEX-037D|Nueva Italia - Lázaro Cárdenas (Cuota),100_26,False,1.0,0,30,4.0,20,1773.0,9,1.0,3209.0,1.0,6.209987425337944,62,0.5593512082092023,1609.0454581459749,482,16613.92,1045290618.59,17.0,1.749842832158841,0.4002065737646504,0.4244633415834433,0.0,True,federal,Enlace,FALTANTE,FALTANTE,No,FALTANTE,FALTANTE,Un sentido,MAÍZ GRANO,0,0,0,0,0,0,0,0,0,0,0,0,0,0,0.6931471805599453,0.0,1.6094379124341003,3.044522437723423,7.480992162869525,2.302585092994046,8.07402621612406,4.590986298939011,9.622847294873393,7.384017692453188,6.180016653652572,9.718056365850831,9.666113222308205,20.76756078857001,0.0,MAÍZ GRANO
S0138,-102.171946,17.995783,18026.0,9.799570439116357,12,MEX-037D|Nueva Italia - Lázaro Cárdenas (Cuota),99_26,False,2.0,0,110,12.0,9,3486.0,8,1.0,9174.0,0.6229561805101373,7.945497764693054,31,0.6724741975191744,687.3554994247511,3,16613.92,1045290618.59,17.0,1.749842832158841,0.4002065737646504,0.4244633415834433,0.0,True,federal,Carretera,Con pavimento,Asfalto,Si,Federal,Fed.,Un sentido,MAÍZ GRANO,0,0,0,0,0,0,0,0,0,0,0,0,0,0,1.0986122886681098,0.0,2.5649493574615367,2.302585092994046,8.156797046675651,2.1972245773362196,9.12423767292277,4.607525072509447,9.26501793326688,6.53430541876265,1.3862943611198906,9.718056365850831,9.666113222308205,20.76756078857001,0.0,MAÍZ GRANO
S0139,-102.187898,17.97655,20024.0,9.90468683311161,12,MEX-037D|Nueva Italia - Lázaro Cárdenas (Cuota),99_26,False,2.0,0,50,8.0,60,2753.0,3,1.0,8063.0,0.5710033486295424,8.032181141439207,26,0.669406479977062,3118.2504394180596,3,16613.92,1045290618.59,17.0,1.749842832158841,0.4002065737646504,0.4244633415834433,0.0,True,federal,Boulevard,FALTANTE,FALTANTE,No,FALTANTE,FALTANTE,Un sentido,MAÍZ GRANO,0,0,0,0,0,0,0,0,0,0,0,0,0,0,1.0986122886681098,0.0,2.1972245773362196,4.110873864173311,7.9208096792886,1.3862943611198906,8.99516499031115,4.606409015343499,9.25569607369698,8.045348008164106,1.3862943611198906,9.718056365850831,9.666113222308205,20.76756078857001,0.0,MAÍZ GRANO
S0140,-99.6027355,18.3245995,6023.5,8.703423764706907,12,MEX-051|Iguala - Cd. Altamirano,110_28,False,2.0,1,60,7.0,10,5253.0,17,1.0,144084.0,0.0779406457344327,10.15835063501212,147,0.2257059951292813,733.8635685375117,12,6849.8099999999995,174547010.70999998,23.0,1.303952551454162,0.6970193333829697,0.1286999201437704,0.0,False,federal,Carretera,Con pavimento,Asfalto,No,Estatal,Gro.,Un sentido,MAÍZ GRANO,0,0,0,0,0,0,0,0,0,0,0,0,0,0,1.0986122886681098,0.6931471805599453,2.0794415416798357,2.3978952727983707,8.566744970245486,2.8903717578961645,11.878158682190515,4.605445956858315,12.170398834675359,6.599684860945721,2.5649493574615367,8.83212217244069,8.83212217244069,18.977704671403146,0.0,MAÍZ GRANO
S0141,-99.838282,18.347777,4463.0,8.40357646462927,12,MEX-051|Iguala - Cd. Altamirano,109_28,False,2.0,0,60,8.0,7,29603.0,11,0.0558727156031483,36471.0,0.2336651037810863,8.738630392452624,152,0.5499355877616747,83.03782743637231,108,12399.87,288680677.63,16.0,0.5900884636332527,0.8815092416291461,0.0219639399445316,0.0,False,federal,Carretera,Con pavimento,Asfalto,No,Federal,Fed.,Dos sentidos,MAÍZ GRANO,0,0,0,0,0,0,0,0,0,0,0,0,0,0,1.0986122886681098,0.0,2.1972245773362196,2.0794415416798357,10.295664766317357,2.4849066497880004,10.504300121893277,4.606944392993411,11.036517370851499,4.43126702410019,4.6913478822291435,9.425521910422262,9.425360618408368,19.48083171696924,0.0,MAÍZ GRANO
S0142,-100.172757,18.37551,1182.0,7.074963197966044,12,MEX-051|Iguala - Cd. Altamirano,107_28,False,2.0,0,60,8.0,2,2468.0,18,1.0,5593.0,1.0,6.32304426377597,238,0.5447768731944809,916.8159970568706,670,13168.180000000002,449684459.74,18.0,1.3251392045293136,0.6352814132249103,0.5313095659384971,0.0,False,federal,Carretera,Con pavimento,Asfalto,No,Federal,Fed.,Dos sentidos,MAÍZ GRANO,0,0,0,0,0,0,0,0,0,0,0,0,0,0,1.0986122886681098,0.0,2.1972245773362196,1.0986122886681098,7.81156848934518,2.9444389791664403,8.629449873761905,4.5906595046384115,10.809768351780965,6.821996931594051,6.508769136971682,9.485634530080624,9.484874892907563,19.924056696418535,0.0,MAÍZ GRANO
S0143,-100.298588,18.318908,6174.0,8.728102205062104,12,MEX-051|Iguala - Cd. Altamirano,107_28,False,2.0,0,60,8.0,6,25420.0,17,0.1135326514555468,31806.0,0.2915173237753883,8.709928899515509,155,0.4923337554331086,330.1558479583612,39,13168.180000000002,449684459.74,18.0,1.3251392045293136,0.6352814132249103,0.5313095659384971,0.0,False,federal,Carretera,Con pavimento,Asfalto,No,Federal,Fed.,Dos sentidos,MAÍZ GRANO,0,0,0,0,0,0,0,0,0,0,0,0,0,0,1.0986122886681098,0.0,2.1972245773362196,1.9459101490553132,10.143330883072752,2.8903717578961645,10.367441670330306,4.600926318061227,10.975738754150811,5.802589104320164,3.6888794541139363,9.485634530080624,9.484874892907563,19.924056696418535,0.0,MAÍZ GRANO
S0144,-100.6575085,18.3469595,19789.0,9.892881506748903,12,MEX-051|Iguala - Cd. Altamirano,105_28,False,2.0,0,50,8.0,225,39414.0,15,0.1595372202770589,56493.0,0.3050820455631671,8.52740271477176,145,0.4164469215709777,1696.4338396892988,201,1980.95,56050618.33,14.0,1.4008169364415148,0.6336353769655974,0.5295186652868573,0.0,False,federal,Calzada,FALTANTE,FALTANTE,No,FALTANTE,FALTANTE,Un sentido,MAÍZ GRANO,0,0,0,0,0,0,0,0,0,0,0,0,0,0,1.0986122886681098,0.0,2.1972245773362196,5.420534999272286,10.581901733494009,2.772588722239781,10.941889716805212,4.604713174687428,11.51409478105363,7.4368728835270845,5.308267697401205,7.591836487528336,7.583730868033755,17.84176575701997,0.0,MAÍZ GRANO
S0145,-99.327826,18.628147,8998.0,9.104757609401116,17,MEX-091D|Puente de Ixtla - Iguala (Cuota),111_29,False,2.0,0,110,8.0,161,28721.0,37,0.185648132028829,64308.0,0.3291503389935933,8.930612559573872,431,0.2837469151511206,220.24659959779171,6,4592.0,214110482.4,25.0,1.844938941321629,0.297691637630662,0.4679878048780488,0.0,True,federal,Carretera,Con pavimento,Asfalto,Si,Federal,Fed.,Dos sentidos,MAÍZ GRANO,0,0,0,0,0,0,0,0,0,0,0,0,0,0,1.0986122886681098,0.0,2.1972245773362196,5.087596335232384,10.265418658620565,3.6375861597263857,11.07145486932678,4.602988671130357,12.730632521190737,5.399277914720405,1.9459101490553132,8.432288684325794,8.333991247194975,19.182002717330807,0.0,MAÍZ GRANO
S0146,-99.376417,18.59155,8293.0,9.023167064451204,17,MEX-091D|Puente de Ixtla - Iguala (Cuota),111_29,False,2.0,0,110,6.0,17,14951.0,28,0.4294696006956056,52966.0,0.4531586300645697,8.800909915699542,323,0.3620614226966488,208.45596407563312,197,2561.0,103860077.69,18.0,1.471217146640822,0.3873486919172198,0.3904724716907458,0.0,True,federal,Carretera,Con pavimento,Asfalto,Si,Federal,Fed.,Dos sentidos,MAÍZ GRANO,0,0,0,0,0,0,0,0,0,0,0,0,0,0,1.0986122886681098,0.0,1.9459101490553132,2.8903717578961645,9.612600349135398,3.367295829986474,10.8774243571031,4.604018347663276,12.234285882710775,5.344513521925015,5.288267030694535,7.848543482456679,7.814803429489359,18.458555154034695,0.0,MAÍZ GRANO
S0147,-99.434537,18.457648,4935.0,8.504107951867582,12,MEX-091D|Puente de Ixtla - Iguala (Cuota),110_28,False,2.0,0,90,8.0,11,8315.0,8,0.1301262778111846,18160.0,0.2261563876651982,6.393234239699962,172,0.203669895602683,1364.1185108347809,6,1590.34,75195452.46,25.0,1.645476315096453,0.559138297470981,0.151917200095577,0.0,True,federal,Carretera,Con pavimento,Asfalto,Si,Federal,Fed.,Dos sentidos,MAÍZ GRANO,0,0,0,0,0,0,0,0,0,0,0,0,0,0,1.0986122886681098,0.0,2.1972245773362196,2.4849066497880004,9.025936648977904,2.1972245773362196,9.807031716718498,4.603454540959725,12.417297449930855,7.218996524974706,1.9459101490553132,7.372331707580918,7.372331707580918,18.13560132778382,0.0,MAÍZ GRANO
S0148,-99.508296,18.336191,4322.0,8.371473537066832,12,MEX-091D|Puente de Ixtla - Iguala (Cuota),110_28,False,1.0,0,40,6.0,144,137761.0,23,0.0356196601360326,155800.0,0.1030937098844672,10.137046929267807,142,0.1672526755534612,299.95717050981705,20,6849.8099999999995,174547010.70999998,23.0,1.303952551454162,0.6970193333829697,0.1286999201437704,0.0,True,federal,Carretera,Con pavimento,Asfalto,Si,Federal,Fed.,Un sentido,MAÍZ GRANO,0,0,0,0,0,0,0,0,0,0,0,0,0,0,0.6931471805599453,0.0,1.9459101490553132,4.976733742420574,11.833282837558496,3.1780538303479458,11.956334830883424,4.6046679871298295,12.304573185265266,5.706967963959539,3.044522437723423,8.83212217244069,8.83212217244069,18.977704671403146,0.0,MAÍZ GRANO
S0149,-99.513528,18.348163,4726.0,8.460834457746854,12,MEX-091D|Puente de Ixtla - Iguala (Cuota),110_28,False,2.0,0,90,8.0,165,137066.0,22,0.0307297214480615,153318.0,0.0885740747987842,10.177234167932536,147,0.1782014617095646,321.87845676564535,2,6849.8099999999995,174547010.70999998,23.0,1.303952551454162,0.6970193333829697,0.1286999201437704,0.0,True,federal,Carretera,Con pavimento,Asfalto,Si,Federal,Fed.,Dos sentidos,MAÍZ GRANO,0,0,0,0,0,0,0,0,0,0,0,0,0,0,1.0986122886681098,0.0,2.1972245773362196,5.111987788356544,11.82822513635864,3.1354942159291497,11.940275997166934,4.604911099633816,12.30270467857416,5.777275957562783,1.0986122886681098,8.83212217244069,8.83212217244069,18.977704671403146,0.0,MAÍZ GRANO
S0150,-99.559993,18.588609,3402.0,8.132118772955806,12,MEX-092D|Rancho Viejo - Taxco (Cuota),110_29,False,3.0,0,80,11.0,14,20578.0,22,0.5785304694333755,82853.0,0.2870264202865316,9.168402047542587,225,0.4891081061109879,456.5765295639238,583,6875.25,81837107.49,27.0,0.5667904228633851,0.8955732518817497,0.0214464928548052,0.0,True,federal,Carretera,Con pavimento,Asfalto,Si,Estatal,Gro.,Dos sentidos,MAÍZ GRANO,0,0,0,0,0,0,0,0,0,0,0,0,0,0,1.3862943611198906,0.0,2.4849066497880004,2.70805020110221,9.932026417342549,3.1354942159291497,11.324835301713406,4.6083521609740625,11.815478908387815,6.125944148461568,6.369900982828227,8.835828724189668,8.834955774656184,18.220241347727374,0.0,MAÍZ GRANO
S0151,-99.590404,18.569906,4021.0,8.299285906897275,12,MEX-092D|Rancho Viejo - Taxco (Cuota),110_29,False,2.0,0,80,8.0,62,65169.0,25,0.1607052432905215,89979.0,0.3074050611809422,9.118111290232918,228,0.4856800666527807,706.8596075340954,723,6875.25,81837107.49,27.0,0.5667904228633851,0.8955732518817497,0.0214464928548052,0.0,True,federal,Carretera,Con pavimento,Asfalto,Si,Estatal,Gro.,Dos sentidos,MAÍZ GRANO,0,0,0,0,0,0,0,0,0,0,0,0,0,0,1.0986122886681098,0.0,2.1972245773362196,4.143134726391533,11.084754519326426,3.258096538021482,11.407342702395164,4.60800653082532,11.80879145760489,6.562245779587409,6.584791392385716,8.835828724189668,8.834955774656184,18.220241347727374,0.0,MAÍZ GRANO
S0152,-99.447424,18.537999,1986.0,7.593877844605118,12,MEX-092D|Zacapalco - Rancho Viejo (Cuota),110_29,False,4.0,0,110,12.0,12,4872.0,13,1.0,29683.0,0.5265640265471819,6.868659182090962,220,0.3514222076573149,403.1274694196118,1016,1590.34,75195452.46,25.0,1.645476315096453,0.559138297470981,0.151917200095577,0.0,True,federal,Carretera,Con pavimento,Asfalto,Si,Federal,Fed.,Dos sentidos,MAÍZ GRANO,0,0,0,0,0,0,0,0,0,0,0,0,0,0,1.6094379124341003,0.0,2.5649493574615367,2.5649493574615367,8.491465042843506,2.6390573296152584,10.298363459090025,4.60404231263567,12.100923218702643,6.001730346561074,6.92461239604856,7.372331707580918,7.372331707580918,18.13560132778382,0.0,MAÍZ GRANO
S0153,-99.546799,18.584976,2162.0,7.6787889981991535,12,MEX-092D|Zacapalco - Rancho Viejo (Cuota),110_29,False,2.0,0,110,8.0,2,17733.0,17,0.5109118592454746,81073.0,0.2713727134804435,9.217666674891436,223,0.4746774477060995,1716.5841710460757,583,6875.25,81837107.49,27.0,0.5667904228633851,0.8955732518817497,0.0214464928548052,0.0,True,federal,Carretera,Con pavimento,Asfalto,Si,Federal,Fed.,Dos sentidos,MAÍZ GRANO,0,0,0,0,0,0,0,0,0,0,0,0,0,0,1.0986122886681098,0.0,2.1972245773362196,1.0986122886681098,9.783238979939952,2.8903717578961645,11.303117596841048,4.608546487462227,11.865172620706803,7.448674030782747,6.369900982828227,8.835828724189668,8.834955774656184,18.220241347727374,0.0,MAÍZ GRANO
S0154,-99.478532,17.543351,6619.0,8.797699580118923,12,MEX-093|Chilpancingo - Jilotepec,110_24,False,2.0,0,30,7.0,263,225873.0,11,0.0006419536642272,266296.0,0.0116562021209481,11.143219392070982,116,0.0577976779550556,1443.6686839832691,16,11571.13,228771950.9100001,23.0,1.127096873152788,0.7263499761907435,0.0868368085053058,0.0,False,federal,Carretera,Con pavimento,Concreto,No,N/D,N/D,Dos sentidos,MAÍZ GRANO,0,0,0,0,0,0,0,0,0,0,0,0,0,0,1.0986122886681098,0.0,2.0794415416798357,5.575949103146316,12.327732600657281,2.4849066497880004,12.492367506248518,4.607219378270362,12.711180956566873,7.275635289816193,2.833213344056216,9.35635490004606,9.343395526217206,19.248236222149472,0.0,MAÍZ GRANO
S0155,-99.392868,17.578641,8971.0,9.101752431559284,12,MEX-093|Chilpancingo - Jilotepec,111_24,False,2.0,0,60,7.0,274,27503.0,22,0.0939170272333927,38160.0,0.1813155136268343,9.521697116907804,138,0.1026156603562227,313.64926131421504,1,5721.63,112476118.8,21.0,0.8746049718078355,0.8062877187095285,0.0559368571543423,0.0,False,federal,Carretera,Con pavimento,Asfalto,No,Federal,Fed.,Dos sentidos,MAÍZ GRANO,0,0,0,0,0,0,0,0,0,0,0,0,0,0,1.0986122886681098,0.0,2.0794415416798357,5.616771097666572,10.22208672762263,3.1354942159291497,10.5495693306696,4.603895416655851,12.785717925782263,5.751458562327457,0.6931471805599453,8.652183768912504,8.569430739855578,18.53825148863217,0.0,MAÍZ GRANO
S0156,-99.309422,17.603812,3975.0,8.287780027088433,12,MEX-093|Chilpancingo - Jilotepec,111_25,False,2.0,0,60,7.0,2,2280.0,5,1.0,25190.0,0.7490670901151251,6.295368324856961,180,0.4005349684629291,1026.482880713461,110,5721.63,112476118.8,21.0,0.8746049718078355,0.8062877187095285,0.0559368571543423,0.0,False,federal,Carretera,Con pavimento,Asfalto,No,Federal,Fed.,Dos sentidos,MAÍZ GRANO,0,0,0,0,0,0,0,0,0,0,0,0,0,0,1.0986122886681098,0.0,2.0794415416798357,1.0986122886681098,7.732369222284388,1.791759469228055,10.134242066851673,4.602518328134617,12.080849500776095,6.934867285125471,4.709530201312334,8.652183768912504,8.569430739855578,18.53825148863217,0.0,MAÍZ GRANO
S0157,-99.146441,17.597056,4910.0,8.499029220788566,12,MEX-093|Chilpancingo - Jilotepec,112_25,False,2.0,0,60,7.0,71,47027.0,26,0.1888914878686712,82487.0,0.4607756373731618,7.314092915524725,225,0.5848783901325643,672.3213434009967,395,11897.37,212879602.8099999,24.0,0.4372693602214568,0.923775590739802,0.0343949965412523,0.0,False,federal,Carretera,Con pavimento,Asfalto,No,Federal,Fed.,Dos sentidos,MAÍZ GRANO,0,0,0,0,0,0,0,0,0,0,0,0,0,0,1.0986122886681098,0.0,2.0794415416798357,4.276666119016055,10.758498447987632,3.295836866004329,11.32040810719778,4.601268974294535,11.937591712327357,6.512222694738394,5.981414211254481,9.384156694927801,9.382432283912445,19.176237323536522,0.0,MAÍZ GRANO
S0158,-98.629701,17.541745,5144.0,8.545586265917455,12,MEX-093|Chilpancingo - Jilotepec,114_24,False,2.0,0,60,7.0,7,9533.0,25,1.0,89527.0,0.285288237068147,8.526347627624938,215,0.4565346419988998,125.88894124082368,8,5325.320000000001,36996232.989999995,11.0,0.2931390663699157,0.9378459885978682,0.1392798930392915,0.0,False,federal,Carretera,Con pavimento,Asfalto,No,Federal,Fed.,Dos sentidos,MAÍZ GRANO,0,0,0,0,0,0,0,0,0,0,0,0,0,0,1.0986122886681098,0.0,2.0794415416798357,2.0794415416798357,9.162619635764772,3.258096538021482,11.402306704497864,4.5940565499815955,11.836145998629974,4.843312225460573,2.1972245773362196,8.580415847182584,8.579694639127883,17.426326681374096,0.0,MAÍZ GRANO
S0159,-98.563326,17.79066,5942.0,8.689801056022553,12,MEX-093|Chilpancingo - Jilotepec,114_25,False,2.0,0,60,7.0,55,9681.0,9,0.1960541266398099,17504.0,0.5553587751371115,7.554198455819274,132,0.5429663632518135,405.1849461070554,5,3717.51,70331853.63000001,19.0,0.9674024539997648,0.8002049759112954,0.7492407552367041,0.0,False,federal,Carretera,Con pavimento,Asfalto,No,Federal,Fed.,Dos sentidos,MAÍZ GRANO,0,0,0,0,0,0,0,0,0,0,0,0,0,0,1.0986122886681098,0.0,2.0794415416798357,4.02535169073515,9.178023770499639,2.302585092994046,9.770241833388766,4.600557795338106,11.063978578250103,6.006808588161788,1.791759469228055,8.221078329396159,8.211613236489558,18.06873537833321,0.0,MAÍZ GRANO
S0160,-98.500809,17.897521,2404.0,7.784889295655098,12,MEX-093|Chilpancingo - Jilotepec,114_26,False,2.0,0,60,7.0,0,5437.0,3,0.0029427993378701,11336.0,0.5217889908256881,6.169414569536423,92,0.5052108452683008,1656.6921534226951,5421,1826.33,13041171.84,5.0,0.3405653526856803,0.9318524034539214,0.1009948913942168,0.0,False,federal,Carretera,Con pavimento,Asfalto,No,Federal,Fed.,Dos sentidos,MAÍZ GRANO,0,0,0,0,0,0,0,0,0,0,0,0,0,0,1.0986122886681098,0.0,2.0794415416798357,0.0,8.601166625192416,1.3862943611198906,9.335826992017598,4.597079623840741,10.77247701129227,7.4131816450074774,8.598220030058611,7.510611164041189,7.510611164041189,16.383622052136058,0.0,MAÍZ GRANO
S0161,-98.483275,17.954528,2133.0,7.665284718471351,12,MEX-093|Chilpancingo - Jilotepec,114_26,False,2.0,0,90,8.0,0,859.0,4,1.0,10416.0,0.4795506912442396,6.294260098332209,76,0.4585594960204742,940.228551903586,354,3717.51,70331853.63000001,19.0,0.9674024539997648,0.8002049759112954,0.7492407552367041,0.0,False,federal,Carretera,Con pavimento,Asfalto,No,Federal,Fed.,Dos sentidos,MAÍZ GRANO,0,0,0,0,0,0,0,0,0,0,0,0,0,0,1.0986122886681098,0.0,2.1972245773362196,0.0,6.756932389247553,1.6094379124341003,9.251194365984448,4.597927377304329,10.478920445076517,6.84718599203226,5.872117789475416,8.221078329396159,8.211613236489558,18.06873537833321,0.0,MAÍZ GRANO
S0162,-99.478324,17.5113635,32201.0,10.379752786950895,12,MEX-095|Chilpancingo - Acapulco,110_24,False,2.0,0,60,7.0,222,12657.0,13,0.0089278660030022,246935.0,0.010407597140948,11.126801012050535,129,0.0648683288514634,206.31209120595588,31,11571.13,228771950.9100001,23.0,1.127096873152788,0.7263499761907435,0.0868368085053058,0.0,False,federal,Carretera,Con pavimento,Asfalto,No,Federal,Fed.,Un sentido,MAÍZ GRANO,0,0,0,0,0,0,0,0,0,0,0,0,0,0,1.0986122886681098,0.0,2.0794415416798357,5.407171771460119,9.44604470533525,2.6390573296152584,12.416884472723757,4.60703374409811,12.718713620548545,5.334225344831735,3.4657359027997265,9.35635490004606,9.343395526217206,19.248236222149472,0.0,MAÍZ GRANO
S0163,-99.4866305,17.523260999999998,38676.0,10.562974531603436,12,MEX-095|Chilpancingo - Acapulco,110_24,False,2.0,0,50,7.0,467,225838.0,11,0.0004870748058342,240872.0,0.0107941147165299,11.186857592989806,121,0.0580705098815183,1601.3634500588146,31,11571.13,228771950.9100001,23.0,1.127096873152788,0.7263499761907435,0.0868368085053058,0.0,False,federal,Boulevard,FALTANTE,FALTANTE,No,FALTANTE,FALTANTE,Un sentido,MAÍZ GRANO,0,0,0,0,0,0,0,0,0,0,0,0,0,0,1.0986122886681098,0.0,2.0794415416798357,6.148468295917647,12.327577635004001,2.4849066497880004,12.392025102620442,4.606876291752444,12.711470565928106,7.3792349745924755,3.4657359027997265,9.35635490004606,9.343395526217206,19.248236222149472,0.0,MAÍZ GRANO
S0164,-99.486625,17.523284,31317.0,10.351916360076409,12,MEX-095|Chilpancingo - Acapulco,110_24,False,2.0,0,50,7.0,467,225838.0,11,0.0004870748058342,240872.0,0.0107941147165299,11.186857592989806,121,0.0580705098815183,1602.8946382077822,31,11571.13,228771950.9100001,23.0,1.127096873152788,0.7263499761907435,0.0868368085053058,0.0,False,federal,Boulevard,FALTANTE,FALTANTE,No,FALTANTE,FALTANTE,Un sentido,MAÍZ GRANO,0,0,0,0,0,0,0,0,0,0,0,0,0,0,1.0986122886681098,0.0,2.0794415416798357,6.148468295917647,12.327577635004001,2.4849066497880004,12.392025102620442,4.606876291752444,12.711470565928106,7.380190099366102,3.4657359027997265,9.35635490004606,9.343395526217206,19.248236222149472,0.0,MAÍZ GRANO
S0165,-99.462695,17.4867105,14284.0,9.566895308714338,12,MEX-095|Chilpancingo - Acapulco,110_24,False,2.0,0,30,6.0,250,12628.0,11,0.0066518847006651,256000.0,0.01136328125,11.064492507078382,131,0.0630483581029144,491.1384505135779,8,11571.13,228771950.9100001,23.0,1.127096873152788,0.7263499761907435,0.0868368085053058,0.0,False,federal,Calle,FALTANTE,FALTANTE,No,FALTANTE,FALTANTE,Dos sentidos,MAÍZ GRANO,0,0,0,0,0,0,0,0,0,0,0,0,0,0,1.0986122886681098,0.0,1.9459101490553132,5.5254529391317835,9.44375103564617,2.4849066497880004,12.45293662970407,4.607307677826913,12.696319981252952,6.198760080388657,2.1972245773362196,9.35635490004606,9.343395526217206,19.248236222149472,0.0,MAÍZ GRANO
S0166,-99.513234,17.242933999999998,6130.5,8.721031591672443,12,MEX-095|Chilpancingo - Acapulco,110_23,False,2.0,0,30,6.0,265,14960.0,14,0.5483288770053476,30048.0,0.3670460596379126,8.441962501665113,92,0.5476195441369675,455.0777142916869,6757,11571.13,228771950.9100001,23.0,1.127096873152788,0.7263499761907435,0.0868368085053058,0.0,False,federal,Calle,FALTANTE,FALTANTE,No,FALTANTE,FALTANTE,Dos sentidos,MAÍZ GRANO,0,0,0,0,0,0,0,0,0,0,0,0,0,0,1.0986122886681098,0.0,1.9459101490553132,5.583496308781699,9.613202094214232,2.70805020110221,10.310584661539417,4.603996999608678,10.777997497061715,6.122663221071773,8.818482267274236,9.35635490004606,9.343395526217206,19.248236222149472,0.0,MAÍZ GRANO
S0167,-99.51967,17.175949,5888.0,8.680671660408713,12,MEX-095|Chilpancingo - Acapulco,110_23,False,2.0,0,80,7.0,97,18127.0,13,0.3235505047718872,31058.0,0.3876295962392942,8.421190967076866,89,0.6030126071058233,809.5840341389692,12262,15829.22,327396714.5,21.0,1.2943604610779882,0.4724174659269377,0.0245634339531575,0.0,False,federal,Carretera,Con pavimento,Asfalto,No,Federal,Fed.,Dos sentidos,PASTOS Y PRADERAS,0,0,0,0,0,0,0,0,0,0,0,0,0,0,1.0986122886681098,0.0,2.0794415416798357,4.584967478670572,9.805212983267788,2.6390573296152584,10.343643900434223,4.604641239779764,10.914542860854706,6.697755017650577,9.414341877762027,9.669676050441153,9.66717770469016,19.606683190780124,0.0,PASTOS Y PRADERAS
S0168,-99.543747,17.171714,4761.0,8.46821300919452,12,MEX-095|Chilpancingo - Acapulco,110_23,False,2.0,0,80,7.0,44,15205.0,12,0.1935547517264058,30247.0,0.3712103679703772,8.376819489927557,84,0.5440644436919677,670.5009929628827,22,15829.22,327396714.5,21.0,1.2943604610779882,0.4724174659269377,0.0245634339531575,0.0,False,federal,Carretera,Con pavimento,Asfalto,No,Federal,Fed.,Dos sentidos,PASTOS Y PRADERAS,0,0,0,0,0,0,0,0,0,0,0,0,0,0,1.0986122886681098,0.0,2.0794415416798357,3.8066624897703196,9.629445365788381,2.5649493574615367,10.317185345570769,4.604395067259234,10.935104972379959,6.509515494685777,3.1354942159291497,9.669676050441153,9.66717770469016,19.606683190780124,0.0,PASTOS Y PRADERAS
S0169,-99.562597,17.17768,2425.0,7.793586803371584,12,MEX-095|Chilpancingo - Acapulco,110_23,False,2.0,0,80,7.0,6,14816.0,11,0.1723812095032397,29928.0,0.364508152900294,8.390617812249264,86,0.554209939360145,1442.507816310934,40,15829.22,327396714.5,21.0,1.2943604610779882,0.4724174659269377,0.0245634339531575,0.0,False,federal,Carretera,Con pavimento,Asfalto,No,Federal,Fed.,Dos sentidos,PASTOS Y PRADERAS,0,0,0,0,0,0,0,0,0,0,0,0,0,0,1.0986122886681098,0.0,2.0794415416798357,1.9459101490553132,9.603530449208735,2.4849066497880004,10.306583188995559,4.604638572749916,10.957607926312159,7.274831413920983,3.713572066704308,9.669676050441153,9.66717770469016,19.606683190780124,0.0,PASTOS Y PRADERAS
S0170,-99.697695,17.118699,2319.0,7.7488913372555315,12,MEX-095|Chilpancingo - Acapulco,109_22,False,2.0,0,80,7.0,4,8988.0,9,0.2696929238985314,11513.0,0.4298618952488491,7.921062701104444,75,0.5328803237904274,456.11739324384655,94,34609.899999999994,1010445679.69,34.0,1.5317762419692391,0.5963033698450444,0.052880823117085,0.0,False,federal,Carretera,Con pavimento,Asfalto,No,Federal,Fed.,Dos sentidos,MAÍZ GRANO,0,0,0,0,0,0,0,0,0,0,0,0,0,0,1.0986122886681098,0.0,2.0794415416798357,1.6094379124341003,9.103756886573398,2.302585092994046,9.351318965235755,4.6059195064532945,10.894199064777272,6.124940235901989,4.553876891600541,10.451923940336364,10.450102045872425,20.733657338479382,0.0,MAÍZ GRANO
S0171,-99.810542,16.975064,12161.5,9.406030503175682,12,MEX-095|Chilpancingo - Acapulco,109_22,False,2.0,0,80,7.0,12,18271.0,18,0.5024902851513328,32650.0,0.7215926493108729,8.152323669274429,166,0.0731946520775682,584.8568530578723,400,34609.899999999994,1010445679.69,34.0,1.5317762419692391,0.5963033698450444,0.052880823117085,0.0,False,federal,Carretera,Con pavimento,Asfalto,No,Federal,Fed.,Dos sentidos,MAÍZ GRANO,0,0,0,0,0,0,0,0,0,0,0,0,0,0,1.0986122886681098,0.0,2.0794415416798357,2.5649493574615367,9.813125112455737,2.9444389791664403,10.393630762106916,4.602331584399308,13.533859595086405,6.37307548167803,5.993961427306569,10.451923940336364,10.450102045872425,20.733657338479382,0.0,MAÍZ GRANO
S0172,-99.518436,17.590843,4624.0,8.439015410352214,12,MEX-095|Chilpancingo - Chichihualco,110_24,False,2.0,0,30,7.0,246,225929.0,10,0.0008896600259373,256009.0,0.0091285853231722,11.040064389336688,104,0.0481270878182763,914.4806427262976,66,11571.13,228771950.9100001,23.0,1.127096873152788,0.7263499761907435,0.0868368085053058,0.0,False,federal,Calle,FALTANTE,FALTANTE,No,FALTANTE,FALTANTE,Dos sentidos,MAÍZ GRANO,0,0,0,0,0,0,0,0,0,0,0,0,0,0,1.0986122886681098,0.0,2.0794415416798357,5.5093883366279774,12.327980495763507,2.3978952727983707,12.45297178519878,4.606881850576993,12.727173299903908,6.819449219954707,4.204692619390966,9.35635490004606,9.343395526217206,19.248236222149472,0.0,MAÍZ GRANO
S0173,-99.603078,17.644113,1300.0,7.170119543449628,12,MEX-095|Chilpancingo - Chichihualco,110_25,False,2.0,0,60,7.0,2,2546.0,7,1.0,44502.0,0.0915689182508651,8.657974313412357,72,0.0405805521334975,873.5318434257202,959,7084.8,147605427.25,13.0,0.4179980667175399,0.9226484869015356,0.0120313911472448,0.0,False,federal,Carretera,Con pavimento,Asfalto,No,Federal,Fed.,Dos sentidos,MAÍZ GRANO,0,0,0,0,0,0,0,0,0,0,0,0,0,0,1.0986122886681098,0.0,2.0794415416798357,1.0986122886681098,7.842671474979457,2.0794415416798357,10.703311881612331,4.601988792056837,12.562799088142826,6.773688707089843,6.866933284461882,8.865848060358733,8.86485968079703,18.810053246215915,0.0,MAÍZ GRANO
S0174,-99.667411,17.646584,1876.0,7.53689712956617,12,MEX-095|Chilpancingo - Chichihualco,109_25,False,2.0,0,40,7.0,99,13575.0,6,0.0804419889502762,16544.0,0.2454666344294004,7.280140981424337,69,0.2653515749284123,1044.4584428671742,5,8086.71,151498127.53,15.0,1.0263333162236334,0.7176886521218147,0.0564630115337386,0.0,False,federal,Carretera,Con pavimento,Asfalto,No,Federal,Fed.,Dos sentidos,MAÍZ GRANO,0,0,0,0,0,0,0,0,0,0,0,0,0,0,1.0986122886681098,0.0,2.0794415416798357,4.605170185988092,9.516058806914062,1.9459101490553132,9.713839220355712,4.5994985553555265,10.997388761474118,6.952210769505927,1.791759469228055,8.998100904468954,8.979002085348734,18.836083829900105,0.0,MAÍZ GRANO
S0175,-99.22914075,18.887229249999997,34002.5,10.434189330306909,17,MEX-095|Cuernavaca - Chilpancingo,111_30,False,2.0,2,60,7.0,122,475653.0,28,0.019369161973119,821054.0,0.0563933675495156,10.652887889558269,484,0.1086117567191691,1074.128061640043,70,1209.0,126670416.46,17.0,1.8859744286081472,0.3457402812241522,0.3176178660049628,0.0,False,federal,Carretera,Con pavimento,Concreto,No,Federal,Fed.,Un sentido,MAÍZ GRANO,0,0,0,0,0,0,0,0,0,0,0,0,0,0,1.0986122886681098,1.0986122886681098,2.0794415416798357,4.812184355372417,13.072445978144076,3.367295829986474,13.61834537766455,4.609719073576272,13.874332143522617,6.98019506057371,4.2626798770413155,7.098375638590786,7.085901464365611,18.6570991331045,0.0,MAÍZ GRANO
S0176,-99.225045,18.854728,34526.0,10.449467942376494,17,MEX-095|Cuernavaca - Chilpancingo,111_30,False,2.0,0,30,6.0,481,217862.0,37,0.0484526902351029,826180.0,0.0467852041927909,10.608706462964244,497,0.1059754378573088,1048.5815388974113,104461,1209.0,126670416.46,17.0,1.8859744286081472,0.3457402812241522,0.3176178660049628,0.0,False,federal,Calle,FALTANTE,FALTANTE,No,FALTANTE,FALTANTE,Dos sentidos,MAÍZ GRANO,0,0,0,0,0,0,0,0,0,0,0,0,0,0,1.0986122886681098,0.0,1.9459101490553132,6.1779441140506,12.291621703852835,3.6375861597263857,13.624569156827308,4.609703179521635,13.91627131091514,6.9561468293322175,11.556578647891632,7.098375638590786,7.085901464365611,18.6570991331045,0.0,MAÍZ GRANO
S0177,-99.22930675,18.826354,34554.5,10.4502930667348,17,MEX-095|Cuernavaca - Chilpancingo,111_30,False,2.0,0,100,6.0,404,185847.0,62,0.0782955872303561,489386.0,0.0877201227660783,9.95070033868235,481,0.1052751489505246,774.429561575256,6,1209.0,126670416.46,17.0,1.8859744286081472,0.3457402812241522,0.3176178660049628,0.0,False,federal,Carretera,Con pavimento,Asfalto,No,Federal,Fed.,Un sentido,MAÍZ GRANO,0,0,0,0,0,0,0,0,0,0,0,0,0,0,1.0986122886681098,0.0,1.9459101490553132,6.003887067106539,12.132684414300801,4.143134726391533,13.100908866499365,4.608743639764937,13.939871025919702,6.653417148801135,1.9459101490553132,7.098375638590786,7.085901464365611,18.6570991331045,0.0,MAÍZ GRANO
S0178,-99.22627375,18.834187999999997,29752.0,10.300651635604906,17,MEX-095|Cuernavaca - Chilpancingo,111_30,False,2.0,0,100,8.0,245,227778.0,56,0.0626048169709102,836876.0,0.0487431829805132,10.574311363147451,509,0.1117713878270802,83.81711670661376,50,1209.0,126670416.46,17.0,1.8859744286081472,0.3457402812241522,0.3176178660049628,0.0,False,federal,Carretera,Con pavimento,Asfalto,No,Federal,Fed.,Dos sentidos,MAÍZ GRANO,0,0,0,0,0,0,0,0,0,0,0,0,0,0,1.0986122886681098,0.0,2.1972245773362196,5.5053315359323625,12.336131139617635,4.04305126783455,13.637432385267886,4.609746641420257,13.910402468488016,4.440497370384651,3.9318256327243257,7.098375638590786,7.085901464365611,18.6570991331045,0.0,MAÍZ GRANO
S0179,-99.23886475,18.79941275,12307.5,9.417964111632356,17,MEX-095|Cuernavaca - Chilpancingo,111_30,False,2.0,0,100,6.0,193,64229.0,65,0.218437154556353,307582.0,0.1250398267778998,9.521156000364288,488,0.1106010819383741,583.6608991395958,11,1666.0,163744095.06000003,18.0,1.7382574847102117,0.5258103241296519,0.8037214885954381,0.0,False,federal,Carretera,Con pavimento,Asfalto,No,Federal,Fed.,Un sentido,CAÑA DE AZÚCAR,0,0,0,0,0,0,0,0,0,0,0,0,0,0,1.0986122886681098,0.0,1.9459101490553132,5.267858159063328,11.070225670251839,4.189654742026425,12.636500248506398,4.607772148731692,13.90818636175426,6.371032019573851,2.4849066497880004,7.418780882750794,7.38770923908104,18.913815377234233,0.0,CAÑA DE AZÚCAR
S0180,-99.26014875,18.73441575,18143.0,9.806040090370162,17,MEX-095|Cuernavaca - Chilpancingo,111_30,False,2.0,0,30,7.0,150,21171.0,42,0.3981389636767276,145574.0,0.2413411735612128,8.863622636319878,521,0.1454583850613697,312.1609011658266,43,1666.0,163744095.06000003,18.0,1.7382574847102117,0.5258103241296519,0.8037214885954381,0.0,False,federal,Calle,FALTANTE,FALTANTE,No,FALTANTE,FALTANTE,Dos sentidos,CAÑA DE AZÚCAR,0,0,0,0,0,0,0,0,0,0,0,0,0,0,1.0986122886681098,0.0,2.0794415416798357,5.017279836814924,9.960434832977878,3.7612001156935624,11.888446696705321,4.604484863761488,13.568754154658349,5.746717119688615,3.784189633918261,7.418780882750794,7.38770923908104,18.913815377234233,0.0,CAÑA DE AZÚCAR
S0181,-99.272983,18.711755,6951.0,8.846640813100485,17,MEX-095|Cuernavaca - Chilpancingo,111_29,False,2.0,0,90,6.0,13,37695.0,38,0.1452181987000928,125314.0,0.2550313612206138,8.778739944881575,520,0.1891655918245857,176.46172142454645,106,154.0,5390076.19,4.0,0.5964393007537787,0.8441558441558441,0.3181818181818182,0.0,False,federal,Carretera,Con pavimento,Asfalto,No,Federal,Fed.,Dos sentidos,MAÍZ GRANO,0,0,0,0,0,0,0,0,0,0,0,0,0,0,1.0986122886681098,0.0,1.9459101490553132,2.6390573296152584,10.537309267011258,3.6635616461296463,11.738585846408712,4.603835699286863,13.312555546178812,5.178754931712597,4.672828834461906,5.043425116919247,5.043425116919247,15.500070263747386,0.0,MAÍZ GRANO
S0182,-99.352105,18.611797,7648.0,8.942199454731238,17,MEX-095|Cuernavaca - Chilpancingo,111_29,False,2.0,0,100,6.0,132,36510.0,44,0.2066831005204053,53225.0,0.3944574917801784,8.929087214225232,382,0.3057324606153472,351.16416276923115,22,2561.0,103860077.69,18.0,1.471217146640822,0.3873486919172198,0.3904724716907458,0.0,False,federal,Carretera,Con pavimento,Asfalto,No,Federal,Fed.,Dos sentidos,MAÍZ GRANO,0,0,0,0,0,0,0,0,0,0,0,0,0,0,1.0986122886681098,0.0,1.9459101490553132,4.890349128221754,10.505368864030821,3.8066624897703196,10.882302277748641,4.604392874912733,12.511680585265275,5.8640974383842055,3.1354942159291497,7.848543482456679,7.814803429489359,18.458555154034695,0.0,MAÍZ GRANO
S0183,-99.3792995,18.6038475,6000.5,8.699598078071496,17,MEX-095|Cuernavaca - Chilpancingo,111_29,False,2.0,0,40,8.0,129,15900.0,29,0.4635220125786163,52011.0,0.4431178020034224,8.843377228447114,334,0.3570222619959222,1003.1608226816862,46,2561.0,103860077.69,18.0,1.471217146640822,0.3873486919172198,0.3904724716907458,0.0,False,federal,Enlace,FALTANTE,FALTANTE,No,FALTANTE,FALTANTE,Un sentido,MAÍZ GRANO,0,0,0,0,0,0,0,0,0,0,0,0,0,0,1.0986122886681098,0.0,2.1972245773362196,4.867534450455582,9.674137279312397,3.4011973816621555,10.85922974017121,4.604148506349249,12.286652132189014,6.911907469377786,3.8501476017100584,7.848543482456679,7.814803429489359,18.458555154034695,0.0,MAÍZ GRANO
S0184,-99.430526,18.612856,4137.0,8.327726166461412,17,MEX-095|Cuernavaca - Chilpancingo,110_29,False,2.0,0,90,7.0,3,4398.0,8,1.0,31770.0,0.7315077116776834,8.065870050827156,292,0.3499139234032449,752.6514591630398,1788,2561.0,103860077.69,18.0,1.471217146640822,0.3873486919172198,0.3904724716907458,0.0,False,federal,Carretera,Con pavimento,Asfalto,No,Federal,Fed.,Dos sentidos,MAÍZ GRANO,0,0,0,0,0,0,0,0,0,0,0,0,0,0,1.0986122886681098,0.0,2.0794415416798357,1.3862943611198906,8.389132521348719,2.1972245773362196,10.366309203003638,4.60219352526034,12.296790478451047,6.624930005382893,7.489412083508719,7.848543482456679,7.814803429489359,18.458555154034695,0.0,MAÍZ GRANO
S0185,-99.506119,18.611062,1490.0,7.306531398939505,12,MEX-095|Cuernavaca - Chilpancingo,110_29,False,2.0,0,90,6.0,4,9299.0,12,0.5294117647058824,30879.0,0.7191295054891674,7.759011045965469,238,0.4123166944324469,792.0908445750847,298,6875.25,81837107.49,27.0,0.5667904228633851,0.8955732518817497,0.0214464928548052,0.0,False,federal,Carretera,Con pavimento,Asfalto,No,Federal,Fed.,Dos sentidos,MAÍZ GRANO,0,0,0,0,0,0,0,0,0,0,0,0,0,0,1.0986122886681098,0.0,1.9459101490553132,1.6094379124341003,9.137769679141348,2.5649493574615367,10.337864004138712,4.606313787245148,12.178110318244052,6.6759377731758205,5.700443573390687,8.835828724189668,8.834955774656184,18.220241347727374,0.0,MAÍZ GRANO
S0186,-99.609342,18.537395,5037.0,8.52456594574565,12,MEX-095|Cuernavaca - Chilpancingo,110_29,False,2.0,0,40,7.0,103,61559.0,28,0.1812894946311668,87009.0,0.2837637485777333,9.186465001839588,233,0.4799623918766453,1015.2939957211418,434,6875.25,81837107.49,27.0,0.5667904228633851,0.8955732518817497,0.0214464928548052,0.0,False,federal,Carretera,Con pavimento,Asfalto,No,Estatal,Gro.,Dos sentidos,MAÍZ GRANO,0,0,0,0,0,0,0,0,0,0,0,0,0,0,1.0986122886681098,0.0,2.0794415416798357,4.6443908991413725,11.027767587952816,3.367295829986474,11.37377833356007,4.608054663570668,11.79773591826755,6.923917952147465,6.075346031088684,8.835828724189668,8.834955774656184,18.220241347727374,0.0,MAÍZ GRANO
S0187,-99.529203,18.377115,10273.0,9.237274373216264,12,MEX-095|Cuernavaca - Chilpancingo,110_28,False,2.0,0,60,7.0,376,136359.0,18,0.0257042072763807,145122.0,0.0845357699039428,10.208900496032433,162,0.231168443886508,843.7884906659357,235,6849.8099999999995,174547010.70999998,23.0,1.303952551454162,0.6970193333829697,0.1286999201437704,0.0,False,federal,Carretera,Con pavimento,Asfalto,No,Federal,Fed.,Dos sentidos,MAÍZ GRANO,0,0,0,0,0,0,0,0,0,0,0,0,0,0,1.0986122886681098,0.0,2.0794415416798357,5.932245187448011,11.823053726251839,2.9444389791664403,11.885336937682148,4.605042841518523,12.244860572737434,6.739086289120954,5.4638318050256105,8.83212217244069,8.83212217244069,18.977704671403146,0.0,MAÍZ GRANO
S0188,-99.500143,18.317369,17022.0,9.742261904036909,12,MEX-095|Cuernavaca - Chilpancingo,110_28,False,2.0,0,30,7.0,241,11726.0,24,0.4129285348797544,159499.0,0.1062827980112728,10.060383714929454,143,0.1700820990889115,894.822399357085,25,6849.8099999999995,174547010.70999998,23.0,1.303952551454162,0.6970193333829697,0.1286999201437704,0.0,False,federal,Calle,FALTANTE,FALTANTE,No,FALTANTE,FALTANTE,Dos sentidos,MAÍZ GRANO,0,0,0,0,0,0,0,0,0,0,0,0,0,0,1.0986122886681098,0.0,2.0794415416798357,5.488937726156687,9.369649154461065,3.2188758248682006,11.979799201207037,4.604440450871146,12.290151811120005,6.797742178324487,3.258096538021482,8.83212217244069,8.83212217244069,18.977704671403146,0.0,MAÍZ GRANO
S0189,-99.551721,18.174088,6426.0,8.768107539675803,12,MEX-095|Cuernavaca - Chilpancingo,110_27,False,2.0,0,60,7.0,3,3407.0,7,1.0,11930.0,0.7645431684828164,7.314711522287636,109,0.1834246161807831,144.22752495488558,1,5413.760000000001,125263490.14,22.0,0.7767761704975824,0.8399578112069983,0.0830273229696181,0.0,False,federal,Carretera,Con pavimento,Asfalto,No,Federal,Fed.,Dos sentidos,MAÍZ GRANO,0,0,0,0,0,0,0,0,0,0,0,0,0,0,1.0986122886681098,0.0,2.0794415416798357,1.3862943611198906,8.133880887949207,2.0794415416798357,9.3868953338758,4.597702228191117,12.130837114844267,4.978301650230366,0.6931471805599453,8.596883837123233,8.596883837123233,18.64593000582116,0.0,MAÍZ GRANO
S0190,-99.552703,18.156576,7427.0,8.912877287669296,12,MEX-095|Cuernavaca - Chilpancingo,110_27,False,2.0,0,60,7.0,15,3445.0,10,1.0,8921.0,0.6851249859881179,7.290767067821392,97,0.6279961649089166,549.3481641368717,1028,5413.760000000001,125263490.14,22.0,0.7767761704975824,0.8399578112069983,0.0830273229696181,0.0,False,federal,Carretera,Con pavimento,Asfalto,No,Federal,Fed.,Dos sentidos,MAÍZ GRANO,0,0,0,0,0,0,0,0,0,0,0,0,0,0,1.0986122886681098,0.0,2.0794415416798357,2.772588722239781,8.144969417087875,2.3978952727983707,9.09627541568821,4.597747886742029,10.821077440141902,6.310551103653665,6.9363427358340495,8.596883837123233,8.596883837123233,18.64593000582116,0.0,MAÍZ GRANO
S0191,-99.589585,17.934671,6515.0,8.781862489558945,12,MEX-095|Cuernavaca - Chilpancingo,110_26,False,2.0,0,60,7.0,66,6145.0,3,0.0799023596419853,11518.0,0.5091161660010418,6.464019973947027,39,0.6490757214800519,631.5325864093106,370,5413.760000000001,125263490.14,22.0,0.7767761704975824,0.8399578112069983,0.0830273229696181,0.0,False,federal,Carretera,Con pavimento,Asfalto,No,Federal,Fed.,Dos sentidos,MAÍZ GRANO,0,0,0,0,0,0,0,0,0,0,0,0,0,0,1.0986122886681098,0.0,2.0794415416798357,4.204692619390966,8.72355674269043,1.3862943611198906,9.351753124926507,4.61079387823047,10.409159921061319,6.449731739289286,5.916202062607435,8.596883837123233,8.596883837123233,18.64593000582116,0.0,MAÍZ GRANO
S0192,-99.566957,17.794776,5058.0,8.52872642722991,12,MEX-095|Cuernavaca - Chilpancingo,110_25,False,2.0,0,60,7.0,1,103.0,2,1.0,4216.0,0.183111954459203,7.241526753864446,42,0.1914234859476195,2254.515755791703,3,7084.8,147605427.25,13.0,0.4179980667175399,0.9226484869015356,0.0120313911472448,0.0,False,federal,Carretera,Con pavimento,Asfalto,No,Federal,Fed.,Dos sentidos,MAÍZ GRANO,0,0,0,0,0,0,0,0,0,0,0,0,0,0,1.0986122886681098,0.0,2.0794415416798357,0.6931471805599453,4.6443908991413725,1.0986122886681098,8.34687925374656,4.594553277881474,11.11032624627511,7.72113394232248,1.3862943611198906,8.865848060358733,8.86485968079703,18.810053246215915,0.0,MAÍZ GRANO
S0193,-99.51578,17.584329500000003,58328.0,10.973837531486266,12,MEX-095|Cuernavaca - Chilpancingo,110_24,False,2.0,0,50,7.0,427,225953.0,10,0.0009957823087102,256021.0,0.0091750286109342,11.039676189285492,106,0.0481825891074826,1455.5141013332652,66,11571.13,228771950.9100001,23.0,1.127096873152788,0.7263499761907435,0.0868368085053058,0.0,False,federal,Carretera,Con pavimento,Concreto,No,N/D,N/D,Un sentido,MAÍZ GRANO,0,0,0,0,0,0,0,0,0,0,0,0,0,0,1.0986122886681098,0.0,2.0794415416798357,6.059123195581797,12.328086717714372,2.3978952727983707,12.453018657269284,4.606821193358016,12.745934604978736,7.2838012580095155,4.204692619390966,9.35635490004606,9.343395526217206,19.248236222149472,0.0,MAÍZ GRANO
S0194,-99.82048,16.982245,3644.0,8.200837258379849,12,MEX-095|Libramiento Norte de Acapulco,109_22,False,2.0,0,60,7.0,12,17109.0,15,0.4687006838506049,28194.0,0.6775909768035753,8.17967684659091,165,0.0769666055630828,329.6299119163187,122,34609.899999999994,1010445679.69,34.0,1.5317762419692391,0.5963033698450444,0.052880823117085,0.0,False,federal,Carretera,Con pavimento,Asfalto,No,Federal,Fed.,Dos sentidos,MAÍZ GRANO,0,0,0,0,0,0,0,0,0,0,0,0,0,0,1.0986122886681098,0.0,2.0794415416798357,2.5649493574615367,9.747418366886238,2.772588722239781,10.246899936241283,4.601816122620756,13.531582762719697,5.800999658959882,4.812184355372417,10.451923940336364,10.450102045872425,20.733657338479382,0.0,MAÍZ GRANO
S0195,-99.867224,16.979353,4114.0,8.322151070212902,12,MEX-095|Libramiento Norte de Acapulco,109_22,False,2.0,0,60,7.0,1,1301.0,10,1.0,29192.0,0.6886133187174568,8.184749528544488,159,0.0755935057836344,1488.0364844801622,195,34609.899999999994,1010445679.69,34.0,1.5317762419692391,0.5963033698450444,0.052880823117085,0.0,False,federal,Carretera,Con pavimento,Asfalto,No,Federal,Fed.,Dos sentidos,MAÍZ GRANO,0,0,0,0,0,0,0,0,0,0,0,0,0,0,1.0986122886681098,0.0,2.0794415416798357,0.6931471805599453,7.171656822768514,2.3978952727983707,10.281684233490099,4.602586713798116,13.520605126423055,7.305884535056867,5.278114659230517,10.451923940336364,10.450102045872425,20.733657338479382,0.0,MAÍZ GRANO
S0196,-99.974882,16.963589,6134.0,8.721602344674197,12,MEX-095|Libramiento Norte de Acapulco,108_22,False,2.0,0,60,7.0,321,16393.0,19,0.6442993960836942,19525.0,0.7013572343149808,8.136795614080032,133,0.0755803748639693,472.9971184285791,5831,32706.29,701702503.3399999,21.0,1.425665440684433,0.4602249292108643,0.0923048746892417,0.0,False,federal,Carretera,Con pavimento,Asfalto,No,Federal,Fed.,Dos sentidos,MAÍZ GRANO,0,0,0,0,0,0,0,0,0,0,0,0,0,0,1.0986122886681098,0.0,2.0794415416798357,5.7745515455444085,9.704670693212975,2.995732273553991,9.879502189785617,4.604019081243286,13.515274006807768,6.161201242411996,8.671115273688494,10.395353267818672,10.386863559165006,20.369020089177244,0.0,MAÍZ GRANO
S0197,-99.2268375,18.8747525,91493.0,11.424017745604887,17,MEX-095D|Cuernavaca - Acapulco (Cuota),111_30,True,2.0,0,110,7.0,238,138292.0,34,0.0931434934775692,807433.0,0.0556083291121368,10.621891849378354,498,0.1102580728104056,1563.386681932171,125,1209.0,126670416.46,17.0,1.8859744286081472,0.3457402812241522,0.3176178660049628,0.0,True,federal,Carretera,Con pavimento,Asfalto,Si,Federal,Fed.,Un sentido,MAÍZ GRANO,0,0,0,0,0,0,0,0,0,0,0,0,0,0,1.0986122886681098,0.0,2.0794415416798357,5.476463551931511,11.837129901765959,3.5553480614894135,13.601616596992434,4.609657736764717,13.886359439332136,7.355249129633776,4.836281906951478,7.098375638590786,7.085901464365611,18.6570991331045,0.0,MAÍZ GRANO
S0198,-99.22085175,18.85886275,98629.5,11.499125684483705,17,MEX-095D|Cuernavaca - Acapulco (Cuota),111_30,True,2.0,0,110,7.0,470,217804.0,36,0.048199298451819,837192.0,0.0498881976894189,10.591028554841207,504,0.1096374801901743,1459.5255573924735,20950,896.0,159666012.65,19.0,2.358959112221437,0.2466517857142857,0.7165178571428571,0.0,True,federal,Carretera,Con pavimento,Asfalto,Si,Federal,Fed.,Un sentido,MAÍZ GRANO,0,0,0,0,0,0,0,0,0,0,0,0,0,0,1.0986122886681098,0.0,2.0794415416798357,6.154858094016418,12.291355446058631,3.6109179126442243,13.637809908315013,4.609632205868543,13.920375851019626,7.286551620745194,9.949941656908011,6.799055862058796,6.777646593635117,18.88859477682398,0.0,MAÍZ GRANO
S0199,-99.21914225,18.847522,70650.5,11.165500465228464,17,MEX-095D|Cuernavaca - Acapulco (Cuota),111_30,True,3.0,0,110,9.0,330,219995.0,43,0.0576785836041728,833597.0,0.0505124178709856,10.588801594786108,508,0.1097224485362011,581.5930155834318,104461,1209.0,126670416.46,17.0,1.8859744286081472,0.3457402812241522,0.3176178660049628,0.0,True,federal,Carretera,Con pavimento,Asfalto,Si,Federal,Fed.,Un sentido,MAÍZ GRANO,0,0,0,0,0,0,0,0,0,0,0,0,0,0,1.3862943611198906,0.0,2.302585092994046,5.802118375377063,12.301364643351025,3.784189633918261,13.633506550746116,4.609642342410013,13.915049058534814,6.367488856096851,11.556578647891632,7.098375638590786,7.085901464365611,18.6570991331045,0.0,MAÍZ GRANO
S0200,-99.2178395,18.830611,54976.0,10.914652005343926,17,MEX-095D|Cuernavaca - Acapulco (Cuota),111_30,True,2.0,0,110,6.0,119,229694.0,56,0.0442762980312938,497169.0,0.0847076145133747,9.961840190245876,504,0.1074505348859225,267.49537277493766,15,1209.0,126670416.46,17.0,1.8859744286081472,0.3457402812241522,0.3176178660049628,0.0,True,federal,Carretera,Con pavimento,Asfalto,Si,Federal,Fed.,Un sentido,MAÍZ GRANO,0,0,0,0,0,0,0,0,0,0,0,0,0,0,1.0986122886681098,0.0,1.9459101490553132,4.787491742782046,12.344507620917417,4.04305126783455,13.116687298906093,4.608868520806867,13.937942327051731,5.592833680187524,2.772588722239781,7.098375638590786,7.085901464365611,18.6570991331045,0.0,MAÍZ GRANO
S0201,-99.22062525,18.8001205,48507.0,10.789463396407925,17,MEX-095D|Cuernavaca - Acapulco (Cuota),111_30,True,3.0,0,110,9.0,76,73001.0,70,0.22033944740483,310144.0,0.1235426124638877,9.528486138799105,489,0.1047608819726338,557.0983770455479,30,1666.0,163744095.06000003,18.0,1.7382574847102117,0.5258103241296519,0.8037214885954381,0.0,True,federal,Carretera,Con pavimento,Asfalto,Si,Federal,Fed.,Un sentido,CAÑA DE AZÚCAR,0,0,0,0,0,0,0,0,0,0,0,0,0,0,1.3862943611198906,0.0,2.302585092994046,4.343805421853684,11.198242117015504,4.2626798770413155,12.644795209039653,4.6078193445356606,13.959299165041445,6.324535249790783,3.4339872044851463,7.418780882750794,7.38770923908104,18.913815377234233,0.0,CAÑA DE AZÚCAR
S0202,-99.245822,18.7474675,35737.0,10.483941845626784,17,MEX-095D|Cuernavaca - Acapulco (Cuota),111_30,True,2.0,0,110,6.0,104,50779.0,57,0.2514031390929321,163330.0,0.2374211718606502,8.923911207794596,521,0.1014383096430444,481.62063428756016,595,1666.0,163744095.06000003,18.0,1.7382574847102117,0.5258103241296519,0.8037214885954381,0.0,True,federal,Carretera,Con pavimento,Asfalto,Si,Federal,Fed.,Un sentido,CAÑA DE AZÚCAR,0,0,0,0,0,0,0,0,0,0,0,0,0,0,1.0986122886681098,0.0,1.9459101490553132,4.653960350157523,10.83525785525867,4.060443010546419,12.003534095602372,4.6057157746973205,13.943563345400724,6.179230908778266,6.39024066706535,7.418780882750794,7.38770923908104,18.913815377234233,0.0,CAÑA DE AZÚCAR
S0203,-99.27009875,18.7086975,21836.0,9.991315262901647,17,MEX-095D|Cuernavaca - Acapulco (Cuota),111_29,True,2.0,0,30,3.5,6,38392.0,39,0.1607366117941237,155927.0,0.1915960673905096,9.155949266338885,520,0.189103910407578,389.1833088576075,106,154.0,5390076.19,4.0,0.5964393007537787,0.8441558441558441,0.3181818181818182,0.0,True,federal,Camino,Sin pavimento,Tierra,No,N/D,N/D,Dos sentidos,MAÍZ GRANO,1,0,0,0,0,0,0,0,0,0,0,0,0,0,1.0986122886681098,0.0,1.5040773967762742,1.9459101490553132,10.555630430292005,3.6888794541139363,11.957149641228476,4.605173049125813,13.312479477664196,5.966616651409432,4.672828834461906,5.043425116919247,5.043425116919247,15.500070263747386,0.0,MAÍZ GRANO
S0204,-99.278028,18.698498,16478.0,9.709781436875536,17,MEX-095D|Cuernavaca - Acapulco (Cuota),111_29,True,4.0,0,110,12.0,5,35044.0,39,0.1871932427805045,94943.0,0.2743540861358921,8.762631689977429,515,0.1908536717793307,1381.9588350862011,106,154.0,5390076.19,4.0,0.5964393007537787,0.8441558441558441,0.3181818181818182,0.0,True,federal,Carretera,Con pavimento,Asfalto,Si,Federal,Fed.,Un sentido,MAÍZ GRANO,0,0,0,0,0,0,0,0,0,0,0,0,0,0,1.6094379124341003,0.0,2.5649493574615367,1.791759469228055,10.464388228934425,3.6888794541139363,11.461042523090548,4.60279623637756,13.302315462549549,7.2319805662804875,4.672828834461906,5.043425116919247,5.043425116919247,15.500070263747386,0.0,MAÍZ GRANO
S0205,-99.2953995,18.6474985,13647.0,9.521274996238114,17,MEX-095D|Cuernavaca - Acapulco (Cuota),111_29,True,2.0,0,110,6.0,11,30269.0,36,0.179193234001784,110304.0,0.2298375398897592,9.012968864851132,467,0.2715845961780591,600.1592226500218,10,4592.0,214110482.4,25.0,1.844938941321629,0.297691637630662,0.4679878048780488,0.0,True,federal,Carretera,Con pavimento,Asfalto,Si,Federal,Fed.,Un sentido,MAÍZ GRANO,0,0,0,0,0,0,0,0,0,0,0,0,0,0,1.0986122886681098,0.0,1.9459101490553132,2.4849066497880004,10.317912402015764,3.6109179126442243,11.611004535129863,4.6035236546649365,12.836477025015093,6.398859828981721,2.3978952727983707,8.432288684325794,8.333991247194975,19.182002717330807,0.0,MAÍZ GRANO
S0206,-99.25682,18.586869,11676.0,9.365290731974005,17,MEX-095D|Cuernavaca - Acapulco (Cuota),111_29,True,2.0,0,110,6.0,20,16049.0,41,0.3914885662658109,110844.0,0.2199938652520659,9.610580011199222,375,0.253870443606487,830.9869943182999,13,5052.0,387405882.5,20.0,1.7324907171050763,0.4483372921615202,0.697347585114806,0.0,True,federal,Carretera,Con pavimento,Asfalto,Si,Federal,Fed.,Un sentido,CAÑA DE AZÚCAR,0,0,0,0,0,0,0,0,0,0,0,0,0,0,1.0986122886681098,0.0,1.9459101490553132,3.044522437723423,9.683464128558162,3.7376696182833684,11.615888108028054,4.605879209707756,12.589878203327284,6.723816808870064,2.6390573296152584,8.527737405291909,8.440528106480752,19.774983495966914,0.0,CAÑA DE AZÚCAR
S0207,-99.2242095,18.5679425,10905.0,9.29697667863573,17,MEX-095D|Cuernavaca - Acapulco (Cuota),111_29,True,2.0,0,110,7.0,5,16367.0,38,0.2964501741308731,98228.0,0.2160992792279187,9.6370472007663,332,0.2439610322618679,853.5529614025178,253,5052.0,387405882.5,20.0,1.7324907171050763,0.4483372921615202,0.697347585114806,0.0,True,federal,Carretera,Con pavimento,Asfalto,Si,Federal,Fed.,Un sentido,CAÑA DE AZÚCAR,0,0,0,0,0,0,0,0,0,0,0,0,0,0,1.0986122886681098,0.0,2.0794415416798357,1.791759469228055,9.703083488191409,3.6635616461296463,11.495056766427746,4.606943729456192,12.511367449205098,6.750578480041108,5.537334267018537,8.527737405291909,8.440528106480752,19.774983495966914,0.0,CAÑA DE AZÚCAR
S0208,-99.214662,18.234848,9226.0,9.129780864117766,12,MEX-095D|Cuernavaca - Acapulco (Cuota),111_27,True,2.0,0,110,7.0,23,2671.0,4,1.0,4712.0,1.0,6.4611120561343816,59,0.4585534229381308,1509.480372784052,1,10616.38,187475986.06,16.0,0.6912368208749855,0.8569776138382386,0.022747866975372,0.0,True,federal,Carretera,Con pavimento,Asfalto,Si,Federal,Fed.,Un sentido,MAÍZ GRANO,0,0,0,0,0,0,0,0,0,0,0,0,0,0,1.0986122886681098,0.0,2.0794415416798357,3.1780538303479458,7.890582534656536,1.6094379124341003,8.45807992692373,4.603438482175583,10.551715815970995,7.32018300688865,0.6931471805599453,9.27024756002796,9.266473037694134,19.04916132615987,0.0,MAÍZ GRANO
S0209,-99.5180875,17.606721,8563.0,9.055205875026193,12,MEX-095D|Cuernavaca - Acapulco (Cuota),110_25,True,2.0,0,110,7.0,32,180.0,8,1.0,255933.0,0.0088343433633021,11.040221303435422,102,0.0386239451065539,155.04089831262598,30,11571.13,228771950.9100001,23.0,1.127096873152788,0.7263499761907435,0.0868368085053058,0.0,True,federal,Carretera,Con pavimento,Asfalto,Si,Federal,Fed.,Un sentido,MAÍZ GRANO,0,0,0,0,0,0,0,0,0,0,0,0,0,0,1.0986122886681098,0.0,2.0794415416798357,3.4965075614664802,5.198497031265826,2.1972245773362196,12.452674877722345,4.6069564216146315,12.717239211168879,5.050118141560016,3.4339872044851463,9.35635490004606,9.343395526217206,19.248236222149472,0.0,MAÍZ GRANO
S0210,-99.47005275,17.42655275,11513.5,9.351275538897674,12,MEX-095D|Cuernavaca - Acapulco (Cuota),110_24,True,2.0,0,110,7.0,30,9093.0,3,0.0358517540965577,26180.0,0.1859816653934301,9.208310922116231,126,0.0746261204735862,1056.4583522462392,6093,11571.13,228771950.9100001,23.0,1.127096873152788,0.7263499761907435,0.0868368085053058,0.0,True,federal,Carretera,Con pavimento,Asfalto,Si,Federal,Fed.,Un sentido,MAÍZ GRANO,0,0,0,0,0,0,0,0,0,0,0,0,0,0,1.0986122886681098,0.0,2.0794415416798357,3.4339872044851463,9.115370134384955,1.3862943611198906,10.172789235831422,4.603591292769896,12.612976717832593,6.963623526926208,8.715059959545654,9.35635490004606,9.343395526217206,19.248236222149472,0.0,MAÍZ GRANO
S0211,-99.55211,17.1806025,12206.0,9.40968291310444,12,MEX-095D|Cuernavaca - Acapulco (Cuota),110_23,True,2.0,0,110,7.0,15,15277.0,12,0.1973555017346337,30055.0,0.3671934786225254,8.386110260336908,84,0.525740133103461,662.171687219791,22,15829.22,327396714.5,21.0,1.2943604610779882,0.4724174659269377,0.0245634339531575,0.0,True,federal,Carretera,Con pavimento,Asfalto,Si,Federal,Fed.,Un sentido,PASTOS Y PRADERAS,0,0,0,0,0,0,0,0,0,0,0,0,0,0,1.0986122886681098,0.0,2.0794415416798357,2.772588722239781,9.634169164101305,2.5649493574615367,10.310817587253805,4.604548579083749,10.895701750414418,6.497033911745423,3.1354942159291497,9.669676050441153,9.66717770469016,19.606683190780124,0.0,PASTOS Y PRADERAS
S0212,-99.800914,16.928632,13458.5,9.507366155681098,12,MEX-095D|Cuernavaca - Acapulco (Cuota),109_22,True,2.0,0,110,7.0,17,12051.0,34,0.7713052858683926,38529.0,0.6912715097718601,8.162300841167738,171,0.0880998088190596,182.8793736592102,407,34609.899999999994,1010445679.69,34.0,1.5317762419692391,0.5963033698450444,0.052880823117085,0.0,True,federal,Carretera,Con pavimento,Asfalto,Si,Federal,Fed.,Un sentido,MAÍZ GRANO,0,0,0,0,0,0,0,0,0,0,0,0,0,0,1.0986122886681098,0.0,2.0794415416798357,2.8903717578961645,9.396985900250192,3.5553480614894135,10.559192437620203,4.602170178120088,13.54109213314548,5.214279964684729,6.0112671744041615,10.451923940336364,10.450102045872425,20.733657338479382,0.0,MAÍZ GRANO
S0213,-99.811316,16.923171,13721.0,9.526682784921174,12,MEX-095D|Cuernavaca - Acapulco (Cuota),109_22,True,2.0,0,50,7.0,490,14136.0,48,0.8050367855121675,38770.0,0.6931906112973949,8.159586438923395,166,0.0824922421918852,969.7099032346438,40,34609.899999999994,1010445679.69,34.0,1.5317762419692391,0.5963033698450444,0.052880823117085,0.0,True,federal,Carretera,Con pavimento,Asfalto,Si,Federal,Fed.,Un sentido,MAÍZ GRANO,0,0,0,0,0,0,0,0,0,0,0,0,0,0,1.0986122886681098,0.0,2.0794415416798357,6.19644412779452,9.556550752867032,3.8918202981106265,10.565427823471362,4.602411519827452,13.534961650557682,6.8780276628240085,3.713572066704308,10.451923940336364,10.450102045872425,20.733657338479382,0.0,MAÍZ GRANO
S0214,-100.6896005,18.3325895,18054.0,9.8011225458581,12,MEX-134|Cd. Altamirano - T. C. (Zihuatanejo - La Mira),105_28,False,3.0,0,60,9.0,29,36496.0,18,0.0923388864533099,53305.0,0.2635212456617578,8.598379530516434,127,0.3828773634731171,186.6863201491857,1034,1980.95,56050618.33,14.0,1.4008169364415148,0.6336353769655974,0.5295186652868573,0.0,False,federal,Carretera,Con pavimento,Asfalto,No,Federal,Fed.,Un sentido,MAÍZ GRANO,0,0,0,0,0,0,0,0,0,0,0,0,0,0,1.3862943611198906,0.0,2.302585092994046,3.4011973816621555,10.504985344411832,2.9444389791664403,10.883804174174841,4.60528307492478,11.458163002075494,5.234772059472365,6.942156705699469,7.591836487528336,7.583730868033755,17.84176575701997,0.0,MAÍZ GRANO
S0215,-100.785019,18.318786,2051.0,7.62608275807238,12,MEX-134|Cd. Altamirano - T. C. (Zihuatanejo - La Mira),105_28,False,2.0,0,90,7.0,3,2189.0,7,1.0,15768.0,0.5385591070522577,8.07944356221813,117,0.4384976257222953,117.59754070770384,4,20029.050000000003,357078141.06000006,15.0,0.6263899015195488,0.8355663398913079,0.0813867856937797,0.0,False,federal,Carretera,Con pavimento,Asfalto,No,Federal,Fed.,Dos sentidos,MAÍZ GRANO,0,0,0,0,0,0,0,0,0,0,0,0,0,0,1.0986122886681098,0.0,2.0794415416798357,1.3862943611198906,7.691656822810547,2.0794415416798357,9.665801266405587,4.6084623480022735,11.155064103230432,4.7757357503258975,1.6094379124341003,9.904988924912365,9.904289730705171,19.693465201114144,0.0,MAÍZ GRANO
S0216,-101.600993,17.734124,983.0,6.890609120147166,12,MEX-134|Cd. Altamirano - T. C. (Zihuatanejo - La Mira),101_25,False,2.0,0,60,7.0,1,16490.0,17,0.1994542146755609,34197.0,0.2102523613182443,9.452705052397402,97,0.1371314103885184,860.9060338528923,26,17759.48,572131078.13,21.0,1.4612989950935529,0.5557155952764382,0.178774378529101,0.0,False,federal,Carretera,Con pavimento,Asfalto,No,Federal,Fed.,Dos sentidos,MAÍZ GRANO,0,0,0,0,0,0,0,0,0,0,0,0,0,0,1.0986122886681098,0.0,2.0794415416798357,0.6931471805599453,9.71057005652877,2.8903717578961645,10.439922441808537,4.552816949532105,11.706088044942058,6.75914625527033,3.295836866004329,9.784731043207964,9.759125144226513,20.164878682409267,0.0,MAÍZ GRANO
S0217,-99.667148,19.2565125,38806.0,10.56633015283122,15,MEX-134|Toluca - Cd. Altamirano,109_32,False,3.0,0,50,10.0,605,428389.0,29,0.027433010651534,964525.0,0.0402332754464632,11.538643685239675,348,0.0915438303620557,916.6862266283736,20703,14566.5,466115495.56000006,11.0,0.448786951406549,0.9120241650362132,0.2237668623210792,0.0,False,federal,Calzada,FALTANTE,FALTANTE,No,FALTANTE,FALTANTE,Un sentido,MAÍZ GRANO,0,0,0,0,0,0,0,0,0,0,0,0,0,0,1.3862943611198906,0.0,2.3978952727983707,6.406879986069314,12.967789274612885,3.4011973816621555,13.779392067937113,4.61076703499773,14.44537922324576,6.821855531134778,9.938082197300627,9.58654829901723,9.58654829901723,19.95994400807628,0.0,MAÍZ GRANO
S0218,-99.758673,19.250561500000003,26281.0,10.176601523624978,15,MEX-134|Toluca - Cd. Altamirano,109_32,False,2.0,0,90,8.0,17,130942.0,21,0.1001817598631455,329014.0,0.1318849653814123,10.24930253763598,266,0.099761772156447,483.2782882637603,3610,10179.64,447283975.15,7.0,0.5543056936028667,0.8506685894589593,0.1150040669414635,0.0,False,federal,Carretera,Con pavimento,Asfalto,No,Federal,Fed.,Un sentido,MAÍZ GRANO,0,0,0,0,0,0,0,0,0,0,0,0,0,0,1.0986122886681098,0.0,2.1972245773362196,2.8903717578961645,11.782517392989687,3.091042453358316,12.70385862141336,4.609169882691252,14.145911544645962,6.18265971723298,8.191740021277457,9.228243156497733,9.228243156497733,19.918704244264866,0.0,MAÍZ GRANO
S0219,-99.827983,19.202389,5675.0,8.643825842349603,15,MEX-134|Toluca - Cd. Altamirano,109_32,False,2.0,0,90,8.0,0,3877.0,6,1.0,76802.0,0.2569203926981068,8.499448451863232,192,0.2197531020032061,725.7024947302081,828,10179.64,447283975.15,7.0,0.5543056936028667,0.8506685894589593,0.1150040669414635,0.0,False,federal,Carretera,Con pavimento,Asfalto,No,Federal,Fed.,Dos sentidos,MAÍZ GRANO,0,0,0,0,0,0,0,0,0,0,0,0,0,0,1.0986122886681098,0.0,2.1972245773362196,0.0,8.263074835802596,1.9459101490553132,11.248998980872845,4.603048844134066,13.071783512675834,6.588517170574188,6.720220155135295,9.228243156497733,9.228243156497733,19.918704244264866,0.0,MAÍZ GRANO
S0220,-99.92503,19.140003,5698.0,8.647870515057853,15,MEX-134|Toluca - Cd. Altamirano,108_31,False,2.0,0,90,7.0,3,7978.0,9,1.0,16596.0,1.0,7.344811400337432,173,0.750504211650255,823.6949937090793,1820,9102.580000000002,612152770.15,20.0,1.429999056164773,0.5782800041306969,0.1880686574575559,0.0,False,federal,Carretera,Con pavimento,Asfalto,No,Federal,Fed.,Dos sentidos,MAÍZ GRANO,0,0,0,0,0,0,0,0,0,0,0,0,0,0,1.0986122886681098,0.0,2.0794415416798357,1.3862943611198906,8.984568369308281,2.302585092994046,9.71697723512072,4.596248882512588,11.604391903420098,6.715013613382033,7.507141079727608,9.116423021734263,9.084275889604486,20.23249243538729,0.0,MAÍZ GRANO
S0221,-100.044481,19.0447255,4642.5,8.44300829322686,15,MEX-134|Toluca - Cd. Altamirano,108_31,False,1.0,0,30,4.0,11,10358.0,18,1.0,22363.0,1.0,8.640925072690674,225,0.6081476981233968,363.40675184792417,516,9102.580000000002,612152770.15,20.0,1.429999056164773,0.5782800041306969,0.1880686574575559,0.0,False,federal,Calle,FALTANTE,FALTANTE,No,FALTANTE,FALTANTE,Dos sentidos,MAÍZ GRANO,0,0,0,0,0,0,0,0,0,0,0,0,0,0,0.6931471805599453,0.0,1.6094379124341003,2.4849066497880004,9.245610986058102,2.9444389791664403,10.015207802146536,4.599674686306647,11.905919801915767,5.89827069388573,6.248042874508429,9.116423021734263,9.084275889604486,20.23249243538729,0.0,MAÍZ GRANO
S0222,-100.073738,18.969938,6699.0,8.809713540508268,15,MEX-134|Toluca - Cd. Altamirano,108_31,False,2.0,0,90,7.0,4,4218.0,13,1.0,20199.0,1.0,8.601722070844685,260,0.6910482204037716,736.2931365164225,128,1819.2899999999995,91360484.63,14.0,1.0722129517730994,0.6281076683761249,0.0291707204458882,0.0,False,federal,Carretera,Con pavimento,Asfalto,No,Federal,Fed.,Dos sentidos,MAÍZ GRANO,0,0,0,0,0,0,0,0,0,0,0,0,0,0,1.0986122886681098,0.0,2.0794415416798357,1.6094379124341003,8.347353412124338,2.6390573296152584,9.913437883389296,4.596119450377759,11.858421153236925,6.602985556009407,4.859812404361672,7.506751108036807,7.448153297130308,18.330323619422646,0.0,MAÍZ GRANO
S0223,-100.157899,18.912001,6682.0,8.807172622916703,15,MEX-134|Toluca - Cd. Altamirano,107_30,False,2.0,0,90,7.0,6,47102.0,27,0.2741921786760647,61916.0,0.4478486982363202,9.139448401737983,269,0.6437476639395324,223.52199206343693,822,15886.82,380544688.5499999,19.0,0.8167691696700201,0.53510457095882,0.0176599218723444,0.0,False,federal,Carretera,Con pavimento,Asfalto,No,Federal,Fed.,Dos sentidos,MAÍZ GRANO,0,0,0,0,0,0,0,0,0,0,0,0,0,0,1.0986122886681098,0.0,2.0794415416798357,1.9459101490553132,10.76009197224363,3.332204510175204,11.033550057477486,4.607235605276343,11.698541588713613,5.413973662578005,6.71295620067707,9.67330805691564,9.669903437724361,19.757114177909436,0.0,MAÍZ GRANO
S0224,-100.228267,18.868471,3314.0,8.105911197986508,15,MEX-134|Toluca - Cd. Altamirano,107_30,False,2.0,0,90,7.0,2,1798.0,13,1.0,57662.0,0.3120079081544171,9.056255160450998,302,0.6118426411098743,69.0296359744816,39,15886.82,380544688.5499999,19.0,0.8167691696700201,0.53510457095882,0.0176599218723444,0.0,False,federal,Carretera,Con pavimento,Asfalto,No,Federal,Fed.,Dos sentidos,MAÍZ GRANO,0,0,0,0,0,0,0,0,0,0,0,0,0,0,1.0986122886681098,0.0,2.0794415416798357,1.0986122886681098,7.4949862339505335,2.6390573296152584,10.96237099897524,4.608963937413064,11.612770799939945,4.2489185235171405,3.6888794541139363,9.67330805691564,9.669903437724361,19.757114177909436,0.0,MAÍZ GRANO
S0225,-100.421083,18.784781,2177.0,7.685703061234547,15,MEX-134|Toluca - Cd. Altamirano,106_30,False,2.0,0,90,7.0,16,3762.0,11,1.0,5988.0,1.0,5.993389915966386,248,0.6513232233125186,718.3625392824587,533,15886.82,380544688.5499999,19.0,0.8167691696700201,0.53510457095882,0.0176599218723444,0.0,False,federal,Carretera,Con pavimento,Asfalto,No,Federal,Fed.,Dos sentidos,MAÍZ GRANO,0,0,0,0,0,0,0,0,0,0,0,0,0,0,1.0986122886681098,0.0,2.0794415416798357,2.833213344056216,8.232971790593437,2.4849066497880004,8.697679732264463,4.599242220094885,10.423203539647567,6.578365457737885,6.280395838960195,9.67330805691564,9.669903437724361,19.757114177909436,0.0,MAÍZ GRANO
S0226,-100.582799,18.476954,3758.0,8.231642179973411,12,MEX-134|Toluca - Cd. Altamirano,105_28,False,2.0,0,30,7.0,131,6251.0,19,0.2454007358822588,12697.0,0.6284949200598566,6.588962413139608,124,0.4054431977081272,451.5553432431751,28,12207.799999999996,272712773.4,14.0,0.8376804844079858,0.7988417241435803,0.1586608561739216,0.0,False,federal,Calle,FALTANTE,FALTANTE,No,FALTANTE,FALTANTE,Dos sentidos,MAÍZ GRANO,0,0,0,0,0,0,0,0,0,0,0,0,0,0,1.0986122886681098,0.0,2.0794415416798357,4.882801922586371,8.740656691541368,2.995732273553991,9.449199779730396,4.59895135190552,10.979223494869933,6.114910061171051,3.367295829986474,9.409912282176665,9.409079749097666,19.423929690869745,0.0,MAÍZ GRANO
S0227,-100.651233,18.382329,5910.0,8.684401110400144,12,MEX-134|Toluca - Cd. Altamirano,105_28,False,2.0,0,90,8.0,10,29109.0,8,0.1119585008073104,45431.0,0.270850300455636,8.87691446208113,142,0.3584017839789687,2852.181795524946,25850,1980.95,56050618.33,14.0,1.4008169364415148,0.6336353769655974,0.5295186652868573,0.0,False,federal,Carretera,Con pavimento,Asfalto,No,Federal,Fed.,Dos sentidos,MAÍZ GRANO,0,0,0,0,0,0,0,0,0,0,0,0,0,0,1.0986122886681098,0.0,2.1972245773362196,2.3978952727983707,10.278837036739668,2.1972245773362196,10.723971981557268,4.604612701872387,11.490270774405422,7.956190070012347,10.160104563907877,7.591836487528336,7.583730868033755,17.84176575701997,0.0,MAÍZ GRANO
S0228,-99.25653,18.752285,8348.0,9.029777268197092,17,MEX-166|Ent. Alpuyeca - Grutas de Cacahuamilpa,111_30,False,2.0,0,90,6.0,54,50182.0,58,0.2424973097923558,144355.0,0.2562363617470818,8.897259515043094,512,0.101893803433838,111.38021350566925,5,1666.0,163744095.06000003,18.0,1.7382574847102117,0.5258103241296519,0.8037214885954381,0.0,False,federal,Carretera,Con pavimento,Asfalto,No,Federal,Fed.,Dos sentidos,CAÑA DE AZÚCAR,0,0,0,0,0,0,0,0,0,0,0,0,0,0,1.0986122886681098,0.0,1.9459101490553132,4.007333185232471,10.823431602908185,4.07753744390572,11.880037749866325,4.605119407334065,13.931307622885601,4.72188788553693,1.791759469228055,7.418780882750794,7.38770923908104,18.913815377234233,0.0,CAÑA DE AZÚCAR
S0229,-99.3044935,18.7776775,6444.0,8.770904744296866,17,MEX-166|Ent. Alpuyeca - Grutas de Cacahuamilpa,111_30,False,2.0,0,90,6.0,21,7044.0,16,1.0,108287.0,0.3061493992815389,8.640435618667258,440,0.0992794870153874,488.8826260526581,578,380.5,11477822.95,5.0,0.8580030744952521,0.5663600525624178,0.0827858081471747,0.0,False,federal,Carretera,Con pavimento,Asfalto,No,Federal,Fed.,Un sentido,MAÍZ GRANO,0,0,0,0,0,0,0,0,0,0,0,0,0,0,1.0986122886681098,0.0,1.9459101490553132,3.091042453358316,8.86007342433278,2.833213344056216,11.59254962352584,4.604113413863333,13.861338243084603,6.194165823742659,6.361302477572996,5.9441108507245115,5.9441108507245115,16.255927379494832,0.0,MAÍZ GRANO
S0230,-99.3657015,18.750192499999997,11143.0,9.318566777047051,17,MEX-166|Ent. Alpuyeca - Grutas de Cacahuamilpa,111_30,False,2.0,0,90,6.0,23,34945.0,46,0.2531978823866075,50660.0,0.4848598499802605,8.363640135946886,394,0.2729155681741364,160.97543428271646,99,1680.0,182980938.58999997,28.0,2.3047885190003,0.2797619047619047,0.6125,0.0,False,federal,Carretera,Con pavimento,Asfalto,No,Federal,Fed.,Un sentido,CAÑA DE AZÚCAR,0,0,0,0,0,0,0,0,0,0,0,0,0,0,1.0986122886681098,0.0,1.9459101490553132,3.1780538303479458,10.461559291898984,3.8501476017100584,10.832911662800246,4.603242229128048,12.820787903738394,5.087444683503697,4.605170185988092,7.427144133408616,7.408530566894626,19.02489255013526,0.0,CAÑA DE AZÚCAR
S0231,-99.36495,18.720718,9061.0,9.11173476822206,17,MEX-166|Ent. Alpuyeca - Grutas de Cacahuamilpa,111_29,False,2.0,0,90,6.0,7,25588.0,40,0.2718852587150226,51324.0,0.4915244330137947,8.362038550011901,410,0.3270094078151228,103.56529811542912,13,1680.0,182980938.58999997,28.0,2.3047885190003,0.2797619047619047,0.6125,0.0,False,federal,Carretera,Con pavimento,Asfalto,No,Federal,Fed.,Dos sentidos,CAÑA DE AZÚCAR,0,0,0,0,0,0,0,0,0,0,0,0,0,0,1.0986122886681098,0.0,1.9459101490553132,2.0794415416798357,10.149917850625528,3.713572066704308,10.845933241887135,4.6026471191700935,12.63592137540653,4.649811738608281,2.6390573296152584,7.427144133408616,7.408530566894626,19.02489255013526,0.0,CAÑA DE AZÚCAR
S0232,-99.406297,18.729338,6209.0,8.733755131364893,17,MEX-166|Ent. Alpuyeca - Grutas de Cacahuamilpa,110_30,False,2.0,0,90,6.0,23,16863.0,34,0.4687184961157564,54455.0,0.5207602607657699,8.24027560451872,309,0.3794234444248675,266.28356532221545,264,933.0,75897770.46,23.0,2.0450964381603645,0.3697749196141479,0.4785637727759914,0.0,False,federal,Carretera,Con pavimento,Asfalto,No,Federal,Fed.,Dos sentidos,SORGO GRANO,0,0,0,0,0,0,0,0,0,0,0,0,0,0,1.0986122886681098,0.0,1.9459101490553132,3.1780538303479458,9.73293645134109,3.5553480614894135,10.905148315127787,4.603734644657002,12.307500438160288,5.588310137237502,5.579729825986222,6.839476438228843,6.828170799639294,18.144897880406475,0.0,SORGO GRANO
S0233,-99.442974,18.748892,3631.0,8.197263371414335,17,MEX-166|Ent. Alpuyeca - Grutas de Cacahuamilpa,110_30,False,2.0,0,100,6.0,4,11191.0,19,1.0,41566.0,0.6048453062599239,8.532409004890757,265,0.5021531645981954,36.264086753013125,45,1781.0,132591288.79,27.0,2.2087974562635444,0.3076923076923077,0.4536777091521617,0.0,False,federal,Carretera,Con pavimento,Asfalto,No,Federal,Fed.,Dos sentidos,SORGO GRANO,0,0,0,0,0,0,0,0,0,0,0,0,0,0,1.0986122886681098,0.0,1.9459101490553132,1.6094379124341003,9.322954516345318,2.995732273553991,10.635061862214055,4.604970349953311,11.941429787037935,3.6180300412042476,3.828641396489095,7.485491608030754,7.461065514354283,18.702781945700274,0.0,SORGO GRANO
S0234,-99.47411,18.707939,2490.0,7.820037989458753,17,MEX-166|Ent. Alpuyeca - Grutas de Cacahuamilpa,110_29,False,2.0,0,100,6.0,4,6963.0,20,1.0,25265.0,0.8107658816544627,8.005084586081185,262,0.5547756183401407,1080.8613439773835,1127,1781.0,132591288.79,27.0,2.2087974562635444,0.3076923076923077,0.4536777091521617,0.0,False,federal,Carretera,Con pavimento,Asfalto,No,Federal,Fed.,Dos sentidos,SORGO GRANO,0,0,0,0,0,0,0,0,0,0,0,0,0,0,1.0986122886681098,0.0,1.9459101490553132,1.6094379124341003,8.848509300888079,3.044522437723423,10.137214897389983,4.606234911063345,11.944720868324422,6.9864383032995745,7.028201432058005,7.485491608030754,7.461065514354283,18.702781945700274,0.0,SORGO GRANO
S0235,-99.564957,17.798426,1336.0,7.197435354096591,12,MEX-196|Milpillas - T. C. (Acapulco - Zihuatanejo),110_25,False,2.0,0,40,7.0,1,103.0,2,1.0,4212.0,0.1823361823361823,7.241526753864446,42,0.1914234859476195,2272.26716125246,100,7084.8,147605427.25,13.0,0.4179980667175399,0.9226484869015356,0.0120313911472448,0.0,False,federal,Carretera,Con pavimento,Asfalto,No,Federal,Fed.,Dos sentidos,MAÍZ GRANO,0,0,0,0,0,0,0,0,0,0,0,0,0,0,1.0986122886681098,0.0,2.0794415416798357,0.6931471805599453,4.6443908991413725,1.0986122886681098,8.345930261979017,4.595478848721346,11.11032624627511,7.7289733537922904,4.61512051684126,8.865848060358733,8.86485968079703,18.810053246215915,0.0,MAÍZ GRANO
S0236,-99.799001,17.702765,882.0,6.782192056006791,12,MEX-196|Milpillas - T. C. (Acapulco - Zihuatanejo),109_25,False,2.0,0,40,7.0,1,410.0,2,1.0,4923.0,1.0,6.672330353514831,79,0.5670406423582467,1739.6425278088486,354,8086.71,151498127.53,15.0,1.0263333162236334,0.7176886521218147,0.0564630115337386,0.0,False,federal,Carretera,Con pavimento,Asfalto,No,Federal,Fed.,Dos sentidos,MAÍZ GRANO,0,0,0,0,0,0,0,0,0,0,0,0,0,0,1.0986122886681098,0.0,2.0794415416798357,0.6931471805599453,6.018593214496234,1.0986122886681098,8.501876487304344,4.603320134465417,10.501417049013888,7.46200959290127,5.872117789475416,8.998100904468954,8.979002085348734,18.836083829900105,0.0,MAÍZ GRANO
S0237,-100.425411,17.217456,1969.0,7.585281078639126,12,MEX-196|Milpillas - T. C. (Acapulco - Zihuatanejo),106_23,False,2.0,0,30,6.0,323,28369.0,27,0.0981000387747188,41194.0,0.3788901296305287,8.940211617046119,184,0.4881616196276915,973.3995046711552,22271,48181.59,915780801.22,22.0,1.4127724378174389,0.4977004702418496,0.1041466252981688,0.0,False,federal,Calle,FALTANTE,FALTANTE,No,FALTANTE,FALTANTE,Dos sentidos,CAFÉ CEREZA,0,0,0,0,0,0,0,0,0,0,0,0,0,0,1.0986122886681098,0.0,1.9459101490553132,5.780743515792329,10.253087527802897,3.332204510175204,10.62607216874969,4.604513773176254,11.155435903606515,6.881821388613093,10.011085563134147,10.782753031469557,10.686488919637513,20.635287595115393,0.0,CAFÉ CEREZA
S0238,-100.433621,17.1655115,11267.0,9.329633378164166,12,MEX-196|Milpillas - T. C. (Acapulco - Zihuatanejo),106_23,False,2.0,0,60,6.0,13,19100.0,37,0.6076439790575916,51218.0,0.3541333125073216,9.076274997064925,181,0.4775089030299492,244.68182932716155,953,48181.59,915780801.22,22.0,1.4127724378174389,0.4977004702418496,0.1041466252981688,0.0,False,federal,Carretera,Con pavimento,Asfalto,No,Federal,Fed.,Un sentido,CAFÉ CEREZA,0,0,0,0,0,0,0,0,0,0,0,0,0,0,1.0986122886681098,0.0,1.9459101490553132,2.6390573296152584,9.857495968685136,3.6375861597263857,10.843865835939344,4.604134906592598,11.134837168642433,5.504037322079942,6.860663671448287,10.782753031469557,10.686488919637513,20.635287595115393,0.0,CAFÉ CEREZA
S0239,-99.529366,17.142184,2889.0,7.968665700466235,12,MEX-198|Tierra Colorada - Cruz Grande,110_23,False,2.0,0,60,6.0,1,15340.0,11,0.2006518904823989,23655.0,0.4816317903191714,8.24076805954999,84,0.6258294610860582,2351.994195945905,358,15829.22,327396714.5,21.0,1.2943604610779882,0.4724174659269377,0.0245634339531575,0.0,False,federal,Carretera,Con pavimento,Asfalto,No,Federal,Fed.,Dos sentidos,PASTOS Y PRADERAS,0,0,0,0,0,0,0,0,0,0,0,0,0,0,1.0986122886681098,0.0,1.9459101490553132,0.6931471805599453,9.638284261844774,2.4849066497880004,10.071372061532314,4.604427122999275,10.973734659647342,7.763443922062996,5.883322388488279,9.669676050441153,9.66717770469016,19.606683190780124,0.0,PASTOS Y PRADERAS
S0240,-99.265643,16.985866,4059.0,8.308691916838898,12,MEX-198|Tierra Colorada - Cruz Grande,111_22,False,2.0,0,60,6.0,181,11914.0,21,0.6147389625650496,40511.0,0.6533287255313371,7.930734287338424,112,0.6482246617754472,606.4280284451435,4590,20536.75,374776462.92,15.0,1.5701209235303015,0.3734719466322568,0.0326560921275274,0.0,False,federal,Carretera,Con pavimento,Asfalto,No,Federal,Fed.,Dos sentidos,MAÍZ GRANO,0,0,0,0,0,0,0,0,0,0,0,0,0,0,1.0986122886681098,0.0,1.9459101490553132,5.204006687076795,9.385553389532843,3.091042453358316,10.609353505503847,4.595894614976887,11.426604758503702,6.409233696501141,8.431853144249223,9.93001993512597,9.928850671993837,19.741840309985367,0.0,MAÍZ GRANO
S0241,-99.1082625,16.9635665,4945.5,8.506233351179896,12,MEX-198|Tierra Colorada - Cruz Grande,112_22,False,2.0,0,30,3.5,180,23948.0,20,0.2390178720561216,36088.0,0.4950121924185324,8.08956972841013,173,0.7272267968094941,578.0611602465866,21,24669.65,459760077.0499999,20.0,1.6356270674229036,0.3715293893508825,0.034424890503108,0.0,False,federal,Camino,Sin pavimento,Tierra,No,N/D,N/D,Dos sentidos,MAÍZ GRANO,1,0,0,0,0,0,0,0,0,0,0,0,0,0,1.0986122886681098,0.0,1.5040773967762742,5.198497031265826,10.083681848313908,3.044522437723423,10.493743388746434,4.582178493050196,11.440645052580592,6.361408102817573,3.091042453358316,10.113369556967145,10.111828077693971,19.94621534192623,0.0,MAÍZ GRANO
S0242,-99.131915,16.745849,2591.0,7.85979918056211,12,MEX-198|Tierra Colorada - Cruz Grande,112_21,False,2.0,0,60,7.0,0,14847.0,11,0.0947666195190947,24120.0,0.4427860696517413,8.15128305176207,159,0.6707171049713956,2584.809251312041,13440,14840.3,372996172.68,20.0,1.5492801586433858,0.4292366057289947,0.1658726575608309,0.0,False,federal,Carretera,Con pavimento,Asfalto,No,Federal,Fed.,Dos sentidos,COPRA,0,0,0,0,0,0,0,0,0,0,0,0,0,0,1.0986122886681098,0.0,2.0794415416798357,0.0,9.605620455025981,2.4849066497880004,10.090838109351523,4.602699104689446,11.12207306922991,7.857793794550939,9.506065016071148,9.605169113962788,9.60409045974887,19.73707871932491,0.0,COPRA
S0243,-99.9600035,16.897712,22089.5,10.00285766148167,12,MEX-200|Acapulco - Zihuatanejo,108_21,False,2.0,0,5,2.5,378,947.0,4,1.0,676059.0,0.0171863698286688,10.227884701006284,137,0.0673517700765823,2248.54089259729,21,34609.899999999994,1010445679.69,34.0,1.5317762419692391,0.5963033698450444,0.052880823117085,0.0,False,federal,Andador,FALTANTE,FALTANTE,No,FALTANTE,FALTANTE,Cerrada en ambos sentidos,MAÍZ GRANO,1,0,0,0,0,0,0,0,0,0,0,0,0,0,1.0986122886681098,0.0,1.252762968495368,5.937536205082426,6.854354502255021,1.6094379124341003,13.424037108482846,4.5960121607306,13.510500553630166,7.718481426643357,3.091042453358316,10.451923940336364,10.450102045872425,20.733657338479382,0.0,MAÍZ GRANO
S0244,-99.979619,16.961403,9371.0,9.145375093123825,12,MEX-200|Acapulco - Zihuatanejo,108_22,False,2.0,0,80,7.0,167,16241.0,18,0.6409703835970691,19370.0,0.6989674754775426,8.16844977263332,123,0.0752844726872454,913.8027866560489,5831,32706.29,701702503.3399999,21.0,1.425665440684433,0.4602249292108643,0.0923048746892417,0.0,False,federal,Carretera,Con pavimento,Asfalto,No,Federal,Fed.,Dos sentidos,MAÍZ GRANO,0,0,0,0,0,0,0,0,0,0,0,0,0,0,1.0986122886681098,0.0,2.0794415416798357,5.123963979403259,9.695355758842355,2.9444389791664403,9.871532381294577,4.6034060216042185,13.514953963376358,6.818708508335557,8.671115273688494,10.395353267818672,10.386863559165006,20.369020089177244,0.0,MAÍZ GRANO
S0245,-100.098407,17.010145,10033.0,9.213634938925614,12,MEX-200|Acapulco - Zihuatanejo,108_22,False,2.0,0,80,6.5,82,24210.0,25,0.4272614622057001,31540.0,0.5603677869372226,9.022611070532566,108,0.6237241602067184,425.35246067846265,11,32706.29,701702503.3399999,21.0,1.425665440684433,0.4602249292108643,0.0923048746892417,0.0,False,federal,Carretera,Con pavimento,Asfalto,No,Federal,Fed.,Dos sentidos,MAÍZ GRANO,0,0,0,0,0,0,0,0,0,0,0,0,0,0,1.0986122886681098,0.0,2.0149030205422647,4.418840607796598,10.094562354324832,3.258096538021482,10.359043565784862,4.596024133095724,11.033614658004002,6.055266376670085,2.4849066497880004,10.395353267818672,10.386863559165006,20.369020089177244,0.0,MAÍZ GRANO
S0246,-100.117378,17.011969,5980.0,8.696175846944678,12,MEX-200|Acapulco - Zihuatanejo,108_22,False,2.0,0,80,12.0,2,22914.0,21,0.3948677664310028,31441.0,0.5589834928914474,9.040304295182256,114,0.6278412267390784,247.3388158856484,504,32706.29,701702503.3399999,21.0,1.425665440684433,0.4602249292108643,0.0923048746892417,0.0,False,federal,Carretera,Con pavimento,Asfalto,No,Federal,Fed.,Dos sentidos,MAÍZ GRANO,0,0,0,0,0,0,0,0,0,0,0,0,0,0,1.0986122886681098,0.0,2.5649493574615367,1.0986122886681098,10.039546996943224,3.091042453358316,10.35589985775146,4.5948390827017676,11.044616399140562,5.514794006859621,6.22455842927536,10.395353267818672,10.386863559165006,20.369020089177244,0.0,MAÍZ GRANO
S0247,-100.384021,17.132971,6549.0,8.787067645218054,12,MEX-200|Acapulco - Zihuatanejo,106_22,False,2.0,0,80,12.0,3,5463.0,16,1.0,27232.0,0.6249632784958872,8.751002283777812,161,0.4828004680930985,261.2237688253929,104,48181.59,915780801.22,22.0,1.4127724378174389,0.4977004702418496,0.1041466252981688,0.0,False,federal,Carretera,Con pavimento,Asfalto,No,Federal,Fed.,Dos sentidos,CAFÉ CEREZA,0,0,0,0,0,0,0,0,0,0,0,0,0,0,1.0986122886681098,0.0,2.5649493574615367,1.3862943611198906,8.605936401250625,2.833213344056216,10.212184752202996,4.599520207395463,11.145016223388499,5.569198218728982,4.653960350157523,10.782753031469557,10.686488919637513,20.635287595115393,0.0,CAFÉ CEREZA
S0248,-100.445212,17.153586,10099.0,9.220191688026556,12,MEX-200|Acapulco - Zihuatanejo,106_23,False,2.0,0,80,7.0,10,17944.0,38,0.5823673651359786,51321.0,0.3554295512558212,9.0803154296875,177,0.4772189608341365,125.25539773722916,5,10536.32,347905478.58,17.0,1.0364913025557951,0.726819231002855,0.1793795177063718,0.0,False,federal,Carretera,Con pavimento,Asfalto,No,Federal,Fed.,Dos sentidos,COPRA,0,0,0,0,0,0,0,0,0,0,0,0,0,0,1.0986122886681098,0.0,2.0794415416798357,2.3978952727983707,9.795066803581708,3.6635616461296463,10.845874789131557,4.602174615504588,11.134282407905264,4.838306821595818,1.791759469228055,9.262678520313681,9.255965532802458,19.667441390443663,0.0,COPRA
S0249,-100.478602,17.147681,5704.0,8.648922962094131,12,MEX-200|Acapulco - Zihuatanejo,106_22,False,2.0,0,80,7.0,99,14817.0,29,0.4942296011338327,50260.0,0.3418225228810187,9.120913841244514,172,0.3309127829340161,495.0650936328288,2,10536.32,347905478.58,17.0,1.0364913025557951,0.726819231002855,0.1793795177063718,0.0,False,federal,Carretera,Con pavimento,Asfalto,No,Federal,Fed.,Dos sentidos,COPRA,0,0,0,0,0,0,0,0,0,0,0,0,0,0,1.0986122886681098,0.0,2.0794415416798357,4.605170185988092,9.603597936976602,3.4011973816621555,10.824984707437652,4.6022420387829435,11.414364005479566,6.206707155277046,1.0986122886681098,9.262678520313681,9.255965532802458,19.667441390443663,0.0,COPRA
S0250,-100.615533,17.190331,7518.0,8.925055424124123,12,MEX-200|Acapulco - Zihuatanejo,105_23,False,2.0,0,80,12.0,6,27554.0,16,0.0988967119111562,33726.0,0.2638024076380241,8.727711605260813,164,0.3117869366799772,483.21795345365,27,50091.170000000006,2414812809.63,27.0,1.7679600154670772,0.3069403250113742,0.4232482491425135,0.0,False,federal,Carretera,Con pavimento,Asfalto,No,Federal,Fed.,Dos sentidos,COPRA,0,0,0,0,0,0,0,0,0,0,0,0,0,0,1.0986122886681098,0.0,2.5649493574615367,1.9459101490553132,10.223939286317336,2.833213344056216,10.426053982505138,4.604521379237109,11.340296780147174,6.182535122407333,3.332204510175204,10.821619987433655,10.784320418857902,21.60488760992051,0.0,COPRA
S0251,-100.6298055,17.217427999999998,10555.5,9.264402330074711,12,MEX-200|Acapulco - Zihuatanejo,105_23,False,2.0,0,10,6.0,473,27538.0,17,0.0983731570920183,33684.0,0.262884455527847,8.706489171822943,149,0.3691719198266945,635.6047171451785,16447,50091.170000000006,2414812809.63,27.0,1.7679600154670772,0.3069403250113742,0.4232482491425135,0.0,False,federal,Cerrada,FALTANTE,FALTANTE,No,FALTANTE,FALTANTE,Dos sentidos,COPRA,0,0,0,0,0,0,0,0,0,0,0,0,0,0,1.0986122886681098,0.0,1.9459101490553132,6.161207321695077,10.223358460802768,2.8903717578961645,10.42480791339476,4.6035443372584846,10.84427575601067,6.456148924724998,9.707959168254892,10.821619987433655,10.784320418857902,21.60488760992051,0.0,COPRA
S0252,-100.660183,17.205316,8597.0,9.059168584174444,12,MEX-200|Acapulco - Zihuatanejo,105_23,False,2.0,0,80,6.5,7,29335.0,16,0.1536049088119993,34584.0,0.2820668517233403,8.643095272558838,139,0.395961561853789,131.06424971618574,37,50091.170000000006,2414812809.63,27.0,1.7679600154670772,0.3069403250113742,0.4232482491425135,0.0,False,federal,Carretera,Con pavimento,Asfalto,No,Federal,Fed.,Dos sentidos,COPRA,0,0,0,0,0,0,0,0,0,0,0,0,0,0,1.0986122886681098,0.0,2.0149030205422647,2.0794415416798357,10.286570709751162,2.833213344056216,10.451175341034686,4.6043585377098095,10.623909375230953,4.883288544440883,3.6375861597263857,10.821619987433655,10.784320418857902,21.60488760992051,0.0,COPRA
S0253,-100.760514,17.21772,3795.0,8.24143968982973,12,MEX-200|Acapulco - Zihuatanejo,105_23,False,2.0,0,80,12.0,4,3640.0,10,1.0,6161.0,1.0,7.084641226353555,111,0.3015803423743,1036.3558268576442,2033,50091.170000000006,2414812809.63,27.0,1.7679600154670772,0.3069403250113742,0.4232482491425135,0.0,False,federal,Carretera,Con pavimento,Asfalto,No,Federal,Fed.,Dos sentidos,COPRA,0,0,0,0,0,0,0,0,0,0,0,0,0,0,1.0986122886681098,0.0,2.5649493574615367,1.6094379124341003,8.200013648175434,2.3978952727983707,8.726156679156613,4.599071223056917,10.823371819920414,6.94443028038381,7.617759576608505,10.821619987433655,10.784320418857902,21.60488760992051,0.0,COPRA
S0254,-100.844959,17.246392,6988.0,8.851949671253948,12,MEX-200|Acapulco - Zihuatanejo,104_23,False,2.0,0,80,12.0,3,5409.0,11,0.0695137733407284,12491.0,0.1820510767752782,7.541341060935362,99,0.5990660440293529,964.3217095338364,2,50091.170000000006,2414812809.63,27.0,1.7679600154670772,0.3069403250113742,0.4232482491425135,0.0,False,federal,Carretera,Con pavimento,Asfalto,No,Federal,Fed.,Dos sentidos,COPRA,0,0,0,0,0,0,0,0,0,0,0,0,0,0,1.0986122886681098,0.0,2.5649493574615367,1.3862943611198906,8.596004371840527,2.4849066497880004,9.43284371840297,4.601600965257994,10.145806083236378,6.87246142353624,1.0986122886681098,10.821619987433655,10.784320418857902,21.60488760992051,0.0,COPRA
S0255,-100.947576,17.272514,5397.0,8.593598522618644,12,MEX-200|Acapulco - Zihuatanejo,104_23,False,2.0,0,80,12.0,8,2388.0,12,1.0,13746.0,0.2567292303215481,7.500654478976233,87,0.4490097789465034,657.7781627877545,309,50091.170000000006,2414812809.63,27.0,1.7679600154670772,0.3069403250113742,0.4232482491425135,0.0,False,federal,Carretera,Con pavimento,Asfalto,No,Federal,Fed.,Dos sentidos,COPRA,0,0,0,0,0,0,0,0,0,0,0,0,0,0,1.0986122886681098,0.0,2.5649493574615367,2.1972245773362196,7.77863014732581,2.5649493574615367,9.52857589747142,4.599782167948244,10.099835281063175,6.490386850801706,5.736572297479192,10.821619987433655,10.784320418857902,21.60488760992051,0.0,COPRA
S0256,-101.047821,17.315187,3800.0,8.242756345714477,12,MEX-200|Acapulco - Zihuatanejo,104_23,False,2.0,0,80,6.5,92,4572.0,11,0.3016185476815398,8668.0,0.6316335948315643,7.098398193189716,85,0.4248337979841304,677.9547425656714,89,50091.170000000006,2414812809.63,27.0,1.7679600154670772,0.3069403250113742,0.4232482491425135,0.0,False,federal,Carretera,Con pavimento,Asfalto,No,Federal,Fed.,Dos sentidos,COPRA,0,0,0,0,0,0,0,0,0,0,0,0,0,0,1.0986122886681098,0.0,2.0149030205422647,4.532599493153256,8.427924723658055,2.4849066497880004,9.06750872286864,4.585404133898517,10.056895099165441,6.520554472267579,4.499809670330265,10.821619987433655,10.784320418857902,21.60488760992051,0.0,COPRA
S0257,-101.2813875,17.539774,6040.0,8.706159290928861,12,MEX-200|Acapulco - Zihuatanejo,103_24,False,2.0,0,30,3.5,219,24002.0,18,0.0266227814348804,33672.0,0.09847944880019,8.350360416666668,106,0.2934385401391895,746.166717524951,23363,28637.449999999997,871223388.41,21.0,1.580936836618609,0.4103183069721641,0.264242451754608,0.0,False,federal,Camino,Sin pavimento,Tierra,No,N/D,N/D,Dos sentidos,MAÍZ GRANO,1,0,0,0,0,0,0,0,0,0,0,0,0,0,1.0986122886681098,0.0,1.5040773967762742,5.393627546352362,10.085934101518234,2.9444389791664403,10.424451608275042,4.601964731553311,10.668117834717938,6.616288342995574,10.0589516551602,10.262505499498303,10.22996176073809,20.585408976571127,0.0,MAÍZ GRANO
S0258,-101.353813,17.572052,6889.0,8.837681215593197,12,MEX-200|Acapulco - Zihuatanejo,102_24,False,2.0,0,80,7.0,212,8913.0,11,0.2154156849545607,37140.0,0.1826602046311254,8.302498111171074,120,0.3288241227754161,1195.5645984649104,6993,28637.449999999997,871223388.41,21.0,1.580936836618609,0.4103183069721641,0.264242451754608,0.0,False,federal,Carretera,Con pavimento,Asfalto,No,Federal,Fed.,Dos sentidos,MAÍZ GRANO,0,0,0,0,0,0,0,0,0,0,0,0,0,0,1.0986122886681098,0.0,2.0794415416798357,5.3612921657094255,9.0953783535065,2.4849066497880004,10.52247675969231,4.601641812356707,10.924444559138633,7.087209895414582,8.852807917623322,10.262505499498303,10.22996176073809,20.585408976571127,0.0,MAÍZ GRANO
S0259,-101.451803,17.619472,10161.0,9.22631214148588,12,MEX-200|Acapulco - Zihuatanejo,102_25,False,2.0,0,80,7.0,6,17179.0,24,0.5980557657605216,19243.0,0.6411682170139791,8.75761387946778,125,0.1749287749287749,170.4255027521403,5,17759.48,572131078.13,21.0,1.4612989950935529,0.5557155952764382,0.178774378529101,0.0,False,federal,Carretera,Con pavimento,Asfalto,No,Federal,Fed.,Dos sentidos,MAÍZ GRANO,0,0,0,0,0,0,0,0,0,0,0,0,0,0,1.0986122886681098,0.0,2.0794415416798357,1.9459101490553132,9.751501195538246,3.2188758248682006,9.864954602819344,4.602920586182304,11.68974022046111,5.144148785948046,1.791759469228055,9.784731043207964,9.759125144226513,20.164878682409267,0.0,MAÍZ GRANO
S0260,-101.487902,17.638462,19745.0,9.89065557372075,12,MEX-200|Acapulco - Zihuatanejo,102_25,False,2.0,0,80,7.0,197,12774.0,16,0.459448880538594,90780.0,0.1444701476096056,9.331590866492466,124,0.1640026652491933,189.52277851290373,861,17759.48,572131078.13,21.0,1.4612989950935529,0.5557155952764382,0.178774378529101,0.0,False,federal,Carretera,Con pavimento,Asfalto,No,Federal,Fed.,Dos sentidos,MAÍZ GRANO,0,0,0,0,0,0,0,0,0,0,0,0,0,0,1.0986122886681098,0.0,2.0794415416798357,5.288267030694535,9.455245415071905,2.833213344056216,11.416205291591996,4.608173970413795,11.802395937281226,5.249771759664778,6.759255270663693,9.784731043207964,9.759125144226513,20.164878682409267,0.0,MAÍZ GRANO
S0261,-101.5152535,17.646717000000002,23316.0,10.05689509916544,12,MEX-200|Acapulco - Zihuatanejo,102_25,False,2.0,0,80,8.0,233,80168.0,13,0.0312219339387286,101574.0,0.0994644298737866,9.753015749505057,115,0.1599964689548909,1046.426037444378,23,17759.48,572131078.13,21.0,1.4612989950935529,0.5557155952764382,0.178774378529101,0.0,False,federal,Carretera,Con pavimento,Asfalto,No,Federal,Fed.,Un sentido,MAÍZ GRANO,0,0,0,0,0,0,0,0,0,0,0,0,0,0,1.0986122886681098,0.0,2.1972245773362196,5.455321115357702,11.291892185465377,2.6390573296152584,11.528552720855927,4.591171966624133,11.732944138936913,6.9540910406584,3.1780538303479458,9.784731043207964,9.759125144226513,20.164878682409267,0.0,MAÍZ GRANO
S0262,-99.8114075,16.8481145,32463.0,10.387856258239758,12,MEX-200|La Sabana - Puerto Marqués,109_21,False,2.0,0,50,7.0,1199,16455.0,49,0.4850805226374962,690273.0,0.02717910160183,10.17338959499716,157,0.073354934488631,2163.857190455091,2805,34609.899999999994,1010445679.69,34.0,1.5317762419692391,0.5963033698450444,0.052880823117085,0.0,False,federal,Carretera,Con pavimento,Concreto,No,Federal,Fed.,Un sentido,MAÍZ GRANO,0,0,0,0,0,0,0,0,0,0,0,0,0,0,1.0986122886681098,0.0,2.0794415416798357,7.090076835776092,9.708445431332793,3.912023005428146,13.444843899198803,4.596144352818756,13.516603048723839,7.680109675422651,7.939515260662406,10.451923940336364,10.450102045872425,20.733657338479382,0.0,MAÍZ GRANO
S0263,-99.821607,16.80807,38318.0,10.553675038655935,12,MEX-200|La Sabana - Puerto Marqués,109_21,False,2.0,0,50,7.0,446,574.0,4,1.0,684897.0,0.0195430845806011,10.191722264732856,133,0.0565482706158497,4266.640317058475,557,34609.899999999994,1010445679.69,34.0,1.5317762419692391,0.5963033698450444,0.052880823117085,0.0,False,federal,Carretera,Con pavimento,Concreto,No,Federal,Fed.,Un sentido,MAÍZ GRANO,0,0,0,0,0,0,0,0,0,0,0,0,0,0,1.0986122886681098,0.0,2.0794415416798357,6.102558594613569,6.354370040797351,1.6094379124341003,13.437025201047406,4.59608574399187,13.489368975903602,8.358816334516677,6.324358962381311,10.451923940336364,10.450102045872425,20.733657338479382,0.0,MAÍZ GRANO
S0264,-99.833808,16.885744000000003,38025.0,10.545999117127494,12,MEX-200|Las Cruces - Pinotepa Nacional,109_21,False,2.0,0,40,7.0,749,9519.0,47,1.0,688937.0,0.0277224187407556,10.182531822906684,156,0.0731088200010431,1755.6340114967943,1012,34609.899999999994,1010445679.69,34.0,1.5317762419692391,0.5963033698450444,0.052880823117085,0.0,False,federal,Carretera,Con pavimento,Concreto,No,Federal,Fed.,Un sentido,MAÍZ GRANO,0,0,0,0,0,0,0,0,0,0,0,0,0,0,1.0986122886681098,0.0,2.0794415416798357,6.620073206530356,9.161150127785412,3.871201010907891,13.442906560460647,4.595978980147887,13.524786530120743,7.471154763413753,6.920671504248683,10.451923940336364,10.450102045872425,20.733657338479382,0.0,MAÍZ GRANO
S0265,-99.802534,16.859698,29274.0,10.284455029043892,12,MEX-200|Las Cruces - Pinotepa Nacional,109_21,False,1.0,0,10,3.0,222,18262.0,54,0.536031102836491,695749.0,0.0269809945828165,10.15377257835669,167,0.0787880981392786,739.167691656098,1,34609.899999999994,1010445679.69,34.0,1.5317762419692391,0.5963033698450444,0.052880823117085,0.0,False,federal,Privada,FALTANTE,FALTANTE,No,FALTANTE,FALTANTE,Dos sentidos,MAÍZ GRANO,0,0,0,0,0,0,0,0,0,0,0,0,0,0,0.6931471805599453,0.0,1.3862943611198906,5.407171771460119,9.812632434192041,4.007333185232471,13.452745679388137,4.5961405987320605,13.522483560147451,6.606876770872048,0.6931471805599453,10.451923940336364,10.450102045872425,20.733657338479382,0.0,MAÍZ GRANO
S0266,-99.76033525,16.8306595,10249.0,9.234935418831563,12,MEX-200|Las Cruces - Pinotepa Nacional,109_21,False,1.0,0,10,3.0,27,18300.0,19,0.2949180327868852,40026.0,0.5121670913905961,7.593974391099528,163,0.0743297486018469,243.2687508266719,105,34609.899999999994,1010445679.69,34.0,1.5317762419692391,0.5963033698450444,0.052880823117085,0.0,False,federal,Cerrada,FALTANTE,FALTANTE,No,FALTANTE,FALTANTE,Dos sentidos,MAÍZ GRANO,0,0,0,0,0,0,0,0,0,0,0,0,0,0,0.6931471805599453,0.0,1.3862943611198906,3.332204510175204,9.814710982145282,2.995732273553991,10.597309505386036,4.6040818478340695,13.517655583225475,5.498269056969843,4.663439094112067,10.451923940336364,10.450102045872425,20.733657338479382,0.0,MAÍZ GRANO
S0267,-99.7157015,16.8243685,9306.0,9.138414632404594,12,MEX-200|Las Cruces - Pinotepa Nacional,109_21,False,2.0,0,80,7.0,66,12006.0,15,0.6310178244211228,42571.0,0.5413309529961711,7.406558487371243,175,0.087667605943303,723.8443683124422,1,34609.899999999994,1010445679.69,34.0,1.5317762419692391,0.5963033698450444,0.052880823117085,0.0,False,federal,Carretera,Con pavimento,Asfalto,No,Federal,Fed.,Un sentido,MAÍZ GRANO,0,0,0,0,0,0,0,0,0,0,0,0,0,0,1.0986122886681098,0.0,2.0794415416798357,4.204692619390966,9.393245092030718,2.772588722239781,10.658952039160935,4.604479083877437,13.522909741634843,6.585956967414344,0.6931471805599453,10.451923940336364,10.450102045872425,20.733657338479382,0.0,MAÍZ GRANO
S0268,-99.672394,16.815815,7603.0,8.936298185228436,12,MEX-200|Las Cruces - Pinotepa Nacional,109_21,False,2.0,0,80,12.0,104,13827.0,15,0.7169306429449628,36039.0,0.6933044757068731,6.994915324819545,167,0.7581889559003827,453.0199551093182,1552,34609.899999999994,1010445679.69,34.0,1.5317762419692391,0.5963033698450444,0.052880823117085,0.0,False,federal,Carretera,Con pavimento,Asfalto,No,Federal,Fed.,Dos sentidos,MAÍZ GRANO,0,0,0,0,0,0,0,0,0,0,0,0,0,0,1.0986122886681098,0.0,2.5649493574615367,4.653960350157523,9.534450801041515,2.772588722239781,10.492384711722273,4.604336776291917,11.299113241084903,6.118141151060682,7.347943823148687,10.451923940336364,10.450102045872425,20.733657338479382,0.0,MAÍZ GRANO
S0269,-99.580244,16.756194,4429.0,8.395929103923198,12,MEX-200|Las Cruces - Pinotepa Nacional,110_21,False,2.0,0,80,12.0,12,2526.0,13,1.0,20345.0,1.0,6.920150449874625,112,0.8142977150537635,370.7375070172417,457,39094.899999999994,952015824.14,21.0,1.5932045572971727,0.5108031993942944,0.0839546846263835,0.0,False,federal,Carretera,Con pavimento,Asfalto,No,Federal,Fed.,Dos sentidos,MAÍZ GRANO,0,0,0,0,0,0,0,0,0,0,0,0,0,0,1.0986122886681098,0.0,2.5649493574615367,2.5649493574615367,7.834788107388194,2.6390573296152584,9.920639611353694,4.598068273420631,10.994084470441106,5.918187978903998,6.126869184114185,10.573772881140295,10.573760091993675,20.674092215663695,0.0,MAÍZ GRANO
S0270,-99.389606,16.786212499999998,6039.0,8.705993714307901,12,MEX-200|Las Cruces - Pinotepa Nacional,111_21,False,2.0,0,30,6.0,278,14867.0,13,0.0818591511401089,16745.0,0.1848312929232606,8.287517955470433,106,0.575818500778586,772.674119400705,21,39094.899999999994,952015824.14,21.0,1.5932045572971727,0.5108031993942944,0.0839546846263835,0.0,False,federal,Calle,FALTANTE,FALTANTE,No,FALTANTE,FALTANTE,Dos sentidos,MAÍZ GRANO,0,0,0,0,0,0,0,0,0,0,0,0,0,0,1.0986122886681098,0.0,1.9459101490553132,5.631211781821365,9.606966531417143,2.6390573296152584,9.725914702764378,4.599326405455921,10.834351576259744,6.651150750563858,3.091042453358316,10.573772881140295,10.573760091993675,20.674092215663695,0.0,MAÍZ GRANO
S0271,-99.199564,16.779813,4807.0,8.47782846789396,12,MEX-200|Las Cruces - Pinotepa Nacional,111_21,False,2.0,0,80,12.0,13,7063.0,15,0.325782245504743,13334.0,0.6428678566071696,7.526668420261536,166,0.7107717731555782,391.21822140717813,439,39094.899999999994,952015824.14,21.0,1.5932045572971727,0.5108031993942944,0.0839546846263835,0.0,False,federal,Carretera,Con pavimento,Asfalto,No,Federal,Fed.,Dos sentidos,MAÍZ GRANO,0,0,0,0,0,0,0,0,0,0,0,0,0,0,1.0986122886681098,0.0,2.5649493574615367,2.6390573296152584,8.862766742283796,2.772588722239781,9.498147436616115,4.601189671501666,11.049841837189659,5.9718183721608,6.0867747269123065,10.573772881140295,10.573760091993675,20.674092215663695,0.0,MAÍZ GRANO
S0272,-99.116928,16.712929,7423.0,8.912338567117548,12,MEX-200|Las Cruces - Pinotepa Nacional,112_21,False,2.0,0,80,12.0,195,15579.0,16,0.1373002118236087,23197.0,0.4206147346639651,8.21426987140761,151,0.5779478704589603,757.6720932934729,35,14840.3,372996172.68,20.0,1.5492801586433858,0.4292366057289947,0.1658726575608309,0.0,False,federal,Carretera,Con pavimento,Asfalto,No,Federal,Fed.,Dos sentidos,COPRA,0,0,0,0,0,0,0,0,0,0,0,0,0,0,1.0986122886681098,0.0,2.5649493574615367,5.278114659230517,9.65374331942474,2.833213344056216,10.051821347041821,4.603999110416646,11.14161537641205,6.631569659399815,3.58351893845611,9.605169113962788,9.60409045974887,19.73707871932491,0.0,COPRA
S0273,-98.9707465,16.6040435,6646.5,8.801845679307654,12,MEX-200|Las Cruces - Pinotepa Nacional,112_20,False,2.0,0,80,12.0,232,7241.0,8,0.0555171937577682,13348.0,0.487638597542703,7.597222055288461,97,0.5907740494230902,991.0645485034908,6839,10591.25,235259702.97000003,19.0,1.5802304543691426,0.3159683701168417,0.0998937802431252,0.0,False,federal,Carretera,Con pavimento,Asfalto,No,Federal,Fed.,Dos sentidos,MAÍZ GRANO,0,0,0,0,0,0,0,0,0,0,0,0,0,0,1.0986122886681098,0.0,2.5649493574615367,5.4510384535657,8.887652690325586,2.1972245773362196,9.499196754655733,4.601044038076919,10.678721504094183,6.899788174223912,8.830543010616596,9.267877880617283,9.264975326792108,19.276200585185823,0.0,MAÍZ GRANO
S0274,-98.923506,16.5933345,4625.5,8.439339752211373,12,MEX-200|Las Cruces - Pinotepa Nacional,113_20,False,2.0,0,80,12.0,1,1930.0,11,1.0,12810.0,0.4661202185792349,7.827173776662485,97,0.5804745602644316,75.83761130989011,11,10591.25,235259702.97000003,19.0,1.5802304543691426,0.3159683701168417,0.0998937802431252,0.0,False,federal,Carretera,Con pavimento,Asfalto,No,Federal,Fed.,Dos sentidos,MAÍZ GRANO,0,0,0,0,0,0,0,0,0,0,0,0,0,0,1.0986122886681098,0.0,2.5649493574615367,0.6931471805599453,7.565793282428515,2.4849066497880004,9.458059455856434,4.598938977631456,10.653865366550345,4.341694250872262,2.4849066497880004,9.267877880617283,9.264975326792108,19.276200585185823,0.0,MAÍZ GRANO
S0275,-98.815748,16.5818545,6217.5,8.73512317567756,12,MEX-200|Las Cruces - Pinotepa Nacional,113_20,False,2.0,0,30,6.0,240,12569.0,22,0.4544514281167953,16528.0,0.5851282671829623,8.060266820640614,93,0.5363871245559264,277.0714359600082,6857,7011.0,217101105.68,14.0,1.6559862644082328,0.4484096419911567,0.0,0.0,False,federal,Calle,FALTANTE,FALTANTE,No,FALTANTE,FALTANTE,Dos sentidos,MAÍZ GRANO,0,0,0,0,0,0,0,0,0,0,0,0,0,0,1.0986122886681098,0.0,1.9459101490553132,5.484796933490655,9.439068301584292,3.1354942159291497,9.712871692917354,4.576742050956275,10.522907457698913,5.627878044565994,8.833171133022866,8.855378246041125,8.854093907655518,19.195873732394258,0.0,MAÍZ GRANO
S0276,-98.622839,16.633578,3792.0,8.240648863374913,12,MEX-200|Las Cruces - Pinotepa Nacional,114_20,False,2.0,0,80,12.0,42,4782.0,5,0.2618151401087411,9797.0,0.6396856180463407,6.856513601963591,164,0.6844505049644182,1648.9486197358574,3530,13316.100000000002,338101707.59000003,10.0,1.2403254497169354,0.6045313567786363,0.0660290926021883,0.0,False,federal,Carretera,Con pavimento,Asfalto,No,Federal,Fed.,Dos sentidos,PASTOS Y PRADERAS,0,0,0,0,0,0,0,0,0,0,0,0,0,0,1.0986122886681098,0.0,2.5649493574615367,3.7612001156935624,8.472823243680297,1.791759469228055,9.18993356219852,4.5901017890631435,10.756518944771091,7.408499426855754,8.169336395928386,9.49680420267272,9.495940278223639,19.638857321170224,0.0,PASTOS Y PRADERAS
S0277,-98.5005385,16.652598,4389.5,8.386970604366264,12,MEX-200|Las Cruces - Pinotepa Nacional,114_20,False,2.0,0,80,12.0,6,4429.0,20,1.0,12893.0,1.0,7.0293727514468936,207,0.4498639697863694,577.0180074255591,1041,19594.72,348110060.43999994,25.0,0.9102784644449337,0.6737018952044224,0.1544803906358447,0.0,False,federal,Carretera,Con pavimento,Asfalto,No,Federal,Fed.,Dos sentidos,PASTOS Y PRADERAS,0,0,0,0,0,0,0,0,0,0,0,0,0,0,1.0986122886681098,0.0,2.5649493574615367,1.9459101490553132,8.39615486303918,3.044522437723423,9.464517365870565,4.581916275775552,11.374972884711744,6.35960502290258,6.948897222313312,9.88306645402605,9.881727510753564,19.668029256242153,0.0,PASTOS Y PRADERAS
S0278,-98.4183885,16.471573499999998,4212.0,8.345692873253865,12,MEX-200|Las Cruces - Pinotepa Nacional,115_20,False,2.0,0,30,6.0,244,11293.0,11,0.0042504206145399,12970.0,0.1329992289899768,7.950907391541397,125,0.5156558061821219,181.71196601084944,11245,28942.47,889905972.11,22.0,1.7651031161239783,0.4339988950493859,0.1890889063718473,0.0,False,federal,Calle,FALTANTE,FALTANTE,No,FALTANTE,FALTANTE,Dos sentidos,PASTOS Y PRADERAS,0,0,0,0,0,0,0,0,0,0,0,0,0,0,1.0986122886681098,0.0,1.9459101490553132,5.501258210544727,9.332026890232783,2.4849066497880004,9.470471375340674,4.582283387555304,10.306482946743365,5.207910956646178,9.327767788852148,10.273099896245755,10.272062855479733,20.606626366918285,0.0,PASTOS Y PRADERAS
S0279,-98.343737,16.443173,2176.0,7.685243607975833,12,MEX-200|Las Cruces - Pinotepa Nacional,115_20,False,2.0,0,80,6.0,5,6.0,3,1.0,11381.0,0.0119497407960636,8.17129732592004,61,0.3396810933940774,683.296041054644,1,28942.47,889905972.11,22.0,1.7651031161239783,0.4339988950493859,0.1890889063718473,0.0,False,federal,Carretera,Con pavimento,Asfalto,No,Federal,Fed.,Dos sentidos,PASTOS Y PRADERAS,0,0,0,0,0,0,0,0,0,0,0,0,0,0,1.0986122886681098,0.0,1.9459101490553132,1.791759469228055,1.9459101490553132,1.3862943611198906,9.339788439163069,4.590706712467758,9.99656797555214,6.528390632547363,0.6931471805599453,10.273099896245755,10.272062855479733,20.606626366918285,0.0,PASTOS Y PRADERAS
S0280,-98.0930345,16.377916,5255.5,8.56703042626341,12,MEX-200|Las Cruces - Pinotepa Nacional,116_19,False,2.0,0,80,6.0,4,0.0,0,0.2294825956519952,0.0,0.2492112922594695,9.16571748878924,0,0.217280653216424,28477.243847241953,1,28942.47,889905972.11,22.0,1.7651031161239783,0.4339988950493859,0.1890889063718473,0.0,False,federal,Carretera,Con pavimento,Asfalto,No,Federal,Fed.,Dos sentidos,PASTOS Y PRADERAS,0,1,1,1,1,1,0,0,0,0,0,0,0,0,1.0986122886681098,0.0,1.9459101490553132,1.6094379124341003,0.0,0.0,0.0,4.60540340767597,0.0,10.256895700957626,0.6931471805599453,10.273099896245755,10.272062855479733,20.606626366918285,0.0,PASTOS Y PRADERAS
S0281,-101.462729,17.618106,5459.0,8.605020901781758,12,MEX-200|Ramal a Aeropuerto Zihuatanejo,102_25,False,2.0,0,60,7.0,11,16343.0,23,0.5774949519672031,90003.0,0.1370843194115751,9.35751871003614,125,0.1610686903702315,464.23119637610927,1784,17759.48,572131078.13,21.0,1.4612989950935529,0.5557155952764382,0.178774378529101,0.0,False,federal,Carretera,Con pavimento,Asfalto,No,Federal,Fed.,Dos sentidos,MAÍZ GRANO,0,0,0,0,0,0,0,0,0,0,0,0,0,0,1.0986122886681098,0.0,2.0794415416798357,2.4849066497880004,9.701616136497458,3.1780538303479458,11.407609392769222,4.60811642023019,11.760433770256997,6.142534478533889,7.487173694213739,9.784731043207964,9.759125144226513,20.164878682409267,0.0,MAÍZ GRANO
S0282,-101.822028,17.945885,2006.0,7.603897968521881,12,MEX-200|Ramal a La Unión,100_26,False,2.0,0,60,6.5,0,3904.0,8,0.1810963114754098,5006.0,0.3613663603675589,7.433822231139648,70,0.7598046581517656,1398.449356614517,186,16613.92,1045290618.59,17.0,1.749842832158841,0.4002065737646504,0.4244633415834433,0.0,False,federal,Carretera,Con pavimento,Asfalto,No,Estatal,Gro.,Dos sentidos,MAÍZ GRANO,0,0,0,0,0,0,0,0,0,0,0,0,0,0,1.0986122886681098,0.0,2.0149030205422647,0.0,8.270013062273787,2.1972245773362196,8.518592212329946,4.596725689895733,9.496346040047019,7.243834121530131,5.231108616854587,9.718056365850831,9.666113222308205,20.76756078857001,0.0,MAÍZ GRANO
S0283,-98.497427,16.661639,7150.0,8.874867635688053,12,MEX-200|San Juan de Los Llanos - Ometepec,114_20,False,2.0,0,60,6.0,7,5408.0,19,1.0,15726.0,0.8022383314256645,7.318551578408145,204,0.4492823571321865,517.6259467052943,1041,19594.72,348110060.43999994,25.0,0.9102784644449337,0.6737018952044224,0.1544803906358447,0.0,False,federal,Carretera,Con pavimento,Asfalto,No,Federal,Fed.,Dos sentidos,PASTOS Y PRADERAS,0,0,0,0,0,0,0,0,0,0,0,0,0,0,1.0986122886681098,0.0,1.9459101490553132,2.0794415416798357,8.595819511871428,2.995732273553991,9.663134259490725,4.584436489543373,11.373916239232809,6.251182904065286,6.948897222313312,9.88306645402605,9.881727510753564,19.668029256242153,0.0,PASTOS Y PRADERAS
S0284,-98.4373405,16.687635,11241.0,9.327323087461798,12,MEX-200|San Juan de Los Llanos - Ometepec,115_21,False,2.0,0,50,7.0,99,30156.0,27,0.0845271256134765,51268.0,0.2252867285636264,9.091514653519583,184,0.4145257463474475,130.79540107342396,4,38415.34,998900862.86,33.0,1.1299615293352665,0.6205854223859532,0.1239041487072612,0.0,False,federal,Boulevard,FALTANTE,FALTANTE,No,FALTANTE,FALTANTE,Un sentido,PASTOS Y PRADERAS,0,0,0,0,0,0,0,0,0,0,0,0,0,0,1.0986122886681098,0.0,2.0794415416798357,4.605170185988092,10.314172347678452,3.332204510175204,10.844841560003951,4.593513763567875,11.50743039468825,4.881250728238258,1.6094379124341003,10.556238168900837,10.55611451595311,20.7221660963133,0.0,PASTOS Y PRADERAS
S0285,-101.5609525,17.659146,35150.0,10.46737989723881,12,MEX-200|Zihuatanejo - La Mira,101_25,False,2.0,0,30,8.0,470,85787.0,9,0.0142329257346684,107148.0,0.0624276701385,9.651082037303262,105,0.1623224360769877,1243.6556694006558,13,17759.48,572131078.13,21.0,1.4612989950935529,0.5557155952764382,0.178774378529101,0.0,False,federal,Calle,FALTANTE,FALTANTE,No,FALTANTE,FALTANTE,Un sentido,MAÍZ GRANO,0,0,0,0,0,0,0,0,0,0,0,0,0,0,1.0986122886681098,0.0,2.1972245773362196,6.154858094016418,11.359634415554853,2.302585092994046,11.58197566814702,4.592439328058682,11.735716954317896,7.126614199883536,2.6390573296152584,9.784731043207964,9.759125144226513,20.164878682409267,0.0,MAÍZ GRANO
S0286,-101.574467,17.660795,25029.0,10.127790431570183,12,MEX-200|Zihuatanejo - La Mira,101_25,False,2.0,0,80,12.0,72,86686.0,10,0.0244560828738204,101519.0,0.0784582196436135,9.631434342240087,102,0.1608382638254205,553.794141141891,15,17759.48,572131078.13,21.0,1.4612989950935529,0.5557155952764382,0.178774378529101,0.0,False,federal,Carretera,Con pavimento,Asfalto,No,Federal,Fed.,Dos sentidos,MAÍZ GRANO,0,0,0,0,0,0,0,0,0,0,0,0,0,0,1.0986122886681098,0.0,2.5649493574615367,4.290459441148391,11.370059209196285,2.3978952727983707,11.52801110238827,4.591252425326589,11.733946765903337,6.318597128078303,2.772588722239781,9.784731043207964,9.759125144226513,20.164878682409267,0.0,MAÍZ GRANO
S0287,-101.573704,17.674924,6202.0,8.732627099660395,12,MEX-200|Zihuatanejo - La Mira,101_25,False,2.0,0,80,12.0,8,86720.0,11,0.0248385608856088,105557.0,0.0737989901190825,9.555453029355467,103,0.1625838040225931,773.6136913275736,698,17759.48,572131078.13,21.0,1.4612989950935529,0.5557155952764382,0.178774378529101,0.0,False,federal,Carretera,Con pavimento,Asfalto,No,Federal,Fed.,Dos sentidos,MAÍZ GRANO,0,0,0,0,0,0,0,0,0,0,0,0,0,0,1.0986122886681098,0.0,2.5649493574615367,2.1972245773362196,11.3704513479723,2.4849066497880004,11.5670158438671,4.59140440407944,11.736029015484418,6.652364442276334,6.54965074223381,9.784731043207964,9.759125144226513,20.164878682409267,0.0,MAÍZ GRANO
S0288,-101.602156,17.678542,8754.0,9.07726601775084,12,MEX-200|Zihuatanejo - La Mira,101_25,False,2.0,0,80,6.5,83,25868.0,11,0.1188340807174887,103287.0,0.0534433181329693,9.543931186086146,86,0.1477678898559692,226.63680265784808,224,17759.48,572131078.13,21.0,1.4612989950935529,0.5557155952764382,0.178774378529101,0.0,False,federal,Carretera,Con pavimento,Asfalto,No,Federal,Fed.,Dos sentidos,MAÍZ GRANO,0,0,0,0,0,0,0,0,0,0,0,0,0,0,1.0986122886681098,0.0,2.0149030205422647,4.430816798843313,10.160800619620435,2.4849066497880004,11.545276481854554,4.5911087724573525,11.718491431743642,5.427751388028517,5.41610040220442,9.784731043207964,9.759125144226513,20.164878682409267,0.0,MAÍZ GRANO
S0289,-101.6077425,17.729159,3334.5,8.11207802207236,12,MEX-200|Zihuatanejo - La Mira,101_25,False,2.0,0,80,6.5,3,17375.0,15,0.2402302158273381,34181.0,0.2098826833621017,9.45496017103028,93,0.1363625112418419,114.87045809420552,26,17759.48,572131078.13,21.0,1.4612989950935529,0.5557155952764382,0.178774378529101,0.0,False,federal,Carretera,Con pavimento,Asfalto,No,Federal,Fed.,Dos sentidos,MAÍZ GRANO,0,0,0,0,0,0,0,0,0,0,0,0,0,0,1.0986122886681098,0.0,2.0149030205422647,1.3862943611198906,9.762845222733661,2.772588722239781,10.439454468708451,4.552888122138671,11.70519735261735,4.752472826519802,3.295836866004329,9.784731043207964,9.759125144226513,20.164878682409267,0.0,MAÍZ GRANO
S0290,-101.613844,17.735516,7770.0,8.958025443361693,12,MEX-200|Zihuatanejo - La Mira,101_25,False,2.0,0,80,12.0,2,16393.0,12,0.1947172573659489,33734.0,0.1994130550779629,9.504460762498145,93,0.1315905187790895,219.24093738038167,404,17759.48,572131078.13,21.0,1.4612989950935529,0.5557155952764382,0.178774378529101,0.0,False,federal,Carretera,Con pavimento,Asfalto,No,Federal,Fed.,Dos sentidos,MAÍZ GRANO,0,0,0,0,0,0,0,0,0,0,0,0,0,0,1.0986122886681098,0.0,2.5649493574615367,1.0986122886681098,9.704670693212975,2.5649493574615367,10.426291153061525,4.552447520901644,11.699687149790204,5.394722117002109,6.003887067106539,9.784731043207964,9.759125144226513,20.164878682409267,0.0,MAÍZ GRANO
S0291,-101.643802,17.754088,5962.0,8.693161274238017,12,MEX-200|Zihuatanejo - La Mira,101_25,False,1.0,0,20,3.5,4,7212.0,7,0.415834719911259,19749.0,0.3315610917008456,7.751450517136483,90,0.1264485922854921,1880.9941041856048,4213,17759.48,572131078.13,21.0,1.4612989950935529,0.5557155952764382,0.178774378529101,0.0,False,federal,Enlace,FALTANTE,FALTANTE,No,FALTANTE,FALTANTE,Dos sentidos,MAÍZ GRANO,0,0,0,0,0,0,0,0,0,0,0,0,0,0,0.6931471805599453,0.0,1.5040773967762742,1.6094379124341003,8.883640232503673,2.0794415416798357,9.890908770329268,4.602633874297177,11.625539609339363,7.540087187401632,8.346167594364134,9.784731043207964,9.759125144226513,20.164878682409267,0.0,MAÍZ GRANO
S0292,-101.680488,17.783524,6577.0,8.79133399330135,12,MEX-200|Zihuatanejo - La Mira,101_25,False,2.0,0,80,12.0,10,1718.0,3,1.0,9975.0,0.5776441102756892,7.413055304627121,88,0.3339498865542074,1500.2624722457435,1016,17759.48,572131078.13,21.0,1.4612989950935529,0.5557155952764382,0.178774378529101,0.0,False,federal,Carretera,Con pavimento,Asfalto,No,Federal,Fed.,Dos sentidos,MAÍZ GRANO,0,0,0,0,0,0,0,0,0,0,0,0,0,0,1.0986122886681098,0.0,2.5649493574615367,2.3978952727983707,7.449498005382849,1.3862943611198906,9.207937487359873,4.600015604954723,10.61026639832702,7.314061681266923,6.92461239604856,9.784731043207964,9.759125144226513,20.164878682409267,0.0,MAÍZ GRANO
S0293,-101.705293,17.812903,5540.0,8.61974977974133,12,MEX-200|Zihuatanejo - La Mira,101_25,False,2.0,0,80,12.0,7,2372.0,7,1.0,6120.0,1.0,6.939822979839371,83,0.4881746277915633,1382.8714634684895,1345,16613.92,1045290618.59,17.0,1.749842832158841,0.4002065737646504,0.4244633415834433,0.0,False,federal,Carretera,Con pavimento,Asfalto,No,Federal,Fed.,Dos sentidos,MAÍZ GRANO,0,0,0,0,0,0,0,0,0,0,0,0,0,0,1.0986122886681098,0.0,2.5649493574615367,2.0794415416798357,7.771910256435763,2.0794415416798357,8.71948076085107,4.602021751843766,10.15785841626691,7.232640258648221,7.204892510204673,9.718056365850831,9.666113222308205,20.76756078857001,0.0,MAÍZ GRANO
S0294,-101.715993,17.838021,4796.0,8.475537516147405,12,MEX-200|Zihuatanejo - La Mira,101_25,False,2.0,0,80,12.0,4,2894.0,8,1.0,6444.0,1.0,6.874492211838006,85,0.4129314048403265,1638.109643977184,1345,16613.92,1045290618.59,17.0,1.749842832158841,0.4002065737646504,0.4244633415834433,0.0,False,federal,Carretera,Con pavimento,Asfalto,No,Federal,Fed.,Dos sentidos,MAÍZ GRANO,0,0,0,0,0,0,0,0,0,0,0,0,0,0,1.0986122886681098,0.0,2.5649493574615367,1.6094379124341003,7.970740390007095,2.1972245773362196,8.771059915373288,4.599521117743581,10.23756406455664,7.401908473380759,7.204892510204673,9.718056365850831,9.666113222308205,20.76756078857001,0.0,MAÍZ GRANO
S0295,-101.8295035,17.9358085,4737.0,8.463159302923751,12,MEX-200|Zihuatanejo - La Mira,100_26,False,2.0,0,30,3.5,6,672.0,8,1.0,5013.0,0.3622581288649511,7.433822231139648,68,0.7582974219399713,31.64556606307534,186,16613.92,1045290618.59,17.0,1.749842832158841,0.4002065737646504,0.4244633415834433,0.0,False,federal,Camino,Sin pavimento,Tierra,No,Municipal,Gro.,Dos sentidos,MAÍZ GRANO,1,0,0,0,0,0,0,0,0,0,0,0,0,0,1.0986122886681098,0.0,1.5040773967762742,1.9459101490553132,6.511745329644728,2.1972245773362196,8.519989278718239,4.59607507408782,9.490091074101683,3.485709044450747,5.231108616854587,9.718056365850831,9.666113222308205,20.76756078857001,0.0,MAÍZ GRANO
S0296,-101.931079,17.981158,3706.0,8.217708406845306,12,MEX-200|Zihuatanejo - La Mira,100_26,False,2.0,0,80,12.0,5,1328.0,6,1.0,3691.0,1.0,6.242162606077197,59,0.5253512087285175,360.6157150131081,38,16613.92,1045290618.59,17.0,1.749842832158841,0.4002065737646504,0.4244633415834433,0.0,False,federal,Carretera,Con pavimento,Asfalto,No,Federal,Fed.,Dos sentidos,MAÍZ GRANO,0,0,0,0,0,0,0,0,0,0,0,0,0,0,1.0986122886681098,0.0,2.5649493574615367,1.791759469228055,7.192182058713246,1.9459101490553132,8.213923595622743,4.592548029291589,9.54852542660107,5.890582087233822,3.6635616461296463,9.718056365850831,9.666113222308205,20.76756078857001,0.0,MAÍZ GRANO
S0297,-101.970141,18.006254,1473.0,7.29505641646263,12,MEX-200|Zihuatanejo - La Mira,100_26,False,2.0,0,80,7.0,18,714.0,8,1.0,3209.0,1.0,6.209987425337944,62,0.5910794372427352,1217.1620847457414,482,16613.92,1045290618.59,17.0,1.749842832158841,0.4002065737646504,0.4244633415834433,0.0,False,federal,Carretera,Con pavimento,Asfalto,No,Federal,Fed.,Dos sentidos,MAÍZ GRANO,0,0,0,0,0,0,0,0,0,0,0,0,0,0,1.0986122886681098,0.0,2.0794415416798357,2.9444389791664403,6.5722825426940075,2.1972245773362196,8.07402621612406,4.590986298939011,9.697569781886987,7.105098513920109,6.180016653652572,9.718056365850831,9.666113222308205,20.76756078857001,0.0,MAÍZ GRANO
S0298,-102.163252,17.993602,9190.0,9.125871215349733,12,MEX-200|Zihuatanejo - La Mira,99_26,False,2.0,0,70,7.0,9,4141.0,8,1.0,9174.0,0.6229561805101373,7.945497764693054,33,0.6728768677889162,278.9309052393806,3,16613.92,1045290618.59,17.0,1.749842832158841,0.4002065737646504,0.4244633415834433,0.0,False,federal,Carretera,Con pavimento,Asfalto,No,Federal,Fed.,Dos sentidos,MAÍZ GRANO,0,0,0,0,0,0,0,0,0,0,0,0,0,0,1.0986122886681098,0.0,2.0794415416798357,2.302585092994046,8.328934041955529,2.1972245773362196,9.12423767292277,4.607525072509447,9.266248003914479,5.634542805715051,1.3862943611198906,9.718056365850831,9.666113222308205,20.76756078857001,0.0,MAÍZ GRANO
S0299,-102.174464,18.003835,3761.0,8.232440158470336,12,MEX-200|Zihuatanejo - La Mira,99_26,False,2.0,0,70,10.0,10,3515.0,9,1.0,8316.0,0.584054834054834,8.010056537952606,31,0.6724741975191744,463.5994151863482,1518,16613.92,1045290618.59,17.0,1.749842832158841,0.4002065737646504,0.4244633415834433,0.0,False,federal,Carretera,Con pavimento,Asfalto,No,Federal,Fed.,Dos sentidos,MAÍZ GRANO,0,0,0,0,0,0,0,0,0,0,0,0,0,0,1.0986122886681098,0.0,2.3978952727983707,2.3978952727983707,8.165079258805068,2.302585092994046,9.026056891868688,4.606651201179597,9.26501793326688,6.141175561588956,7.325807502595773,9.718056365850831,9.666113222308205,20.76756078857001,0.0,MAÍZ GRANO
S0300,-102.184193,18.046169,2107.0,7.653020413804189,12,MEX-200|Zihuatanejo - La Mira,99_26,False,2.0,0,70,6.0,4,2419.0,7,1.0,4982.0,1.0,7.826175226586103,31,0.6722880151586925,834.5873609039222,29,16613.92,1045290618.59,17.0,1.749842832158841,0.4002065737646504,0.4244633415834433,0.0,False,federal,Carretera,Con pavimento,Asfalto,No,Federal,Fed.,Dos sentidos,MAÍZ GRANO,0,0,0,0,0,0,0,0,0,0,0,0,0,0,1.0986122886681098,0.0,1.9459101490553132,1.6094379124341003,7.791522819150732,2.0794415416798357,8.513787398281405,4.6068585106581,9.264449697623215,6.728134903794825,3.4011973816621555,9.718056365850831,9.666113222308205,20.76756078857001,0.0,MAÍZ GRANO
S0301,-102.200182,18.030163,3875.0,8.262300941787448,12,MEX-200|Zihuatanejo - La Mira,99_26,False,2.0,0,50,6.0,265,2419.0,7,1.0,4978.0,1.0,7.826175226586103,30,0.6684558612096233,2212.1757857614107,386,16613.92,1045290618.59,17.0,1.749842832158841,0.4002065737646504,0.4244633415834433,0.0,False,federal,Avenida,FALTANTE,FALTANTE,No,FALTANTE,FALTANTE,Dos sentidos,MAÍZ GRANO,0,0,0,0,0,0,0,0,0,0,0,0,0,0,1.0986122886681098,0.0,1.9459101490553132,5.583496308781699,7.791522819150732,2.0794415416798357,8.512984346642183,4.608230685119139,9.252824983582338,7.70218377013698,5.958424693029782,9.718056365850831,9.666113222308205,20.76756078857001,0.0,MAÍZ GRANO
S0302,-102.2204215,18.003487999999997,37137.0,10.52236905619992,12,MEX-200|Zihuatanejo - La Mira,99_26,False,2.0,0,50,7.0,399,1518.0,1,1.0,3908.0,1.0,8.124340588988476,25,0.6491530581194848,4485.882256504851,1518,16613.92,1045290618.59,17.0,1.749842832158841,0.4002065737646504,0.4244633415834433,0.0,False,federal,Avenida,FALTANTE,FALTANTE,No,FALTANTE,FALTANTE,Un sentido,MAÍZ GRANO,0,0,0,0,0,0,0,0,0,0,0,0,0,0,1.0986122886681098,0.0,2.0794415416798357,5.991464547107982,7.325807502595773,0.6931471805599453,8.271036865792954,4.610662711433051,9.19624144759668,8.408913364603121,7.325807502595773,9.718056365850831,9.666113222308205,20.76756078857001,0.0,MAÍZ GRANO
S0303,-102.265354,18.010357,15778.0,9.666371843655035,12,MEX-200|Zihuatanejo - La Mira,98_26,False,2.0,0,70,7.0,4,0.0,0,0.2294825956519952,1956.0,1.0,8.31916155419223,22,0.6383312421580929,9242.01504332688,1518,16613.92,1045290618.59,17.0,1.749842832158841,0.4002065737646504,0.4244633415834433,0.0,False,federal,Carretera,Con pavimento,Asfalto,No,Federal,Fed.,Dos sentidos,MAÍZ GRANO,0,1,0,0,0,0,0,0,0,0,0,0,0,0,1.0986122886681098,0.0,2.0794415416798357,1.6094379124341003,0.0,0.0,7.579167967396076,4.613334961505693,9.165865881874353,9.131623414800712,7.325807502595773,9.718056365850831,9.666113222308205,20.76756078857001,0.0,MAÍZ GRANO
S0304,-102.320628,18.031483,12868.0,9.462498888358915,12,MEX-200|Zihuatanejo - La Mira,98_26,False,2.0,0,70,7.0,252,0.0,0,0.2294825956519952,0.0,0.2492112922594695,9.16571748878924,12,1.0,14941.05071288127,386,16613.92,1045290618.59,17.0,1.749842832158841,0.4002065737646504,0.4244633415834433,0.0,False,federal,Carretera,Con pavimento,Asfalto,No,Federal,Fed.,Dos sentidos,MAÍZ GRANO,0,1,1,1,1,0,0,0,0,0,0,0,0,0,1.0986122886681098,0.0,2.0794415416798357,5.53338948872752,0.0,0.0,0.0,4.60540340767597,8.315077007294104,9.611934712512136,5.958424693029782,9.718056365850831,9.666113222308205,20.76756078857001,0.0,MAÍZ GRANO
S0305,-99.8145125,16.933583,5114.0,8.539737155851132,12,MEX-200D|Libramiento Poniente de Acapulco (Cuota),109_22,False,2.0,0,80,7.0,192,9452.0,23,0.7084214980956411,38761.0,0.6931193725652073,8.15510056690223,165,0.0801026762294917,892.1265017871934,574,34609.899999999994,1010445679.69,34.0,1.5317762419692391,0.5963033698450444,0.052880823117085,0.0,True,federal,Carretera,Con pavimento,Asfalto,Si,Estatal,Gro.,Un sentido,MAÍZ GRANO,0,0,0,0,0,0,0,0,0,0,0,0,0,0,1.0986122886681098,0.0,2.0794415416798357,5.262690188904886,9.154087430425385,3.1780538303479458,10.565195664260694,4.602155703684541,13.526697179160045,6.794728230179926,6.354370040797351,10.451923940336364,10.450102045872425,20.733657338479382,0.0,MAÍZ GRANO
S0306,-99.955828,16.9615735,4812.0,8.47886807709457,12,MEX-200D|Libramiento Poniente de Acapulco (Cuota),108_22,False,2.0,0,80,7.0,8,14437.0,16,0.5961072244926231,21585.0,0.7298586981700255,8.025212534186252,151,0.0761120113808354,1438.4888448879603,4,32706.29,701702503.3399999,21.0,1.425665440684433,0.4602249292108643,0.0923048746892417,0.0,True,federal,Carretera,Con pavimento,Asfalto,Si,Federal,Fed.,Un sentido,MAÍZ GRANO,0,0,0,0,0,0,0,0,0,0,0,0,0,0,1.0986122886681098,0.0,2.0794415416798357,2.1972245773362196,9.577618898699106,2.833213344056216,9.97980023538529,4.602805649016139,13.525057984549825,7.272043360725894,1.6094379124341003,10.395353267818672,10.386863559165006,20.369020089177244,0.0,MAÍZ GRANO
S0307,-100.645258,17.2032,2811.0,7.941295570906532,12,MEX-200D|Libramiento de Técpan (Cuota),105_23,False,2.0,0,90,12.0,11,29478.0,16,0.1577108351991315,33881.0,0.2671703904843422,8.695363972218116,144,0.4157882352941176,723.3874219513614,3,50091.170000000006,2414812809.63,27.0,1.7679600154670772,0.3069403250113742,0.4232482491425135,0.0,True,federal,Carretera,Con pavimento,Asfalto,Si,Federal,Fed.,Dos sentidos,COPRA,0,0,0,0,0,0,0,0,0,0,0,0,0,0,1.0986122886681098,0.0,2.5649493574615367,2.4849066497880004,10.291433424425355,2.833213344056216,10.430639178900892,4.604201851226697,10.657282884047461,6.585326362456195,1.3862943611198906,10.821619987433655,10.784320418857902,21.60488760992051,0.0,COPRA
S0308,-100.626751,17.197071,2077.0,7.638679823876112,12,MEX-200D|Libramiento de Técpan (Cuota),105_23,False,4.0,0,60,12.0,47,31151.0,20,0.2029469358929087,33911.0,0.2678187018961399,8.708270832102993,156,0.4037077937288759,1274.7107355501714,27,50091.170000000006,2414812809.63,27.0,1.7679600154670772,0.3069403250113742,0.4232482491425135,0.0,True,federal,Carretera,Con pavimento,Asfalto,Si,Federal,Fed.,Dos sentidos,COPRA,0,0,0,0,0,0,0,0,0,0,0,0,0,0,1.6094379124341003,0.0,2.5649493574615367,3.871201010907891,10.34663372761198,3.044522437723423,10.431524213032473,4.604380933274961,10.998208948154403,7.151258741927955,3.332204510175204,10.821619987433655,10.784320418857902,21.60488760992051,0.0,COPRA
S0309,-100.005245,19.92775,8861.0,9.089414904047302,15,EM|Acambay - San José Ixtapa,108_35,False,2.0,0,30,8.0,157,28698.0,16,0.3320788905150185,62180.0,0.5598584753940173,8.08288340302348,221,0.537518005315372,1142.7812868265553,99,15510.0,503038721.03,8.0,0.3117233338412176,0.9392327530625404,0.2094777562862669,0.0,False,estatal,Calle,FALTANTE,FALTANTE,No,FALTANTE,FALTANTE,Dos sentidos,MAÍZ GRANO,0,0,0,0,0,0,0,0,0,0,0,0,0,0,1.0986122886681098,0.0,2.1972245773362196,5.062595033026967,10.264617557935098,2.833213344056216,11.037804765825014,4.600254996554064,12.41493875754624,7.042094970818053,4.605170185988092,9.64930472862475,9.64930472862475,20.036177707268035,0.0,MAÍZ GRANO
S0310,-100.074878,19.985501,1045.0,6.951772164398911,15,EM|Acambay - San José Ixtapa,108_35,False,2.0,0,80,8.0,6,9301.0,14,1.0,29348.0,0.8270069510699196,7.638942006269593,123,0.6618603896689076,604.2204217427834,335,15510.0,503038721.03,8.0,0.3117233338412176,0.9392327530625404,0.2094777562862669,0.0,False,estatal,Carretera,Con pavimento,Asfalto,No,Estatal,Mex.,Dos sentidos,MAÍZ GRANO,0,0,0,0,0,0,0,0,0,0,0,0,0,0,1.0986122886681098,0.0,2.1972245773362196,1.9459101490553132,9.137984709784043,2.70805020110221,10.287013753125539,4.600804233428824,11.616988138795572,6.405592725136668,5.817111159963204,9.64930472862475,9.64930472862475,20.036177707268035,0.0,MAÍZ GRANO
S0311,-99.482199,19.2741925,20914.0,9.948174070158537,15,EM|Amomolulco - Texcalyacac,110_32,False,2.0,0,80,7.0,15,123852.0,39,0.207085876691535,379883.0,0.14289399630939,10.509178837304804,430,0.121205592354396,288.7290572890012,28,2831.0,76042756.32000001,4.0,0.3084718573231709,0.935005298481102,0.0,0.0,False,estatal,Carretera,Con pavimento,Asfalto,No,Estatal,Mex.,Dos sentidos,MAÍZ GRANO,0,0,0,0,0,0,0,0,0,0,0,0,0,0,1.0986122886681098,0.0,2.0794415416798357,2.772588722239781,11.726850657474358,3.6888794541139363,12.847621221942392,4.6089053926127015,14.419122451879801,5.668946201053719,3.367295829986474,7.94873845481361,7.94873845481361,18.146806336368417,0.0,MAÍZ GRANO
S0312,-99.4810675,19.191651,8908.0,9.09470502837726,15,EM|Amomolulco - Texcalyacac,110_32,False,2.0,0,80,7.0,104,112608.0,43,0.2038398692810457,425118.0,0.1799288668087448,10.160706996810225,336,0.1404619535383905,1029.5606702304565,2373,5613.51,197446296.96999997,9.0,0.8476547938981264,0.7628025958802959,0.0,0.0,False,estatal,Carretera,Con pavimento,Asfalto,No,Estatal,Mex.,Dos sentidos,MAÍZ GRANO,0,0,0,0,0,0,0,0,0,0,0,0,0,0,1.0986122886681098,0.0,2.0794415416798357,4.653960350157523,11.63167692044562,3.784189633918261,12.96012440871387,4.608434273886532,13.96115429903234,6.937858273153958,7.772331575169614,8.63310959711351,8.63310959711351,19.100977196318834,0.0,MAÍZ GRANO
S0313,-99.490397,19.180469,2512.0,7.828834527588089,15,EM|Amomolulco - Texcalyacac,110_32,False,2.0,0,50,8.0,281,98274.0,35,0.1976209373791644,313754.0,0.2410423452768729,10.067428827324187,340,0.1389384776035895,483.9637687652099,10873,490.03,13717552.53,6.0,0.6278122868042757,0.8336224312797176,0.0128155419055976,0.0,False,estatal,Avenida,FALTANTE,FALTANTE,No,FALTANTE,FALTANTE,Dos sentidos,MAÍZ GRANO,0,0,0,0,0,0,0,0,0,0,0,0,0,0,1.0986122886681098,0.0,2.1972245773362196,5.641907070938114,11.495524950290061,3.58351893845611,12.65636770555613,4.608898148977798,13.989756259311145,6.184074184570146,9.294129897705867,6.196505225724338,6.196505225724338,16.434186850222215,0.0,MAÍZ GRANO
S0314,-99.490313,19.158210500000003,3210.0,8.07402621612406,15,EM|Amomolulco - Texcalyacac,110_31,False,2.0,0,50,7.0,215,101610.0,32,0.1737329003050881,273828.0,0.2302941992783791,9.937969746327855,341,0.1543198781388947,201.70962325770284,10792,266.72999999999996,8934348.190000001,6.0,0.9048202211443552,0.7535710268811159,0.0076106924605406,0.0,False,estatal,Avenida,FALTANTE,FALTANTE,No,FALTANTE,FALTANTE,Dos sentidos,MAÍZ GRANO,0,0,0,0,0,0,0,0,0,0,0,0,0,0,1.0986122886681098,0.0,2.0794415416798357,5.375278407684165,11.528907075982527,3.4965075614664802,12.520259102955244,4.608790314032811,13.91225879417874,5.31177452770204,9.286653054825347,5.589979009992647,5.589979009992647,16.00541386564639,0.0,MAÍZ GRANO
S0315,-99.485653,19.142182,2371.0,7.771067086065406,15,EM|Amomolulco - Texcalyacac,110_31,False,2.0,0,60,7.0,17,56025.0,24,0.2476929941990183,245655.0,0.2492112922594695,9.862234525433044,340,0.1820139853730578,867.5458138909452,112,926.35,34096574.86,8.0,0.646256404484021,0.8517299077022723,0.0022129864522048,0.0,False,estatal,Carretera,Con pavimento,Asfalto,No,Estatal,Mex.,Dos sentidos,MAÍZ GRANO,0,0,0,0,0,0,0,0,0,0,0,0,0,0,1.0986122886681098,0.0,2.0794415416798357,2.8903717578961645,10.933571147684308,3.2188758248682006,12.41168746229342,4.608458873867576,13.774841676721582,6.766820334883961,4.727387818712341,6.832331056335296,6.832331056335296,17.3447075225491,0.0,MAÍZ GRANO
S0316,-98.884455,19.261845,32923.0,10.401926780651069,15,EM|Chalco - San Mateo Tezoquiapan,113_32,False,2.0,0,30,8.0,205,310076.0,40,0.0321953327571305,1343459.0,0.0281556787367534,9.756859827109157,579,0.0321091457028741,942.6222580649334,32,4887.67,124602634.53000002,15.0,0.8427744065821973,0.8081560334474299,0.0512861956719663,0.0,False,estatal,Calle,FALTANTE,FALTANTE,No,FALTANTE,FALTANTE,Un sentido,MAÍZ GRANO,0,0,0,0,0,0,0,0,0,0,0,0,0,0,1.0986122886681098,0.0,2.1972245773362196,5.327876168789581,12.644575932715135,3.713572066704308,14.11075893361344,4.610349206928846,14.987775643781108,6.84972593570904,3.4965075614664802,8.494675561834578,8.494675561834578,18.640640316020093,0.0,MAÍZ GRANO
S0317,-98.8560755,19.26639125,25797.5,10.158032866989869,15,EM|Chalco - San Mateo Tezoquiapan,113_32,False,1.0,0,30,4.0,395,420453.0,41,0.0234984647511136,1334553.0,0.0241953672877735,9.775329092410551,469,0.029357326606746,782.9319497752103,3802,4887.67,124602634.53000002,15.0,0.8427744065821973,0.8081560334474299,0.0512861956719663,0.0,False,estatal,Calle,FALTANTE,FALTANTE,No,FALTANTE,FALTANTE,Dos sentidos,MAÍZ GRANO,0,0,0,0,0,0,0,0,0,0,0,0,0,0,0.6931471805599453,0.0,1.6094379124341003,5.981414211254481,12.949090358832153,3.7376696182833684,14.104107711601527,4.6103326364050226,14.978177813376371,6.664322217827069,8.24354550792826,8.494675561834578,8.494675561834578,18.640640316020093,0.0,MAÍZ GRANO
S0318,-98.8245105,19.2574205,4239.0,8.352082671352637,15,EM|Chalco - San Mateo Tezoquiapan,113_32,False,2.0,0,30,8.0,213,194862.0,34,0.0485420451396372,915454.0,0.0328099500357199,10.08896880117729,419,0.0363179416019603,630.4325422674307,15154,4887.67,124602634.53000002,15.0,0.8427744065821973,0.8081560334474299,0.0512861956719663,0.0,False,estatal,Calle,FALTANTE,FALTANTE,No,FALTANTE,FALTANTE,Dos sentidos,MAÍZ GRANO,0,0,0,0,0,0,0,0,0,0,0,0,0,0,1.0986122886681098,0.0,2.1972245773362196,5.365976015021851,12.180052026529506,3.5553480614894135,13.72717648842058,4.610489836605101,14.70698099909755,6.447991114655484,9.626085789491903,8.494675561834578,8.494675561834578,18.640640316020093,0.0,MAÍZ GRANO
S0319,-98.817058,19.229704,2283.0,7.733245646529795,15,EM|Chalco - San Mateo Tezoquiapan,113_32,False,2.0,0,30,8.0,18,126524.0,45,0.0760962347064588,549809.0,0.0557466320122078,10.046057586812346,401,0.0487726183795543,485.87794070184594,43,4887.67,124602634.53000002,15.0,0.8427744065821973,0.8081560334474299,0.0512861956719663,0.0,False,estatal,Calle,FALTANTE,FALTANTE,No,FALTANTE,FALTANTE,Dos sentidos,MAÍZ GRANO,0,0,0,0,0,0,0,0,0,0,0,0,0,0,1.0986122886681098,0.0,2.1972245773362196,2.9444389791664403,11.748195196082278,3.828641396489095,13.217328042980032,4.609703946306423,14.36689081251202,6.188013456559216,3.784189633918261,8.494675561834578,8.494675561834578,18.640640316020093,0.0,MAÍZ GRANO
S0320,-99.782012,19.574857,17900.0,9.792555991828849,15,EM|Ixtlahuaca de Rayón - San Felipe del Progreso,109_33,False,2.0,0,60,8.0,3,66875.0,16,0.126026168224299,124364.0,0.3011804059052459,8.836610861838826,288,0.4492203331982337,1200.22806431076,251,23251.109999999997,776360441.36,14.0,0.4183810298327032,0.9188451648114864,0.3867595998642646,0.0,False,estatal,Carretera,Con pavimento,Asfalto,No,Estatal,Mex.,Dos sentidos,MAÍZ GRANO,0,0,0,0,0,0,0,0,0,0,0,0,0,0,1.0986122886681098,0.0,2.1972245773362196,1.3862943611198906,11.110595437357537,2.833213344056216,11.730976069218428,4.604128371746384,12.95255204046689,7.091099699398323,5.529429087511423,10.054151159585897,10.054151159585897,20.47012745788385,0.0,MAÍZ GRANO
S0321,-99.86594,19.578791,7085.0,8.865735152124781,15,EM|Ixtlahuaca de Rayón - San Felipe del Progreso,108_33,False,2.0,0,80,8.0,3,31799.0,16,0.3258593037516903,105984.0,0.4155344202898551,7.925341749698069,298,0.4701244455732025,365.4089426552911,2464,23251.109999999997,776360441.36,14.0,0.4183810298327032,0.9188451648114864,0.3867595998642646,0.0,False,estatal,Carretera,Con pavimento,Asfalto,No,Estatal,Mex.,Dos sentidos,MAÍZ GRANO,0,0,0,0,0,0,0,0,0,0,0,0,0,0,1.0986122886681098,0.0,2.1972245773362196,1.3862943611198906,10.367221568768269,2.833213344056216,11.571052853646837,4.6000964907197375,12.996793351684756,5.903750039312426,7.80994708647679,10.054151159585897,10.054151159585897,20.47012745788385,0.0,MAÍZ GRANO
S0322,-99.947261,19.696119,11741.0,9.370842268630213,15,EM|Ixtlahuaca de Rayón - San Felipe del Progreso,108_34,False,2.0,0,80,8.0,13,38649.0,26,0.5333385081114648,129439.0,0.364928653651527,8.273000100433409,334,0.4985337499726853,445.0157903986049,2607,20282.58,495007041.08,15.0,0.2493472091511414,0.9566006888669982,0.2575116183444118,0.0,False,estatal,Carretera,Con pavimento,Asfalto,No,Estatal,Mex.,Dos sentidos,MAÍZ GRANO,0,0,0,0,0,0,0,0,0,0,0,0,0,0,1.0986122886681098,0.0,2.1972245773362196,2.6390573296152584,10.562302054015568,3.295836866004329,11.770972732292318,4.594194975606094,13.033818461508398,6.100354355874517,7.866338923046544,9.917566970725385,9.917566970725385,20.020082546856013,0.0,MAÍZ GRANO
S0323,-99.5314055,19.969757,22312.0,10.012879929307324,15,EM|Jilotepec - San Agustín,110_35,False,2.0,0,70,8.0,96,40992.0,15,0.1755464480874317,72064.0,0.403377553285968,9.500837172513322,112,0.5467086429585772,597.8996843922305,164,17360.67,383192436.29,11.0,0.4932192396591819,0.8850464872611484,0.2379516458754184,0.0,False,estatal,Carretera,Con pavimento,Asfalto,No,Estatal,Mex.,Un sentido,MAÍZ GRANO,0,0,0,0,0,0,0,0,0,0,0,0,0,0,1.0986122886681098,0.0,2.1972245773362196,4.574710978503383,10.621156599402811,2.772588722239781,11.185323768517204,4.599117928677959,11.798795897392742,6.395094112291201,5.10594547390058,9.762020181744278,9.762020181744278,19.76404786819295,0.0,MAÍZ GRANO
S0324,-99.517139,20.0318,2332.0,7.754481547470383,15,EM|Jilotepec - San Agustín,110_35,False,2.0,0,50,8.0,38,9021.0,6,0.3674758895909544,54765.0,0.3295718068109194,9.444604765817584,84,0.5391715443493922,2271.618221709742,5706,5544.41,122695589.31,7.0,0.5702588263906698,0.8578009202061175,0.4514456903439681,0.0,False,estatal,Carretera,Con pavimento,Asfalto,No,Municipal,Mex.,Dos sentidos,MAÍZ GRANO,0,0,0,0,0,0,0,0,0,0,0,0,0,0,1.0986122886681098,0.0,2.1972245773362196,3.6635616461296463,9.107421317968342,1.9459101490553132,10.910824842428626,4.595108697977344,11.576923214917413,7.72868784745306,8.649448770536708,8.620725837537929,8.620725837537929,18.62521697024152,0.0,MAÍZ GRANO
S0325,-99.484144,19.279703,11877.0,9.38235903577424,15,EM|Ocoyoacac - Santiago Tianguistenco,110_32,False,2.0,0,80,7.0,26,126372.0,39,0.2228974772892729,396480.0,0.130808615819209,10.462079384977034,436,0.1203116125723654,493.23439102268975,28,2831.0,76042756.32000001,4.0,0.3084718573231709,0.935005298481102,0.0,0.0,False,estatal,Carretera,Con pavimento,Asfalto,No,Estatal,Mex.,Un sentido,MAÍZ GRANO,0,0,0,0,0,0,0,0,0,0,0,0,0,0,1.0986122886681098,0.0,2.0794415416798357,3.295836866004329,11.746993130282606,3.6888794541139363,12.890383399615052,4.608546899941624,14.430968592383964,6.203009880414328,3.367295829986474,7.94873845481361,7.94873845481361,18.146806336368417,0.0,MAÍZ GRANO
S0326,-99.4700405,19.2596305,9249.0,9.13227071655426,15,EM|Ocoyoacac - Santiago Tianguistenco,110_32,False,2.0,0,40,7.0,143,89469.0,38,0.2704065095172629,415256.0,0.1606599302598878,10.474275359003196,405,0.1396101921775151,637.7714976993075,5800,2831.0,76042756.32000001,4.0,0.3084718573231709,0.935005298481102,0.0,0.0,False,estatal,Avenida,FALTANTE,FALTANTE,No,FALTANTE,FALTANTE,Un sentido,MAÍZ GRANO,0,0,0,0,0,0,0,0,0,0,0,0,0,0,1.0986122886681098,0.0,2.0794415416798357,4.969813299576001,11.401658652541641,3.6635616461296463,12.936652884648328,4.608707326698549,14.218627578137067,6.459546796840894,8.665785595466064,7.94873845481361,7.94873845481361,18.146806336368417,0.0,MAÍZ GRANO
S0327,-99.4723435,19.2380205,14648.0,9.592059086354348,15,EM|Ocoyoacac - Santiago Tianguistenco,110_32,False,2.0,0,80,7.0,38,72083.0,32,0.231080837368034,443364.0,0.168166562914445,10.367208979731773,373,0.136208378197037,302.1533176119872,914,2831.0,76042756.32000001,4.0,0.3084718573231709,0.935005298481102,0.0,0.0,False,estatal,Carretera,Con pavimento,Asfalto,No,Estatal,Mex.,Dos sentidos,MAÍZ GRANO,0,0,0,0,0,0,0,0,0,0,0,0,0,0,1.0986122886681098,0.0,2.0794415416798357,3.6635616461296463,11.185587384638161,3.4965075614664802,13.002148637550356,4.608772897142785,14.137671590359494,5.714238676254615,6.818924065275521,7.94873845481361,7.94873845481361,18.146806336368417,0.0,MAÍZ GRANO
S0328,-99.464039,19.207426,11780.0,9.374158457205578,15,EM|Ocoyoacac - Santiago Tianguistenco,110_32,False,2.0,0,50,7.0,109,113346.0,39,0.2045506678665325,421251.0,0.1794820665114148,10.208538501895598,330,0.1352737466307277,197.86365816616765,811,908.57,43399172.86000001,7.0,1.0623236734219177,0.6962369437687795,0.0022342802425789,0.0,False,estatal,Boulevard,FALTANTE,FALTANTE,No,FALTANTE,FALTANTE,Un sentido,MAÍZ GRANO,0,0,0,0,0,0,0,0,0,0,0,0,0,0,1.0986122886681098,0.0,2.0794415416798357,4.700480365792417,11.638209188889352,3.6888794541139363,12.95098650841192,4.608604924774812,13.963392487311257,5.292619455068979,6.699500340161678,6.812971960362081,6.812971960362081,17.585950963405587,0.0,MAÍZ GRANO
S0329,-98.931962,19.094263,610.0,6.413458957167357,15,EM|Ramal a C.I.C.I.T.E.C.,112_31,False,2.0,0,80,8.0,7,283.0,8,1.0,33416.0,0.160761311946373,8.976278219157548,668,0.146135713295264,1340.7130098427326,2,8333.23,341100939.61,19.0,1.7950717581446445,0.4824059818341747,0.0,0.0,False,estatal,Carretera,Con pavimento,Asfalto,No,Estatal,Mex.,Un sentido,MAÍZ GRANO,0,0,0,0,0,0,0,0,0,0,0,0,0,0,1.0986122886681098,0.0,2.1972245773362196,2.0794415416798357,5.648974238161206,2.1972245773362196,10.4168200315133,4.605536660181604,13.583945394211243,7.201702442085699,1.0986122886681098,9.028126409393764,9.026565359426971,19.647689004963496,0.0,MAÍZ GRANO
S0330,-98.848002,19.711816,4274.0,8.360305435879093,15,EM|San Martín de Las Pirámides - San Miguel Atlamajac,113_34,False,2.0,0,80,8.0,45,61792.0,28,0.2242846970481615,163057.0,0.2299502627915391,9.697664513437743,324,0.0949304887375189,651.2033367695414,246,3981.84,116573481.61,13.0,1.3939278581783137,0.4236734775882506,0.2781126313463122,0.0,False,estatal,Carretera,Con pavimento,Asfalto,No,Estatal,Mex.,Dos sentidos,MAÍZ GRANO,0,0,0,0,0,0,0,0,0,0,0,0,0,0,1.0986122886681098,0.0,2.1972245773362196,3.828641396489095,11.031545368421995,3.367295829986474,12.00186124471791,4.608673483083855,13.96828657909535,6.480356379517447,5.5093883366279774,8.289750411649194,8.289750411649194,18.57403238414675,0.0,MAÍZ GRANO
S0331,-98.877071,19.761106,2882.0,7.966239776559467,15,EM|San Martín de Las Pirámides - San Miguel Atlamajac,113_34,False,2.0,0,50,8.0,134,21247.0,13,0.3773709229538288,163234.0,0.1825355011823517,9.859229209173517,289,0.0792953082107656,438.4064096527187,537,4136.63,132344099.14,10.0,0.5147521527640447,0.8843188779272015,0.0663897907233666,0.0,False,estatal,Avenida,FALTANTE,FALTANTE,No,FALTANTE,FALTANTE,Dos sentidos,TUNA,0,0,0,0,0,0,0,0,0,0,0,0,0,0,1.0986122886681098,0.0,2.1972245773362196,4.90527477843843,9.96401805227616,2.6390573296152584,12.00294615930303,4.6098562593071835,13.924758607361293,6.08542474712841,6.2878585601617845,8.3278784391313,8.3278784391313,18.700915907933155,0.0,TUNA
S0332,-98.926851,19.753527,4230.0,8.349957272040324,15,EM|San Martín de Las Pirámides - San Miguel Atlamajac,112_34,False,2.0,0,80,8.0,4,57818.0,26,0.1413746584108755,234869.0,0.1257807543779724,9.815989771411052,324,0.0665098730691015,1040.7825279739093,2216,13099.0,177530640.71,9.0,1.1240220095566062,0.649286205053821,0.0,0.0,False,estatal,Carretera,Con pavimento,Asfalto,No,Estatal,Mex.,Dos sentidos,CEBADA GRANO,0,0,0,0,0,0,0,0,0,0,0,0,0,0,1.0986122886681098,0.0,2.1972245773362196,1.6094379124341003,10.96507272036716,3.295836866004329,12.36678744857007,4.610626288844184,14.222150309242279,6.948688494172097,7.7039102096163115,9.480367509189243,9.480367509189243,18.994653781333124,0.0,CEBADA GRANO
S0333,-99.18755575,19.5933685,86508.0,11.36799217419258,15,EM|San Pedro Barrientos - Ecatepec,111_33,False,2.0,0,50,7.0,34,239764.0,6,0.0031280759413423,2547677.0,0.0016006738687832,11.105390286026052,217,0.0100566520289103,2711.416112643053,216776,553.14,17475085.9,4.0,1.2295732261764751,0.4375022598257223,0.6239649998192139,0.0,False,estatal,Avenida,FALTANTE,FALTANTE,No,FALTANTE,FALTANTE,Un sentido,MAÍZ FORRAJERO EN VERDE,0,0,0,0,0,0,0,0,0,0,0,0,0,0,1.0986122886681098,0.0,2.0794415416798357,3.5553480614894135,12.38741455596062,1.9459101490553132,14.750692914061998,4.611713778137058,15.917173490548175,7.905595071155947,12.286624454358954,6.3174173624033285,6.3174173624033285,16.676286818890095,0.0,MAÍZ FORRAJERO EN VERDE
S0334,-99.1179115,19.633281,113706.0,11.641371448794866,15,EM|San Pedro Barrientos - Ecatepec,112_34,False,3.0,0,50,11.0,475,640657.0,19,0.0075906452282578,3409682.0,0.0047101166619057,10.618786769547247,233,0.0094751545085767,1481.7647591584175,293245,14.04,416895.65,4.0,1.2511603188499043,0.3945868945868946,1.0,0.0,False,estatal,Avenida,FALTANTE,FALTANTE,No,FALTANTE,FALTANTE,Un sentido,AVENA FORRAJERA EN VERDE,0,0,0,0,0,0,0,0,0,0,0,0,0,0,1.3862943611198906,0.0,2.4849066497880004,6.16541785423142,13.370251052177325,2.995732273553991,15.042129883061644,4.612135057447892,15.808811661458968,7.301663704578194,12.588767126183988,2.7107133185216936,2.7107133185216936,12.940593628336483,0.0,AVENA FORRAJERA EN VERDE
S0335,-99.0632465,19.616009,122670.0,11.717253102026795,15,EM|San Pedro Barrientos - Ecatepec,112_33,False,3.0,0,30,11.0,31,1938796.0,8,0.0009944315956913,2759221.0,0.0054598743630901,10.58413393099514,258,0.0083841953362394,1361.1515792240289,71,12.64,307139.3,5.0,1.4292201963220512,0.3045886075949367,0.7349683544303797,0.0,False,estatal,Calle,FALTANTE,FALTANTE,No,FALTANTE,FALTANTE,Un sentido,MAÍZ GRANO,0,0,0,0,0,0,0,0,0,0,0,0,0,0,1.3862943611198906,0.0,2.4849066497880004,3.4657359027997265,14.477578235603286,2.1972245773362196,14.830459313898583,4.612378804674569,15.809223308879915,7.2168207721646,4.276666119016055,2.613006652415316,2.613006652415316,12.63505992543248,0.0,MAÍZ GRANO
S0336,-99.155828,19.672107,18001.0,9.798182590890704,15,EM|Santa Elena - Coacalco,111_34,False,2.0,0,50,8.0,408,467770.0,27,0.0136755242961284,1891686.0,0.0135032981160721,10.940694338936405,264,0.0137352248502673,1128.0903078690874,11,233.52999999999997,12610244.85,7.0,1.45695689876316,0.4196462981201559,0.8672547424313793,0.0,False,estatal,Avenida,FALTANTE,FALTANTE,No,FALTANTE,FALTANTE,Un sentido,ALFALFA VERDE,0,0,0,0,0,0,0,0,0,0,0,0,0,0,1.0986122886681098,0.0,2.1972245773362196,6.013715156042802,13.05573413890621,3.332204510175204,14.45297958150454,4.6119498309873865,15.60730236000295,7.029167550205862,2.4849066497880004,5.457583511473485,5.457583511473485,16.350020204182453,0.0,OTROS
S0337,-99.1140045,19.640652000000003,31477.0,10.357012399387852,15,EM|Santa Elena - Coacalco,112_34,False,2.0,0,30,8.0,531,640659.0,20,0.0075937433174278,2914471.0,0.0076902463603171,10.457834713590849,247,0.0096181651767379,1607.088339643568,293245,14.04,416895.65,4.0,1.2511603188499043,0.3945868945868946,1.0,0.0,False,estatal,Calle,FALTANTE,FALTANTE,No,FALTANTE,FALTANTE,Un sentido,AVENA FORRAJERA EN VERDE,0,0,0,0,0,0,0,0,0,0,0,0,0,0,1.0986122886681098,0.0,2.1972245773362196,6.2766434893416445,13.370254173962861,3.044522437723423,14.885199229284863,4.611981022542504,15.813282746783678,7.382801385819181,12.588767126183988,2.7107133185216936,2.7107133185216936,12.940593628336483,0.0,AVENA FORRAJERA EN VERDE
S0338,-99.042145,19.985539,2951.0,7.989899374942939,15,EM|Santa María Ajoloapan - Tianguistongo,112_35,False,2.0,0,60,8.0,105,14104.0,3,0.0726035167328417,43800.0,0.0877397260273972,8.594494748858448,80,0.1476898764402997,874.9984008007526,10563,11188.23,121667278.16,9.0,1.2380765590749252,0.45226099213191,0.1053097764346996,0.0,False,estatal,Carretera,Con pavimento,Asfalto,No,Municipal,Mex.,Dos sentidos,MAÍZ GRANO,0,0,0,0,0,0,0,0,0,0,0,0,0,0,1.0986122886681098,0.0,2.1972245773362196,4.663439094112067,9.554284623436097,1.3862943611198906,10.687411927154141,4.610997051021333,12.347290049945533,6.775364265364808,9.265207273417023,9.32270698749957,9.32270698749957,18.616800657057766,0.0,MAÍZ GRANO
S0339,-99.9043335,19.772820000000003,22839.0,10.036224879974322,15,EM|T. C. (Atlacomulco - Morelia) - San Felipe del Progreso,108_34,False,3.0,0,80,10.0,9,48477.0,16,0.1363120655156053,152568.0,0.358640081799591,9.7191570024715,298,0.4577255986166606,355.74642373757524,1244,18525.5,962612770.17,14.0,0.3346687565020605,0.9395697821921136,0.3424199076947991,0.0,False,estatal,Carretera,Con pavimento,Asfalto,No,Estatal,Mex.,Un sentido,MAÍZ GRANO,0,0,0,0,0,0,0,0,0,0,0,0,0,0,1.3862943611198906,0.0,2.3978952727983707,2.302585092994046,10.788865365766808,2.833213344056216,11.935372231717281,4.601921414040148,12.922557863120538,5.877025231744892,7.126890808898808,9.82695741854618,9.82695741854618,20.685161782114896,0.0,MAÍZ GRANO
S0340,-99.9450305,19.7290365,18821.0,9.842728546690564,15,EM|T. C. (Atlacomulco - Morelia) - San Felipe del Progreso,108_34,False,3.0,0,80,10.0,21,41835.0,24,0.4362136966654715,107864.0,0.451225617444189,8.683045147291997,334,0.481379805041987,448.2083299252377,670,20282.58,495007041.08,15.0,0.2493472091511414,0.9566006888669982,0.2575116183444118,0.0,False,estatal,Carretera,Con pavimento,Asfalto,No,Estatal,Mex.,Un sentido,MAÍZ GRANO,0,0,0,0,0,0,0,0,0,0,0,0,0,0,1.3862943611198906,0.0,2.3978952727983707,3.091042453358316,10.641512491874158,3.2188758248682006,11.588635724204703,4.596836676821674,13.020746954984736,6.107486766604279,6.508769136971682,9.917566970725385,9.917566970725385,20.020082546856013,0.0,MAÍZ GRANO
S0341,-98.9138,19.228038,14102.0,9.554071910278983,15,EM|T. C. (Chalco - Mixquic) - Temamatla,112_32,False,2.0,0,50,8.0,152,241264.0,44,0.0402670933085748,1307533.0,0.0252039527874248,9.805263208617994,658,0.045416984773769,856.0740457379601,259,4887.67,124602634.53000002,15.0,0.8427744065821973,0.8081560334474299,0.0512861956719663,0.0,False,estatal,Avenida,FALTANTE,FALTANTE,No,FALTANTE,FALTANTE,Dos sentidos,MAÍZ GRANO,0,0,0,0,0,0,0,0,0,0,0,0,0,0,1.0986122886681098,0.0,2.1972245773362196,5.030437921392435,12.393651193434177,3.8066624897703196,14.083653478407212,4.610461984087078,14.671528006295475,6.753524315959889,5.560681631015528,8.494675561834578,8.494675561834578,18.640640316020093,0.0,MAÍZ GRANO
S0342,-98.887133,19.215891,3511.0,8.163656176168432,15,EM|T. C. (Chalco - Mixquic) - Temamatla,113_32,False,2.0,0,80,8.0,8,93367.0,52,0.1455010871078646,965605.0,0.0327204188047907,9.643508315647628,611,0.0433073901957558,492.2847159619781,2747,869.4,26059294.63,10.0,1.631988771174955,0.4853922245226593,0.0,0.0,False,estatal,Carretera,Con pavimento,Asfalto,No,Estatal,Mex.,Dos sentidos,MAÍZ GRANO,0,0,0,0,0,0,0,0,0,0,0,0,0,0,1.0986122886681098,0.0,2.1972245773362196,2.1972245773362196,11.44430395309219,3.970291913552122,13.780511162499261,4.609788084279705,14.663238468723701,6.201086524508086,7.91862865334224,6.768952876101678,6.768952876101678,17.07588510051595,0.0,MAÍZ GRANO
S0343,-98.874025,19.204731,6282.0,8.745443680098592,15,EM|T. C. (Chalco - Mixquic) - Temamatla,113_32,False,2.0,0,30,8.0,22,72905.0,51,0.1683423633495645,465052.0,0.0648830668398372,9.825079998795394,583,0.0461783089044412,84.44211295579885,18,869.4,26059294.63,10.0,1.631988771174955,0.4853922245226593,0.0,0.0,False,estatal,Calle,FALTANTE,FALTANTE,No,FALTANTE,FALTANTE,Dos sentidos,MAÍZ GRANO,0,0,0,0,0,0,0,0,0,0,0,0,0,0,1.0986122886681098,0.0,2.1972245773362196,3.1354942159291497,11.196926219136667,3.9512437185814275,13.049906656569062,4.608429084493718,14.595305507749892,4.447839105194004,2.9444389791664403,6.768952876101678,6.768952876101678,17.07588510051595,0.0,MAÍZ GRANO
S0344,-100.116742,19.300527,3907.0,8.27052509505507,15,EM|T. C. (El Monumento - Tingambato) - Donato Guerra,107_32,False,2.0,0,80,7.0,8,24009.0,14,0.5633304177600067,67962.0,0.7073805950384038,7.318817133103794,247,0.6955459715278043,2646.9639639208026,285,7050.32,463673353.61,21.0,1.2687202524271144,0.5665983955338197,0.24701573829273,0.0,False,estatal,Carretera,Con pavimento,Asfalto,No,Estatal,Mex.,Dos sentidos,MAÍZ GRANO,0,0,0,0,0,0,0,0,0,0,0,0,0,0,1.0986122886681098,0.0,2.0794415416798357,2.1972245773362196,10.086225689215299,2.70805020110221,11.126718718425458,4.585994690882769,12.252999169438473,7.881546308173061,5.655991810819852,8.86097011232276,8.831612613825678,19.95469088514865,0.0,MAÍZ GRANO
S0345,-100.146671,19.3005,4120.0,8.323608442343572,15,EM|T. C. (El Monumento - Tingambato) - Donato Guerra,107_32,False,2.0,0,80,7.0,4,12021.0,10,0.6181682056401298,60990.0,0.7846860141006723,7.234112641416625,240,0.6847641041202701,381.92014092962734,1702,7050.32,463673353.61,21.0,1.2687202524271144,0.5665983955338197,0.24701573829273,0.0,False,estatal,Carretera,Con pavimento,Asfalto,No,Estatal,Mex.,Dos sentidos,MAÍZ GRANO,0,0,0,0,0,0,0,0,0,0,0,0,0,0,1.0986122886681098,0.0,2.0794415416798357,1.6094379124341003,9.394493583599107,2.3978952727983707,11.0184815912866,4.585660329780492,12.17782748008987,5.947826458117433,7.440146680662688,8.86097011232276,8.831612613825678,19.95469088514865,0.0,MAÍZ GRANO
S0346,-99.496821,19.538414,275.0,5.616771097666572,15,EM|T. C. (Ixtlahuaca de Rayón - Naucalpan) - Temoaya,110_33,False,2.0,0,80,8.0,2,723.0,4,1.0,66741.0,0.4929353770545841,7.576133445211944,371,0.4094003247313064,1195.604956957554,119,820.2,18763587.76,3.0,0.6532533330789568,0.6437454279444038,0.4989027066569129,0.0,False,estatal,Carretera,Con pavimento,Asfalto,No,Estatal,Mex.,Dos sentidos,MAÍZ GRANO,0,0,0,0,0,0,0,0,0,0,0,0,0,0,1.0986122886681098,0.0,2.1972245773362196,1.0986122886681098,6.584791392385716,1.6094379124341003,11.108589718892622,4.6027295645993656,13.229905711165065,7.087243623482496,4.787491742782046,6.710766685144779,6.710766685144779,16.74742878175459,0.0,MAÍZ GRANO
S0347,-99.5617275,19.492797000000003,3655.5,8.20398816173337,15,EM|T. C. (Ixtlahuaca de Rayón - Naucalpan) - Temoaya,110_33,False,2.0,0,30,7.0,24,65244.0,41,0.4382778493041506,191667.0,0.4030636468458315,8.571041649273669,340,0.2678672875200357,240.20724174583404,207,7716.900000000001,248547202.26,5.0,0.1030853052427093,0.9829076442612966,0.487384830696264,0.0,False,estatal,Calle,FALTANTE,FALTANTE,No,FALTANTE,FALTANTE,Dos sentidos,MAÍZ GRANO,0,0,0,0,0,0,0,0,0,0,0,0,0,0,1.0986122886681098,0.0,2.0794415416798357,3.2188758248682006,11.085904693896348,3.7376696182833684,12.16351998760892,4.60513545846497,13.578005623896285,5.4856564882241905,5.337538079701318,8.951297585289085,8.951297585289085,19.331143338218755,0.0,MAÍZ GRANO
S0348,-99.586281,19.473073,5999.0,8.699348067653093,15,EM|T. C. (Ixtlahuaca de Rayón - Naucalpan) - Temoaya,110_33,False,2.0,0,60,7.0,15,73210.0,44,0.4302964075945909,241414.0,0.353247947509258,8.714455067792887,343,0.2137932184801939,355.6546651748311,1042,7716.900000000001,248547202.26,5.0,0.1030853052427093,0.9829076442612966,0.487384830696264,0.0,False,estatal,Carretera,Con pavimento,Asfalto,No,Estatal,Mex.,Dos sentidos,MAÍZ GRANO,0,0,0,0,0,0,0,0,0,0,0,0,0,0,1.0986122886681098,0.0,2.0794415416798357,2.772588722239781,11.201100961883556,3.8066624897703196,12.39427272324618,4.6059191948621905,13.77391222050114,5.876767989179171,6.949856455000773,8.951297585289085,8.951297585289085,19.331143338218755,0.0,MAÍZ GRANO
S0349,-99.119855,19.83889,9068.0,9.11250701162742,15,EM|T. C. (Los Reyes - El Tephé) - Tianguistongo,112_34,False,2.0,0,60,8.0,9,83045.0,22,0.1382021795412125,341554.0,0.0842414376643224,9.709771255896486,265,0.0629830380828028,1008.4692016995242,1512,10891.0,242283610.35,14.0,1.452154264177428,0.41548067211459,0.3956450280047745,0.0,False,estatal,Carretera,Con pavimento,Asfalto,No,Estatal,Mex.,Dos sentidos,MAÍZ GRANO,0,0,0,0,0,0,0,0,0,0,0,0,0,0,1.0986122886681098,0.0,2.1972245773362196,2.302585092994046,11.327149950124756,3.1354942159291497,12.741263999197917,4.61005046295953,14.08291976757647,6.917179928817489,7.321849713788356,9.295783853793651,9.295783853793651,19.305619545653567,0.0,MAÍZ GRANO
S0350,-99.0537595,19.9573985,4372.5,8.383090206892756,15,EM|T. C. (Los Reyes - El Tephé) - Tianguistongo,112_35,False,2.0,0,20,7.0,24,14160.0,4,0.0434322033898305,57326.0,0.1318947772389491,8.552756340927328,112,0.0908435996714771,2475.5219567015865,10563,11188.23,121667278.16,9.0,1.2380765590749252,0.45226099213191,0.1053097764346996,0.0,False,estatal,Enlace,FALTANTE,FALTANTE,No,FALTANTE,FALTANTE,Un sentido,MAÍZ GRANO,0,0,0,0,0,0,0,0,0,0,0,0,0,0,1.0986122886681098,0.0,2.0794415416798357,3.2188758248682006,9.55824698622306,1.6094379124341003,10.956526995909481,4.6104272246602305,12.962549022539266,7.814610418010224,9.265207273417023,9.32270698749957,9.32270698749957,18.616800657057766,0.0,MAÍZ GRANO
S0351,-99.040675,19.997287,2779.0,7.929846429742503,15,EM|T. C. (Los Reyes - El Tephé) - Tianguistongo,112_35,False,2.0,0,60,8.0,0,14104.0,3,0.0726035167328417,36087.0,0.0970155457644026,8.487940809709867,63,0.1766827639658975,775.8600115281724,2517,11188.23,121667278.16,9.0,1.2380765590749252,0.45226099213191,0.1053097764346996,0.0,False,estatal,Carretera,Con pavimento,Asfalto,No,Municipal,Mex.,Dos sentidos,MAÍZ GRANO,0,0,0,0,0,0,0,0,0,0,0,0,0,0,1.0986122886681098,0.0,2.1972245773362196,0.0,9.554284623436097,1.3862943611198906,10.493715679088233,4.610986571309531,12.030116784633707,6.655260168792515,7.831220214604293,9.32270698749957,9.32270698749957,18.616800657057766,0.0,MAÍZ GRANO
S0352,-98.870576,19.3180595,43892.0,10.68948735011069,15,EM|T. C. (México - Puebla (Libre)) - San Vicente,113_32,False,2.0,0,30,8.0,168,533277.0,30,0.0262152689877868,1383860.0,0.0241296084864075,9.692277885529789,403,0.0210825772034318,617.724290405456,615,3995.25,78977792.53,22.0,1.846409072440386,0.2753269507540204,0.0310994305738063,0.0,False,estatal,Calle,FALTANTE,FALTANTE,No,FALTANTE,FALTANTE,Dos sentidos,TRIGO GRANO,0,0,0,0,0,0,0,0,0,0,0,0,0,0,1.0986122886681098,0.0,2.1972245773362196,5.1298987149230735,13.186798143159496,3.4339872044851463,14.140387976589956,4.610419861442979,15.26461538549484,6.42765976215977,6.423246963533519,8.293111700374052,8.292611105907682,18.184677276359853,0.0,TRIGO GRANO
S0353,-98.900733,19.4109395,23669.0,10.07192145404481,15,EM|T. C. (México - Puebla (Libre)) - San Vicente,112_33,False,2.0,0,40,7.0,21,964342.0,36,0.0111423125820507,1342035.0,0.0278196917368026,9.445903847787436,309,0.0235109080718035,656.8347947721606,193532,1389.77,26860138.36,23.0,1.9384059203633597,0.2986105614598099,0.1286831634011383,0.0,False,estatal,Avenida,FALTANTE,FALTANTE,No,FALTANTE,FALTANTE,Dos sentidos,AVENA FORRAJERA EN VERDE,0,0,0,0,0,0,0,0,0,0,0,0,0,0,1.0986122886681098,0.0,2.0794415416798357,3.091042453358316,13.779202319436257,3.6109179126442243,14.109698421787346,4.610250285469287,15.27529327074132,6.48895382802669,12.173203319546891,7.237612829581823,7.237612829581823,17.106153937430122,0.0,AVENA FORRAJERA EN VERDE
S0354,-98.8587455,19.2379005,19456.0,9.875910784765894,15,EM|T. C. (Santa Bárbara - Huajuapan) - Tepetlixpa,113_32,False,2.0,0,80,8.0,117,333709.0,58,0.0392018195493678,1307091.0,0.0240159254405393,9.781711883418364,509,0.0413493642629417,776.8778096332227,6283,4887.67,124602634.53000002,15.0,0.8427744065821973,0.8081560334474299,0.0512861956719663,0.0,False,estatal,Carretera,Con pavimento,Asfalto,No,Estatal,Mex.,Dos sentidos,MAÍZ GRANO,0,0,0,0,0,0,0,0,0,0,0,0,0,0,1.0986122886681098,0.0,2.1972245773362196,4.770684624465665,12.718027631326724,4.07753744390572,14.083315380335664,4.610329983365191,14.64681491569133,6.656569454816939,8.745761999375512,8.494675561834578,8.494675561834578,18.640640316020093,0.0,MAÍZ GRANO
S0355,-98.870059,19.207369,12639.0,9.444542550647126,15,EM|T. C. (Santa Bárbara - Huajuapan) - Tepetlixpa,113_32,False,2.0,0,30,8.0,12,72966.0,51,0.1690376339665049,507595.0,0.0592204414937105,9.822303634070394,569,0.0451538621036757,511.2585577413096,6364,869.4,26059294.63,10.0,1.631988771174955,0.4853922245226593,0.0,0.0,False,estatal,Calle,FALTANTE,FALTANTE,No,FALTANTE,FALTANTE,Dos sentidos,MAÍZ GRANO,0,0,0,0,0,0,0,0,0,0,0,0,0,0,1.0986122886681098,0.0,2.1972245773362196,2.5649493574615367,11.197762563128435,3.9512437185814275,13.137441134570674,4.608770142825162,14.599210711652036,6.238829493160643,8.758569510991506,6.768952876101678,6.768952876101678,17.07588510051595,0.0,MAÍZ GRANO
S0356,-98.864459,19.16366,9100.0,9.116029692504942,15,EM|T. C. (Santa Bárbara - Huajuapan) - Tepetlixpa,113_31,False,2.0,0,80,8.0,14,21370.0,41,0.2715956948993916,195729.0,0.1651467079482345,9.6715018646695,508,0.0429330886230705,402.7761670808137,9,1906.64,59193101.36,13.0,1.5030193119548476,0.5244828599001384,0.0,0.0,False,estatal,Carretera,Con pavimento,Asfalto,No,Estatal,Mex.,Dos sentidos,MAÍZ GRANO,0,0,0,0,0,0,0,0,0,0,0,0,0,0,1.0986122886681098,0.0,2.1972245773362196,2.70805020110221,9.969790141790192,3.7376696182833684,12.18449143749657,4.605217757459509,14.533239125417047,6.000860682544061,2.302585092994046,7.553622154960781,7.553622154960781,17.896315578876738,0.0,MAÍZ GRANO
S0357,-98.880296,19.116151,7352.0,8.902727664035522,15,EM|T. C. (Santa Bárbara - Huajuapan) - Tepetlixpa,113_31,False,2.0,0,80,8.0,13,37727.0,33,0.0863307445595992,56954.0,0.2132422656880991,9.42205338592105,556,0.0768249957732985,347.4069841412098,11,8333.23,341100939.61,19.0,1.7950717581446445,0.4824059818341747,0.0,0.0,False,estatal,Carretera,Con pavimento,Asfalto,No,Estatal,Mex.,Dos sentidos,MAÍZ GRANO,0,0,0,0,0,0,0,0,0,0,0,0,0,0,1.0986122886681098,0.0,2.1972245773362196,2.6390573296152584,10.538157803337098,3.5263605246161616,10.950016761334012,4.604114627034483,14.060488396844761,5.853371291106957,2.4849066497880004,9.028126409393764,9.026565359426971,19.647689004963496,0.0,MAÍZ GRANO
S0358,-98.810257,19.036082,5491.0,8.610865667278873,15,EM|T. C. (Santa Bárbara - Huajuapan) - Tepetlixpa,113_31,False,2.0,0,80,6.0,120,67465.0,32,0.1128288742310827,110267.0,0.2066892179890629,9.06312049012934,415,0.2480635256626464,582.3476576678967,26,3121.69,177261010.32,31.0,2.071284521378209,0.4965259202547338,0.0,0.0,False,estatal,Carretera,Con pavimento,Asfalto,No,Estatal,Mex.,Dos sentidos,MAÍZ GRANO,0,0,0,0,0,0,0,0,0,0,0,0,0,0,1.0986122886681098,0.0,1.9459101490553132,4.795790545596741,11.119379046255592,3.4965075614664802,11.610669045288885,4.603555883174296,12.748178889329196,6.368783333950065,3.295836866004329,8.04645008882747,8.03447547967173,18.993133844549913,0.0,MAÍZ GRANO
S0359,-99.917317,19.146813,1848.0,7.521859252201629,15,EM|T. C. (Toluca - Cd. Altamirano) - Valle de Bravo,108_31,False,2.0,0,80,7.0,11,8486.0,9,1.0,15010.0,1.0,7.330122584943372,174,0.6901411909146716,915.358693393092,1820,9102.580000000002,612152770.15,20.0,1.429999056164773,0.5782800041306969,0.1880686574575559,0.0,False,estatal,Carretera,Con pavimento,Asfalto,No,Estatal,Mex.,Dos sentidos,MAÍZ GRANO,0,0,0,0,0,0,0,0,0,0,0,0,0,0,1.0986122886681098,0.0,2.0794415416798357,2.4849066497880004,9.046290859969677,2.302585092994046,9.616538544660177,4.59634445066693,11.71321790708542,6.82040787469776,7.507141079727608,9.116423021734263,9.084275889604486,20.23249243538729,0.0,MAÍZ GRANO
S0360,-100.067264,19.146962,6336.0,8.754002933494261,15,EM|T. C. (Toluca - Cd. Altamirano) - Valle de Bravo,108_31,False,2.0,0,80,7.0,8,6296.0,21,1.0,46211.0,0.4770292787431563,9.020313494554982,194,0.6839003212408769,801.7055536378641,982,5503.99,438271206.2399999,24.0,1.7024850027188865,0.4273118228775852,0.4055875828262769,0.0,False,estatal,Carretera,Con pavimento,Asfalto,No,Estatal,Mex.,Dos sentidos,MAÍZ GRANO,0,0,0,0,0,0,0,0,0,0,0,0,0,0,1.0986122886681098,0.0,2.0794415416798357,2.1972245773362196,8.747828608488742,3.091042453358316,10.74099478360291,4.605216190785145,11.91035168092844,6.6879879638103255,6.890609120147166,8.613410232624704,8.610863846115313,19.898348471330706,0.0,MAÍZ GRANO
S0361,-100.112208,19.171815,15353.0,9.6390661736589,15,EM|T. C. (Toluca - Cd. Altamirano) - Valle de Bravo,107_31,False,2.0,0,30,7.0,46,32861.0,24,0.2645689419068196,55401.0,0.5159834660024187,8.90995900084888,221,0.6684457227440386,515.5018627010691,324,5503.99,438271206.2399999,24.0,1.7024850027188865,0.4273118228775852,0.4055875828262769,0.0,False,estatal,Calle,FALTANTE,FALTANTE,No,FALTANTE,FALTANTE,Dos sentidos,MAÍZ GRANO,0,0,0,0,0,0,0,0,0,0,0,0,0,0,1.0986122886681098,0.0,2.0794415416798357,3.8501476017100584,10.400072254011777,3.2188758248682006,10.92237097316678,4.6028972359810085,12.020911059668792,6.247078894944418,5.783825182329737,8.613410232624704,8.610863846115313,19.898348471330706,0.0,MAÍZ GRANO
S0362,-99.994627,20.04136,534.0,6.280395838960195,15,EM|T. C. (Toluca - Palmillas) - Agostadero,108_35,False,2.0,0,80,8.0,5,11062.0,16,1.0,27391.0,1.0,7.391239458216203,145,0.710287878910781,829.0912136620594,587,20564.16,568875799.5800002,13.0,0.4302859302493231,0.891064842911162,0.1857357655260414,0.0,False,estatal,Carretera,Con pavimento,Asfalto,No,Estatal,Mex.,Dos sentidos,MAÍZ GRANO,0,0,0,0,0,0,0,0,0,0,0,0,0,0,1.0986122886681098,0.0,2.1972245773362196,1.791759469228055,9.311361486034912,2.833213344056216,10.218006278941468,4.5914284692409755,11.72222969309407,6.721535590730908,6.376726947898627,9.931353660843351,9.931353660843351,20.15917269160398,0.0,MAÍZ GRANO
S0363,-99.747986,19.54883,3343.0,8.114623886420098,15,EM|T. C. (Toluca - Palmillas) - Jocotitlán,109_33,False,2.0,0,70,8.0,12,60366.0,18,0.1597256733923069,138741.0,0.3136347582906278,8.743078625282916,321,0.4434221790044963,745.6541998872655,3457,23251.109999999997,776360441.36,14.0,0.4183810298327032,0.9188451648114864,0.3867595998642646,0.0,False,estatal,Carretera,Con pavimento,Asfalto,No,Municipal,Mex.,Dos sentidos,MAÍZ GRANO,0,0,0,0,0,0,0,0,0,0,0,0,0,0,1.0986122886681098,0.0,2.1972245773362196,2.5649493574615367,11.008197876999304,2.9444389791664403,11.840371372288757,4.604281642335406,13.084214889212358,6.615602159462031,8.148445666243235,10.054151159585897,10.054151159585897,20.47012745788385,0.0,MAÍZ GRANO
S0364,-99.742704,19.570984,7197.0,8.881419551507804,15,EM|T. C. (Toluca - Palmillas) - Jocotitlán,109_33,False,2.0,0,30,8.0,7,67903.0,21,0.1242360425901653,127501.0,0.3447972957074846,8.889859213477859,294,0.4476518367797155,818.2652513667116,3976,23251.109999999997,776360441.36,14.0,0.4183810298327032,0.9188451648114864,0.3867595998642646,0.0,False,estatal,Calle,FALTANTE,FALTANTE,No,FALTANTE,FALTANTE,Dos sentidos,MAÍZ GRANO,0,0,0,0,0,0,0,0,0,0,0,0,0,0,1.0986122886681098,0.0,2.1972245773362196,2.0794415416798357,11.125850221973655,3.091042453358316,11.755887329732099,4.60401277227217,12.962429339488004,6.708407903660403,8.28828304520769,10.054151159585897,10.054151159585897,20.47012745788385,0.0,MAÍZ GRANO
S0365,-99.72977,19.657301,3026.0,8.014996894348302,15,EM|T. C. (Toluca - Palmillas) - Jocotitlán,109_34,False,2.0,0,80,8.0,6,18004.0,18,0.5003332592757165,95506.0,0.4540971247879714,8.957462300506847,282,0.4301935006910738,916.4920788249764,179,18525.5,962612770.17,14.0,0.3346687565020605,0.9395697821921136,0.3424199076947991,0.0,False,estatal,Carretera,Con pavimento,Asfalto,No,Estatal,Mex.,Dos sentidos,MAÍZ GRANO,0,0,0,0,0,0,0,0,0,0,0,0,0,0,1.0986122886681098,0.0,2.1972245773362196,1.9459101490553132,9.798404776082975,2.9444389791664403,11.466954822211942,4.600479150075776,12.830226061745627,6.821643946458189,5.19295685089021,9.82695741854618,9.82695741854618,20.685161782114896,0.0,MAÍZ GRANO
S0366,-98.960981,19.709867,14751.0,9.599066156080047,15,EM|Tecámac - Ent. Atlatongo,112_34,False,2.0,0,30,8.0,197,96698.0,32,0.0742931601480899,643336.0,0.0360837882537274,10.773275215880735,354,0.0299968210864341,403.3090713461616,238,6136.75,130371644.41,11.0,1.4710352091633458,0.4372021020898684,0.231179370187803,0.0,False,estatal,Calle,FALTANTE,FALTANTE,No,FALTANTE,FALTANTE,Dos sentidos,MAÍZ GRANO,0,0,0,0,0,0,0,0,0,0,0,0,0,0,1.0986122886681098,0.0,2.1972245773362196,5.288267030694535,11.47935834012628,3.4965075614664802,13.374423971678581,4.61246218738601,15.127070866367518,6.0021796135608865,5.476463551931511,8.722213504470758,8.722213504470758,18.685899740637787,0.0,MAÍZ GRANO
S0367,-98.903212,19.682891,8298.0,9.023769800892811,15,EM|Tecámac - Ent. Atlatongo,112_34,False,2.0,0,80,8.0,62,75810.0,34,0.1032053818757419,755516.0,0.0468117154368669,10.681218930760169,365,0.0383828971581253,612.9637336345568,3866,3981.84,116573481.61,13.0,1.3939278581783137,0.4236734775882506,0.2781126313463122,0.0,False,estatal,Carretera,Con pavimento,Asfalto,No,Estatal,Mex.,Dos sentidos,MAÍZ GRANO,0,0,0,0,0,0,0,0,0,0,0,0,0,0,1.0986122886681098,0.0,2.1972245773362196,4.143134726391533,11.235998679835268,3.5553480614894135,13.535157562096307,4.612314527220736,14.978056810061764,6.419935860660929,8.260234291607297,8.289750411649194,8.289750411649194,18.57403238414675,0.0,MAÍZ GRANO
S0368,-99.569426,18.958157,20866.0,9.945876319027915,15,EM|Tenancingo - Chalma,110_31,False,2.0,0,50,7.0,5,82696.0,46,0.4103100512721292,167599.0,0.3822755505701108,8.913909349118077,309,0.4120257713434981,318.00519544462367,1492,6772.54,1561260753.66,38.0,1.6648460221543342,0.5913586335407395,0.2276900542484798,0.0,False,estatal,Prolongación,FALTANTE,FALTANTE,No,FALTANTE,FALTANTE,Dos sentidos,MAÍZ GRANO,0,0,0,0,0,0,0,0,0,0,0,0,0,0,1.0986122886681098,0.0,2.0794415416798357,1.791759469228055,11.32293860465852,3.8501476017100584,12.02933546703012,4.606879313959152,12.872827081594176,5.76520738931248,7.30854279753919,8.820779124369857,8.820779124369857,21.16875950787353,0.0,MAÍZ GRANO
S0369,-99.490767,18.961426,7647.0,8.942068693044225,15,EM|Tenancingo - Chalma,110_31,False,2.0,0,80,7.0,1,22683.0,18,0.3261914208878896,100772.0,0.4922994482594371,8.805403578765592,277,0.4552107265720919,1044.2533676511034,621,6649.1900000000005,588713073.88,34.0,1.6580116838134764,0.6246625528823812,0.3688058244688451,0.0,False,estatal,Carretera,Con pavimento,Asfalto,No,Estatal,Mex.,Dos sentidos,MAÍZ GRANO,0,0,0,0,0,0,0,0,0,0,0,0,0,0,1.0986122886681098,0.0,2.0794415416798357,0.6931471805599453,10.029415109133918,2.9444389791664403,11.520625741596417,4.605423952815924,12.703974110998152,6.952014592093339,6.432940092739179,8.802400704670315,8.784497541236211,20.193449483502153,0.0,MAÍZ GRANO
S0370,-99.448755,18.918666,5032.0,8.523572798380277,15,EM|Tenancingo - Chalma,110_30,False,2.0,0,80,7.0,5,11611.0,18,1.0,41814.0,0.7116037690725594,8.116683088991463,263,0.5107557493892221,650.3481034473845,82,6649.1900000000005,588713073.88,34.0,1.6580116838134764,0.6246625528823812,0.3688058244688451,0.0,False,estatal,Carretera,Con pavimento,Asfalto,No,Estatal,Mex.,Dos sentidos,MAÍZ GRANO,0,0,0,0,0,0,0,0,0,0,0,0,0,0,1.0986122886681098,0.0,2.0794415416798357,1.791759469228055,9.35979432514452,2.9444389791664403,10.641010405815626,4.6044908753526705,12.41971520502331,6.47904422041351,4.418840607796598,8.802400704670315,8.784497541236211,20.193449483502153,0.0,MAÍZ GRANO
S0371,-99.578963,18.944379,4076.0,8.312871394342615,15,EM|Tenancingo - San Simón El Alto,110_30,False,2.0,0,80,7.0,4,75935.0,43,0.4050569566076249,167942.0,0.3914803920401091,8.783319518135427,308,0.4275961846232635,666.6612260452204,1270,6772.54,1561260753.66,38.0,1.6648460221543342,0.5913586335407395,0.2276900542484798,0.0,False,estatal,Carretera,Con pavimento,Asfalto,No,Estatal,Mex.,Dos sentidos,MAÍZ GRANO,0,0,0,0,0,0,0,0,0,0,0,0,0,0,1.0986122886681098,0.0,2.0794415416798357,1.6094379124341003,11.23764615923549,3.784189633918261,12.03137991510069,4.606306415623906,12.875249827351459,6.5037808982554015,7.147559271189454,8.820779124369857,8.820779124369857,21.16875950787353,0.0,MAÍZ GRANO
S0372,-99.52983,18.972586,4043.0,8.304742269640771,15,EM|Tenancingo - San Simón El Alto,110_31,False,2.0,0,30,7.0,3,39899.0,21,0.3000827088398205,138911.0,0.3905882183556378,9.072042476601872,307,0.4281796137247361,588.0567784426847,1230,6772.54,1561260753.66,38.0,1.6648460221543342,0.5913586335407395,0.2276900542484798,0.0,False,estatal,Calle,FALTANTE,FALTANTE,No,FALTANTE,FALTANTE,Dos sentidos,MAÍZ GRANO,0,0,0,0,0,0,0,0,0,0,0,0,0,0,1.0986122886681098,0.0,2.0794415416798357,1.3862943611198906,10.594131602877955,3.091042453358316,11.84159591809932,4.605998441511174,12.833210891090424,6.378522577040713,7.115582126184454,8.820779124369857,8.820779124369857,21.16875950787353,0.0,MAÍZ GRANO
S0373,-99.512374,18.996957,1069.0,6.974478911025045,15,EM|Tenancingo - San Simón El Alto,110_31,False,2.0,0,80,7.0,2,21699.0,15,0.4124614037513249,131452.0,0.3558713446733408,9.148922116057571,304,0.3863762056973594,895.6540238692776,3094,6649.1900000000005,588713073.88,34.0,1.6580116838134764,0.6246625528823812,0.3688058244688451,0.0,False,estatal,Carretera,Con pavimento,Asfalto,No,Estatal,Mex.,Dos sentidos,MAÍZ GRANO,0,0,0,0,0,0,0,0,0,0,0,0,0,0,1.0986122886681098,0.0,2.0794415416798357,1.0986122886681098,9.98506753952855,2.772588722239781,11.786404652263519,4.606201725511637,12.963895056632534,6.798670084054333,8.037543185118697,8.802400704670315,8.784497541236211,20.193449483502153,0.0,MAÍZ GRANO
S0374,-99.600795,18.9528415,13041.0,9.4758535196569,15,EM|Tenancingo de Degollado - San Andrés Nicolás Bravo,110_31,False,2.0,0,80,7.0,5,97242.0,46,0.3464655190144176,179129.0,0.4050153799775581,8.602672595719024,322,0.4136952724676001,711.7791580562837,618,6772.54,1561260753.66,38.0,1.6648460221543342,0.5913586335407395,0.2276900542484798,0.0,False,estatal,Carretera,Con pavimento,Asfalto,No,Estatal,Mex.,Un sentido,MAÍZ GRANO,0,0,0,0,0,0,0,0,0,0,0,0,0,0,1.0986122886681098,0.0,2.0794415416798357,1.791759469228055,11.484968279455602,3.8501476017100584,12.095867078209148,4.605732028350358,12.934849966228882,6.569171636189671,6.428105272684596,8.820779124369857,8.820779124369857,21.16875950787353,0.0,MAÍZ GRANO
S0375,-99.594693,18.840871,5555.0,8.62245370207373,15,EM|Tenancingo de Degollado - San Andrés Nicolás Bravo,110_30,False,2.0,0,80,7.0,12,14683.0,20,0.6709800449499421,67012.0,0.5347400465588252,8.456886762884132,297,0.5071948586634534,321.18422369628104,148,2599.8199999999997,294583630.65,33.0,2.103580198259458,0.5142663722873122,0.3489164634474694,0.0,False,estatal,Carretera,Con pavimento,Asfalto,No,Estatal,Mex.,Dos sentidos,MAÍZ GRANO,0,0,0,0,0,0,0,0,0,0,0,0,0,0,1.0986122886681098,0.0,2.0794415416798357,2.5649493574615367,9.594513744616725,3.044522437723423,11.112641909402493,4.602484899890047,12.607382465708191,5.775123505224657,5.003946305945459,7.8635820589016845,7.8635820589016845,19.5010734991797,0.0,MAÍZ GRANO
S0376,-99.546405,18.783675,1390.0,7.237059026124737,15,EM|Tenancingo de Degollado - San Andrés Nicolás Bravo,110_30,False,2.0,0,80,7.0,4,3797.0,9,1.0,21975.0,0.7801592718998862,7.24638126450908,279,0.5651148879270911,784.0653490034122,2199,2599.8199999999997,294583630.65,33.0,2.103580198259458,0.5142663722873122,0.3489164634474694,0.0,False,estatal,Carretera,Con pavimento,Asfalto,No,Estatal,Mex.,Dos sentidos,MAÍZ GRANO,0,0,0,0,0,0,0,0,0,0,0,0,0,0,1.0986122886681098,0.0,2.0794415416798357,1.6094379124341003,8.242229891372231,2.302585092994046,9.99770622777511,4.600685520158268,12.200728390404397,6.665766961455662,7.696212639346407,7.8635820589016845,7.8635820589016845,19.5010734991797,0.0,MAÍZ GRANO
S0377,-99.478951,18.763209,1234.0,7.1180162044653335,15,EM|Tenancingo de Degollado - San Andrés Nicolás Bravo,110_30,False,2.0,0,80,6.0,3,9628.0,19,1.0,26967.0,0.8227092372158564,7.846574513878581,246,0.6867852959223517,498.5274782231536,700,2599.8199999999997,294583630.65,33.0,2.103580198259458,0.5142663722873122,0.3489164634474694,0.0,False,estatal,Carretera,Con pavimento,Asfalto,No,Estatal,Mex.,Dos sentidos,MAÍZ GRANO,0,0,0,0,0,0,0,0,0,0,0,0,0,0,1.0986122886681098,0.0,1.9459101490553132,1.3862943611198906,9.172534657240284,2.995732273553991,10.202406256913896,4.604714421887828,11.739981353104353,6.213662608033299,6.55250788703459,7.8635820589016845,7.8635820589016845,19.5010734991797,0.0,MAÍZ GRANO
S0378,-98.848656,19.144829,3690.0,8.213381737034572,15,EM|Tenango del Aire - Amecameca,113_31,False,2.0,0,80,8.0,9,13570.0,34,0.3218865143699336,159675.0,0.1979959292312509,9.9956960937451,473,0.0519488500692714,187.55726370205335,4,1906.64,59193101.36,13.0,1.5030193119548476,0.5244828599001384,0.0,0.0,False,estatal,Carretera,Con pavimento,Asfalto,No,Estatal,Mex.,Dos sentidos,MAÍZ GRANO,0,0,0,0,0,0,0,0,0,0,0,0,0,0,1.0986122886681098,0.0,2.1972245773362196,2.302585092994046,9.51569044208137,3.5553480614894135,11.980902041131332,4.6067614974561195,14.331929509864784,5.239401746972165,1.6094379124341003,7.553622154960781,7.553622154960781,17.896315578876738,0.0,MAÍZ GRANO
S0379,-98.782131,19.130789,12639.0,9.444542550647126,15,EM|Tenango del Aire - Amecameca,113_31,False,2.0,0,80,8.0,50,60467.0,61,0.2802024244629302,145381.0,0.2014706185815203,10.003325800584248,324,0.09573097480718,219.6854772290181,6,3741.75,93948032.61,12.0,0.7083930890983886,0.855482060533173,0.0022048506714772,0.0,False,estatal,Carretera,Con pavimento,Asfalto,No,Estatal,Mex.,Dos sentidos,MAÍZ GRANO,0,0,0,0,0,0,0,0,0,0,0,0,0,0,1.0986122886681098,0.0,2.1972245773362196,3.9318256327243257,11.009869578468598,4.127134385045092,11.887120039994487,4.6074201095489355,13.443352074597852,5.396738507876078,1.9459101490553132,8.227575914329947,8.226239105094038,18.358252353429084,0.0,MAÍZ GRANO
S0380,-99.142255,19.750378,11492.0,9.34940642009918,15,EM|Teoloyucan - Jaltenco,111_34,False,2.0,0,40,7.0,3,137255.0,34,0.054657389530436,567161.0,0.0677726430413939,10.009880797878342,299,0.0202833330797309,820.4343592604483,12,1729.9,77657883.73,7.0,1.2965279797880844,0.4740158390658419,1.0,0.0,False,estatal,Carretera,Con pavimento,Asfalto,No,Estatal,Mex.,Dos sentidos,MAÍZ FORRAJERO EN VERDE,0,0,0,0,0,0,0,0,0,0,0,0,0,0,1.0986122886681098,0.0,2.0794415416798357,1.3862943611198906,11.829603074263261,3.5553480614894135,13.24840025618705,4.609893278626707,15.369819830467003,6.7110520307674575,2.5649493574615367,7.4563967834323535,7.4563967834323535,18.167823644322805,0.0,MAÍZ FORRAJERO EN VERDE
S0381,-99.107754,19.750267,14146.0,9.557187177595935,15,EM|Teoloyucan - Jaltenco,112_34,False,2.0,0,40,7.0,7,51064.0,35,0.1805968980103399,720649.0,0.0518837880854618,10.117204755606933,310,0.0201811457899474,313.4007900551715,5,2356.9,66859918.11000001,9.0,1.1973718639868451,0.5761805761805762,0.7386397386397386,0.0,False,estatal,Carretera,Con pavimento,Asfalto,No,Estatal,Mex.,Dos sentidos,MAÍZ FORRAJERO EN VERDE,0,0,0,0,0,0,0,0,0,0,0,0,0,0,1.0986122886681098,0.0,2.0794415416798357,2.0794415416798357,10.8408546100122,3.58351893845611,13.487908861511249,4.61067716426179,15.376484223112264,5.750668573450023,1.791759469228055,7.765526671377002,7.765526671377002,18.018110229114036,0.0,MAÍZ FORRAJERO EN VERDE
S0382,-98.922421,19.614489,10201.0,9.23024103368252,15,EM|Tepexpan - San Juan Teotihuacán,112_33,False,2.0,0,50,8.0,296,219905.0,40,0.0390123007662399,496041.0,0.065915922272554,9.752682324953126,353,0.034244131797659,1418.043797700247,113,317.06,7231210.02,4.0,0.7806051007726641,0.7569545196492777,0.6341386488361824,0.0,False,estatal,Avenida,FALTANTE,FALTANTE,No,FALTANTE,FALTANTE,Dos sentidos,MAÍZ GRANO,0,0,0,0,0,0,0,0,0,0,0,0,0,0,1.0986122886681098,0.0,2.1972245773362196,5.6937321388027,12.300955461300225,3.713572066704308,13.11441587954149,4.60963803174946,15.063737540125075,7.257738541870648,4.736198448394496,5.76224004422777,5.76224004422777,15.793917079416941,0.0,MAÍZ GRANO
S0383,-98.890736,19.626703,6100.0,8.716044050161402,15,EM|Tepexpan - San Juan Teotihuacán,113_34,False,2.0,0,30,8.0,181,63530.0,28,0.0902723122934047,444807.0,0.1036989076161121,9.812489292001771,366,0.0407771899849288,346.50139642371084,3605,4063.61,119385413.67,11.0,1.2711203394883956,0.629489542549605,0.529885988074643,0.0,False,estatal,Calle,FALTANTE,FALTANTE,No,FALTANTE,FALTANTE,Dos sentidos,MAÍZ GRANO,0,0,0,0,0,0,0,0,0,0,0,0,0,0,1.0986122886681098,0.0,2.1972245773362196,5.204006687076795,11.059283254731692,3.367295829986474,13.005398007368282,4.609511860604901,14.920003190140436,5.850768683482271,8.190354403763262,8.310073076419874,8.310073076419874,18.597867596268593,0.0,MAÍZ GRANO
S0384,-98.871401,19.674852,8862.0,9.089527751759436,15,EM|Tepexpan - San Juan Teotihuacán,113_34,False,2.0,0,50,8.0,208,70733.0,32,0.1573664343375793,289914.0,0.12069786212463,9.882869917408971,355,0.0949957290664563,160.23635998529755,753,3981.84,116573481.61,13.0,1.3939278581783137,0.4236734775882506,0.2781126313463122,0.0,False,estatal,Avenida,FALTANTE,FALTANTE,No,FALTANTE,FALTANTE,Dos sentidos,MAÍZ GRANO,0,0,0,0,0,0,0,0,0,0,0,0,0,0,1.0986122886681098,0.0,2.1972245773362196,5.342334251964811,11.166681641520183,3.4965075614664802,12.57734305555117,4.610137734215486,14.076575517161672,5.082871362859546,6.625392368007956,8.289750411649194,8.289750411649194,18.57403238414675,0.0,MAÍZ GRANO
S0385,-98.8632535,19.5139815,24074.0,10.08888769893968,15,EM|Texcoco - San Miguel Tlaixpan,113_33,False,2.0,0,30,8.0,19,156493.0,46,0.1250471267085428,390757.0,0.1537937900024823,10.37479465167826,307,0.0361627605857095,440.6662181248081,2564,5625.68,191336722.06,34.0,1.6852968996227324,0.4033592383498528,0.4982526556789579,0.0,False,estatal,Calle,FALTANTE,FALTANTE,No,FALTANTE,FALTANTE,Dos sentidos,AVENA FORRAJERA EN VERDE,0,0,0,0,0,0,0,0,0,0,0,0,0,0,1.0986122886681098,0.0,2.1972245773362196,2.995732273553991,11.960772949569252,3.8501476017100584,12.87584372152264,4.609153896652376,14.884218468019537,6.090554434185225,7.84971375760487,8.635274849147278,8.633406996474067,19.06954538180026,0.0,AVENA FORRAJERA EN VERDE
S0386,-98.8222905,19.5117545,8730.0,9.074520648833648,15,EM|Texcoco - San Miguel Tlaixpan,113_33,False,2.0,0,50,8.0,3,54931.0,33,0.2050026396752289,329983.0,0.1489743411024204,10.451858189819784,299,0.0568526777562721,102.5601601700309,245,5625.68,191336722.06,34.0,1.6852968996227324,0.4033592383498528,0.4982526556789579,0.0,False,estatal,Avenida,FALTANTE,FALTANTE,No,FALTANTE,FALTANTE,Dos sentidos,AVENA FORRAJERA EN VERDE,0,0,0,0,0,0,0,0,0,0,0,0,0,0,1.0986122886681098,0.0,2.1972245773362196,1.3862943611198906,10.913851335650172,3.5263605246161616,12.70679944741875,4.6090684017800285,14.37656131583769,4.6401527015220685,5.5053315359323625,8.635274849147278,8.633406996474067,19.06954538180026,0.0,AVENA FORRAJERA EN VERDE
S0387,-99.6710615,19.340396,66362.0,11.102879882487954,15,EM(D)-MEX-055|Toluca - Palmillas,109_32,False,3.0,0,80,10.0,52,170568.0,29,0.0804488532432812,900300.0,0.0419882261468399,10.970619565555452,390,0.1110410660489798,676.2180202561105,520,14566.5,466115495.56000006,11.0,0.448786951406549,0.9120241650362132,0.2237668623210792,0.0,False,estatal,Carretera,Con pavimento,Asfalto,No,Estatal,Mex.,Un sentido,MAÍZ GRANO,0,0,0,0,0,0,0,0,0,0,0,0,0,0,1.3862943611198906,0.0,2.3978952727983707,3.970291913552122,12.046895185922066,3.4011973816621555,13.710484430836816,4.610205544099608,14.472469781912272,6.517993259851945,6.255750041753367,9.58654829901723,9.58654829901723,19.95994400807628,0.0,MAÍZ GRANO
S0388,-99.670711,19.340516,24037.0,10.087349588848662,15,EM(D)-MEX-055|Toluca - Palmillas,109_32,False,3.0,0,80,10.0,52,170568.0,29,0.0804488532432812,900300.0,0.0419882261468399,10.970619565555452,390,0.1116227502098249,696.6315121508993,520,14566.5,466115495.56000006,11.0,0.448786951406549,0.9120241650362132,0.2237668623210792,0.0,False,estatal,Carretera,Con pavimento,Asfalto,No,Estatal,Mex.,Un sentido,MAÍZ GRANO,0,0,0,0,0,0,0,0,0,0,0,0,0,0,1.3862943611198906,0.0,2.3978952727983707,3.970291913552122,12.046895185922066,3.4011973816621555,13.710484430836816,4.610205544099608,14.473124338867196,6.547691043809196,6.255750041753367,9.58654829901723,9.58654829901723,19.95994400807628,0.0,MAÍZ GRANO
S0389,-99.7039295,19.380673,74701.0,11.221248757912162,15,EM(D)-MEX-055|Toluca - Palmillas,109_32,False,2.0,0,80,8.0,23,49291.0,28,0.3111927126655981,411321.0,0.1235750180515947,9.65382380401272,373,0.1265261029136394,592.6379404535652,4,14566.5,466115495.56000006,11.0,0.448786951406549,0.9120241650362132,0.2237668623210792,0.0,False,estatal,Carretera,Con pavimento,Asfalto,Si,Estatal,Mex.,Un sentido,MAÍZ GRANO,0,0,0,0,0,0,0,0,0,0,0,0,0,0,1.0986122886681098,0.0,2.1972245773362196,3.1780538303479458,10.805517075058013,3.367295829986474,12.927131641725548,4.608330121264913,14.351377416471701,6.386269605669071,1.6094379124341003,9.58654829901723,9.58654829901723,19.95994400807628,0.0,MAÍZ GRANO
S0390,-99.7131215,19.401198,72967.0,11.197762563128435,15,EM(D)-MEX-055|Toluca - Palmillas,109_32,False,2.0,0,80,7.0,19,39510.0,22,0.317717033662364,268026.0,0.2104310775820256,9.250205192692318,383,0.1437332428772058,894.9498373628549,3988,14566.5,466115495.56000006,11.0,0.448786951406549,0.9120241650362132,0.2237668623210792,0.0,False,estatal,Carretera,Con pavimento,Asfalto,Si,Estatal,Mex.,Un sentido,MAÍZ GRANO,0,0,0,0,0,0,0,0,0,0,0,0,0,0,1.0986122886681098,0.0,2.0794415416798357,2.995732273553991,10.584334393133231,3.1354942159291497,12.498843000687087,4.607626359398338,14.28415639082156,6.797884426321607,8.291295851905407,9.58654829901723,9.58654829901723,19.95994400807628,0.0,MAÍZ GRANO
S0391,-99.7247015,19.4288845,34367.0,10.444852080610952,15,EM(D)-MEX-055|Toluca - Palmillas,109_33,False,2.0,0,80,8.0,8,29564.0,12,0.2027127587606548,171723.0,0.3209587533411366,8.92135128838358,376,0.1647079104008436,1071.1608814992364,76,22835.86,985234286.58,9.0,0.5846605425359943,0.8622403535491985,0.2340835860790878,0.0,False,estatal,Carretera,Con pavimento,Asfalto,Si,Estatal,Mex.,Un sentido,MAÍZ GRANO,0,0,0,0,0,0,0,0,0,0,0,0,0,0,1.0986122886681098,0.0,2.1972245773362196,2.1972245773362196,10.29434650825493,2.5649493574615367,12.053643815801188,4.607139977482104,14.138056993440099,6.9774314063958744,4.343805421853684,10.036131176210384,10.036131176210384,20.708390026264418,0.0,MAÍZ GRANO
S0392,-99.763052,19.569953,54574.0,10.907312857842117,15,EM(D)-MEX-055|Toluca - Palmillas,109_33,False,2.0,0,50,8.0,75,68484.0,17,0.0685561591028561,127074.0,0.2909328422808757,8.830132287207253,292,0.4534315725660724,650.3220392135565,7077,23251.109999999997,776360441.36,14.0,0.4183810298327032,0.9188451648114864,0.3867595998642646,0.0,False,estatal,Avenida,FALTANTE,FALTANTE,No,FALTANTE,FALTANTE,Un sentido,MAÍZ GRANO,0,0,0,0,0,0,0,0,0,0,0,0,0,0,1.0986122886681098,0.0,2.1972245773362196,4.330733340286331,11.134370022168921,2.8903717578961645,11.752532742315104,4.604415455644089,12.968946428330813,6.479004203784622,8.864746660905409,10.054151159585897,10.054151159585897,20.47012745788385,0.0,MAÍZ GRANO
S0393,-99.76086,19.565146499999997,43538.0,10.68138939896088,15,EM(D)-MEX-055|Toluca - Palmillas,109_33,False,2.0,0,80,8.0,60,69405.0,17,0.0809163604927598,129762.0,0.3056210600946348,8.819867677771873,292,0.4563089563428208,1019.186561436192,7077,23251.109999999997,776360441.36,14.0,0.4183810298327032,0.9188451648114864,0.3867595998642646,0.0,False,estatal,Carretera,Con pavimento,Asfalto,Si,Estatal,Mex.,Un sentido,MAÍZ GRANO,0,0,0,0,0,0,0,0,0,0,0,0,0,0,1.0986122886681098,0.0,2.1972245773362196,4.110873864173311,11.14772859808926,2.8903717578961645,11.773464988687412,4.604414810446581,12.96729427595702,6.927740792922351,8.864746660905409,10.054151159585897,10.054151159585897,20.47012745788385,0.0,MAÍZ GRANO
S0394,-99.786804,19.6445885,43478.5,10.68002184202,15,EM(D)-MEX-055|Toluca - Palmillas,109_34,False,2.0,0,80,8.0,5,13133.0,14,0.6651184040204066,136714.0,0.2871249469695861,9.214386147160813,294,0.4048683523178268,2598.587822420169,337,18525.5,962612770.17,14.0,0.3346687565020605,0.9395697821921136,0.3424199076947991,0.0,False,estatal,Carretera,Con pavimento,Asfalto,Si,Estatal,Mex.,Un sentido,MAÍZ GRANO,0,0,0,0,0,0,0,0,0,0,0,0,0,0,1.0986122886681098,0.0,2.1972245773362196,1.791759469228055,9.482959566750917,2.70805020110221,11.825653746026527,4.603153201301188,12.999526593045259,7.863108181603994,5.823045895483019,9.82695741854618,9.82695741854618,20.685161782114896,0.0,MAÍZ GRANO
S0395,-99.86794925,19.7959425,41878.0,10.642515908352262,15,EM(D)-MEX-055|Toluca - Palmillas,108_34,False,3.0,0,50,10.0,423,50658.0,25,0.2977417189782463,118576.0,0.3882741870192956,9.876717986788936,293,0.4666666666666667,797.9459783599134,23219,11369.87,678339175.9300001,26.0,0.5831497499339424,0.8898668146601502,0.2336614226899692,0.0,False,estatal,Circuito,FALTANTE,FALTANTE,No,FALTANTE,FALTANTE,Un sentido,MAÍZ GRANO,0,0,0,0,0,0,0,0,0,0,0,0,0,0,1.3862943611198906,0.0,2.3978952727983707,6.049733455231958,10.832872183921442,3.258096538021482,11.683317817565376,4.603506320702654,12.886516985555431,6.683293331915946,10.052769255251883,9.33881010096769,9.33881010096769,20.335157981774575,0.0,MAÍZ GRANO
S0396,-99.845205,19.92033675,21218.5,9.962628721639298,15,EM(D)-MEX-055|Toluca - Palmillas,108_35,False,2.0,0,30,3.5,20,16969.0,18,0.6471212210501502,60499.0,0.6877138465098597,8.754773955733343,255,0.5470929182833497,301.88213658171895,1315,20564.16,568875799.5800002,13.0,0.4302859302493231,0.891064842911162,0.1857357655260414,0.0,False,estatal,Camino,Sin pavimento,Tierra,No,Municipal,Mex.,Dos sentidos,MAÍZ GRANO,1,0,0,0,0,0,0,0,0,0,0,0,0,0,1.0986122886681098,0.0,1.5040773967762742,3.044522437723423,9.739202358228273,2.9444389791664403,11.010398644018933,4.592446044503131,12.511312179720289,5.713343741654697,7.182352111885263,9.931353660843351,9.931353660843351,20.15917269160398,0.0,MAÍZ GRANO
S0397,-99.852457,19.964439,11188.0,9.32259705432185,15,EM(D)-MEX-055|Toluca - Palmillas,108_35,False,2.0,0,90,8.0,67,19922.0,19,0.6994277682963558,52681.0,0.7978018640496574,8.601048465174554,244,0.6311641559363738,302.7957844903416,566,20564.16,568875799.5800002,13.0,0.4302859302493231,0.891064842911162,0.1857357655260414,0.0,False,estatal,Carretera,Con pavimento,Asfalto,No,Federal,Fed.,Dos sentidos,MAÍZ GRANO,0,0,0,0,0,0,0,0,0,0,0,0,0,0,1.0986122886681098,0.0,2.1972245773362196,4.219507705176107,9.899630122208823,2.995732273553991,10.872029120208696,4.590119459400606,12.397634710355579,5.716355714128408,6.340359303727752,9.931353660843351,9.931353660843351,20.15917269160398,0.0,MAÍZ GRANO
S0398,-99.86281625,20.1041165,13668.0,9.522812613235182,15,EM(D)-MEX-055|Toluca - Palmillas,108_36,False,2.0,0,90,8.0,5,14228.0,14,1.0,32331.0,0.9124060499211284,8.100176312289275,179,0.8613199318852016,1776.6138751805331,343,15019.33,294291396.24,10.0,0.7574435030421365,0.7962292592279416,0.2102404035333134,0.0,False,estatal,Carretera,Con pavimento,Asfalto,No,Federal,Fed.,Un sentido,MAÍZ GRANO,0,0,0,0,0,0,0,0,0,0,0,0,0,0,1.0986122886681098,0.0,2.1972245773362196,1.791759469228055,9.563037414545692,2.70805020110221,10.383812730853736,4.586633100036571,11.698458526026155,7.483027224424509,5.840641657373398,9.6171598957825,9.6171598957825,19.50008098151584,0.0,MAÍZ GRANO
S0399,-99.9007025,20.226948,14589.0,9.588023099071895,15,EM(D)-MEX-055|Toluca - Palmillas,108_36,False,2.0,0,90,10.0,12,5279.0,10,1.0,22638.0,0.7330594575492535,8.043361604382012,70,0.876849398818015,696.0610902183732,604,6216.43,188653197.88000005,13.0,1.369642258993548,0.4950590612296768,0.3081994006206134,0.0,False,estatal,Carretera,Con pavimento,Asfalto,No,Federal,Fed.,Un sentido,MAÍZ FORRAJERO EN VERDE,0,0,0,0,0,0,0,0,0,0,0,0,0,0,1.0986122886681098,0.0,2.3978952727983707,2.5649493574615367,8.571681376700306,2.3978952727983707,10.027429361730306,4.596459809211023,10.801023507926635,6.546873054291845,6.405228458030842,8.735111917069752,8.735111917069752,19.05542096092312,0.0,MAÍZ FORRAJERO EN VERDE
S0400,-99.9310725,20.280251,20926.0,9.948747683940992,15,EM(D)-MEX-055|Toluca - Palmillas,108_36,False,2.0,0,90,10.0,7,1078.0,3,1.0,7617.0,1.0,7.810768018905081,47,0.7832263156006743,2056.4326607583994,303,6216.43,188653197.88000005,13.0,1.369642258993548,0.4950590612296768,0.3081994006206134,0.0,False,estatal,Carretera,Con pavimento,Asfalto,No,Federal,Fed.,Un sentido,MAÍZ FORRAJERO EN VERDE,0,0,0,0,0,0,0,0,0,0,0,0,0,0,1.0986122886681098,0.0,2.3978952727983707,2.0794415416798357,6.983789965258135,1.3862943611198906,8.938269147038548,4.598298263604967,10.235593126289832,7.6292142033441355,5.717027701406222,8.735111917069752,8.735111917069752,19.05542096092312,0.0,MAÍZ FORRAJERO EN VERDE
S0401,-99.93316,20.2946135,18815.0,9.842409703027538,15,EM(D)-MEX-055|Toluca - Palmillas,108_36,False,2.0,0,90,10.0,34,1001.0,2,1.0,6772.0,1.0,7.782095392793858,42,0.7660381741453405,3127.869560211682,303,6216.43,188653197.88000005,13.0,1.369642258993548,0.4950590612296768,0.3081994006206134,0.0,False,estatal,Carretera,Con pavimento,Asfalto,No,Federal,Fed.,Un sentido,MAÍZ FORRAJERO EN VERDE,0,0,0,0,0,0,0,0,0,0,0,0,0,0,1.0986122886681098,0.0,2.3978952727983707,3.5553480614894135,6.90975328164481,1.0986122886681098,8.820699399214904,4.601132866273964,10.159291886089886,8.048427055427515,5.717027701406222,8.735111917069752,8.735111917069752,19.05542096092312,0.0,MAÍZ FORRAJERO EN VERDE
S0402,-99.7543645,19.297935,36326.0,10.500289017309388,15,EM-001|San Luis Mextepec - Valle de Bravo,109_32,False,4.0,0,50,12.0,29,155151.0,34,0.1309305128552184,417344.0,0.1606947745744517,10.048468041261817,279,0.1022049105361858,907.2864517439368,7859,10179.64,447283975.15,7.0,0.5543056936028667,0.8506685894589593,0.1150040669414635,0.0,False,estatal,Avenida,FALTANTE,FALTANTE,No,FALTANTE,FALTANTE,Un sentido,MAÍZ GRANO,0,0,0,0,0,0,0,0,0,0,0,0,0,0,1.6094379124341003,0.0,2.5649493574615367,3.4011973816621555,11.952160560544327,3.5553480614894135,12.941668496854895,4.608587720471949,14.203417757509005,6.811559804338282,8.969541885423252,9.228243156497733,9.228243156497733,19.918704244264866,0.0,MAÍZ GRANO
S0403,-99.937666,19.282605,2039.0,7.620214770574455,15,EM-001|San Luis Mextepec - Valle de Bravo,108_32,False,2.0,0,80,7.0,2,4897.0,10,1.0,30976.0,0.913384555785124,7.192677233987602,221,0.5372816748365727,1291.1663145085151,646,6146.78,282281722.7,19.0,1.0399908275181808,0.7474938097670651,0.0995252799026482,0.0,False,estatal,Carretera,Con pavimento,Asfalto,No,Estatal,Mex.,Dos sentidos,MAÍZ GRANO,0,0,0,0,0,0,0,0,0,0,0,0,0,0,1.0986122886681098,0.0,2.0794415416798357,1.0986122886681098,8.496582237512113,2.3978952727983707,10.341000272613067,4.587130278839025,12.564495061749467,7.164075402457795,6.472346294500901,8.723846320023428,8.722462750421597,19.458416150426565,0.0,MAÍZ GRANO
S0404,-100.124375,19.228494,7578.0,8.933004591578547,15,EM-001|San Luis Mextepec - Valle de Bravo,107_32,False,2.0,0,80,7.0,6,41290.0,16,0.3505691450714459,69115.0,0.4835997974390508,8.453910388144376,233,0.6604696510577951,601.2498220347019,1464,5503.99,438271206.2399999,24.0,1.7024850027188865,0.4273118228775852,0.4055875828262769,0.0,False,estatal,Carretera,Con pavimento,Asfalto,No,Estatal,Mex.,Dos sentidos,MAÍZ GRANO,0,0,0,0,0,0,0,0,0,0,0,0,0,0,1.0986122886681098,0.0,2.0794415416798357,1.9459101490553132,10.628399837526073,2.833213344056216,11.143541531433012,4.598624693851427,12.103585774774755,6.400672345994234,7.289610521451167,8.613410232624704,8.610863846115313,19.898348471330706,0.0,MAÍZ GRANO
S0405,-100.141644,19.41067,4121.0,8.323851131338817,15,EM-002|Dos Casas - Ixtapan del Oro,107_32,False,2.0,0,80,7.0,4,17860.0,23,0.7887458006718925,47751.0,0.868191242068229,7.1902247355744064,243,0.8198201802198242,83.22862671590225,6,14691.160000000002,594579956.89,13.0,0.8657148896344052,0.6912061402911682,0.0355424622698275,0.0,False,estatal,Carretera,Con pavimento,Asfalto,No,Estatal,Mex.,Dos sentidos,MAÍZ GRANO,0,0,0,0,0,0,0,0,0,0,0,0,0,0,1.0986122886681098,0.0,2.0794415416798357,1.6094379124341003,9.790374843904484,3.1780538303479458,10.773776229848485,4.591846710531449,12.205967640017288,4.433534848215995,1.9459101490553132,9.595069297160684,9.594626786443001,20.203365761081606,0.0,MAÍZ GRANO
S0406,-100.264586,19.266771,1202.0,7.091742115095153,15,EM-002|Dos Casas - Ixtapan del Oro,107_32,False,2.0,0,80,7.0,11,5134.0,17,1.0,28869.0,0.8831965083653747,7.1835823429541605,171,0.6456252066846626,499.5050588956527,944,2143.36,78795176.75000001,13.0,1.2686894178444488,0.5889118020304568,0.1318397282770976,0.0,False,estatal,Carretera,Con pavimento,Asfalto,No,Estatal,Mex.,Dos sentidos,MAÍZ GRANO,0,0,0,0,0,0,0,0,0,0,0,0,0,0,1.0986122886681098,0.0,2.0794415416798357,2.4849066497880004,8.543835122362658,2.8903717578961645,10.27055827265698,4.587789173857563,11.775520472045365,6.215617706387815,6.851184927493743,7.670596418543073,7.5633874907793235,18.182362356889563,0.0,MAÍZ GRANO
S0407,-99.753523,19.568591,26520.0,10.185654444299798,15,EM-003|Ixtlahuaca de Rayón - Naucalpan,109_33,False,2.0,0,30,8.0,32,69645.0,18,0.0840835666594874,131032.0,0.3123511813908053,8.848053255386215,299,0.4473566843837934,1063.4136848465212,2255,23251.109999999997,776360441.36,14.0,0.4183810298327032,0.9188451648114864,0.3867595998642646,0.0,False,estatal,Calle,FALTANTE,FALTANTE,No,FALTANTE,FALTANTE,Un sentido,MAÍZ GRANO,0,0,0,0,0,0,0,0,0,0,0,0,0,0,1.0986122886681098,0.0,2.1972245773362196,3.4965075614664802,11.151180547551608,2.9444389791664403,11.783204478856643,4.604045098475924,12.983066826717657,6.970179395885336,7.721348612617949,10.054151159585897,10.054151159585897,20.47012745788385,0.0,MAÍZ GRANO
S0408,-99.73615,19.5700695,19721.0,9.889439336810067,15,EM-003|Ixtlahuaca de Rayón - Naucalpan,109_33,False,2.0,0,80,8.0,6,55580.0,20,0.1779417056495142,128867.0,0.3517424941994459,8.88532514899429,299,0.4594989298165266,1083.955731651232,3976,23251.109999999997,776360441.36,14.0,0.4183810298327032,0.9188451648114864,0.3867595998642646,0.0,False,estatal,Carretera,Con pavimento,Asfalto,No,Estatal,Mex.,Un sentido,MAÍZ GRANO,0,0,0,0,0,0,0,0,0,0,0,0,0,0,1.0986122886681098,0.0,2.1972245773362196,1.9459101490553132,10.925596695218122,3.044522437723423,11.766543903646216,4.603904664611465,12.966796695519184,6.989294464820759,8.28828304520769,10.054151159585897,10.054151159585897,20.47012745788385,0.0,MAÍZ GRANO
S0409,-99.673301,19.581942,9706.0,9.18049952996516,15,EM-003|Ixtlahuaca de Rayón - Naucalpan,109_33,False,2.0,0,30,7.0,10,31047.0,34,0.7663220278931941,110260.0,0.5048068202430619,8.433986830290332,283,0.4114082643897914,379.8100290545418,772,16897.0,401684795.36,12.0,0.9733805406657784,0.7419660294726874,0.5179025862579156,0.0,False,estatal,Camino,Sin pavimento,Tierra,No,Municipal,Mex.,Dos sentidos,MAÍZ GRANO,1,0,0,0,0,0,0,0,0,0,0,0,0,0,1.0986122886681098,0.0,2.0794415416798357,2.3978952727983707,10.343289673048742,3.5553480614894135,11.610605561574705,4.601910309409806,12.917698047335891,5.942300639373296,6.650279048587422,9.73495055071279,9.723343622989947,19.81117825036829,0.0,MAÍZ GRANO
S0410,-99.599942,19.566747999999997,2761.5,7.923529289341242,15,EM-003|Ixtlahuaca de Rayón - Naucalpan,110_33,False,2.0,0,80,8.0,7,22916.0,27,0.8787746552626986,99651.0,0.630078975624931,7.63041398205576,304,0.3758007117437722,564.8578481014728,690,16897.0,401684795.36,12.0,0.9733805406657784,0.7419660294726874,0.5179025862579156,0.0,False,estatal,Carretera,Con pavimento,Asfalto,No,Municipal,Mex.,Dos sentidos,MAÍZ GRANO,0,0,0,0,0,0,0,0,0,0,0,0,0,0,1.0986122886681098,0.0,2.1972245773362196,2.0794415416798357,10.039634272209469,3.332204510175204,11.509439395685396,4.600104628739848,13.097119412847393,6.338342894895114,6.53813982376767,9.73495055071279,9.723343622989947,19.81117825036829,0.0,MAÍZ GRANO
S0411,-99.4362405,19.5203925,3087.0,8.034955024502159,15,EM-003|Ixtlahuaca de Rayón - Naucalpan,110_33,False,2.0,0,60,7.0,0,9908.0,16,1.0,54733.0,0.506275921290629,8.562813031006193,357,0.2423645331121568,2992.8796302265187,43,820.2,18763587.76,3.0,0.6532533330789568,0.6437454279444038,0.4989027066569129,0.0,False,estatal,Carretera,Con pavimento,Asfalto,No,Estatal,Mex.,Dos sentidos,MAÍZ GRANO,0,0,0,0,0,0,0,0,0,0,0,0,0,0,1.0986122886681098,0.0,2.0794415416798357,0.0,9.201198714058899,2.833213344056216,10.910240367526143,4.605358408697535,13.712197943923748,8.004325360506227,3.784189633918261,6.710766685144779,6.710766685144779,16.74742878175459,0.0,MAÍZ GRANO
S0412,-99.316167,19.486167,19640.0,9.885323581908455,15,EM-003|Ixtlahuaca de Rayón - Naucalpan,111_33,False,2.0,0,60,7.0,24,32975.0,34,0.4992570128885519,1024564.0,0.0422853037975177,10.82597502735318,258,0.0256767986190837,425.9900572934,88,702.89,11204341.81,3.0,0.6269488463963906,0.6828949053194668,0.0699967277952453,0.0,False,estatal,Carretera,Con pavimento,Asfalto,No,Estatal,Mex.,Dos sentidos,MAÍZ GRANO,0,0,0,0,0,0,0,0,0,0,0,0,0,0,1.0986122886681098,0.0,2.0794415416798357,3.2188758248682006,10.40353530313024,3.5553480614894135,13.839778690231716,4.612227664590241,15.4588123613649,6.0567607279303575,4.48863636973214,6.5566220939497395,6.5566220939497395,16.23181201200223,0.0,MAÍZ GRANO
S0413,-99.298406,19.491043,9034.0,9.108750516214547,15,EM-003|Ixtlahuaca de Rayón - Naucalpan,111_33,False,2.0,0,60,7.0,9,27461.0,28,0.5296238301591347,1529041.0,0.0248377904843624,10.9180471904557,250,0.0183886048476467,737.7054551288466,1128,702.89,11204341.81,3.0,0.6269488463963906,0.6828949053194668,0.0699967277952453,0.0,False,estatal,Carretera,Con pavimento,Asfalto,No,Estatal,Mex.,Dos sentidos,MAÍZ GRANO,0,0,0,0,0,0,0,0,0,0,0,0,0,0,1.0986122886681098,0.0,2.0794415416798357,2.302585092994046,10.220558509881696,3.367295829986474,14.240151953467878,4.611717084714892,15.757495872064428,6.604899269276406,7.029087564149662,6.5566220939497395,6.5566220939497395,16.23181201200223,0.0,MAÍZ GRANO
S0414,-99.965554,19.704465,12101.0,9.401043372798052,15,EM-003|San Felipe del Progreso - Carmona,108_34,False,2.0,0,60,7.0,16,36564.0,23,0.5264467782518324,119348.0,0.410404866440996,8.169752907463888,349,0.5117947817221046,955.7891430532508,2389,20282.58,495007041.08,15.0,0.2493472091511414,0.9566006888669982,0.2575116183444118,0.0,False,estatal,Carretera,Con pavimento,Asfalto,No,Estatal,Mex.,Dos sentidos,MAÍZ GRANO,0,0,0,0,0,0,0,0,0,0,0,0,0,0,1.0986122886681098,0.0,2.0794415416798357,2.833213344056216,10.506846777705052,3.1780538303479458,11.689807253013818,4.593633334526053,13.05378470583903,6.863583035988646,7.779048644925556,9.917566970725385,9.917566970725385,20.020082546856013,0.0,MAÍZ GRANO
S0415,-100.023957,19.683635,5629.0,8.635687085464026,15,EM-003|San Felipe del Progreso - Carmona,108_34,False,2.0,0,60,7.0,3,20561.0,21,0.8334224989056952,120586.0,0.5748262650722306,7.201177334018875,363,0.5844097018252851,1145.4307995120353,300,20282.58,495007041.08,15.0,0.2493472091511414,0.9566006888669982,0.2575116183444118,0.0,False,estatal,Carretera,Con pavimento,Asfalto,No,Estatal,Mex.,Dos sentidos,MAÍZ GRANO,0,0,0,0,0,0,0,0,0,0,0,0,0,0,1.0986122886681098,0.0,2.0794415416798357,1.3862943611198906,9.931199991102664,3.091042453358316,11.700126763103468,4.590178015101776,12.957205675288773,7.044408742440609,5.707110264748875,9.917566970725385,9.917566970725385,20.020082546856013,0.0,MAÍZ GRANO
S0416,-100.128291,19.6478895,11028.0,9.308192772143688,15,EM-003-MICH|T. C. (V. Victoria - El Oro de Hidalgo) - Angangueo,107_34,False,2.0,0,60,7.0,14,19717.0,22,0.729776335142263,84183.0,0.936709311856313,6.442697813097655,285,0.7621704133258846,757.152290055557,376,23518.1,1052313204.77,10.0,0.7650283229837241,0.7866281714934455,0.0012373448535383,0.0,False,estatal,Carretera,Con pavimento,Asfalto,No,Estatal,Mex.,Un sentido,MAÍZ GRANO,0,0,0,0,0,0,0,0,0,0,0,0,0,0,1.0986122886681098,0.0,2.0794415416798357,2.70805020110221,9.889287203134987,3.1354942159291497,11.340760158420649,4.594061203419177,12.445809759025943,6.630884275826119,5.932245187448011,10.065568135974305,10.065568135974305,20.77425663106687,0.0,MAÍZ GRANO
S0417,-100.266101,19.651698,835.0,6.727431724850855,15,EM-003-MICH|T. C. (V. Victoria - El Oro de Hidalgo) - Angangueo,107_34,False,2.0,0,70,7.0,2,842.0,3,1.0,4842.0,1.0,6.557348203221809,122,0.9394669272194324,1828.140946176167,144,23518.1,1052313204.77,10.0,0.7650283229837241,0.7866281714934455,0.0012373448535383,0.0,False,estatal,Carretera,Con pavimento,Asfalto,No,Estatal,Mich.,Dos sentidos,MAÍZ GRANO,0,0,0,0,0,0,0,0,0,0,0,0,0,0,1.0986122886681098,0.0,2.0794415416798357,1.0986122886681098,6.736966958001855,1.3862943611198906,8.48528964240323,4.602926616453178,11.385307979246239,7.511601707300465,4.976733742420574,10.065568135974305,10.065568135974305,20.77425663106687,0.0,MAÍZ GRANO
S0418,-99.463744,19.158174,15313.0,9.636457419815208,15,EM-004|Santiago Tianguistenco - Chalma,110_31,False,2.0,0,80,7.0,45,96606.0,38,0.2593627724986025,206475.0,0.2793364814142148,9.663975443779815,326,0.1709342327434112,412.1370970624333,173,266.72999999999996,8934348.190000001,6.0,0.9048202211443552,0.7535710268811159,0.0076106924605406,0.0,False,estatal,Carretera,Con pavimento,Asfalto,No,Estatal,Mex.,Dos sentidos,MAÍZ GRANO,0,0,0,0,0,0,0,0,0,0,0,0,0,0,1.0986122886681098,0.0,2.0794415416798357,3.828641396489095,11.478406481343354,3.6635616461296463,12.237939461868546,4.6078989274395905,13.76417199939442,6.023779492022773,5.159055299214529,5.589979009992647,5.589979009992647,16.00541386564639,0.0,MAÍZ GRANO
S0419,-99.431061,19.132956,9768.0,9.18686701579054,15,EM-004|Santiago Tianguistenco - Chalma,110_31,False,2.0,0,30,7.0,12,30406.0,29,0.6842728408866671,163755.0,0.3092363591951391,9.707993795495629,297,0.2256704383755969,376.4247932888155,4133,5613.51,197446296.96999997,9.0,0.8476547938981264,0.7628025958802959,0.0,0.0,False,estatal,Calle,FALTANTE,FALTANTE,No,FALTANTE,FALTANTE,Dos sentidos,MAÍZ GRANO,0,0,0,0,0,0,0,0,0,0,0,0,0,0,1.0986122886681098,0.0,2.0794415416798357,2.5649493574615367,10.322428124045716,3.4011973816621555,12.006132794047598,4.607869931316178,13.439512985797089,5.933371325765541,8.327000740241713,8.63310959711351,8.63310959711351,19.100977196318834,0.0,MAÍZ GRANO
S0420,-99.382653,19.056105,4429.0,8.395929103923198,15,EM-004|Santiago Tianguistenco - Chalma,110_31,False,2.0,0,80,8.0,3,4391.0,3,1.0,36912.0,0.7668779800606849,8.182970930075044,281,0.3772932119649172,477.36351464501666,2009,7179.6,290542875.2,18.0,1.6053440782058013,0.4735639868516351,0.0172711571675302,0.0,False,estatal,Carretera,Con pavimento,Asfalto,No,Estatal,Mex.,Dos sentidos,MAÍZ GRANO,0,0,0,0,0,0,0,0,0,0,0,0,0,0,1.0986122886681098,0.0,2.1972245773362196,1.3862943611198906,8.387539983189367,1.3862943611198906,10.51631907150734,4.603694628582719,12.65497073655981,6.170370934353941,7.605890001053122,8.87913822401048,8.87913822401048,19.4872617178575,0.0,MAÍZ GRANO
S0421,-99.425462,18.982785,4045.0,8.305236829492593,15,EM-004|Santiago Tianguistenco - Chalma,110_31,False,2.0,0,80,7.0,19,17316.0,23,0.8187803187803188,52820.0,0.7131200302915562,8.217948844165926,282,0.4804023379527396,494.3753189610498,203,7179.6,290542875.2,18.0,1.6053440782058013,0.4735639868516351,0.0172711571675302,0.0,False,estatal,Carretera,Con pavimento,Asfalto,No,Estatal,Mex.,Dos sentidos,MAÍZ GRANO,0,0,0,0,0,0,0,0,0,0,0,0,0,0,1.0986122886681098,0.0,2.0794415416798357,2.995732273553991,9.75944395695215,3.1780538303479458,10.874664117894554,4.605800182451034,12.434530053268125,6.205315695388363,5.318119993844216,8.87913822401048,8.87913822401048,19.4872617178575,0.0,MAÍZ GRANO
S0422,-99.467141,19.521256,757.0,6.6293632534374485,15,EM-004|T. C. (Ixtlahuaca de Rayón - Naucalpan) - Mayorazgo,110_33,False,2.0,0,80,8.0,1,402.0,4,1.0,61715.0,0.5212833184801102,8.152313775055498,368,0.2544134124394388,1157.093622600568,43,820.2,18763587.76,3.0,0.6532533330789568,0.6437454279444038,0.4989027066569129,0.0,False,estatal,Carretera,Con pavimento,Asfalto,No,Estatal,Mex.,Dos sentidos,MAÍZ GRANO,0,0,0,0,0,0,0,0,0,0,0,0,0,0,1.0986122886681098,0.0,2.1972245773362196,0.6931471805599453,5.998936561946683,1.6094379124341003,11.030298495562917,4.60476751103187,13.704768923353967,7.0545305033973165,3.784189633918261,6.710766685144779,6.710766685144779,16.74742878175459,0.0,MAÍZ GRANO
S0423,-99.497838,19.440971,2977.0,7.998671361015776,15,EM-004|T. C. (Ixtlahuaca de Rayón - Naucalpan) - Mayorazgo,110_33,False,2.0,0,80,7.0,4,68660.0,35,0.3534954849985435,243513.0,0.3137286305043262,9.204962445228348,397,0.2006216489103928,921.8396153659982,608,4138.4400000000005,144197813.33,11.0,0.1580578282632315,0.9741641778061298,0.4476952668155149,0.0,False,estatal,Carretera,Con pavimento,Asfalto,No,Estatal,Mex.,Dos sentidos,MAÍZ GRANO,0,0,0,0,0,0,0,0,0,0,0,0,0,0,1.0986122886681098,0.0,2.0794415416798357,1.6094379124341003,11.13693663142645,3.58351893845611,12.402929714718544,4.60540340767597,13.965438046947225,6.827455454903508,6.411818267709897,8.328315791969647,8.328315791969647,18.786696625488045,0.0,MAÍZ GRANO
S0424,-99.504371,19.416089,9619.0,9.171495588152617,15,EM-004|T. C. (Ixtlahuaca de Rayón - Naucalpan) - Mayorazgo,110_33,False,2.0,0,80,7.0,23,111332.0,48,0.3003269500233536,265152.0,0.287763245232923,9.33618510626261,406,0.1758553288386771,740.3606684560472,545,1592.7599999999998,87832346.91999999,11.0,0.7419650582525518,0.8236457470051985,0.0812865717371104,0.0,False,estatal,Carretera,Con pavimento,Asfalto,No,Estatal,Mex.,Dos sentidos,MAÍZ GRANO,0,0,0,0,0,0,0,0,0,0,0,0,0,0,1.0986122886681098,0.0,2.0794415416798357,3.1780538303479458,11.620280989274269,3.8918202981106265,12.488062296851638,4.60616399745165,14.119489118382948,6.608487238939904,6.302618975744905,7.3738512833968555,7.3387321762590245,18.290940418087512,0.0,MAÍZ GRANO
S0425,-99.392328,19.233285,1271.0,7.147559271189454,15,EM-005|Ent. Cruz de La Misión - San Nicolás Coatepec,110_32,False,2.0,0,80,7.0,4,14737.0,13,0.3363642532401438,172979.0,0.2658415183345955,10.072737601036089,391,0.1315935390648681,1043.133326339429,4535,2831.0,76042756.32000001,4.0,0.3084718573231709,0.935005298481102,0.0,0.0,False,estatal,Carretera,Con pavimento,Asfalto,No,Estatal,Mex.,Dos sentidos,MAÍZ GRANO,0,0,0,0,0,0,0,0,0,0,0,0,0,0,1.0986122886681098,0.0,2.0794415416798357,1.6094379124341003,9.598184471326945,2.6390573296152584,12.060931259860503,4.608740447349109,14.012185280149078,6.950942467510386,8.419800845407588,7.94873845481361,7.94873845481361,18.146806336368417,0.0,MAÍZ GRANO
S0426,-99.406431,19.197385,854.0,6.74993119378857,15,EM-005|Ent. Cruz de La Misión - San Nicolás Coatepec,110_32,False,2.0,0,80,7.0,20,54129.0,25,0.3788542186258752,223274.0,0.2282039108897587,9.866243292633769,359,0.1846267686793353,606.8959717371939,57,5613.51,197446296.96999997,9.0,0.8476547938981264,0.7628025958802959,0.0,0.0,False,estatal,Carretera,Con pavimento,Asfalto,No,Estatal,Mex.,Dos sentidos,MAÍZ GRANO,0,0,0,0,0,0,0,0,0,0,0,0,0,0,1.0986122886681098,0.0,2.0794415416798357,3.044522437723423,10.899143839791023,3.258096538021482,12.316159474552087,4.608251183052441,13.577097265285932,6.410003768210586,4.060443010546419,8.63310959711351,8.63310959711351,19.100977196318834,0.0,MAÍZ GRANO
S0427,-99.369287,19.307545,9894.0,9.199683791787654,15,EM-005|La Marquesa - Río Hondo,111_32,False,4.0,0,80,14.0,21,9351.0,19,0.6903005026200406,334694.0,0.1062791684344505,10.869285842358172,414,0.1272084780238275,214.66640441463585,137,1894.16,44353619.05,4.0,0.3418396641458337,0.9113960805845336,0.0,0.0,False,estatal,Carretera,Con pavimento,Asfalto,No,Estatal,Mex.,Dos sentidos,MAÍZ GRANO,0,0,0,0,0,0,0,0,0,0,0,0,0,0,1.6094379124341003,0.0,2.70805020110221,3.091042453358316,9.143345503151904,2.995732273553991,12.720974948336714,4.611673627556929,14.145048090726528,5.373732789825726,4.927253685157205,7.547058546669963,7.547058546669963,17.607704887965983,0.0,MAÍZ GRANO
S0428,-99.341789,19.369202,17511.0,9.7705845338719,15,EM-005|La Marquesa - Río Hondo,111_32,False,2.0,0,40,7.0,11,334807.0,47,0.0603033986744602,535360.0,0.0997497011356844,11.151754190632934,333,0.0385325673791072,663.8091240377474,4553,1894.16,44353619.05,4.0,0.3418396641458337,0.9113960805845336,0.0,0.0,False,estatal,Avenida,FALTANTE,FALTANTE,No,FALTANTE,FALTANTE,Dos sentidos,MAÍZ GRANO,0,0,0,0,0,0,0,0,0,0,0,0,0,0,1.0986122886681098,0.0,2.0794415416798357,2.4849066497880004,12.721312512174585,3.871201010907891,13.190696564680824,4.612360975265415,15.216852139688639,6.4994999679322385,8.423761246623686,7.547058546669963,7.547058546669963,17.607704887965983,0.0,MAÍZ GRANO
S0429,-99.306605,19.408499,30309.0,10.319199977095842,15,EM-005|La Marquesa - Río Hondo,111_33,False,2.0,0,60,8.0,5,238264.0,39,0.0641557264211127,554792.0,0.1015191278893711,11.063224335875605,288,0.0186223469650739,325.10129223398246,1312,1894.16,44353619.05,4.0,0.3418396641458337,0.9113960805845336,0.0,0.0,False,estatal,Carretera,Con pavimento,Asfalto,No,Estatal,Mex.,Dos sentidos,MAÍZ GRANO,0,0,0,0,0,0,0,0,0,0,0,0,0,0,1.0986122886681098,0.0,2.1972245773362196,1.791759469228055,12.38113877861121,3.6888794541139363,13.22635035018388,4.61232365527358,15.721228573618973,5.787208045479794,7.180069874302796,7.547058546669963,7.547058546669963,17.607704887965983,0.0,MAÍZ GRANO
S0430,-99.484735,19.733561,3189.0,8.067462667010057,15,EM-005|Villa del Carbón - Atlacomulco,110_34,False,2.0,0,80,8.0,4,17287.0,19,0.4447850986290276,43970.0,0.6707527859904481,8.13651015719193,197,0.4128801330816246,364.62195347213947,2,5878.43,167222034.88,16.0,0.4396487316816155,0.9089722936226168,0.3988820144154136,0.0,False,estatal,Carretera,Con pavimento,Asfalto,No,Estatal,Mex.,Dos sentidos,MAÍZ GRANO,0,0,0,0,0,0,0,0,0,0,0,0,0,0,1.0986122886681098,0.0,2.1972245773362196,1.6094379124341003,9.757767898186723,2.995732273553991,10.69128560469541,4.585090151052483,12.273754658217024,5.9015998855675145,1.0986122886681098,8.679215097418295,8.679215097418295,18.93483304347154,0.0,MAÍZ GRANO
S0431,-99.674471,19.766637,5082.0,8.53346016388011,15,EM-005|Villa del Carbón - Atlacomulco,109_34,False,2.0,0,50,7.0,5,10738.0,19,0.5974110635127584,40456.0,0.6179305912596401,7.916060246327349,244,0.5953083951363541,851.8314654421765,4323,9263.7,237001784.14,11.0,0.9450297210072136,0.7189351986787136,0.0781545170936019,0.0,False,estatal,Carretera,Con pavimento,Asfalto,No,Estatal,Mex.,Dos sentidos,MAÍZ GRANO,0,0,0,0,0,0,0,0,0,0,0,0,0,0,1.0986122886681098,0.0,2.0794415416798357,1.791759469228055,9.281637253858216,2.995732273553991,10.607994960666709,4.5798988317172284,12.278700236746266,6.748561949356358,8.371936178759098,9.133966758270772,9.133966758270772,19.283578231307324,0.0,MAÍZ GRANO
S0432,-99.704155,19.785178,5505.0,8.61341204915678,15,EM-005|Villa del Carbón - Atlacomulco,109_34,False,2.0,0,80,8.0,2,13945.0,10,0.4719971315883829,41803.0,0.647704710188264,7.993208206650547,248,0.4853360465601877,1476.569174400388,149,9263.7,237001784.14,11.0,0.9450297210072136,0.7189351986787136,0.0781545170936019,0.0,False,estatal,Carretera,Con pavimento,Asfalto,No,Estatal,Mex.,Dos sentidos,MAÍZ GRANO,0,0,0,0,0,0,0,0,0,0,0,0,0,0,1.0986122886681098,0.0,2.1972245773362196,1.0986122886681098,9.542948007780955,2.3978952727983707,10.640747307714394,4.579458418644276,12.481436661276918,7.298153566729401,5.0106352940962555,9.133966758270772,9.133966758270772,19.283578231307324,0.0,MAÍZ GRANO
S0433,-99.7671635,19.789486,6466.5,8.774390282855299,15,EM-005|Villa del Carbón - Atlacomulco,109_34,False,2.0,0,30,7.0,8,19150.0,15,0.3684073107049608,72163.0,0.5055360780455358,8.645605688859318,265,0.4729403175054436,346.02344750787654,7364,11369.87,678339175.9300001,26.0,0.5831497499339424,0.8898668146601502,0.2336614226899692,0.0,False,estatal,Calle,FALTANTE,FALTANTE,No,FALTANTE,FALTANTE,Dos sentidos,MAÍZ GRANO,0,0,0,0,0,0,0,0,0,0,0,0,0,0,1.0986122886681098,0.0,2.0794415416798357,2.1972245773362196,9.860110212566559,2.772588722239781,11.186696585572694,4.592088976811103,12.642839372861287,5.849392349732779,8.90449432889673,9.33881010096769,9.33881010096769,20.335157981774575,0.0,MAÍZ GRANO
S0434,-99.866449,19.793634,12979.0,9.471087945687758,15,EM-005|Villa del Carbón - Atlacomulco,108_34,False,2.0,0,50,8.0,356,52088.0,26,0.3170211949009369,116767.0,0.3787970916440433,9.9202431293263,294,0.4674164235182272,1078.0056136927744,23219,11369.87,678339175.9300001,26.0,0.5831497499339424,0.8898668146601502,0.2336614226899692,0.0,False,estatal,Avenida,FALTANTE,FALTANTE,No,FALTANTE,FALTANTE,Dos sentidos,MAÍZ GRANO,0,0,0,0,0,0,0,0,0,0,0,0,0,0,1.0986122886681098,0.0,2.1972245773362196,5.877735781779639,10.860709073012247,3.295836866004329,11.667944339236174,4.603463436181593,12.887923765148262,6.983795167925578,10.052769255251883,9.33881010096769,9.33881010096769,20.335157981774575,0.0,MAÍZ GRANO
S0435,-99.22335,19.539118,77344.0,11.25601828350321,15,EM-005-004|Tlalnepantla - San Gabriel,111_33,False,3.0,0,50,10.5,291,1182063.0,3,7.698405245744093e-05,2623361.0,0.0025070891882588,11.013018936035415,212,0.0091647818821737,1302.3746844881225,523065,77.5,1047906.5,2.0,0.431011302288914,0.8451612903225807,0.0,0.0,False,estatal,Avenida,FALTANTE,FALTANTE,No,FALTANTE,FALTANTE,Un sentido,MAÍZ GRANO,0,0,0,0,0,0,0,0,0,0,0,0,0,0,1.3862943611198906,0.0,2.4423470353692043,5.676753802268282,13.982772620998439,1.3862943611198906,14.779967259238832,4.611730814913114,16.142277108540984,7.172712091036742,13.167462930113818,4.363098624788363,4.363098624788363,13.862305876608906,0.0,MAÍZ GRANO
S0436,-99.299427,19.6122985,47845.0,10.775721898213364,15,EM-005-004|Tlalnepantla - San Gabriel,111_33,False,2.0,0,50,7.0,37,337442.0,9,0.0155048867657256,447970.0,0.0796705136504676,9.782100475478268,251,0.0274442774459963,2271.2067099732317,323545,4656.86,93512535.22,5.0,0.6967253029976946,0.6109266759146722,0.1873580051794557,0.0,False,estatal,Avenida,FALTANTE,FALTANTE,No,FALTANTE,FALTANTE,Un sentido,MAÍZ GRANO,0,0,0,0,0,0,0,0,0,0,0,0,0,0,1.0986122886681098,0.0,2.0794415416798357,3.6375861597263857,12.729151886142498,2.302585092994046,13.01248377715905,4.61126084391455,15.288742647528474,7.728506757204779,12.687096577559355,8.446311394174653,8.446311394174653,18.35360606249062,0.0,MAÍZ GRANO
S0437,-99.366305,19.6403635,13337.5,9.498334895610007,15,EM-005-004|Tlalnepantla - San Gabriel,111_34,False,2.0,0,50,7.0,6,74592.0,25,0.231780888030888,463263.0,0.0980415012638609,9.684394726957962,218,0.0642774654711258,820.3188420182152,1834,4656.86,93512535.22,5.0,0.6967253029976946,0.6109266759146722,0.1873580051794557,0.0,False,estatal,Carretera,Con pavimento,Asfalto,No,Estatal,Mex.,Dos sentidos,MAÍZ GRANO,0,0,0,0,0,0,0,0,0,0,0,0,0,0,1.0986122886681098,0.0,2.0794415416798357,1.9459101490553132,11.219801948009026,3.258096538021482,13.04605236495377,4.610660449605807,14.4077611336639,6.710911392182996,7.51479976048867,8.446311394174653,8.446311394174653,18.35360606249062,0.0,MAÍZ GRANO
S0438,-99.3890715,19.64517,14705.5,9.595976852450162,15,EM-005-004|Tlalnepantla - San Gabriel,110_34,False,2.0,0,40,7.0,8,72999.0,27,0.2294825956519952,456215.0,0.0978902491150006,9.66042600621638,215,0.0668986074028909,273.9698321155588,1292,4656.86,93512535.22,5.0,0.6967253029976946,0.6109266759146722,0.1873580051794557,0.0,False,estatal,Carretera,Con pavimento,Asfalto,No,Estatal,Mex.,Dos sentidos,MAÍZ GRANO,0,0,0,0,0,0,0,0,0,0,0,0,0,0,1.0986122886681098,0.0,2.0794415416798357,2.1972245773362196,11.198214720130528,3.332204510175204,13.030721660554098,4.610331336640665,14.333978703123709,5.616661390250965,7.164720378771857,8.446311394174653,8.446311394174653,18.35360606249062,0.0,MAÍZ GRANO
S0439,-99.41984,19.640529,8987.0,9.103534367658373,15,EM-005-004|Tlalnepantla - San Gabriel,110_34,False,2.0,0,40,7.0,6,27968.0,23,0.3350614988558352,129508.0,0.3912962905766439,8.80680171728169,213,0.1899486077463432,500.8959809667018,888,4656.86,93512535.22,5.0,0.6967253029976946,0.6109266759146722,0.1873580051794557,0.0,False,estatal,Carretera,Con pavimento,Asfalto,No,Estatal,Mex.,Dos sentidos,MAÍZ GRANO,0,0,0,0,0,0,0,0,0,0,0,0,0,0,1.0986122886681098,0.0,2.0794415416798357,1.9459101490553132,10.238852032964804,3.1780538303479458,11.771505655776348,4.606303817004724,13.291125080180517,6.218392888991253,6.790097235513905,8.446311394174653,8.446311394174653,18.35360606249062,0.0,MAÍZ GRANO
S0440,-99.464561,19.7247615,7359.5,8.903747274632641,15,EM-005-004|Tlalnepantla - San Gabriel,110_34,False,2.0,0,30,7.0,5,26173.0,26,0.4468727314407977,42392.0,0.6584968862049443,8.115519218517733,195,0.1729475223324701,348.19825316654595,9598,5878.43,167222034.88,16.0,0.4396487316816155,0.9089722936226168,0.3988820144154136,0.0,False,estatal,Calle,FALTANTE,FALTANTE,No,FALTANTE,FALTANTE,Dos sentidos,MAÍZ GRANO,0,0,0,0,0,0,0,0,0,0,0,0,0,0,1.0986122886681098,0.0,2.0794415416798357,1.791759469228055,10.172521830615427,3.295836866004329,10.654738533250855,4.586173765501653,13.217442621454136,5.855639821566182,9.169414205363537,8.679215097418295,8.679215097418295,18.93483304347154,0.0,MAÍZ GRANO
S0441,-99.519031,19.813196,1534.0,7.335633981927201,15,EM-005-004|Tlalnepantla - San Gabriel,110_34,False,2.0,0,30,6.0,8,7850.0,13,1.0,22815.0,0.8580758273065965,8.195059416794564,178,0.5096181730304495,727.7686909185712,865,4125.0,90887291.98,6.0,0.5074950677569215,0.871030303030303,0.3486060606060606,0.0,False,estatal,Calle,FALTANTE,FALTANTE,No,FALTANTE,FALTANTE,Dos sentidos,MAÍZ GRANO,0,0,0,0,0,0,0,0,0,0,0,0,0,0,1.0986122886681098,0.0,1.9459101490553132,2.1972245773362196,8.968396191198256,2.6390573296152584,10.035217323214022,4.583319501415402,12.016853353967148,6.5913563852515065,6.763884908562435,8.325063693631197,8.325063693631197,18.325130758176886,0.0,MAÍZ GRANO
S0442,-99.89256,19.789755999999997,43259.0,10.674960583197336,15,EM-005-MEX-126|Atlacomulco - Morelia,108_34,False,2.0,0,80,8.0,69,66530.0,23,0.1296708251916428,138242.0,0.3530981901303511,9.69899206297526,298,0.4614330022025442,671.703466050128,5,11369.87,678339175.9300001,26.0,0.5831497499339424,0.8898668146601502,0.2336614226899692,0.0,False,estatal,Carretera,Con pavimento,Asfalto,No,Estatal,Mex.,Un sentido,MAÍZ GRANO,0,0,0,0,0,0,0,0,0,0,0,0,0,0,1.0986122886681098,0.0,2.1972245773362196,4.248495242049359,11.105423283436139,3.1780538303479458,11.8367682851913,4.601990016513005,12.900336702151785,6.511304617463846,1.791759469228055,9.33881010096769,9.33881010096769,20.335157981774575,0.0,MAÍZ GRANO
S0443,-99.90858,19.790024,27458.0,10.22041284345755,15,EM-005-MEX-126|Atlacomulco - Morelia,108_34,False,2.0,0,80,8.0,4,64107.0,22,0.1519022883616453,153044.0,0.3457306395546379,9.681265954318205,303,0.463711031040888,1064.9070273812947,5,11369.87,678339175.9300001,26.0,0.5831497499339424,0.8898668146601502,0.2336614226899692,0.0,False,estatal,Carretera,Con pavimento,Asfalto,No,Estatal,Mex.,Dos sentidos,MAÍZ GRANO,0,0,0,0,0,0,0,0,0,0,0,0,0,0,1.0986122886681098,0.0,2.1972245773362196,1.6094379124341003,11.068324440113466,3.1354942159291497,11.938487274777515,4.602307409331353,12.904575459051168,6.971581384581975,1.791759469228055,9.33881010096769,9.33881010096769,20.335157981774575,0.0,MAÍZ GRANO
S0444,-99.987549,19.804313,13783.5,9.531227503609047,15,EM-005-MEX-126|Atlacomulco - Morelia,108_34,False,2.0,0,40,7.0,4,22938.0,18,0.4416252506757346,97741.0,0.516794385160782,8.551313775249165,307,0.5220953313501461,1091.937711044817,940,7125.13,136861115.62,5.0,0.5153704011449398,0.825715460630192,0.1839685732049801,0.0,False,estatal,Carretera,Con pavimento,Asfalto,No,Municipal,Mex.,Dos sentidos,MAÍZ GRANO,0,0,0,0,0,0,0,0,0,0,0,0,0,0,1.0986122886681098,0.0,2.0794415416798357,1.6094379124341003,10.040593797754127,2.9444389791664403,11.490086633066195,4.600684363628836,12.836884210107632,6.996624497572566,6.846943139585379,8.871523589052986,8.871523589052986,18.734477222303802,0.0,MAÍZ GRANO
S0445,-100.0221065,19.8100125,10255.5,9.23556942602196,15,EM-005-MEX-126|Atlacomulco - Morelia,108_34,False,2.0,0,80,8.0,6,18221.0,26,1.0,65261.0,0.6591992154579305,7.902733792004414,287,0.5534593801056046,944.7232097207742,498,7125.13,136861115.62,5.0,0.5153704011449398,0.825715460630192,0.1839685732049801,0.0,False,estatal,Carretera,Con pavimento,Asfalto,No,Estatal,Mex.,Dos sentidos,MAÍZ GRANO,0,0,0,0,0,0,0,0,0,0,0,0,0,0,1.0986122886681098,0.0,2.1972245773362196,1.9459101490553132,9.810384934273804,3.295836866004329,11.086165216321906,4.598901509115191,12.730401686396398,6.851949936091857,6.212606095751519,8.871523589052986,8.871523589052986,18.734477222303802,0.0,MAÍZ GRANO
S0446,-100.119181,19.808039,11395.0,9.340929941679784,15,EM-005-MEX-126|Atlacomulco - Morelia,107_34,False,2.0,0,90,7.0,19,19856.0,16,0.6993352135374697,43892.0,0.8639843251617607,7.947368768796135,205,0.6978251507321275,362.4894180033227,1222,7125.13,136861115.62,5.0,0.5153704011449398,0.825715460630192,0.1839685732049801,0.0,False,estatal,Carretera,Con pavimento,Asfalto,No,Federal,Fed.,Dos sentidos,MAÍZ GRANO,0,0,0,0,0,0,0,0,0,0,0,0,0,0,1.0986122886681098,0.0,2.0794415416798357,2.995732273553991,9.896311868787032,2.833213344056216,10.689510133046271,4.60200005397322,12.132216180207495,5.895750185142188,7.109062135687172,8.871523589052986,8.871523589052986,18.734477222303802,0.0,MAÍZ GRANO
S0447,-100.186262,19.793387,7363.0,8.904222737368716,15,EM-005-MEX-126|Atlacomulco - Morelia,107_34,False,2.0,0,90,7.0,2,0.0,0,0.2294825956519952,21352.0,0.7204008992131885,8.462834394904457,161,0.8693983201563628,5538.897964068494,1123,7125.13,136861115.62,5.0,0.5153704011449398,0.825715460630192,0.1839685732049801,0.0,False,estatal,Carretera,Con pavimento,Asfalto,No,Federal,Fed.,Dos sentidos,MAÍZ GRANO,0,1,0,0,0,0,0,0,0,0,0,0,0,0,1.0986122886681098,0.0,2.0794415416798357,1.0986122886681098,0.0,0.0,9.968947524007914,4.603473927289354,11.640289126183502,8.619731361533537,7.024649030453636,8.871523589052986,8.871523589052986,18.734477222303802,0.0,MAÍZ GRANO
S0448,-100.428793,19.884396,7601.0,8.936035096566041,15,EM-005-MEX-126|Atlacomulco - Morelia,106_35,False,2.0,0,90,7.0,363,0.0,0,0.2294825956519952,0.0,0.2492112922594695,9.16571748878924,0,0.217280653216424,27491.20455339739,221,23518.1,1052313204.77,10.0,0.7650283229837241,0.7866281714934455,0.0012373448535383,0.0,False,estatal,Carretera,Con pavimento,Asfalto,No,Federal,Fed.,Dos sentidos,MAÍZ GRANO,0,1,1,1,1,1,0,0,0,0,0,0,0,0,1.0986122886681098,0.0,2.0794415416798357,5.8971538676367405,0.0,0.0,0.0,4.60540340767597,0.0,10.221657772683676,5.402677381872279,10.065568135974305,10.065568135974305,20.77425663106687,0.0,MAÍZ GRANO
S0449,-100.822201,19.822133,4235.0,8.351138607086154,15,EM-005-MEX-126|Atlacomulco - Morelia,104_34,False,2.0,0,90,7.0,51,0.0,0,0.2294825956519952,0.0,0.2492112922594695,9.16571748878924,0,0.217280653216424,61027.42086491522,221,23518.1,1052313204.77,10.0,0.7650283229837241,0.7866281714934455,0.0012373448535383,0.0,False,estatal,Carretera,Con pavimento,Asfalto,No,Federal,Fed.,Dos sentidos,MAÍZ GRANO,0,1,1,1,1,1,0,0,0,0,0,0,0,0,1.0986122886681098,0.0,2.0794415416798357,3.9512437185814275,0.0,0.0,0.0,4.60540340767597,0.0,11.019094950468658,5.402677381872279,10.065568135974305,10.065568135974305,20.77425663106687,0.0,MAÍZ GRANO
S0450,-100.874596,19.806426,6912.0,8.841014310483892,15,EM-005-MEX-126|Atlacomulco - Morelia,104_34,False,2.0,0,90,7.0,46,0.0,0,0.2294825956519952,0.0,0.2492112922594695,9.16571748878924,0,0.217280653216424,65976.11490534649,144,23518.1,1052313204.77,10.0,0.7650283229837241,0.7866281714934455,0.0012373448535383,0.0,False,estatal,Carretera,Con pavimento,Asfalto,No,Federal,Fed.,Dos sentidos,MAÍZ GRANO,0,1,1,1,1,1,0,0,0,0,0,0,0,0,1.0986122886681098,0.0,2.0794415416798357,3.8501476017100584,0.0,0.0,0.0,4.60540340767597,0.0,11.097063217020624,4.976733742420574,10.065568135974305,10.065568135974305,20.77425663106687,0.0,MAÍZ GRANO
S0451,-101.140008,19.727079,56574.0,10.943304794693733,15,EM-005-MEX-126|Atlacomulco - Morelia,103_34,False,2.0,0,50,6.0,201,0.0,0,0.2294825956519952,0.0,0.2492112922594695,9.16571748878924,0,0.217280653216424,92158.92936739344,144,23518.1,1052313204.77,10.0,0.7650283229837241,0.7866281714934455,0.0012373448535383,0.0,False,estatal,Avenida,FALTANTE,FALTANTE,No,FALTANTE,FALTANTE,Un sentido,MAÍZ GRANO,0,1,1,1,1,1,0,0,0,0,0,0,0,0,1.0986122886681098,0.0,1.9459101490553132,5.308267697401205,0.0,0.0,0.0,4.60540340767597,0.0,11.431280709516592,4.976733742420574,10.065568135974305,10.065568135974305,20.77425663106687,0.0,MAÍZ GRANO
S0452,-99.373064,19.290491,11964.0,9.389657419749838,15,EM-006|La Marquesa - Tenango de Arista,111_32,False,2.0,0,80,7.0,8,5311.0,16,1.0,169535.0,0.2005780517297313,10.021495253211237,432,0.1268972023956026,955.5807131341096,1106,2831.0,76042756.32000001,4.0,0.3084718573231709,0.935005298481102,0.0,0.0,False,estatal,Carretera,Con pavimento,Asfalto,No,Estatal,Mex.,Dos sentidos,MAÍZ GRANO,0,0,0,0,0,0,0,0,0,0,0,0,0,0,1.0986122886681098,0.0,2.0794415416798357,2.1972245773362196,8.57772369115627,2.833213344056216,12.040820572631741,4.609362630703715,14.161880083013543,6.863365169150939,7.009408932708637,7.94873845481361,7.94873845481361,18.146806336368417,0.0,MAÍZ GRANO
S0453,-99.373313,19.263254,10939.0,9.30008966411979,15,EM-006|La Marquesa - Tenango de Arista,111_32,False,2.0,0,80,8.0,3,12425.0,11,0.2128772635814889,132642.0,0.195752476591125,9.89791246908367,425,0.1253221776077284,1251.4168795730493,17,2831.0,76042756.32000001,4.0,0.3084718573231709,0.935005298481102,0.0,0.0,False,estatal,Carretera,Con pavimento,Asfalto,No,Estatal,Mex.,Dos sentidos,MAÍZ GRANO,0,0,0,0,0,0,0,0,0,0,0,0,0,0,1.0986122886681098,0.0,2.1972245773362196,1.3862943611198906,9.42754633062364,2.4849066497880004,11.795416587724928,4.609051841687323,14.133413592022467,7.132830467142526,2.8903717578961645,7.94873845481361,7.94873845481361,18.146806336368417,0.0,MAÍZ GRANO
S0454,-99.394186,19.234171,8393.0,9.035153304082828,15,EM-006|La Marquesa - Tenango de Arista,110_32,False,2.0,0,80,8.0,4,14737.0,13,0.3363642532401438,174322.0,0.2714975734560181,10.071206304037268,396,0.1292715275419358,946.7821976088868,4535,2831.0,76042756.32000001,4.0,0.3084718573231709,0.935005298481102,0.0,0.0,False,estatal,Carretera,Con pavimento,Asfalto,No,Estatal,Mex.,Dos sentidos,MAÍZ GRANO,0,0,0,0,0,0,0,0,0,0,0,0,0,0,1.0986122886681098,0.0,2.1972245773362196,1.6094379124341003,9.598184471326945,2.6390573296152584,12.06866517919965,4.608654007712891,14.058444187476317,6.8541247265008804,8.419800845407588,7.94873845481361,7.94873845481361,18.146806336368417,0.0,MAÍZ GRANO
S0455,-99.441117,19.181046,11091.0,9.313889247604742,15,EM-006|La Marquesa - Tenango de Arista,110_32,False,2.0,0,80,8.0,108,119623.0,43,0.2675321635471439,238615.0,0.256434004568028,9.84198962293014,292,0.1698796572352613,729.9172051470575,203,2278.95,73155625.92,6.0,1.0802452485859697,0.5193181070229711,0.0,0.0,False,estatal,Carretera,Con pavimento,Asfalto,No,Estatal,Mex.,Dos sentidos,AVENA FORRAJERA EN VERDE,0,0,0,0,0,0,0,0,0,0,0,0,0,0,1.0986122886681098,0.0,2.1972245773362196,4.6913478822291435,11.69210876926368,3.784189633918261,12.382610844235062,4.607953522770037,13.681316088409968,6.594300190882377,5.318119993844216,7.731908791883463,7.731908791883463,18.108099605506844,0.0,AVENA FORRAJERA EN VERDE
S0456,-99.467002,19.160526,18227.0,9.810659290224931,15,EM-006|La Marquesa - Tenango de Arista,110_31,False,2.0,0,80,8.0,52,101942.0,39,0.2480626238449314,208790.0,0.2873269792614589,9.664603362391032,328,0.1660024329785663,442.0936693780272,173,266.72999999999996,8934348.190000001,6.0,0.9048202211443552,0.7535710268811159,0.0076106924605406,0.0,False,estatal,Carretera,Con pavimento,Asfalto,No,Estatal,Mex.,Dos sentidos,MAÍZ GRANO,0,0,0,0,0,0,0,0,0,0,0,0,0,0,1.0986122886681098,0.0,2.1972245773362196,3.970291913552122,11.532169112536932,3.6888794541139363,12.249089030613364,4.6077927171071345,13.79768868767308,6.093781190985411,5.159055299214529,5.589979009992647,5.589979009992647,16.00541386564639,0.0,MAÍZ GRANO
S0457,-99.571176,19.110027,9757.0,9.18574025510795,15,EM-006|La Marquesa - Tenango de Arista,110_31,False,2.0,0,80,8.0,7,70335.0,31,0.1314281652093552,211969.0,0.1808660700385433,9.91177745487484,358,0.1730214911976311,231.69901612685007,642,9826.16,537409327.61,30.0,1.4355590252675396,0.6818533384353603,0.0009708777386079,0.0,False,estatal,Carretera,Con pavimento,Asfalto,No,Estatal,Mex.,Dos sentidos,MAÍZ GRANO,0,0,0,0,0,0,0,0,0,0,0,0,0,0,1.0986122886681098,0.0,2.1972245773362196,2.0794415416798357,11.161039037763294,3.4657359027997265,12.264200034206782,4.609478526342009,13.8930973292164,5.449745842223889,6.466144724237619,9.192905259902824,9.192905259902824,20.10227061277803,0.0,MAÍZ GRANO
S0458,-99.186915,19.6025815,66727.0,11.108364947596469,15,EM-006|Lechería - Apaxco,111_33,False,2.0,0,30,7.0,61,244237.0,7,0.0030707878003742,2581540.0,0.0028471377549834,11.107371507350871,222,0.0103769603287319,2180.5389631667003,216776,553.14,17475085.9,4.0,1.2295732261764751,0.4375022598257223,0.6239649998192139,0.0,False,estatal,Calle,FALTANTE,FALTANTE,No,FALTANTE,FALTANTE,Un sentido,MAÍZ FORRAJERO EN VERDE,0,0,0,0,0,0,0,0,0,0,0,0,0,0,1.0986122886681098,0.0,2.0794415416798357,4.127134385045092,12.405898438708347,2.0794415416798357,14.763897065414728,4.6117045649096955,15.924883405313171,7.687785853126924,12.286624454358954,6.3174173624033285,6.3174173624033285,16.676286818890095,0.0,MAÍZ FORRAJERO EN VERDE
S0459,-99.188496,19.693976,15102.0,9.62258246436337,15,EM-006|Lechería - Apaxco,111_34,False,2.0,0,30,8.0,2,729402.0,21,0.0045873194754058,1489509.0,0.0251089452967387,10.788268161338037,274,0.0174792365277858,1789.8336154879603,6241,1729.9,77657883.73,7.0,1.2965279797880844,0.4740158390658419,1.0,0.0,False,estatal,Calle,FALTANTE,FALTANTE,No,FALTANTE,FALTANTE,Dos sentidos,MAÍZ FORRAJERO EN VERDE,0,0,0,0,0,0,0,0,0,0,0,0,0,0,1.0986122886681098,0.0,2.1972245773362196,1.0986122886681098,13.499981670317823,3.091042453358316,14.213957764775241,4.6114254007437445,15.547412444459521,7.490436497403477,8.739055922830724,7.4563967834323535,7.4563967834323535,18.167823644322805,0.0,MAÍZ FORRAJERO EN VERDE
S0460,-99.1928765,19.718415,27150.0,10.20913232536208,15,EM-006|Lechería - Apaxco,111_34,False,2.0,0,30,8.0,20,162740.0,30,0.0567899717340543,1167034.0,0.0324823441305051,10.923121336710702,286,0.017894131286185,1051.6899784206066,2899,1729.9,77657883.73,7.0,1.2965279797880844,0.4740158390658419,1.0,0.0,False,estatal,Calle,FALTANTE,FALTANTE,No,FALTANTE,FALTANTE,Un sentido,MAÍZ FORRAJERO EN VERDE,0,0,0,0,0,0,0,0,0,0,0,0,0,0,1.0986122886681098,0.0,2.1972245773362196,3.044522437723423,11.99991525900257,3.4339872044851463,13.969976902249979,4.611399487742827,15.556255816664272,6.959104051330334,7.9724660159745655,7.4563967834323535,7.4563967834323535,18.167823644322805,0.0,MAÍZ FORRAJERO EN VERDE
S0461,-99.197716,19.767344,7740.0,8.954156966583772,15,EM-006|Lechería - Apaxco,111_34,False,2.0,0,30,7.0,12,131614.0,25,0.0899296427431732,453477.0,0.0656240559058122,10.012428474076884,276,0.032968635676648,1326.0807133629255,604,1196.0100000000002,50670860.33,7.0,1.2941450195110762,0.4431401075241845,0.9440138460380764,0.0,False,estatal,Calle,FALTANTE,FALTANTE,No,FALTANTE,FALTANTE,Dos sentidos,ALFALFA VERDE,0,0,0,0,0,0,0,0,0,0,0,0,0,0,1.0986122886681098,0.0,2.0794415416798357,2.5649493574615367,11.787636273140844,3.258096538021482,13.024702035783978,4.610386574246626,14.870826613150282,7.190736856418397,6.405228458030842,7.087582059741957,7.087582059741957,17.740861576123482,0.0,OTROS
S0462,-99.208639,19.844691,12226.0,9.41132011058867,15,EM-006|Lechería - Apaxco,111_34,False,2.0,0,30,8.0,19,144699.0,22,0.0375952840033448,293168.0,0.0592458931397696,9.696552120536095,222,0.0825543982806201,442.02901146844965,4185,2468.9,46125249.78999999,9.0,1.2691450931548869,0.6059378670663048,0.0939284701689011,0.0,False,estatal,Calle,FALTANTE,FALTANTE,No,FALTANTE,FALTANTE,Dos sentidos,MAÍZ GRANO,0,0,0,0,0,0,0,0,0,0,0,0,0,0,1.0986122886681098,0.0,2.1972245773362196,2.995732273553991,11.882417912619575,3.1354942159291497,12.588504513527619,4.610735745190604,13.757454447197334,6.093635256542947,8.339500903005945,7.81193294297249,7.81193294297249,17.646871097491754,0.0,MAÍZ GRANO
S0463,-99.177372,19.962857,12793.0,9.456653425317034,15,EM-006|Lechería - Apaxco,111_35,False,2.0,0,40,9.0,77,32023.0,19,0.280548355869219,93593.0,0.1055848193775175,9.656096930325983,94,0.0767286398617873,1229.5861368536112,681,2848.5,63385656.82,9.0,1.705655927815784,0.40231700895208,0.4181147972617167,0.0,False,estatal,Carretera,Con pavimento,Asfalto,No,Estatal,Mex.,Dos sentidos,MAÍZ GRANO,0,0,0,0,0,0,0,0,0,0,0,0,0,0,1.0986122886681098,0.0,2.302585092994046,4.356708826689592,10.37424090067241,2.995732273553991,11.446721557846924,4.609933958578698,12.917769217433683,7.115245868887508,6.525029657843462,7.954898819275054,7.954898819275054,17.96474817646629,0.0,MAÍZ GRANO
S0464,-99.729782,18.83596,4633.0,8.440959885416648,15,EM-007|San Alejo - Los Sabinos,109_30,False,2.0,0,80,7.0,4,10750.0,16,1.0,64382.0,0.5907707123108944,8.412272995557764,297,0.5277752713133782,150.95184384645168,1277,2012.08,178805539.42,21.0,1.820371222221172,0.5128026718619538,0.3160709315732973,0.0,False,estatal,Carretera,Con pavimento,Asfalto,No,Estatal,Mex.,Dos sentidos,MAÍZ GRANO,0,0,0,0,0,0,0,0,0,0,0,0,0,0,1.0986122886681098,0.0,2.0794415416798357,1.6094379124341003,9.282754052485227,2.833213344056216,11.07260490208959,4.602318157078561,12.404165019977524,5.023563653849572,7.15305163493748,7.607421166529198,7.607421166529198,19.00180940691265,0.0,MAÍZ GRANO
S0465,-99.788192,18.817699,3284.0,8.096817470572319,15,EM-007|San Alejo - Los Sabinos,109_30,False,2.0,0,80,7.0,5,5332.0,17,1.0,28565.0,1.0,7.1177745492735855,294,0.6452206098349098,1282.0859921302012,175,4702.65,189515577.34,16.0,0.850791111525478,0.829319638926988,0.03513550870254,0.0,False,estatal,Carretera,Con pavimento,Asfalto,No,Estatal,Mex.,Dos sentidos,MAÍZ GRANO,0,0,0,0,0,0,0,0,0,0,0,0,0,0,1.0986122886681098,0.0,2.0794415416798357,1.791759469228055,8.581669210600602,2.8903717578961645,10.259972478422574,4.598895752295846,12.04479412288023,7.157023386633213,5.170483995038151,8.456094082048386,8.456094082048386,19.05998178670684,0.0,MAÍZ GRANO
S0466,-99.898189,18.866785,5324.0,8.579980179515003,15,EM-007|Texcaltitlán - Zacualpan,108_30,False,2.0,0,30,7.0,8,10757.0,19,0.7064237240866412,38601.0,0.6731690888837076,8.333374264915415,260,0.8277547354238766,243.33481753634177,190,4548.629999999999,333506038.24999994,20.0,1.5297620556205953,0.6067167476800708,0.3092183800397043,0.0,False,estatal,Calle,FALTANTE,FALTANTE,No,FALTANTE,FALTANTE,Dos sentidos,MAÍZ GRANO,0,0,0,0,0,0,0,0,0,0,0,0,0,0,1.0986122886681098,0.0,2.0794415416798357,2.1972245773362196,9.283404942833188,2.995732273553991,10.561059367582153,4.5962684373164695,11.640086610586907,5.498539487700809,5.25227342804663,8.422801189957134,8.409463204109677,19.625171531851645,0.0,MAÍZ GRANO
S0467,-99.767182,18.735087,1754.0,7.469654172932128,15,EM-007|Texcaltitlán - Zacualpan,109_30,False,2.0,0,80,7.0,6,9554.0,30,0.6766799246388947,25343.0,0.6341001459969222,7.512508884150675,320,0.6556586600364073,827.7942261428001,153,4702.65,189515577.34,16.0,0.850791111525478,0.829319638926988,0.03513550870254,0.0,False,estatal,Carretera,Con pavimento,Asfalto,No,Estatal,Mex.,Dos sentidos,MAÍZ GRANO,0,0,0,0,0,0,0,0,0,0,0,0,0,0,1.0986122886681098,0.0,2.0794415416798357,1.9459101490553132,9.164819856674374,3.4339872044851463,10.140297294614152,4.591958479775174,11.631739080507801,6.7199719049544075,5.0369526024136295,8.456094082048386,8.456094082048386,19.05998178670684,0.0,MAÍZ GRANO
S0468,-100.138039,18.866514,7873.0,8.971194463184467,15,EM-008|Tejupilco de Hidalgo - Tlatlaya,107_30,False,2.0,0,80,7.0,4,46191.0,31,0.2598774653070944,61663.0,0.4455832508959992,9.056802847967822,279,0.591461298160361,704.1048236867067,489,15886.82,380544688.5499999,19.0,0.8167691696700201,0.53510457095882,0.0176599218723444,0.0,False,estatal,Carretera,Con pavimento,Asfalto,No,Estatal,Mex.,Dos sentidos,MAÍZ GRANO,0,0,0,0,0,0,0,0,0,0,0,0,0,0,1.0986122886681098,0.0,2.0794415416798357,1.6094379124341003,10.740561901902716,3.4657359027997265,11.029455571214093,4.607221317830509,11.703570617659956,6.558346477840024,6.194405391104672,9.67330805691564,9.669903437724361,19.757114177909436,0.0,MAÍZ GRANO
S0469,-98.791151,19.714536,18355.0,9.817657295930935,15,EM-009-HGO|Ent. Tolman - Cd. Sahagún,113_34,False,2.0,0,80,8.0,31,47539.0,34,0.218326006016113,124502.0,0.3266051950972675,9.7365200605418,293,0.1715973487868777,602.4049208562458,158,8729.65,298059286.90999997,11.0,1.4179215915760242,0.4268773662174314,0.0583826384792059,0.0,False,estatal,Carretera,Con pavimento,Asfalto,No,Estatal,Mex.,Dos sentidos,CEBADA GRANO,0,0,0,0,0,0,0,0,0,0,0,0,0,0,1.0986122886681098,0.0,2.1972245773362196,3.4657359027997265,10.769326740914185,3.5553480614894135,11.732085090982128,4.608055580501528,13.239002648099765,6.402588481905903,5.0689042022202315,9.074595101961144,9.074595101961144,19.512802977399332,0.0,CEBADA GRANO
S0470,-98.743202,19.710485,5964.0,8.69349667588463,15,EM-009-HGO|Ent. Tolman - Cd. Sahagún,113_34,False,2.0,0,30,8.0,5,30681.0,36,0.4293536716534663,75242.0,0.3166050875840621,9.61147364453777,213,0.2875965596878235,524.9799881016854,33,20201.0,275260566.55,9.0,0.989320100864828,0.6839265382901837,0.0,0.0,False,estatal,Calle,FALTANTE,FALTANTE,No,FALTANTE,FALTANTE,Dos sentidos,CEBADA GRANO,0,0,0,0,0,0,0,0,0,0,0,0,0,0,1.0986122886681098,0.0,2.1972245773362196,1.791759469228055,10.33143144240472,3.6109179126442243,11.228478155028377,4.606012598354733,12.433769813377824,6.2652631665799055,3.5263605246161616,9.91353688838913,9.91353688838913,19.433228725382314,0.0,CEBADA GRANO
S0471,-98.653621,19.749524,3375.0,8.12415060330663,15,EM-009-HGO|Ent. Tolman - Cd. Sahagún,113_34,False,2.0,0,80,8.0,4,8484.0,13,0.3425271098538425,22645.0,0.369529697504968,9.125536748132763,111,0.3419613744670178,1648.0559100762025,1057,20201.0,275260566.55,9.0,0.989320100864828,0.6839265382901837,0.0,0.0,False,estatal,Carretera,Con pavimento,Asfalto,No,Estatal,Mex.,Dos sentidos,CEBADA GRANO,0,0,0,0,0,0,0,0,0,0,0,0,0,0,1.0986122886681098,0.0,2.1972245773362196,1.6094379124341003,9.046055177668327,2.6390573296152584,10.027738514873985,4.605091795457628,11.509680204805198,7.407958227428244,6.964135612418245,9.91353688838913,9.91353688838913,19.433228725382314,0.0,CEBADA GRANO
S0472,-98.60283,19.752526,7802.0,8.962135390066601,15,EM-009-HGO|Ent. Tolman - Cd. Sahagún,114_34,False,2.0,0,80,8.0,6,7160.0,6,0.220949720670391,8484.0,0.3425271098538425,9.16571748878924,74,0.3494658958056405,3394.1993119451504,10,20201.0,275260566.55,9.0,0.989320100864828,0.6839265382901837,0.0,0.0,False,estatal,Carretera,Con pavimento,Asfalto,No,Estatal,Mex.,Dos sentidos,CEBADA GRANO,0,0,0,0,0,0,0,0,0,0,0,0,0,0,1.0986122886681098,0.0,2.1972245773362196,1.9459101490553132,8.87640491500694,1.9459101490553132,9.046055177668327,4.607839035232675,11.041993404865915,8.130117745764469,2.3978952727983707,9.91353688838913,9.91353688838913,19.433228725382314,0.0,CEBADA GRANO
S0473,-99.809258,19.207256,4005.0,8.29529885950246,15,EM-010|Ent. La Puerta - San Miguel Totolmaloya,109_32,False,2.0,0,80,7.0,8,6511.0,7,0.5954538473352787,112272.0,0.2165633461593273,8.916053318369272,219,0.1398883280993423,747.633533788692,33,10179.64,447283975.15,7.0,0.5543056936028667,0.8506685894589593,0.1150040669414635,0.0,False,estatal,Carretera,Con pavimento,Asfalto,No,Estatal,Mex.,Dos sentidos,MAÍZ GRANO,0,0,0,0,0,0,0,0,0,0,0,0,0,0,1.0986122886681098,0.0,2.0794415416798357,2.1972245773362196,8.781401907682376,2.0794415416798357,11.62868868439269,4.60562099172183,13.626290058094623,6.6182495898032645,3.5263605246161616,9.228243156497733,9.228243156497733,19.918704244264866,0.0,MAÍZ GRANO
S0474,-99.804603,19.153527,4589.0,8.431417414394833,15,EM-010|Ent. La Puerta - San Miguel Totolmaloya,109_31,False,2.0,0,80,8.0,1,1385.0,3,1.0,9878.0,0.733346831342377,8.045156582547886,190,0.2054884986760385,803.9674218530207,768,10179.64,447283975.15,7.0,0.5543056936028667,0.8506685894589593,0.1150040669414635,0.0,False,estatal,Carretera,Con pavimento,Asfalto,No,Estatal,Mex.,Dos sentidos,MAÍZ GRANO,0,0,0,0,0,0,0,0,0,0,0,0,0,0,1.0986122886681098,0.0,2.1972245773362196,0.6931471805599453,7.234177179749849,1.3862943611198906,9.198166571044474,4.603176765756032,13.072054861121504,6.690801806851841,6.645090969505644,9.228243156497733,9.228243156497733,19.918704244264866,0.0,MAÍZ GRANO
S0475,-99.900636,19.006579,3537.0,8.17103418920548,15,EM-010|Ent. La Puerta - San Miguel Totolmaloya,108_31,False,2.0,0,80,7.0,2,4742.0,14,1.0,26414.0,0.8896418565912017,7.692814452903081,213,0.8496373748609566,1584.036964460323,330,9102.580000000002,612152770.15,20.0,1.429999056164773,0.5782800041306969,0.1880686574575559,0.0,False,estatal,Carretera,Con pavimento,Asfalto,No,Estatal,Mex.,Dos sentidos,MAÍZ GRANO,0,0,0,0,0,0,0,0,0,0,0,0,0,0,1.0986122886681098,0.0,2.0794415416798357,1.0986122886681098,8.464425125877582,2.70805020110221,10.181687309598416,4.590844458523096,11.629605670510745,7.368363007465512,5.802118375377063,9.116423021734263,9.084275889604486,20.23249243538729,0.0,MAÍZ GRANO
S0476,-99.937402,18.901741,3757.0,8.231376045573969,15,EM-010|Ent. La Puerta - San Miguel Totolmaloya,108_30,False,2.0,0,80,7.0,2,14541.0,22,0.7995323567842652,39356.0,0.6794389673747332,8.442542058449808,276,0.8409846594096271,1123.0745569501594,158,4548.629999999999,333506038.24999994,20.0,1.5297620556205953,0.6067167476800708,0.3092183800397043,0.0,False,estatal,Carretera,Con pavimento,Asfalto,No,Estatal,Mex.,Dos sentidos,MAÍZ GRANO,0,0,0,0,0,0,0,0,0,0,0,0,0,0,1.0986122886681098,0.0,2.0794415416798357,1.0986122886681098,9.584796293210003,3.1354942159291497,10.58042912874914,4.592625529225103,11.72000467288991,7.024715360059971,5.0689042022202315,8.422801189957134,8.409463204109677,19.625171531851645,0.0,MAÍZ GRANO
S0477,-99.964117,18.853752,1529.0,7.332369205929062,15,EM-010|Ent. La Puerta - San Miguel Totolmaloya,108_30,False,2.0,0,80,7.0,13,10760.0,14,0.3919144981412639,36632.0,0.6556016597510373,8.338288108757371,253,0.8371669768541844,582.661102044158,3880,10450.28,266299946.36,16.0,1.1676941845827722,0.4867094470196013,0.0021951564934145,0.0,False,estatal,Carretera,Con pavimento,Asfalto,No,Estatal,Mex.,Dos sentidos,PASTOS Y PRADERAS,0,0,0,0,0,0,0,0,0,0,0,0,0,0,1.0986122886681098,0.0,2.0794415416798357,2.6390573296152584,9.283683766200392,2.70805020110221,10.508704752501131,4.596270913744247,11.48508139174023,6.369320509667368,8.263848131368906,9.254479737930188,9.254479737930188,19.400133853112344,0.0,PASTOS Y PRADERAS
S0478,-99.772101,19.624155,11588.0,9.35772535888924,15,EM-011-HGO|Santo Domingo - T. C. (México - Querétaro),109_33,False,2.0,0,80,8.0,11,30991.0,13,0.2491691136136297,139968.0,0.2504072359396433,9.202342895930837,289,0.4538083544297395,826.3787178605284,1824,23251.109999999997,776360441.36,14.0,0.4183810298327032,0.9188451648114864,0.3867595998642646,0.0,False,estatal,Carretera,Con pavimento,Asfalto,No,Estatal,Mex.,Dos sentidos,MAÍZ GRANO,0,0,0,0,0,0,0,0,0,0,0,0,0,0,1.0986122886681098,0.0,2.1972245773362196,2.4849066497880004,10.341484385646778,2.6390573296152584,11.849176248501086,4.603710366712895,12.887673422189748,6.71826253199059,7.509335266016592,10.054151159585897,10.054151159585897,20.47012745788385,0.0,MAÍZ GRANO
S0479,-99.72372,19.658952,10358.0,9.245514446983837,15,EM-011-HGO|Santo Domingo - T. C. (México - Querétaro),109_34,False,2.0,0,80,8.0,5,19524.0,19,0.5392337635730383,95395.0,0.4534619214843545,8.939928914424708,278,0.43565414253759,437.6279565627761,275,18525.5,962612770.17,14.0,0.3346687565020605,0.9395697821921136,0.3424199076947991,0.0,False,estatal,Carretera,Con pavimento,Asfalto,No,Estatal,Mex.,Dos sentidos,MAÍZ GRANO,0,0,0,0,0,0,0,0,0,0,0,0,0,0,1.0986122886681098,0.0,2.1972245773362196,1.791759469228055,9.879450974707886,2.995732273553991,11.46579192783617,4.600462475939845,12.820485012749788,6.083651574405657,5.62040086571715,9.82695741854618,9.82695741854618,20.685161782114896,0.0,MAÍZ GRANO
S0480,-99.702137,19.786246,6261.0,8.74209519574531,15,EM-011-HGO|Santo Domingo - T. C. (México - Querétaro),109_34,False,4.0,0,80,22.0,2,14130.0,11,0.4789101203113942,42432.0,0.652927036199095,8.015556132075472,248,0.5024490372614739,1235.499044644873,149,9263.7,237001784.14,11.0,0.9450297210072136,0.7189351986787136,0.0781545170936019,0.0,False,estatal,Carretera,Con pavimento,Asfalto,No,Estatal,Mex.,Dos sentidos,MAÍZ GRANO,0,0,0,0,0,0,0,0,0,0,0,0,0,0,1.6094379124341003,0.0,3.1354942159291497,1.0986122886681098,9.556126244582746,2.4849066497880004,10.65568164038699,4.579822438076126,12.448214579253698,7.120039314332683,5.0106352940962555,9.133966758270772,9.133966758270772,19.283578231307324,0.0,MAÍZ GRANO
S0481,-99.5822575,19.926153,18634.0,9.83274314801037,15,EM-011-HGO|Santo Domingo - T. C. (México - Querétaro),110_35,False,2.0,0,80,12.0,6,16891.0,13,0.6656799479012492,77203.0,0.393274872738106,9.070471743326037,157,0.5774373572043897,134.8346092650508,935,17360.67,383192436.29,11.0,0.4932192396591819,0.8850464872611484,0.2379516458754184,0.0,False,estatal,Carretera,Con pavimento,Asfalto,No,Estatal,Mex.,Dos sentidos,MAÍZ GRANO,0,0,0,0,0,0,0,0,0,0,0,0,0,0,1.0986122886681098,0.0,2.5649493574615367,1.9459101490553132,9.734595416053834,2.6390573296152584,11.254206548142099,4.596891359765718,11.984147102143055,4.911438037331028,6.841615476477592,9.762020181744278,9.762020181744278,19.76404786819295,0.0,MAÍZ GRANO
S0482,-99.45113,19.971213,10473.0,9.256555795773146,15,EM-011-HGO|Santo Domingo - T. C. (México - Querétaro),110_35,False,2.0,0,80,12.0,10,10042.0,10,0.5606452897829117,38086.0,0.3305414062910256,10.03337814419997,81,0.5098208028831714,1631.321560787011,1549,17360.67,383192436.29,11.0,0.4932192396591819,0.8850464872611484,0.2379516458754184,0.0,False,estatal,Carretera,Con pavimento,Asfalto,No,Estatal,Hgo.,Un sentido,MAÍZ GRANO,0,0,0,0,0,0,0,0,0,0,0,0,0,0,1.0986122886681098,0.0,2.5649493574615367,2.3978952727983707,9.21463115339334,2.3978952727983707,10.547628295541239,4.604515335413684,11.5118348704882,7.397758550911209,7.346010209913293,9.762020181744278,9.762020181744278,19.76404786819295,0.0,MAÍZ GRANO
S0483,-99.900212,19.010946,1545.0,7.342779189331845,15,EM-012|Las Juntas - Ixtapan de La Sal,108_31,False,2.0,0,80,7.0,2,4079.0,13,1.0,26260.0,0.888994668697639,7.6787675720979855,212,0.8504835812443037,1100.0546916877984,330,9102.580000000002,612152770.15,20.0,1.429999056164773,0.5782800041306969,0.1880686574575559,0.0,False,estatal,Carretera,Con pavimento,Asfalto,No,Estatal,Mex.,Dos sentidos,MAÍZ GRANO,0,0,0,0,0,0,0,0,0,0,0,0,0,0,1.0986122886681098,0.0,2.0794415416798357,1.0986122886681098,8.313852267398207,2.6390573296152584,10.175840227862885,4.590822479892001,11.635249286746486,7.004023810046432,5.802118375377063,9.116423021734263,9.084275889604486,20.23249243538729,0.0,MAÍZ GRANO
S0484,-99.7734225,18.91623,6444.0,8.770904744296866,15,EM-012|Las Juntas - Ixtapan de La Sal,109_30,False,2.0,0,80,7.0,5,22958.0,26,0.6975346284519558,56448.0,0.8032171201814059,7.231330428004536,278,0.5767722706970192,802.543076751725,1037,13356.55,2212951179.16,36.0,2.1927686345681905,0.2932269186279391,0.4650781826145225,0.0,False,estatal,Carretera,Con pavimento,Asfalto,No,Municipal,Mex.,Dos sentidos,MAÍZ GRANO,0,0,0,0,0,0,0,0,0,0,0,0,0,0,1.0986122886681098,0.0,2.0794415416798357,1.791759469228055,10.04146529547803,3.295836866004329,10.941092854629048,4.604551631199718,12.41147576176745,6.689030795130354,6.945051063725834,9.499837047040343,9.499837047040343,21.517592837293,0.0,MAÍZ GRANO
S0485,-99.680012,18.8382875,13395.0,9.502636781978708,15,EM-012|Las Juntas - Ixtapan de La Sal,109_30,False,2.0,0,50,7.0,258,37314.0,28,0.2939111325507852,73097.0,0.5734708674774615,8.346396568942637,316,0.5278940516022456,825.2784834394787,19326,2012.08,178805539.42,21.0,1.820371222221172,0.5128026718619538,0.3160709315732973,0.0,False,estatal,Carretera,Con pavimento,Asfalto,No,Estatal,Mex.,Un sentido,MAÍZ GRANO,0,0,0,0,0,0,0,0,0,0,0,0,0,0,1.0986122886681098,0.0,2.0794415416798357,5.556828061699537,10.527150669565488,3.367295829986474,11.199556285582462,4.602978936923615,12.562785088765798,6.716931863720853,9.869258360985468,7.607421166529198,7.607421166529198,19.00180940691265,0.0,MAÍZ GRANO
S0486,-100.023862,19.453011,7268.0,8.891236429516061,15,EM-014-004|Villa Victoria - El Oro de Hidalgo,108_33,False,2.0,0,80,7.0,4,23731.0,19,0.553790400741646,84863.0,0.7757562188468473,6.844891753974521,309,0.7691237781958156,873.0441519267973,1143,21159.3,938743971.81,12.0,0.7607424030352207,0.7365806052185092,0.0839748951997466,0.0,False,estatal,Carretera,Con pavimento,Asfalto,No,Estatal,Mex.,Dos sentidos,MAÍZ GRANO,0,0,0,0,0,0,0,0,0,0,0,0,0,0,1.0986122886681098,0.0,2.0794415416798357,1.6094379124341003,10.074579627378533,2.995732273553991,11.34880525410548,4.59058380403022,12.569284179341008,6.773130891458306,7.042286171939743,9.959882063565495,9.959882063565495,20.660053340579932,0.0,MAÍZ GRANO
S0487,-100.124631,19.643916,8782.0,9.080459451121662,15,EM-014-004|Villa Victoria - El Oro de Hidalgo,107_34,False,2.0,0,60,7.0,13,22628.0,24,0.7645395085734489,87443.0,0.9390688791555644,6.437438903056848,290,0.7654690270293338,1268.1198137776348,376,23518.1,1052313204.77,10.0,0.7650283229837241,0.7866281714934455,0.0012373448535383,0.0,False,estatal,Carretera,Con pavimento,Asfalto,No,Estatal,Mex.,Dos sentidos,MAÍZ GRANO,0,0,0,0,0,0,0,0,0,0,0,0,0,0,1.0986122886681098,0.0,2.0794415416798357,2.6390573296152584,10.02698754852174,3.2188758248682006,11.378753867458283,4.593997352775674,12.459776439224894,7.146078879157908,5.932245187448011,10.065568135974305,10.065568135974305,20.77425663106687,0.0,MAÍZ GRANO
S0488,-100.133502,19.794566,5617.0,8.633552992532433,15,EM-014-004|Villa Victoria - El Oro de Hidalgo,107_34,False,2.0,0,30,7.0,22,16877.0,14,0.6462641464715293,41248.0,0.8552657098525989,7.896257515515903,206,0.7174004494581041,390.99500375563207,149,7125.13,136861115.62,5.0,0.5153704011449398,0.825715460630192,0.1839685732049801,0.0,False,estatal,Calle,FALTANTE,FALTANTE,No,FALTANTE,FALTANTE,Dos sentidos,MAÍZ GRANO,0,0,0,0,0,0,0,0,0,0,0,0,0,0,1.0986122886681098,0.0,2.0794415416798357,3.1354942159291497,9.733766277717912,2.70805020110221,10.627382149044733,4.6015208345406755,12.10438869634477,5.971249094187891,5.0106352940962555,8.871523589052986,8.871523589052986,18.734477222303802,0.0,MAÍZ GRANO
S0489,-99.244525,19.701738,22840.0,10.036268663769947,15,EM-021|Puente Grande - San José del Vidrio,111_34,False,2.0,0,30,7.0,12,106800.0,21,0.1334737827715355,960242.0,0.0343028111663518,10.989656166426446,263,0.0265876274002221,952.1072654174608,10787,6142.95,140083519.34,9.0,1.0383588207385095,0.6872919362846841,0.2472671924726719,0.0,False,estatal,Calle,FALTANTE,FALTANTE,No,FALTANTE,FALTANTE,Dos sentidos,MAÍZ GRANO,0,0,0,0,0,0,0,0,0,0,0,0,0,0,1.0986122886681098,0.0,2.0794415416798357,2.5649493574615367,11.578722568760277,3.091042453358316,13.774941656413292,4.611532637370623,15.177395928769194,6.859727452847545,9.28618968425962,8.72322313677356,8.72322313677356,18.75774937655128,0.0,MAÍZ GRANO
S0490,-99.321062,19.702137,7938.0,8.97941663334301,15,EM-021|Puente Grande - San José del Vidrio,111_34,False,2.0,0,40,7.0,5,28855.0,23,0.2764512216253682,476153.0,0.0822760751271125,9.766908640710025,254,0.0489368905403354,222.20301519734164,18,6142.95,140083519.34,9.0,1.0383588207385095,0.6872919362846841,0.2472671924726719,0.0,False,estatal,Carretera,Con pavimento,Asfalto,No,Estatal,Mex.,Dos sentidos,MAÍZ GRANO,0,0,0,0,0,0,0,0,0,0,0,0,0,0,1.0986122886681098,0.0,2.0794415416798357,1.791759469228055,10.270073222583376,3.1780538303479458,13.073496610300968,4.610927114076526,14.690327833162778,5.408081739364574,2.9444389791664403,8.72322313677356,8.72322313677356,18.75774937655128,0.0,MAÍZ GRANO
S0491,-99.389359,19.646005,7530.0,8.92665032079394,15,EM-021|Puente Grande - San José del Vidrio,110_34,False,2.0,0,50,7.0,8,72999.0,27,0.2294825956519952,456215.0,0.0978902491150006,9.66042600621638,215,0.0668986074028909,276.8427031260637,1292,4656.86,93512535.22,5.0,0.6967253029976946,0.6109266759146722,0.1873580051794557,0.0,False,estatal,Avenida,FALTANTE,FALTANTE,No,FALTANTE,FALTANTE,Dos sentidos,MAÍZ GRANO,0,0,0,0,0,0,0,0,0,0,0,0,0,0,1.0986122886681098,0.0,2.0794415416798357,2.1972245773362196,11.198214720130528,3.332204510175204,13.030721660554098,4.610331336640665,14.333978703123709,5.6270551374630084,7.164720378771857,8.446311394174653,8.446311394174653,18.35360606249062,0.0,MAÍZ GRANO
S0492,-100.0237225,19.815109999999997,5658.0,8.640825751861513,15,EM-033|T. C. (Atlacomulco - Morelia) - Temascalcingo,108_34,False,2.0,0,80,8.0,5,25294.0,27,0.7196963706807938,64850.0,0.6570393215111796,7.906976561295298,285,0.5585734657897745,1000.603134267043,235,15510.0,503038721.03,8.0,0.3117233338412176,0.9392327530625404,0.2094777562862669,0.0,False,estatal,Carretera,Con pavimento,Asfalto,No,Estatal,Mex.,Dos sentidos,MAÍZ GRANO,0,0,0,0,0,0,0,0,0,0,0,0,0,0,1.0986122886681098,0.0,2.1972245773362196,1.791759469228055,10.138362026726037,3.332204510175204,11.079847609826162,4.599193254874602,12.714055231692015,6.909357129601164,5.4638318050256105,9.64930472862475,9.64930472862475,20.036177707268035,0.0,MAÍZ GRANO
S0493,-100.043721,19.860451,9603.0,9.169830828637972,15,EM-033|T. C. (Atlacomulco - Morelia) - Temascalcingo,108_34,False,2.0,0,80,8.0,33,12619.0,20,0.7197876218400824,60075.0,0.5885642946317103,8.148944153141906,248,0.5669004936347103,480.7459069191104,1898,15510.0,503038721.03,8.0,0.3117233338412176,0.9392327530625404,0.2094777562862669,0.0,False,estatal,Carretera,Con pavimento,Asfalto,No,Estatal,Mex.,Dos sentidos,MAÍZ GRANO,0,0,0,0,0,0,0,0,0,0,0,0,0,0,1.0986122886681098,0.0,2.1972245773362196,3.5263605246161616,9.443038136095204,3.044522437723423,11.003365706325472,4.603301144325091,12.559637257397188,6.1774168109825345,7.549082710812286,9.64930472862475,9.64930472862475,20.036177707268035,0.0,MAÍZ GRANO
S0494,-100.022419,19.904084,6393.0,8.762958920766726,15,EM-033|T. C. (Atlacomulco - Morelia) - Temascalcingo,108_35,False,2.0,0,40,7.0,45,21498.0,13,0.1800632616987627,61932.0,0.5189239811406058,8.038363043337855,230,0.5352686705727813,1542.8812651094693,528,15510.0,503038721.03,8.0,0.3117233338412176,0.9392327530625404,0.2094777562862669,0.0,False,estatal,Avenida,FALTANTE,FALTANTE,No,FALTANTE,FALTANTE,Dos sentidos,MAÍZ GRANO,0,0,0,0,0,0,0,0,0,0,0,0,0,0,1.0986122886681098,0.0,2.0794415416798357,3.828641396489095,9.975761701406148,2.6390573296152584,11.033808434547957,4.602656814486113,12.466874151064236,7.342054826791864,6.270988431858299,9.64930472862475,9.64930472862475,20.036177707268035,0.0,MAÍZ GRANO
S0495,-99.1594675,19.674616,60836.0,11.01593699799226,15,EM-035|Cuautitlán - Zumpango de Ocampo,111_34,False,2.0,0,50,8.0,397,395598.0,29,0.0162083731464769,1875076.0,0.0131274678999677,10.943199397769954,264,0.0142481336318586,1230.7508516218709,3983,1729.9,77657883.73,7.0,1.2965279797880844,0.4740158390658419,1.0,0.0,False,estatal,Avenida,FALTANTE,FALTANTE,No,FALTANTE,FALTANTE,Un sentido,MAÍZ FORRAJERO EN VERDE,0,0,0,0,0,0,0,0,0,0,0,0,0,0,1.0986122886681098,0.0,2.1972245773362196,5.986452005284438,12.888156350921635,3.4011973816621555,14.444160283210103,4.611931632173156,15.604613668861115,7.1161918928156505,8.290041618704489,7.4563967834323535,7.4563967834323535,18.167823644322805,0.0,MAÍZ FORRAJERO EN VERDE
S0496,-99.138803,19.7222035,19716.0,9.889185767825268,15,EM-035|Cuautitlán - Zumpango de Ocampo,111_34,False,2.0,0,80,8.0,228,192410.0,45,0.0564055922249363,913193.0,0.0345950965458561,10.464147356985707,306,0.020371489308406,139.54196189553093,23,1729.9,77657883.73,7.0,1.2965279797880844,0.4740158390658419,1.0,0.0,False,estatal,Carretera,Con pavimento,Asfalto,No,Estatal,Mex.,Un sentido,MAÍZ FORRAJERO EN VERDE,0,0,0,0,0,0,0,0,0,0,0,0,0,0,1.0986122886681098,0.0,2.1972245773362196,5.43372200355424,12.167388988136628,3.828641396489095,13.724703623313959,4.610653294236802,15.368738900381365,4.945506105361585,3.1780538303479458,7.4563967834323535,7.4563967834323535,18.167823644322805,0.0,MAÍZ FORRAJERO EN VERDE
S0497,-99.112049,19.80678,14943.0,9.611998241741391,15,EM-035|Cuautitlán - Zumpango de Ocampo,112_34,False,2.0,0,50,7.0,125,136562.0,25,0.077913328744453,324267.0,0.0971668409057967,9.67016372255997,295,0.03334779725115,1598.7952487778,53362,10891.0,242283610.35,14.0,1.452154264177428,0.41548067211459,0.3956450280047745,0.0,False,estatal,Carretera,Con pavimento,Asfalto,No,Estatal,Mex.,Un sentido,MAÍZ GRANO,0,0,0,0,0,0,0,0,0,0,0,0,0,0,1.0986122886681098,0.0,2.0794415416798357,4.836281906951478,11.824541325592575,3.258096538021482,12.689325613359582,4.609940027522151,14.85742585573226,7.377630930525201,10.88487290089817,9.295783853793651,9.295783853793651,19.305619545653567,0.0,MAÍZ GRANO
S0498,-99.484132,19.297265,24705.0,10.11476093127985,15,EM-036|Amomolulco - T. C. (Toluca - Palmillas),110_32,False,2.0,0,80,7.0,4,158782.0,43,0.1735650136665365,372007.0,0.1234224087181155,10.385973548387096,441,0.1224376828424156,890.4549106544845,1430,8196.130000000001,235773242.99,8.0,0.2248749942739034,0.9592331990829818,0.0593731431785488,0.0,False,estatal,Carretera,Con pavimento,Asfalto,No,Estatal,Mex.,Dos sentidos,MAÍZ GRANO,0,0,0,0,0,0,0,0,0,0,0,0,0,0,1.0986122886681098,0.0,2.0794415416798357,1.6094379124341003,11.975293769167877,3.784189633918261,12.82667063840039,4.608068484661509,14.448072990912799,6.792854859080206,7.266128779556451,9.011539371988048,9.011539371988048,19.27838107054547,0.0,MAÍZ GRANO
S0499,-99.4722405,19.3232085,17625.5,9.777101996072409,15,EM-036|Amomolulco - T. C. (Toluca - Palmillas),110_32,False,2.0,0,30,7.0,5,56522.0,29,0.3559145111637946,348936.0,0.1754619758351101,10.255817570588436,439,0.112182416244128,541.4568939833392,945,8196.130000000001,235773242.99,8.0,0.2248749942739034,0.9592331990829818,0.0593731431785488,0.0,False,estatal,Calle,FALTANTE,FALTANTE,No,FALTANTE,FALTANTE,Dos sentidos,MAÍZ GRANO,0,0,0,0,0,0,0,0,0,0,0,0,0,0,1.0986122886681098,0.0,2.0794415416798357,1.791759469228055,10.94240291394611,3.4011973816621555,12.762646669130321,4.607061374416798,14.537915039007997,6.296108624162426,6.852242569051878,9.011539371988048,9.011539371988048,19.27838107054547,0.0,MAÍZ GRANO
S0500,-99.48371,19.356564,10782.0,9.285633356011614,15,EM-036|Amomolulco - T. C. (Toluca - Palmillas),110_32,False,2.0,0,30,7.0,23,62568.0,24,0.2635692366705024,278181.0,0.2543128394822076,10.138448267804566,448,0.1168805556153679,281.8161930749038,5265,8196.130000000001,235773242.99,8.0,0.2248749942739034,0.9592331990829818,0.0593731431785488,0.0,False,estatal,Calle,FALTANTE,FALTANTE,No,FALTANTE,FALTANTE,Dos sentidos,MAÍZ GRANO,0,0,0,0,0,0,0,0,0,0,0,0,0,0,1.0986122886681098,0.0,2.0794415416798357,3.1780538303479458,11.044025226764646,3.2188758248682006,12.53603085472475,4.607429297309963,14.53013983707164,5.6447971921953854,8.569026340056254,9.011539371988048,9.011539371988048,19.27838107054547,0.0,MAÍZ GRANO
S0501,-99.4929355,19.3765495,10570.5,9.265822381435187,15,EM-036|Amomolulco - T. C. (Toluca - Palmillas),110_32,False,2.0,0,50,7.0,10,95634.0,39,0.3196771022857979,296349.0,0.2522498810524078,9.783155156006398,431,0.1314206053487583,392.6955381448877,4716,8196.130000000001,235773242.99,8.0,0.2248749942739034,0.9592331990829818,0.0593731431785488,0.0,False,estatal,Avenida,FALTANTE,FALTANTE,No,FALTANTE,FALTANTE,Dos sentidos,MAÍZ GRANO,0,0,0,0,0,0,0,0,0,0,0,0,0,0,1.0986122886681098,0.0,2.0794415416798357,2.3978952727983707,11.468294140824634,3.6888794541139363,12.599296467215984,4.607039034019705,14.377333052188582,5.97557786475082,8.458928283284262,9.011539371988048,9.011539371988048,19.27838107054547,0.0,MAÍZ GRANO
S0502,-99.521509,19.4058835,17929.5,9.794202679986146,15,EM-036|Amomolulco - T. C. (Toluca - Palmillas),110_33,False,2.0,0,30,7.0,175,115244.0,42,0.2308146194161952,351612.0,0.2265138846228228,9.623372818930331,398,0.1436082198113449,944.6601015988264,22953,1592.7599999999998,87832346.91999999,11.0,0.7419650582525518,0.8236457470051985,0.0812865717371104,0.0,False,estatal,Calle,FALTANTE,FALTANTE,No,FALTANTE,FALTANTE,Un sentido,MAÍZ GRANO,0,0,0,0,0,0,0,0,0,0,0,0,0,0,1.0986122886681098,0.0,2.0794415416798357,5.170483995038151,11.654815575969845,3.7612001156935624,12.770286417943545,4.607271451721807,14.307377801956834,6.8518832038524495,10.041247492240613,7.3738512833968555,7.3387321762590245,18.290940418087512,0.0,MAÍZ GRANO
S0503,-99.563254,19.421158499999997,13660.5,9.522263735675985,15,EM-036|Amomolulco - T. C. (Toluca - Palmillas),110_33,False,2.0,0,30,7.0,12,112506.0,42,0.2182639148134321,403941.0,0.227973887275617,9.358864544495772,362,0.1315665999526983,148.47950281769585,1136,4138.4400000000005,144197813.33,11.0,0.1580578282632315,0.9741641778061298,0.4476952668155149,0.0,False,estatal,Calle,FALTANTE,FALTANTE,No,FALTANTE,FALTANTE,Dos sentidos,MAÍZ GRANO,0,0,0,0,0,0,0,0,0,0,0,0,0,0,1.0986122886681098,0.0,2.0794415416798357,2.5649493574615367,11.630770720913112,3.7612001156935624,12.909026582280504,4.6064316357313615,14.26842207065837,5.00715927853265,7.036148493750536,8.328315791969647,8.328315791969647,18.786696625488045,0.0,MAÍZ GRANO
S0504,-99.6046985,19.44022,10320.0,9.241839039035554,15,EM-036|Amomolulco - T. C. (Toluca - Palmillas),110_33,False,2.0,0,80,7.0,19,68534.0,40,0.4330843085183996,358228.0,0.2289212456871043,9.278752282308274,375,0.1459631088830032,93.84364512818956,809,7716.900000000001,248547202.26,5.0,0.1030853052427093,0.9829076442612966,0.487384830696264,0.0,False,estatal,Carretera,Con pavimento,Asfalto,No,Estatal,Mex.,Dos sentidos,MAÍZ GRANO,0,0,0,0,0,0,0,0,0,0,0,0,0,0,1.0986122886681098,0.0,2.0794415416798357,2.995732273553991,11.13509984266548,3.713572066704308,12.788927725688978,4.607227408321625,14.212179089388885,4.552229694960828,6.697034247666484,8.951297585289085,8.951297585289085,19.331143338218755,0.0,MAÍZ GRANO
S0505,-99.624056,19.458231,5837.0,8.671972245203792,15,EM-036|Amomolulco - T. C. (Toluca - Palmillas),109_33,False,2.0,0,80,7.0,11,56088.0,36,0.4516117529596348,234845.0,0.3091996848985501,8.57593285520813,377,0.167881361159968,614.5806756576986,477,7716.900000000001,248547202.26,5.0,0.1030853052427093,0.9829076442612966,0.487384830696264,0.0,False,estatal,Carretera,Con pavimento,Asfalto,No,Estatal,Mex.,Dos sentidos,MAÍZ GRANO,0,0,0,0,0,0,0,0,0,0,0,0,0,0,1.0986122886681098,0.0,2.0794415416798357,2.4849066497880004,10.934694993853526,3.6109179126442243,12.366685259161914,4.605838102032142,14.100147247942594,6.422566010402649,6.169610732491456,8.951297585289085,8.951297585289085,19.331143338218755,0.0,MAÍZ GRANO
S0506,-99.655534,19.469388,4561.0,8.4252971767117,15,EM-036|Amomolulco - T. C. (Toluca - Palmillas),109_33,False,2.0,0,30,7.0,3,25385.0,15,0.415324010242269,175089.0,0.3443962784640954,8.412213793221635,378,0.1708894039586371,808.0318201849117,266,7716.900000000001,248547202.26,5.0,0.1030853052427093,0.9829076442612966,0.487384830696264,0.0,False,estatal,Calle,FALTANTE,FALTANTE,No,FALTANTE,FALTANTE,Dos sentidos,MAÍZ GRANO,0,0,0,0,0,0,0,0,0,0,0,0,0,0,1.0986122886681098,0.0,2.0794415416798357,1.3862943611198906,10.141953119948122,2.772588722239781,12.073055406420362,4.605340790078659,14.071163118483472,6.6958382490228185,5.58724865840025,8.951297585289085,8.951297585289085,19.331143338218755,0.0,MAÍZ GRANO
S0507,-99.704369,19.466616,3142.0,8.052614818815567,15,EM-036|Amomolulco - T. C. (Toluca - Palmillas),109_33,False,2.0,0,80,7.0,1,37522.0,14,0.181493523799371,100653.0,0.4336482767528042,8.443652173913044,377,0.1885373340265557,1431.5905722640284,1875,7716.900000000001,248547202.26,5.0,0.1030853052427093,0.9829076442612966,0.487384830696264,0.0,False,estatal,Carretera,Con pavimento,Asfalto,No,Estatal,Mex.,Dos sentidos,MAÍZ GRANO,0,0,0,0,0,0,0,0,0,0,0,0,0,0,1.0986122886681098,0.0,2.0794415416798357,0.6931471805599453,10.532709357279819,2.70805020110221,11.519444171957344,4.605695529001376,13.997992935159267,7.267239673301534,7.53689712956617,8.951297585289085,8.951297585289085,19.331143338218755,0.0,MAÍZ GRANO
S0508,-99.724323,19.442355,4374.0,8.383433201236713,15,EM-036|Amomolulco - T. C. (Toluca - Palmillas),109_33,False,2.0,0,80,7.0,8,25757.0,11,0.2397018286291105,134860.0,0.341428147708735,8.949886890413499,377,0.1796940535043146,1569.92807806841,8079,22835.86,985234286.58,9.0,0.5846605425359943,0.8622403535491985,0.2340835860790878,0.0,False,estatal,Carretera,Con pavimento,Asfalto,No,Estatal,Mex.,Dos sentidos,MAÍZ GRANO,0,0,0,0,0,0,0,0,0,0,0,0,0,0,1.0986122886681098,0.0,2.0794415416798357,2.1972245773362196,10.156500537452615,2.4849066497880004,11.81199989735822,4.607128485235273,14.083815602539593,7.359421856219995,8.997147151515142,10.036131176210384,10.036131176210384,20.708390026264418,0.0,MAÍZ GRANO
S0509,-99.32863,19.609447,12461.0,9.430359045942868,15,EM-043|Nicolás Romero - T. C. (Ixtlahuaca de R. - Naucalpan),111_33,False,2.0,0,50,7.0,10,382327.0,18,0.0315462941408794,462521.0,0.0820438423336454,9.696116824965785,243,0.0341264416294594,1815.40727409392,5213,4656.86,93512535.22,5.0,0.6967253029976946,0.6109266759146722,0.1873580051794557,0.0,False,estatal,Avenida,FALTANTE,FALTANTE,No,FALTANTE,FALTANTE,Dos sentidos,MAÍZ GRANO,0,0,0,0,0,0,0,0,0,0,0,0,0,0,1.0986122886681098,0.0,2.0794415416798357,2.3978952727983707,12.8540341579128,2.9444389791664403,13.044449402370883,4.610720543263213,15.089606914316935,7.504615803892016,8.559102594493448,8.446311394174653,8.446311394174653,18.35360606249062,0.0,MAÍZ GRANO
S0510,-99.408573,19.566014,4282.0,8.362175469149628,15,EM-043|Nicolás Romero - T. C. (Ixtlahuaca de R. - Naucalpan),110_33,False,2.0,0,80,7.0,12,20831.0,24,0.8009217032307618,101358.0,0.3726691529035695,9.13661707249694,296,0.1341005248099866,350.0543730344716,1639,820.2,18763587.76,3.0,0.6532533330789568,0.6437454279444038,0.4989027066569129,0.0,False,estatal,Carretera,Con pavimento,Asfalto,No,Estatal,Mex.,Dos sentidos,MAÍZ GRANO,0,0,0,0,0,0,0,0,0,0,0,0,0,0,1.0986122886681098,0.0,2.0794415416798357,2.5649493574615367,9.944245545008295,3.2188758248682006,11.52642394912157,4.608614280837023,14.054665244217468,5.860941120398835,7.402451520818244,6.710766685144779,6.710766685144779,16.74742878175459,0.0,MAÍZ GRANO
S0511,-99.450657,19.534118,1460.0,7.286191714702382,15,EM-043|Nicolás Romero - T. C. (Ixtlahuaca de R. - Naucalpan),110_33,False,2.0,0,80,8.0,4,6195.0,10,1.0,48956.0,0.5629953427567612,8.449628018139478,359,0.2454409256468153,1305.0481299766482,43,820.2,18763587.76,3.0,0.6532533330789568,0.6437454279444038,0.4989027066569129,0.0,False,estatal,Carretera,Con pavimento,Asfalto,No,Estatal,Mex.,Dos sentidos,MAÍZ GRANO,0,0,0,0,0,0,0,0,0,0,0,0,0,0,1.0986122886681098,0.0,2.1972245773362196,1.6094379124341003,8.73165920153676,2.3978952727983707,10.798697640799045,4.605529810233233,13.695688194291337,7.17476116212566,3.784189633918261,6.710766685144779,6.710766685144779,16.74742878175459,0.0,MAÍZ GRANO
S0512,-99.57905,19.206853,15477.0,9.64711032991276,15,EM-044|Mexicalcingo - Xalatlaco,110_32,False,2.0,0,30,7.0,111,108805.0,44,0.2022333532466338,627977.0,0.0807242940426162,11.243047370021864,386,0.0927149963720309,529.1946384781833,1491,6479.379999999999,285937988.52,9.0,0.8631896190791855,0.7028295917201954,0.0,0.0,False,estatal,Calle,FALTANTE,FALTANTE,No,FALTANTE,FALTANTE,Un sentido,MAÍZ GRANO,0,0,0,0,0,0,0,0,0,0,0,0,0,0,1.0986122886681098,0.0,2.0794415416798357,4.718498871295094,11.59732175894226,3.8066624897703196,13.350260412989572,4.609699022056264,14.46413986013142,6.273244181540845,7.307872780763706,8.776534429602256,8.776534429602256,19.471285525415162,0.0,MAÍZ GRANO
S0513,-99.4830345,19.1824405,21892.0,9.993876552263808,15,EM-044|Mexicalcingo - Xalatlaco,110_32,False,2.0,0,50,7.0,233,100306.0,35,0.2138755408450142,316527.0,0.2387189718412647,10.033767443770794,336,0.142170485072182,639.6720614077917,2373,5613.51,197446296.96999997,9.0,0.8476547938981264,0.7628025958802959,0.0,0.0,False,estatal,Avenida,FALTANTE,FALTANTE,No,FALTANTE,FALTANTE,Un sentido,MAÍZ GRANO,0,0,0,0,0,0,0,0,0,0,0,0,0,0,1.0986122886681098,0.0,2.0794415416798357,5.455321115357702,11.51599076214289,3.58351893845611,12.665166984267874,4.608736014644137,13.950632185494758,6.462517721338317,7.772331575169614,8.63310959711351,8.63310959711351,19.100977196318834,0.0,MAÍZ GRANO
S0514,-99.4406525,19.178958,15232.0,9.631153757031148,15,EM-044|Mexicalcingo - Xalatlaco,110_32,False,2.0,0,80,12.0,59,123421.0,45,0.2565851840448546,209604.0,0.2921986221636992,9.73382657735028,291,0.1766296106751582,607.8298374050978,2094,2278.95,73155625.92,6.0,1.0802452485859697,0.5193181070229711,0.0,0.0,False,estatal,Carretera,Con pavimento,Asfalto,No,Estatal,Mex.,Un sentido,AVENA FORRAJERA EN VERDE,0,0,0,0,0,0,0,0,0,0,0,0,0,0,1.0986122886681098,0.0,2.5649493574615367,4.0943445622221,11.7233646565728,3.828641396489095,12.252980086106332,4.607970105953091,13.646060605500598,6.411538815538858,7.647308832356238,7.731908791883463,7.731908791883463,18.108099605506844,0.0,AVENA FORRAJERA EN VERDE
S0515,-99.727956,19.304833,43371.0,10.677546293976553,15,EM-046|T. C. (Toluca - Morelia) - Almoloya de Juárez,109_32,False,2.0,0,30,7.0,20,170029.0,33,0.0783748654641267,717156.0,0.0903973472996112,10.921034200989205,319,0.1052369331082116,124.22017076556206,2102,10179.64,447283975.15,7.0,0.5543056936028667,0.8506685894589593,0.1150040669414635,0.0,False,estatal,Calle,FALTANTE,FALTANTE,No,FALTANTE,FALTANTE,Un sentido,MAÍZ GRANO,0,0,0,0,0,0,0,0,0,0,0,0,0,0,1.0986122886681098,0.0,2.0794415416798357,3.044522437723423,12.043730171051532,3.5263605246161616,13.483050063533678,4.609617546782063,14.292721899133698,4.830073554040577,7.6511201757027,9.228243156497733,9.228243156497733,19.918704244264866,0.0,MAÍZ GRANO
S0516,-99.753428,19.365423,26022.0,10.16669761306342,15,EM-046|T. C. (Toluca - Morelia) - Almoloya de Juárez,109_32,False,2.0,0,50,7.0,40,85833.0,33,0.2081134295667167,276428.0,0.2373203872256066,9.936383532204026,318,0.1329634555176904,686.0226269493279,3021,22835.86,985234286.58,9.0,0.5846605425359943,0.8622403535491985,0.2340835860790878,0.0,False,estatal,Avenida,FALTANTE,FALTANTE,No,FALTANTE,FALTANTE,Dos sentidos,MAÍZ GRANO,0,0,0,0,0,0,0,0,0,0,0,0,0,0,1.0986122886681098,0.0,2.0794415416798357,3.713572066704308,11.360170477377947,3.5263605246161616,12.5297092857771,4.608493823670707,14.182734366470417,6.532367227559638,8.013674142832684,10.036131176210384,10.036131176210384,20.708390026264418,0.0,MAÍZ GRANO
S0517,-100.228128,18.879625,2807.0,7.939871576361883,15,EM-050|Cuadrilla de López - Zacazonapan,107_30,False,2.0,0,80,7.0,4,2727.0,13,1.0,59769.0,0.3362612725660459,9.0225125502008,298,0.6227372680094995,44.63998946484967,276,15886.82,380544688.5499999,19.0,0.8167691696700201,0.53510457095882,0.0176599218723444,0.0,False,estatal,Carretera,Con pavimento,Asfalto,No,Estatal,Mex.,Dos sentidos,MAÍZ GRANO,0,0,0,0,0,0,0,0,0,0,0,0,0,0,1.0986122886681098,0.0,2.0794415416798357,1.6094379124341003,7.911324018963353,2.6390573296152584,10.9982591418183,4.609038119387682,11.641239520932828,3.820784294162334,5.6240175061873385,9.67330805691564,9.669903437724361,19.757114177909436,0.0,MAÍZ GRANO
S0518,-100.29855,18.938321,3367.0,8.121777419161074,15,EM-050|Cuadrilla de López - Zacazonapan,107_30,False,2.0,0,80,7.0,1,14794.0,22,0.4116533729890496,26555.0,0.6722274524571644,7.194333509155301,260,0.545246805213656,883.1368413657655,496,19250.18,547723832.66,19.0,0.997028403667881,0.5555527272991733,0.0436141376340377,0.0,False,estatal,Carretera,Con pavimento,Asfalto,No,Estatal,Mex.,Dos sentidos,MAÍZ GRANO,0,0,0,0,0,0,0,0,0,0,0,0,0,0,1.0986122886681098,0.0,2.0794415416798357,0.6931471805599453,9.60204456483431,3.1354942159291497,10.18701098983905,4.605507575178637,11.532375088791541,6.784611848582755,6.208590026096629,9.86532763653854,9.86532763653854,20.121281764710027,0.0,MAÍZ GRANO
S0519,-100.26146,19.067571,1599.0,7.377133712833954,15,EM-050|Cuadrilla de López - Zacazonapan,107_31,False,2.0,0,80,7.0,3,5759.0,13,0.3962493488452856,21055.0,0.8348610781287105,7.302869437048308,238,0.6097934772451172,616.1279293201467,25,1507.4,29171572.59,10.0,0.8934604839013288,0.6649197293352792,0.0305824598646676,0.0,False,estatal,Carretera,Con pavimento,Asfalto,No,Estatal,Mex.,Dos sentidos,PASTOS Y PRADERAS,0,0,0,0,0,0,0,0,0,0,0,0,0,0,1.0986122886681098,0.0,2.0794415416798357,1.3862943611198906,8.658692753689937,2.6390573296152584,9.954940834125043,4.602333556630077,11.580686911898418,6.42507634328868,3.258096538021482,7.318804765384202,7.318804765384202,17.188705285880843,0.0,PASTOS Y PRADERAS
S0520,-99.6271625,19.3683005,9755.0,9.185535253057212,15,EM-053|T. C. (Toluca - Palmillas) - Jiquipilco,109_32,False,2.0,0,50,6.0,8,214483.0,22,0.020999333280493,822296.0,0.0579231809470069,10.715492714688953,445,0.1246429095852226,575.655698449541,5399,14566.5,466115495.56000006,11.0,0.448786951406549,0.9120241650362132,0.2237668623210792,0.0,False,estatal,Avenida,FALTANTE,FALTANTE,No,FALTANTE,FALTANTE,Un sentido,MAÍZ GRANO,0,0,0,0,0,0,0,0,0,0,0,0,0,0,1.0986122886681098,0.0,1.9459101490553132,2.1972245773362196,12.27599042249349,3.1354942159291497,13.619856922648793,4.609552026036886,14.526620438898393,6.357245378613134,8.594154232552366,9.58654829901723,9.58654829901723,19.95994400807628,0.0,MAÍZ GRANO
S0521,-99.61858475,19.41117775,19011.0,9.852773037991629,15,EM-053|T. C. (Toluca - Palmillas) - Jiquipilco,109_33,False,2.0,0,80,7.0,25,93145.0,35,0.2177894680337108,448101.0,0.1434118647358519,9.332581304623409,401,0.1297379899886437,846.0946917332934,1001,7716.900000000001,248547202.26,5.0,0.1030853052427093,0.9829076442612966,0.487384830696264,0.0,False,estatal,Carretera,Con pavimento,Asfalto,No,Estatal,Mex.,Un sentido,MAÍZ GRANO,0,0,0,0,0,0,0,0,0,0,0,0,0,0,1.0986122886681098,0.0,2.0794415416798357,3.258096538021482,11.441923433615505,3.58351893845611,13.012776164053719,4.607687352644774,14.409579669130975,6.741812485018737,6.90975328164481,8.951297585289085,8.951297585289085,19.331143338218755,0.0,MAÍZ GRANO
S0522,-99.606869,19.4383365,16247.0,9.69566355532975,15,EM-053|T. C. (Toluca - Palmillas) - Jiquipilco,110_33,False,2.0,0,80,7.0,19,77869.0,42,0.4109465897854088,348877.0,0.2225139519085523,9.293964120984178,377,0.1480123985471807,290.6715590171373,809,7716.900000000001,248547202.26,5.0,0.1030853052427093,0.9829076442612966,0.487384830696264,0.0,False,estatal,Carretera,Con pavimento,Asfalto,No,Estatal,Mex.,Un sentido,MAÍZ GRANO,0,0,0,0,0,0,0,0,0,0,0,0,0,0,1.0986122886681098,0.0,2.0794415416798357,2.995732273553991,11.262796048571031,3.7612001156935624,12.762477569870086,4.607450871258207,14.20505154762741,5.675628371321869,6.697034247666484,8.951297585289085,8.951297585289085,19.331143338218755,0.0,MAÍZ GRANO
S0523,-99.603152,19.446246,19239.0,9.864694747816973,15,EM-053|T. C. (Toluca - Palmillas) - Jiquipilco,110_33,False,2.0,0,80,7.0,17,65253.0,40,0.4673195102140898,327431.0,0.2527860831747757,9.323001035408527,368,0.1500211443090354,400.8830498282349,5119,7716.900000000001,248547202.26,5.0,0.1030853052427093,0.9829076442612966,0.487384830696264,0.0,False,estatal,Carretera,Con pavimento,Asfalto,No,Estatal,Mex.,Un sentido,MAÍZ GRANO,0,0,0,0,0,0,0,0,0,0,0,0,0,0,1.0986122886681098,0.0,2.0794415416798357,2.8903717578961645,11.086042625988,3.713572066704308,12.69903567891082,4.607551692283211,14.173636648480317,5.9961611254680625,8.540909718033554,8.951297585289085,8.951297585289085,19.331143338218755,0.0,MAÍZ GRANO
S0524,-99.60835,19.545679,5015.0,8.520188700396035,15,EM-053|T. C. (Toluca - Palmillas) - Jiquipilco,110_33,False,2.0,0,80,8.0,9,30324.0,33,0.7776348766653476,108751.0,0.6254287316898235,7.812621859250267,315,0.3339936608557844,322.9138081029704,607,16897.0,401684795.36,12.0,0.9733805406657784,0.7419660294726874,0.5179025862579156,0.0,False,estatal,Carretera,Con pavimento,Asfalto,No,Estatal,Mex.,Dos sentidos,MAÍZ GRANO,0,0,0,0,0,0,0,0,0,0,0,0,0,0,1.0986122886681098,0.0,2.1972245773362196,2.302585092994046,10.31972773381225,3.5263605246161616,11.59682533958642,4.600866221921234,13.213499402990282,5.780477456028021,6.410174881966167,9.73495055071279,9.723343622989947,19.81117825036829,0.0,MAÍZ GRANO
S0525,-100.214857,19.316561,2592.0,7.860185057472165,15,EM-057|T. C. (Dos Casas - Ixtapan del Oro) - Donato Guerra,107_32,False,2.0,0,80,7.0,7,15050.0,15,0.7759468438538206,44259.0,0.8201043855487019,7.223534157420171,195,0.6632108590237343,563.4652701360116,1601,14691.160000000002,594579956.89,13.0,0.8657148896344052,0.6912061402911682,0.0355424622698275,0.0,False,estatal,Carretera,Con pavimento,Asfalto,No,Estatal,Mex.,Dos sentidos,MAÍZ GRANO,0,0,0,0,0,0,0,0,0,0,0,0,0,0,1.0986122886681098,0.0,2.0794415416798357,2.0794415416798357,9.619199713152362,2.772588722239781,10.697836613605041,4.585873524463518,12.009826591334116,6.335878858465928,7.379008127628304,9.595069297160684,9.594626786443001,20.203365761081606,0.0,MAÍZ GRANO
S0526,-100.157171,19.304497,3083.0,8.03365842788615,15,EM-057|T. C. (Dos Casas - Ixtapan del Oro) - Donato Guerra,107_32,False,2.0,0,80,7.0,0,14650.0,11,0.6866894197952218,59780.0,0.780327868852459,7.225922549347608,238,0.6813005678154703,810.3010500875324,1702,7050.32,463673353.61,21.0,1.2687202524271144,0.5665983955338197,0.24701573829273,0.0,False,estatal,Carretera,Con pavimento,Asfalto,No,Estatal,Mex.,Dos sentidos,MAÍZ GRANO,0,0,0,0,0,0,0,0,0,0,0,0,0,0,1.0986122886681098,0.0,2.0794415416798357,0.0,9.592263871501313,2.4849066497880004,10.998443163700694,4.585763474276408,12.16690033120565,6.698639193727228,7.440146680662688,8.86097011232276,8.831612613825678,19.95469088514865,0.0,MAÍZ GRANO
S0527,-100.058757,19.059494,1953.0,7.577121930876679,15,EM-071|Temascaltepec de González - Zuluapan,108_31,False,2.0,0,80,7.0,5,8138.0,13,1.0,20345.0,1.0,8.713948947471966,219,0.6015116047586032,1264.4593525153482,476,9102.580000000002,612152770.15,20.0,1.429999056164773,0.5782800041306969,0.1880686574575559,0.0,False,estatal,Carretera,Con pavimento,Asfalto,No,Estatal,Mex.,Dos sentidos,MAÍZ GRANO,0,0,0,0,0,0,0,0,0,0,0,0,0,0,1.0986122886681098,0.0,2.0794415416798357,1.791759469228055,9.004422601327041,2.6390573296152584,9.920639611353694,4.600375594155172,11.889126527391866,7.143190459765931,6.1675164908883415,9.116423021734263,9.084275889604486,20.23249243538729,0.0,MAÍZ GRANO
S0528,-100.2528325,19.0735035,1244.5,7.126489121807647,15,EM-071|Temascaltepec de González - Zuluapan,107_31,False,1.0,0,40,4.0,7,5748.0,12,0.3950939457202505,19578.0,0.8224026969046889,7.341771413960624,234,0.6115323428443841,360.4328029691997,3477,1507.4,29171572.59,10.0,0.8934604839013288,0.6649197293352792,0.0305824598646676,0.0,False,estatal,Circuito,FALTANTE,FALTANTE,No,FALTANTE,FALTANTE,Dos sentidos,PASTOS Y PRADERAS,0,0,0,0,0,0,0,0,0,0,0,0,0,0,0.6931471805599453,0.0,1.6094379124341003,2.0794415416798357,8.656781205623291,2.5649493574615367,9.882212842257273,4.604862943967903,11.585153098967108,5.890076140417637,8.154212694914229,7.318804765384202,7.318804765384202,17.188705285880843,0.0,PASTOS Y PRADERAS
S0529,-100.307979,19.137912,964.0,6.871091294610546,15,EM-071|Temascaltepec de González - Zuluapan,107_31,False,2.0,0,80,7.0,6,4096.0,24,1.0,20652.0,0.8316385822196397,7.824582929194954,186,0.5924450610929598,875.761201300549,230,6458.1,97278101.1,14.0,0.5484201564480546,0.8394651677738034,0.0067512116566792,0.0,False,estatal,Carretera,Con pavimento,Asfalto,No,Estatal,Mex.,Dos sentidos,PASTOS Y PRADERAS,0,0,0,0,0,0,0,0,0,0,0,0,0,0,1.0986122886681098,0.0,2.0794415416798357,1.9459101490553132,8.318010277546872,3.2188758248682006,9.93561586628765,4.606216596102813,11.400573902123549,6.776234664873149,5.442417710521793,8.773245268185422,8.772780699296986,18.393084466328986,0.0,PASTOS Y PRADERAS
S0530,-100.053443,19.051049,3850.0,8.25582842728183,15,EM-086|Temascaltepec de González - El Fresno,108_31,False,2.0,0,80,7.0,3,8930.0,15,1.0,23858.0,1.0,8.639503144654089,221,0.6037394533489884,1384.470513456347,99,9102.580000000002,612152770.15,20.0,1.429999056164773,0.5782800041306969,0.1880686574575559,0.0,False,estatal,Carretera,Con pavimento,Asfalto,No,Estatal,Mex.,Dos sentidos,MAÍZ GRANO,0,0,0,0,0,0,0,0,0,0,0,0,0,0,1.0986122886681098,0.0,2.0794415416798357,1.3862943611198906,9.097283649683886,2.772588722239781,10.079916783625245,4.600509767593719,11.894732924727718,7.233795081836467,4.605170185988092,9.116423021734263,9.084275889604486,20.23249243538729,0.0,MAÍZ GRANO
S0531,-100.05783,19.059835,3148.5,8.054681427928797,15,EM-086|Temascaltepec de González - El Fresno,108_31,False,2.0,0,80,7.0,5,8138.0,13,1.0,20345.0,1.0,8.713948947471966,219,0.6015909184499869,1160.1104462275175,476,9102.580000000002,612152770.15,20.0,1.429999056164773,0.5782800041306969,0.1880686574575559,0.0,False,estatal,Carretera,Con pavimento,Asfalto,No,Estatal,Mex.,Dos sentidos,MAÍZ GRANO,0,0,0,0,0,0,0,0,0,0,0,0,0,0,1.0986122886681098,0.0,2.0794415416798357,1.791759469228055,9.004422601327041,2.6390573296152584,9.920639611353694,4.600375594155172,11.889325582225267,7.057132107429555,6.1675164908883415,9.116423021734263,9.084275889604486,20.23249243538729,0.0,MAÍZ GRANO
S0532,-100.0677,19.14488,8226.0,9.015055148790369,15,EM-086|Temascaltepec de González - El Fresno,108_31,False,2.0,0,80,7.0,8,6296.0,21,1.0,44360.0,0.4552073940486925,9.072093463845912,194,0.6822667918639763,568.1914835860586,982,5503.99,438271206.2399999,24.0,1.7024850027188865,0.4273118228775852,0.4055875828262769,0.0,False,estatal,Carretera,Con pavimento,Asfalto,No,Estatal,Mex.,Dos sentidos,MAÍZ GRANO,0,0,0,0,0,0,0,0,0,0,0,0,0,0,1.0986122886681098,0.0,2.0794415416798357,2.1972245773362196,8.747828608488742,3.091042453358316,10.700115984041597,4.605442860290749,11.905197256092148,6.3442169040272685,6.890609120147166,8.613410232624704,8.610863846115313,19.898348471330706,0.0,MAÍZ GRANO
S0533,-99.890129,19.427914,4998.0,8.516793111394898,15,EM-383|T. C. (Toluca - Morelia) - San Nicolás Guadalupe,108_33,False,2.0,0,80,7.0,4,22527.0,14,0.6691525724685933,64831.0,0.8850395644059169,6.855867398883165,279,0.4901616801100106,1296.8183081117936,1420,21159.3,938743971.81,12.0,0.7607424030352207,0.7365806052185092,0.0839748951997466,0.0,False,estatal,Carretera,Con pavimento,Asfalto,No,Estatal,Mex.,Dos sentidos,MAÍZ GRANO,0,0,0,0,0,0,0,0,0,0,0,0,0,0,1.0986122886681098,0.0,2.0794415416798357,1.6094379124341003,10.022514258957768,2.70805020110221,11.079554587608355,4.592754314126407,12.940093019299699,7.168439909123929,7.259116128097101,9.959882063565495,9.959882063565495,20.660053340579932,0.0,MAÍZ GRANO
S0534,-99.9057355,19.502964,2738.0,7.914983005848394,15,EM-383|T. C. (Toluca - Morelia) - San Nicolás Guadalupe,108_33,False,2.0,0,80,7.0,1,18482.0,15,0.7814089384265772,86540.0,0.6740120175641322,6.897709267390802,276,0.5056429082170474,439.1987585332615,2374,22835.86,985234286.58,9.0,0.5846605425359943,0.8622403535491985,0.2340835860790878,0.0,False,estatal,Carretera,Con pavimento,Asfalto,No,Estatal,Mex.,Dos sentidos,MAÍZ GRANO,0,0,0,0,0,0,0,0,0,0,0,0,0,0,1.0986122886681098,0.0,2.0794415416798357,0.6931471805599453,9.82460666968268,2.772588722239781,11.368373569062241,4.593730570855029,12.916499665989377,6.087226348854994,7.772752716468742,10.036131176210384,10.036131176210384,20.708390026264418,0.0,MAÍZ GRANO
S0535,-99.9640095,19.587504,2838.5,7.951031022610781,15,EM-383|T. C. (Toluca - Morelia) - San Nicolás Guadalupe,108_33,False,2.0,0,60,7.0,5,30486.0,19,0.5701961556124122,132366.0,0.4651118867382862,6.925720200051373,328,0.5634389110288619,1069.0890183125464,2904,20282.58,495007041.08,15.0,0.2493472091511414,0.9566006888669982,0.2575116183444118,0.0,False,estatal,Carretera,Con pavimento,Asfalto,No,Municipal,Mex.,Dos sentidos,MAÍZ GRANO,0,0,0,0,0,0,0,0,0,0,0,0,0,0,1.0986122886681098,0.0,2.0794415416798357,1.791759469228055,10.32505564222569,2.995732273553991,11.793333646705427,4.592343144061596,12.954098560100105,6.975497118680089,7.974188669286011,9.917566970725385,9.917566970725385,20.020082546856013,0.0,MAÍZ GRANO
S0536,-100.039913,19.629861,2126.0,7.661997558901893,15,EM-383|T. C. (Toluca - Morelia) - San Nicolás Guadalupe,108_33,False,2.0,0,60,7.0,7,31974.0,24,0.503753049352599,104183.0,0.6424752598792509,6.482924469443192,363,0.658121492113638,952.413008880955,406,20282.58,495007041.08,15.0,0.2493472091511414,0.9566006888669982,0.2575116183444118,0.0,False,estatal,Carretera,Con pavimento,Asfalto,No,Municipal,Mex.,Dos sentidos,MAÍZ GRANO,0,0,0,0,0,0,0,0,0,0,0,0,0,0,1.0986122886681098,0.0,2.0794415416798357,2.0794415416798357,10.372709626447044,3.2188758248682006,11.55391384564754,4.5884757764209985,12.865683724870664,6.860048187402784,6.008813185442595,9.917566970725385,9.917566970725385,20.020082546856013,0.0,MAÍZ GRANO
S0537,-99.82736,20.2312945,6799.0,8.82453082152646,15,EM-623|Polotitlán - Taxhie,109_36,False,2.0,0,80,10.0,51,11317.0,17,0.7162675620747548,18168.0,0.8232606781153676,8.46815989428477,87,0.8935566828718382,1551.1148266185694,3211,6216.43,188653197.88000005,13.0,1.369642258993548,0.4950590612296768,0.3081994006206134,0.0,False,estatal,Carretera,Con pavimento,Asfalto,No,Estatal,Mex.,Un sentido,MAÍZ FORRAJERO EN VERDE,0,0,0,0,0,0,0,0,0,0,0,0,0,0,1.0986122886681098,0.0,2.3978952727983707,3.9512437185814275,9.334149657702469,2.8903717578961645,9.807472124102441,4.598732517006042,10.946816139580935,7.347373684229623,8.074649075066652,8.735111917069752,8.735111917069752,19.05542096092312,0.0,MAÍZ FORRAJERO EN VERDE
S0538,-99.893596,20.229963,5023.0,8.521782643750045,15,EM-623|Polotitlán - Taxhie,108_36,False,2.0,0,80,10.0,9,5279.0,10,1.0,22821.0,0.7352000350554314,8.038213049384337,69,0.8742691883569482,1169.695658491835,604,6216.43,188653197.88000005,13.0,1.369642258993548,0.4950590612296768,0.3081994006206134,0.0,False,estatal,Carretera,Con pavimento,Asfalto,No,Estatal,Mex.,Dos sentidos,MAÍZ FORRAJERO EN VERDE,0,0,0,0,0,0,0,0,0,0,0,0,0,0,1.0986122886681098,0.0,2.3978952727983707,2.302585092994046,8.571681376700306,2.3978952727983707,10.035480261994625,4.595752664649201,10.780288735123806,7.065353431006755,6.405228458030842,8.735111917069752,8.735111917069752,19.05542096092312,0.0,MAÍZ FORRAJERO EN VERDE
S0539,-99.520568,19.271758,16501.0,9.711176264112805,15,EM-D|Lerma - Tenango (Cuota),110_32,False,2.0,0,80,12.0,137,194196.0,21,0.0794867041545654,613969.0,0.0986417881033081,11.046855489427683,432,0.1137210269160001,972.013562502339,15052,8196.130000000001,235773242.99,8.0,0.2248749942739034,0.9592331990829818,0.0593731431785488,0.0,True,estatal,Carretera,Con pavimento,Asfalto,Si,Estatal,Mex.,Dos sentidos,MAÍZ GRANO,0,0,0,0,0,0,0,0,0,0,0,0,0,0,1.0986122886681098,0.0,2.5649493574615367,4.927253685157205,12.176628386728279,3.091042453358316,13.32770134600074,4.609759208014574,14.480015950696407,6.880398020940185,9.619332585860503,9.011539371988048,9.011539371988048,19.27838107054547,0.0,MAÍZ GRANO
S0540,-99.530576,19.172672,6396.0,8.763428073953845,15,EM-D|Lerma - Tenango (Cuota),110_31,False,2.0,0,80,12.0,0,90993.0,31,0.1597485520864242,324398.0,0.1894802064131098,10.466920511121046,347,0.1071638087981132,1624.952475203704,59,1643.65,58026189.2,9.0,0.5749612740545486,0.874273720074225,0.0,0.0,True,estatal,Carretera,Con pavimento,Asfalto,Si,Estatal,Mex.,Dos sentidos,MAÍZ GRANO,0,0,0,0,0,0,0,0,0,0,0,0,0,0,1.0986122886681098,0.0,2.5649493574615367,0.0,11.418548849259308,3.4657359027997265,12.689729518604587,4.609950867813631,14.232310516583636,7.393849061638606,4.0943445622221,7.405282874604138,7.405282874604138,17.87640502176275,0.0,MAÍZ GRANO
S0541,-99.5211855,19.2980745,23609.0,10.069383274248214,15,EM-D|Libramiento Nororiente de Toluca (Cuota),110_32,False,2.0,0,80,8.0,118,173777.0,15,0.0551281239749794,586337.0,0.0911114256818177,11.021216124025718,451,0.1249032945704159,458.8352900728973,1790,8196.130000000001,235773242.99,8.0,0.2248749942739034,0.9592331990829818,0.0593731431785488,0.0,True,estatal,Carretera,Con pavimento,Asfalto,Si,Estatal,Mex.,Un sentido,MAÍZ GRANO,0,0,0,0,0,0,0,0,0,0,0,0,0,0,1.0986122886681098,0.0,2.1972245773362196,4.77912349311153,12.065533901522734,2.772588722239781,13.281651694087564,4.609704650349004,14.49938185018356,6.130868360303622,7.490529402060711,9.011539371988048,9.011539371988048,19.27838107054547,0.0,MAÍZ GRANO
S0542,-99.55183575,19.37761275,18988.5,9.851588811744993,15,EM-D|Libramiento Nororiente de Toluca (Cuota),110_32,False,2.0,0,40,7.0,51,136736.0,32,0.1235446407676105,518009.0,0.123455383979815,10.005817796070287,416,0.1274555051708995,656.2717056138385,5229,14566.5,466115495.56000006,11.0,0.448786951406549,0.9120241650362132,0.2237668623210792,0.0,True,estatal,Enlace,FALTANTE,FALTANTE,No,FALTANTE,FALTANTE,Un sentido,MAÍZ GRANO,0,0,0,0,0,0,0,0,0,0,0,0,0,0,1.0986122886681098,0.0,2.0794415416798357,3.9512437185814275,11.825814651779986,3.4965075614664802,13.157749826074586,4.608147523691443,14.395140155377142,6.488097487962115,8.56216655705897,9.58654829901723,9.58654829901723,19.95994400807628,0.0,MAÍZ GRANO
S0543,-99.664598,19.3933725,30274.0,10.31804453732251,15,EM-D|Libramiento Nororiente de Toluca (Cuota),109_32,False,2.0,0,80,8.0,7,100459.0,25,0.1296747927015001,476700.0,0.1038934340255926,9.641900548174531,407,0.1304887418326553,712.588257068525,3300,14566.5,466115495.56000006,11.0,0.448786951406549,0.9120241650362132,0.2237668623210792,0.0,True,estatal,Carretera,Con pavimento,Asfalto,Si,Estatal,Mex.,Un sentido,MAÍZ GRANO,0,0,0,0,0,0,0,0,0,0,0,0,0,0,1.0986122886681098,0.0,2.1972245773362196,2.0794415416798357,11.517514917304036,3.258096538021482,13.074644738946118,4.608856356604987,14.41269349486676,6.570306125228669,8.101980731853192,9.58654829901723,9.58654829901723,19.95994400807628,0.0,MAÍZ GRANO
S0544,-99.996848,19.331881,5387.0,8.591743922680534,15,EM-D|Ramal a Valle de Bravo (Cuota),108_32,False,2.0,0,80,9.0,3,6088.0,11,1.0,54618.0,0.8450877000256326,7.241729466476253,248,0.6998507277522321,1165.8602256850525,232,6146.78,282281722.7,19.0,1.0399908275181808,0.7474938097670651,0.0995252799026482,0.0,True,estatal,Carretera,Con pavimento,Asfalto,Si,Estatal,Mex.,Dos sentidos,MAÍZ GRANO,0,0,0,0,0,0,0,0,0,0,0,0,0,0,1.0986122886681098,0.0,2.302585092994046,1.3862943611198906,8.714239143608575,2.4849066497880004,10.908137086548123,4.585295503334239,12.428736081607505,7.062071852778275,5.4510384535657,8.723846320023428,8.722462750421597,19.458416150426565,0.0,MAÍZ GRANO
S0545,-99.21163,19.6316995,33703.0,10.425342133149853,15,EM-D|Ramal al Circuito Exterior Mexiquense (Cuota),111_34,False,2.0,0,50,8.0,30,546282.0,2,0.0,1212861.0,0.018000413897388,11.014840537409665,241,0.0119871065319944,2802.119965613068,515353,1296.64,49701076.18,8.0,1.3350494148393308,0.4488524185587365,0.7362413622902271,0.0,True,estatal,Carretera,Con pavimento,Asfalto,Si,Estatal,Mex.,Un sentido,ALFALFA VERDE,0,0,0,0,0,0,0,0,0,0,0,0,0,0,1.0986122886681098,0.0,2.1972245773362196,3.4339872044851463,13.210892435466524,1.0986122886681098,14.008493413935623,4.611882740432376,15.859309248302997,7.938488349254669,13.152609322150155,7.1683025090266,7.1683025090266,17.721537164473837,0.0,OTROS
S0546,-99.181733,19.638142,40331.0,10.604875682997651,15,EM-D|Ramal al Circuito Exterior Mexiquense (Cuota),111_34,False,2.0,1,80,8.0,214,989939.0,10,0.0027062273534025,1777184.0,0.0103033788285287,10.99175206283255,232,0.0100386330497784,1669.6305957946472,30929,553.14,17475085.9,4.0,1.2295732261764751,0.4375022598257223,0.6239649998192139,0.0,True,estatal,Carretera,Con pavimento,Asfalto,Si,Estatal,Mex.,Un sentido,MAÍZ FORRAJERO EN VERDE,0,0,0,0,0,0,0,0,0,0,0,0,0,0,1.0986122886681098,0.6931471805599453,2.1972245773362196,5.3706380281276624,13.805399614213545,2.3978952727983707,14.390541209765193,4.612003539811784,15.918188530565178,7.420956436409248,10.339481865679115,6.3174173624033285,6.3174173624033285,16.676286818890095,0.0,MAÍZ FORRAJERO EN VERDE
S0547,-99.1497215,19.6476285,50839.0,10.836419055558409,15,EM-D|Ramal al Circuito Exterior Mexiquense (Cuota),111_34,False,2.0,0,10,7.0,43,651677.0,22,0.0077338927106526,1746385.0,0.0110502552415418,11.005588418534284,233,0.0097056352957691,1108.914410366895,1251,233.52999999999997,12610244.85,7.0,1.45695689876316,0.4196462981201559,0.8672547424313793,0.0,True,estatal,Cerrada,FALTANTE,FALTANTE,No,FALTANTE,FALTANTE,Dos sentidos,ALFALFA VERDE,0,0,0,0,0,0,0,0,0,0,0,0,0,0,1.0986122886681098,0.0,2.0794415416798357,3.784189633918261,13.387305853886614,3.1354942159291497,14.37305906769467,4.6120146073443244,15.826762922965091,7.01203818355585,7.132497551660044,5.457583511473485,5.457583511473485,16.350020204182453,0.0,OTROS
S0548,-99.1106135,19.682996000000003,24606.0,10.110745594620116,15,EM-D|Ramal al Circuito Exterior Mexiquense (Cuota),112_34,False,2.0,0,80,8.0,130,408029.0,36,0.0248242159258288,1087167.0,0.0222744067838703,10.890059911250768,301,0.0171854297994981,579.1647631508486,453,553.14,17475085.9,4.0,1.2295732261764751,0.4375022598257223,0.6239649998192139,0.0,True,estatal,Carretera,Con pavimento,Asfalto,Si,Estatal,Mex.,Un sentido,MAÍZ FORRAJERO EN VERDE,0,0,0,0,0,0,0,0,0,0,0,0,0,0,1.0986122886681098,0.0,2.1972245773362196,4.875197323201151,12.919095980094909,3.6109179126442243,13.899086707978983,4.611395897070288,15.508372286446694,6.363312137596988,6.118097198041348,6.3174173624033285,6.3174173624033285,16.676286818890095,0.0,MAÍZ FORRAJERO EN VERDE
S0549,-99.644767,19.1094725,10168.0,9.22700081286929,15,EM-D|Toluca - Ixtapan de La Sal (Cuota),109_31,False,2.0,0,80,10.0,4,30578.0,24,0.2973052521420629,146689.0,0.1644022387500085,9.724016048103405,300,0.1584712758292873,1025.7956568312577,6404,9826.16,537409327.61,30.0,1.4355590252675396,0.6818533384353603,0.0009708777386079,0.0,True,estatal,Carretera,Con pavimento,Asfalto,Si,Estatal,Mex.,Un sentido,MAÍZ GRANO,0,0,0,0,0,0,0,0,0,0,0,0,0,0,1.0986122886681098,0.0,2.3978952727983707,1.6094379124341003,10.328068777836522,3.2188758248682006,11.89607679548181,4.607850905047822,13.714117716223372,6.934198219178201,8.764834214330834,9.192905259902824,9.192905259902824,20.10227061277803,0.0,MAÍZ GRANO
S0550,-99.664146,18.8578385,9220.0,9.12913031655064,15,EM-D|Toluca - Ixtapan de La Sal (Cuota),109_30,False,2.0,0,80,10.0,15,31443.0,24,0.3853639919854976,79669.0,0.5695565401850154,8.329731890697762,306,0.5178310569919604,927.2405666503536,600,2012.08,178805539.42,21.0,1.820371222221172,0.5128026718619538,0.3160709315732973,0.0,True,estatal,Carretera,Con pavimento,Asfalto,Si,Estatal,Mex.,Dos sentidos,MAÍZ GRANO,0,0,0,0,0,0,0,0,0,0,0,0,0,0,1.0986122886681098,0.0,2.3978952727983707,2.772588722239781,10.355963464913646,3.2188758248682006,11.285648382374411,4.603583707696051,12.590225587561577,6.833290930495832,6.398594934535208,7.607421166529198,7.607421166529198,19.00180940691265,0.0,MAÍZ GRANO
S0551,-99.515443,19.3305065,10450.0,9.254357257392956,15,EM-D|Toluca - Naucalpan (Cuota),110_32,False,2.0,0,80,7.0,3,83422.0,17,0.1378173623264846,669517.0,0.1002185157359708,10.948421995190513,461,0.1283402841068931,1733.4310151601508,22,8196.130000000001,235773242.99,8.0,0.2248749942739034,0.9592331990829818,0.0593731431785488,0.0,True,estatal,Carretera,Con pavimento,Asfalto,Si,Estatal,Mex.,Un sentido,MAÍZ GRANO,0,0,0,0,0,0,0,0,0,0,0,0,0,0,1.0986122886681098,0.0,2.0794415416798357,1.3862943611198906,11.331679329703194,2.8903717578961645,13.414313329487573,4.60931319971709,14.502171749901853,7.458434693442538,3.1354942159291497,9.011539371988048,9.011539371988048,19.27838107054547,0.0,MAÍZ GRANO
S0552,-99.4769745,19.355979,11066.0,9.311632623458054,15,EM-D|Toluca - Naucalpan (Cuota),110_32,False,1.0,-1,30,4.0,25,67521.0,28,0.2787725300276951,302003.0,0.24301414224362,10.18373271080647,441,0.1296492066855173,716.3173117654768,2478,8196.130000000001,235773242.99,8.0,0.2248749942739034,0.9592331990829818,0.0593731431785488,0.0,True,estatal,Calle,FALTANTE,FALTANTE,No,FALTANTE,FALTANTE,Dos sentidos,MAÍZ GRANO,0,0,0,0,0,0,0,0,0,0,0,0,0,0,0.6931471805599453,0.0,1.6094379124341003,3.258096538021482,11.120208749684231,3.367295829986474,12.618195541302404,4.607519215866862,14.404930887709016,6.5755182974647095,7.8156105320351905,9.011539371988048,9.011539371988048,19.27838107054547,0.0,MAÍZ GRANO
S0553,-99.3715,19.4074195,12693.0,9.448805939388178,15,EM-D|Toluca - Naucalpan (Cuota),111_33,False,2.0,0,80,7.0,0,60202.0,34,0.328793063353377,578254.0,0.1220899466324487,10.977885711913917,351,0.0560050359830748,1105.6051446753984,16,1894.16,44353619.05,4.0,0.3418396641458337,0.9113960805845336,0.0,0.0,True,estatal,Carretera,Con pavimento,Asfalto,Si,Estatal,Mex.,Un sentido,MAÍZ GRANO,0,0,0,0,0,0,0,0,0,0,0,0,0,0,1.0986122886681098,0.0,2.0794415416798357,0.0,11.005477463942288,3.5553480614894135,13.267770226835378,4.612214892547219,14.964969624679682,7.009052179536338,2.833213344056216,7.547058546669963,7.547058546669963,17.607704887965983,0.0,MAÍZ GRANO
S0554,-99.756654,19.3856925,10435.0,9.2529208195113,15,EM-D|Toluca - Zitácuaro (Cuota),109_32,False,2.0,1,80,12.0,5,62945.0,24,0.2659146874255302,219831.0,0.2823669091256465,9.614438721888323,323,0.1518663737098869,788.7178018287336,2887,22835.86,985234286.58,9.0,0.5846605425359943,0.8622403535491985,0.2340835860790878,0.0,True,estatal,Carretera,Con pavimento,Asfalto,Si,Estatal,Mex.,Dos sentidos,MAÍZ GRANO,0,0,0,0,0,0,0,0,0,0,0,0,0,0,1.0986122886681098,0.6931471805599453,2.5649493574615367,1.791759469228055,11.05003249495954,3.2188758248682006,12.300618897252093,4.608004777763524,14.081953416723595,6.671675668770329,7.968319500012717,10.036131176210384,10.036131176210384,20.708390026264418,0.0,MAÍZ GRANO
S0555,-99.817218,19.380246,6641.0,8.801017833540714,15,EM-D|Toluca - Zitácuaro (Cuota),109_32,False,2.0,0,80,12.0,11,20099.0,16,0.6761530424399224,124138.0,0.519832766759574,8.588104184457729,278,0.1902001246991658,800.5586679407949,2195,22835.86,985234286.58,9.0,0.5846605425359943,0.8622403535491985,0.2340835860790878,0.0,True,estatal,Carretera,Con pavimento,Asfalto,Si,Estatal,Mex.,Dos sentidos,MAÍZ GRANO,0,0,0,0,0,0,0,0,0,0,0,0,0,0,1.0986122886681098,0.0,2.5649493574615367,2.4849066497880004,9.908475094047168,2.833213344056216,11.7291571845139,4.604540442211759,13.788698300513117,6.686558167051131,7.694392802629421,10.036131176210384,10.036131176210384,20.708390026264418,0.0,MAÍZ GRANO
S0556,-100.0615865,19.3953,3581.0,8.183397369998433,15,EM-D|Toluca - Zitácuaro (Cuota),108_32,False,2.0,0,80,12.0,14,21050.0,21,0.7009976247030879,69652.0,0.7576092574513295,7.345631901664298,277,0.781918145369378,622.910394775616,1551,14691.160000000002,594579956.89,13.0,0.8657148896344052,0.6912061402911682,0.0355424622698275,0.0,True,estatal,Carretera,Con pavimento,Asfalto,Si,Estatal,Mex.,Dos sentidos,MAÍZ GRANO,0,0,0,0,0,0,0,0,0,0,0,0,0,0,1.0986122886681098,0.0,2.5649493574615367,2.70805020110221,9.954703343920398,3.091042453358316,11.151281050785743,4.5927116293724914,12.436831129509548,6.436006759942231,7.347299700743164,9.595069297160684,9.594626786443001,20.203365761081606,0.0,MAÍZ GRANO
S0557,-99.2226845,19.46183,74299.0,11.215852771665077,15,EM-D|Viaducto Bicentenario,111_33,False,3.0,0,50,10.5,125,1208425.0,2,0.0,4268338.0,0.0025112819087897,11.524849306685647,186,0.007064885058262,2173.713453652602,776220,702.89,11204341.81,3.0,0.6269488463963906,0.6828949053194668,0.0699967277952453,0.0,True,estatal,Boulevard,FALTANTE,FALTANTE,No,FALTANTE,FALTANTE,Un sentido,MAÍZ GRANO,0,0,0,0,0,0,0,0,0,0,0,0,0,0,1.3862943611198906,0.0,2.4423470353692043,4.836281906951478,14.004829244317474,1.0986122886681098,15.266735316553175,4.61022687568926,16.12819547558723,7.684652189396511,13.562192552433729,6.5566220939497395,6.5566220939497395,16.23181201200223,0.0,MAÍZ GRANO
S0558,-99.2335675,19.482698,56922.0,10.949437188620932,15,EM-D|Viaducto Bicentenario,111_33,False,3.0,0,50,10.5,136,779591.0,2,0.0,3512068.0,0.0038302219660894,11.573256443146697,197,0.0092468676069868,431.4615444048398,776220,702.89,11204341.81,3.0,0.6269488463963906,0.6828949053194668,0.0699967277952453,0.0,True,estatal,Boulevard,FALTANTE,FALTANTE,No,FALTANTE,FALTANTE,Un sentido,MAÍZ GRANO,0,0,0,0,0,0,0,0,0,0,0,0,0,0,1.3862943611198906,0.0,2.4423470353692043,4.919980925828125,13.566525984890239,1.0986122886681098,15.071715880468975,4.60991430762086,16.040759211369007,6.0694934077479,13.562192552433729,6.5566220939497395,6.5566220939497395,16.23181201200223,0.0,MAÍZ GRANO
S0559,-99.2365105,19.8221465,17850.0,9.789758787207784,15,EM-D-MEX-057-D|Circuito Exterior Mexiquense (Cuota),111_34,False,2.0,0,80,7.0,18,121774.0,23,0.0540673707031057,266220.0,0.0743595522500187,9.72771307506508,239,0.0558720460970851,1245.0420710914557,2983,2468.9,46125249.78999999,9.0,1.2691450931548869,0.6059378670663048,0.0939284701689011,0.0,True,estatal,Carretera,Con pavimento,Asfalto,Si,Estatal,Mex.,Un sentido,MAÍZ GRANO,0,0,0,0,0,0,0,0,0,0,0,0,0,0,1.0986122886681098,0.0,2.0794415416798357,2.9444389791664403,11.709930358674743,3.1780538303479458,12.492082069885743,4.610912425890793,14.271157876768381,7.127727463698288,8.001019961323651,7.81193294297249,7.81193294297249,17.646871097491754,0.0,MAÍZ GRANO
S0560,-99.11917875,19.74527575,26564.5,10.18733101694996,15,EM-D-MEX-057-D|Circuito Exterior Mexiquense (Cuota),112_34,False,2.0,0,80,8.0,0,121128.0,43,0.07601875701737,767631.0,0.0463920816121287,10.278965260271116,309,0.0203841740405377,898.4788918209002,6,1729.9,77657883.73,7.0,1.2965279797880844,0.4740158390658419,1.0,0.0,True,estatal,Carretera,Con pavimento,Asfalto,Si,Estatal,Mex.,Un sentido,MAÍZ FORRAJERO EN VERDE,0,0,0,0,0,0,0,0,0,0,0,0,0,0,1.0986122886681098,0.0,2.1972245773362196,0.0,11.704611372383606,3.784189633918261,13.55106573062611,4.6107579493220605,15.37446242904177,6.801815586545928,1.9459101490553132,7.4563967834323535,7.4563967834323535,18.167823644322805,0.0,MAÍZ FORRAJERO EN VERDE
S0561,-99.0637365,19.660303,43002.0,10.669001905221974,15,EM-D-MEX-057-D|Circuito Exterior Mexiquense (Cuota),112_34,False,2.0,0,80,8.0,19,199561.0,18,0.0231959150334985,2876348.0,0.0061901411094902,10.560809006975616,315,0.0156256656134366,687.9354519226565,9,746.1999999999999,20158300.51,6.0,1.0934743435805503,0.5373894398284643,0.9825783972125436,0.0,True,estatal,Carretera,Con pavimento,Asfalto,Si,Estatal,Mex.,Un sentido,MAÍZ FORRAJERO EN VERDE,0,0,0,0,0,0,0,0,0,0,0,0,0,0,1.0986122886681098,0.0,2.1972245773362196,2.995732273553991,12.20388024397326,2.9444389791664403,14.872032339556835,4.612329644312157,15.510411232235636,6.535147582913392,2.302585092994046,6.616332886914633,6.616332886914633,16.819126747122137,0.0,MAÍZ FORRAJERO EN VERDE
S0562,-99.030521,19.5915515,54204.0,10.900509985442604,15,EM-D-MEX-057-D|Circuito Exterior Mexiquense (Cuota),112_33,False,2.0,0,50,8.0,30,1652754.0,4,0.0004150647948817,2056137.0,0.0022795173667902,10.350587986967666,280,0.0132099768847615,2118.4283760513076,1643623,12.64,307139.3,5.0,1.4292201963220512,0.3045886075949367,0.7349683544303797,0.0,True,estatal,Carretera,Con pavimento,Asfalto,Si,Estatal,Mex.,Un sentido,MAÍZ GRANO,0,0,0,0,0,0,0,0,0,0,0,0,0,0,1.0986122886681098,0.0,2.1972245773362196,3.4339872044851463,14.317954150452177,1.6094379124341003,14.536340023927274,4.612197969848067,15.582439280061822,7.65890169737023,14.312414117977749,2.613006652415316,2.613006652415316,12.63505992543248,0.0,MAÍZ GRANO
S0563,-99.013903,19.560493,41650.0,10.637056647594989,15,EM-D-MEX-057-D|Circuito Exterior Mexiquense (Cuota),112_33,False,3.0,0,50,10.5,16,8445.0,1,0.0,1857007.0,0.0054550144399024,10.140334640634096,283,0.0092020601769199,3495.581785096718,8445,2452.45,58233975.77,13.0,1.0971333664837728,0.6702154987869274,0.593011070562091,0.0,True,estatal,Carretera,Con pavimento,Asfalto,Si,Estatal,Mex.,Un sentido,MAÍZ GRANO,0,0,0,0,0,0,0,0,0,0,0,0,0,0,1.3862943611198906,0.0,2.4423470353692043,2.833213344056216,9.041448235493888,0.6931471805599453,14.434477148349258,4.611921569607393,16.017534931161887,8.159541137431418,9.041448235493888,7.805250476271966,7.805250476271966,17.87997953565962,0.0,MAÍZ GRANO
S0564,-99.0146995,19.512279,44127.0,10.694827118987453,15,EM-D-MEX-057-D|Circuito Exterior Mexiquense (Cuota),112_33,False,3.0,0,50,10.5,390,0.0,0,0.2294825956519952,26678.0,0.0906364794962141,8.616759016270525,243,0.0066640966435409,8280.360751308284,8445,2452.45,58233975.77,13.0,1.0971333664837728,0.6702154987869274,0.593011070562091,0.0,True,estatal,Carretera,Con pavimento,Asfalto,Si,Estatal,Mex.,Un sentido,MAÍZ GRANO,0,1,0,0,0,0,0,0,0,0,0,0,0,0,1.3862943611198906,0.0,2.4423470353692043,5.968707559985366,0.0,0.0,10.19163201806775,4.605521912754933,16.235437344793283,9.021762575822093,9.041448235493888,7.805250476271966,7.805250476271966,17.87997953565962,0.0,MAÍZ GRANO
S0565,-99.0134415,19.4765805,28106.0,10.24373835566069,15,EM-D-MEX-057-D|Circuito Exterior Mexiquense (Cuota),112_33,False,2.0,0,70,8.0,3,0.0,0,0.2294825956519952,1782202.0,0.001061046952029,9.919179807602523,233,0.0076175215272508,5941.177310095674,4,5673.655000000001,191336722.06,14.0,1.2687202524271144,0.6437454279444038,0.178774378529101,0.0,True,estatal,Carretera,Con pavimento,Asfalto,Si,Estatal,Mex.,Un sentido,FALTANTE,0,1,0,0,0,0,1,1,1,1,1,1,1,1,1.0986122886681098,0.0,2.1972245773362196,1.3862943611198906,0.0,0.0,14.393360797472099,4.611889003587379,16.128033506486148,8.689830895714618,1.6094379124341003,8.643765047550096,8.633406996474067,19.06954538180026,0.0,OTROS
S0566,-99.558989,19.955859,10927.0,9.298992069570746,15,EM-HGO|Jilotepec - Maravillas,110_35,False,2.0,0,80,8.0,2,43332.0,21,0.3336333425643866,70721.0,0.3920476237609762,9.486978973713606,131,0.5656033986175115,610.4940744261294,3079,17360.67,383192436.29,11.0,0.4932192396591819,0.8850464872611484,0.2379516458754184,0.0,False,estatal,Carretera,Con pavimento,Asfalto,No,Estatal,Mex.,Dos sentidos,MAÍZ GRANO,0,0,0,0,0,0,0,0,0,0,0,0,0,0,1.0986122886681098,0.0,2.1972245773362196,1.0986122886681098,10.676669748432332,3.091042453358316,11.166511977454624,4.597758547068401,11.841372730329084,6.415905264853178,8.03268487596762,9.762020181744278,9.762020181744278,19.76404786819295,0.0,MAÍZ GRANO
S0567,-99.6293945,20.08701,3970.5,8.286647310335265,15,EM-HGO|Jilotepec - Maravillas,109_36,False,2.0,0,80,8.0,10,8903.0,10,0.6214759069976412,24989.0,0.7545720116851414,7.955203889711474,119,0.5951244838925013,1739.0975061513277,831,17360.67,383192436.29,11.0,0.4932192396591819,0.8850464872611484,0.2379516458754184,0.0,False,estatal,Carretera,Con pavimento,Asfalto,No,Estatal,Mex.,Dos sentidos,MAÍZ GRANO,0,0,0,0,0,0,0,0,0,0,0,0,0,0,1.0986122886681098,0.0,2.1972245773362196,2.3978952727983707,9.094255892955381,2.3978952727983707,10.126231023828998,4.572637559919752,11.706368283971297,7.461696428656508,6.723832440821209,9.762020181744278,9.762020181744278,19.76404786819295,0.0,MAÍZ GRANO
S0568,-99.602662,20.139,2994.0,8.004365564979574,15,EM-HGO|Jilotepec - Maravillas,109_36,False,2.0,0,80,8.0,3,5641.0,5,0.5101932281510371,19330.0,0.6827211588204863,8.044734092084841,80,0.6477401619984254,893.217295987421,706,17360.67,383192436.29,11.0,0.4932192396591819,0.8850464872611484,0.2379516458754184,0.0,False,estatal,Carretera,Con pavimento,Asfalto,No,Estatal,Mex.,Dos sentidos,MAÍZ GRANO,0,0,0,0,0,0,0,0,0,0,0,0,0,0,1.0986122886681098,0.0,2.1972245773362196,1.3862943611198906,8.637993891561942,1.791759469228055,9.869465303921691,4.576555476738591,11.224443072347679,6.795948806027738,6.561030665896573,9.762020181744278,9.762020181744278,19.76404786819295,0.0,MAÍZ GRANO
S0569,-99.584478,20.198188,2107.0,7.653020413804189,15,EM-HGO|Jilotepec - Maravillas,110_36,False,2.0,0,40,9.0,9,0.0,0,0.2294825956519952,7027.0,0.6068023338551302,7.897784260708694,48,0.8229094479094479,5684.964727542703,2763,17360.67,383192436.29,11.0,0.4932192396591819,0.8850464872611484,0.2379516458754184,0.0,False,estatal,Carretera,Con pavimento,Asfalto,No,Estatal,Hgo.,Dos sentidos,MAÍZ GRANO,0,1,0,0,0,0,0,0,0,0,0,0,0,0,1.0986122886681098,0.0,2.302585092994046,2.302585092994046,0.0,0.0,8.857657449306988,4.587476779804547,10.452562263733816,8.645756088804912,7.92443418488756,9.762020181744278,9.762020181744278,19.76404786819295,0.0,MAÍZ GRANO
S0570,-99.594541,20.231581,3771.0,8.235095497258357,15,EM-HGO|Jilotepec - Maravillas,110_36,False,2.0,0,40,9.0,15,0.0,0,0.2294825956519952,2763.0,0.0,8.27,37,0.7628108442588081,9216.572763586812,2763,17360.67,383192436.29,11.0,0.4932192396591819,0.8850464872611484,0.2379516458754184,0.0,False,estatal,Carretera,Con pavimento,Asfalto,No,Estatal,Hgo.,Dos sentidos,MAÍZ GRANO,0,1,0,0,0,0,0,0,0,0,0,0,0,0,1.0986122886681098,0.0,2.302585092994046,2.772588722239781,0.0,0.0,7.92443418488756,4.590708884078619,10.160375309814498,9.128867024146771,7.92443418488756,9.762020181744278,9.762020181744278,19.76404786819295,0.0,MAÍZ GRANO
S0571,-98.995215,19.769148,19091.0,9.85697229879466,15,EM-HGO|Los Reyes - El Tephé,112_34,False,2.0,0,40,7.0,173,94531.0,26,0.062191238852863,302728.0,0.0709878174466848,9.88230804047826,323,0.0260339351373994,1433.3626704307494,21565,6136.75,130371644.41,11.0,1.4710352091633458,0.4372021020898684,0.231179370187803,0.0,False,estatal,Avenida,FALTANTE,FALTANTE,No,FALTANTE,FALTANTE,Un sentido,MAÍZ GRANO,0,0,0,0,0,0,0,0,0,0,0,0,0,0,1.0986122886681098,0.0,2.0794415416798357,5.159055299214529,11.456693680500177,3.295836866004329,12.620593294847684,4.611011448316324,15.127754368358724,7.26847589743384,9.978873279442018,8.722213504470758,8.722213504470758,18.685899740637787,0.0,MAÍZ GRANO
S0572,-99.09482425,19.80654675,23401.5,10.060555401855414,15,EM-HGO|Los Reyes - El Tephé,112_34,False,2.0,0,30,6.0,337,138276.0,33,0.110019092250282,344623.0,0.0915348076013498,9.668929616215086,298,0.0380277571663522,1027.5367384957892,9,10891.0,242283610.35,14.0,1.452154264177428,0.41548067211459,0.3956450280047745,0.0,False,estatal,Calle,FALTANTE,FALTANTE,No,FALTANTE,FALTANTE,Dos sentidos,MAÍZ GRANO,0,0,0,0,0,0,0,0,0,0,0,0,0,0,1.0986122886681098,0.0,1.9459101490553132,5.823045895483019,11.83701419868885,3.5263605246161616,12.750209246617136,4.610425468531405,14.657968725910226,6.935892428917656,2.302585092994046,9.295783853793651,9.295783853793651,19.305619545653567,0.0,MAÍZ GRANO
S0573,-99.137153,19.882477,10714.0,9.279306576440906,15,EM-HGO|Los Reyes - El Tephé,111_35,False,2.0,0,60,7.0,0,35563.0,7,0.0084076146556814,227189.0,0.0832478685147608,9.510474477937809,208,0.080764776299526,1325.4927139814738,3340,5157.85,85637910.68,10.0,1.2337945093357523,0.6593832701610166,0.3107981038611049,0.0,False,estatal,Carretera,Con pavimento,Asfalto,No,Estatal,Mex.,Dos sentidos,MAÍZ GRANO,0,0,0,0,0,0,0,0,0,0,0,0,0,0,1.0986122886681098,0.0,2.0794415416798357,0.0,10.47908916924103,2.0794415416798357,12.333541950775977,4.609975913144794,13.619487158186972,7.190293680898913,8.114025442356757,8.548468965419742,8.548468965419742,18.265638636521555,0.0,MAÍZ GRANO
S0574,-99.178973,19.983187,11125.0,9.31695010703444,15,EM-HGO|Los Reyes - El Tephé,111_35,False,2.0,0,40,8.0,131,31770.0,14,0.2748190116462071,58031.0,0.1601730109768916,9.491120780272611,85,0.087680035265295,1001.931901585221,15171,2848.5,63385656.82,9.0,1.705655927815784,0.40231700895208,0.4181147972617167,0.0,False,estatal,Carretera,Con pavimento,Asfalto,No,Estatal,Mex.,Un sentido,MAÍZ GRANO,0,0,0,0,0,0,0,0,0,0,0,0,0,0,1.0986122886681098,0.0,2.1972245773362196,4.882801922586371,10.366309203003638,2.70805020110221,10.968749861522683,4.609014976274753,12.776741409364679,6.910682890926397,9.627206902808789,7.954898819275054,7.954898819275054,17.96474817646629,0.0,MAÍZ GRANO
S0575,-99.18474,19.990533,11150.0,9.319194776888263,15,EM-HGO|Los Reyes - El Tephé,111_35,False,2.0,0,40,9.0,9,30828.0,11,0.2526599195536525,57960.0,0.1591442374051069,9.494057971014495,74,0.0803801009872233,1065.2609333128676,354,2848.5,63385656.82,9.0,1.705655927815784,0.40231700895208,0.4181147972617167,0.0,False,estatal,Carretera,Con pavimento,Asfalto,No,Estatal,Mex.,Dos sentidos,MAÍZ GRANO,0,0,0,0,0,0,0,0,0,0,0,0,0,0,1.0986122886681098,0.0,2.302585092994046,2.302585092994046,10.336211084415119,2.4849066497880004,10.967525649563905,4.609072984458588,12.612327441752587,6.971913352739594,5.872117789475416,7.954898819275054,7.954898819275054,17.96474817646629,0.0,MAÍZ GRANO
S0576,-99.2206415,20.0695975,14913.0,9.609988594762784,15,EM-HGO|Los Reyes - El Tephé,111_35,False,2.0,0,40,8.0,119,0.0,0,0.2294825956519952,354.0,1.0,8.89,24,0.1601730109768916,9721.04731947471,354,2848.5,63385656.82,9.0,1.705655927815784,0.40231700895208,0.4181147972617167,0.0,False,estatal,Avenida,FALTANTE,FALTANTE,No,FALTANTE,FALTANTE,Dos sentidos,MAÍZ GRANO,0,1,0,0,0,0,0,0,0,0,0,0,0,0,1.0986122886681098,0.0,2.1972245773362196,4.787491742782046,0.0,0.0,5.872117789475416,4.61512051684126,10.968749861522683,9.182151504850777,5.872117789475416,7.954898819275054,7.954898819275054,17.96474817646629,0.0,MAÍZ GRANO
S0577,-99.221632,20.1033105,9054.0,9.110961927995904,15,EM-HGO|Los Reyes - El Tephé,111_36,False,2.0,0,40,8.0,114,0.0,0,0.2294825956519952,0.0,0.2492112922594695,9.16571748878924,17,0.2784076672513154,13119.389951595977,3878,2848.5,63385656.82,9.0,1.705655927815784,0.40231700895208,0.4181147972617167,0.0,False,estatal,Avenida,FALTANTE,FALTANTE,No,FALTANTE,FALTANTE,Un sentido,MAÍZ GRANO,0,1,1,1,1,0,0,0,0,0,0,0,0,0,1.0986122886681098,0.0,2.1972245773362196,4.74493212836325,0.0,0.0,0.0,4.60540340767597,10.371269966709153,9.481922783976817,8.263332667439967,7.954898819275054,7.954898819275054,17.96474817646629,0.0,MAÍZ GRANO
S0578,-99.2342175,20.1499765,21624.0,9.981559087956285,15,EM-HGO|Los Reyes - El Tephé,111_36,False,2.0,0,40,9.0,92,0.0,0,0.2294825956519952,0.0,0.2492112922594695,9.16571748878924,4,0.3553856382978723,18274.894852882633,3878,2848.5,63385656.82,9.0,1.705655927815784,0.40231700895208,0.4181147972617167,0.0,False,estatal,Carretera,Con pavimento,Asfalto,No,Estatal,Hgo.,Un sentido,MAÍZ GRANO,0,1,1,1,1,0,0,0,0,0,0,0,0,0,1.0986122886681098,0.0,2.302585092994046,4.532599493153256,0.0,0.0,0.0,4.60540340767597,8.702344075220351,9.813338249377196,8.263332667439967,7.954898819275054,7.954898819275054,17.96474817646629,0.0,MAÍZ GRANO
S0579,-99.195703,20.2367585,26461.0,10.183427229849748,15,EM-HGO|Los Reyes - El Tephé,111_36,False,2.0,0,40,8.0,154,0.0,0,0.2294825956519952,0.0,0.2492112922594695,9.16571748878924,0,0.217280653216424,26299.26228686774,3878,2848.5,63385656.82,9.0,1.705655927815784,0.40231700895208,0.4181147972617167,0.0,False,estatal,Avenida,FALTANTE,FALTANTE,No,FALTANTE,FALTANTE,Un sentido,MAÍZ GRANO,0,1,1,1,1,1,0,0,0,0,0,0,0,0,1.0986122886681098,0.0,2.1972245773362196,5.043425116919247,0.0,0.0,0.0,4.60540340767597,0.0,10.177334191000831,8.263332667439967,7.954898819275054,7.954898819275054,17.96474817646629,0.0,MAÍZ GRANO
S0580,-99.172151,20.434858,9575.0,9.166910814048848,15,EM-HGO|Los Reyes - El Tephé,111_37,False,4.0,0,60,18.0,45,0.0,0,0.2294825956519952,0.0,0.2492112922594695,9.16571748878924,0,0.217280653216424,47863.39414240749,3878,2848.5,63385656.82,9.0,1.705655927815784,0.40231700895208,0.4181147972617167,0.0,False,estatal,Carretera,Con pavimento,Asfalto,No,Estatal,Hgo.,Dos sentidos,MAÍZ GRANO,0,1,1,1,1,1,0,0,0,0,0,0,0,0,1.6094379124341003,0.0,2.9444389791664403,3.828641396489095,0.0,0.0,0.0,4.60540340767597,0.0,10.776127169667575,8.263332667439967,7.954898819275054,7.954898819275054,17.96474817646629,0.0,MAÍZ GRANO
S0581,-98.75799,19.712366,4487.0,8.408939605975984,15,EM-HGO|Otumba - Tizayuca,113_34,False,2.0,0,80,8.0,9,36460.0,41,0.3725452550740538,87017.0,0.3430823862003976,9.60101118895744,239,0.2701701925030053,410.53283176624154,237,20201.0,275260566.55,9.0,0.989320100864828,0.6839265382901837,0.0,0.0,False,estatal,Carretera,Con pavimento,Asfalto,No,Estatal,Mex.,Dos sentidos,CEBADA GRANO,0,0,0,0,0,0,0,0,0,0,0,0,0,0,1.0986122886681098,0.0,2.1972245773362196,2.302585092994046,10.503998475174141,3.7376696182833684,11.373870272788306,4.606901347006667,12.612563893643223,6.019888802514599,5.472270673671475,9.91353688838913,9.91353688838913,19.433228725382314,0.0,CEBADA GRANO
S0582,-98.759496,19.7602235,5877.0,8.678801706612651,15,EM-HGO|Otumba - Tizayuca,113_34,False,2.0,0,80,8.0,14,19466.0,18,0.3535395047775608,75105.0,0.343958458158578,9.46341198996791,189,0.2896260956396316,794.7964393832358,69,20201.0,275260566.55,9.0,0.989320100864828,0.6839265382901837,0.0,0.0,False,estatal,Carretera,Con pavimento,Asfalto,No,Estatal,Mex.,Un sentido,CEBADA GRANO,0,0,0,0,0,0,0,0,0,0,0,0,0,0,1.0986122886681098,0.0,2.1972245773362196,2.70805020110221,9.876476003289278,2.9444389791664403,11.22665572803628,4.605790266013404,12.325303521448713,6.679343423721994,4.248495242049359,9.91353688838913,9.91353688838913,19.433228725382314,0.0,CEBADA GRANO
S0583,-98.9142185,19.8302605,7395.0,8.9085593751449,15,EM-HGO|Otumba - Tizayuca,112_34,False,2.0,0,50,7.0,85,12176.0,10,0.4148324572930355,116536.0,0.1398022928537104,9.40148188831773,222,0.0775457043406958,604.1888407116787,80,13099.0,177530640.71,9.0,1.1240220095566062,0.649286205053821,0.0,0.0,False,estatal,Carretera,Con pavimento,Asfalto,No,Estatal,Mex.,Un sentido,CEBADA GRANO,0,0,0,0,0,0,0,0,0,0,0,0,0,0,1.0986122886681098,0.0,2.0794415416798357,4.454347296253507,9.407304205507007,2.3978952727983707,11.665964098131303,4.609260792807848,13.780797987846855,6.405540542735078,4.394449154672439,9.480367509189243,9.480367509189243,18.994653781333124,0.0,CEBADA GRANO
S0584,-98.967322,19.8392085,17089.0,9.746190260646909,15,EM-HGO|Otumba - Tizayuca,112_34,False,2.0,0,50,7.0,506,13164.0,6,0.117137648131267,164575.0,0.1015524836700592,9.601369398495327,219,0.0686668734713126,3388.514969672795,2565,10891.0,242283610.35,14.0,1.452154264177428,0.41548067211459,0.3956450280047745,0.0,False,estatal,Boulevard,FALTANTE,FALTANTE,No,FALTANTE,FALTANTE,Un sentido,MAÍZ GRANO,0,0,0,0,0,0,0,0,0,0,0,0,0,0,1.0986122886681098,0.0,2.0794415416798357,6.2285110035911835,9.48531707193041,1.9459101490553132,12.011127748574642,4.610716467275605,13.849712931055322,8.128442113345349,7.850103545175582,9.295783853793651,9.295783853793651,19.305619545653567,0.0,MAÍZ GRANO
S0585,-99.025884,19.784008,7571.0,8.932080438103307,15,EM-HGO|T. C. (Los Reyes - El Tephé) - Tizayuca,112_34,False,2.0,0,40,7.0,28,149807.0,35,0.0614657526016808,359924.0,0.0699286516042275,9.9741715503611,310,0.0459744839395217,864.6161475737467,12409,10891.0,242283610.35,14.0,1.452154264177428,0.41548067211459,0.3956450280047745,0.0,False,estatal,Carretera,Con pavimento,Asfalto,No,Estatal,Mex.,Dos sentidos,MAÍZ GRANO,0,0,0,0,0,0,0,0,0,0,0,0,0,0,1.0986122886681098,0.0,2.0794415416798357,3.367295829986474,11.91710975317867,3.58351893845611,12.793650955394556,4.611187340211628,14.511395487467212,6.763441562693805,9.426257878198653,9.295783853793651,9.295783853793651,19.305619545653567,0.0,MAÍZ GRANO
S0586,-98.990997,19.82553,10642.0,9.272563715156316,15,EM-HGO|T. C. (Los Reyes - El Tephé) - Tizayuca,112_34,False,2.0,0,30,7.0,404,41294.0,18,0.0902794594856395,235806.0,0.0814907169452855,9.797237976079396,254,0.0719985808320946,1514.0268024393686,1013,10891.0,242283610.35,14.0,1.452154264177428,0.41548067211459,0.3956450280047745,0.0,False,estatal,Calle,FALTANTE,FALTANTE,No,FALTANTE,FALTANTE,Dos sentidos,MAÍZ GRANO,0,0,0,0,0,0,0,0,0,0,0,0,0,0,1.0986122886681098,0.0,2.0794415416798357,6.003887067106539,10.628496706244817,2.9444389791664403,12.370768952819507,4.6112374483930365,13.92539402961806,7.3231884091661,6.921658184151129,9.295783853793651,9.295783853793651,19.305619545653567,0.0,MAÍZ GRANO
S0587,-99.6849755,19.287953,94464.0,11.45597408852009,15,MEX-015|Toluca - Morelia,109_32,False,4.0,0,50,12.0,598,359958.0,19,0.018254907516988,1019486.0,0.0448461283431062,11.065988745231634,354,0.0971772213645955,541.9629730901501,22500,14566.5,466115495.56000006,11.0,0.448786951406549,0.9120241650362132,0.2237668623210792,0.0,False,federal,Boulevard,FALTANTE,FALTANTE,No,FALTANTE,FALTANTE,Un sentido,MAÍZ GRANO,0,0,0,0,0,0,0,0,0,0,0,0,0,0,1.6094379124341003,0.0,2.5649493574615367,6.395261598115449,12.793745415057572,2.995732273553991,13.834810117566647,4.609939299555265,14.440142253070421,6.297041128088022,10.021315031649332,9.58654829901723,9.58654829901723,19.95994400807628,0.0,MAÍZ GRANO
S0588,-99.723866,19.2936885,50892.0,10.83746101926259,15,MEX-015|Toluca - Morelia,109_32,False,5.0,0,40,16.0,249,210653.0,33,0.0690994194243613,717220.0,0.0855971668386269,10.93444637631046,313,0.1008255497456981,1244.9620324832615,2102,10179.64,447283975.15,7.0,0.5543056936028667,0.8506685894589593,0.1150040669414635,0.0,False,federal,Boulevard,FALTANTE,FALTANTE,No,FALTANTE,FALTANTE,Un sentido,MAÍZ GRANO,0,0,0,0,0,0,0,0,0,0,0,0,0,0,1.791759469228055,0.0,2.833213344056216,5.521460917862246,12.25797225607093,3.5263605246161616,13.483139300819865,4.609766026796992,14.30055796007956,7.12766322736087,7.6511201757027,9.228243156497733,9.228243156497733,19.918704244264866,0.0,MAÍZ GRANO
S0589,-99.756384,19.3100255,25503.0,10.146551371285469,15,MEX-015|Toluca - Morelia,109_32,False,2.0,0,60,7.0,8,175807.0,39,0.1165084439186153,423070.0,0.1782801900394733,10.017587670779555,282,0.1062038402740709,794.192536832308,7859,10179.64,447283975.15,7.0,0.5543056936028667,0.8506685894589593,0.1150040669414635,0.0,False,federal,Carretera,Con pavimento,Asfalto,No,Federal,Fed.,Un sentido,MAÍZ GRANO,0,0,0,0,0,0,0,0,0,0,0,0,0,0,1.0986122886681098,0.0,2.0794415416798357,2.1972245773362196,12.077147769454946,3.6888794541139363,12.95529529264316,4.608503516599968,14.212606744132788,6.67858427002708,8.969541885423252,9.228243156497733,9.228243156497733,19.918704244264866,0.0,MAÍZ GRANO
S0590,-99.7886175,19.3341055,26659.5,10.190900838868156,15,MEX-015|Toluca - Morelia,109_32,False,2.0,0,90,7.0,4,60402.0,30,0.3542432369789079,300806.0,0.233412897349122,9.662500565159574,281,0.1462779232156135,392.89263513780423,199,22835.86,985234286.58,9.0,0.5846605425359943,0.8622403535491985,0.2340835860790878,0.0,False,federal,Carretera,Con pavimento,Asfalto,No,Federal,Fed.,Dos sentidos,MAÍZ GRANO,0,0,0,0,0,0,0,0,0,0,0,0,0,0,1.0986122886681098,0.0,2.0794415416798357,1.6094379124341003,11.008794051563621,3.4339872044851463,12.614224142063646,4.60727936085498,13.979373633692617,5.976078372512915,5.298317366548036,10.036131176210384,10.036131176210384,20.708390026264418,0.0,MAÍZ GRANO
S0591,-99.806899,19.3748705,24807.0,10.118881150390276,15,MEX-015|Toluca - Morelia,109_32,False,2.0,0,90,7.0,18,34381.0,23,0.5058898810389459,169710.0,0.3774851216781568,9.071368430977383,279,0.1897551539852682,690.8861906199978,1260,22835.86,985234286.58,9.0,0.5846605425359943,0.8622403535491985,0.2340835860790878,0.0,False,federal,Carretera,Con pavimento,Asfalto,No,Federal,Fed.,Dos sentidos,MAÍZ GRANO,0,0,0,0,0,0,0,0,0,0,0,0,0,0,1.0986122886681098,0.0,2.0794415416798357,2.9444389791664403,10.445288450601439,3.1780538303479458,12.041852269392642,4.60566621266871,13.80075726131492,6.539421477669945,7.13966033596492,10.036131176210384,10.036131176210384,20.708390026264418,0.0,MAÍZ GRANO
S0592,-100.000934,19.4168495,17048.0,9.743788173778452,15,MEX-015|Toluca - Morelia,108_33,False,2.0,0,90,7.0,20,25713.0,19,0.5881849648037958,71824.0,0.8174704834038762,7.0730844960592645,301,0.7817197946293355,326.6977892686412,2525,21159.3,938743971.81,12.0,0.7607424030352207,0.7365806052185092,0.0839748951997466,0.0,False,federal,Carretera,Con pavimento,Asfalto,No,Federal,Fed.,Un sentido,MAÍZ GRANO,0,0,0,0,0,0,0,0,0,0,0,0,0,0,1.0986122886681098,0.0,2.0794415416798357,3.044522437723423,10.154790869644193,2.995732273553991,11.18198788384749,4.589716786881352,12.508880986962229,5.792091809477073,7.8343923029104365,9.959882063565495,9.959882063565495,20.660053340579932,0.0,MAÍZ GRANO
S0593,-100.068278,19.39769,9059.5,9.111569209876162,15,MEX-015|Toluca - Morelia,108_32,False,2.0,0,80,12.0,12,21741.0,20,0.7105008969228647,72044.0,0.7656570984398423,7.35574724771279,277,0.7827520889602455,1274.4019312535384,1551,14691.160000000002,594579956.89,13.0,0.8657148896344052,0.6912061402911682,0.0355424622698275,0.0,False,federal,Carretera,Con pavimento,Asfalto,Si,Estatal,Mex.,Dos sentidos,MAÍZ GRANO,0,0,0,0,0,0,0,0,0,0,0,0,0,0,1.0986122886681098,0.0,2.5649493574615367,2.5649493574615367,9.987001152763945,3.044522437723423,11.185046202767035,4.592119164559124,12.440662437968632,7.151016648113629,7.347299700743164,9.595069297160684,9.594626786443001,20.203365761081606,0.0,MAÍZ GRANO
S0594,-100.1348915,19.4115135,5959.0,8.69265796074698,15,MEX-015|Toluca - Morelia,107_33,False,2.0,0,80,12.0,2,22226.0,26,0.7168181409160442,51799.0,0.8784918627772736,7.145628173691427,247,0.8256409263793587,650.4711038002282,6,14691.160000000002,594579956.89,13.0,0.8657148896344052,0.6912061402911682,0.0355424622698275,0.0,False,federal,Carretera,Con pavimento,Asfalto,Si,Estatal,Mex.,Dos sentidos,MAÍZ GRANO,0,0,0,0,0,0,0,0,0,0,0,0,0,0,1.0986122886681098,0.0,2.5649493574615367,1.0986122886681098,10.009063045084767,3.295836866004329,10.855145428247575,4.591129338114723,12.238806015146809,6.479233042243162,1.9459101490553132,9.595069297160684,9.594626786443001,20.203365761081606,0.0,MAÍZ GRANO
S0595,-100.282823,19.449251,3626.0,8.195885391314796,15,MEX-015|Toluca - Morelia,107_33,False,2.0,0,70,7.0,14,0.0,0,0.2294825956519952,1474.0,1.0,6.752367706919947,112,0.8979766681421616,8472.075426403837,410,14691.160000000002,594579956.89,13.0,0.8657148896344052,0.6912061402911682,0.0355424622698275,0.0,False,federal,Carretera,Con pavimento,Asfalto,No,Federal,Fed.,Dos sentidos,MAÍZ GRANO,0,1,0,0,0,0,0,0,0,0,0,0,0,0,1.0986122886681098,0.0,2.0794415416798357,2.70805020110221,0.0,0.0,7.29641326877392,4.583098142011457,11.156736117396209,9.044648818130261,6.018593214496234,9.595069297160684,9.594626786443001,20.203365761081606,0.0,MAÍZ GRANO
S0596,-100.31651725,19.45588875,16764.5,9.727018834417407,15,MEX-015|Toluca - Morelia,107_33,False,2.0,0,30,6.0,2,0.0,0,0.2294825956519952,0.0,0.2492112922594695,9.16571748878924,70,0.9189462045093986,10030.735719460949,176,7050.32,463673353.61,21.0,1.2687202524271144,0.5665983955338197,0.24701573829273,0.0,False,federal,Calle,FALTANTE,FALTANTE,No,FALTANTE,FALTANTE,Dos sentidos,MAÍZ GRANO,0,1,1,1,1,0,0,0,0,0,0,0,0,0,1.0986122886681098,0.0,1.9459101490553132,1.0986122886681098,0.0,0.0,0.0,4.60540340767597,10.63592755903378,9.213508918771806,5.176149732573829,8.86097011232276,8.831612613825678,19.95469088514865,0.0,MAÍZ GRANO
S0597,-100.3744355,19.48939,16215.5,9.693722853912016,15,MEX-015|Toluca - Morelia,106_33,False,2.0,0,30,7.0,7,0.0,0,0.2294825956519952,0.0,0.2492112922594695,9.16571748878924,10,1.0,15317.51871860618,176,7050.32,463673353.61,21.0,1.2687202524271144,0.5665983955338197,0.24701573829273,0.0,False,federal,Calle,FALTANTE,FALTANTE,No,FALTANTE,FALTANTE,Dos sentidos,MAÍZ GRANO,0,1,1,1,1,0,0,0,0,0,0,0,0,0,1.0986122886681098,0.0,2.0794415416798357,2.0794415416798357,0.0,0.0,0.0,4.60540340767597,7.674152921281675,9.636817749233842,5.176149732573829,8.86097011232276,8.831612613825678,19.95469088514865,0.0,MAÍZ GRANO
S0598,-100.394292,19.484849,10659.0,9.274159884689135,15,MEX-015|Toluca - Morelia,106_33,False,2.0,0,70,7.0,5,0.0,0,0.2294825956519952,0.0,0.2492112922594695,9.16571748878924,6,1.0,15937.074128457409,176,7050.32,463673353.61,21.0,1.2687202524271144,0.5665983955338197,0.24701573829273,0.0,False,federal,Carretera,Con pavimento,Asfalto,No,Federal,Fed.,Dos sentidos,MAÍZ GRANO,0,1,1,1,1,0,0,0,0,0,0,0,0,0,1.0986122886681098,0.0,2.0794415416798357,1.791759469228055,0.0,0.0,0.0,4.60540340767597,7.1284959456800365,9.67646612499829,5.176149732573829,8.86097011232276,8.831612613825678,19.95469088514865,0.0,MAÍZ GRANO
S0599,-100.4415315,19.4837085,7989.0,8.985820874482043,15,MEX-015|Toluca - Morelia,106_33,False,2.0,0,70,7.0,6,0.0,0,0.2294825956519952,0.0,0.2492112922594695,9.16571748878924,1,1.0,19067.52051475169,176,7050.32,463673353.61,21.0,1.2687202524271144,0.5665983955338197,0.24701573829273,0.0,False,federal,Carretera,Con pavimento,Asfalto,No,Federal,Fed.,Dos sentidos,MAÍZ GRANO,0,1,1,1,1,0,0,0,0,0,0,0,0,0,1.0986122886681098,0.0,2.0794415416798357,1.9459101490553132,0.0,0.0,0.0,4.60540340767597,5.176149732573829,9.855794113767939,5.176149732573829,8.86097011232276,8.831612613825678,19.95469088514865,0.0,MAÍZ GRANO
S0600,-100.46892775,19.565255,11206.0,9.32420462812523,15,MEX-015|Toluca - Morelia,106_33,False,2.0,0,30,7.0,210,0.0,0,0.2294825956519952,0.0,0.2492112922594695,9.16571748878924,0,0.217280653216424,24543.40081741097,144,23518.1,1052313204.77,10.0,0.7650283229837241,0.7866281714934455,0.0012373448535383,0.0,False,federal,Calle,FALTANTE,FALTANTE,No,FALTANTE,FALTANTE,Dos sentidos,MAÍZ GRANO,0,1,1,1,1,1,0,0,0,0,0,0,0,0,1.0986122886681098,0.0,2.0794415416798357,5.351858133476067,0.0,0.0,0.0,4.60540340767597,0.0,10.108239034599602,4.976733742420574,10.065568135974305,10.065568135974305,20.77425663106687,0.0,MAÍZ GRANO
S0601,-100.559306,19.6859545,11688.0,9.366317953430537,15,MEX-015|Toluca - Morelia,106_34,False,2.0,0,30,7.0,466,0.0,0,0.2294825956519952,0.0,0.2492112922594695,9.16571748878924,0,0.217280653216424,31308.020500684463,144,23518.1,1052313204.77,10.0,0.7650283229837241,0.7866281714934455,0.0012373448535383,0.0,False,federal,Calle,FALTANTE,FALTANTE,No,FALTANTE,FALTANTE,Dos sentidos,MAÍZ GRANO,0,1,1,1,1,1,0,0,0,0,0,0,0,0,1.0986122886681098,0.0,2.0794415416798357,6.1463292576688975,0.0,0.0,0.0,4.60540340767597,0.0,10.351661529918115,4.976733742420574,10.065568135974305,10.065568135974305,20.77425663106687,0.0,MAÍZ GRANO
S0602,-100.7396085,19.6705305,2422.5,7.7925553437649215,15,MEX-015|Toluca - Morelia,105_34,False,2.0,0,70,7.0,4,0.0,0,0.2294825956519952,0.0,0.2492112922594695,9.16571748878924,0,0.217280653216424,50090.45310640164,144,23518.1,1052313204.77,10.0,0.7650283229837241,0.7866281714934455,0.0012373448535383,0.0,False,federal,Carretera,Con pavimento,Asfalto,No,Federal,Fed.,Dos sentidos,MAÍZ GRANO,0,1,1,1,1,1,0,0,0,0,0,0,0,0,1.0986122886681098,0.0,2.0794415416798357,1.6094379124341003,0.0,0.0,0.0,4.60540340767597,0.0,10.821605675841077,4.976733742420574,10.065568135974305,10.065568135974305,20.77425663106687,0.0,MAÍZ GRANO
S0603,-100.944632,19.650476,548.0,6.306275286948016,15,MEX-015|Toluca - Morelia,104_34,False,2.0,0,70,7.0,3,0.0,0,0.2294825956519952,0.0,0.2492112922594695,9.16571748878924,0,0.217280653216424,71549.5183991215,144,23518.1,1052313204.77,10.0,0.7650283229837241,0.7866281714934455,0.0012373448535383,0.0,False,federal,Carretera,Con pavimento,Asfalto,No,Federal,Fed.,Dos sentidos,MAÍZ GRANO,0,1,1,1,1,1,0,0,0,0,0,0,0,0,1.0986122886681098,0.0,2.0794415416798357,1.3862943611198906,0.0,0.0,0.0,4.60540340767597,0.0,11.178159030229091,4.976733742420574,10.065568135974305,10.065568135974305,20.77425663106687,0.0,MAÍZ GRANO
S0604,-101.034,19.685399,3964.0,8.285008895449879,15,MEX-015|Toluca - Morelia,104_34,False,2.0,0,70,7.0,2,0.0,0,0.2294825956519952,0.0,0.2492112922594695,9.16571748878924,0,0.217280653216424,80881.48305875724,144,23518.1,1052313204.77,10.0,0.7650283229837241,0.7866281714934455,0.0012373448535383,0.0,False,federal,Carretera,Con pavimento,Asfalto,No,Federal,Fed.,Dos sentidos,MAÍZ GRANO,0,1,1,1,1,1,0,0,0,0,0,0,0,0,1.0986122886681098,0.0,2.0794415416798357,1.0986122886681098,0.0,0.0,0.0,4.60540340767597,0.0,11.300752553751751,4.976733742420574,10.065568135974305,10.065568135974305,20.77425663106687,0.0,MAÍZ GRANO
S0605,-101.1445275,19.6925905,34695.0,10.45435086333365,15,MEX-015|Toluca - Morelia,103_34,False,2.0,1,70,7.0,564,0.0,0,0.2294825956519952,0.0,0.2492112922594695,9.16571748878924,0,0.217280653216424,92449.04523239302,144,23518.1,1052313204.77,10.0,0.7650283229837241,0.7866281714934455,0.0012373448535383,0.0,False,federal,Carretera,Con pavimento,Asfalto,No,Federal,Fed.,Un sentido,MAÍZ GRANO,0,1,1,1,1,1,0,0,0,0,0,0,0,0,1.0986122886681098,0.6931471805599453,2.0794415416798357,6.336825731146441,0.0,0.0,0.0,4.60540340767597,0.0,11.434423726078462,4.976733742420574,10.065568135974305,10.065568135974305,20.77425663106687,0.0,MAÍZ GRANO
S0606,-99.886523,19.82832,19565.0,9.881497534644511,15,MEX-015D|Atlacomulco - Maravatío (Cuota),108_34,False,2.0,0,90,7.0,1,61933.0,26,0.2599421955984693,128016.0,0.39097456567929,9.777229918196094,298,0.477637927805053,352.76327590305743,3884,11369.87,678339175.9300001,26.0,0.5831497499339424,0.8898668146601502,0.2336614226899692,0.0,True,federal,Carretera,Con pavimento,Asfalto,Si,Federal,Fed.,Un sentido,MAÍZ GRANO,0,0,0,0,0,0,0,0,0,0,0,0,0,0,1.0986122886681098,0.0,2.0794415416798357,0.6931471805599453,11.033824580898479,3.295836866004329,11.759918346582955,4.60293264954666,12.8454445066568,5.868627977307829,8.264878262801748,9.33881010096769,9.33881010096769,20.335157981774575,0.0,MAÍZ GRANO
S0607,-99.945463,19.837801,16970.0,9.739202358228273,15,MEX-015D|Atlacomulco - Maravatío (Cuota),108_34,False,2.0,0,100,7.0,0,31562.0,18,0.4180977124390089,132382.0,0.3590442809445393,9.513291983651516,301,0.5118762198337492,1173.115460829796,626,15510.0,503038721.03,8.0,0.3117233338412176,0.9392327530625404,0.2094777562862669,0.0,True,federal,Carretera,Con pavimento,Asfalto,Si,Federal,Fed.,Un sentido,MAÍZ GRANO,0,0,0,0,0,0,0,0,0,0,0,0,0,0,1.0986122886681098,0.0,2.0794415416798357,0.0,10.359740827476397,2.9444389791664403,11.793454515449673,4.602815844410152,12.81550935873524,7.068270343788795,6.440946540632921,9.64930472862475,9.64930472862475,20.036177707268035,0.0,MAÍZ GRANO
S0608,-100.1215415,19.872746,19906.0,9.89877647280601,15,MEX-015D|Atlacomulco - Maravatío (Cuota),107_35,False,2.0,0,110,8.0,0,1029.0,6,1.0,31350.0,0.6967783094098884,8.059314513556618,165,0.7071514295799506,2251.994701988717,130,15510.0,503038721.03,8.0,0.3117233338412176,0.9392327530625404,0.2094777562862669,0.0,True,federal,Carretera,Con pavimento,Asfalto,Si,Federal,Fed.,Un sentido,MAÍZ GRANO,0,0,0,0,0,0,0,0,0,0,0,0,0,0,1.0986122886681098,0.0,2.1972245773362196,0.0,6.937314081223682,1.9459101490553132,10.353001443478973,4.604671373938001,11.86112156488782,7.72001558889318,4.875197323201151,9.64930472862475,9.64930472862475,20.036177707268035,0.0,MAÍZ GRANO
S0609,-100.169254,19.8789645,20522.0,9.929252760422154,15,MEX-015D|Atlacomulco - Maravatío (Cuota),107_35,False,2.0,0,110,8.0,13,0.0,0,0.2294825956519952,10065.0,0.4068554396423249,9.674077496274217,121,0.7164807783578547,5431.903811168013,289,7125.13,136861115.62,5.0,0.5153704011449398,0.825715460630192,0.1839685732049801,0.0,True,federal,Carretera,Con pavimento,Asfalto,Si,Federal,Fed.,Un sentido,MAÍZ GRANO,0,1,0,0,0,0,0,0,0,0,0,0,0,0,1.0986122886681098,0.0,2.1972245773362196,2.6390573296152584,0.0,0.0,9.216918687336305,4.610985001584134,11.524231312339198,8.600229041842617,5.66988092298052,8.871523589052986,8.871523589052986,18.734477222303802,0.0,MAÍZ GRANO
S0610,-100.188079,19.875682,14976.0,9.614204198717374,15,MEX-015D|Atlacomulco - Maravatío (Cuota),107_35,False,2.0,0,110,8.0,0,0.0,0,0.2294825956519952,1630.0,1.0,8.653889570552145,103,0.7243051255389001,6915.599389967175,289,7125.13,136861115.62,5.0,0.5153704011449398,0.825715460630192,0.1839685732049801,0.0,True,federal,Carretera,Con pavimento,Asfalto,Si,Federal,Fed.,Un sentido,MAÍZ GRANO,0,1,0,0,0,0,0,0,0,0,0,0,0,0,1.0986122886681098,0.0,2.1972245773362196,0.0,0.0,0.0,7.396948602621014,4.603031979322539,11.357347099818442,8.841679510191696,5.66988092298052,8.871523589052986,8.871523589052986,18.734477222303802,0.0,MAÍZ GRANO
S0611,-100.3796,19.896047,17379.0,9.763017859764734,15,MEX-015D|Atlacomulco - Maravatío (Cuota),106_35,False,2.0,0,110,10.0,7,0.0,0,0.2294825956519952,0.0,0.2492112922594695,9.16571748878924,0,0.217280653216424,25439.827268935805,221,23518.1,1052313204.77,10.0,0.7650283229837241,0.7866281714934455,0.0012373448535383,0.0,True,federal,Carretera,Con pavimento,Asfalto,Si,Federal,Fed.,Un sentido,MAÍZ GRANO,0,1,1,1,1,1,0,0,0,0,0,0,0,0,1.0986122886681098,0.0,2.3978952727983707,2.0794415416798357,0.0,0.0,0.0,4.60540340767597,0.0,10.144110535358356,5.402677381872279,10.065568135974305,10.065568135974305,20.77425663106687,0.0,MAÍZ GRANO
S0612,-100.445655,19.9097845,16459.0,9.708627719044069,15,MEX-015D|Atlacomulco - Maravatío (Cuota),106_35,False,2.0,0,110,10.0,99,0.0,0,0.2294825956519952,0.0,0.2492112922594695,9.16571748878924,0,0.217280653216424,30754.68629318365,221,23518.1,1052313204.77,10.0,0.7650283229837241,0.7866281714934455,0.0012373448535383,0.0,True,federal,Carretera,Con pavimento,Asfalto,Si,Federal,Fed.,Un sentido,MAÍZ GRANO,0,1,1,1,1,1,0,0,0,0,0,0,0,0,1.0986122886681098,0.0,2.3978952727983707,4.605170185988092,0.0,0.0,0.0,4.60540340767597,0.0,10.333830176242582,5.402677381872279,10.065568135974305,10.065568135974305,20.77425663106687,0.0,MAÍZ GRANO
S0613,-99.38102,19.300477,21475.0,9.974644746852457,15,MEX-015D|La Marquesa - Lerma (Cuota),110_32,False,2.0,0,80,7.0,16,5720.0,18,1.0,181144.0,0.2188645497504747,10.021299963552424,419,0.1314258098023981,1079.3488543403216,1792,8196.130000000001,235773242.99,8.0,0.2248749942739034,0.9592331990829818,0.0593731431785488,0.0,True,federal,Carretera,Con pavimento,Asfalto,Si,Federal,Fed.,Un sentido,MAÍZ GRANO,0,0,0,0,0,0,0,0,0,0,0,0,0,0,1.0986122886681098,0.0,2.0794415416798357,2.833213344056216,8.651898894268529,2.9444389791664403,12.107053094507021,4.609438665855695,14.161400451768612,6.985039281238784,7.491645473605133,9.011539371988048,9.011539371988048,19.27838107054547,0.0,MAÍZ GRANO
S0614,-99.434406,19.290514,19530.0,9.879707023870724,15,MEX-015D|La Marquesa - Lerma (Cuota),110_32,False,2.0,0,80,7.0,4,84204.0,38,0.2226853831171915,206975.0,0.2428795748278777,10.391502998265308,423,0.1405314409855645,294.3914260889525,521,2831.0,76042756.32000001,4.0,0.3084718573231709,0.935005298481102,0.0,0.0,True,federal,Carretera,Con pavimento,Asfalto,Si,Federal,Fed.,Un sentido,MAÍZ GRANO,0,0,0,0,0,0,0,0,0,0,0,0,0,0,1.0986122886681098,0.0,2.0794415416798357,1.6094379124341003,11.341009580890155,3.6635616461296463,12.240358123496724,4.608715684118402,14.222904471397584,5.6883013449264,6.257667587882639,7.94873845481361,7.94873845481361,18.146806336368417,0.0,MAÍZ GRANO
S0615,-99.844299,19.937382,7441.0,8.914760527397261,15,MEX-055|Libramiento Sur de Acambay,108_35,False,2.0,0,40,7.0,13,18042.0,20,0.6681077485866312,52803.0,0.7982690377440675,8.701856285156916,257,0.5803915076770269,691.7310215416592,951,20564.16,568875799.5800002,13.0,0.4302859302493231,0.891064842911162,0.1857357655260414,0.0,False,federal,Carretera,Con pavimento,Asfalto,No,Estatal,Mex.,Dos sentidos,MAÍZ GRANO,0,0,0,0,0,0,0,0,0,0,0,0,0,0,1.0986122886681098,0.0,2.0794415416798357,2.6390573296152584,9.800513076908299,3.044522437723423,10.87434222440065,4.5913574240481685,12.490476851643068,6.54064178754199,6.858565034791365,9.931353660843351,9.931353660843351,20.15917269160398,0.0,MAÍZ GRANO
S0616,-99.84390975,19.91962325,13313.0,9.496496280431916,15,MEX-055D|Libramiento Norte de la Ciudad de México (Cuota),108_35,False,2.0,0,40,7.0,18,16969.0,18,0.6471212210501502,60188.0,0.6861002193128198,8.759300003323032,252,0.5462201006397974,158.25488305060315,1315,20564.16,568875799.5800002,13.0,0.4302859302493231,0.891064842911162,0.1857357655260414,0.0,True,federal,Carretera,Con pavimento,Concreto,No,N/D,N/D,Dos sentidos,MAÍZ GRANO,0,0,0,0,0,0,0,0,0,0,0,0,0,0,1.0986122886681098,0.0,2.0794415416798357,2.9444389791664403,9.739202358228273,2.9444389791664403,11.00524489034831,4.592460448022265,12.50938689632662,5.070505956780314,7.182352111885263,9.931353660843351,9.931353660843351,20.15917269160398,0.0,MAÍZ GRANO
S0617,-99.527168,19.97465075,15146.5,9.625524761145256,15,MEX-055D|Libramiento Norte de la Ciudad de México (Cuota),110_35,False,3.0,0,50,12.0,67,40992.0,15,0.1755464480874317,71367.0,0.3975506886936539,9.47506130284305,110,0.5394486728298459,758.6205334084717,1512,17360.67,383192436.29,11.0,0.4932192396591819,0.8850464872611484,0.2379516458754184,0.0,True,federal,Carretera,Con pavimento,Asfalto,No,Municipal,Mex.,Un sentido,MAÍZ GRANO,0,0,0,0,0,0,0,0,0,0,0,0,0,0,1.3862943611198906,0.0,2.5649493574615367,4.219507705176107,10.621156599402811,2.772588722239781,11.17560486859362,4.598403105046324,11.78290679960765,6.632819010442803,7.321849713788356,9.762020181744278,9.762020181744278,19.76404786819295,0.0,MAÍZ GRANO
S0618,-99.483583,20.003084,19122.0,9.858594783645392,15,MEX-055D|Libramiento Norte de la Ciudad de México (Cuota),110_35,False,2.0,0,100,8.0,15,16486.0,11,0.3862671357515467,51957.0,0.3495390419000327,9.69290259252844,84,0.528549219814598,881.2509481236896,258,5544.41,122695589.31,7.0,0.5702588263906698,0.8578009202061175,0.4514456903439681,0.0,True,federal,Carretera,Con pavimento,Concreto,Si,Federal,Fed.,Un sentido,MAÍZ GRANO,0,0,0,0,0,0,0,0,0,0,0,0,0,0,1.0986122886681098,0.0,2.1972245773362196,2.772588722239781,9.710327470561179,2.4849066497880004,10.858190978896696,4.600689429432524,11.554134584547908,6.7824765372203615,5.556828061699537,8.620725837537929,8.620725837537929,18.62521697024152,0.0,MAÍZ GRANO
S0619,-99.487788,19.998714,19360.0,9.870964360830568,15,MEX-055D|Libramiento Norte de la Ciudad de México (Cuota),110_35,False,1.0,1,40,4.0,20,17923.0,11,0.4354739719912961,53322.0,0.3661903154420314,9.682076628783616,84,0.5448566295929086,1499.865755107072,638,5544.41,122695589.31,7.0,0.5702588263906698,0.8578009202061175,0.4514456903439681,0.0,True,federal,Enlace,FALTANTE,FALTANTE,No,FALTANTE,FALTANTE,Un sentido,MAÍZ GRANO,0,0,0,0,0,0,0,0,0,0,0,0,0,0,0.6931471805599453,0.6931471805599453,1.6094379124341003,3.044522437723423,9.793895875906033,2.4849066497880004,10.884123036775899,4.6008965376068485,11.531452769584112,7.313797390663099,6.459904454377535,8.620725837537929,8.620725837537929,18.62521697024152,0.0,MAÍZ GRANO
S0620,-99.28068125,20.09576475,23563.0,10.067432964124372,15,MEX-055D|Libramiento Norte de la Ciudad de México (Cuota),111_36,False,2.0,0,40,8.0,23,0.0,0,0.2294825956519952,0.0,0.2492112922594695,9.16571748878924,14,0.3024614732507796,15207.647802591597,354,2848.5,63385656.82,9.0,1.705655927815784,0.40231700895208,0.4181147972617167,0.0,True,federal,Enlace,FALTANTE,FALTANTE,No,FALTANTE,FALTANTE,Un sentido,MAÍZ GRANO,0,1,1,1,1,0,0,0,0,0,0,0,0,0,1.0986122886681098,0.0,2.1972245773362196,3.1780538303479458,0.0,0.0,0.0,4.60540340767597,10.405171518384835,9.629619479433588,5.872117789475416,7.954898819275054,7.954898819275054,17.96474817646629,0.0,MAÍZ GRANO
S0621,-99.2208945,20.067530750000003,25803.5,10.158265420623598,15,MEX-055D|Libramiento Norte de la Ciudad de México (Cuota),111_35,False,2.0,0,10,7.0,118,0.0,0,0.2294825956519952,4232.0,0.0836483931947069,8.926654064272212,27,0.1185612185698591,9511.238463467149,354,2848.5,63385656.82,9.0,1.705655927815784,0.40231700895208,0.4181147972617167,0.0,True,federal,Cerrada,FALTANTE,FALTANTE,No,FALTANTE,FALTANTE,Dos sentidos,MAÍZ GRANO,0,1,0,0,0,0,0,0,0,0,0,0,0,0,1.0986122886681098,0.0,2.0794415416798357,4.77912349311153,0.0,0.0,8.350666240520924,4.5993392656772984,11.302377258225722,9.160334507806919,5.872117789475416,7.954898819275054,7.954898819275054,17.96474817646629,0.0,MAÍZ GRANO
S0622,-99.057228,19.9569345,24963.5,10.125170037011822,15,MEX-055D|Libramiento Norte de la Ciudad de México (Cuota),112_35,False,2.0,0,20,7.0,23,11232.0,4,0.0595619658119658,57682.0,0.1372525224506778,8.55308605804237,116,0.0906401418963459,2616.0327128279223,576,11188.23,121667278.16,9.0,1.2380765590749252,0.45226099213191,0.1053097764346996,0.0,True,federal,Enlace,FALTANTE,FALTANTE,No,FALTANTE,FALTANTE,Un sentido,MAÍZ GRANO,0,0,0,0,0,0,0,0,0,0,0,0,0,0,1.0986122886681098,0.0,2.0794415416798357,3.1780538303479458,9.326611153641569,1.6094379124341003,10.962717781702,4.610320641473694,12.997820042329728,7.869796402577324,6.3578422665081,9.32270698749957,9.32270698749957,18.616800657057766,0.0,MAÍZ GRANO
S0623,-98.89071375,19.9295815,22583.0,10.024952689817304,15,MEX-055D|Libramiento Norte de la Ciudad de México (Cuota),112_35,False,2.0,1,90,10.0,14,1196.0,1,1.0,16665.0,0.2274827482748274,8.819261326132613,76,0.1208522126764542,3637.4256139122062,1196,13099.0,177530640.71,9.0,1.1240220095566062,0.649286205053821,0.0,0.0,True,federal,Carretera,Con pavimento,Concreto,Si,Federal,Fed.,Un sentido,CEBADA GRANO,0,0,0,0,0,0,0,0,0,0,0,0,0,0,1.0986122886681098,0.6931471805599453,2.3978952727983707,2.70805020110221,7.087573705557973,0.6931471805599453,9.721125994942152,4.6109894460466005,12.160693407532401,8.199306343414959,7.087573705557973,9.480367509189243,9.480367509189243,18.994653781333124,0.0,CEBADA GRANO
S0624,-98.70063025,19.83407225,19147.5,9.859927437783748,15,MEX-055D|Libramiento Norte de la Ciudad de México (Cuota),113_34,False,2.0,0,90,10.0,16,5142.0,4,0.0746791131855309,23046.0,0.3080794931875379,8.766047763786364,106,0.3224598413005612,1836.667113216951,146,6066.0,116878232.41,8.0,1.1892580233655674,0.4742828882294758,0.0,0.0,True,federal,Carretera,Con pavimento,Concreto,Si,Federal,Fed.,Un sentido,TUNA,0,0,0,0,0,0,0,0,0,0,0,0,0,0,1.0986122886681098,0.0,2.3978952727983707,2.833213344056216,8.545391845774915,1.6094379124341003,10.045290888110491,4.606562267278527,11.545789478589402,7.516252172920066,4.990432586778736,8.710619527942297,8.710619527942297,18.57664321073055,0.0,TUNA
S0625,-98.62703275,19.7518125,20062.0,9.90658275744343,15,MEX-055D|Libramiento Norte de la Ciudad de México (Cuota),114_34,False,2.0,0,90,10.0,25,7286.0,8,0.2344221795223716,17674.0,0.1922032363924408,9.095704257246378,90,0.3746866461989128,2520.6139785796177,1057,20201.0,275260566.55,9.0,0.989320100864828,0.6839265382901837,0.0,0.0,True,federal,Carretera,Con pavimento,Concreto,Si,Federal,Fed.,Un sentido,CEBADA GRANO,0,0,0,0,0,0,0,0,0,0,0,0,0,0,1.0986122886681098,0.0,2.3978952727983707,3.258096538021482,8.893847217670283,2.1972245773362196,9.779906490764773,4.605986179505421,11.170533742712921,7.832654443183893,6.964135612418245,9.91353688838913,9.91353688838913,19.433228725382314,0.0,CEBADA GRANO
S0626,-98.55088925,19.62403825,25413.5,10.143035807875616,15,MEX-055D|Libramiento Norte de la Ciudad de México (Cuota),114_34,False,2.0,0,110,8.0,26,0.0,0,0.2294825956519952,0.0,0.2492112922594695,9.16571748878924,24,0.5913253718221115,14153.78342447629,26,20201.0,275260566.55,9.0,0.989320100864828,0.6839265382901837,0.0,0.0,True,federal,Carretera,Con pavimento,Concreto,Si,Federal,Fed.,Un sentido,CEBADA GRANO,0,1,1,1,1,0,0,0,0,0,0,0,0,0,1.0986122886681098,0.0,2.1972245773362196,3.295836866004329,0.0,0.0,0.0,4.60540340767597,9.521494800613105,9.55780789714469,3.295836866004329,9.91353688838913,9.91353688838913,19.433228725382314,0.0,CEBADA GRANO
S0627,-98.46989975,19.51433925,19849.0,9.895908907012576,21,MEX-055D|Libramiento Norte de la Ciudad de México (Cuota),114_33,False,2.0,1,30,8.0,50,0.0,0,0.2294825956519952,0.0,0.2492112922594695,9.16571748878924,30,0.528514557053096,10874.480170874913,887,11155.15,285941953.71,32.0,1.356536405904324,0.7219983595021134,0.1712034351846456,0.0,True,federal,Enlace,FALTANTE,FALTANTE,No,FALTANTE,FALTANTE,Un sentido,MAÍZ GRANO,0,1,1,1,1,0,0,0,0,0,0,0,0,0,1.0986122886681098,0.6931471805599453,2.1972245773362196,3.9318256327243257,0.0,0.0,0.0,4.60540340767597,9.945109227226947,9.294266008625812,6.78897174299217,9.319746194336442,9.317453351172382,19.47129939262642,0.0,MAÍZ GRANO
S0628,-98.40887125,19.302354,20262.5,9.916527166043933,21,MEX-055D|Libramiento Norte de la Ciudad de México (Cuota),115_32,False,4.0,0,40,20.0,83,82231.0,22,0.0482421471221315,195448.0,0.0479360239040563,9.54442316155775,243,0.0997681022830144,1095.194298706273,53,4990.049999999999,185257485.07,39.0,1.478404954781512,0.7015961763910182,0.4833218104027014,0.0,True,federal,Carretera,Con pavimento,Concreto,Si,Federal,Fed.,Un sentido,MAÍZ GRANO,0,0,0,0,0,0,0,0,0,0,0,0,0,0,1.6094379124341003,0.0,3.044522437723423,4.430816798843313,11.317299799692758,3.1354942159291497,12.183054754809957,4.610337785154389,12.907178075055166,6.999599731637237,3.9889840465642745,8.515401587451887,8.512060039304489,19.03725723195826,0.0,MAÍZ GRANO
S0629,-98.409588,19.301809,16035.0,9.682529112127256,21,MEX-055D|Libramiento Norte de la Ciudad de México (Cuota),115_32,False,4.0,0,40,20.0,77,82231.0,22,0.0482421471221315,195448.0,0.0479360239040563,9.54442316155775,243,0.0997681022830144,1040.0062886044454,53,4990.049999999999,185257485.07,39.0,1.478404954781512,0.7015961763910182,0.4833218104027014,0.0,True,federal,Carretera,Con pavimento,Concreto,Si,Federal,Fed.,Un sentido,MAÍZ GRANO,0,0,0,0,0,0,0,0,0,0,0,0,0,0,1.6094379124341003,0.0,3.044522437723423,4.356708826689592,11.317299799692758,3.1354942159291497,12.183054754809957,4.610337785154389,12.907178075055166,6.947943109523183,3.9889840465642745,8.515401587451887,8.512060039304489,19.03725723195826,0.0,MAÍZ GRANO
S0630,-98.4199175,19.2700595,20880.0,9.946547041996576,21,MEX-055D|Libramiento Norte de la Ciudad de México (Cuota),115_32,False,2.0,1,70,10.0,234,130136.0,40,0.0326735107887133,227229.0,0.055573892416901,9.563273316370102,276,0.0989388843277982,253.1020551926256,167,4990.049999999999,185257485.07,39.0,1.478404954781512,0.7015961763910182,0.4833218104027014,0.0,True,federal,Carretera,Con pavimento,Concreto,Si,Federal,Fed.,Un sentido,MAÍZ GRANO,0,0,0,0,0,0,0,0,0,0,0,0,0,0,1.0986122886681098,0.6931471805599453,2.3978952727983707,5.459585514144159,11.77634302068553,3.713572066704308,12.333717999365843,4.610025801937081,13.023887993622823,5.537735978418658,5.123963979403259,8.515401587451887,8.512060039304489,19.03725723195826,0.0,MAÍZ GRANO
S0631,-99.303089,19.4502375,37391.0,10.529185312732531,15,MEX-057D|Chamapa - Lechería (Cuota),111_33,False,2.0,0,80,8.0,1,58392.0,42,0.400825455541855,1072474.0,0.043972161562891,10.878191515549355,264,0.0193433246044937,318.99552114105063,277,702.89,11204341.81,3.0,0.6269488463963906,0.6828949053194668,0.0699967277952453,0.0,True,federal,Carretera,Con pavimento,Asfalto,Si,Federal,Fed.,Un sentido,MAÍZ GRANO,0,0,0,0,0,0,0,0,0,0,0,0,0,0,1.0986122886681098,0.0,2.1972245773362196,0.6931471805599453,10.974951298618475,3.7612001156935624,13.885479619489317,4.6122639847030955,15.67417044435619,5.768306999261604,5.627621113690637,6.5566220939497395,6.5566220939497395,16.23181201200223,0.0,MAÍZ GRANO
S0632,-99.26603175,19.5805535,64836.5,11.0796239953674,15,MEX-057D|Chamapa - Lechería (Cuota),111_33,False,2.0,0,30,7.0,327,57.0,3,1.0,1561671.0,0.0103907929391017,10.721324647748435,256,0.0186565669919065,1165.1295696487396,28,77.5,1047906.5,2.0,0.431011302288914,0.8451612903225807,0.0,0.0,True,federal,Calle,FALTANTE,FALTANTE,No,FALTANTE,FALTANTE,Dos sentidos,MAÍZ GRANO,0,0,0,0,0,0,0,0,0,0,0,0,0,0,1.0986122886681098,0.0,2.0794415416798357,5.793013608384144,4.060443010546419,1.3862943611198906,14.261267600135467,4.611100629868984,15.682305759319833,7.061445483934603,3.367295829986474,4.363098624788363,4.363098624788363,13.862305876608906,0.0,MAÍZ GRANO
S0633,-99.214814,19.608353,36495.0,10.504930543885733,15,MEX-057D|Chamapa - Lechería (Cuota),111_33,False,2.0,0,90,8.0,103,0.0,0,0.2294825956519952,2221572.0,0.0069581359505791,10.996337161253384,244,0.0119389677033613,5005.385329430835,216776,553.14,17475085.9,4.0,1.2295732261764751,0.4375022598257223,0.6239649998192139,0.0,True,federal,Carretera,Con pavimento,Asfalto,Si,Federal,Fed.,Un sentido,MAÍZ FORRAJERO EN VERDE,0,1,0,0,0,0,0,0,0,0,0,0,0,0,1.0986122886681098,0.0,2.1972245773362196,4.6443908991413725,0.0,0.0,14.613726061497921,4.611450947939419,15.925993055380486,8.518469442547355,12.286624454358954,6.3174173624033285,6.3174173624033285,16.676286818890095,0.0,MAÍZ FORRAJERO EN VERDE
S0634,-99.07668,19.707663,36614.0,10.50818595991096,15,MEX-057D|Ramal al AIFA (Cuota),112_34,False,2.0,0,60,7.0,39,246095.0,35,0.0371685731120095,1266451.0,0.0223767046652416,10.9651942506943,325,0.0191275889746708,431.46579974671664,877,2356.9,66859918.11000001,9.0,1.1973718639868451,0.5761805761805762,0.7386397386397386,0.0,True,federal,Carretera,Con pavimento,Concreto,No,Estatal,Mex.,Un sentido,MAÍZ FORRAJERO EN VERDE,0,0,0,0,0,0,0,0,0,0,0,0,0,0,1.0986122886681098,0.0,2.0794415416798357,3.6888794541139363,12.413476982691591,3.58351893845611,14.051729847982006,4.6124266792349475,15.39117677236031,6.069503247515149,6.777646593635117,7.765526671377002,7.765526671377002,18.018110229114036,0.0,MAÍZ FORRAJERO EN VERDE
S0635,-98.9624065,19.7438035,28109.0,10.243845088739151,15,MEX-085|Ramal a Base Militar Santa Lucía,112_34,False,2.0,0,40,7.0,57,86398.0,30,0.0828259913423921,625137.0,0.0389146699043569,10.773376702741182,334,0.0281515454056118,419.605818799162,6499,6136.75,130371644.41,11.0,1.4710352091633458,0.4372021020898684,0.231179370187803,0.0,False,federal,Carretera,Con pavimento,Asfalto,No,Estatal,Mex.,Un sentido,MAÍZ GRANO,0,0,0,0,0,0,0,0,0,0,0,0,0,0,1.0986122886681098,0.0,2.0794415416798357,4.060443010546419,11.366731380651093,3.4339872044851463,13.345727704345807,4.612655924790318,15.105808478857012,6.0416960976930225,8.779557455883728,8.722213504470758,8.722213504470758,18.685899740637787,0.0,MAÍZ GRANO
S0636,-99.0382505,19.7136325,23409.0,10.06087584278487,15,MEX-085|Ramal al Aeropuerto Internacional Felipe Angeles,112_34,False,3.0,1,60,10.5,1,48904.0,17,0.0702192049730083,939186.0,0.024898156488704,10.638069383365456,342,0.0208606290591608,1581.03157151769,44,2356.9,66859918.11000001,9.0,1.1973718639868451,0.5761805761805762,0.7386397386397386,0.0,False,federal,Carretera,Con pavimento,Asfalto,No,N/D,N/D,Un sentido,MAÍZ FORRAJERO EN VERDE,0,0,0,0,0,0,0,0,0,0,0,0,0,0,1.3862943611198906,0.6931471805599453,2.4423470353692043,0.6931471805599453,10.797634919724594,2.8903717578961645,13.752769886392882,4.612366493124704,15.390319136712222,7.366465104840028,3.8066624897703196,7.765526671377002,7.765526671377002,18.018110229114036,0.0,MAÍZ FORRAJERO EN VERDE
S0637,-99.053077,19.73567,22862.0,10.037231422585725,15,MEX-085|Via Perimetral AIFA,112_34,False,2.0,0,60,7.0,6,79125.0,20,0.0520315955766192,1051624.0,0.0297397168569754,10.5970511939031,331,0.0189284452405209,1391.6496917288366,4098,2356.9,66859918.11000001,9.0,1.1973718639868451,0.5761805761805762,0.7386397386397386,0.0,False,federal,Carretera,Con pavimento,Concreto,No,Estatal,Mex.,Un sentido,MAÍZ FORRAJERO EN VERDE,0,0,0,0,0,0,0,0,0,0,0,0,0,0,1.0986122886681098,0.0,2.0794415416798357,1.9459101490553132,11.278796797597263,3.044522437723423,13.865847144853115,4.612186402149373,15.385913212047289,7.238963464572421,8.318498320504338,7.765526671377002,7.765526671377002,18.018110229114036,0.0,MAÍZ FORRAJERO EN VERDE
S0638,-98.99099575,19.76277,21288.0,9.965898812657525,15,MEX-085|Via Perimetral AIFA,112_34,False,2.0,0,60,7.0,64,81703.0,24,0.0602058675936012,693731.0,0.0335720906230224,10.729417472509098,330,0.0262909755750667,1476.9638219795784,21565,6136.75,130371644.41,11.0,1.4710352091633458,0.4372021020898684,0.231179370187803,0.0,False,federal,Carretera,Con pavimento,Concreto,No,Estatal,Mex.,Un sentido,MAÍZ GRANO,0,0,0,0,0,0,0,0,0,0,0,0,0,0,1.0986122886681098,0.0,2.0794415416798357,4.174387269895637,11.310858239257936,3.2188758248682006,13.449840997760234,4.6126589031302245,15.119582692149814,7.298420623522216,9.978873279442018,8.722213504470758,8.722213504470758,18.685899740637787,0.0,MAÍZ GRANO
S0639,-99.243545,19.834522999999997,36185.0,10.496399947300228,15,MEX-087|Ent. Jorobas - Tula,111_34,False,2.0,0,50,7.0,28,109729.0,18,0.0517000975129637,236209.0,0.0749632740496763,9.777669370612792,219,0.0572012080077385,809.0720305785379,56460,2468.9,46125249.78999999,9.0,1.2691450931548869,0.6059378670663048,0.0939284701689011,0.0,False,federal,Avenida,FALTANTE,FALTANTE,No,FALTANTE,FALTANTE,Un sentido,MAÍZ GRANO,0,0,0,0,0,0,0,0,0,0,0,0,0,0,1.0986122886681098,0.0,2.0794415416798357,3.367295829986474,11.605778081984845,2.9444389791664403,12.372476518851753,4.610879092683233,14.180193948518832,6.697123170352915,10.9413054133049,7.81193294297249,7.81193294297249,17.646871097491754,0.0,MAÍZ GRANO
S0640,-99.247454,20.015397,19543.0,9.880372445030076,15,MEX-087|Ent. Jorobas - Tula,111_35,False,2.0,0,60,9.0,60,0.0,0,0.2294825956519952,27310.0,0.1563896008787989,9.605716221164409,44,0.0751747772446881,6544.673125481629,354,2848.5,63385656.82,9.0,1.705655927815784,0.40231700895208,0.4181147972617167,0.0,False,federal,Carretera,Con pavimento,Asfalto,No,Federal,Fed.,Un sentido,MAÍZ GRANO,0,1,0,0,0,0,0,0,0,0,0,0,0,0,1.0986122886681098,0.0,2.302585092994046,4.110873864173311,0.0,0.0,10.215044830421325,4.608475278920463,12.11382576901773,8.786559518813053,5.872117789475416,7.954898819275054,7.954898819275054,17.96474817646629,0.0,MAÍZ GRANO
S0641,-99.280079,20.0613285,36198.0,10.496759147668817,15,MEX-087|Ent. Jorobas - Tula,111_35,False,2.0,0,60,9.0,26,0.0,0,0.2294825956519952,0.0,0.2492112922594695,9.16571748878924,23,0.3186952921693872,12330.546751395426,354,2848.5,63385656.82,9.0,1.705655927815784,0.40231700895208,0.4181147972617167,0.0,False,federal,Carretera,Con pavimento,Asfalto,No,Federal,Fed.,Un sentido,MAÍZ GRANO,0,1,1,1,1,0,0,0,0,0,0,0,0,0,1.0986122886681098,0.0,2.302585092994046,3.295836866004329,0.0,0.0,0.0,4.60540340767597,10.42871891360972,9.419916034470354,5.872117789475416,7.954898819275054,7.954898819275054,17.96474817646629,0.0,MAÍZ GRANO
S0642,-99.249141,19.048627,7527.0,8.926251835034533,17,MEX-106-EM|Tres Marías - Santa Martha,111_31,False,2.0,0,70,8.0,113,24275.0,66,0.4698249227600412,41182.0,0.3678548880578893,10.555229420194806,349,0.116488017926723,199.85767597636857,282,2111.0,49957764.03,8.0,0.7239941251666636,0.8053055423969683,0.0,0.0,False,federal,Carretera,Con pavimento,Asfalto,No,Federal,Fed.,Dos sentidos,AVENA FORRAJERA EN VERDE,0,0,0,0,0,0,0,0,0,0,0,0,0,0,1.0986122886681098,0.0,2.1972245773362196,4.736198448394496,10.097243486955746,4.204692619390966,10.625780828826777,4.603773921717837,13.45973663655423,5.302596577532671,5.645446897643238,7.655390644826152,7.655390644826152,17.72668850703285,0.0,AVENA FORRAJERA EN VERDE
S0643,-99.379742,19.062343,4512.0,8.414495793177895,15,MEX-106-EM|Tres Marías - Santa Martha,111_31,False,2.0,0,80,8.0,3,5350.0,4,1.0,38056.0,0.6652827412234602,8.358378399684666,274,0.3583284612426489,310.17463499740506,2009,7179.6,290542875.2,18.0,1.6053440782058013,0.4735639868516351,0.0172711571675302,0.0,False,federal,Carretera,Con pavimento,Asfalto,No,Estatal,Mex.,Dos sentidos,MAÍZ GRANO,0,0,0,0,0,0,0,0,0,0,0,0,0,0,1.0986122886681098,0.0,2.1972245773362196,1.3862943611198906,8.585038738311304,1.6094379124341003,10.54684031483226,4.60357765141597,12.675607414878284,5.740354281904607,7.605890001053122,8.87913822401048,8.87913822401048,19.4872617178575,0.0,MAÍZ GRANO
S0644,-98.927954,19.114787,2878.0,7.964850887447313,15,MEX-113|T. C. (San Gregorio - Oaxtepec) - Juchitepec,112_31,False,2.0,0,80,8.0,1,648.0,9,1.0,55881.0,0.1735115692274655,9.32637677262052,680,0.0719988878303915,2874.2127706924207,2,8333.23,341100939.61,19.0,1.7950717581446445,0.4824059818341747,0.0,0.0,False,federal,Carretera,Con pavimento,Asfalto,No,Federal,Fed.,Dos sentidos,MAÍZ GRANO,0,0,0,0,0,0,0,0,0,0,0,0,0,0,1.0986122886681098,0.0,2.1972245773362196,0.6931471805599453,6.47543271670409,2.302585092994046,10.93099760371109,4.603986148464114,14.260782105090726,7.963881957690417,1.0986122886681098,9.028126409393764,9.026565359426971,19.647689004963496,0.0,MAÍZ GRANO
S0645,-98.775966,19.1436705,26264.0,10.175954459181428,15,MEX-115|Libramiento de Amecameca,113_31,False,2.0,1,80,7.0,58,53121.0,55,0.2413358182263135,147041.0,0.1929461850776314,10.13345848119717,316,0.0852057389450936,401.5857290315785,76,4236.45,171646637.08999997,15.0,1.0360678686564475,0.7591261551534894,0.0079075641161821,0.0,False,federal,Carretera,Con pavimento,Asfalto,No,Federal,Fed.,Un sentido,MAÍZ GRANO,0,0,0,0,0,0,0,0,0,0,0,0,0,0,1.0986122886681098,0.6931471805599453,2.0794415416798357,4.07753744390572,10.88034643404396,4.02535169073515,11.898473539238035,4.6083808735666265,13.517411752577448,5.997908065561978,4.343805421853684,8.351716952209063,8.351716952209063,18.960948491832884,0.0,MAÍZ GRANO
S0646,-98.780347,19.11324,21488.0,9.97524991876302,15,MEX-115|Libramiento de Amecameca,113_31,False,2.0,0,30,8.0,67,53184.0,55,0.2307084837545126,138520.0,0.1827606121859659,9.767975104454308,334,0.1413433862833455,460.2938032208274,11,4236.45,171646637.08999997,15.0,1.0360678686564475,0.7591261551534894,0.0079075641161821,0.0,False,federal,Calle,FALTANTE,FALTANTE,No,FALTANTE,FALTANTE,Dos sentidos,MAÍZ GRANO,0,0,0,0,0,0,0,0,0,0,0,0,0,0,1.0986122886681098,0.0,2.1972245773362196,4.219507705176107,10.881531680685764,4.02535169073515,11.838777217664427,4.606120752796426,13.074594391654687,6.134035157178137,2.4849066497880004,8.351716952209063,8.351716952209063,18.960948491832884,0.0,MAÍZ GRANO
S0647,-98.8193335,19.204669,30466.0,10.324366586696646,15,MEX-115|Libramiento de Tlalmanalco de Velázquez,113_32,False,2.0,0,80,8.0,21,49420.0,44,0.1883650343990287,300277.0,0.1101582871815024,10.084821127995228,401,0.047541520894835,181.924714690555,5,2492.33,73726379.91,11.0,1.0371241358374996,0.7396010961630282,0.0056172336729084,0.0,False,federal,Carretera,Con pavimento,Asfalto,No,Federal,Fed.,Un sentido,MAÍZ GRANO,0,0,0,0,0,0,0,0,0,0,0,0,0,0,1.0986122886681098,0.0,2.1972245773362196,3.091042453358316,10.808130714060667,3.8066624897703196,12.612463991214511,4.6080002191377165,14.338630693536123,5.2090746730616475,1.791759469228055,7.821374445401124,7.820170510797895,18.11587124304293,0.0,MAÍZ GRANO
S0648,-98.801465,19.189715,33830.0,10.429103261774754,15,MEX-115|Libramiento de Tlalmanalco de Velázquez,113_32,False,2.0,1,80,8.0,19,40535.0,45,0.24349327741458,255887.0,0.1310773896290159,10.191224479417274,356,0.0444883224888359,415.72553250815025,309,2492.33,73726379.91,11.0,1.0371241358374996,0.7396010961630282,0.0056172336729084,0.0,False,federal,Carretera,Con pavimento,Asfalto,No,Federal,Fed.,Un sentido,MAÍZ GRANO,0,0,0,0,0,0,0,0,0,0,0,0,0,0,1.0986122886681098,0.6931471805599453,2.1972245773362196,2.995732273553991,10.609945747155745,3.828641396489095,12.452495127730652,4.6087523616387305,14.271419066068711,6.032427809668998,5.736572297479192,7.821374445401124,7.820170510797895,18.11587124304293,0.0,MAÍZ GRANO
S0649,-98.7744,19.109456,5655.0,8.640295388550221,15,MEX-115|T. C. (Santa Bárbara - Huajuapan) - Tlamacas,113_31,False,2.0,0,30,8.0,88,58666.0,57,0.2098489755565404,128902.0,0.1917735954446013,9.724360238895922,328,0.1482305117168818,50.99755804038481,45,4236.45,171646637.08999997,15.0,1.0360678686564475,0.7591261551534894,0.0079075641161821,0.0,False,federal,Calle,FALTANTE,FALTANTE,No,FALTANTE,FALTANTE,Dos sentidos,MAÍZ GRANO,0,0,0,0,0,0,0,0,0,0,0,0,0,0,1.0986122886681098,0.0,2.1972245773362196,4.48863636973214,10.97963266715422,4.060443010546419,11.766815462512149,4.60612580159344,13.039027419597161,3.9511967567169055,3.828641396489095,8.351716952209063,8.351716952209063,18.960948491832884,0.0,MAÍZ GRANO
S0650,-98.7358485,19.084383000000003,2284.0,7.7336835707759,15,MEX-115|T. C. (Santa Bárbara - Huajuapan) - Tlamacas,113_31,False,2.0,0,30,7.0,19,17095.0,24,0.244106463878327,112043.0,0.1621609560615121,9.85313564167158,280,0.2094968073123184,168.85991158702743,5441,4236.45,171646637.08999997,15.0,1.0360678686564475,0.7591261551534894,0.0079075641161821,0.0,False,federal,Calle,FALTANTE,FALTANTE,No,FALTANTE,FALTANTE,Dos sentidos,MAÍZ GRANO,0,0,0,0,0,0,0,0,0,0,0,0,0,0,1.0986122886681098,0.0,2.0794415416798357,2.995732273553991,9.746599796998984,3.2188758248682006,11.626646930271926,4.606195347936697,12.566366034991617,5.134974047846767,8.601901919343192,8.351716952209063,8.351716952209063,18.960948491832884,0.0,MAÍZ GRANO
S0651,-98.8966005,19.3109715,41839.0,10.641584197879569,15,MEX-115-160|Santa Bárbara - Izúcar de Matamoros,113_32,False,2.0,0,50,8.0,976,444227.0,20,0.0261690532092826,1578164.0,0.0204192973607305,9.725337888915854,499,0.0229357787477735,1315.8972131860246,368585,3995.25,78977792.53,22.0,1.846409072440386,0.2753269507540204,0.0310994305738063,0.0,False,federal,Avenida,FALTANTE,FALTANTE,No,FALTANTE,FALTANTE,Un sentido,TRIGO GRANO,0,0,0,0,0,0,0,0,0,0,0,0,0,0,1.0986122886681098,0.0,2.1972245773362196,6.884486652042782,13.004093223124931,3.044522437723423,14.271773337659297,4.6103573306419205,15.272290409394529,7.183033652521381,12.817429341944726,8.293111700374052,8.292611105907682,18.184677276359853,0.0,TRIGO GRANO
S0652,-98.88291325,19.294061,78783.0,11.274452516530994,15,MEX-115-160|Santa Bárbara - Izúcar de Matamoros,113_32,False,3.0,0,50,10.0,153,698965.0,26,0.0144742583677294,1396933.0,0.0254257004451895,9.69911602747846,490,0.0239425991083229,772.2203943671423,395,3995.25,78977792.53,22.0,1.846409072440386,0.2753269507540204,0.0310994305738063,0.0,False,federal,Avenida,FALTANTE,FALTANTE,No,FALTANTE,FALTANTE,Dos sentidos,TRIGO GRANO,0,0,0,0,0,0,0,0,0,0,0,0,0,0,1.3862943611198906,0.0,2.3978952727983707,5.0369526024136295,13.457357379117346,3.295836866004329,14.149790393028573,4.61028413141453,15.265794461435453,6.650564123560482,5.981414211254481,8.293111700374052,8.292611105907682,18.184677276359853,0.0,TRIGO GRANO
S0653,-98.8671325,19.24608,62070.0,11.0360180594077,15,MEX-115-160|Santa Bárbara - Izúcar de Matamoros,113_32,False,2.0,0,80,8.0,53,317609.0,50,0.0382105041103999,1308988.0,0.0254303324400223,9.779949567183907,536,0.0389174075955925,571.150901678949,56,704.3299999999999,15673362.98,12.0,1.1095619335194404,0.7117828290716001,0.0184572572515724,0.0,False,federal,Carretera,Con pavimento,Asfalto,No,Federal,Fed.,Un sentido,MAÍZ GRANO,0,0,0,0,0,0,0,0,0,0,0,0,0,0,1.0986122886681098,0.0,2.1972245773362196,3.9889840465642745,12.668579494005535,3.9318256327243257,14.084765641495384,4.61029921481307,14.732392315148557,6.3494027707110074,4.04305126783455,6.558665778400992,6.558665778400992,16.56747326774433,0.0,MAÍZ GRANO
S0654,-98.844682,19.2318845,51098.0,10.841500636482598,15,MEX-115-160|Santa Bárbara - Izúcar de Matamoros,113_32,False,2.0,0,80,8.0,160,163737.0,57,0.0840433133622822,949257.0,0.0345017208195462,10.066261853584525,466,0.039271841189909,762.1477123137588,1732,704.3299999999999,15673362.98,12.0,1.1095619335194404,0.7117828290716001,0.0184572572515724,0.0,False,federal,Carretera,Con pavimento,Asfalto,No,Federal,Fed.,Un sentido,MAÍZ GRANO,0,0,0,0,0,0,0,0,0,0,0,0,0,0,1.0986122886681098,0.0,2.1972245773362196,5.081404364984463,12.006022868369461,4.060443010546419,13.76343590576462,4.610382770874269,14.639733368229829,6.637451606667794,7.457609289715606,6.558665778400992,6.558665778400992,16.56747326774433,0.0,MAÍZ GRANO
S0655,-98.830233,19.2177895,43290.0,10.675676940436029,15,MEX-115-160|Santa Bárbara - Izúcar de Matamoros,113_32,False,2.0,0,80,8.0,20,127926.0,53,0.0811406594437409,503475.0,0.0690798947316152,9.904348053300266,438,0.0426895436804922,213.33275671821997,215,4887.67,124602634.53000002,15.0,0.8427744065821973,0.8081560334474299,0.0512861956719663,0.0,False,federal,Carretera,Con pavimento,Asfalto,No,Federal,Fed.,Un sentido,MAÍZ GRANO,0,0,0,0,0,0,0,0,0,0,0,0,0,0,1.0986122886681098,0.0,2.1972245773362196,3.044522437723423,11.759215067711722,3.9889840465642745,13.129291323669028,4.609114042066699,14.542931137722707,5.3675297452932,5.375278407684165,8.494675561834578,8.494675561834578,18.640640316020093,0.0,MAÍZ GRANO
S0656,-98.809828,19.202516000000003,12497.0,9.433243894485784,15,MEX-115-160|Santa Bárbara - Izúcar de Matamoros,113_32,False,2.0,0,30,7.0,31,40783.0,47,0.2480935683985974,273632.0,0.1167078411881651,10.222653836868174,373,0.0448534247791512,517.5702577751465,16,2492.33,73726379.91,11.0,1.0371241358374996,0.7396010961630282,0.0056172336729084,0.0,False,federal,Calle,FALTANTE,FALTANTE,No,FALTANTE,FALTANTE,Dos sentidos,MAÍZ GRANO,0,0,0,0,0,0,0,0,0,0,0,0,0,0,1.0986122886681098,0.0,2.0794415416798357,3.4657359027997265,10.616045126615896,3.871201010907891,12.519543071492333,4.609044478223863,14.319777923289001,6.2510755204671575,2.833213344056216,7.821374445401124,7.820170510797895,18.11587124304293,0.0,MAÍZ GRANO
S0657,-98.776571,19.12083,18408.5,9.820567793449753,15,MEX-115-160|Santa Bárbara - Izúcar de Matamoros,113_31,False,2.0,0,30,7.0,127,58187.0,59,0.2519978689397975,151246.0,0.1749137167263927,9.884184594812869,323,0.0966429124973123,743.5161328733884,690,3741.75,93948032.61,12.0,0.7083930890983886,0.855482060533173,0.0022048506714772,0.0,False,federal,Calle,FALTANTE,FALTANTE,No,FALTANTE,FALTANTE,Dos sentidos,MAÍZ GRANO,0,0,0,0,0,0,0,0,0,0,0,0,0,0,1.0986122886681098,0.0,2.0794415416798357,4.852030263919617,10.971434426893353,4.0943445622221,11.926669540985634,4.606600001716768,13.379303728241238,6.61273452129612,6.53813982376767,8.227575914329947,8.226239105094038,18.358252353429084,0.0,MAÍZ GRANO
S0658,-98.78972,19.05361,22219.5,10.008725560690216,15,MEX-115-160|Santa Bárbara - Izúcar de Matamoros,113_31,False,2.0,0,30,6.0,189,66285.0,30,0.0484121596137889,146507.0,0.1629546711078651,9.452634556261527,377,0.2305461631039028,566.2721374485523,3440,3121.69,177261010.32,31.0,2.071284521378209,0.4965259202547338,0.0,0.0,False,federal,Calle,FALTANTE,FALTANTE,No,FALTANTE,FALTANTE,Dos sentidos,MAÍZ GRANO,0,0,0,0,0,0,0,0,0,0,0,0,0,0,1.0986122886681098,0.0,1.9459101490553132,5.247024072160486,11.101733992488617,3.4339872044851463,11.894835313456856,4.605492983637224,12.762772758441841,6.340839148810407,8.14351740579748,8.04645008882747,8.03447547967173,18.993133844549913,0.0,MAÍZ GRANO
S0659,-98.824517,19.020302,10319.0,9.241742135115716,15,MEX-115-160|Santa Bárbara - Izúcar de Matamoros,113_31,False,3.0,0,50,9.0,113,62034.0,35,0.1557532965792952,108411.0,0.2432963444668898,9.023664499926133,431,0.2688201166056079,139.82504519496857,68,2486.5,183259445.27000004,23.0,1.7404600354802893,0.534486225618339,0.0,0.0,False,federal,Avenida,FALTANTE,FALTANTE,No,FALTANTE,FALTANTE,Dos sentidos,MAÍZ GRANO,0,0,0,0,0,0,0,0,0,0,0,0,0,0,1.3862943611198906,0.0,2.302585092994046,4.736198448394496,11.035454020876973,3.58351893845611,11.593694062967778,4.602208805995887,12.767846104019396,4.9475183057107355,4.23410650459726,7.819033469032748,7.802822374404665,19.0264134459427,0.0,MAÍZ GRANO
S0660,-98.886853,18.9298065,20096.0,9.908276069267924,17,MEX-115-160|Santa Bárbara - Izúcar de Matamoros,113_30,False,2.0,0,90,7.0,90,21510.0,47,0.5807531380753138,102446.0,0.4191964547176073,8.913855850221813,541,0.214734142645418,374.98115596196254,1099,3285.4,295224736.54999995,13.0,1.5426813656308989,0.4687404882206124,0.0613015157971632,0.0,False,federal,Carretera,Con pavimento,Asfalto,No,Federal,Fed.,Un sentido,MAÍZ GRANO,0,0,0,0,0,0,0,0,0,0,0,0,0,0,1.0986122886681098,0.0,2.0794415416798357,4.51085950651685,9.976319711185798,3.871201010907891,11.537100870661437,4.598902752974954,13.305536238402677,5.929539025011549,7.003065458786462,8.097548019734239,8.097548019734239,19.503247446468244,0.0,MAÍZ GRANO
S0661,-98.9059985,18.90130175,33339.5,10.414498159191728,17,MEX-115-160|Santa Bárbara - Izúcar de Matamoros,113_30,False,2.0,0,90,7.0,23,46748.0,47,0.3448275862068966,126978.0,0.3653625037408055,9.108019311866943,572,0.2379033400025655,657.4988664024432,1537,3285.4,295224736.54999995,13.0,1.5426813656308989,0.4687404882206124,0.0613015157971632,0.0,False,federal,Carretera,Con pavimento,Asfalto,No,Federal,Fed.,Un sentido,MAÍZ GRANO,0,0,0,0,0,0,0,0,0,0,0,0,0,0,1.0986122886681098,0.0,2.0794415416798357,3.1780538303479458,10.752548144113725,3.871201010907891,11.751776997437485,4.600907420558736,13.305134832978649,6.4899627996973335,7.338238150065589,8.097548019734239,8.097548019734239,19.503247446468244,0.0,MAÍZ GRANO
S0662,-98.921649,18.877966,33392.0,10.41607162931698,17,MEX-115-160|Santa Bárbara - Izúcar de Matamoros,112_30,False,2.0,0,90,7.0,230,20470.0,36,0.7510991695163655,281994.0,0.1901068817067029,9.762062785995528,591,0.259217308080675,584.4739244452715,180,9569.4,531335970.99999994,19.0,1.2605887926284804,0.4493489664973771,0.0221957489497774,0.0,False,federal,Carretera,Con pavimento,Asfalto,No,Federal,Fed.,Un sentido,SORGO GRANO,0,0,0,0,0,0,0,0,0,0,0,0,0,0,1.0986122886681098,0.0,2.0794415416798357,5.442417710521793,9.926764529440621,3.6109179126442243,12.54964461926661,4.605734863036092,13.252419237356113,6.372421646512768,5.198497031265826,9.166430280856694,9.166294436137449,20.090905094756955,0.0,SORGO GRANO
S0663,-98.9354315,18.856671,50553.0,10.830777569868651,17,MEX-115-160|Santa Bárbara - Izúcar de Matamoros,112_30,False,2.0,0,90,7.0,380,25649.0,40,0.7256423252368513,294167.0,0.179319910119082,9.726400369995034,574,0.26442112889342,1292.665758702942,536,9569.4,531335970.99999994,19.0,1.2605887926284804,0.4493489664973771,0.0221957489497774,0.0,False,federal,Carretera,Con pavimento,Asfalto,No,Federal,Fed.,Un sentido,SORGO GRANO,0,0,0,0,0,0,0,0,0,0,0,0,0,0,1.0986122886681098,0.0,2.0794415416798357,5.942799375126701,10.152298850598916,3.713572066704308,12.59190631168911,4.6057189532632385,13.191053269664376,7.165235140847632,6.285998094508865,9.166430280856694,9.166294436137449,20.090905094756955,0.0,SORGO GRANO
S0664,-98.9084665,18.790242,41070.0,10.623033206950604,17,MEX-115-160|Santa Bárbara - Izúcar de Matamoros,113_30,False,2.0,0,80,6.0,162,33839.0,42,0.4388723071012737,268393.0,0.161993792684608,9.692322368519154,535,0.2271411405368773,469.05803844108505,191,5856.9,524824223.63,30.0,2.2373827435096705,0.2847922962659427,0.6149840359234408,0.0,False,federal,Carretera,Con pavimento,Asfalto,No,Federal,Fed.,Un sentido,SORGO GRANO,0,0,0,0,0,0,0,0,0,0,0,0,0,0,1.0986122886681098,0.0,1.9459101490553132,5.093750200806762,10.429398813720159,3.7612001156935624,12.500211329135308,4.606399254304145,13.174553469548536,6.152856173125192,5.2574953720277815,8.67554645656939,8.672640173537651,20.078573954265867,0.0,SORGO GRANO
S0665,-98.8885735,18.7661035,27228.5,10.212019497848626,17,MEX-115-160|Santa Bárbara - Izúcar de Matamoros,113_30,False,2.0,0,30,7.0,44,14229.0,35,0.7976667369456744,247264.0,0.1346212954574867,9.725296531130002,474,0.2178458325053169,339.02683328100096,679,14996.8,1101917038.5800002,31.0,2.1777321514276156,0.257388242825136,0.6886002347167396,0.0,False,federal,Calle,FALTANTE,FALTANTE,No,FALTANTE,FALTANTE,Dos sentidos,CAÑA DE AZÚCAR,0,0,0,0,0,0,0,0,0,0,0,0,0,0,1.0986122886681098,0.0,2.0794415416798357,3.8066624897703196,9.563107691083898,3.58351893845611,12.418215914985518,4.6064200553538965,13.066890835800505,5.829024535910785,6.522092798170152,9.615658802661073,9.606280258859275,20.820317263155484,0.0,CAÑA DE AZÚCAR
S0666,-98.8029265,18.72435975,17958.5,9.795818819437333,17,MEX-115-160|Santa Bárbara - Izúcar de Matamoros,113_30,False,2.0,0,5,1.0,181,36540.0,49,0.0903393541324575,62650.0,0.2043735035913806,9.191760239153371,390,0.1915192812013529,315.5835932017696,16,5413.0,275445637.20000005,22.0,1.6241794130333815,0.5431368926658046,0.2523554406059486,0.0,False,federal,Privada,FALTANTE,FALTANTE,No,FALTANTE,FALTANTE,Cerrada en ambos sentidos,SORGO GRANO,1,0,0,0,0,0,0,0,0,0,0,0,0,0,1.0986122886681098,0.0,0.6931471805599453,5.204006687076795,10.506190196826267,3.912023005428146,11.045334921888767,4.601868730981349,12.912491368283359,5.757587324252469,2.833213344056216,8.596743470174246,8.592486175451668,19.433900846578823,0.0,SORGO GRANO
S0667,-98.7635595,18.6991715,6566.0,8.789660098061537,17,MEX-115-160|Santa Bárbara - Izúcar de Matamoros,113_29,False,2.0,0,80,6.0,12,24360.0,35,0.0890804597701149,65073.0,0.2124998079080417,8.833300675208024,301,0.3306347959040709,1441.9901850500653,4,5413.0,275445637.20000005,22.0,1.6241794130333815,0.5431368926658046,0.2523554406059486,0.0,False,federal,Carretera,Con pavimento,Asfalto,No,Federal,Fed.,Un sentido,SORGO GRANO,0,0,0,0,0,0,0,0,0,0,0,0,0,0,1.0986122886681098,0.0,1.9459101490553132,2.5649493574615367,10.100738771884387,3.58351893845611,11.08328036286033,4.602446434513857,12.008621207139418,7.2744727569836325,1.6094379124341003,8.596743470174246,8.592486175451668,19.433900846578823,0.0,SORGO GRANO
S0668,-98.733126,18.6713845,5904.0,8.683385366280309,17,MEX-115-160|Santa Bárbara - Izúcar de Matamoros,113_29,False,2.0,0,80,6.0,4,2991.0,10,0.0598462052825142,41845.0,0.2095112916716453,8.814560941761977,284,0.3087952538412237,225.54207337194583,7,5413.0,275445637.20000005,22.0,1.6241794130333815,0.5431368926658046,0.2523554406059486,0.0,False,federal,Carretera,Con pavimento,Asfalto,No,Federal,Fed.,Dos sentidos,SORGO GRANO,0,0,0,0,0,0,0,0,0,0,0,0,0,0,1.0986122886681098,0.0,1.9459101490553132,1.6094379124341003,8.003697339094368,2.3978952727983707,10.641751491899196,4.604894033126344,12.080010431866528,5.422930682074403,2.0794415416798357,8.596743470174246,8.592486175451668,19.433900846578823,0.0,SORGO GRANO
S0669,-98.480873,18.60013875,17657.0,9.778887584302796,21,MEX-115-160|Santa Bárbara - Izúcar de Matamoros,114_29,False,1.0,1,50,4.0,290,56374.0,21,0.0720899705538014,89748.0,0.2161273788830948,8.910957007719425,202,0.345159763026271,1421.548196120256,63,13656.45,659772173.24,22.0,1.478414564491214,0.4496043993863705,0.6221931761182445,0.0,False,federal,Avenida,FALTANTE,FALTANTE,No,FALTANTE,FALTANTE,Un sentido,CAÑA DE AZÚCAR,0,0,0,0,0,0,0,0,0,0,0,0,0,0,0.6931471805599453,0.6931471805599453,1.6094379124341003,5.673323267171493,10.93978107680498,3.091042453358316,11.40477216422717,4.603745919536561,12.012154102890555,7.260205046706146,4.1588830833596715,9.522040439271043,9.480077390773086,20.30740514284732,0.0,CAÑA DE AZÚCAR
S0670,-98.7892245,19.104967,10732.0,9.280985211545516,15,MEX-115D|Libramiento Amecameca - Nepantla (Cuota),113_31,False,2.0,0,80,8.0,3,51965.0,52,0.2126623689021456,169099.0,0.1526383952595816,9.665984442615867,350,0.1491002779629057,562.2158351645616,52,4236.45,171646637.08999997,15.0,1.0360678686564475,0.7591261551534894,0.0079075641161821,0.0,True,federal,Carretera,Con pavimento,Asfalto,Si,Federal,Fed.,Un sentido,MAÍZ GRANO,0,0,0,0,0,0,0,0,0,0,0,0,0,0,1.0986122886681098,0.0,2.1972245773362196,1.3862943611198906,10.8583449375591,3.970291913552122,12.038245534886672,4.606696466929239,13.106544922741309,6.333662920862923,3.970291913552122,8.351716952209063,8.351716952209063,18.960948491832884,0.0,MAÍZ GRANO
S0671,-98.828394,19.046112,10252.0,9.235228087483964,15,MEX-115D|Libramiento Amecameca - Nepantla (Cuota),113_31,False,2.0,0,100,7.0,2,51305.0,30,0.0755871747393041,123914.0,0.1832077085720742,9.18376722619836,430,0.2422908935667137,597.3872959913737,38,2486.5,183259445.27000004,23.0,1.7404600354802893,0.534486225618339,0.0,0.0,True,federal,Carretera,Con pavimento,Asfalto,Si,Federal,Fed.,Un sentido,MAÍZ GRANO,0,0,0,0,0,0,0,0,0,0,0,0,0,0,1.0986122886681098,0.0,2.0794415416798357,1.0986122886681098,10.84556298338401,3.4339872044851463,11.727351125664715,4.604624233816275,12.888825996906103,6.394238196473969,3.6635616461296463,7.819033469032748,7.802822374404665,19.0264134459427,0.0,MAÍZ GRANO
S0672,-98.8759275,18.974621,9684.0,9.178230318057947,17,MEX-115D|Libramiento Amecameca - Nepantla (Cuota),113_31,False,2.0,0,100,7.0,21,24614.0,42,0.3574388559356464,85881.0,0.4435206855998416,8.568200025647304,499,0.2210942122365042,603.2663378297648,444,3285.4,295224736.54999995,13.0,1.5426813656308989,0.4687404882206124,0.0613015157971632,0.0,True,federal,Carretera,Con pavimento,Asfalto,Si,Federal,Fed.,Un sentido,MAÍZ GRANO,0,0,0,0,0,0,0,0,0,0,0,0,0,0,1.0986122886681098,0.0,2.0794415416798357,3.091042453358316,10.111111292192302,3.7612001156935624,11.360729540030817,4.59973055781634,13.16591699763562,6.404015057413789,6.09807428216624,8.097548019734239,8.097548019734239,19.503247446468244,0.0,MAÍZ GRANO
S0673,-98.868753,19.657141,33832.0,10.429162379152324,15,MEX-132|Libramiento San Martín de Las Pirámides,113_34,False,2.0,0,100,10.0,40,66373.0,25,0.0979012550284001,326043.0,0.1197480086982391,9.872941622162166,358,0.0410398318695685,1116.1589846312877,7,4063.61,119385413.67,11.0,1.2711203394883956,0.629489542549605,0.529885988074643,0.0,False,federal,Carretera,Con pavimento,Asfalto,No,Federal,Fed.,Un sentido,MAÍZ GRANO,0,0,0,0,0,0,0,0,0,0,0,0,0,0,1.0986122886681098,0.0,2.3978952727983707,3.713572066704308,11.103060692517378,3.258096538021482,12.694787620566458,4.609941943971605,14.896055612669766,7.018544120750558,2.0794415416798357,8.310073076419874,8.310073076419874,18.597867596268593,0.0,MAÍZ GRANO
S0674,-98.79492825,19.714994,31550.5,10.359344715704324,15,MEX-132|Libramiento San Martín de Las Pirámides,113_34,False,2.0,0,100,10.0,31,50083.0,33,0.1915021065032046,124513.0,0.3266646856151566,9.736302261212996,300,0.1690828950420863,502.3477065826981,158,8729.65,298059286.90999997,11.0,1.4179215915760242,0.4268773662174314,0.0583826384792059,0.0,False,federal,Carretera,Con pavimento,Asfalto,No,Federal,Fed.,Un sentido,CEBADA GRANO,0,0,0,0,0,0,0,0,0,0,0,0,0,0,1.0986122886681098,0.0,2.3978952727983707,3.4657359027997265,10.821456874788838,3.5263605246161616,11.732173438364091,4.607965935396662,13.266676685712559,6.221281196857707,5.0689042022202315,9.074595101961144,9.074595101961144,19.512802977399332,0.0,CEBADA GRANO
S0675,-98.947167,19.6109125,24807.0,10.118881150390276,15,MEX-132|Venta de Carpio - T. C. (Pachuca - Túxpam),112_33,False,2.0,0,50,8.0,136,224569.0,33,0.0275193815709202,835610.0,0.033406732805974,10.489566381361332,344,0.0341039036497712,782.9543380015065,18,317.06,7231210.02,4.0,0.7806051007726641,0.7569545196492777,0.6341386488361824,0.0,False,federal,Carretera,Con pavimento,Asfalto,No,Federal,Fed.,Un sentido,MAÍZ GRANO,0,0,0,0,0,0,0,0,0,0,0,0,0,0,1.0986122886681098,0.0,2.1972245773362196,4.919980925828125,12.321942741572586,3.5263605246161616,13.635918472771294,4.611812283477266,15.085041582108325,6.66435077630924,2.9444389791664403,5.76224004422777,5.76224004422777,15.793917079416941,0.0,MAÍZ GRANO
S0676,-98.934879,19.6205645,22360.0,10.015028927269036,15,MEX-132|Venta de Carpio - T. C. (Pachuca - Túxpam),112_34,False,2.0,0,30,8.0,220,231891.0,43,0.0426795347814274,860798.0,0.034980332203374,10.48692419845395,354,0.0347822230868704,796.6410827828873,169,4063.61,119385413.67,11.0,1.2711203394883956,0.629489542549605,0.529885988074643,0.0,False,federal,Calle,FALTANTE,FALTANTE,No,FALTANTE,FALTANTE,Un sentido,MAÍZ GRANO,0,0,0,0,0,0,0,0,0,0,0,0,0,0,1.0986122886681098,0.0,2.1972245773362196,5.3981627015177525,12.354027025020278,3.784189633918261,13.665616306678945,4.611768860588645,15.06693577492607,6.681658725323754,5.135798437050262,8.310073076419874,8.310073076419874,18.597867596268593,0.0,MAÍZ GRANO
S0677,-98.917807,19.632774,18724.0,9.83756140241996,15,MEX-132|Venta de Carpio - T. C. (Pachuca - Túxpam),112_34,False,2.0,0,30,8.0,246,197568.0,38,0.0375617508908325,871994.0,0.0364853427890558,10.477231993871326,358,0.0354728972607069,576.3163865435365,62,4063.61,119385413.67,11.0,1.2711203394883956,0.629489542549605,0.529885988074643,0.0,False,federal,Calle,FALTANTE,FALTANTE,No,FALTANTE,FALTANTE,Dos sentidos,MAÍZ GRANO,0,0,0,0,0,0,0,0,0,0,0,0,0,0,1.0986122886681098,0.0,2.1972245773362196,5.5093883366279774,12.19384316939745,3.6635616461296463,13.678538968929724,4.61165018368961,15.062675314241481,6.358390446461443,4.143134726391533,8.310073076419874,8.310073076419874,18.597867596268593,0.0,MAÍZ GRANO
S0678,-98.86323,19.681618,26073.0,10.16865557510557,15,MEX-132|Venta de Carpio - T. C. (Pachuca - Túxpam),113_34,False,2.0,0,50,8.0,227,85054.0,34,0.1313165753521292,176530.0,0.2155780887101342,9.75220420328534,349,0.0940772046880075,506.244308441151,201,3981.84,116573481.61,13.0,1.3939278581783137,0.4236734775882506,0.2781126313463122,0.0,False,federal,Avenida,FALTANTE,FALTANTE,No,FALTANTE,FALTANTE,Dos sentidos,MAÍZ GRANO,0,0,0,0,0,0,0,0,0,0,0,0,0,0,1.0986122886681098,0.0,2.1972245773362196,5.429345628954441,11.351053385043683,3.5553480614894135,12.081251777326814,4.608961957416277,14.062796326526685,6.2289927582213895,5.308267697401205,8.289750411649194,8.289750411649194,18.57403238414675,0.0,MAÍZ GRANO
S0679,-98.7957215,19.7201365,11488.0,9.349058291288005,15,MEX-132|Venta de Carpio - T. C. (Pachuca - Túxpam),113_34,False,2.0,0,20,7.0,35,46449.0,31,0.1999827768089732,124518.0,0.3266917232849869,9.736302261212996,289,0.1664101539613743,220.92540599346188,158,8729.65,298059286.90999997,11.0,1.4179215915760242,0.4268773662174314,0.0583826384792059,0.0,False,federal,Enlace,FALTANTE,FALTANTE,No,FALTANTE,FALTANTE,Un sentido,CEBADA GRANO,0,0,0,0,0,0,0,0,0,0,0,0,0,0,1.0986122886681098,0.0,2.0794415416798357,3.58351893845611,10.746131744241984,3.4657359027997265,11.732213593684877,4.607906033559114,13.232343605738432,5.4023413163701335,5.0689042022202315,9.074595101961144,9.074595101961144,19.512802977399332,0.0,CEBADA GRANO
S0680,-98.7571665,19.7519125,29048.0,10.276704913094171,15,MEX-132|Venta de Carpio - T. C. (Pachuca - Túxpam),113_34,False,2.0,0,80,10.0,18,19893.0,22,0.3674156738551249,74641.0,0.3398802266850658,9.480237209933506,192,0.2916757015094456,310.2591886710914,69,20201.0,275260566.55,9.0,0.989320100864828,0.6839265382901837,0.0,0.0,False,federal,Carretera,Con pavimento,Asfalto,No,Federal,Fed.,Un sentido,CEBADA GRANO,0,0,0,0,0,0,0,0,0,0,0,0,0,0,1.0986122886681098,0.0,2.3978952727983707,2.9444389791664403,9.898173457712359,3.1354942159291497,11.220458630446268,4.605649637549253,12.328192928383334,5.740625969177988,4.248495242049359,9.91353688838913,9.91353688838913,19.433228725382314,0.0,CEBADA GRANO
S0681,-98.69978925,19.833459,26603.0,10.188779270365272,15,MEX-132|Venta de Carpio - T. C. (Pachuca - Túxpam),113_34,False,2.0,1,90,10.0,16,5142.0,4,0.0746791131855309,23041.0,0.3079293433444729,8.766047763786364,105,0.3741760894707884,1899.9943081576855,1,6066.0,116878232.41,8.0,1.1892580233655674,0.4742828882294758,0.0,0.0,False,federal,Carretera,Con pavimento,Concreto,Si,Federal,Fed.,Un sentido,TUNA,0,0,0,0,0,0,0,0,0,0,0,0,0,0,1.0986122886681098,0.6931471805599453,2.3978952727983707,2.833213344056216,8.545391845774915,1.6094379124341003,10.045073916598,4.6068779106693665,11.39704312185282,7.550132348353324,0.6931471805599453,8.710619527942297,8.710619527942297,18.57664321073055,0.0,TUNA
S0682,-98.65804,19.8821825,24822.0,10.119485635689466,15,MEX-132|Venta de Carpio - T. C. (Pachuca - Túxpam),113_35,False,2.0,0,80,10.0,27,0.0,0,0.2294825956519952,8976.0,0.0427807486631016,8.203973259052924,47,0.3591377359614125,5054.971504183038,1,6066.0,116878232.41,8.0,1.1892580233655674,0.4742828882294758,0.0,0.0,False,federal,Carretera,Con pavimento,Concreto,No,Federal,Fed.,Un sentido,TUNA,0,1,0,0,0,0,0,0,0,0,0,0,0,0,1.0986122886681098,0.0,2.3978952727983707,3.332204510175204,0.0,0.0,9.10242102975669,4.604991016843797,10.421894366322432,8.528325299771064,0.6931471805599453,8.710619527942297,8.710619527942297,18.57664321073055,0.0,TUNA
S0683,-98.5808235,19.9215925,19461.0,9.876167741881163,15,MEX-132|Venta de Carpio - T. C. (Pachuca - Túxpam),114_35,False,2.0,0,30,8.0,16,0.0,0,0.2294825956519952,0.0,0.2492112922594695,9.16571748878924,11,0.2216686294048374,14030.5804664834,1,6066.0,116878232.41,8.0,1.1892580233655674,0.4742828882294758,0.0,0.0,False,federal,Enlace,FALTANTE,FALTANTE,No,FALTANTE,FALTANTE,Un sentido,TUNA,0,1,1,1,1,0,0,0,0,0,0,0,0,0,1.0986122886681098,0.0,2.1972245773362196,2.833213344056216,0.0,0.0,0.0,4.60540340767597,9.309280319831087,9.549065815824306,0.6931471805599453,8.710619527942297,8.710619527942297,18.57664321073055,0.0,TUNA
S0684,-98.4639345,20.048728,31729.0,10.364986368165066,21,MEX-132|Venta de Carpio - T. C. (Pachuca - Túxpam),114_35,False,2.0,0,80,9.0,18,0.0,0,0.2294825956519952,0.0,0.2492112922594695,9.16571748878924,0,0.217280653216424,26646.985865556944,33,22144.91,339777709.31,20.0,1.4022307646388346,0.5052330309764185,0.0420502950790949,0.0,False,federal,Carretera,Con pavimento,Concreto,No,Federal,Fed.,Un sentido,MAÍZ GRANO,0,1,1,1,1,1,0,0,0,0,0,0,0,0,1.0986122886681098,0.0,2.302585092994046,2.9444389791664403,0.0,0.0,0.0,4.60540340767597,0.0,10.190468849460471,3.5263605246161616,10.005408108310483,9.997333479026432,19.64380216855262,0.0,MAÍZ GRANO
S0685,-99.028796,19.611055,21708.0,9.985436135183296,15,MEX-132D|Ecatepec - Pirámides (Cuota),112_33,False,2.0,0,100,10.0,122,1652754.0,4,0.0004150647948817,2742651.0,0.0024884682739437,10.490934923436656,293,0.0129704829555341,2506.7982720242308,1643623,12.64,307139.3,5.0,1.4292201963220512,0.3045886075949367,0.7349683544303797,0.0,True,federal,Carretera,Con pavimento,Asfalto,Si,Federal,Fed.,Un sentido,MAÍZ GRANO,0,0,0,0,0,0,0,0,0,0,0,0,0,0,1.0986122886681098,0.0,2.3978952727983707,4.812184355372417,14.317954150452177,1.6094379124341003,14.824435893478993,4.612376852071499,15.67303560768455,7.827160464715699,14.312414117977749,2.613006652415316,2.613006652415316,12.63505992543248,0.0,MAÍZ GRANO
S0686,-99.025666,19.611647,22782.0,10.033726029459856,15,MEX-132D|Ecatepec - Pirámides (Cuota),112_33,False,2.0,0,100,10.0,131,1652754.0,4,0.0004150647948817,2784266.0,0.0028819085532775,10.47436447066818,303,0.0132612266296077,2821.7557613448653,1643623,12.64,307139.3,5.0,1.4292201963220512,0.3045886075949367,0.7349683544303797,0.0,True,federal,Carretera,Con pavimento,Asfalto,Si,Federal,Fed.,Un sentido,MAÍZ GRANO,0,0,0,0,0,0,0,0,0,0,0,0,0,0,1.0986122886681098,0.0,2.3978952727983707,4.882801922586371,14.317954150452177,1.6094379124341003,14.839495201010253,4.6123714791661845,15.675608973805897,7.945468907098267,14.312414117977749,2.613006652415316,2.613006652415316,12.63505992543248,0.0,MAÍZ GRANO
S0687,-98.9424005,19.6208555,32719.0,10.395711227902456,15,MEX-132D|Ecatepec - Pirámides (Cuota),112_34,False,2.0,1,100,10.0,149,225742.0,36,0.0325725828600792,823102.0,0.0337746719118651,10.488313118635954,349,0.0339796639709552,172.38069793972278,120,4063.61,119385413.67,11.0,1.2711203394883956,0.629489542549605,0.529885988074643,0.0,True,federal,Carretera,Con pavimento,Asfalto,Si,Federal,Fed.,Un sentido,MAÍZ GRANO,0,0,0,0,0,0,0,0,0,0,0,0,0,0,1.0986122886681098,0.6931471805599453,2.3978952727983707,5.0106352940962555,12.327152463046543,3.6109179126442243,13.620836623711718,4.611813959461362,15.085820109399894,5.15548974292393,4.795790545596741,8.310073076419874,8.310073076419874,18.597867596268593,0.0,MAÍZ GRANO
S0688,-98.912889,19.631618,37485.5,10.531709470517004,15,MEX-132D|Ecatepec - Pirámides (Cuota),112_34,False,2.0,0,30,7.0,193,201876.0,39,0.0367601894232102,485716.0,0.0689703448105477,9.756259816093657,357,0.0387938576444418,441.499855832681,6449,4063.61,119385413.67,11.0,1.2711203394883956,0.629489542549605,0.529885988074643,0.0,True,federal,Calle,FALTANTE,FALTANTE,No,FALTANTE,FALTANTE,Dos sentidos,MAÍZ GRANO,0,0,0,0,0,0,0,0,0,0,0,0,0,0,1.0986122886681098,0.0,2.0794415416798357,5.267858159063328,12.215413880030725,3.6888794541139363,13.093381428750757,4.60952718966114,14.973441518027448,6.09244013864608,8.771835409789817,8.310073076419874,8.310073076419874,18.597867596268593,0.0,MAÍZ GRANO
S0689,-98.869499,19.667136,15231.0,9.631088103615504,15,MEX-132D|Ecatepec - Pirámides (Cuota),113_34,False,2.0,-1,50,7.0,223,72479.0,34,0.1279267098055988,321829.0,0.1319862411404814,9.8644143998558,359,0.0938541128497633,233.7364583311352,6042,3981.84,116573481.61,13.0,1.3939278581783137,0.4236734775882506,0.2781126313463122,0.0,True,federal,Avenida,FALTANTE,FALTANTE,No,FALTANTE,FALTANTE,Dos sentidos,MAÍZ GRANO,0,0,0,0,0,0,0,0,0,0,0,0,0,0,1.0986122886681098,0.0,2.0794415416798357,5.4116460518550396,11.191065940716861,3.5553480614894135,12.68177873480115,4.609933084851291,14.076929760616878,5.4584634309341284,8.706655856361559,8.289750411649194,8.289750411649194,18.57403238414675,0.0,MAÍZ GRANO
S0690,-99.260899,19.457197,106335.0,11.574349766957228,15,MEX-134|Naucalpan - Toluca,111_33,False,2.0,0,60,7.0,9,791532.0,12,0.0073995744960405,2409987.0,0.01270587766656,11.508718771576904,224,0.0112578891084865,2872.4994767998,476,702.89,11204341.81,3.0,0.6269488463963906,0.6828949053194668,0.0699967277952453,0.0,False,federal,Carretera,Con pavimento,Asfalto,No,Federal,Fed.,Un sentido,MAÍZ GRANO,0,0,0,0,0,0,0,0,0,0,0,0,0,0,1.0986122886681098,0.0,2.0794415416798357,2.302585092994046,13.581726850422072,2.5649493574615367,14.69513232620133,4.609351987937107,15.96468896096864,7.963285895870104,6.1675164908883415,6.5566220939497395,6.5566220939497395,16.23181201200223,0.0,MAÍZ GRANO
S0691,-99.329793,19.438153,17140.0,9.749170192151771,15,MEX-134|Naucalpan - Toluca,111_33,False,2.0,0,60,7.0,12,75240.0,49,0.2648325358851675,531477.0,0.1184228103944291,11.094487006523549,293,0.0256432389015184,338.68086073180893,146,702.89,11204341.81,3.0,0.6269488463963906,0.6828949053194668,0.0699967277952453,0.0,False,federal,Carretera,Con pavimento,Asfalto,No,Federal,Fed.,Dos sentidos,MAÍZ GRANO,0,0,0,0,0,0,0,0,0,0,0,0,0,0,1.0986122886681098,0.0,2.0794415416798357,2.5649493574615367,11.228451574129409,3.912023005428146,13.183417083621473,4.61215814472589,15.527093060506456,5.828006531900773,4.990432586778736,6.5566220939497395,6.5566220939497395,16.23181201200223,0.0,MAÍZ GRANO
S0692,-99.487517,19.416017,14103.0,9.55414281969224,15,MEX-134|Naucalpan - Toluca,110_33,False,2.0,0,40,7.0,10,110741.0,45,0.2983809068005526,234749.0,0.3038777587976946,9.444351654624768,425,0.1785560031844018,478.24119911592857,1820,1592.7599999999998,87832346.91999999,11.0,0.7419650582525518,0.8236457470051985,0.0812865717371104,0.0,False,federal,Carretera,Con pavimento,Asfalto,No,Federal,Fed.,Dos sentidos,MAÍZ GRANO,0,0,0,0,0,0,0,0,0,0,0,0,0,0,1.0986122886681098,0.0,2.0794415416798357,2.3978952727983707,11.614958450535346,3.828641396489095,12.366276397070509,4.605705243968462,14.099921536216138,6.1722040178884425,7.507141079727608,7.3738512833968555,7.3387321762590245,18.290940418087512,0.0,MAÍZ GRANO
S0693,-99.553422,19.3792125,39441.5,10.582573840447717,15,MEX-134|Naucalpan - Toluca,110_32,False,2.0,1,80,8.0,48,137872.0,33,0.1307662179412788,521043.0,0.1285594471089718,9.99247372542396,413,0.128785230811906,665.9835185459513,5229,14566.5,466115495.56000006,11.0,0.448786951406549,0.9120241650362132,0.2237668623210792,0.0,False,federal,Carretera,Con pavimento,Asfalto,Si,Estatal,Mex.,Un sentido,MAÍZ GRANO,0,0,0,0,0,0,0,0,0,0,0,0,0,0,1.0986122886681098,0.6931471805599453,2.1972245773362196,3.8918202981106265,11.834088250557572,3.5263605246161616,13.1635897701446,4.60812139515461,14.396665280068346,6.502765335784171,8.56216655705897,9.58654829901723,9.58654829901723,19.95994400807628,0.0,MAÍZ GRANO
S0694,-99.5534015,19.37922,28868.0,10.270488994192164,15,MEX-134|Naucalpan - Toluca,110_32,False,2.0,1,80,8.0,48,137872.0,33,0.1307662179412788,521043.0,0.1285594471089718,9.99247372542396,413,0.128785230811906,667.8702560418715,5229,14566.5,466115495.56000006,11.0,0.448786951406549,0.9120241650362132,0.2237668623210792,0.0,False,federal,Carretera,Con pavimento,Asfalto,Si,Estatal,Mex.,Un sentido,MAÍZ GRANO,0,0,0,0,0,0,0,0,0,0,0,0,0,0,1.0986122886681098,0.6931471805599453,2.1972245773362196,3.8918202981106265,11.834088250557572,3.5263605246161616,13.1635897701446,4.60812139515461,14.396665280068346,6.5055901041628434,8.56216655705897,9.58654829901723,9.58654829901723,19.95994400807628,0.0,MAÍZ GRANO
S0695,-99.5724535,19.3639185,65836.0,11.09492208016396,15,MEX-134|Naucalpan - Toluca,110_32,False,3.0,0,60,10.5,199,122458.0,25,0.0802560878015319,599375.0,0.0847599582898852,10.151814878338516,439,0.1216586245132936,637.4490359688808,8406,14566.5,466115495.56000006,11.0,0.448786951406549,0.9120241650362132,0.2237668623210792,0.0,False,federal,Carretera,Con pavimento,Asfalto,No,Federal,Fed.,Un sentido,MAÍZ GRANO,0,0,0,0,0,0,0,0,0,0,0,0,0,0,1.3862943611198906,0.0,2.4423470353692043,5.298317366548036,11.715531559066871,3.258096538021482,13.303644393023037,4.608399848266557,14.496084525922102,6.459041853914003,9.036819971135296,9.58654829901723,9.58654829901723,19.95994400807628,0.0,MAÍZ GRANO
S0696,-99.630687,19.3169105,62833.0,11.048235692148234,15,MEX-134|Naucalpan - Toluca,109_32,False,2.0,0,50,7.0,397,472524.0,15,0.0013755915043468,1055717.0,0.0338149333580874,11.245258111633351,435,0.112308664278877,806.0072759722055,35292,14566.5,466115495.56000006,11.0,0.448786951406549,0.9120241650362132,0.2237668623210792,0.0,False,federal,Avenida,FALTANTE,FALTANTE,No,FALTANTE,FALTANTE,Un sentido,MAÍZ GRANO,0,0,0,0,0,0,0,0,0,0,0,0,0,0,1.0986122886681098,0.0,2.0794415416798357,5.986452005284438,13.065845934569158,2.772588722239781,13.869731662130812,4.610247137922534,14.555380529053439,6.6933326843039085,10.471439922974001,9.58654829901723,9.58654829901723,19.95994400807628,0.0,MAÍZ GRANO
S0697,-98.9411695,19.3801015,103816.0,11.550375380417066,15,MEX-136|Los Reyes - Zacatepec,112_32,False,3.0,0,50,9.0,40,982246.0,24,0.0065604746672422,2766987.0,0.0104163843198395,9.905168351704042,354,0.0132596650507282,204.52297340146433,8742,59.0,808214.1099999999,5.0,1.4005590952721112,0.4067796610169492,0.0,0.0,False,federal,Carretera,Con pavimento,Concreto,No,Federal,Fed.,Un sentido,AVENA GRANO,0,0,0,0,0,0,0,0,0,0,0,0,0,0,1.3862943611198906,0.0,2.302585092994046,3.713572066704308,13.797598083203773,3.2188758248682006,14.83326992193277,4.611417060886751,15.765810628626815,5.325557820395805,9.076008659180891,4.0943445622221,4.0943445622221,13.602583527319105,0.0,AVENA GRANO
S0698,-98.9201615,19.413169,89865.0,11.406063823186136,15,MEX-136|Los Reyes - Zacatepec,112_33,False,3.0,0,30,9.0,107,1006443.0,34,0.0109126895412854,1370767.0,0.0250604223766694,9.448613867473108,303,0.0153596367092748,1707.1395168342897,9641,5625.68,191336722.06,34.0,1.6852968996227324,0.4033592383498528,0.4982526556789579,0.0,False,federal,Calle,FALTANTE,FALTANTE,No,FALTANTE,FALTANTE,Un sentido,AVENA FORRAJERA EN VERDE,0,0,0,0,0,0,0,0,0,0,0,0,0,0,1.3862943611198906,0.0,2.302585092994046,4.68213122712422,13.821933884163393,3.5553480614894135,14.130881724677433,4.610275768603968,15.687266426101324,7.443160055341742,9.173883834965567,8.635274849147278,8.633406996474067,19.06954538180026,0.0,AVENA FORRAJERA EN VERDE
S0699,-98.890024,19.476923,56001.0,10.933124826700707,15,MEX-136|Los Reyes - Zacatepec,113_33,False,1.0,0,40,6.0,23,146721.0,51,0.1196693043258974,1231696.0,0.0383308868422078,9.653107341513577,297,0.0309246405552801,686.6047390297946,486,5625.68,191336722.06,34.0,1.6852968996227324,0.4033592383498528,0.4982526556789579,0.0,False,federal,Carretera,Con pavimento,Asfalto,No,Municipal,Mex.,Dos sentidos,AVENA FORRAJERA EN VERDE,0,0,0,0,0,0,0,0,0,0,0,0,0,0,0.6931471805599453,0.0,1.9459101490553132,3.1780538303479458,11.896294918804147,3.9512437185814275,14.023903451268575,4.6103286664974075,15.05010053629755,6.533214165616698,6.18826412308259,8.635274849147278,8.633406996474067,19.06954538180026,0.0,AVENA FORRAJERA EN VERDE
S0700,-98.8581035,19.5271505,40834.0,10.617270346696143,15,MEX-136|Los Reyes - Zacatepec,113_33,False,2.0,-1,30,7.0,7,156647.0,48,0.1512189828084802,385470.0,0.1542117415103639,10.377439656894667,315,0.0586528917453772,173.51607536302413,46,5625.68,191336722.06,34.0,1.6852968996227324,0.4033592383498528,0.4982526556789579,0.0,False,federal,Calle,FALTANTE,FALTANTE,No,FALTANTE,FALTANTE,Dos sentidos,AVENA FORRAJERA EN VERDE,0,0,0,0,0,0,0,0,0,0,0,0,0,0,1.0986122886681098,0.0,2.0794415416798357,2.0794415416798357,11.961756528983162,3.8918202981106265,12.86222124217788,4.609358207158655,14.39280290519033,5.162016859823679,3.8501476017100584,8.635274849147278,8.633406996474067,19.06954538180026,0.0,AVENA FORRAJERA EN VERDE
S0701,-98.8261445,19.5458545,36793.0,10.513062888672096,15,MEX-136|Los Reyes - Zacatepec,113_33,False,2.0,0,80,8.0,12,66616.0,47,0.3187072174852888,343669.0,0.1280214392336812,10.419328492644384,318,0.0648715241939844,160.1623918671937,69,5625.68,191336722.06,34.0,1.6852968996227324,0.4033592383498528,0.4982526556789579,0.0,False,federal,Carretera,Con pavimento,Asfalto,No,Federal,Fed.,Un sentido,AVENA FORRAJERA EN VERDE,0,0,0,0,0,0,0,0,0,0,0,0,0,0,1.0986122886681098,0.0,2.1972245773362196,2.5649493574615367,11.106715079211655,3.871201010907891,12.747437173604997,4.609399734245639,14.346922619413869,5.0824125017816,4.248495242049359,8.635274849147278,8.633406996474067,19.06954538180026,0.0,AVENA FORRAJERA EN VERDE
S0702,-98.7947415,19.550976,18448.0,9.82271124250884,15,MEX-136|Los Reyes - Zacatepec,113_33,False,2.0,0,80,8.0,22,27987.0,30,0.3131453889305749,194214.0,0.2067822093154973,10.563860690060109,312,0.1099472012161448,637.6194929567865,1566,3152.36,45231500.190000005,16.0,1.6705473405280007,0.3334010074991435,0.0517707368447766,0.0,False,federal,Carretera,Con pavimento,Asfalto,No,Federal,Fed.,Un sentido,CEBADA GRANO,0,0,0,0,0,0,0,0,0,0,0,0,0,0,1.0986122886681098,0.0,2.1972245773362196,3.1354942159291497,10.239531125865787,3.4339872044851463,12.176721071815315,4.608200473971427,13.796799594586153,6.459308804332179,7.356918242356021,8.056223830001677,8.056223830001677,17.627304331042534,0.0,CEBADA GRANO
S0703,-98.7265775,19.558189,15884.0,9.673067592251142,15,MEX-136|Los Reyes - Zacatepec,113_33,False,2.0,0,80,8.0,5,7125.0,11,0.4057543859649122,44742.0,0.2223861248938357,9.343730238590371,215,0.1679046984869936,799.3165587511515,2,3152.36,45231500.190000005,16.0,1.6705473405280007,0.3334010074991435,0.0517707368447766,0.0,False,federal,Carretera,Con pavimento,Asfalto,No,Federal,Fed.,Un sentido,CEBADA GRANO,0,0,0,0,0,0,0,0,0,0,0,0,0,0,1.0986122886681098,0.0,2.1972245773362196,1.791759469228055,8.871505346165781,2.4849066497880004,10.708690286886394,4.605316193423981,13.047734654298749,6.685007347838885,1.0986122886681098,8.056223830001677,8.056223830001677,17.627304331042534,0.0,CEBADA GRANO
S0704,-98.55159525,19.58510725,21968.5,9.997364888127471,21,MEX-136|Los Reyes - Zacatepec,114_33,False,2.0,0,10,7.0,126,0.0,0,0.2294825956519952,0.0,0.2492112922594695,9.16571748878924,24,0.6032999075456937,15246.638382376756,887,11155.15,285941953.71,32.0,1.356536405904324,0.7219983595021134,0.1712034351846456,0.0,False,federal,Privada,FALTANTE,FALTANTE,No,FALTANTE,FALTANTE,Dos sentidos,MAÍZ GRANO,0,1,1,1,1,0,0,0,0,0,0,0,0,0,1.0986122886681098,0.0,2.0794415416798357,4.844187086458591,0.0,0.0,0.0,4.60540340767597,9.551231402759107,9.632179909871468,6.78897174299217,9.319746194336442,9.317453351172382,19.47129939262642,0.0,MAÍZ GRANO
S0705,-98.478544,19.523813,19197.0,9.86250929580757,21,MEX-136|Los Reyes - Zacatepec,114_33,False,2.0,0,50,9.0,6,0.0,0,0.2294825956519952,0.0,0.2492112922594695,9.16571748878924,27,0.527744415085275,11014.094205926096,887,11155.15,285941953.71,32.0,1.356536405904324,0.7219983595021134,0.1712034351846456,0.0,False,federal,Carretera,Con pavimento,Asfalto,No,Federal,Fed.,Dos sentidos,MAÍZ GRANO,0,1,1,1,1,0,0,0,0,0,0,0,0,0,1.0986122886681098,0.0,2.302585092994046,1.9459101490553132,0.0,0.0,0.0,4.60540340767597,9.943477200752287,9.307021811712453,6.78897174299217,9.319746194336442,9.317453351172382,19.47129939262642,0.0,MAÍZ GRANO
S0706,-98.453994,19.513568,22426.0,10.017976279020829,21,MEX-136|Los Reyes - Zacatepec,114_33,False,2.0,0,80,9.0,20,0.0,0,0.2294825956519952,0.0,0.2492112922594695,9.16571748878924,26,0.4655866043274981,12092.419781610495,887,11155.15,285941953.71,32.0,1.356536405904324,0.7219983595021134,0.1712034351846456,0.0,False,federal,Carretera,Con pavimento,Asfalto,No,Federal,Fed.,Un sentido,MAÍZ GRANO,0,1,1,1,1,0,0,0,0,0,0,0,0,0,1.0986122886681098,0.0,2.302585092994046,3.044522437723423,0.0,0.0,0.0,4.60540340767597,9.819834167538875,9.400416763959655,6.78897174299217,9.319746194336442,9.317453351172382,19.47129939262642,0.0,MAÍZ GRANO
S0707,-98.346214,19.4746585,23045.5,10.045225801599647,21,MEX-136|Los Reyes - Zacatepec,115_33,False,2.0,0,30,7.0,189,0.0,0,0.2294825956519952,0.0,0.2492112922594695,9.16571748878924,8,1.0,17782.74015099667,5,11155.15,285941953.71,32.0,1.356536405904324,0.7219983595021134,0.1712034351846456,0.0,False,federal,Calle,FALTANTE,FALTANTE,No,FALTANTE,FALTANTE,Dos sentidos,MAÍZ GRANO,0,1,1,1,1,0,0,0,0,0,0,0,0,0,1.0986122886681098,0.0,2.0794415416798357,5.247024072160486,0.0,0.0,0.0,4.60540340767597,8.52793528794814,9.786039844144835,1.791759469228055,9.319746194336442,9.317453351172382,19.47129939262642,0.0,MAÍZ GRANO
S0708,-98.2953125,19.4838185,32250.0,10.38127332222392,21,MEX-136|Los Reyes - Zacatepec,115_33,False,2.0,0,80,9.0,165,0.0,0,0.2294825956519952,0.0,0.2492112922594695,9.16571748878924,0,0.217280653216424,22468.957754426407,721,4990.049999999999,185257485.07,39.0,1.478404954781512,0.7015961763910182,0.4833218104027014,0.0,False,federal,Carretera,Con pavimento,Asfalto,No,Federal,Fed.,Un sentido,MAÍZ GRANO,0,1,1,1,1,1,0,0,0,0,0,0,0,0,1.0986122886681098,0.0,2.302585092994046,5.111987788356544,0.0,0.0,0.0,4.60540340767597,0.0,10.019934485089776,6.582025138892826,8.515401587451887,8.512060039304489,19.03725723195826,0.0,MAÍZ GRANO
S0709,-98.280832,19.4845215,23341.0,10.057966749824187,21,MEX-136|Los Reyes - Zacatepec,115_33,False,2.0,0,80,9.0,55,0.0,0,0.2294825956519952,0.0,0.2492112922594695,9.16571748878924,0,0.217280653216424,23455.16269188099,721,4990.049999999999,185257485.07,39.0,1.478404954781512,0.7015961763910182,0.4833218104027014,0.0,False,federal,Carretera,Con pavimento,Asfalto,No,Federal,Fed.,Un sentido,MAÍZ GRANO,0,1,1,1,1,1,0,0,0,0,0,0,0,0,1.0986122886681098,0.0,2.302585092994046,4.02535169073515,0.0,0.0,0.0,4.60540340767597,0.0,10.062888540707727,6.582025138892826,8.515401587451887,8.512060039304489,19.03725723195826,0.0,MAÍZ GRANO
S0710,-98.2157095,19.423818,25902.0,10.162075464783532,21,MEX-136|Los Reyes - Zacatepec,115_33,False,2.0,0,50,9.0,71,0.0,0,0.2294825956519952,0.0,0.2492112922594695,9.16571748878924,0,0.217280653216424,24471.03622276633,721,4990.049999999999,185257485.07,39.0,1.478404954781512,0.7015961763910182,0.4833218104027014,0.0,False,federal,Carretera,Con pavimento,Asfalto,No,Federal,Fed.,Un sentido,MAÍZ GRANO,0,1,1,1,1,1,0,0,0,0,0,0,0,0,1.0986122886681098,0.0,2.302585092994046,4.276666119016055,0.0,0.0,0.0,4.60540340767597,0.0,10.105286366001527,6.582025138892826,8.515401587451887,8.512060039304489,19.03725723195826,0.0,MAÍZ GRANO
S0711,-98.1821225,19.397272,34395.0,10.445666483960114,21,MEX-136|Los Reyes - Zacatepec,115_33,False,2.0,0,80,10.0,136,0.0,0,0.2294825956519952,0.0,0.2492112922594695,9.16571748878924,0,0.217280653216424,25828.558071042116,134,4990.049999999999,185257485.07,39.0,1.478404954781512,0.7015961763910182,0.4833218104027014,0.0,False,federal,Carretera,Con pavimento,Asfalto,No,Federal,Fed.,Un sentido,MAÍZ GRANO,0,1,1,1,1,1,0,0,0,0,0,0,0,0,1.0986122886681098,0.0,2.3978952727983707,4.919980925828125,0.0,0.0,0.0,4.60540340767597,0.0,10.159274776808491,4.90527477843843,8.515401587451887,8.512060039304489,19.03725723195826,0.0,MAÍZ GRANO
S0712,-98.152137,19.40875425,35472.5,10.476513027381468,21,MEX-136|Los Reyes - Zacatepec,116_33,False,2.0,0,30,7.0,779,0.0,0,0.2294825956519952,0.0,0.2492112922594695,9.16571748878924,0,0.217280653216424,26969.719315665887,35,7537.150000000001,77685324.42999999,9.0,0.3564393591950904,0.9224972303854904,0.0348341216507565,0.0,False,federal,Calle,FALTANTE,FALTANTE,No,FALTANTE,FALTANTE,Dos sentidos,MAÍZ GRANO,0,1,1,1,1,1,0,0,0,0,0,0,0,0,1.0986122886681098,0.0,2.0794415416798357,6.659293919683638,0.0,0.0,0.0,4.60540340767597,0.0,10.202507086733466,3.58351893845611,8.927732072806595,8.925407849378708,18.16817693559646,0.0,MAÍZ GRANO
S0713,-98.1152345,19.4132415,34796.0,10.457257716627431,21,MEX-136|Los Reyes - Zacatepec,116_33,False,2.0,0,50,7.0,268,0.0,0,0.2294825956519952,0.0,0.2492112922594695,9.16571748878924,0,0.217280653216424,26081.032603362873,52,13001.98,153048429.64000002,15.0,0.8500174686117283,0.8106057692751412,0.0361352655518621,0.0,False,federal,Prolongación,FALTANTE,FALTANTE,No,FALTANTE,FALTANTE,Dos sentidos,MAÍZ GRANO,0,1,1,1,1,1,0,0,0,0,0,0,0,0,1.0986122886681098,0.0,2.0794415416798357,5.594711379601839,0.0,0.0,0.0,4.60540340767597,0.0,10.169001950249148,3.970291913552122,9.472933840943545,9.465614948508726,18.846264969399172,0.0,MAÍZ GRANO
S0714,-98.0893125,19.405267,39507.0,10.58423315037833,21,MEX-136|Los Reyes - Zacatepec,116_33,False,2.0,0,50,10.0,43,0.0,0,0.2294825956519952,0.0,0.2492112922594695,9.16571748878924,0,0.217280653216424,23984.867221010667,52,13001.98,153048429.64000002,15.0,0.8500174686117283,0.8106057692751412,0.0361352655518621,0.0,False,federal,Carretera,Con pavimento,Asfalto,No,Federal,Fed.,Un sentido,MAÍZ GRANO,0,1,1,1,1,1,0,0,0,0,0,0,0,0,1.0986122886681098,0.0,2.3978952727983707,3.784189633918261,0.0,0.0,0.0,4.60540340767597,0.0,10.085220070089305,3.970291913552122,9.472933840943545,9.465614948508726,18.846264969399172,0.0,MAÍZ GRANO
S0715,-98.0525625,19.389654,29524.0,10.292958770889944,21,MEX-136|Los Reyes - Zacatepec,116_33,False,2.0,0,50,10.0,50,0.0,0,0.2294825956519952,0.0,0.2492112922594695,9.16571748878924,0,0.217280653216424,21590.29922110022,52,13001.98,153048429.64000002,15.0,0.8500174686117283,0.8106057692751412,0.0361352655518621,0.0,False,federal,Carretera,Con pavimento,Asfalto,No,Federal,Fed.,Un sentido,MAÍZ GRANO,0,1,1,1,1,1,0,0,0,0,0,0,0,0,1.0986122886681098,0.0,2.3978952727983707,3.9318256327243257,0.0,0.0,0.0,4.60540340767597,0.0,9.980045698683016,3.970291913552122,9.472933840943545,9.465614948508726,18.846264969399172,0.0,MAÍZ GRANO
S0716,-97.9532275,19.325247,28811.0,10.26851253764627,21,MEX-136|Los Reyes - Zacatepec,116_32,False,2.0,0,80,10.0,5,0.0,0,0.2294825956519952,0.0,0.2492112922594695,9.16571748878924,39,0.2105702727391361,13734.720045990802,3,5284.0,128576263.73000002,13.0,1.0861771653499197,0.7392127176381529,0.1483724451173353,0.0359576078728236,False,federal,Carretera,Con pavimento,Asfalto,No,Federal,Fed.,Un sentido,MAÍZ GRANO,0,1,1,1,1,0,0,0,0,0,0,0,0,0,1.0986122886681098,0.0,2.3978952727983707,1.791759469228055,0.0,0.0,0.0,4.60540340767597,10.553622842502783,9.52775502132643,1.3862943611198906,8.572627898304338,8.53503310954457,18.67203278609253,0.03532622395840843,MAÍZ GRANO
S0717,-97.884836,19.315319,24105.0,10.090174566839725,21,MEX-136|Los Reyes - Zacatepec,117_32,False,2.0,0,80,7.0,7,0.0,0,0.2294825956519952,5023.0,0.0061716105912801,7.399067357512954,74,0.2084259534769748,6517.658034919615,3,5284.0,128576263.73000002,13.0,1.0861771653499197,0.7392127176381529,0.1483724451173353,0.0359576078728236,False,federal,Carretera,Con pavimento,Asfalto,No,Federal,Fed.,Un sentido,MAÍZ GRANO,0,1,0,0,0,0,0,0,0,0,0,0,0,0,1.0986122886681098,0.0,2.0794415416798357,2.0794415416798357,0.0,0.0,8.521981708148035,4.606296437066005,10.953154665021064,8.782423810871176,1.3862943611198906,8.572627898304338,8.53503310954457,18.67203278609253,0.03532622395840843,MAÍZ GRANO
S0718,-97.80044,19.306796749999997,21242.0,9.963735632881486,21,MEX-136|Los Reyes - Zacatepec,117_32,False,2.0,0,80,7.0,20,27.0,2,1.0,29594.0,0.2490707575859971,8.510098132106119,103,0.3478543000519121,2765.830300654308,3,5284.0,128576263.73000002,13.0,1.0861771653499197,0.7392127176381529,0.1483724451173353,0.0359576078728236,False,federal,Carretera,Con pavimento,Asfalto,No,Federal,Fed.,Un sentido,MAÍZ GRANO,0,0,0,0,0,0,0,0,0,0,0,0,0,0,1.0986122886681098,0.0,2.0794415416798357,3.044522437723423,3.332204510175204,1.0986122886681098,10.295360707124825,4.607086680962252,11.146907006028343,7.925457648182404,1.3862943611198906,8.572627898304338,8.53503310954457,18.67203278609253,0.03532622395840843,MAÍZ GRANO
S0719,-97.781271,19.303677,12954.0,9.469159899742865,21,MEX-136|Los Reyes - Zacatepec,117_32,False,2.0,0,80,7.0,66,696.0,5,1.0,32100.0,0.3076947040498442,8.40627870693959,128,0.3398372908261128,2695.1015338855427,24,5284.0,128576263.73000002,13.0,1.0861771653499197,0.7392127176381529,0.1483724451173353,0.0359576078728236,False,federal,Carretera,Con pavimento,Asfalto,No,Federal,Fed.,Dos sentidos,MAÍZ GRANO,0,0,0,0,0,0,0,0,0,0,0,0,0,0,1.0986122886681098,0.0,2.0794415416798357,4.204692619390966,6.546785410760524,1.791759469228055,10.376642461280849,4.60726493462116,11.233158650714929,7.899562132259816,3.2188758248682006,8.572627898304338,8.53503310954457,18.67203278609253,0.03532622395840843,MAÍZ GRANO
S0720,-97.6503215,19.320629500000003,6742.5,8.816186055013885,21,MEX-136|Los Reyes - Zacatepec,118_32,False,2.0,0,30,7.0,199,6.0,2,1.0,17577.0,0.3584798315981111,8.44360477741585,194,0.4014954587350739,1962.400955697776,4,6687.0,163840087.24,16.0,1.08456641727934,0.737101839389861,0.1133542694780918,0.0,False,federal,Calle,FALTANTE,FALTANTE,No,FALTANTE,FALTANTE,Dos sentidos,MAÍZ GRANO,0,0,0,0,0,0,0,0,0,0,0,0,0,0,1.0986122886681098,0.0,2.0794415416798357,5.298317366548036,1.9459101490553132,1.0986122886681098,9.77440339912459,4.60245361867133,11.477919855771413,7.582433430014835,1.6094379124341003,8.808070154764538,8.808070154764538,18.91440143838949,0.0,MAÍZ GRANO
S0721,-97.543684,19.271408,5763.0,8.659213451436667,21,MEX-136|Los Reyes - Zacatepec,118_32,False,2.0,0,80,7.0,0,3076.0,9,1.0,11520.0,0.6935763888888888,6.449820270033316,168,0.4203314840338665,1309.8942703881398,1694,6687.0,163840087.24,16.0,1.08456641727934,0.737101839389861,0.1133542694780918,0.0,False,federal,Carretera,Con pavimento,Asfalto,No,Federal,Fed.,Dos sentidos,MAÍZ GRANO,0,0,0,0,0,0,0,0,0,0,0,0,0,0,1.0986122886681098,0.0,2.0794415416798357,0.0,8.031710375322042,2.302585092994046,9.351926736038054,4.597704937616263,11.366048269109468,7.178464832447503,7.43543801981455,8.808070154764538,8.808070154764538,18.91440143838949,0.0,MAÍZ GRANO
S0722,-98.772063,19.548886,2411.0,7.787796878181171,15,MEX-136|Paso por Santo Tomás,113_33,False,2.0,0,80,8.0,3,24589.0,20,0.2762617430558379,108912.0,0.2749651094461584,9.791483744131993,291,0.1122234774168457,675.2179895588265,274,3152.36,45231500.190000005,16.0,1.6705473405280007,0.3334010074991435,0.0517707368447766,0.0,False,federal,Carretera,Con pavimento,Asfalto,No,Federal,Fed.,Dos sentidos,CEBADA GRANO,0,0,0,0,0,0,0,0,0,0,0,0,0,0,1.0986122886681098,0.0,2.1972245773362196,1.3862943611198906,10.110095135210239,3.044522437723423,11.598304677370276,4.606515576022885,13.729913453147399,6.516515493822343,5.616771097666572,8.056223830001677,8.056223830001677,17.627304331042534,0.0,CEBADA GRANO
S0723,-98.739867,19.552312,910.0,6.813444599510896,15,MEX-136|Paso por Santo Tomás,113_33,False,2.0,0,80,8.0,11,14861.0,13,0.1956799677006931,62871.0,0.2165227211273878,9.60376187672083,239,0.1695348662844154,258.87385300677244,5,3152.36,45231500.190000005,16.0,1.6705473405280007,0.3334010074991435,0.0517707368447766,0.0,False,federal,Carretera,Con pavimento,Asfalto,No,Federal,Fed.,Dos sentidos,CEBADA GRANO,0,0,0,0,0,0,0,0,0,0,0,0,0,0,1.0986122886681098,0.0,2.1972245773362196,2.4849066497880004,9.606562898717415,2.6390573296152584,11.04885619254601,4.605627489640911,13.135917109193354,5.560196332534083,1.791759469228055,8.056223830001677,8.056223830001677,17.627304331042534,0.0,CEBADA GRANO
S0724,-99.033653,19.458466,45378.0,10.722782685084084,15,MEX-136D|Peñón - Texcoco (Cuota),112_33,False,2.0,0,80,6.0,10,4424.0,2,0.0009041591320072,3100500.0,0.000533462344783,10.979944607302922,202,0.0045508609206023,4138.740185617736,4,5673.655000000001,191336722.06,14.0,1.2687202524271144,0.6437454279444038,0.178774378529101,0.0,True,federal,Carretera,Con pavimento,Asfalto,Si,Federal,Fed.,Un sentido,FALTANTE,0,0,0,0,0,0,1,1,1,1,1,1,1,1,1.0986122886681098,0.0,1.9459101490553132,2.3978952727983707,8.39502555744203,1.0986122886681098,14.947074269300643,4.612475885878285,16.316415057032117,8.328388307752887,1.6094379124341003,8.643765047550096,8.633406996474067,19.06954538180026,0.0,OTROS
S0725,-98.900173,19.5055155,37452.0,10.53081539205878,15,MEX-136D|Peñón - Texcoco (Cuota),112_33,False,2.0,0,90,8.0,49,167660.0,45,0.0866038411070022,579508.0,0.0976086611401395,10.298285498815282,297,0.0221012045629802,277.7019874549915,3603,5625.68,191336722.06,34.0,1.6852968996227324,0.4033592383498528,0.4982526556789579,0.0,True,federal,Carretera,Con pavimento,Asfalto,Si,Federal,Fed.,Un sentido,AVENA FORRAJERA EN VERDE,0,0,0,0,0,0,0,0,0,0,0,0,0,0,1.0986122886681098,0.0,2.1972245773362196,3.912023005428146,12.029699362625928,3.828641396489095,13.269936472271198,4.610348367045578,15.36325943229186,5.630143065624986,8.189799618728228,8.635274849147278,8.633406996474067,19.06954538180026,0.0,AVENA FORRAJERA EN VERDE
S0726,-98.925619,19.600686,18228.0,9.810714152383774,15,MEX-136D|T. Aut. (Peñón-Texcoco) - Ent. Acolman,112_33,False,2.0,0,80,7.0,18,257011.0,42,0.0386131332900148,439517.0,0.0808887938350507,9.78865510635006,347,0.0336787638876413,469.7563884593508,113,317.06,7231210.02,4.0,0.7806051007726641,0.7569545196492777,0.6341386488361824,0.0,True,federal,Carretera,Con pavimento,Asfalto,Si,Federal,Fed.,Un sentido,MAÍZ GRANO,0,0,0,0,0,0,0,0,0,0,0,0,0,0,1.0986122886681098,0.0,2.0794415416798357,2.9444389791664403,12.456878055394295,3.7612001156935624,12.993433950900108,4.60946609374264,15.067054211969197,6.154340738256333,4.736198448394496,5.76224004422777,5.76224004422777,15.793917079416941,0.0,MAÍZ GRANO
S0727,-98.8947535,19.4814155,59228.0,10.989149682028607,15,MEX-142|San Bernardino - Tepexpan,113_33,False,3.0,0,30,10.0,21,161164.0,49,0.097875456057184,1242133.0,0.0392131921460906,9.655511003909492,299,0.0310718286848956,483.7989762045363,8537,5625.68,191336722.06,34.0,1.6852968996227324,0.4033592383498528,0.4982526556789579,0.0,False,federal,Calle,FALTANTE,FALTANTE,No,FALTANTE,FALTANTE,Un sentido,AVENA FORRAJERA EN VERDE,0,0,0,0,0,0,0,0,0,0,0,0,0,0,1.3862943611198906,0.0,2.3978952727983707,3.091042453358316,11.990183963892271,3.912023005428146,14.032341426154995,4.610274430936744,15.052047449959518,6.183734322963552,9.052282067317908,8.635274849147278,8.633406996474067,19.06954538180026,0.0,AVENA FORRAJERA EN VERDE
S0728,-98.89477675,19.5072205,78143.0,11.266295760500698,15,MEX-142|San Bernardino - Tepexpan,112_33,False,2.0,0,30,7.0,51,181139.0,47,0.0761404225484296,395050.0,0.149603847614226,10.351911559941469,302,0.0221130330572377,490.44673914415574,1725,5625.68,191336722.06,34.0,1.6852968996227324,0.4033592383498528,0.4982526556789579,0.0,False,federal,Calle,FALTANTE,FALTANTE,No,FALTANTE,FALTANTE,Dos sentidos,AVENA FORRAJERA EN VERDE,0,0,0,0,0,0,0,0,0,0,0,0,0,0,1.0986122886681098,0.0,2.0794415416798357,3.9512437185814275,12.107025491928939,3.871201010907891,12.886770149472824,4.609257688849494,15.366164241519463,6.197353569817476,7.453561871643373,8.635274849147278,8.633406996474067,19.06954538180026,0.0,AVENA FORRAJERA EN VERDE
S0729,-98.9118315,19.5568665,75913.0,11.237343226714684,15,MEX-142|San Bernardino - Tepexpan,112_33,False,3.0,0,80,10.0,24,160925.0,39,0.1100636942675159,505372.0,0.0895617485733281,10.199015025735504,328,0.0217845594134392,315.6198793042965,19823,2452.45,58233975.77,13.0,1.0971333664837728,0.6702154987869274,0.593011070562091,0.0,False,federal,Carretera,Con pavimento,Asfalto,No,Federal,Fed.,Un sentido,MAÍZ GRANO,0,0,0,0,0,0,0,0,0,0,0,0,0,0,1.3862943611198906,0.0,2.3978952727983707,3.2188758248682006,11.988699910976388,3.6888794541139363,13.133052049477907,4.609558785512251,15.411297721435334,5.757701935445055,9.894648603868923,7.805250476271966,7.805250476271966,17.87997953565962,0.0,MAÍZ GRANO
S0730,-98.942266,19.602688,66100.0,11.098924025839777,15,MEX-142|San Bernardino - Tepexpan,112_33,False,2.0,0,50,8.0,29,226366.0,35,0.0426433298286845,452237.0,0.0629515055159131,9.703726319653445,334,0.0332050026014538,779.0668162458072,18,317.06,7231210.02,4.0,0.7806051007726641,0.7569545196492777,0.6341386488361824,0.0,False,federal,Carretera,Con pavimento,Asfalto,No,Federal,Fed.,Un sentido,MAÍZ GRANO,0,0,0,0,0,0,0,0,0,0,0,0,0,0,1.0986122886681098,0.0,2.1972245773362196,3.4011973816621555,12.329912854969871,3.58351893845611,13.021963868908825,4.609715755036531,15.063309511814701,6.659379577868469,2.9444389791664403,5.76224004422777,5.76224004422777,15.793917079416941,0.0,MAÍZ GRANO
S0731,-98.948977,19.6081845,78753.0,11.27407165120037,15,MEX-142|San Bernardino - Tepexpan,112_33,False,2.0,0,50,8.0,91,224553.0,32,0.0274500897338267,818065.0,0.032067134029692,10.51158754160804,344,0.0327182251142715,962.4147971662344,18,317.06,7231210.02,4.0,0.7806051007726641,0.7569545196492777,0.6341386488361824,0.0,False,federal,Carretera,Con pavimento,Asfalto,No,Federal,Fed.,Un sentido,MAÍZ GRANO,0,0,0,0,0,0,0,0,0,0,0,0,0,0,1.0986122886681098,0.0,2.1972245773362196,4.5217885770490405,12.321871491761815,3.4965075614664802,13.614698296926635,4.611875709038897,15.11061874885049,6.870484053395413,2.9444389791664403,5.76224004422777,5.76224004422777,15.793917079416941,0.0,MAÍZ GRANO
S0732,-100.066913,19.397013,6461.0,8.773539383558166,15,MEX-EM|El Monumento - Tingambato,108_32,False,2.0,0,90,7.0,12,22684.0,22,0.7225357079880091,72629.0,0.7675446447011525,7.358359452462268,277,0.7827520889602455,1132.5776077204505,1551,14691.160000000002,594579956.89,13.0,0.8657148896344052,0.6912061402911682,0.0355424622698275,0.0,False,federal,Carretera,Con pavimento,Asfalto,No,Federal,Fed.,Dos sentidos,MAÍZ GRANO,0,0,0,0,0,0,0,0,0,0,0,0,0,0,1.0986122886681098,0.0,2.0794415416798357,2.5649493574615367,10.029459192098065,3.1354942159291497,11.193133338600214,4.592312954787512,12.440662437968632,7.033133934935475,7.347299700743164,9.595069297160684,9.594626786443001,20.203365761081606,0.0,MAÍZ GRANO
S0733,-100.074064,19.390087,6364.0,8.758412389457677,15,MEX-EM|El Monumento - Tingambato,108_32,False,2.0,0,90,7.0,5,19465.0,18,0.6766503981505266,64678.0,0.8109558118680231,7.150601407252763,271,0.7980544340076567,1799.6428684001353,366,14691.160000000002,594579956.89,13.0,0.8657148896344052,0.6912061402911682,0.0355424622698275,0.0,False,federal,Carretera,Con pavimento,Asfalto,No,Federal,Fed.,Dos sentidos,MAÍZ GRANO,0,0,0,0,0,0,0,0,0,0,0,0,0,0,1.0986122886681098,0.0,2.0794415416798357,1.791759469228055,9.876424632986438,2.9444389791664403,11.077191852841779,4.589407279088858,12.384243935201043,7.49589902923288,5.905361848054571,9.595069297160684,9.594626786443001,20.203365761081606,0.0,MAÍZ GRANO
S0734,-100.115573,19.296571,4827.0,8.481980435660493,15,MEX-EM|El Monumento - Tingambato,107_32,False,2.0,0,90,7.0,8,24009.0,14,0.5633304177600067,67388.0,0.7608773075324984,7.373923250430344,250,0.6961461180257307,2888.8070280057927,2104,7050.32,463673353.61,21.0,1.2687202524271144,0.5665983955338197,0.24701573829273,0.0,False,federal,Carretera,Con pavimento,Asfalto,No,Federal,Fed.,Dos sentidos,MAÍZ GRANO,0,0,0,0,0,0,0,0,0,0,0,0,0,0,1.0986122886681098,0.0,2.0794415416798357,2.1972245773362196,10.086225689215299,2.70805020110221,11.11823707883328,4.585250171449654,12.254972327511835,7.968945006560773,7.652070746116482,8.86097011232276,8.831612613825678,19.95469088514865,0.0,MAÍZ GRANO
S0735,-100.132924,19.233644,7366.0,8.904630097005011,15,MEX-EM|El Monumento - Tingambato,107_32,False,2.0,0,90,7.0,3,38644.0,17,0.3061018528102681,75312.0,0.4651449968132568,8.305639816720898,233,0.6608379031945681,696.6286236765181,1464,5503.99,438271206.2399999,24.0,1.7024850027188865,0.4273118228775852,0.4055875828262769,0.0,False,federal,Carretera,Con pavimento,Asfalto,No,Federal,Fed.,Dos sentidos,MAÍZ GRANO,0,0,0,0,0,0,0,0,0,0,0,0,0,0,1.0986122886681098,0.0,2.0794415416798357,1.3862943611198906,10.562172679540971,2.8903717578961645,11.229408041649222,4.596132590977988,12.104670950059527,6.54768690339938,7.289610521451167,8.613410232624704,8.610863846115313,19.898348471330706,0.0,MAÍZ GRANO
S0736,-100.211522,19.187974,10135.0,9.2237500588861,15,MEX-EM|El Monumento - Tingambato,107_32,False,2.0,0,80,7.0,4,16769.0,18,0.6775001490846204,55982.0,0.4717051909542353,9.187506075334143,211,0.6362767835508325,367.9114817299777,2260,5503.99,438271206.2399999,24.0,1.7024850027188865,0.4273118228775852,0.4055875828262769,0.0,False,federal,Carretera,Con pavimento,Asfalto,No,Estatal,Mex.,Dos sentidos,MAÍZ GRANO,0,0,0,0,0,0,0,0,0,0,0,0,0,0,1.0986122886681098,0.0,2.0794415416798357,1.6094379124341003,9.727346854817254,2.9444389791664403,10.932803352201582,4.609114011776749,11.880661014268327,5.9105567283524305,7.72356247227797,8.613410232624704,8.610863846115313,19.898348471330706,0.0,MAÍZ GRANO
S0737,-100.236704,19.180058,4434.0,8.397057390176256,15,MEX-EM|El Monumento - Tingambato,107_31,False,2.0,0,80,7.0,3,19705.0,22,0.7255518903831515,30051.0,0.820039266580147,8.455621816002397,208,0.6274517174238267,655.1805114327292,696,1570.0600000000002,30155152.74,10.0,0.9089297829024796,0.7441626434658548,0.0781498796224348,0.0,False,federal,Carretera,Con pavimento,Asfalto,No,Estatal,Mex.,Dos sentidos,PASTOS Y PRADERAS,0,0,0,0,0,0,0,0,0,0,0,0,0,0,1.0986122886681098,0.0,2.0794415416798357,1.3862943611198906,9.88867843688242,3.1354942159291497,10.31068449348905,4.6084492214315045,11.798254771838412,6.48643592095877,6.546785410760524,7.359505829760562,7.359505829760562,17.221866403179547,0.0,PASTOS Y PRADERAS
S0738,-98.777901,18.7009,2734.0,7.913521017283895,17,MEX-094D|Jantetelco - El Higuerón (Cuota),113_29,False,2.0,0,110,7.0,11,31541.0,47,0.0869027614850512,64076.0,0.2002465821836569,8.906448463833309,327,0.326416604227513,948.2937827071077,5,5413.0,275445637.20000005,22.0,1.6241794130333815,0.5431368926658046,0.2523554406059486,0.0,True,federal,Carretera,Con pavimento,Asfalto,Si,Federal,Fed.,Dos sentidos,SORGO GRANO,0,0,0,0,0,0,0,0,0,0,0,0,0,0,1.0986122886681098,0.0,2.0794415416798357,2.4849066497880004,10.359075270047503,3.871201010907891,11.067840764166915,4.60132654732511,12.186849050562415,6.855718321521639,1.791759469228055,8.596743470174246,8.592486175451668,19.433900846578823,0.0,SORGO GRANO
S0739,-99.008771,18.652761,3108.0,8.041734711487537,17,MEX-094D|Jantetelco - El Higuerón (Cuota),112_29,False,2.0,0,40,7.0,11,7284.0,25,0.5676825919824272,35544.0,0.5517386900742741,7.907346973283735,328,0.1823179795389956,605.5320250296655,1,5830.0,455289090.24,24.0,1.561429757956694,0.565008576329331,0.758147512864494,0.0,True,federal,Carretera,Con pavimento,Asfalto,Si,Federal,Fed.,Dos sentidos,CAÑA DE AZÚCAR,0,0,0,0,0,0,0,0,0,0,0,0,0,0,1.0986122886681098,0.0,2.0794415416798357,2.4849066497880004,8.893572718629306,3.258096538021482,10.478554778363584,4.599288134194328,12.98371721231811,6.407757530006836,0.6931471805599453,8.670943791222156,8.635687085464026,19.936443140518747,0.0,CAÑA DE AZÚCAR
S0740,-98.994989,18.655442,3351.0,8.11701408773731,17,MEX-094D|Jantetelco - El Higuerón (Cuota),112_29,False,2.0,0,110,7.0,6,10482.0,28,0.6995802327800038,39467.0,0.5317607114804773,7.941603694587531,327,0.2184818569549446,475.8662402913157,432,14996.8,1101917038.5800002,31.0,2.1777321514276156,0.257388242825136,0.6886002347167396,0.0,True,federal,Carretera,Con pavimento,Asfalto,Si,Federal,Fed.,Dos sentidos,CAÑA DE AZÚCAR,0,0,0,0,0,0,0,0,0,0,0,0,0,0,1.0986122886681098,0.0,2.0794415416798357,1.9459101490553132,9.257510176452573,3.367295829986474,10.583245495977057,4.600326384146011,12.838184494944153,6.167236032887185,6.07073772800249,9.615658802661073,9.606280258859275,20.820317263155484,0.0,CAÑA DE AZÚCAR
S0741,-99.151489,18.612437,3269.0,8.092239406724211,17,MEX-094D|Jantetelco - El Higuerón (Cuota),112_29,False,2.0,0,50,6.0,28,61077.0,36,0.1376622951356484,127311.0,0.1900307121929762,9.794612754921609,375,0.2520837185730037,612.0540529748682,8,6380.0,349453798.26000005,22.0,1.4521922174275703,0.390282131661442,0.516614420062696,0.0,True,federal,Carretera,Con pavimento,Asfalto,No,Municipal,Mor.,Dos sentidos,CAÑA DE AZÚCAR,0,0,0,0,0,0,0,0,0,0,0,0,0,0,1.0986122886681098,0.0,1.9459101490553132,3.367295829986474,11.019907014854104,3.6109179126442243,11.754396045617316,4.606746196649498,12.58460154272915,6.418453109821812,2.1972245773362196,8.761080103868347,8.643297068211963,19.671881919941633,0.0,CAÑA DE AZÚCAR
S0742,-99.223795,18.573119,3641.0,8.200013648175434,17,MEX-094D|Jantetelco - El Higuerón (Cuota),111_29,False,2.0,0,110,7.0,7,20562.0,41,0.3168952436533411,120143.0,0.1811757655460576,9.788973085989886,341,0.2528175194176701,680.4200246376734,8,5052.0,387405882.5,20.0,1.7324907171050763,0.4483372921615202,0.697347585114806,0.0,True,federal,Carretera,Con pavimento,Asfalto,Si,Federal,Fed.,Dos sentidos,CAÑA DE AZÚCAR,0,0,0,0,0,0,0,0,0,0,0,0,0,0,1.0986122886681098,0.0,2.0794415416798357,2.0794415416798357,9.931248623321519,3.7376696182833684,11.696446302339664,4.607793574550701,12.52315088563999,6.524178892287979,2.1972245773362196,8.527737405291909,8.440528106480752,19.774983495966914,0.0,CAÑA DE AZÚCAR
S0743,-99.22891125,18.96048125,85889.0,11.360811043893564,17,MEX-095|Libramiento de Cuernavaca,111_31,False,2.0,0,80,10.0,100,367634.0,34,0.0391313099441292,416921.0,0.0989012306887875,11.170934238459049,377,0.1028698719867325,1953.317208474771,209,1743.9,240955361.53000003,14.0,1.2729920420065166,0.6439589425999197,0.1048798669648489,0.0,False,federal,Carretera,Con pavimento,Asfalto,No,Federal,Fed.,Un sentido,MAÍZ GRANO,0,0,0,0,0,0,0,0,0,0,0,0,0,0,1.0986122886681098,0.0,2.3978952727983707,4.61512051684126,12.814845877118437,3.5553480614894135,12.940654432925125,4.609707453792508,13.834367640334497,7.577796157438993,5.3471075307174685,7.464452526404185,7.464452526404185,19.300122256582167,0.0,MAÍZ GRANO
S0744,-99.1952235,18.935845125,140382.5,11.85212611893051,17,MEX-095|Libramiento de Cuernavaca,111_30,False,2.0,1,80,7.0,118,370324.0,32,0.0504936218014495,658219.0,0.0638191848001956,10.943644574835307,444,0.1106960392195118,1076.9316122463538,272,1743.9,240955361.53000003,14.0,1.2729920420065166,0.6439589425999197,0.1048798669648489,0.0,False,federal,Carretera,Con pavimento,Asfalto,No,Federal,Fed.,Un sentido,MAÍZ GRANO,0,0,0,0,0,0,0,0,0,0,0,0,0,0,1.0986122886681098,0.6931471805599453,2.0794415416798357,4.77912349311153,12.822136277450253,3.4965075614664802,13.397294500930677,4.609917057438976,13.860104310454062,6.9827993099819485,5.60947179518496,7.464452526404185,7.464452526404185,19.300122256582167,0.0,MAÍZ GRANO
S0745,-99.203401625,18.921787375,154210.0,11.946070588851702,17,MEX-095|Libramiento de Cuernavaca,111_30,False,1.0,0,40,4.0,160,363314.0,20,0.032173271605278,830592.0,0.0551835317460317,10.637288167019843,466,0.1123750730967867,2796.3697075958517,1087,2731.8,204632548.78,17.0,1.2610410479373633,0.6999048246577347,0.0500768723918295,0.0,False,federal,Enlace,FALTANTE,FALTANTE,No,FALTANTE,FALTANTE,Un sentido,MAÍZ GRANO,0,0,0,0,0,0,0,0,0,0,0,0,0,0,0.6931471805599453,0.0,1.6094379124341003,5.081404364984463,12.803025505548536,3.044522437723423,13.62989518250061,4.609675867130096,13.870774010832573,7.936434864515517,6.992096427415888,7.91308200359425,7.90352240435807,19.136726488662177,0.0,MAÍZ GRANO
S0746,-99.225877,18.8973455,139970.0,11.849183392914693,17,MEX-095|Libramiento de Cuernavaca,111_30,False,2.0,0,80,8.0,107,366532.0,19,0.0124218349284646,816652.0,0.0628737822230276,10.652852253287078,473,0.1094279440482235,1980.171328320044,70,1209.0,126670416.46,17.0,1.8859744286081472,0.3457402812241522,0.3176178660049628,0.0,False,federal,Carretera,Con pavimento,Asfalto,No,Federal,Fed.,Un sentido,MAÍZ GRANO,0,0,0,0,0,0,0,0,0,0,0,0,0,0,1.0986122886681098,0.0,2.1972245773362196,4.68213122712422,12.811843837183096,2.995732273553991,13.612969559018897,4.609706359910459,13.875248198293614,7.591443528733755,4.2626798770413155,7.098375638590786,7.085901464365611,18.6570991331045,0.0,MAÍZ GRANO
S0747,-99.17821075,18.90746,80187.5,11.292122921357992,17,MEX-138|Cuernavaca - Cuautlixco,111_30,False,4.0,0,50,12.0,383,216498.0,25,0.0667535034965681,819413.0,0.0539142044365905,10.605131960657724,490,0.1169490121360228,2513.122308630254,3578,2731.8,204632548.78,17.0,1.2610410479373633,0.6999048246577347,0.0500768723918295,0.0,False,federal,Boulevard,FALTANTE,FALTANTE,No,FALTANTE,FALTANTE,Un sentido,MAÍZ GRANO,0,0,0,0,0,0,0,0,0,0,0,0,0,0,1.6094379124341003,0.0,2.5649493574615367,5.950642552587727,12.28534120747637,3.258096538021482,13.616344729621392,4.609609603838666,13.875940337270729,7.829679038973236,8.182838710766026,7.91308200359425,7.90352240435807,19.136726488662177,0.0,MAÍZ GRANO
S0748,-99.1582495,18.885358,51037.0,10.840306138861743,17,MEX-138|Cuernavaca - Cuautlixco,111_30,False,2.0,0,50,8.0,394,240861.0,37,0.051320055965889,818839.0,0.0494944671663171,10.608446158599808,522,0.1267845615311179,461.0566066413903,16746,491.0,88425264.78999999,10.0,1.298140690563952,0.6374745417515275,1.0,0.0,False,federal,Boulevard,FALTANTE,FALTANTE,No,FALTANTE,FALTANTE,Un sentido,MAÍZ GRANO,0,0,0,0,0,0,0,0,0,0,0,0,0,0,1.0986122886681098,0.0,2.1972245773362196,5.978885764901122,12.39197943435884,3.6375861597263857,13.615643983554557,4.6096246793582285,13.91068527404835,6.135687408773954,9.725974416734479,6.198478716492308,6.198478716492308,18.297668298875447,0.0,MAÍZ GRANO
S0749,-99.12569025,18.88729475,33212.5,10.41068159006807,17,MEX-138|Cuernavaca - Cuautlixco,112_30,False,2.0,0,30,6.0,469,58171.0,41,0.2386756287497206,400424.0,0.0815735320560206,10.11220857363369,560,0.1170139735915382,292.3783577371372,7937,491.0,88425264.78999999,10.0,1.298140690563952,0.6374745417515275,1.0,0.0,False,federal,Calle,FALTANTE,FALTANTE,No,FALTANTE,FALTANTE,Dos sentidos,MAÍZ GRANO,0,0,0,0,0,0,0,0,0,0,0,0,0,0,1.0986122886681098,0.0,1.9459101490553132,6.152732694704104,10.971159418297601,3.7376696182833684,12.900281762036496,4.608395069727903,14.061577352579775,5.6814630993111015,8.97941663334301,6.198478716492308,6.198478716492308,18.297668298875447,0.0,MAÍZ GRANO
S0750,-99.081218,18.8698205,25694.0,10.154012780591556,17,MEX-138|Cuernavaca - Cuautlixco,112_30,False,2.0,0,100,8.0,300,57302.0,39,0.0874664060591253,131816.0,0.264740243976452,9.355094650393175,586,0.1301712238777119,565.7539076528534,192,5268.3,455729535.77,24.0,1.4098125874471306,0.4270827401628608,0.564660326860657,0.0,False,federal,Carretera,Con pavimento,Asfalto,No,Federal,Fed.,Un sentido,CAÑA DE AZÚCAR,0,0,0,0,0,0,0,0,0,0,0,0,0,0,1.0986122886681098,0.0,2.1972245773362196,5.707110264748875,10.956108257353245,3.6888794541139363,11.789169876040955,4.605094549057616,14.096431575910152,6.339925184207898,5.262690188904886,8.5696528053886,8.565278345219491,19.937410070394325,0.0,CAÑA DE AZÚCAR
S0751,-99.064987,18.87185225,25329.5,10.139725003361496,17,MEX-138|Cuernavaca - Cuautlixco,112_30,False,2.0,0,30,8.0,307,56220.0,44,0.1090537175382426,145361.0,0.2512503353719361,9.32557517738794,577,0.124613586021123,770.0096883611639,109,5268.3,455729535.77,24.0,1.4098125874471306,0.4270827401628608,0.564660326860657,0.0,False,federal,Calle,FALTANTE,FALTANTE,No,FALTANTE,FALTANTE,Dos sentidos,CAÑA DE AZÚCAR,0,0,0,0,0,0,0,0,0,0,0,0,0,0,1.0986122886681098,0.0,2.1972245773362196,5.730099782973574,10.93704563156665,3.8066624897703196,11.886982461918713,4.605189082073913,14.083902771631628,6.647700939452165,4.700480365792417,8.5696528053886,8.565278345219491,19.937410070394325,0.0,CAÑA DE AZÚCAR
S0752,-99.03772,18.893997749999997,25855.0,10.16025928483032,17,MEX-138|Cuernavaca - Cuautlixco,112_30,False,1.0,0,30,3.5,104,64940.0,55,0.1895287958115183,152406.0,0.2942272613939083,9.350363465691649,553,0.181958532650264,467.05443734428536,649,5268.3,455729535.77,24.0,1.4098125874471306,0.4270827401628608,0.564660326860657,0.0,False,federal,Calle,FALTANTE,FALTANTE,No,FALTANTE,FALTANTE,Dos sentidos,CAÑA DE AZÚCAR,0,0,0,0,0,0,0,0,0,0,0,0,0,0,0.6931471805599453,0.0,1.5040773967762742,4.653960350157523,11.081234444367965,4.02535169073515,11.934309852938382,4.604906525982022,13.651253648465591,6.148584608264824,6.476972362889683,8.5696528053886,8.565278345219491,19.937410070394325,0.0,CAÑA DE AZÚCAR
S0753,-98.9849515,18.8844845,17295.0,9.758172721371269,17,MEX-138|Cuernavaca - Cuautlixco,112_30,False,2.0,0,80,12.0,208,45333.0,52,0.3371715968499768,300403.0,0.1838962993046008,9.852284441277252,551,0.2512821496853064,406.58833421898504,10178,5268.3,455729535.77,24.0,1.4098125874471306,0.4270827401628608,0.564660326860657,0.0,False,federal,Carretera,Con pavimento,Asfalto,No,Federal,Fed.,Dos sentidos,CAÑA DE AZÚCAR,0,0,0,0,0,0,0,0,0,0,0,0,0,0,1.0986122886681098,0.0,2.5649493574615367,5.342334251964811,10.721812581824302,3.970291913552122,12.612883514362693,4.606355804035619,13.259089411722787,6.010257680278993,9.22808205345234,8.5696528053886,8.565278345219491,19.937410070394325,0.0,CAÑA DE AZÚCAR
S0754,-98.9436815,18.8418115,22998.0,10.04316253460861,17,MEX-138|Cuernavaca - Cuautlixco,112_30,False,2.0,0,100,12.0,530,193521.0,50,0.0812159920628769,301638.0,0.1713212526273214,9.729115505027726,558,0.2474224568391414,1175.5652936506797,146,5856.9,524824223.63,30.0,2.2373827435096705,0.2847922962659427,0.6149840359234408,0.0,False,federal,Carretera,Con pavimento,Asfalto,No,Federal,Fed.,Un sentido,SORGO GRANO,0,0,0,0,0,0,0,0,0,0,0,0,0,0,1.0986122886681098,0.0,2.5649493574615367,6.274762021241939,12.173146480079616,3.9318256327243257,12.616986217100903,4.605727584569469,13.223724305363993,7.07035470484307,4.990432586778736,8.67554645656939,8.672640173537651,20.078573954265867,0.0,SORGO GRANO
S0755,-98.932657,18.8478195,43514.0,10.680838004378147,17,MEX-160|Libramiento de Cuautla,112_30,False,2.0,0,80,6.0,356,194529.0,45,0.0859768980460496,296370.0,0.1779667307757195,9.714686727874165,577,0.2588986321360934,624.6181581047925,217,5856.9,524824223.63,30.0,2.2373827435096705,0.2847922962659427,0.6149840359234408,0.0,False,federal,Carretera,Con pavimento,Asfalto,No,Federal,Fed.,Un sentido,SORGO GRANO,0,0,0,0,0,0,0,0,0,0,0,0,0,0,1.0986122886681098,0.0,1.9459101490553132,5.877735781779639,12.178341671791863,3.828641396489095,12.599367326861614,4.605651316230063,13.209366421025903,6.43874021391345,5.384495062789089,8.67554645656939,8.672640173537651,20.078573954265867,0.0,SORGO GRANO
S0756,-99.161157,19.008892,18261.0,9.812522917162037,17,MEX-160D|La Pera - Cuautla (Cuota),111_31,False,2.0,0,110,6.0,7,13683.0,17,0.3281444127749762,75045.0,0.4399227130388433,9.967641232770802,385,0.0972355444059125,2168.8176472566743,3,2731.8,204632548.78,17.0,1.2610410479373633,0.6999048246577347,0.0500768723918295,0.0,True,federal,Carretera,Con pavimento,Asfalto,Si,Federal,Fed.,Un sentido,MAÍZ GRANO,0,0,0,0,0,0,0,0,0,0,0,0,0,0,1.0986122886681098,0.0,1.9459101490553132,2.0794415416798357,9.523982546097495,2.8903717578961645,11.225856537839764,4.6057392555505645,13.791030347814907,7.682398409481221,1.3862943611198906,7.91308200359425,7.90352240435807,19.136726488662177,0.0,MAÍZ GRANO
S0757,-99.112493,18.986765,14730.0,9.597641509456675,17,MEX-160D|La Pera - Cuautla (Cuota),112_31,False,3.0,0,110,10.5,140,28534.0,29,0.2895843555057125,74445.0,0.4992276177043455,9.876316228058386,433,0.1102178788502584,583.7488643118236,269,2731.8,204632548.78,17.0,1.2610410479373633,0.6999048246577347,0.0500768723918295,0.0,True,federal,Carretera,Con pavimento,Asfalto,Si,Federal,Fed.,Un sentido,MAÍZ GRANO,0,0,0,0,0,0,0,0,0,0,0,0,0,0,1.3862943611198906,0.0,2.4423470353692043,4.948759890378168,10.25888668297081,3.4011973816621555,11.21782930933501,4.604290291942414,13.830684843935185,6.371182463285102,5.598421958998375,7.91308200359425,7.90352240435807,19.136726488662177,0.0,MAÍZ GRANO
S0758,-99.1123405,18.9865335,17962.5,9.79604153038728,17,MEX-160D|La Pera - Cuautla (Cuota),112_31,False,3.0,0,110,9.0,140,28534.0,29,0.2895843555057125,74445.0,0.4992276177043455,9.876316228058386,432,0.1101872043843215,575.439766883916,269,2731.8,204632548.78,17.0,1.2610410479373633,0.6999048246577347,0.0500768723918295,0.0,True,federal,Carretera,Con pavimento,Asfalto,Si,Federal,Fed.,Un sentido,MAÍZ GRANO,0,0,0,0,0,0,0,0,0,0,0,0,0,0,1.3862943611198906,0.0,2.302585092994046,4.948759890378168,10.25888668297081,3.4011973816621555,11.21782930933501,4.604290291942414,13.830650370431764,6.356870853563577,5.598421958998375,7.91308200359425,7.90352240435807,19.136726488662177,0.0,MAÍZ GRANO
S0759,-99.072509,18.96789675,17221.0,9.7538848483049,17,MEX-160D|La Pera - Cuautla (Cuota),112_31,False,2.0,0,80,6.0,24,23580.0,38,0.3757845631891433,117905.0,0.2499724354353081,9.79352725051124,447,0.1392523435211141,444.18233484070913,1036,2731.8,204632548.78,17.0,1.2610410479373633,0.6999048246577347,0.0500768723918295,0.0,True,federal,Carretera,Con pavimento,Asfalto,No,Estatal,Mor.,Dos sentidos,MAÍZ GRANO,0,0,0,0,0,0,0,0,0,0,0,0,0,0,1.0986122886681098,0.0,1.9459101490553132,3.2188758248682006,10.068196582013169,3.6635616461296463,11.677642975815822,4.607091416165985,13.737546854330063,6.0984839394603085,6.9440872082295275,7.91308200359425,7.90352240435807,19.136726488662177,0.0,MAÍZ GRANO
S0760,-99.02412625,18.929709,17128.0,9.74846983026952,17,MEX-160D|La Pera - Cuautla (Cuota),112_30,False,2.0,1,110,8.0,54,22601.0,53,0.633688774832972,133749.0,0.3299538688139724,9.529312328849118,498,0.1713041987398485,201.36555227449156,941,2359.5,393810751.48,19.0,2.2665263013258157,0.2436956982411527,0.2443314261496079,0.0,True,federal,Carretera,Con pavimento,Asfalto,Si,Federal,Fed.,Un sentido,NOPALITOS,0,0,0,0,0,0,0,0,0,0,0,0,0,0,1.0986122886681098,0.6931471805599453,2.1972245773362196,4.007333185232471,10.025793676920095,3.9889840465642745,11.803727664758252,4.604832592789386,13.583879842346457,5.310075726656007,6.848005274576363,7.766628739986341,7.74565194342828,19.791381028215028,0.0,NOPALITOS
S0761,-98.9793545,18.89855325,39798.0,10.591571938753612,17,MEX-160D|La Pera - Cuautla (Cuota),112_30,False,2.0,0,90,8.0,161,46751.0,58,0.3590511432910526,316171.0,0.1960742762618962,9.810330357312342,540,0.2557636330399077,563.2016847894787,78,5268.3,455729535.77,24.0,1.4098125874471306,0.4270827401628608,0.564660326860657,0.0,True,federal,Carretera,Con pavimento,Asfalto,Si,Federal,Fed.,Un sentido,CAÑA DE AZÚCAR,0,0,0,0,0,0,0,0,0,0,0,0,0,0,1.0986122886681098,0.0,2.1972245773362196,5.087596335232384,10.752612314550426,4.07753744390572,12.664041648286936,4.6063833640807035,13.251482801593845,6.335411784719905,4.3694478524670215,8.5696528053886,8.565278345219491,19.937410070394325,0.0,CAÑA DE AZÚCAR
S0762,-98.94220475,18.856833,62190.0,11.037949494097935,17,MEX-160D|La Pera - Cuautla (Cuota),112_30,False,2.0,0,90,8.0,336,26049.0,41,0.7298552727551921,311919.0,0.1716439203767644,9.704509032947088,562,0.2540443906598091,1014.9008186382134,2589,5856.9,524824223.63,30.0,2.2373827435096705,0.2847922962659427,0.6149840359234408,0.0,True,federal,Carretera,Con pavimento,Asfalto,Si,Federal,Fed.,Un sentido,SORGO GRANO,0,0,0,0,0,0,0,0,0,0,0,0,0,0,1.0986122886681098,0.0,2.1972245773362196,5.820082930352362,10.167773047181512,3.7376696182833684,12.650502023656479,4.6058155051176906,13.209249079830574,6.923531003922761,7.859413154693583,8.67554645656939,8.672640173537651,20.078573954265867,0.0,SORGO GRANO
S0763,-99.232795,18.9670435,25165.0,10.13320941921046,17,MEX-162|Cuernavaca - Tepoztlán,111_31,False,2.0,0,50,6.0,100,23400.0,43,0.4778205128205128,420743.0,0.0892064752117088,11.172801236965396,367,0.1104410217041478,1330.598931599496,209,1743.9,240955361.53000003,14.0,1.2729920420065166,0.6439589425999197,0.1048798669648489,0.0,False,federal,Boulevard,FALTANTE,FALTANTE,No,FALTANTE,FALTANTE,Un sentido,MAÍZ GRANO,0,0,0,0,0,0,0,0,0,0,0,0,0,0,1.0986122886681098,0.0,1.9459101490553132,4.61512051684126,10.060534035475412,3.784189633918261,12.94977985170182,4.609914712462978,13.76242513235265,7.194135703357124,5.3471075307174685,7.464452526404185,7.464452526404185,19.300122256582167,0.0,MAÍZ GRANO
S0764,-99.170003,18.97586,12946.0,9.468542139105455,17,MEX-162|Cuernavaca - Tepoztlán,111_31,False,4.0,0,90,12.0,1,33437.0,39,0.5151777970511708,418006.0,0.0949675363511528,11.185374003832749,405,0.1019777319096574,181.8040637382741,4,2731.8,204632548.78,17.0,1.2610410479373633,0.6999048246577347,0.0500768723918295,0.0,False,federal,Carretera,Con pavimento,Asfalto,No,Federal,Fed.,Dos sentidos,MAÍZ GRANO,0,0,0,0,0,0,0,0,0,0,0,0,0,0,1.6094379124341003,0.0,2.5649493574615367,0.6931471805599453,10.417448256797591,3.6888794541139363,12.943253457778157,4.609803658269187,13.823201903586929,5.208414889288678,1.6094379124341003,7.91308200359425,7.90352240435807,19.136726488662177,0.0,MAÍZ GRANO
S0765,-99.113292,18.981202,9320.0,9.139917907679637,17,MEX-162|Cuernavaca - Tepoztlán,112_31,False,2.0,0,90,7.0,96,28635.0,31,0.292090099528549,76117.0,0.510227675814864,9.861153745037726,442,0.1108183631952531,340.96575335345153,269,2731.8,204632548.78,17.0,1.2610410479373633,0.6999048246577347,0.0500768723918295,0.0,False,federal,Carretera,Con pavimento,Asfalto,No,Federal,Fed.,Dos sentidos,MAÍZ GRANO,0,0,0,0,0,0,0,0,0,0,0,0,0,0,1.0986122886681098,0.0,2.0794415416798357,4.574710978503383,10.262419946516076,3.4657359027997265,11.240040046761179,4.604064738013769,13.836271549412203,5.8347105956552054,5.598421958998375,7.91308200359425,7.90352240435807,19.136726488662177,0.0,MAÍZ GRANO
S0766,-99.10357,18.980932,14485.0,9.580868910203453,17,MEX-162|Cuernavaca - Tepoztlán,112_31,False,2.0,0,100,7.0,196,30539.0,42,0.3362258096204852,78933.0,0.5277007081955583,9.77083204461909,446,0.1120250092231218,657.94595388581,14719,2731.8,204632548.78,17.0,1.2610410479373633,0.6999048246577347,0.0500768723918295,0.0,False,federal,Carretera,Con pavimento,Asfalto,No,Federal,Fed.,Dos sentidos,MAÍZ GRANO,0,0,0,0,0,0,0,0,0,0,0,0,0,0,1.0986122886681098,0.0,2.0794415416798357,5.2832037287379885,10.326792578772624,3.7612001156935624,11.276367339234158,4.604072116645699,13.845089748347494,6.490641518826431,9.596962392282867,7.91308200359425,7.90352240435807,19.136726488662177,0.0,MAÍZ GRANO
S0767,-99.47673,18.701282,4201.0,8.343077871169383,17,MEX-166|Michapa - T. C. (Cuernavaca - Chilpancingo),110_29,False,2.0,0,100,6.0,4,7390.0,21,1.0,25415.0,0.8118827464096007,8.052648292146724,263,0.560286280470208,502.2914618104661,1127,1781.0,132591288.79,27.0,2.2087974562635444,0.3076923076923077,0.4536777091521617,0.0,False,federal,Carretera,Con pavimento,Asfalto,No,Federal,Fed.,Dos sentidos,SORGO GRANO,0,0,0,0,0,0,0,0,0,0,0,0,0,0,1.0986122886681098,0.0,1.9459101490553132,1.6094379124341003,8.908018322784887,3.091042453358316,10.143134175949353,4.606175404217332,11.957175293764873,6.221169449224481,7.028201432058005,7.485491608030754,7.461065514354283,18.702781945700274,0.0,SORGO GRANO
S0768,-99.363784,18.611774,4009.0,8.296297112642508,17,MEX-166|Michapa - T. C. (Cuernavaca - Chilpancingo),111_29,False,2.0,0,100,6.0,80,35399.0,35,0.181784796180683,51421.0,0.4367281849827891,8.886047793401627,364,0.2994412994412994,821.3423274923716,38,2561.0,103860077.69,18.0,1.471217146640822,0.3873486919172198,0.3904724716907458,0.0,False,federal,Carretera,Con pavimento,Asfalto,No,Federal,Fed.,Dos sentidos,MAÍZ GRANO,0,0,0,0,0,0,0,0,0,0,0,0,0,0,1.0986122886681098,0.0,1.9459101490553132,4.394449154672439,10.474467099121865,3.58351893845611,10.847821375434926,4.6039924539592425,12.507180438310451,6.712156765165486,3.6635616461296463,7.848543482456679,7.814803429489359,18.458555154034695,0.0,MAÍZ GRANO
S0769,-99.326555,18.737268,4075.0,8.312626025674962,17,MOR|Coatetelco - Miacatlán,111_30,False,2.0,0,60,7.0,148,22496.0,33,0.3843349928876244,59143.0,0.4209796594694215,8.551836247609051,464,0.2181761958175197,110.74378127480324,338,380.5,11477822.95,5.0,0.8580030744952521,0.5663600525624178,0.0827858081471747,0.0,False,estatal,Carretera,Con pavimento,Asfalto,No,Estatal,Mor.,Dos sentidos,MAÍZ GRANO,0,0,0,0,0,0,0,0,0,0,0,0,0,0,1.0986122886681098,0.0,2.0794415416798357,5.003946305945459,10.021137245969499,3.5263605246161616,10.987730427236936,4.602187352287131,13.16283138928012,4.716208583397618,5.82600010738045,5.9441108507245115,5.9441108507245115,16.255927379494832,0.0,MAÍZ GRANO
S0770,-98.987303,18.8879385,22075.0,10.00220102547216,17,MOR|Cocoyoc - Oaxtepec,112_30,False,1.0,0,10,4.0,114,42100.0,51,0.3477672209026128,300402.0,0.1838935825993169,9.852284441277252,551,0.1910920945286094,195.1331166413329,219,5268.3,455729535.77,24.0,1.4098125874471306,0.4270827401628608,0.564660326860657,0.0,False,estatal,Cerrada,FALTANTE,FALTANTE,No,FALTANTE,FALTANTE,Dos sentidos,CAÑA DE AZÚCAR,0,0,0,0,0,0,0,0,0,0,0,0,0,0,0.6931471805599453,0.0,1.6094379124341003,4.74493212836325,10.647826772357497,3.9512437185814275,12.61288018550667,4.606355804035619,13.523129462376025,5.27879359523871,5.393627546352362,8.5696528053886,8.565278345219491,19.937410070394325,0.0,CAÑA DE AZÚCAR
S0771,-98.9846725,18.8963465,20968.0,9.950752745003244,17,MOR|Cocoyoc - Oaxtepec,112_30,False,2.0,0,80,6.0,89,46765.0,57,0.3592430236287822,305726.0,0.1981054931540006,9.8289301700106,542,0.2535570611899216,209.49461703226228,73,5268.3,455729535.77,24.0,1.4098125874471306,0.4270827401628608,0.564660326860657,0.0,False,estatal,Carretera,Con pavimento,Asfalto,No,Estatal,Mor.,Un sentido,CAÑA DE AZÚCAR,0,0,0,0,0,0,0,0,0,0,0,0,0,0,1.0986122886681098,0.0,1.9459101490553132,4.499809670330265,10.752911722153339,4.060443010546419,12.630447825862978,4.606402062792992,13.24769297709188,5.349460080502169,4.30406509320417,8.5696528053886,8.565278345219491,19.937410070394325,0.0,CAÑA DE AZÚCAR
S0772,-98.97655,18.902959,22765.0,10.032979547768882,17,MOR|Cocoyoc - Oaxtepec,112_30,False,2.0,0,50,6.0,214,40937.0,57,0.4081393360529594,157205.0,0.3839763366305143,9.362501782122765,539,0.2594311498717582,842.1354681792618,78,5268.3,455729535.77,24.0,1.4098125874471306,0.4270827401628608,0.564660326860657,0.0,False,estatal,Avenida,FALTANTE,FALTANTE,No,FALTANTE,FALTANTE,Dos sentidos,CAÑA DE AZÚCAR,0,0,0,0,0,0,0,0,0,0,0,0,0,0,1.0986122886681098,0.0,1.9459101490553132,5.3706380281276624,10.619814006043478,4.060443010546419,11.965312326187798,4.603131300990433,13.247936436331301,6.737127642812904,4.3694478524670215,8.5696528053886,8.565278345219491,19.937410070394325,0.0,CAÑA DE AZÚCAR
S0773,-99.217946,18.813697,4634.0,8.441175704992322,17,MOR|Ent. C. (Cuernavaca - Acapulco Cuota) - Tepetzingo,111_30,False,2.0,0,50,6.0,178,236729.0,64,0.0475987310384448,487366.0,0.0839389698912111,9.9684388263593,498,0.1068474831596043,819.4677678581518,109,1666.0,163744095.06000003,18.0,1.7382574847102117,0.5258103241296519,0.8037214885954381,0.0,True,estatal,Avenida,FALTANTE,FALTANTE,No,FALTANTE,FALTANTE,Dos sentidos,CAÑA DE AZÚCAR,0,0,0,0,0,0,0,0,0,0,0,0,0,0,1.0986122886681098,0.0,1.9459101490553132,5.187385805840755,12.37467553018319,4.174387269895637,13.096772711684933,4.608738779285034,13.952742345674213,6.709874626221844,4.700480365792417,7.418780882750794,7.38770923908104,18.913815377234233,0.0,CAÑA DE AZÚCAR
S0774,-99.180068,18.790325,4177.0,8.337348564497175,17,MOR|Ent. C. (Cuernavaca - Acapulco Cuota) - Tepetzingo,111_30,False,2.0,0,50,6.0,10,30376.0,44,0.2163879378456676,311602.0,0.1160711420337481,9.527690912126795,493,0.1050885220561329,852.481206861699,2292,896.0,159666012.65,19.0,2.358959112221437,0.2466517857142857,0.7165178571428571,0.0,True,estatal,Carretera,Con pavimento,Asfalto,No,Estatal,Mor.,Dos sentidos,MAÍZ GRANO,0,0,0,0,0,0,0,0,0,0,0,0,0,0,1.0986122886681098,0.0,1.9459101490553132,2.3978952727983707,10.321441022096653,3.8066624897703196,12.64948522066024,4.607630635637214,13.972217681588457,6.749323523083697,7.737616282857904,6.799055862058796,6.777646593635117,18.88859477682398,0.0,MAÍZ GRANO
S0775,-99.051562,18.875936,1307.0,7.175489713624222,17,MOR|Ent. C. (Cuernavaca - Cuautlixco) - Oacalco,112_30,False,2.0,0,80,6.0,71,57633.0,48,0.1308972290180972,137010.0,0.2760382453835486,9.304127388628048,575,0.1210131728785503,235.82181665490535,63,5268.3,455729535.77,24.0,1.4098125874471306,0.4270827401628608,0.564660326860657,0.0,False,estatal,Carretera,Con pavimento,Asfalto,No,Estatal,Mor.,Dos sentidos,CAÑA DE AZÚCAR,0,0,0,0,0,0,0,0,0,0,0,0,0,0,1.0986122886681098,0.0,1.9459101490553132,4.276666119016055,10.961867950316359,3.8918202981106265,11.827816493557837,4.605256796611692,14.09634700248111,5.467308029910064,4.1588830833596715,8.5696528053886,8.565278345219491,19.937410070394325,0.0,CAÑA DE AZÚCAR
S0776,-99.030909,18.91582,3848.0,8.255308811785596,17,MOR|Ent. C. (Cuernavaca - Cuautlixco) - Oacalco,112_30,False,2.0,0,50,6.0,113,67487.0,59,0.2201164668751018,127559.0,0.3317994026293715,9.554106122897313,519,0.1725580227079407,315.9417262734286,3,5268.3,455729535.77,24.0,1.4098125874471306,0.4270827401628608,0.564660326860657,0.0,False,estatal,Avenida,FALTANTE,FALTANTE,No,FALTANTE,FALTANTE,Dos sentidos,CAÑA DE AZÚCAR,0,0,0,0,0,0,0,0,0,0,0,0,0,0,1.0986122886681098,0.0,1.9459101490553132,4.736198448394496,11.1197050832785,4.0943445622221,11.756342121123994,4.604575461689833,13.622069002522407,5.7587179281882515,1.3862943611198906,8.5696528053886,8.565278345219491,19.937410070394325,0.0,CAÑA DE AZÚCAR
S0777,-99.224876,18.659329,2991.0,8.003363058629947,17,MOR|Ent. Chiverías - Ent. El Abanico,111_29,False,2.0,0,80,6.0,13,73091.0,58,0.1185645291485955,183282.0,0.1870341877543894,9.52371673444878,480,0.2498814363573191,399.6519088728226,62,154.0,5390076.19,4.0,0.5964393007537787,0.8441558441558441,0.3181818181818182,0.0,False,estatal,Carretera,Con pavimento,Asfalto,No,Estatal,Mor.,Dos sentidos,MAÍZ GRANO,0,0,0,0,0,0,0,0,0,0,0,0,0,0,1.0986122886681098,0.0,1.9459101490553132,2.6390573296152584,11.199474200624485,4.07753744390572,12.118786685391497,4.606574659314203,12.884877464374243,5.993092992652572,4.143134726391533,5.043425116919247,5.043425116919247,15.500070263747386,0.0,MAÍZ GRANO
S0778,-99.271474,18.64458,4656.0,8.445911989411274,17,MOR|Ent. Chiverías - Ent. El Abanico,111_29,False,2.0,0,80,6.0,161,10166.0,32,0.2448357269329136,124158.0,0.2140659482272588,9.45635931957433,465,0.25971097456967,158.6440881669846,18,4592.0,214110482.4,25.0,1.844938941321629,0.297691637630662,0.4679878048780488,0.0,False,estatal,Carretera,Con pavimento,Asfalto,No,Estatal,Mor.,Dos sentidos,MAÍZ GRANO,0,0,0,0,0,0,0,0,0,0,0,0,0,0,1.0986122886681098,0.0,1.9459101490553132,5.087596335232384,9.226902460275161,3.4965075614664802,11.7293182812609,4.604690154864448,12.844557705680213,5.072946888515783,2.9444389791664403,8.432288684325794,8.333991247194975,19.182002717330807,0.0,MAÍZ GRANO
S0779,-99.296711,18.648207,3564.0,8.1786387885907,17,MOR|Ent. Chiverías - Ent. El Abanico,111_29,False,2.0,0,80,6.0,10,30248.0,35,0.1786233800581856,110341.0,0.2300957939478525,9.012486143239444,466,0.271402288200352,583.3188125052636,10,4592.0,214110482.4,25.0,1.844938941321629,0.297691637630662,0.4679878048780488,0.0,False,estatal,Carretera,Con pavimento,Asfalto,No,Estatal,Mor.,Dos sentidos,MAÍZ GRANO,0,0,0,0,0,0,0,0,0,0,0,0,0,0,1.0986122886681098,0.0,1.9459101490553132,2.3978952727983707,10.317218405061325,3.58351893845611,11.611339912455154,4.6035606035274155,12.836226776762198,6.370446745696658,2.3978952727983707,8.432288684325794,8.333991247194975,19.182002717330807,0.0,MAÍZ GRANO
S0780,-99.16462,18.610671,2830.0,7.948031990637284,17,MOR|Jojutla - Chinameca,111_29,False,2.0,0,80,6.0,64,61229.0,45,0.1398030345097911,144037.0,0.1647701632219499,9.71908518752648,387,0.2501761374414004,22.07551561722091,2,6380.0,349453798.26000005,22.0,1.4521922174275703,0.390282131661442,0.516614420062696,0.0,False,estatal,Carretera,Con pavimento,Asfalto,No,Estatal,Mor.,Dos sentidos,CAÑA DE AZÚCAR,0,0,0,0,0,0,0,0,0,0,0,0,0,0,1.0986122886681098,0.0,1.9459101490553132,4.174387269895637,11.022392544472,3.828641396489095,11.877832432634477,4.607018304893401,12.595493056469483,3.138772125414276,1.0986122886681098,8.761080103868347,8.643297068211963,19.671881919941633,0.0,CAÑA DE AZÚCAR
S0781,-99.008169,18.622769,1357.0,7.213031659834869,17,MOR|Jojutla - Chinameca,112_29,False,2.0,0,80,6.0,50,6115.0,24,0.4850367947669665,17295.0,0.8179242555651922,7.564860306051473,272,0.2577564675649563,452.59728987091006,15,14996.8,1101917038.5800002,31.0,2.1777321514276156,0.257388242825136,0.6886002347167396,0.0,False,estatal,Carretera,Con pavimento,Asfalto,No,Estatal,Mor.,Dos sentidos,CAÑA DE AZÚCAR,0,0,0,0,0,0,0,0,0,0,0,0,0,0,1.0986122886681098,0.0,1.9459101490553132,3.9318256327243257,8.718663567048953,3.2188758248682006,9.758230539878989,4.593664114853999,12.426965666299228,6.117209777684296,2.772588722239781,9.615658802661073,9.606280258859275,20.820317263155484,0.0,CAÑA DE AZÚCAR
S0782,-98.83937,18.746643,2520.0,7.832014180505469,17,MOR|Los Alacranes - Ocuituco,113_30,False,2.0,0,80,6.0,76,13809.0,26,0.3675863567238757,74932.0,0.254137084289756,9.085004277617363,441,0.2143473016391056,245.41508042024648,135,14996.8,1101917038.5800002,31.0,2.1777321514276156,0.257388242825136,0.6886002347167396,0.0,False,estatal,Carretera,Con pavimento,Asfalto,No,Estatal,Mor.,Dos sentidos,CAÑA DE AZÚCAR,0,0,0,0,0,0,0,0,0,0,0,0,0,0,1.0986122886681098,0.0,1.9459101490553132,4.343805421853684,9.533148246403337,3.295836866004329,11.224349659925092,4.601610816820962,13.024706446131535,5.507017432790784,4.912654885736052,9.615658802661073,9.606280258859275,20.820317263155484,0.0,CAÑA DE AZÚCAR
S0783,-98.784131,18.863264,1342.0,7.201916317531627,17,MOR|Los Alacranes - Ocuituco,113_30,False,2.0,0,30,6.0,42,11830.0,33,0.0535080304311073,79491.0,0.2555006227120051,8.833235776046788,430,0.2198611553084228,603.1188049499027,67,6479.0,580778671.81,18.0,1.3004261057019084,0.5016206204661213,0.0123475845037814,0.0,False,estatal,Calle,FALTANTE,FALTANTE,No,FALTANTE,FALTANTE,Dos sentidos,MAÍZ GRANO,0,0,0,0,0,0,0,0,0,0,0,0,0,0,1.0986122886681098,0.0,1.9459101490553132,3.7612001156935624,9.378478484253662,3.5263605246161616,11.283411666648176,4.601274392788917,13.076648180672944,6.403770875529434,4.219507705176107,8.776475789346321,8.773848885262895,20.179880300432195,0.0,MAÍZ GRANO
S0784,-99.370388,18.720051,853.0,6.748759547491679,17,MOR|Mazatepec - T. C. Ramal a Michapa,111_29,False,2.0,0,80,6.0,6,24772.0,37,0.247900855804941,50655.0,0.4848090020728457,8.36799979903537,401,0.3505231586732039,218.196362012851,47,1680.0,182980938.58999997,28.0,2.3047885190003,0.2797619047619047,0.6125,0.0,False,estatal,Carretera,Con pavimento,Asfalto,No,Estatal,Mor.,Dos sentidos,CAÑA DE AZÚCAR,0,0,0,0,0,0,0,0,0,0,0,0,0,0,1.0986122886681098,0.0,1.9459101490553132,1.9459101490553132,10.117509629400777,3.6375861597263857,10.83281296268074,4.603039482429064,12.584759050005626,5.389967958279433,3.871201010907891,7.427144133408616,7.408530566894626,19.02489255013526,0.0,CAÑA DE AZÚCAR
S0785,-99.378405,18.634907,1367.0,7.220373836723949,17,MOR|Mazatepec - T. C. Ramal a Michapa,111_29,False,2.0,0,80,6.0,3,12471.0,25,0.3160131505091813,50554.0,0.4270680856114254,8.978263199242592,355,0.3514450623525446,255.67364120025903,5,1680.0,182980938.58999997,28.0,2.3047885190003,0.2797619047619047,0.6125,0.0,False,estatal,Carretera,Con pavimento,Asfalto,No,Estatal,Mor.,Dos sentidos,CAÑA DE AZÚCAR,0,0,0,0,0,0,0,0,0,0,0,0,0,0,1.0986122886681098,0.0,1.9459101490553132,1.3862943611198906,9.431241410737613,3.258096538021482,10.8308171315255,4.604283323168086,12.377337467965603,5.547805399317929,1.791759469228055,7.427144133408616,7.408530566894626,19.02489255013526,0.0,CAÑA DE AZÚCAR
S0786,-98.990357,18.715597,3045.0,8.021256180143997,17,MOR|Moyotepec - San Rafael,112_30,False,2.0,0,50,6.0,88,26015.0,32,0.5085911973861234,81122.0,0.3842484159660758,8.588446924339872,387,0.2561505180644028,378.3339495379479,3949,14996.8,1101917038.5800002,31.0,2.1777321514276156,0.257388242825136,0.6886002347167396,0.0,False,estatal,Avenida,FALTANTE,FALTANTE,No,FALTANTE,FALTANTE,Dos sentidos,CAÑA DE AZÚCAR,0,0,0,0,0,0,0,0,0,0,0,0,0,0,1.0986122886681098,0.0,1.9459101490553132,4.48863636973214,10.166467012347537,3.4965075614664802,11.303721800389704,4.602514053375883,12.836873566856118,5.938416950457834,8.281470857895167,9.615658802661073,9.606280258859275,20.820317263155484,0.0,CAÑA DE AZÚCAR
S0787,-99.004385,18.646248,2358.0,7.765569081097317,17,MOR|Moyotepec - San Rafael,112_29,False,2.0,0,80,6.0,11,8532.0,26,0.6309188935771214,21906.0,0.6759791837852643,7.623753547560193,316,0.1935241625790831,440.03312192283533,1297,5830.0,455289090.24,24.0,1.561429757956694,0.565008576329331,0.758147512864494,0.0,False,estatal,Carretera,Con pavimento,Asfalto,No,Estatal,Mor.,Dos sentidos,CAÑA DE AZÚCAR,0,0,0,0,0,0,0,0,0,0,0,0,0,0,1.0986122886681098,0.0,1.9459101490553132,2.4849066497880004,9.051696278536586,3.295836866004329,9.9945614994355,4.596079823907663,12.894604190413531,6.089119979027489,7.168579897264035,8.670943791222156,8.635687085464026,19.936443140518747,0.0,CAÑA DE AZÚCAR
S0788,-99.0763495,18.873729500000003,17838.0,9.789086292226152,17,MOR|Paso por Yautepec,112_30,False,2.0,0,30,6.0,440,50358.0,39,0.1192461972278486,134461.0,0.2792036352548322,9.343501893699822,578,0.1255019839425121,779.3202741553706,308,5268.3,455729535.77,24.0,1.4098125874471306,0.4270827401628608,0.564660326860657,0.0,False,estatal,Calle,FALTANTE,FALTANTE,No,FALTANTE,FALTANTE,Un sentido,CAÑA DE AZÚCAR,0,0,0,0,0,0,0,0,0,0,0,0,0,0,1.0986122886681098,0.0,1.9459101490553132,6.089044875446846,10.826932630931742,3.6888794541139363,11.809036910224469,4.60493562806587,14.103474340731978,6.659704443298787,5.733341276897746,8.5696528053886,8.565278345219491,19.937410070394325,0.0,CAÑA DE AZÚCAR
S0789,-99.040969,18.896832,12265.0,9.41450495669259,17,MOR|Paso por Yautepec,112_30,False,1.0,0,50,5.0,95,65170.0,56,0.19238913610557,153236.0,0.2980500665639928,9.365346251526091,552,0.1808241714148142,139.1803153443958,649,5268.3,455729535.77,24.0,1.4098125874471306,0.4270827401628608,0.564660326860657,0.0,False,estatal,Carretera,Con pavimento,Concreto,No,Estatal,Mor.,Un sentido,CAÑA DE AZÚCAR,0,0,0,0,0,0,0,0,0,0,0,0,0,0,0.6931471805599453,0.0,1.791759469228055,4.564348191467836,11.084769863692358,4.04305126783455,11.939741021489043,4.604975202605167,13.649867931270942,4.942929560637317,6.476972362889683,8.5696528053886,8.565278345219491,19.937410070394325,0.0,CAÑA DE AZÚCAR
S0790,-99.226132,18.804211,7833.0,8.96610085736724,17,MOR|Ramal a Aeropuerto de Cuernavaca,111_30,False,2.0,0,80,8.0,214,173773.0,68,0.0713344420594683,310027.0,0.1232118492905456,9.52925793741711,491,0.1064545995229715,207.2097181460015,30,1666.0,163744095.06000003,18.0,1.7382574847102117,0.5258103241296519,0.8037214885954381,0.0,False,estatal,Carretera,Con pavimento,Asfalto,No,Estatal,Mor.,Dos sentidos,CAÑA DE AZÚCAR,0,0,0,0,0,0,0,0,0,0,0,0,0,0,1.0986122886681098,0.0,2.1972245773362196,5.3706380281276624,12.06551088338444,4.23410650459726,12.644417894963135,4.607861966319447,13.947986894212505,5.338545832065603,3.4339872044851463,7.418780882750794,7.38770923908104,18.913815377234233,0.0,CAÑA DE AZÚCAR
S0791,-99.276834,18.71595,3889.0,8.265907334155747,17,MOR|Ramal a Coatetelco,111_29,False,2.0,0,80,6.0,11,36589.0,34,0.1193801415726037,113342.0,0.291110091581232,8.749157085077448,519,0.1896372782981761,338.0730658181591,79,154.0,5390076.19,4.0,0.5964393007537787,0.8441558441558441,0.3181818181818182,0.0,False,estatal,Carretera,Con pavimento,Asfalto,No,Estatal,Mor.,Dos sentidos,MAÍZ GRANO,0,0,0,0,0,0,0,0,0,0,0,0,0,0,1.0986122886681098,0.0,1.9459101490553132,2.4849066497880004,10.507530258013253,3.5553480614894135,11.638173898404546,4.6031108971556485,13.313137444207687,5.826215617543367,4.382026634673881,5.043425116919247,5.043425116919247,15.500070263747386,0.0,MAÍZ GRANO
S0792,-99.355989,18.725788,4200.0,8.34283980427146,17,MOR|T. C. (Coatetelco - Miacatlán) - Mazatepec,111_30,False,2.0,0,80,6.0,7,33371.0,42,0.2179736897306044,49905.0,0.4770664262097986,8.402736994161668,426,0.2466957363887732,275.02181918923196,283,1680.0,182980938.58999997,28.0,2.3047885190003,0.2797619047619047,0.6125,0.0,False,estatal,Carretera,Con pavimento,Asfalto,No,Estatal,Mor.,Dos sentidos,CAÑA DE AZÚCAR,0,0,0,0,0,0,0,0,0,0,0,0,0,0,1.0986122886681098,0.0,1.9459101490553132,2.0794415416798357,10.415472504021965,3.7612001156935624,10.817896514992265,4.602039720895739,12.965660443345369,5.620479917625914,5.648974238161206,7.427144133408616,7.408530566894626,19.02489255013526,0.0,CAÑA DE AZÚCAR
S0793,-99.2589,19.00304,6939.0,8.844912950899548,17,MOR|T. C. (México - Cuernavaca (Libre)) - Huitzilac,111_31,False,2.0,0,70,6.0,11,25154.0,74,0.4088812912459251,403522.0,0.08367077879273,11.270159828498494,303,0.1048082575617793,60.11646419880689,35,2111.0,49957764.03,8.0,0.7239941251666636,0.8053055423969683,0.0,0.0,False,estatal,Carretera,Con pavimento,Asfalto,No,Estatal,Mor.,Dos sentidos,AVENA FORRAJERA EN VERDE,0,0,0,0,0,0,0,0,0,0,0,0,0,0,1.0986122886681098,0.0,1.9459101490553132,2.4849066497880004,10.13281196292542,4.31748811353631,12.907988766306788,4.610075189315301,13.745290862808247,4.11278129303447,3.58351893845611,7.655390644826152,7.655390644826152,17.72668850703285,0.0,AVENA FORRAJERA EN VERDE
S0794,-99.266501,19.021981,5067.0,8.53050420547591,17,MOR|T. C. (México - Cuernavaca (Libre)) - Huitzilac,111_31,False,2.0,0,50,7.0,98,23037.0,72,0.441333506967053,45578.0,0.4288253104567993,10.478666315466,288,0.1210077357248434,437.8081307889822,66,2111.0,49957764.03,8.0,0.7239941251666636,0.8053055423969683,0.0,0.0,False,estatal,Avenida,FALTANTE,FALTANTE,No,FALTANTE,FALTANTE,Dos sentidos,AVENA FORRAJERA EN VERDE,0,0,0,0,0,0,0,0,0,0,0,0,0,0,1.0986122886681098,0.0,2.0794415416798357,4.59511985013459,10.044900305486452,4.290459441148391,10.727202363111877,4.604318531977227,13.476408867356957,6.084062257830549,4.204692619390966,7.655390644826152,7.655390644826152,17.72668850703285,0.0,AVENA FORRAJERA EN VERDE
S0795,-99.279416,18.566011,2437.0,7.798523053625206,17,MOR|Tehuixtla - Puente de Ixtla,111_29,False,2.0,0,80,6.0,57,11684.0,41,0.4436836699760356,66249.0,0.3095442950082265,9.113512900396236,335,0.2294813114069745,171.95779629082173,41,5052.0,387405882.5,20.0,1.7324907171050763,0.4483372921615202,0.697347585114806,0.0,False,estatal,Carretera,Con pavimento,Asfalto,No,Estatal,Mor.,Dos sentidos,CAÑA DE AZÚCAR,0,0,0,0,0,0,0,0,0,0,0,0,0,0,1.0986122886681098,0.0,1.9459101490553132,4.060443010546419,9.366061246972958,3.7376696182833684,11.101190743848468,4.602321520862798,12.49983494587582,5.153047612660456,3.7376696182833684,8.527737405291909,8.440528106480752,19.774983495966914,0.0,CAÑA DE AZÚCAR
S0796,-99.316511,18.606999,2498.0,7.823245690685523,17,MOR|Tehuixtla - Puente de Ixtla,111_29,False,2.0,0,50,6.0,275,31367.0,42,0.2543437370484904,66315.0,0.3494533665083315,8.899951208459216,404,0.2718631604188314,327.9616962780556,138,4592.0,214110482.4,25.0,1.844938941321629,0.297691637630662,0.4679878048780488,0.0,False,estatal,Carretera,Con pavimento,Asfalto,No,Estatal,Mor.,Dos sentidos,MAÍZ GRANO,0,0,0,0,0,0,0,0,0,0,0,0,0,0,1.0986122886681098,0.0,1.9459101490553132,5.62040086571715,10.353543543972167,3.7612001156935624,11.102186474359355,4.601994727463854,12.653242558366966,5.795941319300731,4.9344739331306915,8.432288684325794,8.333991247194975,19.182002717330807,0.0,MAÍZ GRANO
S0797,-99.254142,18.59592,6486.0,8.777401286867264,17,MOR|Tequesquitengo - Jojutla,111_29,False,2.0,0,80,6.0,63,19177.0,44,0.3215831464775512,131834.0,0.1820471198628578,9.771120702745383,386,0.2625355138358921,188.08747615242743,68,5052.0,387405882.5,20.0,1.7324907171050763,0.4483372921615202,0.697347585114806,0.0,False,estatal,Carretera,Con pavimento,Asfalto,No,Estatal,Mor.,Un sentido,CAÑA DE AZÚCAR,0,0,0,0,0,0,0,0,0,0,0,0,0,0,1.0986122886681098,0.0,1.9459101490553132,4.1588830833596715,9.861519067713626,3.8066624897703196,11.789306419666856,4.606784616304819,12.617002793069396,5.242209744769066,4.23410650459726,8.527737405291909,8.440528106480752,19.774983495966914,0.0,CAÑA DE AZÚCAR
S0798,-99.187349,18.647566,8674.0,9.068085324395312,17,MOR|Zacatepec - Tlaquiltenango,111_29,False,2.0,0,30,6.0,133,85328.0,60,0.1554940933808363,182459.0,0.1666401766972306,9.521843141340584,434,0.2375143922207909,449.0582834440715,24,5052.0,387405882.5,20.0,1.7324907171050763,0.4483372921615202,0.697347585114806,0.0,False,estatal,Calle,FALTANTE,FALTANTE,No,FALTANTE,FALTANTE,Dos sentidos,CAÑA DE AZÚCAR,0,0,0,0,0,0,0,0,0,0,0,0,0,0,1.0986122886681098,0.0,1.9459101490553132,4.897839799950911,11.354269652254178,4.110873864173311,12.114286249899465,4.606322368193673,12.768213813436187,6.109377093142138,3.2188758248682006,8.527737405291909,8.440528106480752,19.774983495966914,0.0,CAÑA DE AZÚCAR
S0799,-99.174395,18.639838,7331.0,8.899867211223587,17,MOR|Zacatepec - Tlaquiltenango,111_29,False,2.0,0,30,6.0,28,92393.0,56,0.1303345491541567,183435.0,0.1710742224766266,9.51440232568287,431,0.2283435689961288,481.1724526168296,269,6380.0,349453798.26000005,22.0,1.4521922174275703,0.390282131661442,0.516614420062696,0.0,False,estatal,Calle,FALTANTE,FALTANTE,No,FALTANTE,FALTANTE,Dos sentidos,CAÑA DE AZÚCAR,0,0,0,0,0,0,0,0,0,0,0,0,0,0,1.0986122886681098,0.0,1.9459101490553132,3.367295829986474,11.433817320456468,4.04305126783455,12.119621111799058,4.606416083656939,12.74714906506466,6.1783018355727215,5.598421958998375,8.761080103868347,8.643297068211963,19.671881919941633,0.0,CAÑA DE AZÚCAR
S0800,-98.889213,18.930113,11602.0,9.358932776026007,17,MOR-002|Atlatlahucan - Tlayacapan,113_30,False,2.0,0,60,6.0,129,21507.0,46,0.5806946575533547,102299.0,0.4183618608197538,8.91858058581173,545,0.2146726775837978,246.58022234754193,1099,3285.4,295224736.54999995,13.0,1.5426813656308989,0.4687404882206124,0.0613015157971632,0.0,False,estatal,Carretera,Con pavimento,Asfalto,No,Estatal,Mor.,Un sentido,MAÍZ GRANO,0,0,0,0,0,0,0,0,0,0,0,0,0,0,1.0986122886681098,0.0,1.9459101490553132,4.867534450455582,9.976180237929569,3.8501476017100584,11.535664951939717,4.598755620682849,13.305457968663468,5.511734660186878,7.003065458786462,8.097548019734239,8.097548019734239,19.503247446468244,0.0,MAÍZ GRANO
S0801,-98.914557,18.977553,4970.0,8.511175119090675,17,MOR-002|Atlatlahucan - Tlayacapan,112_31,False,2.0,0,80,6.0,113,29357.0,47,0.3702013148482474,81429.0,0.4672291198467376,9.055850571885376,493,0.217280653216424,152.35010857449046,197,3770.0,393856109.30999994,19.0,1.9291273998792111,0.3952254641909814,0.0214854111405835,0.0,False,estatal,Carretera,Con pavimento,Asfalto,No,Estatal,Mor.,Dos sentidos,MAÍZ GRANO,0,0,0,0,0,0,0,0,0,0,0,0,0,0,1.0986122886681098,0.0,1.9459101490553132,4.736198448394496,10.287320360517178,3.871201010907891,11.307499034461177,4.599275571463738,13.242555952232658,5.0327235985775545,5.288267030694535,8.235095497258357,8.232971790593437,19.791496198300738,0.0,MAÍZ GRANO
S0802,-98.974451,18.961163,5196.0,8.55564437779049,17,MOR-002|Atlatlahucan - Tlayacapan,112_31,False,2.0,0,80,6.0,122,23597.0,58,0.6451243802178243,109546.0,0.4586201230533292,9.217074271308128,486,0.2280435636045952,350.72801188688163,56,2359.5,393810751.48,19.0,2.2665263013258157,0.2436956982411527,0.2443314261496079,0.0,False,estatal,Carretera,Con pavimento,Asfalto,No,Estatal,Mor.,Dos sentidos,NOPALITOS,0,0,0,0,0,0,0,0,0,0,0,0,0,0,1.0986122886681098,0.0,1.9459101490553132,4.812184355372417,10.068917241659864,4.07753744390572,11.604108959892825,4.601568197345118,13.204061329788791,5.862858183413426,4.04305126783455,7.766628739986341,7.74565194342828,19.791381028215028,0.0,NOPALITOS
S0803,-98.973615,18.92172,5972.0,8.69483715865908,17,MOR-002|T. C. (San Gregorio - Oaxtepec) - Jojutla,112_30,False,2.0,0,50,6.0,239,42154.0,62,0.3320918536793661,169766.0,0.3479495305302593,9.317564662411824,520,0.2547788731436428,476.9371630978113,419,5268.3,455729535.77,24.0,1.4098125874471306,0.4270827401628608,0.564660326860657,0.0,False,estatal,Carretera,Con pavimento,Asfalto,No,Estatal,Mor.,Dos sentidos,CAÑA DE AZÚCAR,0,0,0,0,0,0,0,0,0,0,0,0,0,0,1.0986122886681098,0.0,1.9459101490553132,5.480638923341991,10.649108580356776,4.143134726391533,12.042182187681943,4.6035711316114245,13.206722908022067,6.169479265895732,6.040254711277414,8.5696528053886,8.565278345219491,19.937410070394325,0.0,CAÑA DE AZÚCAR
S0804,-99.02638,18.927855,10768.0,9.284334051884509,17,MOR-002|T. C. (San Gregorio - Oaxtepec) - Jojutla,112_30,False,2.0,0,80,6.0,95,22061.0,53,0.6247223607270749,136270.0,0.3423497468261539,9.520325015788158,500,0.1719670526645949,208.67576036852537,941,2359.5,393810751.48,19.0,2.2665263013258157,0.2436956982411527,0.2443314261496079,0.0,False,estatal,Carretera,Con pavimento,Asfalto,No,Estatal,Mor.,Dos sentidos,NOPALITOS,0,0,0,0,0,0,0,0,0,0,0,0,0,0,1.0986122886681098,0.0,1.9459101490553132,4.564348191467836,10.001611950529327,3.9889840465642745,11.82240082908929,4.604838917014657,13.584680037460332,5.34556233927871,6.848005274576363,7.766628739986341,7.74565194342828,19.791381028215028,0.0,NOPALITOS
S0805,-99.0593145,18.8880255,9650.5,9.174765006462264,17,MOR-002|T. C. (San Gregorio - Oaxtepec) - Jojutla,112_30,False,2.0,0,50,6.0,397,61367.0,53,0.1423403457884531,159699.0,0.2740342769835753,9.374626356142418,553,0.1190371878864092,264.48516520534326,44353,5268.3,455729535.77,24.0,1.4098125874471306,0.4270827401628608,0.564660326860657,0.0,False,estatal,Avenida,FALTANTE,FALTANTE,No,FALTANTE,FALTANTE,Dos sentidos,CAÑA DE AZÚCAR,0,0,0,0,0,0,0,0,0,0,0,0,0,0,1.0986122886681098,0.0,1.9459101490553132,5.986452005284438,11.024643805639132,3.9889840465642745,11.981052334203104,4.6051275533384635,14.066323749535936,5.581558964188138,10.699958175327975,8.5696528053886,8.565278345219491,19.937410070394325,0.0,CAÑA DE AZÚCAR
S0806,-99.116643,18.76942,1980.0,7.590852123688581,17,MOR-002|T. C. (San Gregorio - Oaxtepec) - Jojutla,112_30,False,2.0,0,80,6.0,83,4284.0,19,0.1582633053221288,60500.0,0.368793388429752,9.4399203761029,555,0.1340358343206712,516.2561832253905,9,5830.0,455289090.24,24.0,1.561429757956694,0.565008576329331,0.758147512864494,0.0,False,estatal,Carretera,Con pavimento,Concreto,No,Estatal,Mor.,Dos sentidos,CAÑA DE AZÚCAR,0,0,0,0,0,0,0,0,0,0,0,0,0,0,1.0986122886681098,0.0,1.9459101490553132,4.430816798843313,8.36287583103188,2.995732273553991,11.010415172807951,4.603920999141546,13.84887376475835,6.248538270590725,2.302585092994046,8.670943791222156,8.635687085464026,19.936443140518747,0.0,CAÑA DE AZÚCAR
S0807,-99.130284,18.678545,6528.0,8.783855896643942,17,MOR-002|T. C. (San Gregorio - Oaxtepec) - Jojutla,112_29,False,2.0,0,50,6.0,157,25222.0,33,0.4247878835936881,129311.0,0.1948403461422462,9.772523235747064,448,0.2285278318262409,119.4503880330136,329,5830.0,455289090.24,24.0,1.561429757956694,0.565008576329331,0.758147512864494,0.0,False,estatal,Avenida,FALTANTE,FALTANTE,No,FALTANTE,FALTANTE,Dos sentidos,CAÑA DE AZÚCAR,0,0,0,0,0,0,0,0,0,0,0,0,0,0,1.0986122886681098,0.0,1.9459101490553132,5.062595033026967,10.135511555656276,3.5263605246161616,11.7699833678782,4.6069638540711395,12.94038096309506,4.791237950583409,5.799092654460526,8.670943791222156,8.635687085464026,19.936443140518747,0.0,CAÑA DE AZÚCAR
S0808,-99.155888,18.648574,9725.0,9.182455168486648,17,MOR-002|T. C. (San Gregorio - Oaxtepec) - Jojutla,111_29,False,2.0,0,40,6.0,170,69948.0,47,0.1247355178132327,153112.0,0.2142745179998955,9.67083357838813,421,0.242915540357489,235.20792906844997,188,6380.0,349453798.26000005,22.0,1.4521922174275703,0.390282131661442,0.516614420062696,0.0,False,estatal,Avenida,FALTANTE,FALTANTE,No,FALTANTE,FALTANTE,Dos sentidos,CAÑA DE AZÚCAR,0,0,0,0,0,0,0,0,0,0,0,0,0,0,1.0986122886681098,0.0,1.9459101490553132,5.14166355650266,11.155521684065778,3.871201010907891,11.93893148986331,4.606844587284616,12.713513547582917,5.464712472498936,5.241747015059643,8.761080103868347,8.643297068211963,19.671881919941633,0.0,CAÑA DE AZÚCAR
S0809,-99.170363,18.62199,16236.0,9.694986277958789,17,MOR-002|T. C. (San Gregorio - Oaxtepec) - Jojutla,111_29,False,4.0,0,50,12.0,145,102377.0,56,0.1344735633980288,149894.0,0.1756174363216673,9.68795789361262,406,0.2380457119943862,828.6423116264981,37,5052.0,387405882.5,20.0,1.7324907171050763,0.4483372921615202,0.697347585114806,0.0,False,estatal,Avenida,FALTANTE,FALTANTE,No,FALTANTE,FALTANTE,Dos sentidos,CAÑA DE AZÚCAR,0,0,0,0,0,0,0,0,0,0,0,0,0,0,1.6094379124341003,0.0,2.5649493574615367,4.983606621708336,11.53642712475532,4.04305126783455,11.917690327964,4.6070494938822115,12.67362640128499,6.720994658057478,3.6375861597263857,8.527737405291909,8.440528106480752,19.774983495966914,0.0,CAÑA DE AZÚCAR
S0810,-99.2016855,18.648847,19899.0,9.898424758193666,17,MOR-004|Galeana - Cuautla,111_29,False,2.0,0,60,7.0,82,82855.0,55,0.1302878522720415,183683.0,0.1721933984092158,9.514991284738487,451,0.2431163144392355,105.31506192641424,25,943.0,63843499.34,9.0,0.5700997499288514,0.88016967126193,0.9459172852598092,0.0,False,estatal,Carretera,Con pavimento,Asfalto,No,Estatal,Mor.,Un sentido,CAÑA DE AZÚCAR,0,0,0,0,0,0,0,0,0,0,0,0,0,0,1.0986122886681098,0.0,2.0794415416798357,4.418840607796598,11.324859440268714,4.02535169073515,12.120972168879707,4.606259961080731,12.79108323848554,4.666406967938994,3.258096538021482,6.8501261661455,6.625392368007956,17.97194533948994,0.0,CAÑA DE AZÚCAR
S0811,-99.18222,18.658742,5530.0,8.61794309451638,17,MOR-004|Galeana - Cuautla,111_29,False,2.0,0,60,7.0,169,101358.0,59,0.1147122082124745,188978.0,0.1953878229211866,9.528349065343871,449,0.2427150676845804,324.6767391788373,32,943.0,63843499.34,9.0,0.5700997499288514,0.88016967126193,0.9459172852598092,0.0,False,estatal,Carretera,Con pavimento,Asfalto,No,Estatal,Mor.,Dos sentidos,CAÑA DE AZÚCAR,0,0,0,0,0,0,0,0,0,0,0,0,0,0,1.0986122886681098,0.0,2.0794415416798357,5.135798437050262,11.52642394912157,4.0943445622221,12.149391176757371,4.606366784213704,12.791542740365745,5.785905291797625,3.4965075614664802,6.8501261661455,6.625392368007956,17.97194533948994,0.0,CAÑA DE AZÚCAR
S0812,-99.112787,18.698262,3571.0,8.18060094759445,17,MOR-004|Galeana - Cuautla,112_29,False,2.0,0,60,7.0,94,22026.0,30,0.341323889948243,95358.0,0.2133119402672036,9.497527265474927,486,0.2397294493770569,535.6102126851678,949,5830.0,455289090.24,24.0,1.561429757956694,0.565008576329331,0.758147512864494,0.0,False,estatal,Carretera,Con pavimento,Asfalto,No,Estatal,Mor.,Dos sentidos,CAÑA DE AZÚCAR,0,0,0,0,0,0,0,0,0,0,0,0,0,0,1.0986122886681098,0.0,2.0794415416798357,4.553876891600541,10.000024252584158,3.4339872044851463,11.46540399566701,4.605751595507221,13.008858676607508,6.285271970022802,6.856461984594587,8.670943791222156,8.635687085464026,19.936443140518747,0.0,CAÑA DE AZÚCAR
S0813,-99.10694,18.707493,1392.0,7.238496840894365,17,MOR-004|Galeana - Cuautla,112_29,False,2.0,0,60,7.0,7,18011.0,27,0.4015323968685803,54558.0,0.3529821474394222,8.985016063003691,502,0.1562902146675402,446.9294205352706,733,5830.0,455289090.24,24.0,1.561429757956694,0.565008576329331,0.758147512864494,0.0,False,estatal,Carretera,Con pavimento,Asfalto,No,Estatal,Mor.,Dos sentidos,CAÑA DE AZÚCAR,0,0,0,0,0,0,0,0,0,0,0,0,0,0,1.0986122886681098,0.0,2.0794415416798357,2.0794415416798357,9.798793481421463,3.332204510175204,10.907037963903628,4.602716159756862,13.489652985933144,6.104635676555656,6.598509028614515,8.670943791222156,8.635687085464026,19.936443140518747,0.0,CAÑA DE AZÚCAR
S0814,-99.003595,18.730209,1537.0,7.337587743538596,17,MOR-004|Galeana - Cuautla,112_30,False,2.0,0,50,6.0,111,28134.0,31,0.3204307954787801,75247.0,0.3896766648504259,8.602158235090615,411,0.2345957759927117,252.97699401617217,87,14996.8,1101917038.5800002,31.0,2.1777321514276156,0.257388242825136,0.6886002347167396,0.0,False,estatal,Avenida,FALTANTE,FALTANTE,No,FALTANTE,FALTANTE,Dos sentidos,CAÑA DE AZÚCAR,0,0,0,0,0,0,0,0,0,0,0,0,0,0,1.0986122886681098,0.0,1.9459101490553132,4.718498871295094,10.24476963186738,3.4657359027997265,11.22854460418483,4.6015801843106345,13.031626523982567,5.537243688176917,4.477336814478207,9.615658802661073,9.606280258859275,20.820317263155484,0.0,CAÑA DE AZÚCAR
S0815,-98.984466,18.758877,10637.0,9.272093768251665,17,MOR-004|Galeana - Cuautla,112_30,False,2.0,0,50,6.0,254,56760.0,56,0.2357646229739253,261934.0,0.1573526155443737,9.64214576785148,461,0.2466895086742593,897.5238747519626,960,14996.8,1101917038.5800002,31.0,2.1777321514276156,0.257388242825136,0.6886002347167396,0.0,False,estatal,Carretera,Con pavimento,Asfalto,No,Estatal,Mor.,Dos sentidos,CAÑA DE AZÚCAR,0,0,0,0,0,0,0,0,0,0,0,0,0,0,1.0986122886681098,0.0,1.9459101490553132,5.541263545158426,10.946604749159658,4.04305126783455,12.475851660360368,4.607040464776736,13.079946361513532,6.800753277659084,6.8679744089702925,9.615658802661073,9.606280258859275,20.820317263155484,0.0,CAÑA DE AZÚCAR
S0816,-98.980019,18.7824945,14816.0,9.60346295688596,17,MOR-004|Galeana - Cuautla,112_30,False,2.0,0,40,6.0,114,204875.0,57,0.0827089688834655,267685.0,0.1542036348693427,9.667084753490595,487,0.2428048986918713,417.2106921261589,13,14996.8,1101917038.5800002,31.0,2.1777321514276156,0.257388242825136,0.6886002347167396,0.0,False,estatal,Avenida,FALTANTE,FALTANTE,No,FALTANTE,FALTANTE,Dos sentidos,CAÑA DE AZÚCAR,0,0,0,0,0,0,0,0,0,0,0,0,0,0,1.0986122886681098,0.0,1.9459101490553132,4.74493212836325,12.230160197059234,4.060443010546419,12.497569930793112,4.606931027980748,13.138344988416629,6.035985353683865,2.6390573296152584,9.615658802661073,9.606280258859275,20.820317263155484,0.0,CAÑA DE AZÚCAR
S0817,-98.965298,18.8019265,16729.0,9.72489901933128,17,MOR-004|Galeana - Cuautla,112_30,False,2.0,0,60,6.0,221,219335.0,62,0.0819477055645473,285308.0,0.1797005341595749,9.625579177317498,510,0.2453900048158332,75.22873873215272,43,5856.9,524824223.63,30.0,2.2373827435096705,0.2847922962659427,0.6149840359234408,0.0,False,estatal,Carretera,Con pavimento,Asfalto,No,Estatal,Mor.,Un sentido,SORGO GRANO,0,0,0,0,0,0,0,0,0,0,0,0,0,0,1.0986122886681098,0.0,1.9459101490553132,5.402677381872279,12.298360079620148,4.143134726391533,12.56132808244536,4.606381026768152,13.151861983659375,4.3337385403058155,3.784189633918261,8.67554645656939,8.672640173537651,20.078573954265867,0.0,SORGO GRANO
S0818,-99.2518905,18.680669,9241.0,9.13140538388804,17,MOR-006|Xoxocotla - Tilzapotla,111_29,False,2.0,0,50,6.0,259,34560.0,41,0.1758101851851851,135821.0,0.2100558823745959,9.19078826737416,502,0.1871630408818663,558.9309759447368,19,154.0,5390076.19,4.0,0.5964393007537787,0.8441558441558441,0.3181818181818182,0.0,False,estatal,Carretera,Con pavimento,Asfalto,No,Estatal,Mor.,Un sentido,MAÍZ GRANO,0,0,0,0,0,0,0,0,0,0,0,0,0,0,1.0986122886681098,0.0,1.9459101490553132,5.560681631015528,10.450481157684562,3.7376696182833684,11.81910048393118,4.6052847294883135,13.244874772285984,6.3278135188908555,2.995732273553991,5.043425116919247,5.043425116919247,15.500070263747386,0.0,MAÍZ GRANO
S0819,-99.2656555,18.5624055,6099.0,8.715880102296456,17,MOR-006|Xoxocotla - Tilzapotla,111_29,False,2.0,0,30,3.5,142,11822.0,43,0.4501776349179496,67757.0,0.2742004516138554,9.179715852811166,329,0.2278206301477317,558.3967011627395,6500,5052.0,387405882.5,20.0,1.7324907171050763,0.4483372921615202,0.697347585114806,0.0,False,estatal,Camino,Sin pavimento,Tierra,No,N/D,N/D,Dos sentidos,CAÑA DE AZÚCAR,1,0,0,0,0,0,0,0,0,0,0,0,0,0,1.0986122886681098,0.0,1.5040773967762742,4.962844630259907,9.377802065863113,3.784189633918261,11.123697812951725,4.603691844238303,12.497681996119844,6.326858883651329,8.77971129020447,8.527737405291909,8.440528106480752,19.774983495966914,0.0,CAÑA DE AZÚCAR
S0820,-99.278015,18.494162,2820.0,7.944492163932159,17,MOR-006|Xoxocotla - Tilzapotla,111_29,False,2.0,0,30,6.0,154,5878.0,15,0.1609390949302483,17766.0,0.3565236969492288,7.796153889610757,243,0.2248202310737658,726.2558991757704,4932,4592.0,214110482.4,25.0,1.844938941321629,0.297691637630662,0.4679878048780488,0.0,False,estatal,Calle,FALTANTE,FALTANTE,No,FALTANTE,FALTANTE,Dos sentidos,MAÍZ GRANO,0,0,0,0,0,0,0,0,0,0,0,0,0,0,1.0986122886681098,0.0,1.9459101490553132,5.043425116919247,8.679141958402255,2.772588722239781,9.785098083035907,4.596698540110884,12.131650777962594,6.589278408962585,8.503702601233739,8.432288684325794,8.333991247194975,19.182002717330807,0.0,MAÍZ GRANO
S0821,-99.2183805,18.629609,12502.0,9.433643910491758,17,MOR-008|Pilares - T. C. (Xoxocotla - Tilzapotla),111_29,False,4.0,0,80,14.0,230,75222.0,55,0.1655233841163489,175529.0,0.1581163226589338,9.487616989984096,441,0.2444065025277102,631.5397454490283,135,5052.0,387405882.5,20.0,1.7324907171050763,0.4483372921615202,0.697347585114806,0.0,False,estatal,Carretera,Con pavimento,Asfalto,No,Estatal,Mor.,Dos sentidos,CAÑA DE AZÚCAR,0,0,0,0,0,0,0,0,0,0,0,0,0,0,1.6094379124341003,0.0,2.70805020110221,5.442417710521793,11.22821231423886,4.02535169073515,12.075565247450392,4.606527861921977,12.792789293724098,6.449743057282,4.912654885736052,8.527737405291909,8.440528106480752,19.774983495966914,0.0,CAÑA DE AZÚCAR
S0822,-99.256897,18.614465,3209.0,8.073714641109857,17,MOR-008|Pilares - T. C. (Xoxocotla - Tilzapotla),111_29,False,4.0,0,50,14.0,141,15783.0,39,0.308052968383704,159122.0,0.171032289689672,9.556833325995209,433,0.2594788379102383,479.3088528205123,3266,5052.0,387405882.5,20.0,1.7324907171050763,0.4483372921615202,0.697347585114806,0.0,False,estatal,Carretera,Con pavimento,Asfalto,No,Estatal,Mor.,Dos sentidos,CAÑA DE AZÚCAR,0,0,0,0,0,0,0,0,0,0,0,0,0,0,1.6094379124341003,0.0,2.70805020110221,4.955827057601261,9.66675204770245,3.6888794541139363,11.97743276704545,4.60620879123944,12.77144895262719,6.174429340357071,8.09162741160107,8.527737405291909,8.440528106480752,19.774983495966914,0.0,CAÑA DE AZÚCAR
S0823,-99.101039,18.694448,1283.0,7.1569563646156364,17,MOR-009|Temilpa - Tepalcingo,112_29,False,2.0,0,80,6.0,3,20515.0,22,0.2928101389227394,72185.0,0.2568816236060123,9.150034807449629,474,0.2455503449274837,800.4303130242142,949,5830.0,455289090.24,24.0,1.561429757956694,0.565008576329331,0.758147512864494,0.0,False,estatal,Carretera,Con pavimento,Asfalto,No,Estatal,Mor.,Dos sentidos,CAÑA DE AZÚCAR,0,0,0,0,0,0,0,0,0,0,0,0,0,0,1.0986122886681098,0.0,1.9459101490553132,1.3862943611198906,9.92896034850916,3.1354942159291497,11.187001400261579,4.604553981701164,12.998687261610533,6.68639802257306,6.856461984594587,8.670943791222156,8.635687085464026,19.936443140518747,0.0,CAÑA DE AZÚCAR
S0824,-98.854147,18.604861,2951.0,7.989899374942939,17,MOR-009|Temilpa - Tepalcingo,113_29,False,2.0,0,50,7.0,93,13767.0,17,0.0264400377714825,45428.0,0.1475961961785682,8.501623920324342,293,0.3163257630551135,1054.997930811796,3,10450.8,703291449.9099998,28.0,1.8164970286878253,0.3611206797565737,0.3376105178550925,0.0,False,estatal,Carretera,Con pavimento,Asfalto,No,Estatal,Mor.,Dos sentidos,MAÍZ GRANO,0,0,0,0,0,0,0,0,0,0,0,0,0,0,1.0986122886681098,0.0,2.0794415416798357,4.543294782270004,9.530102337891375,2.8903717578961645,10.723905946624765,4.604234543580141,12.060040586996639,6.96224150480576,1.3862943611198906,9.254529491363662,9.253907395454696,20.371281945524,0.0,MAÍZ GRANO
S0825,-98.905912,18.8962695,14761.0,9.599743846536995,17,MOR-010|Ramal a Tetela del Volcán,113_30,False,2.0,0,80,6.0,21,44456.0,43,0.311049127226921,120228.0,0.3850766876268423,9.119294883535074,583,0.2376278841563238,138.1194534093197,1537,3285.4,295224736.54999995,13.0,1.5426813656308989,0.4687404882206124,0.0613015157971632,0.0,False,estatal,Carretera,Con pavimento,Asfalto,No,Estatal,Mor.,Un sentido,MAÍZ GRANO,0,0,0,0,0,0,0,0,0,0,0,0,0,0,1.0986122886681098,0.0,1.9459101490553132,3.091042453358316,10.702277708858288,3.784189633918261,11.697153536542698,4.600207575036258,13.313535650796245,4.935332941123126,7.338238150065589,8.097548019734239,8.097548019734239,19.503247446468244,0.0,MAÍZ GRANO
S0826,-98.844152,18.869481,6495.0,8.7787879291047,17,MOR-010|Ramal a Tetela del Volcán,113_30,False,2.0,0,80,6.0,25,24392.0,30,0.098638897999344,74850.0,0.3871743486973948,8.776951978270468,572,0.2243786129409878,992.0565586481974,56,9569.4,531335970.99999994,19.0,1.2605887926284804,0.4493489664973771,0.0221957489497774,0.0,False,estatal,Carretera,Con pavimento,Asfalto,No,Estatal,Mor.,Dos sentidos,SORGO GRANO,0,0,0,0,0,0,0,0,0,0,0,0,0,0,1.0986122886681098,0.0,1.9459101490553132,3.258096538021482,10.102051484875947,3.4339872044851463,11.22325474981197,4.597470968644313,13.270842001494131,6.900787619772809,4.04305126783455,9.166430280856694,9.166294436137449,20.090905094756955,0.0,SORGO GRANO
S0827,-98.778758,18.87918,4831.0,8.482808764554406,17,MOR-010|Ramal a Tetela del Volcán,113_30,False,2.0,0,50,6.0,122,18465.0,33,0.1617655023016517,92458.0,0.2037573817300828,8.668616879529425,412,0.2080045275052301,361.27298364912014,5373,6479.0,580778671.81,18.0,1.3004261057019084,0.5016206204661213,0.0123475845037814,0.0,False,estatal,Carretera,Con pavimento,Asfalto,No,Estatal,Mor.,Dos sentidos,MAÍZ GRANO,0,0,0,0,0,0,0,0,0,0,0,0,0,0,1.0986122886681098,0.0,1.9459101490553132,4.812184355372417,9.823686482332572,3.5263605246161616,11.434520581995951,4.602083292646586,13.064276532705803,5.892398026114608,8.589327789175437,8.776475789346321,8.773848885262895,20.179880300432195,0.0,MAÍZ GRANO
S0828,-98.742456,18.88041,6457.0,8.772920092626467,17,MOR-010|Ramal a Tetela del Volcán,113_30,False,2.0,0,80,6.0,31,29460.0,46,0.1940257976917854,70437.0,0.2620213808083819,8.397228473476817,358,0.3164961660031717,303.94818792268507,2942,6479.0,580778671.81,18.0,1.3004261057019084,0.5016206204661213,0.0123475845037814,0.0,False,estatal,Carretera,Con pavimento,Asfalto,No,Estatal,Mor.,Dos sentidos,MAÍZ GRANO,0,0,0,0,0,0,0,0,0,0,0,0,0,0,1.0986122886681098,0.0,1.9459101490553132,3.4657359027997265,10.290822633771823,3.8501476017100584,11.162488169248508,4.601601138434828,12.526567927628246,5.720141886513579,7.987184748233473,8.776475789346321,8.773848885262895,20.179880300432195,0.0,MAÍZ GRANO
S0829,-99.084012,18.980081,12909.0,9.46568002150671,17,MOR-013|Tepoztlán - Yautepec,112_31,False,2.0,0,40,7.0,67,26928.0,43,0.4533942364824718,53385.0,0.4905497799007212,9.69130674467008,454,0.1297937900998123,508.7765293781747,709,2731.8,204632548.78,17.0,1.2610410479373633,0.6999048246577347,0.0500768723918295,0.0,False,estatal,Avenida,FALTANTE,FALTANTE,No,FALTANTE,FALTANTE,Dos sentidos,MAÍZ GRANO,0,0,0,0,0,0,0,0,0,0,0,0,0,0,1.0986122886681098,0.0,2.0794415416798357,4.219507705176107,10.200959051807608,3.784189633918261,10.885303818290481,4.60512591090501,13.740616738652003,6.2339724520006214,6.565264970035361,7.91308200359425,7.90352240435807,19.136726488662177,0.0,MAÍZ GRANO
S0830,-99.064006,18.901895,6617.0,8.797397374012059,17,MOR-013|Tepoztlán - Yautepec,112_30,False,2.0,0,80,6.0,218,63084.0,52,0.1656838501046224,150887.0,0.2611159344410055,9.439048610374456,536,0.1169065535726572,51.587928436724624,53,5268.3,455729535.77,24.0,1.4098125874471306,0.4270827401628608,0.564660326860657,0.0,False,estatal,Carretera,Con pavimento,Asfalto,No,Estatal,Mor.,Dos sentidos,CAÑA DE AZÚCAR,0,0,0,0,0,0,0,0,0,0,0,0,0,0,1.0986122886681098,0.0,1.9459101490553132,5.389071729816501,11.052238302361841,3.970291913552122,11.924293118731006,4.60536351825105,14.06153982211559,3.9624865960044335,3.9889840465642745,8.5696528053886,8.565278345219491,19.937410070394325,0.0,CAÑA DE AZÚCAR
S0831,-99.172872,18.872046,10807.0,9.287949351303164,17,MOR-014|Tejalpa - Jojutla,111_30,False,2.0,0,40,6.0,288,296408.0,39,0.0380792691155434,835029.0,0.0538472316530324,10.5769355661584,516,0.1267894430781866,724.8283812644747,32,491.0,88425264.78999999,10.0,1.298140690563952,0.6374745417515275,1.0,0.0,False,estatal,Avenida,FALTANTE,FALTANTE,No,FALTANTE,FALTANTE,Dos sentidos,MAÍZ GRANO,0,0,0,0,0,0,0,0,0,0,0,0,0,0,1.0986122886681098,0.0,1.9459101490553132,5.666426688112432,12.59949553631555,3.6888794541139363,13.635222931331304,4.609623383468735,13.900346069474578,6.587313597437536,3.4965075614664802,6.198478716492308,6.198478716492308,18.297668298875447,0.0,MAÍZ GRANO
S0832,-99.1907405,18.819144,15928.0,9.675833845744032,17,MOR-014|Tejalpa - Jojutla,111_30,False,2.0,0,50,6.0,337,203982.0,50,0.047018854604818,506816.0,0.0793542429599696,9.95673443488764,504,0.1061609557865944,617.9609974199288,377,896.0,159666012.65,19.0,2.358959112221437,0.2466517857142857,0.7165178571428571,0.0,False,estatal,Carretera,Con pavimento,Asfalto,No,Estatal,Mor.,Un sentido,MAÍZ GRANO,0,0,0,0,0,0,0,0,0,0,0,0,0,0,1.0986122886681098,0.0,1.9459101490553132,5.823045895483019,12.225791936020604,3.9318256327243257,13.135905270670802,4.608838588236029,13.953493527600997,6.42804226168479,5.934894195619588,6.799055862058796,6.777646593635117,18.88859477682398,0.0,MAÍZ GRANO
S0833,-99.20685175,18.78241575,16993.5,9.740586196981653,17,MOR-014|Tejalpa - Jojutla,111_30,False,2.0,0,50,7.0,207,67611.0,70,0.2062238393160876,332893.0,0.1209788130119888,9.478334455357464,478,0.1003253935700445,498.37080969447265,7622,1666.0,163744095.06000003,18.0,1.7382574847102117,0.5258103241296519,0.8037214885954381,0.0,False,estatal,Avenida,FALTANTE,FALTANTE,No,FALTANTE,FALTANTE,Dos sentidos,CAÑA DE AZÚCAR,0,0,0,0,0,0,0,0,0,0,0,0,0,0,1.0986122886681098,0.0,2.0794415416798357,5.337538079701318,11.121540761070069,4.2626798770413155,12.715579399970233,4.607846888119011,13.968539752018527,6.213348925385404,8.938925271988273,7.418780882750794,7.38770923908104,18.913815377234233,0.0,CAÑA DE AZÚCAR
S0834,-99.184322,18.649853,9674.0,9.177197153382927,17,MOR-014|Tejalpa - Jojutla,111_29,False,2.0,0,50,6.0,124,84602.0,59,0.1482470863572965,184877.0,0.1775396615046761,9.510306354377494,437,0.2438783398138945,384.3697159171344,99,943.0,63843499.34,9.0,0.5700997499288514,0.88016967126193,0.9459172852598092,0.0,False,estatal,Avenida,FALTANTE,FALTANTE,No,FALTANTE,FALTANTE,Dos sentidos,CAÑA DE AZÚCAR,0,0,0,0,0,0,0,0,0,0,0,0,0,0,1.0986122886681098,0.0,1.9459101490553132,4.8283137373023015,11.345725005958496,4.0943445622221,12.127451427061969,4.606275840306227,12.748707934502226,5.954203174577142,4.605170185988092,6.8501261661455,6.625392368007956,17.97194533948994,0.0,CAÑA DE AZÚCAR
S0835,-99.184685,18.627895,9801.0,9.19023970026918,17,MOR-014|Tejalpa - Jojutla,111_29,False,2.0,0,80,6.0,56,99992.0,62,0.1639831186494919,178377.0,0.1475694736429024,9.538111142894,415,0.2189685617339519,180.0183777603805,69,5052.0,387405882.5,20.0,1.7324907171050763,0.4483372921615202,0.697347585114806,0.0,False,estatal,Carretera,Con pavimento,Concreto,No,Estatal,Mor.,Dos sentidos,CAÑA DE AZÚCAR,0,0,0,0,0,0,0,0,0,0,0,0,0,0,1.0986122886681098,0.0,1.9459101490553132,4.04305126783455,11.512855462520115,4.143134726391533,12.091660173138058,4.606551964590852,12.755883377773767,5.198598560699276,4.248495242049359,8.527737405291909,8.440528106480752,19.774983495966914,0.0,CAÑA DE AZÚCAR
S0836,-98.789512,18.72976,8872.0,9.090655529030204,17,MOR-017|Amayuca - Tlacotepec,113_30,False,2.0,0,60,6.0,51,35087.0,47,0.1104397640151623,62950.0,0.2538999205718824,9.045819616075828,381,0.1690752826253709,289.706347341314,31,5413.0,275445637.20000005,22.0,1.6241794130333815,0.5431368926658046,0.2523554406059486,0.0,False,estatal,Carretera,Con pavimento,Asfalto,No,Estatal,Mor.,Dos sentidos,SORGO GRANO,0,0,0,0,0,0,0,0,0,0,0,0,0,0,1.0986122886681098,0.0,1.9459101490553132,3.9512437185814275,10.46561447065767,3.871201010907891,11.050111924969828,4.601288346359655,12.919144994897389,5.6723136420059,3.4657359027997265,8.596743470174246,8.592486175451668,19.433900846578823,0.0,SORGO GRANO
S0837,-98.775108,18.777667,9016.0,9.106756055719613,17,MOR-017|Amayuca - Tlacotepec,113_30,False,2.0,0,50,7.0,188,28029.0,28,0.1431374647686324,58510.0,0.3098273799350538,8.722339070125868,380,0.1898769423348923,414.7239499594324,24,2870.2,161511998.73000002,17.0,1.2260690324600338,0.4773186537523518,0.040833391401296,0.0,False,estatal,Carretera,Con pavimento,Asfalto,No,Estatal,Mor.,Dos sentidos,MAÍZ GRANO,0,0,0,0,0,0,0,0,0,0,0,0,0,0,1.0986122886681098,0.0,2.0794415416798357,5.241747015059643,10.241030644158833,3.367295829986474,10.97697004973177,4.599559190375328,12.913682239399515,6.0300214581651055,3.2188758248682006,7.962485339833397,7.962433095504072,18.900089999600496,0.0,MAÍZ GRANO
S0838,-98.770327,18.786848,6194.0,8.731336360533149,17,MOR-017|Amayuca - Tlacotepec,113_30,False,2.0,0,50,7.0,116,28034.0,33,0.1432902903617036,53776.0,0.3506210949122285,8.815596065353876,377,0.2064551863041289,276.4716565146292,250,2490.2,188995430.95000005,17.0,1.5442281949967331,0.4738575214842181,0.1229620110834471,0.0,False,estatal,Carretera,Con pavimento,Asfalto,No,Estatal,Mor.,Dos sentidos,SORGO GRANO,0,0,0,0,0,0,0,0,0,0,0,0,0,0,1.0986122886681098,0.0,2.0794415416798357,4.762173934797756,10.241209008557773,3.5263605246161616,10.892601145448044,4.60190151729407,12.892197728773349,5.625718789283957,5.5254529391317835,7.820519801079734,7.820479658976684,19.05723340315511,0.0,SORGO GRANO
S0839,-98.759894,18.806825,4813.0,8.47907586930311,17,MOR-017|Amayuca - Tlacotepec,113_30,False,2.0,0,50,7.0,84,19515.0,32,0.1997437868306431,56336.0,0.2641827605793808,8.69339007470651,367,0.3442725118289093,605.7331920423119,13,2490.2,188995430.95000005,17.0,1.5442281949967331,0.4738575214842181,0.1229620110834471,0.0,False,estatal,Carretera,Con pavimento,Asfalto,No,Estatal,Mor.,Dos sentidos,SORGO GRANO,0,0,0,0,0,0,0,0,0,0,0,0,0,0,1.0986122886681098,0.0,2.0794415416798357,4.442651256490317,9.878989920935728,3.4965075614664802,10.939106791876316,4.602571158973183,12.404493083788877,6.408089142603421,2.6390573296152584,7.820519801079734,7.820479658976684,19.05723340315511,0.0,SORGO GRANO
S0840,-99.262498,18.732454,15817.0,9.668840589963487,17,MOR-021|Alpuyeca - Jojutla,111_30,False,4.0,0,50,12.0,93,21111.0,42,0.3964284022547487,137480.0,0.2366889729415187,8.815666322013165,522,0.1446143084635498,242.9961002795904,43,1666.0,163744095.06000003,18.0,1.7382574847102117,0.5258103241296519,0.8037214885954381,0.0,False,estatal,Carretera,Con pavimento,Asfalto,No,Estatal,Mor.,Dos sentidos,CAÑA DE AZÚCAR,0,0,0,0,0,0,0,0,0,0,0,0,0,0,1.6094379124341003,0.0,2.5649493574615367,4.543294782270004,9.95759687818316,3.7612001156935624,11.831241004722594,4.60414034549199,13.567766889781831,5.497152242704786,3.784189633918261,7.418780882750794,7.38770923908104,18.913815377234233,0.0,CAÑA DE AZÚCAR
S0841,-99.2509905,18.704628,18106.0,9.803998654035386,17,MOR-021|Alpuyeca - Jojutla,111_29,False,4.0,0,80,12.0,58,38583.0,43,0.1648912733587331,166133.0,0.1953796054968007,9.19766913261925,508,0.1759867101639169,290.608838288508,131,154.0,5390076.19,4.0,0.5964393007537787,0.8441558441558441,0.3181818181818182,0.0,False,estatal,Carretera,Con pavimento,Asfalto,No,Estatal,Mor.,Dos sentidos,MAÍZ GRANO,0,0,0,0,0,0,0,0,0,0,0,0,0,0,1.6094379124341003,0.0,2.5649493574615367,4.07753744390572,10.560592961748808,3.784189633918261,12.02054997062031,4.6055616002586195,13.30193615977701,5.675413309306547,4.882801922586371,5.043425116919247,5.043425116919247,15.500070263747386,0.0,MAÍZ GRANO
S0842,-99.218934,18.653696,15798.0,9.667638628724363,17,MOR-021|Alpuyeca - Jojutla,111_29,False,2.0,0,80,6.0,60,69816.0,57,0.1403976165921851,179555.0,0.1876082537384088,9.474063623142374,468,0.2439894415779437,304.9062583089192,1368,943.0,63843499.34,9.0,0.5700997499288514,0.88016967126193,0.9459172852598092,0.0,False,estatal,Carretera,Con pavimento,Asfalto,No,Estatal,Mor.,Un sentido,CAÑA DE AZÚCAR,0,0,0,0,0,0,0,0,0,0,0,0,0,0,1.0986122886681098,0.0,1.9459101490553132,4.110873864173311,11.15363281210484,4.060443010546419,12.09824241597142,4.6064831560898805,12.860757025648423,5.723278709623355,7.221835825288449,6.8501261661455,6.625392368007956,17.97194533948994,0.0,CAÑA DE AZÚCAR
S0843,-99.206052,18.6280925,19997.0,9.903337541285005,17,MOR-021|Alpuyeca - Jojutla,111_29,False,2.0,0,80,6.0,94,95895.0,53,0.1282652901611137,167785.0,0.1579998211997496,9.526846110266272,434,0.2387813399797421,188.6285135997142,373,5052.0,387405882.5,20.0,1.7324907171050763,0.4483372921615202,0.697347585114806,0.0,False,estatal,Carretera,Con pavimento,Concreto,No,Estatal,Mor.,Un sentido,CAÑA DE AZÚCAR,0,0,0,0,0,0,0,0,0,0,0,0,0,0,1.0986122886681098,0.0,1.9459101490553132,4.553876891600541,11.471019549886936,3.9889840465642745,12.030444636876618,4.60662700722007,12.76987679288697,5.245066966697899,5.924255797414532,8.527737405291909,8.440528106480752,19.774983495966914,0.0,CAÑA DE AZÚCAR
S0844,-98.796656,18.7141435,16529.0,9.712871692917354,17,MOR-031-PUE|Amayuca - Izúcar de Matamoros,113_30,False,2.0,0,50,6.0,113,36239.0,48,0.0827837412732139,58573.0,0.1981459034025916,9.182706011078436,360,0.1843750334793927,219.01085380200368,340,5413.0,275445637.20000005,22.0,1.6241794130333815,0.5431368926658046,0.2523554406059486,0.0,False,estatal,Carretera,Con pavimento,Asfalto,No,Estatal,Mor.,Un sentido,SORGO GRANO,0,0,0,0,0,0,0,0,0,0,0,0,0,0,1.0986122886681098,0.0,1.9459101490553132,4.736198448394496,10.497918760156915,3.8918202981106265,10.978046191100518,4.601773522155592,12.830311772434605,5.3936768805990605,5.831882477283517,8.596743470174246,8.592486175451668,19.433900846578823,0.0,SORGO GRANO
S0845,-98.8054135,18.671852,8312.0,9.025455532779064,17,MOR-031-PUE|Amayuca - Izúcar de Matamoros,113_29,False,2.0,0,80,6.0,74,19302.0,31,0.0947052118951404,62836.0,0.1333152969635241,8.960240671968887,334,0.3220768276410964,241.2162825934634,14,5934.5,296330493.72,19.0,1.550125829015768,0.3777908838149802,0.2801415452017862,0.0,False,estatal,Carretera,Con pavimento,Asfalto,No,Estatal,Mor.,Un sentido,MAÍZ GRANO,0,0,0,0,0,0,0,0,0,0,0,0,0,0,1.0986122886681098,0.0,1.9459101490553132,4.31748811353631,9.868015803227875,3.4657359027997265,11.048299350937146,4.601046410232557,12.27184165930107,5.489831056743128,2.70805020110221,8.688706549493588,8.684993151691172,19.50698592564158,0.0,MAÍZ GRANO
S0846,-98.833439,18.589301,4931.0,8.503297086224126,17,MOR-031-PUE|Amayuca - Izúcar de Matamoros,113_29,False,2.0,0,60,7.0,67,15150.0,16,0.1153135313531353,41380.0,0.268994683421943,8.166518561541068,267,0.3007366115867012,318.9884910567362,7,10450.8,703291449.9099998,28.0,1.8164970286878253,0.3611206797565737,0.3376105178550925,0.0,False,estatal,Carretera,Con pavimento,Asfalto,No,Estatal,Mor.,Un sentido,MAÍZ GRANO,0,0,0,0,0,0,0,0,0,0,0,0,0,0,1.0986122886681098,0.0,2.0794415416798357,4.219507705176107,9.625821815359835,2.833213344056216,10.63057711727143,4.600862359461639,11.922986661530603,5.7682850296993005,2.0794415416798357,9.254529491363662,9.253907395454696,20.371281945524,0.0,MAÍZ GRANO
S0847,-98.7623225,18.502873,6890.0,8.837826364007704,17,MOR-031-PUE|Amayuca - Izúcar de Matamoros,113_29,False,1.0,0,10,4.0,231,27685.0,40,0.3106375293480224,52524.0,0.3253750666362044,7.757973377576904,211,0.2816042512047871,552.3364108773465,38,10958.1,726149604.8,21.0,1.960306399257842,0.2664695522033929,0.629862841185972,0.0,False,estatal,Privada,FALTANTE,FALTANTE,No,FALTANTE,FALTANTE,Dos sentidos,SORGO GRANO,0,0,0,0,0,0,0,0,0,0,0,0,0,0,0.6931471805599453,0.0,1.6094379124341003,5.44673737166631,10.22868214924768,3.713572066704308,10.869044525713202,4.599586115227531,11.785636021491865,6.315966154493542,3.6635616461296463,9.301925440341916,9.290915245716544,20.403266620154895,0.0,SORGO GRANO
S0848,-98.691458,18.476324,2891.0,7.969357742016346,21,MOR-031-PUE|Amayuca - Izúcar de Matamoros,113_28,False,2.0,0,80,8.0,3,8361.0,21,0.4482717378304031,63625.0,0.2541453831041257,7.896547649021213,210,0.3478775305120184,581.0204522101611,37,9763.65,498766153.41,16.0,1.328391307628951,0.5540960603872528,0.7140106415121393,0.0,False,estatal,Carretera,Con pavimento,Asfalto,No,Estatal,Pue.,Dos sentidos,CAÑA DE AZÚCAR,0,0,0,0,0,0,0,0,0,0,0,0,0,0,1.0986122886681098,0.0,2.1972245773362196,1.3862943611198906,9.03145291191651,3.091042453358316,11.06077747082165,4.602627396513322,11.723145870993948,6.366505588368571,3.6375861597263857,9.186524000374522,9.146297727871271,20.027647915438294,0.0,CAÑA DE AZÚCAR
S0849,-98.585692,18.526734,6277.0,8.744647438317532,21,MOR-031-PUE|Amayuca - Izúcar de Matamoros,114_29,False,2.0,0,50,8.0,40,24105.0,26,0.2718937979672267,49240.0,0.3523964256701868,8.102959169156353,218,0.2822810322919861,954.4937368368112,933,9763.65,498766153.41,16.0,1.328391307628951,0.5540960603872528,0.7140106415121393,0.0,False,estatal,Carretera,Con pavimento,Asfalto,No,Estatal,Pue.,Dos sentidos,CAÑA DE AZÚCAR,0,0,0,0,0,0,0,0,0,0,0,0,0,0,1.0986122886681098,0.0,2.1972245773362196,3.713572066704308,10.090216051148289,3.295836866004329,10.804481888784291,4.605028337168561,12.11497109699988,6.862228208804644,6.839476438228843,9.186524000374522,9.146297727871271,20.027647915438294,0.0,CAÑA DE AZÚCAR
S0850,-98.485306,18.5972725,15441.0,9.644781588320864,21,MOR-031-PUE|Amayuca - Izúcar de Matamoros,114_29,False,2.0,0,50,8.0,229,56339.0,19,0.0715135163918422,92770.0,0.2114907836585103,8.835896387258288,202,0.3589240374354508,1068.039198679153,69,13656.45,659772173.24,22.0,1.478414564491214,0.4496043993863705,0.6221931761182445,0.0,False,estatal,Carretera,Con pavimento,Asfalto,No,Estatal,Pue.,Dos sentidos,CAÑA DE AZÚCAR,0,0,0,0,0,0,0,0,0,0,0,0,0,0,1.0986122886681098,0.0,2.1972245773362196,5.438079308923196,10.939160041430364,2.995732273553991,11.437889369935991,4.603821003072075,12.001842846187339,6.974515578902025,4.248495242049359,9.522040439271043,9.480077390773086,20.30740514284732,0.0,CAÑA DE AZÚCAR
S0851,-99.17439,18.607135,8414.0,9.037652264150466,17,MOR-039|Jojutla - El Higuerón,111_29,False,2.0,0,30,7.0,222,66713.0,53,0.1618874881957039,120424.0,0.2060967913372749,9.782880706652708,391,0.2495864294624939,591.0135849878287,5,5052.0,387405882.5,20.0,1.7324907171050763,0.4483372921615202,0.697347585114806,0.0,False,estatal,Calle,FALTANTE,FALTANTE,No,FALTANTE,FALTANTE,Dos sentidos,CAÑA DE AZÚCAR,0,0,0,0,0,0,0,0,0,0,0,0,0,0,1.0986122886681098,0.0,2.0794415416798357,5.407171771460119,11.108170104931304,3.9889840465642745,11.698782431498422,4.606832162615095,12.594706906226865,6.383529582235289,1.791759469228055,8.527737405291909,8.440528106480752,19.774983495966914,0.0,CAÑA DE AZÚCAR
S0852,-99.177579,18.584531,6241.0,8.738895704934043,17,MOR-039|Jojutla - El Higuerón,111_29,False,2.0,0,50,6.0,234,40440.0,34,0.151162215628091,115466.0,0.2043025652573051,9.839136663835392,349,0.24970397560759,370.205312015088,13,5052.0,387405882.5,20.0,1.7324907171050763,0.4483372921615202,0.697347585114806,0.0,False,estatal,Avenida,FALTANTE,FALTANTE,No,FALTANTE,FALTANTE,Dos sentidos,CAÑA DE AZÚCAR,0,0,0,0,0,0,0,0,0,0,0,0,0,0,1.0986122886681098,0.0,1.9459101490553132,5.459585514144159,10.607599400820764,3.5553480614894135,11.656740053834168,4.607774654761463,12.507099035217088,5.916755311195127,2.6390573296152584,8.527737405291909,8.440528106480752,19.774983495966914,0.0,CAÑA DE AZÚCAR
S0853,-98.748266,18.482104,2329.0,7.753194269884341,17,MOR-PUE|Ramal a Jolalpan,113_28,False,2.0,0,70,8.0,23,27590.0,37,0.1813338166002174,60464.0,0.2596255623180735,7.697666396171109,198,0.2987636459292385,80.94273088220268,24,10958.1,726149604.8,21.0,1.960306399257842,0.2664695522033929,0.629862841185972,0.0,False,estatal,Carretera,Con pavimento,Asfalto,No,Estatal,Mor.,Dos sentidos,SORGO GRANO,0,0,0,0,0,0,0,0,0,0,0,0,0,0,1.0986122886681098,0.0,2.1972245773362196,3.1780538303479458,10.225244911570808,3.6375861597263857,11.009819964219377,4.600881635386496,11.708895127873731,4.406020599391077,3.2188758248682006,9.301925440341916,9.290915245716544,20.403266620154895,0.0,SORGO GRANO
S0854,-98.402246,18.942874,9290.0,9.136693831807884,21,PUE-D|Atlixco - Jantetelco (Cuota),115_31,False,2.0,0,80,9.0,186,27882.0,52,0.5631948927623557,170198.0,0.2700149237946392,9.136150554321116,365,0.1721847640132837,333.2901937096924,5552,11997.6,1019689023.35,60.0,2.6046698546568603,0.3893278655731146,0.497291124891645,0.0,True,estatal,Carretera,Con pavimento,Asfalto,Si,Estatal,Pue.,Dos sentidos,MAÍZ GRANO,0,0,0,0,0,0,0,0,0,0,0,0,0,0,1.0986122886681098,0.0,2.302585092994046,5.231108616854587,10.23577246310278,3.970291913552122,12.044723619663491,4.60731801759933,13.298366682685293,5.812009459192915,8.622093601241607,9.392545255297385,9.381609407394762,20.742763539669582,0.0,MAÍZ GRANO
S0855,-98.767705,18.706839,7740.0,8.954156966583772,17,PUE-D|Atlixco - Jantetelco (Cuota),113_29,False,2.0,0,80,7.0,17,31409.0,39,0.0830653634308637,62420.0,0.2475648830503043,8.957837088110317,319,0.3253996385675187,960.2499408253344,14,5413.0,275445637.20000005,22.0,1.6241794130333815,0.5431368926658046,0.2523554406059486,0.0,True,estatal,Carretera,Con pavimento,Concreto,Si,Estatal,Mor.,Dos sentidos,SORGO GRANO,0,0,0,0,0,0,0,0,0,0,0,0,0,0,1.0986122886681098,0.0,2.0794415416798357,2.8903717578961645,10.354881592532692,3.6888794541139363,11.041657036202691,4.601962370703394,12.055796118140405,6.868234459259732,2.70805020110221,8.596743470174246,8.592486175451668,19.433900846578823,0.0,SORGO GRANO
S0856,-98.4230765,19.2879365,22856.0,10.036968943910608,21,MEX-117|San Martín Texmelucan - Tlaxcala,114_32,False,2.0,0,50,7.0,269,121111.0,35,0.0412018726622685,227692.0,0.0470679690107689,9.511618167760528,257,0.1011344185662177,841.9717367402075,187,4990.049999999999,185257485.07,39.0,1.478404954781512,0.7015961763910182,0.4833218104027014,0.0,False,federal,Boulevard,FALTANTE,FALTANTE,No,FALTANTE,FALTANTE,Un sentido,MAÍZ GRANO,0,0,0,0,0,0,0,0,0,0,0,0,0,0,1.0986122886681098,0.0,2.0794415416798357,5.598421958998375,11.704471016291714,3.58351893845611,12.335753509374625,4.610242142552083,12.956464625087651,6.736933430441246,5.236441962829949,8.515401587451887,8.512060039304489,19.03725723195826,0.0,MAÍZ GRANO
S0857,-98.411871,19.291523,20235.0,9.915169057309964,21,MEX-117|San Martín Texmelucan - Tlaxcala,115_32,False,2.0,1,50,6.0,157,82459.0,27,0.0508737675693374,213437.0,0.0444768245430736,9.554503161042089,253,0.0997699344797989,265.11546579917206,116,4990.049999999999,185257485.07,39.0,1.478404954781512,0.7015961763910182,0.4833218104027014,0.0,False,federal,Carretera,Con pavimento,Asfalto,No,Federal,Fed.,Dos sentidos,MAÍZ GRANO,0,0,0,0,0,0,0,0,0,0,0,0,0,0,1.0986122886681098,0.6931471805599453,1.9459101490553132,5.062595033026967,11.320068606260891,3.332204510175204,12.271101671350651,4.610248984542947,12.954947772855268,5.583930296547159,4.762173934797756,8.515401587451887,8.512060039304489,19.03725723195826,0.0,MAÍZ GRANO
S0858,-98.4038945,19.2940995,14173.0,9.559094025166903,21,MEX-117|San Martín Texmelucan - Tlaxcala,115_32,False,2.0,0,50,6.0,230,82218.0,22,0.0480916587608552,200034.0,0.0382984892568263,9.62659759585575,249,0.0974157064460409,1147.5892411945044,116,4990.049999999999,185257485.07,39.0,1.478404954781512,0.7015961763910182,0.4833218104027014,0.0,False,federal,Carretera,Con pavimento,Asfalto,No,Federal,Fed.,Un sentido,MAÍZ GRANO,0,0,0,0,0,0,0,0,0,0,0,0,0,0,1.0986122886681098,0.0,1.9459101490553132,5.442417710521793,11.317141697887028,3.1354942159291497,12.20624763021946,4.610377801795754,12.94459464077811,7.046289721500121,4.762173934797756,8.515401587451887,8.512060039304489,19.03725723195826,0.0,MAÍZ GRANO
S0859,-98.369221,19.307934,7727.0,8.952475967933584,21,MEX-117|San Martín Texmelucan - Tlaxcala,115_32,False,2.0,0,40,8.0,136,719.0,3,1.0,130534.0,0.0356229028452357,9.78852489159248,213,0.0921440530161536,4406.159026459003,148,4990.049999999999,185257485.07,39.0,1.478404954781512,0.7015961763910182,0.4833218104027014,0.0,False,federal,Avenida,FALTANTE,FALTANTE,No,FALTANTE,FALTANTE,Dos sentidos,MAÍZ GRANO,0,0,0,0,0,0,0,0,0,0,0,0,0,0,1.0986122886681098,0.0,2.1972245773362196,4.919980925828125,6.579251212010101,1.3862943611198906,11.779396669019617,4.610708029831294,12.826955537921481,8.390985549160082,5.003946305945459,8.515401587451887,8.512060039304489,19.03725723195826,0.0,MAÍZ GRANO
S0860,-98.2727725,19.319577,9076.0,9.113388845899731,21,MEX-117|San Martín Texmelucan - Tlaxcala,115_32,False,1.0,0,10,3.5,239,0.0,0,0.2294825956519952,0.0,0.2492112922594695,9.16571748878924,76,0.0579429625260639,13316.189107646158,134,4990.049999999999,185257485.07,39.0,1.478404954781512,0.7015961763910182,0.4833218104027014,0.0,False,federal,Privada,FALTANTE,FALTANTE,No,FALTANTE,FALTANTE,Dos sentidos,MAÍZ GRANO,0,1,1,1,1,0,0,0,0,0,0,0,0,0,0.6931471805599453,0.0,1.5040773967762742,5.480638923341991,0.0,0.0,0.0,4.60540340767597,12.391535097876694,9.496810893870355,4.90527477843843,8.515401587451887,8.512060039304489,19.03725723195826,0.0,MAÍZ GRANO
S0861,-98.255345,19.326145500000003,12111.0,9.401869409521051,21,MEX-117|San Martín Texmelucan - Tlaxcala,115_32,False,1.0,0,10,3.5,286,0.0,0,0.2294825956519952,0.0,0.2492112922594695,9.16571748878924,54,0.0472449440973364,15277.933092460376,134,4990.049999999999,185257485.07,39.0,1.478404954781512,0.7015961763910182,0.4833218104027014,0.0,False,federal,Privada,FALTANTE,FALTANTE,No,FALTANTE,FALTANTE,Dos sentidos,MAÍZ GRANO,0,1,1,1,1,0,0,0,0,0,0,0,0,0,0.6931471805599453,0.0,1.5040773967762742,5.659482215759621,0.0,0.0,0.0,4.60540340767597,12.178829909136299,9.634230236490858,4.90527477843843,8.515401587451887,8.512060039304489,19.03725723195826,0.0,MAÍZ GRANO
S0862,-98.246952,19.325938,13905.0,9.540003766668065,21,MEX-117|San Martín Texmelucan - Tlaxcala,115_32,False,2.0,0,40,8.0,309,0.0,0,0.2294825956519952,0.0,0.2492112922594695,9.16571748878924,40,0.0868937245781162,16071.980368729342,134,4990.049999999999,185257485.07,39.0,1.478404954781512,0.7015961763910182,0.4833218104027014,0.0,False,federal,Avenida,FALTANTE,FALTANTE,No,FALTANTE,FALTANTE,Dos sentidos,MAÍZ GRANO,0,1,1,1,1,0,0,0,0,0,0,0,0,0,1.0986122886681098,0.0,2.1972245773362196,5.736572297479192,0.0,0.0,0.0,4.60540340767597,11.452771982150384,9.684894903186533,4.90527477843843,8.515401587451887,8.512060039304489,19.03725723195826,0.0,MAÍZ GRANO
S0863,-98.414804,19.2934625,4076.0,8.312871394342615,21,MEX-117D|San Martin Texmelucan - Tlaxcala - El Molinito (Cuota),115_32,False,2.0,0,50,7.0,157,82459.0,27,0.0508737675693374,216471.0,0.0438857860868199,9.546036421102244,251,0.100276254191667,325.7736235595981,116,4990.049999999999,185257485.07,39.0,1.478404954781512,0.7015961763910182,0.4833218104027014,0.0,True,federal,Carretera,Con pavimento,Asfalto,Si,Federal,Fed.,Un sentido,MAÍZ GRANO,0,0,0,0,0,0,0,0,0,0,0,0,0,0,1.0986122886681098,0.0,2.0794415416798357,5.062595033026967,11.320068606260891,3.332204510175204,12.285216487806762,4.6102578674116765,12.955510363434186,5.789267648466579,4.762173934797756,8.515401587451887,8.512060039304489,19.03725723195826,0.0,MAÍZ GRANO
S0864,-98.404063,19.301602,6080.0,8.712759974960212,21,MEX-117D|San Martin Texmelucan - Tlaxcala - El Molinito (Cuota),115_32,False,3.0,0,40,15.0,157,82193.0,21,0.04780212426849,180517.0,0.0506434297046815,9.620562447708595,239,0.0959203345629534,1604.679439567295,53,4990.049999999999,185257485.07,39.0,1.478404954781512,0.7015961763910182,0.4833218104027014,0.0,True,federal,Carretera,Con pavimento,Asfalto,Si,Federal,Fed.,Un sentido,MAÍZ GRANO,0,0,0,0,0,0,0,0,0,0,0,0,0,0,1.3862943611198906,0.0,2.772588722239781,5.062595033026967,11.316837585679444,3.091042453358316,12.103585774774755,4.6104516561941455,12.902912997927737,7.381302272819798,3.9889840465642745,8.515401587451887,8.512060039304489,19.03725723195826,0.0,MAÍZ GRANO
S0865,-98.24481325,19.3286635,40930.5,10.619630785390337,21,MEX-117D|San Martin Texmelucan - Tlaxcala - El Molinito (Cuota),115_32,False,2.0,0,40,8.0,251,0.0,0,0.2294825956519952,0.0,0.2492112922594695,9.16571748878924,35,0.080290955768305,16398.005143988677,134,4990.049999999999,185257485.07,39.0,1.478404954781512,0.7015961763910182,0.4833218104027014,0.0,True,federal,Avenida,FALTANTE,FALTANTE,No,FALTANTE,FALTANTE,Dos sentidos,MAÍZ GRANO,0,1,1,1,1,0,0,0,0,0,0,0,0,0,1.0986122886681098,0.0,2.1972245773362196,5.529429087511423,0.0,0.0,0.0,4.60540340767597,11.445566971445409,9.70497595002037,4.90527477843843,8.515401587451887,8.512060039304489,19.03725723195826,0.0,MAÍZ GRANO
S0866,-98.214112,19.3376235,37208.0,10.524279070903932,21,MEX-117D|San Martin Texmelucan - Tlaxcala - El Molinito (Cuota),115_32,False,2.0,0,90,8.0,250,0.0,0,0.2294825956519952,0.0,0.2492112922594695,9.16571748878924,2,1.0,19637.802000296386,251,333.84999999999997,5882597.26,7.0,0.5664663820989528,0.8656582297438971,0.1258050022465179,0.0,True,federal,Carretera,Con pavimento,Asfalto,Si,Federal,Fed.,Un sentido,MAÍZ GRANO,0,1,1,1,1,0,0,0,0,0,0,0,0,0,1.0986122886681098,0.0,2.1972245773362196,5.5254529391317835,0.0,0.0,0.0,4.60540340767597,5.955837369464831,9.885262582099758,5.529429087511423,5.813682670356059,5.80302430930585,15.587509103226553,0.0,MAÍZ GRANO
S0867,-98.1941215,19.347826,71621.0,11.179143606035232,21,MEX-117D|San Martin Texmelucan - Tlaxcala - El Molinito (Cuota),115_32,False,4.0,0,90,14.0,172,0.0,0,0.2294825956519952,0.0,0.2492112922594695,9.16571748878924,0,0.217280653216424,21645.78785343552,251,333.84999999999997,5882597.26,7.0,0.5664663820989528,0.8656582297438971,0.1258050022465179,0.0,True,federal,Carretera,Con pavimento,Asfalto,Si,Federal,Fed.,Un sentido,MAÍZ GRANO,0,1,1,1,1,1,0,0,0,0,0,0,0,0,1.6094379124341003,0.0,2.70805020110221,5.153291594497779,0.0,0.0,0.0,4.60540340767597,0.0,9.982612355376299,5.529429087511423,5.813682670356059,5.80302430930585,15.587509103226553,0.0,MAÍZ GRANO
S0868,-98.179155,19.3797165,67632.0,11.121836522806571,21,MEX-117D|San Martin Texmelucan - Tlaxcala - El Molinito (Cuota),116_33,False,3.0,-1,90,10.5,121,0.0,0,0.2294825956519952,0.0,0.2492112922594695,9.16571748878924,0,0.217280653216424,24946.731272578447,35,7537.150000000001,77685324.42999999,9.0,0.3564393591950904,0.9224972303854904,0.0348341216507565,0.0,True,federal,Carretera,Con pavimento,Asfalto,Si,Federal,Fed.,Un sentido,MAÍZ GRANO,0,1,1,1,1,1,0,0,0,0,0,0,0,0,1.3862943611198906,0.0,2.4423470353692043,4.804021044733257,0.0,0.0,0.0,4.60540340767597,0.0,10.124538166086415,3.58351893845611,8.927732072806595,8.925407849378708,18.16817693559646,0.0,MAÍZ GRANO
S0869,-98.1313545,19.437529,25206.0,10.134837340397436,21,MEX-119|Apizaco - Tejocotal,116_33,False,2.0,0,50,10.0,193,0.0,0,0.2294825956519952,0.0,0.2492112922594695,9.16571748878924,0,0.217280653216424,24978.34063645815,6,13001.98,153048429.64000002,15.0,0.8500174686117283,0.8106057692751412,0.0361352655518621,0.0,False,federal,Carretera,Con pavimento,Asfalto,No,Federal,Fed.,Dos sentidos,MAÍZ GRANO,0,1,1,1,1,1,0,0,0,0,0,0,0,0,1.0986122886681098,0.0,2.3978952727983707,5.267858159063328,0.0,0.0,0.0,4.60540340767597,0.0,10.125804387672996,1.9459101490553132,9.472933840943545,9.465614948508726,18.846264969399172,0.0,MAÍZ GRANO
S0870,-98.112275,19.471654,24135.0,10.091418348094594,21,MEX-119|Apizaco - Tejocotal,116_33,False,2.0,0,50,10.0,106,0.0,0,0.2294825956519952,0.0,0.2492112922594695,9.16571748878924,0,0.217280653216424,20716.6839415854,6,13001.98,153048429.64000002,15.0,0.8500174686117283,0.8106057692751412,0.0361352655518621,0.0,False,federal,Carretera,Con pavimento,Asfalto,No,Federal,Fed.,Dos sentidos,MAÍZ GRANO,0,1,1,1,1,1,0,0,0,0,0,0,0,0,1.0986122886681098,0.0,2.3978952727983707,4.672828834461906,0.0,0.0,0.0,4.60540340767597,0.0,9.938742911244681,1.9459101490553132,9.472933840943545,9.465614948508726,18.846264969399172,0.0,MAÍZ GRANO
S0871,-98.116995,19.505704,18216.0,9.810055607743577,21,MEX-119|Apizaco - Tejocotal,116_33,False,2.0,0,80,10.0,9,0.0,0,0.2294825956519952,0.0,0.2492112922594695,9.16571748878924,5,1.0,17687.569245345032,6,13001.98,153048429.64000002,15.0,0.8500174686117283,0.8106057692751412,0.0361352655518621,0.0,False,federal,Carretera,Con pavimento,Asfalto,No,Federal,Fed.,Dos sentidos,MAÍZ GRANO,0,1,1,1,1,0,0,0,0,0,0,0,0,0,1.0986122886681098,0.0,2.3978952727983707,2.302585092994046,0.0,0.0,0.0,4.60540340767597,6.541029999189903,9.780673904592085,1.9459101490553132,9.472933840943545,9.465614948508726,18.846264969399172,0.0,MAÍZ GRANO
S0872,-98.12519075,19.612401749999997,9157.5,9.122328494652969,21,MEX-119|Apizaco - Tejocotal,116_34,False,2.0,0,30,7.0,270,0.0,0,0.2294825956519952,317.0,1.0,6.69,79,1.0,8064.638534922542,317,22144.91,339777709.31,20.0,1.4022307646388346,0.5052330309764185,0.0420502950790949,0.0,False,federal,Calle,FALTANTE,FALTANTE,No,FALTANTE,FALTANTE,Dos sentidos,MAÍZ GRANO,0,1,0,0,0,0,0,0,0,0,0,0,0,0,1.0986122886681098,0.0,2.0794415416798357,5.602118820879701,0.0,0.0,5.762051382780177,4.587996532342764,9.910413512606862,8.995368161005228,5.762051382780177,10.005408108310483,9.997333479026432,19.64380216855262,0.0,MAÍZ GRANO
S0873,-98.026733,19.80053,9875.0,9.197761589769325,21,MEX-119|Apizaco - Tejocotal,116_34,False,2.0,0,90,9.0,7,34044.0,21,0.2324638702855128,50210.0,0.4795857398924517,8.473043825018943,262,0.506494514410696,436.46780365589177,759,22144.91,339777709.31,20.0,1.4022307646388346,0.5052330309764185,0.0420502950790949,0.0,False,federal,Carretera,Con pavimento,Asfalto,No,Federal,Fed.,Dos sentidos,MAÍZ GRANO,0,0,0,0,0,0,0,0,0,0,0,0,0,0,1.0986122886681098,0.0,2.302585092994046,2.0794415416798357,10.435438457917067,3.091042453358316,10.823989405181747,4.6026088752946945,11.861721451280273,6.0810031114459955,6.633318433280377,10.005408108310483,9.997333479026432,19.64380216855262,0.0,MAÍZ GRANO
S0874,-97.959183,19.918424,15392.0,9.641603172905487,21,MEX-119|Apizaco - Tejocotal,116_35,False,2.0,0,50,8.0,142,53526.0,19,0.2675895826327392,72130.0,0.3339387217523915,9.334915080202032,281,0.5496397761204935,599.683235783579,672,15123.28,273938138.03,29.0,1.6086610023800705,0.6002923968874477,0.024414677239329,0.0,False,federal,Carretera,Con pavimento,Asfalto,No,Federal,Fed.,Dos sentidos,MAÍZ GRANO,0,0,0,0,0,0,0,0,0,0,0,0,0,0,1.0986122886681098,0.0,2.1972245773362196,4.962844630259907,10.887941478476757,2.995732273553991,11.186239189258542,4.604640959370649,12.232178892614654,6.398067733665086,6.511745329644728,9.624056678460184,9.584844428483883,19.428412868898967,0.0,MAÍZ GRANO
S0875,-98.128603,20.123908,10702.0,9.27818591887125,21,MEX-119|Apizaco - Tejocotal,116_36,False,2.0,0,70,7.0,11,8344.0,9,1.0,78905.0,0.2194411000570306,9.610580502028396,219,0.4349553499812844,2225.9882901401297,831,3247.9,144517145.02,12.0,1.2054790332626026,0.6644293235629175,0.0032328581544998,0.0,False,federal,Carretera,Con pavimento,Asfalto,No,Federal,Fed.,Dos sentidos,MAÍZ GRANO,0,0,0,0,0,0,0,0,0,0,0,0,0,0,1.0986122886681098,0.0,2.0794415416798357,2.4849066497880004,9.029417836095936,2.302585092994046,11.27601254957002,4.6095583032072875,12.138922717636099,7.7084054091115854,6.723832440821209,8.086071756494288,8.069655306886165,18.788908716055364,0.0,MAÍZ GRANO
S0876,-98.207264,19.097448,21661.0,9.983268687540978,21,MEX-119|Puebla - Tlaxcala,115_31,False,4.0,0,60,14.0,457,47604.0,6,0.0062179648769011,1747474.0,0.0123172075807708,11.335266461716657,284,0.0361338134655783,3494.9707867091356,3855,1207.65,31125997.130000003,22.0,1.3530030042355712,0.7245476752370307,0.221338964103838,0.0,False,federal,Carretera,Con pavimento,Asfalto,No,Federal,Fed.,Dos sentidos,MAÍZ GRANO,0,0,0,0,0,0,0,0,0,0,0,0,0,0,1.6094379124341003,0.0,2.70805020110221,6.126869184114185,10.770693076719791,1.9459101490553132,14.373682446836122,4.611143790582055,14.676248409968176,8.159366380536031,8.257385655730436,7.09725931325211,7.0964316014141,17.2535539806687,0.0,MAÍZ GRANO
S0877,-98.2072475,19.0972775,6799.0,8.82453082152646,21,MEX-119|Puebla - Tlaxcala,115_31,False,4.0,0,60,14.0,456,47604.0,6,0.0062179648769011,1747474.0,0.0123172075807708,11.335266461716657,285,0.036736641221374,3505.1950636901274,3855,1207.65,31125997.130000003,22.0,1.3530030042355712,0.7245476752370307,0.221338964103838,0.0,False,federal,Carretera,Con pavimento,Asfalto,No,Federal,Fed.,Dos sentidos,MAÍZ GRANO,0,0,0,0,0,0,0,0,0,0,0,0,0,0,1.6094379124341003,0.0,2.70805020110221,6.124683390894205,10.770693076719791,1.9459101490553132,14.373682446836122,4.611143790582055,14.676874032176189,8.162286701038493,8.257385655730436,7.09725931325211,7.0964316014141,17.2535539806687,0.0,MAÍZ GRANO
S0878,-98.223652,19.152212499999997,25135.0,10.132016576126675,21,MEX-119|Puebla - Tlaxcala,115_32,False,2.0,0,40,8.0,141,54221.0,13,0.1002379151989081,204321.0,0.0835596928362723,10.714590423136416,213,0.0269702035029302,1373.1565110893782,26,1207.65,31125997.130000003,22.0,1.3530030042355712,0.7245476752370307,0.221338964103838,0.0,False,federal,Avenida,FALTANTE,FALTANTE,No,FALTANTE,FALTANTE,Un sentido,MAÍZ GRANO,0,0,0,0,0,0,0,0,0,0,0,0,0,0,1.0986122886681098,0.0,2.1972245773362196,4.955827057601261,10.900842009130011,2.6390573296152584,12.227452459785413,4.609613645663654,14.624842163750232,7.225595375384942,3.295836866004329,7.09725931325211,7.0964316014141,17.2535539806687,0.0,MAÍZ GRANO
S0879,-98.2378575,19.187376,21905.0,9.994470200248,21,MEX-119|Puebla - Tlaxcala,115_32,False,2.0,0,40,9.0,214,47941.0,6,0.062785507185916,111022.0,0.0805696168326998,10.375074059391668,191,0.0208727563625406,3730.712358944841,716,1207.65,31125997.130000003,22.0,1.3530030042355712,0.7245476752370307,0.221338964103838,0.0,False,federal,Carretera,Con pavimento,Asfalto,No,Federal,Fed.,Un sentido,MAÍZ GRANO,0,0,0,0,0,0,0,0,0,0,0,0,0,0,1.0986122886681098,0.0,2.302585092994046,5.3706380281276624,10.777747225933355,1.9459101490553132,11.61749266603723,4.609240230075125,14.617550259301812,8.224622484759147,6.57507584059962,7.09725931325211,7.0964316014141,17.2535539806687,0.0,MAÍZ GRANO
S0880,-98.2406775,19.2080675,21342.0,9.96843224117651,21,MEX-119|Puebla - Tlaxcala,115_32,False,2.0,0,40,9.0,400,0.0,0,0.2294825956519952,87499.0,0.0694179362049852,10.405699619293692,177,0.0212367379644783,5915.137716555175,716,1207.65,31125997.130000003,22.0,1.3530030042355712,0.7245476752370307,0.221338964103838,0.0,False,federal,Carretera,Con pavimento,Asfalto,No,Federal,Fed.,Un sentido,MAÍZ GRANO,0,1,0,0,0,0,0,0,0,0,0,0,0,0,1.0986122886681098,0.0,2.302585092994046,5.993961427306569,0.0,0.0,11.379394072345706,4.608867047869418,14.56530693940392,8.685439102220188,6.57507584059962,7.09725931325211,7.0964316014141,17.2535539806687,0.0,MAÍZ GRANO
S0881,-98.2430365,19.233755,24654.0,10.112694438111465,21,MEX-119|Puebla - Tlaxcala,115_32,False,2.0,1,50,9.0,206,0.0,0,0.2294825956519952,30142.0,0.1165815141662796,11.241531187790311,169,0.1081048790565464,8478.57548580368,251,333.84999999999997,5882597.26,7.0,0.5664663820989528,0.8656582297438971,0.1258050022465179,0.0,False,federal,Carretera,Con pavimento,Asfalto,No,Federal,Fed.,Un sentido,MAÍZ GRANO,0,1,0,0,0,0,0,0,0,0,0,0,0,0,1.0986122886681098,0.6931471805599453,2.302585092994046,5.332718793265369,0.0,0.0,10.313708002728152,4.609859175474223,12.903607685340127,9.045415666896515,5.529429087511423,5.813682670356059,5.80302430930585,15.587509103226553,0.0,MAÍZ GRANO
S0882,-98.2352395,19.250005,22302.0,10.012431639525309,21,MEX-119|Puebla - Tlaxcala,115_32,False,2.0,0,40,9.0,138,0.0,0,0.2294825956519952,0.0,0.2492112922594695,9.16571748878924,151,0.109765360319993,10344.082164810932,251,333.84999999999997,5882597.26,7.0,0.5664663820989528,0.8656582297438971,0.1258050022465179,0.0,False,federal,Carretera,Con pavimento,Asfalto,No,Federal,Fed.,Un sentido,MAÍZ GRANO,0,1,1,1,1,0,0,0,0,0,0,0,0,0,1.0986122886681098,0.0,2.302585092994046,4.9344739331306915,0.0,0.0,0.0,4.60540340767597,12.810413202245105,9.244266532614118,5.529429087511423,5.813682670356059,5.80302430930585,15.587509103226553,0.0,MAÍZ GRANO
S0883,-98.2411445,19.3027875,16851.0,9.732165281200542,21,MEX-119|Puebla - Tlaxcala,115_32,False,2.0,0,40,8.0,428,0.0,0,0.2294825956519952,0.0,0.2492112922594695,9.16571748878924,63,0.0801888389924071,14936.712289434976,251,333.84999999999997,5882597.26,7.0,0.5664663820989528,0.8656582297438971,0.1258050022465179,0.0,False,federal,Avenida,FALTANTE,FALTANTE,No,FALTANTE,FALTANTE,Un sentido,MAÍZ GRANO,0,1,1,1,1,0,0,0,0,0,0,0,0,0,1.0986122886681098,0.0,2.1972245773362196,6.061456918928017,0.0,0.0,0.0,4.60540340767597,11.902532157143934,9.611644320417899,5.529429087511423,5.813682670356059,5.80302430930585,15.587509103226553,0.0,MAÍZ GRANO
S0884,-98.2411445,19.302775,8707.0,9.071882578828616,21,MEX-119|Puebla - Tlaxcala,115_32,False,2.0,0,40,8.0,429,0.0,0,0.2294825956519952,0.0,0.2492112922594695,9.16571748878924,63,0.0801888389924071,14935.458491146408,251,333.84999999999997,5882597.26,7.0,0.5664663820989528,0.8656582297438971,0.1258050022465179,0.0,False,federal,Avenida,FALTANTE,FALTANTE,No,FALTANTE,FALTANTE,Un sentido,MAÍZ GRANO,0,1,1,1,1,0,0,0,0,0,0,0,0,0,1.0986122886681098,0.0,2.1972245773362196,6.063785208687608,0.0,0.0,0.0,4.60540340767597,11.902532157143934,9.611560381800922,5.529429087511423,5.813682670356059,5.80302430930585,15.587509103226553,0.0,MAÍZ GRANO
S0885,-98.2407235,19.308241,17602.0,9.775767810933758,21,MEX-119|Puebla - Tlaxcala,115_32,False,2.0,0,40,8.0,545,0.0,0,0.2294825956519952,0.0,0.2492112922594695,9.16571748878924,57,0.0758887255702542,15503.587865739111,251,333.84999999999997,5882597.26,7.0,0.5664663820989528,0.8656582297438971,0.1258050022465179,0.0,False,federal,Avenida,FALTANTE,FALTANTE,No,FALTANTE,FALTANTE,Dos sentidos,MAÍZ GRANO,0,1,1,1,1,0,0,0,0,0,0,0,0,0,1.0986122886681098,0.0,2.1972245773362196,6.302618975744905,0.0,0.0,0.0,4.60540340767597,11.897868086745857,9.648891250448552,5.529429087511423,5.813682670356059,5.80302430930585,15.587509103226553,0.0,MAÍZ GRANO
S0886,-98.1826575,19.1019515,47224.0,10.762657516920523,21,MEX-121|Puebla - Belem,116_31,False,2.0,0,60,7.0,402,13069.0,12,0.3595531410207361,1769766.0,0.0084711764154131,11.249547333102036,261,0.032595084132201,2356.834442701734,8370,7537.150000000001,77685324.42999999,9.0,0.3564393591950904,0.9224972303854904,0.0348341216507565,0.0,False,federal,Carretera,Con pavimento,Asfalto,No,Federal,Fed.,Un sentido,MAÍZ GRANO,0,0,0,0,0,0,0,0,0,0,0,0,0,0,1.0986122886681098,0.0,2.0794415416798357,5.998936561946683,9.478074806618269,2.5649493574615367,14.386358457466836,4.610969973943068,14.665563619297101,7.765498867734085,9.032528630660057,8.927732072806595,8.925407849378708,18.16817693559646,0.0,MAÍZ GRANO
S0887,-98.1953845,19.204133,31935.0,10.371457865995689,21,MEX-121|Puebla - Belem,115_32,False,2.0,0,50,9.0,138,0.0,0,0.2294825956519952,50366.0,0.1079100980820394,11.032564988581075,135,0.0180730629257911,7724.883690344135,716,1207.65,31125997.130000003,22.0,1.3530030042355712,0.7245476752370307,0.221338964103838,0.0,False,federal,Carretera,Con pavimento,Asfalto,No,Federal,Fed.,Un sentido,MAÍZ GRANO,0,1,0,0,0,0,0,0,0,0,0,0,0,0,1.0986122886681098,0.0,2.302585092994046,4.9344739331306915,0.0,0.0,10.827091477704508,4.610434208535356,14.501268505259029,8.952331488795556,6.57507584059962,7.09725931325211,7.0964316014141,17.2535539806687,0.0,MAÍZ GRANO
S0888,-98.203722,19.316695,39213.0,10.576763603453662,21,MEX-121|Puebla - Belem,115_32,False,2.0,2,40,9.0,475,0.0,0,0.2294825956519952,0.0,0.2492112922594695,9.16571748878924,13,0.0622778728445439,18205.923751399383,251,333.84999999999997,5882597.26,7.0,0.5664663820989528,0.8656582297438971,0.1258050022465179,0.0,False,federal,Carretera,Con pavimento,Asfalto,No,Federal,Fed.,Un sentido,MAÍZ GRANO,0,1,1,1,1,0,0,0,0,0,0,0,0,0,1.0986122886681098,1.0986122886681098,2.302585092994046,6.16541785423142,0.0,0.0,0.0,4.60540340767597,11.01496670691106,9.809557226622365,5.529429087511423,5.813682670356059,5.80302430930585,15.587509103226553,0.0,MAÍZ GRANO
S0889,-97.4015065,18.4367035,20432.0,9.92485757827232,21,MEX-125|Tehuacán - Huajuapan de León,119_28,False,2.0,0,30,8.0,348,296225.0,20,0.008101949531606,322246.0,0.0433488701178602,9.493199513306472,208,0.0866905638147326,440.40233013179505,59,9923.5,312101018.58,22.0,1.588092283857028,0.4493374313498262,0.683680153171764,0.0,False,federal,Calle,FALTANTE,FALTANTE,No,FALTANTE,FALTANTE,Un sentido,MAÍZ GRANO,0,0,0,0,0,0,0,0,0,0,0,0,0,0,1.0986122886681098,0.0,2.1972245773362196,5.855071922202427,12.598877955491547,3.044522437723423,12.68307361121582,4.6069521762970425,13.039042636178019,6.089956772766099,4.0943445622221,9.202761726452632,9.197407096564284,19.558837474073222,0.0,MAÍZ GRANO
S0890,-97.461204,18.33405,2884.0,7.96693349840484,21,MEX-125|Tehuacán - Huajuapan de León,119_28,False,2.0,0,70,8.0,6,3550.0,8,0.0943661971830985,7122.0,0.5485818590283629,7.883747699277927,190,0.0845947766371753,142.06833991346872,2,2456.25,22872684.8,7.0,0.5336924414086796,0.8301272264631043,0.0142493638676844,0.0,False,federal,Carretera,Con pavimento,Asfalto,No,Federal,Fed.,Dos sentidos,MAÍZ GRANO,0,0,0,0,0,0,0,0,0,0,0,0,0,0,1.0986122886681098,0.0,2.1972245773362196,1.9459101490553132,8.174984532943087,2.1972245773362196,8.871084263978354,4.591304460890765,12.886435959563768,4.963322417594147,1.0986122886681098,7.806798117446739,7.798830761715228,16.945453996794996,0.0,MAÍZ GRANO
S0891,-97.677492,18.191119,1728.0,7.454719949364001,21,MEX-125|Tehuacán - Huajuapan de León,118_27,False,2.0,0,100,8.0,9,80.0,1,1.0,572.0,1.0,6.3581818181818175,61,1.0,3982.5751910222825,80,2809.5,32204691.28,9.0,0.7193084812754326,0.7848371596369461,0.0256273358248798,0.0,False,federal,Carretera,Con pavimento,Asfalto,No,Federal,Fed.,Dos sentidos,MAÍZ GRANO,0,0,0,0,0,0,0,0,0,0,0,0,0,0,1.0986122886681098,0.0,2.1972245773362196,2.302585092994046,4.394449154672439,0.6931471805599453,6.35088571671474,4.543806654881777,8.889032571874742,8.289934984259771,4.394449154672439,7.94111768244213,7.924976729434733,17.28762272287944,0.0,MAÍZ GRANO
S0892,-97.68759,17.907572,1552.0,7.347299700743164,21,MEX-125|Tehuacán - Huajuapan de León,118_26,False,2.0,0,100,8.0,5,0.0,0,0.2294825956519952,0.0,0.2492112922594695,9.16571748878924,12,1.0,13419.979710109556,12,434.0,2694272.0,1.0,-0.0,1.0,0.0,0.0,False,federal,Carretera,Con pavimento,Asfalto,No,Federal,Fed.,Dos sentidos,MAÍZ GRANO,0,1,1,1,1,0,0,0,0,0,0,0,0,0,1.0986122886681098,0.0,2.1972245773362196,1.791759469228055,0.0,0.0,0.0,4.60540340767597,7.985824666418917,9.504574411594977,2.5649493574615367,6.075346031088684,6.075346031088684,14.806638967121165,0.0,MAÍZ GRANO
S0893,-97.755666,17.821276,10281.0,9.23805281054272,21,MEX-125|Tehuacán - Huajuapan de León,117_26,False,2.0,0,100,8.0,4,0.0,0,0.2294825956519952,0.0,0.2492112922594695,9.16571748878924,9,1.0,14633.7068830548,53,1014.4,7906401.109999999,5.0,0.2018801852678231,0.9611593059936908,0.039333596214511,0.0,False,federal,Carretera,Con pavimento,Asfalto,No,Federal,Fed.,Dos sentidos,MAÍZ GRANO,0,1,1,1,1,0,0,0,0,0,0,0,0,0,1.0986122886681098,0.0,2.1972245773362196,1.6094379124341003,0.0,0.0,0.0,4.60540340767597,7.951911381854188,9.59115117043582,3.9889840465642745,6.923037902513294,6.923037902513294,15.883183382916483,0.0,MAÍZ GRANO
S0894,-98.02788,19.051147,12165.0,9.406318255217624,21,MEX-129|Amozoc - Teziutlán,116_31,False,2.0,0,60,7.0,204,110204.0,33,0.0471126274908351,221983.0,0.0635003581355329,8.594078016421664,319,0.0362834726829023,161.20937822728777,9,3171.0,39469976.86000001,12.0,0.637206363887222,0.8571428571428571,0.0,0.0,False,federal,Carretera,Con pavimento,Asfalto,No,Federal,Fed.,Dos sentidos,MAÍZ GRANO,0,0,0,0,0,0,0,0,0,0,0,0,0,0,1.0986122886681098,0.0,2.0794415416798357,5.3230099791384085,11.610097546722487,3.5263605246161616,12.310360586185029,4.604057820015631,14.49426566773323,5.088887958920393,2.302585092994046,8.06211758275474,8.060224240440958,17.491050886706518,0.0,MAÍZ GRANO
S0895,-97.9412565,19.120081,11292.0,9.33184978937338,21,MEX-129|Amozoc - Teziutlán,117_31,False,2.0,0,30,7.0,231,37824.0,31,0.055705372250423,98490.0,0.0645040105594476,7.414566317715217,275,0.1666261962755558,559.6668902652782,87,9188.28,157252114.65,13.0,0.7578089834867995,0.7998232531006891,0.0029385260353406,0.0,False,federal,Calle,FALTANTE,FALTANTE,No,FALTANTE,FALTANTE,Un sentido,MAÍZ GRANO,0,0,0,0,0,0,0,0,0,0,0,0,0,0,1.0986122886681098,0.0,2.0794415416798357,5.44673737166631,10.540725538656556,3.4657359027997265,11.497720452427261,4.599048975037314,12.897893947501446,6.329126950673167,4.477336814478207,9.125792866252231,9.122741185896999,18.873360907508374,0.0,MAÍZ GRANO
S0896,-97.796596,19.2339425,8425.5,9.039018100640597,21,MEX-129|Amozoc - Teziutlán,117_32,False,2.0,0,30,7.0,117,36667.0,33,0.1839528731556985,49900.0,0.2258717434869739,8.232386135432565,159,0.3112515071135761,387.4530371660449,1981,10597.0,242649474.51,15.0,0.8954863101927962,0.7519109181843918,0.0480324620175521,0.0132112862130791,False,federal,Calle,FALTANTE,FALTANTE,No,FALTANTE,FALTANTE,Dos sentidos,MAÍZ GRANO,0,0,0,0,0,0,0,0,0,0,0,0,0,0,1.0986122886681098,0.0,2.0794415416798357,4.770684624465665,10.509659719081666,3.5263605246161616,10.817796321618971,4.60528721425055,11.54902593059495,5.962172280045347,7.591861714889934,9.268420583052707,9.254835611862735,19.307128472304818,0.013124778259299419,MAÍZ GRANO
S0897,-97.654627,19.315647,5236.0,8.56331312702979,21,MEX-129|Amozoc - Teziutlán,118_32,False,2.0,0,80,7.0,120,791.0,3,1.0,15447.0,0.2700200686217388,8.663693429706322,194,0.3868328912466843,2477.421780625222,4,6687.0,163840087.24,16.0,1.08456641727934,0.737101839389861,0.1133542694780918,0.0,False,federal,Carretera,Con pavimento,Asfalto,No,Federal,Fed.,Dos sentidos,MAÍZ GRANO,0,0,0,0,0,0,0,0,0,0,0,0,0,0,1.0986122886681098,0.0,2.0794415416798357,4.795790545596741,6.674561391814426,1.3862943611198906,9.64523482410835,4.599928043541066,11.453716715333547,7.815377257803952,1.6094379124341003,8.808070154764538,8.808070154764538,18.91440143838949,0.0,MAÍZ GRANO
S0898,-97.623913,19.374238499999997,7816.0,8.96392819372262,21,MEX-129|Amozoc - Teziutlán,118_33,False,2.0,0,30,7.0,566,15342.0,28,0.2650241168035458,24807.0,0.4385455718144072,8.279680739000082,162,0.5089931852881667,433.2266219203085,70,6687.0,163840087.24,16.0,1.08456641727934,0.737101839389861,0.1133542694780918,0.0,False,federal,Calle,FALTANTE,FALTANTE,No,FALTANTE,FALTANTE,Dos sentidos,MAÍZ GRANO,0,0,0,0,0,0,0,0,0,0,0,0,0,0,1.0986122886681098,0.0,2.0794415416798357,6.340359303727752,9.638414622945206,3.367295829986474,10.118921460780285,4.5979918244269875,11.296782353300763,6.073566568140214,4.2626798770413155,8.808070154764538,8.808070154764538,18.91440143838949,0.0,MAÍZ GRANO
S0899,-97.64232925,19.41782875,10755.5,9.283172530625851,21,MEX-129|Amozoc - Teziutlán,118_33,False,1.0,1,30,4.0,17,6304.0,16,1.0,50934.0,0.3709899085090509,8.673257906967583,156,0.503046597233564,273.5396394705275,6,6687.0,163840087.24,16.0,1.08456641727934,0.737101839389861,0.1133542694780918,0.0,False,federal,Enlace,FALTANTE,FALTANTE,No,FALTANTE,FALTANTE,Un sentido,MAÍZ GRANO,0,0,0,0,0,0,0,0,0,0,0,0,0,0,0.6931471805599453,0.6931471805599453,1.6094379124341003,2.8903717578961645,8.74909824839902,2.833213344056216,10.838305589024166,4.603102055281673,11.28474424588868,5.615095656609741,1.9459101490553132,8.808070154764538,8.808070154764538,18.91440143838949,0.0,MAÍZ GRANO
S0900,-97.673884,19.482156,10924.0,9.298717482593595,21,MEX-129|Amozoc - Teziutlán,118_33,False,2.0,0,90,7.0,27,26764.0,35,0.3233447915109849,47559.0,0.5353560840219517,8.414505793132507,188,0.5751724593194045,658.57409576918,1449,13432.45,353983274.56,20.0,1.3150714289724472,0.6246068289850326,0.2958842206745605,0.0,False,federal,Carretera,Con pavimento,Asfalto,No,Federal,Fed.,Dos sentidos,MAÍZ GRANO,0,0,0,0,0,0,0,0,0,0,0,0,0,0,1.0986122886681098,0.0,2.0794415416798357,3.332204510175204,10.19485034282748,3.58351893845611,10.769747350804717,4.60274759085382,11.41742726749169,6.49159431727808,7.27931883541462,9.505503144092476,9.504207030389361,19.684760225801217,0.0,MAÍZ GRANO
S0901,-97.598828,19.702103,4911.0,8.499232866039245,21,MEX-129|Amozoc - Teziutlán,118_34,False,2.0,0,90,8.0,10,12139.0,22,0.6213032374989702,47482.0,0.5190177330356767,8.293703110511675,252,0.5855964352381526,281.93714738682405,211,3865.85,57433933.89,8.0,1.098847634996279,0.5664989588318222,0.0004138805178679,0.0,False,federal,Carretera,Con pavimento,Asfalto,No,Federal,Fed.,Dos sentidos,MAÍZ GRANO,0,0,0,0,0,0,0,0,0,0,0,0,0,0,1.0986122886681098,0.0,2.1972245773362196,2.3978952727983707,9.40426106461349,3.1354942159291497,10.768127031226284,4.5970651395018285,12.020170686739844,5.645224778937213,5.356586274672012,8.26019550109545,8.257670884758312,17.866145886774035,0.0,MAÍZ GRANO
S0902,-97.566685,19.7618605,9509.5,9.160046577921715,21,MEX-129|Amozoc - Teziutlán,118_34,False,2.0,0,90,8.0,2,24660.0,21,0.3883617193836172,73457.0,0.5278326095538887,8.119959009137833,319,0.4893412518559037,98.1914671863516,1268,2888.9,69920447.24,8.0,0.921916647277941,0.7476894319637232,0.015196095399633,0.0,False,federal,Carretera,Con pavimento,Asfalto,No,Federal,Fed.,Dos sentidos,MAÍZ GRANO,0,0,0,0,0,0,0,0,0,0,0,0,0,0,1.0986122886681098,0.0,2.1972245773362196,1.0986122886681098,10.11297832739655,3.091042453358316,11.20446909330197,4.596381338266868,12.452702228149695,4.597051994324599,7.1459844677143876,7.968977178431688,7.967072185042604,18.062868700046153,0.0,MAÍZ GRANO
S0903,-97.540873,19.788225,7802.0,8.962135390066601,21,MEX-129|Amozoc - Teziutlán,118_34,False,2.0,0,30,7.0,102,29419.0,21,0.3965124579353479,92588.0,0.5102929105283622,8.527449607881262,347,0.4094090156176053,1198.2456357693266,3349,14828.75,998824639.98,21.0,1.5189491747468198,0.5398297226671163,0.0935614937199696,0.0,False,federal,Calle,FALTANTE,FALTANTE,No,FALTANTE,FALTANTE,Dos sentidos,MAÍZ GRANO,0,0,0,0,0,0,0,0,0,0,0,0,0,0,1.0986122886681098,0.0,2.0794415416798357,4.634728988229636,10.289429994155428,3.091042453358316,11.43592562308136,4.5984574411181915,12.7310407907253,7.089448001242198,8.116715624819111,9.604390577269049,9.600803511166,20.72208978665028,0.0,MAÍZ GRANO
S0904,-97.379551,19.817549,14114.0,9.554922491560776,21,MEX-129|Amozoc - Teziutlán,119_35,False,2.0,0,70,8.0,268,121774.0,41,0.1985645540098871,226681.0,0.2978546944825548,8.443664969513003,292,0.3846663611252183,653.7918306238541,791,3346.1,49079994.94,14.0,1.4786239208997705,0.5149278264247931,0.0001793132303278,0.0,False,federal,Carretera,Con pavimento,Asfalto,No,Federal,Fed.,Dos sentidos,MAÍZ GRANO,0,0,0,0,0,0,0,0,0,0,0,0,0,0,1.0986122886681098,0.0,2.1972245773362196,5.594711379601839,11.709930358674743,3.7376696182833684,12.331303433255044,4.605472129104793,12.685175377100217,6.48431736927965,6.674561391814426,8.115849578267243,8.112932357878277,17.708962095084896,0.0,MAÍZ GRANO
S0905,-97.344595,19.834557,8866.0,9.089979015305,21,MEX-129|Teziutlán - Nautla,119_35,False,2.0,0,90,8.0,112,116466.0,29,0.1988305599917572,190924.0,0.2694527665458507,8.411544783585727,290,0.3853482424910996,896.71812762478,23,2814.7,58890803.91,11.0,0.9940700662347012,0.7514122286566952,0.0004440970618538,0.0,False,federal,Carretera,Con pavimento,Asfalto,No,Federal,Fed.,Dos sentidos,MAÍZ GRANO,0,0,0,0,0,0,0,0,0,0,0,0,0,0,1.0986122886681098,0.0,2.1972245773362196,4.727387818712341,11.665363250059116,3.4011973816621555,12.159635959756585,4.606229014945999,12.60868702751033,6.799856129969452,3.1780538303479458,7.942966177511865,7.932541607009591,17.891195522852477,0.0,MAÍZ GRANO
S0906,-97.2113515,19.965806,8815.5,9.084266814720817,21,MEX-129|Teziutlán - Nautla,119_35,False,2.0,0,30,6.0,12,277.0,2,1.0,15083.0,0.6088311343897103,7.567979147297116,209,0.5646270468016251,4468.189413639583,213,12510.3,574761459.35,14.0,1.7170806013472264,0.3854423954661359,3.1973653709343506e-05,0.0,False,federal,Calle,FALTANTE,FALTANTE,No,FALTANTE,FALTANTE,Un sentido,CAFÉ CEREZA,0,0,0,0,0,0,0,0,0,0,0,0,0,0,1.0986122886681098,0.0,1.9459101490553132,2.5649493574615367,5.627621113690637,1.0986122886681098,9.621389858378247,4.596198838989725,10.948312210474514,8.40496233193315,5.365976015021851,9.43438751492848,9.423021381279483,20.16946566112169,0.0,CAFÉ CEREZA
S0907,-97.022746,20.087392,13362.0,9.500170136485425,21,MEX-129|Teziutlán - Nautla,120_36,False,2.0,0,30,7.0,83,0.0,0,0.2294825956519952,0.0,0.2492112922594695,9.16571748878924,21,1.0,14354.51978307372,4,8788.9,587272893.25,9.0,1.635980051337857,0.3722763940879974,0.0,0.0,False,federal,Calle,FALTANTE,FALTANTE,No,FALTANTE,FALTANTE,Dos sentidos,NARANJA,0,1,1,1,1,0,0,0,0,0,0,0,0,0,1.0986122886681098,0.0,2.0794415416798357,4.430816798843313,0.0,0.0,0.0,4.60540340767597,7.673223121121708,9.571889801100165,1.6094379124341003,9.081358614050231,9.069266319160493,20.191000166269134,0.0,NARANJA
S0908,-96.868366,20.196975,6937.0,8.844624683385302,21,MEX-129|Teziutlán - Nautla,121_36,False,2.0,0,50,6.0,11,0.0,0,0.2294825956519952,0.0,0.2492112922594695,9.16571748878924,0,0.217280653216424,30830.05828744272,269,8788.9,587272893.25,9.0,1.635980051337857,0.3722763940879974,0.0,0.0,False,federal,Carretera,Con pavimento,Asfalto,No,Federal,Fed.,Dos sentidos,NARANJA,0,1,1,1,1,1,0,0,0,0,0,0,0,0,1.0986122886681098,0.0,1.9459101490553132,2.4849066497880004,0.0,0.0,0.0,4.60540340767597,0.0,10.336277846838012,5.598421958998375,9.081358614050231,9.069266319160493,20.191000166269134,0.0,NARANJA
S0909,-96.794461,20.232912,4058.0,8.30844552038576,21,MEX-129|Teziutlán - Nautla,121_36,False,2.0,0,80,6.0,6,0.0,0,0.2294825956519952,0.0,0.2492112922594695,9.16571748878924,0,0.217280653216424,39303.36848363405,269,8788.9,587272893.25,9.0,1.635980051337857,0.3722763940879974,0.0,0.0,False,federal,Carretera,Con pavimento,Asfalto,No,Federal,Fed.,Dos sentidos,NARANJA,0,1,1,1,1,1,0,0,0,0,0,0,0,0,1.0986122886681098,0.0,1.9459101490553132,1.9459101490553132,0.0,0.0,0.0,4.60540340767597,0.0,10.579090949024211,5.598421958998375,9.081358614050231,9.069266319160493,20.191000166269134,0.0,NARANJA
S0910,-97.635471,19.428054,3763.0,8.232971790593437,21,MEX-129D|Virreyes - Teziutlán (Cuota),118_33,False,2.0,0,80,10.0,6,6253.0,18,1.0,50968.0,0.3714095118505729,8.670256455676272,157,0.5166961940252917,1554.17246594694,6,6687.0,163840087.24,16.0,1.08456641727934,0.737101839389861,0.1133542694780918,0.0,True,federal,Carretera,Con pavimento,Asfalto,Si,Estatal,Pue.,Dos sentidos,MAÍZ GRANO,0,0,0,0,0,0,0,0,0,0,0,0,0,0,1.0986122886681098,0.0,2.3978952727983707,1.9459101490553132,8.740976538017787,2.9444389791664403,10.838972883757673,4.603028787217917,11.312594711721175,7.349341729040021,1.9459101490553132,8.808070154764538,8.808070154764538,18.91440143838949,0.0,MAÍZ GRANO
S0911,-97.610211,19.602896,5702.0,8.648572269472618,21,MEX-129D|Virreyes - Teziutlán (Cuota),118_34,False,2.0,0,80,10.0,5,5002.0,13,1.0,21626.0,0.6959678165171552,7.825342541948642,213,0.5763177005049567,1246.7908291721462,1906,19425.4,525380570.83,20.0,0.8212368933840222,0.7104100816456803,0.0354741729900027,0.0,True,federal,Carretera,Con pavimento,Asfalto,Si,Estatal,Pue.,Dos sentidos,CEBADA GRANO,0,0,0,0,0,0,0,0,0,0,0,0,0,0,1.0986122886681098,0.0,2.3978952727983707,1.791759469228055,8.517793011488205,2.6390573296152584,9.981697813072689,4.601806114271427,11.682052015975291,7.129129930052103,7.553286605600419,9.874388244710854,9.874285286727915,20.07963345666753,0.0,CEBADA GRANO
S0912,-97.547176,19.7572055,5808.0,8.666991556504632,21,MEX-129D|Virreyes - Teziutlán (Cuota),118_34,False,1.0,0,30,4.0,83,25154.0,19,0.2941878031327025,69609.0,0.5450588285997501,8.155742473234175,321,0.5153204420958907,213.38983110878263,378,2888.9,69920447.24,8.0,0.921916647277941,0.7476894319637232,0.015196095399633,0.0,True,federal,Enlace,FALTANTE,FALTANTE,No,FALTANTE,FALTANTE,Un sentido,MAÍZ GRANO,0,0,0,0,0,0,0,0,0,0,0,0,0,0,0.6931471805599453,0.0,1.6094379124341003,4.430816798843313,10.13281196292542,2.995732273553991,11.150663514162712,4.598110916071667,12.461938920642092,5.367795998541899,5.937536205082426,7.968977178431688,7.967072185042604,18.062868700046153,0.0,MAÍZ GRANO
S0913,-97.382668,19.8267,4781.0,8.472405008626103,21,MEX-129D|Virreyes - Teziutlán (Cuota),119_35,False,2.0,0,80,10.0,83,123001.0,38,0.206559296265884,227168.0,0.2993599450626849,8.474042995320088,307,0.3867799047639621,344.77184988023055,1255,3346.1,49079994.94,14.0,1.4786239208997705,0.5149278264247931,0.0001793132303278,0.0,True,federal,Carretera,Con pavimento,Asfalto,Si,Estatal,Pue.,Dos sentidos,MAÍZ GRANO,0,0,0,0,0,0,0,0,0,0,0,0,0,0,1.0986122886681098,0.0,2.3978952727983707,4.430816798843313,11.719955894384961,3.6635616461296463,12.333449512857879,4.605490626143647,12.688616071847859,5.845779164152536,7.135687347028144,8.115849578267243,8.112932357878277,17.708962095084896,0.0,MAÍZ GRANO
S0914,-98.713258,20.086817,64177.0,11.069400170037524,15,MEX-130|Pachuca - Túxpam,113_36,False,3.0,0,90,9.0,335,0.0,0,0.2294825956519952,0.0,0.2492112922594695,9.16571748878924,0,0.217280653216424,24352.74520088836,751,20201.0,275260566.55,9.0,0.989320100864828,0.6839265382901837,0.0,0.0,False,federal,Carretera,Con pavimento,Asfalto,No,Federal,Fed.,Un sentido,CEBADA GRANO,0,1,1,1,1,1,0,0,0,0,0,0,0,0,1.3862943611198906,0.0,2.302585092994046,5.817111159963204,0.0,0.0,0.0,4.60540340767597,0.0,10.100440923701651,6.62273632394984,9.91353688838913,9.91353688838913,19.433228725382314,0.0,CEBADA GRANO
S0915,-98.709755,20.0778555,48899.0,10.79751222535611,15,MEX-130|Pachuca - Túxpam,113_36,False,3.0,0,90,9.0,269,0.0,0,0.2294825956519952,0.0,0.2492112922594695,9.16571748878924,0,0.217280653216424,23509.877058075155,751,20201.0,275260566.55,9.0,0.989320100864828,0.6839265382901837,0.0,0.0,False,federal,Carretera,Con pavimento,Asfalto,No,Federal,Fed.,Un sentido,CEBADA GRANO,0,1,1,1,1,1,0,0,0,0,0,0,0,0,1.3862943611198906,0.0,2.302585092994046,5.598421958998375,0.0,0.0,0.0,4.60540340767597,0.0,10.065218446583707,6.62273632394984,9.91353688838913,9.91353688838913,19.433228725382314,0.0,CEBADA GRANO
S0916,-98.67573,20.066591,26971.0,10.202517493681473,15,MEX-130|Pachuca - Túxpam,113_36,False,2.0,0,90,9.0,43,0.0,0,0.2294825956519952,0.0,0.2492112922594695,9.16571748878924,0,0.217280653216424,23420.051227692227,237,20201.0,275260566.55,9.0,0.989320100864828,0.6839265382901837,0.0,0.0,False,federal,Carretera,Con pavimento,Asfalto,No,Federal,Fed.,Un sentido,CEBADA GRANO,0,1,1,1,1,1,0,0,0,0,0,0,0,0,1.0986122886681098,0.0,2.302585092994046,3.784189633918261,0.0,0.0,0.0,4.60540340767597,0.0,10.061390522040703,5.472270673671475,9.91353688838913,9.91353688838913,19.433228725382314,0.0,CEBADA GRANO
S0917,-98.62227425,20.052547,22928.0,10.040114150067954,15,MEX-130|Pachuca - Túxpam,114_35,False,2.0,0,20,8.0,18,0.0,0,0.2294825956519952,0.0,0.2492112922594695,9.16571748878924,0,0.217280653216424,23624.33317113723,1,6066.0,116878232.41,8.0,1.1892580233655674,0.4742828882294758,0.0,0.0,False,federal,Retorno U,FALTANTE,FALTANTE,No,FALTANTE,FALTANTE,Un sentido,TUNA,0,1,1,1,1,1,0,0,0,0,0,0,0,0,1.0986122886681098,0.0,2.1972245773362196,2.9444389791664403,0.0,0.0,0.0,4.60540340767597,0.0,10.070074854744504,0.6931471805599453,8.710619527942297,8.710619527942297,18.57664321073055,0.0,TUNA
S0918,-98.45720925,20.059927,26941.0,10.201404568800312,21,MEX-130|Pachuca - Túxpam,114_35,False,1.0,0,30,3.5,19,0.0,0,0.2294825956519952,0.0,0.2492112922594695,9.16571748878924,0,0.217280653216424,27117.353066064243,33,22144.91,339777709.31,20.0,1.4022307646388346,0.5052330309764185,0.0420502950790949,0.0,False,federal,Calle,FALTANTE,FALTANTE,No,FALTANTE,FALTANTE,Dos sentidos,MAÍZ GRANO,0,1,1,1,1,1,0,0,0,0,0,0,0,0,0.6931471805599453,0.0,1.5040773967762742,2.995732273553991,0.0,0.0,0.0,4.60540340767597,0.0,10.207966012557835,3.5263605246161616,10.005408108310483,9.997333479026432,19.64380216855262,0.0,MAÍZ GRANO
S0919,-98.2850845,20.1517545,18364.0,9.818147505369112,21,MEX-130|Pachuca - Túxpam,115_36,False,2.0,0,40,9.0,69,0.0,0,0.2294825956519952,1133.0,1.0,6.26,53,0.787195796460177,9378.590215705575,1133,2573.5,24378106.8,5.0,0.1741386814285871,0.9685253545754808,0.0009714396735962,0.0,False,federal,Carretera,Con pavimento,Asfalto,No,Federal,Fed.,Dos sentidos,MAÍZ GRANO,0,1,0,0,0,0,0,0,0,0,0,0,0,0,1.0986122886681098,0.0,2.302585092994046,4.248495242049359,0.0,0.0,7.033506484287697,4.591916722395911,10.272599831178495,9.146291354020972,7.033506484287697,7.853410619486196,7.853410619486196,17.009196066207995,0.0,MAÍZ GRANO
S0920,-98.278269,20.157734,16686.0,9.72232532346202,21,MEX-130|Pachuca - Túxpam,115_36,False,2.0,0,40,9.0,105,0.0,0,0.2294825956519952,1133.0,1.0,6.26,66,0.7449822273298233,8530.354903273783,1133,2573.5,24378106.8,5.0,0.1741386814285871,0.9685253545754808,0.0009714396735962,0.0,False,federal,Carretera,Con pavimento,Asfalto,No,Federal,Fed.,Dos sentidos,MAÍZ GRANO,0,1,0,0,0,0,0,0,0,0,0,0,0,0,1.0986122886681098,0.0,2.302585092994046,4.663439094112067,0.0,0.0,7.033506484287697,4.591916722395911,10.529907151045364,9.051503467646207,7.033506484287697,7.853410619486196,7.853410619486196,17.009196066207995,0.0,MAÍZ GRANO
S0921,-98.259556,20.161487,11700.0,9.367344120785848,21,MEX-130|Pachuca - Túxpam,115_36,False,2.0,0,40,9.0,7,0.0,0,0.2294825956519952,3136.0,1.0,7.355720663265307,89,0.802965226728339,7773.858627834445,1133,2573.5,24378106.8,5.0,0.1741386814285871,0.9685253545754808,0.0009714396735962,0.0,False,federal,Carretera,Con pavimento,Asfalto,No,Federal,Fed.,Dos sentidos,MAÍZ GRANO,0,1,0,0,0,0,0,0,0,0,0,0,0,0,1.0986122886681098,0.0,2.302585092994046,2.0794415416798357,0.0,0.0,8.051022208190679,4.597429129511343,10.78785408682564,8.95865055396694,7.033506484287697,7.853410619486196,7.853410619486196,17.009196066207995,0.0,MAÍZ GRANO
S0922,-98.073358,20.169554,5512.0,8.614682812693495,21,MEX-130|Pachuca - Túxpam,116_36,False,2.0,0,70,7.0,359,68865.0,40,0.1004864590140129,115099.0,0.3038167143068141,9.00636028644928,300,0.44271423214306,1112.2314896517814,19,3247.9,144517145.02,12.0,1.2054790332626026,0.6644293235629175,0.0032328581544998,0.0,False,federal,Carretera,Con pavimento,Asfalto,No,Federal,Fed.,Dos sentidos,MAÍZ GRANO,0,0,0,0,0,0,0,0,0,0,0,0,0,0,1.0986122886681098,0.0,2.0794415416798357,5.886104031450156,11.139917866410599,3.713572066704308,11.653556594709974,4.609218300121806,12.483711957857333,7.015022316757744,2.995732273553991,8.086071756494288,8.069655306886165,18.788908716055364,0.0,MAÍZ GRANO
S0923,-98.036079,20.192895,9769.0,9.186969385652942,21,MEX-130|Pachuca - Túxpam,116_36,False,2.0,0,70,6.0,47,84150.0,40,0.1392988710635769,129447.0,0.3300269608411164,8.784747866683157,327,0.4667284242227406,412.3631699044633,146,3247.9,144517145.02,12.0,1.2054790332626026,0.6644293235629175,0.0032328581544998,0.0,False,federal,Carretera,Con pavimento,Asfalto,No,Federal,Fed.,Dos sentidos,MAÍZ GRANO,0,0,0,0,0,0,0,0,0,0,0,0,0,0,1.0986122886681098,0.0,1.9459101490553132,3.871201010907891,11.340368083089638,3.713572066704308,11.771034535079645,4.6085284719869355,12.5097006530865,6.024326552578477,4.990432586778736,8.086071756494288,8.069655306886165,18.788908716055364,0.0,MAÍZ GRANO
S0924,-97.8793715,20.387203,4298.0,8.365905077202456,21,MEX-130|Pachuca - Túxpam,117_37,False,2.0,0,80,8.0,10,19646.0,42,0.5068716278122773,35348.0,0.7259250876994455,7.214646258503403,399,0.6086259683152855,273.4116245599312,9688,8999.25,315337940.72999996,14.0,0.7741989359034622,0.7979387171153152,5.556018557101981e-06,0.0,False,federal,Carretera,Con pavimento,Asfalto,No,Federal,Fed.,Dos sentidos,CAFÉ CEREZA,0,0,0,0,0,0,0,0,0,0,0,0,0,0,1.0986122886681098,0.0,2.1972245773362196,2.3978952727983707,9.885679933886163,3.7612001156935624,10.47302538238145,4.58636837727595,11.891375599226786,5.6146292585110205,9.178746500385005,9.105007633710338,8.997320403832823,19.569155452607003,0.0,CAFÉ CEREZA
S0925,-97.761178,20.440264,3935.0,8.277666160851503,21,MEX-130|Pachuca - Túxpam,117_37,False,2.0,0,80,6.0,7,5553.0,24,1.0,24260.0,0.4499587798845836,8.051764070612668,330,0.6001894836570346,224.0785420606284,717,5144.25,134499390.25,14.0,1.0371857555362378,0.6824124021966274,0.0,0.0,False,federal,Carretera,Con pavimento,Asfalto,No,Federal,Fed.,Dos sentidos,CAFÉ CEREZA,0,0,0,0,0,0,0,0,0,0,0,0,0,0,1.0986122886681098,0.0,1.9459101490553132,2.0794415416798357,8.622273667866745,3.2188758248682006,10.096625401763932,4.589198382681175,11.292515673527074,5.416449417116644,6.576469569048224,8.545829237952569,8.485527070337225,18.717070230973622,0.0,CAFÉ CEREZA
S0926,-97.640533,20.480028,4447.0,8.399984990510696,21,MEX-130|Pachuca - Túxpam,118_37,False,2.0,0,80,6.0,8,7399.0,35,0.1793485606162995,24583.0,0.2101859008257739,8.29318295636468,153,0.4620563544177541,394.5577155634268,3,8339.750000000002,361277603.7399999,18.0,1.39489251862381,0.5497766719625887,0.0,0.0,False,federal,Carretera,Con pavimento,Asfalto,No,Federal,Fed.,Dos sentidos,NARANJA,0,0,0,0,0,0,0,0,0,0,0,0,0,0,1.0986122886681098,0.0,1.9459101490553132,2.1972245773362196,8.909235279192261,3.58351893845611,10.109851103810321,4.587329288546884,10.493881925521244,5.980296707189003,1.3862943611198906,9.028908419367061,8.83559601214795,19.705157208976665,0.0,NARANJA
S0927,-97.484744,20.5401115,17858.5,9.79023486434127,21,MEX-130|Pachuca - Túxpam,118_38,False,3.0,0,60,10.5,48,0.0,0,0.2294825956519952,298.0,1.0,7.88732075471698,54,0.2473971244422409,8279.455068649993,5,8339.750000000002,361277603.7399999,18.0,1.39489251862381,0.5497766719625887,0.0,0.0,False,federal,Carretera,Con pavimento,Concreto,No,Federal,Fed.,Un sentido,NARANJA,0,1,0,0,0,0,0,0,0,0,0,0,0,0,1.3862943611198906,0.0,2.4423470353692043,3.8918202981106265,0.0,0.0,5.700443573390687,4.5160787250451335,8.995784837848506,9.021653205850944,1.791759469228055,9.028908419367061,8.83559601214795,19.705157208976665,0.0,NARANJA
S0928,-97.527804,20.709996500000003,7968.0,8.983188799264434,21,MEX-130|Pachuca - Túxpam,118_38,False,2.0,0,30,7.0,28,0.0,0,0.2294825956519952,0.0,0.2492112922594695,9.16571748878924,4,1.0,18265.29246981697,337,8339.750000000002,361277603.7399999,18.0,1.39489251862381,0.5497766719625887,0.0,0.0,False,federal,Calle,FALTANTE,FALTANTE,No,FALTANTE,FALTANTE,Dos sentidos,NARANJA,0,1,1,1,1,0,0,0,0,0,0,0,0,0,1.0986122886681098,0.0,2.0794415416798357,3.367295829986474,0.0,0.0,0.0,4.60540340767597,5.877735781779639,9.812812698829173,5.823045895483019,9.028908419367061,8.83559601214795,19.705157208976665,0.0,NARANJA
S0929,-97.477632,20.806893,2409.0,7.786967002614872,21,MEX-130|Pachuca - Túxpam,118_39,False,2.0,0,80,6.0,9,0.0,0,0.2294825956519952,0.0,0.2492112922594695,9.16571748878924,0,0.217280653216424,23483.878403995543,18,24460.449999999997,1102407764.66,16.0,0.5429486284644803,0.8742684619457125,0.0,0.0,False,federal,Carretera,Con pavimento,Asfalto,No,Federal,Fed.,Dos sentidos,NARANJA,0,1,1,1,1,1,0,0,0,0,0,0,0,0,1.0986122886681098,0.0,1.9459101490553132,2.302585092994046,0.0,0.0,0.0,4.60540340767597,0.0,10.064112020844776,2.9444389791664403,10.104853687942036,9.920558511043625,20.82076250252034,0.0,NARANJA
S0930,-97.999518,20.219457,3238.0,8.08271113423758,21,MEX-130|Ramal a Nuevo Necaxa,116_36,False,2.0,0,70,7.0,81,32611.0,35,0.4280457514335654,169756.0,0.2449103419024953,9.025655548810317,380,0.4798557148753656,555.2254785329505,12,54.35,532716.9,2.0,0.2899500494383101,0.9153633854645814,0.0,0.0,False,federal,Carretera,Con pavimento,Asfalto,No,Federal,Fed.,Dos sentidos,MAÍZ GRANO,0,0,0,0,0,0,0,0,0,0,0,0,0,0,1.0986122886681098,0.0,2.0794415416798357,4.406719247264253,10.392435597782802,3.58351893845611,12.042123281684118,4.608022309797256,12.537589768685981,6.321173748972473,2.5649493574615367,4.013676659154646,4.013676659154646,13.185747294743395,0.0,MAÍZ GRANO
S0931,-97.356436,19.793656,8214.0,9.013595294516504,21,MEX-131|Teziutlán - Perote,119_34,False,2.0,0,60,8.0,84,135522.0,47,0.2016868109974764,194105.0,0.281425001931944,8.35852335784099,247,0.3705866532190284,359.301254830357,142,2814.7,58890803.91,11.0,0.9940700662347012,0.7514122286566952,0.0004440970618538,0.0,False,federal,Carretera,Con pavimento,Asfalto,No,Federal,Fed.,Dos sentidos,MAÍZ GRANO,0,0,0,0,0,0,0,0,0,0,0,0,0,0,1.0986122886681098,0.0,2.1972245773362196,4.442651256490317,11.816896646594818,3.871201010907891,12.17615968058042,4.605744757085562,12.603004784519966,5.886940500485582,4.962844630259907,7.942966177511865,7.932541607009591,17.891195522852477,0.0,MAÍZ GRANO
S0932,-97.298881,19.796854,9168.0,9.12347443895452,21,MEX-131|Teziutlán - Perote,119_34,False,2.0,0,50,8.0,98,26980.0,15,0.3198665678280207,156511.0,0.2441936988454485,8.686490207980576,198,0.3471967435339916,1997.4419941835683,48,3743.85,65849216.419999994,14.0,1.7075350243287188,0.4246965022637124,0.0001602628310429,0.0,False,federal,Carretera,Con pavimento,Asfalto,No,Federal,Fed.,Dos sentidos,MAÍZ GRANO,0,0,0,0,0,0,0,0,0,0,0,0,0,0,1.0986122886681098,0.0,2.1972245773362196,4.59511985013459,10.202888193567093,2.772588722239781,11.960887963339085,4.607562665411588,12.464320757947297,7.60012315305343,3.8918202981106265,8.228136841744622,8.223989234717763,18.002878101800484,0.0,MAÍZ GRANO
S0933,-97.250816,19.776773,10746.0,9.282288871288769,21,MEX-131|Teziutlán - Perote,119_34,False,2.0,0,50,8.0,205,0.0,0,0.2294825956519952,35043.0,0.3159832206146734,7.1625040664326685,124,0.278301231135822,7014.0317437134345,48,3743.85,65849216.419999994,14.0,1.7075350243287188,0.4246965022637124,0.0001602628310429,0.0,False,federal,Carretera,Con pavimento,Asfalto,No,Federal,Fed.,Dos sentidos,MAÍZ GRANO,0,1,0,0,0,0,0,0,0,0,0,0,0,0,1.0986122886681098,0.0,2.1972245773362196,5.327876168789581,0.0,0.0,10.464359693786255,4.605447250178831,12.213251813523199,8.855810517645843,3.8918202981106265,8.228136841744622,8.223989234717763,18.002878101800484,0.0,MAÍZ GRANO
S0934,-97.246292,19.743725,9243.0,9.131621787264775,21,MEX-131|Teziutlán - Perote,119_34,False,2.0,0,50,8.0,53,0.0,0,0.2294825956519952,15060.0,0.3920318725099601,6.095139442231076,94,0.267666239340059,7876.257496406152,1155,3743.85,65849216.419999994,14.0,1.7075350243287188,0.4246965022637124,0.0001602628310429,0.0,False,federal,Carretera,Con pavimento,Asfalto,No,Federal,Fed.,Dos sentidos,MAÍZ GRANO,0,1,0,0,0,0,0,0,0,0,0,0,0,0,1.0986122886681098,0.0,2.1972245773362196,3.9889840465642745,0.0,0.0,9.619863900211849,4.604362123529836,12.097434542223212,8.971735088823232,7.052721049232323,8.228136841744622,8.223989234717763,18.002878101800484,0.0,MAÍZ GRANO
S0935,-97.247059,19.661558,6653.0,8.802823159741887,21,MEX-131|Teziutlán - Perote,119_34,False,2.0,0,90,8.0,2,0.0,0,0.2294825956519952,0.0,0.2492112922594695,9.16571748878924,46,0.4876672508870175,11361.708572075286,274,3743.85,65849216.419999994,14.0,1.7075350243287188,0.4246965022637124,0.0001602628310429,0.0,False,federal,Carretera,Con pavimento,Asfalto,No,Federal,Fed.,Dos sentidos,MAÍZ GRANO,0,1,1,1,1,0,0,0,0,0,0,0,0,0,1.0986122886681098,0.0,2.1972245773362196,1.0986122886681098,0.0,0.0,0.0,4.60540340767597,10.753360665540567,9.338092094495504,5.616771097666572,8.228136841744622,8.223989234717763,18.002878101800484,0.0,MAÍZ GRANO
S0936,-97.248403,19.587471,8914.0,9.0953783535065,21,MEX-131|Teziutlán - Perote,119_34,False,2.0,0,100,8.0,26,0.0,0,0.2294825956519952,0.0,0.2492112922594695,9.16571748878924,11,1.0,14748.27750130267,62,3743.85,65849216.419999994,14.0,1.7075350243287188,0.4246965022637124,0.0001602628310429,0.0,False,federal,Carretera,Con pavimento,Asfalto,No,Federal,Fed.,Dos sentidos,MAÍZ GRANO,0,1,1,1,1,0,0,0,0,0,0,0,0,0,1.0986122886681098,0.0,2.1972245773362196,3.295836866004329,0.0,0.0,0.0,4.60540340767597,8.652947112393857,9.59894937760573,4.143134726391533,8.228136841744622,8.223989234717763,18.002878101800484,0.0,MAÍZ GRANO
S0937,-97.90625225,20.434399,10466.5,9.255934959534574,21,MEX-132D|Nuevo Necaxa - Tihuatlán (Cuota),117_37,False,2.0,0,110,7.0,7,6287.0,30,1.0,32632.0,0.7031135082127973,7.171055507798109,349,0.5664078463424601,342.148924289935,2,5144.25,134499390.25,14.0,1.0371857555362378,0.6824124021966274,0.0,0.0,True,federal,Carretera,Con pavimento,Asfalto,No,Federal,Fed.,Un sentido,CAFÉ CEREZA,0,0,0,0,0,0,0,0,0,0,0,0,0,0,1.0986122886681098,0.0,2.0794415416798357,2.0794415416798357,8.746398334109042,3.4339872044851463,10.393079325293726,4.585685366531143,11.734451709148027,5.838164534539691,1.0986122886681098,8.545829237952569,8.485527070337225,18.717070230973622,0.0,CAFÉ CEREZA
S0938,-97.7931585,20.492989,6913.0,8.841158975945264,21,MEX-132D|Nuevo Necaxa - Tihuatlán (Cuota),117_37,False,2.0,0,110,12.0,17,1147.0,24,1.0,28947.0,0.4364873734756624,7.901060089124077,314,0.6292554359762794,359.2270598215463,15,8339.750000000002,361277603.7399999,18.0,1.39489251862381,0.5497766719625887,0.0,0.0,True,federal,Carretera,Con pavimento,Asfalto,Si,Federal,Fed.,Dos sentidos,NARANJA,0,0,0,0,0,0,0,0,0,0,0,0,0,0,1.0986122886681098,0.0,2.5649493574615367,2.8903717578961645,7.045776576879511,3.2188758248682006,10.273256395986019,4.588235141357092,11.36799217419258,5.886734554355321,2.772588722239781,9.028908419367061,8.83559601214795,19.705157208976665,0.0,NARANJA
S0939,-97.529669,20.657245,4945.0,8.506132244056813,21,MEX-132D|Nuevo Necaxa - Tihuatlán (Cuota),118_38,False,2.0,0,110,12.0,6,0.0,0,0.2294825956519952,0.0,0.2492112922594695,9.16571748878924,37,1.0,12931.559013311022,337,8339.750000000002,361277603.7399999,18.0,1.39489251862381,0.5497766719625887,0.0,0.0,True,federal,Carretera,Con pavimento,Asfalto,Si,Federal,Fed.,Dos sentidos,NARANJA,0,1,1,1,1,0,0,0,0,0,0,0,0,0,1.0986122886681098,0.0,2.5649493574615367,1.9459101490553132,0.0,0.0,0.0,4.60540340767597,7.468513271496337,9.46750336504615,5.823045895483019,9.028908419367061,8.83559601214795,19.705157208976665,0.0,NARANJA
S0940,-97.898241,20.433516,2349.0,7.761744984658913,21,MEX-132D|Ramal Villa Avila Camacho (Cuota),117_37,False,2.0,0,70,8.0,9,6486.0,33,1.0,31911.0,0.6964056281533013,7.172275853405773,354,0.5663800495235958,677.5947282706999,2,5144.25,134499390.25,14.0,1.0371857555362378,0.6824124021966274,0.0,0.0,True,federal,Carretera,Con pavimento,Asfalto,No,Federal,Fed.,Dos sentidos,CAFÉ CEREZA,0,0,0,0,0,0,0,0,0,0,0,0,0,0,1.0986122886681098,0.0,2.1972245773362196,2.302585092994046,8.777555453213056,3.5263605246161616,10.370737393585243,4.5865676407814675,11.7343876035019,6.520024083782819,1.0986122886681098,8.545829237952569,8.485527070337225,18.717070230973622,0.0,CAFÉ CEREZA
S0941,-97.856135,20.399698,2746.0,7.917900586327916,21,MEX-132D|Ramal Villa Avila Camacho (Cuota),117_37,False,2.0,0,70,8.0,2,17028.0,41,0.4310547333803148,29404.0,0.6705210175486328,7.304718242597899,395,0.5352279845702417,454.89895960199743,14,5144.25,134499390.25,14.0,1.0371857555362378,0.6824124021966274,0.0,0.0,True,federal,Carretera,Con pavimento,Asfalto,No,Federal,Fed.,Dos sentidos,CAFÉ CEREZA,0,0,0,0,0,0,0,0,0,0,0,0,0,0,1.0986122886681098,0.0,2.1972245773362196,1.0986122886681098,9.742673052026605,3.7376696182833684,10.288920006894056,4.5845371710970895,11.929370077121401,6.12227120514177,2.70805020110221,8.545829237952569,8.485527070337225,18.717070230973622,0.0,CAFÉ CEREZA
S0942,-98.113309,20.135835,12804.0,9.457512901089752,21,MEX-132D|Tejocotal - Nuevo Necaxa (Cuota),116_36,False,2.0,0,110,12.0,8,6603.0,18,1.0,84172.0,0.2640664353941928,9.344795640650808,248,0.4698418591583214,1268.7183754349628,1869,3247.9,144517145.02,12.0,1.2054790332626026,0.6644293235629175,0.0032328581544998,0.0,True,federal,Carretera,Con pavimento,Asfalto,Si,Federal,Fed.,Dos sentidos,MAÍZ GRANO,0,0,0,0,0,0,0,0,0,0,0,0,0,0,1.0986122886681098,0.0,2.5649493574615367,2.1972245773362196,8.795430805040018,2.9444389791664403,11.34062948372324,4.6089708678122525,12.202651801108079,7.1465504032360965,7.533693709848633,8.086071756494288,8.069655306886165,18.788908716055364,0.0,MAÍZ GRANO
S0943,-98.02826525,20.17764975,6553.0,8.787678239039497,21,MEX-132D|Tejocotal - Nuevo Necaxa (Cuota),116_36,False,2.0,0,70,7.0,81,87060.0,41,0.1680679990810935,126491.0,0.292827157663391,8.760528717632356,329,0.474126887073998,525.7926610717116,538,3247.9,144517145.02,12.0,1.2054790332626026,0.6644293235629175,0.0032328581544998,0.0,True,federal,Carretera,Con pavimento,Asfalto,No,Estatal,Pue.,Dos sentidos,MAÍZ GRANO,0,0,0,0,0,0,0,0,0,0,0,0,0,0,1.0986122886681098,0.0,2.0794415416798357,4.406719247264253,11.374364301371587,3.7376696182833684,11.74793434404319,4.608501946505076,12.523671465862053,6.266807038624994,6.289715570908998,8.086071756494288,8.069655306886165,18.788908716055364,0.0,MAÍZ GRANO
S0944,-97.491166,18.818736,13119.0,9.48181684008103,21,MEX-135D|Cuacnopalan - Oaxaca (Cuota),118_30,False,2.0,0,110,8.0,11,15260.0,20,0.0444298820445609,37992.0,0.2856917245735944,7.1452878200564305,209,0.3111197362943962,739.0572101472069,65,19288.4,546123438.28,36.0,1.794368889298625,0.5723647373550942,0.3518073038717571,0.0,True,federal,Carretera,Con pavimento,Asfalto,Si,Federal,Fed.,Dos sentidos,MAÍZ GRANO,0,0,0,0,0,0,0,0,0,0,0,0,0,0,1.0986122886681098,0.0,2.1972245773362196,2.4849066497880004,9.633055833490875,3.044522437723423,10.545157211213365,4.6011017871533655,12.08827398475172,6.606727494219612,4.189654742026425,9.867311001216962,9.866973971791104,20.11835558742451,0.0,MAÍZ GRANO
S0945,-97.490727,18.81234,12745.0,9.452894316810216,21,MEX-135D|Cuacnopalan - Oaxaca (Cuota),118_30,False,2.0,0,110,6.0,8,15254.0,19,0.0440540186180673,35283.0,0.2308477170308647,7.213706774175231,208,0.2915308057882062,1112.8708315587126,65,19288.4,546123438.28,36.0,1.794368889298625,0.5723647373550942,0.3518073038717571,0.0,True,federal,Carretera,Con pavimento,Asfalto,Si,Federal,Fed.,Dos sentidos,MAÍZ GRANO,0,0,0,0,0,0,0,0,0,0,0,0,0,0,1.0986122886681098,0.0,1.9459101490553132,2.1972245773362196,9.63266259715077,2.995732273553991,10.471184882378658,4.601087103812137,12.142562928325635,7.015596463637665,4.189654742026425,9.867311001216962,9.866973971791104,20.11835558742451,0.0,MAÍZ GRANO
S0946,-97.4563505,18.4854835,9700.5,9.179932709554755,21,MEX-135D|Cuacnopalan - Oaxaca (Cuota),119_29,False,4.0,0,80,16.0,46,10663.0,27,0.5794804464034512,352460.0,0.0397435169948362,9.355774278513204,202,0.0770900739506814,643.1127541727549,221,9923.5,312101018.58,22.0,1.588092283857028,0.4493374313498262,0.683680153171764,0.0,True,federal,Carretera,Con pavimento,Asfalto,Si,Federal,Fed.,Dos sentidos,MAÍZ GRANO,0,0,0,0,0,0,0,0,0,0,0,0,0,0,1.6094379124341003,0.0,2.833213344056216,3.8501476017100584,9.274628861858545,3.332204510175204,12.77269525681572,4.606836463377818,12.91364527715398,6.467873794898103,5.402677381872279,9.202761726452632,9.197407096564284,19.558837474073222,0.0,MAÍZ GRANO
S0947,-97.411817,18.421326,6885.0,8.837100411162755,21,MEX-135D|Cuacnopalan - Oaxaca (Cuota),119_28,False,2.0,0,110,6.0,111,297215.0,18,0.0114058846289722,322099.0,0.0429122723137917,9.49365799051026,213,0.0833668131229377,323.59754833035737,8,9923.5,312101018.58,22.0,1.588092283857028,0.4493374313498262,0.683680153171764,0.0,True,federal,Carretera,Con pavimento,Asfalto,Si,Federal,Fed.,Dos sentidos,MAÍZ GRANO,0,0,0,0,0,0,0,0,0,0,0,0,0,0,1.0986122886681098,0.0,1.9459101490553132,4.718498871295094,12.602214426177454,2.9444389791664403,12.682617335319291,4.607183511155438,13.056106046626086,5.782586102157197,2.1972245773362196,9.202761726452632,9.197407096564284,19.558837474073222,0.0,MAÍZ GRANO
S0948,-97.36767,18.323599,7390.0,8.907883013942248,21,MEX-135D|Cuacnopalan - Oaxaca (Cuota),119_28,False,2.0,0,110,6.0,8,15984.0,7,0.1437062062062062,54162.0,0.1329529928732321,7.0411958488754305,141,0.0769289880890006,1232.0783195904537,114,2165.5,85034798.13000001,9.0,0.9256060443792762,0.7499422766104825,0.9748326021703996,0.0,True,federal,Carretera,Con pavimento,Asfalto,Si,Federal,Fed.,Dos sentidos,ELOTE,0,0,0,0,0,0,0,0,0,0,0,0,0,0,1.0986122886681098,0.0,1.9459101490553132,2.1972245773362196,9.679406061493943,2.0794415416798357,10.8997532974849,4.606520970896963,12.970227998825983,7.1172690206851446,4.74493212836325,7.680868241179964,7.679944666882036,18.25857113220206,0.0,OTROS
S0949,-97.313565,18.2626865,7126.0,8.871505346165781,21,MEX-135D|Cuacnopalan - Oaxaca (Cuota),119_28,False,2.0,0,110,8.0,10,10950.0,5,0.1976255707762557,28099.0,0.200220648421652,7.078861872552509,123,0.1911927858219782,1079.380456658611,1244,1999.0,47729508.720000006,11.0,1.1373471756723097,0.6123061530765382,0.7313656828414207,0.0,True,federal,Carretera,Con pavimento,Asfalto,Si,Federal,Fed.,Dos sentidos,MAÍZ GRANO,0,0,0,0,0,0,0,0,0,0,0,0,0,0,1.0986122886681098,0.0,2.1972245773362196,2.3978952727983707,9.301186055275759,1.791759469228055,10.243524855321837,4.606595291791335,11.853766714966392,6.985068532768006,7.126890808898808,7.600902459542082,7.598399329323964,17.68106041698296,0.0,MAÍZ GRANO
S0950,-97.378087,17.857657,6424.0,8.767796255626598,21,MEX-135D|Cuacnopalan - Oaxaca (Cuota),119_26,False,2.0,0,100,7.0,1,0.0,0,0.2294825956519952,0.0,0.2492112922594695,9.16571748878924,0,0.217280653216424,24073.542030662684,99,2809.5,32204691.28,9.0,0.7193084812754326,0.7848371596369461,0.0256273358248798,0.0,True,federal,Carretera,Con pavimento,Asfalto,Si,Federal,Fed.,Dos sentidos,MAÍZ GRANO,0,1,1,1,1,1,0,0,0,0,0,0,0,0,1.0986122886681098,0.0,2.0794415416798357,0.6931471805599453,0.0,0.0,0.0,4.60540340767597,0.0,10.088910213875328,4.605170185988092,7.94111768244213,7.924976729434733,17.28762272287944,0.0,MAÍZ GRANO
S0951,-97.37458,17.877904,7807.0,8.962776046120291,21,MEX-135D|Cuacnopalan - Oaxaca (Cuota),119_26,False,2.0,0,100,7.0,9,0.0,0,0.2294825956519952,0.0,0.2492112922594695,9.16571748878924,0,0.217280653216424,22396.474897512217,99,2809.5,32204691.28,9.0,0.7193084812754326,0.7848371596369461,0.0256273358248798,0.0,True,federal,Carretera,Con pavimento,Asfalto,Si,Federal,Fed.,Dos sentidos,MAÍZ GRANO,0,1,1,1,1,1,0,0,0,0,0,0,0,0,1.0986122886681098,0.0,2.0794415416798357,2.302585092994046,0.0,0.0,0.0,4.60540340767597,0.0,10.016703503699244,4.605170185988092,7.94111768244213,7.924976729434733,17.28762272287944,0.0,MAÍZ GRANO
S0952,-97.353781,17.726021,5377.0,8.589885876809678,21,MEX-135D|Cuacnopalan - Oaxaca (Cuota),119_25,False,2.0,0,20,8.0,14,0.0,0,0.2294825956519952,0.0,0.2492112922594695,9.16571748878924,0,0.217280653216424,38244.205182902326,99,2809.5,32204691.28,9.0,0.7193084812754326,0.7848371596369461,0.0256273358248798,0.0,True,federal,Enlace,FALTANTE,FALTANTE,No,FALTANTE,FALTANTE,Dos sentidos,MAÍZ GRANO,0,1,1,1,1,1,0,0,0,0,0,0,0,0,1.0986122886681098,0.0,2.1972245773362196,2.70805020110221,0.0,0.0,0.0,4.60540340767597,0.0,10.551773476701761,4.605170185988092,7.94111768244213,7.924976729434733,17.28762272287944,0.0,MAÍZ GRANO
S0953,-97.244465,17.4609455,5924.0,8.68676717538769,21,MEX-135D|Cuacnopalan - Oaxaca (Cuota),120_24,False,2.0,1,30,7.0,18,0.0,0,0.2294825956519952,0.0,0.2492112922594695,9.16571748878924,0,0.217280653216424,69781.76990425384,99,2809.5,32204691.28,9.0,0.7193084812754326,0.7848371596369461,0.0256273358248798,0.0,True,federal,Calle,FALTANTE,FALTANTE,No,FALTANTE,FALTANTE,Dos sentidos,MAÍZ GRANO,0,1,1,1,1,1,0,0,0,0,0,0,0,0,1.0986122886681098,0.6931471805599453,2.0794415416798357,2.9444389791664403,0.0,0.0,0.0,4.60540340767597,0.0,11.153142408768852,4.605170185988092,7.94111768244213,7.924976729434733,17.28762272287944,0.0,MAÍZ GRANO
S0954,-96.9121865,17.272456,8691.0,9.07004328643746,21,MEX-135D|Cuacnopalan - Oaxaca (Cuota),121_23,False,2.0,0,100,12.0,5,0.0,0,0.2294825956519952,0.0,0.2492112922594695,9.16571748878924,0,0.217280653216424,100613.26906090874,2045,5250.4,131180394.7,12.0,1.361890471033246,0.438061861953375,0.4062547615419777,0.0,True,federal,Carretera,Con pavimento,Asfalto,Si,Federal,Fed.,Un sentido,MAÍZ GRANO,0,1,1,1,1,1,0,0,0,0,0,0,0,0,1.0986122886681098,0.0,2.5649493574615367,1.791759469228055,0.0,0.0,0.0,4.60540340767597,0.0,11.519049366161152,7.6236419465115715,8.5662499867031,8.564916119625247,18.69208400029124,0.0,MAÍZ GRANO
S0955,-96.785081,17.147312,12158.0,9.405742668308667,21,MEX-135D|Cuacnopalan - Oaxaca (Cuota),122_23,False,2.0,0,100,12.0,14,0.0,0,0.2294825956519952,0.0,0.2492112922594695,9.16571748878924,0,0.217280653216424,117349.22820124328,142,5250.4,131180394.7,12.0,1.361890471033246,0.438061861953375,0.4062547615419777,0.0,True,federal,Carretera,Con pavimento,Asfalto,Si,Federal,Fed.,Un sentido,MAÍZ GRANO,0,1,1,1,1,1,0,0,0,0,0,0,0,0,1.0986122886681098,0.0,2.5649493574615367,2.70805020110221,0.0,0.0,0.0,4.60540340767597,0.0,11.672918145898015,4.962844630259907,8.5662499867031,8.564916119625247,18.69208400029124,0.0,MAÍZ GRANO
S0956,-97.536888,19.2778,2857.0,7.957527402230773,21,MEX-136|Zacatepec - Oriental,118_32,False,2.0,0,70,7.0,2,6607.0,10,0.4657181776903284,10956.0,0.6778021175611537,6.553041199190729,167,0.4147527947986342,1431.7193617597547,1694,6687.0,163840087.24,16.0,1.08456641727934,0.737101839389861,0.1133542694780918,0.0,False,federal,Carretera,Con pavimento,Asfalto,No,Federal,Fed.,Dos sentidos,MAÍZ GRANO,0,0,0,0,0,0,0,0,0,0,0,0,0,0,1.0986122886681098,0.0,2.0794415416798357,1.0986122886681098,8.796036315200814,2.3978952727983707,9.301733800405394,4.599610719300992,11.356470465570062,7.267329568983871,7.43543801981455,8.808070154764538,8.808070154764538,18.91440143838949,0.0,MAÍZ GRANO
S0957,-97.856576,18.9348945,10515.0,9.2605580881368,21,MEX-140|San Hipólito - Xalapa,117_31,False,4.0,0,80,14.0,19,59638.0,39,0.1213655722861263,195859.0,0.1106357124257756,8.33571959530273,457,0.1905265576201752,158.764765554385,19,1371.7,82315544.71000001,28.0,2.514520661969091,0.3688853247794707,0.6341036669825764,0.0,False,federal,Carretera,Con pavimento,Asfalto,No,Federal,Fed.,Dos sentidos,MAÍZ GRANO,0,0,0,0,0,0,0,0,0,0,0,0,0,0,1.6094379124341003,0.0,2.70805020110221,2.995732273553991,10.996065001467814,3.6888794541139363,12.185155397274785,4.604471055351937,12.99368874304115,5.073702518121765,2.995732273553991,7.224534882257614,7.223806125484361,18.226070538575176,0.0,MAÍZ GRANO
S0958,-97.8038885,18.97777,26029.0,10.16696658003974,21,MEX-140|San Hipólito - Xalapa,117_31,False,2.0,0,80,6.0,140,74954.0,43,0.1209942097819996,155799.0,0.1656364931738971,7.6370924563254174,476,0.1841563275701811,264.41320575419064,50,10041.0,766938274.62,33.0,1.7944749885618982,0.4415894831192112,0.1843441888258141,0.0,False,federal,Carretera,Con pavimento,Asfalto,No,Federal,Fed.,Un sentido,TUNA,0,0,0,0,0,0,0,0,0,0,0,0,0,0,1.0986122886681098,0.0,1.9459101490553132,4.948759890378168,11.224643212446415,3.784189633918261,11.956328412418785,4.602312406521631,13.046980130895363,5.581287878588597,3.9318256327243257,9.21453157659465,9.205930663487482,20.45791688102153,0.0,TUNA
S0959,-97.657145,19.121379,12539.0,9.43659906619054,21,MEX-140|San Hipólito - Xalapa,118_31,False,2.0,0,80,6.0,13,23364.0,32,0.1590481082006505,51330.0,0.2199883109292811,7.464021065796415,259,0.2857117616919027,66.98296076629732,4,2810.0,78867107.66999999,15.0,1.2289060865077894,0.6661921708185053,0.0896797153024911,0.0,False,federal,Carretera,Con pavimento,Asfalto,No,Federal,Fed.,Dos sentidos,MAÍZ GRANO,0,0,0,0,0,0,0,0,0,0,0,0,0,0,1.0986122886681098,0.0,1.9459101490553132,2.6390573296152584,10.058994455134526,3.4965075614664802,10.846050137149113,4.603942618647427,12.042364774227002,4.219257096810238,1.6094379124341003,7.941295570906532,7.9391588179567965,18.183274825262615,0.0,MAÍZ GRANO
S0960,-97.53249175,19.265373000000004,8539.5,9.052457737059246,21,MEX-140|San Hipólito - Xalapa,118_32,False,2.0,0,30,7.0,16,3087.0,11,1.0,11526.0,0.6937359014402221,6.449820270033316,182,0.4687218029149815,44.36416002903796,1694,6687.0,163840087.24,16.0,1.08456641727934,0.737101839389861,0.1133542694780918,0.0,False,federal,Calle,FALTANTE,FALTANTE,No,FALTANTE,FALTANTE,Dos sentidos,MAÍZ GRANO,0,0,0,0,0,0,0,0,0,0,0,0,0,0,1.0986122886681098,0.0,2.0794415416798357,2.833213344056216,8.035278911144667,2.4849066497880004,9.352447388601012,4.596954713034701,11.453217922507944,3.8147223666128074,7.43543801981455,8.808070154764538,8.808070154764538,18.91440143838949,0.0,MAÍZ GRANO
S0961,-97.386093,19.451316499999997,8587.0,9.058004710672485,21,MEX-140|San Hipólito - Xalapa,119_33,False,2.0,0,110,7.0,4,3094.0,6,0.0597931480284421,12980.0,0.7758859784283513,7.284780962682531,72,0.5693739634131247,401.8815507765771,28,15314.0,371499083.23,16.0,1.0555410229320428,0.7489878542510121,0.0923991119237299,0.0,False,federal,Carretera,Con pavimento,Asfalto,No,Federal,Fed.,Un sentido,MAÍZ GRANO,0,0,0,0,0,0,0,0,0,0,0,0,0,0,1.0986122886681098,0.0,2.0794415416798357,1.6094379124341003,8.037543185118697,1.9459101490553132,9.471242028892995,4.605036048825189,10.606535557773336,5.998642600075582,3.367295829986474,9.636588019266876,9.633678141618978,19.733056957058484,0.0,MAÍZ GRANO
S0962,-97.354211,19.494203,9203.0,9.127284796838858,21,MEX-140|San Hipólito - Xalapa,119_33,False,2.0,0,110,7.0,1,0.0,0,0.2294825956519952,4817.0,0.3960971559061657,7.451626455906824,55,0.8831398385088177,5115.998805471098,4,15314.0,371499083.23,16.0,1.0555410229320428,0.7489878542510121,0.0923991119237299,0.0,False,federal,Carretera,Con pavimento,Asfalto,No,Federal,Fed.,Dos sentidos,MAÍZ GRANO,0,1,0,0,0,0,0,0,0,0,0,0,0,0,1.0986122886681098,0.0,2.0794415416798357,0.6931471805599453,0.0,0.0,8.480114183174816,4.605317958320454,10.122382089560922,8.540323375361856,1.6094379124341003,9.636588019266876,9.633678141618978,19.733056957058484,0.0,MAÍZ GRANO
S0963,-97.242315,19.5677745,12564.5,9.438630656109922,21,MEX-140|San Hipólito - Xalapa,119_33,False,2.0,0,40,7.0,23,0.0,0,0.2294825956519952,0.0,0.2492112922594695,9.16571748878924,8,1.0,16596.3426398382,62,3743.85,65849216.419999994,14.0,1.7075350243287188,0.4246965022637124,0.0001602628310429,0.0,False,federal,Avenida,FALTANTE,FALTANTE,No,FALTANTE,FALTANTE,Dos sentidos,MAÍZ GRANO,0,1,1,1,1,0,0,0,0,0,0,0,0,0,1.0986122886681098,0.0,2.0794415416798357,3.1780538303479458,0.0,0.0,0.0,4.60540340767597,8.329899292995725,9.716997879592697,4.143134726391533,8.228136841744622,8.223989234717763,18.002878101800484,0.0,MAÍZ GRANO
S0964,-97.188801,19.615397,7841.0,8.967121656230923,21,MEX-140|San Hipólito - Xalapa,120_34,False,2.0,0,90,8.0,12,0.0,0,0.2294825956519952,0.0,0.2492112922594695,9.16571748878924,3,1.0,19013.659659651377,62,3743.85,65849216.419999994,14.0,1.7075350243287188,0.4246965022637124,0.0001602628310429,0.0,False,federal,Carretera,Con pavimento,Asfalto,No,Federal,Fed.,Dos sentidos,MAÍZ GRANO,0,1,1,1,1,0,0,0,0,0,0,0,0,0,1.0986122886681098,0.0,2.1972245773362196,2.5649493574615367,0.0,0.0,0.0,4.60540340767597,6.646390514847729,9.852965521682663,4.143134726391533,8.228136841744622,8.223989234717763,18.002878101800484,0.0,MAÍZ GRANO
S0965,-97.1766305,19.6286235,12670.0,9.446992273315184,21,MEX-140|San Hipólito - Xalapa,120_34,False,2.0,0,90,8.0,20,0.0,0,0.2294825956519952,0.0,0.2492112922594695,9.16571748878924,3,1.0,19493.16680536579,274,3743.85,65849216.419999994,14.0,1.7075350243287188,0.4246965022637124,0.0001602628310429,0.0,False,federal,Carretera,Con pavimento,Asfalto,No,Federal,Fed.,Dos sentidos,MAÍZ GRANO,0,1,1,1,1,0,0,0,0,0,0,0,0,0,1.0986122886681098,0.0,2.1972245773362196,3.044522437723423,0.0,0.0,0.0,4.60540340767597,6.646390514847729,9.877870561614717,5.616771097666572,8.228136841744622,8.223989234717763,18.002878101800484,0.0,MAÍZ GRANO
S0966,-96.957237,19.591218,16729.0,9.72489901933128,21,MEX-140|San Hipólito - Xalapa,121_34,False,2.0,0,60,11.0,105,0.0,0,0.2294825956519952,0.0,0.2492112922594695,9.16571748878924,0,0.217280653216424,32575.98385095044,158,3681.0,253633890.4,13.0,1.4728150279773282,0.4925292040206465,0.0,0.0,False,federal,Carretera,Con pavimento,Asfalto,No,Federal,Fed.,Dos sentidos,MAÍZ GRANO,0,1,1,1,1,1,0,0,0,0,0,0,0,0,1.0986122886681098,0.0,2.4849066497880004,4.663439094112067,0.0,0.0,0.0,4.60540340767597,0.0,10.391361301165528,5.0689042022202315,8.211211361793023,8.16465254661596,19.351402412765353,0.0,MAÍZ GRANO
S0967,-96.939278,19.5912865,44653.0,10.706676773297268,21,MEX-140|San Hipólito - Xalapa,121_34,False,2.0,0,60,7.0,178,0.0,0,0.2294825956519952,0.0,0.2492112922594695,9.16571748878924,0,0.217280653216424,33275.59284896084,158,3681.0,253633890.4,13.0,1.4728150279773282,0.4925292040206465,0.0,0.0,False,federal,Carretera,Con pavimento,Asfalto,No,Federal,Fed.,Un sentido,MAÍZ GRANO,0,1,1,1,1,1,0,0,0,0,0,0,0,0,1.0986122886681098,0.0,2.0794415416798357,5.187385805840755,0.0,0.0,0.0,4.60540340767597,0.0,10.412609511357612,5.0689042022202315,8.211211361793023,8.16465254661596,19.351402412765353,0.0,MAÍZ GRANO
S0968,-96.9288065,19.571562,64040.0,11.067263167110651,21,MEX-140|San Hipólito - Xalapa,121_34,False,4.0,0,50,14.0,544,0.0,0,0.2294825956519952,0.0,0.2492112922594695,9.16571748878924,0,0.217280653216424,31759.483290615768,158,3681.0,253633890.4,13.0,1.4728150279773282,0.4925292040206465,0.0,0.0,False,federal,Boulevard,FALTANTE,FALTANTE,No,FALTANTE,FALTANTE,Un sentido,MAÍZ GRANO,0,1,1,1,1,1,0,0,0,0,0,0,0,0,1.6094379124341003,0.0,2.70805020110221,6.300785794663244,0.0,0.0,0.0,4.60540340767597,0.0,10.36597813220423,5.0689042022202315,8.211211361793023,8.16465254661596,19.351402412765353,0.0,MAÍZ GRANO
S0969,-98.06286,19.071799,12139.0,9.404178688897805,21,MEX-140D|Amozoc - Perote (Cuota),116_31,False,2.0,0,110,8.0,10,131307.0,28,0.0511168483020707,203242.0,0.1127572056956731,8.546228144443571,290,0.033010461061604,577.4612249305759,37,3171.0,39469976.86000001,12.0,0.637206363887222,0.8571428571428571,0.0,0.0,True,federal,Carretera,Con pavimento,Asfalto,Si,Federal,Fed.,Dos sentidos,MAÍZ GRANO,0,0,0,0,0,0,0,0,0,0,0,0,0,0,1.0986122886681098,0.0,2.1972245773362196,2.3978952727983707,11.785300987604622,3.367295829986474,12.222157586472571,4.602440230257572,14.476005922844472,6.360371517473889,3.6375861597263857,8.06211758275474,8.060224240440958,17.491050886706518,0.0,MAÍZ GRANO
S0970,-98.069094,19.063641,12220.0,9.410829232725586,21,MEX-140D|Amozoc - Perote (Cuota),116_31,False,2.0,0,110,8.0,14,133953.0,32,0.0698603241435428,179420.0,0.1362891539404748,8.882207617666742,295,0.0338189045330977,869.0277587469338,1317,3171.0,39469976.86000001,12.0,0.637206363887222,0.8571428571428571,0.0,0.0,True,federal,Carretera,Con pavimento,Asfalto,Si,Federal,Fed.,Dos sentidos,MAÍZ GRANO,0,0,0,0,0,0,0,0,0,0,0,0,0,0,1.0986122886681098,0.0,2.1972245773362196,2.70805020110221,11.805251736415661,3.4965075614664802,12.097490278612401,4.602297872549758,14.493465925069703,6.768525117745296,7.183870715062453,8.06211758275474,8.060224240440958,17.491050886706518,0.0,MAÍZ GRANO
S0971,-97.897041,19.228171,12399.0,9.425371103179842,21,MEX-140D|Amozoc - Perote (Cuota),117_32,False,2.0,0,90,10.0,8,12.0,2,1.0,36219.0,0.1648858334023578,8.141744321008126,145,0.2084837073068675,4446.555197440799,10,10597.0,242649474.51,15.0,0.8954863101927962,0.7519109181843918,0.0480324620175521,0.0132112862130791,True,federal,Carretera,Con pavimento,Asfalto,Si,Federal,Fed.,Dos sentidos,MAÍZ GRANO,0,0,0,0,0,0,0,0,0,0,0,0,0,0,1.0986122886681098,0.0,2.3978952727983707,2.1972245773362196,2.5649493574615367,1.0986122886681098,10.497366731437404,4.60573721862848,11.804355505008488,8.400109830354667,2.3978952727983707,9.268420583052707,9.254835611862735,19.307128472304818,0.013124778259299419,MAÍZ GRANO
S0972,-97.797544,19.310369,6914.0,8.84130362048157,21,MEX-140D|Amozoc - Perote (Cuota),117_32,False,2.0,0,70,10.0,22,27.0,2,1.0,29517.0,0.2471118338584544,8.49689317094684,106,0.3408875610289295,3195.999347816689,3,5284.0,128576263.73000002,13.0,1.0861771653499197,0.7392127176381529,0.1483724451173353,0.0359576078728236,True,federal,Carretera,Con pavimento,Asfalto,Si,Federal,Fed.,Dos sentidos,MAÍZ GRANO,0,0,0,0,0,0,0,0,0,0,0,0,0,0,1.0986122886681098,0.0,2.3978952727983707,3.1354942159291497,3.332204510175204,1.0986122886681098,10.292755525741722,4.607198865405541,11.136281022670257,8.069967945061288,1.3862943611198906,8.572627898304338,8.53503310954457,18.67203278609253,0.03532622395840843,MAÍZ GRANO
S0973,-97.64428175,19.4161705,15419.0,9.643355794171352,21,MEX-140D|Amozoc - Perote (Cuota),118_33,False,1.0,1,30,4.0,16,4804.0,18,1.0,50934.0,0.3709899085090509,8.673257906967583,156,0.503046597233564,260.82932611322303,6,6687.0,163840087.24,16.0,1.08456641727934,0.737101839389861,0.1133542694780918,0.0,True,federal,Enlace,FALTANTE,FALTANTE,No,FALTANTE,FALTANTE,Un sentido,MAÍZ GRANO,0,0,0,0,0,0,0,0,0,0,0,0,0,0,0.6931471805599453,0.6931471805599453,1.6094379124341003,2.833213344056216,8.477412321404392,2.9444389791664403,10.838305589024166,4.603102055281673,11.28474424588868,5.567692864441539,1.9459101490553132,8.808070154764538,8.808070154764538,18.91440143838949,0.0,MAÍZ GRANO
S0974,-97.62995,19.426498,9763.0,9.186355009225672,21,MEX-140D|Amozoc - Perote (Cuota),118_33,False,2.0,0,110,10.0,4,4817.0,16,1.0,50957.0,0.3712738191023804,8.670256455676272,154,0.5124668761939977,1580.6550799155452,209,13432.45,353983274.56,20.0,1.3150714289724472,0.6246068289850326,0.2958842206745605,0.0,True,federal,Carretera,Con pavimento,Asfalto,Si,Federal,Fed.,Dos sentidos,MAÍZ GRANO,0,0,0,0,0,0,0,0,0,0,0,0,0,0,1.0986122886681098,0.0,2.3978952727983707,1.6094379124341003,8.480114183174816,2.833213344056216,10.838757043008064,4.603191198731171,11.3038820380348,7.366227096689789,5.3471075307174685,9.505503144092476,9.504207030389361,19.684760225801217,0.0,MAÍZ GRANO
S0975,-97.492429,19.50822,12138.0,9.4040963063958,21,MEX-140D|Amozoc - Perote (Cuota),118_33,False,2.0,0,100,8.0,21,2818.0,8,1.0,8835.0,1.0,7.233650991501416,124,0.6683864392745107,170.81395734526532,2,15314.0,371499083.23,16.0,1.0555410229320428,0.7489878542510121,0.0923991119237299,0.0,True,federal,Carretera,Con pavimento,Asfalto,Si,Federal,Fed.,Dos sentidos,MAÍZ GRANO,0,0,0,0,0,0,0,0,0,0,0,0,0,0,1.0986122886681098,0.0,2.1972245773362196,3.091042453358316,7.9441374911141125,2.1972245773362196,9.086589564540008,4.602103077928449,11.04771035245629,5.146412248073647,1.0986122886681098,9.636588019266876,9.633678141618978,19.733056957058484,0.0,MAÍZ GRANO
S0976,-97.632708,19.127523,6203.0,8.732788324973118,21,MEX-144|San Salvador El Seco - Azumbilla,118_31,False,2.0,0,50,7.0,139,28520.0,24,0.1157784011220196,45555.0,0.2322247832290637,7.559903062348535,232,0.2634460289483523,562.220736624214,255,13735.5,315013290.91,17.0,0.929350448700991,0.7648793272905974,0.1682501547086018,0.0,False,federal,Avenida,FALTANTE,FALTANTE,No,FALTANTE,FALTANTE,Dos sentidos,MAÍZ GRANO,0,0,0,0,0,0,0,0,0,0,0,0,0,0,1.0986122886681098,0.0,2.0794415416798357,4.941642422609304,10.25839593702714,3.2188758248682006,10.726697617394242,4.6029682658725894,11.916956211540214,6.333671623456172,5.545177444479562,9.527811802613716,9.523653640800982,19.56812539243934,0.0,MAÍZ GRANO
S0977,-97.440672,18.980731,6088.0,8.714074899541522,21,MEX-144|San Salvador El Seco - Azumbilla,119_31,False,2.0,0,70,7.0,4,32754.0,21,0.1345179214752396,50785.0,0.3812739982278231,8.251093164747616,182,0.4169909486137838,969.1708762621544,11,17366.75,373933098.97,18.0,0.7510953808189539,0.7973282277916133,0.0343040580419479,0.0,False,federal,Carretera,Con pavimento,Asfalto,No,Federal,Fed.,Dos sentidos,MAÍZ GRANO,0,0,0,0,0,0,0,0,0,0,0,0,0,0,1.0986122886681098,0.0,2.0794415416798357,1.6094379124341003,10.396810901165976,3.091042453358316,10.835376005033337,4.608206684578305,11.851616666438405,6.877472217077889,2.4849066497880004,9.762370317166182,9.761448644841833,19.739587462292832,0.0,MAÍZ GRANO
S0978,-97.389151,18.86855,6192.0,8.731013415269564,21,MEX-144|San Salvador El Seco - Azumbilla,119_30,False,2.0,0,70,7.0,24,13276.0,17,0.3638897258210304,37320.0,0.55002679528403,7.356977374594058,169,0.3920755199590747,656.6858218143136,30,5449.0,112403726.43,12.0,0.6390980216857824,0.837768397871169,0.0262433474031932,0.0,False,federal,Carretera,Con pavimento,Asfalto,No,Federal,Fed.,Dos sentidos,MAÍZ GRANO,0,0,0,0,0,0,0,0,0,0,0,0,0,0,1.0986122886681098,0.0,2.0794415416798357,3.2188758248682006,9.493788493895902,2.8903717578961645,10.527311449886323,4.605216775330576,11.736924650125378,6.488727342851764,3.4339872044851463,8.60337088765729,8.603187384583098,18.537607657062622,0.0,MAÍZ GRANO
S0979,-97.391162,18.647547,4592.0,8.432070937999402,21,MEX-144|San Salvador El Seco - Azumbilla,119_29,False,2.0,0,70,7.0,8,12331.0,9,0.1019382045251804,16081.0,0.3113612337541198,7.2561442925794175,152,0.3484549313851318,681.5650512596493,7,918.95,24599616.46,7.0,0.7305543616837806,0.7399749714347896,0.0019043473529571,0.0,False,federal,Carretera,Con pavimento,Asfalto,No,Federal,Fed.,Dos sentidos,MAÍZ GRANO,0,0,0,0,0,0,0,0,0,0,0,0,0,0,1.0986122886681098,0.0,2.0794415416798357,2.1972245773362196,9.419952789006041,2.302585092994046,9.685455913108095,4.59500373982967,11.525752841275015,6.5258578357180514,2.0794415416798357,6.824319320740102,6.654088085117634,17.01824145037518,0.0,MAÍZ GRANO
S0980,-98.107808,19.046224,43867.0,10.688917607960567,21,MEX-150|Puebla - Tehuacán,116_31,False,2.0,0,50,8.0,323,41563.0,23,0.2133387869018117,1742068.0,0.0163862719480525,11.149560090653484,291,0.0382853430205362,934.5083795241984,654,3171.0,39469976.86000001,12.0,0.637206363887222,0.8571428571428571,0.0,0.0,False,federal,Avenida,FALTANTE,FALTANTE,No,FALTANTE,FALTANTE,Un sentido,MAÍZ GRANO,0,0,0,0,0,0,0,0,0,0,0,0,0,0,1.0986122886681098,0.0,2.1972245773362196,5.780743515792329,10.634989686972537,3.1780538303479458,14.370584045254231,4.610680715841063,14.593156503212347,6.841090102942012,6.484635235635252,8.06211758275474,8.060224240440958,17.491050886706518,0.0,MAÍZ GRANO
S0981,-98.079381,19.04389,41466.0,10.63262909331945,21,MEX-150|Puebla - Tehuacán,116_31,False,2.0,0,50,8.0,402,124011.0,28,0.0847747377248792,184240.0,0.101948545375597,9.16947956540861,296,0.0362137870850799,785.7559783718541,163,3171.0,39469976.86000001,12.0,0.637206363887222,0.8571428571428571,0.0,0.0,False,federal,Avenida,FALTANTE,FALTANTE,No,FALTANTE,FALTANTE,Un sentido,MAÍZ GRANO,0,0,0,0,0,0,0,0,0,0,0,0,0,0,1.0986122886681098,0.0,2.1972245773362196,5.998936561946683,11.728133614098402,3.367295829986474,12.123999962182832,4.604127574543218,14.51190346544914,6.667918134735924,5.099866427824199,8.06211758275474,8.060224240440958,17.491050886706518,0.0,MAÍZ GRANO
S0982,-98.04024125,19.04008375,27304.0,10.214788490586542,21,MEX-150|Puebla - Tehuacán,116_31,False,4.0,0,30,15.0,420,103179.0,26,0.0500295602787388,190730.0,0.0776962197871336,8.869502043128637,326,0.0389694936242084,700.8533715701626,95322,3171.0,39469976.86000001,12.0,0.637206363887222,0.8571428571428571,0.0,0.0,False,federal,Calle,FALTANTE,FALTANTE,No,FALTANTE,FALTANTE,Dos sentidos,MAÍZ GRANO,0,0,0,0,0,0,0,0,0,0,0,0,0,0,1.6094379124341003,0.0,2.772588722239781,6.042632833682381,11.544230314798641,3.295836866004329,12.158619337370412,4.604439142105806,14.497056706012403,6.553724509801756,11.465026403650693,8.06211758275474,8.060224240440958,17.491050886706518,0.0,MAÍZ GRANO
S0983,-97.90592225,18.971118250000004,20900.5,9.947528361111717,21,MEX-150|Puebla - Tehuacán,117_31,False,1.0,0,10,3.5,190,62242.0,30,0.0504643166993348,115253.0,0.2192827952417724,8.539635411237361,450,0.1483135846703237,333.21535219199114,69,4761.5,203333919.99,37.0,2.096805772513433,0.5134936469599916,0.6248136091567784,0.0,False,federal,Privada,FALTANTE,FALTANTE,No,FALTANTE,FALTANTE,Dos sentidos,MAÍZ GRANO,0,0,0,0,0,0,0,0,0,0,0,0,0,0,0.6931471805599453,0.0,1.5040773967762742,5.25227342804663,11.038801358204804,3.4339872044851463,11.654893667414967,4.604813883469858,13.129329060604853,5.8117855522456265,4.248495242049359,8.468528019434956,8.462631403423554,19.1303601165741,0.0,MAÍZ GRANO
S0984,-97.852779,18.923937,19293.0,9.867497614802971,21,MEX-150|Puebla - Tehuacán,117_31,False,2.0,0,80,7.0,21,59377.0,39,0.1384711251831517,204883.0,0.1019606311895081,8.363059137524807,448,0.20149323178021,551.2676122140911,12,4761.5,203333919.99,37.0,2.096805772513433,0.5134936469599916,0.6248136091567784,0.0,False,federal,Carretera,Con pavimento,Asfalto,No,Federal,Fed.,Un sentido,MAÍZ GRANO,0,0,0,0,0,0,0,0,0,0,0,0,0,0,1.0986122886681098,0.0,2.0794415416798357,3.091042453358316,10.99167906637632,3.6888794541139363,12.230199244306409,4.604507261733562,12.945845745207949,6.31403273353292,2.5649493574615367,8.468528019434956,8.462631403423554,19.1303601165741,0.0,MAÍZ GRANO
S0985,-97.83045275,18.91795225,21999.5,9.998775004809458,21,MEX-150|Puebla - Tehuacán,117_31,False,6.0,0,50,21.0,11,55695.0,45,0.1110333064009336,209131.0,0.1108491806571001,8.326044643883376,447,0.1877570050946142,554.7992536842131,8241,1371.7,82315544.71000001,28.0,2.514520661969091,0.3688853247794707,0.6341036669825764,0.0,False,federal,Avenida,FALTANTE,FALTANTE,No,FALTANTE,FALTANTE,Dos sentidos,MAÍZ GRANO,0,0,0,0,0,0,0,0,0,0,0,0,0,0,1.9459101490553132,0.0,3.091042453358316,2.4849066497880004,10.927663610051221,3.828641396489095,12.250720910532271,4.604443196865505,12.993804742954849,6.320407174529907,9.016998311898762,7.224534882257614,7.223806125484361,18.226070538575176,0.0,MAÍZ GRANO
S0986,-97.733128,18.87987175,22934.5,10.040397606052409,21,MEX-150|Puebla - Tehuacán,117_30,False,2.0,0,50,7.0,375,51695.0,30,0.1079021181932488,125103.0,0.1926012965316579,8.13865129392165,434,0.1799203557692759,727.1809944107936,31315,13009.89,639338627.6700001,36.0,1.897230005533404,0.4804037543745566,0.7114310728222913,0.0,False,federal,Avenida,FALTANTE,FALTANTE,No,FALTANTE,FALTANTE,Dos sentidos,MAÍZ GRANO,0,0,0,0,0,0,0,0,0,0,0,0,0,0,1.0986122886681098,0.0,2.0794415416798357,5.929589143389895,10.85313568806428,3.4339872044851463,11.736900670364296,4.604241525893256,12.961948115997359,6.590549635992325,10.351884428027805,9.473541978082986,9.472657712265828,20.27594480729649,0.0,MAÍZ GRANO
S0987,-97.5601215,18.5562685,7730.5,8.952928822542649,21,MEX-150|Puebla - Tehuacán,118_29,False,2.0,0,30,7.0,11,13319.0,19,0.0102860575118252,38020.0,0.1347448711204629,7.725342426001163,165,0.2277812236113498,196.52721319506583,3383,6205.0,325009303.97,23.0,1.441099369745087,0.6204673650282031,0.6273972602739726,0.0,False,federal,Calle,FALTANTE,FALTANTE,No,FALTANTE,FALTANTE,Dos sentidos,MAÍZ GRANO,0,0,0,0,0,0,0,0,0,0,0,0,0,0,1.0986122886681098,0.0,2.0794415416798357,2.4849066497880004,9.49702194409438,2.995732273553991,10.545893917642873,4.600838180158869,11.804235946776013,5.285876363178684,8.126813720726114,8.733271845008325,8.732627099660395,19.599364370561084,0.0,MAÍZ GRANO
S0988,-97.45987,18.489396,18919.0,9.84792198708642,21,MEX-150|Puebla - Tehuacán,119_29,False,2.0,0,80,6.0,37,13090.0,26,0.4597402597402597,354000.0,0.0349180790960452,9.346075925758464,198,0.0761612518900945,327.04201053183476,221,9923.5,312101018.58,22.0,1.588092283857028,0.4493374313498262,0.683680153171764,0.0,False,federal,Carretera,Con pavimento,Asfalto,No,Federal,Fed.,Dos sentidos,MAÍZ GRANO,0,0,0,0,0,0,0,0,0,0,0,0,0,0,1.0986122886681098,0.0,1.9459101490553132,3.6375861597263857,9.479680250180099,3.295836866004329,12.777055016970678,4.606858600779661,12.912639379749583,5.793141681072227,5.402677381872279,9.202761726452632,9.197407096564284,19.558837474073222,0.0,MAÍZ GRANO
S0989,-97.451561,18.484484,21403.0,9.971286378100563,21,MEX-150|Puebla - Tehuacán,119_29,False,2.0,0,60,7.0,49,10663.0,27,0.5794804464034512,352854.0,0.0408157481564613,9.35244161124058,202,0.0747073617843396,806.1057729884725,2,9923.5,312101018.58,22.0,1.588092283857028,0.4493374313498262,0.683680153171764,0.0,False,federal,Carretera,Con pavimento,Asfalto,No,Federal,Fed.,Un sentido,MAÍZ GRANO,0,0,0,0,0,0,0,0,0,0,0,0,0,0,1.0986122886681098,0.0,2.0794415416798357,3.912023005428146,9.274628861858545,3.332204510175204,12.773812486655913,4.606681817316029,12.911066871893185,6.693454729059637,1.0986122886681098,9.202761726452632,9.197407096564284,19.558837474073222,0.0,MAÍZ GRANO
S0990,-97.405375,18.500548,14885.0,9.608109273449877,21,MEX-150|Tehuacán - Córdoba,119_29,False,2.0,0,70,6.0,278,306992.0,23,0.0152479543440871,333851.0,0.0375197318564269,9.452167210953652,202,0.0914462689183661,713.046389765932,4002,2578.92,59239437.24,12.0,1.0525839429560169,0.7088238487428846,0.3862740992353388,0.0,False,federal,Carretera,Con pavimento,Asfalto,No,Federal,Fed.,Dos sentidos,MAÍZ GRANO,0,0,0,0,0,0,0,0,0,0,0,0,0,0,1.0986122886681098,0.0,1.9459101490553132,5.631211781821365,12.634580225006449,3.1780538303479458,12.718453059982464,4.606646466106534,12.966471849847233,6.570947931889987,8.294799358992574,7.855513669682975,7.855513669682975,17.897098064537005,0.0,MAÍZ GRANO
S0991,-97.399075,18.634173,8855.0,9.088737550216932,21,MEX-150|Tehuacán - Córdoba,119_29,False,2.0,0,60,6.0,7,12450.0,10,0.1105220883534136,14912.0,0.2573766094420601,7.322573371028543,161,0.0879831531154788,889.9654331664706,4538,918.95,24599616.46,7.0,0.7305543616837806,0.7399749714347896,0.0019043473529571,0.0,False,federal,Carretera,Con pavimento,Asfalto,No,Federal,Fed.,Dos sentidos,MAÍZ GRANO,0,0,0,0,0,0,0,0,0,0,0,0,0,0,1.0986122886681098,0.0,1.9459101490553132,2.0794415416798357,9.429556219952412,2.3978952727983707,9.609988594762783,4.5946076199075625,12.903552924644353,6.792305631169949,8.420462002456466,6.824319320740102,6.654088085117634,17.01824145037518,0.0,MAÍZ GRANO
S0992,-97.387907,18.647774,2092.0,7.645875825184813,21,MEX-150|Tehuacán - Córdoba,119_29,False,2.0,0,60,6.0,5,12331.0,9,0.1019382045251804,16022.0,0.3088253651229559,7.257748684540216,150,0.3577875702780732,869.9100513112564,7,918.95,24599616.46,7.0,0.7305543616837806,0.7399749714347896,0.0019043473529571,0.0,False,federal,Carretera,Con pavimento,Asfalto,No,Federal,Fed.,Dos sentidos,MAÍZ GRANO,0,0,0,0,0,0,0,0,0,0,0,0,0,0,1.0986122886681098,0.0,1.9459101490553132,1.791759469228055,9.419952789006041,2.302585092994046,9.68178046900788,4.594934493322197,11.500002319679739,6.769538700924155,2.0794415416798357,6.824319320740102,6.654088085117634,17.01824145037518,0.0,MAÍZ GRANO
S0993,-97.18484475,18.799927,14041.5,9.54977250947991,21,MEX-150|Tehuacán - Córdoba,120_30,False,2.0,0,40,8.0,360,0.0,0,0.2294825956519952,0.0,0.2492112922594695,9.16571748878924,30,0.7498580352072686,12430.938733074408,301,5001.0,104439330.24,9.0,0.5905063764569627,0.869626074785043,0.0,0.0,False,federal,Avenida,FALTANTE,FALTANTE,No,FALTANTE,FALTANTE,Un sentido,MAÍZ GRANO,0,1,1,1,1,0,0,0,0,0,0,0,0,0,1.0986122886681098,0.0,2.1972245773362196,5.8888779583328805,0.0,0.0,0.0,4.60540340767597,9.553149630053277,9.42802414443203,5.71042701737487,8.517593111437565,8.517593111437565,18.464116898480945,0.0,MAÍZ GRANO
S0994,-97.09034125,18.85004875,34320.5,10.443498122260344,21,MEX-150|Tehuacán - Córdoba,120_30,False,2.0,0,40,6.0,433,0.0,0,0.2294825956519952,0.0,0.2492112922594695,9.16571748878924,3,1.0,17465.678752597472,301,5001.0,104439330.24,9.0,0.5905063764569627,0.869626074785043,0.0,0.0,False,federal,Avenida,FALTANTE,FALTANTE,No,FALTANTE,FALTANTE,Un sentido,MAÍZ GRANO,0,1,1,1,1,0,0,0,0,0,0,0,0,0,1.0986122886681098,0.0,1.9459101490553132,6.073044534100405,0.0,0.0,0.0,4.60540340767597,7.526178913346146,9.768050273583388,5.71042701737487,8.517593111437565,8.517593111437565,18.464116898480945,0.0,MAÍZ GRANO
S0995,-97.0021845,18.89666625,18310.5,9.815229944777965,21,MEX-150|Tehuacán - Córdoba,121_31,False,2.0,0,10,8.0,214,0.0,0,0.2294825956519952,0.0,0.2492112922594695,9.16571748878924,0,0.217280653216424,26048.262844935623,301,5001.0,104439330.24,9.0,0.5905063764569627,0.869626074785043,0.0,0.0,False,federal,Privada,FALTANTE,FALTANTE,No,FALTANTE,FALTANTE,Dos sentidos,MAÍZ GRANO,0,1,1,1,1,1,0,0,0,0,0,0,0,0,1.0986122886681098,0.0,2.1972245773362196,5.3706380281276624,0.0,0.0,0.0,4.60540340767597,0.0,10.167744749081917,5.71042701737487,8.517593111437565,8.517593111437565,18.464116898480945,0.0,MAÍZ GRANO
S0996,-96.9797165,18.9026585,21923.0,9.995291593011164,21,MEX-150|Tehuacán - Córdoba,121_31,False,2.0,0,40,7.0,223,0.0,0,0.2294825956519952,0.0,0.2492112922594695,9.16571748878924,0,0.217280653216424,27315.72956901613,1735,3689.5,125364773.45,12.0,1.269451556717267,0.664046618783033,0.0,0.0,False,federal,Boulevard,FALTANTE,FALTANTE,No,FALTANTE,FALTANTE,Un sentido,MAÍZ GRANO,0,1,1,1,1,1,0,0,0,0,0,0,0,0,1.0986122886681098,0.0,2.0794415416798357,5.4116460518550396,0.0,0.0,0.0,4.60540340767597,0.0,10.215254598210775,7.459338895220296,8.213517229210106,8.188272370947859,18.646738241199362,0.0,MAÍZ GRANO
S0997,-97.792492,18.970743,34819.0,10.45791849378284,21,MEX-150D|Acatzingo - Cd. Mendoza (Cuota),117_31,False,2.0,0,110,11.0,129,71284.0,45,0.0872566073733236,174751.0,0.1358161040566291,7.735267796726802,466,0.1941691990213066,1213.0561641209208,31599,10041.0,766938274.62,33.0,1.7944749885618982,0.4415894831192112,0.1843441888258141,0.0,True,federal,Carretera,Con pavimento,Asfalto,Si,Federal,Fed.,Un sentido,TUNA,0,0,0,0,0,0,0,0,0,0,0,0,0,0,1.0986122886681098,0.0,2.4849066497880004,4.867534450455582,11.174441205588062,3.828641396489095,12.07112310495188,4.6026241584060354,13.037652624675324,7.10172223424035,10.360912399575003,9.21453157659465,9.205930663487482,20.45791688102153,0.0,TUNA
S0998,-97.68355475,18.931784,34167.5,10.439030178838957,21,MEX-150D|Acatzingo - Cd. Mendoza (Cuota),118_31,False,2.0,0,110,11.0,16,28693.0,34,0.1897326874150489,165639.0,0.0979781331691208,7.541763966294717,402,0.177825938476896,227.89220188307047,1055,8832.749999999998,501767780.2199999,33.0,2.492994779549932,0.3407772211372449,0.5834592850471259,0.0,True,federal,Carretera,Con pavimento,Asfalto,Si,Federal,Fed.,Un sentido,MAÍZ GRANO,0,0,0,0,0,0,0,0,0,0,0,0,0,0,1.0986122886681098,0.0,2.4849066497880004,2.833213344056216,10.264443320658335,3.5553480614894135,12.017572037659503,4.60447828212245,12.849690764002844,5.433251158589081,6.962243464266207,9.086334892005064,9.08406828103325,20.033647983418376,0.0,MAÍZ GRANO
S0999,-97.4903275,18.829547,21244.0,9.96382978154229,21,MEX-150D|Acatzingo - Cd. Mendoza (Cuota),118_30,False,2.0,0,60,6.0,13,15273.0,21,0.0452432397040529,38456.0,0.2943103806948201,7.179192287649818,215,0.3031775744398842,835.0479527384265,98,19288.4,546123438.28,36.0,1.794368889298625,0.5723647373550942,0.3518073038717571,0.0,True,federal,Carretera,Con pavimento,Asfalto,No,Estatal,Pue.,Dos sentidos,MAÍZ GRANO,0,0,0,0,0,0,0,0,0,0,0,0,0,0,1.0986122886681098,0.0,1.9459101490553132,2.6390573296152584,9.63390731544833,3.091042453358316,10.557296012980244,4.6008722019431625,12.055360214811047,6.728685971174655,4.59511985013459,9.867311001216962,9.866973971791104,20.11835558742451,0.0,MAÍZ GRANO
S1000,-97.386004,18.870672,13910.0,9.540363284917488,21,MEX-150D|Acatzingo - Cd. Mendoza (Cuota),119_30,False,1.0,0,40,4.0,23,13031.0,16,0.3519300130458138,36608.0,0.5412751311188811,7.367902700632064,167,0.3970202971332915,325.00894379828964,30,5449.0,112403726.43,12.0,0.6390980216857824,0.837768397871169,0.0262433474031932,0.0,True,federal,Enlace,FALTANTE,FALTANTE,No,FALTANTE,FALTANTE,Un sentido,MAÍZ GRANO,0,0,0,0,0,0,0,0,0,0,0,0,0,0,0.6931471805599453,0.0,1.6094379124341003,3.1780538303479458,9.475163150281881,2.833213344056216,10.508049390799949,4.605311021140778,11.690870793363203,5.786924815954454,3.4339872044851463,8.60337088765729,8.603187384583098,18.537607657062622,0.0,MAÍZ GRANO
S1001,-97.256787,18.830679,22672.0,10.02888596193046,21,MEX-150D|Acatzingo - Cd. Mendoza (Cuota),119_30,False,2.0,0,110,11.0,0,0.0,0,0.2294825956519952,4749.0,1.0,6.547718743411344,76,0.7179982564851684,6615.455711199267,1143,5449.0,112403726.43,12.0,0.6390980216857824,0.837768397871169,0.0262433474031932,0.0,True,federal,Carretera,Con pavimento,Asfalto,Si,Federal,Fed.,Un sentido,MAÍZ GRANO,0,1,0,0,0,0,0,0,0,0,0,0,0,0,1.0986122886681098,0.0,2.4849066497880004,0.0,0.0,0.0,8.465899897028686,4.596986401047207,10.65594083899348,8.797315114500574,7.042286171939743,8.60337088765729,8.603187384583098,18.537607657062622,0.0,MAÍZ GRANO
S1002,-97.1950395,18.8141135,22161.0,10.006089266196849,21,MEX-150D|Acatzingo - Cd. Mendoza (Cuota),120_30,False,2.0,0,110,11.0,300,0.0,0,0.2294825956519952,0.0,0.2492112922594695,9.16571748878924,36,0.511409560354329,10532.429929114332,301,5001.0,104439330.24,9.0,0.5905063764569627,0.869626074785043,0.0,0.0,True,federal,Carretera,Con pavimento,Asfalto,Si,Federal,Fed.,Un sentido,MAÍZ GRANO,0,1,1,1,1,0,0,0,0,0,0,0,0,0,1.0986122886681098,0.0,2.4849066497880004,5.707110264748875,0.0,0.0,0.0,4.60540340767597,10.10634676054763,9.262309281350383,5.71042701737487,8.517593111437565,8.517593111437565,18.464116898480945,0.0,MAÍZ GRANO
S1003,-98.258008,19.1212855,13114.0,9.481435640823564,21,MEX-150D|Libramiento Elevado de Puebla (Cuota),115_31,False,2.0,1,80,7.0,64,153212.0,33,0.0762472913348823,375389.0,0.0521432434088372,11.040611550563357,296,0.0375472286793798,2184.728411457432,277,1207.65,31125997.130000003,22.0,1.3530030042355712,0.7245476752370307,0.221338964103838,0.0,True,federal,Carretera,Con pavimento,Asfalto,Si,Estatal,Pue.,Un sentido,MAÍZ GRANO,0,0,0,0,0,0,0,0,0,0,0,0,0,0,1.0986122886681098,0.6931471805599453,2.0794415416798357,4.174387269895637,11.939584389085395,3.5263605246161616,12.83572076452721,4.609460035037595,14.662806561206896,7.689704421062632,5.627621113690637,7.09725931325211,7.0964316014141,17.2535539806687,0.0,MAÍZ GRANO
S1004,-98.21405,19.0888765,14261.0,9.565283817736766,21,MEX-150D|Libramiento Elevado de Puebla (Cuota),115_31,False,2.0,2,50,7.0,452,39234.0,5,0.0075444767293673,1846232.0,0.0111286122220825,11.40283319620385,309,0.0373925969658313,3497.83580401933,3855,1207.65,31125997.130000003,22.0,1.3530030042355712,0.7245476752370307,0.221338964103838,0.0,True,federal,Carretera,Con pavimento,Asfalto,Si,Estatal,Pue.,Un sentido,MAÍZ GRANO,0,0,0,0,0,0,0,0,0,0,0,0,0,0,1.0986122886681098,1.0986122886681098,2.0794415416798357,6.115892125483034,10.577324484561574,1.791759469228055,14.428657904931576,4.610158339427992,14.678959850323972,8.160185564721685,8.257385655730436,7.09725931325211,7.0964316014141,17.2535539806687,0.0,MAÍZ GRANO
S1005,-98.1606585,19.080045,12606.0,9.441928170073057,21,MEX-150D|Libramiento Elevado de Puebla (Cuota),116_31,False,2.0,2,50,7.0,250,25249.0,16,0.251217870014654,1647521.0,0.0126632680251116,11.25040215770919,287,0.0350165882311951,1654.4459212659028,501,7537.150000000001,77685324.42999999,9.0,0.3564393591950904,0.9224972303854904,0.0348341216507565,0.0,True,federal,Carretera,Con pavimento,Asfalto,Si,Estatal,Pue.,Un sentido,MAÍZ GRANO,0,0,0,0,0,0,0,0,0,0,0,0,0,0,1.0986122886681098,1.0986122886681098,2.0794415416798357,5.5254529391317835,10.136581434703507,2.833213344056216,14.31478289883565,4.610924913027891,14.659162637705165,7.411825690350401,6.218600119691729,8.927732072806595,8.925407849378708,18.16817693559646,0.0,MAÍZ GRANO
S1006,-98.14055,19.073876499999997,100493.0,11.51784335231418,21,MEX-150D|Puebla - Acatzingo (Cuota),116_31,False,2.0,0,110,7.0,547,59890.0,26,0.1383870429120053,1653317.0,0.0148217190048853,11.226276345371836,286,0.0336091867638617,2522.27569485893,10,7537.150000000001,77685324.42999999,9.0,0.3564393591950904,0.9224972303854904,0.0348341216507565,0.0,True,federal,Carretera,Con pavimento,Asfalto,Si,Federal,Fed.,Un sentido,MAÍZ GRANO,0,0,0,0,0,0,0,0,0,0,0,0,0,0,1.0986122886681098,0.0,2.0794415416798357,6.306275286948016,11.000281522397454,3.295836866004329,14.318294735796446,4.610869839159216,14.657317801033308,7.833313215306565,2.3978952727983707,8.927732072806595,8.925407849378708,18.16817693559646,0.0,MAÍZ GRANO
S1007,-98.032372,19.049719,33964.0,10.433056419119254,21,MEX-150D|Puebla - Acatzingo (Cuota),116_31,False,4.0,1,110,20.0,314,110124.0,31,0.0464203988231448,208022.0,0.0675745834575189,8.587909643102758,321,0.0367261615340661,533.1800283740246,9,3171.0,39469976.86000001,12.0,0.637206363887222,0.8571428571428571,0.0,0.0,True,federal,Carretera,Con pavimento,Asfalto,Si,Federal,Fed.,Un sentido,MAÍZ GRANO,0,0,0,0,0,0,0,0,0,0,0,0,0,0,1.6094379124341003,0.6931471805599453,3.044522437723423,5.752572638825633,11.60937136323848,3.4657359027997265,12.245403929493355,4.603988155628432,14.494725128914055,6.280732913930606,2.302585092994046,8.06211758275474,8.060224240440958,17.491050886706518,0.0,MAÍZ GRANO
S1008,-98.02995575,19.04885025,40128.5,10.599842084042557,21,MEX-150D|Puebla - Acatzingo (Cuota),116_31,False,4.0,1,110,20.0,288,110177.0,32,0.0468791127004728,208012.0,0.0675297578985827,8.587909643102758,320,0.0366890421148221,298.3200343535637,9,3171.0,39469976.86000001,12.0,0.637206363887222,0.8571428571428571,0.0,0.0,True,federal,Carretera,Con pavimento,Asfalto,Si,Federal,Fed.,Un sentido,MAÍZ GRANO,0,0,0,0,0,0,0,0,0,0,0,0,0,0,1.6094379124341003,0.6931471805599453,3.044522437723423,5.666426688112432,11.609852518747234,3.4965075614664802,12.245355856730411,4.60400820906993,14.494686595027046,5.70151334998418,2.302585092994046,8.06211758275474,8.060224240440958,17.491050886706518,0.0,MAÍZ GRANO
S1009,-97.8133695,18.977834,41918.0,10.643470607933104,21,MEX-150D|Puebla - Acatzingo (Cuota),117_31,False,2.0,0,110,11.0,61,75883.0,43,0.1317554656510681,173566.0,0.1458350137699779,8.078916967300643,474,0.1755417447217862,140.13864093730592,31,2949.73,234039945.12,38.0,3.1626734267047545,0.1301814064338091,0.8752326484118885,0.0,True,federal,Carretera,Con pavimento,Asfalto,Si,Federal,Fed.,Un sentido,MAÍZ GRANO,0,0,0,0,0,0,0,0,0,0,0,0,0,0,1.0986122886681098,0.0,2.4849066497880004,4.127134385045092,11.236961137472436,3.784189633918261,12.064318970972682,4.603310227885146,13.069015341902404,4.949742676344702,3.4657359027997265,7.9898078763483955,7.988451359945273,19.271002368667226,0.0,MAÍZ GRANO
S1010,-98.2606455,19.034172,61624.0,11.0288066840328,21,MEX-190|Puebla - Huajuapan de León,115_31,False,3.0,0,50,10.5,462,167741.0,8,0.0043281010605636,1963646.0,0.0125740586643417,11.410023237527971,371,0.048516750792022,1665.336158368203,99736,1644.65,49572900.870000005,29.0,1.5960415393981076,0.6530264797981333,0.2480162952603897,0.0,False,federal,Boulevard,FALTANTE,FALTANTE,No,FALTANTE,FALTANTE,Un sentido,MAÍZ GRANO,0,0,0,0,0,0,0,0,0,0,0,0,0,0,1.3862943611198906,0.0,2.4423470353692043,6.137727054086234,12.03018236368182,2.1972245773362196,14.49031401650802,4.610098081432177,14.65517636820781,7.418382578104017,11.510292000444426,7.40589072193161,7.4002234307118755,17.71895490913463,0.0,MAÍZ GRANO
S1011,-98.29677725,19.02419375,38151.0,10.549307248688857,21,MEX-190|Puebla - Huajuapan de León,115_31,False,2.0,0,10,6.0,154,267017.0,21,0.0114075133792979,442601.0,0.0629528627364149,11.18841127661882,401,0.0506689435753565,884.1143024269143,287,1644.65,49572900.870000005,29.0,1.5960415393981076,0.6530264797981333,0.2480162952603897,0.0,False,federal,Camino,Sin pavimento,Grava,No,N/D,N/D,Dos sentidos,MAÍZ GRANO,1,0,0,0,0,0,0,0,0,0,0,0,0,0,1.0986122886681098,0.0,1.9459101490553132,5.043425116919247,12.495071350840385,3.091042453358316,13.000426225341702,4.605019878506193,14.715458877089011,6.785716791952753,5.662960480135946,7.40589072193161,7.4002234307118755,17.71895490913463,0.0,MAÍZ GRANO
S1012,-98.321082,19.0119855,33425.0,10.417059401970144,21,MEX-190|Puebla - Huajuapan de León,115_31,False,2.0,0,60,7.0,92,86745.0,30,0.087324917862701,407848.0,0.0676722700613954,11.08738934363919,423,0.0492918369227933,32.88712048848854,386,1644.65,49572900.870000005,29.0,1.5960415393981076,0.6530264797981333,0.2480162952603897,0.0,False,federal,Carretera,Con pavimento,Asfalto,No,Federal,Fed.,Un sentido,MAÍZ GRANO,0,0,0,0,0,0,0,0,0,0,0,0,0,0,1.0986122886681098,0.0,2.0794415416798357,4.532599493153256,11.370739587235944,3.4339872044851463,12.918652286843901,4.604039632485579,14.707990448373607,3.523035015602753,5.958424693029782,7.40589072193161,7.4002234307118755,17.71895490913463,0.0,MAÍZ GRANO
S1013,-98.3725945,18.976681,18434.5,9.821979187978757,21,MEX-190|Puebla - Huajuapan de León,115_31,False,2.0,0,70,7.0,34,24297.0,27,0.2769477713297938,212495.0,0.1869785171415798,9.34408046545126,397,0.044181825119036,1573.7427296888868,51,539.0,11372582.819999998,8.0,1.0916831553005395,0.6920222634508348,0.3228200371057514,0.0,False,federal,Carretera,Con pavimento,Asfalto,No,Federal,Fed.,Dos sentidos,MAÍZ GRANO,0,0,0,0,0,0,0,0,0,0,0,0,0,0,1.0986122886681098,0.0,2.0794415416798357,3.5553480614894135,10.098149321414688,3.332204510175204,12.266678443640032,4.607237341130259,14.639770207911432,7.361847191688007,3.9512437185814275,6.29156913955832,6.29156913955832,16.246716088810214,0.0,MAÍZ GRANO
S1014,-98.4236725,18.898815749999997,21036.5,9.954014303204096,21,MEX-190|Puebla - Huajuapan de León,115_30,False,2.0,0,30,7.0,134,113282.0,76,0.1808495612718702,154609.0,0.2560264926362631,9.211269723131885,340,0.3064935926628525,254.25394043569324,12,11997.6,1019689023.35,60.0,2.6046698546568603,0.3893278655731146,0.497291124891645,0.0,False,federal,Calle,FALTANTE,FALTANTE,No,FALTANTE,FALTANTE,Dos sentidos,MAÍZ GRANO,0,0,0,0,0,0,0,0,0,0,0,0,0,0,1.0986122886681098,0.0,2.0794415416798357,4.90527477843843,11.637644391627724,4.343805421853684,11.94866109609664,4.6068362808609375,12.711606291449087,5.542258894479753,2.5649493574615367,9.392545255297385,9.381609407394762,20.742763539669582,0.0,MAÍZ GRANO
S1015,-98.4487425,18.735542,14599.0,9.58870831219998,21,MEX-190|Puebla - Huajuapan de León,114_30,False,2.0,0,90,7.0,32,10339.0,15,0.5021762259406132,33480.0,0.6164874551971327,7.329400113694162,261,0.3123869835871313,1455.540733062005,5147,2821.7699999999995,145761811.23,13.0,1.6066950274398322,0.4341246806082707,0.6284247121487578,0.0,False,federal,Carretera,Con pavimento,Asfalto,No,Federal,Fed.,Un sentido,CAÑA DE AZÚCAR,0,0,0,0,0,0,0,0,0,0,0,0,0,0,1.0986122886681098,0.0,2.0794415416798357,3.4965075614664802,9.24377514806242,2.772588722239781,10.41873339273561,4.604787011977641,12.468125322997938,7.283819542408715,8.546363568716018,7.945473951324699,7.896571302660516,18.79748442437064,0.0,CAÑA DE AZÚCAR
S1016,-98.468891,18.634649,9564.0,9.165761328578215,21,MEX-190|Puebla - Huajuapan de León,114_29,False,2.0,0,80,11.0,17,55095.0,20,0.0261548234867047,90958.0,0.2067327777655621,8.740707632343874,205,0.3585359398911505,368.8138323511254,10,13656.45,659772173.24,22.0,1.478414564491214,0.4496043993863705,0.6221931761182445,0.0,False,federal,Carretera,Con pavimento,Asfalto,No,Federal,Fed.,Dos sentidos,CAÑA DE AZÚCAR,0,0,0,0,0,0,0,0,0,0,0,0,0,0,1.0986122886681098,0.0,2.4849066497880004,2.8903717578961645,10.916832397224534,3.044522437723423,11.418164134520538,4.604400399111744,12.065769806897006,5.912999723205141,2.3978952727983707,9.522040439271043,9.480077390773086,20.30740514284732,0.0,CAÑA DE AZÚCAR
S1017,-98.452037,18.582713,12462.0,9.430439293104168,21,MEX-190|Puebla - Huajuapan de León,114_29,False,2.0,0,90,12.0,52,60190.0,19,0.06045854793155,83251.0,0.1579440487201354,8.91954054086553,192,0.3541272554110295,1073.3294526182362,260,13656.45,659772173.24,22.0,1.478414564491214,0.4496043993863705,0.6221931761182445,0.0,False,federal,Carretera,Con pavimento,Asfalto,No,Federal,Fed.,Dos sentidos,CAÑA DE AZÚCAR,0,0,0,0,0,0,0,0,0,0,0,0,0,0,1.0986122886681098,0.0,2.5649493574615367,3.970291913552122,11.005278118459296,2.995732273553991,11.329627431578142,4.604496084628774,11.94014554168142,6.979451980933143,5.564520407322694,9.522040439271043,9.480077390773086,20.30740514284732,0.0,CAÑA DE AZÚCAR
S1018,-98.28303,18.338373,7933.0,8.978786553302003,21,MEX-190|Puebla - Huajuapan de León,115_28,False,2.0,0,90,8.0,122,6897.0,10,0.036682615629984,11677.0,0.4310182409865548,7.312789518900344,113,0.7248861283643893,1035.7412220093602,6644,4703.349999999999,47064641.64,9.0,0.4369631857208407,0.8991463531312789,0.0406837679526295,0.0,False,federal,Carretera,Con pavimento,Asfalto,No,Federal,Fed.,Dos sentidos,MAÍZ GRANO,0,0,0,0,0,0,0,0,0,0,0,0,0,0,1.0986122886681098,0.0,2.1972245773362196,4.812184355372417,8.838986793496787,2.3978952727983707,9.365462008843483,4.577520425810983,10.092081066090932,6.943837632256174,8.801619971147346,8.45624289157247,8.45604093042273,17.6670325900312,0.0,MAÍZ GRANO
S1019,-98.058744,18.182001,8630.0,9.062999784077473,21,MEX-190|Puebla - Huajuapan de León,116_27,False,2.0,0,90,8.0,15,24925.0,26,0.2240320962888666,37253.0,0.4808203366171852,8.91335178715399,175,0.5980895099946931,879.0127739054129,44,5600.65,56581627.57,9.0,0.6720576623760638,0.7218804960138556,0.043503879014043,0.0,False,federal,Carretera,Con pavimento,Asfalto,No,Federal,Fed.,Dos sentidos,MAÍZ GRANO,0,0,0,0,0,0,0,0,0,0,0,0,0,0,1.0986122886681098,0.0,2.1972245773362196,2.772588722239781,10.123666714386323,3.295836866004329,10.525514600592947,4.603067202611803,11.037853010910055,6.779936423168505,3.8066624897703196,8.630816476181701,8.630245052696718,17.851194906915858,0.0,MAÍZ GRANO
S1020,-97.864127,17.966459,2380.0,7.77485576666552,21,MEX-190|Puebla - Huajuapan de León,117_26,False,2.0,0,90,8.0,5,3434.0,12,1.0,7869.0,1.0,6.8777029096477795,46,0.8189377682403434,472.1071398316882,2064,1014.4,7906401.109999999,5.0,0.2018801852678231,0.9611593059936908,0.039333596214511,0.0,False,federal,Carretera,Con pavimento,Asfalto,No,Federal,Fed.,Dos sentidos,MAÍZ GRANO,0,0,0,0,0,0,0,0,0,0,0,0,0,0,1.0986122886681098,0.0,2.1972245773362196,1.791759469228055,8.14177220465645,2.5649493574615367,8.970813341411448,4.5894859066608085,9.609988594762783,6.159321874114196,7.632885505395133,6.923037902513294,6.923037902513294,15.883183382916483,0.0,MAÍZ GRANO
S1021,-97.839182,17.884402,2435.0,7.79770203551669,21,MEX-190|Puebla - Huajuapan de León,117_26,False,2.0,0,90,8.0,1,0.0,0,0.2294825956519952,2686.0,1.0,7.976063670411984,30,1.0,5547.843847743192,53,1014.4,7906401.109999999,5.0,0.2018801852678231,0.9611593059936908,0.039333596214511,0.0,False,federal,Carretera,Con pavimento,Asfalto,No,Federal,Fed.,Dos sentidos,MAÍZ GRANO,0,1,0,0,0,0,0,0,0,0,0,0,0,0,1.0986122886681098,0.0,2.1972245773362196,0.6931471805599453,0.0,0.0,7.8961806086154915,4.582246109118613,9.100971834920818,8.621344869317799,3.9889840465642745,6.923037902513294,6.923037902513294,15.883183382916483,0.0,MAÍZ GRANO
S1022,-97.792783,17.841229,3600.0,8.1886891244442,21,MEX-190|Puebla - Huajuapan de León,117_26,False,2.0,0,100,8.0,5,0.0,0,0.2294825956519952,0.0,0.2492112922594695,9.16571748878924,18,1.0,10899.262054935332,53,1014.4,7906401.109999999,5.0,0.2018801852678231,0.9611593059936908,0.039333596214511,0.0,False,federal,Carretera,Con pavimento,Asfalto,No,Federal,Fed.,Dos sentidos,MAÍZ GRANO,0,1,1,1,1,0,0,0,0,0,0,0,0,0,1.0986122886681098,0.0,2.1972245773362196,1.791759469228055,0.0,0.0,0.0,4.60540340767597,8.399984990510696,9.296542109665424,3.9889840465642745,6.923037902513294,6.923037902513294,15.883183382916483,0.0,MAÍZ GRANO
S1023,-97.06386,18.131729,1973.0,7.587310506022615,21,OAX-PUE-MEX-182|Teotitlán de Flores Magón - Tuxtepec,120_27,False,2.0,0,30,8.0,175,0.0,0,0.2294825956519952,2502.0,1.0,8.228585131894482,71,0.6759705488621152,5373.337690750659,2045,5250.4,131180394.7,12.0,1.361890471033246,0.438061861953375,0.4062547615419777,0.0,False,estatal,Calle,FALTANTE,FALTANTE,No,FALTANTE,FALTANTE,Dos sentidos,MAÍZ GRANO,0,1,0,0,0,0,0,0,0,0,0,0,0,0,1.0986122886681098,0.0,2.1972245773362196,5.170483995038151,0.0,0.0,7.8252452914317745,4.601506426464513,10.304978105888882,8.589390625078156,7.6236419465115715,8.5662499867031,8.564916119625247,18.69208400029124,0.0,MAÍZ GRANO
S1024,-96.853951,18.146106,1664.0,7.416979621381154,21,OAX-PUE-MEX-182|Teotitlán de Flores Magón - Tuxtepec,121_27,False,2.0,0,100,8.0,7,0.0,0,0.2294825956519952,0.0,0.2492112922594695,9.16571748878924,47,1.0,11333.820515991614,56,7954.7,97080003.52,9.0,0.832413027635339,0.6025368649980515,0.0033942197694444,0.0,False,estatal,Carretera,Con pavimento,Asfalto,No,Federal,Fed.,Dos sentidos,MAÍZ GRANO,0,1,1,1,1,0,0,0,0,0,0,0,0,0,1.0986122886681098,0.0,2.1972245773362196,2.0794415416798357,0.0,0.0,0.0,4.60540340767597,9.163353580751846,9.335634728320596,4.04305126783455,8.981643931872272,8.979693742840823,18.391045985382213,0.0,MAÍZ GRANO
S1025,-96.52214,18.082051,4998.0,8.516793111394898,21,OAX-PUE-MEX-182|Teotitlán de Flores Magón - Tuxtepec,123_27,False,2.0,0,80,8.0,1,0.0,0,0.2294825956519952,0.0,0.2492112922594695,9.16571748878924,0,0.217280653216424,39806.37435496225,149,7954.7,97080003.52,9.0,0.832413027635339,0.6025368649980515,0.0033942197694444,0.0,False,estatal,Carretera,Con pavimento,Asfalto,No,Federal,Fed.,Dos sentidos,MAÍZ GRANO,0,1,1,1,1,1,0,0,0,0,0,0,0,0,1.0986122886681098,0.0,2.1972245773362196,0.6931471805599453,0.0,0.0,0.0,4.60540340767597,0.0,10.591807459409887,5.0106352940962555,8.981643931872272,8.979693742840823,18.391045985382213,0.0,MAÍZ GRANO
S1026,-96.171486,18.089716,6764.0,8.81936971001847,21,OAX-PUE-MEX-182|Teotitlán de Flores Magón - Tuxtepec,124_27,False,2.0,0,80,8.0,1,0.0,0,0.2294825956519952,0.0,0.2492112922594695,9.16571748878924,0,0.217280653216424,70700.30349639643,53,7954.7,97080003.52,9.0,0.832413027635339,0.6025368649980515,0.0033942197694444,0.0,False,estatal,Carretera,Con pavimento,Asfalto,No,Federal,Fed.,Dos sentidos,MAÍZ GRANO,0,1,1,1,1,1,0,0,0,0,0,0,0,0,1.0986122886681098,0.0,2.1972245773362196,0.6931471805599453,0.0,0.0,0.0,4.60540340767597,0.0,11.166219288721726,3.9889840465642745,8.981643931872272,8.979693742840823,18.391045985382213,0.0,MAÍZ GRANO
S1027,-97.396846,18.634813,1426.0,7.262628600974241,21,PUE|Azumbilla - Alcomunga,119_29,False,2.0,0,40,6.0,9,12450.0,10,0.1105220883534136,15939.0,0.3052261747913922,7.30313102058805,160,0.087980882920333,820.9337117110173,4538,918.95,24599616.46,7.0,0.7305543616837806,0.7399749714347896,0.0019043473529571,0.0,False,estatal,Carretera,Con pavimento,Asfalto,No,Estatal,Pue.,Dos sentidos,MAÍZ GRANO,0,0,0,0,0,0,0,0,0,0,0,0,0,0,1.0986122886681098,0.0,1.9459101490553132,2.302585092994046,9.429556219952412,2.3978952727983707,9.676586952344206,4.594205289300687,12.903550435450565,6.711659749117056,8.420462002456466,6.824319320740102,6.654088085117634,17.01824145037518,0.0,MAÍZ GRANO
S1028,-98.288398,19.0597125,77411.0,11.25688416834294,21,PUE|Cholula - Puebla (Vía Quetzalcóatl),115_31,False,2.0,0,50,7.0,388,320485.0,25,0.020259918560931,1992526.0,0.0123777556729498,11.35839631916928,382,0.0463250227753307,1610.596428200926,46996,1644.65,49572900.870000005,29.0,1.5960415393981076,0.6530264797981333,0.2480162952603897,0.0,False,estatal,Boulevard,FALTANTE,FALTANTE,No,FALTANTE,FALTANTE,Un sentido,MAÍZ GRANO,0,0,0,0,0,0,0,0,0,0,0,0,0,0,1.0986122886681098,0.0,2.0794415416798357,5.963579343618446,12.677593872641516,3.258096538021482,14.504914240370255,4.609997240382891,14.688033711342102,7.384980537008535,10.757839048867755,7.40589072193161,7.4002234307118755,17.71895490913463,0.0,MAÍZ GRANO
S1029,-98.2448285,19.059773,89034.0,11.396773598234182,21,PUE|Cholula - Puebla (Vía Quetzalcóatl),115_31,False,2.0,1,30,7.0,425,196820.0,5,0.0,1944984.0,0.0080082920990609,11.442778300494714,341,0.0440854539596423,2711.2473780693053,20283,2461.0,73443737.01,28.0,1.3997511538751464,0.7334416903697684,0.2058512799674929,0.0,False,estatal,Calle,FALTANTE,FALTANTE,No,FALTANTE,FALTANTE,Dos sentidos,MAÍZ GRANO,0,0,0,0,0,0,0,0,0,0,0,0,0,0,1.0986122886681098,0.6931471805599453,2.0794415416798357,6.054439346269371,12.190049965224542,1.791759469228055,14.480764822922684,4.61017679459458,14.659087791108393,7.905532861002602,9.91758767691491,7.808729306744399,7.808729306744399,18.112030201810185,0.0,MAÍZ GRANO
S1030,-97.499063,18.825674,2342.0,7.758760544157663,21,PUE|Cuacnopalan - Santa Catarina Los Reyes,118_30,False,2.0,0,60,6.0,11,15432.0,25,0.055080352514256,36147.0,0.2492323014358038,7.1605515368199315,217,0.3141577259152748,604.9987348414921,102,19288.4,546123438.28,36.0,1.794368889298625,0.5723647373550942,0.3518073038717571,0.0,False,estatal,Carretera,Con pavimento,Asfalto,No,Estatal,Pue.,Dos sentidos,MAÍZ GRANO,0,0,0,0,0,0,0,0,0,0,0,0,0,0,1.0986122886681098,0.0,1.9459101490553132,2.4849066497880004,9.64426335290083,3.258096538021482,10.495376901021846,4.600116416212906,12.10526287063775,6.406877898346825,4.634728988229636,9.867311001216962,9.866973971791104,20.11835558742451,0.0,MAÍZ GRANO
S1031,-97.439315,18.882533,654.0,6.483107351457199,21,PUE|Cuacnopalan - Santa Catarina Los Reyes,119_30,False,2.0,0,60,6.0,4,5315.0,15,1.0,31373.0,0.5770567048098684,7.379857471558225,202,0.3735561631605379,470.91399101689825,757,5449.0,112403726.43,12.0,0.6390980216857824,0.837768397871169,0.0262433474031932,0.0,False,estatal,Carretera,Con pavimento,Asfalto,No,Estatal,Pue.,Dos sentidos,MAÍZ GRANO,0,0,0,0,0,0,0,0,0,0,0,0,0,0,1.0986122886681098,0.0,1.9459101490553132,1.6094379124341003,8.578476419833136,2.772588722239781,10.353734803416186,4.604307113129966,11.873177005256094,6.156796746559207,6.630683385642372,8.60337088765729,8.603187384583098,18.537607657062622,0.0,MAÍZ GRANO
S1032,-97.832861,18.917292,9181.0,9.1248914101437,21,PUE|Cuapiaxtla - Acatlán de Osorio,117_31,False,2.0,0,50,8.0,13,66225.0,43,0.0919592298980747,197204.0,0.1170310947039613,8.32851180982374,447,0.1868341298917758,633.0022942892142,10,1371.7,82315544.71000001,28.0,2.514520661969091,0.3688853247794707,0.6341036669825764,0.0,False,estatal,Avenida,FALTANTE,FALTANTE,No,FALTANTE,FALTANTE,Dos sentidos,MAÍZ GRANO,0,0,0,0,0,0,0,0,0,0,0,0,0,0,1.0986122886681098,0.0,2.1972245773362196,2.6390573296152584,11.100828414064017,3.784189633918261,12.191999075798813,4.604346446341911,12.99266918473105,6.452052573183382,2.3978952727983707,7.224534882257614,7.223806125484361,18.226070538575176,0.0,MAÍZ GRANO
S1033,-97.903572,18.744027,5643.0,8.63817111796914,21,PUE|Cuapiaxtla - Acatlán de Osorio,117_30,False,2.0,0,80,8.0,2,7859.0,13,0.6301056114009416,26222.0,0.4988177865914118,7.843400091729094,224,0.4182293904010622,1103.909991732631,1764,4233.53,48912077.73,16.0,1.0580717789776366,0.6739057004438377,0.2012575793722968,0.0,False,estatal,Carretera,Con pavimento,Asfalto,No,Estatal,Pue.,Dos sentidos,MAÍZ GRANO,0,0,0,0,0,0,0,0,0,0,0,0,0,0,1.0986122886681098,0.0,2.1972245773362196,1.0986122886681098,8.969541885423252,2.6390573296152584,10.174392167248598,4.600237074964958,11.760066753358387,7.007519155188596,7.475905969367397,8.351027620998265,8.2382805548157,17.705534932736906,0.0,MAÍZ GRANO
S1034,-97.926683,18.579535,4296.5,8.365556016753278,21,PUE|Cuapiaxtla - Acatlán de Osorio,117_29,False,2.0,0,40,8.0,12,9441.0,17,0.3959326342548458,20055.0,0.7156320119670905,7.8868820533306705,137,0.7964801612481803,171.77534729587492,5703,10904.2,153667415.79,20.0,1.2219860811935943,0.6025201298582197,0.0728159791639918,0.0,False,estatal,Avenida,FALTANTE,FALTANTE,No,FALTANTE,FALTANTE,Dos sentidos,MAÍZ GRANO,0,0,0,0,0,0,0,0,0,0,0,0,0,0,1.0986122886681098,0.0,2.1972245773362196,2.5649493574615367,9.152923101106232,2.8903717578961645,9.90628363983813,4.597068568699997,10.888987132572593,5.1519921800803425,8.648922962094131,9.296995018678462,9.239704980606087,18.850301193777646,0.0,MAÍZ GRANO
S1035,-97.84743,18.476023,5503.0,8.613048677059759,21,PUE|Cuapiaxtla - Acatlán de Osorio,117_29,False,2.0,0,80,8.0,4,8298.0,10,0.3731019522776572,18726.0,0.7222044216597244,8.199323247982038,84,0.6644708045172021,751.4765554416288,12,4027.5,233932568.51,17.0,1.8786570856900244,0.3893234016139044,0.2600869025450031,0.0,False,estatal,Carretera,Con pavimento,Asfalto,No,Estatal,Pue.,Dos sentidos,MAÍZ GRANO,0,0,0,0,0,0,0,0,0,0,0,0,0,0,1.0986122886681098,0.0,2.1972245773362196,1.6094379124341003,9.023890304598448,2.3978952727983707,9.837721611760509,4.601647903983535,10.729700392283613,6.6233698405783885,2.5649493574615367,8.30114937721725,8.2224193651507,19.270543467307434,0.0,MAÍZ GRANO
S1036,-98.032891,18.235964,3212.0,8.074649075066652,21,PUE|Cuapiaxtla - Acatlán de Osorio,116_27,False,2.0,0,70,8.0,43,24835.0,17,0.2212200523454801,36311.0,0.3860813527581174,8.966692572688439,173,0.5709605935061182,732.5874155942014,16,5600.65,56581627.57,9.0,0.6720576623760638,0.7218804960138556,0.043503879014043,0.0,False,estatal,Carretera,Con pavimento,Asfalto,No,Estatal,Pue.,Dos sentidos,MAÍZ GRANO,0,0,0,0,0,0,0,0,0,0,0,0,0,0,1.0986122886681098,0.0,2.1972245773362196,3.784189633918261,10.120049492484783,2.8903717578961645,10.499903544136302,4.604176206812404,11.039315340130381,6.597946766479689,2.833213344056216,8.630816476181701,8.630245052696718,17.851194906915858,0.0,MAÍZ GRANO
S1037,-98.451227,18.610449,4761.0,8.46821300919452,21,PUE|Izúcar de Matamoros - Tepexi de Rodríguez,114_29,False,2.0,0,70,8.0,109,55171.0,22,0.0245056279567163,83480.0,0.1937829420220412,8.968974512743632,192,0.3420594748497311,1145.3528283766907,8,13656.45,659772173.24,22.0,1.478414564491214,0.4496043993863705,0.6221931761182445,0.0,False,estatal,Carretera,Con pavimento,Asfalto,No,Estatal,Pue.,Dos sentidos,CAÑA DE AZÚCAR,0,0,0,0,0,0,0,0,0,0,0,0,0,0,1.0986122886681098,0.0,2.1972245773362196,4.700480365792417,10.91821085719541,3.1354942159291497,11.332374340036496,4.60445645972539,12.009893514539764,7.04434072805458,2.1972245773362196,9.522040439271043,9.480077390773086,20.30740514284732,0.0,CAÑA DE AZÚCAR
S1038,-98.072011,18.591487,606.0,6.406879986069314,21,PUE|Izúcar de Matamoros - Tepexi de Rodríguez,116_29,False,2.0,0,70,8.0,8,2180.0,8,1.0,6619.0,1.0,6.152361216154894,141,0.864523945267959,710.5317196532009,1182,4401.2,86038934.8,18.0,1.3802377113052386,0.5238344087976007,0.1497773334545124,0.0,False,estatal,Carretera,Con pavimento,Asfalto,No,Estatal,Pue.,Dos sentidos,MAÍZ GRANO,0,0,0,0,0,0,0,0,0,0,0,0,0,0,1.0986122886681098,0.0,2.1972245773362196,2.1972245773362196,7.687538766201629,2.1972245773362196,8.797850648931053,4.588052500625553,10.647731758224072,6.567419997918058,7.075808863978387,8.389859694948003,8.354368332773973,18.270310493621572,0.0,MAÍZ GRANO
S1039,-97.933833,18.637052,2026.0,7.613818684808629,21,PUE|Izúcar de Matamoros - Tepexi de Rodríguez,117_29,False,2.0,0,70,8.0,2,3079.0,10,1.0,14513.0,0.6070419623785571,8.013388800662847,140,0.7485561589518145,2074.2927202995174,745,4401.2,86038934.8,18.0,1.3802377113052386,0.5238344087976007,0.1497773334545124,0.0,False,estatal,Carretera,Con pavimento,Asfalto,No,Estatal,Pue.,Dos sentidos,MAÍZ GRANO,0,0,0,0,0,0,0,0,0,0,0,0,0,0,1.0986122886681098,0.0,2.1972245773362196,1.0986122886681098,8.03268487596762,2.3978952727983707,9.582868979838082,4.593910020119347,10.968301732454014,7.637857492739222,6.61472560020376,8.389859694948003,8.354368332773973,18.270310493621572,0.0,MAÍZ GRANO
S1040,-98.358407,19.212712,25932.0,10.163233006294886,21,PUE|Ramal a Aeropuerto Hnos. Serdán,115_32,False,2.0,0,70,9.0,9,28686.0,16,0.1302726068465453,148582.0,0.1022802223687929,9.563511462716717,300,0.0759894948560625,1326.2152137959831,79,6899.000000000001,186844460.71999997,31.0,1.7631147411767525,0.579214378895492,0.3403536744455718,0.0,False,estatal,Carretera,Con pavimento,Asfalto,No,Estatal,Pue.,Dos sentidos,MAÍZ GRANO,0,0,0,0,0,0,0,0,0,0,0,0,0,0,1.0986122886681098,0.0,2.302585092994046,2.302585092994046,10.26419933745711,2.833213344056216,11.908899003644777,4.609115893013324,13.57603943435006,7.190838201887677,4.382026634673881,8.83927669058535,8.82754143436693,19.0457870732103,0.0,MAÍZ GRANO
S1041,-98.373852,19.139905,13709.0,9.5258078304359,21,PUE|Ramal a Aeropuerto Hnos. Serdán,115_31,False,2.0,0,70,9.0,19,74183.0,36,0.1022336653950366,203596.0,0.1560836165739995,9.525341569731728,332,0.0730967884363599,387.8846936758896,17,1938.6,36431425.73,20.0,0.8581927709087721,0.828948725884659,0.1095636025998142,0.0,False,estatal,Carretera,Con pavimento,Asfalto,No,Estatal,Pue.,Dos sentidos,MAÍZ GRANO,0,0,0,0,0,0,0,0,0,0,0,0,0,0,1.0986122886681098,0.0,2.302585092994046,2.995732273553991,11.214303772480061,3.6109179126442243,12.22389782877588,4.606346440667136,13.72668699450162,5.963282882392528,2.8903717578961645,7.570237045231197,7.555852790988358,17.4109423318193,0.0,MAÍZ GRANO
S1042,-98.022965,19.803449,3058.0,8.025516386489008,21,PUE|Ramal a Tetela de Ocampo,116_34,False,2.0,0,70,8.0,6,33727.0,21,0.2252497998636107,50896.0,0.4866001257466205,8.478705546813533,263,0.5055805701441265,288.9524875291702,759,22144.91,339777709.31,20.0,1.4022307646388346,0.5052330309764185,0.0420502950790949,0.0,False,estatal,Carretera,Con pavimento,Asfalto,No,Estatal,Pue.,Dos sentidos,MAÍZ GRANO,0,0,0,0,0,0,0,0,0,0,0,0,0,0,1.0986122886681098,0.0,2.1972245773362196,1.9459101490553132,10.426083631901035,3.091042453358316,10.83755926170537,4.602420871021547,11.859871233599103,5.669717073451609,6.633318433280377,10.005408108310483,9.997333479026432,19.64380216855262,0.0,MAÍZ GRANO
S1043,-97.8191,19.822074,4342.0,8.376090350438238,21,PUE|Ramal a Tetela de Ocampo,117_35,False,2.0,0,70,8.0,8,15686.0,23,0.6422287390029325,27995.0,0.7995356313627433,7.66544200178731,260,0.6318874736360156,416.8766666826977,1387,4151.900000000001,165519005.01,17.0,1.2237500290925456,0.7302126737156481,0.1596955610684264,0.0,False,estatal,Carretera,Con pavimento,Asfalto,No,Estatal,Pue.,Dos sentidos,MAÍZ GRANO,0,0,0,0,0,0,0,0,0,0,0,0,0,0,1.0986122886681098,0.0,2.1972245773362196,2.1972245773362196,9.66058762285624,3.1780538303479458,10.23981692180943,4.592787113880657,11.7998472484756,6.035186333204215,7.23561914106675,8.331562164361799,8.319753935890283,18.924596586127368,0.0,MAÍZ GRANO
S1044,-97.964674,20.233931,2845.0,7.953318346560431,21,PUE|Ramal a Zihuateutla,116_36,False,2.0,0,60,7.0,6,76292.0,46,0.2121454411996015,114070.0,0.3931445603576751,8.327606818859781,408,0.4780480733387638,371.2487646462088,3,54.35,532716.9,2.0,0.2899500494383101,0.9153633854645814,0.0,0.0,False,estatal,Carretera,Con pavimento,Asfalto,No,Estatal,Pue.,Dos sentidos,MAÍZ GRANO,0,0,0,0,0,0,0,0,0,0,0,0,0,0,1.0986122886681098,0.0,2.0794415416798357,1.9459101490553132,11.242336469944625,3.8501476017100584,11.644576340530374,4.605619051098215,12.576687476202592,5.919562352945338,1.3862943611198906,4.013676659154646,4.013676659154646,13.185747294743395,0.0,MAÍZ GRANO
S1045,-97.152538,18.259933,2907.0,7.9748769005588755,21,PUE|Ramal a Zoquitlán,120_28,False,2.0,0,60,6.0,30,11838.0,28,0.0577800304105423,18954.0,0.411522633744856,8.222701058201059,182,0.3163952315262822,239.93389143901385,43,5250.4,131180394.7,12.0,1.361890471033246,0.438061861953375,0.4062547615419777,0.0,False,estatal,Carretera,Con pavimento,Asfalto,No,Federal,Fed.,Dos sentidos,MAÍZ GRANO,0,0,0,0,0,0,0,0,0,0,0,0,0,0,1.0986122886681098,0.0,1.9459101490553132,3.4339872044851463,9.379154445411636,3.367295829986474,9.849823027950436,4.603314103821544,11.8893598980198,5.48452258647927,3.784189633918261,8.5662499867031,8.564916119625247,18.69208400029124,0.0,MAÍZ GRANO
S1046,-97.823423,18.408399,1830.0,7.512071245835466,21,PUE|San Juan Ixcaquixtla - Pino Suárez,117_28,False,2.0,0,60,8.0,4,2541.0,5,1.0,12595.0,0.5869789599047242,8.613417520451117,66,0.8384371700105596,560.5909065747696,11,3577.12,73425035.08999999,14.0,1.609137310220859,0.3684528335644317,0.1487565415753455,0.0,False,estatal,Carretera,Con pavimento,Asfalto,No,Estatal,Pue.,Dos sentidos,FRIJOL,0,0,0,0,0,0,0,0,0,0,0,0,0,0,1.0986122886681098,0.0,2.1972245773362196,1.6094379124341003,7.8407064517494,1.791759469228055,9.441134582220915,4.599923952547774,10.379690675149634,6.330773660584017,2.4849066497880004,8.182592801795815,8.064045105981016,18.1117755265708,0.0,OTROS
S1047,-97.751728,18.405125,1410.0,7.251344983372214,21,PUE|San Juan Ixcaquixtla - Pino Suárez,117_28,False,2.0,0,60,8.0,1,1107.0,4,1.0,5261.0,1.0,7.471572243346008,76,0.8057940715299037,1102.9626013507873,54,3256.8,30385041.43,11.0,1.1974281226994428,0.5609801031687546,0.0576639646278555,0.0,False,estatal,Carretera,Con pavimento,Asfalto,No,Estatal,Pue.,Dos sentidos,MAÍZ GRANO,0,0,0,0,0,0,0,0,0,0,0,0,0,0,1.0986122886681098,0.0,2.1972245773362196,0.6931471805599453,7.010311867307229,1.6094379124341003,8.568266461600238,4.600343742611162,10.195671974185327,7.006661350675195,4.007333185232471,8.088807399923505,7.921825865773665,17.22946101996332,0.0,MAÍZ GRANO
S1048,-97.535003,18.484595,1129.0,7.029087564149662,21,PUE|San Juan Ixcaquixtla - Pino Suárez,118_29,False,2.0,0,80,8.0,1,9817.0,12,0.0399307324029744,31535.0,0.1664816870144284,7.821914764951145,188,0.0636077265671763,1216.96478199146,6238,6205.0,325009303.97,23.0,1.441099369745087,0.6204673650282031,0.6273972602739726,0.0,False,estatal,Carretera,Con pavimento,Asfalto,No,Estatal,Pue.,Dos sentidos,MAÍZ GRANO,0,0,0,0,0,0,0,0,0,0,0,0,0,0,1.0986122886681098,0.0,2.1972245773362196,0.6931471805599453,9.191972714617998,2.5649493574615367,10.358885029392502,4.59108818240446,12.884808986944503,7.104936533230673,8.738575192110787,8.733271845008325,8.732627099660395,19.599364370561084,0.0,MAÍZ GRANO
S1049,-97.504026,18.511616,5073.0,8.53168763756669,21,PUE|San Juan Ixcaquixtla - Pino Suárez,118_29,False,2.0,0,60,8.0,4,26428.0,25,0.1334191009535341,57847.0,0.1841409234705343,7.755062032159688,184,0.0613734054353854,453.7486439688644,9,6205.0,325009303.97,23.0,1.441099369745087,0.6204673650282031,0.6273972602739726,0.0,False,estatal,Carretera,Con pavimento,Asfalto,No,Estatal,Pue.,Dos sentidos,MAÍZ GRANO,0,0,0,0,0,0,0,0,0,0,0,0,0,0,1.0986122886681098,0.0,2.1972245773362196,1.6094379124341003,10.182217171089883,3.258096538021482,10.965574159854787,4.586796377585957,12.908855751087302,6.119744835467154,2.302585092994046,8.733271845008325,8.732627099660395,19.599364370561084,0.0,MAÍZ GRANO
S1050,-97.713532,18.8959025,19853.0,9.896110408197078,21,PUE|Tecamachalco - Cañada Morelos,118_30,False,2.0,0,80,6.0,27,53235.0,21,0.1117310040386963,145908.0,0.1400882748033007,7.838059098960551,421,0.1779408280555033,434.34681414407834,45,13009.89,639338627.6700001,36.0,1.897230005533404,0.4804037543745566,0.7114310728222913,0.0,False,estatal,Carretera,Con pavimento,Asfalto,No,Estatal,Pue.,Un sentido,MAÍZ GRANO,0,0,0,0,0,0,0,0,0,0,0,0,0,0,1.0986122886681098,0.0,1.9459101490553132,3.332204510175204,10.882490138206446,3.091042453358316,11.89073841869473,4.603541955619548,12.92249191802347,6.076142987329113,3.828641396489095,9.473541978082986,9.472657712265828,20.27594480729649,0.0,MAÍZ GRANO
S1051,-97.671855,18.90461,10924.0,9.298717482593595,21,PUE|Tecamachalco - Cañada Morelos,118_30,False,2.0,0,50,6.0,4,30163.0,26,0.20286443656135,132408.0,0.1311703220349223,7.685906983778878,393,0.1784332017831353,641.2016926330766,4148,8832.749999999998,501767780.2199999,33.0,2.492994779549932,0.3407772211372449,0.5834592850471259,0.0,False,estatal,Avenida,FALTANTE,FALTANTE,No,FALTANTE,FALTANTE,Dos sentidos,MAÍZ GRANO,0,0,0,0,0,0,0,0,0,0,0,0,0,0,1.0986122886681098,0.0,1.9459101490553132,1.6094379124341003,10.314404439322537,3.295836866004329,11.793650896005609,4.603919481876507,12.814935636034209,6.4649024173309755,8.330622620332868,9.086334892005064,9.08406828103325,20.033647983418376,0.0,MAÍZ GRANO
S1052,-97.510872,18.80538,3214.0,8.075271546297458,21,PUE|Tecamachalco - Cañada Morelos,118_30,False,2.0,0,60,6.0,6,10822.0,20,0.0983182406209573,33793.0,0.1969342763294173,7.021395707340211,225,0.3470095173679888,428.8088337723531,33,19288.4,546123438.28,36.0,1.794368889298625,0.5723647373550942,0.3518073038717571,0.0,False,estatal,Carretera,Con pavimento,Asfalto,No,Estatal,Pue.,Dos sentidos,MAÍZ GRANO,0,0,0,0,0,0,0,0,0,0,0,0,0,0,1.0986122886681098,0.0,1.9459101490553132,1.9459101490553132,9.289428778295147,3.044522437723423,10.428038550920595,4.597096120474586,12.017288249508471,6.063340537213466,3.5263605246161616,9.867311001216962,9.866973971791104,20.11835558742451,0.0,MAÍZ GRANO
S1053,-97.423234,18.742722,3253.0,8.087332926473351,21,PUE|Tecamachalco - Cañada Morelos,119_30,False,2.0,0,60,6.0,9,13557.0,14,0.3656413660839419,23509.0,0.6341826534518695,6.772776099076477,156,0.3532684283727399,644.008312126607,4213,7115.0,264284242.72,8.0,0.3133778000977613,0.9363316936050596,0.0220660576247364,0.0,False,estatal,Carretera,Con pavimento,Asfalto,No,Estatal,Pue.,Dos sentidos,MAÍZ GRANO,0,0,0,0,0,0,0,0,0,0,0,0,0,0,1.0986122886681098,0.0,1.9459101490553132,2.302585092994046,9.51473205799091,2.70805020110221,10.065181141534115,4.603591037042843,11.460673816771486,6.469263203730731,8.346167594364134,8.870101048785726,8.869679374733515,19.392535762663147,0.0,MAÍZ GRANO
S1054,-97.679212,18.929627,9296.5,9.137393264220115,21,PUE|Tecamachalco - Quecholac,118_31,False,2.0,1,60,6.0,18,21702.0,35,0.232651368537462,165833.0,0.0990333648911857,7.539758398985781,394,0.1780904930475388,395.9484380350354,1055,8832.749999999998,501767780.2199999,33.0,2.492994779549932,0.3407772211372449,0.5834592850471259,0.0,False,estatal,Carretera,Con pavimento,Asfalto,No,Estatal,Pue.,Dos sentidos,MAÍZ GRANO,0,0,0,0,0,0,0,0,0,0,0,0,0,0,1.0986122886681098,0.6931471805599453,1.9459101490553132,2.9444389791664403,9.985205778820985,3.58351893845611,12.018742567005097,4.604360552701139,12.806808440718504,5.983806393247233,6.962243464266207,9.086334892005064,9.08406828103325,20.033647983418376,0.0,MAÍZ GRANO
S1055,-97.961855,19.955279,8985.0,9.10331179921766,21,PUE|Zacatlán - Zapotitlán,116_35,False,2.0,0,50,7.0,238,57541.0,19,0.1650649102379173,76921.0,0.3754241364516842,9.205421299728195,279,0.567328148432323,1050.1417406795708,28,15123.28,273938138.03,29.0,1.6086610023800705,0.6002923968874477,0.024414677239329,0.0,False,estatal,Carretera,Con pavimento,Asfalto,No,Estatal,Pue.,Dos sentidos,MAÍZ GRANO,0,0,0,0,0,0,0,0,0,0,0,0,0,0,1.0986122886681098,0.0,2.0794415416798357,5.476463551931511,10.960270394930397,2.995732273553991,11.250547200404737,4.6067007330156855,12.209626323729472,6.957632224466548,3.367295829986474,9.624056678460184,9.584844428483883,19.428412868898967,0.0,MAÍZ GRANO
S1056,-98.278446,19.000389,25366.0,10.141164973627374,21,PUE-D|Puebla - Atlixco (Cuota),115_31,False,2.0,0,80,9.0,302,119641.0,16,0.0238714153174914,1935216.0,0.0134165901894155,11.364724236237391,398,0.0521357350097716,1474.5078275524054,71,1644.65,49572900.870000005,29.0,1.5960415393981076,0.6530264797981333,0.2480162952603897,0.0,True,estatal,Carretera,Con pavimento,Asfalto,Si,Estatal,Pue.,Un sentido,MAÍZ GRANO,0,0,0,0,0,0,0,0,0,0,0,0,0,0,1.0986122886681098,0.0,2.302585092994046,5.713732805509369,11.692259229421278,2.833213344056216,14.475730022861114,4.609910949559017,14.694093607476555,7.2967574993858015,4.276666119016055,7.40589072193161,7.4002234307118755,17.71895490913463,0.0,MAÍZ GRANO
S1057,-98.4045585,18.922777,22243.0,10.00978263135373,21,PUE-D|Puebla - Atlixco (Cuota),115_30,False,2.0,0,70,8.5,149,122775.0,67,0.173341478313989,158874.0,0.2666515603560054,9.189998614382706,345,0.1671995251137748,316.42791699936447,538,11997.6,1019689023.35,60.0,2.6046698546568603,0.3893278655731146,0.497291124891645,0.0,True,estatal,Carretera,Con pavimento,Asfalto,Si,Estatal,Pue.,Un sentido,MAÍZ GRANO,0,0,0,0,0,0,0,0,0,0,0,0,0,0,1.0986122886681098,0.0,2.2512917986064953,5.0106352940962555,11.71811683585493,4.219507705176107,11.975873008491755,4.607175279240134,13.26410423000962,5.760250759483969,6.289715570908998,9.392545255297385,9.381609407394762,20.742763539669582,0.0,MAÍZ GRANO
S1058,-98.269377,19.150578,13918.0,9.540938245404796,21,PUE-D|Puebla - Tlaxcala (Cuota),115_32,False,2.0,0,80,12.0,302,107089.0,30,0.0828002876112392,233616.0,0.0854950003424423,10.756037548434058,255,0.0271908366115216,651.0931338940267,1234,1207.65,31125997.130000003,22.0,1.3530030042355712,0.7245476752370307,0.221338964103838,0.0,True,estatal,Carretera,Con pavimento,Asfalto,Si,Federal,Fed.,Dos sentidos,MAÍZ GRANO,0,0,0,0,0,0,0,0,0,0,0,0,0,0,1.0986122886681098,0.0,2.5649493574615367,5.713732805509369,11.58142488139492,3.4339872044851463,12.361438301260915,4.609668261299221,14.653843207822193,6.480187395121253,7.118826249062078,7.09725931325211,7.0964316014141,17.2535539806687,0.0,MAÍZ GRANO
S1059,-98.264896,19.208961,12375.0,9.423433587436891,21,PUE-D|Puebla - Tlaxcala (Cuota),115_32,False,1.0,1,20,3.5,19,251.0,1,1.0,112393.0,0.0630555283692044,10.092143645327212,215,0.022532801408425,4936.11361110171,251,333.84999999999997,5882597.26,7.0,0.5664663820989528,0.8656582297438971,0.1258050022465179,0.0,True,estatal,Enlace,FALTANTE,FALTANTE,No,FALTANTE,FALTANTE,Un sentido,MAÍZ GRANO,0,0,0,0,0,0,0,0,0,0,0,0,0,0,0.6931471805599453,0.6931471805599453,1.5040773967762742,2.995732273553991,5.529429087511423,0.6931471805599453,11.629765834234005,4.608760568139834,14.649105967090259,8.504536150167818,5.529429087511423,5.813682670356059,5.80302430930585,15.587509103226553,0.0,MAÍZ GRANO
S1060,-98.249919,19.2785,12665.0,9.446597562435777,21,PUE-D|Puebla - Tlaxcala (Cuota),115_32,False,2.0,1,80,12.0,139,0.0,0,0.2294825956519952,0.0,0.2492112922594695,9.16571748878924,110,0.0797530958617744,12119.770668757015,251,333.84999999999997,5882597.26,7.0,0.5664663820989528,0.8656582297438971,0.1258050022465179,0.0,True,estatal,Carretera,Con pavimento,Asfalto,Si,Federal,Fed.,Dos sentidos,MAÍZ GRANO,0,1,1,1,1,0,0,0,0,0,0,0,0,0,1.0986122886681098,0.6931471805599453,2.5649493574615367,4.941642422609304,0.0,0.0,0.0,4.60540340767597,12.656533426234306,9.402675844132874,5.529429087511423,5.813682670356059,5.80302430930585,15.587509103226553,0.0,MAÍZ GRANO
S1061,-98.221139,18.247504,3356.0,8.118505067587098,21,PUE-MEX-093|Ramal a Tulcingo del Valle,115_28,False,2.0,0,80,8.0,3,2684.0,17,1.0,9601.0,1.0,7.167565108252276,164,0.4494797024943922,1023.2004946647728,40,1891.0,18566966.71,5.0,0.4644210015726202,0.8557641459545214,0.0142781597038603,0.0,False,estatal,Carretera,Con pavimento,Asfalto,No,Estatal,Pue.,Dos sentidos,MAÍZ GRANO,0,0,0,0,0,0,0,0,0,0,0,0,0,0,1.0986122886681098,0.0,2.1972245773362196,1.3862943611198906,7.895436006942965,2.8903717578961645,9.169726689090886,4.5908688544735,10.990263399428283,6.931667582005069,3.713572066704308,7.545389749611823,7.545125444073084,16.73689463028108,0.0,MAÍZ GRANO
S1062,-98.26942,18.190967,3294.0,8.099857910737585,21,PUE-MEX-093|Ramal a Tulcingo del Valle,115_27,False,2.0,0,80,8.0,1,3366.0,10,1.0,8077.0,1.0,7.170732376793512,142,0.7189485689458535,1061.023471529785,43,2106.35,14994613.26,3.0,0.1277247337498777,0.9747667766515536,0.0234291546988867,0.0,False,estatal,Carretera,Con pavimento,Asfalto,No,Estatal,Pue.,Dos sentidos,MAÍZ GRANO,0,0,0,0,0,0,0,0,0,0,0,0,0,0,1.0986122886681098,0.0,2.1972245773362196,0.6931471805599453,8.121777419161074,2.3978952727983707,8.996899596123358,4.590241157615584,10.51398655078612,6.967931302809807,3.784189633918261,7.65318651296577,7.653067873522762,16.523201645259505,0.0,MAÍZ GRANO
S1063,-98.316422,18.093423,3432.0,8.140898460607852,21,PUE-MEX-093|Ramal a Tulcingo del Valle,115_27,False,2.0,0,80,9.0,7,5361.0,20,0.3087110613691475,9466.0,0.6084935558842172,8.021631137978575,137,0.700052277130293,50.9728876095261,12,2216.0499999999997,19670760.79,4.0,0.1526580147747728,0.971774102569888,0.0285869001150696,0.0,False,estatal,Carretera,Con pavimento,Asfalto,No,Estatal,Pue.,Dos sentidos,MAÍZ GRANO,0,0,0,0,0,0,0,0,0,0,0,0,0,0,1.0986122886681098,0.0,2.302585092994046,2.0794415416798357,8.587092318795905,3.044522437723423,9.15556734612889,4.596718363486125,10.389610563661748,3.95072219048479,2.5649493574615367,7.7039327623615454,7.703842548328692,16.7946439181359,0.0,MAÍZ GRANO
S1064,-98.427976,18.041642,4039.0,8.303752415563412,21,PUE-MEX-093|Ramal a Tulcingo del Valle,115_27,False,2.0,0,90,9.0,0,6462.0,10,0.064066852367688,9069.0,0.3331128018524644,6.854049861495843,90,0.5386836905304757,1018.9309577438328,3,1639.7,12521022.089999998,4.0,0.1135619391111653,0.980514728303958,0.0181130694639263,0.0,False,estatal,Carretera,Con pavimento,Asfalto,No,Federal,Fed.,Dos sentidos,MAÍZ GRANO,0,0,0,0,0,0,0,0,0,0,0,0,0,0,1.0986122886681098,0.0,2.302585092994046,0.0,8.773848885262895,2.3978952727983707,9.112727543109182,4.596451387756762,10.401106348814837,6.927490215500909,1.3862943611198906,7.402878259020837,7.402756352401156,16.342919636751294,0.0,MAÍZ GRANO
S1065,-97.370656,18.457432,11173.0,9.321255432547336,21,PUE-MEX-135|Tehuacán - Huitzo,119_29,False,4.0,0,50,14.0,217,297557.0,16,0.0031825835050091,326068.0,0.0464719015665444,9.43142692810297,203,0.0867626662315411,424.9980692026082,29,9923.5,312101018.58,22.0,1.588092283857028,0.4493374313498262,0.683680153171764,0.0,False,estatal,Prolongación,FALTANTE,FALTANTE,No,FALTANTE,FALTANTE,Dos sentidos,MAÍZ GRANO,0,0,0,0,0,0,0,0,0,0,0,0,0,0,1.6094379124341003,0.0,2.70805020110221,5.384495062789089,12.603364442949177,2.833213344056216,12.694864294394497,4.6070776558556075,13.102733975103833,6.054434813870856,3.4011973816621555,9.202761726452632,9.197407096564284,19.558837474073222,0.0,MAÍZ GRANO
S1066,-97.330419,18.407071,8466.0,9.04381342108087,21,PUE-MEX-135|Tehuacán - Huitzo,119_28,False,2.0,0,80,6.0,12,13762.0,19,0.5664874291527394,384475.0,0.046804083490474,9.147317195616491,177,0.0888338464229864,453.06791255362026,975,9923.5,312101018.58,22.0,1.588092283857028,0.4493374313498262,0.683680153171764,0.0,False,estatal,Carretera,Con pavimento,Asfalto,No,Estatal,Pue.,Dos sentidos,MAÍZ GRANO,0,0,0,0,0,0,0,0,0,0,0,0,0,0,1.0986122886681098,0.0,1.9459101490553132,2.5649493574615367,9.529739110979532,2.995732273553991,12.859636647254089,4.608665851945071,13.057782188689842,6.118246773976821,6.883462586413092,9.202761726452632,9.197407096564284,19.558837474073222,0.0,MAÍZ GRANO
S1067,-97.226146,18.321346,7492.0,8.921591063563978,21,PUE-MEX-135|Tehuacán - Huitzo,120_28,False,2.0,0,80,6.0,2,18479.0,11,0.030358785648574,90381.0,0.0712207211692723,7.309752416595616,175,0.2985325181344582,91.3793377141311,11,2499.32,81776245.07,12.0,0.6112264356922534,0.8838404045900484,0.9964990477409854,0.0,False,estatal,Carretera,Con pavimento,Asfalto,No,Estatal,Pue.,Dos sentidos,ELOTE,0,0,0,0,0,0,0,0,0,0,0,0,0,0,1.0986122886681098,0.0,1.9459101490553132,1.0986122886681098,9.824444345195674,2.4849066497880004,11.411800411509988,4.605299997176199,11.991851669386374,4.525903335829013,2.4849066497880004,7.824174002664991,7.82297343585332,18.219497369059237,0.0,OTROS
S1068,-97.073664,18.118774,2757.0,7.921898411023797,21,PUE-MEX-135|Tehuacán - Huitzo,120_27,False,2.0,0,100,8.0,50,0.0,0,0.2294825956519952,2287.0,1.0,8.523235679930037,60,0.6989771490750816,5795.274455223088,2045,5250.4,131180394.7,12.0,1.361890471033246,0.438061861953375,0.4062547615419777,0.0,False,estatal,Carretera,Con pavimento,Asfalto,No,Federal,Fed.,Dos sentidos,MAÍZ GRANO,0,1,0,0,0,0,0,0,0,0,0,0,0,0,1.0986122886681098,0.0,2.1972245773362196,3.9318256327243257,0.0,0.0,7.7354333524996886,4.600525268701498,10.04220547184795,8.66497065484244,7.6236419465115715,8.5662499867031,8.564916119625247,18.69208400029124,0.0,MAÍZ GRANO
S1069,-97.023853,17.9524985,1249.5,7.130498750275007,21,PUE-MEX-135|Tehuacán - Huitzo,121_26,False,2.0,0,100,8.0,2,0.0,0,0.2294825956519952,0.0,0.2492112922594695,9.16571748878924,0,0.217280653216424,24757.158842080684,2045,5250.4,131180394.7,12.0,1.361890471033246,0.438061861953375,0.4062547615419777,0.0,False,estatal,Carretera,Con pavimento,Asfalto,No,Federal,Fed.,Dos sentidos,MAÍZ GRANO,0,1,1,1,1,1,0,0,0,0,0,0,0,0,1.0986122886681098,0.0,2.1972245773362196,1.0986122886681098,0.0,0.0,0.0,4.60540340767597,0.0,10.11691036385923,7.6236419465115715,8.5662499867031,8.564916119625247,18.69208400029124,0.0,MAÍZ GRANO
S1070,-96.959977,17.79393,1552.0,7.347299700743164,21,PUE-MEX-135|Tehuacán - Huitzo,121_26,False,2.0,0,100,8.0,4,0.0,0,0.2294825956519952,0.0,0.2492112922594695,9.16571748878924,0,0.217280653216424,43471.32490343533,142,5250.4,131180394.7,12.0,1.361890471033246,0.438061861953375,0.4062547615419777,0.0,False,estatal,Carretera,Con pavimento,Asfalto,No,Federal,Fed.,Dos sentidos,MAÍZ GRANO,0,1,1,1,1,1,0,0,0,0,0,0,0,0,1.0986122886681098,0.0,2.1972245773362196,1.6094379124341003,0.0,0.0,0.0,4.60540340767597,0.0,10.679879805493448,4.962844630259907,8.5662499867031,8.564916119625247,18.69208400029124,0.0,MAÍZ GRANO
S1071,-96.933158,17.505594,718.0,6.576469569048224,21,PUE-MEX-135|Tehuacán - Huitzo,121_24,False,2.0,0,100,8.0,10,0.0,0,0.2294825956519952,0.0,0.2492112922594695,9.16571748878924,0,0.217280653216424,74940.22754363752,2045,5250.4,131180394.7,12.0,1.361890471033246,0.438061861953375,0.4062547615419777,0.0,False,estatal,Carretera,Con pavimento,Asfalto,No,Federal,Fed.,Dos sentidos,MAÍZ GRANO,0,1,1,1,1,1,0,0,0,0,0,0,0,0,1.0986122886681098,0.0,2.1972245773362196,2.3978952727983707,0.0,0.0,0.0,4.60540340767597,0.0,11.224459452566304,7.6236419465115715,8.5662499867031,8.564916119625247,18.69208400029124,0.0,MAÍZ GRANO
S1072,-96.903729,17.287659,10595.0,9.2681374707024,21,PUE-MEX-135|Tehuacán - Huitzo,121_23,False,2.0,0,40,8.0,15,0.0,0,0.2294825956519952,0.0,0.2492112922594695,9.16571748878924,0,0.217280653216424,99151.19556451698,2045,5250.4,131180394.7,12.0,1.361890471033246,0.438061861953375,0.4062547615419777,0.0,False,estatal,Avenida,FALTANTE,FALTANTE,No,FALTANTE,FALTANTE,Dos sentidos,MAÍZ GRANO,0,1,1,1,1,1,0,0,0,0,0,0,0,0,1.0986122886681098,0.0,2.1972245773362196,2.772588722239781,0.0,0.0,0.0,4.60540340767597,0.0,11.504411277570819,7.6236419465115715,8.5662499867031,8.564916119625247,18.69208400029124,0.0,MAÍZ GRANO
S1073,-98.156663,19.607087,5750.0,8.656955133791396,21,PUE-TLAX-HGO-D|Tlaxco - Tejocotal (Cuota),116_34,False,2.0,0,80,8.0,20,0.0,0,0.2294825956519952,0.0,0.2492112922594695,9.16571748878924,62,1.0,10319.09069846317,317,22144.91,339777709.31,20.0,1.4022307646388346,0.5052330309764185,0.0420502950790949,0.0,True,estatal,Carretera,Con pavimento,Asfalto,Si,Estatal,Tlax.,Dos sentidos,MAÍZ GRANO,0,1,1,1,1,0,0,0,0,0,0,0,0,0,1.0986122886681098,0.0,2.1972245773362196,3.044522437723423,0.0,0.0,0.0,4.60540340767597,9.676273226851437,9.241847827607707,5.762051382780177,10.005408108310483,9.997333479026432,19.64380216855262,0.0,MAÍZ GRANO
S1074,-98.061055,19.870773,3948.0,8.280964400553373,21,PUE-TLAX-HGO-D|Tlaxco - Tejocotal (Cuota),116_35,False,2.0,0,80,8.0,5,25785.0,25,0.1117316269148729,46248.0,0.4350025947067981,8.502324402763639,254,0.4820173410028076,1752.526674925544,117,22144.91,339777709.31,20.0,1.4022307646388346,0.5052330309764185,0.0420502950790949,0.0,True,estatal,Carretera,Con pavimento,Asfalto,Si,Estatal,Pue.,Dos sentidos,MAÍZ GRANO,0,0,0,0,0,0,0,0,0,0,0,0,0,0,1.0986122886681098,0.0,2.1972245773362196,1.791759469228055,10.157586987970783,3.258096538021482,10.741795121085199,4.602077912922733,11.941520990467247,7.469384281854342,4.770684624465665,10.005408108310483,9.997333479026432,19.64380216855262,0.0,MAÍZ GRANO
